pl_id,sha1_git,sample_path,qualified_swhid,bare_swhid,rev_swhid,ori_swhid,cnt_known,rev_known,ori_known,all_known,checked_at
pl/plpgsql,b9668f1083290e2af716061aca470fcc93e3d310,samples/pl/plpgsql/b9668f1083290e2af716061aca470fcc93e3d310/metadata.json,swh:1:cnt:b9668f1083290e2af716061aca470fcc93e3d310;origin=https://github.com/PNNL-Comp-Mass-Spec/DBSchema_PgSQL_DMS;anchor=swh:1:rev:ba3195740b6407e08d3a6c8dfe0e2d7454c740c5;path=/dms/get_stat_activity.sql,swh:1:cnt:b9668f1083290e2af716061aca470fcc93e3d310,swh:1:rev:ba3195740b6407e08d3a6c8dfe0e2d7454c740c5,swh:1:ori:d2c958169fd467228f2ce6bad7c247d4d87906e3,yes,yes,skipped,yes,2026-05-15T17:24:06+00:00
pl/ocaml,57a5de4f61ddd67d42223b478a56df3f52460edb,samples/pl/ocaml/57a5de4f61ddd67d42223b478a56df3f52460edb/metadata.json,swh:1:cnt:57a5de4f61ddd67d42223b478a56df3f52460edb;origin=https://github.com/Nitrokey/nethsm;anchor=swh:1:rev:0730aa85338b227a8be5f9a42b8477948041fc26;path=/src/keyfender/logs_sequence_number.mli,swh:1:cnt:57a5de4f61ddd67d42223b478a56df3f52460edb,swh:1:rev:0730aa85338b227a8be5f9a42b8477948041fc26,swh:1:ori:21c7ae55f2f34a1627dad3bba32d0aa2f5911354,yes,yes,skipped,yes,2026-05-15T17:24:06+00:00
pl/ocaml,e2668403fdb66bf914dec4e058d889bd1a36a87f,samples/pl/ocaml/e2668403fdb66bf914dec4e058d889bd1a36a87f/metadata.json,swh:1:cnt:e2668403fdb66bf914dec4e058d889bd1a36a87f;origin=https://github.com/xvw/hhd-ghost;anchor=swh:1:rev:d4d3b430ddbe37ea6027a7463cf638b7b42bf026;path=/app/boa_skeleton.eliom,swh:1:cnt:e2668403fdb66bf914dec4e058d889bd1a36a87f,swh:1:rev:d4d3b430ddbe37ea6027a7463cf638b7b42bf026,swh:1:ori:1524e1bdf582e0ea2660dcb35d5486ed66ee6f87,yes,yes,skipped,yes,2026-05-15T17:24:06+00:00
pl/ocaml,fafc17d5429e60f2f6d7b11293daaaa202e714a9,samples/pl/ocaml/fafc17d5429e60f2f6d7b11293daaaa202e714a9/metadata.json,swh:1:cnt:fafc17d5429e60f2f6d7b11293daaaa202e714a9;origin=https://github.com/GillianPlatform/Gillian;anchor=swh:1:rev:9ca68ac1a24bf58fa501067419808a5531365b89;path=/wisl/lib/ParserAndCompiler/WLexer.mll,swh:1:cnt:fafc17d5429e60f2f6d7b11293daaaa202e714a9,swh:1:rev:9ca68ac1a24bf58fa501067419808a5531365b89,swh:1:ori:30cc01dfb6c4c9b35e18642e1f800e988def057a,yes,yes,skipped,yes,2026-05-15T17:24:06+00:00
pl/scheme,a384eed9729567aee7b66bdfff4986ee4975e474,samples/pl/scheme/a384eed9729567aee7b66bdfff4986ee4975e474/metadata.json,swh:1:cnt:a384eed9729567aee7b66bdfff4986ee4975e474;origin=https://github.com/DHSProgram/DHS-Indicators-SPSS;anchor=swh:1:rev:582c6106aa969544202b4d415f5bc7f6f0673d30;path=/Chap09_RH/RH_age_period_BR.sps,swh:1:cnt:a384eed9729567aee7b66bdfff4986ee4975e474,swh:1:rev:582c6106aa969544202b4d415f5bc7f6f0673d30,swh:1:ori:d066c21416d808bda6dcf6124679c5bbcf1f2717,yes,yes,skipped,yes,2026-05-15T17:24:06+00:00
pl/f-sharp,c88ae7180607d3650959a6cd946de3f27af7b250,samples/pl/f-sharp/c88ae7180607d3650959a6cd946de3f27af7b250/metadata.json,swh:1:cnt:c88ae7180607d3650959a6cd946de3f27af7b250;origin=https://github.com/septract/starling-tool;anchor=swh:1:rev:cfbaf8489ba4b0425e6ad47d552ae853c86cb9ff;path=/ExprEquiv.fs,swh:1:cnt:c88ae7180607d3650959a6cd946de3f27af7b250,swh:1:rev:cfbaf8489ba4b0425e6ad47d552ae853c86cb9ff,swh:1:ori:947cff6cd334c02e6010caa1e18e0a80e328afdc,yes,yes,skipped,yes,2026-05-15T17:24:06+00:00
pl/qmake,b94d1b2aedd336978f9bcd67a40ecb1400926aa7,samples/pl/qmake/b94d1b2aedd336978f9bcd67a40ecb1400926aa7/metadata.json,swh:1:cnt:b94d1b2aedd336978f9bcd67a40ecb1400926aa7;origin=https://github.com/wisindata/wisinoffice;anchor=swh:1:rev:7d787f8fa635648db00ff921110c38eceda87e47;path=/core/Common/3dParty/html/css/CssCalculator.pri,swh:1:cnt:b94d1b2aedd336978f9bcd67a40ecb1400926aa7,swh:1:rev:7d787f8fa635648db00ff921110c38eceda87e47,swh:1:ori:df5e5cf00a50b2884a6a8933f7e879f9a525170c,yes,yes,skipped,yes,2026-05-15T17:24:06+00:00
pl/mdx,01ba975db3813e496eab4e617edcb4261e6d6061,samples/pl/mdx/01ba975db3813e496eab4e617edcb4261e6d6061/metadata.json,swh:1:cnt:01ba975db3813e496eab4e617edcb4261e6d6061;origin=https://github.com/Walkover-Web-Solution/Giddh-Website;anchor=swh:1:rev:a04bea7d3140867db5ad37b1b36a6fb0a32a2e47;path=/_posts/blog/benefits-of-online-accounting-to-small-business.mdx,swh:1:cnt:01ba975db3813e496eab4e617edcb4261e6d6061,swh:1:rev:a04bea7d3140867db5ad37b1b36a6fb0a32a2e47,swh:1:ori:671ed7c5bac58ff853ebd69c8801395c2972a2d3,yes,yes,skipped,yes,2026-05-15T17:24:06+00:00
pl/ron,ec035c9af090bdb1a3a60231a1f025f0311d0e5a,samples/pl/ron/ec035c9af090bdb1a3a60231a1f025f0311d0e5a/metadata.json,swh:1:cnt:ec035c9af090bdb1a3a60231a1f025f0311d0e5a;origin=https://github.com/obi1kenobi/trustfall;anchor=swh:1:rev:9ed886d306c2549976365e6f6433a6772c35df5c;path=/trustfall_core/test_data/tests/frontend_errors/non_existent_bare_root.graphql-parsed.ron,swh:1:cnt:ec035c9af090bdb1a3a60231a1f025f0311d0e5a,swh:1:rev:9ed886d306c2549976365e6f6433a6772c35df5c,swh:1:ori:bb2361249e132613a34dcb9870cba15d06681627,yes,yes,skipped,yes,2026-05-15T17:24:06+00:00
pl/ron,63f1426a909c9a719d679553f39bc8687116621e,samples/pl/ron/63f1426a909c9a719d679553f39bc8687116621e/metadata.json,swh:1:cnt:63f1426a909c9a719d679553f39bc8687116621e;origin=https://github.com/obi1kenobi/trustfall;anchor=swh:1:rev:9ed886d306c2549976365e6f6433a6772c35df5c;path=/trustfall_core/test_data/tests/frontend_errors/filter_non_orderable_types.graphql.ron,swh:1:cnt:63f1426a909c9a719d679553f39bc8687116621e,swh:1:rev:9ed886d306c2549976365e6f6433a6772c35df5c,swh:1:ori:bb2361249e132613a34dcb9870cba15d06681627,yes,yes,skipped,yes,2026-05-15T17:24:06+00:00
pl/ada,4454a4a7ca8066601fbee27cd5c27bdb34d45d88,samples/pl/ada/4454a4a7ca8066601fbee27cd5c27bdb34d45d88/metadata.json,swh:1:cnt:4454a4a7ca8066601fbee27cd5c27bdb34d45d88;origin=https://github.com/OS2World/DEV-SAMPLES-Ada-PowerAdaSOM;anchor=swh:1:rev:f4bfd87cb82679644c713515a591e96de375c530;path=/bindings/somdcprx.ada,swh:1:cnt:4454a4a7ca8066601fbee27cd5c27bdb34d45d88,swh:1:rev:f4bfd87cb82679644c713515a591e96de375c530,swh:1:ori:febf0e41c13d8ca3991f5f0ef1c94a6fde1c7d40,yes,yes,skipped,yes,2026-05-15T17:24:06+00:00
pl/plantuml,cccd14a53dbd8800a234c79bf61251c5829d0d42,samples/pl/plantuml/cccd14a53dbd8800a234c79bf61251c5829d0d42/metadata.json,swh:1:cnt:cccd14a53dbd8800a234c79bf61251c5829d0d42;origin=https://github.com/928255095/MicroCommunity;anchor=swh:1:rev:074a0d6b7427960eba09b76c77d8df69ee5d4d2d;path=/OrderService/SpringApplicationStart.puml,swh:1:cnt:cccd14a53dbd8800a234c79bf61251c5829d0d42,swh:1:rev:074a0d6b7427960eba09b76c77d8df69ee5d4d2d,swh:1:ori:73aaeaae46c164af6e18c7cb8c5f6161dcf16286,yes,yes,skipped,yes,2026-05-15T17:24:06+00:00
pl/plantuml,737749393ad3a528721f4a44a2629427bf934629,samples/pl/plantuml/737749393ad3a528721f4a44a2629427bf934629/metadata.json,swh:1:cnt:737749393ad3a528721f4a44a2629427bf934629;origin=https://github.com/urban-tep/DDF-SDD;anchor=swh:1:rev:999686e18fdfc503df488e8623d9acc5988bd789;path=/source/classes/class_terradue_1_1_service_model_1_1_ogc_1_1_ows_model_1_1_ows_context.iuml,swh:1:cnt:737749393ad3a528721f4a44a2629427bf934629,swh:1:rev:999686e18fdfc503df488e8623d9acc5988bd789,swh:1:ori:a5730c426af907e2d6b348ff91ba21ef6bea3112,yes,yes,skipped,yes,2026-05-15T17:24:06+00:00
pl/plantuml,d36b623e27bfa820a2d638220edf35761c48dd25,samples/pl/plantuml/d36b623e27bfa820a2d638220edf35761c48dd25/metadata.json,swh:1:cnt:d36b623e27bfa820a2d638220edf35761c48dd25;origin=https://github.com/urban-tep/DDF-SDD;anchor=swh:1:rev:54f70a77af85d2cfe71289a3f277fb22b16df950;path=/source/namespaces/namespace_mono.iuml,swh:1:cnt:d36b623e27bfa820a2d638220edf35761c48dd25,swh:1:rev:54f70a77af85d2cfe71289a3f277fb22b16df950,swh:1:ori:a5730c426af907e2d6b348ff91ba21ef6bea3112,yes,yes,skipped,yes,2026-05-15T17:24:06+00:00
pl/move,b93ed93443069a4cbb03c61f875dc2762f390a5e,samples/pl/move/b93ed93443069a4cbb03c61f875dc2762f390a5e/metadata.json,swh:1:cnt:b93ed93443069a4cbb03c61f875dc2762f390a5e;origin=https://github.com/fuhongxuelook/starswap-core;anchor=swh:1:rev:145f9651f44929b5f57a6786502bf762cfc5cfd0;path=/tests/testsuite/test/token_swap_test.move,swh:1:cnt:b93ed93443069a4cbb03c61f875dc2762f390a5e,swh:1:rev:145f9651f44929b5f57a6786502bf762cfc5cfd0,swh:1:ori:09b4ad1864dd3be63cd91b2cf5c475780752dd91,yes,yes,skipped,yes,2026-05-15T17:24:06+00:00
pl/pascal,ef116707e31026d7f5c95a415b55a7cb1829cb67,samples/pl/pascal/ef116707e31026d7f5c95a415b55a7cb1829cb67/metadata.json,swh:1:cnt:ef116707e31026d7f5c95a415b55a7cb1829cb67;origin=https://github.com/stokito/jedicodeformat;anchor=swh:1:rev:9c1c3f6c705d89b57e6d9286eabbdca1c956a221;path=/CodeFormat/Jcf2/Ui/Settings/frReservedCapsSettings.dfm,swh:1:cnt:ef116707e31026d7f5c95a415b55a7cb1829cb67,swh:1:rev:9c1c3f6c705d89b57e6d9286eabbdca1c956a221,swh:1:ori:8960050031c313c538dc3873b713a330d3b2ae2d,yes,yes,skipped,yes,2026-05-15T17:24:06+00:00
pl/pascal,b7aab49602c29c3ff2e545d6073c6b6d1f8e5647,samples/pl/pascal/b7aab49602c29c3ff2e545d6073c6b6d1f8e5647/metadata.json,swh:1:cnt:b7aab49602c29c3ff2e545d6073c6b6d1f8e5647;origin=https://github.com/exilon/QuickLib;anchor=swh:1:rev:57b6ce5fec77a25bf54e231bb0bdb83f828bf43f;path=/samples/fpc/QuickAppService/ConsoleAndService/MyServiceConsole.lpr,swh:1:cnt:b7aab49602c29c3ff2e545d6073c6b6d1f8e5647,swh:1:rev:57b6ce5fec77a25bf54e231bb0bdb83f828bf43f,swh:1:ori:96c747515852c7bf1fa082370823a0c1a56806c8,yes,yes,skipped,yes,2026-05-15T17:24:06+00:00
pl/nsis,45a47699527d207feb84983557270f6aa45e42d5,samples/pl/nsis/45a47699527d207feb84983557270f6aa45e42d5/metadata.json,swh:1:cnt:45a47699527d207feb84983557270f6aa45e42d5;origin=https://github.com/ForNeVeR/pascalabcnet.cecil;anchor=swh:1:rev:e6e67c193c17759ee72a42dce8c2e98784b1ca3a;path=/ReleaseGenerators/sect_PascalABCParser.nsh,swh:1:cnt:45a47699527d207feb84983557270f6aa45e42d5,swh:1:rev:e6e67c193c17759ee72a42dce8c2e98784b1ca3a,swh:1:ori:f87bf85290681648a3732ddfd5f14fb21be3b964,yes,yes,skipped,yes,2026-05-15T17:24:06+00:00
pl/prolog,dab8d49d5bf24b75ad32d4bae2775d536300e3ad,samples/pl/prolog/dab8d49d5bf24b75ad32d4bae2775d536300e3ad/metadata.json,swh:1:cnt:dab8d49d5bf24b75ad32d4bae2775d536300e3ad;origin=https://github.com/exercism/prolog;anchor=swh:1:rev:931d44cad86edbb5f630c6a08df8f5fe79bec52e;path=/exercises/practice/leap/leap_tests.plt,swh:1:cnt:dab8d49d5bf24b75ad32d4bae2775d536300e3ad,swh:1:rev:931d44cad86edbb5f630c6a08df8f5fe79bec52e,swh:1:ori:fdb35dec0fb3fc12a49a4f0eaf37ad85bac8e7d0,yes,yes,skipped,yes,2026-05-15T17:24:06+00:00
pl/haml,b13d22832206a640c8c86405fccd77c96d930f45,samples/pl/haml/b13d22832206a640c8c86405fccd77c96d930f45/metadata.json,swh:1:cnt:b13d22832206a640c8c86405fccd77c96d930f45;origin=https://github.com/jbossorg/bootstrap-community;anchor=swh:1:rev:992f597ad8213af535eaf3601a94119c965d138c;path=/leftcol-jumbotron.html.haml,swh:1:cnt:b13d22832206a640c8c86405fccd77c96d930f45,swh:1:rev:992f597ad8213af535eaf3601a94119c965d138c,swh:1:ori:e4269d4f171b501bfa2f384506e31e53003ff1ba,yes,yes,skipped,yes,2026-05-15T17:24:06+00:00
pl/shaderlab,0e1d66248b50ecf9234f421147102e40487c394e,samples/pl/shaderlab/0e1d66248b50ecf9234f421147102e40487c394e/metadata.json,swh:1:cnt:0e1d66248b50ecf9234f421147102e40487c394e;origin=https://github.com/Superppig/Ghost-Doc;anchor=swh:1:rev:388457b96ab6a04246ce793e6a8ea11c83d8f3f4;path=/Assets/Shader/Scene_Blend.shader,swh:1:cnt:0e1d66248b50ecf9234f421147102e40487c394e,swh:1:rev:388457b96ab6a04246ce793e6a8ea11c83d8f3f4,swh:1:ori:77450e114cdc6b32e5d711b3aa3e1efa89b0aad0,yes,yes,skipped,yes,2026-05-15T17:24:06+00:00
pl/toml,f745dab0f4591f12da7797c5853acdb8a60cff71,samples/pl/toml/f745dab0f4591f12da7797c5853acdb8a60cff71/metadata.json,swh:1:cnt:f745dab0f4591f12da7797c5853acdb8a60cff71;origin=https://github.com/MuteTiefling/Enigmatica6Expert;anchor=swh:1:rev:440f1a8d69a2f8549bfd1689e11d0f39d6e5a2cf;path=/config/quantumstorage-client.toml,swh:1:cnt:f745dab0f4591f12da7797c5853acdb8a60cff71,swh:1:rev:440f1a8d69a2f8549bfd1689e11d0f39d6e5a2cf,swh:1:ori:03f4f576a9173dbe59432734aade5dc11cb9c142,yes,yes,skipped,yes,2026-05-15T17:24:06+00:00
pl/lean-4,4304f49277615a8e932ae620b36a6df9250111d6,samples/pl/lean-4/4304f49277615a8e932ae620b36a6df9250111d6/metadata.json,swh:1:cnt:4304f49277615a8e932ae620b36a6df9250111d6;origin=https://github.com/verified-optimization/CvxLean;anchor=swh:1:rev:4d8c9ab20d101f9b4e7fb1ca9eaa95080fbfd448;path=/CvxLeanTest.lean,swh:1:cnt:4304f49277615a8e932ae620b36a6df9250111d6,swh:1:rev:4d8c9ab20d101f9b4e7fb1ca9eaa95080fbfd448,swh:1:ori:eec02b1133d09701e8e4d751623e3030689a62d8,yes,yes,skipped,yes,2026-05-15T17:24:06+00:00
pl/hyphy,4c52f3dd2fee8c138f7d53443304442275e81d38,samples/pl/hyphy/4c52f3dd2fee8c138f7d53443304442275e81d38/metadata.json,swh:1:cnt:4c52f3dd2fee8c138f7d53443304442275e81d38;origin=https://github.com/gwct/hyphy-interface;anchor=swh:1:rev:05543a73e4efc58379887a15e64724e05580eba5;path=/hyphy-analyses/SimulateMG94/SimulateMG94.bf,swh:1:cnt:4c52f3dd2fee8c138f7d53443304442275e81d38,swh:1:rev:05543a73e4efc58379887a15e64724e05580eba5,swh:1:ori:c3917fdda837bff8a2f7568d4ae886ea2bb858ed,yes,yes,skipped,yes,2026-05-15T17:24:06+00:00
pl/zig,486e2f4040fae3a9e1318df1b247032357d864da,samples/pl/zig/486e2f4040fae3a9e1318df1b247032357d864da/metadata.json,swh:1:cnt:486e2f4040fae3a9e1318df1b247032357d864da;origin=https://github.com/roma-p/jeanpaul;anchor=swh:1:rev:01a4ca406f2a86b6c5c0531408e3e9d45c8e5191;path=/proto_2/src/controller_bvh.zig,swh:1:cnt:486e2f4040fae3a9e1318df1b247032357d864da,swh:1:rev:01a4ca406f2a86b6c5c0531408e3e9d45c8e5191,swh:1:ori:fa884a06f7cebe9730ba4a1369d4829157cb8235,yes,yes,skipped,yes,2026-05-15T17:24:06+00:00
pl/asymptote,6e9e5de8c6ca1b1b217b505f0b8023a523101f39,samples/pl/asymptote/6e9e5de8c6ca1b1b217b505f0b8023a523101f39/metadata.json,swh:1:cnt:6e9e5de8c6ca1b1b217b505f0b8023a523101f39;origin=https://github.com/APEXCalculus/APEXCalculus_Source;anchor=swh:1:rev:fddeb9898bd913cec139bb5bfb54b5ddc05ca901;path=/figures/figlinescalarfield4_3D.asy,swh:1:cnt:6e9e5de8c6ca1b1b217b505f0b8023a523101f39,swh:1:rev:fddeb9898bd913cec139bb5bfb54b5ddc05ca901,swh:1:ori:1b65bdfb7ecde1adb44995858e0c12b011a7e930,yes,yes,skipped,yes,2026-05-15T17:24:06+00:00
pl/brightscript,d10fd92c181274ff5dd48e1133924d54602c3e1b,samples/pl/brightscript/d10fd92c181274ff5dd48e1133924d54602c3e1b/metadata.json,swh:1:cnt:d10fd92c181274ff5dd48e1133924d54602c3e1b;origin=https://github.com/MediaBrowser/Emby.Roku;anchor=swh:1:rev:bef3b50a90044ce97231e6a995ea06ab493a4416;path=/source/HomeScreen.brs,swh:1:cnt:d10fd92c181274ff5dd48e1133924d54602c3e1b,swh:1:rev:bef3b50a90044ce97231e6a995ea06ab493a4416,swh:1:ori:580b2c41b9363077798f5657b6b5faeb67e1c5a8,yes,yes,skipped,yes,2026-05-15T17:24:06+00:00
pl/robotframework,bf4142a9a304911d6c8532775d4de40f26c83941,samples/pl/robotframework/bf4142a9a304911d6c8532775d4de40f26c83941/metadata.json,swh:1:cnt:bf4142a9a304911d6c8532775d4de40f26c83941;origin=https://github.com/iDLEWINK/Disciples-Christian-Church-Digital-Archives;anchor=swh:1:rev:d787ab7b96771c1b28a60732c447bbfa4f13a833;path=/__robot__/edit_prenuptial.robot,swh:1:cnt:bf4142a9a304911d6c8532775d4de40f26c83941,swh:1:rev:d787ab7b96771c1b28a60732c447bbfa4f13a833,swh:1:ori:0dca3b58339c6763ef1db613b8602deae9985dae,yes,yes,skipped,yes,2026-05-15T17:24:06+00:00
pl/unrealscript,3c64668946fd76068aa1015055feaa1f4635eea8,samples/pl/unrealscript/3c64668946fd76068aa1015055feaa1f4635eea8/metadata.json,swh:1:cnt:3c64668946fd76068aa1015055feaa1f4635eea8;origin=https://github.com/DCUT2004/DEKRPG;anchor=swh:1:rev:4dacb95706f964bc367cbdd79480976aaa17157b;path=/Classes/DEKPROJ_Sentinel_Laser.uc,swh:1:cnt:3c64668946fd76068aa1015055feaa1f4635eea8,swh:1:rev:4dacb95706f964bc367cbdd79480976aaa17157b,swh:1:ori:7c024e6d8015283488d3511d5820483a3d643d80,yes,yes,skipped,yes,2026-05-15T17:24:06+00:00
pl/unrealscript,58406181e8da7f8750e4c8c65dab2515ea138f1a,samples/pl/unrealscript/58406181e8da7f8750e4c8c65dab2515ea138f1a/metadata.json,swh:1:cnt:58406181e8da7f8750e4c8c65dab2515ea138f1a;origin=https://github.com/DCUT2004/DEKRPG;anchor=swh:1:rev:4dacb95706f964bc367cbdd79480976aaa17157b;path=/Classes/DruidLinkTurretSwivel.uc,swh:1:cnt:58406181e8da7f8750e4c8c65dab2515ea138f1a,swh:1:rev:4dacb95706f964bc367cbdd79480976aaa17157b,swh:1:ori:7c024e6d8015283488d3511d5820483a3d643d80,yes,yes,skipped,yes,2026-05-15T17:24:06+00:00
pl/go,aa559990f2685f2948216ba141a2068b0cdae9db,samples/pl/go/aa559990f2685f2948216ba141a2068b0cdae9db/metadata.json,swh:1:cnt:aa559990f2685f2948216ba141a2068b0cdae9db;origin=https://github.com/0chain/zs3server;anchor=swh:1:rev:069432566fcfac1f1053677cc925ddafd750730a;path=/cmd/tree-walk.go,swh:1:cnt:aa559990f2685f2948216ba141a2068b0cdae9db,swh:1:rev:069432566fcfac1f1053677cc925ddafd750730a,swh:1:ori:b6e59a36906cf31a1e7027fc85ba645370e1ac57,yes,yes,skipped,yes,2026-05-15T17:24:06+00:00
pl/racket,b580af0c2b0f0ffbfe703547e164f9fa1e79cf7c,samples/pl/racket/b580af0c2b0f0ffbfe703547e164f9fa1e79cf7c/metadata.json,swh:1:cnt:b580af0c2b0f0ffbfe703547e164f9fa1e79cf7c;origin=https://github.com/exercism/racket;anchor=swh:1:rev:79eff7192d08b58ba81f3e1ee1ddf628fb3ad06b;path=/exercises/practice/scrabble-score/scrabble-score-test.rkt,swh:1:cnt:b580af0c2b0f0ffbfe703547e164f9fa1e79cf7c,swh:1:rev:79eff7192d08b58ba81f3e1ee1ddf628fb3ad06b,swh:1:ori:572191b16c0d6c90571aecba6287c4b989fce05e,yes,yes,skipped,yes,2026-05-15T17:24:06+00:00
pl/racket,ae72bd2260068f100a04f3bf67208da1045e4745,samples/pl/racket/ae72bd2260068f100a04f3bf67208da1045e4745/metadata.json,swh:1:cnt:ae72bd2260068f100a04f3bf67208da1045e4745;origin=https://github.com/jeapostrophe/blog-source;anchor=swh:1:rev:c637f9fe7b27a2d91547a585d706fc1303349306;path=/posts/2013-10-29-tmadd.scrbl,swh:1:cnt:ae72bd2260068f100a04f3bf67208da1045e4745,swh:1:rev:c637f9fe7b27a2d91547a585d706fc1303349306,swh:1:ori:8eec093d74e8768b18f1112858f050506e46e2f5,yes,yes,skipped,yes,2026-05-15T17:24:06+00:00
pl/systemverilog,8ba97c2758e54c531c6ca43c6d31f3397756f11a,samples/pl/systemverilog/8ba97c2758e54c531c6ca43c6d31f3397756f11a/metadata.json,swh:1:cnt:8ba97c2758e54c531c6ca43c6d31f3397756f11a;origin=https://github.com/syntacore/scr1;anchor=swh:1:rev:a20ea056631306c2d24ff0f36961b36ffc799fc6;path=/src/includes/scr1_search_ms1.svh,swh:1:cnt:8ba97c2758e54c531c6ca43c6d31f3397756f11a,swh:1:rev:a20ea056631306c2d24ff0f36961b36ffc799fc6,swh:1:ori:6623d81cdc5ca829bf129a7485870b97afbe11ab,yes,yes,skipped,yes,2026-05-15T17:24:06+00:00
pl/systemverilog,c1bda654250570a30b897eb263aa0353093f4bfb,samples/pl/systemverilog/c1bda654250570a30b897eb263aa0353093f4bfb/metadata.json,swh:1:cnt:c1bda654250570a30b897eb263aa0353093f4bfb;origin=https://github.com/phucducnguyen/uvm-fft-ofdm;anchor=swh:1:rev:86775bdc37e79a41a640a7bc3a36005d8c8a916e;path=/fftw.sv,swh:1:cnt:c1bda654250570a30b897eb263aa0353093f4bfb,swh:1:rev:86775bdc37e79a41a640a7bc3a36005d8c8a916e,swh:1:ori:df6f57739a22ec4c6e1a0739592d297270c447e7,yes,yes,skipped,yes,2026-05-15T17:24:06+00:00
pl/gnuplot,c89a594696e4b9785153eee2995d10c98db28e47,samples/pl/gnuplot/c89a594696e4b9785153eee2995d10c98db28e47/metadata.json,swh:1:cnt:c89a594696e4b9785153eee2995d10c98db28e47;origin=https://github.com/orblancog/DAFNEmadx;anchor=swh:1:rev:2bdc61b320770bb44a69a5397c90c6bd8ff8c48b;path=/outputs/plotsurvey.gp,swh:1:cnt:c89a594696e4b9785153eee2995d10c98db28e47,swh:1:rev:2bdc61b320770bb44a69a5397c90c6bd8ff8c48b,swh:1:ori:80468337350b008db0d1fd6c6898691b8630c099,yes,yes,skipped,yes,2026-05-15T17:24:06+00:00
pl/gnuplot,d7c8413925ca7dd7503adb5ce8c15d23104ca3be,samples/pl/gnuplot/d7c8413925ca7dd7503adb5ce8c15d23104ca3be/metadata.json,swh:1:cnt:d7c8413925ca7dd7503adb5ce8c15d23104ca3be;origin=https://github.com/kenorb-contrib/BitTorrent;anchor=swh:1:rev:e4ee90ad20dc3770515071ac8dc0ffe3799098a6;path=/python_bt_codebase_library/BTL/tests/CMapTests/insert_time_vs_n.gnuplot,swh:1:cnt:d7c8413925ca7dd7503adb5ce8c15d23104ca3be,swh:1:rev:e4ee90ad20dc3770515071ac8dc0ffe3799098a6,swh:1:ori:82752209965cb60db5b3388be7d7f86b2e436759,yes,yes,skipped,yes,2026-05-15T17:24:06+00:00
pl/ncl,1798e231bb4c8594a892fd74f477c889519058b0,samples/pl/ncl/1798e231bb4c8594a892fd74f477c889519058b0/metadata.json,swh:1:cnt:1798e231bb4c8594a892fd74f477c889519058b0;origin=https://github.com/NCAR/DART;anchor=swh:1:rev:bc9f6b16a7dcac3aa852dfacc54bf69961e0c6a6;path=/models/wrf/shell_scripts_csh/mean_increment.ncl,swh:1:cnt:1798e231bb4c8594a892fd74f477c889519058b0,swh:1:rev:bc9f6b16a7dcac3aa852dfacc54bf69961e0c6a6,swh:1:ori:a0b85612567d4cc6a2cf1bd3dc832de72fbfa44d,yes,yes,skipped,yes,2026-05-15T17:24:06+00:00
pl/firrtl,611ef9260fcdd91631d3859f0df075640bf02fb6,samples/pl/firrtl/611ef9260fcdd91631d3859f0df075640bf02fb6/metadata.json,swh:1:cnt:611ef9260fcdd91631d3859f0df075640bf02fb6;origin=https://github.com/comparch-security/chipyard-random-llc;anchor=swh:1:rev:fa843cfd41a55be03fa721e2495542925e878b87;path=/tools/treadle/samples/ZeroWidthIOModule.fir,swh:1:cnt:611ef9260fcdd91631d3859f0df075640bf02fb6,swh:1:rev:fa843cfd41a55be03fa721e2495542925e878b87,swh:1:ori:0c2dbf2e0d1be512aa5cf3add5730dd987286ced,yes,no,skipped,no,2026-05-15T17:24:06+00:00
pl/firrtl,bd215be4eb34ddf0755025738283e228b174318e,samples/pl/firrtl/bd215be4eb34ddf0755025738283e228b174318e/metadata.json,swh:1:cnt:bd215be4eb34ddf0755025738283e228b174318e;origin=https://github.com/comparch-security/chipyard-random-llc;anchor=swh:1:rev:fa843cfd41a55be03fa721e2495542925e878b87;path=/tools/treadle/samples/FixedPointDivide.fir,swh:1:cnt:bd215be4eb34ddf0755025738283e228b174318e,swh:1:rev:fa843cfd41a55be03fa721e2495542925e878b87,swh:1:ori:0c2dbf2e0d1be512aa5cf3add5730dd987286ced,yes,no,skipped,no,2026-05-15T17:24:06+00:00
pl/yang,e0ac251e7a70bfbab4af14c8875d443cd71eda24,samples/pl/yang/e0ac251e7a70bfbab4af14c8875d443cd71eda24/metadata.json,swh:1:cnt:e0ac251e7a70bfbab4af14c8875d443cd71eda24;origin=https://github.com/sysrepo/sysrepo;anchor=swh:1:rev:d0615496441f18577c8fedcbebab381e26db0c75;path=/tests/files/sub-mod-types.yang,swh:1:cnt:e0ac251e7a70bfbab4af14c8875d443cd71eda24,swh:1:rev:d0615496441f18577c8fedcbebab381e26db0c75,swh:1:ori:90c9f582177ff083a3fa06b4a8a209612c183fad,yes,yes,skipped,yes,2026-05-15T17:24:06+00:00
pl/lex,eeb8535c186e82ef4c1bbd5148f84bfbd5a4cfac,samples/pl/lex/eeb8535c186e82ef4c1bbd5148f84bfbd5a4cfac/metadata.json,swh:1:cnt:eeb8535c186e82ef4c1bbd5148f84bfbd5a4cfac;origin=https://github.com/qingtianxt/IQAA-Maven;anchor=swh:1:rev:c1a8a6c072223d4e8f58c4a477f74c68e3696b29;path=/config.lexicon/lex-en.lex,swh:1:cnt:eeb8535c186e82ef4c1bbd5148f84bfbd5a4cfac,swh:1:rev:c1a8a6c072223d4e8f58c4a477f74c68e3696b29,swh:1:ori:76617fcab6fa0ae2e1c1341cb6904115ef501225,yes,yes,skipped,yes,2026-05-15T17:24:06+00:00
pl/gn,90d2300ca5bc37f40b84c76ede77bbe116c486cf,samples/pl/gn/90d2300ca5bc37f40b84c76ede77bbe116c486cf/metadata.json,swh:1:cnt:90d2300ca5bc37f40b84c76ede77bbe116c486cf;origin=https://github.com/openharmony-gitee-mirror/communication_dsoftbus;anchor=swh:1:rev:d61b1c106425f777ff5afc117cb2eeb7b658f46b;path=/dsoftbus.gni,swh:1:cnt:90d2300ca5bc37f40b84c76ede77bbe116c486cf,swh:1:rev:d61b1c106425f777ff5afc117cb2eeb7b658f46b,swh:1:ori:6321d5e9613c2cb6c04d5eae73727359fe5823d6,yes,yes,skipped,yes,2026-05-15T17:24:06+00:00
pl/cmake,1b30206c3e6736c1d9ccd9c6a72de788195a38b9,samples/pl/cmake/1b30206c3e6736c1d9ccd9c6a72de788195a38b9/metadata.json,swh:1:cnt:1b30206c3e6736c1d9ccd9c6a72de788195a38b9;origin=https://github.com/divyeshbalar/netopeer2;anchor=swh:1:rev:39d59fb7c4e109d9bb66217d994d971c1461415f;path=/CMakeModules/FindLibNETCONF2.cmake,swh:1:cnt:1b30206c3e6736c1d9ccd9c6a72de788195a38b9,swh:1:rev:39d59fb7c4e109d9bb66217d994d971c1461415f,swh:1:ori:3b107b70b5d2a05b30d2d5328648ac0c38abdea5,yes,yes,skipped,yes,2026-05-15T17:24:06+00:00
pl/al,ce7d627dc9913056219632a2adabc1f55650225d,samples/pl/al/ce7d627dc9913056219632a2adabc1f55650225d/metadata.json,swh:1:cnt:ce7d627dc9913056219632a2adabc1f55650225d;origin=https://github.com/jlord/git-it-electron;anchor=swh:1:rev:bde235f3467e3efda09c8ce3c693d6591153092a;path=/assets/PortableGit/usr/lib/perl5/vendor_perl/auto/Net/SSLeay/ssl_write_all.al,swh:1:cnt:ce7d627dc9913056219632a2adabc1f55650225d,swh:1:rev:bde235f3467e3efda09c8ce3c693d6591153092a,swh:1:ori:1317d163a2630121a52a74c94c49dc417c4fa79b,yes,yes,skipped,yes,2026-05-15T17:24:06+00:00
pl/go-template,90a7139a4437bd76afabbfb58d1d25c0d6211401,samples/pl/go-template/90a7139a4437bd76afabbfb58d1d25c0d6211401/metadata.json,swh:1:cnt:90a7139a4437bd76afabbfb58d1d25c0d6211401;origin=https://github.com/jupyter/nbgrader;anchor=swh:1:rev:69b9ae230996bd783dc955348611f4949a4cd93e;path=/nbgrader/server_extensions/formgrader/templates/manage_students_assignments.tpl,swh:1:cnt:90a7139a4437bd76afabbfb58d1d25c0d6211401,swh:1:rev:69b9ae230996bd783dc955348611f4949a4cd93e,swh:1:ori:3b99e4dbe9f3376f756469183c0fe8fac4473973,yes,yes,skipped,yes,2026-05-15T17:24:06+00:00
pl/jinja,6d6db626553381276941d398c98e2429c352842c,samples/pl/jinja/6d6db626553381276941d398c98e2429c352842c/metadata.json,swh:1:cnt:6d6db626553381276941d398c98e2429c352842c;origin=https://github.com/xdvsf/xrpl-dev-portal;anchor=swh:1:rev:d88b0420ca5efe5afcc56ff0510c9679d08b5aec;path=/template/macro-get_funnel.jinja,swh:1:cnt:6d6db626553381276941d398c98e2429c352842c,swh:1:rev:d88b0420ca5efe5afcc56ff0510c9679d08b5aec,swh:1:ori:86411dac0072098129840cbd455139f78069ddcd,yes,yes,skipped,yes,2026-05-15T17:24:06+00:00
pl/jinja,e92212e473ab6db805490228333e8018a01fed67,samples/pl/jinja/e92212e473ab6db805490228333e8018a01fed67/metadata.json,swh:1:cnt:e92212e473ab6db805490228333e8018a01fed67;origin=https://github.com/winada82/sing-box;anchor=swh:1:rev:d6d01684992043d8d129eb37c3a71c9d057d5f6e;path=/singbox/configs/02_dns.json.j2,swh:1:cnt:e92212e473ab6db805490228333e8018a01fed67,swh:1:rev:d6d01684992043d8d129eb37c3a71c9d057d5f6e,swh:1:ori:9073fbae058f588f26fe5fee332ce188fd513b08,yes,yes,skipped,yes,2026-05-15T17:24:06+00:00
pl/jinja,d213448489b446f0e04b18616ad1213b2d6888ca,samples/pl/jinja/d213448489b446f0e04b18616ad1213b2d6888ca/metadata.json,swh:1:cnt:d213448489b446f0e04b18616ad1213b2d6888ca;origin=https://github.com/Grokci/XRP_examples;anchor=swh:1:rev:3ec8718b46cc29eadef2c2732167ed4c29197111;path=/template/component-top-nav.html.jinja,swh:1:cnt:d213448489b446f0e04b18616ad1213b2d6888ca,swh:1:rev:3ec8718b46cc29eadef2c2732167ed4c29197111,swh:1:ori:45d3cf7d0a47864b7c7d587a91513dde9c70e67b,yes,yes,skipped,yes,2026-05-15T17:24:06+00:00
pl/gherkin,489a145d709f64fdb46b9490a92e354c3a45b3bc,samples/pl/gherkin/489a145d709f64fdb46b9490a92e354c3a45b3bc/metadata.json,swh:1:cnt:489a145d709f64fdb46b9490a92e354c3a45b3bc;origin=https://github.com/ducminh-phan/reformat-gherkin;anchor=swh:1:rev:342e4203b8682cf49a6b65d9e74464b73954c896;path=/tests/gherkin_test_data/escaped_pipes.feature,swh:1:cnt:489a145d709f64fdb46b9490a92e354c3a45b3bc,swh:1:rev:342e4203b8682cf49a6b65d9e74464b73954c896,swh:1:ori:81f6b9b1a206a3e0bc54d645b6b4defb9e8a5a51,yes,yes,skipped,yes,2026-05-15T17:24:06+00:00
pl/antlr,ff407232577a56eabdc19765891a0201b640ba12,samples/pl/antlr/ff407232577a56eabdc19765891a0201b640ba12/metadata.json,swh:1:cnt:ff407232577a56eabdc19765891a0201b640ba12;origin=https://github.com/HanzoDev1375/Ghostide;anchor=swh:1:rev:d17e8d7d703a0bb603464be365e4d690367ebdf3;path=/grammars-v4/css3Lexer.g4,swh:1:cnt:ff407232577a56eabdc19765891a0201b640ba12,swh:1:rev:d17e8d7d703a0bb603464be365e4d690367ebdf3,swh:1:ori:6a7ad5471c28d7d104678dc376267faf9b3c0883,yes,yes,skipped,yes,2026-05-15T17:24:06+00:00
pl/holyc,5367504757fe957802c21db1f2283e9881523234,samples/pl/holyc/5367504757fe957802c21db1f2283e9881523234/metadata.json,swh:1:cnt:5367504757fe957802c21db1f2283e9881523234;origin=https://github.com/longyanjun2020/SDK_pulbic;anchor=swh:1:rev:47d85255220f39de1b13e5f2a68b24e49e179f07;path=/Mercury5/proj/sc/system/fcm/inc/fcm.hc,swh:1:cnt:5367504757fe957802c21db1f2283e9881523234,swh:1:rev:47d85255220f39de1b13e5f2a68b24e49e179f07,swh:1:ori:d4f6a68aa0f3c43bfebb288f3527065679543933,yes,yes,skipped,yes,2026-05-15T17:24:06+00:00
pl/dart,bae57bf01f932bf799e8d9860d5c30b8bc85ade3,samples/pl/dart/bae57bf01f932bf799e8d9860d5c30b8bc85ade3/metadata.json,swh:1:cnt:bae57bf01f932bf799e8d9860d5c30b8bc85ade3;origin=https://github.com/TunSawThant/SDK;anchor=swh:1:rev:44c6312df8c4ea6abf185be76c6f9e2097c3f336;path=/pkg/vm/lib/http_filesystem.dart,swh:1:cnt:bae57bf01f932bf799e8d9860d5c30b8bc85ade3,swh:1:rev:44c6312df8c4ea6abf185be76c6f9e2097c3f336,swh:1:ori:0f5bc42c03b247edbab5c43df9bd720848d7876c,yes,yes,skipped,yes,2026-05-15T17:24:06+00:00
pl/makefile,f37d596cc0396e7d31650d6b287624a3bdcdfdbb,samples/pl/makefile/f37d596cc0396e7d31650d6b287624a3bdcdfdbb/metadata.json,swh:1:cnt:f37d596cc0396e7d31650d6b287624a3bdcdfdbb;origin=https://github.com/Salensoft/thu-cst-cracker;anchor=swh:1:rev:01771eb845db467cffc644f75e5189f6deba8472;path=/大三下/操作系统/hw/2017/2014011330_738787_395404561_lab1/obj/kern/trap/trapentry.d,swh:1:cnt:f37d596cc0396e7d31650d6b287624a3bdcdfdbb,swh:1:rev:01771eb845db467cffc644f75e5189f6deba8472,swh:1:ori:8249ff5bca0ba081049881db9ae902b09b7abbf2,yes,yes,skipped,yes,2026-05-15T17:24:06+00:00
pl/shell,c3ac6761225829fd88803a744e9990e396d8b7f7,samples/pl/shell/c3ac6761225829fd88803a744e9990e396d8b7f7/metadata.json,swh:1:cnt:c3ac6761225829fd88803a744e9990e396d8b7f7;origin=https://github.com/ebsmartin/DDDQN_RL_AI_Insider_Trading_Exploitation_Trading_Bot;anchor=swh:1:rev:94f5833819e887fce6b704c965c0d5b8666c70cf;path=/DDDQ_RL_Trading_Bot/Code/start-falcon.slurm,swh:1:cnt:c3ac6761225829fd88803a744e9990e396d8b7f7,swh:1:rev:94f5833819e887fce6b704c965c0d5b8666c70cf,swh:1:ori:5df6a2093050c296549c7f60092f22d2aa436c2b,yes,yes,skipped,yes,2026-05-15T17:24:06+00:00
pl/modula-3,cfce8a258d9943c87af3e0bb2bcab3952736b86b,samples/pl/modula-3/cfce8a258d9943c87af3e0bb2bcab3952736b86b/metadata.json,swh:1:cnt:cfce8a258d9943c87af3e0bb2bcab3952736b86b;origin=https://github.com/modula3/cm3;anchor=swh:1:rev:f0e4a5be0778e2e80dd8e2d852ada0bac641abdd;path=/m3-ui/ui/src/split/TextVBTClass.i3,swh:1:cnt:cfce8a258d9943c87af3e0bb2bcab3952736b86b,swh:1:rev:f0e4a5be0778e2e80dd8e2d852ada0bac641abdd,swh:1:ori:82c5b3baf59809f599855b9212214f645e6cefab,yes,yes,skipped,yes,2026-05-15T17:24:06+00:00
pl/modula-3,607ba5fc5935069ffcab786da81e82a996fdddc9,samples/pl/modula-3/607ba5fc5935069ffcab786da81e82a996fdddc9/metadata.json,swh:1:cnt:607ba5fc5935069ffcab786da81e82a996fdddc9;origin=https://github.com/OS2World/DEV-SAMPLES-Modula;anchor=swh:1:rev:9f5ce4615c046514bcd2013dbda21e20f9c3a475;path=/test/m3/test/anetobj/server/src/Example.i3,swh:1:cnt:607ba5fc5935069ffcab786da81e82a996fdddc9,swh:1:rev:9f5ce4615c046514bcd2013dbda21e20f9c3a475,swh:1:ori:48ab3c4a4727cdc656bc7d1e177851806e92e11b,yes,yes,skipped,yes,2026-05-15T17:24:06+00:00
pl/assembly,ac601325f25ddc374d2c181ee6470d20a9659371,samples/pl/assembly/ac601325f25ddc374d2c181ee6470d20a9659371/metadata.json,swh:1:cnt:ac601325f25ddc374d2c181ee6470d20a9659371;origin=https://github.com/mabeijianxi/small-video-record;anchor=swh:1:rev:268e115f634b10198be8c999d9ed06639d0855c0;path=/SmallVideoRecord2/SmallVideoLib2/ffmpeg-3.2.5/libavcodec/arm/fft_vfp.S,swh:1:cnt:ac601325f25ddc374d2c181ee6470d20a9659371,swh:1:rev:268e115f634b10198be8c999d9ed06639d0855c0,swh:1:ori:da0a870d52c99c40bf9c62bd9d10b40bd2ff9b40,yes,yes,skipped,yes,2026-05-15T17:24:06+00:00
pl/cuda,a67aca7c3f7164317344ef742eea69dc9a57939c,samples/pl/cuda/a67aca7c3f7164317344ef742eea69dc9a57939c/metadata.json,swh:1:cnt:a67aca7c3f7164317344ef742eea69dc9a57939c;origin=https://github.com/gtrabes/ParallelDEVS-Simulator-Multicore-GPU;anchor=swh:1:rev:4124e2b5869b233920964fa9972f7b8e76b86e72;path=/examples/celldevs_benchmark/simulation/celldevs_benchmark_gpu_root_coordinator.cuh,swh:1:cnt:a67aca7c3f7164317344ef742eea69dc9a57939c,swh:1:rev:4124e2b5869b233920964fa9972f7b8e76b86e72,swh:1:ori:0a9dc349c20bb61bc20ec32d4a065b9d7e649654,yes,yes,skipped,yes,2026-05-15T17:24:06+00:00
pl/kaitai-struct,517f3a487ba0346e69cdc3e6bd2f09b2aae61f0c,samples/pl/kaitai-struct/517f3a487ba0346e69cdc3e6bd2f09b2aae61f0c/metadata.json,swh:1:cnt:517f3a487ba0346e69cdc3e6bd2f09b2aae61f0c;origin=https://github.com/Wargus/stargus;anchor=swh:1:rev:37f94f33177280a5adea1f4290998f769a816697;path=/src/kaitai/sprites_dat.ksy,swh:1:cnt:517f3a487ba0346e69cdc3e6bd2f09b2aae61f0c,swh:1:rev:37f94f33177280a5adea1f4290998f769a816697,swh:1:ori:7838dd002bcf22ab245068ffd2329ddab9f51ce1,yes,yes,skipped,yes,2026-05-15T17:24:06+00:00
pl/perl,6023671522ebe2915fc8348a5353e5d2dab14084,samples/pl/perl/6023671522ebe2915fc8348a5353e5d2dab14084/metadata.json,swh:1:cnt:6023671522ebe2915fc8348a5353e5d2dab14084;origin=https://github.com/laurenthdl/koha-biblibre;anchor=swh:1:rev:489bd948a04a9efeba23e903ca069d2cc2ec439d;path=/C4/IssuingRules.pm,swh:1:cnt:6023671522ebe2915fc8348a5353e5d2dab14084,swh:1:rev:489bd948a04a9efeba23e903ca069d2cc2ec439d,swh:1:ori:f6b10a798e8cbc54a279be5e97eee9ed99536fb6,yes,yes,skipped,yes,2026-05-15T17:24:06+00:00
pl/perl,5f8a542ec72e10adf0a8a65206139081baffdc20,samples/pl/perl/5f8a542ec72e10adf0a8a65206139081baffdc20/metadata.json,swh:1:cnt:5f8a542ec72e10adf0a8a65206139081baffdc20;origin=https://github.com/st3fan/osx-10.9;anchor=swh:1:rev:9f8135f87c2ba27b1e76a514464b823812effd45;path=/CPANInternal-140/DBIx-Class/t/82cascade_copy.t,swh:1:cnt:5f8a542ec72e10adf0a8a65206139081baffdc20,swh:1:rev:9f8135f87c2ba27b1e76a514464b823812effd45,swh:1:ori:d2c5cde07c073e2c642eed852cb461d6375e19c0,yes,yes,skipped,yes,2026-05-15T17:24:06+00:00
pl/perl,c5ecce87432c6b1e8465269cb9b15902fe0dc302,samples/pl/perl/c5ecce87432c6b1e8465269cb9b15902fe0dc302/metadata.json,swh:1:cnt:c5ecce87432c6b1e8465269cb9b15902fe0dc302;origin=https://github.com/st3fan/osx-10.9;anchor=swh:1:rev:9f8135f87c2ba27b1e76a514464b823812effd45;path=/CPANInternal-140/DBIx-Class/t/resultset_overload.t,swh:1:cnt:c5ecce87432c6b1e8465269cb9b15902fe0dc302,swh:1:rev:9f8135f87c2ba27b1e76a514464b823812effd45,swh:1:ori:d2c5cde07c073e2c642eed852cb461d6375e19c0,yes,yes,skipped,yes,2026-05-15T17:24:06+00:00
pl/perl,d9f16d16e120f7f0517ac8016932ee5305dec318,samples/pl/perl/d9f16d16e120f7f0517ac8016932ee5305dec318/metadata.json,swh:1:cnt:d9f16d16e120f7f0517ac8016932ee5305dec318;origin=https://github.com/jlord/git-it-electron;anchor=swh:1:rev:bde235f3467e3efda09c8ce3c693d6591153092a;path=/assets/PortableGit/usr/lib/perl5/vendor_perl/auto/Net/SSLeay/put_https3.al,swh:1:cnt:d9f16d16e120f7f0517ac8016932ee5305dec318,swh:1:rev:bde235f3467e3efda09c8ce3c693d6591153092a,swh:1:ori:1317d163a2630121a52a74c94c49dc417c4fa79b,yes,yes,skipped,yes,2026-05-15T17:24:06+00:00
pl/lookml,6c487f969c9820fffece9b82d9005746237eafcd,samples/pl/lookml/6c487f969c9820fffece9b82d9005746237eafcd/metadata.json,swh:1:cnt:6c487f969c9820fffece9b82d9005746237eafcd;origin=https://github.com/looker-open-source/block-cortex-sap;anchor=swh:1:rev:d5d40f77b75b32a043bbeab414766947cc1fc5a8;path=/LookML_Dashboard/3_Order_Details.dashboard.lookml,swh:1:cnt:6c487f969c9820fffece9b82d9005746237eafcd,swh:1:rev:d5d40f77b75b32a043bbeab414766947cc1fc5a8,swh:1:ori:1fe24a31e832645f5871f33779b98301ceab25ea,yes,yes,skipped,yes,2026-05-15T17:24:06+00:00
pl/freemarker,0c57416f27776dc4173712740ec512b6bf510fc6,samples/pl/freemarker/0c57416f27776dc4173712740ec512b6bf510fc6/metadata.json,swh:1:cnt:0c57416f27776dc4173712740ec512b6bf510fc6;origin=https://github.com/xuqing196101/check_inves;anchor=swh:1:rev:89d3e1331f7b3d326e4a659af31fbf9de64ecc9a;path=/src/main/java/ses/document/template/bidDocuments.ftl,swh:1:cnt:0c57416f27776dc4173712740ec512b6bf510fc6,swh:1:rev:89d3e1331f7b3d326e4a659af31fbf9de64ecc9a,swh:1:ori:4a844dd64b2c4d39a7de51eef127de83a9893186,yes,yes,skipped,yes,2026-05-15T17:24:06+00:00
pl/purescript,33a2e4ab6c6a9a7ea6acdd78a80add59e31ad1d6,samples/pl/purescript/33a2e4ab6c6a9a7ea6acdd78a80add59e31ad1d6/metadata.json,swh:1:cnt:33a2e4ab6c6a9a7ea6acdd78a80add59e31ad1d6;origin=https://github.com/yaadlabs/DAO-Off-Chain;anchor=swh:1:rev:4ed2f20c0a3766076abade1a9bd73d26c39f3632;path=/src/Dao/Workflow/TreasuryTrip.purs,swh:1:cnt:33a2e4ab6c6a9a7ea6acdd78a80add59e31ad1d6,swh:1:rev:4ed2f20c0a3766076abade1a9bd73d26c39f3632,swh:1:ori:ed97bafcd288485966ade2f754222ad2e6f04f42,yes,yes,skipped,yes,2026-05-15T17:24:06+00:00
pl/pure-data,ac63516d8085137012549f34304331e7513b7d19,samples/pl/pure-data/ac63516d8085137012549f34304331e7513b7d19/metadata.json,swh:1:cnt:ac63516d8085137012549f34304331e7513b7d19;origin=https://github.com/mhroth/ZenGarden;anchor=swh:1:rev:c3e829655b3bd659ff477002e64520ca3bfe3758;path=/test/MessagePipe.pd,swh:1:cnt:ac63516d8085137012549f34304331e7513b7d19,swh:1:rev:c3e829655b3bd659ff477002e64520ca3bfe3758,swh:1:ori:f8df2f18bf343eda4438f407bac8bd157a7662a9,yes,yes,skipped,yes,2026-05-15T17:24:06+00:00
pl/pure-data,a371e2b13f038bdeea8a58713221cd6173d06434,samples/pl/pure-data/a371e2b13f038bdeea8a58713221cd6173d06434/metadata.json,swh:1:cnt:a371e2b13f038bdeea8a58713221cd6173d06434;origin=https://github.com/mhroth/ZenGarden;anchor=swh:1:rev:ed1d26a2ca07639faf55f512106ef431fc61fa4b;path=/test/MessageTable.pd,swh:1:cnt:a371e2b13f038bdeea8a58713221cd6173d06434,swh:1:rev:ed1d26a2ca07639faf55f512106ef431fc61fa4b,swh:1:ori:f8df2f18bf343eda4438f407bac8bd157a7662a9,yes,yes,skipped,yes,2026-05-15T17:24:06+00:00
pl/erlang,ab3d00dc28601597bb05f6b713d46329fca03323,samples/pl/erlang/ab3d00dc28601597bb05f6b713d46329fca03323/metadata.json,swh:1:cnt:ab3d00dc28601597bb05f6b713d46329fca03323;origin=https://github.com/SoftwareEngineeringToolDemos/ICSE-2012-Spy-Runtime;anchor=swh:1:rev:503215a023b37da8ad5098a783e479e23cd14a05;path=/rabbitMQ-changed/src/rabbit_exchange_type.erl,swh:1:cnt:ab3d00dc28601597bb05f6b713d46329fca03323,swh:1:rev:503215a023b37da8ad5098a783e479e23cd14a05,swh:1:ori:c9bffc6b9bcc9fd504b05ede365bf3d01757d4f2,yes,yes,skipped,yes,2026-05-15T17:24:06+00:00
pl/erlang,e9150a97b3e2592d8f9a9ab307144a66fc347259,samples/pl/erlang/e9150a97b3e2592d8f9a9ab307144a66fc347259/metadata.json,swh:1:cnt:e9150a97b3e2592d8f9a9ab307144a66fc347259;origin=https://github.com/2600hz-archive/whistle;anchor=swh:1:rev:d20749b7009ae05896861a9a266cb7f0eaf3317a;path=/lib/rabbitmq_server-2.4.1/include/rabbit_msg_store.hrl,swh:1:cnt:e9150a97b3e2592d8f9a9ab307144a66fc347259,swh:1:rev:d20749b7009ae05896861a9a266cb7f0eaf3317a,swh:1:ori:b053c84033d38dba660a70fb81676e01d4107443,yes,yes,skipped,yes,2026-05-15T17:24:06+00:00
pl/erlang,02a06d03ef2519bc4fe0ba06d26f5895ffbf3f8a,samples/pl/erlang/02a06d03ef2519bc4fe0ba06d26f5895ffbf3f8a/metadata.json,swh:1:cnt:02a06d03ef2519bc4fe0ba06d26f5895ffbf3f8a;origin=https://github.com/elephantbirdconsulting/netkernel-contribution;anchor=swh:1:rev:a89956388c38cacee4d6a74461ffeb7dd979d1ae;path=/urn.com.elbeesee.demo.xrl/resources/xrl/footer.xrl,swh:1:cnt:02a06d03ef2519bc4fe0ba06d26f5895ffbf3f8a,swh:1:rev:a89956388c38cacee4d6a74461ffeb7dd979d1ae,swh:1:ori:17905c724583983f42b39228e78e59902a719eb3,yes,yes,skipped,yes,2026-05-15T17:24:06+00:00
pl/erlang,8926b83b77a68a0a9758b0d10df9830cadbfefe8,samples/pl/erlang/8926b83b77a68a0a9758b0d10df9830cadbfefe8/metadata.json,swh:1:cnt:8926b83b77a68a0a9758b0d10df9830cadbfefe8;origin=https://github.com/sky-big/RabbitMQ;anchor=swh:1:rev:ebf324290f3bfad4a713ba54be4a8ce24d0e84c3;path=/src/pg2_fixed.erl,swh:1:cnt:8926b83b77a68a0a9758b0d10df9830cadbfefe8,swh:1:rev:ebf324290f3bfad4a713ba54be4a8ce24d0e84c3,swh:1:ori:030fe0174067531668ba67c3615015d822d7365d,yes,yes,skipped,yes,2026-05-15T17:24:06+00:00
pl/llvm,e126bed9b2325b23f7b5d976815fbfe5d3ef09ed,samples/pl/llvm/e126bed9b2325b23f7b5d976815fbfe5d3ef09ed/metadata.json,swh:1:cnt:e126bed9b2325b23f7b5d976815fbfe5d3ef09ed;origin=https://github.com/microsoft/DirectXShaderCompiler;anchor=swh:1:rev:6ee4074a4b43fa23bf5ad27e4f6cafc6b835e437;path=/test/Transforms/MetaRenamer/metarenamer.ll,swh:1:cnt:e126bed9b2325b23f7b5d976815fbfe5d3ef09ed,swh:1:rev:6ee4074a4b43fa23bf5ad27e4f6cafc6b835e437,swh:1:ori:7909f58daee4e1124070d9d48bc5f6cb7faf6908,yes,yes,skipped,yes,2026-05-15T17:24:06+00:00
pl/llvm,74772278af7b76c3867c4d29ddc32e84fcad6f08,samples/pl/llvm/74772278af7b76c3867c4d29ddc32e84fcad6f08/metadata.json,swh:1:cnt:74772278af7b76c3867c4d29ddc32e84fcad6f08;origin=https://github.com/sslab-gatech/hdfi;anchor=swh:1:rev:ce51c47500bda298a6829aaa8732e5bd9f0fe0c2;path=/toolchain/llvm/test/CodeGen/RISCV/lui.ll,swh:1:cnt:74772278af7b76c3867c4d29ddc32e84fcad6f08,swh:1:rev:ce51c47500bda298a6829aaa8732e5bd9f0fe0c2,swh:1:ori:342ed5c5a963f433c547815b370d0d7ee0c2cbd3,yes,yes,skipped,yes,2026-05-15T17:24:06+00:00
pl/r,b766e8cd987fde00241968e0c634b7098e95dd10,samples/pl/r/b766e8cd987fde00241968e0c634b7098e95dd10/metadata.json,swh:1:cnt:b766e8cd987fde00241968e0c634b7098e95dd10;origin=https://github.com/DillonHammill/CytoExploreR;anchor=swh:1:rev:2592724b567ca882d767d8334bd8144b3f49f424;path=/man/cyto_gate_type.Rd,swh:1:cnt:b766e8cd987fde00241968e0c634b7098e95dd10,swh:1:rev:2592724b567ca882d767d8334bd8144b3f49f424,swh:1:ori:22c6d4378a459c66167358c325462c97bf897fa5,yes,yes,skipped,yes,2026-05-15T17:24:06+00:00
pl/r,bf10fdf1440169ad1bbf15c9f7494a7f5e839f85,samples/pl/r/bf10fdf1440169ad1bbf15c9f7494a7f5e839f85/metadata.json,swh:1:cnt:bf10fdf1440169ad1bbf15c9f7494a7f5e839f85;origin=https://github.com/Blue-Matter/MSEtool;anchor=swh:1:rev:f7f6738f2899a3c8ea70e71c0a16c22d8853200e;path=/man/getmov2.Rd,swh:1:cnt:bf10fdf1440169ad1bbf15c9f7494a7f5e839f85,swh:1:rev:f7f6738f2899a3c8ea70e71c0a16c22d8853200e,swh:1:ori:7609277c66123ca095bd7c948286c4969ac3af55,yes,yes,skipped,yes,2026-05-15T17:24:06+00:00
pl/yara,afdcfbc6432b04570faf777c62270a41e93ef049,samples/pl/yara/afdcfbc6432b04570faf777c62270a41e93ef049/metadata.json,swh:1:cnt:afdcfbc6432b04570faf777c62270a41e93ef049;origin=https://github.com/rivitna/Malware;anchor=swh:1:rev:eda0c3083fd9575677fd0db762108f0bd2e05b9a;path=/Proton/Proton.yar,swh:1:cnt:afdcfbc6432b04570faf777c62270a41e93ef049,swh:1:rev:eda0c3083fd9575677fd0db762108f0bd2e05b9a,swh:1:ori:fc3a27576ce6bd2edc5b13b0da07f6401f135e5b,yes,yes,skipped,yes,2026-05-15T17:24:06+00:00
pl/lsl,b4ab5327b8144eca32858e3cb56cf81c91751752,samples/pl/lsl/b4ab5327b8144eca32858e3cb56cf81c91751752/metadata.json,swh:1:cnt:b4ab5327b8144eca32858e3cb56cf81c91751752;origin=https://github.com/holoneon/opensim-tranquillity-work;anchor=swh:1:rev:7f6d2752512288d6475be246fee67a937e1fe446;path=/bin/assets/ScriptsAssetSet/llAvatarOnSitTarget.lsl,swh:1:cnt:b4ab5327b8144eca32858e3cb56cf81c91751752,swh:1:rev:7f6d2752512288d6475be246fee67a937e1fe446,swh:1:ori:44b3b13d7439c1d7196ab111ac9960f767c5ce3e,yes,yes,skipped,yes,2026-05-15T17:24:06+00:00
pl/lsl,19ad7048a33e175737297b11dc0988d3826b364d,samples/pl/lsl/19ad7048a33e175737297b11dc0988d3826b364d/metadata.json,swh:1:cnt:19ad7048a33e175737297b11dc0988d3826b364d;origin=https://github.com/holoneon/opensim-tranquillity-work;anchor=swh:1:rev:7f6d2752512288d6475be246fee67a937e1fe446;path=/bin/assets/ScriptsAssetSet/llResetLandBanList.lsl,swh:1:cnt:19ad7048a33e175737297b11dc0988d3826b364d,swh:1:rev:7f6d2752512288d6475be246fee67a937e1fe446,swh:1:ori:44b3b13d7439c1d7196ab111ac9960f767c5ce3e,yes,yes,skipped,yes,2026-05-15T17:24:06+00:00
pl/liquid,08306719ad8e6da390500976d2651c4435ec9937,samples/pl/liquid/08306719ad8e6da390500976d2651c4435ec9937/metadata.json,swh:1:cnt:08306719ad8e6da390500976d2651c4435ec9937;origin=https://github.com/outtable/confuse-9live;anchor=swh:1:rev:e261c788a510f08de6d7e3f9057a7203745b7325;path=/docs/assets/sitemap.liquid,swh:1:cnt:08306719ad8e6da390500976d2651c4435ec9937,swh:1:rev:e261c788a510f08de6d7e3f9057a7203745b7325,swh:1:ori:48e108955fa8527c8424d0a0c9fbe1c5bc7fc275,yes,no,skipped,no,2026-05-15T17:24:06+00:00
pl/eagle,08215a5c622345dacad0d57a6e69739da81dfa2a,samples/pl/eagle/08215a5c622345dacad0d57a6e69739da81dfa2a/metadata.json,swh:1:cnt:08215a5c622345dacad0d57a6e69739da81dfa2a;origin=https://github.com/TechnikumWienAcademy/cda-ems;anchor=swh:1:rev:93f0fb180d80023cc3a4a4c2646065363206f51f;path=/cda-schematron/include/DTr1_BN.sch,swh:1:cnt:08215a5c622345dacad0d57a6e69739da81dfa2a,swh:1:rev:93f0fb180d80023cc3a4a4c2646065363206f51f,swh:1:ori:d1900f0e7528623dac3fa4ba3db8e19a809f52b5,yes,yes,skipped,yes,2026-05-15T17:24:06+00:00
pl/tsql,208f7fec9e6092c3253088427bc5d6c2fe69f050,samples/pl/tsql/208f7fec9e6092c3253088427bc5d6c2fe69f050/metadata.json,swh:1:cnt:208f7fec9e6092c3253088427bc5d6c2fe69f050;origin=https://github.com/PNNL-Comp-Mass-Spec/DBSchema_DMS;anchor=swh:1:rev:b3fe150766644acb8c82e5900ba1b642233b8e05;path=/DMS5/Schema_LOC_DMS_Ops_Admin.sql,swh:1:cnt:208f7fec9e6092c3253088427bc5d6c2fe69f050,swh:1:rev:b3fe150766644acb8c82e5900ba1b642233b8e05,swh:1:ori:6e9d9888832ae42a495ce24134e1769e35eb8772,yes,yes,skipped,yes,2026-05-15T17:24:06+00:00
pl/elvish,4a5381e4988a27da76108455ffa2ca5f5ed7d2c8,samples/pl/elvish/4a5381e4988a27da76108455ffa2ca5f5ed7d2c8/metadata.json,swh:1:cnt:4a5381e4988a27da76108455ffa2ca5f5ed7d2c8;origin=https://github.com/elves/elvish;anchor=swh:1:rev:22e8a892fd9a3955fbf5f79d85198ca1648ce028;path=/pkg/eval/eval.d.elv,swh:1:cnt:4a5381e4988a27da76108455ffa2ca5f5ed7d2c8,swh:1:rev:22e8a892fd9a3955fbf5f79d85198ca1648ce028,swh:1:ori:c1a6d76d744a86a7650d6bdb6978a6e47ea8835b,yes,yes,skipped,yes,2026-05-15T17:24:06+00:00
pl/moonbit,3a15c1330353c5db2b76743df0049ecf3e88af05,samples/pl/moonbit/3a15c1330353c5db2b76743df0049ecf3e88af05/metadata.json,swh:1:cnt:3a15c1330353c5db2b76743df0049ecf3e88af05;origin=https://github.com/bytecodealliance/wit-bindgen;anchor=swh:1:rev:d333137e4a6238de4c54987d2ff123f66ab92069;path=/crates/moonbit/src/ffi/async_primitive.mbt,swh:1:cnt:3a15c1330353c5db2b76743df0049ecf3e88af05,swh:1:rev:d333137e4a6238de4c54987d2ff123f66ab92069,swh:1:ori:8eca3f78cc59e50e88a8203cf4179e449cbf96f5,yes,yes,skipped,yes,2026-05-15T17:24:06+00:00
pl/openscad,2244806aaa1cfaea2e21cd06ac7fdaaf414b2b85,samples/pl/openscad/2244806aaa1cfaea2e21cd06ac7fdaaf414b2b85/metadata.json,swh:1:cnt:2244806aaa1cfaea2e21cd06ac7fdaaf414b2b85;origin=https://github.com/tlouden/uplift-iot;anchor=swh:1:rev:b0f916ffa4c5ce3f818b08c0730c278e778bef3b;path=/enclosure/BOSL2/nema_steppers.scad,swh:1:cnt:2244806aaa1cfaea2e21cd06ac7fdaaf414b2b85,swh:1:rev:b0f916ffa4c5ce3f818b08c0730c278e778bef3b,swh:1:ori:fcc57fa795baee878fa471d0cd4cc0d990583e45,yes,yes,skipped,yes,2026-05-15T17:24:06+00:00
pl/openscad,cb346c02d24adb946a7837e8709efd3f386e8bc5,samples/pl/openscad/cb346c02d24adb946a7837e8709efd3f386e8bc5/metadata.json,swh:1:cnt:cb346c02d24adb946a7837e8709efd3f386e8bc5;origin=https://github.com/johntron/johntron;anchor=swh:1:rev:38b832b5a89d0e596ab26a1b7867f3abb77717fe;path=/projects/prusa-enclosure/BOSL2/queues.scad,swh:1:cnt:cb346c02d24adb946a7837e8709efd3f386e8bc5,swh:1:rev:38b832b5a89d0e596ab26a1b7867f3abb77717fe,swh:1:ori:1a2c02ad4aad26878506fbb225fc918484c332dd,yes,yes,skipped,yes,2026-05-15T17:24:06+00:00
pl/java,5bc38b0b6e4e70f445b5319768bc07a00fb75875,samples/pl/java/5bc38b0b6e4e70f445b5319768bc07a00fb75875/metadata.json,swh:1:cnt:5bc38b0b6e4e70f445b5319768bc07a00fb75875;origin=https://github.com/substanc3-dev/jdownloader2;anchor=swh:1:rev:ce70b66913b19ba109cdbfdb0c73604cdb0efe50;path=/src/jd/plugins/hoster/GloriaTv.java,swh:1:cnt:5bc38b0b6e4e70f445b5319768bc07a00fb75875,swh:1:rev:ce70b66913b19ba109cdbfdb0c73604cdb0efe50,swh:1:ori:8c3c8cb7f186d2569a296e7e9a77c2dd9584487a,yes,yes,skipped,yes,2026-05-15T17:24:06+00:00
pl/java,170d262e4cf23c1348da09bd42d227b8d029cc04,samples/pl/java/170d262e4cf23c1348da09bd42d227b8d029cc04/metadata.json,swh:1:cnt:170d262e4cf23c1348da09bd42d227b8d029cc04;origin=https://github.com/scorpiondefense/cyberweapons;anchor=swh:1:rev:6b9c74e7588c3d5aaba030fdcd179559725279c1;path=/Encryption/FROGJAVA/FROG/SRC/FROG_P~1.JAV,swh:1:cnt:170d262e4cf23c1348da09bd42d227b8d029cc04,swh:1:rev:6b9c74e7588c3d5aaba030fdcd179559725279c1,swh:1:ori:b1ddd2848d6912b51886e28e331c4b9916d4fbe5,yes,yes,skipped,yes,2026-05-15T17:24:06+00:00
pl/java,473f8539a6d4f4cbdacc281194df2d02caab06d0,samples/pl/java/473f8539a6d4f4cbdacc281194df2d02caab06d0/metadata.json,swh:1:cnt:473f8539a6d4f4cbdacc281194df2d02caab06d0;origin=https://github.com/substanc3-dev/jdownloader2;anchor=swh:1:rev:ce70b66913b19ba109cdbfdb0c73604cdb0efe50;path=/src/jd/plugins/hoster/VipissyCom.java,swh:1:cnt:473f8539a6d4f4cbdacc281194df2d02caab06d0,swh:1:rev:ce70b66913b19ba109cdbfdb0c73604cdb0efe50,swh:1:ori:8c3c8cb7f186d2569a296e7e9a77c2dd9584487a,yes,yes,skipped,yes,2026-05-15T17:24:06+00:00
pl/java,31f94f6cec6e91e0136ddf0ddf0685064306cc6e,samples/pl/java/31f94f6cec6e91e0136ddf0ddf0685064306cc6e/metadata.json,swh:1:cnt:31f94f6cec6e91e0136ddf0ddf0685064306cc6e;origin=https://github.com/jbosstools/jbosstools-server;anchor=swh:1:rev:9277fd9d6dd19c696ec64668c4c2ea42d8c78a46;path=/as/itests/org.jboss.tools.as.management.itests/wars/incrementalmgmt/TigerServJakartaOriginal.jav,swh:1:cnt:31f94f6cec6e91e0136ddf0ddf0685064306cc6e,swh:1:rev:9277fd9d6dd19c696ec64668c4c2ea42d8c78a46,swh:1:ori:4ba74b3dcd320b2c522b7e00dd636f5a84d5b168,yes,yes,skipped,yes,2026-05-15T17:24:06+00:00
pl/html,3c1f881a66bd575144cf536f4c15cc304cf38d73,samples/pl/html/3c1f881a66bd575144cf536f4c15cc304cf38d73/metadata.json,swh:1:cnt:3c1f881a66bd575144cf536f4c15cc304cf38d73;origin=https://github.com/adamlaska/web-platform-tests-wpt;anchor=swh:1:rev:1f0d8835edeba24238ee4ab1ca1079edf2449f03;path=/css/css-writing-modes/abs-pos-non-replaced-vlr-113.xht,swh:1:cnt:3c1f881a66bd575144cf536f4c15cc304cf38d73,swh:1:rev:1f0d8835edeba24238ee4ab1ca1079edf2449f03,swh:1:ori:ab4aaef9893abbd55e352330f136382f38c57924,yes,yes,skipped,yes,2026-05-15T17:24:06+00:00
pl/kotlin,474a88bc8e648790ae29aa15ee6aa73baa3d53d5,samples/pl/kotlin/474a88bc8e648790ae29aa15ee6aa73baa3d53d5/metadata.json,swh:1:cnt:474a88bc8e648790ae29aa15ee6aa73baa3d53d5;origin=https://github.com/gedoor/legado;anchor=swh:1:rev:c702df43c1459f0011f39458a3353b89bbc8e9ac;path=/app/src/main/java/io/legado/app/help/IntentData.kt,swh:1:cnt:474a88bc8e648790ae29aa15ee6aa73baa3d53d5,swh:1:rev:c702df43c1459f0011f39458a3353b89bbc8e9ac,swh:1:ori:9fe6b372d675f1a04caa0aba08b1446413ff6360,yes,yes,skipped,yes,2026-05-15T17:24:06+00:00
pl/kotlin,3a226e07149a8cecd8b517556c6bad3fbf06f672,samples/pl/kotlin/3a226e07149a8cecd8b517556c6bad3fbf06f672/metadata.json,swh:1:cnt:3a226e07149a8cecd8b517556c6bad3fbf06f672;origin=https://github.com/gedoor/legado;anchor=swh:1:rev:51c16a1efcb036cc18e9cdb6d592e691b3da5816;path=/app/src/main/java/io/legado/app/help/LauncherIconHelp.kt,swh:1:cnt:3a226e07149a8cecd8b517556c6bad3fbf06f672,swh:1:rev:51c16a1efcb036cc18e9cdb6d592e691b3da5816,swh:1:ori:9fe6b372d675f1a04caa0aba08b1446413ff6360,yes,yes,skipped,yes,2026-05-15T17:24:06+00:00
pl/cypher,66ba337867b84ec20f7d2fbbe18716002cc2fbde,samples/pl/cypher/66ba337867b84ec20f7d2fbbe18716002cc2fbde/metadata.json,swh:1:cnt:66ba337867b84ec20f7d2fbbe18716002cc2fbde;origin=https://github.com/sftfjugg/DBLP-Neo4j-query-engine;anchor=swh:1:rev:66a8047dc128649504c923d936b553ab0bc67cc3;path=/scripts-cypher/other-scripts/Index_creation_on_COAUTHOR_relation.cypher,swh:1:cnt:66ba337867b84ec20f7d2fbbe18716002cc2fbde,swh:1:rev:66a8047dc128649504c923d936b553ab0bc67cc3,swh:1:ori:656c1d1f7de75ea5f0f785aca47a4dc464f8ea48,yes,yes,skipped,yes,2026-05-15T17:24:06+00:00
pl/cypher,201723ed34bec1d74aae47e8cea7acbaf03ae7aa,samples/pl/cypher/201723ed34bec1d74aae47e8cea7acbaf03ae7aa/metadata.json,swh:1:cnt:201723ed34bec1d74aae47e8cea7acbaf03ae7aa;origin=https://github.com/softvis-research/Getaviz;anchor=swh:1:rev:37349a6bbcd55ef314d586b0e2fd471d3ae3df9f;path=/generator2/org.getaviz.generator/src/test/resources/Bank.cypher,swh:1:cnt:201723ed34bec1d74aae47e8cea7acbaf03ae7aa,swh:1:rev:37349a6bbcd55ef314d586b0e2fd471d3ae3df9f,swh:1:ori:a9b08e717d56a87224190c85cef53622fe9bc48b,yes,yes,skipped,yes,2026-05-15T17:24:06+00:00
pl/mustache,f8eef8f94c7bea30e95938e16cc856b53036d82b,samples/pl/mustache/f8eef8f94c7bea30e95938e16cc856b53036d82b/metadata.json,swh:1:cnt:f8eef8f94c7bea30e95938e16cc856b53036d82b;origin=https://github.com/swagger-api/swagger-codegen;anchor=swh:1:rev:2f43f98cfa9a983cabd8b0a75179057e7d3828c7;path=/modules/swagger-codegen/src/main/resources/JavaJaxRS/beanValidationQueryParams.mustache,swh:1:cnt:f8eef8f94c7bea30e95938e16cc856b53036d82b,swh:1:rev:2f43f98cfa9a983cabd8b0a75179057e7d3828c7,swh:1:ori:b77df4fb4a42abd9d6354ddec46c28c0250464da,yes,yes,skipped,yes,2026-05-15T17:24:06+00:00
pl/mustache,3d2093e133c2893b0656ee0679ead93430a3450c,samples/pl/mustache/3d2093e133c2893b0656ee0679ead93430a3450c/metadata.json,swh:1:cnt:3d2093e133c2893b0656ee0679ead93430a3450c;origin=https://github.com/cashmusic/platform;anchor=swh:1:rev:68a7a5eaf60128ab647b43f9b249f5a05aca2e2c;path=/interfaces/admin/components/pages/views/commerce_orders.mustache,swh:1:cnt:3d2093e133c2893b0656ee0679ead93430a3450c,swh:1:rev:68a7a5eaf60128ab647b43f9b249f5a05aca2e2c,swh:1:ori:4eb82651598f7d0533428047e4e687f7c62d3643,yes,yes,skipped,yes,2026-05-15T17:24:06+00:00
pl/microsoft-developer-studio-project,a56a1c9b79ee0a5fd0f88de0dd59183278a35c7d,samples/pl/microsoft-developer-studio-project/a56a1c9b79ee0a5fd0f88de0dd59183278a35c7d/metadata.json,swh:1:cnt:a56a1c9b79ee0a5fd0f88de0dd59183278a35c7d;origin=https://github.com/LMS-Community/squeezeplay;anchor=swh:1:rev:3650cd48a079a5af98d1176e8a276f18a4b392c3;path=/src/flac-1.2.1/all_static.dsp,swh:1:cnt:a56a1c9b79ee0a5fd0f88de0dd59183278a35c7d,swh:1:rev:3650cd48a079a5af98d1176e8a276f18a4b392c3,swh:1:ori:807fd6b3803029fda46b2206b0b911e45083692c,yes,yes,skipped,yes,2026-05-15T17:24:06+00:00
pl/microsoft-developer-studio-project,e5348d3063aefad4f077be13fe8b6438c02a9f59,samples/pl/microsoft-developer-studio-project/e5348d3063aefad4f077be13fe8b6438c02a9f59/metadata.json,swh:1:cnt:e5348d3063aefad4f077be13fe8b6438c02a9f59;origin=https://github.com/StepMania-AMX/StepMania-AMX;anchor=swh:1:rev:fd57b3f35eeff8beaf8d7e8cae0dc0c452add6b2;path=/src/smpackage/ZipArchive/ZipArchive_STL_DLL.dsp,swh:1:cnt:e5348d3063aefad4f077be13fe8b6438c02a9f59,swh:1:rev:fd57b3f35eeff8beaf8d7e8cae0dc0c452add6b2,swh:1:ori:e8e04b9666a17eeb5235587b58102e84408ec1a6,yes,yes,skipped,yes,2026-05-15T17:24:06+00:00
pl/4d,6ab38489871b6e1c43b38473a9985013e1e4a527,samples/pl/4d/6ab38489871b6e1c43b38473a9985013e1e4a527/metadata.json,swh:1:cnt:6ab38489871b6e1c43b38473a9985013e1e4a527;origin=https://github.com/sampoh/DEMO_APP_V19;anchor=swh:1:rev:02639f908f1fefc6529268a2e1349bed82daec60;path=/DEMO_Server/Project/Sources/Methods/DEMOS_List.4dm,swh:1:cnt:6ab38489871b6e1c43b38473a9985013e1e4a527,swh:1:rev:02639f908f1fefc6529268a2e1349bed82daec60,swh:1:ori:7d19670b25e1356d0fdb422b7722cdd044f8ac35,yes,yes,skipped,yes,2026-05-15T17:24:06+00:00
pl/php,d2219cc92f7f417e6d5e3941eccfa9372354bd03,samples/pl/php/d2219cc92f7f417e6d5e3941eccfa9372354bd03/metadata.json,swh:1:cnt:d2219cc92f7f417e6d5e3941eccfa9372354bd03;origin=https://github.com/hechenqingyuan/gitwms;anchor=swh:1:rev:17acfbbf920f92ce2faf466f324ff4c98e7e96c1;path=/Git.Storage.Web/Theme/plugins/jquery-validation/demo/marketo/emails.phps,swh:1:cnt:d2219cc92f7f417e6d5e3941eccfa9372354bd03,swh:1:rev:17acfbbf920f92ce2faf466f324ff4c98e7e96c1,swh:1:ori:ac95b4a941df7a930fd3885d909e29d38c3e7874,yes,yes,skipped,yes,2026-05-15T17:24:06+00:00
pl/quickbasic,996e120260a35c6f6ef02607ce64a9b4741876fc,samples/pl/quickbasic/996e120260a35c6f6ef02607ce64a9b4741876fc/metadata.json,swh:1:cnt:996e120260a35c6f6ef02607ce64a9b4741876fc;origin=https://github.com/surveydude/Gillespie-BASIC;anchor=swh:1:rev:83686565dbcf5fa5b47b79464ede407b9673356b;path=/Demos_New/Whilewend.Bas,swh:1:cnt:996e120260a35c6f6ef02607ce64a9b4741876fc,swh:1:rev:83686565dbcf5fa5b47b79464ede407b9673356b,swh:1:ori:f21c5dfced6337ab3772d669612b0e4882afa558,yes,yes,skipped,yes,2026-05-15T17:24:06+00:00
pl/quickbasic,bea361e2a4706346d8c12899e1f61cfd60ff8c6f,samples/pl/quickbasic/bea361e2a4706346d8c12899e1f61cfd60ff8c6f/metadata.json,swh:1:cnt:bea361e2a4706346d8c12899e1f61cfd60ff8c6f;origin=https://github.com/OS2World/DEV-SAMPLES-BASIC-OS2_Toolkit_MS_Basic;anchor=swh:1:rev:f15e5e1359b9b218a1e7459c0b7fdcc3c699fa8c;path=/WININPUT.BI,swh:1:cnt:bea361e2a4706346d8c12899e1f61cfd60ff8c6f,swh:1:rev:f15e5e1359b9b218a1e7459c0b7fdcc3c699fa8c,swh:1:ori:84956857ca136586b3e6a6b2039719febd6189da,yes,yes,skipped,yes,2026-05-15T17:24:06+00:00
pl/quickbasic,c52cbf956619cf48c8a2a4a917d14591ad8aaf1a,samples/pl/quickbasic/c52cbf956619cf48c8a2a4a917d14591ad8aaf1a/metadata.json,swh:1:cnt:c52cbf956619cf48c8a2a4a917d14591ad8aaf1a;origin=https://github.com/OS2World/DEV-SAMPLES-BASIC-OS2_Toolkit_MS_Basic;anchor=swh:1:rev:f15e5e1359b9b218a1e7459c0b7fdcc3c699fa8c;path=/GPIPATH.BI,swh:1:cnt:c52cbf956619cf48c8a2a4a917d14591ad8aaf1a,swh:1:rev:f15e5e1359b9b218a1e7459c0b7fdcc3c699fa8c,swh:1:ori:84956857ca136586b3e6a6b2039719febd6189da,yes,yes,skipped,yes,2026-05-15T17:24:06+00:00
pl/lua,987ab40365440347ede593d5969f1a562a453306,samples/pl/lua/987ab40365440347ede593d5969f1a562a453306/metadata.json,swh:1:cnt:987ab40365440347ede593d5969f1a562a453306;origin=https://github.com/vorsgren/DFmark-linux;anchor=swh:1:rev:9e1950fc1ff57629a2a492bec617bf52006f9a47;path=/df_linux/hack/scripts/clear-smoke.lua,swh:1:cnt:987ab40365440347ede593d5969f1a562a453306,swh:1:rev:9e1950fc1ff57629a2a492bec617bf52006f9a47,swh:1:ori:d37ef24286d808520c48bcf524e99220bb5aae88,yes,yes,skipped,yes,2026-05-15T17:24:06+00:00
pl/lua,0ca3acacf9e7e7b70231baa011c93b91c4ef1aa2,samples/pl/lua/0ca3acacf9e7e7b70231baa011c93b91c4ef1aa2/metadata.json,swh:1:cnt:0ca3acacf9e7e7b70231baa011c93b91c4ef1aa2;origin=https://github.com/PathOfBuildingCommunity/PathOfBuilding;anchor=swh:1:rev:9d77d8caa7565cca82d474d78a702cf61d29be76;path=/src/LaunchInstall.lua,swh:1:cnt:0ca3acacf9e7e7b70231baa011c93b91c4ef1aa2,swh:1:rev:9d77d8caa7565cca82d474d78a702cf61d29be76,swh:1:ori:c9399fcc69ae330780afd4819cdaa363bf9d63ad,yes,yes,skipped,yes,2026-05-15T17:24:06+00:00
pl/lua,72e92b0a5fe779391e29c98a69f739e80653dcd2,samples/pl/lua/72e92b0a5fe779391e29c98a69f739e80653dcd2/metadata.json,swh:1:cnt:72e92b0a5fe779391e29c98a69f739e80653dcd2;origin=https://github.com/DFHack/scripts;anchor=swh:1:rev:b0fe5172ff1ad74162ccdb0f161c88ddf7c40270;path=/remove-wear.lua,swh:1:cnt:72e92b0a5fe779391e29c98a69f739e80653dcd2,swh:1:rev:b0fe5172ff1ad74162ccdb0f161c88ddf7c40270,swh:1:ori:e1b60233cd986cdc0429980d6174f5ae8ff4336f,yes,yes,skipped,yes,2026-05-15T17:24:06+00:00
pl/nesc,27edccc8bdd6d670418e32819385abb44809c6e4,samples/pl/nesc/27edccc8bdd6d670418e32819385abb44809c6e4/metadata.json,swh:1:cnt:27edccc8bdd6d670418e32819385abb44809c6e4;origin=https://github.com/jmattsson/tinyos-arduino;anchor=swh:1:rev:11e80511993c2aaaef79b5ffa1deb8700355262a;path=/tos/chips/pxa27x/dma/HplPXA27xDMAInfoC.nc,swh:1:cnt:27edccc8bdd6d670418e32819385abb44809c6e4,swh:1:rev:11e80511993c2aaaef79b5ffa1deb8700355262a,swh:1:ori:b46485a90a56f1f3932ddbaaae6548c97f63c2e5,yes,yes,skipped,yes,2026-05-15T17:24:06+00:00
pl/latte,2d7dd4c695f99e7d199c2fe1aefe81c613001bcf,samples/pl/latte/2d7dd4c695f99e7d199c2fe1aefe81c613001bcf/metadata.json,swh:1:cnt:2d7dd4c695f99e7d199c2fe1aefe81c613001bcf;origin=https://github.com/netis-cms/netis;anchor=swh:1:rev:5fef43aa07f39aafbbe5cea337e658299311ac57;path=/app/UI/Backend/Permissions/privileges.latte,swh:1:cnt:2d7dd4c695f99e7d199c2fe1aefe81c613001bcf,swh:1:rev:5fef43aa07f39aafbbe5cea337e658299311ac57,swh:1:ori:28bd3f9349b93c3aeb281309c97e8a70eeb7ba95,yes,yes,skipped,yes,2026-05-15T17:24:06+00:00
pl/roff-manpage,5dcbb2b8475ec62e6723eab2da59211a3b494c05,samples/pl/roff-manpage/5dcbb2b8475ec62e6723eab2da59211a3b494c05/metadata.json,swh:1:cnt:5dcbb2b8475ec62e6723eab2da59211a3b494c05;origin=https://github.com/freebsd/freebsd-src;anchor=swh:1:rev:fa9896e082a1046ff4fbc75fcba4d18d1f2efc19;path=/share/man/man9/alq.9,swh:1:cnt:5dcbb2b8475ec62e6723eab2da59211a3b494c05,swh:1:rev:fa9896e082a1046ff4fbc75fcba4d18d1f2efc19,swh:1:ori:6caee1da223185e27381aaae5015a1510e639867,yes,yes,skipped,yes,2026-05-15T17:24:06+00:00
pl/roff-manpage,79c30ca7788ea0c1637500a18694c385818c419b,samples/pl/roff-manpage/79c30ca7788ea0c1637500a18694c385818c419b/metadata.json,swh:1:cnt:79c30ca7788ea0c1637500a18694c385818c419b;origin=https://github.com/freebsd/freebsd-src;anchor=swh:1:rev:fa9896e082a1046ff4fbc75fcba4d18d1f2efc19;path=/share/man/man4/ng_ether.4,swh:1:cnt:79c30ca7788ea0c1637500a18694c385818c419b,swh:1:rev:fa9896e082a1046ff4fbc75fcba4d18d1f2efc19,swh:1:ori:6caee1da223185e27381aaae5015a1510e639867,yes,yes,skipped,yes,2026-05-15T17:24:06+00:00
pl/roff-manpage,ee422e45caef71d0c882c6def2bcab457723e922,samples/pl/roff-manpage/ee422e45caef71d0c882c6def2bcab457723e922/metadata.json,swh:1:cnt:ee422e45caef71d0c882c6def2bcab457723e922;origin=https://github.com/freebsd/freebsd-src;anchor=swh:1:rev:fa9896e082a1046ff4fbc75fcba4d18d1f2efc19;path=/share/man/man9/panic.9,swh:1:cnt:ee422e45caef71d0c882c6def2bcab457723e922,swh:1:rev:fa9896e082a1046ff4fbc75fcba4d18d1f2efc19,swh:1:ori:6caee1da223185e27381aaae5015a1510e639867,yes,yes,skipped,yes,2026-05-15T17:24:06+00:00
pl/nunjucks,4c1c4be18ae6abfef87b8b5112246a1e74ab6fff,samples/pl/nunjucks/4c1c4be18ae6abfef87b8b5112246a1e74ab6fff/metadata.json,swh:1:cnt:4c1c4be18ae6abfef87b8b5112246a1e74ab6fff;origin=https://github.com/christopherthomasdesign/dfe-manage-teacher-applications;anchor=swh:1:rev:60531bd06cf7acfe999dcc406868e368471f0c35;path=/app/views/_includes/application/personal-statement.njk,swh:1:cnt:4c1c4be18ae6abfef87b8b5112246a1e74ab6fff,swh:1:rev:60531bd06cf7acfe999dcc406868e368471f0c35,swh:1:ori:6b9021a7f20d398ea055ea0751aa03988d5b62a8,yes,yes,skipped,yes,2026-05-15T17:24:06+00:00
pl/solidity,a070f6ba7cdfa89551b7ff9ecade802e972f5d00,samples/pl/solidity/a070f6ba7cdfa89551b7ff9ecade802e972f5d00/metadata.json,swh:1:cnt:a070f6ba7cdfa89551b7ff9ecade802e972f5d00;origin=https://github.com/jeffchen006/nft-empirical-study;anchor=swh:1:rev:5e77dec5057b850605f1e3db8827f79101831cff;path=/contracts/mainnet/c8/C85AbBdd7aC6E31736F04047E45cB770EB00196e_SimpleCollectible.sol,swh:1:cnt:a070f6ba7cdfa89551b7ff9ecade802e972f5d00,swh:1:rev:5e77dec5057b850605f1e3db8827f79101831cff,swh:1:ori:9184194cd0e44a628bcda80689cd63aebd6d7f74,yes,yes,skipped,yes,2026-05-15T17:24:06+00:00
pl/glsl,3aa207b1a3db58d7035820467fd9ea9767031405,samples/pl/glsl/3aa207b1a3db58d7035820467fd9ea9767031405/metadata.json,swh:1:cnt:3aa207b1a3db58d7035820467fd9ea9767031405;origin=https://github.com/romanalexander/jedi-academy;anchor=swh:1:rev:d5ee0a8fc6a1fbb7f655f67485bea0f7345a6e50;path=/code/x_shaders/specular_static.vsh,swh:1:cnt:3aa207b1a3db58d7035820467fd9ea9767031405,swh:1:rev:d5ee0a8fc6a1fbb7f655f67485bea0f7345a6e50,swh:1:ori:777db9adbcb7238e0c8ef1790ab6a751b5dea3ae,yes,yes,skipped,yes,2026-05-15T17:24:06+00:00
pl/glsl,7ff5f606d7528032b44eceeea1e58e135d81ab9e,samples/pl/glsl/7ff5f606d7528032b44eceeea1e58e135d81ab9e/metadata.json,swh:1:cnt:7ff5f606d7528032b44eceeea1e58e135d81ab9e;origin=https://github.com/leguiart/ProyectoCGA;anchor=swh:1:rev:88f2e4ce5d1a143819e79074175f83773e99e15c;path=/Shaders/mixTexture.vs,swh:1:cnt:7ff5f606d7528032b44eceeea1e58e135d81ab9e,swh:1:rev:88f2e4ce5d1a143819e79074175f83773e99e15c,swh:1:ori:faa8f073ca1c389306060f8efcef68577f84a9c9,yes,yes,skipped,yes,2026-05-15T17:24:06+00:00
pl/glsl,0ccd6f17316e570dbec2bb45e805649907925d71,samples/pl/glsl/0ccd6f17316e570dbec2bb45e805649907925d71/metadata.json,swh:1:cnt:0ccd6f17316e570dbec2bb45e805649907925d71;origin=https://github.com/kavika13/overgrowth-scripts;anchor=swh:1:rev:8538f3b53a2d51f2afb466c0d1217d71dc4ee80e;path=/Data/GLSL/envobject.geom,swh:1:cnt:0ccd6f17316e570dbec2bb45e805649907925d71,swh:1:rev:8538f3b53a2d51f2afb466c0d1217d71dc4ee80e,swh:1:ori:4484cd842b3f2ba90eca094378c747d8a2c1947c,yes,yes,skipped,yes,2026-05-15T17:24:06+00:00
pl/glsl,301769c94296606ad68f37e78cfcecdb99d31abb,samples/pl/glsl/301769c94296606ad68f37e78cfcecdb99d31abb/metadata.json,swh:1:cnt:301769c94296606ad68f37e78cfcecdb99d31abb;origin=https://github.com/DragoniteSpam-GameMaker-Tutorials/Bombadier;anchor=swh:1:rev:a7fbbe5b5159b162d516536ccd992900dfc06ae2;path=/shaders/shd_solid_color/shd_solid_color.vsh,swh:1:cnt:301769c94296606ad68f37e78cfcecdb99d31abb,swh:1:rev:a7fbbe5b5159b162d516536ccd992900dfc06ae2,swh:1:ori:a80230b744ef755178f0a98ece29622ba2f1e05b,yes,yes,skipped,yes,2026-05-15T17:24:06+00:00
pl/powershell,71d875c83281e22f4551f728437fc8f4f7d037e7,samples/pl/powershell/71d875c83281e22f4551f728437fc8f4f7d037e7/metadata.json,swh:1:cnt:71d875c83281e22f4551f728437fc8f4f7d037e7;origin=https://github.com/DevOpsBoondoggles/PackerTemplates;anchor=swh:1:rev:773f164f4a7afdfe1205113b475a7645dd10ed69;path=/build_windows_2019_docker_azure.ps1,swh:1:cnt:71d875c83281e22f4551f728437fc8f4f7d037e7,swh:1:rev:773f164f4a7afdfe1205113b475a7645dd10ed69,swh:1:ori:384010889070e874b1eb3856d026ce6f39490f0a,yes,yes,skipped,yes,2026-05-15T17:24:06+00:00
pl/arduino,be9942794fa61548e0b89eb31a6bc692a246a0d5,samples/pl/arduino/be9942794fa61548e0b89eb31a6bc692a246a0d5/metadata.json,swh:1:cnt:be9942794fa61548e0b89eb31a6bc692a246a0d5;origin=https://github.com/nppc/MiniTX_ER9xrPro;anchor=swh:1:rev:a5a794339f376e1c355c4c8604e4a68ba2eb772b;path=/Multiprotocol/Hontai_nrf24l01.ino,swh:1:cnt:be9942794fa61548e0b89eb31a6bc692a246a0d5,swh:1:rev:a5a794339f376e1c355c4c8604e4a68ba2eb772b,swh:1:ori:2d174cba9eff29a5a51433a52aa250bc482a683a,yes,yes,skipped,yes,2026-05-15T17:24:06+00:00
pl/slash,b0edbed91284fe8c2791b7eb17b145ffc8893c2c,samples/pl/slash/b0edbed91284fe8c2791b7eb17b145ffc8893c2c/metadata.json,swh:1:cnt:b0edbed91284fe8c2791b7eb17b145ffc8893c2c;origin=https://github.com/jedsoft/jed;anchor=swh:1:rev:aaae6ecd2f0414997c58b1bc309e93612b65dd98;path=/lib/isearch.sl,swh:1:cnt:b0edbed91284fe8c2791b7eb17b145ffc8893c2c,swh:1:rev:aaae6ecd2f0414997c58b1bc309e93612b65dd98,swh:1:ori:275b5fee0dbef9cb7abefde4936ecadabd493517,yes,yes,skipped,yes,2026-05-15T17:24:06+00:00
pl/tcl,9ae7bee9a3b48816f3c978ed6af17aa9de1c4efc,samples/pl/tcl/9ae7bee9a3b48816f3c978ed6af17aa9de1c4efc/metadata.json,swh:1:cnt:9ae7bee9a3b48816f3c978ed6af17aa9de1c4efc;origin=https://github.com/MinimalOS/arm-linux-androideabi-4.9;anchor=swh:1:rev:70f01eba6b3bcfc8825ceffa01244f5f85908559;path=/arm-linux-androideabi/lib/ldscripts/elf32tilegx_be.xdc,swh:1:cnt:9ae7bee9a3b48816f3c978ed6af17aa9de1c4efc,swh:1:rev:70f01eba6b3bcfc8825ceffa01244f5f85908559,swh:1:ori:224a210e4a3dcf74608a3d3d3b48c5d098956fdb,yes,yes,skipped,yes,2026-05-15T17:24:06+00:00
pl/tcl,b2005fc5c6d42a9fc23bcea738c710e70eaa095c,samples/pl/tcl/b2005fc5c6d42a9fc23bcea738c710e70eaa095c/metadata.json,swh:1:cnt:b2005fc5c6d42a9fc23bcea738c710e70eaa095c;origin=https://github.com/suisuisi/FPGA_Library;anchor=swh:1:rev:d95b04432091b7498f2233ee55743a022f64c7ad;path=/ThreePart/digilent_ip/ip/Pmods/PmodOLED_v1_0/src/PmodOLED_ooc.xdc,swh:1:cnt:b2005fc5c6d42a9fc23bcea738c710e70eaa095c,swh:1:rev:d95b04432091b7498f2233ee55743a022f64c7ad,swh:1:ori:f9f4ad60b1f16f70b764ad65edefbe98ec0116d7,yes,yes,skipped,yes,2026-05-15T17:24:06+00:00
pl/webassembly,bca1fd03b460feee90314f9d6c9f56cdeef50fe7,samples/pl/webassembly/bca1fd03b460feee90314f9d6c9f56cdeef50fe7/metadata.json,swh:1:cnt:bca1fd03b460feee90314f9d6c9f56cdeef50fe7;origin=https://github.com/johalun/rustkpi;anchor=swh:1:rev:dd2950397b0d12fdffe1a5692f65fe2c2e769e51;path=/rust/rust-src-1.25.0/src/binaryen/test/llvm_autogenerated/return-int32.wast,swh:1:cnt:bca1fd03b460feee90314f9d6c9f56cdeef50fe7,swh:1:rev:dd2950397b0d12fdffe1a5692f65fe2c2e769e51,swh:1:ori:e1b245c5478b4c9d852f97bc4338580b1148c423,yes,yes,skipped,yes,2026-05-15T17:24:06+00:00
pl/asciidoc,383f2d7e0a29f06a88cfe97229b7e45bc1e53527,samples/pl/asciidoc/383f2d7e0a29f06a88cfe97229b7e45bc1e53527/metadata.json,swh:1:cnt:383f2d7e0a29f06a88cfe97229b7e45bc1e53527;origin=https://github.com/OpenLiberty/blogs;anchor=swh:1:rev:aed17e0f31e7d98a23a95852b5a75250775d2c2d;path=/posts/2018-06-29-full_java_ee_8_liberty_18002.adoc,swh:1:cnt:383f2d7e0a29f06a88cfe97229b7e45bc1e53527,swh:1:rev:aed17e0f31e7d98a23a95852b5a75250775d2c2d,swh:1:ori:a2d3182bd14488629cb13b9b73c33f318a185494,yes,yes,skipped,yes,2026-05-15T17:24:06+00:00
pl/asciidoc,1263991ebf5b624a5824a1ff5c807244fb84b095,samples/pl/asciidoc/1263991ebf5b624a5824a1ff5c807244fb84b095/metadata.json,swh:1:cnt:1263991ebf5b624a5824a1ff5c807244fb84b095;origin=https://github.com/OpenLiberty/blogs;anchor=swh:1:rev:aed17e0f31e7d98a23a95852b5a75250775d2c2d;path=/posts/2017-12-21-jsf-implementation-open-liberty-17004.adoc,swh:1:cnt:1263991ebf5b624a5824a1ff5c807244fb84b095,swh:1:rev:aed17e0f31e7d98a23a95852b5a75250775d2c2d,swh:1:ori:a2d3182bd14488629cb13b9b73c33f318a185494,yes,yes,skipped,yes,2026-05-15T17:24:06+00:00
pl/handlebars,26d4a881d0eb1ec0d3195ad23df5510f37cbc084,samples/pl/handlebars/26d4a881d0eb1ec0d3195ad23df5510f37cbc084/metadata.json,swh:1:cnt:26d4a881d0eb1ec0d3195ad23df5510f37cbc084;origin=https://github.com/snowangel912/ghost;anchor=swh:1:rev:dce2e68c9a620e9534f723a94dbb5f33c9e43034;path=/ghost/admin/app/components/gh-portal-links.hbs,swh:1:cnt:26d4a881d0eb1ec0d3195ad23df5510f37cbc084,swh:1:rev:dce2e68c9a620e9534f723a94dbb5f33c9e43034,swh:1:ori:d287daabfd735024da8004f02466f28b5e940f92,yes,yes,skipped,yes,2026-05-15T17:24:06+00:00
pl/handlebars,b2823e874b5e125ece84f31a122eab062730a780,samples/pl/handlebars/b2823e874b5e125ece84f31a122eab062730a780/metadata.json,swh:1:cnt:b2823e874b5e125ece84f31a122eab062730a780;origin=https://github.com/polonel/trudesk;anchor=swh:1:rev:8e35a015e29e81eda579ea0829d04b6046ca0683;path=/src/views/calendar.hbs,swh:1:cnt:b2823e874b5e125ece84f31a122eab062730a780,swh:1:rev:8e35a015e29e81eda579ea0829d04b6046ca0683,swh:1:ori:0b9c97d666aa26d5d6188653ad09db41358daf0a,yes,yes,skipped,yes,2026-05-15T17:24:06+00:00
pl/scala,7238dbfa882214eec7d40aa5d41ce94fceca6ffb,samples/pl/scala/7238dbfa882214eec7d40aa5d41ce94fceca6ffb/metadata.json,swh:1:cnt:7238dbfa882214eec7d40aa5d41ce94fceca6ffb;origin=https://github.com/rtyley/bfg-repo-cleaner;anchor=swh:1:rev:1bd9715198dd53cdffa6512a5f3af3f04f82b803;path=/version.sbt,swh:1:cnt:7238dbfa882214eec7d40aa5d41ce94fceca6ffb,swh:1:rev:1bd9715198dd53cdffa6512a5f3af3f04f82b803,swh:1:ori:0aa5c177a1d45416a2819e30ffcaa43e01e88506,yes,yes,skipped,yes,2026-05-15T17:24:06+00:00
pl/vala,44aac55f5fa654bc70c458bc2a3cec768c818a96,samples/pl/vala/44aac55f5fa654bc70c458bc2a3cec768c818a96/metadata.json,swh:1:cnt:44aac55f5fa654bc70c458bc2a3cec768c818a96;origin=https://github.com/anoane/frida-linux-arm-12.11.18.1-uClibc-0.9.33.2-prebuilt;anchor=swh:1:rev:dc616999022d0cfcc74c54ded4301e5a2e225e86;path=/frida_thin-linux-arm/share/vala/vapi/frida-core-1.0.vapi,swh:1:cnt:44aac55f5fa654bc70c458bc2a3cec768c818a96,swh:1:rev:dc616999022d0cfcc74c54ded4301e5a2e225e86,swh:1:ori:fe42125962867d993da51ffce09fb08bddb8ee8a,yes,yes,skipped,yes,2026-05-15T17:24:06+00:00
pl/cpp,d0efe66e4f5aa53c2e4f93aa26476ec57522fb2d,samples/pl/cpp/d0efe66e4f5aa53c2e4f93aa26476ec57522fb2d/metadata.json,swh:1:cnt:d0efe66e4f5aa53c2e4f93aa26476ec57522fb2d;origin=https://github.com/WhitmanOptiLab/DENSE;anchor=swh:1:rev:26aad9018f593bc958dd848dca92f8c0cc8fda15;path=/source/measurement/oscillation.ipp,swh:1:cnt:d0efe66e4f5aa53c2e4f93aa26476ec57522fb2d,swh:1:rev:26aad9018f593bc958dd848dca92f8c0cc8fda15,swh:1:ori:745dfee37a54b4ddd4e27a4d4d54115686aafda2,yes,yes,skipped,yes,2026-05-15T17:24:06+00:00
pl/cpp,87a75d5d2567f8644a4ef41724c6f02105904f7e,samples/pl/cpp/87a75d5d2567f8644a4ef41724c6f02105904f7e/metadata.json,swh:1:cnt:87a75d5d2567f8644a4ef41724c6f02105904f7e;origin=https://github.com/kiwibrowser/src.next;anchor=swh:1:rev:b2a61e552c940b89d2ae504de720832780f4e7ea;path=/chrome/browser/cache_stats_recorder.h,swh:1:cnt:87a75d5d2567f8644a4ef41724c6f02105904f7e,swh:1:rev:b2a61e552c940b89d2ae504de720832780f4e7ea,swh:1:ori:0ce06ee0f1c0516de781f66933eb9e181d06ccd9,yes,yes,skipped,yes,2026-05-15T17:24:06+00:00
pl/matlab,903a5c4f55e1a5817c9b04818ff572b3ba61441f,samples/pl/matlab/903a5c4f55e1a5817c9b04818ff572b3ba61441f/metadata.json,swh:1:cnt:903a5c4f55e1a5817c9b04818ff572b3ba61441f;origin=https://github.com/project-asgard/DG-SparseGrid;anchor=swh:1:rev:74b4d6402f6d5a70639a369bb731ff421532f0c1;path=/get_file_length.m,swh:1:cnt:903a5c4f55e1a5817c9b04818ff572b3ba61441f,swh:1:rev:74b4d6402f6d5a70639a369bb731ff421532f0c1,swh:1:ori:5c45fa4385ba789e38f07c38ea52ef53fa8cd0e8,yes,yes,skipped,yes,2026-05-15T17:24:06+00:00
pl/matlab,f97064e7b5e7406e8334a2b53c2304bc66b9a66b,samples/pl/matlab/f97064e7b5e7406e8334a2b53c2304bc66b9a66b/metadata.json,swh:1:cnt:f97064e7b5e7406e8334a2b53c2304bc66b9a66b;origin=https://github.com/project-asgard/DG-SparseGrid;anchor=swh:1:rev:74b4d6402f6d5a70639a369bb731ff421532f0c1;path=/md_idx_to_lev_pos.m,swh:1:cnt:f97064e7b5e7406e8334a2b53c2304bc66b9a66b,swh:1:rev:74b4d6402f6d5a70639a369bb731ff421532f0c1,swh:1:ori:5c45fa4385ba789e38f07c38ea52ef53fa8cd0e8,yes,yes,skipped,yes,2026-05-15T17:24:06+00:00
pl/roff,63ea142127ce9d0414832369040e4c47599a3b9f,samples/pl/roff/63ea142127ce9d0414832369040e4c47599a3b9f/metadata.json,swh:1:cnt:63ea142127ce9d0414832369040e4c47599a3b9f;origin=https://github.com/bpr97050/DEMOS;anchor=swh:1:rev:13f10340e432b98cbeacdcc24d0254c1f7393e55;path=/rubin/doc/demos/rubin.nr,swh:1:cnt:63ea142127ce9d0414832369040e4c47599a3b9f,swh:1:rev:13f10340e432b98cbeacdcc24d0254c1f7393e55,swh:1:ori:2ad489b6527bb2882772e25b896b1f6bfc817fd6,yes,yes,skipped,yes,2026-05-15T17:24:06+00:00
pl/sas,6ecc24b97345785410eab66737ba2a17a8cf27b7,samples/pl/sas/6ecc24b97345785410eab66737ba2a17a8cf27b7/metadata.json,swh:1:cnt:6ecc24b97345785410eab66737ba2a17a8cf27b7;origin=https://github.com/xueqilsj/sas-grammar;anchor=swh:1:rev:158ea6568117c3d6e90e81a2b7b782f0684ec1d5;path=/ArrayStmt.sas,swh:1:cnt:6ecc24b97345785410eab66737ba2a17a8cf27b7,swh:1:rev:158ea6568117c3d6e90e81a2b7b782f0684ec1d5,swh:1:ori:0df298312e5f160e934d607316fcbc915d6d0473,yes,yes,skipped,yes,2026-05-15T17:24:06+00:00
pl/postscript,9d1eea282437ace446edca9522c4e4101da870e5,samples/pl/postscript/9d1eea282437ace446edca9522c4e4101da870e5/metadata.json,swh:1:cnt:9d1eea282437ace446edca9522c4e4101da870e5;origin=https://github.com/zguoch/ModernGMT;anchor=swh:1:rev:1f2395a55e54047f26806eae2f2a2b18b24614a6;path=/src/PSL_prologue.ps,swh:1:cnt:9d1eea282437ace446edca9522c4e4101da870e5,swh:1:rev:1f2395a55e54047f26806eae2f2a2b18b24614a6,swh:1:ori:8bf19f9c5eed5da41fcc1169ff1ed7b8d7e71d7b,yes,yes,skipped,yes,2026-05-15T17:24:06+00:00
pl/tcsh,7d4b4b9a0eae07d50dbd63bf0029b417d9f648c0,samples/pl/tcsh/7d4b4b9a0eae07d50dbd63bf0029b417d9f648c0/metadata.json,swh:1:cnt:7d4b4b9a0eae07d50dbd63bf0029b417d9f648c0;origin=https://github.com/starship/starship;anchor=swh:1:rev:d21400a4784e17b7a4afe110155c01717f835388;path=/src/init/starship.tcsh,swh:1:cnt:7d4b4b9a0eae07d50dbd63bf0029b417d9f648c0,swh:1:rev:d21400a4784e17b7a4afe110155c01717f835388,swh:1:ori:eb9c39ec68a35a233cd572be22e365dfa1cca02b,yes,yes,skipped,yes,2026-05-15T17:24:06+00:00
pl/d2,e82e05751feab344a7be7a71de6b6be49ddd6f5a,samples/pl/d2/e82e05751feab344a7be7a71de6b6be49ddd6f5a/metadata.json,swh:1:cnt:e82e05751feab344a7be7a71de6b6be49ddd6f5a;origin=https://github.com/Adhalianna/wit;anchor=swh:1:rev:db89a716a47785862b9324c2311b940e3027d6c5;path=/docs/paper/img/implementation-components.d2,swh:1:cnt:e82e05751feab344a7be7a71de6b6be49ddd6f5a,swh:1:rev:db89a716a47785862b9324c2311b940e3027d6c5,swh:1:ori:f85a466deeaddf33c5f82da90280106d9953a4e5,yes,yes,skipped,yes,2026-05-15T17:24:06+00:00
pl/m4,e6c87cf5b0559c2058e1ba0dc1d796438c987047,samples/pl/m4/e6c87cf5b0559c2058e1ba0dc1d796438c987047/metadata.json,swh:1:cnt:e6c87cf5b0559c2058e1ba0dc1d796438c987047;origin=https://github.com/corretto/corretto-17;anchor=swh:1:rev:ef0f693065eddd5c86b9e0fc52d57eafb0b1dc50;path=/src/hotspot/cpu/aarch64/ad_encode.m4,swh:1:cnt:e6c87cf5b0559c2058e1ba0dc1d796438c987047,swh:1:rev:ef0f693065eddd5c86b9e0fc52d57eafb0b1dc50,swh:1:ori:83f01086b8ca64c0f87a436bb8b1eb439526e849,yes,yes,skipped,yes,2026-05-15T17:24:06+00:00
pl/cweb,b4895ceb3eaaf0c305d6f907b03bca1041a8b497,samples/pl/cweb/b4895ceb3eaaf0c305d6f907b03bca1041a8b497/metadata.json,swh:1:cnt:b4895ceb3eaaf0c305d6f907b03bca1041a8b497;origin=https://github.com/gchilders/lasieve5_nfsathome;anchor=swh:1:rev:3be451f1831f969899080b74602965df0cf57445;path=/athlon64/medsched.w,swh:1:cnt:b4895ceb3eaaf0c305d6f907b03bca1041a8b497,swh:1:rev:3be451f1831f969899080b74602965df0cf57445,swh:1:ori:c09e01f5006a7da3fd2f01b2e4d6522acf1d144c,yes,yes,skipped,yes,2026-05-15T17:24:06+00:00
pl/fortran,7ecbaeb6ceb72c18f8f5b8a4660d36a8703937ba,samples/pl/fortran/7ecbaeb6ceb72c18f8f5b8a4660d36a8703937ba/metadata.json,swh:1:cnt:7ecbaeb6ceb72c18f8f5b8a4660d36a8703937ba;origin=https://github.com/gklimowicz/FCVS;anchor=swh:1:rev:54136841d6a84c1e8403b9423b6ab0fbbb49d1e6;path=/FM254.FOR,swh:1:cnt:7ecbaeb6ceb72c18f8f5b8a4660d36a8703937ba,swh:1:rev:54136841d6a84c1e8403b9423b6ab0fbbb49d1e6,swh:1:ori:63d63ff5a75636042aee18fc2dfa211779117391,yes,yes,skipped,yes,2026-05-15T17:24:06+00:00
pl/fortran,7629668e705c792bea37e726af0d79485d54bdc3,samples/pl/fortran/7629668e705c792bea37e726af0d79485d54bdc3/metadata.json,swh:1:cnt:7629668e705c792bea37e726af0d79485d54bdc3;origin=https://github.com/Dhondtguido/CalculiX;anchor=swh:1:rev:350e9c8352c868c623483d2b7d037d6955de8b5f;path=/src/getversion.f,swh:1:cnt:7629668e705c792bea37e726af0d79485d54bdc3,swh:1:rev:350e9c8352c868c623483d2b7d037d6955de8b5f,swh:1:ori:d659889724cd419458561e7097428515c292bb73,yes,yes,skipped,yes,2026-05-15T17:24:06+00:00
pl/fortran,26bb85f1f62268ad503835ca29a3321d542c13f1,samples/pl/fortran/26bb85f1f62268ad503835ca29a3321d542c13f1/metadata.json,swh:1:cnt:26bb85f1f62268ad503835ca29a3321d542c13f1;origin=https://github.com/gklimowicz/FCVS;anchor=swh:1:rev:54136841d6a84c1e8403b9423b6ab0fbbb49d1e6;path=/FM251.FOR,swh:1:cnt:26bb85f1f62268ad503835ca29a3321d542c13f1,swh:1:rev:54136841d6a84c1e8403b9423b6ab0fbbb49d1e6,swh:1:ori:63d63ff5a75636042aee18fc2dfa211779117391,yes,yes,skipped,yes,2026-05-15T17:24:06+00:00
pl/labview,f6d0e6b7d787031df608f24d22279a6602126175,samples/pl/labview/f6d0e6b7d787031df608f24d22279a6602126175/metadata.json,swh:1:cnt:f6d0e6b7d787031df608f24d22279a6602126175;origin=https://github.com/NIVeriStandAdd-Ons/DAQ-Waveform-Function-Generator-Custom-Device;anchor=swh:1:rev:626ab3b36c8441f95ee835d716255e09c0767e08;path=/Source/System Explorer/Waveform Analog Output System Explorer.lvlib,swh:1:cnt:f6d0e6b7d787031df608f24d22279a6602126175,swh:1:rev:626ab3b36c8441f95ee835d716255e09c0767e08,swh:1:ori:962eff25c32e4dee7da5a3baf944dc58a80c8cfc,yes,yes,skipped,yes,2026-05-15T17:24:06+00:00
pl/linear-programming,cf7098be2e4d58ab2d6ae2068be4875f1ba42034,samples/pl/linear-programming/cf7098be2e4d58ab2d6ae2068be4875f1ba42034/metadata.json,swh:1:cnt:cf7098be2e4d58ab2d6ae2068be4875f1ba42034;origin=https://github.com/summerspringwei/dataflow-scheduler;anchor=swh:1:rev:a459902eab14bd71dcc25dee049b32604ed39b19;path=/mnn/models/pnasnet-mobile/redmi/cell_8-subgraphs.lp,swh:1:cnt:cf7098be2e4d58ab2d6ae2068be4875f1ba42034,swh:1:rev:a459902eab14bd71dcc25dee049b32604ed39b19,swh:1:ori:1391763ffaa0091e6496094b8fe2b083a337706a,yes,no,skipped,no,2026-05-15T17:24:06+00:00
pl/sourcepawn,402c7e3bba96acce71b595afe8ca76b47e19e246,samples/pl/sourcepawn/402c7e3bba96acce71b595afe8ca76b47e19e246/metadata.json,swh:1:cnt:402c7e3bba96acce71b595afe8ca76b47e19e246;origin=https://github.com/open-watcom/open-watcom-v2;anchor=swh:1:rev:1b9e0ce0d53e289b194120e3e1cba76c6cab867e;path=/bld/w32api/include/authid.sp,swh:1:cnt:402c7e3bba96acce71b595afe8ca76b47e19e246,swh:1:rev:1b9e0ce0d53e289b194120e3e1cba76c6cab867e,swh:1:ori:e44d2610048efe954f3d1f862bcc0dafcd56c0e6,yes,yes,skipped,yes,2026-05-15T17:24:06+00:00
pl/sourcepawn,d2e7244f9776e78fec78b6a53723fcb494b2c980,samples/pl/sourcepawn/d2e7244f9776e78fec78b6a53723fcb494b2c980/metadata.json,swh:1:cnt:d2e7244f9776e78fec78b6a53723fcb494b2c980;origin=https://github.com/open-watcom/open-watcom-v2;anchor=swh:1:rev:1b9e0ce0d53e289b194120e3e1cba76c6cab867e;path=/bld/hdr/nlserror.sp,swh:1:cnt:d2e7244f9776e78fec78b6a53723fcb494b2c980,swh:1:rev:1b9e0ce0d53e289b194120e3e1cba76c6cab867e,swh:1:ori:e44d2610048efe954f3d1f862bcc0dafcd56c0e6,yes,yes,skipped,yes,2026-05-15T17:24:06+00:00
pl/coffeescript,d81b0daac2a29a917d9c2534cbbf08cc3a5ff428,samples/pl/coffeescript/d81b0daac2a29a917d9c2534cbbf08cc3a5ff428/metadata.json,swh:1:cnt:d81b0daac2a29a917d9c2534cbbf08cc3a5ff428;origin=https://github.com/keybase/kbpgp;anchor=swh:1:rev:fb6d14df816170ebd1fd737f653058db3aa039cd;path=/src/openpgp/packet/compressed.iced,swh:1:cnt:d81b0daac2a29a917d9c2534cbbf08cc3a5ff428,swh:1:rev:fb6d14df816170ebd1fd737f653058db3aa039cd,swh:1:ori:71ae4978d5496c5746410255659cc3852271acb7,yes,yes,skipped,yes,2026-05-15T17:24:06+00:00
pl/idris,7ef3cc2560e795ecfe90a76e9b7fa6427a9dde95,samples/pl/idris/7ef3cc2560e795ecfe90a76e9b7fa6427a9dde95/metadata.json,swh:1:cnt:7ef3cc2560e795ecfe90a76e9b7fa6427a9dde95;origin=https://github.com/kevinsullivan/cs1113f16;anchor=swh:1:rev:523b9e9e58088ab0aebc18e89dea2b35eacb0c1f;path=/mylib/src/list_nat.idr,swh:1:cnt:7ef3cc2560e795ecfe90a76e9b7fa6427a9dde95,swh:1:rev:523b9e9e58088ab0aebc18e89dea2b35eacb0c1f,swh:1:ori:173120d3bc111c8ca34130be666962586fd3ca9d,yes,yes,skipped,yes,2026-05-15T17:24:06+00:00
pl/xslt,c7a5f1c53d9816cf3cd911314a8d0b0b1374663b,samples/pl/xslt/c7a5f1c53d9816cf3cd911314a8d0b0b1374663b/metadata.json,swh:1:cnt:c7a5f1c53d9816cf3cd911314a8d0b0b1374663b;origin=https://github.com/cwarden/mysql-proxy;anchor=swh:1:rev:9bf05eb6e5f5e3545119cc13dd9d8764c526a1af;path=/tests/gtester-to-junit.xslt,swh:1:cnt:c7a5f1c53d9816cf3cd911314a8d0b0b1374663b,swh:1:rev:9bf05eb6e5f5e3545119cc13dd9d8764c526a1af,swh:1:ori:b393d0a9daeeb302f7d65c123a93025b0abcdf42,yes,yes,skipped,yes,2026-05-15T17:24:06+00:00
pl/xslt,b783cc9aee1a2b38390d8a3ad607f17cfee0a102,samples/pl/xslt/b783cc9aee1a2b38390d8a3ad607f17cfee0a102/metadata.json,swh:1:cnt:b783cc9aee1a2b38390d8a3ad607f17cfee0a102;origin=https://github.com/anaptecs/jeaf-generator;anchor=swh:1:rev:5fa37c443fc40a99ccccccbf23c742d79558ac9d;path=/jeaf-message-constants-generator/src/main/resources/MessageConstantsGenerator.xslt,swh:1:cnt:b783cc9aee1a2b38390d8a3ad607f17cfee0a102,swh:1:rev:5fa37c443fc40a99ccccccbf23c742d79558ac9d,swh:1:ori:771a98c7f72fb0ad7b7613dae73adafc293f5df2,yes,yes,skipped,yes,2026-05-15T17:24:06+00:00
pl/javascript,92deefcadc6dbd7585ea9aded8e8ef772c857faa,samples/pl/javascript/92deefcadc6dbd7585ea9aded8e8ef772c857faa/metadata.json,swh:1:cnt:92deefcadc6dbd7585ea9aded8e8ef772c857faa;origin=https://github.com/CyberAula/ediphy;anchor=swh:1:rev:f540ecf03090c900cdf29da1160d08c55e2275a1;path=/_editor/components/external_provider/file_modal/APIProviders/providers/AudioBlocksComponent.es6,swh:1:cnt:92deefcadc6dbd7585ea9aded8e8ef772c857faa,swh:1:rev:f540ecf03090c900cdf29da1160d08c55e2275a1,swh:1:ori:fe6f24a28691aa4b652eb0ee29360b0beecf4a67,yes,yes,skipped,yes,2026-05-15T17:24:06+00:00
pl/javascript,2e7a097e6abdbebd6bf5235a0105a8276c3a84c4,samples/pl/javascript/2e7a097e6abdbebd6bf5235a0105a8276c3a84c4/metadata.json,swh:1:cnt:2e7a097e6abdbebd6bf5235a0105a8276c3a84c4;origin=https://github.com/thejeshgn/apps;anchor=swh:1:rev:98aaa1c1e0a7bf18380e12449bb8c458ca9d6979;path=/openjscad/examples/iphone4-case.jscad,swh:1:cnt:2e7a097e6abdbebd6bf5235a0105a8276c3a84c4,swh:1:rev:98aaa1c1e0a7bf18380e12449bb8c458ca9d6979,swh:1:ori:3ab831cc79ed0db332d8b9dc089164190f8bea03,yes,yes,skipped,yes,2026-05-15T17:24:06+00:00
pl/astro,64f4f9d3387aa14cfcce0689494ef1b5d67d63b2,samples/pl/astro/64f4f9d3387aa14cfcce0689494ef1b5d67d63b2/metadata.json,swh:1:cnt:64f4f9d3387aa14cfcce0689494ef1b5d67d63b2;origin=https://github.com/withastro/starlight;anchor=swh:1:rev:8a2c522785402fffd32a8b7db51d818e93523115;path=/docs/src/components/theme-grid.astro,swh:1:cnt:64f4f9d3387aa14cfcce0689494ef1b5d67d63b2,swh:1:rev:8a2c522785402fffd32a8b7db51d818e93523115,swh:1:ori:7e0407798300acba2c8e02d49fba9f21f0a31b0b,yes,yes,skipped,yes,2026-05-15T17:24:06+00:00
pl/csound,eaf5836473c41331c732448204d2c36d99f576f5,samples/pl/csound/eaf5836473c41331c732448204d2c36d99f576f5/metadata.json,swh:1:cnt:eaf5836473c41331c732448204d2c36d99f576f5;origin=https://github.com/JoelNash-Xuuki/DAW;anchor=swh:1:rev:90abcd0c88a64d3b0dc33bdfd93aacd30c69b7c5;path=/src/901.orc,swh:1:cnt:eaf5836473c41331c732448204d2c36d99f576f5,swh:1:rev:90abcd0c88a64d3b0dc33bdfd93aacd30c69b7c5,swh:1:ori:abca4594bb0c3a2f8c8869f88db32bf8af0dea55,yes,yes,skipped,yes,2026-05-15T17:24:06+00:00
pl/bicep,fc08ea59de59ecd53930005a541ac20a96c348dc,samples/pl/bicep/fc08ea59de59ecd53930005a541ac20a96c348dc/metadata.json,swh:1:cnt:fc08ea59de59ecd53930005a541ac20a96c348dc;origin=https://github.com/fberson/Getting-started-with-Bicep-Infrastructure-as-code-on-Azure;anchor=swh:1:rev:cba41aee1423902663aeda9cc31bc53bfb46f80f;path=/Samples/main-with-getsecret-function.bicep,swh:1:cnt:fc08ea59de59ecd53930005a541ac20a96c348dc,swh:1:rev:cba41aee1423902663aeda9cc31bc53bfb46f80f,swh:1:ori:7a642092b6057cb3ebb790341f132b49fddeeda2,yes,yes,skipped,yes,2026-05-15T17:24:06+00:00
pl/texinfo,4a4caff3fb31004eab48ef2cece3d2d2db7c1cf5,samples/pl/texinfo/4a4caff3fb31004eab48ef2cece3d2d2db7c1cf5/metadata.json,swh:1:cnt:4a4caff3fb31004eab48ef2cece3d2d2db7c1cf5;origin=https://github.com/evadnoob/emacs.d;anchor=swh:1:rev:eadbf1e22e2c903ce1c68bf45abf17745ce640cc;path=/emacs.p/jdibug/jdibug.texi,swh:1:cnt:4a4caff3fb31004eab48ef2cece3d2d2db7c1cf5,swh:1:rev:eadbf1e22e2c903ce1c68bf45abf17745ce640cc,swh:1:ori:ac091de5558c9e9da564426d5cbb7cef3fcf7e9e,yes,yes,skipped,yes,2026-05-15T17:24:06+00:00
pl/bitbake,ec5efcd408dc00e481bb3a83a5b7a27709717bcd,samples/pl/bitbake/ec5efcd408dc00e481bb3a83a5b7a27709717bcd/metadata.json,swh:1:cnt:ec5efcd408dc00e481bb3a83a5b7a27709717bcd;origin=https://github.com/yinbaiyuan/houzzkit-f1-opensource;anchor=swh:1:rev:526de23e1e0f213c85678c6367255fef9be0543f;path=/houzzkit-f1-bsp-k6199/yocto/poky/meta/recipes-multimedia/gstreamer/gstreamer1.0-omx_1.20.5.bb,swh:1:cnt:ec5efcd408dc00e481bb3a83a5b7a27709717bcd,swh:1:rev:526de23e1e0f213c85678c6367255fef9be0543f,swh:1:ori:3de9499caa25297be4d8d135b56680ec9a89f946,yes,no,skipped,no,2026-05-15T17:24:06+00:00
pl/bitbake,ca6cb7db58cbf414015e236b656f99fe3006ebd4,samples/pl/bitbake/ca6cb7db58cbf414015e236b656f99fe3006ebd4/metadata.json,swh:1:cnt:ca6cb7db58cbf414015e236b656f99fe3006ebd4;origin=https://github.com/ibm-openbmc/openbmc;anchor=swh:1:rev:fc113eade321128fc43b0b299e81ad07fc1edf3d;path=/meta-openembedded/meta-oe/recipes-extended/socketcan/can-utils_2023.03.bb,swh:1:cnt:ca6cb7db58cbf414015e236b656f99fe3006ebd4,swh:1:rev:fc113eade321128fc43b0b299e81ad07fc1edf3d,swh:1:ori:e7b4ef77cbe1e0a1c10bf20aead583dbecbcf0aa,yes,yes,skipped,yes,2026-05-15T17:24:06+00:00
pl/arc,d98265132cb6666b9e92107dd3157174b9b77d1f,samples/pl/arc/d98265132cb6666b9e92107dd3157174b9b77d1f/metadata.json,swh:1:cnt:d98265132cb6666b9e92107dd3157174b9b77d1f;origin=https://github.com/delsuc/Gifa;anchor=swh:1:rev:87430699876841b9758a700f5a4ae382ff0ca9cb;path=/code/macro/att/search_spin.arc,swh:1:cnt:d98265132cb6666b9e92107dd3157174b9b77d1f,swh:1:rev:87430699876841b9758a700f5a4ae382ff0ca9cb,swh:1:ori:b73d3738d10101961783c2ad8dc4db234a9e8a6c,yes,yes,skipped,yes,2026-05-15T17:24:06+00:00
pl/ballerina,2f75b94ec17f9f72fa0168a9ddba326c4671d1ec,samples/pl/ballerina/2f75b94ec17f9f72fa0168a9ddba326c4671d1ec/metadata.json,swh:1:cnt:2f75b94ec17f9f72fa0168a9ddba326c4671d1ec;origin=https://github.com/sanjiva/ballerina;anchor=swh:1:rev:8973f721a89d76449eb306fe376aaa816dc230aa;path=/tests/ballerina-unit-test/src/test/resources/test-src/functions/function-overloading.bal,swh:1:cnt:2f75b94ec17f9f72fa0168a9ddba326c4671d1ec,swh:1:rev:8973f721a89d76449eb306fe376aaa816dc230aa,swh:1:ori:cb00273369ced13ffd5e995b7f690982dc57769f,yes,yes,skipped,yes,2026-05-15T17:24:06+00:00
pl/ballerina,a2abcd3be1ea8db4ee0e6c3475ce2fe29fdb264f,samples/pl/ballerina/a2abcd3be1ea8db4ee0e6c3475ce2fe29fdb264f/metadata.json,swh:1:cnt:a2abcd3be1ea8db4ee0e6c3475ce2fe29fdb264f;origin=https://github.com/sanjiva/ballerina;anchor=swh:1:rev:a7d397a529f0768ffb48f6cbcb6d7fbbe8795ebc;path=/tests/ballerina-unit-test/src/test/resources/test-src/record/sealed_record_literals.bal,swh:1:cnt:a2abcd3be1ea8db4ee0e6c3475ce2fe29fdb264f,swh:1:rev:a7d397a529f0768ffb48f6cbcb6d7fbbe8795ebc,swh:1:ori:cb00273369ced13ffd5e995b7f690982dc57769f,yes,yes,skipped,yes,2026-05-15T17:24:06+00:00
pl/pddl,36a3bc76a53bb504930e67a7b0f9e38544d71fa7,samples/pl/pddl/36a3bc76a53bb504930e67a7b0f9e38544d71fa7/metadata.json,swh:1:cnt:36a3bc76a53bb504930e67a7b0f9e38544d71fa7;origin=https://github.com/aibasel/downward-benchmarks;anchor=swh:1:rev:1262699e57c62c6fb1223cfb31116c2aaed5607d;path=/miconic-fulladl/f20-1.pddl,swh:1:cnt:36a3bc76a53bb504930e67a7b0f9e38544d71fa7,swh:1:rev:1262699e57c62c6fb1223cfb31116c2aaed5607d,swh:1:ori:4c0580f6a9bf50dd2ab3b673c1205db068daa442,yes,yes,skipped,yes,2026-05-15T17:24:06+00:00
pl/cobol,fd982154388e0121ed98ad1cfcdabaccd484b627,samples/pl/cobol/fd982154388e0121ed98ad1cfcdabaccd484b627/metadata.json,swh:1:cnt:fd982154388e0121ed98ad1cfcdabaccd484b627;origin=https://github.com/krisds/koopa;anchor=swh:1:rev:34ced67d50536b4dea31b540ad7a145c6b2144bd;path=/testsuite/cobol85/IF138A.CBL,swh:1:cnt:fd982154388e0121ed98ad1cfcdabaccd484b627,swh:1:rev:34ced67d50536b4dea31b540ad7a145c6b2144bd,swh:1:ori:cbda828171c0a5db471164ad6dea9062da4c0e53,yes,yes,skipped,yes,2026-05-15T17:24:06+00:00
pl/cobol,3319c582b9bb2d580d6832c1fb2cd08c8c2d72ee,samples/pl/cobol/3319c582b9bb2d580d6832c1fb2cd08c8c2d72ee/metadata.json,swh:1:cnt:3319c582b9bb2d580d6832c1fb2cd08c8c2d72ee;origin=https://github.com/krisds/koopa;anchor=swh:1:rev:34ced67d50536b4dea31b540ad7a145c6b2144bd;path=/testsuite/cobol85/IF108A.CBL,swh:1:cnt:3319c582b9bb2d580d6832c1fb2cd08c8c2d72ee,swh:1:rev:34ced67d50536b4dea31b540ad7a145c6b2144bd,swh:1:ori:cbda828171c0a5db471164ad6dea9062da4c0e53,yes,yes,skipped,yes,2026-05-15T17:24:06+00:00
pl/sass,308974dfbe71cdb49c44ab3b2e18a4e85c99c576,samples/pl/sass/308974dfbe71cdb49c44ab3b2e18a4e85c99c576/metadata.json,swh:1:cnt:308974dfbe71cdb49c44ab3b2e18a4e85c99c576;origin=https://github.com/ianwitherow/meeting-room-display;anchor=swh:1:rev:e6595e5ed6a4aa28a09187fe3b34711b6e71c808;path=/app/assets/stylesheets/modules/meeting-display.sass,swh:1:cnt:308974dfbe71cdb49c44ab3b2e18a4e85c99c576,swh:1:rev:e6595e5ed6a4aa28a09187fe3b34711b6e71c808,swh:1:ori:b30345d476d2428bee077119ae9c344b555d4c21,yes,yes,skipped,yes,2026-05-15T17:24:06+00:00
pl/cadence,f0593bb24133223e5beb0de733136ed3148967f1,samples/pl/cadence/f0593bb24133223e5beb0de733136ed3148967f1/metadata.json,swh:1:cnt:f0593bb24133223e5beb0de733136ed3148967f1;origin=https://github.com/DAAM-Agency/DAAM;anchor=swh:1:rev:b412721cb7736ff4ada80c5ec25f04c051c011e7;path=/transactions/admin/invite_agent_minter.cdc,swh:1:cnt:f0593bb24133223e5beb0de733136ed3148967f1,swh:1:rev:b412721cb7736ff4ada80c5ec25f04c051c011e7,swh:1:ori:449ba1b3b1463abcd5a0f879322d33ef524b3a41,yes,yes,skipped,yes,2026-05-15T17:24:06+00:00
pl/vbscript,bc6bac4d2f0d398d2e7f9b7040afa0e5d9ea94ff,samples/pl/vbscript/bc6bac4d2f0d398d2e7f9b7040afa0e5d9ea94ff/metadata.json,swh:1:cnt:bc6bac4d2f0d398d2e7f9b7040afa0e5d9ea94ff;origin=https://github.com/SLC-MAXIS-Scripts/SLC-MAXIS-Scripts;anchor=swh:1:rev:5a67d945e4af3a8632436bfd33ff32c270f3743d;path=/Script Files/BULK/BULK - REPT-IEVC LIST.vbs,swh:1:cnt:bc6bac4d2f0d398d2e7f9b7040afa0e5d9ea94ff,swh:1:rev:5a67d945e4af3a8632436bfd33ff32c270f3743d,swh:1:ori:94ee5a0b04637585386193d0e803ecfd68a61450,yes,yes,skipped,yes,2026-05-15T17:24:06+00:00
pl/j,f4cefca112468f11175504b82a4f2a31dddc5feb,samples/pl/j/f4cefca112468f11175504b82a4f2a31dddc5feb/metadata.json,swh:1:cnt:f4cefca112468f11175504b82a4f2a31dddc5feb;origin=https://github.com/codereport/jsource;anchor=swh:1:rev:e6f1177d8db48d384ba898562687637bc5da7c8e;path=/test/gbpar.ijs,swh:1:cnt:f4cefca112468f11175504b82a4f2a31dddc5feb,swh:1:rev:e6f1177d8db48d384ba898562687637bc5da7c8e,swh:1:ori:dc72aac886edc6707ab51f9ea22520d7331b85ef,yes,yes,skipped,yes,2026-05-15T17:24:06+00:00
pl/j,897949865b795cc61f217cbcae2166dd6b96b5fa,samples/pl/j/897949865b795cc61f217cbcae2166dd6b96b5fa/metadata.json,swh:1:cnt:897949865b795cc61f217cbcae2166dd6b96b5fa;origin=https://github.com/codereport/jsource;anchor=swh:1:rev:e6f1177d8db48d384ba898562687637bc5da7c8e;path=/test/gthrow.ijs,swh:1:cnt:897949865b795cc61f217cbcae2166dd6b96b5fa,swh:1:rev:e6f1177d8db48d384ba898562687637bc5da7c8e,swh:1:ori:dc72aac886edc6707ab51f9ea22520d7331b85ef,yes,yes,skipped,yes,2026-05-15T17:24:06+00:00
pl/hlsl,5469f234ddc525a9e900dc8d43103a9a862cf584,samples/pl/hlsl/5469f234ddc525a9e900dc8d43103a9a862cf584/metadata.json,swh:1:cnt:5469f234ddc525a9e900dc8d43103a9a862cf584;origin=https://github.com/panoramixor/demoscene;anchor=swh:1:rev:8ae3bf9701c6910aa6ab5e4bfcfed284feb9e890;path=/qop - flytrap/dependencies/WickedEngine/include/imageHF.hlsli,swh:1:cnt:5469f234ddc525a9e900dc8d43103a9a862cf584,swh:1:rev:8ae3bf9701c6910aa6ab5e4bfcfed284feb9e890,swh:1:ori:23ea343c11f4fc879a4097d4a792db1b9acfe97a,yes,yes,skipped,yes,2026-05-15T17:24:06+00:00
pl/forth,6c7cea584ebaf581b5eaafba0d26faeb844431ff,samples/pl/forth/6c7cea584ebaf581b5eaafba0d26faeb844431ff/metadata.json,swh:1:cnt:6c7cea584ebaf581b5eaafba0d26faeb844431ff;origin=https://github.com/freebsd/freebsd-src;anchor=swh:1:rev:26a58599a09a6181e0f5abe624021865a0c23186;path=/stand/forth/brand.4th,swh:1:cnt:6c7cea584ebaf581b5eaafba0d26faeb844431ff,swh:1:rev:26a58599a09a6181e0f5abe624021865a0c23186,swh:1:ori:6caee1da223185e27381aaae5015a1510e639867,yes,yes,skipped,yes,2026-05-15T17:24:06+00:00
pl/puppet,08b2930931ff051a57a9787e23ca92f69c48615e,samples/pl/puppet/08b2930931ff051a57a9787e23ca92f69c48615e/metadata.json,swh:1:cnt:08b2930931ff051a57a9787e23ca92f69c48615e;origin=https://github.com/Bitp-Spbsu/openstack-packstack;anchor=swh:1:rev:88f515942ac1fca4dea7be0797aaf79267339efc;path=/packstack/puppet/templates/neutron_ovs_plugin_local.pp,swh:1:cnt:08b2930931ff051a57a9787e23ca92f69c48615e,swh:1:rev:88f515942ac1fca4dea7be0797aaf79267339efc,swh:1:ori:eaee881a776f678c5bc0d5e8be267111aebe39da,yes,yes,skipped,yes,2026-05-15T17:24:06+00:00
pl/scilab,e1aafeea1260089d10ad4a2a77fdfc6502717fbb,samples/pl/scilab/e1aafeea1260089d10ad4a2a77fdfc6502717fbb/metadata.json,swh:1:cnt:e1aafeea1260089d10ad4a2a77fdfc6502717fbb;origin=https://github.com/cyclist-org/cyclist;anchor=swh:1:rev:03fd40efbd97eff2dffe9b8e701cd657f07eb045;path=/benchmarks/sl/songbird/ls2_entail_ls_06.tst,swh:1:cnt:e1aafeea1260089d10ad4a2a77fdfc6502717fbb,swh:1:rev:03fd40efbd97eff2dffe9b8e701cd657f07eb045,swh:1:ori:c15dfdbb7e93e649cad8751f83614a653213c253,yes,yes,skipped,yes,2026-05-15T17:24:06+00:00
pl/scilab,90e47e9d1844fd51459f905c132f0bb05f933365,samples/pl/scilab/90e47e9d1844fd51459f905c132f0bb05f933365/metadata.json,swh:1:cnt:90e47e9d1844fd51459f905c132f0bb05f933365;origin=https://github.com/cyclist-org/cyclist;anchor=swh:1:rev:03fd40efbd97eff2dffe9b8e701cd657f07eb045;path=/benchmarks/sl/songbird/lsleftright_01.tst,swh:1:cnt:90e47e9d1844fd51459f905c132f0bb05f933365,swh:1:rev:03fd40efbd97eff2dffe9b8e701cd657f07eb045,swh:1:ori:c15dfdbb7e93e649cad8751f83614a653213c253,yes,yes,skipped,yes,2026-05-15T17:24:06+00:00
pl/scilab,0f55457e88ca45f50d3e9b159c7a759def331ec8,samples/pl/scilab/0f55457e88ca45f50d3e9b159c7a759def331ec8/metadata.json,swh:1:cnt:0f55457e88ca45f50d3e9b159c7a759def331ec8;origin=https://github.com/FOSSEE-Internship/Scilab2C-Ashish-;anchor=swh:1:rev:6a320264c2de3d6dd8cc1d1327b3c30df4c8cb26;path=/2.3-1/macros/ASTManagement/AST_HandleEOL.sci,swh:1:cnt:0f55457e88ca45f50d3e9b159c7a759def331ec8,swh:1:rev:6a320264c2de3d6dd8cc1d1327b3c30df4c8cb26,swh:1:ori:66a0af1c6d00a3b613fed88981ce2f191f2683c6,yes,yes,skipped,yes,2026-05-15T17:24:06+00:00
pl/scilab,7a52b1f26606b67f1f056a639ebb59cea03b2d3c,samples/pl/scilab/7a52b1f26606b67f1f056a639ebb59cea03b2d3c/metadata.json,swh:1:cnt:7a52b1f26606b67f1f056a639ebb59cea03b2d3c;origin=https://github.com/siddhu8990/Scilab2C;anchor=swh:1:rev:6a320264c2de3d6dd8cc1d1327b3c30df4c8cb26;path=/2.3-1/macros/ASTManagement/AST_ReadASTHeader.sci,swh:1:cnt:7a52b1f26606b67f1f056a639ebb59cea03b2d3c,swh:1:rev:6a320264c2de3d6dd8cc1d1327b3c30df4c8cb26,swh:1:ori:573fb305bb46f7db71f91229001155dfcb90bfa5,yes,yes,skipped,yes,2026-05-15T17:24:06+00:00
pl/smali,e565bf1cf978fe9d3837241f258c35b132799ab2,samples/pl/smali/e565bf1cf978fe9d3837241f258c35b132799ab2/metadata.json,swh:1:cnt:e565bf1cf978fe9d3837241f258c35b132799ab2;origin=https://github.com/MiCode/legacy-patchrom;anchor=swh:1:rev:432783459d4aecfd5639d90e2606a6525631b0bc;path=/defy/framework.jar.out/smali/android/text/style/LeadingMarginSpan$LeadingMarginSpan2.smali,swh:1:cnt:e565bf1cf978fe9d3837241f258c35b132799ab2,swh:1:rev:432783459d4aecfd5639d90e2606a6525631b0bc,swh:1:ori:bd7038cc5a8c8732523f6c7a7714050c4189793c,yes,yes,skipped,yes,2026-05-15T17:24:06+00:00
pl/isabelle,55412599224cb0ad3091c00b3bbe21ff90dc95c0,samples/pl/isabelle/55412599224cb0ad3091c00b3bbe21ff90dc95c0/metadata.json,swh:1:cnt:55412599224cb0ad3091c00b3bbe21ff90dc95c0;origin=https://github.com/jaalonso/Calculemus;anchor=swh:1:rev:da951ec9c328c27ba47a53c31e8ccb8e7e77808d;path=/thy/Equivalencia_de_inversos_iguales_al_neutro.thy,swh:1:cnt:55412599224cb0ad3091c00b3bbe21ff90dc95c0,swh:1:rev:da951ec9c328c27ba47a53c31e8ccb8e7e77808d,swh:1:ori:827df9d9e3c73b43a19182378503669419884e63,yes,yes,skipped,yes,2026-05-15T17:24:06+00:00
pl/ruby,a985607f930e6d8c6dac04cf47ebb610d23013c5,samples/pl/ruby/a985607f930e6d8c6dac04cf47ebb610d23013c5/metadata.json,swh:1:cnt:a985607f930e6d8c6dac04cf47ebb610d23013c5;origin=https://github.com/joshsilverman/wisr-questionbase;anchor=swh:1:rev:b64923f63f386fc7415d796e3a680b1b2a32f931;path=/app/views/api_v1/get_questions.rabl,swh:1:cnt:a985607f930e6d8c6dac04cf47ebb610d23013c5,swh:1:rev:b64923f63f386fc7415d796e3a680b1b2a32f931,swh:1:ori:3ad926a8e69347c393cd65cbb412f7553663e937,yes,yes,skipped,yes,2026-05-15T17:24:06+00:00
pl/pan,9ae6757af5648d0c188d0d831c222e2e7d5cc521,samples/pl/pan/9ae6757af5648d0c188d0d831c222e2e7d5cc521/metadata.json,swh:1:cnt:9ae6757af5648d0c188d0d831c222e2e7d5cc521;origin=https://github.com/ml-research/DBS-eval;anchor=swh:1:rev:aa9088138ceff104970a6a606edf38d5fcaa5f4a;path=/Pans/LSA/3_Duales_System.lsa.summ_a2.pan,swh:1:cnt:9ae6757af5648d0c188d0d831c222e2e7d5cc521,swh:1:rev:aa9088138ceff104970a6a606edf38d5fcaa5f4a,swh:1:ori:481124ad4cec64390c85dde7fa88659aac835540,yes,yes,skipped,yes,2026-05-15T17:24:06+00:00
pl/powerbuilder,93eb3b23032c3aa6d1ecef135d948aa956576d72,samples/pl/powerbuilder/93eb3b23032c3aa6d1ecef135d948aa956576d72/metadata.json,swh:1:cnt:93eb3b23032c3aa6d1ecef135d948aa956576d72;origin=https://github.com/cod0122/M2000_2016;anchor=swh:1:rev:d01edf02f06d2f29fe0c20ef64ee6510064c26d4;path=/ws_objects/dw2xls_pb126.pbl.src/n_dwr_dw_storage.sru,swh:1:cnt:93eb3b23032c3aa6d1ecef135d948aa956576d72,swh:1:rev:d01edf02f06d2f29fe0c20ef64ee6510064c26d4,swh:1:ori:91fe322d8ed35c64619fb39f33494e319cf97ff5,yes,yes,skipped,yes,2026-05-15T17:24:06+00:00
pl/powerbuilder,7a9df05c1fc3ce49d291c0103e07ce2d30a59170,samples/pl/powerbuilder/7a9df05c1fc3ce49d291c0103e07ce2d30a59170/metadata.json,swh:1:cnt:7a9df05c1fc3ce49d291c0103e07ce2d30a59170;origin=https://github.com/varglbargl/Cyberpunk-Shoplifter-Pro;anchor=swh:1:rev:5768e500c3f70c609ff917996dceaa0664befc47;path=/Data/Templates/CRT Monitor.pbt,swh:1:cnt:7a9df05c1fc3ce49d291c0103e07ce2d30a59170,swh:1:rev:5768e500c3f70c609ff917996dceaa0664befc47,swh:1:ori:bd795e0d1c6c2d821a9aade03e64868cee68a05b,yes,yes,skipped,yes,2026-05-15T17:24:06+00:00
pl/sql,c042ce05ed1c5f84e105d5e1577faad7f522120a,samples/pl/sql/c042ce05ed1c5f84e105d5e1577faad7f522120a/metadata.json,swh:1:cnt:c042ce05ed1c5f84e105d5e1577faad7f522120a;origin=https://github.com/araina2/risc5_ooo;anchor=swh:1:rev:dd4a50c4529b16669a498ac76dba9b049888bd41;path=/vsrc/jtag_vpi.tab,swh:1:cnt:c042ce05ed1c5f84e105d5e1577faad7f522120a,swh:1:rev:dd4a50c4529b16669a498ac76dba9b049888bd41,swh:1:ori:c8ca341fe36f3f35905178106cfee5bafa2c7de9,yes,yes,skipped,yes,2026-05-15T17:24:06+00:00
pl/sql,47dd567d6f742e55eda207889f62b5a06728ce6d,samples/pl/sql/47dd567d6f742e55eda207889f62b5a06728ce6d/metadata.json,swh:1:cnt:47dd567d6f742e55eda207889f62b5a06728ce6d;origin=https://github.com/will-obrien/huge-sf;anchor=swh:1:rev:ced63378b899aaa327fab224a0351707830af35b;path=/CACommunity-Salesforce/src/tabs/Graphics_Pack_Overview.tab,swh:1:cnt:47dd567d6f742e55eda207889f62b5a06728ce6d,swh:1:rev:ced63378b899aaa327fab224a0351707830af35b,swh:1:ori:a7868e12ac7465d5426294625e73a2f2c4ed9644,yes,yes,skipped,yes,2026-05-15T17:24:06+00:00
unclassified,931d59bd45801941c0278bb70707ede939751203,samples/unclassified/931d59bd45801941c0278bb70707ede939751203/metadata.json,swh:1:cnt:931d59bd45801941c0278bb70707ede939751203;origin=https://github.com/altera-fpga/arm-trusted-firmware;anchor=swh:1:rev:a7f6d2cde7d96fe544f355c493174c00cfb8f0f3;path=/lib/cpus/aarch64/neoverse_v3.S,swh:1:cnt:931d59bd45801941c0278bb70707ede939751203,swh:1:rev:a7f6d2cde7d96fe544f355c493174c00cfb8f0f3,swh:1:ori:1e8c44d5de7beb7ced55671e3343535de4522cbb,yes,yes,skipped,yes,2026-05-15T17:24:06+00:00
unclassified,b8d32bd2c542a3ae97a5d50840f0aac0f33d170b,samples/unclassified/b8d32bd2c542a3ae97a5d50840f0aac0f33d170b/metadata.json,swh:1:cnt:b8d32bd2c542a3ae97a5d50840f0aac0f33d170b;origin=https://github.com/niteshCopado/PartnerProduction;anchor=swh:1:rev:925a58eef8de7a88b03bbf972ea361ad3a84b5df;path=/classes/SBQQ__ProductLookupController.cls,swh:1:cnt:b8d32bd2c542a3ae97a5d50840f0aac0f33d170b,swh:1:rev:925a58eef8de7a88b03bbf972ea361ad3a84b5df,swh:1:ori:06afd734d2c89c1d7425af61a76b1303da5791de,yes,no,skipped,no,2026-05-15T17:24:06+00:00
unclassified,7576711fe0b5614a14330496017715f19277c0c2,samples/unclassified/7576711fe0b5614a14330496017715f19277c0c2/metadata.json,swh:1:cnt:7576711fe0b5614a14330496017715f19277c0c2;origin=https://github.com/mu29/unist-server;anchor=swh:1:rev:39f1415dcb02421e1344a00633ff85ee7e3f3063;path=/path/specifications/mime-types-3.1.gemspec,swh:1:cnt:7576711fe0b5614a14330496017715f19277c0c2,swh:1:rev:39f1415dcb02421e1344a00633ff85ee7e3f3063,swh:1:ori:7503e18f8b1878cfea7a2487a38b15043e82caf8,yes,yes,skipped,yes,2026-05-15T17:24:06+00:00
unclassified,da4bf994b422030dc89bfabc31047f5f2810f1cc,samples/unclassified/da4bf994b422030dc89bfabc31047f5f2810f1cc/metadata.json,swh:1:cnt:da4bf994b422030dc89bfabc31047f5f2810f1cc;origin=https://github.com/adamkulinski/DE---Project;anchor=swh:1:rev:339044a26b4b2527d5032b2cb70d2656d305bcd9;path=/db_objects/income/income_stage.ddl,swh:1:cnt:da4bf994b422030dc89bfabc31047f5f2810f1cc,swh:1:rev:339044a26b4b2527d5032b2cb70d2656d305bcd9,swh:1:ori:877444f2ed1526e0d41134ddd01471cb033c6c84,yes,yes,skipped,yes,2026-05-15T17:24:06+00:00
unclassified,5f8eb09e08eee3841e8426f4859c43b463064254,samples/unclassified/5f8eb09e08eee3841e8426f4859c43b463064254/metadata.json,swh:1:cnt:5f8eb09e08eee3841e8426f4859c43b463064254;origin=https://github.com/citusdata/citus;anchor=swh:1:rev:14604524428afc14e4068649e5af62a279b5c67a;path=/src/test/regress/expected/distributed_planning.out,swh:1:cnt:5f8eb09e08eee3841e8426f4859c43b463064254,swh:1:rev:14604524428afc14e4068649e5af62a279b5c67a,swh:1:ori:f16f637b1d42a3bf16be1d9f81233d12b3d5938c,yes,yes,skipped,yes,2026-05-15T17:24:06+00:00
unclassified,a460be856393566b65083d9a69a8f2b1b9f5470e,samples/unclassified/a460be856393566b65083d9a69a8f2b1b9f5470e/metadata.json,swh:1:cnt:a460be856393566b65083d9a69a8f2b1b9f5470e;origin=https://github.com/sig-rnd-io-testuser/100MbwithMalware;anchor=swh:1:rev:b9316b3a397bdc57fd0b73db661950584e4f918b;path=/EmberAPI/clsAPIImageUtils.vb,swh:1:cnt:a460be856393566b65083d9a69a8f2b1b9f5470e,swh:1:rev:b9316b3a397bdc57fd0b73db661950584e4f918b,swh:1:ori:00d44f9d7b039f666bddba59dfb5d8d2b92f56bd,yes,yes,skipped,yes,2026-05-15T17:24:06+00:00
unclassified,7a211bf472e5add8a9bf47feab013cf21cb4e413,samples/unclassified/7a211bf472e5add8a9bf47feab013cf21cb4e413/metadata.json,swh:1:cnt:7a211bf472e5add8a9bf47feab013cf21cb4e413;origin=https://github.com/teamq-ec/commsy-vagrant;anchor=swh:1:rev:4d33f76380ee3146ab7f65c7791b8ea53e33b3ad;path=/legacy/etc/messages/ms_DATE_en.dat,swh:1:cnt:7a211bf472e5add8a9bf47feab013cf21cb4e413,swh:1:rev:4d33f76380ee3146ab7f65c7791b8ea53e33b3ad,swh:1:ori:e9ddb6be6818b2e1d5d9959acc8d729df223897c,yes,yes,skipped,yes,2026-05-15T17:24:06+00:00
unclassified,58ec9f14a2bd33200e525d868a3a852cd99de2bc,samples/unclassified/58ec9f14a2bd33200e525d868a3a852cd99de2bc/metadata.json,swh:1:cnt:58ec9f14a2bd33200e525d868a3a852cd99de2bc;origin=https://github.com/cyberark/conjur;anchor=swh:1:rev:a177e6a67fbf5d420ebf99683eb569f692846991;path=/lib/tasks/policy.rake,swh:1:cnt:58ec9f14a2bd33200e525d868a3a852cd99de2bc,swh:1:rev:a177e6a67fbf5d420ebf99683eb569f692846991,swh:1:ori:f02c25b08e4f3fde728c978c410fe86427129286,yes,yes,skipped,yes,2026-05-15T17:24:06+00:00
unclassified,afebe5c63ec2e72fd4fbd9f8efc14026ae3afa3d,samples/unclassified/afebe5c63ec2e72fd4fbd9f8efc14026ae3afa3d/metadata.json,swh:1:cnt:afebe5c63ec2e72fd4fbd9f8efc14026ae3afa3d;origin=https://github.com/asd158/blender3.5.1;anchor=swh:1:rev:d25f4f71c312a5de61486349ae02551988266aed;path=/src/source/blender/blenkernel/BKE_node_runtime.hh,swh:1:cnt:afebe5c63ec2e72fd4fbd9f8efc14026ae3afa3d,swh:1:rev:d25f4f71c312a5de61486349ae02551988266aed,swh:1:ori:fc27eb5ec1130524536d2d062442a54eefccd2dd,yes,yes,skipped,yes,2026-05-15T17:24:06+00:00
unclassified,809956c6ade1d69cf43d59efa6403f3af761b6c9,samples/unclassified/809956c6ade1d69cf43d59efa6403f3af761b6c9/metadata.json,swh:1:cnt:809956c6ade1d69cf43d59efa6403f3af761b6c9;origin=https://github.com/Apress/test-your-skills-cs-programming;anchor=swh:1:rev:935b62af12be27448c1b919bd26b8dcb59822e94;path=/Chapter9/9.P9/obj/Debug/net7.0/9.P9.AssemblyInfoInputs.cache,swh:1:cnt:809956c6ade1d69cf43d59efa6403f3af761b6c9,swh:1:rev:935b62af12be27448c1b919bd26b8dcb59822e94,swh:1:ori:7edf0ddddb43b382b843f24febdf1ef29a1141a1,yes,yes,skipped,yes,2026-05-15T17:24:06+00:00
unclassified,d6c8353da42015c26f04840a392fdad083dd3905,samples/unclassified/d6c8353da42015c26f04840a392fdad083dd3905/metadata.json,swh:1:cnt:d6c8353da42015c26f04840a392fdad083dd3905;origin=https://github.com/dshawshank/Blender-android_arm64;anchor=swh:1:rev:c8b5b17d40c4e969fada2e89873edaf0dda5cd30;path=/source/blender/blenkernel/BKE_node.hh,swh:1:cnt:d6c8353da42015c26f04840a392fdad083dd3905,swh:1:rev:c8b5b17d40c4e969fada2e89873edaf0dda5cd30,swh:1:ori:c3f28a2f13bc83a10cfe79c4423440bf6eb0a5ee,yes,yes,skipped,yes,2026-05-15T17:24:06+00:00
unclassified,d7942c2ab6942ca0fa57aae60ad175aff2799bd2,samples/unclassified/d7942c2ab6942ca0fa57aae60ad175aff2799bd2/metadata.json,swh:1:cnt:d7942c2ab6942ca0fa57aae60ad175aff2799bd2;origin=https://github.com/latin-ocr/versusludicriin00eichgoog;anchor=swh:1:rev:da6981b430da266242341e45af66b3e33a48f1aa;path=/versusludicriin00eichgoog_0038.hocr,swh:1:cnt:d7942c2ab6942ca0fa57aae60ad175aff2799bd2,swh:1:rev:da6981b430da266242341e45af66b3e33a48f1aa,swh:1:ori:64ee33fe1e0ae327c36772f283bfac6a89f2a061,yes,yes,skipped,yes,2026-05-15T17:24:06+00:00
unclassified,88fa153a6ccb3529f980494c6fd1241787dd41a7,samples/unclassified/88fa153a6ccb3529f980494c6fd1241787dd41a7/metadata.json,swh:1:cnt:88fa153a6ccb3529f980494c6fd1241787dd41a7;origin=https://github.com/timbog/GreatGunGame;anchor=swh:1:rev:2c6b7799780573ef06376775de9d8de37d1888ba;path=/my_qreal_project/qreal-master/plugins/ubiq.pro,swh:1:cnt:88fa153a6ccb3529f980494c6fd1241787dd41a7,swh:1:rev:2c6b7799780573ef06376775de9d8de37d1888ba,swh:1:ori:57b5bd64d6af9724e414354f4a389eb724bfe60e,yes,yes,skipped,yes,2026-05-15T17:24:06+00:00
unclassified,d34be779b2fa89f058a228746a2cae48983b2320,samples/unclassified/d34be779b2fa89f058a228746a2cae48983b2320/metadata.json,swh:1:cnt:d34be779b2fa89f058a228746a2cae48983b2320;origin=https://github.com/PhyloSofS-Team/thoraxe;anchor=swh:1:rev:ad8096bdc3d4689bc27ae7fe57d398061e3f1473;path=/tests/data/MAPK8_output/thoraxe/_intermediate/chimeric_alignment_9.fasta,swh:1:cnt:d34be779b2fa89f058a228746a2cae48983b2320,swh:1:rev:ad8096bdc3d4689bc27ae7fe57d398061e3f1473,swh:1:ori:39a33f78f0511eb1feed6f183177f5d59715b758,yes,yes,skipped,yes,2026-05-15T17:24:06+00:00
unclassified,8634e7f491b5172cac4fad8ba4d033f3ce030e19,samples/unclassified/8634e7f491b5172cac4fad8ba4d033f3ce030e19/metadata.json,swh:1:cnt:8634e7f491b5172cac4fad8ba4d033f3ce030e19;origin=https://github.com/cisagov/cyhy_amis;anchor=swh:1:rev:43be70ff835e90993a62509be5af9d33505cb46e;path=/terraform/bod_lambda_security_group_rules.tf,swh:1:cnt:8634e7f491b5172cac4fad8ba4d033f3ce030e19,swh:1:rev:43be70ff835e90993a62509be5af9d33505cb46e,swh:1:ori:8d1419316671f335a726952aef7c1c5af63963ce,yes,yes,skipped,yes,2026-05-15T17:24:06+00:00
unclassified,f68977ea3046e8b1afbe3cb58bc4c4d551d9573c,samples/unclassified/f68977ea3046e8b1afbe3cb58bc4c4d551d9573c/metadata.json,swh:1:cnt:f68977ea3046e8b1afbe3cb58bc4c4d551d9573c;origin=https://github.com/spcorcor18/LPO-8852;anchor=swh:1:rev:f3f6500f030e5f344bcb9c24d53ad23b0ee584a4;path=/lectures/Lecture 4 - Difference-in-differences/Draw DD and DDD examples.do,swh:1:cnt:f68977ea3046e8b1afbe3cb58bc4c4d551d9573c,swh:1:rev:f3f6500f030e5f344bcb9c24d53ad23b0ee584a4,swh:1:ori:1377c82b3e2f641a70e49c8f5301c03972d7e002,yes,yes,skipped,yes,2026-05-15T17:24:06+00:00
unclassified,d39353d8fae1f25692c551ff6c50a9416dee3c0e,samples/unclassified/d39353d8fae1f25692c551ff6c50a9416dee3c0e/metadata.json,swh:1:cnt:d39353d8fae1f25692c551ff6c50a9416dee3c0e;origin=https://github.com/Lind-Project/lind-wasm;anchor=swh:1:rev:5be4c7e80c3ee5d5092e34edf4852f1d21893d24;path=/src/wasmtime/tests/disas/fac-multi-value.wat,swh:1:cnt:d39353d8fae1f25692c551ff6c50a9416dee3c0e,swh:1:rev:5be4c7e80c3ee5d5092e34edf4852f1d21893d24,swh:1:ori:b5adbb04fc13498de58e2f13e7d7d39c7e2c235e,yes,no,skipped,no,2026-05-15T17:24:06+00:00
unclassified,483ed5a5fe59e070dd88e378f2813583caadc536,samples/unclassified/483ed5a5fe59e070dd88e378f2813583caadc536/metadata.json,swh:1:cnt:483ed5a5fe59e070dd88e378f2813583caadc536;origin=https://github.com/zoddDev/dotfiles;anchor=swh:1:rev:a3e1be8bef7093df39b6cd22bf77fcea8fbeb31d;path=/shared-config/.oh-my-zsh/plugins/copybuffer/copybuffer.plugin.zsh,swh:1:cnt:483ed5a5fe59e070dd88e378f2813583caadc536,swh:1:rev:a3e1be8bef7093df39b6cd22bf77fcea8fbeb31d,swh:1:ori:adf13cfa210dd5fd8858327a00574ef125220dbe,yes,yes,skipped,yes,2026-05-15T17:24:06+00:00
unclassified,0de9ad3271df78283ea4feb0f7c7f4aecf3a6293,samples/unclassified/0de9ad3271df78283ea4feb0f7c7f4aecf3a6293/metadata.json,swh:1:cnt:0de9ad3271df78283ea4feb0f7c7f4aecf3a6293;origin=https://github.com/joechamm/jc3DTest;anchor=swh:1:rev:5ee435136c9264b76d1688fca109a0b01c4c1305;path=/assets/shaders/VK02.frag,swh:1:cnt:0de9ad3271df78283ea4feb0f7c7f4aecf3a6293,swh:1:rev:5ee435136c9264b76d1688fca109a0b01c4c1305,swh:1:ori:d2232ecb0fb544f39f0b209aa9fe56bbc349b4f4,yes,yes,skipped,yes,2026-05-15T17:24:06+00:00
unclassified,a80a76ae30dbd218fa035f6ad78417fef7cd490a,samples/unclassified/a80a76ae30dbd218fa035f6ad78417fef7cd490a/metadata.json,swh:1:cnt:a80a76ae30dbd218fa035f6ad78417fef7cd490a;origin=https://github.com/freebsd/freebsd-ports;anchor=swh:1:rev:bd0b0eec12d655b9c8b87ace4503f6f36dc14e5f;path=/net-p2p/transmission-components/pkg-descr.web,swh:1:cnt:a80a76ae30dbd218fa035f6ad78417fef7cd490a,swh:1:rev:bd0b0eec12d655b9c8b87ace4503f6f36dc14e5f,swh:1:ori:22b296459c89cc12bfe9fe09ffd1e96e48b406c3,yes,yes,skipped,yes,2026-05-15T17:24:06+00:00
unclassified,b9d321a1f4fac8cd81194e62dfc531f181b86fa2,samples/unclassified/b9d321a1f4fac8cd81194e62dfc531f181b86fa2/metadata.json,swh:1:cnt:b9d321a1f4fac8cd81194e62dfc531f181b86fa2;origin=https://github.com/mainframed/DC30_Workshop;anchor=swh:1:rev:3475c8877c0ac9382ffce64e7427cdb51640081a;path=/rexx/DEBRUIJN.rex,swh:1:cnt:b9d321a1f4fac8cd81194e62dfc531f181b86fa2,swh:1:rev:3475c8877c0ac9382ffce64e7427cdb51640081a,swh:1:ori:99f7a7a2c935d036b9140bf0a1b2b5b9aac0438e,yes,yes,skipped,yes,2026-05-15T17:24:06+00:00
unclassified,b6d33a4935a993a7d37be46dcaf4994e0839dfbf,samples/unclassified/b6d33a4935a993a7d37be46dcaf4994e0839dfbf/metadata.json,swh:1:cnt:b6d33a4935a993a7d37be46dcaf4994e0839dfbf;origin=https://github.com/latin-ocr/versusludicriin00eichgoog;anchor=swh:1:rev:da6981b430da266242341e45af66b3e33a48f1aa;path=/versusludicriin00eichgoog_0042.hocr,swh:1:cnt:b6d33a4935a993a7d37be46dcaf4994e0839dfbf,swh:1:rev:da6981b430da266242341e45af66b3e33a48f1aa,swh:1:ori:64ee33fe1e0ae327c36772f283bfac6a89f2a061,yes,yes,skipped,yes,2026-05-15T17:24:06+00:00
unclassified,d7513cda34c223bfe7f57852f6d5fb3085991280,samples/unclassified/d7513cda34c223bfe7f57852f6d5fb3085991280/metadata.json,swh:1:cnt:d7513cda34c223bfe7f57852f6d5fb3085991280;origin=https://github.com/source-foundry/Hack;anchor=swh:1:rev:2c7f7341fa0f755661e3ca02abcb69f9aea2892a;path=/source/Hack-Bold.ufo/glyphs/uni208B_.glif,swh:1:cnt:d7513cda34c223bfe7f57852f6d5fb3085991280,swh:1:rev:2c7f7341fa0f755661e3ca02abcb69f9aea2892a,swh:1:ori:bf2ffa20654e4b50db585030fbe1d24adc37dfcc,yes,yes,skipped,yes,2026-05-15T17:24:06+00:00
unclassified,b8d025f327fee89b0fb5b566eab8654bd217bd89,samples/unclassified/b8d025f327fee89b0fb5b566eab8654bd217bd89/metadata.json,swh:1:cnt:b8d025f327fee89b0fb5b566eab8654bd217bd89;origin=https://github.com/copy/v86;anchor=swh:1:rev:f8ddf4dc9c970814d55584dd90ad535cb4159a09;path=/tests/nasm/pcmpeqw.asm,swh:1:cnt:b8d025f327fee89b0fb5b566eab8654bd217bd89,swh:1:rev:f8ddf4dc9c970814d55584dd90ad535cb4159a09,swh:1:ori:b6fa2b77d947038694d8967717b95e895ae50ec8,yes,yes,skipped,yes,2026-05-15T17:24:06+00:00
unclassified,289a641d46e3028aeeefaa053dab4c23700f2afe,samples/unclassified/289a641d46e3028aeeefaa053dab4c23700f2afe/metadata.json,swh:1:cnt:289a641d46e3028aeeefaa053dab4c23700f2afe;origin=https://github.com/DevarshVasani/DA-Club-Manager;anchor=swh:1:rev:95826b52d49772d3c4d3c7393d105683ff4ee007;path=/CPP/modifiedmemberclass.c++,swh:1:cnt:289a641d46e3028aeeefaa053dab4c23700f2afe,swh:1:rev:95826b52d49772d3c4d3c7393d105683ff4ee007,swh:1:ori:84fbc491795dd9d5470e7dd7b5b3b108abd1d350,yes,yes,skipped,yes,2026-05-15T17:24:06+00:00
unclassified,472d018c324e9bab0e7cf9a09b65df2866dfc87c,samples/unclassified/472d018c324e9bab0e7cf9a09b65df2866dfc87c/metadata.json,swh:1:cnt:472d018c324e9bab0e7cf9a09b65df2866dfc87c;origin=https://github.com/artsy/artsy.github.io;anchor=swh:1:rev:2bce54f6919d4bc267bcf9f816cad63b731327c4;path=/_posts/2013-02-17-impact-of-heroku-routing-mesh-and-random-routing.markdown,swh:1:cnt:472d018c324e9bab0e7cf9a09b65df2866dfc87c,swh:1:rev:2bce54f6919d4bc267bcf9f816cad63b731327c4,swh:1:ori:9b9f5d31c7138cb0f78df385192197efb2a05e67,yes,yes,skipped,yes,2026-05-15T17:24:06+00:00
unclassified,1d5bbf4dab8220f8e5eb83ccb3b2d598b52cf264,samples/unclassified/1d5bbf4dab8220f8e5eb83ccb3b2d598b52cf264/metadata.json,swh:1:cnt:1d5bbf4dab8220f8e5eb83ccb3b2d598b52cf264;origin=https://github.com/opengauss-mirror/spq_plugin_v2;anchor=swh:1:rev:f3e566678b2722d2e3ac61f7586e896cd9f94957;path=/src/test/regress/expected/dropped_columns_create_load.out,swh:1:cnt:1d5bbf4dab8220f8e5eb83ccb3b2d598b52cf264,swh:1:rev:f3e566678b2722d2e3ac61f7586e896cd9f94957,swh:1:ori:1c0a7bf7833a989424867d2bdb0b5cb6197e55a4,yes,no,skipped,no,2026-05-15T17:24:06+00:00
unclassified,2eae443389376c80d9c2dda456e69ea4cee18a9c,samples/unclassified/2eae443389376c80d9c2dda456e69ea4cee18a9c/metadata.json,swh:1:cnt:2eae443389376c80d9c2dda456e69ea4cee18a9c;origin=https://github.com/ginnocenCMS/DntupleRunII;anchor=swh:1:rev:55f9a3ef267b284d5eb67a3fc6735e9c92bffeb9;path=/CrossSection/fo_pp_d0meson_5TeV_y0p5.dat,swh:1:cnt:2eae443389376c80d9c2dda456e69ea4cee18a9c,swh:1:rev:55f9a3ef267b284d5eb67a3fc6735e9c92bffeb9,swh:1:ori:e9083205202bfb288e6d2925a2b7e8a4014b57b9,yes,yes,skipped,yes,2026-05-15T17:24:06+00:00
unclassified,053e745d27b0e435d81d9de06db5311594dd65b0,samples/unclassified/053e745d27b0e435d81d9de06db5311594dd65b0/metadata.json,swh:1:cnt:053e745d27b0e435d81d9de06db5311594dd65b0;origin=https://github.com/Lind-Project/lind-wasm;anchor=swh:1:rev:5be4c7e80c3ee5d5092e34edf4852f1d21893d24;path=/src/wasmtime/tests/disas/multi-11.wat,swh:1:cnt:053e745d27b0e435d81d9de06db5311594dd65b0,swh:1:rev:5be4c7e80c3ee5d5092e34edf4852f1d21893d24,swh:1:ori:b5adbb04fc13498de58e2f13e7d7d39c7e2c235e,yes,no,skipped,no,2026-05-15T17:24:06+00:00
unclassified,ca0e48f51fc7d34fd7f4dc228920fdb5ce5fa894,samples/unclassified/ca0e48f51fc7d34fd7f4dc228920fdb5ce5fa894/metadata.json,swh:1:cnt:ca0e48f51fc7d34fd7f4dc228920fdb5ce5fa894;origin=https://github.com/cdog2897/jokesdb2;anchor=swh:1:rev:ed4479c71638b614118de4b4405bf73cb629b99b;path=/fcgi-bin/php5.6.37.fcgi,swh:1:cnt:ca0e48f51fc7d34fd7f4dc228920fdb5ce5fa894,swh:1:rev:ed4479c71638b614118de4b4405bf73cb629b99b,swh:1:ori:004b1bebe7b8b714a80d58311280a1205f80ecce,yes,yes,skipped,yes,2026-05-15T17:24:06+00:00
unclassified,fbf63c5aa34550e5a0340539b30d6d6f3a9441a9,samples/unclassified/fbf63c5aa34550e5a0340539b30d6d6f3a9441a9/metadata.json,swh:1:cnt:fbf63c5aa34550e5a0340539b30d6d6f3a9441a9;origin=https://github.com/WebKit/WebKit;anchor=swh:1:rev:a11a96819755d29f536ad91453fc9556091e1761;path=/LayoutTests/imported/blink/fast/css/case-sensitive-003.xhtml,swh:1:cnt:fbf63c5aa34550e5a0340539b30d6d6f3a9441a9,swh:1:rev:a11a96819755d29f536ad91453fc9556091e1761,swh:1:ori:ec8fe27e7ad946f270ca45bff6de688bfce56f82,yes,yes,skipped,yes,2026-05-15T17:24:06+00:00
unclassified,b9b6bce570f3042048358acc9c5d7b3f2c9baa39,samples/unclassified/b9b6bce570f3042048358acc9c5d7b3f2c9baa39/metadata.json,swh:1:cnt:b9b6bce570f3042048358acc9c5d7b3f2c9baa39;origin=https://github.com/mbuilov/gawk-windows;anchor=swh:1:rev:663aff4ae012468c54d2e994e839d0e75210ef80;path=/awklib/eg/lib/ns_passwd.awk,swh:1:cnt:b9b6bce570f3042048358acc9c5d7b3f2c9baa39,swh:1:rev:663aff4ae012468c54d2e994e839d0e75210ef80,swh:1:ori:f412d3e0f28b26ca16a97e4d1624ba1dfc26ab0e,yes,yes,skipped,yes,2026-05-15T17:24:06+00:00
unclassified,67e093f3ddd12d5059fc29462e5b64848d601fc1,samples/unclassified/67e093f3ddd12d5059fc29462e5b64848d601fc1/metadata.json,swh:1:cnt:67e093f3ddd12d5059fc29462e5b64848d601fc1;origin=https://github.com/dshawshank/Blender-android_arm64;anchor=swh:1:rev:b626f1fd18e98b18a8ea1ac90fbf659cd23ee361;path=/intern/ghost/intern/GHOST_SystemSDL.hh,swh:1:cnt:67e093f3ddd12d5059fc29462e5b64848d601fc1,swh:1:rev:b626f1fd18e98b18a8ea1ac90fbf659cd23ee361,swh:1:ori:c3f28a2f13bc83a10cfe79c4423440bf6eb0a5ee,yes,yes,skipped,yes,2026-05-15T17:24:06+00:00
unclassified,671112b3053bd8bc33f09872acc179ee529b9459,samples/unclassified/671112b3053bd8bc33f09872acc179ee529b9459/metadata.json,swh:1:cnt:671112b3053bd8bc33f09872acc179ee529b9459;origin=https://github.com/milaan9/Clustering-Datasets;anchor=swh:1:rev:70f46c4700907ccbc39f1a425309dd086d38f3b7;path=/02. Synthetic/sizes3.arff,swh:1:cnt:671112b3053bd8bc33f09872acc179ee529b9459,swh:1:rev:70f46c4700907ccbc39f1a425309dd086d38f3b7,swh:1:ori:15215a0f1cf1c42c9124f837b07140fdf0a73557,yes,yes,skipped,yes,2026-05-15T17:24:06+00:00
unclassified,fb02952016ed37ce421de70ea8dd312694974167,samples/unclassified/fb02952016ed37ce421de70ea8dd312694974167/metadata.json,swh:1:cnt:fb02952016ed37ce421de70ea8dd312694974167;origin=https://github.com/vfonov/vv;anchor=swh:1:rev:942db0e6f00e876ac6fbea41076db2ff703010a5;path=/common/rtkXRadImageIO.cxx,swh:1:cnt:fb02952016ed37ce421de70ea8dd312694974167,swh:1:rev:942db0e6f00e876ac6fbea41076db2ff703010a5,swh:1:ori:48e68f8edd853bef4f176d2fb9bd3f1cf98c3513,yes,yes,skipped,yes,2026-05-15T17:24:06+00:00
unclassified,8bd0acb72f6634648a52b82f1a345ca1ed7d9c77,samples/unclassified/8bd0acb72f6634648a52b82f1a345ca1ed7d9c77/metadata.json,swh:1:cnt:8bd0acb72f6634648a52b82f1a345ca1ed7d9c77;origin=https://github.com/risksense/mulval;anchor=swh:1:rev:369f7484ea5263074f70464a7fada98b6e546df6;path=/src/adapter/nessus_translator.P,swh:1:cnt:8bd0acb72f6634648a52b82f1a345ca1ed7d9c77,swh:1:rev:369f7484ea5263074f70464a7fada98b6e546df6,swh:1:ori:ff92aac211402de1968b848ddc6d6b4e9d650710,yes,yes,skipped,yes,2026-05-15T17:24:06+00:00
unclassified,fcfd5768c36a722a8554f2b6650947133e035ae8,samples/unclassified/fcfd5768c36a722a8554f2b6650947133e035ae8/metadata.json,swh:1:cnt:fcfd5768c36a722a8554f2b6650947133e035ae8;origin=https://github.com/kvalo/pwcli;anchor=swh:1:rev:d37ad40733f4cf3c000a50a91c799700dff5c752;path=/stubs/cmdtests/patchwork-load-patches.stdout,swh:1:cnt:fcfd5768c36a722a8554f2b6650947133e035ae8,swh:1:rev:d37ad40733f4cf3c000a50a91c799700dff5c752,swh:1:ori:ff587e012c7d5e95e2b4befc6e3a3f82dbe968ed,yes,yes,skipped,yes,2026-05-15T17:24:06+00:00
unclassified,458800bb0162a8d8052ecbc31bc6a1149280ca62,samples/unclassified/458800bb0162a8d8052ecbc31bc6a1149280ca62/metadata.json,swh:1:cnt:458800bb0162a8d8052ecbc31bc6a1149280ca62;origin=https://github.com/nsm-lab/community-build;anchor=swh:1:rev:14c04135170843aa3bc446adab4246dc2751366d;path=/proj/sourcecode.conf,swh:1:cnt:458800bb0162a8d8052ecbc31bc6a1149280ca62,swh:1:rev:14c04135170843aa3bc446adab4246dc2751366d,swh:1:ori:522af0e90a8f7744aa3c35cf3507f6c45d0fdbee,yes,yes,skipped,yes,2026-05-15T17:24:06+00:00
unclassified,ea479f0e00adb5da4da0d562d3b413dc5fecf762,samples/unclassified/ea479f0e00adb5da4da0d562d3b413dc5fecf762/metadata.json,swh:1:cnt:ea479f0e00adb5da4da0d562d3b413dc5fecf762;origin=https://github.com/aszeszo/jds;anchor=swh:1:rev:0b20cd6a3970f239c3ad0f8e57a682451a81463c;path=/base-specs/elementtree.spec,swh:1:cnt:ea479f0e00adb5da4da0d562d3b413dc5fecf762,swh:1:rev:0b20cd6a3970f239c3ad0f8e57a682451a81463c,swh:1:ori:5aa9e0eb0aba6cdef192f3a470aae3bc6d5a5033,yes,yes,skipped,yes,2026-05-15T17:24:06+00:00
unclassified,80c7235eebe23f39533a8c9dcc0efc19fe522b58,samples/unclassified/80c7235eebe23f39533a8c9dcc0efc19fe522b58/metadata.json,swh:1:cnt:80c7235eebe23f39533a8c9dcc0efc19fe522b58;origin=https://github.com/source-foundry/Hack;anchor=swh:1:rev:2c7f7341fa0f755661e3ca02abcb69f9aea2892a;path=/source/Hack-Bold.ufo/glyphs/arrowupdnbse.glif,swh:1:cnt:80c7235eebe23f39533a8c9dcc0efc19fe522b58,swh:1:rev:2c7f7341fa0f755661e3ca02abcb69f9aea2892a,swh:1:ori:bf2ffa20654e4b50db585030fbe1d24adc37dfcc,yes,yes,skipped,yes,2026-05-15T17:24:06+00:00
unclassified,579132b92c17ba2624a5411200a75127d543c881,samples/unclassified/579132b92c17ba2624a5411200a75127d543c881/metadata.json,swh:1:cnt:579132b92c17ba2624a5411200a75127d543c881;origin=https://github.com/cyclus/cyclus;anchor=swh:1:rev:3180019432966ea76eb84b3e83ad3a0d41284bc5;path=/cyclus/nucname.pyx,swh:1:cnt:579132b92c17ba2624a5411200a75127d543c881,swh:1:rev:3180019432966ea76eb84b3e83ad3a0d41284bc5,swh:1:ori:b68315032dc51a09d6d1f2571faec8470ba83b29,yes,yes,skipped,yes,2026-05-15T17:24:06+00:00
unclassified,ef478310b91ddc949efb1fcb0d78766d2201a300,samples/unclassified/ef478310b91ddc949efb1fcb0d78766d2201a300/metadata.json,swh:1:cnt:ef478310b91ddc949efb1fcb0d78766d2201a300;origin=https://github.com/unopim/unopim;anchor=swh:1:rev:971825b018aeeeff1574f31cf164399ec4045d29;path=/packages/Webkul/AdminApi/src/Secrets/Oauth/oauth-public.key,swh:1:cnt:ef478310b91ddc949efb1fcb0d78766d2201a300,swh:1:rev:971825b018aeeeff1574f31cf164399ec4045d29,swh:1:ori:ef50842e054779d92ccdcade3d513fb0f6906e18,yes,yes,skipped,yes,2026-05-15T17:24:06+00:00
unclassified,3ffd8e0c51c7ef632b1aa706f20a4547df00b85d,samples/unclassified/3ffd8e0c51c7ef632b1aa706f20a4547df00b85d/metadata.json,swh:1:cnt:3ffd8e0c51c7ef632b1aa706f20a4547df00b85d;origin=https://github.com/hhkit/golly-benchmark;anchor=swh:1:rev:60b990866211f20715a50554ceb2ba8f07b8e05e;path=/tests/simulee/arrayfire-a515b112076/ArrayFireConfig.cmake.in,swh:1:cnt:3ffd8e0c51c7ef632b1aa706f20a4547df00b85d,swh:1:rev:60b990866211f20715a50554ceb2ba8f07b8e05e,swh:1:ori:8efbb2b8bbfb39d4194d38b5f8c91fb3cf9b0806,yes,yes,skipped,yes,2026-05-15T17:24:06+00:00
unclassified,194433040640d167e6aa4de66cedc6c8ebe03f2e,samples/unclassified/194433040640d167e6aa4de66cedc6c8ebe03f2e/metadata.json,swh:1:cnt:194433040640d167e6aa4de66cedc6c8ebe03f2e;origin=https://github.com/dart-lang/sdk;anchor=swh:1:rev:523353d28017fced825581ea327509c620eed67e;path=/tools/set_ia32_sysroot.sh,swh:1:cnt:194433040640d167e6aa4de66cedc6c8ebe03f2e,swh:1:rev:523353d28017fced825581ea327509c620eed67e,swh:1:ori:10a8774a8a0cc54a0ebd9e9f516eaa2e2589d606,yes,yes,skipped,yes,2026-05-15T17:24:06+00:00
unclassified,4b0617101f8cb3b1a30d8b37b780286b7ef38308,samples/unclassified/4b0617101f8cb3b1a30d8b37b780286b7ef38308/metadata.json,swh:1:cnt:4b0617101f8cb3b1a30d8b37b780286b7ef38308;origin=https://github.com/oswald2/DGPatchMaker;anchor=swh:1:rev:d3de65d0031d01766adcce2d107ddea296b2f861;path=/src/Data/MultiVelocity.hs,swh:1:cnt:4b0617101f8cb3b1a30d8b37b780286b7ef38308,swh:1:rev:d3de65d0031d01766adcce2d107ddea296b2f861,swh:1:ori:221c8c4793e3b56f28846ff6419fb3dee79b4f3d,yes,yes,skipped,yes,2026-05-15T17:24:06+00:00
unclassified,16d9306e3796192f288d337bcbf22cbf9cb8f497,samples/unclassified/16d9306e3796192f288d337bcbf22cbf9cb8f497/metadata.json,swh:1:cnt:16d9306e3796192f288d337bcbf22cbf9cb8f497;origin=https://github.com/pascalabcnet/pascalabcnet;anchor=swh:1:rev:49378a6750a8ee31b5083e0a2f0876bc3e2aee4c;path=/bin/Lib/RBDMUtils.pas,swh:1:cnt:16d9306e3796192f288d337bcbf22cbf9cb8f497,swh:1:rev:49378a6750a8ee31b5083e0a2f0876bc3e2aee4c,swh:1:ori:3bc29edc003116a773caf096b40eb9a532b10c50,yes,yes,skipped,yes,2026-05-15T17:24:06+00:00
unclassified,52346839c68d26458bb9ad34b3898586d6127aca,samples/unclassified/52346839c68d26458bb9ad34b3898586d6127aca/metadata.json,swh:1:cnt:52346839c68d26458bb9ad34b3898586d6127aca;origin=https://github.com/theaifutureguy/AI-Chatbot-for-Lawyer;anchor=swh:1:rev:f4ecc4921913d30f02a5823856084c7ec843d975;path=/.venv/Lib/site-packages/pyarrow/_cuda.pxd,swh:1:cnt:52346839c68d26458bb9ad34b3898586d6127aca,swh:1:rev:f4ecc4921913d30f02a5823856084c7ec843d975,swh:1:ori:90572dbd0cca42ca2697ced45b0afeef0065a57c,yes,no,skipped,no,2026-05-15T17:24:06+00:00
unclassified,32302aa8ac24ac5d0253b02054597f70a5aaa8ff,samples/unclassified/32302aa8ac24ac5d0253b02054597f70a5aaa8ff/metadata.json,swh:1:cnt:32302aa8ac24ac5d0253b02054597f70a5aaa8ff;origin=https://github.com/kiwibrowser/src.next;anchor=swh:1:rev:b2a61e552c940b89d2ae504de720832780f4e7ea;path=/chrome/browser/chrome_origin_trials_browsertest.cc,swh:1:cnt:32302aa8ac24ac5d0253b02054597f70a5aaa8ff,swh:1:rev:b2a61e552c940b89d2ae504de720832780f4e7ea,swh:1:ori:0ce06ee0f1c0516de781f66933eb9e181d06ccd9,yes,yes,skipped,yes,2026-05-15T17:24:06+00:00
unclassified,891fb3aaa01ac367761a572a0b9bd67fc9f1afda,samples/unclassified/891fb3aaa01ac367761a572a0b9bd67fc9f1afda/metadata.json,swh:1:cnt:891fb3aaa01ac367761a572a0b9bd67fc9f1afda;origin=https://github.com/r91987/cpdetector;anchor=swh:1:rev:8b705d900964d3bab90b951c6529f65dc12aed5d;path=/src/info/monitorenter/cpdetector/io/parser/charsetParser.g,swh:1:cnt:891fb3aaa01ac367761a572a0b9bd67fc9f1afda,swh:1:rev:8b705d900964d3bab90b951c6529f65dc12aed5d,swh:1:ori:85cb480dd6e4c1cfc123240d2ad9a5117c10c788,yes,yes,skipped,yes,2026-05-15T17:24:06+00:00
unclassified,7f699d1e71269071805d76fe3048e84ad696cd30,samples/unclassified/7f699d1e71269071805d76fe3048e84ad696cd30/metadata.json,swh:1:cnt:7f699d1e71269071805d76fe3048e84ad696cd30;origin=https://github.com/kiwibrowser/src.next;anchor=swh:1:rev:b2a61e552c940b89d2ae504de720832780f4e7ea;path=/chrome/browser/memory_details_linux.cc,swh:1:cnt:7f699d1e71269071805d76fe3048e84ad696cd30,swh:1:rev:b2a61e552c940b89d2ae504de720832780f4e7ea,swh:1:ori:0ce06ee0f1c0516de781f66933eb9e181d06ccd9,yes,yes,skipped,yes,2026-05-15T17:24:06+00:00
unclassified,b9824eb4e39798433a723e8c8873a3947de5129a,samples/unclassified/b9824eb4e39798433a723e8c8873a3947de5129a/metadata.json,swh:1:cnt:b9824eb4e39798433a723e8c8873a3947de5129a;origin=https://github.com/shivam091/rails_bootstrap_form;anchor=swh:1:rev:595108900ec920185a3ead80ab19f7ebf86db666;path=/rails_bootstrap_form.gemspec,swh:1:cnt:b9824eb4e39798433a723e8c8873a3947de5129a,swh:1:rev:595108900ec920185a3ead80ab19f7ebf86db666,swh:1:ori:3661ef45479fe98cf9e0cda50167a48ad656b29c,yes,yes,skipped,yes,2026-05-15T17:24:06+00:00
unclassified,22d6f76b54fb9956f86bd81e60d2faf0d69932f2,samples/unclassified/22d6f76b54fb9956f86bd81e60d2faf0d69932f2/metadata.json,swh:1:cnt:22d6f76b54fb9956f86bd81e60d2faf0d69932f2;origin=https://github.com/openjdk/jdk;anchor=swh:1:rev:1428db798c8b983c23b31001ce2964f174139fea;path=/src/hotspot/share/gc/shared/gcWhen.hpp,swh:1:cnt:22d6f76b54fb9956f86bd81e60d2faf0d69932f2,swh:1:rev:1428db798c8b983c23b31001ce2964f174139fea,swh:1:ori:570777abc0acb3b78c433e94811acd34b1a85786,yes,yes,skipped,yes,2026-05-15T17:24:06+00:00
unclassified,9502e20930dba7594631eb9d4efbb2d86651eb62,samples/unclassified/9502e20930dba7594631eb9d4efbb2d86651eb62/metadata.json,swh:1:cnt:9502e20930dba7594631eb9d4efbb2d86651eb62;origin=https://github.com/joechamm/jc3DTest;anchor=swh:1:rev:34817868bcddad2d7760ba8b2d638f0d7b492e81;path=/assets/shaders/VK01.frag,swh:1:cnt:9502e20930dba7594631eb9d4efbb2d86651eb62,swh:1:rev:34817868bcddad2d7760ba8b2d638f0d7b492e81,swh:1:ori:d2232ecb0fb544f39f0b209aa9fe56bbc349b4f4,yes,yes,skipped,yes,2026-05-15T17:24:06+00:00
unclassified,d61791438d6c781f6ef98ca8adafb0d93768eb84,samples/unclassified/d61791438d6c781f6ef98ca8adafb0d93768eb84/metadata.json,swh:1:cnt:d61791438d6c781f6ef98ca8adafb0d93768eb84;origin=https://github.com/acidburn0zzz/kumara;anchor=swh:1:rev:172085f8872b6f52d5afcce7eff4a7bd6ed37222;path=/reservereport.xls,swh:1:cnt:d61791438d6c781f6ef98ca8adafb0d93768eb84,swh:1:rev:172085f8872b6f52d5afcce7eff4a7bd6ed37222,swh:1:ori:302ae2322daaf44c65b9fbd076278c71a8a6c061,yes,yes,skipped,yes,2026-05-15T17:24:06+00:00
unclassified,4b7424fc013d5af1a8f695e7e2c50142643f337f,samples/unclassified/4b7424fc013d5af1a8f695e7e2c50142643f337f/metadata.json,swh:1:cnt:4b7424fc013d5af1a8f695e7e2c50142643f337f;origin=https://github.com/darcyfdu/findlicense;anchor=swh:1:rev:888cfb21a7378408032f60d06ee5598d3228dbc5;path=/extractcode.bat,swh:1:cnt:4b7424fc013d5af1a8f695e7e2c50142643f337f,swh:1:rev:888cfb21a7378408032f60d06ee5598d3228dbc5,swh:1:ori:fb7df1e425474f57991ac0195479f0aede8e16e6,yes,yes,skipped,yes,2026-05-15T17:24:06+00:00
unclassified,461c943a7cc6b9e35e6e668ea9292f6963bb6cc3,samples/unclassified/461c943a7cc6b9e35e6e668ea9292f6963bb6cc3/metadata.json,swh:1:cnt:461c943a7cc6b9e35e6e668ea9292f6963bb6cc3;origin=https://github.com/NVIDIA/DALI;anchor=swh:1:rev:dfca5e96db44cecda517f67010e2779b3c4a7ea0;path=/dali/python/nvidia/dali/backend.pyi,swh:1:cnt:461c943a7cc6b9e35e6e668ea9292f6963bb6cc3,swh:1:rev:dfca5e96db44cecda517f67010e2779b3c4a7ea0,swh:1:ori:f066a341e6ce5c3ca6f183e38bf83c7ac495fac7,yes,yes,skipped,yes,2026-05-15T17:24:06+00:00
unclassified,d9122e8a2adc578130a43181eff6e674b0d9d4e2,samples/unclassified/d9122e8a2adc578130a43181eff6e674b0d9d4e2/metadata.json,swh:1:cnt:d9122e8a2adc578130a43181eff6e674b0d9d4e2;origin=https://github.com/pascalabcnet/pascalabcnet;anchor=swh:1:rev:e6e67c193c17759ee72a42dce8c2e98784b1ca3a;path=/TestSuite/arrays2.pas,swh:1:cnt:d9122e8a2adc578130a43181eff6e674b0d9d4e2,swh:1:rev:e6e67c193c17759ee72a42dce8c2e98784b1ca3a,swh:1:ori:3bc29edc003116a773caf096b40eb9a532b10c50,yes,yes,skipped,yes,2026-05-15T17:24:06+00:00
unclassified,f77b9535dfe7ded039134a6d7924ab99d30969c3,samples/unclassified/f77b9535dfe7ded039134a6d7924ab99d30969c3/metadata.json,swh:1:cnt:f77b9535dfe7ded039134a6d7924ab99d30969c3;origin=https://github.com/fakeNetflix/indeedeng-repo-job-dsl-plugin;anchor=swh:1:rev:e60d9121cbb2e0b0497806c3109dc09f1a47d3b1;path=/job-dsl-core/src/test/groovy/javaposse/jobdsl/dsl/WithXmlActionSpec.groovy,swh:1:cnt:f77b9535dfe7ded039134a6d7924ab99d30969c3,swh:1:rev:e60d9121cbb2e0b0497806c3109dc09f1a47d3b1,swh:1:ori:14b27358fa1079674c7ba9ba850c785259c0832f,yes,yes,skipped,yes,2026-05-15T17:24:06+00:00
unclassified,3f3025267651652f6f4432f6d4e0c623a264eb92,samples/unclassified/3f3025267651652f6f4432f6d4e0c623a264eb92/metadata.json,swh:1:cnt:3f3025267651652f6f4432f6d4e0c623a264eb92;origin=https://github.com/citusdata/citus;anchor=swh:1:rev:7730bd449cf17253c3c75a036e96a3ac7dfc8dc8;path=/src/test/regress/expected/multi_behavioral_analytics_single_shard_queries.out,swh:1:cnt:3f3025267651652f6f4432f6d4e0c623a264eb92,swh:1:rev:7730bd449cf17253c3c75a036e96a3ac7dfc8dc8,swh:1:ori:f16f637b1d42a3bf16be1d9f81233d12b3d5938c,yes,yes,skipped,yes,2026-05-15T17:24:06+00:00
unclassified,0347deaac2990d7ea12cc2a8a49b3bdb711d371f,samples/unclassified/0347deaac2990d7ea12cc2a8a49b3bdb711d371f/metadata.json,swh:1:cnt:0347deaac2990d7ea12cc2a8a49b3bdb711d371f;origin=https://github.com/tessarakkt/godot4-oceanfft;anchor=swh:1:rev:de057b68d0f29c89e071c934b8f35595edf091b4;path=/icon.svg.import,swh:1:cnt:0347deaac2990d7ea12cc2a8a49b3bdb711d371f,swh:1:rev:de057b68d0f29c89e071c934b8f35595edf091b4,swh:1:ori:55a30a7e4dec3c6e8e549163ef9b20cf51ec53b7,yes,yes,skipped,yes,2026-05-15T17:24:06+00:00
unclassified,5794ad4773e66b0d7b31460f8b6991f9ea12a1d0,samples/unclassified/5794ad4773e66b0d7b31460f8b6991f9ea12a1d0/metadata.json,swh:1:cnt:5794ad4773e66b0d7b31460f8b6991f9ea12a1d0;origin=https://github.com/xonotic/xonotic-data.pk3dir;anchor=swh:1:rev:387a1dc59f9c7ad516ad736e91280beecc8fd082;path=/qcsrc/common/effects/effectinfo_ctf.inc,swh:1:cnt:5794ad4773e66b0d7b31460f8b6991f9ea12a1d0,swh:1:rev:387a1dc59f9c7ad516ad736e91280beecc8fd082,swh:1:ori:092a3bc90e4a42f473879767461c7b1ec70e8920,yes,yes,skipped,yes,2026-05-15T17:24:06+00:00
unclassified,2c9538b1775e2d9e5fbc7301d8bb66feb6b8e554,samples/unclassified/2c9538b1775e2d9e5fbc7301d8bb66feb6b8e554/metadata.json,swh:1:cnt:2c9538b1775e2d9e5fbc7301d8bb66feb6b8e554;origin=https://github.com/mirbeta/MirClient;anchor=swh:1:rev:3dbba7d20f647e2716a1cacacdfe233e1695c33f;path=/Components/cnvcl/Source/ToCHT.bat,swh:1:cnt:2c9538b1775e2d9e5fbc7301d8bb66feb6b8e554,swh:1:rev:3dbba7d20f647e2716a1cacacdfe233e1695c33f,swh:1:ori:98c1abb41c6bbd8e7b58fd324f7af372c216aed9,yes,yes,skipped,yes,2026-05-15T17:24:06+00:00
unclassified,561f2638e6cac18d753ece20a5177d3a8ff57c26,samples/unclassified/561f2638e6cac18d753ece20a5177d3a8ff57c26/metadata.json,swh:1:cnt:561f2638e6cac18d753ece20a5177d3a8ff57c26;origin=https://github.com/JCSIVO/Basic-NET-database-API-project;anchor=swh:1:rev:67f8f9da37d4f6edc9ba6f8e6fac717afc161217;path=/obj/Debug/net6.0/JCSIVODevWebApi.AssemblyInfoInputs.cache,swh:1:cnt:561f2638e6cac18d753ece20a5177d3a8ff57c26,swh:1:rev:67f8f9da37d4f6edc9ba6f8e6fac717afc161217,swh:1:ori:6e11086cd1ed8e6d264294fdc92c0cd18ee49546,yes,yes,skipped,yes,2026-05-15T17:24:06+00:00
unclassified,3ab8566e2f677189bbef9e8a784d023b498527e4,samples/unclassified/3ab8566e2f677189bbef9e8a784d023b498527e4/metadata.json,swh:1:cnt:3ab8566e2f677189bbef9e8a784d023b498527e4;origin=https://github.com/latin-ocr/staripiscihrvat00unkngoog;anchor=swh:1:rev:91d63a2c51e7f83f33681330446236b1dd591c2f;path=/staripiscihrvat00unkngoog_0217.hocr,swh:1:cnt:3ab8566e2f677189bbef9e8a784d023b498527e4,swh:1:rev:91d63a2c51e7f83f33681330446236b1dd591c2f,swh:1:ori:4697357b1769be77ca6cb163013669821a540670,yes,yes,skipped,yes,2026-05-15T17:24:06+00:00
unclassified,680790ff519a7251b87a03459f0228e43816b436,samples/unclassified/680790ff519a7251b87a03459f0228e43816b436/metadata.json,swh:1:cnt:680790ff519a7251b87a03459f0228e43816b436;origin=https://github.com/gohdan/DFC;anchor=swh:1:rev:2c7841774c2149297ff58fb132ee739b7706f560;path=/known_files/hashes/bitrix/modules/lists/install/bizproc/process/en/bp-leave-approval.prc,swh:1:cnt:680790ff519a7251b87a03459f0228e43816b436,swh:1:rev:2c7841774c2149297ff58fb132ee739b7706f560,swh:1:ori:3db0fadf39dabcd5fc4d1f03da9a2abce4166a5b,yes,yes,skipped,yes,2026-05-15T17:24:06+00:00
unclassified,3d37ed8c4eea8efd3619f29a6615643366915bde,samples/unclassified/3d37ed8c4eea8efd3619f29a6615643366915bde/metadata.json,swh:1:cnt:3d37ed8c4eea8efd3619f29a6615643366915bde;origin=https://github.com/Harsh-Avinash/DLD-Lab-Simulations;anchor=swh:1:rev:febf332b496121e810c191df025f22db7f9742a4;path=/EXPERIMENT - 1.asc,swh:1:cnt:3d37ed8c4eea8efd3619f29a6615643366915bde,swh:1:rev:febf332b496121e810c191df025f22db7f9742a4,swh:1:ori:84de2fbd4c0f9a4dd4620de6334c08204d2f4a88,yes,yes,skipped,yes,2026-05-15T17:24:06+00:00
unclassified,cb3bbec5178392569ed41b548c5d138b9045526f,samples/unclassified/cb3bbec5178392569ed41b548c5d138b9045526f/metadata.json,swh:1:cnt:cb3bbec5178392569ed41b548c5d138b9045526f;origin=https://github.com/k-john-gough/gpcp;anchor=swh:1:rev:2e681545b9cbe872297e2fe308ebcaab27ec5493;path=/gpcp/CPascalG.cp,swh:1:cnt:cb3bbec5178392569ed41b548c5d138b9045526f,swh:1:rev:2e681545b9cbe872297e2fe308ebcaab27ec5493,swh:1:ori:0869b3c7c2cb102d6a353b06d4b4fbe07ba14098,yes,yes,skipped,yes,2026-05-15T17:24:06+00:00
unclassified,e94bd61e552cfbd5ce9e47715872ef0f9c066c9a,samples/unclassified/e94bd61e552cfbd5ce9e47715872ef0f9c066c9a/metadata.json,swh:1:cnt:e94bd61e552cfbd5ce9e47715872ef0f9c066c9a;origin=https://github.com/Prashant2091/DEEP-LEARNING-LUNG-CANCER;anchor=swh:1:rev:7bd8d2713282145100ebe204f5872eb25458ab7e;path=/ResNet50_Best_new.h5,swh:1:cnt:e94bd61e552cfbd5ce9e47715872ef0f9c066c9a,swh:1:rev:7bd8d2713282145100ebe204f5872eb25458ab7e,swh:1:ori:9dff8a7313740c2979543ac116540cd322332ece,yes,yes,skipped,yes,2026-05-15T17:24:06+00:00
