canonical_name,lang_id,source_flags,extensions,source_count,alias_count,in_hyperpolyglot,in_pygments,in_rosettacode
apollo-guidance-computer,apollo-guidance-computer,esolang;linguist;pldb,.agc,3,1,True,False,False
gemini,gemini,esolang;linguist;pldb,.gmi,3,2,False,False,False
textile,textile,esolang;linguist;pldb,.textile,3,1,True,False,False
asp.net,asp.net,linguist;pldb,.asax .ascx .ashx .asmx .aspx .axd,2,3,False,True,True
abnf,abnf,linguist;pldb,.abnf,2,1,True,True,False
apacheconf,apacheconf,linguist;pldb,.apacheconf .vhost,2,3,True,True,False
arrow,arrow,esolang;pldb,,2,1,False,True,False
bibtex,bibtex,linguist;pldb,.bib .bibtex,2,1,True,True,False
cirru,cirru,linguist;pldb,.cirru,2,1,True,True,False
css,css,linguist;pldb,.css,2,1,True,True,False
desktop,desktop,linguist;pldb,.desktop .desktop.in .service,2,1,True,True,False
diff,diff,linguist;pldb,.diff .patch,2,2,True,True,False
dockerfile,dockerfile,linguist;pldb,.containerfile .dockerfile,2,2,True,True,False
ebnf,ebnf,linguist;pldb,.ebnf,2,1,True,True,False
flatline,flatline,esolang;pldb,,2,1,False,True,False
gcc-machine-description,gcc-machine-description,linguist;pldb,.md,2,1,True,True,False
gentoo-ebuild,gentoo-ebuild,linguist;pldb,.ebuild,2,1,True,True,False
gerber-image,gerber-image,linguist;pldb,.cmp .gbl .gbo .gbp .gbr .gbs .gko .gml .gpb .gpt .gtl .gto .gtp .gts .ncl .sol,2,2,True,True,False
gradle,gradle,linguist;pldb,.gradle,2,1,True,True,False
http,http,linguist;pldb,.http,2,1,True,True,False
hxml,hxml,linguist;pldb,.hxml,2,1,True,True,False
ini,ini,linguist;pldb,.cfg .cnf .dof .frm .ini .lektorproject .prefs .pro .properties .url,2,2,True,True,False
irc,irc,esolang;pldb,,2,1,False,True,False
irc-log,irc-log,linguist;pldb,.irclog .weechatlog,2,3,True,True,False
java-properties,java-properties,linguist;pldb,.properties,2,1,True,True,False
java-server-pages,java-server-pages,linguist;pldb,.jsp .tag,2,2,True,True,False
json5,json5,linguist;pldb,.json5,2,1,True,True,False
linux-kernel-module,linux-kernel-module,linguist;pldb,.mod,2,1,True,True,False
literate-agda,literate-agda,linguist;pldb,.lagda,2,1,True,True,False
loomscript,loomscript,linguist;pldb,.ls,2,1,True,True,False
markdown,markdown,linguist;pldb,.livemd .markdown .md .mdown .mdwn .mkd .mkdn .mkdown .ronn .scd .workbook,2,3,True,True,False
myghty,myghty,linguist;pldb,.myt,2,1,True,True,False
nl,nl,linguist;pldb,.nl,2,1,True,True,False
numpy,numpy,linguist;pldb,.numpy .numpyw .numsc,2,1,True,True,False
objdump,objdump,linguist;pldb,.objdump,2,1,True,True,False
openrc-runscript,openrc-runscript,linguist;pldb,,2,2,True,True,False
pig,pig,esolang;pldb,,2,1,False,True,False
procfile,procfile,linguist;pldb,,2,1,False,True,False
qmake,qmake,linguist;pldb,.pri .pro,2,1,True,True,False
restructuredtext,restructuredtext,linguist;pldb,.rest .rest.txt .rst .rst.txt,2,2,True,True,False
robotframework,robotframework,linguist;pldb,.resource .robot,2,1,True,True,False
saltstack,saltstack,linguist;pldb,.sls,2,3,True,True,False
scaml,scaml,linguist;pldb,.scaml,2,1,True,True,False
scss,scss,linguist;pldb,.scss,2,1,True,True,False
sqlpl,sqlpl,linguist;pldb,.db2 .sql,2,1,True,True,False
Text,text,esolang;linguist,.fr .nb .ncl .no .txt,2,3,True,True,False
typoscript,typoscript,esolang;pldb,,2,1,False,True,False
unity3d-asset,unity3d-asset,linguist;pldb,.anim .asset .mask .mat .meta .prefab .unity,2,1,True,True,False
vcl,vcl,linguist;pldb,.vcl,2,1,True,True,False
windows-registry-entries,windows-registry-entries,linguist;pldb,.reg,2,1,True,True,False
world-of-warcraft-addon-data,world-of-warcraft-addon-data,linguist;pldb,.toc,2,1,True,True,False
x-pixmap,x-pixmap,linguist;pldb,.pm .xpm,2,2,True,True,False
xml,xml,linguist;pldb,.adml .admx .ant .axaml .axml .builds .ccproj .ccxml .clixml .cproject .cscfg .csdef .csl .csproj .ct .depproj .dita .ditamap .ditaval .dll.config .dotsettings .filters .fsproj .fxml .glade .gml .gmx .gpx .grxml .gst .hzp .iml .ivy .jelly .jsproj .kml .launch .mdpolicy .mjml .mm .mod .mojo .mxml .natvis .ncl .ndproj .nproj .nuspec .odd .osm .pkgproj .pluginspec .proj .props .ps1xml .psc1 .pt .pubxml .qhelp .rdf .res .resx .rs .rss .sch .scxml .sfproj .shproj .slnx .srdf .storyboard .sublime-snippet .sw .targets .tml .ts .tsx .typ .ui .urdf .ux .vbproj .vcxproj .vsixmanifest .vssettings .vstemplate .vxml .wixproj .workflow .wsdl .wsf .wxi .wxl .wxs .x3d .xacro .xaml .xib .xlf .xliff .xmi .xml .xml.dist .xmp .xproj .xsd .xspec .xul .zcml,2,4,True,True,False
zone,zone,esolang;pldb,,2,1,False,True,False
bird,bird,esolang;pldb,,2,1,False,False,True
calc,calc,esolang;pldb,,2,1,False,False,True
parrot-assembly,parrot-assembly,linguist;pldb,.pasm,2,2,True,False,True
star,star,linguist;pldb,.star,2,1,False,False,True
zed,zed,esolang;pldb,,2,1,False,False,True
aardvark,aardvark,esolang;pldb,,2,1,False,False,False
acl,acl,esolang;pldb,,2,1,False,False,False
adobe-font-metrics,adobe-font-metrics,linguist;pldb,.afm,2,5,True,False,False
agl,agl,esolang;pldb,,2,1,False,False,False
ale,ale,esolang;pldb,,2,1,False,False,False
algol-68,algol-68,pldb;wikipedia,,2,1,False,False,False
alpine-abuild,alpine-abuild,linguist;pldb,,2,3,True,False,False
ant-build-system,ant-build-system,linguist;pldb,,2,1,True,False,False
api-blueprint,api-blueprint,linguist;pldb,.apib,2,1,True,False,False
ascii,ascii,esolang;pldb,,2,1,False,False,False
asdf,asdf,esolang;pldb,,2,1,False,False,False
assembly-language,assembly-language,esolang;pldb,,2,1,False,False,False
atom,atom,esolang;pldb,,2,1,False,False,False
back,back,esolang;pldb,,2,1,False,False,False
base64,base64,esolang;pldb,,2,1,False,False,False
bio,bio,esolang;pldb,,2,1,False,False,False
bitcoin,bitcoin,esolang;pldb,,2,1,False,False,False
black,black,esolang;pldb,,2,1,False,False,False
blank,blank,esolang;pldb,,2,1,False,False,False
broccoli,broccoli,esolang;pldb,,2,1,False,False,False
bullfrog,bullfrog,esolang;pldb,,2,1,False,False,False
c-flat,c-flat,esolang;pldb,,2,1,False,False,False
cantor,cantor,esolang;pldb,,2,1,False,False,False
capsule,capsule,esolang;pldb,,2,1,False,False,False
capybara,capybara,esolang;pldb,,2,1,False,False,False
cartocss,cartocss,linguist;pldb,.mss,2,2,True,False,False
checkout,checkout,esolang;pldb,,2,1,False,False,False
chimera,chimera,esolang;pldb,,2,1,False,False,False
closure-templates,closure-templates,linguist;pldb,.soy,2,2,True,False,False
cloud-firestore-security-rules,cloud-firestore-security-rules,linguist;pldb,,2,1,True,False,False
collada,collada,linguist;pldb,.dae,2,1,True,False,False
"'Colors',",colors,esolang;pldb,,2,1,False,False,False
conll-u,conll-u,linguist;pldb,.conll .conllu,2,3,True,False,False
corbascript,corbascript,pldb;wikipedia,,2,1,False,False,False
creole,creole,linguist;pldb,.creole,2,1,True,False,False
csl,csl,esolang;pldb,,2,1,False,False,False
cson,cson,linguist;pldb,.cson,2,1,True,False,False
cube,cube,esolang;pldb,,2,1,False,False,False
cupid,cupid,esolang;pldb,,2,1,False,False,False
dog,dog,esolang;pldb,,2,1,False,False,False
domino,domino,esolang;pldb,,2,1,False,False,False
drol,drol,esolang;pldb,,2,1,False,False,False
eagle,eagle,linguist;pldb,.brd .sch,2,1,True,False,False
easy,easy,esolang;pldb,,2,1,False,False,False
easybuild,easybuild,linguist;pldb,.eb,2,1,True,False,False
Edge,edge,esolang;linguist,.edge,2,1,False,False,False
edje-data-collection,edje-data-collection,linguist;pldb,.edc,2,1,True,False,False
edn,edn,linguist;pldb,.edn,2,1,True,False,False
emoticon,emoticon,esolang;pldb,,2,1,False,False,False
entropy,entropy,esolang;pldb,,2,1,False,False,False
etc,etc,esolang;pldb,,2,1,False,False,False
ez,ez,esolang;pldb,,2,1,False,False,False
far,far,esolang;pldb,,2,1,False,False,False
figlet-font,figlet-font,linguist;pldb,.flf,2,2,True,False,False
filebench-wml,filebench-wml,linguist;pldb,.f,2,1,True,False,False
floorplan,floorplan,esolang;pldb,,2,1,False,False,False
flowcode,flowcode,pldb;wikipedia,,2,1,False,False,False
fold,fold,esolang;pldb,,2,1,False,False,False
foo,foo,esolang;pldb,,2,1,False,False,False
fork,fork,esolang;pldb,,2,1,False,False,False
fun,fun,esolang;pldb,,2,1,False,False,False
fx-87,fx-87,pldb;wikipedia,,2,1,False,False,False
gdb,gdb,linguist;pldb,.gdb .gdbinit,2,1,True,False,False
gecko,gecko,esolang;pldb,,2,1,False,False,False
generic,generic,esolang;pldb,,2,1,False,False,False
git-config,git-config,linguist;pldb,.gitconfig,2,3,True,False,False
glyph-bitmap-distribution-format,glyph-bitmap-distribution-format,linguist;pldb,.bdf,2,1,True,False,False
gold,gold,esolang;pldb,,2,1,False,False,False
gopher,gopher,esolang;pldb,,2,1,False,False,False
graph-modeling-language,graph-modeling-language,linguist;pldb,.gml,2,1,True,False,False
grin,grin,esolang;pldb,,2,1,False,False,False
hello,hello,esolang;pldb,,2,1,False,False,False
hurl,hurl,linguist;pldb,.hurl,2,1,False,False,False
icarus,icarus,esolang;pldb,,2,1,False,False,False
image,image,esolang;pldb,,2,1,False,False,False
inc,inc,esolang;pldb,,2,1,False,False,False
ircis,ircis,esolang;pldb,,2,1,False,False,False
jeeves,jeeves,esolang;pldb,,2,1,False,False,False
jison,jison,linguist;pldb,.jison,2,1,True,False,False
jison-lex,jison-lex,linguist;pldb,.jisonlex,2,1,True,False,False
jupyter-notebook,jupyter-notebook,linguist;pldb,.ipynb,2,2,True,False,False
kate,kate,esolang;pldb,,2,1,False,False,False
kiss,kiss,esolang;pldb,,2,1,False,False,False
knight,knight,esolang;pldb,,2,1,False,False,False
kvikkalkul,kvikkalkul,esolang;pldb,,2,1,False,False,False
lain,lain,esolang;pldb,,2,1,False,False,False
lambda,lambda,esolang;pldb,,2,1,False,False,False
language-h,language-h,pldb;wikipedia,,2,1,False,False,False
lazy-k,lazy-k,esolang;pldb,,2,1,False,False,False
levy,levy,esolang;pldb,,2,1,False,False,False
libra,libra,esolang;pldb,,2,1,False,False,False
linker-script,linker-script,linguist;pldb,.ld .lds .x,2,1,True,False,False
literate-coffeescript,literate-coffeescript,linguist;pldb,.coffee.md .litcoffee,2,2,True,False,False
loops,loops,esolang;pldb,,2,1,False,False,False
lpl,lpl,esolang;pldb,,2,1,False,False,False
m4sugar,m4sugar,linguist;pldb,.m4,2,2,True,False,False
macro,macro,esolang;pldb,,2,1,False,False,False
magritte,magritte,esolang;pldb,,2,1,False,False,False
maven-pom,maven-pom,linguist;pldb,,2,1,True,False,False
mewmew,mewmew,esolang;pldb,,2,1,False,False,False
minecraft,minecraft,esolang;pldb,,2,1,False,False,False
module-management-system,module-management-system,linguist;pldb,.mmk .mms,2,1,True,False,False
morse-code,morse-code,esolang;pldb,,2,1,False,False,False
mountain,mountain,esolang;pldb,,2,1,False,False,False
mtml,mtml,linguist;pldb,.mtml,2,1,True,False,False
musys,musys,esolang;pldb,,2,1,False,False,False
n,n,esolang;pldb,,2,1,False,False,False
netlinx,netlinx,linguist;pldb,.axi .axs,2,1,True,False,False
newton,newton,esolang;pldb,,2,1,False,False,False
ninja,ninja,linguist;pldb,.ninja,2,1,True,False,False
none,none,esolang;pldb,,2,1,False,False,False
note,note,esolang;pldb,,2,1,False,False,False
numpad,numpad,esolang;pldb,,2,1,False,False,False
o,o,esolang;pldb,,2,1,False,False,False
obscure,obscure,esolang;pldb,,2,1,False,False,False
om,om,esolang;pldb,,2,1,False,False,False
opentype-feature-file,opentype-feature-file,linguist;pldb,.fea,2,2,True,False,False
pancode,pancode,esolang;pldb,,2,1,False,False,False
parenthetic,parenthetic,esolang;pldb,,2,1,False,False,False
pep8,pep8,linguist;pldb,.pep,2,1,True,False,False
pi-calculus,pi-calculus,esolang;pldb,,2,1,False,False,False
pit,pit,esolang;pldb,,2,1,False,False,False
pl-m,pl-m,pldb;wikipedia,,2,1,False,False,False
playground,playground,esolang;pldb,,2,1,False,False,False
please,please,esolang;pldb,,2,1,False,False,False
pod,pod,linguist;pldb,.pod,2,1,True,False,False
postcss,postcss,linguist;pldb,.pcss .postcss,2,1,True,False,False
psyche,psyche,esolang;pldb,,2,1,False,False,False
push,push,esolang;pldb,,2,1,False,False,False
pv-wave,pv-wave,pldb;wikipedia,,2,1,False,False,False
quake,quake,linguist;pldb,,2,1,True,False,False
rainbow,rainbow,esolang;pldb,,2,1,False,False,False
rbs,rbs,linguist;pldb,.rbs,2,1,False,False,False
rdoc,rdoc,linguist;pldb,.rdoc,2,1,True,False,False
refer,refer,esolang;pldb,,2,1,False,False,False
Regular Expression,regular-expression,esolang;linguist,.regex .regexp,2,3,True,False,False
rmarkdown,rmarkdown,linguist;pldb,.qmd .rmd,2,1,True,False,False
robots.txt,robots.txt,linguist;pldb,,2,3,False,False,False
roop,roop,esolang;pldb,,2,1,False,False,False
rouge,rouge,linguist;pldb,.rg,2,1,True,False,False
ru,ru,esolang;pldb,,2,1,False,False,False
scan,scan,esolang;pldb,,2,1,False,False,False
school,school,esolang;pldb,,2,1,False,False,False
sclipting,sclipting,esolang;pldb,,2,1,False,False,False
scoop,scoop,esolang;pldb,,2,1,False,False,False
scroll,scroll,esolang;pldb,,2,1,False,False,False
semicolon,semicolon,esolang;pldb,,2,1,False,False,False
sespool,sespool,esolang;pldb,,2,1,False,False,False
shaderlab,shaderlab,linguist;pldb,.shader,2,1,True,False,False
sheep,sheep,esolang;pldb,,2,1,False,False,False
shoe,shoe,esolang;pldb,,2,1,False,False,False
simoji,simoji,esolang;pldb,,2,1,False,False,False
simple,simple,esolang;pldb,,2,1,False,False,False
simplescript,simplescript,esolang;pldb,,2,1,False,False,False
smile,smile,esolang;pldb,,2,1,False,False,False
smt,smt,linguist;pldb,.smt .smt2 .z3,2,1,True,False,False
snowman,snowman,esolang;pldb,,2,1,False,False,False
sophie,sophie,esolang;pldb,,2,1,False,False,False
spil,spil,esolang;pldb,,2,1,False,False,False
spline-font-database,spline-font-database,linguist;pldb,.sfd,2,1,True,False,False
srecode-template,srecode-template,linguist;pldb,.srt,2,1,True,False,False
stacklang,stacklang,esolang;pldb,,2,1,False,False,False
staple,staple,esolang;pldb,,2,1,False,False,False
stl,stl,linguist;pldb,.stl,2,3,False,False,False
ston,ston,linguist;pldb,.ston,2,1,True,False,False
str,str,esolang;pldb,,2,1,False,False,False
String,string,esolang;pldb,,2,1,False,False,False
structured-text,structured-text,pldb;wikipedia,,2,1,False,False,False
sub,sub,esolang;pldb,,2,1,False,False,False
subrip-text,subrip-text,linguist;pldb,.srt,2,1,True,False,False
sugarss,sugarss,linguist;pldb,.sss,2,1,True,False,False
svg,svg,linguist;pldb,.svg,2,1,True,False,False
sweave,sweave,linguist;pldb,.rnw,2,1,False,False,False
tab,tab,esolang;pldb,,2,1,False,False,False
taktentus,taktentus,esolang;pldb,,2,1,False,False,False
tarot,tarot,esolang;pldb,,2,1,False,False,False
tcc,tcc,esolang;pldb,,2,1,False,False,False
tetra,tetra,esolang;pldb,,2,1,False,False,False
tla,tla,linguist;pldb,.tla,2,1,True,False,False
toadskin,toadskin,esolang;pldb,,2,1,False,False,False
toi,toi,esolang;pldb,,2,1,False,False,False
truck,truck,esolang;pldb,,2,1,False,False,False
tscript,tscript,esolang;pldb,,2,1,False,False,False
tsl,tsl,esolang;pldb,,2,1,False,False,False
tuple-space,tuple-space,pldb;wikipedia,,2,1,False,False,False
twoducks,twoducks,esolang;pldb,,2,1,False,False,False
txt,txt,esolang;pldb,,2,1,False,False,False
type-language,type-language,linguist;pldb,.tl,2,2,True,False,False
u,u,esolang;pldb,,2,1,False,False,False
unicode,unicode,esolang;pldb,,2,1,False,False,False
unicorn,unicorn,esolang;pldb,,2,1,False,False,False
uno,uno,linguist;pldb,.uno,2,1,True,False,False
vtl,vtl,esolang;pldb,,2,1,False,False,False
w,w,esolang;pldb,,2,1,False,False,False
wasm,wasm,esolang;pldb,,2,1,False,False,False
wavefront-material,wavefront-material,linguist;pldb,.mtl,2,1,True,False,False
wavefront-object,wavefront-object,linguist;pldb,.obj,2,1,True,False,False
x-bitmap,x-bitmap,linguist;pldb,.xbm,2,2,True,False,False
x-font-directory-index,x-font-directory-index,linguist;pldb,,2,1,True,False,False
xcompose,xcompose,linguist;pldb,,2,1,True,False,False
xpages,xpages,linguist;pldb,.xsp-config .xsp.metadata,2,1,True,False,False
y,y,esolang;pldb,,2,1,False,False,False
yasnippet,yasnippet,linguist;pldb,.yasnippet,2,3,True,False,False
yoptascript,yoptascript,esolang;pldb,,2,1,False,False,False
zephyr-asdl,zephyr-asdl,esolang;pldb,,2,1,False,False,False
LLVM,llvm,linguist,.ll,1,1,True,True,True
Makefile,makefile,linguist,.d .mak .make .makefile .mk .mkfile,1,4,True,True,True
mysql,mysql,pldb,,1,1,False,True,True
Visual Basic 6.0,visual-basic-6.0,linguist,.bas .cls .ctl .dsr .frm,1,6,False,True,True
Ada (programming language),ada-programming-language,wikipedia,,1,1,True,True,False
Adblock Filter List,adblock-filter-list,linguist,.txt,1,5,False,True,False
Agda (programming language),agda-programming-language,wikipedia,,1,1,True,True,False
apache,apache,pldb,,1,1,False,True,False
APL (programming language),apl-programming-language,wikipedia,,1,1,True,True,False
ASM,asm,esolang,,1,1,False,True,False
AT,at,esolang,,1,1,False,True,False
bazel,bazel,pldb,,1,1,False,True,False
bbcode,bbcode,pldb,,1,1,False,True,False
BibTeX Style,bibtex-style,linguist,.bst,1,1,False,True,False
bnf,bnf,pldb,,1,1,False,True,False
Boo (programming language),boo-programming-language,wikipedia,,1,1,True,True,False
BuildStream,buildstream,linguist,.bst,1,1,False,True,False
C (programming language),c-programming-language,wikipedia,,1,1,True,True,False
C Sharp (programming language),c-sharp-programming-language,wikipedia,,1,1,True,True,False
C-ObjDump,c-objdump,linguist,.c-objdump,1,1,True,True,False
ColdFusion CFC,coldfusion-cfc,linguist,.cfc,1,2,True,True,False
cp,cp,pldb,,1,1,False,True,False
cpp,cpp,pldb,,1,1,True,True,False
Cpp-ObjDump,cpp-objdump,linguist,.c++-objdump .c++objdump .cpp-objdump .cppobjdump .cxx-objdump,1,2,True,True,False
crmsh,crmsh,pldb,,1,1,False,True,False
Cry,cry,esolang,,1,1,False,True,False
Crystal (programming language),crystal-programming-language,wikipedia,,1,1,True,True,False
csharp,csharp,pldb,,1,1,True,True,False
Csound Document,csound-document,linguist,.csd,1,2,True,True,False
Csound Score,csound-score,linguist,.sco,1,2,True,True,False
Css script,css-script,esolang,,1,1,True,True,False
D (programming language),d-programming-language,wikipedia,,1,1,True,True,False
D-ObjDump,d-objdump,linguist,.d-objdump,1,1,True,True,False
Darcs Patch,darcs-patch,linguist,.darcspatch .dpatch,1,2,True,True,False
devicetree,devicetree,pldb,,1,1,False,True,False
DG,dg,esolang,,1,1,False,True,False
django,django,pldb,,1,1,False,True,False
DNS Zone,dns-zone,linguist,.arpa .zone,1,1,True,True,False
DO,do,esolang,,1,1,False,True,False
docker,docker,pldb,,1,1,False,True,False
dtd,dtd,pldb,,1,1,False,True,False
dts,dts,pldb,,1,1,False,True,False
duel,duel,pldb,,1,1,False,True,False
E-mail,e-mail,linguist,.eml .mbox,1,5,True,True,False
earl-grey,earl-grey,pldb,,1,1,False,True,False
Ecmarkup,ecmarkup,linguist,.html,1,2,False,True,False
Elixir (programming language),elixir-programming-language,wikipedia,,1,1,True,True,False
EML,eml,esolang,,1,1,True,True,False
Erlang (programming language),erlang-programming-language,wikipedia,,1,1,True,True,False
Execline,execline,esolang,,1,1,False,True,False
Factor (programming language),factor-programming-language,wikipedia,,1,1,True,True,False
floscript,floscript,pldb,,1,1,False,True,False
Forth (programming language),forth-programming-language,wikipedia,,1,1,True,True,False
Fortran Free Form,fortran-free-form,linguist,.f03 .f08 .f90 .f95,1,1,False,True,False
fstar,fstar,pldb,,1,1,False,True,False
Gentoo Eclass,gentoo-eclass,linguist,.eclass,1,1,True,True,False
Gettext Catalog,gettext-catalog,linguist,.po .pot,1,2,True,True,False
Go (programming language),go-programming-language,wikipedia,,1,1,True,True,False
Go Template,go-template,linguist,.gohtml .gotmpl .html.tmpl .tmpl .tpl,1,2,False,True,False
Golo (programming language),golo-programming-language,wikipedia,,1,1,True,True,False
Gosu (programming language),gosu-programming-language,wikipedia,,1,1,True,True,False
Graphviz (DOT),graphviz-dot,linguist,.dot .gv,1,1,True,True,False
HAProxy,haproxy,linguist,.cfg,1,1,True,True,False
Hexdump,hexdump,esolang,,1,1,False,True,False
HS,hs,esolang,,1,1,False,True,False
hspec,hspec,pldb,,1,1,False,True,False
HTML+EEX,html+eex,linguist,.heex .html.eex .leex,1,4,True,True,False
HTML+ERB,html+erb,linguist,.erb .erb.deface .rhtml,1,4,True,True,False
HTML+PHP,html+php,linguist,.phtml,1,1,True,True,False
Io (programming language),io-programming-language,wikipedia,,1,1,True,True,False
J (programming language),j-programming-language,wikipedia,,1,1,True,True,False
Java (programming language),java-programming-language,wikipedia,,1,1,True,True,False
JavaScript+ERB,javascript+erb,linguist,.js.erb,1,1,True,True,False
JetBrains MPS,jetbrains-mps,linguist,.mpl .mps .msd,1,2,False,True,False
jsgf,jsgf,pldb,,1,1,False,True,False
JSON,json,linguist,.4dform .4dproject .avsc .geojson .gltf .har .ice .json .json-tmlanguage .json.example .jsonl .mcmeta .sarif .tact .tfstate .tfstate.backup .topojson .webapp .webmanifest .yy .yyp,1,5,True,True,False
JSONLD,jsonld,linguist,.jsonld,1,1,True,True,False
Julia (programming language),julia-programming-language,wikipedia,,1,1,True,True,False
kid,kid,pldb,,1,1,False,True,False
Kusto,kusto,linguist,.csl .kql,1,1,False,True,False
LTspice Symbol,ltspice-symbol,linguist,.asy,1,1,True,True,False
Mask,mask,linguist,.mask,1,1,True,True,False
mcfunction,mcfunction,linguist,.mcfunction,1,1,True,True,False
mediawiki,mediawiki,pldb,,1,1,True,True,False
mime,mime,pldb,,1,1,False,True,False
MiniYAML,miniyaml,linguist,.yaml .yml,1,1,False,True,False
mips,mips,pldb,,1,1,False,True,False
Motorola 68K Assembly,motorola-68k-assembly,linguist,.asm .i .inc .s .x68,1,2,True,True,False
mscgen,mscgen,pldb,,1,1,False,True,False
NB,nb,esolang,,1,1,False,True,False
nestedtext,nestedtext,pldb,,1,1,False,True,False
Nginx,nginx,linguist,.nginx .nginxconf .vhost,1,2,True,True,False
Nim (programming language),nim-programming-language,wikipedia,,1,1,True,True,False
nixos,nixos,pldb,,1,1,False,True,False
OASv2-json,oasv2-json,linguist,.json,1,1,False,True,False
OASv2-yaml,oasv2-yaml,linguist,.yaml .yml,1,1,False,True,False
OASv3-json,oasv3-json,linguist,.json,1,1,False,True,False
OASv3-yaml,oasv3-yaml,linguist,.yaml .yml,1,1,False,True,False
Object Data Instance Notation,object-data-instance-notation,linguist,.odin,1,1,True,True,False
omg-idl,omg-idl,pldb,,1,1,False,True,False
Open Policy Agent,open-policy-agent,linguist,.rego,1,1,True,True,False
Org,org,linguist,.org,1,1,True,True,False
pacmanconf,pacmanconf,pldb,,1,1,False,True,False
peg,peg,pldb,,1,1,False,True,False
PigLatin,piglatin,linguist,.pig,1,1,True,True,False
pkgconfig,pkgconfig,pldb,,1,1,False,True,False
PLSQL,plsql,linguist,.bdy .ddl .fnc .pck .pkb .pks .plb .pls .plsql .prc .spc .sql .tpb .tps .trg .vw,1,1,True,True,False
po,po,pldb,,1,1,False,True,False
Pony (programming language),pony-programming-language,wikipedia,,1,1,True,True,False
postgresql,postgresql,pldb,,1,1,False,True,False
Proguard,proguard,linguist,.pro,1,1,True,True,False
protobuf,protobuf,pldb,,1,1,False,True,False
Public Key,public-key,linguist,.asc .pub,1,1,True,True,False
py,py,pldb,,1,1,False,True,False
Python console,python-console,linguist,,1,2,True,True,False
Python (programming language),python-programming-language,wikipedia,,1,1,True,True,False
Python traceback,python-traceback,linguist,.pytb,1,1,True,True,False
R (programming language),r-programming-language,wikipedia,,1,1,True,True,False
Raku (programming language),raku-programming-language,wikipedia,,1,1,True,True,False
Red (programming language),red-programming-language,wikipedia,,1,1,True,True,False
Resource,resource,esolang,,1,1,False,True,False
rest,rest,pldb,,1,1,False,True,False
rhtml,rhtml,pldb,,1,1,True,True,False
rita,rita,pldb,,1,1,False,True,False
Roff Manpage,roff-manpage,linguist,.1 .1in .1m .1x .2 .3 .3in .3m .3p .3pm .3qt .3x .4 .5 .6 .7 .8 .9 .man .mdoc,1,1,True,True,False
RPM Spec,rpm-spec,linguist,.spec,1,2,True,True,False
rql,rql,pldb,,1,1,False,True,False
Rs,rs,esolang,,1,1,False,True,False
Salt,salt,esolang,,1,1,False,True,False
Scala (programming language),scala-programming-language,wikipedia,,1,1,True,True,False
sh,sh,pldb,,1,1,False,True,False
ShellSession,shellsession,linguist,.sh-session,1,3,True,True,False
shex,shex,pldb,,1,1,False,True,False
Singularity,singularity,linguist,,1,1,False,True,False
snbt,snbt,pldb,,1,1,False,True,False
Soong,soong,linguist,,1,1,False,True,False
spec,spec,pldb,,1,1,False,True,False
squidconf,squidconf,pldb,,1,1,False,True,False
StringTemplate,stringtemplate,linguist,.st,1,1,False,True,False
Swift (programming language),swift-programming-language,wikipedia,,1,1,True,True,False
tap,tap,pldb,,1,1,False,True,False
Tea (programming language),tea-programming-language,wikipedia,,1,1,True,True,False
TF,tf,esolang,,1,1,False,True,False
Ti!,ti,esolang,,1,1,False,True,False
tls,tls,pldb,,1,1,False,True,False
todotxt,todotxt,pldb,,1,1,False,True,False
Tree-sitter Query,tree-sitter-query,linguist,.scm,1,2,False,True,False
ts,ts,pldb,,1,1,True,True,False
TSQL,tsql,linguist,.sql,1,1,True,True,False
TSX,tsx,linguist,.tsx,1,2,True,True,False
Unix Assembly,unix-assembly,linguist,.ms .s,1,4,True,True,False
usd,usd,pldb,,1,1,False,True,False
Vala (programming language),vala-programming-language,wikipedia,,1,1,True,True,False
verifpal,verifpal,pldb,,1,1,False,True,False
vim,vim,pldb,,1,1,False,True,False
Vim Help File,vim-help-file,linguist,.txt,1,3,False,True,False
visual-basic,visual-basic,pldb,,1,1,False,True,False
Vue,vue,linguist,.vue,1,1,True,True,False
wast,wast,pldb,,1,1,False,True,False
Wikitext,wikitext,linguist,.mediawiki .wiki .wikitext,1,3,True,True,False
Win32 Message File,win32-message-file,linguist,.mc,1,1,False,True,False
xql,xql,pldb,,1,1,False,True,False
Zig (programming language),zig-programming-language,wikipedia,,1,1,True,True,False
0815,0815,esolang,,1,1,False,False,True
4ME,4me,esolang,,1,1,False,False,True
Ant,ant,esolang,,1,1,False,False,True
Anyways,anyways,esolang,,1,1,False,False,True
biferno,biferno,pldb,,1,1,False,False,True
blz,blz,pldb,,1,1,False,False,True
bml,bml,pldb,,1,1,False,False,True
BrainIf,brainif,esolang,,1,1,False,False,True
CalScript,calscript,esolang,,1,1,False,False,True
Classic ASP,classic-asp,linguist,.asp,1,2,True,False,True
corescript,corescript,pldb,,1,1,False,False,True
creative-basic,creative-basic,pldb,,1,1,False,False,True
dragoon,dragoon,pldb,,1,1,False,False,True
DUP,dup,esolang,,1,1,False,False,True
explorer,explorer,pldb,,1,1,False,False,True
formula,formula,pldb,,1,1,False,False,True
g-fu,g-fu,pldb,,1,1,False,False,True
Gecho,gecho,esolang,,1,1,False,False,True
hbasic,hbasic,pldb,,1,1,False,False,True
i,i,pldb,,1,1,False,False,True
JS++,js-plus-plus,wikipedia,,1,1,False,False,True
konsolscript,konsolscript,pldb,,1,1,False,False,True
$Lang,lang,esolang,,1,1,False,False,True
LAST,last,esolang,,1,1,False,False,True
mariadb,mariadb,pldb,,1,1,False,False,True
Mastermind,mastermind,esolang,,1,1,False,False,True
mathcad,mathcad,pldb,,1,1,False,False,True
Minil,minil,esolang,,1,1,False,False,True
mosaic,mosaic,pldb,,1,1,False,False,True
order,order,pldb,,1,1,False,False,True
Programming language,programming-language,wikipedia,,1,1,False,False,True
ra,ra,pldb,,1,1,False,False,True
RASEL,rasel,esolang,,1,1,False,False,True
RELATIONS,relations,esolang,,1,1,False,False,True
Setlang,setlang,esolang,,1,1,False,False,True
slope,slope,pldb,,1,1,False,False,True
Stringle,stringle,esolang,,1,1,False,False,True
TailDot,taildot,esolang,,1,1,False,False,True
tela,tela,pldb,,1,1,False,False,True
testml,testml,pldb,,1,1,False,False,True
Thyrd,thyrd,esolang,,1,1,False,False,True
toffeescript,toffeescript,pldb,,1,1,False,False,True
tosh,tosh,pldb,,1,1,False,False,True
turbo-basic-xl,turbo-basic-xl,pldb,,1,1,False,False,True
tutorial-d,tutorial-d,pldb,,1,1,False,False,True
uscript,uscript,pldb,,1,1,False,False,True
Waduzitdo,waduzitdo,esolang,,1,1,False,False,True
weebasic,weebasic,pldb,,1,1,False,False,True
X-script,x-script,esolang,,1,1,False,False,True
XEec,xeec,esolang,,1,1,False,False,True
xprofan,xprofan,pldb,,1,1,False,False,True
!!,id-b4613f86,esolang,,1,1,False,False,False
!!!,id-9a7b006d,esolang,,1,1,False,False,False
!!!!,id-f6bb43b4,esolang,,1,1,False,False,False
!(),id-a68c1200,esolang,,1,1,False,False,False
!/*,id-f24ee728,esolang,,1,1,False,False,False
!Мова,id-74f64b50,esolang,,1,1,False,False,False
!한국어,id-41ae1c72,esolang,,1,1,False,False,False
$,id-3cdf2936,esolang,,1,1,False,False,False
$ $,id-7b0bf971,esolang,,1,1,False,False,False
$!,id-2b2bf58d,esolang,,1,1,False,False,False
&,id-7c4d3378,esolang,,1,1,False,False,False
(,id-28ed3a79,esolang,,1,1,False,False,False
( ),id-fcc44c6b,esolang,,1,1,False,False,False
((,id-3f9be36f,esolang,,1,1,False,False,False
(()),id-aa75362b,esolang,,1,1,False,False,False
((?)?)?,id-7f65b96d,esolang,,1,1,False,False,False
(),id-f9065fa7,esolang,,1,1,False,False,False
()()(()),id-d11d7c18,esolang,,1,1,False,False,False
(*),id-373c7648,esolang,,1,1,False,False,False
"(,!)",id-7f69580c,esolang,,1,1,False,False,False
"(,)",id-d2193eb3,esolang,,1,1,False,False,False
(?!),id-b1528e3b,esolang,,1,1,False,False,False
),id-e7064f0b,esolang,,1,1,False,False,False
):,id-67f69ef0,esolang,,1,1,False,False,False
*,id-df58248c,esolang,,1,1,False,False,False
*$@(^$)!,id-cf4460b0,esolang,,1,1,False,False,False
***,id-36c3eaa0,esolang,,1,1,False,False,False
",",id-5c10b5b2,esolang,,1,1,False,False,False
",()",id-54cb765d,esolang,,1,1,False,False,False
",,,",id-e7d4683b,esolang,,1,1,False,False,False
/,id-42099b4a,esolang,,1,1,False,False,False
;,id-2d14ab97,esolang,,1,1,False,False,False
; ;;,id-6aade5a8,esolang,,1,1,False,False,False
;;;,id-b8354ba4,esolang,,1,1,False,False,False
=,id-21606782,esolang,,1,1,False,False,False
=?,id-9f64d1d4,esolang,,1,1,False,False,False
?,id-5bab61eb,esolang,,1,1,False,False,False
?!,id-59c2264c,esolang,,1,1,False,False,False
???,id-2d86c2a6,esolang,,1,1,False,False,False
????,id-3b93fd2d,esolang,,1,1,False,False,False
@,id-9a782114,esolang,,1,1,False,False,False
\,id-08534f33,esolang,,1,1,False,False,False
\/,id-9d7df07c,esolang,,1,1,False,False,False
\\\,id-edd45bec,esolang,,1,1,False,False,False
^,id-5e6f80a3,esolang,,1,1,False,False,False
^!,id-9653a731,esolang,,1,1,False,False,False
^中文,id-9196ed2b,esolang,,1,1,False,False,False
`,id-7e15bb5c,esolang,,1,1,False,False,False
``,id-222b2b4a,esolang,,1,1,False,False,False
~,id-fb3c6e4d,esolang,,1,1,False,False,False
~~¨л,id-a3403039,esolang,,1,1,False,False,False
¢%,id-a266ead7,esolang,,1,1,False,False,False
¥́,id-010399e8,esolang,,1,1,False,False,False
¯\,id-55cabfac,esolang,,1,1,False,False,False
¯\ (ツ) /¯,id-52c7b98e,esolang,,1,1,False,False,False
±,id-4c2077d1,esolang,,1,1,False,False,False
¿,id-1b989a74,esolang,,1,1,False,False,False
Ð,id-495242db,esolang,,1,1,False,False,False
Ø,id-4c959944,esolang,,1,1,False,False,False
ʘ,id-e73104ea,esolang,,1,1,False,False,False
̐,id-01fb82b5,esolang,,1,1,False,False,False
Γιάαααααααααααααααααααααααααααα,id-ba10cd97,esolang,,1,1,False,False,False
Ζτ,id-a6a9fee2,esolang,,1,1,False,False,False
ΙΧΘΥΣ,id-f09ef07c,esolang,,1,1,False,False,False
Λ,id-4bd3857e,esolang,,1,1,False,False,False
Λάμβδα,id-72798c99,esolang,,1,1,False,False,False
Λιμπ,id-0704404f,esolang,,1,1,False,False,False
Λλλ,id-637da0c3,esolang,,1,1,False,False,False
Λ⁁,id-f2515e9f,esolang,,1,1,False,False,False
Μ,id-15b7b338,esolang,,1,1,False,False,False
ΞΘΔΦΩ,id-319ba86c,esolang,,1,1,False,False,False
Ξν,id-c01267c1,esolang,,1,1,False,False,False
Π,id-0600a515,esolang,,1,1,False,False,False
Σ∞,id-8ee43153,esolang,,1,1,False,False,False
Φ,id-4bf81d54,esolang,,1,1,False,False,False
Ебаное дерьмо,id-f578ae8b,esolang,,1,1,False,False,False
Марковский,id-80a90b94,esolang,,1,1,False,False,False
Мне с тобою так повезло,id-ca75e189,esolang,,1,1,False,False,False
Монгол хэл,id-a0f5b9a1,esolang,,1,1,False,False,False
Собачка,id-0cb46a2e,esolang,,1,1,False,False,False
Тест на терпение,id-a2014496,esolang,,1,1,False,False,False
Хязгаар,id-a3884395,esolang,,1,1,False,False,False
Юᓂ곧⎔,id-84def688,esolang,,1,1,False,False,False
׀│,id-9faf55ee,esolang,,1,1,False,False,False
ערימה,id-de457642,esolang,,1,1,False,False,False
العربية,id-9970632f,esolang,,1,1,False,False,False
قلب,id-82f1b4b7,esolang,,1,1,False,False,False
అంతులేనిబైనరీలు,id-2478e831,esolang,,1,1,False,False,False
ಠ ಠ,id-11106d87,esolang,,1,1,False,False,False
ඞ,id-8d43548c,esolang,,1,1,False,False,False
ᚱᚢᚾᛅᛦ,id-4f887d34,esolang,,1,1,False,False,False
‰,id-f19e5815,esolang,,1,1,False,False,False
′,id-ca678a9a,esolang,,1,1,False,False,False
›*&«&^,id-c194291d,esolang,,1,1,False,False,False
⁠,id-4e2c37e7,esolang,,1,1,False,False,False
€,id-83fc867a,esolang,,1,1,False,False,False
Ⅎ,id-2e0d4618,esolang,,1,1,False,False,False
Ↄ,id-a0dab239,esolang,,1,1,False,False,False
←,id-8179643c,esolang,,1,1,False,False,False
→,id-213edd25,esolang,,1,1,False,False,False
↡,id-39950531,esolang,,1,1,False,False,False
∆,id-cd7b1f2b,esolang,,1,1,False,False,False
∇,id-fd7d8c4c,esolang,,1,1,False,False,False
∞,id-38f64525,esolang,,1,1,False,False,False
⊗,id-f120f64b,esolang,,1,1,False,False,False
⊥,id-4dc3afe5,esolang,,1,1,False,False,False
█,id-025d44bd,esolang,,1,1,False,False,False
▓,id-4dd4584e,esolang,,1,1,False,False,False
■,id-e4a9a116,esolang,,1,1,False,False,False
○,id-d195189f,esolang,,1,1,False,False,False
●,id-02b4ebd4,esolang,,1,1,False,False,False
◧◨,id-a11768e9,esolang,,1,1,False,False,False
◼,id-9ede96ac,esolang,,1,1,False,False,False
☃,id-26861373,esolang,,1,1,False,False,False
☭,id-ece14b53,esolang,,1,1,False,False,False
✏,id-ef524aa7,esolang,,1,1,False,False,False
⦿⚚♆⚧⟁⌬⚶⟆⚡⟴⚘⍟⚕⧏⚜⫷⚡⌛⍨⚭⟊⚳⦾⏁⚋⟾⚬,id-d0a836b9,esolang,,1,1,False,False,False
⫵,id-8a05946b,esolang,,1,1,False,False,False
〵䅂ㅅ,id-ecf4dcd1,esolang,,1,1,False,False,False
ごぼうとにんじん炒めたやつ,id-77447a7f,esolang,,1,1,False,False,False
ぬいぐるみアート,id-6cab774f,esolang,,1,1,False,False,False
ㄅㄆㄇㄈㄉㄊㄋㄌ,id-9edcb726,esolang,,1,1,False,False,False
䩥汬礀,id-f3a28a95,esolang,,1,1,False,False,False
一丁丂七丄丅丆万丈三上下丌不与丏丐丑丒专且丕世丗丘丙业丛东丝丞丟丠両丢丣两严並丧丨丩个丫丬中丮丯丰丱串丳临丵丶丷丸丹为主丼丽举丿乀乁乂乃乄久乆乇么义乊之乌乍乎乏,id-01c498a5,esolang,,1,1,False,False,False
中文,id-7be2d2d2,esolang,,1,1,False,False,False
中文（简体，中国大陆）,id-fc48bde3,esolang,,1,1,False,False,False
中文（繁體，台灣）,id-b83a3a7d,esolang,,1,1,False,False,False
元旦,id-499e5d1f,esolang,,1,1,False,False,False
勿忘国耻,id-b957c5a5,esolang,,1,1,False,False,False
只因你太美,id-e380840b,esolang,,1,1,False,False,False
哮,id-9c7753fb,esolang,,1,1,False,False,False
啊！,id-f56d1771,esolang,,1,1,False,False,False
嘭！哐！叮！呲！咣！,id-7fc14f41,esolang,,1,1,False,False,False
噹硡氀,id-1c102ae6,esolang,,1,1,False,False,False
坑,id-786d2af5,esolang,,1,1,False,False,False
大白话,id-21ea0d16,esolang,,1,1,False,False,False
大香蕉,id-bc23da1e,esolang,,1,1,False,False,False
字,id-582c5006,esolang,,1,1,False,False,False
干！,id-acfd624c,esolang,,1,1,False,False,False
开？关！,id-b58aecab,esolang,,1,1,False,False,False
彁,id-d95faab1,esolang,,1,1,False,False,False
彳亍,id-858b0072,esolang,,1,1,False,False,False
思,id-faf279e7,esolang,,1,1,False,False,False
掉爆子脑,id-3b9e1280,esolang,,1,1,False,False,False
操脑,id-3d54b68a,esolang,,1,1,False,False,False
日本語,id-c12140a0,esolang,,1,1,False,False,False
横,id-a7d20fd2,esolang,,1,1,False,False,False
欢声笑语,id-de5baa4b,esolang,,1,1,False,False,False
死鱼,id-426862f2,esolang,,1,1,False,False,False
水滴,id-2d26cd08,esolang,,1,1,False,False,False
汐撅撅,id-5196f0fb,esolang,,1,1,False,False,False
活鸡,id-fb13c2a3,esolang,,1,1,False,False,False
海纳百川,id-7b48b9a5,esolang,,1,1,False,False,False
瓜,id-26eea404,esolang,,1,1,False,False,False
硕鼠,id-f52c4856,esolang,,1,1,False,False,False
神金，害我笑了一下,id-b0b70d0b,esolang,,1,1,False,False,False
綠酒千杯腸已爛,id-3ef3e3ab,esolang,,1,1,False,False,False
脑子爆掉,id-defb978d,esolang,,1,1,False,False,False
脑操,id-a542d6ab,esolang,,1,1,False,False,False
脑蛇,id-c2d93a97,esolang,,1,1,False,False,False
菜就多练,id-39df7913,esolang,,1,1,False,False,False
菜就多练一一,id-bf4f45f2,esolang,,1,1,False,False,False
蓝牙设备已准备连接,id-c2b1002e,esolang,,1,1,False,False,False
设令,id-e0e5435c,esolang,,1,1,False,False,False
诗,id-53e00f75,esolang,,1,1,False,False,False
这☪他✺妈✾都✣啥☾完♗意♮啊,id-2cb538ad,esolang,,1,1,False,False,False
这不是编程语言！,id-96092b72,esolang,,1,1,False,False,False
退！退！退！,id-53c41d59,esolang,,1,1,False,False,False
隰有苌楚,id-c0b309d1,esolang,,1,1,False,False,False
靈符,id-0802b0c1,esolang,,1,1,False,False,False
驫鶭,id-4d400b88,esolang,,1,1,False,False,False
高尔夫,id-45f16d57,esolang,,1,1,False,False,False
꧁༺քʊʀɛȶօʀȶʊʀɛ༻꧂,id-fa04b5cd,esolang,,1,1,False,False,False
한국어,id-6e081b59,esolang,,1,1,False,False,False
！中文,id-14a561ae,esolang,,1,1,False,False,False
！真正可用的中文,id-4fc8daf7,esolang,,1,1,False,False,False
＿,id-6ce308f4,esolang,,1,1,False,False,False
｛｝,id-d0f853c1,esolang,,1,1,False,False,False
🅿🅸🅴🆃,id-7a3a3fe6,esolang,,1,1,False,False,False
🆒,id-9b319f7f,esolang,,1,1,False,False,False
🆖,id-028bb5dc,esolang,,1,1,False,False,False
🏳️‍⚧️🦞,id-6e716d65,esolang,,1,1,False,False,False
🐢,id-49dc1817,esolang,,1,1,False,False,False
👀,id-e7f901c0,esolang,,1,1,False,False,False
💽,id-a9dedaab,esolang,,1,1,False,False,False
💾,id-579c0340,esolang,,1,1,False,False,False
📀,id-bc81b1f7,esolang,,1,1,False,False,False
🕳️,id-3410b8f5,esolang,,1,1,False,False,False
🖴,id-264f13e1,esolang,,1,1,False,False,False
🗿,id-091a0546,esolang,,1,1,False,False,False
🥺,id-133ea9ea,esolang,,1,1,False,False,False
{,id-60ba4b2d,pldb,,1,1,False,False,False
!@$%^&*()+,+,esolang,,1,1,False,False,False
"+=-, -=+",+-----+,esolang,,1,1,False,False,False
+-= PDA,+--pda,esolang,,1,1,False,False,False
"+-""quote",+--quote,esolang,,1,1,False,False,False
+-.%*,+-.,esolang,,1,1,False,False,False
+.*,+.,esolang,,1,1,False,False,False
+Output,+output,esolang,,1,1,False,False,False
&-/,id-42e934f3,esolang,,1,1,False,False,False
(-),id-735fa081,esolang,,1,1,False,False,False
-,id-3bc15c8a,esolang,,1,1,False,False,False
"=,-&~",id-f3aeb402,esolang,,1,1,False,False,False
~-~!,id-8a3ccfb0,esolang,,1,1,False,False,False
—-,id-b990c314,esolang,,1,1,False,False,False
--C-=C-C--,c--c-c,esolang,,1,1,False,False,False
--Unless,unless,esolang,,1,1,False,False,False
--yay,yay,esolang,,1,1,False,False,False
-1,1,esolang,,1,1,False,False,False
-1 bytes :/,1-bytes,esolang,,1,1,False,False,False
-2147483648 bytes .-.,2147483648-bytes-.-.,esolang,,1,1,False,False,False
-25 bytes (O o),25-bytes-o-o,esolang,,1,1,False,False,False
-5 bytes ;),5-bytes,esolang,,1,1,False,False,False
-Data Storage,data-storage,esolang,,1,1,False,False,False
~-Hash,hash,esolang,,1,1,False,False,False
Λ-HELL,hell,esolang,,1,1,False,False,False
-Output,output,esolang,,1,1,False,False,False
․,.,esolang,,1,1,False,False,False
.:iI1l!¡,.-ii1l,esolang,,1,1,False,False,False
",*""':;!?.+",.+,esolang,,1,1,False,False,False
.⍸.,..,esolang,,1,1,False,False,False
...,...,esolang,,1,1,False,False,False
... Bottles of beer on the wall,...-bottles-of-beer-on-the-wall,esolang,,1,1,False,False,False
(...) IS 2D!!,...-is-2d,esolang,,1,1,False,False,False
死鱼……吗？,......,esolang,,1,1,False,False,False
.box,.box,esolang,,1,1,False,False,False
.chat,.chat,esolang,,1,1,False,False,False
.CHE$$,.che,esolang,,1,1,False,False,False
.exe,.exe,esolang,,1,1,False,False,False
.Gertrude,.gertrude,esolang,,1,1,False,False,False
.m@dpr'a'prozessor,.m-dpr-a-prozessor,esolang,,1,1,False,False,False
.mOdMoDwOrM,.modmodworm,esolang,,1,1,False,False,False
.not required,.not-required,esolang,,1,1,False,False,False
.yacuabll,.yacuabll,esolang,,1,1,False,False,False
.Z.6.S.,.z.6.s.,esolang,,1,1,False,False,False
(0),0,esolang,,1,1,False,False,False
")0,1(",0-1,esolang,,1,1,False,False,False
"0 Bits, 0 Bytes",0-bits-0-bytes,esolang,,1,1,False,False,False
"0 bits, an eight byte",0-bits-an-eight-byte,esolang,,1,1,False,False,False
ℵ₀ Bytes ^ ^,0-bytes,esolang,,1,1,False,False,False
0 bytes XD,0-bytes-xd,esolang,,1,1,False,False,False
0(nop^),0-nop,esolang,,1,1,False,False,False
0+,0+,esolang,,1,1,False,False,False
∫【0……10】（C²+3C+2）dC,0......10-c2+3c+2-dc,esolang,,1,1,False,False,False
01,01,esolang,,1,1,False,False,False
(0123456789!,0123456789,esolang,,1,1,False,False,False
0123456789.,0123456789.,esolang,,1,1,False,False,False
0134,0134,esolang,,1,1,False,False,False
0587,0587,esolang,,1,1,False,False,False
0bIN,0bin,esolang,,1,1,False,False,False
0widthnonjoiner,0widthnonjoiner,esolang,,1,1,False,False,False
0x29A,0x29a,esolang,,1,1,False,False,False
0x29C,0x29c,esolang,,1,1,False,False,False
0x42,0x42,esolang,,1,1,False,False,False
0x80070050,0x80070050,esolang,,1,1,False,False,False
1=0,1-0,esolang,,1,1,False,False,False
1=0+1,1-0+1,esolang,,1,1,False,False,False
1 1,1-1,esolang,,1,1,False,False,False
1 8 1 8 1,1-8-1-8-1,esolang,,1,1,False,False,False
1 Billion Row Challenge,1-billion-row-challenge,esolang,,1,1,False,False,False
"1 Bit, a quarter byte",1-bit-a-quarter-byte,esolang,,1,1,False,False,False
1 byte :5,1-byte-5,esolang,,1,1,False,False,False
(1) Grace sent you a message,1-grace-sent-you-a-message,esolang,,1,1,False,False,False
1+,1+,esolang,,1,1,False,False,False
1-pak,1-pak,pldb,,1,1,False,False,False
1.1,1.1,esolang,,1,1,False,False,False
10,10,esolang,,1,1,False,False,False
10 1,10-1,esolang,,1,1,False,False,False
"10 digits, 100 digytes",10-digits-100-digytes,esolang,,1,1,False,False,False
100,100,esolang,,1,1,False,False,False
100BF,100bf,esolang,,1,1,False,False,False
1066,1066,esolang,,1,1,False,False,False
10Brainfuck,10brainfuck,esolang,,1,1,False,False,False
10D Deadfish 7 with Time Travel and a Multiverse,10d-deadfish-7-with-time-travel-and-a-multiverse,esolang,,1,1,False,False,False
11,11,esolang,,1,1,False,False,False
↑110010000100110110010,110010000100110110010,esolang,,1,1,False,False,False
111,111,esolang,,1,1,False,False,False
11CORTLANG,11cortlang,esolang,,1,1,False,False,False
11ty,11ty,pldb,,1,1,False,False,False
123,123,esolang,,1,1,False,False,False
1231,1231,esolang,,1,1,False,False,False
1234,1234,esolang,,1,1,False,False,False
12345678,12345678,esolang,,1,1,False,False,False
1234567890,1234567890,esolang,,1,1,False,False,False
129,129,esolang,,1,1,False,False,False
13 bytes :D,13-bytes-d,esolang,,1,1,False,False,False
1337,1337,esolang,,1,1,False,False,False
¼ bytes :3,14-bytes-3,esolang,,1,1,False,False,False
"16 bits, 256 bytes",16-bits-256-bytes,esolang,,1,1,False,False,False
16 bytes :P,16-bytes-p,esolang,,1,1,False,False,False
1620sps,1620sps,pldb,,1,1,False,False,False
^^ 16h 35014ng 15 th15,16h-35014ng-15-th15,esolang,,1,1,False,False,False
16x16 RGB2 panel,16x16-rgb2-panel,esolang,,1,1,False,False,False
1764774817,1764774817,esolang,,1,1,False,False,False
1⅞ bytes :3,178-bytes-3,esolang,,1,1,False,False,False
1argasm,1argasm,esolang,,1,1,False,False,False
1BNWL,1bnwl,esolang,,1,1,False,False,False
1cnis,1cnis,esolang,,1,1,False,False,False
1CP=1ICL,1cp-1icl,esolang,,1,1,False,False,False
1Fish,1fish,esolang,,1,1,False,False,False
1Hash,1hash,esolang,,1,1,False,False,False
1L,1l,esolang,,1,1,False,False,False
1L a,1l-a,esolang,,1,1,False,False,False
1L AOI,1l-aoi,esolang,,1,1,False,False,False
1L1D,1l1d,esolang,,1,1,False,False,False
1line,1line,esolang,,1,1,False,False,False
1mpr0mp2,1mpr0mp2,esolang,,1,1,False,False,False
1quad,1quad,esolang,,1,1,False,False,False
1st-Worst,1st-worst,esolang,,1,1,False,False,False
%^2^-1,2--1,esolang,,1,1,False,False,False
2/9 of an esolang,2-9-of-an-esolang,esolang,,1,1,False,False,False
"2 Bits, 1 Byte",2-bits-1-byte,esolang,,1,1,False,False,False
"2 Bits, 1 Byte but 01 and 10 are swapped",2-bits-1-byte-but-01-and-10-are-swapped,esolang,,1,1,False,False,False
"2 Bits, 256 Bytes",2-bits-256-bytes,esolang,,1,1,False,False,False
2 Bits and Bytes,2-bits-and-bytes,esolang,,1,1,False,False,False
2 bytes :^),2-bytes,esolang,,1,1,False,False,False
2 bytes B),2-bytes-b,esolang,,1,1,False,False,False
2 Player,2-player,esolang,,1,1,False,False,False
"2 poets, 1 poem",2-poets-1-poem,esolang,,1,1,False,False,False
"2 Trits, 1 Trybble",2-trits-1-trybble,esolang,,1,1,False,False,False
"2 trits, 3 trytes",2-trits-3-trytes,esolang,,1,1,False,False,False
2-Dimensional Array,2-dimensional-array,linguist,.2da,1,1,False,False,False
2-ill,2-ill,esolang,,1,1,False,False,False
2-pak,2-pak,pldb,,1,1,False,False,False
2.+-,2.+,esolang,,1,1,False,False,False
20-gate,20-gate,pldb,,1,1,False,False,False
200,200,esolang,,1,1,False,False,False
2001: An Esolang Odyssey,2001-an-esolang-odyssey,esolang,,1,1,False,False,False
2002-12-14,2002-12-14,esolang,,1,1,False,False,False
2014,2014,esolang,,1,1,False,False,False
2015,2015,esolang,,1,1,False,False,False
2017,2017,esolang,,1,1,False,False,False
2020,2020,esolang,,1,1,False,False,False
2022,2022,esolang,,1,1,False,False,False
2023,2023,esolang,,1,1,False,False,False
2024,2024,esolang,,1,1,False,False,False
2025,2025,esolang,,1,1,False,False,False
2050706,2050706,esolang,,1,1,False,False,False
23,23,esolang,,1,1,False,False,False
24,24,esolang,,1,1,False,False,False
2484345508,2484345508,esolang,,1,1,False,False,False
25 bytes o:,25-bytes-o,esolang,,1,1,False,False,False
255,255,esolang,,1,1,False,False,False
256,256,esolang,,1,1,False,False,False
257-wrap brainfuck,257-wrap-brainfuck,esolang,,1,1,False,False,False
29,29,esolang,,1,1,False,False,False
2B,2b,esolang,,1,1,False,False,False
2C,2c,esolang,,1,1,False,False,False
2char,2char,esolang,,1,1,False,False,False
2d,2d,esolang,,1,1,False,False,False
2D imensional,2d-imensional,esolang,,1,1,False,False,False
2D-BCT,2d-bct,esolang,,1,1,False,False,False
2D-Reverse,2d-reverse,esolang,,1,1,False,False,False
2DBFIPM,2dbfipm,esolang,,1,1,False,False,False
2DChanger,2dchanger,esolang,,1,1,False,False,False
2Deadfish,2deadfish,esolang,,1,1,False,False,False
2Definer,2definer,esolang,,1,1,False,False,False
2dFish,2dfish,esolang,,1,1,False,False,False
2DFuck,2dfuck,esolang,,1,1,False,False,False
2dL,2dl,esolang,,1,1,False,False,False
2dLang,2dlang,esolang,,1,1,False,False,False
2DP,2dp,esolang,,1,1,False,False,False
2dProperties,2dproperties,esolang,,1,1,False,False,False
2ds,2ds,esolang,,1,1,False,False,False
2dthings,2dthings,esolang,,1,1,False,False,False
2iota,2iota,esolang,,1,1,False,False,False
2KWLang,2kwlang,esolang,,1,1,False,False,False
2L,2l,esolang,,1,1,False,False,False
2lisp,2lisp,pldb,,1,1,False,False,False
～2O25-12345,2o25-12345,esolang,,1,1,False,False,False
2obj,2obj,pldb,,1,1,False,False,False
2Q2Q,2q2q,esolang,,1,1,False,False,False
2Swap,2swap,esolang,,1,1,False,False,False
2th,2th,esolang,,1,1,False,False,False
2xNeg,2xneg,esolang,,1,1,False,False,False
3 (AndrewBayly),3-andrewbayly,esolang,,1,1,False,False,False
"3 Bits, 1.5 Bytes",3-bits-1.5-bytes,esolang,,1,1,False,False,False
"3 Bits, 3 Bytes",3-bits-3-bytes,esolang,,1,1,False,False,False
"3 bits, unshackled",3-bits-unshackled,esolang,,1,1,False,False,False
3 bytes :v),3-bytes-v,esolang,,1,1,False,False,False
3 commands :),3-commands,esolang,,1,1,False,False,False
3-h,3-h,esolang,,1,1,False,False,False
3-lisp,3-lisp,pldb,,1,1,False,False,False
3.725254969642999e-321,3.725254969642999e-321,esolang,,1,1,False,False,False
3018AD,3018ad,esolang,,1,1,False,False,False
33,33,esolang,,1,1,False,False,False
⅜ bytes :lennyface:,38-bytes-lennyface,esolang,,1,1,False,False,False
3900,3900,esolang,,1,1,False,False,False
3Byte2Jump,3byte2jump,esolang,,1,1,False,False,False
3code,3code,esolang,,1,1,False,False,False
$3COND,3cond,esolang,,1,1,False,False,False
3D,3d,esolang,,1,1,False,False,False
3D Brainfuck,3d-brainfuck,esolang,,1,1,False,False,False
3d-logo,3d-logo,pldb,,1,1,False,False,False
3dcomposer,3dcomposer,pldb,,1,1,False,False,False
3ds,3ds,pldb,,1,1,False,False,False
3LEB,3leb,esolang,,1,1,False,False,False
3ME,3me,esolang,,1,1,False,False,False
3mf,3mf,pldb,,1,1,False,False,False
3rip,3rip,pldb,,1,1,False,False,False
3switchBF,3switchbf,esolang,,1,1,False,False,False
3var,3var,esolang,,1,1,False,False,False
3x,3x,esolang,,1,1,False,False,False
4,4,esolang,,1,1,False,False,False
"4 bits, 8 bytes",4-bits-8-bytes,esolang,,1,1,False,False,False
"4 bits, unlimited bytes",4-bits-unlimited-bytes,esolang,,1,1,False,False,False
4-list,4-list,esolang,,1,1,False,False,False
4004,4004,esolang,,1,1,False,False,False
401,401,esolang,,1,1,False,False,False
41943040000000000000000000000,41943040000000000000000000000,esolang,,1,1,False,False,False
42,42,esolang,,1,1,False,False,False
420,420,esolang,,1,1,False,False,False
4BOD,4bod,esolang,,1,1,False,False,False
4ByteJump,4bytejump,esolang,,1,1,False,False,False
4cell,4cell,esolang,,1,1,False,False,False
4dB,4db,esolang,,1,1,False,False,False
4DChess,4dchess,esolang,,1,1,False,False,False
4DL,4dl,esolang,,1,1,False,False,False
4est,4est,esolang,,1,1,False,False,False
4g-standard,4g-standard,pldb,,1,1,False,False,False
4g∅n¹/,4gn1,esolang,,1,1,False,False,False
4Head,4head,esolang,,1,1,False,False,False
4KOWO-like esolang,4kowo-like-esolang,esolang,,1,1,False,False,False
4RL,4rl,esolang,,1,1,False,False,False
4th-dimension,4th-dimension,pldb,,1,1,False,False,False
((()))(((())))=5,5,esolang,,1,1,False,False,False
"5 Bits, 20 Bytes",5-bits-20-bytes,esolang,,1,1,False,False,False
5++,5-plus-plus,esolang,,1,1,False,False,False
5-logic,5-logic,esolang,,1,1,False,False,False
5050BrainF,5050brainf,esolang,,1,1,False,False,False
? $51=,51,esolang,,1,1,False,False,False
512,512,esolang,,1,1,False,False,False
51forth,51forth,pldb,,1,1,False,False,False
59 6 x,59-6-x,esolang,,1,1,False,False,False
5code,5code,esolang,,1,1,False,False,False
5command,5command,esolang,,1,1,False,False,False
5D 5D Brainfuck With Multiverse Time Travel With Multiverse Time Travel,5d-5d-brainfuck-with-multiverse-time-travel-with-multiverse-time-travel,esolang,,1,1,False,False,False
5D Brainfuck With Multiverse Time Travel,5d-brainfuck-with-multiverse-time-travel,esolang,,1,1,False,False,False
5D Deadfish with Multiverse Time Travel,5d-deadfish-with-multiverse-time-travel,esolang,,1,1,False,False,False
5iasm,5iasm,esolang,,1,1,False,False,False
5MAT,5mat,esolang,,1,1,False,False,False
6,6,esolang,,1,1,False,False,False
"6 bits, 12 bytes",6-bits-12-bytes,esolang,,1,1,False,False,False
6 bytes of useless element,6-bytes-of-useless-element,esolang,,1,1,False,False,False
"6 trits, 243 trytes",6-trits-243-trytes,esolang,,1,1,False,False,False
6-5,6-5,esolang,,1,1,False,False,False
6π-b,6-b,esolang,,1,1,False,False,False
6673846770,6673846770,esolang,,1,1,False,False,False
67,67,esolang,,1,1,False,False,False
67 machine,67-machine,esolang,,1,1,False,False,False
6969 Assembler,6969-assembler,esolang,,1,1,False,False,False
6A,6a,esolang,,1,1,False,False,False
6chars,6chars,esolang,,1,1,False,False,False
6gunz,6gunz,pldb,,1,1,False,False,False
6ix,6ix,esolang,,1,1,False,False,False
7,7,esolang,,1,1,False,False,False
7 bytes XD,7-bytes-xd,esolang,,1,1,False,False,False
7-8,7-8,esolang,,1,1,False,False,False
7Basic,7basic,esolang,,1,1,False,False,False
8,8,esolang,,1,1,False,False,False
"8 bits, 256 bytes",8-bits-256-bytes,esolang,,1,1,False,False,False
8 Byte Lang :/,8-byte-lang,esolang,,1,1,False,False,False
8-Bit,8-bit,esolang,,1,1,False,False,False
81,81,esolang,,1,1,False,False,False
8BallScript,8ballscript,esolang,,1,1,False,False,False
8ial,8ial,esolang,,1,1,False,False,False
8xn,8xn,esolang,,1,1,False,False,False
9,9,esolang,,1,1,False,False,False
9 bytes :I,9-bytes-i,esolang,,1,1,False,False,False
90,90,esolang,,1,1,False,False,False
90deg,90deg,esolang,,1,1,False,False,False
91v,91v,esolang,,1,1,False,False,False
95-98,95-98,esolang,,1,1,False,False,False
96,96,esolang,,1,1,False,False,False
99 bottles of pain,99-bottles-of-pain,esolang,,1,1,False,False,False
99 (Esolang),99-esolang,esolang,,1,1,False,False,False
99 (Joke language),99-joke-language,esolang,,1,1,False,False,False
9f87m4atttaaaou;,9f87m4atttaaaou,esolang,,1,1,False,False,False
!@a*,a,esolang,,1,1,False,False,False
A^2+b^2=c^2,a-2+b-2-c-2,esolang,,1,1,False,False,False
A!&!A,a-a,esolang,,1,1,False,False,False
A=ab=bc=cd=d!,a-ab-bc-cd-d,esolang,,1,1,False,False,False
A=B,a-b,esolang,,1,1,False,False,False
A?b.,a-b.,esolang,,1,1,False,False,False
A box with balls,a-box-with-balls,esolang,,1,1,False,False,False
A Combinator Language,a-combinator-language,esolang,,1,1,False,False,False
A Delusion of Control,a-delusion-of-control,esolang,,1,1,False,False,False
A IS B,a-is-b,esolang,,1,1,False,False,False
A Language Programmed While Listening to Godspeed You! Black Emperor,a-language-programmed-while-listening-to-godspeed-you-black-emperor,esolang,,1,1,False,False,False
A language so useless it only has one command,a-language-so-useless-it-only-has-one-command,esolang,,1,1,False,False,False
A Pear Tree,a-pear-tree,esolang,,1,1,False,False,False
Aɪ pʰiː eɪ,a-phi-e,esolang,,1,1,False,False,False
A programming language is an artificial language for expressing computer programs.,a-programming-language-is-an-artificial-language-for-expressing-computer-programs.,esolang,,1,1,False,False,False
A Question of Protocol,a-question-of-protocol,esolang,,1,1,False,False,False
A Queue which can't grow,a-queue-which-can-t-grow,esolang,,1,1,False,False,False
"A ""real"" esolang",a-real-esolang,esolang,,1,1,False,False,False
A returns a,a-returns-a,esolang,,1,1,False,False,False
A Simple Language With A Console,a-simple-language-with-a-console,esolang,,1,1,False,False,False
A Simple Language With A Console Except There Is No Console,a-simple-language-with-a-console-except-there-is-no-console,esolang,,1,1,False,False,False
A simple point and click language…?,a-simple-point-and-click-language...,esolang,,1,1,False,False,False
A Slow Language,a-slow-language,esolang,,1,1,False,False,False
A Triple Sharp,a-triple-sharp,esolang,,1,1,False,False,False
A Very BASIC Esolang,a-very-basic-esolang,esolang,,1,1,False,False,False
"A very long language name that is very weird and yeah, this is your but its this",a-very-long-language-name-that-is-very-weird-and-yeah-this-is-your-but-its-this,esolang,,1,1,False,False,False
A very minimal esolang with a very few amount of instructions,a-very-minimal-esolang-with-a-very-few-amount-of-instructions,esolang,,1,1,False,False,False
A+ (programming language),a+-programming-language,wikipedia,,1,1,False,False,False
a-0-system,a-0-system,pldb,,1,1,False,False,False
A-DU,a-du,esolang,,1,1,False,False,False
A-gram,a-gram,esolang,,1,1,False,False,False
A-SCP-M,a-scp-m,esolang,,1,1,False,False,False
a-sharp,a-sharp,pldb,,1,1,False,False,False
A-Skii,a-skii,esolang,,1,1,False,False,False
A.R.T.I.C.L.E.,a.r.t.i.c.l.e.,esolang,,1,1,False,False,False
A.T.A.L.,a.t.a.l.,esolang,,1,1,False,False,False
A0A0,a0a0,esolang,,1,1,False,False,False
A1,a1,esolang,,1,1,False,False,False
A345120268A9,a345120268a9,esolang,,1,1,False,False,False
a51,a51,pldb,,1,1,False,False,False
AAA,aaa,esolang,,1,1,False,False,False
AAAAAAAAAAAAAA!!!!,aaaaaaaaaaaaaa,esolang,,1,1,False,False,False
AAAAAAAAAAAAAAAAAAAAAAAAAAAAAA,aaaaaaaaaaaaaaaaaaaaaaaaaaaaaa,esolang,,1,1,False,False,False
AAAAAAAAAAAAAAaaaaaaaaaEEEEEEEaaaaaaaaaaaa,aaaaaaaaaaaaaaaaaaaaaaaeeeeeeeaaaaaaaaaaaa,esolang,,1,1,False,False,False
Aaargh++,aaargh-plus-plus,esolang,,1,1,False,False,False
AAEEEEEEEEEI,aaeeeeeeeeei,esolang,,1,1,False,False,False
aaf,aaf,pldb,,1,1,False,False,False
aarch64,aarch64,pldb,,1,1,False,False,False
Aarkinitio,aarkinitio,esolang,,1,1,False,False,False
Ababab,ababab,esolang,,1,1,False,False,False
Abacus Computer,abacus-computer,esolang,,1,1,False,False,False
abacus-machine,abacus-machine,pldb,,1,1,False,False,False
abal,abal,pldb,,1,1,False,False,False
ABAP CDS,abap-cds,linguist,.asddls,1,1,False,False,False
Abba,abba,esolang,,1,1,False,False,False
abbreviated-test-language-for-all-systems,abbreviated-test-language-for-all-systems,pldb,,1,1,False,False,False
abc-80,abc-80,pldb,,1,1,False,False,False
abc-algol,abc-algol,pldb,,1,1,False,False,False
ABCD,abcd,esolang,,1,1,False,False,False
ABCDE,abcde,esolang,,1,1,False,False,False
Abcdefghijklmnopqrstuvwxyz,abcdefghijklmnopqrstuvwxyz,esolang,,1,1,False,False,False
ABCDirection,abcdirection,esolang,,1,1,False,False,False
ABCDirectionE,abcdirectione,esolang,,1,1,False,False,False
ABCDXYZ,abcdxyz,esolang,,1,1,False,False,False
abcl-cp,abcl-cp,pldb,,1,1,False,False,False
abcl-f,abcl-f,pldb,,1,1,False,False,False
abcl-lang,abcl-lang,pldb,,1,1,False,False,False
Abcout,abcout,esolang,,1,1,False,False,False
abcpp,abcpp,pldb,,1,1,False,False,False
ABCR,abcr,esolang,,1,1,False,False,False
ABCs,abcs,esolang,,1,1,False,False,False
ABCstr,abcstr,esolang,,1,1,False,False,False
!aBF',abf,esolang,,1,1,False,False,False
ABFC (Another BrainFuck Clone),abfc-another-brainfuck-clone,esolang,,1,1,False,False,False
ABG,abg,esolang,,1,1,False,False,False
``abi2 hB8 7Vi 7iY,abi2-hb8-7vi-7iy,esolang,,1,1,False,False,False
able,able,pldb,,1,1,False,False,False
Aboba,aboba,esolang,,1,1,False,False,False
ABPLWNL,abplwnl,esolang,,1,1,False,False,False
ABPLWNL but with stack,abplwnl-but-with-stack,esolang,,1,1,False,False,False
ABrainloller,abrainloller,esolang,,1,1,False,False,False
Abstract,abstract,esolang,,1,1,False,False,False
abstract-state-machine-language,abstract-state-machine-language,pldb,,1,1,False,False,False
Abstraction,abstraction,esolang,,1,1,False,False,False
abstracto,abstracto,pldb,,1,1,False,False,False
Absurd Brainfuck,absurd-brainfuck,esolang,,1,1,False,False,False
ac-toolbox,ac-toolbox,pldb,,1,1,False,False,False
Acc!!,acc,esolang,,1,1,False,False,False
accent,accent,pldb,,1,1,False,False,False
ACCUMULATOR,accumulator,esolang,,1,1,False,False,False
ace,ace,pldb,,1,1,False,False,False
aces-standard,aces-standard,pldb,,1,1,False,False,False
ACHEQUEUENINETHOUSANDPLUS,achequeueninethousandplus,esolang,,1,1,False,False,False
ACIDIC,acidic,esolang,,1,1,False,False,False
acme,acme,pldb,,1,1,False,False,False
Acme::Bleach,acme-bleach,esolang,,1,1,False,False,False
AcoFuck,acofuck,esolang,,1,1,False,False,False
acore,acore,pldb,,1,1,False,False,False
acorn,acorn,pldb,,1,1,False,False,False
acorn-atom,acorn-atom,pldb,,1,1,False,False,False
acorn-lang,acorn-lang,pldb,,1,1,False,False,False
acornsoft-logo,acornsoft-logo,pldb,,1,1,False,False,False
acos,acos,pldb,,1,1,False,False,False
ACRONYM,acronym,esolang,,1,1,False,False,False
Acrostic,acrostic,esolang,,1,1,False,False,False
acsi-matic,acsi-matic,pldb,,1,1,False,False,False
acsv,acsv,pldb,,1,1,False,False,False
act-one,act-one,pldb,,1,1,False,False,False
Action symbol,action-symbol,esolang,,1,1,False,False,False
action-code-script,action-code-script,pldb,,1,1,False,False,False
ActionLang,actionlang,esolang,,1,1,False,False,False
active-language-i,active-language-i,pldb,,1,1,False,False,False
active-u-datalog,active-u-datalog,pldb,,1,1,False,False,False
activevfp,activevfp,pldb,,1,1,False,False,False
activity-pub,activity-pub,pldb,,1,1,False,False,False
actors,actors,pldb,,1,1,False,False,False
actus,actus,pldb,,1,1,False,False,False
Acyclic Tag,acyclic-tag,esolang,,1,1,False,False,False
ad-hoc,ad-hoc,pldb,,1,1,False,False,False
ada-95,ada-95,pldb,,1,1,False,False,False
ada-9x,ada-9x,pldb,,1,1,False,False,False
ada-tl,ada-tl,pldb,,1,1,False,False,False
adabtpl,adabtpl,pldb,,1,1,False,False,False
adagio,adagio,pldb,,1,1,False,False,False
adam,adam,pldb,,1,1,False,False,False
adam-standard,adam-standard,pldb,,1,1,False,False,False
adaplex,adaplex,pldb,,1,1,False,False,False
Adar,adar,esolang,,1,1,False,False,False
Addbig,addbig,esolang,,1,1,False,False,False
AddByte,addbyte,esolang,,1,1,False,False,False
AddByteJump,addbytejump,esolang,,1,1,False,False,False
AddByteNegJump,addbytenegjump,esolang,,1,1,False,False,False
AddByteSubByte,addbytesubbyte,esolang,,1,1,False,False,False
Adders,adders,esolang,,1,1,False,False,False
ADDI,addi,esolang,,1,1,False,False,False
Addit,addit,esolang,,1,1,False,False,False
Addition Automaton,addition-automaton,esolang,,1,1,False,False,False
AddJump,addjump,esolang,,1,1,False,False,False
Addo,addo,esolang,,1,1,False,False,False
address,address,pldb,,1,1,False,False,False
Address programming language,address-programming-language,wikipedia,,1,1,False,False,False
AddSys,addsys,esolang,,1,1,False,False,False
Adeco,adeco,esolang,,1,1,False,False,False
adenine-programming-language,adenine-programming-language,pldb,,1,1,False,False,False
ades,ades,pldb,,1,1,False,False,False
ades-ii,ades-ii,pldb,,1,1,False,False,False
aditi,aditi,pldb,,1,1,False,False,False
Adj,adj,esolang,,1,1,False,False,False
ADJUST,adjust,esolang,,1,1,False,False,False
adlib,adlib,pldb,,1,1,False,False,False
Adofaiscript,adofaiscript,esolang,,1,1,False,False,False
ads-b-standard,ads-b-standard,pldb,,1,1,False,False,False
Advance The Wheel!,advance-the-wheel,esolang,,1,1,False,False,False
Advanced Brainfuck,advanced-brainfuck,esolang,,1,1,False,False,False
advanced-continuous-simulation-language,advanced-continuous-simulation-language,pldb,,1,1,False,False,False
advice-taker,advice-taker,pldb,,1,1,False,False,False
ADxc,adxc,esolang,,1,1,False,False,False
AEAV,aeav,esolang,,1,1,False,False,False
AEL,ael,esolang,,1,1,False,False,False
Aeolbonn,aeolbonn,esolang,,1,1,False,False,False
Aeon,aeon,esolang,,1,1,False,False,False
aepl,aepl,pldb,,1,1,False,False,False
Aepoch,aepoch,esolang,,1,1,False,False,False
aesop,aesop,pldb,,1,1,False,False,False
Ａｅｓｔｈｅｔｉｃｓ,aesthetics,esolang,,1,1,False,False,False
Aether,aether,esolang,,1,1,False,False,False
AETRF,aetrf,esolang,,1,1,False,False,False
AEWNN,aewnn,esolang,,1,1,False,False,False
AF,af,esolang,,1,1,False,False,False
Affine Mess,affine-mess,esolang,,1,1,False,False,False
aframe,aframe,pldb,,1,1,False,False,False
afs,afs,pldb,,1,1,False,False,False
After,after,esolang,,1,1,False,False,False
Afterstar,afterstar,esolang,,1,1,False,False,False
Afth,afth,esolang,,1,1,False,False,False
Afth64,afth64,esolang,,1,1,False,False,False
AFTL,aftl,esolang,,1,1,False,False,False
Afunge,afunge,esolang,,1,1,False,False,False
Afz,afz,esolang,,1,1,False,False,False
agent-k,agent-k,pldb,,1,1,False,False,False
AGG,agg,esolang,,1,1,False,False,False
Aggressthon,aggressthon,esolang,,1,1,False,False,False
Agony,agony,esolang,,1,1,False,False,False
Ags,ags,esolang,,1,1,False,False,False
AGSPL,agspl,esolang,,1,1,False,False,False
AH'TALIQUAE ENGLISH,ah-taliquae-english,esolang,,1,1,False,False,False
Ahead,ahead,esolang,,1,1,False,False,False
AHHH,ahhh,esolang,,1,1,False,False,False
AHQ9+-,ahq9+,esolang,,1,1,False,False,False
AI made dis,ai-made-dis,esolang,,1,1,False,False,False
AI-Generated Esolang,ai-generated-esolang,esolang,,1,1,False,False,False
aida,aida,pldb,,1,1,False,False,False
AIDL,aidl,linguist,.aidl,1,1,False,False,False
aids,aids,pldb,,1,1,False,False,False
AIGenLang,aigenlang,esolang,,1,1,False,False,False
ail,ail,pldb,,1,1,False,False,False
air,air,pldb,,1,1,False,False,False
Airline Food,airline-food,esolang,,1,1,False,False,False
airtable-app,airtable-app,pldb,,1,1,False,False,False
ais,ais,pldb,,1,1,False,False,False
ait,ait,pldb,,1,1,False,False,False
aith,aith,pldb,,1,1,False,False,False
AIV,aiv,esolang,,1,1,False,False,False
Aivr,aivr,esolang,,1,1,False,False,False
Aj,aj,esolang,,1,1,False,False,False
Akdrfsbathnede knem,akdrfsbathnede-knem,esolang,,1,1,False,False,False
Al Dente,al-dente,esolang,,1,1,False,False,False
Alacrity,alacrity,esolang,,1,1,False,False,False
aladin,aladin,pldb,,1,1,False,False,False
ALAGUF,alaguf,esolang,,1,1,False,False,False
alambik,alambik,pldb,,1,1,False,False,False
Alan's dead fish,alan-s-dead-fish,esolang,,1,1,False,False,False
Alarm Clock Radio,alarm-clock-radio,esolang,,1,1,False,False,False
alba,alba,pldb,,1,1,False,False,False
Albabet,albabet,esolang,,1,1,False,False,False
Albanian Laundry Machine,albanian-laundry-machine,esolang,,1,1,False,False,False
Alchemist,alchemist,esolang,,1,1,False,False,False
Alchemy,alchemy,esolang,,1,1,False,False,False
alcor,alcor,pldb,,1,1,False,False,False
aldat,aldat,pldb,,1,1,False,False,False
aldes,aldes,pldb,,1,1,False,False,False
aldwych,aldwych,pldb,,1,1,False,False,False
alec,alec,pldb,,1,1,False,False,False
ALEFL,alefl,esolang,,1,1,False,False,False
alembic,alembic,pldb,,1,1,False,False,False
$$Aleph 0x1111111100000001.png,aleph-0x1111111100000001.png,esolang,,1,1,False,False,False
Aleph-ZERO,aleph-zero,esolang,,1,1,False,False,False
Alertbox,alertbox,esolang,,1,1,False,False,False
Alex,alex,esolang,,1,1,False,False,False
Alfie,alfie,esolang,,1,1,False,False,False
alfred,alfred,pldb,,1,1,False,False,False
Algebra (Archived),algebra-archived,esolang,,1,1,False,False,False
Algebraic Brainfuck,algebraic-brainfuck,esolang,,1,1,False,False,False
Algebraic Programming Language,algebraic-programming-language,esolang,,1,1,False,False,False
algebraic-compiler,algebraic-compiler,pldb,,1,1,False,False,False
algebraic-modeling-language,algebraic-modeling-language,pldb,,1,1,False,False,False
algem,algem,pldb,,1,1,False,False,False
algernon,algernon,pldb,,1,1,False,False,False
algo,algo,pldb,,1,1,False,False,False
algobox,algobox,pldb,,1,1,False,False,False
algol-58,algol-58,pldb,,1,1,False,False,False
algol-60,algol-60,pldb,,1,1,False,False,False
algol-68-r,algol-68-r,pldb,,1,1,False,False,False
algol-68-rt,algol-68-rt,pldb,,1,1,False,False,False
algol-e,algol-e,pldb,,1,1,False,False,False
algol-w,algol-w,pldb,,1,1,False,False,False
algol-x,algol-x,pldb,,1,1,False,False,False
AlgorE,algore,esolang,,1,1,False,False,False
algy,algy,pldb,,1,1,False,False,False
Alight,alight,esolang,,1,1,False,False,False
ALIMBIHNN,alimbihnn,esolang,,1,1,False,False,False
Aliquid,aliquid,esolang,,1,1,False,False,False
Alisj,alisj,esolang,,1,1,False,False,False
Alivefish,alivefish,esolang,,1,1,False,False,False
Alivehyperfish,alivehyperfish,esolang,,1,1,False,False,False
aljabr,aljabr,pldb,,1,1,False,False,False
Alkmini,alkmini,esolang,,1,1,False,False,False
ALL,all,esolang,,1,1,False,False,False
AllChar,allchar,esolang,,1,1,False,False,False
allegro-common-lisp,allegro-common-lisp,pldb,,1,1,False,False,False
allo,allo,pldb,,1,1,False,False,False
ALLSCII,allscii,esolang,,1,1,False,False,False
alma-007,alma-007,pldb,,1,1,False,False,False
alma-o,alma-o,pldb,,1,1,False,False,False
ALMBARC12YO,almbarc12yo,esolang,,1,1,False,False,False
ALMFCPLIR,almfcplir,esolang,,1,1,False,False,False
almir,almir,pldb,,1,1,False,False,False
Almost Binary,almost-binary,esolang,,1,1,False,False,False
almquist-shell,almquist-shell,pldb,,1,1,False,False,False
alohanet,alohanet,pldb,,1,1,False,False,False
Along and Across,along-and-across,esolang,,1,1,False,False,False
alonzo,alonzo,pldb,,1,1,False,False,False
alpak,alpak,pldb,,1,1,False,False,False
Alpha,alpha,esolang,,1,1,False,False,False
alpha-programming-language,alpha-programming-language,pldb,,1,1,False,False,False
Alphab,alphab,esolang,,1,1,False,False,False
alphabasic,alphabasic,pldb,,1,1,False,False,False
AlPhAbEt,alphabet,esolang,,1,1,False,False,False
Alphabet letters,alphabet-letters,esolang,,1,1,False,False,False
Alphabet Stew,alphabet-stew,esolang,,1,1,False,False,False
AlphaBeta,alphabeta,esolang,,1,1,False,False,False
Alphabetack,alphabetack,esolang,,1,1,False,False,False
Alphabetti spaghetti,alphabetti-spaghetti,esolang,,1,1,False,False,False
Alphabrain,alphabrain,esolang,,1,1,False,False,False
Alphalang,alphalang,esolang,,1,1,False,False,False
Alphamation,alphamation,esolang,,1,1,False,False,False
alphapop,alphapop,pldb,,1,1,False,False,False
Alphaprint,alphaprint,esolang,,1,1,False,False,False
alphard-programming-language,alphard-programming-language,pldb,,1,1,False,False,False
Alphaton,alphaton,esolang,,1,1,False,False,False
Alphuck,alphuck,esolang,,1,1,False,False,False
ALPL,alpl,esolang,,1,1,False,False,False
alps,alps,pldb,,1,1,False,False,False
ALT-4,alt-4,esolang,,1,1,False,False,False
altac,altac,pldb,,1,1,False,False,False
altair-basic,altair-basic,pldb,,1,1,False,False,False
altibase,altibase,pldb,,1,1,False,False,False
Altium Designer,altium-designer,linguist,.outjob .pcbdoc .prjpcb .schdoc,1,2,True,False,False
aluasm,aluasm,pldb,,1,1,False,False,False
ALWCIDFEC,alwcidfec,esolang,,1,1,False,False,False
Am I?,am-i,esolang,,1,1,False,False,False
amalthea,amalthea,pldb,,1,1,False,False,False
amazon-dynamodb,amazon-dynamodb,pldb,,1,1,False,False,False
amazon-rds,amazon-rds,pldb,,1,1,False,False,False
amber-lang,amber-lang,pldb,,1,1,False,False,False
ambit-g,ambit-g,pldb,,1,1,False,False,False
ambit-l,ambit-l,pldb,,1,1,False,False,False
AmBored,ambored,esolang,,1,1,False,False,False
AmBored++,ambored-plus-plus,esolang,,1,1,False,False,False
ambush,ambush,pldb,,1,1,False,False,False
Amelia,amelia,esolang,,1,1,False,False,False
Amethyst,amethyst,esolang,,1,1,False,False,False
amf,amf,pldb,,1,1,False,False,False
AMiaBF’!?,amiabf,esolang,,1,1,False,False,False
Amicus,amicus,esolang,,1,1,False,False,False
amiga-programming-languages,amiga-programming-languages,pldb,,1,1,False,False,False
Amino,amino,esolang,,1,1,False,False,False
Amit,amit,esolang,,1,1,False,False,False
AmitabhC,amitabhc,esolang,,1,1,False,False,False
Amnesia,amnesia,esolang,,1,1,False,False,False
AmogusScript,amogusscript,esolang,,1,1,False,False,False
Among Us,among-us,esolang,,1,1,False,False,False
AMONGUSISABIGSUSSYBAKAHAHAHAHAHATHISLANGUAGEISREALLYCOOLPLEASEUSEITMYLIFEDEPENDSONITORELSEPLSPLSPLSPLSPLSPLSPLSkahyghdfhm,amongusisabigsussybakahahahahahathislanguageisreallycoolpleaseuseitmylifedependsonitorelseplsplsplsplsplsplsplskahyghdfhm,esolang,,1,1,False,False,False
Ampell,ampell,esolang,,1,1,False,False,False
amperes-circuital-equation,amperes-circuital-equation,pldb,,1,1,False,False,False
Ample,ample,esolang,,1,1,False,False,False
amppl-i,amppl-i,pldb,,1,1,False,False,False
amppl-ii,amppl-ii,pldb,,1,1,False,False,False
amprnet,amprnet,pldb,,1,1,False,False,False
amqp,amqp,pldb,,1,1,False,False,False
amtran-70,amtran-70,pldb,,1,1,False,False,False
Amtu,amtu,esolang,,1,1,False,False,False
Amycus,amycus,esolang,,1,1,False,False,False
Amycus Severus,amycus-severus,esolang,,1,1,False,False,False
An arch is simply a curve.,an-arch-is-simply-a-curve.,esolang,,1,1,False,False,False
"An esoteric programming language (ess-oh-terr-ick), or esolang, is a computer programming language designed to experiment with weird ideas, to be hard to program in, or as a joke, rather than for practical use.",an-esoteric-programming-language-ess-oh-terr-ick-or-esolang-is-a-computer-programming-language-designed-to-experiment-with-weird-ideas-to-be-hard-to-program-in-or-as-a-joke-rather-than-for-practical-use.,esolang,,1,1,False,False,False
An Odd Rewriting System,an-odd-rewriting-system,esolang,,1,1,False,False,False
An unusable esolang made with an one-line interpreter and a long name,an-unusable-esolang-made-with-an-one-line-interpreter-and-a-long-name,esolang,,1,1,False,False,False
ana,ana,pldb,,1,1,False,False,False
AnalLang,anallang,esolang,,1,1,False,False,False
Analog Synth,analog-synth,esolang,,1,1,False,False,False
Analogia,analogia,esolang,,1,1,False,False,False
Analscript,analscript,esolang,,1,1,False,False,False
Analytical Engine Programming Cards,analytical-engine-programming-cards,esolang,,1,1,False,False,False
analytical-engine-machine,analytical-engine-machine,pldb,,1,1,False,False,False
Anarcheat,anarcheat,esolang,,1,1,False,False,False
Anarchysm,anarchysm,esolang,,1,1,False,False,False
And,and,esolang,,1,1,False,False,False
And then,and-then,esolang,,1,1,False,False,False
and-or,and-or,pldb,,1,1,False,False,False
andante,andante,pldb,,1,1,False,False,False
andorra,andorra,pldb,,1,1,False,False,False
andorra-i,andorra-i,pldb,,1,1,False,False,False
Andrei Machine 9000,andrei-machine-9000,esolang,,1,1,False,False,False
Andrew's Programming Language,andrew-s-programming-language,esolang,,1,1,False,False,False
android,android,pldb,,1,1,False,False,False
Anemone,anemone,esolang,,1,1,False,False,False
ANGL,angl,esolang,,1,1,False,False,False
angr,angr,pldb,,1,1,False,False,False
Angry people outside my house,angry-people-outside-my-house,esolang,,1,1,False,False,False
Anguish,anguish,esolang,,1,1,False,False,False
Animosian,animosian,esolang,,1,1,False,False,False
ANItka,anitka,esolang,,1,1,False,False,False
AnnieFlow,annieflow,esolang,,1,1,False,False,False
Annihilator,annihilator,esolang,,1,1,False,False,False
Annoying Alice 2D,annoying-alice-2d,esolang,,1,1,False,False,False
AnnoyingScript,annoyingscript,esolang,,1,1,False,False,False
AnnoyStack,annoystack,esolang,,1,1,False,False,False
Another Finite State Brainfuck,another-finite-state-brainfuck,esolang,,1,1,False,False,False
Another Pi Language,another-pi-language,esolang,,1,1,False,False,False
AnruBfiankc,anrubfiankc,esolang,,1,1,False,False,False
Ans,ans,esolang,,1,1,False,False,False
ans-mumps,ans-mumps,pldb,,1,1,False,False,False
ansi-basic,ansi-basic,pldb,,1,1,False,False,False
Answer Set Programming,answer-set-programming,linguist,.lp,1,1,False,False,False
Ant Hill,ant-hill,esolang,,1,1,False,False,False
ante-esolang,ante-esolang,pldb,,1,1,False,False,False
Antgrid,antgrid,esolang,,1,1,False,False,False
Anti-Array,anti-array,esolang,,1,1,False,False,False
Anti-Machine language,anti-machine-language,esolang,,1,1,False,False,False
Anti-myself language,anti-myself-language,esolang,,1,1,False,False,False
Anti-Plushie language,anti-plushie-language,esolang,,1,1,False,False,False
Anti-Plushie language DIY,anti-plushie-language-diy,esolang,,1,1,False,False,False
AntiDupCall,antidupcall,esolang,,1,1,False,False,False
Antigram,antigram,esolang,,1,1,False,False,False
AntiLang,antilang,esolang,,1,1,False,False,False
Antlers,antlers,linguist,.antlers.html .antlers.php .antlers.xml,1,1,False,False,False
Ants,ants,esolang,,1,1,False,False,False
Anyfix,anyfix,esolang,,1,1,False,False,False
AnyGolf,anygolf,esolang,,1,1,False,False,False
AnyPL,anypl,esolang,,1,1,False,False,False
AoA,aoa,esolang,,1,1,False,False,False
!aoQ):,aoq,esolang,,1,1,False,False,False
Apache Groovy,apache-groovy,wikipedia,,1,1,False,False,False
apache-cassandra,apache-cassandra,pldb,,1,1,False,False,False
apache-derby,apache-derby,pldb,,1,1,False,False,False
apache-hbase,apache-hbase,pldb,,1,1,False,False,False
apache-phoenix,apache-phoenix,pldb,,1,1,False,False,False
apache-velocity,apache-velocity,pldb,,1,1,False,False,False
apar,apar,pldb,,1,1,False,False,False
aparel,aparel,pldb,,1,1,False,False,False
ape100,ape100,pldb,,1,1,False,False,False
Apers Assembly,apers-assembly,esolang,,1,1,False,False,False
apescript,apescript,pldb,,1,1,False,False,False
Aphasia,aphasia,esolang,,1,1,False,False,False
apl-gpss,apl-gpss,pldb,,1,1,False,False,False
apl-hp,apl-hp,pldb,,1,1,False,False,False
apl-z80,apl-z80,pldb,,1,1,False,False,False
APLASYOFFW,aplasyoffw,esolang,,1,1,False,False,False
APLBAONWSJAS,aplbaonwsjas,esolang,,1,1,False,False,False
aplette,aplette,pldb,,1,1,False,False,False
aplgol,aplgol,pldb,,1,1,False,False,False
aplgol-2,aplgol-2,pldb,,1,1,False,False,False
aplo,aplo,pldb,,1,1,False,False,False
aplus,aplus,pldb,,1,1,False,False,False
aplusplus,aplusplus,pldb,,1,1,False,False,False
APLWSI,aplwsi,esolang,,1,1,False,False,False
APOL,apol,esolang,,1,1,False,False,False
Apollo (PSTF),apollo-pstf,esolang,,1,1,False,False,False
apostle,apostle,pldb,,1,1,False,False,False
appcode-editor,appcode-editor,pldb,,1,1,False,False,False
Append,append,esolang,,1,1,False,False,False
appl-a,appl-a,pldb,,1,1,False,False,False
Apple Pie,apple-pie,esolang,,1,1,False,False,False
Apple (programming language),apple-programming-language,wikipedia,,1,1,False,False,False
apple-1-machine,apple-1-machine,pldb,,1,1,False,False,False
apple-basic,apple-basic,pldb,,1,1,False,False,False
apple-prodos,apple-prodos,pldb,,1,1,False,False,False
Apple3.14,apple3.14,esolang,,1,1,False,False,False
applog,applog,pldb,,1,1,False,False,False
Apraxia,apraxia,esolang,,1,1,False,False,False
aprol,aprol,pldb,,1,1,False,False,False
apse,apse,pldb,,1,1,False,False,False
Apsw,apsw,esolang,,1,1,False,False,False
apt-pm,apt-pm,pldb,,1,1,False,False,False
apter-f,apter-f,pldb,,1,1,False,False,False
Apysi,apysi,esolang,,1,1,False,False,False
Aq Qoyunlu,aq-qoyunlu,esolang,,1,1,False,False,False
aqasm,aqasm,pldb,,1,1,False,False,False
aquarius-prolog,aquarius-prolog,pldb,,1,1,False,False,False
Aquas,aquas,esolang,,1,1,False,False,False
arabic-numerals,arabic-numerals,pldb,,1,1,False,False,False
arablan,arablan,pldb,,1,1,False,False,False
arango-db,arango-db,pldb,,1,1,False,False,False
Arbol,arbol,esolang,,1,1,False,False,False
Arborealis,arborealis,esolang,,1,1,False,False,False
arbortext-command-language,arbortext-command-language,pldb,,1,1,False,False,False
arc-assembly,arc-assembly,pldb,,1,1,False,False,False
arc-isa,arc-isa,pldb,,1,1,False,False,False
arch,arch,pldb,,1,1,False,False,False
Arch is the best!,arch-is-the-best,esolang,,1,1,False,False,False
Arch is the best! without a quine,arch-is-the-best-without-a-quine,esolang,,1,1,False,False,False
archi,archi,pldb,,1,1,False,False,False
Archway,archway,esolang,,1,1,False,False,False
arctic,arctic,pldb,,1,1,False,False,False
Arepo,arepo,esolang,,1,1,False,False,False
aretext,aretext,pldb,,1,1,False,False,False
arezzo-notation,arezzo-notation,pldb,,1,1,False,False,False
argdown,argdown,pldb,,1,1,False,False,False
ARGENTOS,argentos,esolang,,1,1,False,False,False
Argh!,argh,esolang,,1,1,False,False,False
argon,argon,pldb,,1,1,False,False,False
Arís,aris,esolang,,1,1,False,False,False
Arithmetic,arithmetic,esolang,,1,1,False,False,False
arjuna,arjuna,pldb,,1,1,False,False,False
ark-lang,ark-lang,pldb,,1,1,False,False,False
arm,arm,pldb,,1,1,False,False,False
arm-templates,arm-templates,pldb,,1,1,False,False,False
armani,armani,pldb,,1,1,False,False,False
ARMLite,armlite,esolang,,1,1,False,False,False
Armok,armok,esolang,,1,1,False,False,False
"Around and around, sleeping sound",around-and-around-sleeping-sound,esolang,,1,1,False,False,False
AroundEnglish,aroundenglish,esolang,,1,1,False,False,False
arquero,arquero,pldb,,1,1,False,False,False
Arra,arra,esolang,,1,1,False,False,False
Array Changer,array-changer,esolang,,1,1,False,False,False
ArrayFuck,arrayfuck,esolang,,1,1,False,False,False
Arraything,arraything,esolang,,1,1,False,False,False
arret,arret,pldb,,1,1,False,False,False
Arrow (language),arrow-language,esolang,,1,1,False,False,False
arrow-format,arrow-format,pldb,,1,1,False,False,False
Arrowey,arrowey,esolang,,1,1,False,False,False
ArrowFuck,arrowfuck,esolang,,1,1,False,False,False
Arrowhead,arrowhead,esolang,,1,1,False,False,False
ArrowQueue,arrowqueue,esolang,,1,1,False,False,False
Arrows,arrows,esolang,,1,1,False,False,False
Arrows only,arrows-only,esolang,,1,1,False,False,False
Arsel,arsel,esolang,,1,1,False,False,False
Arsm,arsm,esolang,,1,1,False,False,False
Art3d,art3d,esolang,,1,1,False,False,False
arta,arta,pldb,,1,1,False,False,False
Artemis,artemis,esolang,,1,1,False,False,False
Arthmtc,arthmtc,esolang,,1,1,False,False,False
artspeak,artspeak,pldb,,1,1,False,False,False
ArtState,artstate,esolang,,1,1,False,False,False
arvelie-format,arvelie-format,pldb,,1,1,False,False,False
arweave,arweave,pldb,,1,1,False,False,False
Ascenic,ascenic,esolang,,1,1,False,False,False
Ascet,ascet,esolang,,1,1,False,False,False
ASCII art,ascii-art,esolang,,1,1,False,False,False
ASCII Code,ascii-code,esolang,,1,1,False,False,False
ascii-armor,ascii-armor,pldb,,1,1,False,False,False
Ascii²,ascii2,esolang,,1,1,False,False,False
ASCIIfuck,asciifuck,esolang,,1,1,False,False,False
AsciiFunc,asciifunc,esolang,,1,1,False,False,False
asciimath,asciimath,pldb,,1,1,False,False,False
ASCIIORb,asciiorb,esolang,,1,1,False,False,False
Asd,asd,esolang,,1,1,False,False,False
Asdfjkl;,asdfjkl,esolang,,1,1,False,False,False
Ases,ases,esolang,,1,1,False,False,False
asf-sdf,asf-sdf,pldb,,1,1,False,False,False
ashmedai,ashmedai,pldb,,1,1,False,False,False
Ashtol,ashtol,esolang,,1,1,False,False,False
asic-programming-language,asic-programming-language,pldb,,1,1,False,False,False
Asig,asig,esolang,,1,1,False,False,False
Ask,ask,esolang,,1,1,False,False,False
ASL,asl,linguist,.asl .dsl,1,1,False,False,False
Asm2bf,asm2bf,esolang,,1,1,False,False,False
asmjs,asmjs,pldb,,1,1,False,False,False
Asmlang,asmlang,esolang,,1,1,False,False,False
asn-1,asn-1,pldb,,1,1,False,False,False
Asparagus,asparagus,esolang,,1,1,False,False,False
aspectcpp,aspectcpp,pldb,,1,1,False,False,False
aspen,aspen,pldb,,1,1,False,False,False
AsPL,aspl,esolang,,1,1,False,False,False
aspol,aspol,pldb,,1,1,False,False,False
ASRL?,asrl,esolang,,1,1,False,False,False
Assembely,assembely,esolang,,1,1,False,False,False
Assemble,assemble,esolang,,1,1,False,False,False
Assemblei,assemblei,esolang,,1,1,False,False,False
Assembler,assembler,esolang,,1,1,False,False,False
AssemblerFuck,assemblerfuck,esolang,,1,1,False,False,False
AssemblerFuck++,assemblerfuck-plus-plus,esolang,,1,1,False,False,False
Assembliera,assembliera,esolang,,1,1,False,False,False
Assembly But Worse,assembly-but-worse,esolang,,1,1,False,False,False
Assembly Line,assembly-line,esolang,,1,1,False,False,False
Assemblyfuck,assemblyfuck,esolang,,1,1,False,False,False
Assign,assign,esolang,,1,1,False,False,False
Assignless,assignless,esolang,,1,1,False,False,False
associons,associons,pldb,,1,1,False,False,False
asspegique,asspegique,pldb,,1,1,False,False,False
Ast*R***,ast-r,esolang,,1,1,False,False,False
astatine,astatine,pldb,,1,1,False,False,False
asterisk,asterisk,pldb,,1,1,False,False,False
asterius-compiler,asterius-compiler,pldb,,1,1,False,False,False
ASTLang,astlang,esolang,,1,1,False,False,False
astlog,astlog,pldb,,1,1,False,False,False
Astridec,astridec,esolang,,1,1,False,False,False
astroml,astroml,pldb,,1,1,False,False,False
Astroscript,astroscript,esolang,,1,1,False,False,False
Asvi,asvi,esolang,,1,1,False,False,False
At some land,at-some-land,esolang,,1,1,False,False,False
Atamagaokashii,atamagaokashii,esolang,,1,1,False,False,False
atari-basic,atari-basic,pldb,,1,1,False,False,False
atari-microsoft-basic,atari-microsoft-basic,pldb,,1,1,False,False,False
atari-st-basic,atari-st-basic,pldb,,1,1,False,False,False
~ATH,ath,esolang,,1,1,False,False,False
atlas-autocode,atlas-autocode,pldb,,1,1,False,False,False
Atle,atle,esolang,,1,1,False,False,False
atmel-avr,atmel-avr,pldb,,1,1,False,False,False
atol,atol,pldb,,1,1,False,False,False
atom-editor,atom-editor,pldb,,1,1,False,False,False
atomese,atomese,pldb,,1,1,False,False,False
atomos,atomos,pldb,,1,1,False,False,False
atomspace,atomspace,pldb,,1,1,False,False,False
atprotocol,atprotocol,pldb,,1,1,False,False,False
ATSML,atsml,esolang,,1,1,False,False,False
attempto,attempto,pldb,,1,1,False,False,False
attic-numerals,attic-numerals,pldb,,1,1,False,False,False
AttoASM,attoasm,esolang,,1,1,False,False,False
attoparsec,attoparsec,pldb,,1,1,False,False,False
atx,atx,pldb,,1,1,False,False,False
ATZ,atz,esolang,,1,1,False,False,False
Aubergine,aubergine,esolang,,1,1,False,False,False
aubit-4gl,aubit-4gl,pldb,,1,1,False,False,False
Aucke,aucke,esolang,,1,1,False,False,False
AuFI,aufi,esolang,,1,1,False,False,False
augment,augment,pldb,,1,1,False,False,False
aui,aui,pldb,,1,1,False,False,False
aui-lang,aui-lang,pldb,,1,1,False,False,False
Auld Lang,auld-lang,esolang,,1,1,False,False,False
Auo,auo,esolang,,1,1,False,False,False
Auphics,auphics,esolang,,1,1,False,False,False
aur-pm,aur-pm,pldb,,1,1,False,False,False
Aura,aura,esolang,,1,1,False,False,False
aurora,aurora,pldb,,1,1,False,False,False
autasim,autasim,pldb,,1,1,False,False,False
Autism (Unary),autism-unary,esolang,,1,1,False,False,False
autocad-app,autocad-app,pldb,,1,1,False,False,False
autocoder-ii,autocoder-ii,pldb,,1,1,False,False,False
autocoder-iii,autocoder-iii,pldb,,1,1,False,False,False
AutoColdKey,autocoldkey,esolang,,1,1,False,False,False
autoconf,autoconf,pldb,,1,1,False,False,False
AutoCorrect,autocorrect,esolang,,1,1,False,False,False
autodraft,autodraft,pldb,,1,1,False,False,False
autogrp,autogrp,pldb,,1,1,False,False,False
autoloft,autoloft,pldb,,1,1,False,False,False
autology,autology,pldb,,1,1,False,False,False
automast,automast,pldb,,1,1,False,False,False
AutomataFuck,automatafuck,esolang,,1,1,False,False,False
automator,automator,pldb,,1,1,False,False,False
Automod-D,automod-d,esolang,,1,1,False,False,False
AutoMouse,automouse,esolang,,1,1,False,False,False
autopromt,autopromt,pldb,,1,1,False,False,False
Autopsy,autopsy,esolang,,1,1,False,False,False
AutProL,autprol,esolang,,1,1,False,False,False
avalon-common-lisp,avalon-common-lisp,pldb,,1,1,False,False,False
avi-synth,avi-synth,pldb,,1,1,False,False,False
avr,avr,pldb,,1,1,False,False,False
avro,avro,pldb,,1,1,False,False,False
AWA5.0,awa5.0,esolang,,1,1,False,False,False
Awib,awib,esolang,,1,1,False,False,False
AWO,awo,esolang,,1,1,False,False,False
aws,aws,pldb,,1,1,False,False,False
Ax,ax,esolang,,1,1,False,False,False
axcess,axcess,pldb,,1,1,False,False,False
axio,axio,pldb,,1,1,False,False,False
axiom-computer-algebra-system,axiom-computer-algebra-system,pldb,,1,1,False,False,False
Axios,axios,esolang,,1,1,False,False,False
Axo,axo,esolang,,1,1,False,False,False
axt-format,axt-format,pldb,,1,1,False,False,False
Az,az,esolang,,1,1,False,False,False
aztec-c,aztec-c,pldb,,1,1,False,False,False
azure,azure,pldb,,1,1,False,False,False
AzureHeartC,azureheartc,esolang,,1,1,False,False,False
B^2,b-2,esolang,,1,1,False,False,False
B)?A,b-a,esolang,,1,1,False,False,False
B automaton,b-automaton,esolang,,1,1,False,False,False
B (Formal Method),b-formal-method,linguist,.mch,1,1,False,False,False
B i n a r y,b-i-n-a-r-y,esolang,,1,1,False,False,False
B (None1),b-none1,esolang,,1,1,False,False,False
B (programming language),b-programming-language,wikipedia,,1,1,False,False,False
B sharp,b-sharp,esolang,,1,1,False,False,False
B-16,b-16,esolang,,1,1,False,False,False
B-H,b-h,esolang,,1,1,False,False,False
b-line,b-line,pldb,,1,1,False,False,False
B-tapemark,b-tapemark,esolang,,1,1,False,False,False
B1nary,b1nary,esolang,,1,1,False,False,False
B2C,b2c,esolang,,1,1,False,False,False
b3-ir,b3-ir,pldb,,1,1,False,False,False
b32-business-basic,b32-business-basic,pldb,,1,1,False,False,False
b4tran,b4tran,pldb,,1,1,False,False,False
B9,b9,esolang,,1,1,False,False,False
Baa,baa,esolang,,1,1,False,False,False
Baba is program,baba-is-program,esolang,,1,1,False,False,False
Baba Is You,baba-is-you,esolang,,1,1,False,False,False
Babacode,babacode,esolang,,1,1,False,False,False
Babalang,babalang,esolang,,1,1,False,False,False
Babble,babble,esolang,,1,1,False,False,False
Baby Language,baby-language,esolang,,1,1,False,False,False
baby-modula-3,baby-modula-3,pldb,,1,1,False,False,False
Babylang,babylang,esolang,,1,1,False,False,False
babylonian-numerals,babylonian-numerals,pldb,,1,1,False,False,False
Bace,bace,esolang,,1,1,False,False,False
Back Alley,back-alley,esolang,,1,1,False,False,False
BackFlip,backflip,esolang,,1,1,False,False,False
Backhand,backhand,esolang,,1,1,False,False,False
Backpackr,backpackr,esolang,,1,1,False,False,False
Backrooms,backrooms,esolang,,1,1,False,False,False
Backshar,backshar,esolang,,1,1,False,False,False
Backshar+,backshar+,esolang,,1,1,False,False,False
Backsharp,backsharp,esolang,,1,1,False,False,False
Backshift,backshift,esolang,,1,1,False,False,False
Backslash Calculus,backslash-calculus,esolang,,1,1,False,False,False
BackStart,backstart,esolang,,1,1,False,False,False
Backtick,backtick,esolang,,1,1,False,False,False
Backtracking INTERCAL,backtracking-intercal,esolang,,1,1,False,False,False
BackTurn,backturn,esolang,,1,1,False,False,False
Backway,backway,esolang,,1,1,False,False,False
Backwords,backwords,esolang,,1,1,False,False,False
Bad command or file name,bad-command-or-file-name,esolang,,1,1,False,False,False
Bad command or file name/No Quine,bad-command-or-file-name-no-quine,esolang,,1,1,False,False,False
Badcode,badcode,esolang,,1,1,False,False,False
BadEsolangIMadeForABet,badesolangimadeforabet,esolang,,1,1,False,False,False
badlanguage,badlanguage,pldb,,1,1,False,False,False
BadScript,badscript,esolang,,1,1,False,False,False
Bag,bag,esolang,,1,1,False,False,False
bag-format,bag-format,pldb,,1,1,False,False,False
BaguaFuck,baguafuck,esolang,,1,1,False,False,False
Baguette,baguette,esolang,,1,1,False,False,False
BAK,bak,esolang,,1,1,False,False,False
BALAE,balae,esolang,,1,1,False,False,False
Balanced Parentheses,balanced-parentheses,esolang,,1,1,False,False,False
balanced-ternary-notation,balanced-ternary-notation,pldb,,1,1,False,False,False
balg,balg,pldb,,1,1,False,False,False
balinda-lisp,balinda-lisp,pldb,,1,1,False,False,False
ballerina-central-pm,ballerina-central-pm,pldb,,1,1,False,False,False
BallisticScript,ballisticscript,esolang,,1,1,False,False,False
balm,balm,pldb,,1,1,False,False,False
baltazar,baltazar,pldb,,1,1,False,False,False
baltik,baltik,pldb,,1,1,False,False,False
bam-format,bam-format,pldb,,1,1,False,False,False
BAM128,bam128,esolang,,1,1,False,False,False
Banana Golf,banana-golf,esolang,,1,1,False,False,False
Banana Scheme,banana-scheme,esolang,,1,1,False,False,False
Bananaban,bananaban,esolang,,1,1,False,False,False
bancstar-programming-language,bancstar-programming-language,pldb,,1,1,False,False,False
Bantas,bantas,esolang,,1,1,False,False,False
Barely,barely,esolang,,1,1,False,False,False
BareMinimum,bareminimum,esolang,,1,1,False,False,False
barrel,barrel,pldb,,1,1,False,False,False
BARREN,barren,esolang,,1,1,False,False,False
Barrous,barrous,esolang,,1,1,False,False,False
bartok,bartok,pldb,,1,1,False,False,False
Base2e15text,base2e15text,esolang,,1,1,False,False,False
base32,base32,pldb,,1,1,False,False,False
Base64 Text,base64-text,esolang,,1,1,False,False,False
baseball,baseball,pldb,,1,1,False,False,False
basel,basel,pldb,,1,1,False,False,False
Baselang,baselang,esolang,,1,1,False,False,False
Baselang Broad,baselang-broad,esolang,,1,1,False,False,False
Bash: foo: No such file or directory,bash-foo-no-such-file-or-directory,esolang,,1,1,False,False,False
Basic Input/Output Commands,basic-input-output-commands,esolang,,1,1,False,False,False
Basic Stack,basic-stack,esolang,,1,1,False,False,False
basic-ap,basic-ap,pldb,,1,1,False,False,False
basic-pdp-1-lisp,basic-pdp-1-lisp,pldb,,1,1,False,False,False
basic-programming,basic-programming,pldb,,1,1,False,False,False
basic-stamp,basic-stamp,pldb,,1,1,False,False,False
basic4ppc,basic4ppc,pldb,,1,1,False,False,False
BASICER,basicer,esolang,,1,1,False,False,False
Basicfuck,basicfuck,esolang,,1,1,False,False,False
basicx,basicx,pldb,,1,1,False,False,False
Basilisk,basilisk,esolang,,1,1,False,False,False
Basis,basis,esolang,,1,1,False,False,False
basis-universal-format,basis-universal-format,pldb,,1,1,False,False,False
batari-basic,batari-basic,pldb,,1,1,False,False,False
Batch No For,batch-no-for,esolang,,1,1,False,False,False
bato,bato,pldb,,1,1,False,False,False
Battlethought,battlethought,esolang,,1,1,False,False,False
Bauberqueue,bauberqueue,esolang,,1,1,False,False,False
baudot-code,baudot-code,pldb,,1,1,False,False,False
Baulk,baulk,esolang,,1,1,False,False,False
bawk,bawk,pldb,,1,1,False,False,False
Bawkbawk,bawkbawk,esolang,,1,1,False,False,False
Bawkbawk²,bawkbawk2,esolang,,1,1,False,False,False
bayer-expressions,bayer-expressions,pldb,,1,1,False,False,False
Bayes Leaf,bayes-leaf,esolang,,1,1,False,False,False
bayes-equation,bayes-equation,pldb,,1,1,False,False,False
Baz,baz,esolang,,1,1,False,False,False
bazaar,bazaar,pldb,,1,1,False,False,False
Bbblang,bbblang,esolang,,1,1,False,False,False
bbc-basic,bbc-basic,pldb,,1,1,False,False,False
Bbe doc downloadable,bbe-doc-downloadable,esolang,,1,1,False,False,False
bbj,bbj,pldb,,1,1,False,False,False
bbn-lisp,bbn-lisp,pldb,,1,1,False,False,False
Bbtos,bbtos,esolang,,1,1,False,False,False
bc-neliac,bc-neliac,pldb,,1,1,False,False,False
BCDFuck,bcdfuck,esolang,,1,1,False,False,False
BCSD,bcsd,esolang,,1,1,False,False,False
bcx,bcx,pldb,,1,1,False,False,False
BDAMD,bdamd,esolang,,1,1,False,False,False
bdl,bdl,pldb,,1,1,False,False,False
Be1-,be1,esolang,,1,1,False,False,False
beads-lang,beads-lang,pldb,,1,1,False,False,False
beagle,beagle,pldb,,1,1,False,False,False
Beam,beam,esolang,,1,1,False,False,False
beam-bytecode,beam-bytecode,pldb,,1,1,False,False,False
beam-vm,beam-vm,pldb,,1,1,False,False,False
Bear,bear,esolang,,1,1,False,False,False
Bear Food,bear-food,esolang,,1,1,False,False,False
Beatnik Extended,beatnik-extended,esolang,,1,1,False,False,False
Beautiful day,beautiful-day,esolang,,1,1,False,False,False
beautiful-report-language,beautiful-report-language,pldb,,1,1,False,False,False
bebasic,bebasic,pldb,,1,1,False,False,False
bed-format,bed-format,pldb,,1,1,False,False,False
Beditasm,beditasm,esolang,,1,1,False,False,False
Bedroom,bedroom,esolang,,1,1,False,False,False
bedsocs,bedsocs,pldb,,1,1,False,False,False
Bedtime,bedtime,esolang,,1,1,False,False,False
bee,bee,pldb,,1,1,False,False,False
Bee literally apioforming informational page,bee-literally-apioforming-informational-page,esolang,,1,1,False,False,False
beebasic,beebasic,pldb,,1,1,False,False,False
Beebles,beebles,esolang,,1,1,False,False,False
Beecode,beecode,esolang,,1,1,False,False,False
beef-lang,beef-lang,pldb,,1,1,False,False,False
Beefydie,beefydie,esolang,,1,1,False,False,False
BeeJazz,beejazz,esolang,,1,1,False,False,False
Beep Boop,beep-boop,esolang,,1,1,False,False,False
Beeping cyclic tag,beeping-cyclic-tag,esolang,,1,1,False,False,False
BeerLang,beerlang,esolang,,1,1,False,False,False
BeeScript,beescript,esolang,,1,1,False,False,False
Beetle,beetle,esolang,,1,1,False,False,False
Beets,beets,esolang,,1,1,False,False,False
Befalse,befalse,esolang,,1,1,False,False,False
Befinde,befinde,esolang,,1,1,False,False,False
Beforge,beforge,esolang,,1,1,False,False,False
Befreak,befreak,esolang,,1,1,False,False,False
Befreege,befreege,esolang,,1,1,False,False,False
Befucked,befucked,esolang,,1,1,False,False,False
Befudge,befudge,esolang,,1,1,False,False,False
Befunge/96 and 97,befunge-96-and-97,esolang,,1,1,False,False,False
Befunge colored,befunge-colored,esolang,,1,1,False,False,False
Befunge/index.php,befunge-index.php,esolang,,1,1,False,False,False
Befunge-with-graphics,befunge-with-graphics,esolang,,1,1,False,False,False
Befunk,befunk,esolang,,1,1,False,False,False
begriffsschrift,begriffsschrift,pldb,,1,1,False,False,False
behavior-markup-language,behavior-markup-language,pldb,,1,1,False,False,False
Behavioral Description Language,behavioral-description-language,wikipedia,,1,1,False,False,False
Behaviour,behaviour,esolang,,1,1,False,False,False
bel-lang,bel-lang,pldb,,1,1,False,False,False
Bell,bell,esolang,,1,1,False,False,False
Belle Arti,belle-arti,esolang,,1,1,False,False,False
BEN++,ben-plus-plus,esolang,,1,1,False,False,False
Benul,benul,esolang,,1,1,False,False,False
Bepbop,bepbop,esolang,,1,1,False,False,False
ber,ber,pldb,,1,1,False,False,False
berkeleydb,berkeleydb,pldb,,1,1,False,False,False
BERT,bert,esolang,,1,1,False,False,False
Beskew,beskew,esolang,,1,1,False,False,False
Bespoke,bespoke,esolang,,1,1,False,False,False
BestDirt,bestdirt,esolang,,1,1,False,False,False
BestFriends.js,bestfriends.js,esolang,,1,1,False,False,False
besys,besys,pldb,,1,1,False,False,False
Bet,bet,esolang,,1,1,False,False,False
beta-basic,beta-basic,pldb,,1,1,False,False,False
Beta-Juliet and Portia,beta-juliet-and-portia,esolang,,1,1,False,False,False
beta-project,beta-project,pldb,,1,1,False,False,False
beta-prolog,beta-prolog,pldb,,1,1,False,False,False
Betaload,betaload,esolang,,1,1,False,False,False
Betamation,betamation,esolang,,1,1,False,False,False
Betray,betray,esolang,,1,1,False,False,False
Better Burn,better-burn,esolang,,1,1,False,False,False
Betterave,betterave,esolang,,1,1,False,False,False
Betterfunge,betterfunge,esolang,,1,1,False,False,False
Betterlang,betterlang,esolang,,1,1,False,False,False
Betul Betul BetulLang,betul-betul-betullang,esolang,,1,1,False,False,False
Beturing,beturing,esolang,,1,1,False,False,False
Between,between,esolang,,1,1,False,False,False
Beunfunge,beunfunge,esolang,,1,1,False,False,False
BF (BestCoder),bf-bestcoder,esolang,,1,1,False,False,False
Bf core,bf-core,esolang,,1,1,False,False,False
BF instruction extension,bf-instruction-extension,esolang,,1,1,False,False,False
BF Lite,bf-lite,esolang,,1,1,False,False,False
BF machine,bf-machine,esolang,,1,1,False,False,False
BF++,bf-plus-plus,esolang,,1,1,False,False,False
BF+++++++++++++++++++++++++++++++++++++++++++++++++++++++++++++++++++++++++++++++++++++++++++++++++++++++++++++++++++++++++++++++++++++++++++++++++++++++++++++++++++++++++++++++++++++++++++++++++++++++++++++++++++++++++++++++++++++++++++++++++++++++++++++,bf-plus-plus-plus-plus-plus-plus-plus-plus-plus-plus-plus-plus-plus-plus-plus-plus-plus-plus-plus-plus-plus-plus-plus-plus-plus-plus-plus-plus-plus-plus-plus-plus-plus-plus-plus-plus-plus-plus-plus-plus-plus-plus-plus-plus-plus-plus-plus-plus-plus-plus-plus-plus-plus-plus-plus-plus-plus-plus-plus-plus-plus-plus-plus-plus-plus-plus-plus-plus-plus-plus-plus-plus-plus-plus-plus-plus-plus-plus-plus-plus-plus-plus-plus-plus-plus-plus-plus-plus-plus-plus-plus-plus-plus-plus-plus-plus-plus-plus-plus-plus-plus-plus-plus-plus-plus-plus-plus-plus-plus-plus-plus-plus-plus-plus-plus-plus-plus-plus-plus-plus-plus-plus-plus-plus-plus-plus-plus-plus-plus-plus-plus-plus-plus-plus-plus-plus-plus-plus-plus-plus-plus-plus-plus-plus-plus-plus-plus-plus-plus-plus-plus-plus-plus-plus-plus-plus-plus-plus-plus-plus-plus-plus-plus-plus-plus-plus-plus-plus-plus-plus-plus-plus-plus-plus-plus-plus-plus-plus-plus-plus-plus-plus-plus-plus-plus-plus-plus-plus-plus-plus-plus-plus-plus-plus-plus-plus-plus-plus-plus-plus-plus-plus-plus-plus-plus-plus-plus-plus-plus-plus-plus-plus-plus-plus-plus-plus-plus-plus-plus-plus-plus-plus-plus-plus-plus-plus-plus-plus-plus-plus-plus-plus-plus-plus-plus-plus-plus-plus-plus-plus-plus-plus-plus-plus-plus-plus-plus-plus-plus-plus-plus-plus-+,esolang,,1,1,False,False,False
BF+BF,bf+bf,esolang,,1,1,False,False,False
BF-ASM:8,bf-asm-8,esolang,,1,1,False,False,False
BF-M,bf-m,esolang,,1,1,False,False,False
BF-PDA,bf-pda,esolang,,1,1,False,False,False
BF-RLE,bf-rle,esolang,,1,1,False,False,False
BF-SC,bf-sc,esolang,,1,1,False,False,False
BF²ᵈ,bf2d,esolang,,1,1,False,False,False
BFasm (discontinued),bfasm-discontinued,esolang,,1,1,False,False,False
Bfbf,bfbf,esolang,,1,1,False,False,False
BFBWW,bfbww,esolang,,1,1,False,False,False
BFC,bfc,esolang,,1,1,False,False,False
Bfcompress,bfcompress,esolang,,1,1,False,False,False
BFEnet,bfenet,esolang,,1,1,False,False,False
BFFB,bffb,esolang,,1,1,False,False,False
BFFuck,bffuck,esolang,,1,1,False,False,False
BFI,bfi,esolang,,1,1,False,False,False
BFInfinity,bfinfinity,esolang,,1,1,False,False,False
BFM,bfm,esolang,,1,1,False,False,False
BFMacros,bfmacros,esolang,,1,1,False,False,False
BFP,bfp,esolang,,1,1,False,False,False
BFQ,bfq,esolang,,1,1,False,False,False
BFshort,bfshort,esolang,,1,1,False,False,False
BFStack,bfstack,esolang,,1,1,False,False,False
Bftree,bftree,esolang,,1,1,False,False,False
*bfuck,bfuck,esolang,,1,1,False,False,False
BFX,bfx,esolang,,1,1,False,False,False
bgraf2,bgraf2,pldb,,1,1,False,False,False
Bgt,bgt,esolang,,1,1,False,False,False
bhsl,bhsl,pldb,,1,1,False,False,False
Bias,bias,esolang,,1,1,False,False,False
Bidiroop,bidiroop,esolang,,1,1,False,False,False
Bifuck,bifuck,esolang,,1,1,False,False,False
Bifus,bifus,esolang,,1,1,False,False,False
Big Man Computer,big-man-computer,esolang,,1,1,False,False,False
BigBrain,bigbrain,esolang,,1,1,False,False,False
BigBrain Discord,bigbrain-discord,esolang,,1,1,False,False,False
BigFish,bigfish,esolang,,1,1,False,False,False
Bigfun,bigfun,esolang,,1,1,False,False,False
bigmac,bigmac,pldb,,1,1,False,False,False
Bigspace,bigspace,esolang,,1,1,False,False,False
bigwig-format,bigwig-format,pldb,,1,1,False,False,False
bigwig-programming-language,bigwig-programming-language,pldb,,1,1,False,False,False
BIITI,biiti,esolang,,1,1,False,False,False
Bijection,bijection,esolang,,1,1,False,False,False
bike,bike,pldb,,1,1,False,False,False
Bikeshed,bikeshed,linguist,.bs,1,1,False,False,False
Billiard ball machine,billiard-ball-machine,esolang,,1,1,False,False,False
Billiards,billiards,esolang,,1,1,False,False,False
Billow,billow,esolang,,1,1,False,False,False
Bin-8,bin-8,esolang,,1,1,False,False,False
Bin-snake,bin-snake,esolang,,1,1,False,False,False
Binary,binary,esolang,,1,1,False,False,False
Binary Brainfuck,binary-brainfuck,esolang,,1,1,False,False,False
Binary but also Brainfuck but also neither (BBABBAN),binary-but-also-brainfuck-but-also-neither-bbabban,esolang,,1,1,False,False,False
Binary combinatory logic,binary-combinatory-logic,esolang,,1,1,False,False,False
Binary Forthleq Calculus,binary-forthleq-calculus,esolang,,1,1,False,False,False
Binary Insanity,binary-insanity,esolang,,1,1,False,False,False
Binary License Plate Language,binary-license-plate-language,esolang,,1,1,False,False,False
Binary pi-calculus,binary-pi-calculus,esolang,,1,1,False,False,False
Binary Turing Machine!?,binary-turing-machine,esolang,,1,1,False,False,False
Binary-encoded Minsky machine,binary-encoded-minsky-machine,esolang,,1,1,False,False,False
binary-equation,binary-equation,pldb,,1,1,False,False,False
binary-ninja,binary-ninja,pldb,,1,1,False,False,False
binary-notation,binary-notation,pldb,,1,1,False,False,False
BinaryBefunge,binarybefunge,esolang,,1,1,False,False,False
BinaryBits,binarybits,esolang,,1,1,False,False,False
binaryen,binaryen,pldb,,1,1,False,False,False
Binaryfuck,binaryfuck,esolang,,1,1,False,False,False
BinaryLanguage,binarylanguage,esolang,,1,1,False,False,False
Bind,bind,esolang,,1,1,False,False,False
bind-app,bind-app,pldb,,1,1,False,False,False
Binerdy,binerdy,esolang,,1,1,False,False,False
Binin,binin,esolang,,1,1,False,False,False
Binin++,binin-plus-plus,esolang,,1,1,False,False,False
Binodu,binodu,esolang,,1,1,False,False,False
BinPython,binpython,esolang,,1,1,False,False,False
bioconductor-pm,bioconductor-pm,pldb,,1,1,False,False,False
biomod,biomod,pldb,,1,1,False,False,False
bioscript,bioscript,pldb,,1,1,False,False,False
biossim,biossim,pldb,,1,1,False,False,False
Biota,biota,esolang,,1,1,False,False,False
biplan,biplan,pldb,,1,1,False,False,False
Bipoint,bipoint,esolang,,1,1,False,False,False
Birb,birb,esolang,,1,1,False,False,False
Birdie,birdie,esolang,,1,1,False,False,False
birkbeck-assembly,birkbeck-assembly,pldb,,1,1,False,False,False
bisonpp,bisonpp,pldb,,1,1,False,False,False
bistro-programming-language,bistro-programming-language,pldb,,1,1,False,False,False
BIT,bit,esolang,,1,1,False,False,False
Bit Stupid,bit-stupid,esolang,,1,1,False,False,False
Bit-ter lang,bit-ter-lang,esolang,,1,1,False,False,False
bitarray,bitarray,pldb,,1,1,False,False,False
BitBitIfJump,bitbitifjump,esolang,,1,1,False,False,False
Bitbot,bitbot,esolang,,1,1,False,False,False
BitBounce,bitbounce,esolang,,1,1,False,False,False
BitBrain,bitbrain,esolang,,1,1,False,False,False
Bitch,bitch,esolang,,1,1,False,False,False
BitChanger,bitchanger,esolang,,1,1,False,False,False
BitChip,bitchip,esolang,,1,1,False,False,False
BitCode/PicCode,bitcode-piccode,esolang,,1,1,False,False,False
BitCycle,bitcycle,esolang,,1,1,False,False,False
Bitdeque,bitdeque,esolang,,1,1,False,False,False
BITE,bite,esolang,,1,1,False,False,False
Bite bytes,bite-bytes,esolang,,1,1,False,False,False
BitFlip,bitflip,esolang,,1,1,False,False,False
Bitflipper,bitflipper,esolang,,1,1,False,False,False
Bitforth,bitforth,esolang,,1,1,False,False,False
Bitfuck,bitfuck,esolang,,1,1,False,False,False
Bitfuckery,bitfuckery,esolang,,1,1,False,False,False
Bitgrid,bitgrid,esolang,,1,1,False,False,False
Bitoven,bitoven,esolang,,1,1,False,False,False
BitP,bitp,esolang,,1,1,False,False,False
BitQueue,bitqueue,esolang,,1,1,False,False,False
BiTrax,bitrax,esolang,,1,1,False,False,False
"∞ bits, ℵ0 Bytes",bits-0-bytes,esolang,,1,1,False,False,False
BitShift,bitshift,esolang,,1,1,False,False,False
Bitshit,bitshit,esolang,,1,1,False,False,False
BitSwitch,bitswitch,esolang,,1,1,False,False,False
bitsy,bitsy,pldb,,1,1,False,False,False
Bitter,bitter,esolang,,1,1,False,False,False
bittorrent,bittorrent,pldb,,1,1,False,False,False
BitTurn,bitturn,esolang,,1,1,False,False,False
BittyLang,bittylang,esolang,,1,1,False,False,False
Bitwise,bitwise,esolang,,1,1,False,False,False
Bitwise Cyclic Tack,bitwise-cyclic-tack,esolang,,1,1,False,False,False
Bitwise Cyclic Tag,bitwise-cyclic-tag,esolang,,1,1,False,False,False
Bitwise Cyclic Teap,bitwise-cyclic-teap,esolang,,1,1,False,False,False
Bitwise Cyclic Teast,bitwise-cyclic-teast,esolang,,1,1,False,False,False
Bitwise Scanner,bitwise-scanner,esolang,,1,1,False,False,False
Bitwise Trance,bitwise-trance,esolang,,1,1,False,False,False
BITWISEBASE64BITWISEBASE64BITWISEBASE64BITWISE,bitwisebase64bitwisebase64bitwisebase64bitwise,esolang,,1,1,False,False,False
Bitxtreme,bitxtreme,esolang,,1,1,False,False,False
BitZ,bitz,esolang,,1,1,False,False,False
BIX Queue Subset,bix-queue-subset,esolang,,1,1,False,False,False
BizOffers,bizoffers,esolang,,1,1,False,False,False
bizubee,bizubee,pldb,,1,1,False,False,False
bla,bla,pldb,,1,1,False,False,False
Blablafuck,blablafuck,esolang,,1,1,False,False,False
Black and white and read all over,black-and-white-and-read-all-over,esolang,,1,1,False,False,False
Black (Asai),black-asai,esolang,,1,1,False,False,False
Black Pentagon,black-pentagon,esolang,,1,1,False,False,False
Blackberry,blackberry,esolang,,1,1,False,False,False
blackcoffee,blackcoffee,pldb,,1,1,False,False,False
BlackCoffin.gif,blackcoffin.gif,esolang,,1,1,False,False,False
blacklight,blacklight,pldb,,1,1,False,False,False
BlackSpace,blackspace,esolang,,1,1,False,False,False
Blacktime,blacktime,esolang,,1,1,False,False,False
blade-lang,blade-lang,pldb,,1,1,False,False,False
Blah,blah,esolang,,1,1,False,False,False
blake-hash-function,blake-hash-function,pldb,,1,1,False,False,False
Blarb,blarb,esolang,,1,1,False,False,False
Blast protection,blast-protection,esolang,,1,1,False,False,False
blaze,blaze,pldb,,1,1,False,False,False
blaze-2,blaze-2,pldb,,1,1,False,False,False
blazex,blazex,pldb,,1,1,False,False,False
blc,blc,pldb,,1,1,False,False,False
Bleh,bleh,esolang,,1,1,False,False,False
blender-app,blender-app,pldb,,1,1,False,False,False
Blind,blind,esolang,,1,1,False,False,False
Blindfolded Arithmetic,blindfolded-arithmetic,esolang,,1,1,False,False,False
Blip,blip,esolang,,1,1,False,False,False
Blo,blo,esolang,,1,1,False,False,False
Blockfunge,blockfunge,esolang,,1,1,False,False,False
blockml,blockml,pldb,,1,1,False,False,False
Blood32,blood32,esolang,,1,1,False,False,False
BloodCell,bloodcell,esolang,,1,1,False,False,False
blooms,blooms,pldb,,1,1,False,False,False
blossom,blossom,pldb,,1,1,False,False,False
Bloux,bloux,esolang,,1,1,False,False,False
blox,blox,pldb,,1,1,False,False,False
Bltch1ang,bltch1ang,esolang,,1,1,False,False,False
Blub,blub,esolang,,1,1,False,False,False
Blue Hens,blue-hens,esolang,,1,1,False,False,False
Blue Tomato,blue-tomato,esolang,,1,1,False,False,False
blue-programming-language,blue-programming-language,pldb,,1,1,False,False,False
BlueFun,bluefun,esolang,,1,1,False,False,False
blueprints,blueprints,pldb,,1,1,False,False,False
Blues machine,blues-machine,esolang,,1,1,False,False,False
Blues++,blues-plus-plus,esolang,,1,1,False,False,False
Bluespec BH,bluespec-bh,linguist,.bs,1,3,False,False,False
Blur,blur,esolang,,1,1,False,False,False
blur-markup-language,blur-markup-language,pldb,,1,1,False,False,False
Blyat,blyat,esolang,,1,1,False,False,False
bmd,bmd,pldb,,1,1,False,False,False
BMOW 1,bmow-1,esolang,,1,1,False,False,False
bmp-format,bmp-format,pldb,,1,1,False,False,False
Boat,boat,esolang,,1,1,False,False,False
bob,bob,pldb,,1,1,False,False,False
Bobotw,bobotw,esolang,,1,1,False,False,False
Bobr Kurwa,bobr-kurwa,esolang,,1,1,False,False,False
Bodyfuck,bodyfuck,esolang,,1,1,False,False,False
bog,bog,pldb,,1,1,False,False,False
Bog prok,bog-prok,esolang,,1,1,False,False,False
Bogus,bogus,esolang,,1,1,False,False,False
BogusForth,bogusforth,esolang,,1,1,False,False,False
Boi,boi,esolang,,1,1,False,False,False
boil,boil,pldb,,1,1,False,False,False
Bolaga,bolaga,esolang,,1,1,False,False,False
Bolgefuck,bolgefuck,esolang,,1,1,False,False,False
Bolic,bolic,esolang,,1,1,False,False,False
bolin,bolin,pldb,,1,1,False,False,False
Bomberman,bomberman,esolang,,1,1,False,False,False
bon-programming-language,bon-programming-language,pldb,,1,1,False,False,False
Bonar--,bonar,esolang,,1,1,False,False,False
Boner++,boner-plus-plus,esolang,,1,1,False,False,False
Boobeans,boobeans,esolang,,1,1,False,False,False
BooleanFunge,booleanfunge,esolang,,1,1,False,False,False
Boolet,boolet,esolang,,1,1,False,False,False
Boolfish,boolfish,esolang,,1,1,False,False,False
Boolgrid,boolgrid,esolang,,1,1,False,False,False
Boolshit,boolshit,esolang,,1,1,False,False,False
BoolSpool,boolspool,esolang,,1,1,False,False,False
BoolX,boolx,esolang,,1,1,False,False,False
Boom,boom,esolang,,1,1,False,False,False
Boomerang (programming language),boomerang-programming-language,wikipedia,,1,1,False,False,False
boomerang-decompiler,boomerang-decompiler,pldb,,1,1,False,False,False
Boomerlang,boomerlang,esolang,,1,1,False,False,False
BOOMOP,boomop,esolang,,1,1,False,False,False
boost-lib,boost-lib,pldb,,1,1,False,False,False
booster,booster,pldb,,1,1,False,False,False
Bored,bored,esolang,,1,1,False,False,False
BOREDOM,boredom,esolang,,1,1,False,False,False
Boring and Idiotic milk supper,boring-and-idiotic-milk-supper,esolang,,1,1,False,False,False
Boring Chef,boring-chef,esolang,,1,1,False,False,False
Boringscript,boringscript,esolang,,1,1,False,False,False
borneo,borneo,pldb,,1,1,False,False,False
Borsch,borsch,esolang,,1,1,False,False,False
Borth,borth,esolang,,1,1,False,False,False
"""Bosol""",bosol,esolang,,1,1,False,False,False
bossam,bossam,pldb,,1,1,False,False,False
Bot Engine,bot-engine,esolang,,1,1,False,False,False
Bottles of beer on the wall,bottles-of-beer-on-the-wall,esolang,,1,1,False,False,False
bounce,bounce,pldb,,1,1,False,False,False
bounce-lang,bounce-lang,pldb,,1,1,False,False,False
Bouncy,bouncy,esolang,,1,1,False,False,False
Bouncy Counters,bouncy-counters,esolang,,1,1,False,False,False
bourne-shell,bourne-shell,pldb,,1,1,False,False,False
Bout,bout,esolang,,1,1,False,False,False
BoVeX,bovex,esolang,,1,1,False,False,False
Box Drawing,box-drawing,esolang,,1,1,False,False,False
BOX-256,box-256,esolang,,1,1,False,False,False
𝔹oxƒ⊙ck,boxck,esolang,,1,1,False,False,False
Boxes,boxes,esolang,,1,1,False,False,False
boxx,boxx,pldb,,1,1,False,False,False
Boxy,boxy,esolang,,1,1,False,False,False
Boyfriend.xml,boyfriend.xml,esolang,,1,1,False,False,False
bpkg-pm,bpkg-pm,pldb,,1,1,False,False,False
bpl,bpl,pldb,,1,1,False,False,False
bpmn,bpmn,pldb,,1,1,False,False,False
bpn2,bpn2,pldb,,1,1,False,False,False
Br greater than,br-greater-than,esolang,,1,1,False,False,False
Braces,braces,esolang,,1,1,False,False,False
Brack,brack,esolang,,1,1,False,False,False
Bracket,bracket,esolang,,1,1,False,False,False
Bracket Hax,bracket-hax,esolang,,1,1,False,False,False
BracketFolders,bracketfolders,esolang,,1,1,False,False,False
BracketOnly,bracketonly,esolang,,1,1,False,False,False
Brackets,brackets,esolang,,1,1,False,False,False
brackets-editor,brackets-editor,pldb,,1,1,False,False,False
BracketsLang,bracketslang,esolang,,1,1,False,False,False
Brackit,brackit,esolang,,1,1,False,False,False
Braille,braille,esolang,,1,1,False,False,False
Braimmental,braimmental,esolang,,1,1,False,False,False
Braimproved,braimproved,esolang,,1,1,False,False,False
Brain Ah Fuck,brain-ah-fuck,esolang,,1,1,False,False,False
Brain:D,brain-d,esolang,,1,1,False,False,False
Brain4Ever,brain4ever,esolang,,1,1,False,False,False
Brainalpha,brainalpha,esolang,,1,1,False,False,False
Brainappend,brainappend,esolang,,1,1,False,False,False
Brainball,brainball,esolang,,1,1,False,False,False
Brainbits,brainbits,esolang,,1,1,False,False,False
Brainbits+,brainbits+,esolang,,1,1,False,False,False
BrainBlend,brainblend,esolang,,1,1,False,False,False
Brainblend++,brainblend-plus-plus,esolang,,1,1,False,False,False
Brainbonk,brainbonk,esolang,,1,1,False,False,False
Brainbool,brainbool,esolang,,1,1,False,False,False
Brainbrain,brainbrain,esolang,,1,1,False,False,False
Braincells,braincells,esolang,,1,1,False,False,False
Brainchicken,brainchicken,esolang,,1,1,False,False,False
Braincinnamon,braincinnamon,esolang,,1,1,False,False,False
BrainClub,brainclub,esolang,,1,1,False,False,False
Braincopter,braincopter,esolang,,1,1,False,False,False
Braincow,braincow,esolang,,1,1,False,False,False
Braincraft,braincraft,esolang,,1,1,False,False,False
Braincrap,braincrap,esolang,,1,1,False,False,False
BrainCrash,braincrash,esolang,,1,1,False,False,False
Braincrypt,braincrypt,esolang,,1,1,False,False,False
BrainCube,braincube,esolang,,1,1,False,False,False
BrainCurry,braincurry,esolang,,1,1,False,False,False
BrainCurses,braincurses,esolang,,1,1,False,False,False
BrainCursion,braincursion,esolang,,1,1,False,False,False
Braindamage,braindamage,esolang,,1,1,False,False,False
Braindead,braindead,esolang,,1,1,False,False,False
Braindeadcpu,braindeadcpu,esolang,,1,1,False,False,False
BrainDeque,braindeque,esolang,,1,1,False,False,False
BrainDestructionByCode I,braindestructionbycode-i,esolang,,1,1,False,False,False
BrainDots,braindots,esolang,,1,1,False,False,False
Braindrunk,braindrunk,esolang,,1,1,False,False,False
Braindumbed,braindumbed,esolang,,1,1,False,False,False
Braine,braine,esolang,,1,1,False,False,False
BrainEmoji,brainemoji,esolang,,1,1,False,False,False
Brainf***-,brainf,esolang,,1,1,False,False,False
Brainf ck,brainf-ck,esolang,,1,1,False,False,False
Brainf with functions,brainf-with-functions,esolang,,1,1,False,False,False
Brainfact,brainfact,esolang,,1,1,False,False,False
Brainfault,brainfault,esolang,,1,1,False,False,False
BrainFc,brainfc,esolang,,1,1,False,False,False
!!brainfeed,brainfeed,esolang,,1,1,False,False,False
!!brainfeed++,brainfeed-plus-plus,esolang,,1,1,False,False,False
Brainfffffuck,brainfffffuck,esolang,,1,1,False,False,False
Brainfish,brainfish,esolang,,1,1,False,False,False
BrainfisHQ9+,brainfishq9+,esolang,,1,1,False,False,False
Brainfive,brainfive,esolang,,1,1,False,False,False
Brainflick,brainflick,esolang,,1,1,False,False,False
Brainflop,brainflop,esolang,,1,1,False,False,False
Brainflub,brainflub,esolang,,1,1,False,False,False
BrainFn,brainfn,esolang,,1,1,False,False,False
BrainFNORD,brainfnord,esolang,,1,1,False,False,False
Brainfoctal,brainfoctal,esolang,,1,1,False,False,False
Brainfoop,brainfoop,esolang,,1,1,False,False,False
Brainforever,brainforever,esolang,,1,1,False,False,False
Brainfry,brainfry,esolang,,1,1,False,False,False
Brainfuck 2.0,brainfuck-2.0,esolang,,1,1,False,False,False
Brainfuck 2D,brainfuck-2d,esolang,,1,1,False,False,False
Brainfuck 4 humans,brainfuck-4-humans,esolang,,1,1,False,False,False
Brainfuck Assembly Language,brainfuck-assembly-language,esolang,,1,1,False,False,False
"Brainfuck(B,R,A,I,N,F,U,C,K)",brainfuck-b-r-a-i-n-f-u-c-k,esolang,,1,1,False,False,False
"Brainfuck, but every + is replaced with the bee movie script",brainfuck-but-every-+-is-replaced-with-the-bee-movie-script,esolang,,1,1,False,False,False
"Brainfuck, but every + is replaced with the FitnessGram Pacer Test",brainfuck-but-every-+-is-replaced-with-the-fitnessgram-pacer-test,esolang,,1,1,False,False,False
Brainfuck But With Buffer,brainfuck-but-with-buffer,esolang,,1,1,False,False,False
Brainfuck but you get to jump back to first,brainfuck-but-you-get-to-jump-back-to-first,esolang,,1,1,False,False,False
Brainfuck Encoded Concatenative Calculus,brainfuck-encoded-concatenative-calculus,esolang,,1,1,False,False,False
Brainfuck extended,brainfuck-extended,esolang,,1,1,False,False,False
Brainfuck for humans,brainfuck-for-humans,esolang,,1,1,False,False,False
Brainfuck: Free Version,brainfuck-free-version,esolang,,1,1,False,False,False
"Brainfuck is not recognized as the name of a cmdlet, function, script file, or operable program. Check the spelling of the name, or if a path was included, verify that the path is correct and try again.",brainfuck-is-not-recognized-as-the-name-of-a-cmdlet-function-script-file-or-operable-program.-check-the-spelling-of-the-name-or-if-a-path-was-included-verify-that-the-path-is-correct-and-try-again.,esolang,,1,1,False,False,False
Brainfuck Markup Language,brainfuck-markup-language,esolang,,1,1,False,False,False
Brainfuck minus -,brainfuck-minus,esolang,,1,1,False,False,False
BrainFuck++,brainfuck-plus-plus,esolang,,1,1,False,False,False
Brainfuck++++++++++++++++++++,brainfuck-plus-plus-plus-plus-plus-plus-plus-plus-plus-plus-plus-plus-plus-plus-plus-plus-plus-plus-plus-plus,esolang,,1,1,False,False,False
Brainfuck Substitutor,brainfuck-substitutor,esolang,,1,1,False,False,False
Brainfuck/w/index.php?title=Talk:Brainfuck/index.php,brainfuck-w-index.php-title-talk-brainfuck-index.php,esolang,,1,1,False,False,False
Brainfuck with three input and three output,brainfuck-with-three-input-and-three-output,esolang,,1,1,False,False,False
BrainFuck+,brainfuck+,esolang,,1,1,False,False,False
Brainfuck+10,brainfuck+10,esolang,,1,1,False,False,False
Brainfuck+2,brainfuck+2,esolang,,1,1,False,False,False
Brainfuck+3,brainfuck+3,esolang,,1,1,False,False,False
Brainfuck-ng,brainfuck-ng,esolang,,1,1,False,False,False
Brainfuck.NET,brainfuck.net,esolang,,1,1,False,False,False
Brainfuck⁰,brainfuck0,esolang,,1,1,False,False,False
Brainfuck2,brainfuck2,esolang,,1,1,False,False,False
Brainfuckconsole74,brainfuckconsole74,esolang,,1,1,False,False,False
Brainfucker,brainfucker,esolang,,1,1,False,False,False
Brainfucker v1.1,brainfucker-v1.1,esolang,,1,1,False,False,False
Brainfuckest,brainfuckest,esolang,,1,1,False,False,False
BrainFuckFart,brainfuckfart,esolang,,1,1,False,False,False
Brainfucking,brainfucking,esolang,,1,1,False,False,False
BrainFuckmore,brainfuckmore,esolang,,1,1,False,False,False
Brainfuckn't,brainfuckn-t,esolang,,1,1,False,False,False
BrainfuckX,brainfuckx,esolang,,1,1,False,False,False
BrainfuckXT,brainfuckxt,esolang,,1,1,False,False,False
Brainfudge,brainfudge,esolang,,1,1,False,False,False
Brainfun,brainfun,esolang,,1,1,False,False,False
Brainfunc,brainfunc,esolang,,1,1,False,False,False
Brainfunct,brainfunct,esolang,,1,1,False,False,False
BrainFunge2,brainfunge2,esolang,,1,1,False,False,False
Brainfunk,brainfunk,esolang,,1,1,False,False,False
Brainfusck,brainfusck,esolang,,1,1,False,False,False
BrainfXX,brainfxx,esolang,,1,1,False,False,False
Braingrate,braingrate,esolang,,1,1,False,False,False
BrainGuck,brainguck,esolang,,1,1,False,False,False
BrainHalt,brainhalt,esolang,,1,1,False,False,False
Brainhook,brainhook,esolang,,1,1,False,False,False
Brainhooking,brainhooking,esolang,,1,1,False,False,False
Brainhype,brainhype,esolang,,1,1,False,False,False
BrainInt,brainint,esolang,,1,1,False,False,False
BrainJuice,brainjuice,esolang,,1,1,False,False,False
Brainjump,brainjump,esolang,,1,1,False,False,False
Brainknot,brainknot,esolang,,1,1,False,False,False
Brainless,brainless,esolang,,1,1,False,False,False
Brainletter,brainletter,esolang,,1,1,False,False,False
Brainlisp,brainlisp,esolang,,1,1,False,False,False
Brainloller,brainloller,esolang,,1,1,False,False,False
Brainlove,brainlove,esolang,,1,1,False,False,False
Brainmaker,brainmaker,esolang,,1,1,False,False,False
Brainmaze,brainmaze,esolang,,1,1,False,False,False
Brainmulti,brainmulti,esolang,,1,1,False,False,False
Brainnumber,brainnumber,esolang,,1,1,False,False,False
BrainPi,brainpi,esolang,,1,1,False,False,False
Brainpocalypse,brainpocalypse,esolang,,1,1,False,False,False
Brainpocalypse II,brainpocalypse-ii,esolang,,1,1,False,False,False
Brainrot (Theothetruenerd),brainrot-theothetruenerd,esolang,,1,1,False,False,False
Brainrot (Yayimhere),brainrot-yayimhere,esolang,,1,1,False,False,False
Brains,brains,esolang,,1,1,False,False,False
Brainscrambler,brainscrambler,esolang,,1,1,False,False,False
Brainshit,brainshit,esolang,,1,1,False,False,False
BrainSoothe,brainsoothe,esolang,,1,1,False,False,False
BrainSoup,brainsoup,esolang,,1,1,False,False,False
BrainSpace 1.0,brainspace-1.0,esolang,,1,1,False,False,False
Brainspin,brainspin,esolang,,1,1,False,False,False
BrainSplited,brainsplited,esolang,,1,1,False,False,False
Brainsplosion,brainsplosion,esolang,,1,1,False,False,False
Brainstack,brainstack,esolang,,1,1,False,False,False
Brainstack(islptng),brainstack-islptng,esolang,,1,1,False,False,False
Brainstar,brainstar,esolang,,1,1,False,False,False
Brainsteg,brainsteg,esolang,,1,1,False,False,False
Brainstoremax,brainstoremax,esolang,,1,1,False,False,False
Brainstuck,brainstuck,esolang,,1,1,False,False,False
Brainsymbol,brainsymbol,esolang,,1,1,False,False,False
BrainTangle,braintangle,esolang,,1,1,False,False,False
Brainterpart,brainterpart,esolang,,1,1,False,False,False
Brainthon,brainthon,esolang,,1,1,False,False,False
BrainTravel,braintravel,esolang,,1,1,False,False,False
Braintrust,braintrust,esolang,,1,1,False,False,False
Braintuck,braintuck,esolang,,1,1,False,False,False
Braintwist,braintwist,esolang,,1,1,False,False,False
Braintwo,braintwo,esolang,,1,1,False,False,False
Brainwang,brainwang,esolang,,1,1,False,False,False
Brainwhirl,brainwhirl,esolang,,1,1,False,False,False
Brainword,brainword,esolang,,1,1,False,False,False
BrainWrite,brainwrite,esolang,,1,1,False,False,False
BrainXXXXXXXXXXx,brainxxxxxxxxxxx,esolang,,1,1,False,False,False
Brainyay,brainyay,esolang,,1,1,False,False,False
BrainZ,brainz,esolang,,1,1,False,False,False
Braisnack,braisnack,esolang,,1,1,False,False,False
Braktif,braktif,esolang,,1,1,False,False,False
Branch,branch,esolang,,1,1,False,False,False
Branch (Johnki),branch-johnki,esolang,,1,1,False,False,False
Branchback,branchback,esolang,,1,1,False,False,False
Branjunk,branjunk,esolang,,1,1,False,False,False
BRASCA,brasca,esolang,,1,1,False,False,False
BraXYZZYuck,braxyzzyuck,esolang,,1,1,False,False,False
BRB,brb,esolang,,1,1,False,False,False
breccia,breccia,pldb,,1,1,False,False,False
brep,brep,pldb,,1,1,False,False,False
Brian & Chuck,brian-chuck,esolang,,1,1,False,False,False
Brianfuck,brianfuck,esolang,,1,1,False,False,False
bridgetalk,bridgetalk,pldb,,1,1,False,False,False
Briefscript,briefscript,esolang,,1,1,False,False,False
BrighterScript,brighterscript,linguist,.bs,1,1,False,False,False
brightscript-lang,brightscript-lang,pldb,,1,1,False,False,False
Bring to another,bring-to-another,esolang,,1,1,False,False,False
brisk,brisk,pldb,,1,1,False,False,False
Brit,brit,esolang,,1,1,False,False,False
brl,brl,pldb,,1,1,False,False,False
broccoli-1,broccoli-1,pldb,,1,1,False,False,False
broccoli-2,broccoli-2,pldb,,1,1,False,False,False
Broccosprout,broccosprout,esolang,,1,1,False,False,False
Broken Calculator,broken-calculator,esolang,,1,1,False,False,False
Broken Gdy Brainfuck,broken-gdy-brainfuck,esolang,,1,1,False,False,False
Broken stack element,broken-stack-element,esolang,,1,1,False,False,False
Broken Tape,broken-tape,esolang,,1,1,False,False,False
brooks-programming-language,brooks-programming-language,pldb,,1,1,False,False,False
Brotlipython,brotlipython,esolang,,1,1,False,False,False
brouhaha,brouhaha,pldb,,1,1,False,False,False
brown-university-interactive-language,brown-university-interactive-language,pldb,,1,1,False,False,False
Browserslist,browserslist,linguist,,1,1,False,False,False
Bru,bru,linguist,.bru,1,1,False,False,False
Brugtiohell,brugtiohell,esolang,,1,1,False,False,False
BRUH,bruh,esolang,,1,1,False,False,False
Bruh():bruh(),bruh-bruh,esolang,,1,1,False,False,False
Bruhfunk,bruhfunk,esolang,,1,1,False,False,False
Bruijndejx,bruijndejx,esolang,,1,1,False,False,False
Brutefock,brutefock,esolang,,1,1,False,False,False
BS,bs,esolang,,1,1,False,False,False
Bs (programming language),bs-programming-language,wikipedia,,1,1,False,False,False
bscript,bscript,pldb,,1,1,False,False,False
bscript-interpreter,bscript-interpreter,pldb,,1,1,False,False,False
BSM,bsm,esolang,,1,1,False,False,False
bsml,bsml,pldb,,1,1,False,False,False
BSoD,bsod,esolang,,1,1,False,False,False
bsp,bsp,pldb,,1,1,False,False,False
BSQBL,bsqbl,esolang,,1,1,False,False,False
BSS,bss,esolang,,1,1,False,False,False
Btjzxgquartfrqifjlv,btjzxgquartfrqifjlv,esolang,,1,1,False,False,False
BTree,btree,esolang,,1,1,False,False,False
Bub,bub,esolang,,1,1,False,False,False
Bubble,bubble,esolang,,1,1,False,False,False
Bubblegum,bubblegum,esolang,,1,1,False,False,False
BubbleLang,bubblelang,esolang,,1,1,False,False,False
Bubbles,bubbles,esolang,,1,1,False,False,False
bucardo,bucardo,pldb,,1,1,False,False,False
Bucket,bucket,esolang,,1,1,False,False,False
buddyscript,buddyscript,pldb,,1,1,False,False,False
Budge-PL,budge-pl,esolang,,1,1,False,False,False
Bueue,bueue,esolang,,1,1,False,False,False
Buffalo!,buffalo,esolang,,1,1,False,False,False
Bug Computer,bug-computer,esolang,,1,1,False,False,False
Bugmaker,bugmaker,esolang,,1,1,False,False,False
BugSophia,bugsophia,esolang,,1,1,False,False,False
bugsys,bugsys,pldb,,1,1,False,False,False
"""buildVariant""",buildvariant,pldb,,1,1,False,False,False
Built-out,built-out,esolang,,1,1,False,False,False
Bukkake,bukkake,esolang,,1,1,False,False,False
Bulgu,bulgu,esolang,,1,1,False,False,False
BullScript,bullscript,esolang,,1,1,False,False,False
Bullshit,bullshit,esolang,,1,1,False,False,False
bun,bun,pldb,,1,1,False,False,False
Bundle,bundle,esolang,,1,1,False,False,False
Bundle Bungle,bundle-bungle,esolang,,1,1,False,False,False
Bunk bed,bunk-bed,esolang,,1,1,False,False,False
BunnyBell,bunnybell,esolang,,1,1,False,False,False
Bur,bur,esolang,,1,1,False,False,False
BurainfisHow to learn this langQ9+ with functions,burainfishow-to-learn-this-langq9+-with-functions,esolang,,1,1,False,False,False
Burger Place,burger-place,esolang,,1,1,False,False,False
Burgercamp,burgercamp,esolang,,1,1,False,False,False
Burgercamp+,burgercamp+,esolang,,1,1,False,False,False
Burgercamp+/burgercamp+-,burgercamp+-burgercamp+,esolang,,1,1,False,False,False
BurgerFlipper,burgerflipper,esolang,,1,1,False,False,False
Burgeria,burgeria,esolang,,1,1,False,False,False
Burn,burn,esolang,,1,1,False,False,False
Burnlike,burnlike,esolang,,1,1,False,False,False
Bus 581,bus-581,esolang,,1,1,False,False,False
bush,bush,pldb,,1,1,False,False,False
business-application-language,business-application-language,pldb,,1,1,False,False,False
business-basic,business-basic,pldb,,1,1,False,False,False
business-object-notation,business-object-notation,pldb,,1,1,False,False,False
business-process-modeling-language,business-process-modeling-language,pldb,,1,1,False,False,False
business-rule-language,business-rule-language,pldb,,1,1,False,False,False
Bussin X,bussin-x,esolang,,1,1,False,False,False
BUT,but,esolang,,1,1,False,False,False
But Is It Art?,but-is-it-art,esolang,,1,1,False,False,False
█ but with only plausible commands,but-with-only-plausible-commands,esolang,,1,1,False,False,False
Butng,butng,esolang,,1,1,False,False,False
Butterbrain,butterbrain,esolang,,1,1,False,False,False
butterfly-common-lisp,butterfly-common-lisp,pldb,,1,1,False,False,False
Buttons,buttons,esolang,,1,1,False,False,False
ButWhy,butwhy,esolang,,1,1,False,False,False
BuxRo,buxro,esolang,,1,1,False,False,False
BuzzFish,buzzfish,esolang,,1,1,False,False,False
BuzzFizz,buzzfizz,esolang,,1,1,False,False,False
\BV,bv,esolang,,1,1,False,False,False
BWTFN,bwtfn,esolang,,1,1,False,False,False
bx,bx,pldb,,1,1,False,False,False
By+,by+,esolang,,1,1,False,False,False
Byllow,byllow,esolang,,1,1,False,False,False
Bynary,bynary,esolang,,1,1,False,False,False
ByT,byt,esolang,,1,1,False,False,False
Byte,byte,esolang,,1,1,False,False,False
Byte Syze,byte-syze,esolang,,1,1,False,False,False
Byte-based Instruction Jumping,byte-based-instruction-jumping,esolang,,1,1,False,False,False
ByteByteFork,bytebytefork,esolang,,1,1,False,False,False
ByteByteIfJump,bytebyteifjump,esolang,,1,1,False,False,False
ByteByteJump,bytebytejump,esolang,,1,1,False,False,False
bytecode-modeling-language,bytecode-modeling-language,pldb,,1,1,False,False,False
bytelisp,bytelisp,pldb,,1,1,False,False,False
Bytemap,bytemap,esolang,,1,1,False,False,False
BytePusher,bytepusher,esolang,,1,1,False,False,False
BytePusher II,bytepusher-ii,esolang,,1,1,False,False,False
Byter,byter,esolang,,1,1,False,False,False
BytFuck,bytfuck,esolang,,1,1,False,False,False
bywater-basic,bywater-basic,pldb,,1,1,False,False,False
BzFs,bzfs,esolang,,1,1,False,False,False
C♭/Cb,c-cb,esolang,,1,1,False,False,False
C+++,c-plus-plus-+,esolang,,1,1,False,False,False
C++++,c-plus-plus-plus-plus,esolang,,1,1,False,False,False
C = theNextIntegerThatComesAfterAnotherIntegerWithTheValueOf(C),c-thenextintegerthatcomesafteranotherintegerwiththevalueof-c,esolang,,1,1,False,False,False
C+,c+,esolang,,1,1,False,False,False
C-4,c-4,esolang,,1,1,False,False,False
c-al,c-al,pldb,,1,1,False,False,False
c-cubed,c-cubed,pldb,,1,1,False,False,False
c-for-all,c-for-all,pldb,,1,1,False,False,False
c-headers,c-headers,pldb,,1,1,False,False,False
C-Hex,c-hex,esolang,,1,1,False,False,False
C-LONG,c-long,esolang,,1,1,False,False,False
c-shell,c-shell,pldb,,1,1,False,False,False
C-Shop,c-shop,esolang,,1,1,False,False,False
c-smile,c-smile,pldb,,1,1,False,False,False
c-talk,c-talk,pldb,,1,1,False,False,False
C2BF (2025),c2bf-2025,esolang,,1,1,False,False,False
C2hs Haskell,c2hs-haskell,linguist,.chs,1,2,True,False,False
CA-1,ca-1,esolang,,1,1,False,False,False
ca-realizer,ca-realizer,pldb,,1,1,False,False,False
ca-telon,ca-telon,pldb,,1,1,False,False,False
ca65-assembly,ca65-assembly,pldb,,1,1,False,False,False
cabal,cabal,pldb,,1,1,False,False,False
Cabal Config,cabal-config,linguist,.cabal,1,2,True,False,False
Caballo,caballo,esolang,,1,1,False,False,False
Cable,cable,esolang,,1,1,False,False,False
Cabra,cabra,esolang,,1,1,False,False,False
Caca,caca,esolang,,1,1,False,False,False
cache-basic,cache-basic,pldb,,1,1,False,False,False
cactus,cactus,pldb,,1,1,False,False,False
Cactusi,cactusi,esolang,,1,1,False,False,False
Caddyfile,caddyfile,linguist,.caddyfile,1,2,False,False,False
cadence-skill,cadence-skill,pldb,,1,1,False,False,False
cado-systems-technical-information,cado-systems-technical-information,pldb,,1,1,False,False,False
Caeos,caeos,esolang,,1,1,False,False,False
CAESAR,caesar,esolang,,1,1,False,False,False
caffeine,caffeine,pldb,,1,1,False,False,False
cages,cages,pldb,,1,1,False,False,False
Cain,cain,esolang,,1,1,False,False,False
Cairo Zero,cairo-zero,linguist,.cairo,1,1,False,False,False
caisys,caisys,pldb,,1,1,False,False,False
cajole,cajole,pldb,,1,1,False,False,False
Caker,caker,esolang,,1,1,False,False,False
calc-var,calc-var,pldb,,1,1,False,False,False
calc4,calc4,pldb,,1,1,False,False,False
Calcore,calcore,esolang,,1,1,False,False,False
Calcpad,calcpad,wikipedia,,1,1,False,False,False
Calcu-less 2,calcu-less-2,esolang,,1,1,False,False,False
Calculation,calculation,esolang,,1,1,False,False,False
Calculator,calculator,esolang,,1,1,False,False,False
Calculator fuck,calculator-fuck,esolang,,1,1,False,False,False
Calculator.app,calculator.app,esolang,,1,1,False,False,False
Calculon,calculon,esolang,,1,1,False,False,False
Calcutape,calcutape,esolang,,1,1,False,False,False
cali-lang,cali-lang,pldb,,1,1,False,False,False
Call,call,esolang,,1,1,False,False,False
Call Queue,call-queue,esolang,,1,1,False,False,False
Call Queue/if Call Queue,call-queue-if-call-queue,esolang,,1,1,False,False,False
Callable,callable,esolang,,1,1,False,False,False
Calligulan Assembly,calligulan-assembly,esolang,,1,1,False,False,False
caltech-intermediate-form,caltech-intermediate-form,pldb,,1,1,False,False,False
calypso,calypso,pldb,,1,1,False,False,False
cam,cam,pldb,,1,1,False,False,False
camac,camac,pldb,,1,1,False,False,False
Cameleon (programming language),cameleon-programming-language,wikipedia,,1,1,False,False,False
camil,camil,pldb,,1,1,False,False,False
Cammy,cammy,esolang,,1,1,False,False,False
Cammy/Bikeshed,cammy-bikeshed,esolang,,1,1,False,False,False
Cammy/Hives,cammy-hives,esolang,,1,1,False,False,False
Camouflage,camouflage,esolang,,1,1,False,False,False
Campbell,campbell,esolang,,1,1,False,False,False
Campfire,campfire,esolang,,1,1,False,False,False
Can,can,esolang,,1,1,False,False,False
CancelScript,cancelscript,esolang,,1,1,False,False,False
candor,candor,pldb,,1,1,False,False,False
candy,candy,pldb,,1,1,False,False,False
candy-codes,candy-codes,pldb,,1,1,False,False,False
cane,cane,pldb,,1,1,False,False,False
Cane Code,cane-code,esolang,,1,1,False,False,False
Canon,canon,esolang,,1,1,False,False,False
canon-capsl,canon-capsl,pldb,,1,1,False,False,False
Canonical ingredients-oriented language,canonical-ingredients-oriented-language,esolang,,1,1,False,False,False
Cantonese,cantonese,esolang,,1,1,False,False,False
CAP CDS,cap-cds,linguist,.cds,1,2,False,False,False
CAP-X,cap-x,esolang,,1,1,False,False,False
CAPI,capi,esolang,,1,1,False,False,False
Capitalsim,capitalsim,esolang,,1,1,False,False,False
capn-proto,capn-proto,pldb,,1,1,False,False,False
Cappuccino,cappuccino,esolang,,1,1,False,False,False
Caps,caps,esolang,,1,1,False,False,False
CAPscript,capscript,esolang,,1,1,False,False,False
capsl,capsl,pldb,,1,1,False,False,False
Captive,captive,esolang,,1,1,False,False,False
Capuirequiem,capuirequiem,esolang,,1,1,False,False,False
Car,car,esolang,,1,1,False,False,False
CAR sharp,car-sharp,esolang,,1,1,False,False,False
Carbon (programming language),carbon-programming-language,wikipedia,,1,1,False,False,False
Cardinal,cardinal,esolang,,1,1,False,False,False
CardScript,cardscript,esolang,,1,1,False,False,False
Carevindecant,carevindecant,esolang,,1,1,False,False,False
CARfish,carfish,esolang,,1,1,False,False,False
carpet,carpet,pldb,,1,1,False,False,False
Carriage,carriage,esolang,,1,1,False,False,False
Casini,casini,esolang,,1,1,False,False,False
Casino,casino,esolang,,1,1,False,False,False
casio-basic,casio-basic,pldb,,1,1,False,False,False
CASISP,casisp,esolang,,1,1,False,False,False
CASM,casm,esolang,,1,1,False,False,False
cassandre,cassandre,pldb,,1,1,False,False,False
Cast,cast,esolang,,1,1,False,False,False
CASTLE,castle,esolang,,1,1,False,False,False
Cat do end,cat-do-end,esolang,,1,1,False,False,False
Cat (Language),cat-language,esolang,,1,1,False,False,False
Cat Program (language),cat-program-language,esolang,,1,1,False,False,False
catalysis,catalysis,pldb,,1,1,False,False,False
CATASTROPHICA,catastrophica,esolang,,1,1,False,False,False
Catch,catch,esolang,,1,1,False,False,False
CatCode,catcode,esolang,,1,1,False,False,False
Categorial,categorial,esolang,,1,1,False,False,False
categorical-query-language,categorical-query-language,pldb,,1,1,False,False,False
Category,category,esolang,,1,1,False,False,False
CatFuck,catfuck,esolang,,1,1,False,False,False
Cathain,cathain,esolang,,1,1,False,False,False
CATHY,cathy,esolang,,1,1,False,False,False
Catshark,catshark,esolang,,1,1,False,False,False
Cav𝚅,cavv,esolang,,1,1,False,False,False
CBIASIPOSLESWRAOTTHNRTBTSS.SATLCD,cbiasiposleswraotthnrtbtss.satlcd,esolang,,1,1,False,False,False
cbor,cbor,pldb,,1,1,False,False,False
Cbrain,cbrain,esolang,,1,1,False,False,False
CC,cc,esolang,,1,1,False,False,False
ccal,ccal,pldb,,1,1,False,False,False
ccd,ccd,pldb,,1,1,False,False,False
ccel,ccel,pldb,,1,1,False,False,False
CCLOLCODE,cclolcode,esolang,,1,1,False,False,False
CContains,ccontains,esolang,,1,1,False,False,False
ccr,ccr,pldb,,1,1,False,False,False
Cd,cd,esolang,,1,1,False,False,False
cda,cda,pldb,,1,1,False,False,False
CDE2+,cde2+,esolang,,1,1,False,False,False
cdf,cdf,pldb,,1,1,False,False,False
CDILOI,cdiloi,esolang,,1,1,False,False,False
cdl,cdl,pldb,,1,1,False,False,False
cdlpp,cdlpp,pldb,,1,1,False,False,False
Cedar (programming language),cedar-programming-language,wikipedia,,1,1,False,False,False
cedar-fortran,cedar-fortran,pldb,,1,1,False,False,False
ceemac,ceemac,pldb,,1,1,False,False,False
celip,celip,pldb,,1,1,False,False,False
CellArg,cellarg,esolang,,1,1,False,False,False
Cellbrain,cellbrain,esolang,,1,1,False,False,False
CellCode,cellcode,esolang,,1,1,False,False,False
Cells,cells,esolang,,1,1,False,False,False
cellsim,cellsim,pldb,,1,1,False,False,False
Celltail,celltail,esolang,,1,1,False,False,False
Cellular,cellular,esolang,,1,1,False,False,False
CelseeLang,celseelang,esolang,,1,1,False,False,False
celsius-webscript,celsius-webscript,pldb,,1,1,False,False,False
Celum,celum,esolang,,1,1,False,False,False
ceprol,ceprol,pldb,,1,1,False,False,False
Cerberus,cerberus,esolang,,1,1,False,False,False
CES,ces,esolang,,1,1,False,False,False
Céu (programming language),ceu-programming-language,wikipedia,,1,1,False,False,False
Cfilorux,cfilorux,esolang,,1,1,False,False,False
Cfluviurrh,cfluviurrh,esolang,,1,1,False,False,False
CFRS,cfrs,esolang,,1,1,False,False,False
CFUCK,cfuck,esolang,,1,1,False,False,False
cgif,cgif,pldb,,1,1,False,False,False
CGOLOE,cgoloe,esolang,,1,1,False,False,False
(ch34t) c0d3,ch34t-c0d3,esolang,,1,1,False,False,False
chain-format,chain-format,pldb,,1,1,False,False,False
chain-programming-language,chain-programming-language,pldb,,1,1,False,False,False
Chaincode,chaincode,esolang,,1,1,False,False,False
chained-arrow-notation,chained-arrow-notation,pldb,,1,1,False,False,False
C̬̤̬͔̮̺̋̄̄̂̓̀ͧ̐h̺͋ͧ̓̏̄͂̉̓ͦa͔̬ͫ̎ͭ̃̃͊̊ì̜͔̼͓̰̱͍͈̰̊̉͒ň̤̃ͩ̒͜͜͞f̪̲̖̏ͨ̈͋̃̚a̴̪̮ͧ̓ͣ̈́̇̐ͯ̍̚ļ̴̜̘̥̱ͪͣ̅́ͭͣ́ļ̡̱̓ͩ̄̒̾̎̊͊́,chainfall,esolang,,1,1,False,False,False
Chaingate,chaingate,esolang,,1,1,False,False,False
ChaitinFuck,chaitinfuck,esolang,,1,1,False,False,False
Chalcraft-Greene train track automaton,chalcraft-greene-train-track-automaton,esolang,,1,1,False,False,False
Challenger,challenger,esolang,,1,1,False,False,False
champ,champ,pldb,,1,1,False,False,False
Chance,chance,esolang,,1,1,False,False,False
Change,change,esolang,,1,1,False,False,False
ChangeFuck,changefuck,esolang,,1,1,False,False,False
Channeler,channeler,esolang,,1,1,False,False,False
Channels-N,channels-n,esolang,,1,1,False,False,False
chaos-lang,chaos-lang,pldb,,1,1,False,False,False
chappe-code,chappe-code,pldb,,1,1,False,False,False
Char,char,esolang,,1,1,False,False,False
CharCode,charcode,esolang,,1,1,False,False,False
CharLang,charlang,esolang,,1,1,False,False,False
Charm (programming language),charm-programming-language,wikipedia,,1,1,False,False,False
charmpp,charmpp,pldb,,1,1,False,False,False
Charred,charred,esolang,,1,1,False,False,False
charrette-ada,charrette-ada,pldb,,1,1,False,False,False
chartio-app,chartio-app,pldb,,1,1,False,False,False
charybdis,charybdis,pldb,,1,1,False,False,False
Chatlog,chatlog,esolang,,1,1,False,False,False
chatterbot,chatterbot,pldb,,1,1,False,False,False
CHAZZ,chazz,esolang,,1,1,False,False,False
Cheß,che,esolang,,1,1,False,False,False
Cheat,cheat,esolang,,1,1,False,False,False
Cheat (Gilbert189),cheat-gilbert189,esolang,,1,1,False,False,False
Check,check,esolang,,1,1,False,False,False
checked-c,checked-c,pldb,,1,1,False,False,False
Checker,checker,esolang,,1,1,False,False,False
Checkout/Quick reference,checkout-quick-reference,esolang,,1,1,False,False,False
Checksums,checksums,linguist,.crc32 .md2 .md4 .md5 .sha1 .sha2 .sha224 .sha256 .sha256sum .sha3 .sha384 .sha512,1,6,False,False,False
Cheems,cheems,esolang,,1,1,False,False,False
Cheers,cheers,esolang,,1,1,False,False,False
Cheese,cheese,esolang,,1,1,False,False,False
Cheese++,cheese-plus-plus,esolang,,1,1,False,False,False
Cheese+++,cheese-plus-plus-+,esolang,,1,1,False,False,False
Cheese+,cheese+,esolang,,1,1,False,False,False
Cheesecake,cheesecake,esolang,,1,1,False,False,False
Chefs Kiss,chefs-kiss,esolang,,1,1,False,False,False
Chem,chem,esolang,,1,1,False,False,False
chemtrains,chemtrains,pldb,,1,1,False,False,False
cheri,cheri,pldb,,1,1,False,False,False
Chespirito,chespirito,esolang,,1,1,False,False,False
Chess,chess,esolang,,1,1,False,False,False
Chess Code,chess-code,esolang,,1,1,False,False,False
Chessoteric,chessoteric,esolang,,1,1,False,False,False
Chevron,chevron,esolang,,1,1,False,False,False
chibicc,chibicc,pldb,,1,1,False,False,False
Chicken chicken chicken: chicken chicken,chicken-chicken-chicken-chicken-chicken,esolang,,1,1,False,False,False
CHICKEN JOCKEY,chicken-jockey,esolang,,1,1,False,False,False
Chicken you too beautiful,chicken-you-too-beautiful,esolang,,1,1,False,False,False
chicken-lang,chicken-lang,pldb,,1,1,False,False,False
Chickenfoot,chickenfoot,esolang,,1,1,False,False,False
chicon,chicon,pldb,,1,1,False,False,False
chika,chika,pldb,,1,1,False,False,False
Child,child,esolang,,1,1,False,False,False
Child Script,child-script,esolang,,1,1,False,False,False
ChinaScript,chinascript,esolang,,1,1,False,False,False
Chinese,chinese,esolang,,1,1,False,False,False
chinese-basic,chinese-basic,pldb,,1,1,False,False,False
chip-programming-language,chip-programming-language,pldb,,1,1,False,False,False
Chipish,chipish,esolang,,1,1,False,False,False
CHIQRSX9+,chiqrsx9+,esolang,,1,1,False,False,False
chirp,chirp,pldb,,1,1,False,False,False
chocolatey-pm,chocolatey-pm,pldb,,1,1,False,False,False
Cholc,cholc,esolang,,1,1,False,False,False
Chomp,chomp,esolang,,1,1,False,False,False
chomski,chomski,pldb,,1,1,False,False,False
Choon,choon,esolang,,1,1,False,False,False
Chops,chops,esolang,,1,1,False,False,False
Chordfuck,chordfuck,esolang,,1,1,False,False,False
ChromaCode,chromacode,esolang,,1,1,False,False,False
chrome-programming-language,chrome-programming-language,pldb,,1,1,False,False,False
Chromos,chromos,esolang,,1,1,False,False,False
Chronofuck,chronofuck,esolang,,1,1,False,False,False
chronolog,chronolog,pldb,,1,1,False,False,False
chronologmc,chronologmc,pldb,,1,1,False,False,False
chronologz,chronologz,pldb,,1,1,False,False,False
Chronos,chronos,esolang,,1,1,False,False,False
ChuckScript,chuckscript,esolang,,1,1,False,False,False
Churro,churro,esolang,,1,1,False,False,False
ciao-programming-language,ciao-programming-language,pldb,,1,1,False,False,False
cif,cif,pldb,,1,1,False,False,False
cigale,cigale,pldb,,1,1,False,False,False
cimfast,cimfast,pldb,,1,1,False,False,False
cims-pl-i,cims-pl-i,pldb,,1,1,False,False,False
CIOL,ciol,esolang,,1,1,False,False,False
Cíonom,cionom,esolang,,1,1,False,False,False
Cipher,cipher,esolang,,1,1,False,False,False
cir,cir,pldb,,1,1,False,False,False
Cirbe,cirbe,esolang,,1,1,False,False,False
circa,circa,pldb,,1,1,False,False,False
circal,circal,pldb,,1,1,False,False,False
Circle of Life,circle-of-life,esolang,,1,1,False,False,False
circle-lang,circle-lang,pldb,,1,1,False,False,False
Circlefuck,circlefuck,esolang,,1,1,False,False,False
Circles,circles,esolang,,1,1,False,False,False
Circuit Diagram,circuit-diagram,esolang,,1,1,False,False,False
Circuitrite,circuitrite,esolang,,1,1,False,False,False
Circuits V1,circuits-v1,esolang,,1,1,False,False,False
Circute,circute,esolang,,1,1,False,False,False
Cirt e mys,cirt-e-mys,esolang,,1,1,False,False,False
cish,cish,pldb,,1,1,False,False,False
cito,cito,pldb,,1,1,False,False,False
cityhash-hash-function,cityhash-hash-function,pldb,,1,1,False,False,False
CJam-Flavored Underload,cjam-flavored-underload,esolang,,1,1,False,False,False
CJKGolfer,cjkgolfer,esolang,,1,1,False,False,False
CJProg,cjprog,esolang,,1,1,False,False,False
ck,ck,pldb,,1,1,False,False,False
CKR-Lang,ckr-lang,esolang,,1,1,False,False,False
cl-i,cl-i,pldb,,1,1,False,False,False
CLAG,clag,esolang,,1,1,False,False,False
clamp,clamp,pldb,,1,1,False,False,False
Clandestine Endorsement,clandestine-endorsement,esolang,,1,1,False,False,False
clang,clang,pldb,,1,1,False,False,False
clanger,clanger,pldb,,1,1,False,False,False
Clart,clart,esolang,,1,1,False,False,False
class,class,pldb,,1,1,False,False,False
classic,classic,pldb,,1,1,False,False,False
classic-ada,classic-ada,pldb,,1,1,False,False,False
Classical CT,classical-ct,esolang,,1,1,False,False,False
Classtennis,classtennis,esolang,,1,1,False,False,False
clausal-lang,clausal-lang,pldb,,1,1,False,False,False
CLC-INTERCAL,clc-intercal,esolang,,1,1,False,False,False
CLCLC-INTERCAL,clclc-intercal,esolang,,1,1,False,False,False
CLE,cle,esolang,,1,1,False,False,False
cleanlang,cleanlang,pldb,,1,1,False,False,False
clear,clear,pldb,,1,1,False,False,False
ClearBF,clearbf,esolang,,1,1,False,False,False
CLEB,cleb,esolang,,1,1,False,False,False
Clementine,clementine,esolang,,1,1,False,False,False
cleogo,cleogo,pldb,,1,1,False,False,False
cleopatra,cleopatra,pldb,,1,1,False,False,False
诗(cleverxia),cleverxia,esolang,,1,1,False,False,False
CLFCE,clfce,esolang,,1,1,False,False,False
cli-assembly,cli-assembly,pldb,,1,1,False,False,False
Clickclang,clickclang,esolang,,1,1,False,False,False
clickpath,clickpath,pldb,,1,1,False,False,False
clike,clike,pldb,,1,1,False,False,False
clion-editor,clion-editor,pldb,,1,1,False,False,False
Clip,clip,esolang,,1,1,False,False,False
Clipper (programming language),clipper-programming-language,wikipedia,,1,1,False,False,False
clix,clix,pldb,,1,1,False,False,False
Clml,clml,esolang,,1,1,False,False,False
cloc,cloc,pldb,,1,1,False,False,False
Clock,clock,esolang,,1,1,False,False,False
Clockwise,clockwise,esolang,,1,1,False,False,False
cloe,cloe,pldb,,1,1,False,False,False
clojars-pm,clojars-pm,pldb,,1,1,False,False,False
CLooP,cloop,esolang,,1,1,False,False,False
Closuretalk,closuretalk,esolang,,1,1,False,False,False
clover,clover,pldb,,1,1,False,False,False
clox,clox,pldb,,1,1,False,False,False
clp-star,clp-star,pldb,,1,1,False,False,False
clpr,clpr,pldb,,1,1,False,False,False
Clue (Keymaker),clue-keymaker,esolang,,1,1,False,False,False
Clue (oklopol),clue-oklopol,esolang,,1,1,False,False,False
Clunk,clunk,esolang,,1,1,False,False,False
Clusterfuck,clusterfuck,esolang,,1,1,False,False,False
CLUVM,cluvm,esolang,,1,1,False,False,False
clx,clx,pldb,,1,1,False,False,False
㎠,cm2,esolang,,1,1,False,False,False
cmix,cmix,pldb,,1,1,False,False,False
cmn,cmn,pldb,,1,1,False,False,False
Cmpilr,cmpilr,esolang,,1,1,False,False,False
cms-exec,cms-exec,pldb,,1,1,False,False,False
cms-pipelines,cms-pipelines,pldb,,1,1,False,False,False
cmu-common-lisp,cmu-common-lisp,pldb,,1,1,False,False,False
CN,cn,esolang,,1,1,False,False,False
co2,co2,pldb,,1,1,False,False,False
Cobatwrile,cobatwrile,esolang,,1,1,False,False,False
cobloc,cobloc,pldb,,1,1,False,False,False
cobol-net,cobol-net,pldb,,1,1,False,False,False
COBOLD,cobold,esolang,,1,1,False,False,False
COCAINE,cocaine,esolang,,1,1,False,False,False
coco-r,coco-r,pldb,,1,1,False,False,False
cocoapods-pm,cocoapods-pm,pldb,,1,1,False,False,False
Cocomelon,cocomelon,esolang,,1,1,False,False,False
Cocytus,cocytus,esolang,,1,1,False,False,False
COD,cod,esolang,,1,1,False,False,False
coda-editor,coda-editor,pldb,,1,1,False,False,False
Codack,codack,esolang,,1,1,False,False,False
Codan,codan,esolang,,1,1,False,False,False
Codd,codd,esolang,,1,1,False,False,False
Code is eso,code-is-eso,esolang,,1,1,False,False,False
Code pointer,code-pointer,esolang,,1,1,False,False,False
"Code your own instructions, lazyass",code-your-own-instructions-lazyass,esolang,,1,1,False,False,False
code-blocks-editor,code-blocks-editor,pldb,,1,1,False,False,False
codecept,codecept,pldb,,1,1,False,False,False
codeflow,codeflow,pldb,,1,1,False,False,False
codegear-delphi,codegear-delphi,pldb,,1,1,False,False,False
Codeglass,codeglass,esolang,,1,1,False,False,False
Codelen,codelen,esolang,,1,1,False,False,False
codelite-editor,codelite-editor,pldb,,1,1,False,False,False
CodemaoC++,codemaoc-plus-plus,esolang,,1,1,False,False,False
codemirror,codemirror,pldb,,1,1,False,False,False
Codename: RGB,codename-rgb,esolang,,1,1,False,False,False
CODEOWNERS,codeowners,linguist,,1,1,False,False,False
Codesick,codesick,esolang,,1,1,False,False,False
Codesine,codesine,esolang,,1,1,False,False,False
Codossa,codossa,esolang,,1,1,False,False,False
Coercionfulity,coercionfulity,esolang,,1,1,False,False,False
Coeus,coeus,esolang,,1,1,False,False,False
coff,coff,pldb,,1,1,False,False,False
Coffee is the answer,coffee-is-the-answer,esolang,,1,1,False,False,False
coffee-cinema-4d,coffee-cinema-4d,pldb,,1,1,False,False,False
coffeekup,coffeekup,pldb,,1,1,False,False,False
coffeepp,coffeepp,pldb,,1,1,False,False,False
Cogc,cogc,esolang,,1,1,False,False,False
cogmap,cogmap,pldb,,1,1,False,False,False
coherence,coherence,pldb,,1,1,False,False,False
coherent-parallel-c,coherent-parallel-c,pldb,,1,1,False,False,False
coi-protocol,coi-protocol,pldb,,1,1,False,False,False
cokescript,cokescript,pldb,,1,1,False,False,False
col,col,pldb,,1,1,False,False,False
Colambda,colambda,esolang,,1,1,False,False,False
colascript,colascript,pldb,,1,1,False,False,False
colasl,colasl,pldb,,1,1,False,False,False
Cold Hard Chess,cold-hard-chess,esolang,,1,1,False,False,False
cold-k,cold-k,pldb,,1,1,False,False,False
coldfusion-components,coldfusion-components,pldb,,1,1,False,False,False
Collab,collab,esolang,,1,1,False,False,False
Collabi,collabi,esolang,,1,1,False,False,False
CollaborativePL,collaborativepl,esolang,,1,1,False,False,False
Collatz Multiverse,collatz-multiverse,esolang,,1,1,False,False,False
Collide,collide,esolang,,1,1,False,False,False
Colonoscopy,colonoscopy,esolang,,1,1,False,False,False
Color Scheme,color-scheme,esolang,,1,1,False,False,False
color-basic,color-basic,pldb,,1,1,False,False,False
Column,column,esolang,,1,1,False,False,False
Combientièm,combientiem,esolang,,1,1,False,False,False
Combined() Task() Force(),combined-task-force,esolang,,1,1,False,False,False
combined-log-format,combined-log-format,pldb,,1,1,False,False,False
Combining Diacritics,combining-diacritics,esolang,,1,1,False,False,False
comby,comby,pldb,,1,1,False,False,False
Come Here,come-here,esolang,,1,1,False,False,False
ComeFrom2,comefrom2,esolang,,1,1,False,False,False
comfy,comfy,pldb,,1,1,False,False,False
comm,comm,pldb,,1,1,False,False,False
commen,commen,pldb,,1,1,False,False,False
Commercial,commercial,esolang,,1,1,False,False,False
Commlang,commlang,esolang,,1,1,False,False,False
common-log-format,common-log-format,pldb,,1,1,False,False,False
common-logic,common-logic,pldb,,1,1,False,False,False
Common-S3C,common-s3c,esolang,,1,1,False,False,False
commonmark,commonmark,pldb,,1,1,False,False,False
Comp,comp,esolang,,1,1,False,False,False
compact-application-solution-language,compact-application-solution-language,pldb,,1,1,False,False,False
Compaline,compaline,esolang,,1,1,False,False,False
compiler-compiler,compiler-compiler,pldb,,1,1,False,False,False
compiler-description-language,compiler-description-language,pldb,,1,1,False,False,False
Complack,complack,esolang,,1,1,False,False,False
Complete,complete,esolang,,1,1,False,False,False
COMPLEX,complex,esolang,,1,1,False,False,False
complex-prolog,complex-prolog,pldb,,1,1,False,False,False
Complode,complode,esolang,,1,1,False,False,False
Compose,compose,esolang,,1,1,False,False,False
Composite,composite,esolang,,1,1,False,False,False
Compressed Malbolge,compressed-malbolge,esolang,,1,1,False,False,False
CompressedBF,compressedbf,esolang,,1,1,False,False,False
CompressedFuck,compressedfuck,esolang,,1,1,False,False,False
Compute,compute,esolang,,1,1,False,False,False
Compute/IO,compute-io,esolang,,1,1,False,False,False
Computer For Number,computer-for-number,esolang,,1,1,False,False,False
computer-compiler,computer-compiler,pldb,,1,1,False,False,False
Computerdeutsch,computerdeutsch,esolang,,1,1,False,False,False
computest,computest,pldb,,1,1,False,False,False
comskee,comskee,pldb,,1,1,False,False,False
comsl,comsl,pldb,,1,1,False,False,False
comsol-script,comsol-script,pldb,,1,1,False,False,False
Comun,comun,esolang,,1,1,False,False,False
Con-Text,con-text,esolang,,1,1,False,False,False
cona,cona,pldb,,1,1,False,False,False
conan-center-pm,conan-center-pm,pldb,,1,1,False,False,False
conan-pm,conan-pm,pldb,,1,1,False,False,False
conc,conc,pldb,,1,1,False,False,False
concept-script,concept-script,pldb,,1,1,False,False,False
conceptsSitemap,conceptssitemap,pldb,,1,1,False,False,False
conceptual,conceptual,pldb,,1,1,False,False,False
concert-c,concert-c,pldb,,1,1,False,False,False
concise-encoding,concise-encoding,pldb,,1,1,False,False,False
concordance,concordance,pldb,,1,1,False,False,False
Concordion,concordion,wikipedia,,1,1,False,False,False
concur,concur,pldb,,1,1,False,False,False
concurr,concurr,pldb,,1,1,False,False,False
concurrent-cpp,concurrent-cpp,pldb,,1,1,False,False,False
concurrent-metatem,concurrent-metatem,pldb,,1,1,False,False,False
concurrent-ml,concurrent-ml,pldb,,1,1,False,False,False
concurrent-pascal,concurrent-pascal,pldb,,1,1,False,False,False
concurrent-prolog,concurrent-prolog,pldb,,1,1,False,False,False
Condit,condit,esolang,,1,1,False,False,False
Conditional Bee,conditional-bee,esolang,,1,1,False,False,False
Conditional brainfuck,conditional-brainfuck,esolang,,1,1,False,False,False
Conditionalism,conditionalism,esolang,,1,1,False,False,False
Conedy,conedy,esolang,,1,1,False,False,False
Config+,config+,esolang,,1,1,False,False,False
confluence,confluence,pldb,,1,1,False,False,False
Confusia,confusia,esolang,,1,1,False,False,False
Confusing,confusing,esolang,,1,1,False,False,False
Confusion,confusion,esolang,,1,1,False,False,False
Conglument,conglument,esolang,,1,1,False,False,False
congolog,congolog,pldb,,1,1,False,False,False
conlan,conlan,pldb,,1,1,False,False,False
conman,conman,pldb,,1,1,False,False,False
connection-machine,connection-machine,pldb,,1,1,False,False,False
connection-machine-lisp,connection-machine-lisp,pldb,,1,1,False,False,False
Connery,connery,esolang,,1,1,False,False,False
Consequential,consequential,esolang,,1,1,False,False,False
consim,consim,pldb,,1,1,False,False,False
Constantinople,constantinople,esolang,,1,1,False,False,False
ConstantLanguage(),constantlanguage,esolang,,1,1,False,False,False
constraintlisp,constraintlisp,pldb,,1,1,False,False,False
constraints,constraints,pldb,,1,1,False,False,False
Constructible,constructible,esolang,,1,1,False,False,False
consul,consul,pldb,,1,1,False,False,False
CONTAIN,contain,esolang,,1,1,False,False,False
Container,container,esolang,,1,1,False,False,False
context-diff,context-diff,pldb,,1,1,False,False,False
Context.js,context.js,esolang,,1,1,False,False,False
ContinuousEquation,continuousequation,esolang,,1,1,False,False,False
contracts.coffee,contracts.coffee,pldb,,1,1,False,False,False
contrans,contrans,pldb,,1,1,False,False,False
Control Character,control-character,esolang,,1,1,False,False,False
Convalescent,convalescent,esolang,,1,1,False,False,False
Convergaptor,convergaptor,esolang,,1,1,False,False,False
convert,convert,pldb,,1,1,False,False,False
Convey,convey,esolang,,1,1,False,False,False
Conveyer,conveyer,esolang,,1,1,False,False,False
Conveyor,conveyor,esolang,,1,1,False,False,False
cooc,cooc,pldb,,1,1,False,False,False
Cood,cood,esolang,,1,1,False,False,False
Cookie,cookie,esolang,,1,1,False,False,False
Cookie Cutter,cookie-cutter,esolang,,1,1,False,False,False
Cooklang,cooklang,linguist,.cook,1,1,False,False,False
Cool And Rad,cool-and-rad,esolang,,1,1,False,False,False
Cool Cell,cool-cell,esolang,,1,1,False,False,False
Coolbeans,coolbeans,esolang,,1,1,False,False,False
Coolfudge,coolfudge,esolang,,1,1,False,False,False
Cooloops,cooloops,esolang,,1,1,False,False,False
coordinate-format,coordinate-format,pldb,,1,1,False,False,False
copas,copas,pldb,,1,1,False,False,False
cope,cope,pldb,,1,1,False,False,False
COPIED!,copied,esolang,,1,1,False,False,False
Copix,copix,esolang,,1,1,False,False,False
Copy of a...,copy-of-a...,esolang,,1,1,False,False,False
COPY WITH @,copy-with,esolang,,1,1,False,False,False
CopyPasta Language,copypasta-language,esolang,,1,1,False,False,False
cor,cor,pldb,,1,1,False,False,False
Coral (Python),coral-python,esolang,,1,1,False,False,False
Coral (zyBooks),coral-zybooks,esolang,,1,1,False,False,False
coral-64,coral-64,pldb,,1,1,False,False,False
coral-lang,coral-lang,pldb,,1,1,False,False,False
coralpp,coralpp,pldb,,1,1,False,False,False
corelscript,corelscript,pldb,,1,1,False,False,False
Cork,cork,esolang,,1,1,False,False,False
corman-common-lisp,corman-common-lisp,pldb,,1,1,False,False,False
cornell-university-programming-language,cornell-university-programming-language,pldb,,1,1,False,False,False
Cornflower (PCD),cornflower-pcd,esolang,,1,1,False,False,False
cortex,cortex,pldb,,1,1,False,False,False
Cortex language 3A,cortex-language-3a,esolang,,1,1,False,False,False
corvision,corvision,pldb,,1,1,False,False,False
cosh,cosh,pldb,,1,1,False,False,False
Cosmic,cosmic,esolang,,1,1,False,False,False
cosmicos,cosmicos,pldb,,1,1,False,False,False
cosmo,cosmo,pldb,,1,1,False,False,False
cosmos,cosmos,pldb,,1,1,False,False,False
COSOL,cosol,esolang,,1,1,False,False,False
cotton,cotton,pldb,,1,1,False,False,False
couchbase,couchbase,pldb,,1,1,False,False,False
couchbase-mobile,couchbase-mobile,pldb,,1,1,False,False,False
couchdb,couchdb,pldb,,1,1,False,False,False
coulombs-equation,coulombs-equation,pldb,,1,1,False,False,False
Count,count,esolang,,1,1,False,False,False
Count counters,count-counters,esolang,,1,1,False,False,False
Countable,countable,esolang,,1,1,False,False,False
Countdown,countdown,esolang,,1,1,False,False,False
Counter clockwise,counter-clockwise,esolang,,1,1,False,False,False
Counter Machine Net Notation,counter-machine-net-notation,esolang,,1,1,False,False,False
Counter minus,counter-minus,esolang,,1,1,False,False,False
Countercall,countercall,esolang,,1,1,False,False,False
Counterfish,counterfish,esolang,,1,1,False,False,False
Counterlang,counterlang,esolang,,1,1,False,False,False
Countertrue,countertrue,esolang,,1,1,False,False,False
Counting,counting,esolang,,1,1,False,False,False
Counting Calculus,counting-calculus,esolang,,1,1,False,False,False
Countup,countup,esolang,,1,1,False,False,False
COVID-19,covid-19,esolang,,1,1,False,False,False
Cowlang,cowlang,esolang,,1,1,False,False,False
cpan-pm,cpan-pm,pldb,,1,1,False,False,False
cperl,cperl,pldb,,1,1,False,False,False
cplex,cplex,pldb,,1,1,False,False,False
Cpy,cpy,esolang,,1,1,False,False,False
Cq+,cq+,esolang,,1,1,False,False,False
CQfuck,cqfuck,esolang,,1,1,False,False,False
cqlf,cqlf,pldb,,1,1,False,False,False
cqlpp,cqlpp,pldb,,1,1,False,False,False
CQuents,cquents,esolang,,1,1,False,False,False
Crab,crab,esolang,,1,1,False,False,False
Crabrave,crabrave,esolang,,1,1,False,False,False
CraftyFunge,craftyfunge,esolang,,1,1,False,False,False
Crainfuck,crainfuck,esolang,,1,1,False,False,False
CRalphabet,cralphabet,esolang,,1,1,False,False,False
cram-format,cram-format,pldb,,1,1,False,False,False
cran-pm,cran-pm,pldb,,1,1,False,False,False
cranelift-ir,cranelift-ir,pldb,,1,1,False,False,False
crap,crap,pldb,,1,1,False,False,False
CrashFunge,crashfunge,esolang,,1,1,False,False,False
CRATE,crate,esolang,,1,1,False,False,False
Cratefuck,cratefuck,esolang,,1,1,False,False,False
crates-pm,crates-pm,pldb,,1,1,False,False,False
Crazy,crazy,esolang,,1,1,False,False,False
Crazy J,crazy-j,esolang,,1,1,False,False,False
CreativeASM,creativeasm,esolang,,1,1,False,False,False
CreativeScript,creativescript,esolang,,1,1,False,False,False
CreativeScript v2,creativescript-v2,esolang,,1,1,False,False,False
Cree,cree,esolang,,1,1,False,False,False
crema,crema,pldb,,1,1,False,False,False
Crement,crement,esolang,,1,1,False,False,False
Crest,crest,esolang,,1,1,False,False,False
Crochetable Cyclic Tag,crochetable-cyclic-tag,esolang,,1,1,False,False,False
croma,croma,pldb,,1,1,False,False,False
crontab,crontab,linguist,,1,3,False,False,False
Crop,crop,esolang,,1,1,False,False,False
Crowbar,crowbar,esolang,,1,1,False,False,False
CRTL,crtl,esolang,,1,1,False,False,False
Crupe,crupe,esolang,,1,1,False,False,False
crush,crush,pldb,,1,1,False,False,False
Crypten,crypten,esolang,,1,1,False,False,False
Cryptoleq,cryptoleq,esolang,,1,1,False,False,False
cs-script,cs-script,pldb,,1,1,False,False,False
csa,csa,pldb,,1,1,False,False,False
Cscalls,cscalls,esolang,,1,1,False,False,False
csg,csg,pldb,,1,1,False,False,False
Csigapuszi,csigapuszi,esolang,,1,1,False,False,False
CSP Spec,csp-spec,esolang,,1,1,False,False,False
csp-oz,csp-oz,pldb,,1,1,False,False,False
csp-oz-dc,csp-oz-dc,pldb,,1,1,False,False,False
cspydr,cspydr,pldb,,1,1,False,False,False
css-doodle,css-doodle,pldb,,1,1,False,False,False
cssa,cssa,pldb,,1,1,False,False,False
cst,cst,pldb,,1,1,False,False,False
Csub,csub,esolang,,1,1,False,False,False
CSV,csv,linguist,.csv,1,1,True,False,False
csvpp,csvpp,pldb,,1,1,False,False,False
csvw,csvw,pldb,,1,1,False,False,False
ct,ct,pldb,,1,1,False,False,False
ctalk,ctalk,pldb,,1,1,False,False,False
ctalk-lang,ctalk-lang,pldb,,1,1,False,False,False
ctan-pm,ctan-pm,pldb,,1,1,False,False,False
CTBASIC,ctbasic,esolang,,1,1,False,False,False
CTELang,ctelang,esolang,,1,1,False,False,False
CTFuck,ctfuck,esolang,,1,1,False,False,False
Cthulhu,cthulhu,esolang,,1,1,False,False,False
Ctions,ctions,esolang,,1,1,False,False,False
Ctonia,ctonia,esolang,,1,1,False,False,False
ctr,ctr,pldb,,1,1,False,False,False
cubase,cubase,pldb,,1,1,False,False,False
CubeCode,cubecode,esolang,,1,1,False,False,False
Cubed,cubed,esolang,,1,1,False,False,False
Cubestate,cubestate,esolang,,1,1,False,False,False
Cubically,cubically,esolang,,1,1,False,False,False
Cuboid,cuboid,esolang,,1,1,False,False,False
Cue Sheet,cue-sheet,linguist,.cue,1,1,False,False,False
cuecat,cuecat,pldb,,1,1,False,False,False
Cufrab,cufrab,esolang,,1,1,False,False,False
culler-fried-system,culler-fried-system,pldb,,1,1,False,False,False
cullinet,cullinet,pldb,,1,1,False,False,False
Cuneiform (programming language),cuneiform-programming-language,wikipedia,,1,1,False,False,False
cupit-2,cupit-2,pldb,,1,1,False,False,False
cURL Config,curl-config,linguist,,1,2,True,False,False
Curlyfrick,curlyfrick,esolang,,1,1,False,False,False
ΜCurse,curse,esolang,,1,1,False,False,False
CurSorn2,cursorn2,esolang,,1,1,False,False,False
cuscus,cuscus,pldb,,1,1,False,False,False
cusip,cusip,pldb,,1,1,False,False,False
Cut,cut,esolang,,1,1,False,False,False
CUTLASS,cutlass,esolang,,1,1,False,False,False
Cutw,cutw,esolang,,1,1,False,False,False
CV(N)(C),cv-n-c,esolang,,1,1,False,False,False
cvl,cvl,pldb,,1,1,False,False,False
Cvlemar,cvlemar,esolang,,1,1,False,False,False
cvs,cvs,pldb,,1,1,False,False,False
cwerg,cwerg,pldb,,1,1,False,False,False
CXESO,cxeso,esolang,,1,1,False,False,False
cybil,cybil,pldb,,1,1,False,False,False
Cycle,cycle,esolang,,1,1,False,False,False
Cyclic ACIDIC,cyclic-acidic,esolang,,1,1,False,False,False
Cyclic Amplification System,cyclic-amplification-system,esolang,,1,1,False,False,False
Cyclic Clockwise Rotating Contraption,cyclic-clockwise-rotating-contraption,esolang,,1,1,False,False,False
Cylc,cylc,linguist,.cylc,1,1,False,False,False
cymbal,cymbal,pldb,,1,1,False,False,False
CYOA,cyoa,esolang,,1,1,False,False,False
cyphertext,cyphertext,pldb,,1,1,False,False,False
Cythan,cythan,esolang,,1,1,False,False,False
cytosol,cytosol,pldb,,1,1,False,False,False
CZTOLJDEFGKJSKI calculus,cztoljdefgkjski-calculus,esolang,,1,1,False,False,False
D'ni,d-ni,esolang,,1,1,False,False,False
D/Q,d-q,esolang,,1,1,False,False,False
d-data-language-specification,d-data-language-specification,pldb,,1,1,False,False,False
D.U.C.K.,d.u.c.k.,esolang,,1,1,False,False,False
D1ffe7e45e,d1ffe7e45e,esolang,,1,1,False,False,False
d3,d3,pldb,,1,1,False,False,False
d4-programming-language,d4-programming-language,pldb,,1,1,False,False,False
Da0,da0,esolang,,1,1,False,False,False
dad,dad,pldb,,1,1,False,False,False
DAEANAAACP,daeanaaacp,esolang,,1,1,False,False,False
Daffodil,daffodil,esolang,,1,1,False,False,False
Daft,daft,esolang,,1,1,False,False,False
dag,dag,pldb,,1,1,False,False,False
daisy-systems,daisy-systems,pldb,,1,1,False,False,False
dak,dak,pldb,,1,1,False,False,False
DALIS,dalis,esolang,,1,1,False,False,False
dalvik-bytecode,dalvik-bytecode,pldb,,1,1,False,False,False
daml-oil,daml-oil,pldb,,1,1,False,False,False
damn,damn,pldb,,1,1,False,False,False
DAMN COVID-19,damn-covid-19,esolang,,1,1,False,False,False
Dan,dan,esolang,,1,1,False,False,False
Dango,dango,esolang,,1,1,False,False,False
Danica,danica,esolang,,1,1,False,False,False
Danicb,danicb,esolang,,1,1,False,False,False
daonode,daonode,pldb,,1,1,False,False,False
Daoyu,daoyu,esolang,,1,1,False,False,False
dap-algol,dap-algol,pldb,,1,1,False,False,False
dap-fortran,dap-fortran,pldb,,1,1,False,False,False
darcs,darcs,pldb,,1,1,False,False,False
Darmok,darmok,esolang,,1,1,False,False,False
dart-pm,dart-pm,pldb,,1,1,False,False,False
dartcvl,dartcvl,pldb,,1,1,False,False,False
Dartmouth Oversimplified Programming Experiment,dartmouth-oversimplified-programming-experiment,wikipedia,,1,1,False,False,False
dartmouth-basic,dartmouth-basic,pldb,,1,1,False,False,False
Darwin (programming language),darwin-programming-language,wikipedia,,1,1,False,False,False
das,das,pldb,,1,1,False,False,False
dasel,dasel,pldb,,1,1,False,False,False
Dash-end,dash-end,esolang,,1,1,False,False,False
Dashes,dashes,esolang,,1,1,False,False,False
dashrep,dashrep,pldb,,1,1,False,False,False
Daslang,daslang,linguist,.das,1,1,False,False,False
dasm,dasm,pldb,,1,1,False,False,False
Dat,dat,esolang,,1,1,False,False,False
Dat is Dis,dat-is-dis,esolang,,1,1,False,False,False
dat-protocol,dat-protocol,pldb,,1,1,False,False,False
Data,data,esolang,,1,1,False,False,False
data-access-language,data-access-language,pldb,,1,1,False,False,False
data-general-business-basic,data-general-business-basic,pldb,,1,1,False,False,False
data-text,data-text,pldb,,1,1,False,False,False
databus,databus,pldb,,1,1,False,False,False
DataComs,datacoms,esolang,,1,1,False,False,False
datalisp,datalisp,pldb,,1,1,False,False,False
datan,datan,pldb,,1,1,False,False,False
datapackage,datapackage,pldb,,1,1,False,False,False
datapoint-dasl,datapoint-dasl,pldb,,1,1,False,False,False
datascript,datascript,pldb,,1,1,False,False,False
DateFuck,datefuck,esolang,,1,1,False,False,False
DateTri,datetri,esolang,,1,1,False,False,False
datev,datev,pldb,,1,1,False,False,False
Dathanna,dathanna,esolang,,1,1,False,False,False
datomic,datomic,pldb,,1,1,False,False,False
Datums,datums,esolang,,1,1,False,False,False
davinci-resolve,davinci-resolve,pldb,,1,1,False,False,False
DAWBridge,dawbridge,esolang,,1,1,False,False,False
Dawg,dawg,esolang,,1,1,False,False,False
Daydream,daydream,esolang,,1,1,False,False,False
DBFV!,dbfv,esolang,,1,1,False,False,False
dbml,dbml,pldb,,1,1,False,False,False
Dbondb,dbondb,esolang,,1,1,False,False,False
DBR,dbr,esolang,,1,1,False,False,False
dcalgol,dcalgol,pldb,,1,1,False,False,False
dcat,dcat,pldb,,1,1,False,False,False
DcScript,dcscript,esolang,,1,1,False,False,False
dcvs,dcvs,pldb,,1,1,False,False,False
Dd,dd,esolang,,1,1,False,False,False
Dd/dd,dd-dd,esolang,,1,1,False,False,False
dda,dda,pldb,,1,1,False,False,False
DDDD,dddd,esolang,,1,1,False,False,False
ddfcsv,ddfcsv,pldb,,1,1,False,False,False
ddfql,ddfql,pldb,,1,1,False,False,False
ddml,ddml,pldb,,1,1,False,False,False
ddp,ddp,pldb,,1,1,False,False,False
DDR,ddr,esolang,,1,1,False,False,False
DDuuaall,dduuaall,esolang,,1,1,False,False,False
de-bruijn-index-notation,de-bruijn-index-notation,pldb,,1,1,False,False,False
de-bruijn-notation,de-bruijn-notation,pldb,,1,1,False,False,False
deacon,deacon,pldb,,1,1,False,False,False
Dead,dead,esolang,,1,1,False,False,False
Dead fish,dead-fish,esolang,,1,1,False,False,False
Deadbird,deadbird,esolang,,1,1,False,False,False
Deadchicken,deadchicken,esolang,,1,1,False,False,False
Deadfib,deadfib,esolang,,1,1,False,False,False
Deadfih,deadfih,esolang,,1,1,False,False,False
Deadfish 2,deadfish-2,esolang,,1,1,False,False,False
Deadfish 3,deadfish-3,esolang,,1,1,False,False,False
Deadfish i,deadfish-i,esolang,,1,1,False,False,False
Deadfish Joust,deadfish-joust,esolang,,1,1,False,False,False
Deadfish PDA,deadfish-pda,esolang,,1,1,False,False,False
Deadfish++,deadfish-plus-plus,esolang,,1,1,False,False,False
"Deadfish ""self-interpreter""",deadfish-self-interpreter,esolang,,1,1,False,False,False
Deadfish TM,deadfish-tm,esolang,,1,1,False,False,False
Deadfish with gotos and input,deadfish-with-gotos-and-input,esolang,,1,1,False,False,False
Deadfish x,deadfish-x,esolang,,1,1,False,False,False
Deadfish+,deadfish+,esolang,,1,1,False,False,False
Deadfsh,deadfsh,esolang,,1,1,False,False,False
Deadfuck,deadfuck,esolang,,1,1,False,False,False
DeadIFsh,deadifsh,esolang,,1,1,False,False,False
Deadman,deadman,esolang,,1,1,False,False,False
DeadPig,deadpig,esolang,,1,1,False,False,False
Deadshark,deadshark,esolang,,1,1,False,False,False
DeadSimple,deadsimple,esolang,,1,1,False,False,False
Deadsnail,deadsnail,esolang,,1,1,False,False,False
Deadsocket,deadsocket,esolang,,1,1,False,False,False
DeafPig,deafpig,esolang,,1,1,False,False,False
Death,death,esolang,,1,1,False,False,False
DeathScript,deathscript,esolang,,1,1,False,False,False
deb,deb,pldb,,1,1,False,False,False
Debian Package Control File,debian-package-control-file,linguist,.dsc,1,1,False,False,False
debl,debl,pldb,,1,1,False,False,False
DeBruijn,debruijn,esolang,,1,1,False,False,False
debuma,debuma,pldb,,1,1,False,False,False
dec64,dec64,pldb,,1,1,False,False,False
Decimal,decimal,esolang,,1,1,False,False,False
decision-model-notation,decision-model-notation,pldb,,1,1,False,False,False
decker,decker,pldb,,1,1,False,False,False
declare,declare,pldb,,1,1,False,False,False
Decleq,decleq,esolang,,1,1,False,False,False
Deductive language,deductive-language,wikipedia,,1,1,False,False,False
Deep🕳️,deep,esolang,,1,1,False,False,False
DeepLang,deeplang,esolang,,1,1,False,False,False
deesel,deesel,pldb,,1,1,False,False,False
Def run(t):,def-run-t,esolang,,1,1,False,False,False
Define,define,esolang,,1,1,False,False,False
Define All Of It,define-all-of-it,esolang,,1,1,False,False,False
Definer,definer,esolang,,1,1,False,False,False
definite-clause-grammar-notation,definite-clause-grammar-notation,pldb,,1,1,False,False,False
Definitely unusable,definitely-unusable,esolang,,1,1,False,False,False
Definition,definition,esolang,,1,1,False,False,False
DefLang,deflang,esolang,,1,1,False,False,False
Defunc,defunc,esolang,,1,1,False,False,False
Degration,degration,esolang,,1,1,False,False,False
Deklare,deklare,esolang,,1,1,False,False,False
del,del,pldb,,1,1,False,False,False
Delambda,delambda,esolang,,1,1,False,False,False
DeleteScript,deletescript,esolang,,1,1,False,False,False
Deletion log,deletion-log,esolang,,1,1,False,False,False
delirium,delirium,pldb,,1,1,False,False,False
Delta,delta,esolang,,1,1,False,False,False
Delta Relay,delta-relay,esolang,,1,1,False,False,False
Delta Salein Å,delta-salein-a,esolang,,1,1,False,False,False
delta-prolog,delta-prolog,pldb,,1,1,False,False,False
DeltaLang,deltalang,esolang,,1,1,False,False,False
Deltaplex,deltaplex,esolang,,1,1,False,False,False
Delvs,delvs,esolang,,1,1,False,False,False
dem,dem,pldb,,1,1,False,False,False
demeter,demeter,pldb,,1,1,False,False,False
Demlang,demlang,esolang,,1,1,False,False,False
Demons,demons,esolang,,1,1,False,False,False
demos,demos,pldb,,1,1,False,False,False
dendral,dendral,pldb,,1,1,False,False,False
DenizenScript,denizenscript,linguist,.dsc,1,1,False,False,False
deno,deno,pldb,,1,1,False,False,False
Denver-Augusta-Harrisburg,denver-augusta-harrisburg,esolang,,1,1,False,False,False
Deoxyribose,deoxyribose,esolang,,1,1,False,False,False
Depend,depend,esolang,,1,1,False,False,False
dependent-ml,dependent-ml,pldb,,1,1,False,False,False
Dependently Typed Binary Lambda Calculus,dependently-typed-binary-lambda-calculus,esolang,,1,1,False,False,False
Dequeasm,dequeasm,esolang,,1,1,False,False,False
Der Know How Computer,der-know-how-computer,esolang,,1,1,False,False,False
dern,dern,pldb,,1,1,False,False,False
Derpcode,derpcode,esolang,,1,1,False,False,False
Derplang,derplang,esolang,,1,1,False,False,False
Derpodce,derpodce,esolang,,1,1,False,False,False
DerpScrp,derpscrp,esolang,,1,1,False,False,False
DerpText,derptext,esolang,,1,1,False,False,False
descartes,descartes,pldb,,1,1,False,False,False
Describish,describish,esolang,,1,1,False,False,False
descript,descript,pldb,,1,1,False,False,False
Descriptive Program,descriptive-program,esolang,,1,1,False,False,False
descriptran,descriptran,pldb,,1,1,False,False,False
Design coder,design-coder,esolang,,1,1,False,False,False
Deskin,deskin,esolang,,1,1,False,False,False
desmos,desmos,pldb,,1,1,False,False,False
Desmoslang,desmoslang,esolang,,1,1,False,False,False
Desrever,desrever,esolang,,1,1,False,False,False
detab-65,detab-65,pldb,,1,1,False,False,False
detab-x,detab-x,pldb,,1,1,False,False,False
DetailedFuck,detailedfuck,esolang,,1,1,False,False,False
detap,detap,pldb,,1,1,False,False,False
Detour,detour,esolang,,1,1,False,False,False
Detrovert,detrovert,esolang,,1,1,False,False,False
Deutsch,deutsch,esolang,,1,1,False,False,False
deva,deva,pldb,,1,1,False,False,False
Developers,developers,esolang,,1,1,False,False,False
Deviating Percolator,deviating-percolator,esolang,,1,1,False,False,False
device-independent-file-format,device-independent-file-format,pldb,,1,1,False,False,False
devil,devil,pldb,,1,1,False,False,False
Dewey,dewey,esolang,,1,1,False,False,False
dexterity,dexterity,pldb,,1,1,False,False,False
dexvis,dexvis,pldb,,1,1,False,False,False
DFA-er,dfa-er,esolang,,1,1,False,False,False
dfl,dfl,pldb,,1,1,False,False,False
dfns,dfns,pldb,,1,1,False,False,False
DFS,dfs,esolang,,1,1,False,False,False
DGOL,dgol,esolang,,1,1,False,False,False
dgraph,dgraph,pldb,,1,1,False,False,False
DIACRITIC,diacritic,esolang,,1,1,False,False,False
Diacritics,diacritics,esolang,,1,1,False,False,False
diagram,diagram,pldb,,1,1,False,False,False
diamag,diamag,pldb,,1,1,False,False,False
diana,diana,pldb,,1,1,False,False,False
Dice Roll,dice-roll,esolang,,1,1,False,False,False
Dick,dick,esolang,,1,1,False,False,False
Did I Ask,did-i-ask,esolang,,1,1,False,False,False
Die Deutsche Programmiersprache,die-deutsche-programmiersprache,esolang,,1,1,False,False,False
diet,diet,pldb,,1,1,False,False,False
Diexponae,diexponae,esolang,,1,1,False,False,False
differential-datalog,differential-datalog,pldb,,1,1,False,False,False
Difficult,difficult,esolang,,1,1,False,False,False
Dig,dig,esolang,,1,1,False,False,False
Dig 2,dig-2,esolang,,1,1,False,False,False
Dig straight down like an idiot,dig-straight-down-like-an-idiot,esolang,,1,1,False,False,False
DigFiles,digfiles,esolang,,1,1,False,False,False
DigFill,digfill,esolang,,1,1,False,False,False
Digital,digital,esolang,,1,1,False,False,False
Digital Miracle,digital-miracle,esolang,,1,1,False,False,False
DigitDigitJump,digitdigitjump,esolang,,1,1,False,False,False
DigitLang,digitlang,esolang,,1,1,False,False,False
digraf,digraf,pldb,,1,1,False,False,False
Dilemma,dilemma,esolang,,1,1,False,False,False
Dimensifuck,dimensifuck,esolang,,1,1,False,False,False
Dimensional,dimensional,esolang,,1,1,False,False,False
Dimensions,dimensions,esolang,,1,1,False,False,False
DINAC,dinac,esolang,,1,1,False,False,False
Diner,diner,esolang,,1,1,False,False,False
dinnerbell,dinnerbell,pldb,,1,1,False,False,False
dio,dio,pldb,,1,1,False,False,False
Dionysus,dionysus,esolang,,1,1,False,False,False
Dip,dip,esolang,,1,1,False,False,False
dipe-r,dipe-r,pldb,,1,1,False,False,False
diplans,diplans,pldb,,1,1,False,False,False
Dipsh!t,dipsh-t,esolang,,1,1,False,False,False
Dir,dir,esolang,,1,1,False,False,False
Dirac,dirac,esolang,,1,1,False,False,False
dircolors,dircolors,linguist,.dircolors,1,1,True,False,False
DirectBrainFUCK,directbrainfuck,esolang,,1,1,False,False,False
Direction,direction,esolang,,1,1,False,False,False
Directional,directional,esolang,,1,1,False,False,False
Directions,directions,esolang,,1,1,False,False,False
DirectX 3D File,directx-3d-file,linguist,.x,1,1,True,False,False
Dirst,dirst,esolang,,1,1,False,False,False
Dirty,dirty,esolang,,1,1,False,False,False
Dis,dis,esolang,,1,1,False,False,False
Disan,disan,esolang,,1,1,False,False,False
Disan Count Pesudocode,disan-count-pesudocode,esolang,,1,1,False,False,False
disc,disc,pldb,,1,1,False,False,False
DisFuck,disfuck,esolang,,1,1,False,False,False
Disfunction,disfunction,esolang,,1,1,False,False,False
Dish,dish,esolang,,1,1,False,False,False
Dision,dision,esolang,,1,1,False,False,False
dispel,dispel,pldb,,1,1,False,False,False
displayport-standard,displayport-standard,pldb,,1,1,False,False,False
Distal Interphalangeal Joint,distal-interphalangeal-joint,esolang,,1,1,False,False,False
Distressed,distressed,esolang,,1,1,False,False,False
distributed-processes,distributed-processes,pldb,,1,1,False,False,False
distributed-smalltalk,distributed-smalltalk,pldb,,1,1,False,False,False
Ditch,ditch,esolang,,1,1,False,False,False
ditroff,ditroff,pldb,,1,1,False,False,False
ditroff-ffortid,ditroff-ffortid,pldb,,1,1,False,False,False
DIVCON,divcon,esolang,,1,1,False,False,False
Division,division,esolang,,1,1,False,False,False
Divmeq,divmeq,esolang,,1,1,False,False,False
Divrac,divrac,esolang,,1,1,False,False,False
DIVSPL,divspl,esolang,,1,1,False,False,False
Divzeros,divzeros,esolang,,1,1,False,False,False
dixy,dixy,pldb,,1,1,False,False,False
DJ Qarkegs - Above The Sky,dj-qarkegs---above-the-sky,esolang,,1,1,False,False,False
djangoql,djangoql,pldb,,1,1,False,False,False
DJN OISC,djn-oisc,esolang,,1,1,False,False,False
djot,djot,pldb,,1,1,False,False,False
djvu,djvu,pldb,,1,1,False,False,False
dkim-standard,dkim-standard,pldb,,1,1,False,False,False
DL,dl,esolang,,1,1,False,False,False
dllup,dllup,pldb,,1,1,False,False,False
dlp,dlp,pldb,,1,1,False,False,False
dlvm,dlvm,pldb,,1,1,False,False,False
dm-1,dm-1,pldb,,1,1,False,False,False
dmap,dmap,pldb,,1,1,False,False,False
dna,dna,pldb,,1,1,False,False,False
DNA-Sharp,dna-sharp,esolang,,1,1,False,False,False
dns,dns,pldb,,1,1,False,False,False
Do Minsk Family,do-minsk-family,esolang,,1,1,False,False,False
Do my esolangs even have meaning anymore or am i just part of an infinite factory making brainfuck clones until the end of eternity,do-my-esolangs-even-have-meaning-anymore-or-am-i-just-part-of-an-infinite-factory-making-brainfuck-clones-until-the-end-of-eternity,esolang,,1,1,False,False,False
Do not,do-not,esolang,,1,1,False,False,False
Do nothing,do-nothing,esolang,,1,1,False,False,False
Do while true,do-while-true,esolang,,1,1,False,False,False
Do-code,do-code,esolang,,1,1,False,False,False
Do-if,do-if,esolang,,1,1,False,False,False
DOBELA,dobela,esolang,,1,1,False,False,False
docopt,docopt,pldb,,1,1,False,False,False
doe-macsyma,doe-macsyma,pldb,,1,1,False,False,False
DOESNT,doesnt,esolang,,1,1,False,False,False
DoEverything();,doeverything,esolang,,1,1,False,False,False
DoFor,dofor,esolang,,1,1,False,False,False
Dog (BobSoftOfficial),dog-bobsoftofficial,esolang,,1,1,False,False,False
Doggo,doggo,esolang,,1,1,False,False,False
Dogless,dogless,esolang,,1,1,False,False,False
DOGO,dogo,esolang,,1,1,False,False,False
doh,doh,pldb,,1,1,False,False,False
doi,doi,pldb,,1,1,False,False,False
dojo,dojo,pldb,,1,1,False,False,False
dokuwiki,dokuwiki,pldb,,1,1,False,False,False
Dolfins grace,dolfins-grace,esolang,,1,1,False,False,False
dollar-sign,dollar-sign,pldb,,1,1,False,False,False
dolphin,dolphin,pldb,,1,1,False,False,False
Domain,domain,esolang,,1,1,False,False,False
Domino Crisis,domino-crisis,esolang,,1,1,False,False,False
DominoScript,dominoscript,esolang,,1,1,False,False,False
doml,doml,pldb,,1,1,False,False,False
Don't,don-t,esolang,,1,1,False,False,False
Dongbei,dongbei,esolang,,1,1,False,False,False
Dont,dont,esolang,,1,1,False,False,False
DONT YOU LECTURE ME WITH YOUR THIRTY DOLLAR LANGUAGE,dont-you-lecture-me-with-your-thirty-dollar-language,esolang,,1,1,False,False,False
doodle,doodle,pldb,,1,1,False,False,False
Doors,doors,esolang,,1,1,False,False,False
Doorspace,doorspace,esolang,,1,1,False,False,False
dopl,dopl,pldb,,1,1,False,False,False
Doreq,doreq,esolang,,1,1,False,False,False
Dorklang,dorklang,esolang,,1,1,False,False,False
Dosctrign’,dosctrign,esolang,,1,1,False,False,False
Dot's,dot-s,esolang,,1,1,False,False,False
Dot-Peachy,dot-peachy,esolang,,1,1,False,False,False
dot-product-equation,dot-product-equation,pldb,,1,1,False,False,False
dot-ql,dot-ql,pldb,,1,1,False,False,False
DOT.,dot.,esolang,,1,1,False,False,False
Dotcomma,dotcomma,esolang,,1,1,False,False,False
Dotenv,dotenv,linguist,.env,1,1,False,False,False
Dotfuck,dotfuck,esolang,,1,1,False,False,False
Dotlang,dotlang,esolang,,1,1,False,False,False
DotNetOISC,dotnetoisc,esolang,,1,1,False,False,False
Dots,dots,esolang,,1,1,False,False,False
DotSF,dotsf,esolang,,1,1,False,False,False
Dotsy,dotsy,esolang,,1,1,False,False,False
Dotter,dotter,esolang,,1,1,False,False,False
Double,double,esolang,,1,1,False,False,False
Double Helix,double-helix,esolang,,1,1,False,False,False
DoubleFuck,doublefuck,esolang,,1,1,False,False,False
Doug,doug,esolang,,1,1,False,False,False
DoWhileFuck,dowhilefuck,esolang,,1,1,False,False,False
dowl,dowl,pldb,,1,1,False,False,False
Down the Mountain,down-the-mountain,esolang,,1,1,False,False,False
DownRight,downright,esolang,,1,1,False,False,False
dplyr,dplyr,pldb,,1,1,False,False,False
DPM,dpm,esolang,,1,1,False,False,False
dpp,dpp,pldb,,1,1,False,False,False
dprl,dprl,pldb,,1,1,False,False,False
DQ,dq,esolang,,1,1,False,False,False
draco-programming-language,draco-programming-language,pldb,,1,1,False,False,False
draconian,draconian,pldb,,1,1,False,False,False
dragonbasic,dragonbasic,pldb,,1,1,False,False,False
DragonLang,dragonlang,esolang,,1,1,False,False,False
Dragostea din tei,dragostea-din-tei,esolang,,1,1,False,False,False
Drainfuck,drainfuck,esolang,,1,1,False,False,False
Draten,draten,esolang,,1,1,False,False,False
Drawfuck,drawfuck,esolang,,1,1,False,False,False
Dreadfish,dreadfish,esolang,,1,1,False,False,False
Dreadow,dreadow,esolang,,1,1,False,False,False
dreamlisp,dreamlisp,pldb,,1,1,False,False,False
dribble,dribble,pldb,,1,1,False,False,False
Drift,drift,esolang,,1,1,False,False,False
DriftLang,driftlang,esolang,,1,1,False,False,False
Drive-In Window,drive-in-window,esolang,,1,1,False,False,False
Drive-In Window extended,drive-in-window-extended,esolang,,1,1,False,False,False
Drive-In Window extended TC with Chef,drive-in-window-extended-tc-with-chef,esolang,,1,1,False,False,False
Drive-In Window JSON,drive-in-window-json,esolang,,1,1,False,False,False
Drive-In Window TC,drive-in-window-tc,esolang,,1,1,False,False,False
drl,drl,pldb,,1,1,False,False,False
drs,drs,pldb,,1,1,False,False,False
drupal,drupal,pldb,,1,1,False,False,False
Drw,drw,esolang,,1,1,False,False,False
dsd,dsd,pldb,,1,1,False,False,False
DSL,dsl,esolang,,1,1,False,False,False
dsl-90,dsl-90,pldb,,1,1,False,False,False
dslx,dslx,pldb,,1,1,False,False,False
dss,dss,pldb,,1,1,False,False,False
DStack,dstack,esolang,,1,1,False,False,False
dsym,dsym,pldb,,1,1,False,False,False
DTM,dtm,esolang,,1,1,False,False,False
dual,dual,pldb,,1,1,False,False,False
Dual tape,dual-tape,esolang,,1,1,False,False,False
Dual tape ez,dual-tape-ez,esolang,,1,1,False,False,False
dub-pm,dub-pm,pldb,,1,1,False,False,False
DubDubMachine,dubdubmachine,esolang,,1,1,False,False,False
DUCK,duck,esolang,,1,1,False,False,False
Duck Duck Goose,duck-duck-goose,esolang,,1,1,False,False,False
Duh,duh,esolang,,1,1,False,False,False
DukkTap,dukktap,esolang,,1,1,False,False,False
Dumb self-modifying language,dumb-self-modifying-language,esolang,,1,1,False,False,False
Dumbascii,dumbascii,esolang,,1,1,False,False,False
Dumbf*ck,dumbf-ck,esolang,,1,1,False,False,False
DumbScript,dumbscript,esolang,,1,1,False,False,False
Dune,dune,linguist,,1,1,False,False,False
Duocentehexaquinquagesimal,duocentehexaquinquagesimal,esolang,,1,1,False,False,False
Dupdog,dupdog,esolang,,1,1,False,False,False
Durge,durge,esolang,,1,1,False,False,False
duro,duro,pldb,,1,1,False,False,False
durra,durra,pldb,,1,1,False,False,False
DVector,dvector,esolang,,1,1,False,False,False
dvi-standard,dvi-standard,pldb,,1,1,False,False,False
dwg,dwg,pldb,,1,1,False,False,False
dxf,dxf,pldb,,1,1,False,False,False
Dynamic Contraction System,dynamic-contraction-system,esolang,,1,1,False,False,False
dynamo-pm,dynamo-pm,pldb,,1,1,False,False,False
dynamo-visual-language,dynamo-visual-language,pldb,,1,1,False,False,False
dystal,dystal,pldb,,1,1,False,False,False
DZZZZ,dzzzz,esolang,,1,1,False,False,False
E (eeEee),e-eeeee,esolang,,1,1,False,False,False
E++,e-plus-plus,esolang,,1,1,False,False,False
E (programming language),e-programming-language,wikipedia,,1,1,True,False,False
E q u a t i o n,e-q-u-a-t-i-o-n,esolang,,1,1,False,False,False
E♯,e-sharp,esolang,,1,1,False,False,False
E-language,e-language,esolang,,1,1,False,False,False
E62qpodb593,e62qpodb593,esolang,,1,1,False,False,False
"EA Script, It's in the code.",ea-script-it-s-in-the-code.,esolang,,1,1,False,False,False
Eaf ...Where is o,eaf-...where-is-o,esolang,,1,1,False,False,False
Eafh,eafh,esolang,,1,1,False,False,False
Eafish,eafish,esolang,,1,1,False,False,False
"Eans,",eans,esolang,,1,1,False,False,False
Earfuck,earfuck,esolang,,1,1,False,False,False
earnest-ok,earnest-ok,pldb,,1,1,False,False,False
~EarthBit,earthbit,esolang,,1,1,False,False,False
Earthly,earthly,linguist,,1,2,False,False,False
eas-e,eas-e,pldb,,1,1,False,False,False
easl,easl,pldb,,1,1,False,False,False
easy-english,easy-english,pldb,,1,1,False,False,False
Easyfish,easyfish,esolang,,1,1,False,False,False
EasyFlakes,easyflakes,esolang,,1,1,False,False,False
Easyfuck,easyfuck,esolang,,1,1,False,False,False
EasyScript,easyscript,esolang,,1,1,False,False,False
Eb-maj7,eb-maj7,esolang,,1,1,False,False,False
ebcdic,ebcdic,pldb,,1,1,False,False,False
ebg,ebg,pldb,,1,1,False,False,False
Ebur,ebur,esolang,,1,1,False,False,False
Ebur+,ebur+,esolang,,1,1,False,False,False
Ecere Projects,ecere-projects,linguist,.epj,1,1,True,False,False
Echidna,echidna,esolang,,1,1,False,False,False
Echo,echo,esolang,,1,1,False,False,False
Echo Tag,echo-tag,esolang,,1,1,False,False,False
EchoLang,echolang,esolang,,1,1,False,False,False
EchoLang (None1),echolang-none1,esolang,,1,1,False,False,False
eclectic-csp,eclectic-csp,pldb,,1,1,False,False,False
eclipse-command-language,eclipse-command-language,pldb,,1,1,False,False,False
eclipse-editor,eclipse-editor,pldb,,1,1,False,False,False
Ecliptica,ecliptica,esolang,,1,1,False,False,False
eco-editor,eco-editor,pldb,,1,1,False,False,False
ecological-metadata-language,ecological-metadata-language,pldb,,1,1,False,False,False
ecr,ecr,pldb,,1,1,False,False,False
ecsharp,ecsharp,pldb,,1,1,False,False,False
Ecstatic,ecstatic,esolang,,1,1,False,False,False
ect,ect,pldb,,1,1,False,False,False
ed-editor,ed-editor,pldb,,1,1,False,False,False
EDE,ede,esolang,,1,1,False,False,False
edge-side-includes,edge-side-includes,pldb,,1,1,False,False,False
edgedb,edgedb,pldb,,1,1,False,False,False
edgelisp,edgelisp,pldb,,1,1,False,False,False
edh,edh,pldb,,1,1,False,False,False
edina,edina,pldb,,1,1,False,False,False
edinburgh-imp,edinburgh-imp,pldb,,1,1,False,False,False
edinburgh-lcf,edinburgh-lcf,pldb,,1,1,False,False,False
Edition,edition,esolang,,1,1,False,False,False
EditorConfig,editorconfig,linguist,.editorconfig,1,2,True,False,False
edsac-initial-orders,edsac-initial-orders,pldb,,1,1,False,False,False
edscript,edscript,pldb,,1,1,False,False,False
edsim,edsim,pldb,,1,1,False,False,False
educe,educe,pldb,,1,1,False,False,False
educe-star,educe-star,pldb,,1,1,False,False,False
EE,ee,esolang,,1,1,False,False,False
Eek!,eek,esolang,,1,1,False,False,False
eex,eex,pldb,,1,1,False,False,False
Eezy,eezy,esolang,,1,1,False,False,False
Ef,ef,esolang,,1,1,False,False,False
Efghij,efghij,esolang,,1,1,False,False,False
Egaharjb,egaharjb,esolang,,1,1,False,False,False
Egg,egg,esolang,,1,1,False,False,False
Egnufeb,egnufeb,esolang,,1,1,False,False,False
egs4,egs4,pldb,,1,1,False,False,False
EGSHEL,egshel,esolang,,1,1,False,False,False
Eh,eh,esolang,,1,1,False,False,False
EHTML,ehtml,esolang,,1,1,False,False,False
ᖴᑌᑎᑎEᒪIᑕ,ei,esolang,,1,1,False,False,False
EIGHT EGGS,eight-eggs,esolang,,1,1,False,False,False
EINE,eine,esolang,,1,1,False,False,False
EIsor,eisor,esolang,,1,1,False,False,False
Eitherf*ck,eitherf-ck,esolang,,1,1,False,False,False
Ekativ,ekativ,esolang,,1,1,False,False,False
el1,el1,pldb,,1,1,False,False,False
ELAN (programming language),elan-programming-language,wikipedia,,1,1,False,False,False
ELANG,elang,esolang,,1,1,False,False,False
elastic-query-dsl,elastic-query-dsl,pldb,,1,1,False,False,False
ELBOG,elbog,esolang,,1,1,False,False,False
election-markup-language,election-markup-language,pldb,,1,1,False,False,False
Electra,electra,esolang,,1,1,False,False,False
electre,electre,pldb,,1,1,False,False,False
Electric BitFunk,electric-bitfunk,esolang,,1,1,False,False,False
elegance,elegance,pldb,,1,1,False,False,False
elegant,elegant,pldb,,1,1,False,False,False
Element,element,esolang,,1,1,False,False,False
ELEMENTARY,elementary,esolang,,1,1,False,False,False
ElemScript,elemscript,esolang,,1,1,False,False,False
elephant,elephant,pldb,,1,1,False,False,False
Elevated Parser,elevated-parser,esolang,,1,1,False,False,False
Elevator,elevator,esolang,,1,1,False,False,False
elfe,elfe,pldb,,1,1,False,False,False
Elfroh,elfroh,esolang,,1,1,False,False,False
Elilang,elilang,esolang,,1,1,False,False,False
Eliminate,eliminate,esolang,,1,1,False,False,False
ella-programming-language,ella-programming-language,pldb,,1,1,False,False,False
ellie,ellie,pldb,,1,1,False,False,False
elliott-algol,elliott-algol,pldb,,1,1,False,False,False
Ellipsis,ellipsis,esolang,,1,1,False,False,False
\ELLOWOS,ellowos,esolang,,1,1,False,False,False
ellpack,ellpack,pldb,,1,1,False,False,False
elm-packages-pm,elm-packages-pm,pldb,,1,1,False,False,False
elmol,elmol,pldb,,1,1,False,False,False
Elog,elog,esolang,,1,1,False,False,False
elpa-pm,elpa-pm,pldb,,1,1,False,False,False
Elvish Transcript,elvish-transcript,linguist,,1,1,False,False,False
em,em,pldb,,1,1,False,False,False
emacs-editor,emacs-editor,pldb,,1,1,False,False,False
Emanator,emanator,esolang,,1,1,False,False,False
Embedded HQ9+,embedded-hq9+,esolang,,1,1,False,False,False
emberjs-framework,emberjs-framework,pldb,,1,1,False,False,False
Emblema,emblema,esolang,,1,1,False,False,False
Emblia,emblia,esolang,,1,1,False,False,False
Emds,emds,esolang,,1,1,False,False,False
emerald-lang,emerald-lang,pldb,,1,1,False,False,False
emesh,emesh,pldb,,1,1,False,False,False
emfatic,emfatic,pldb,,1,1,False,False,False
EmiT,emit,esolang,,1,1,False,False,False
emma,emma,pldb,,1,1,False,False,False
Emo,emo,esolang,,1,1,False,False,False
Emoji,emoji,esolang,,1,1,False,False,False
Emoji-gramming,emoji-gramming,esolang,,1,1,False,False,False
EmojiCoder,emojicoder,esolang,,1,1,False,False,False
EmojiGolf,emojigolf,esolang,,1,1,False,False,False
EmojiLang,emojilang,esolang,,1,1,False,False,False
EmojiLang in Chinese,emojilang-in-chinese,esolang,,1,1,False,False,False
EmojiLang (Mihai Popa),emojilang-mihai-popa,esolang,,1,1,False,False,False
EmojiWee,emojiwee,esolang,,1,1,False,False,False
Emoticode,emoticode,esolang,,1,1,False,False,False
Emotinomicon,emotinomicon,esolang,,1,1,False,False,False
empirical,empirical,pldb,,1,1,False,False,False
Empty,empty,esolang,,1,1,False,False,False
EmptyFuck,emptyfuck,esolang,,1,1,False,False,False
emscripten,emscripten,pldb,,1,1,False,False,False
emu,emu,pldb,,1,1,False,False,False
Encapsulation,encapsulation,esolang,,1,1,False,False,False
enchilada,enchilada,pldb,,1,1,False,False,False
Encircle,encircle,esolang,,1,1,False,False,False
🔒 Encrypted 🔒,encrypted,esolang,,1,1,False,False,False
EncryptedFuck,encryptedfuck,esolang,,1,1,False,False,False
EncryptFuck,encryptfuck,esolang,,1,1,False,False,False
End,end,esolang,,1,1,False,False,False
Ende,ende,esolang,,1,1,False,False,False
Endfield,endfield,esolang,,1,1,False,False,False
Enema,enema,esolang,,1,1,False,False,False
energese-notation,energese-notation,pldb,,1,1,False,False,False
energy-momentum-equation,energy-momentum-equation,pldb,,1,1,False,False,False
!English,english,esolang,,1,1,False,False,False
English Binerdy,english-binerdy,esolang,,1,1,False,False,False
哮/English version,english-version,esolang,,1,1,False,False,False
English+,english+,esolang,,1,1,False,False,False
english-programming-language,english-programming-language,pldb,,1,1,False,False,False
Engwish,engwish,esolang,,1,1,False,False,False
Enigma-2D,enigma-2d,esolang,,1,1,False,False,False
EnilKode,enilkode,esolang,,1,1,False,False,False
Eniuq,eniuq,esolang,,1,1,False,False,False
Enjamb,enjamb,esolang,,1,1,False,False,False
Enn,enn,esolang,,1,1,False,False,False
eno,eno,pldb,,1,1,False,False,False
Enrtopy,enrtopy,esolang,,1,1,False,False,False
Enrtopy++,enrtopy-plus-plus,esolang,,1,1,False,False,False
EnScript,enscript,esolang,,1,1,False,False,False
Ensemencer,ensemencer,esolang,,1,1,False,False,False
enso-lang,enso-lang,pldb,,1,1,False,False,False
enterprise-mashup-markup-language,enterprise-mashup-markup-language,pldb,,1,1,False,False,False
Enterprise™,enterprisetm,esolang,,1,1,False,False,False
Entfedern,entfedern,esolang,,1,1,False,False,False
Entish,entish,esolang,,1,1,False,False,False
ENTMPL,entmpl,esolang,,1,1,False,False,False
Entrance,entrance,esolang,,1,1,False,False,False
EntropyAssembler,entropyassembler,esolang,,1,1,False,False,False
envoy-app,envoy-app,pldb,,1,1,False,False,False
Enwokenment,enwokenment,esolang,,1,1,False,False,False
Eod,eod,esolang,,1,1,False,False,False
Eodermdrome,eodermdrome,esolang,,1,1,False,False,False
Eof,eof,esolang,,1,1,False,False,False
EOOOL,eoool,esolang,,1,1,False,False,False
EPARM,eparm,esolang,,1,1,False,False,False
Ephemeral,ephemeral,esolang,,1,1,False,False,False
epilog,epilog,pldb,,1,1,False,False,False
EPL Main,epl-main,esolang,,1,1,False,False,False
EPOAQ,epoaq,esolang,,1,1,False,False,False
Epsilo,epsilo,esolang,,1,1,False,False,False
epub,epub,pldb,,1,1,False,False,False
EQ,eq,linguist,.eq,1,1,True,False,False
eql,eql,pldb,,1,1,False,False,False
eqlog,eqlog,pldb,,1,1,False,False,False
eqs,eqs,pldb,,1,1,False,False,False
equate,equate,pldb,,1,1,False,False,False
Equipage,equipage,esolang,,1,1,False,False,False
Eralin,eralin,esolang,,1,1,False,False,False
Erase,erase,esolang,,1,1,False,False,False
Eremias 2,eremias-2,esolang,,1,1,False,False,False
Ero,ero,esolang,,1,1,False,False,False
Eror,eror,esolang,,1,1,False,False,False
errol,errol,pldb,,1,1,False,False,False
Error,error,esolang,,1,1,False,False,False
"Error: The system didn't find the object, program, or command that you're trying to access or execute.",error-the-system-didn-t-find-the-object-program-or-command-that-you-re-trying-to-access-or-execute.,esolang,,1,1,False,False,False
ErrorFree,errorfree,esolang,,1,1,False,False,False
ErrorFuck,errorfuck,esolang,,1,1,False,False,False
ErrorFull,errorfull,esolang,,1,1,False,False,False
ErrorFull on node.js,errorfull-on-node.js,esolang,,1,1,False,False,False
ErrorFullC++,errorfullc-plus-plus,esolang,,1,1,False,False,False
ErrorLang,errorlang,esolang,,1,1,False,False,False
Éšœłãñg,esang,esolang,,1,1,False,False,False
ESC!,esc,esolang,,1,1,False,False,False
esc-p,esc-p,pldb,,1,1,False,False,False
escapade-programming-language,escapade-programming-language,pldb,,1,1,False,False,False
Esimpl,esimpl,esolang,,1,1,False,False,False
Esketit,esketit,esolang,,1,1,False,False,False
eskew,eskew,pldb,,1,1,False,False,False
Esme,esme,esolang,,1,1,False,False,False
Eso2D,eso2d,esolang,,1,1,False,False,False
Esoasm,esoasm,esolang,,1,1,False,False,False
EsoBASIC,esobasic,esolang,,1,1,False,False,False
EsoChan,esochan,esolang,,1,1,False,False,False
EsoChar,esochar,esolang,,1,1,False,False,False
Esofish,esofish,esolang,,1,1,False,False,False
EsoFmt,esofmt,esolang,,1,1,False,False,False
EsoFur,esofur,esolang,,1,1,False,False,False
EsoKit,esokit,esolang,,1,1,False,False,False
$ESOLANG,esolang,esolang,,1,1,False,False,False
Esolang Simply Created To Annoy People Who Dislike Scratch,esolang-simply-created-to-annoy-people-who-dislike-scratch,esolang,,1,1,False,False,False
Esolang spec,esolang-spec,esolang,,1,1,False,False,False
Esolang talk:Klat gnalosE,esolang-talk-klat-gnalose,esolang,,1,1,False,False,False
Esolangs,esolangs,esolang,,1,1,False,False,False
Esolangs.org,esolangs.org,esolang,,1,1,False,False,False
Esolasagna,esolasagna,esolang,,1,1,False,False,False
Esomachine,esomachine,esolang,,1,1,False,False,False
EsoML,esoml,esolang,,1,1,False,False,False
ESON,eson,esolang,,1,1,False,False,False
Esonaldo,esonaldo,esolang,,1,1,False,False,False
EsoPost,esopost,esolang,,1,1,False,False,False
ESOPUNK,esopunk,esolang,,1,1,False,False,False
EsoPy Framework,esopy-framework,esolang,,1,1,False,False,False
Esorn,esorn,esolang,,1,1,False,False,False
EsoScript,esoscript,esolang,,1,1,False,False,False
Esoteric Sequence of Numbers,esoteric-sequence-of-numbers,esolang,,1,1,False,False,False
esoteric-reaction,esoteric-reaction,pldb,,1,1,False,False,False
esp,esp,pldb,,1,1,False,False,False
Español,espanol,esolang,,1,1,False,False,False
Espro,espro,esolang,,1,1,False,False,False
ETalk,etalk,esolang,,1,1,False,False,False
ETAS,etas,esolang,,1,1,False,False,False
Etcha,etcha,esolang,,1,1,False,False,False
Ete,ete,esolang,,1,1,False,False,False
Ételp moc gniruttéy gnitir wérgnirts,etelp-moc-gniruttey-gnitir-wergnirts,esolang,,1,1,False,False,False
EternalGolf,eternalgolf,esolang,,1,1,False,False,False
Eternity,eternity,esolang,,1,1,False,False,False
ethereum,ethereum,pldb,,1,1,False,False,False
ethereum-vm,ethereum-vm,pldb,,1,1,False,False,False
ethernet,ethernet,pldb,,1,1,False,False,False
Etl,etl,esolang,,1,1,False,False,False
EtomemoteetomemoteetomemoteetomemotE,etomemoteetomemoteetomemoteetomemote,esolang,,1,1,False,False,False
Etre,etre,esolang,,1,1,False,False,False
etruscan-numerals,etruscan-numerals,pldb,,1,1,False,False,False
etude,etude,pldb,,1,1,False,False,False
euboea,euboea,pldb,,1,1,False,False,False
euclidean-geometry,euclidean-geometry,pldb,,1,1,False,False,False
eulers-equation,eulers-equation,pldb,,1,1,False,False,False
eurisko,eurisko,pldb,,1,1,False,False,False
EuskoPy,euskopy,esolang,,1,1,False,False,False
eva,eva,pldb,,1,1,False,False,False
Eval,eval,esolang,,1,1,False,False,False
EvenOdd,evenodd,esolang,,1,1,False,False,False
Everett,everett,esolang,,1,1,False,False,False
everparse3d,everparse3d,pldb,,1,1,False,False,False
Every-machine,every-machine,esolang,,1,1,False,False,False
Everybody!,everybody,esolang,,1,1,False,False,False
@everyone,everyone,esolang,,1,1,False,False,False
@everyone but they had to move to irc bcuz they got banned from discord,everyone-but-they-had-to-move-to-irc-bcuz-they-got-banned-from-discord,esolang,,1,1,False,False,False
Everyonelang,everyonelang,esolang,,1,1,False,False,False
Everything,everything,esolang,,1,1,False,False,False
Evil,evil,esolang,,1,1,False,False,False
Evinocu,evinocu,esolang,,1,1,False,False,False
EVM,evm,esolang,,1,1,False,False,False
EWaduzitdo,ewaduzitdo,esolang,,1,1,False,False,False
EWagon,ewagon,esolang,,1,1,False,False,False
文文ewankalite,ewankalite,esolang,,1,1,False,False,False
Ewpl,ewpl,esolang,,1,1,False,False,False
ex-editor,ex-editor,pldb,,1,1,False,False,False
Exalang,exalang,esolang,,1,1,False,False,False
Examinable Invocation Vector,examinable-invocation-vector,esolang,,1,1,False,False,False
EXAMPL,exampl,esolang,,1,1,False,False,False
ExampleFuck,examplefuck,esolang,,1,1,False,False,False
excel-app,excel-app,pldb,,1,1,False,False,False
Excela,excela,esolang,,1,1,False,False,False
Excellang,excellang,esolang,,1,1,False,False,False
Excellerated Short-Term Memory Loss,excellerated-short-term-memory-loss,esolang,,1,1,False,False,False
Exclaim,exclaim,esolang,,1,1,False,False,False
EXCON,excon,esolang,,1,1,False,False,False
EXDotSF,exdotsf,esolang,,1,1,False,False,False
exec-2,exec-2,pldb,,1,1,False,False,False
Exechars,exechars,esolang,,1,1,False,False,False
Execode,execode,esolang,,1,1,False,False,False
Execoil,execoil,esolang,,1,1,False,False,False
executable-json,executable-json,pldb,,1,1,False,False,False
exel,exel,pldb,,1,1,False,False,False
exfat,exfat,pldb,,1,1,False,False,False
exkited,exkited,pldb,,1,1,False,False,False
Exoshell,exoshell,esolang,,1,1,False,False,False
Exotic,exotic,esolang,,1,1,False,False,False
Exp,exp,esolang,,1,1,False,False,False
Expandable Quantum Brainfuck,expandable-quantum-brainfuck,esolang,,1,1,False,False,False
Expansion,expansion,esolang,,1,1,False,False,False
EXPBLARGL,expblargl,esolang,,1,1,False,False,False
Expensive,expensive,esolang,,1,1,False,False,False
explan,explan,pldb,,1,1,False,False,False
Expload,expload,esolang,,1,1,False,False,False
Explode,explode,esolang,,1,1,False,False,False
explor,explor,pldb,,1,1,False,False,False
Expression,expression,esolang,,1,1,False,False,False
Expressions,expressions,esolang,,1,1,False,False,False
Expressive,expressive,esolang,,1,1,False,False,False
ext,ext,pldb,,1,1,False,False,False
ext2,ext2,pldb,,1,1,False,False,False
ext3,ext3,pldb,,1,1,False,False,False
ext4,ext4,pldb,,1,1,False,False,False
Extendable MiniLang,extendable-minilang,esolang,,1,1,False,False,False
Extended Brainfuck,extended-brainfuck,esolang,,1,1,False,False,False
Extended Foo,extended-foo,esolang,,1,1,False,False,False
extended-ml,extended-ml,pldb,,1,1,False,False,False
extended-pascal,extended-pascal,pldb,,1,1,False,False,False
ExtendedFuck,extendedfuck,esolang,,1,1,False,False,False
ExtendedPig,extendedpig,esolang,,1,1,False,False,False
Extensible Crement,extensible-crement,esolang,,1,1,False,False,False
extensible-embeddable-language,extensible-embeddable-language,pldb,,1,1,False,False,False
Extension,extension,esolang,,1,1,False,False,False
extran,extran,pldb,,1,1,False,False,False
Eyefuck,eyefuck,esolang,,1,1,False,False,False
eyg,eyg,pldb,,1,1,False,False,False
F'juhv iK'tlhUng,f-juhv-ik-tlhung,esolang,,1,1,False,False,False
F (None1),f-none1,esolang,,1,1,False,False,False
F (programming language),f-programming-language,wikipedia,,1,1,True,False,False
F! U! C! K! What do we appreciate!,f-u-c-k-what-do-we-appreciate,esolang,,1,1,False,False,False
f-prime,f-prime,pldb,,1,1,False,False,False
F-PULSE,f-pulse,esolang,,1,1,False,False,False
F²,f2,esolang,,1,1,False,False,False
fable-lang,fable-lang,pldb,,1,1,False,False,False
fac,fac,pldb,,1,1,False,False,False
facelets,facelets,pldb,,1,1,False,False,False
Fackward,fackward,esolang,,1,1,False,False,False
fact-lang,fact-lang,pldb,,1,1,False,False,False
Factory,factory,esolang,,1,1,False,False,False
fad,fad,pldb,,1,1,False,False,False
Fading Rainbow,fading-rainbow,esolang,,1,1,False,False,False
FAGI,fagi,esolang,,1,1,False,False,False
Fairytale,fairytale,esolang,,1,1,False,False,False
FAKE,fake,esolang,,1,1,False,False,False
FakeASM,fakeasm,esolang,,1,1,False,False,False
FakeC,fakec,esolang,,1,1,False,False,False
FakeScript,fakescript,esolang,,1,1,False,False,False
FallDown,falldown,esolang,,1,1,False,False,False
Falsebrain9Q+Fishload,falsebrain9q+fishload,esolang,,1,1,False,False,False
Falsish,falsish,esolang,,1,1,False,False,False
family-basic,family-basic,pldb,,1,1,False,False,False
FANJIX,fanjix,esolang,,1,1,False,False,False
FantalleFlags,fantalleflags,esolang,,1,1,False,False,False
faradays-induction-equation,faradays-induction-equation,pldb,,1,1,False,False,False
farcaster,farcaster,pldb,,1,1,False,False,False
fardlang,fardlang,pldb,,1,1,False,False,False
Farm,farm,esolang,,1,1,False,False,False
Farnsworth,farnsworth,esolang,,1,1,False,False,False
Fash,fash,esolang,,1,1,False,False,False
fast-fourier-transform-equation,fast-fourier-transform-equation,pldb,,1,1,False,False,False
fasta-format,fasta-format,pldb,,1,1,False,False,False
FastBrain,fastbrain,esolang,,1,1,False,False,False
Fastlane,fastlane,esolang,,1,1,False,False,False
fastq-format,fastq-format,pldb,,1,1,False,False,False
fasttrack-scripting-host,fasttrack-scripting-host,pldb,,1,1,False,False,False
fat,fat,pldb,,1,1,False,False,False
FatFinger,fatfinger,esolang,,1,1,False,False,False
fawlty,fawlty,pldb,,1,1,False,False,False
Fb,fb,esolang,,1,1,False,False,False
fbx,fbx,pldb,,1,1,False,False,False
fcl,fcl,pldb,,1,1,False,False,False
FCompiler,fcompiler,esolang,,1,1,False,False,False
fcpu,fcpu,pldb,,1,1,False,False,False
Fear,fear,esolang,,1,1,False,False,False
Fear of the Unknown,fear-of-the-unknown,esolang,,1,1,False,False,False
Feather,feather,esolang,,1,1,False,False,False
Feed the Chaos,feed-the-chaos,esolang,,1,1,False,False,False
Feedfish,feedfish,esolang,,1,1,False,False,False
fen-notation,fen-notation,pldb,,1,1,False,False,False
fenix-project,fenix-project,pldb,,1,1,False,False,False
fern,fern,pldb,,1,1,False,False,False
FerNANDo,fernando,esolang,,1,1,False,False,False
Ferntape,ferntape,esolang,,1,1,False,False,False
Feta,feta,esolang,,1,1,False,False,False
Fetus,fetus,esolang,,1,1,False,False,False
feynman-diagram,feynman-diagram,pldb,,1,1,False,False,False
FFFF,ffff,esolang,,1,1,False,False,False
FFM/FFB,ffm-ffb,esolang,,1,1,False,False,False
ffmpeg,ffmpeg,pldb,,1,1,False,False,False
FFRISC,ffrisc,esolang,,1,1,False,False,False
Fg,fg,esolang,,1,1,False,False,False
FH,fh,esolang,,1,1,False,False,False
FHC,fhc,esolang,,1,1,False,False,False
fhir,fhir,pldb,,1,1,False,False,False
FHQ9+-,fhq9+,esolang,,1,1,False,False,False
Fi,fi,esolang,,1,1,False,False,False
Fibofuck,fibofuck,esolang,,1,1,False,False,False
fibonacci,fibonacci,pldb,,1,1,False,False,False
fibonacci-notation,fibonacci-notation,pldb,,1,1,False,False,False
fickle,fickle,pldb,,1,1,False,False,False
"""Fido"",",fido,pldb,,1,1,False,False,False
FIFOrth,fiforth,esolang,,1,1,False,False,False
FIFTH,fifth,esolang,,1,1,False,False,False
Figurehead,figurehead,esolang,,1,1,False,False,False
Fiifinite,fiifinite,esolang,,1,1,False,False,False
FileCode,filecode,esolang,,1,1,False,False,False
filecoin,filecoin,pldb,,1,1,False,False,False
"Filename ""xxx"" doesn't seem to be a valid filename/commmand!",filename-xxx-doesn-t-seem-to-be-a-valid-filename-commmand,esolang,,1,1,False,False,False
FilesAndFolders!,filesandfolders,esolang,,1,1,False,False,False
FileSys,filesys,esolang,,1,1,False,False,False
filetab,filetab,pldb,,1,1,False,False,False
filetab-d,filetab-d,pldb,,1,1,False,False,False
FILO,filo,esolang,,1,1,False,False,False
Filska,filska,esolang,,1,1,False,False,False
Filth,filth,esolang,,1,1,False,False,False
Finder,finder,esolang,,1,1,False,False,False
Fingerfuck,fingerfuck,esolang,,1,1,False,False,False
Finite Countermodel Machine,finite-countermodel-machine,esolang,,1,1,False,False,False
Finite Groups,finite-groups,esolang,,1,1,False,False,False
Finite looping automaton,finite-looping-automaton,esolang,,1,1,False,False,False
Finite State Brainfuck,finite-state-brainfuck,esolang,,1,1,False,False,False
"Finite-state mach... wait, WHAT!?",finite-state-mach...-wait-what,esolang,,1,1,False,False,False
Finites at Fredy's,finites-at-fredy-s,esolang,,1,1,False,False,False
Finity,finity,esolang,,1,1,False,False,False
Finvara,finvara,esolang,,1,1,False,False,False
firebase,firebase,pldb,,1,1,False,False,False
Firefly,firefly,esolang,,1,1,False,False,False
firefox,firefox,pldb,,1,1,False,False,False
FireStarter,firestarter,esolang,,1,1,False,False,False
First,first,esolang,,1,1,False,False,False
First.go,first.go,esolang,,1,1,False,False,False
Firstreplace,firstreplace,esolang,,1,1,False,False,False
Fish Chips and Mushy Peas,fish-chips-and-mushy-peas,esolang,,1,1,False,False,False
Fish Code,fish-code,esolang,,1,1,False,False,False
FISH WALKING 🚶,fish-walking,esolang,,1,1,False,False,False
Fishheads,fishheads,esolang,,1,1,False,False,False
Fishing,fishing,esolang,,1,1,False,False,False
Fishing Minigame,fishing-minigame,esolang,,1,1,False,False,False
fishlang,fishlang,pldb,,1,1,False,False,False
FISHQ9+,fishq9+,esolang,,1,1,False,False,False
FishScript,fishscript,esolang,,1,1,False,False,False
Fishstacks,fishstacks,esolang,,1,1,False,False,False
Fist,fist,esolang,,1,1,False,False,False
Fit,fit,esolang,,1,1,False,False,False
Five,five,esolang,,1,1,False,False,False
FixxBuxx,fixxbuxx,esolang,,1,1,False,False,False
fizz,fizz,pldb,,1,1,False,False,False
Fizzbuzz,fizzbuzz,esolang,,1,1,False,False,False
FizzLang,fizzlang,esolang,,1,1,False,False,False
FizzLang Unbounded,fizzlang-unbounded,esolang,,1,1,False,False,False
fjs,fjs,pldb,,1,1,False,False,False
FJZ,fjz,esolang,,1,1,False,False,False
Flag,flag,esolang,,1,1,False,False,False
Flame,flame,esolang,,1,1,False,False,False
flame-ir,flame-ir,pldb,,1,1,False,False,False
flang,flang,pldb,,1,1,False,False,False
flare,flare,pldb,,1,1,False,False,False
Flarp,flarp,esolang,,1,1,False,False,False
Flasmi,flasmi,esolang,,1,1,False,False,False
Flatland,flatland,esolang,,1,1,False,False,False
fleck,fleck,pldb,,1,1,False,False,False
flengpp,flengpp,pldb,,1,1,False,False,False
flex-lang,flex-lang,pldb,,1,1,False,False,False
flexbuffers,flexbuffers,pldb,,1,1,False,False,False
flexml,flexml,pldb,,1,1,False,False,False
flic,flic,pldb,,1,1,False,False,False
Flij,flij,esolang,,1,1,False,False,False
FlinnScrip,flinnscrip,esolang,,1,1,False,False,False
FlinnStack,flinnstack,esolang,,1,1,False,False,False
FlipFlop,flipflop,esolang,,1,1,False,False,False
Flipfractal,flipfractal,esolang,,1,1,False,False,False
FlipJump,flipjump,esolang,,1,1,False,False,False
Flippant,flippant,esolang,,1,1,False,False,False
Flipscript,flipscript,esolang,,1,1,False,False,False
Fliqt,fliqt,esolang,,1,1,False,False,False
Flkl,flkl,esolang,,1,1,False,False,False
Floater,floater,esolang,,1,1,False,False,False
Flobnar,flobnar,esolang,,1,1,False,False,False
FlogScript,flogscript,esolang,,1,1,False,False,False
FLOLCODE,flolcode,esolang,,1,1,False,False,False
Flooding Waterfall Model,flooding-waterfall-model,esolang,,1,1,False,False,False
Floof,floof,esolang,,1,1,False,False,False
Floor,floor,esolang,,1,1,False,False,False
flora,flora,pldb,,1,1,False,False,False
floral,floral,pldb,,1,1,False,False,False
Flow chart,flow-chart,esolang,,1,1,False,False,False
Flow chart language,flow-chart-language,wikipedia,,1,1,False,False,False
Flow of Holes,flow-of-holes,esolang,,1,1,False,False,False
Flow Uncontrolled,flow-uncontrolled,esolang,,1,1,False,False,False
Flowchart,flowchart,esolang,,1,1,False,False,False
flowchart-fun,flowchart-fun,pldb,,1,1,False,False,False
Flower (Archived),flower-archived,esolang,,1,1,False,False,False
flowgorithm,flowgorithm,pldb,,1,1,False,False,False
flownet,flownet,pldb,,1,1,False,False,False
flownote,flownote,pldb,,1,1,False,False,False
flua,flua,pldb,,1,1,False,False,False
Fluent,fluent,linguist,.ftl,1,1,False,False,False
Fluffle Puff,fluffle-puff,esolang,,1,1,False,False,False
Flump,flump,esolang,,1,1,False,False,False
Flurry,flurry,esolang,,1,1,False,False,False
flutter,flutter,pldb,,1,1,False,False,False
Flux (Esolangist),flux-esolangist,esolang,,1,1,False,False,False
flux-lang,flux-lang,pldb,,1,1,False,False,False
fm-standard,fm-standard,pldb,,1,1,False,False,False
FME,fme,esolang,,1,1,False,False,False
fmj,fmj,pldb,,1,1,False,False,False
fml,fml,pldb,,1,1,False,False,False
fml-lang,fml-lang,pldb,,1,1,False,False,False
fo,fo,pldb,,1,1,False,False,False
foaf,foaf,pldb,,1,1,False,False,False
Fob,fob,esolang,,1,1,False,False,False
Focal-2D,focal-2d,esolang,,1,1,False,False,False
Fohc,fohc,esolang,,1,1,False,False,False
Folder,folder,esolang,,1,1,False,False,False
FolderCode,foldercode,esolang,,1,1,False,False,False
FOLDERS text,folders-text,esolang,,1,1,False,False,False
Foldy,foldy,esolang,,1,1,False,False,False
Fontmess,fontmess,esolang,,1,1,False,False,False
Fontpride,fontpride,esolang,,1,1,False,False,False
"Foo : The term 'foo' is not recognized as the name of a cmdlet, function, script file, or operable program. Check the spelling of the name, or if a path was included, verify that the path is correct and try again.",foo-the-term-foo-is-not-recognized-as-the-name-of-a-cmdlet-function-script-file-or-operable-program.-check-the-spelling-of-the-name-or-if-a-path-was-included-verify-that-the-path-is-correct-and-try-again.,esolang,,1,1,False,False,False
"Foobar and Foobaz and Barbaz, oh my!",foobar-and-foobaz-and-barbaz-oh-my,esolang,,1,1,False,False,False
foogol,foogol,pldb,,1,1,False,False,False
Fool,fool,esolang,,1,1,False,False,False
Fool (Maxsteele2),fool-maxsteele2,esolang,,1,1,False,False,False
FoolFuck,foolfuck,esolang,,1,1,False,False,False
FooProg,fooprog,esolang,,1,1,False,False,False
Footsteps,footsteps,esolang,,1,1,False,False,False
Forþ,for,esolang,,1,1,False,False,False
"For(T,R,A,N",for-t-r-a-n,esolang,,1,1,False,False,False
For The Worthy,for-the-worthy,esolang,,1,1,False,False,False
foral,foral,pldb,,1,1,False,False,False
foral-lp,foral-lp,pldb,,1,1,False,False,False
forall,forall,pldb,,1,1,False,False,False
Forbin,forbin,esolang,,1,1,False,False,False
Force of Arch,force-of-arch,esolang,,1,1,False,False,False
Foreach,foreach,esolang,,1,1,False,False,False
Foresolang,foresolang,esolang,,1,1,False,False,False
Forest,forest,esolang,,1,1,False,False,False
forest-database,forest-database,pldb,,1,1,False,False,False
forest-lang,forest-lang,pldb,,1,1,False,False,False
Forever,forever,esolang,,1,1,False,False,False
forgebox-pm,forgebox-pm,pldb,,1,1,False,False,False
Forget,forget,esolang,,1,1,False,False,False
Forget Me Not,forget-me-not,esolang,,1,1,False,False,False
ForgottenV,forgottenv,esolang,,1,1,False,False,False
fork-lang,fork-lang,pldb,,1,1,False,False,False
fork95,fork95,pldb,,1,1,False,False,False
Forked,forked,esolang,,1,1,False,False,False
Forks & Forks,forks-forks,esolang,,1,1,False,False,False
ForkStack,forkstack,esolang,,1,1,False,False,False
Formatted,formatted,linguist,.eam.fs .for,1,1,True,False,False
formatted-table,formatted-table,pldb,,1,1,False,False,False
Formin,formin,esolang,,1,1,False,False,False
forml,forml,pldb,,1,1,False,False,False
forms-3,forms-3,pldb,,1,1,False,False,False
Forobj,forobj,esolang,,1,1,False,False,False
Forte,forte,esolang,,1,1,False,False,False
forte-4gl,forte-4gl,pldb,,1,1,False,False,False
forthnet-pm,forthnet-pm,pldb,,1,1,False,False,False
Forthrooms,forthrooms,esolang,,1,1,False,False,False
forthscript,forthscript,pldb,,1,1,False,False,False
Fortob,fortob,esolang,,1,1,False,False,False
fortran-77,fortran-77,pldb,,1,1,False,False,False
fortran-8x,fortran-8x,pldb,,1,1,False,False,False
fortran-90,fortran-90,pldb,,1,1,False,False,False
fortran-cep,fortran-cep,pldb,,1,1,False,False,False
fortran-d,fortran-d,pldb,,1,1,False,False,False
fortran-ii,fortran-ii,pldb,,1,1,False,False,False
fortran-iii,fortran-iii,pldb,,1,1,False,False,False
fortran-iv,fortran-iv,pldb,,1,1,False,False,False
fortran-m,fortran-m,pldb,,1,1,False,False,False
Fortuna,fortuna,esolang,,1,1,False,False,False
Forwards,forwards,esolang,,1,1,False,False,False
ForWhile,forwhile,esolang,,1,1,False,False,False
FOS-X,fos-x,esolang,,1,1,False,False,False
FOSCode,foscode,esolang,,1,1,False,False,False
FOSMOL,fosmol,esolang,,1,1,False,False,False
fossil,fossil,pldb,,1,1,False,False,False
Foton,foton,esolang,,1,1,False,False,False
foundry,foundry,pldb,,1,1,False,False,False
Four,four,esolang,,1,1,False,False,False
Fourfuck,fourfuck,esolang,,1,1,False,False,False
Fourier,fourier,esolang,,1,1,False,False,False
FourQueue,fourqueue,esolang,,1,1,False,False,False
fox,fox,pldb,,1,1,False,False,False
FP trivia,fp-trivia,esolang,,1,1,False,False,False
fp2,fp2,pldb,,1,1,False,False,False
fp3,fp3,pldb,,1,1,False,False,False
fpgac,fpgac,pldb,,1,1,False,False,False
fpp,fpp,pldb,,1,1,False,False,False
Frackit,frackit,esolang,,1,1,False,False,False
Fractal,fractal,esolang,,1,1,False,False,False
Fractran++,fractran-plus-plus,esolang,,1,1,False,False,False
Fragile,fragile,esolang,,1,1,False,False,False
FrainBuck--,frainbuck,esolang,,1,1,False,False,False
FRAK,frak,esolang,,1,1,False,False,False
frame,frame,pldb,,1,1,False,False,False
framework-office-suite,framework-office-suite,pldb,,1,1,False,False,False
FrancePROG,franceprog,esolang,,1,1,False,False,False
frank-lang,frank-lang,pldb,,1,1,False,False,False
Free,free,esolang,,1,1,False,False,False
Free Esolang,free-esolang,esolang,,1,1,False,False,False
free-pascal,free-pascal,pldb,,1,1,False,False,False
Free2Edit,free2edit,esolang,,1,1,False,False,False
freebsd,freebsd,pldb,,1,1,False,False,False
freecad,freecad,pldb,,1,1,False,False,False
Freestajlo,freestajlo,esolang,,1,1,False,False,False
fresco,fresco,pldb,,1,1,False,False,False
Frigate,frigate,esolang,,1,1,False,False,False
Fringespeak,fringespeak,esolang,,1,1,False,False,False
!frjnrehrbwgyrigbyieurgbyfaerkhbvrwgtr.,frjnrehrbwgyrigbyieurgbyfaerkhbvrwgtr.,esolang,,1,1,False,False,False
Frog,frog,esolang,,1,1,False,False,False
FROM HERE TO THERE,from-here-to-there,esolang,,1,1,False,False,False
Fromage,fromage,esolang,,1,1,False,False,False
!Frontal Lobe Lobotomy,frontal-lobe-lobotomy,esolang,,1,1,False,False,False
FrontFlip,frontflip,esolang,,1,1,False,False,False
frost,frost,pldb,,1,1,False,False,False
FROSTWIRE-666,frostwire-666,esolang,,1,1,False,False,False
Frosty,frosty,esolang,,1,1,False,False,False
fructure-editor,fructure-editor,pldb,,1,1,False,False,False
Frums,frums,esolang,,1,1,False,False,False
frundis,frundis,pldb,,1,1,False,False,False
Fscratch,fscratch,esolang,,1,1,False,False,False
fsl,fsl,pldb,,1,1,False,False,False
Fsx,fsx,esolang,,1,1,False,False,False
Ftack,ftack,esolang,,1,1,False,False,False
FThue,fthue,esolang,,1,1,False,False,False
ftp,ftp,pldb,,1,1,False,False,False
FU,fu,esolang,,1,1,False,False,False
!!Fuck,fuck,esolang,,1,1,False,False,False
Fuck you!,fuck-you,esolang,,1,1,False,False,False
FUCK YOU VIBEZONDISCORD,fuck-you-vibezondiscord,esolang,,1,1,False,False,False
Fuck-brain,fuck-brain,esolang,,1,1,False,False,False
Fuck4,fuck4,esolang,,1,1,False,False,False
FuckbeEs,fuckbees,esolang,,1,1,False,False,False
FuckBrain,fuckbrain,esolang,,1,1,False,False,False
FuckBrainfuck,fuckbrainfuck,esolang,,1,1,False,False,False
Fucker,fucker,esolang,,1,1,False,False,False
Fuckfuck,fuckfuck,esolang,,1,1,False,False,False
Fuckgoid,fuckgoid,esolang,,1,1,False,False,False
Fuckhard,fuckhard,esolang,,1,1,False,False,False
Fucking Assembly Geniusness,fucking-assembly-geniusness,esolang,,1,1,False,False,False
FuckPack,fuckpack,esolang,,1,1,False,False,False
FuckPutin,fuckputin,esolang,,1,1,False,False,False
Fuckscript,fuckscript,esolang,,1,1,False,False,False
Fuckshitfuck,fuckshitfuck,esolang,,1,1,False,False,False
Fucktion,fucktion,esolang,,1,1,False,False,False
Fueue,fueue,esolang,,1,1,False,False,False
Fugue,fugue,esolang,,1,1,False,False,False
FukYorBrane,fukyorbrane,esolang,,1,1,False,False,False
Full 0,full-0,esolang,,1,1,False,False,False
Full Stack,full-stack,esolang,,1,1,False,False,False
FullFuck,fullfuck,esolang,,1,1,False,False,False
Fumber,fumber,esolang,,1,1,False,False,False
Fumble,fumble,esolang,,1,1,False,False,False
Fun 2 code,fun-2-code,esolang,,1,1,False,False,False
Fun Craft,fun-craft,esolang,,1,1,False,False,False
Func++,func-plus-plus,esolang,,1,1,False,False,False
Funcinton,funcinton,esolang,,1,1,False,False,False
Funciton,funciton,esolang,,1,1,False,False,False
Functasy,functasy,esolang,,1,1,False,False,False
Function x(y),function-x-y,esolang,,1,1,False,False,False
function-block-diagram,function-block-diagram,pldb,,1,1,False,False,False
Functionable,functionable,esolang,,1,1,False,False,False
FunctionaI,functionai,esolang,,1,1,False,False,False
Functional,functional,esolang,,1,1,False,False,False
Functional deadfish,functional-deadfish,esolang,,1,1,False,False,False
Functional Struct Language,functional-struct-language,esolang,,1,1,False,False,False
Functionality,functionality,esolang,,1,1,False,False,False
FunctionsFTW,functionsftw,esolang,,1,1,False,False,False
Functoid,functoid,esolang,,1,1,False,False,False
Functoin,functoin,esolang,,1,1,False,False,False
Functress,functress,esolang,,1,1,False,False,False
Fungeball,fungeball,esolang,,1,1,False,False,False
Fungewars,fungewars,esolang,,1,1,False,False,False
Fungraph,fungraph,esolang,,1,1,False,False,False
Funicoton,funicoton,esolang,,1,1,False,False,False
Fünke,funke,esolang,,1,1,False,False,False
Funky,funky,esolang,,1,1,False,False,False
FunnyLang,funnylang,esolang,,1,1,False,False,False
FurASM,furasm,esolang,,1,1,False,False,False
Furcode,furcode,esolang,,1,1,False,False,False
FURscript,furscript,esolang,,1,1,False,False,False
Fusion Tag,fusion-tag,esolang,,1,1,False,False,False
Fusionscript,fusionscript,esolang,,1,1,False,False,False
FuSS,fuss,esolang,,1,1,False,False,False
Futhark (programming language),futhark-programming-language,wikipedia,,1,1,False,False,False
futurescript,futurescript,pldb,,1,1,False,False,False
Futuri,futuri,esolang,,1,1,False,False,False
Fuun DNA,fuun-dna,esolang,,1,1,False,False,False
Fuun RNA,fuun-rna,esolang,,1,1,False,False,False
Fuzzy Brainfuck,fuzzy-brainfuck,esolang,,1,1,False,False,False
fuzzyclips,fuzzyclips,pldb,,1,1,False,False,False
fxml,fxml,pldb,,1,1,False,False,False
fxscript,fxscript,pldb,,1,1,False,False,False
FXYT,fxyt,esolang,,1,1,False,False,False
Fysh,fysh,esolang,,1,1,False,False,False
Fzzbzz,fzzbzz,esolang,,1,1,False,False,False
G,g,esolang,,1,1,False,False,False
G arD^EN CorUtY@rD,g-ard-en-coruty-rd,esolang,,1,1,False,False,False
G Sharp,g-sharp,esolang,,1,1,False,False,False
G+*^n,g+-n,esolang,,1,1,False,False,False
g-2,g-2,pldb,,1,1,False,False,False
g-expressions,g-expressions,pldb,,1,1,False,False,False
g-portugol,g-portugol,pldb,,1,1,False,False,False
G85,g85,esolang,,1,1,False,False,False
Gabuzomeu,gabuzomeu,esolang,,1,1,False,False,False
gaea,gaea,pldb,,1,1,False,False,False
gaiman,gaiman,pldb,,1,1,False,False,False
galaksija-basic,galaksija-basic,pldb,,1,1,False,False,False
Galang!!,galang,esolang,,1,1,False,False,False
Galveston,galveston,esolang,,1,1,False,False,False
game,game,pldb,,1,1,False,False,False
Game of Life,game-of-life,esolang,,1,1,False,False,False
game-oriented-assembly-lisp,game-oriented-assembly-lisp,pldb,,1,1,False,False,False
Gamelang,gamelang,esolang,,1,1,False,False,False
gamemonkey-script,gamemonkey-script,pldb,,1,1,False,False,False
gamerlanguage,gamerlanguage,pldb,,1,1,False,False,False
Games i made up with triangle magnets that i turned into brainfuck encodings,games-i-made-up-with-triangle-magnets-that-i-turned-into-brainfuck-encodings,esolang,,1,1,False,False,False
GameState,gamestate,esolang,,1,1,False,False,False
Gammaplex,gammaplex,esolang,,1,1,False,False,False
Gaot++,gaot-plus-plus,esolang,,1,1,False,False,False
Gar,gar,esolang,,1,1,False,False,False
Garbage,garbage,esolang,,1,1,False,False,False
gargoyle,gargoyle,pldb,,1,1,False,False,False
garp,garp,pldb,,1,1,False,False,False
GASOIL,gasoil,esolang,,1,1,False,False,False
gasp-ii,gasp-ii,pldb,,1,1,False,False,False
gat,gat,pldb,,1,1,False,False,False
Gate,gate,esolang,,1,1,False,False,False
gauss-flux-equation,gauss-flux-equation,pldb,,1,1,False,False,False
gauss-magnetism-equation,gauss-magnetism-equation,pldb,,1,1,False,False,False
gaussfit,gaussfit,pldb,,1,1,False,False,False
GAXT,gaxt,esolang,,1,1,False,False,False
Gb gates RISC,gb-gates-risc,esolang,,1,1,False,False,False
Gbagbo,gbagbo,esolang,,1,1,False,False,False
¡Gbbprosk!,gbbprosk,esolang,,1,1,False,False,False
gcc,gcc,pldb,,1,1,False,False,False
gcla-ii,gcla-ii,pldb,,1,1,False,False,False
gcp,gcp,pldb,,1,1,False,False,False
gdata,gdata,pldb,,1,1,False,False,False
gdpl,gdpl,pldb,,1,1,False,False,False
GDShader,gdshader,linguist,.gdshader .gdshaderinc,1,1,False,False,False
Gdy Brainfuck,gdy-brainfuck,esolang,,1,1,False,False,False
geany-editor,geany-editor,pldb,,1,1,False,False,False
Gearbox,gearbox,esolang,,1,1,False,False,False
GEDCOM,gedcom,linguist,.ged,1,1,False,False,False
gedit-editor,gedit-editor,pldb,,1,1,False,False,False
Geharrewar,geharrewar,esolang,,1,1,False,False,False
gellish,gellish,pldb,,1,1,False,False,False
gello,gello,pldb,,1,1,False,False,False
gem,gem,pldb,,1,1,False,False,False
Gemfile.lock,gemfile.lock,linguist,,1,1,False,False,False
gemini-protocol,gemini-protocol,pldb,,1,1,False,False,False
Gemooy,gemooy,esolang,,1,1,False,False,False
GEMROOTD,gemrootd,esolang,,1,1,False,False,False
gemtext,gemtext,pldb,,1,1,False,False,False
Gen Alpha,gen-alpha,esolang,,1,1,False,False,False
Gen Alpha Brainrot,gen-alpha-brainrot,esolang,,1,1,False,False,False
Gene,gene,esolang,,1,1,False,False,False
Genera Tag,genera-tag,esolang,,1,1,False,False,False
General Compute Coprocessor,general-compute-coprocessor,esolang,,1,1,False,False,False
general-algebraic-modeling-system,general-algebraic-modeling-system,pldb,,1,1,False,False,False
General-purpose programming language,general-purpose-programming-language,wikipedia,,1,1,False,False,False
generate-ninja,generate-ninja,pldb,,1,1,False,False,False
Generic 2D Befunge,generic-2d-befunge,esolang,,1,1,False,False,False
Generic 2D Brainfuck,generic-2d-brainfuck,esolang,,1,1,False,False,False
generic-haskell,generic-haskell,pldb,,1,1,False,False,False
GenericLang,genericlang,esolang,,1,1,False,False,False
Genero 4gl,genero-4gl,linguist,.4gl,1,1,False,False,False
Genero per,genero-per,linguist,.per,1,1,False,False,False
Genesis,genesis,esolang,,1,1,False,False,False
Genetic,genetic,esolang,,1,1,False,False,False
Genewrath,genewrath,esolang,,1,1,False,False,False
genius-extension-language,genius-extension-language,pldb,,1,1,False,False,False
Genome,genome,esolang,,1,1,False,False,False
genshi-text,genshi-text,pldb,,1,1,False,False,False
gentran,gentran,pldb,,1,1,False,False,False
gentran-90,gentran-90,pldb,,1,1,False,False,False
Gentzen,gentzen,esolang,,1,1,False,False,False
Geo,geo,esolang,,1,1,False,False,False
geo-ml,geo-ml,pldb,,1,1,False,False,False
GeoFuck,geofuck,esolang,,1,1,False,False,False
geogebra,geogebra,pldb,,1,1,False,False,False
Geography table,geography-table,esolang,,1,1,False,False,False
geojson,geojson,pldb,,1,1,False,False,False
Geolang,geolang,esolang,,1,1,False,False,False
Geom,geom,esolang,,1,1,False,False,False
Geom++,geom-plus-plus,esolang,,1,1,False,False,False
Geometry,geometry,esolang,,1,1,False,False,False
Geometry Dash,geometry-dash,esolang,,1,1,False,False,False
Geometryjunp,geometryjunp,esolang,,1,1,False,False,False
geomview,geomview,pldb,,1,1,False,False,False
GEORGE (programming language),george-programming-language,wikipedia,,1,1,False,False,False
Ger,ger,esolang,,1,1,False,False,False
gerald,gerald,pldb,,1,1,False,False,False
GERMAN,german,esolang,,1,1,False,False,False
germinal,germinal,pldb,,1,1,False,False,False
getlang,getlang,pldb,,1,1,False,False,False
Getterlang,getterlang,esolang,,1,1,False,False,False
gettext,gettext,pldb,,1,1,False,False,False
GetWhen,getwhen,esolang,,1,1,False,False,False
gfa-basic,gfa-basic,pldb,,1,1,False,False,False
gff-format,gff-format,pldb,,1,1,False,False,False
gfoo,gfoo,pldb,,1,1,False,False,False
gfs,gfs,pldb,,1,1,False,False,False
ggplot2,ggplot2,pldb,,1,1,False,False,False
/gɹəʊguː/,ggu,esolang,,1,1,False,False,False
ghidra-decompiler,ghidra-decompiler,pldb,,1,1,False,False,False
GHOST,ghost,esolang,,1,1,False,False,False
GHost CPU,ghost-cpu,esolang,,1,1,False,False,False
ghostscript,ghostscript,pldb,,1,1,False,False,False
Ghoti,ghoti,esolang,,1,1,False,False,False
Gibberish/JavaScript,gibberish-javascript,esolang,,1,1,False,False,False
Gibberish (programming language),gibberish-programming-language,esolang,,1,1,False,False,False
GibMeRol,gibmerol,esolang,,1,1,False,False,False
gif,gif,pldb,,1,1,False,False,False
GIFt,gift,esolang,,1,1,False,False,False
Gifunk,gifunk,esolang,,1,1,False,False,False
GIMME CODE,gimme-code,esolang,,1,1,False,False,False
gimple,gimple,pldb,,1,1,False,False,False
gintonic,gintonic,pldb,,1,1,False,False,False
Gisa,gisa,esolang,,1,1,False,False,False
gist,gist,pldb,,1,1,False,False,False
git,git,pldb,,1,1,False,False,False
Git Attributes,git-attributes,linguist,,1,2,True,False,False
Git Commit,git-commit,linguist,,1,2,False,False,False
Git Revision List,git-revision-list,linguist,,1,2,False,False,False
gitignore,gitignore,pldb,,1,1,False,False,False
gks,gks,pldb,,1,1,False,False,False
Glassman,glassman,esolang,,1,1,False,False,False
Glava,glava,esolang,,1,1,False,False,False
Gleam (programming language),gleam-programming-language,wikipedia,,1,1,False,False,False
glide,glide,pldb,,1,1,False,False,False
Glimmer TS,glimmer-ts,linguist,.gts,1,2,False,False,False
glisp,glisp,pldb,,1,1,False,False,False
Glitch,glitch,esolang,,1,1,False,False,False
glitch-editor,glitch-editor,pldb,,1,1,False,False,False
glms,glms,pldb,,1,1,False,False,False
Globe,globe,esolang,,1,1,False,False,False
Globglogabgalab,globglogabgalab,esolang,,1,1,False,False,False
gloss,gloss,pldb,,1,1,False,False,False
glpk-lib,glpk-lib,pldb,,1,1,False,False,False
gltf,gltf,pldb,,1,1,False,False,False
glu,glu,pldb,,1,1,False,False,False
glue-nail,glue-nail,pldb,,1,1,False,False,False
glush,glush,pldb,,1,1,False,False,False
Glutton,glutton,esolang,,1,1,False,False,False
GlyphCode,glyphcode,esolang,,1,1,False,False,False
Glypho,glypho,esolang,,1,1,False,False,False
gnome-basic,gnome-basic,pldb,,1,1,False,False,False
GnomeLang,gnomelang,esolang,,1,1,False,False,False
gns,gns,pldb,,1,1,False,False,False
GNU Emacs Manual,gnu-emacs-manual,pldb,,1,1,False,False,False
gnu-e,gnu-e,pldb,,1,1,False,False,False
gnu-emacs-editor,gnu-emacs-editor,pldb,,1,1,False,False,False
gnu-rtl,gnu-rtl,pldb,,1,1,False,False,False
Go back,go-back,esolang,,1,1,False,False,False
Go Checksums,go-checksums,linguist,,1,5,False,False,False
Go Module,go-module,linguist,,1,3,False,False,False
Go Workspace,go-workspace,linguist,,1,3,False,False,False
Goatoo,goatoo,esolang,,1,1,False,False,False
GoDDS - Graph of Distributed Data Structures,godds---graph-of-distributed-data-structures,esolang,,1,1,False,False,False
Gödelang,godelang,esolang,,1,1,False,False,False
Gödelfish,godelfish,esolang,,1,1,False,False,False
Godencode,godencode,esolang,,1,1,False,False,False
Godot Resource,godot-resource,linguist,.gdnlib .gdns .tres .tscn,1,1,False,False,False
godot-game-engine,godot-game-engine,pldb,,1,1,False,False,False
GodScript,godscript,esolang,,1,1,False,False,False
Gofe,gofe,esolang,,1,1,False,False,False
gogs-editor,gogs-editor,pldb,,1,1,False,False,False
gold-linker,gold-linker,pldb,,1,1,False,False,False
Golden sunrise,golden-sunrise,esolang,,1,1,False,False,False
Goldfish,goldfish,esolang,,1,1,False,False,False
Goldfuck,goldfuck,esolang,,1,1,False,False,False
Golf (A),golf-a,esolang,,1,1,False,False,False
Golf Cheat,golf-cheat,esolang,,1,1,False,False,False
Golfed!,golfed,esolang,,1,1,False,False,False
GolfGolf,golfgolf,esolang,,1,1,False,False,False
GolfJoke,golfjoke,esolang,,1,1,False,False,False
Golfrun,golfrun,esolang,,1,1,False,False,False
GolfScratch,golfscratch,esolang,,1,1,False,False,False
GolfSpace,golfspace,esolang,,1,1,False,False,False
GolfText,golftext,esolang,,1,1,False,False,False
Golfuck,golfuck,esolang,,1,1,False,False,False
GolFunc,golfunc,esolang,,1,1,False,False,False
Golunar,golunar,esolang,,1,1,False,False,False
GomorraSQL,gomorrasql,esolang,,1,1,False,False,False
Goofy Ahh Esolang,goofy-ahh-esolang,esolang,,1,1,False,False,False
Goog,goog,esolang,,1,1,False,False,False
google-apps-script,google-apps-script,pldb,,1,1,False,False,False
google-cloud,google-cloud,pldb,,1,1,False,False,False
google-cloud-mysql,google-cloud-mysql,pldb,,1,1,False,False,False
google-data-studio-app,google-data-studio-app,pldb,,1,1,False,False,False
google-sheets-app,google-sheets-app,pldb,,1,1,False,False,False
goql,goql,pldb,,1,1,False,False,False
Gora,gora,esolang,,1,1,False,False,False
GORBITSA,gorbitsa,esolang,,1,1,False,False,False
Gorispace,gorispace,esolang,,1,1,False,False,False
Goruby,goruby,esolang,,1,1,False,False,False
gospel,gospel,pldb,,1,1,False,False,False
Goto,goto,esolang,,1,1,False,False,False
GOTO 10,goto-10,esolang,,1,1,False,False,False
Goto Considered Harmless,goto-considered-harmless,esolang,,1,1,False,False,False
Goto machine,goto-machine,esolang,,1,1,False,False,False
GOTO++,goto-plus-plus,esolang,,1,1,False,False,False
GotoFuck,gotofuck,esolang,,1,1,False,False,False
Gotohell,gotohell,esolang,,1,1,False,False,False
GotoLang,gotolang,esolang,,1,1,False,False,False
GotoScript,gotoscript,esolang,,1,1,False,False,False
GotoStart,gotostart,esolang,,1,1,False,False,False
Gottlob,gottlob,esolang,,1,1,False,False,False
Govnom Srat' Pomojet Letat',govnom-srat-pomojet-letat,esolang,,1,1,False,False,False
gpds,gpds,pldb,,1,1,False,False,False
gpgs,gpgs,pldb,,1,1,False,False,False
GPNS,gpns,esolang,,1,1,False,False,False
GPRX 3000,gprx-3000,esolang,,1,1,False,False,False
gps,gps,pldb,,1,1,False,False,False
gpss-360,gpss-360,pldb,,1,1,False,False,False
gpss-85,gpss-85,pldb,,1,1,False,False,False
gpss-fortran,gpss-fortran,pldb,,1,1,False,False,False
GPTLang,gptlang,esolang,,1,1,False,False,False
graal,graal,pldb,,1,1,False,False,False
grad-assistant,grad-assistant,pldb,,1,1,False,False,False
Gradle Kotlin DSL,gradle-kotlin-dsl,linguist,.gradle.kts,1,1,False,False,False
GrainFimple,grainfimple,esolang,,1,1,False,False,False
Grammar,grammar,esolang,,1,1,False,False,False
GraNoLa/M,granola-m,esolang,,1,1,False,False,False
Graph Oriented Fictional Computer,graph-oriented-fictional-computer,esolang,,1,1,False,False,False
graph-it,graph-it,pldb,,1,1,False,False,False
grapheasy,grapheasy,pldb,,1,1,False,False,False
Grapheme,grapheme,esolang,,1,1,False,False,False
Graphene,graphene,esolang,,1,1,False,False,False
Graphical Brainfuck,graphical-brainfuck,esolang,,1,1,False,False,False
graphics-basic,graphics-basic,pldb,,1,1,False,False,False
graphlog,graphlog,pldb,,1,1,False,False,False
graphml,graphml,pldb,,1,1,False,False,False
Graphopytha,graphopytha,esolang,,1,1,False,False,False
graphos,graphos,pldb,,1,1,False,False,False
graphql-plus-minus,graphql-plus-minus,pldb,,1,1,False,False,False
Graphwalk,graphwalk,esolang,,1,1,False,False,False
graqula,graqula,pldb,,1,1,False,False,False
Grasp,grasp,esolang,,1,1,False,False,False
Grass (2),grass-2,esolang,,1,1,False,False,False
Gravbox,gravbox,esolang,,1,1,False,False,False
Graverage,graverage,esolang,,1,1,False,False,False
Gravilang,gravilang,esolang,,1,1,False,False,False
GravitaSumma,gravitasumma,esolang,,1,1,False,False,False
gravity-equation,gravity-equation,pldb,,1,1,False,False,False
Grawlix,grawlix,esolang,,1,1,False,False,False
Gray Snail,gray-snail,esolang,,1,1,False,False,False
greek-numerals,greek-numerals,pldb,,1,1,False,False,False
green,green,pldb,,1,1,False,False,False
GreenBerry,greenberry,esolang,,1,1,False,False,False
greenplum,greenplum,pldb,,1,1,False,False,False
Greentext,greentext,esolang,,1,1,False,False,False
greet,greet,pldb,,1,1,False,False,False
Greg,greg,esolang,,1,1,False,False,False
Gregor's Answer,gregor-s-answer,esolang,,1,1,False,False,False
Gregorovich,gregorovich,esolang,,1,1,False,False,False
Gregušová-Korec universal Minsky machine,gregusova-korec-universal-minsky-machine,esolang,,1,1,False,False,False
grep,grep,pldb,,1,1,False,False,False
GRG,grg,esolang,,1,1,False,False,False
Grid,grid,esolang,,1,1,False,False,False
Grid logic,grid-logic,esolang,,1,1,False,False,False
grid-notation,grid-notation,pldb,,1,1,False,False,False
GridJSON,gridjson,esolang,,1,1,False,False,False
GridRun,gridrun,esolang,,1,1,False,False,False
GridScript,gridscript,esolang,,1,1,False,False,False
gridstudio-editor,gridstudio-editor,pldb,,1,1,False,False,False
Grill Tag,grill-tag,esolang,,1,1,False,False,False
Grime MC,grime-mc,esolang,,1,1,False,False,False
Grits,grits,esolang,,1,1,False,False,False
grml,grml,pldb,,1,1,False,False,False
Grocery List,grocery-list,esolang,,1,1,False,False,False
groff-mom,groff-mom,pldb,,1,1,False,False,False
Grok,grok,esolang,,1,1,False,False,False
groove,groove,pldb,,1,1,False,False,False
Grounded,grounded,esolang,,1,1,False,False,False
grouplog,grouplog,pldb,,1,1,False,False,False
Grow Tree,grow-tree,esolang,,1,1,False,False,False
GRPE,grpe,esolang,,1,1,False,False,False
Grr,grr,esolang,,1,1,False,False,False
GRUBBY,grubby,esolang,,1,1,False,False,False
Grue,grue,esolang,,1,1,False,False,False
grunt,grunt,pldb,,1,1,False,False,False
Grusom Skjebne,grusom-skjebne,esolang,,1,1,False,False,False
Gs2,gs2,esolang,,1,1,False,False,False
gsbl,gsbl,pldb,,1,1,False,False,False
GSC,gsc,linguist,.csc .gsc .gsh,1,1,False,False,False
Gstvnts,gstvnts,esolang,,1,1,False,False,False
GTA6,gta6,esolang,,1,1,False,False,False
GTF,gtf,esolang,,1,1,False,False,False
gtf-format,gtf-format,pldb,,1,1,False,False,False
Gtltem,gtltem,esolang,,1,1,False,False,False
Guava,guava,esolang,,1,1,False,False,False
Guess,guess,esolang,,1,1,False,False,False
Guh,guh,esolang,,1,1,False,False,False
GUI4BF,gui4bf,esolang,,1,1,False,False,False
guide,guide,pldb,,1,1,False,False,False
guido-music-notation,guido-music-notation,pldb,,1,1,False,False,False
guix,guix,pldb,,1,1,False,False,False
GuLang,gulang,esolang,,1,1,False,False,False
Gulf,gulf,esolang,,1,1,False,False,False
Gulp,gulp,esolang,,1,1,False,False,False
Gummy Bear,gummy-bear,esolang,,1,1,False,False,False
gun,gun,pldb,,1,1,False,False,False
Gur yvsr,gur-yvsr,esolang,,1,1,False,False,False
Gurling,gurling,esolang,,1,1,False,False,False
gurobi,gurobi,pldb,,1,1,False,False,False
gvl,gvl,pldb,,1,1,False,False,False
gwl,gwl,pldb,,1,1,False,False,False
gxl,gxl,pldb,,1,1,False,False,False
gzip,gzip,pldb,,1,1,False,False,False
H,h,esolang,,1,1,False,False,False
H - Q -,h---q,esolang,,1,1,False,False,False
H++,h-plus-plus,esolang,,1,1,False,False,False
H🌍+,h+,esolang,,1,1,False,False,False
H+Q9,h+q9,esolang,,1,1,False,False,False
h-lang,h-lang,pldb,,1,1,False,False,False
H9+,h9+,esolang,,1,1,False,False,False
HA,ha,esolang,,1,1,False,False,False
(HA)pple waITING,ha-pple-waiting,esolang,,1,1,False,False,False
hac,hac,pldb,,1,1,False,False,False
Hack VM,hack-vm,esolang,,1,1,False,False,False
hackage-pm,hackage-pm,pldb,,1,1,False,False,False
HACKER LANG,hacker-lang,esolang,,1,1,False,False,False
hackppl,hackppl,pldb,,1,1,False,False,False
hacspec,hacspec,pldb,,1,1,False,False,False
Haczyk,haczyk,esolang,,1,1,False,False,False
Haddock,haddock,esolang,,1,1,False,False,False
Haddock2,haddock2,esolang,,1,1,False,False,False
Haggis (programming language),haggis-programming-language,wikipedia,,1,1,False,False,False
Hagino CPL,hagino-cpl,esolang,,1,1,False,False,False
HAHAHA,hahaha,esolang,,1,1,False,False,False
Haifu,haifu,esolang,,1,1,False,False,False
Haifuckqueue,haifuckqueue,esolang,,1,1,False,False,False
Hailstone,hailstone,esolang,,1,1,False,False,False
Hair,hair,esolang,,1,1,False,False,False
Hakerh,hakerh,esolang,,1,1,False,False,False
HakerScript,hakerscript,esolang,,1,1,False,False,False
hal-format,hal-format,pldb,,1,1,False,False,False
hal-s,hal-s,pldb,,1,1,False,False,False
Half-Broken Car in Heavy Traffic,half-broken-car-in-heavy-traffic,esolang,,1,1,False,False,False
Half-Broken Car in Heavy Web Traffic,half-broken-car-in-heavy-web-traffic,esolang,,1,1,False,False,False
Half-byte lisp,half-byte-lisp,esolang,,1,1,False,False,False
Halforth,halforth,esolang,,1,1,False,False,False
HALT,halt,esolang,,1,1,False,False,False
Halt halt halt,halt-halt-halt,esolang,,1,1,False,False,False
Halticopter,halticopter,esolang,,1,1,False,False,False
Halting problem (language),halting-problem-language,esolang,,1,1,False,False,False
Haltingfuck,haltingfuck,esolang,,1,1,False,False,False
HaltJS,haltjs,esolang,,1,1,False,False,False
ham,ham,pldb,,1,1,False,False,False
hamdown,hamdown,pldb,,1,1,False,False,False
HAN,han,esolang,,1,1,False,False,False
Hanabi,hanabi,esolang,,1,1,False,False,False
hancock,hancock,pldb,,1,1,False,False,False
Hangover,hangover,esolang,,1,1,False,False,False
hank,hank,pldb,,1,1,False,False,False
Hannah,hannah,esolang,,1,1,False,False,False
Hanoi,hanoi,esolang,,1,1,False,False,False
Hanoi Love,hanoi-love,esolang,,1,1,False,False,False
Hanoifuck,hanoifuck,esolang,,1,1,False,False,False
Hanoiing,hanoiing,esolang,,1,1,False,False,False
Hanzifuck,hanzifuck,esolang,,1,1,False,False,False
Hao,hao,esolang,,1,1,False,False,False
HAPPA,happa,esolang,,1,1,False,False,False
Happy,happy,esolang,,1,1,False,False,False
Happy Fantasy,happy-fantasy,esolang,,1,1,False,False,False
Happy Ghast,happy-ghast,esolang,,1,1,False,False,False
HAps,haps,esolang,,1,1,False,False,False
HaPyLi,hapyli,esolang,,1,1,False,False,False
Har(d),har-d,esolang,,1,1,False,False,False
Harder,harder,esolang,,1,1,False,False,False
Hardfish,hardfish,esolang,,1,1,False,False,False
Hardfuck,hardfuck,esolang,,1,1,False,False,False
Hardlang,hardlang,esolang,,1,1,False,False,False
Hargfak,hargfak,esolang,,1,1,False,False,False
Harkan,harkan,esolang,,1,1,False,False,False
harlowe,harlowe,pldb,,1,1,False,False,False
Harmful Brainfuck,harmful-brainfuck,esolang,,1,1,False,False,False
Harmonic E♯,harmonic-e-sharp,esolang,,1,1,False,False,False
Harmonii,harmonii,esolang,,1,1,False,False,False
Harmonity,harmonity,esolang,,1,1,False,False,False
HARSH,harsh,esolang,,1,1,False,False,False
harvey,harvey,pldb,,1,1,False,False,False
harwell-boeing-format,harwell-boeing-format,pldb,,1,1,False,False,False
hascript,hascript,pldb,,1,1,False,False,False
HashedPoem,hashedpoem,esolang,,1,1,False,False,False
Hashell,hashell,esolang,,1,1,False,False,False
Hashes,hashes,esolang,,1,1,False,False,False
HashHell,hashhell,esolang,,1,1,False,False,False
HashWalk,hashwalk,esolang,,1,1,False,False,False
haskell-sharp,haskell-sharp,pldb,,1,1,False,False,False
hasklig,hasklig,pldb,,1,1,False,False,False
hasl,hasl,pldb,,1,1,False,False,False
HASSL,hassl,esolang,,1,1,False,False,False
haste,haste,pldb,,1,1,False,False,False
Hat Trick,hat-trick,esolang,,1,1,False,False,False
Hata hata hata ton,hata-hata-hata-ton,esolang,,1,1,False,False,False
Hate,hate,esolang,,1,1,False,False,False
Hatemath,hatemath,esolang,,1,1,False,False,False
Hats,hats,esolang,,1,1,False,False,False
Hatter,hatter,esolang,,1,1,False,False,False
haxelibs-pm,haxelibs-pm,pldb,,1,1,False,False,False
Haxell,haxell,esolang,,1,1,False,False,False
haystaq,haystaq,pldb,,1,1,False,False,False
HBL,hbl,esolang,,1,1,False,False,False
hcard,hcard,pldb,,1,1,False,False,False
Hcbf,hcbf,esolang,,1,1,False,False,False
hccb,hccb,pldb,,1,1,False,False,False
hdf,hdf,pldb,,1,1,False,False,False
hdfs,hdfs,pldb,,1,1,False,False,False
hdmi-standard,hdmi-standard,pldb,,1,1,False,False,False
hdt,hdt,pldb,,1,1,False,False,False
He110!,he110,esolang,,1,1,False,False,False
HeacunQ9+×,heacunq9+,esolang,,1,1,False,False,False
Headache (brainfuck derivative),headache-brainfuck-derivative,esolang,,1,1,False,False,False
Headache (lang that compiles to brainfuck),headache-lang-that-compiles-to-brainfuck,esolang,,1,1,False,False,False
Headass,headass,esolang,,1,1,False,False,False
Headsecks,headsecks,esolang,,1,1,False,False,False
Headshot!,headshot,esolang,,1,1,False,False,False
heap.coffee,heap.coffee,pldb,,1,1,False,False,False
Heapfuck,heapfuck,esolang,,1,1,False,False,False
HeartForth,heartforth,esolang,,1,1,False,False,False
Hebe Script,hebe-script,esolang,,1,1,False,False,False
Hebrew,hebrew,esolang,,1,1,False,False,False
Heck,heck,esolang,,1,1,False,False,False
HECKSUM!,hecksum,esolang,,1,1,False,False,False
Heebolang,heebolang,esolang,,1,1,False,False,False
heic,heic,pldb,,1,1,False,False,False
Height,height,esolang,,1,1,False,False,False
Heighto,heighto,esolang,,1,1,False,False,False
helang,helang,pldb,,1,1,False,False,False
helena,helena,pldb,,1,1,False,False,False
Hell.js,hell.js,esolang,,1,1,False,False,False
Hell69,hell69,esolang,,1,1,False,False,False
HellLang,helllang,esolang,,1,1,False,False,False
Hello Fuck!,hello-fuck,esolang,,1,1,False,False,False
"Hello, golf!",hello-golf,esolang,,1,1,False,False,False
Hello! Hello Again!,hello-hello-again,esolang,,1,1,False,False,False
Hello++,hello-plus-plus,esolang,,1,1,False,False,False
Hello++++,hello-plus-plus-plus-plus,esolang,,1,1,False,False,False
Hello++++++++,hello-plus-plus-plus-plus-plus-plus-plus-plus,esolang,,1,1,False,False,False
Hello++++++++++++++++,hello-plus-plus-plus-plus-plus-plus-plus-plus-plus-plus-plus-plus-plus-plus-plus-plus,esolang,,1,1,False,False,False
Hello today I am a unicorn,hello-today-i-am-a-unicorn,esolang,,1,1,False,False,False
"Hello,world!",hello-world,esolang,,1,1,False,False,False
HelloWorld,helloworld,esolang,,1,1,False,False,False
HELOWOR,helowor,esolang,,1,1,False,False,False
HELP,help,esolang,,1,1,False,False,False
HELP (Preprocessor),help-preprocessor,esolang,,1,1,False,False,False
"Help, WarDoq!",help-wardoq,esolang,,1,1,False,False,False
Help.,help.,esolang,,1,1,False,False,False
helper,helper,pldb,,1,1,False,False,False
henk,henk,pldb,,1,1,False,False,False
Her,her,esolang,,1,1,False,False,False
hera,hera,pldb,,1,1,False,False,False
heraklit,heraklit,pldb,,1,1,False,False,False
herbrand,herbrand,pldb,,1,1,False,False,False
Here's to the crazy ones,here-s-to-the-crazy-ones,esolang,,1,1,False,False,False
Hermes (programming language),hermes-programming-language,wikipedia,,1,1,False,False,False
heron-lang,heron-lang,pldb,,1,1,False,False,False
Hev,hev,esolang,,1,1,False,False,False
HEX,hex,esolang,,1,1,False,False,False
hex-pm,hex-pm,pldb,,1,1,False,False,False
hex-rays,hex-rays,pldb,,1,1,False,False,False
Hex0,hex0,esolang,,1,1,False,False,False
Hex1,hex1,esolang,,1,1,False,False,False
Hex2,hex2,esolang,,1,1,False,False,False
Hexad,hexad,esolang,,1,1,False,False,False
Hexadecimal Stacking Pseudo-Assembly Language,hexadecimal-stacking-pseudo-assembly-language,esolang,,1,1,False,False,False
hexagon,hexagon,pldb,,1,1,False,False,False
Hexagon says jump to line a if cell b is n and increment cell b by c if cell b equals d and output cell b is cell b equals e.,hexagon-says-jump-to-line-a-if-cell-b-is-n-and-increment-cell-b-by-c-if-cell-b-equals-d-and-output-cell-b-is-cell-b-equals-e.,esolang,,1,1,False,False,False
Hexagrid,hexagrid,esolang,,1,1,False,False,False
Hexar,hexar,esolang,,1,1,False,False,False
hexcel,hexcel,pldb,,1,1,False,False,False
Hexcellent,hexcellent,esolang,,1,1,False,False,False
Hexish,hexish,esolang,,1,1,False,False,False
Hexlr7,hexlr7,esolang,,1,1,False,False,False
HeXPlik̸͗̐̈́͝,hexplik,esolang,,1,1,False,False,False
Hexsp,hexsp,esolang,,1,1,False,False,False
Hexssembly,hexssembly,esolang,,1,1,False,False,False
Hey stack!,hey-stack,esolang,,1,1,False,False,False
hfs,hfs,pldb,,1,1,False,False,False
hfs-plus,hfs-plus,pldb,,1,1,False,False,False
HGFTSNOA,hgftsnoa,esolang,,1,1,False,False,False
hhvm,hhvm,pldb,,1,1,False,False,False
Hi,hi,esolang,,1,1,False,False,False
Hi-assembly,hi-assembly,esolang,,1,1,False,False,False
hi-visual,hi-visual,pldb,,1,1,False,False,False
HI9+,hi9+,esolang,,1,1,False,False,False
Hidden in those 301 years,hidden-in-those-301-years,esolang,,1,1,False,False,False
Hieroglyphic,hieroglyphic,esolang,,1,1,False,False,False
High ASM,high-asm,esolang,,1,1,False,False,False
High Rise,high-rise,esolang,,1,1,False,False,False
high-tech-basic,high-tech-basic,pldb,,1,1,False,False,False
Higher Subleq,higher-subleq,esolang,,1,1,False,False,False
HighFive,highfive,esolang,,1,1,False,False,False
highlightjs,highlightjs,pldb,,1,1,False,False,False
Highways,highways,esolang,,1,1,False,False,False
hilbert,hilbert,pldb,,1,1,False,False,False
hilltop-lang,hilltop-lang,pldb,,1,1,False,False,False
hilvl,hilvl,pldb,,1,1,False,False,False
hina,hina,pldb,,1,1,False,False,False
Hippopotomonstrosesquipedalian,hippopotomonstrosesquipedalian,esolang,,1,1,False,False,False
hiq,hiq,pldb,,1,1,False,False,False
History (programming language),history-programming-language,esolang,,1,1,False,False,False
Hito,hito,esolang,,1,1,False,False,False
hivemind,hivemind,pldb,,1,1,False,False,False
Hixgred,hixgred,esolang,,1,1,False,False,False
HL,hl,esolang,,1,1,False,False,False
hl7,hl7,pldb,,1,1,False,False,False
hls,hls,pldb,,1,1,False,False,False
hlvm,hlvm,pldb,,1,1,False,False,False
hmmm,hmmm,pldb,,1,1,False,False,False
Hny021,hny021,esolang,,1,1,False,False,False
holcf,holcf,pldb,,1,1,False,False,False
Hollang,hollang,esolang,,1,1,False,False,False
Hollow,hollow,esolang,,1,1,False,False,False
holo,holo,pldb,,1,1,False,False,False
holonforth,holonforth,pldb,,1,1,False,False,False
HolyFuck,holyfuck,esolang,,1,1,False,False,False
HolyPy,holypy,esolang,,1,1,False,False,False
homa,homa,pldb,,1,1,False,False,False
Home Row,home-row,esolang,,1,1,False,False,False
homebrew-pm,homebrew-pm,pldb,,1,1,False,False,False
hoot-smalltalk,hoot-smalltalk,pldb,,1,1,False,False,False
Horribly Translated BASIC,horribly-translated-basic,esolang,,1,1,False,False,False
Horse,horse,esolang,,1,1,False,False,False
horse64-root,horse64-root,pldb,,1,1,False,False,False
Hostile snakes,hostile-snakes,esolang,,1,1,False,False,False
Hosts File,hosts-file,linguist,,1,2,False,False,False
Hot,hot,esolang,,1,1,False,False,False
hotcocoalisp,hotcocoalisp,pldb,,1,1,False,False,False
hotdog,hotdog,pldb,,1,1,False,False,False
Hotel,hotel,esolang,,1,1,False,False,False
Hourglass,hourglass,esolang,,1,1,False,False,False
Hoverfly,hoverfly,esolang,,1,1,False,False,False
How dare you fuck the brain,how-dare-you-fuck-the-brain,esolang,,1,1,False,False,False
How to learn this language,how-to-learn-this-language,esolang,,1,1,False,False,False
"""How to Write Good Article""",how-to-write-good-article,pldb,,1,1,False,False,False
hp-basic-for-openvms,hp-basic-for-openvms,pldb,,1,1,False,False,False
hp-pascal,hp-pascal,pldb,,1,1,False,False,False
hp-time-shared-basic,hp-time-shared-basic,pldb,,1,1,False,False,False
hpp,hpp,pldb,,1,1,False,False,False
hprl,hprl,pldb,,1,1,False,False,False
Hq(-,hq,esolang,,1,1,False,False,False
HQ+,hq+,esolang,,1,1,False,False,False
HQ9^,hq9,esolang,,1,1,False,False,False
HQ9+ C Function Interface,hq9+-c-function-interface,esolang,,1,1,False,False,False
HQ9+: Functional Edition,hq9+-functional-edition,esolang,,1,1,False,False,False
HQ9+ with headers,hq9+-with-headers,esolang,,1,1,False,False,False
HQ9+2D,hq9+2d,esolang,,1,1,False,False,False
Hq9+8F,hq9+8f,esolang,,1,1,False,False,False
HQ9+B,hq9+b,esolang,,1,1,False,False,False
HQ9+F,hq9+f,esolang,,1,1,False,False,False
HQ9+fuck,hq9+fuck,esolang,,1,1,False,False,False
HQ99+LUFTBALLONS,hq99+luftballons,esolang,,1,1,False,False,False
HQ9Cfuckfish,hq9cfuckfish,esolang,,1,1,False,False,False
Hq9eFuck,hq9efuck,esolang,,1,1,False,False,False
HQ9F+,hq9f+,esolang,,1,1,False,False,False
HQ9funge,hq9funge,esolang,,1,1,False,False,False
hr-code,hr-code,pldb,,1,1,False,False,False
hrqr,hrqr,pldb,,1,1,False,False,False
hsaml-format,hsaml-format,pldb,,1,1,False,False,False
Hsamsniarb,hsamsniarb,esolang,,1,1,False,False,False
hscript,hscript,pldb,,1,1,False,False,False
HsifdaeD,hsifdaed,esolang,,1,1,False,False,False
hsl,hsl,pldb,,1,1,False,False,False
hsml,hsml,pldb,,1,1,False,False,False
htel,htel,pldb,,1,1,False,False,False
htl,htl,pldb,,1,1,False,False,False
HTML+ECR,html+ecr,linguist,.ecr,1,2,True,False,False
HTML+Razor,html+razor,linguist,.cshtml .razor,1,2,True,False,False
htmx,htmx,pldb,,1,1,False,False,False
HTPF,htpf,esolang,,1,1,False,False,False
HTPL,htpl,esolang,,1,1,False,False,False
htsql,htsql,pldb,,1,1,False,False,False
http-2,http-2,pldb,,1,1,False,False,False
http-3,http-3,pldb,,1,1,False,False,False
httplang,httplang,pldb,,1,1,False,False,False
Huby,huby,esolang,,1,1,False,False,False
HuePrism,hueprism,esolang,,1,1,False,False,False
Huf,huf,esolang,,1,1,False,False,False
HuffPuff,huffpuff,esolang,,1,1,False,False,False
Huh?,huh,esolang,,1,1,False,False,False
Huh?++,huh-plus-plus,esolang,,1,1,False,False,False
Huit,huit,esolang,,1,1,False,False,False
hujson,hujson,pldb,,1,1,False,False,False
Human Resource Code,human-resource-code,esolang,,1,1,False,False,False
Human's mind have sex with someone,human-s-mind-have-sex-with-someone,esolang,,1,1,False,False,False
Human textlang,human-textlang,esolang,,1,1,False,False,False
Human Words,human-words,esolang,,1,1,False,False,False
humanhash-hash-function,humanhash-hash-function,pldb,,1,1,False,False,False
hummingbird-quickscript,hummingbird-quickscript,pldb,,1,1,False,False,False
Hummingmusic,hummingmusic,esolang,,1,1,False,False,False
Humo,humo,esolang,,1,1,False,False,False
HUNTER,hunter,esolang,,1,1,False,False,False
Hurgusburgus,hurgusburgus,esolang,,1,1,False,False,False
huwcode,huwcode,pldb,,1,1,False,False,False
hvm2,hvm2,pldb,,1,1,False,False,False
hybrid,hybrid,pldb,,1,1,False,False,False
hycom,hycom,pldb,,1,1,False,False,False
HydraLoop,hydraloop,esolang,,1,1,False,False,False
Hydrogen,hydrogen,esolang,,1,1,False,False,False
hypac,hypac,pldb,,1,1,False,False,False
Hyper Set Language,hyper-set-language,esolang,,1,1,False,False,False
hyper-basic,hyper-basic,pldb,,1,1,False,False,False
Hyperamicus,hyperamicus,esolang,,1,1,False,False,False
Hyperbrain,hyperbrain,esolang,,1,1,False,False,False
hypercard,hypercard,pldb,,1,1,False,False,False
hyperflow,hyperflow,pldb,,1,1,False,False,False
hyperfun,hyperfun,pldb,,1,1,False,False,False
Hyperfunge,hyperfunge,esolang,,1,1,False,False,False
Hyperheptefunge-98,hyperheptefunge-98,esolang,,1,1,False,False,False
Hyperinotoidion,hyperinotoidion,esolang,,1,1,False,False,False
hyperlisp,hyperlisp,pldb,,1,1,False,False,False
hyperlog,hyperlog,pldb,,1,1,False,False,False
Hyperon,hyperon,esolang,,1,1,False,False,False
hyperscript-lang,hyperscript-lang,pldb,,1,1,False,False,False
Hyperspace (Archived),hyperspace-archived,esolang,,1,1,False,False,False
HypertextingScript,hypertextingscript,esolang,,1,1,False,False,False
hytime,hytime,pldb,,1,1,False,False,False
hytran,hytran,pldb,,1,1,False,False,False
HZ3funge,hz3funge,esolang,,1,1,False,False,False
HZCode,hzcode,esolang,,1,1,False,False,False
HZfunge,hzfunge,esolang,,1,1,False,False,False
I am selfish,i-am-selfish,esolang,,1,1,False,False,False
I am sure this is the shortest code for 99 bottles of beer,i-am-sure-this-is-the-shortest-code-for-99-bottles-of-beer,esolang,,1,1,False,False,False
I Ate 562 Metric Tons Of Air And Now I Am Floating Into The Atmosphere's Various Layers At Approximately 0.401 Meters Per Second. If I Had Not Ate That Much Air Then I Would Be Fine Right Now. Now I Have To Exhale All Of This Air. The Lesson Here Is To No,i-ate-562-metric-tons-of-air-and-now-i-am-floating-into-the-atmosphere-s-various-layers-at-approximately-0.401-meters-per-second.-if-i-had-not-ate-that-much-air-then-i-would-be-fine-right-now.-now-i-have-to-exhale-all-of-this-air.-the-lesson-here-is-to-no,esolang,,1,1,False,False,False
I cannot understand that.,i-cannot-understand-that.,esolang,,1,1,False,False,False
I/D machine,i-d-machine,esolang,,1,1,False,False,False
I don't care about esolangs,i-don-t-care-about-esolangs,esolang,,1,1,False,False,False
I dont feel good and im bored,i-dont-feel-good-and-im-bored,esolang,,1,1,False,False,False
"I fuck, you fuck",i-fuck-you-fuck,esolang,,1,1,False,False,False
I hate your bf-derivative really I do,i-hate-your-bf-derivative-really-i-do,esolang,,1,1,False,False,False
I like frog,i-like-frog,esolang,,1,1,False,False,False
I'm Blue,i-m-blue,esolang,,1,1,False,False,False
I'm lime,i-m-lime,esolang,,1,1,False,False,False
I/M Machine,i-m-machine,esolang,,1,1,False,False,False
!I!M!P!O!S!S!I!B!L!E!,i-m-p-o-s-s-i-b-l-e,esolang,,1,1,False,False,False
I RAGED ON CSHARP SO HARD I BROKE MY FUCKING PC,i-raged-on-csharp-so-hard-i-broke-my-fucking-pc,esolang,,1,1,False,False,False
I Refuse,i-refuse,esolang,,1,1,False,False,False
I use Arch btw,i-use-arch-btw,esolang,,1,1,False,False,False
I walk away!,i-walk-away,esolang,,1,1,False,False,False
I Wanna Be the Esolang,i-wanna-be-the-esolang,esolang,,1,1,False,False,False
I want to program in this esolang,i-want-to-program-in-this-esolang,esolang,,1,1,False,False,False
i-expressions,i-expressions,pldb,,1,1,False,False,False
I-ok,i-ok,esolang,,1,1,False,False,False
ia-32,ia-32,pldb,,1,1,False,False,False
Iag,iag,esolang,,1,1,False,False,False
Ialist,ialist,esolang,,1,1,False,False,False
iam,iam,pldb,,1,1,False,False,False
IANAL,ianal,esolang,,1,1,False,False,False
ib-templog,ib-templog,pldb,,1,1,False,False,False
IBC,ibc,esolang,,1,1,False,False,False
ibex,ibex,pldb,,1,1,False,False,False
ibis,ibis,pldb,,1,1,False,False,False
IBM 1401,ibm-1401,esolang,,1,1,False,False,False
IBM 140huh,ibm-140huh,esolang,,1,1,False,False,False
ibm-1401-symbolic-programming-system,ibm-1401-symbolic-programming-system,pldb,,1,1,False,False,False
ibm-basic,ibm-basic,pldb,,1,1,False,False,False
ibm-basica,ibm-basica,pldb,,1,1,False,False,False
ibm-db2,ibm-db2,pldb,,1,1,False,False,False
ibm-gml,ibm-gml,pldb,,1,1,False,False,False
ibm-i-control-language,ibm-i-control-language,pldb,,1,1,False,False,False
ibm-logo,ibm-logo,pldb,,1,1,False,False,False
ibm-rational-sqabasic,ibm-rational-sqabasic,pldb,,1,1,False,False,False
ibm-rpg,ibm-rpg,pldb,,1,1,False,False,False
ibm-system-38-language,ibm-system-38-language,pldb,,1,1,False,False,False
IBNIZ,ibniz,esolang,,1,1,False,False,False
IBSA,ibsa,esolang,,1,1,False,False,False
ibuki-cl,ibuki-cl,pldb,,1,1,False,False,False
iCalendar,icalendar,linguist,.ical .ics,1,2,False,False,False
icalendar-format,icalendar-format,pldb,,1,1,False,False,False
ICBINB,icbinb,esolang,,1,1,False,False,False
icd,icd,pldb,,1,1,False,False,False
Ice box,ice-box,esolang,,1,1,False,False,False
Icea,icea,esolang,,1,1,False,False,False
iceberg,iceberg,pldb,,1,1,False,False,False
IceBox/Archive,icebox-archive,esolang,,1,1,False,False,False
ices-system,ices-system,pldb,,1,1,False,False,False
icetran,icetran,pldb,,1,1,False,False,False
ICFP,icfp,esolang,,1,1,False,False,False
Ichi,ichi,esolang,,1,1,False,False,False
icml,icml,pldb,,1,1,False,False,False
icot,icot,pldb,,1,1,False,False,False
Idea,idea,esolang,,1,1,False,False,False
Idego,idego,esolang,,1,1,False,False,False
IDIJ,idij,esolang,,1,1,False,False,False
程式設計idioma,idioma,esolang,,1,1,False,False,False
Idiot,idiot,esolang,,1,1,False,False,False
IDK,idk,esolang,,1,1,False,False,False
IDKHIW,idkhiw,esolang,,1,1,False,False,False
idl-sl,idl-sl,pldb,,1,1,False,False,False
IDlang,idlang,esolang,,1,1,False,False,False
ids,ids,pldb,,1,1,False,False,False
IDTM,idtm,esolang,,1,1,False,False,False
Idvac,idvac,esolang,,1,1,False,False,False
Πie,ie,esolang,,1,1,False,False,False
Iexp,iexp,esolang,,1,1,False,False,False
If(j)invert()if(l)change()if(q)input()if(t)output(x);,if-j-invert-if-l-change-if-q-input-if-t-output-x,esolang,,1,1,False,False,False
"If the question specifies that the number of the words should be less than 3, and the number of words in your answer is larger than 3, your answer is automatically wrong.",if-the-question-specifies-that-the-number-of-the-words-should-be-less-than-3-and-the-number-of-words-in-your-answer-is-larger-than-3-your-answer-is-automatically-wrong.,esolang,,1,1,False,False,False
Iflang,iflang,esolang,,1,1,False,False,False
ifo,ifo,pldb,,1,1,False,False,False
ifps,ifps,pldb,,1,1,False,False,False
Iframe,iframe,esolang,,1,1,False,False,False
IfSetThenSet,ifsetthenset,esolang,,1,1,False,False,False
Ifthen,ifthen,esolang,,1,1,False,False,False
Ifunge,ifunge,esolang,,1,1,False,False,False
IG,ig,esolang,,1,1,False,False,False
iges,iges,pldb,,1,1,False,False,False
Ignore List,ignore-list,linguist,.gitignore,1,4,True,False,False
IGNORED,ignored,esolang,,1,1,False,False,False
iif,iif,pldb,,1,1,False,False,False
iikuse,iikuse,pldb,,1,1,False,False,False
IINC,iinc,esolang,,1,1,False,False,False
§þłĳŧȉǩȃɖəɹ,ijika,esolang,,1,1,False,False,False
Ikkljoup,ikkljoup,esolang,,1,1,False,False,False
Il,il,esolang,,1,1,False,False,False
ilbm,ilbm,pldb,,1,1,False,False,False
Illegal Characters,illegal-characters,esolang,,1,1,False,False,False
ILLGOL,illgol,esolang,,1,1,False,False,False
ILlogIc.,illogic.,esolang,,1,1,False,False,False
ilu,ilu,pldb,,1,1,False,False,False
ilx,ilx,pldb,,1,1,False,False,False
imac-machine,imac-machine,pldb,,1,1,False,False,False
ImageJ Macro,imagej-macro,linguist,.ijm,1,2,False,False,False
ImagePath,imagepath,esolang,,1,1,False,False,False
IMAGERY,imagery,esolang,,1,1,False,False,False
imaginary-number-equation,imaginary-number-equation,pldb,,1,1,False,False,False
imap-protocol,imap-protocol,pldb,,1,1,False,False,False
Imbored,imbored,esolang,,1,1,False,False,False
Imeight,imeight,esolang,,1,1,False,False,False
imf,imf,pldb,,1,1,False,False,False
imhex,imhex,pldb,,1,1,False,False,False
Imitate,imitate,esolang,,1,1,False,False,False
Immi,immi,esolang,,1,1,False,False,False
imp-lang,imp-lang,pldb,,1,1,False,False,False
imp72,imp72,pldb,,1,1,False,False,False
Impera,impera,esolang,,1,1,False,False,False
Imperative,imperative,esolang,,1,1,False,False,False
Imperator,imperator,esolang,,1,1,False,False,False
Imperial,imperial,esolang,,1,1,False,False,False
Impfish PDA,impfish-pda,esolang,,1,1,False,False,False
impl,impl,pldb,,1,1,False,False,False
Implicit,implicit,esolang,,1,1,False,False,False
Implicit loop brainfuck,implicit-loop-brainfuck,esolang,,1,1,False,False,False
Implied,implied,esolang,,1,1,False,False,False
Implieses,implieses,esolang,,1,1,False,False,False
Important lesbian virtual machine,important-lesbian-virtual-machine,esolang,,1,1,False,False,False
Impossible Script,impossible-script,esolang,,1,1,False,False,False
Impossible.,impossible.,esolang,,1,1,False,False,False
Impossible.bf,impossible.bf,esolang,,1,1,False,False,False
Imprecision,imprecision,esolang,,1,1,False,False,False
Improbable,improbable,esolang,,1,1,False,False,False
Imput,imput,esolang,,1,1,False,False,False
ImTooLazyToMakeAnActuallyGoodEsolang,imtoolazytomakeanactuallygoodesolang,esolang,,1,1,False,False,False
In Your JSON,in-your-json,esolang,,1,1,False,False,False
ina-jo,ina-jo,pldb,,1,1,False,False,False
Inca,inca,esolang,,1,1,False,False,False
INCAL,incal,esolang,,1,1,False,False,False
Incant,incant,esolang,,1,1,False,False,False
IncCa,incca,esolang,,1,1,False,False,False
Incdecisive Machine,incdecisive-machine,esolang,,1,1,False,False,False
inchi,inchi,pldb,,1,1,False,False,False
Incident,incident,esolang,,1,1,False,False,False
incipit,incipit,pldb,,1,1,False,False,False
INCJ,incj,esolang,,1,1,False,False,False
IncLoop,incloop,esolang,,1,1,False,False,False
Incomplete BrainFuck,incomplete-brainfuck,esolang,,1,1,False,False,False
Incorrect,incorrect,esolang,,1,1,False,False,False
Increment,increment,esolang,,1,1,False,False,False
Incremental Model,incremental-model,esolang,,1,1,False,False,False
Incrementing machine,incrementing-machine,esolang,,1,1,False,False,False
InDec,indec,esolang,,1,1,False,False,False
Indefinite,indefinite,esolang,,1,1,False,False,False
Indent,indent,esolang,,1,1,False,False,False
indental,indental,pldb,,1,1,False,False,False
IndentationError: unexpected indent,indentationerror-unexpected-indent,esolang,,1,1,False,False,False
Index php,index-php,esolang,,1,1,False,False,False
Index.html,index.html,esolang,,1,1,False,False,False
Indicode,indicode,esolang,,1,1,False,False,False
Indifferent,indifferent,esolang,,1,1,False,False,False
Indirect,indirect,esolang,,1,1,False,False,False
Indivisible,indivisible,esolang,,1,1,False,False,False
Indurate,indurate,esolang,,1,1,False,False,False
Inertia,inertia,esolang,,1,1,False,False,False
INF)xO,inf-xo,esolang,,1,1,False,False,False
Infbf,infbf,esolang,,1,1,False,False,False
infer,infer,pldb,,1,1,False,False,False
Infilisp,infilisp,esolang,,1,1,False,False,False
infiniband-standard,infiniband-standard,pldb,,1,1,False,False,False
Infinifuck,infinifuck,esolang,,1,1,False,False,False
Infinite commands???,infinite-commands,esolang,,1,1,False,False,False
Infinite Goto,infinite-goto,esolang,,1,1,False,False,False
Infinite loop (esolang),infinite-loop-esolang,esolang,,1,1,False,False,False
Infinite Vector,infinite-vector,esolang,,1,1,False,False,False
InfiniTick,infinitick,esolang,,1,1,False,False,False
InfiniTUM,infinitum,esolang,,1,1,False,False,False
influxdb,influxdb,pldb,,1,1,False,False,False
infolog,infolog,pldb,,1,1,False,False,False
Informal,informal,esolang,,1,1,False,False,False
information-algebra,information-algebra,pldb,,1,1,False,False,False
information-processing-language,information-processing-language,pldb,,1,1,False,False,False
information-theory-equation,information-theory-equation,pldb,,1,1,False,False,False
informix,informix,pldb,,1,1,False,False,False
InfSt,infst,esolang,,1,1,False,False,False
Infunctional,infunctional,esolang,,1,1,False,False,False
infusion-framework,infusion-framework,pldb,,1,1,False,False,False
ingres,ingres,pldb,,1,1,False,False,False
Init,init,esolang,,1,1,False,False,False
Initialization,initialization,esolang,,1,1,False,False,False
Inject,inject,esolang,,1,1,False,False,False
INJUQ,injuq,esolang,,1,1,False,False,False
ink-lang,ink-lang,pldb,,1,1,False,False,False
Inline,inline,esolang,,1,1,False,False,False
inmagic,inmagic,pldb,,1,1,False,False,False
InPro,inpro,esolang,,1,1,False,False,False
Input hello world or else:,input-hello-world-or-else,esolang,,1,1,False,False,False
Input hello world or else without a quine,input-hello-world-or-else-without-a-quine,esolang,,1,1,False,False,False
Inputer,inputer,esolang,,1,1,False,False,False
Inputfish,inputfish,esolang,,1,1,False,False,False
InputSet,inputset,esolang,,1,1,False,False,False
inquire,inquire,pldb,,1,1,False,False,False
Insanity,insanity,esolang,,1,1,False,False,False
inscan,inscan,pldb,,1,1,False,False,False
Inse,inse,esolang,,1,1,False,False,False
insight,insight,pldb,,1,1,False,False,False
Insignificant,insignificant,esolang,,1,1,False,False,False
Insomnia,insomnia,esolang,,1,1,False,False,False
Insomnia 2.0,insomnia-2.0,esolang,,1,1,False,False,False
InSpace,inspace,esolang,,1,1,False,False,False
instruction-list,instruction-list,pldb,,1,1,False,False,False
InstructionPointerBF,instructionpointerbf,esolang,,1,1,False,False,False
Instructistuctisurcticitstucrit,instructistuctisurcticitstucrit,esolang,,1,1,False,False,False
Int**,int,esolang,,1,1,False,False,False
Intcode,intcode,esolang,,1,1,False,False,False
Intcode/Interpreters,intcode-interpreters,esolang,,1,1,False,False,False
Integ,integ,esolang,,1,1,False,False,False
Integer,integer,esolang,,1,1,False,False,False
Integral,integral,esolang,,1,1,False,False,False
integral-equation,integral-equation,pldb,,1,1,False,False,False
intellijidea-editor,intellijidea-editor,pldb,,1,1,False,False,False
interactive,interactive,pldb,,1,1,False,False,False
interbase,interbase,pldb,,1,1,False,False,False
'interbasic,interbasic,esolang,,1,1,False,False,False
Interbflang,interbflang,esolang,,1,1,False,False,False
INTERCAL but way worse,intercal-but-way-worse,esolang,,1,1,False,False,False
intercellas,intercellas,pldb,,1,1,False,False,False
interchange-file-format,interchange-file-format,pldb,,1,1,False,False,False
intercons,intercons,pldb,,1,1,False,False,False
Interdemento,interdemento,esolang,,1,1,False,False,False
Interfacefactory,interfacefactory,esolang,,1,1,False,False,False
Interfrac,interfrac,esolang,,1,1,False,False,False
interleaved-notation,interleaved-notation,pldb,,1,1,False,False,False
interlisp-vax,interlisp-vax,pldb,,1,1,False,False,False
Interlude,interlude,esolang,,1,1,False,False,False
International Phonetic Esoteric Language,international-phonetic-esoteric-language,esolang,,1,1,False,False,False
InternationalFuck,internationalfuck,esolang,,1,1,False,False,False
!INTERNET,internet,esolang,,1,1,False,False,False
interpress,interpress,pldb,,1,1,False,False,False
Interpret,interpret,esolang,,1,1,False,False,False
Interpret Esolangs,interpret-esolangs,esolang,,1,1,False,False,False
Interpreterion,interpreterion,esolang,,1,1,False,False,False
InterpretMe,interpretme,esolang,,1,1,False,False,False
Interpriterlol,interpriterlol,esolang,,1,1,False,False,False
Interprogck8,interprogck8,esolang,,1,1,False,False,False
Interrobang,interrobang,esolang,,1,1,False,False,False
interscript,interscript,pldb,,1,1,False,False,False
Interstack,interstack,esolang,,1,1,False,False,False
intersystems-cache,intersystems-cache,pldb,,1,1,False,False,False
Interval Hue,interval-hue,esolang,,1,1,False,False,False
InterWOEven,interwoeven,esolang,,1,1,False,False,False
Intolerant,intolerant,esolang,,1,1,False,False,False
Intramodular Transaction,intramodular-transaction,esolang,,1,1,False,False,False
Intrnt,intrnt,esolang,,1,1,False,False,False
Introduce yourself,introduce-yourself,esolang,,1,1,False,False,False
intuitionistic,intuitionistic,pldb,,1,1,False,False,False
Inuck,inuck,esolang,,1,1,False,False,False
Inuktitut,inuktitut,esolang,,1,1,False,False,False
Inverted,inverted,esolang,,1,1,False,False,False
Inverted Logic,inverted-logic,esolang,,1,1,False,False,False
invokator,invokator,pldb,,1,1,False,False,False
iode,iode,pldb,,1,1,False,False,False
IOFuck,iofuck,esolang,,1,1,False,False,False
Iogii,iogii,esolang,,1,1,False,False,False
ios,ios,pldb,,1,1,False,False,False
Ios sync with stdio(false);,ios-sync-with-stdio-false,esolang,,1,1,False,False,False
iota-and-jot,iota-and-jot,pldb,,1,1,False,False,False
IOTA-C0,iota-c0,esolang,,1,1,False,False,False
IP,ip,esolang,,1,1,False,False,False
ip-pascal,ip-pascal,pldb,,1,1,False,False,False
ipa,ipa,pldb,,1,1,False,False,False
ipad-machine,ipad-machine,pldb,,1,1,False,False,False
IPAfuck,ipafuck,esolang,,1,1,False,False,False
IPALang,ipalang,esolang,,1,1,False,False,False
ipf,ipf,pldb,,1,1,False,False,False
ipfs,ipfs,pldb,,1,1,False,False,False
iphone-machine,iphone-machine,pldb,,1,1,False,False,False
iptables-rope,iptables-rope,pldb,,1,1,False,False,False
ipv4,ipv4,pldb,,1,1,False,False,False
IPVL,ipvl,esolang,,1,1,False,False,False
Iq,iq,esolang,,1,1,False,False,False
iqf,iqf,pldb,,1,1,False,False,False
iqr,iqr,pldb,,1,1,False,False,False
Iris,iris,esolang,,1,1,False,False,False
Irma,irma,esolang,,1,1,False,False,False
IRP,irp,esolang,,1,1,False,False,False
Irregular Expression,irregular-expression,esolang,,1,1,False,False,False
Is,is,esolang,,1,1,False,False,False
Is anything!,is-anything,esolang,,1,1,False,False,False
"Is not recognized as the name of a cmdlet, function, script file, or operable program. Check the spelling of the name, or if a path was included, verify that the path is correct and try again.",is-not-recognized-as-the-name-of-a-cmdlet-function-script-file-or-operable-program.-check-the-spelling-of-the-name-or-if-a-path-was-included-verify-that-the-path-is-correct-and-try-again.,esolang,,1,1,False,False,False
Isabelle ROOT,isabelle-root,linguist,,1,1,True,False,False
isabelle-91,isabelle-91,pldb,,1,1,False,False,False
isabelle-hol,isabelle-hol,pldb,,1,1,False,False,False
isac,isac,pldb,,1,1,False,False,False
isbn,isbn,pldb,,1,1,False,False,False
iscript,iscript,pldb,,1,1,False,False,False
ISEW2C,isew2c,esolang,,1,1,False,False,False
isis,isis,pldb,,1,1,False,False,False
Island,island,esolang,,1,1,False,False,False
iso-8601,iso-8601,pldb,,1,1,False,False,False
Isolated,isolated,esolang,,1,1,False,False,False
Isomorphism,isomorphism,esolang,,1,1,False,False,False
ispl,ispl,pldb,,1,1,False,False,False
isq,isq,pldb,,1,1,False,False,False
IsThatAMotherFrickingSpecificAnimeReferenceLang,isthatamotherfrickingspecificanimereferencelang,esolang,,1,1,False,False,False
Isthmus Cyclicus Crypticus,isthmus-cyclicus-crypticus,esolang,,1,1,False,False,False
Istoriya,istoriya,esolang,,1,1,False,False,False
It Is Not What It Is,it-is-not-what-it-is,esolang,,1,1,False,False,False
It Online,it-online,esolang,,1,1,False,False,False
It's 3D!,it-s-3d,esolang,,1,1,False,False,False
It's Just Perl!,it-s-just-perl,esolang,,1,1,False,False,False
It's not a mistake it's an esolang,it-s-not-a-mistake-it-s-an-esolang,esolang,,1,1,False,False,False
ITERATE,iterate,esolang,,1,1,False,False,False
Iterated regex,iterated-regex,esolang,,1,1,False,False,False
iterm2,iterm2,pldb,,1,1,False,False,False
"ITF,P",itf-p,esolang,,1,1,False,False,False
Itflabtijtslwi,itflabtijtslwi,esolang,,1,1,False,False,False
IThinkMyComputerIsDrunk,ithinkmycomputerisdrunk,esolang,,1,1,False,False,False
itl,itl,pldb,,1,1,False,False,False
ITM,itm,esolang,,1,1,False,False,False
ITMR,itmr,esolang,,1,1,False,False,False
!itoe,itoe,esolang,,1,1,False,False,False
ItOi,itoi,esolang,,1,1,False,False,False
ivtran,ivtran,pldb,,1,1,False,False,False
IWANNADIE,iwannadie,esolang,,1,1,False,False,False
Ix,ix,esolang,,1,1,False,False,False
Ixth,ixth,esolang,,1,1,False,False,False
Ixux,ixux,esolang,,1,1,False,False,False
Izhora,izhora,esolang,,1,1,False,False,False
izibasic,izibasic,pldb,,1,1,False,False,False
J-why,j-why,esolang,,1,1,False,False,False
J.A.V.A.,j.a.v.a.,esolang,,1,1,False,False,False
Ja,ja,esolang,,1,1,False,False,False
jacal,jacal,pldb,,1,1,False,False,False
Jackass,jackass,esolang,,1,1,False,False,False
Jai (programming language),jai-programming-language,wikipedia,,1,1,False,False,False
JAJL,jajl,esolang,,1,1,False,False,False
jal-compiler,jal-compiler,pldb,,1,1,False,False,False
jammy,jammy,pldb,,1,1,False,False,False
JamogusLamogusAmogus,jamoguslamogusamogus,esolang,,1,1,False,False,False
"January 25, 4092",january-25-4092,esolang,,1,1,False,False,False
Janus (time-reversible computing programming language),janus-time-reversible-computing-programming-language,wikipedia,,1,1,False,False,False
janus-lang,janus-lang,pldb,,1,1,False,False,False
janus-programming-language,janus-programming-language,pldb,,1,1,False,False,False
jaqt,jaqt,pldb,,1,1,False,False,False
JAR Manifest,jar-manifest,linguist,,1,1,False,False,False
jargon,jargon,pldb,,1,1,False,False,False
JarJarScript,jarjarscript,esolang,,1,1,False,False,False
jasmine,jasmine,pldb,,1,1,False,False,False
Jasp,jasp,esolang,,1,1,False,False,False
jasper,jasper,pldb,,1,1,False,False,False
Jaune,jaune,esolang,,1,1,False,False,False
Jav,jav,esolang,,1,1,False,False,False
Java technology,java-technology,wikipedia,,1,1,False,False,False
Java Template Engine,java-template-engine,linguist,.jte,1,2,False,False,False
java-bytecode,java-bytecode,pldb,,1,1,False,False,False
java-ee-version-history,java-ee-version-history,pldb,,1,1,False,False,False
Java2K,java2k,esolang,,1,1,False,False,False
javacc,javacc,pldb,,1,1,False,False,False
Javagony,javagony,esolang,,1,1,False,False,False
Javagrid,javagrid,esolang,,1,1,False,False,False
javaml,javaml,pldb,,1,1,False,False,False
javascriptcore,javascriptcore,pldb,,1,1,False,False,False
Javascular,javascular,esolang,,1,1,False,False,False
javelin,javelin,pldb,,1,1,False,False,False
jaws-scripting-language,jaws-scripting-language,pldb,,1,1,False,False,False
jayfor,jayfor,pldb,,1,1,False,False,False
JAYSON,jayson,esolang,,1,1,False,False,False
jazz,jazz,pldb,,1,1,False,False,False
jbc,jbc,pldb,,1,1,False,False,False
JBFM7L,jbfm7l,esolang,,1,1,False,False,False
jcard,jcard,pldb,,1,1,False,False,False
JCLN,jcln,esolang,,1,1,False,False,False
jcof,jcof,pldb,,1,1,False,False,False
Jcram,jcram,esolang,,1,1,False,False,False
Jeb,jeb,esolang,,1,1,False,False,False
jedi,jedi,pldb,,1,1,False,False,False
jedit-editor,jedit-editor,pldb,,1,1,False,False,False
jedlang,jedlang,pldb,,1,1,False,False,False
jeebox,jeebox,pldb,,1,1,False,False,False
jekyll,jekyll,pldb,,1,1,False,False,False
Jellang,jellang,esolang,,1,1,False,False,False
Jello,jello,esolang,,1,1,False,False,False
jemplate,jemplate,pldb,,1,1,False,False,False
Jest Snapshot,jest-snapshot,linguist,.snap,1,1,False,False,False
jesth,jesth,pldb,,1,1,False,False,False
jet,jet,pldb,,1,1,False,False,False
jet-propulsion-laboratory-display-information-system,jet-propulsion-laboratory-display-information-system,pldb,,1,1,False,False,False
jevko,jevko,pldb,,1,1,False,False,False
jfugue,jfugue,pldb,,1,1,False,False,False
ji,ji,pldb,,1,1,False,False,False
Jil,jil,esolang,,1,1,False,False,False
jill,jill,pldb,,1,1,False,False,False
jingo,jingo,pldb,,1,1,False,False,False
jis-x-0201,jis-x-0201,pldb,,1,1,False,False,False
jisp,jisp,pldb,,1,1,False,False,False
Jitejix,jitejix,esolang,,1,1,False,False,False
Jive,jive,esolang,,1,1,False,False,False
jiyu,jiyu,pldb,,1,1,False,False,False
jlang,jlang,pldb,,1,1,False,False,False
Jm,jm,esolang,,1,1,False,False,False
jmap,jmap,pldb,,1,1,False,False,False
jmp,jmp,pldb,,1,1,False,False,False
jmsl,jmsl,pldb,,1,1,False,False,False
joe-e,joe-e,pldb,,1,1,False,False,False
"'John',",john,pldb,,1,1,False,False,False
join-java,join-java,pldb,,1,1,False,False,False
Joke computer programming language,joke-computer-programming-language,esolang,,1,1,False,False,False
Joke Page,joke-page,esolang,,1,1,False,False,False
Jolf,jolf,esolang,,1,1,False,False,False
Jolie (programming language),jolie-programming-language,wikipedia,,1,1,True,False,False
Jolverine,jolverine,esolang,,1,1,False,False,False
jonprl,jonprl,pldb,,1,1,False,False,False
josie,josie,pldb,,1,1,False,False,False
joss-ii,joss-ii,pldb,,1,1,False,False,False
Jottary,jottary,esolang,,1,1,False,False,False
Joy (programming language),joy-programming-language,wikipedia,,1,1,False,False,False
joycep,joycep,pldb,,1,1,False,False,False
jpeg,jpeg,pldb,,1,1,False,False,False
jpl,jpl,pldb,,1,1,False,False,False
jplace,jplace,pldb,,1,1,False,False,False
jpp,jpp,pldb,,1,1,False,False,False
Jq (programming language),jq-programming-language,wikipedia,,1,1,False,False,False
jql,jql,pldb,,1,1,False,False,False
JSCall,jscall,esolang,,1,1,False,False,False
jsf,jsf,pldb,,1,1,False,False,False
Jsfunc,jsfunc,esolang,,1,1,False,False,False
jsharp,jsharp,pldb,,1,1,False,False,False
jsil-compiler,jsil-compiler,pldb,,1,1,False,False,False
JSInstruction,jsinstruction,esolang,,1,1,False,False,False
JSMeth,jsmeth,esolang,,1,1,False,False,False
jsml,jsml,pldb,,1,1,False,False,False
JSON++,json-plus-plus,esolang,,1,1,False,False,False
JSON with Comments,json-with-comments,linguist,.code-snippets .code-workspace .jsonc .sublime-build .sublime-color-scheme .sublime-commands .sublime-completions .sublime-keymap .sublime-macro .sublime-menu .sublime-mousemap .sublime-project .sublime-settings .sublime-theme .sublime-workspace .sublime_metrics .sublime_session .tsconfig.json,1,2,True,False,False
jsoncanvas,jsoncanvas,pldb,,1,1,False,False,False
JSONseq,jsonseq,esolang,,1,1,False,False,False
jsparagus,jsparagus,pldb,,1,1,False,False,False
jspp,jspp,pldb,,1,1,False,False,False
jsyn,jsyn,pldb,,1,1,False,False,False
jsync,jsync,pldb,,1,1,False,False,False
Jug,jug,esolang,,1,1,False,False,False
juicy,juicy,pldb,,1,1,False,False,False
Julia REPL,julia-repl,linguist,,1,1,False,False,False
juliahub-pm,juliahub-pm,pldb,,1,1,False,False,False
Jumble,jumble,esolang,,1,1,False,False,False
JUMP,jump,esolang,,1,1,False,False,False
Jumpback,jumpback,esolang,,1,1,False,False,False
Jumper,jumper,esolang,,1,1,False,False,False
JumpFuck,jumpfuck,esolang,,1,1,False,False,False
Jumping to -1 is exciting,jumping-to--1-is-exciting,esolang,,1,1,False,False,False
Jumping True,jumping-true,esolang,,1,1,False,False,False
Jumplang,jumplang,esolang,,1,1,False,False,False
Jumpmin,jumpmin,esolang,,1,1,False,False,False
Jumpy,jumpy,esolang,,1,1,False,False,False
Juna,juna,esolang,,1,1,False,False,False
Jungle,jungle,esolang,,1,1,False,False,False
jupyter-editor,jupyter-editor,pldb,,1,1,False,False,False
JUSTIF,justif,esolang,,1,1,False,False,False
JustWords,justwords,esolang,,1,1,False,False,False
jvm,jvm,pldb,,1,1,False,False,False
K (programming language),k-programming-language,wikipedia,,1,1,False,False,False
k-framework,k-framework,pldb,,1,1,False,False,False
K0,k0,esolang,,1,1,False,False,False
kaffeine,kaffeine,pldb,,1,1,False,False,False
kaggle-app,kaggle-app,pldb,,1,1,False,False,False
kai,kai,pldb,,1,1,False,False,False
kail,kail,pldb,,1,1,False,False,False
kaitai,kaitai,pldb,,1,1,False,False,False
Kak,kak,esolang,,1,1,False,False,False
Kak+,kak+,esolang,,1,1,False,False,False
kakoune-editor,kakoune-editor,pldb,,1,1,False,False,False
KakouneScript,kakounescript,linguist,.kak,1,3,False,False,False
kaleidoquery,kaleidoquery,pldb,,1,1,False,False,False
kaleidoscope90,kaleidoscope90,pldb,,1,1,False,False,False
kaleidoscope91,kaleidoscope91,pldb,,1,1,False,False,False
Kalgarn,kalgarn,esolang,,1,1,False,False,False
kami,kami,pldb,,1,1,False,False,False
kamilalisp,kamilalisp,pldb,,1,1,False,False,False
kaml,kaml,pldb,,1,1,False,False,False
Kana,kana,esolang,,1,1,False,False,False
Kangaroo,kangaroo,esolang,,1,1,False,False,False
Kantate,kantate,esolang,,1,1,False,False,False
Kardz,kardz,esolang,,1,1,False,False,False
karl,karl,pldb,,1,1,False,False,False
Karma,karma,esolang,,1,1,False,False,False
kasaya,kasaya,pldb,,1,1,False,False,False
kate-editor,kate-editor,pldb,,1,1,False,False,False
katex,katex,pldb,,1,1,False,False,False
kaukatcr,kaukatcr,pldb,,1,1,False,False,False
Kava,kava,esolang,,1,1,False,False,False
kavascript,kavascript,pldb,,1,1,False,False,False
kawa-scheme-implementation,kawa-scheme-implementation,pldb,,1,1,False,False,False
Kayak,kayak,esolang,,1,1,False,False,False
kayia,kayia,pldb,,1,1,False,False,False
kb,kb,pldb,,1,1,False,False,False
Kcidea,kcidea,esolang,,1,1,False,False,False
Kcufniarb,kcufniarb,esolang,,1,1,False,False,False
kee,kee,pldb,,1,1,False,False,False
Keep-It-Simple-Syntax,keep-it-simple-syntax,esolang,,1,1,False,False,False
kefir,kefir,pldb,,1,1,False,False,False
kei,kei,pldb,,1,1,False,False,False
kek-nodal,kek-nodal,pldb,,1,1,False,False,False
Kelxquoia,kelxquoia,esolang,,1,1,False,False,False
KEMURI,kemuri,esolang,,1,1,False,False,False
Kentarg,kentarg,esolang,,1,1,False,False,False
Kepler,kepler,esolang,,1,1,False,False,False
keras,keras,pldb,,1,1,False,False,False
kerf,kerf,pldb,,1,1,False,False,False
kernel-e,kernel-e,pldb,,1,1,False,False,False
Ket,ket,esolang,,1,1,False,False,False
Keta,keta,esolang,,1,1,False,False,False
kew,kew,pldb,,1,1,False,False,False
Keya,keya,esolang,,1,1,False,False,False
KeyF,keyf,esolang,,1,1,False,False,False
Keys,keys,esolang,,1,1,False,False,False
keysight-vee,keysight-vee,pldb,,1,1,False,False,False
Keystone,keystone,esolang,,1,1,False,False,False
KeyVM,keyvm,esolang,,1,1,False,False,False
KEYWORD,keyword,esolang,,1,1,False,False,False
Keywords,keywords,esolang,,1,1,False,False,False
KFramework,kframework,linguist,.k,1,1,False,False,False
kgl,kgl,pldb,,1,1,False,False,False
khepri,khepri,pldb,,1,1,False,False,False
khi,khi,pldb,,1,1,False,False,False
kicad,kicad,pldb,,1,1,False,False,False
KiCad Layout,kicad-layout,linguist,.kicad_mod .kicad_pcb .kicad_wks,1,2,True,False,False
KiCad Legacy Layout,kicad-legacy-layout,linguist,.brd,1,1,True,False,False
KiCad Schematic,kicad-schematic,linguist,.kicad_sch .kicad_sym .sch,1,2,True,False,False
KICK THAT HABIT MAN,kick-that-habit-man,esolang,,1,1,False,False,False
KickMe,kickme,esolang,,1,1,False,False,False
Kickstart,kickstart,linguist,.ks,1,1,False,False,False
kiev,kiev,pldb,,1,1,False,False,False
Kill,kill,esolang,,1,1,False,False,False
kilo-lisp,kilo-lisp,pldb,,1,1,False,False,False
kima,kima,pldb,,1,1,False,False,False
Kimi daro,kimi-daro,esolang,,1,1,False,False,False
KimL,kiml,esolang,,1,1,False,False,False
Kind n' Single,kind-n-single,esolang,,1,1,False,False,False
Kinetosis,kinetosis,esolang,,1,1,False,False,False
King Ethan,king-ethan,esolang,,1,1,False,False,False
king-kong,king-kong,pldb,,1,1,False,False,False
Kiosk,kiosk,esolang,,1,1,False,False,False
Kitanai,kitanai,esolang,,1,1,False,False,False
kitlang,kitlang,pldb,,1,1,False,False,False
KittyKittyMewMew,kittykittymewmew,esolang,,1,1,False,False,False
Kittytype,kittytype,esolang,,1,1,False,False,False
kivy-lang,kivy-lang,pldb,,1,1,False,False,False
Kiwiscript,kiwiscript,esolang,,1,1,False,False,False
Kkipple,kkipple,esolang,,1,1,False,False,False
kl-one,kl-one,pldb,,1,1,False,False,False
Klaus,klaus,esolang,,1,1,False,False,False
Klaus/Dense,klaus-dense,esolang,,1,1,False,False,False
Klein,klein,esolang,,1,1,False,False,False
Kleinfunge,kleinfunge,esolang,,1,1,False,False,False
klerer-may-system,klerer-may-system,pldb,,1,1,False,False,False
KlingonCode,klingoncode,esolang,,1,1,False,False,False
klipa,klipa,pldb,,1,1,False,False,False
Klon,klon,esolang,,1,1,False,False,False
Kmid,kmid,esolang,,1,1,False,False,False
kml,kml,pldb,,1,1,False,False,False
Knife,knife,esolang,,1,1,False,False,False
Knight Shuffling Tower,knight-shuffling-tower,esolang,,1,1,False,False,False
KnightJump,knightjump,esolang,,1,1,False,False,False
knitr,knitr,pldb,,1,1,False,False,False
Knock knock,knock-knock,esolang,,1,1,False,False,False
knowledge-interchange-format,knowledge-interchange-format,pldb,,1,1,False,False,False
ko,ko,pldb,,1,1,False,False,False
koara,koara,pldb,,1,1,False,False,False
kode,kode,pldb,,1,1,False,False,False
kodu-game-lab,kodu-game-lab,pldb,,1,1,False,False,False
koi,koi,pldb,,1,1,False,False,False
Kojo (learning environment),kojo-learning-environment,wikipedia,,1,1,False,False,False
KoLmafia ASH,kolmafia-ash,linguist,.ash,1,1,False,False,False
Kolmogorov,kolmogorov,esolang,,1,1,False,False,False
komodo-editor,komodo-editor,pldb,,1,1,False,False,False
KOMPILER,kompiler,wikipedia,,1,1,False,False,False
KonamiCode,konamicode,esolang,,1,1,False,False,False
Königsberg,konigsberg,esolang,,1,1,False,False,False
konna,konna,pldb,,1,1,False,False,False
Koopas are Involved,koopas-are-involved,esolang,,1,1,False,False,False
korn-shell,korn-shell,pldb,,1,1,False,False,False
Kov,kov,esolang,,1,1,False,False,False
Koyaanisqatsi,koyaanisqatsi,esolang,,1,1,False,False,False
kris,kris,pldb,,1,1,False,False,False
krl-0,krl-0,pldb,,1,1,False,False,False
krs,krs,pldb,,1,1,False,False,False
krypton,krypton,pldb,,1,1,False,False,False
KS,ks,esolang,,1,1,False,False,False
Kses,kses,esolang,,1,1,False,False,False
Ksplang,ksplang,esolang,,1,1,False,False,False
ktexteditor-editor,ktexteditor-editor,pldb,,1,1,False,False,False
ktyek,ktyek,pldb,,1,1,False,False,False
Ku,ku,esolang,,1,1,False,False,False
kubernetes,kubernetes,pldb,,1,1,False,False,False
kuc,kuc,pldb,,1,1,False,False,False
kuka,kuka,pldb,,1,1,False,False,False
kvlang,kvlang,linguist,.kv,1,1,False,False,False
kvsapi,kvsapi,pldb,,1,1,False,False,False
Kwert,kwert,esolang,,1,1,False,False,False
Kyle,kyle,esolang,,1,1,False,False,False
Kylin,kylin,esolang,,1,1,False,False,False
kylix,kylix,pldb,,1,1,False,False,False
kyma,kyma,pldb,,1,1,False,False,False
KYS,kys,esolang,,1,1,False,False,False
Kyu,kyu,esolang,,1,1,False,False,False
l-expressions,l-expressions,pldb,,1,1,False,False,False
L.H.O.O.Q.,l.h.o.o.q.,esolang,,1,1,False,False,False
L00P,l00p,esolang,,1,1,False,False,False
l2,l2,pldb,,1,1,False,False,False
L33t,l33t,esolang,,1,1,False,False,False
La Weá,la-wea,esolang,,1,1,False,False,False
LABEL,label,esolang,,1,1,False,False,False
Labra,labra,esolang,,1,1,False,False,False
labtran,labtran,pldb,,1,1,False,False,False
Labubu,labubu,esolang,,1,1,False,False,False
Laconic,laconic,esolang,,1,1,False,False,False
ladder-logic,ladder-logic,pldb,,1,1,False,False,False
Laddermaker,laddermaker,esolang,,1,1,False,False,False
ladybird,ladybird,pldb,,1,1,False,False,False
Lag,lag,esolang,,1,1,False,False,False
LAIDBACK,laidback,esolang,,1,1,False,False,False
Laiyes,laiyes,esolang,,1,1,False,False,False
Lakshayati,lakshayati,esolang,,1,1,False,False,False
Laktano,laktano,esolang,,1,1,False,False,False
Lalala,lalala,esolang,,1,1,False,False,False
Lamb,lamb,esolang,,1,1,False,False,False
lambcalc,lambcalc,pldb,,1,1,False,False,False
Lambda Calculus Primer,lambda-calculus-primer,esolang,,1,1,False,False,False
𝕃𝔸𝕄𝔹𝔻𝔸♯,lambda-sharp,esolang,,1,1,False,False,False
lambda-calculus,lambda-calculus,pldb,,1,1,False,False,False
lambda-obliv,lambda-obliv,pldb,,1,1,False,False,False
lambda-zero,lambda-zero,pldb,,1,1,False,False,False
LambdaLang,lambdalang,esolang,,1,1,False,False,False
LambdaPython,lambdapython,esolang,,1,1,False,False,False
Lambdastack,lambdastack,esolang,,1,1,False,False,False
Lambdir,lambdir,esolang,,1,1,False,False,False
Lambdus,lambdus,esolang,,1,1,False,False,False
lamderp,lamderp,pldb,,1,1,False,False,False
lamdu,lamdu,pldb,,1,1,False,False,False
lamdu-editor,lamdu-editor,pldb,,1,1,False,False,False
Lamfunc,lamfunc,esolang,,1,1,False,False,False
lamina,lamina,pldb,,1,1,False,False,False
lammps-format,lammps-format,pldb,,1,1,False,False,False
Lamp,lamp,esolang,,1,1,False,False,False
LAMPA,lampa,esolang,,1,1,False,False,False
lana,lana,pldb,,1,1,False,False,False
lanai,lanai,pldb,,1,1,False,False,False
Lananang,lananang,esolang,,1,1,False,False,False
ඞlang without Quine,lang-without-quine,esolang,,1,1,False,False,False
ඞlang without Quine with Quine,lang-without-quine-with-quine,esolang,,1,1,False,False,False
Langage de programmation du cœur,langage-de-programmation-du-cur,esolang,,1,1,False,False,False
Langar.io,langar.io,esolang,,1,1,False,False,False
Langium,langium,linguist,.langium,1,1,False,False,False
Langlang,langlang,esolang,,1,1,False,False,False
Langton's ant,langton-s-ant,esolang,,1,1,False,False,False
Language,language,esolang,,1,1,False,False,False
Language interoperability,language-interoperability,wikipedia,,1,1,False,False,False
Language of Laughing,language-of-laughing,esolang,,1,1,False,False,False
language-for-class-description,language-for-class-description,pldb,,1,1,False,False,False
language-server-protocol,language-server-protocol,pldb,,1,1,False,False,False
laning-and-zierler-system,laning-and-zierler-system,pldb,,1,1,False,False,False
lap,lap,pldb,,1,1,False,False,False
Larabee,larabee,esolang,,1,1,False,False,False
laravel-framework,laravel-framework,pldb,,1,1,False,False,False
LargeFish,largefish,esolang,,1,1,False,False,False
laris,laris,pldb,,1,1,False,False,False
Lark,lark,linguist,.lark,1,1,False,False,False
larp,larp,pldb,,1,1,False,False,False
LARSA,larsa,esolang,,1,1,False,False,False
Lasagna,lasagna,esolang,,1,1,False,False,False
Laser,laser,esolang,,1,1,False,False,False
Laser Pointer,laser-pointer,esolang,,1,1,False,False,False
LaserFuck,laserfuck,esolang,,1,1,False,False,False
Lasm,lasm,esolang,,1,1,False,False,False
lasp,lasp,pldb,,1,1,False,False,False
lass,lass,pldb,,1,1,False,False,False
Last ReSort,last-resort,esolang,,1,1,False,False,False
latte-js,latte-js,pldb,,1,1,False,False,False
Laughing my ⁫ off,laughing-my-off,esolang,,1,1,False,False,False
Laundry shop,laundry-shop,esolang,,1,1,False,False,False
laure,laure,pldb,,1,1,False,False,False
lav-format,lav-format,pldb,,1,1,False,False,False
Lawrence J. Krakauer's decimal computer,lawrence-j.-krakauer-s-decimal-computer,esolang,,1,1,False,False,False
lawvere,lawvere,pldb,,1,1,False,False,False
lax,lax,pldb,,1,1,False,False,False
LayerASM,layerasm,esolang,,1,1,False,False,False
LayerCake,layercake,esolang,,1,1,False,False,False
lazarus-editor,lazarus-editor,pldb,,1,1,False,False,False
Lazy,lazy,esolang,,1,1,False,False,False
Lazy Bird,lazy-bird,esolang,,1,1,False,False,False
Lazy expander,lazy-expander,esolang,,1,1,False,False,False
Lazy Prefix,lazy-prefix,esolang,,1,1,False,False,False
Lazyfuck,lazyfuck,esolang,,1,1,False,False,False
lazyml,lazyml,pldb,,1,1,False,False,False
Lbj,lbj,esolang,,1,1,False,False,False
lcl,lcl,pldb,,1,1,False,False,False
LCode,lcode,esolang,,1,1,False,False,False
LCTDNH,lctdnh,esolang,,1,1,False,False,False
ld-json,ld-json,pldb,,1,1,False,False,False
ldap,ldap,pldb,,1,1,False,False,False
ldl1,ldl1,pldb,,1,1,False,False,False
le-lisp,le-lisp,pldb,,1,1,False,False,False
leazy,leazy,pldb,,1,1,False,False,False
LECHEI,lechei,esolang,,1,1,False,False,False
Left Curly Brace Symbol,left-curly-brace-symbol,esolang,,1,1,False,False,False
Left-or-right,left-or-right,esolang,,1,1,False,False,False
Left-Right March,left-right-march,esolang,,1,1,False,False,False
Leftbracket,leftbracket,esolang,,1,1,False,False,False
Leftoutside,leftoutside,esolang,,1,1,False,False,False
Legasm,legasm,esolang,,1,1,False,False,False
Legend,legend,esolang,,1,1,False,False,False
legol,legol,pldb,,1,1,False,False,False
Legs,legs,esolang,,1,1,False,False,False
lem-editor,lem-editor,pldb,,1,1,False,False,False
lemick,lemick,pldb,,1,1,False,False,False
lemon-lang,lemon-lang,pldb,,1,1,False,False,False
"Len(language,encoding)",len-language-encoding,esolang,,1,1,False,False,False
Length,length,esolang,,1,1,False,False,False
Lengthwise,lengthwise,esolang,,1,1,False,False,False
Lenta,lenta,esolang,,1,1,False,False,False
Lento,lento,esolang,,1,1,False,False,False
Lenum,lenum,esolang,,1,1,False,False,False
leo-editor,leo-editor,pldb,,1,1,False,False,False
Leocode,leocode,esolang,,1,1,False,False,False
leogo,leogo,pldb,,1,1,False,False,False
leopard,leopard,pldb,,1,1,False,False,False
les,les,pldb,,1,1,False,False,False
Les Accents Français,les-accents-francais,esolang,,1,1,False,False,False
lesk,lesk,pldb,,1,1,False,False,False
lesma,lesma,pldb,,1,1,False,False,False
Leszek,leszek,esolang,,1,1,False,False,False
Let's Rewrite String!,let-s-rewrite-string,esolang,,1,1,False,False,False
Lete,lete,esolang,,1,1,False,False,False
Letlang,letlang,esolang,,1,1,False,False,False
LETTER,letter,esolang,,1,1,False,False,False
Letterfuck,letterfuck,esolang,,1,1,False,False,False
Letters++,letters-plus-plus,esolang,,1,1,False,False,False
leveldb,leveldb,pldb,,1,1,False,False,False
lexx-editor,lexx-editor,pldb,,1,1,False,False,False
lezer,lezer,pldb,,1,1,False,False,False
Lezy,lezy,esolang,,1,1,False,False,False
LFE (programming language),lfe-programming-language,wikipedia,,1,1,True,False,False
lfortran,lfortran,pldb,,1,1,False,False,False
LFSR CPU,lfsr-cpu,esolang,,1,1,False,False,False
lg,lg,pldb,,1,1,False,False,False
lgdf,lgdf,pldb,,1,1,False,False,False
Lhooq,lhooq,esolang,,1,1,False,False,False
li-chen-wang,li-chen-wang,pldb,,1,1,False,False,False
Li1I,li1i,esolang,,1,1,False,False,False
Liberation,liberation,esolang,,1,1,False,False,False
Libertas,libertas,esolang,,1,1,False,False,False
LibFuck,libfuck,esolang,,1,1,False,False,False
libsvm-format,libsvm-format,pldb,,1,1,False,False,False
LICE,lice,esolang,,1,1,False,False,False
License plate language,license-plate-language,esolang,,1,1,False,False,False
Licorne,licorne,esolang,,1,1,False,False,False
Lifelang,lifelang,esolang,,1,1,False,False,False
LifeScript,lifescript,esolang,,1,1,False,False,False
lift,lift,pldb,,1,1,False,False,False
Ligature Machine,ligature-machine,esolang,,1,1,False,False,False
ℒight,light,esolang,,1,1,False,False,False
Light Pattern,light-pattern,esolang,,1,1,False,False,False
Lightlang,lightlang,esolang,,1,1,False,False,False
Lightswitch,lightswitch,esolang,,1,1,False,False,False
lighttable,lighttable,pldb,,1,1,False,False,False
lighttpd-configuration-file,lighttpd-configuration-file,pldb,,1,1,False,False,False
Lightweight programming language,lightweight-programming-language,wikipedia,,1,1,False,False,False
LigoLANG,ligolang,linguist,.ligo,1,1,False,False,False
Lii,lii,esolang,,1,1,False,False,False
lil-lang,lil-lang,pldb,,1,1,False,False,False
lila,lila,pldb,,1,1,False,False,False
lila-lang,lila-lang,pldb,,1,1,False,False,False
Lime Squeezer,lime-squeezer,esolang,,1,1,False,False,False
Lime Squeezer/ru,lime-squeezer-ru,esolang,,1,1,False,False,False
LIMITED,limited,esolang,,1,1,False,False,False
linc-4gl,linc-4gl,pldb,,1,1,False,False,False
lincoln-reckoner,lincoln-reckoner,pldb,,1,1,False,False,False
lincos,lincos,pldb,,1,1,False,False,False
Linda (coordination language),linda-coordination-language,wikipedia,,1,1,False,False,False
linden-scripting-language,linden-scripting-language,pldb,,1,1,False,False,False
Lindenmayer,lindenmayer,esolang,,1,1,False,False,False
Line,line,esolang,,1,1,False,False,False
Line Feed,line-feed,esolang,,1,1,False,False,False
Linear,linear,esolang,,1,1,False,False,False
Linear bounded brainfuck,linear-bounded-brainfuck,esolang,,1,1,False,False,False
Linear Programming,linear-programming,linguist,.lp,1,1,False,False,False
linearml,linearml,pldb,,1,1,False,False,False
LinearModulo2,linearmodulo2,esolang,,1,1,False,False,False
Linecode,linecode,esolang,,1,1,False,False,False
Linefuck6,linefuck6,esolang,,1,1,False,False,False
LineLover,linelover,esolang,,1,1,False,False,False
LinePaint,linepaint,esolang,,1,1,False,False,False
Lines,lines,esolang,,1,1,False,False,False
Lines are cool,lines-are-cool,esolang,,1,1,False,False,False
Lingua abstrusa,lingua-abstrusa,esolang,,1,1,False,False,False
lingua-graphica,lingua-graphica,pldb,,1,1,False,False,False
Linguarcana,linguarcana,esolang,,1,1,False,False,False
Linguine,linguine,esolang,,1,1,False,False,False
Linguistic Calculus,linguistic-calculus,esolang,,1,1,False,False,False
link,link,pldb,,1,1,False,False,False
linked-markdown,linked-markdown,pldb,,1,1,False,False,False
linkml,linkml,pldb,,1,1,False,False,False
links-programming-language,links-programming-language,pldb,,1,1,False,False,False
linktext,linktext,pldb,,1,1,False,False,False
LINR,linr,esolang,,1,1,False,False,False
linux,linux,pldb,,1,1,False,False,False
LinuxLang,linuxlang,esolang,,1,1,False,False,False
lis,lis,pldb,,1,1,False,False,False
liseb,liseb,pldb,,1,1,False,False,False
liso,liso,pldb,,1,1,False,False,False
Lisp (programming language),lisp-programming-language,wikipedia,,1,1,False,False,False
lisp-1-5,lisp-1-5,pldb,,1,1,False,False,False
lisp-2,lisp-2,pldb,,1,1,False,False,False
lisp-a,lisp-a,pldb,,1,1,False,False,False
lisp-machine-lisp,lisp-machine-lisp,pldb,,1,1,False,False,False
Lisp2d,lisp2d,esolang,,1,1,False,False,False
Lisparser,lisparser,esolang,,1,1,False,False,False
lispme,lispme,pldb,,1,1,False,False,False
LispNTI,lispnti,esolang,,1,1,False,False,False
LISPS,lisps,esolang,,1,1,False,False,False
LispSpace,lispspace,esolang,,1,1,False,False,False
lisptalk,lisptalk,pldb,,1,1,False,False,False
lispyscript,lispyscript,pldb,,1,1,False,False,False
Listack,listack,esolang,,1,1,False,False,False
listdown,listdown,pldb,,1,1,False,False,False
ListLang,listlang,esolang,,1,1,False,False,False
Lists of programming software development tools,lists-of-programming-software-development-tools,wikipedia,,1,1,False,False,False
ListScript,listscript,esolang,,1,1,False,False,False
Literally every golflang ever,literally-every-golflang-ever,esolang,,1,1,False,False,False
Literally every golflang ever/Esopage,literally-every-golflang-ever-esopage,esolang,,1,1,False,False,False
litescript,litescript,pldb,,1,1,False,False,False
LITHP,lithp,esolang,,1,1,False,False,False
Little b (programming language),little-b-programming-language,wikipedia,,1,1,False,False,False
little-b,little-b,pldb,,1,1,False,False,False
little-smalltalk,little-smalltalk,pldb,,1,1,False,False,False
LiveCode Script,livecode-script,linguist,.livecodescript,1,1,False,False,False
Livefish,livefish,esolang,,1,1,False,False,False
LJAPL,ljapl,esolang,,1,1,False,False,False
lkif,lkif,pldb,,1,1,False,False,False
Llec,llec,esolang,,1,1,False,False,False
llhd,llhd,pldb,,1,1,False,False,False
LLLL,llll,esolang,,1,1,False,False,False
lllpg,lllpg,pldb,,1,1,False,False,False
LLvlN,llvln,esolang,,1,1,False,False,False
LLvlN++,llvln-plus-plus,esolang,,1,1,False,False,False
LLvlN-FLOAT,llvln-float,esolang,,1,1,False,False,False
LLvlN-mini,llvln-mini,esolang,,1,1,False,False,False
LLvlN-Quantum,llvln-quantum,esolang,,1,1,False,False,False
llvmir,llvmir,pldb,,1,1,False,False,False
LMBC,lmbc,esolang,,1,1,False,False,False
LMCode,lmcode,esolang,,1,1,False,False,False
lmdb,lmdb,pldb,,1,1,False,False,False
lnf,lnf,pldb,,1,1,False,False,False
Lnlang,lnlang,esolang,,1,1,False,False,False
LNUSP,lnusp,esolang,,1,1,False,False,False
lo,lo,pldb,,1,1,False,False,False
Lo'reran,lo-reran,esolang,,1,1,False,False,False
Load,load,esolang,,1,1,False,False,False
LoadedFuck,loadedfuck,esolang,,1,1,False,False,False
Loader,loader,esolang,,1,1,False,False,False
Loading,loading,esolang,,1,1,False,False,False
Loadstring,loadstring,esolang,,1,1,False,False,False
local,local,pldb,,1,1,False,False,False
loci,loci,pldb,,1,1,False,False,False
LOCK,lock,esolang,,1,1,False,False,False
locs,locs,pldb,,1,1,False,False,False
lodash,lodash,pldb,,1,1,False,False,False
Log,log,esolang,,1,1,False,False,False
Log++,log-plus-plus,esolang,,1,1,False,False,False
logal,logal,pldb,,1,1,False,False,False
Logfuck,logfuck,esolang,,1,1,False,False,False
Logic,logic,esolang,,1,1,False,False,False
Logical,logical,esolang,,1,1,False,False,False
LogicF---,logicf,esolang,,1,1,False,False,False
LogicGate,logicgate,esolang,,1,1,False,False,False
LogicGates,logicgates,esolang,,1,1,False,False,False
LogicGates/exGates,logicgates-exgates,esolang,,1,1,False,False,False
Logicode,logicode,esolang,,1,1,False,False,False
logicon,logicon,pldb,,1,1,False,False,False
Logig,logig,esolang,,1,1,False,False,False
Logik,logik,esolang,,1,1,False,False,False
Logimat,logimat,esolang,,1,1,False,False,False
login,login,pldb,,1,1,False,False,False
logist,logist,pldb,,1,1,False,False,False
loglan-pl,loglan-pl,pldb,,1,1,False,False,False
loglisp,loglisp,pldb,,1,1,False,False,False
loglo,loglo,pldb,,1,1,False,False,False
Logo (programming language),logo-programming-language,wikipedia,,1,1,False,False,False
logol,logol,pldb,,1,1,False,False,False
logowriter,logowriter,pldb,,1,1,False,False,False
logres,logres,pldb,,1,1,False,False,False
logscheme,logscheme,pldb,,1,1,False,False,False
LogStack,logstack,esolang,,1,1,False,False,False
lol,lol,pldb,,1,1,False,False,False
Lol waht i cant edit talk pages,lol-waht-i-cant-edit-talk-pages,esolang,,1,1,False,False,False
LOLGraphics,lolgraphics,esolang,,1,1,False,False,False
LolKek,lolkek,esolang,,1,1,False,False,False
LOLScript,lolscript,esolang,,1,1,False,False,False
LOLSUS,lolsus,esolang,,1,1,False,False,False
LOLZ,lolz,esolang,,1,1,False,False,False
Long2,long2,esolang,,1,1,False,False,False
Long3,long3,esolang,,1,1,False,False,False
LongFish,longfish,esolang,,1,1,False,False,False
LongJump,longjump,esolang,,1,1,False,False,False
Longplayer,longplayer,esolang,,1,1,False,False,False
Look!,look,esolang,,1,1,False,False,False
loom,loom,pldb,,1,1,False,False,False
Loop preventing brainfuck,loop-preventing-brainfuck,esolang,,1,1,False,False,False
Loopnest,loopnest,esolang,,1,1,False,False,False
loopnpp,loopnpp,pldb,,1,1,False,False,False
LoopScript,loopscript,esolang,,1,1,False,False,False
Loose Circular Brainfuck (LCBF),loose-circular-brainfuck-lcbf,esolang,,1,1,False,False,False
lore,lore,pldb,,1,1,False,False,False
lorel,lorel,pldb,,1,1,False,False,False
lorel-1,lorel-1,pldb,,1,1,False,False,False
Lorem Ipsum,lorem-ipsum,esolang,,1,1,False,False,False
"Lorem ipsum dolor sit amet, Quattor Quattor Quattor Quattor Quattor Quattor Quattor Quattor sin Quattor Quinque sin Quinque sin Quattor kumquat Kumquat evil Kumquat Quinque Kumquats To Kumquat Quattor Quattor Kumquatland EVIL, Quattor Quinque KUMQUATS",lorem-ipsum-dolor-sit-amet-quattor-quattor-quattor-quattor-quattor-quattor-quattor-quattor-sin-quattor-quinque-sin-quinque-sin-quattor-kumquat-kumquat-evil-kumquat-quinque-kumquats-to-kumquat-quattor-quattor-kumquatland-evil-quattor-quinque-kumquats,esolang,,1,1,False,False,False
Lorry,lorry,esolang,,1,1,False,False,False
Losescript,losescript,esolang,,1,1,False,False,False
Loss,loss,esolang,,1,1,False,False,False
Loss't,loss-t,esolang,,1,1,False,False,False
"Loss, v. 1.11.11.1",loss-v.-1.11.11.1,esolang,,1,1,False,False,False
Lossia,lossia,esolang,,1,1,False,False,False
Lost,lost,esolang,,1,1,False,False,False
lotis,lotis,pldb,,1,1,False,False,False
LottoScript,lottoscript,esolang,,1,1,False,False,False
Love,love,esolang,,1,1,False,False,False
lowstar,lowstar,pldb,,1,1,False,False,False
lp-format,lp-format,pldb,,1,1,False,False,False
LPeg,lpeg,esolang,,1,1,False,False,False
LPTA,lpta,esolang,,1,1,False,False,False
LRIP,lrip,esolang,,1,1,False,False,False
LRL,lrl,esolang,,1,1,False,False,False
LS Basic,ls-basic,esolang,,1,1,False,False,False
lsd,lsd,pldb,,1,1,False,False,False
lsif-format,lsif-format,pldb,,1,1,False,False,False
LstackG,lstackg,esolang,,1,1,False,False,False
LstackG+,lstackg+,esolang,,1,1,False,False,False
LTMCBCBYCII,ltmcbcbycii,esolang,,1,1,False,False,False
Lua Joust,lua-joust,esolang,,1,1,False,False,False
Lua++,lua-plus-plus,esolang,,1,1,False,False,False
Luafuck,luafuck,esolang,,1,1,False,False,False
luarocks-pm,luarocks-pm,pldb,,1,1,False,False,False
Luasm,luasm,esolang,,1,1,False,False,False
Luathon,luathon,esolang,,1,1,False,False,False
lucene-query-syntax,lucene-query-syntax,pldb,,1,1,False,False,False
lucid-chart-app,lucid-chart-app,pldb,,1,1,False,False,False
lucid-lang,lucid-lang,pldb,,1,1,False,False,False
lucid-representations,lucid-representations,pldb,,1,1,False,False,False
lucinda,lucinda,pldb,,1,1,False,False,False
Lucky Ball,lucky-ball,esolang,,1,1,False,False,False
Luigi,luigi,esolang,,1,1,False,False,False
Luke's Box Programming,luke-s-box-programming,esolang,,1,1,False,False,False
Luke's Box Pseudocode,luke-s-box-pseudocode,esolang,,1,1,False,False,False
Luminol,luminol,esolang,,1,1,False,False,False
luna-1,luna-1,pldb,,1,1,False,False,False
lunar,lunar,pldb,,1,1,False,False,False
lwjgl,lwjgl,pldb,,1,1,False,False,False
Lye,lye,esolang,,1,1,False,False,False
lyric,lyric,pldb,,1,1,False,False,False
!lyricly☭demote☭establish☭communism!,lyriclydemoteestablishcommunism,esolang,,1,1,False,False,False
Lythnology,lythnology,esolang,,1,1,False,False,False
Lython,lython,esolang,,1,1,False,False,False
lyx-editor,lyx-editor,pldb,,1,1,False,False,False
LZ∞,lz,esolang,,1,1,False,False,False
M-Code,m-code,esolang,,1,1,False,False,False
m-expressions,m-expressions,pldb,,1,1,False,False,False
m-lisp,m-lisp,pldb,,1,1,False,False,False
m-programming-language,m-programming-language,pldb,,1,1,False,False,False
M0,m0,esolang,,1,1,False,False,False
m3db,m3db,pldb,,1,1,False,False,False
M3U,m3u,linguist,.m3u .m3u8,1,3,False,False,False
mac,mac,pldb,,1,1,False,False,False
macaims,macaims,pldb,,1,1,False,False,False
macbasic,macbasic,pldb,,1,1,False,False,False
macbook-air-machine,macbook-air-machine,pldb,,1,1,False,False,False
macchiato,macchiato,pldb,,1,1,False,False,False
mace,mace,pldb,,1,1,False,False,False
Mach,mach,esolang,,1,1,False,False,False
macintosh-common-lisp,macintosh-common-lisp,pldb,,1,1,False,False,False
macintosh-machine,macintosh-machine,pldb,,1,1,False,False,False
Macmac,macmac,esolang,,1,1,False,False,False
macro-spitbol,macro-spitbol,pldb,,1,1,False,False,False
MacroBeep,macrobeep,esolang,,1,1,False,False,False
macroml,macroml,pldb,,1,1,False,False,False
Macron,macron,esolang,,1,1,False,False,False
Macroplace,macroplace,esolang,,1,1,False,False,False
Macroprogramming,macroprogramming,wikipedia,,1,1,False,False,False
Madbrain,madbrain,esolang,,1,1,False,False,False
madcap-vi,madcap-vi,pldb,,1,1,False,False,False
Made up grammar rules,made-up-grammar-rules,esolang,,1,1,False,False,False
Madeye,madeye,esolang,,1,1,False,False,False
MadLad,madlad,esolang,,1,1,False,False,False
Madness,madness,esolang,,1,1,False,False,False
mads,mads,pldb,,1,1,False,False,False
Maentwrog,maentwrog,esolang,,1,1,False,False,False
Magenta,magenta,esolang,,1,1,False,False,False
mages,mages,pldb,,1,1,False,False,False
Magic-1,magic-1,esolang,,1,1,False,False,False
magic-paper,magic-paper,pldb,,1,1,False,False,False
Magicard!,magicard,esolang,,1,1,False,False,False
MagiStack,magistack,esolang,,1,1,False,False,False
magit,magit,pldb,,1,1,False,False,False
magma2,magma2,pldb,,1,1,False,False,False
mai,mai,pldb,,1,1,False,False,False
mai-basic-four,mai-basic-four,pldb,,1,1,False,False,False
MAIACORD,maiacord,esolang,,1,1,False,False,False
Mail,mail,esolang,,1,1,False,False,False
MailBox,mailbox,esolang,,1,1,False,False,False
Mailman,mailman,esolang,,1,1,False,False,False
MakarafaC,makarafac,esolang,,1,1,False,False,False
Make me blush,make-me-blush,esolang,,1,1,False,False,False
makedoc,makedoc,pldb,,1,1,False,False,False
Makina,makina,esolang,,1,1,False,False,False
Malang,malang,esolang,,1,1,False,False,False
Malbolge Reborn,malbolge-reborn,esolang,,1,1,False,False,False
Malbolge20,malbolge20,esolang,,1,1,False,False,False
MalbolgeFUCK,malbolgefuck,esolang,,1,1,False,False,False
MalbolgeLisp,malbolgelisp,esolang,,1,1,False,False,False
Malbrain,malbrain,esolang,,1,1,False,False,False
Malfunge,malfunge,esolang,,1,1,False,False,False
mallard-basic,mallard-basic,pldb,,1,1,False,False,False
Malloc,malloc,esolang,,1,1,False,False,False
MalTape,maltape,esolang,,1,1,False,False,False
malus,malus,pldb,,1,1,False,False,False
Mama,mama,esolang,,1,1,False,False,False
mama-software,mama-software,pldb,,1,1,False,False,False
man-machine-language,man-machine-language,pldb,,1,1,False,False,False
manchester-syntax,manchester-syntax,pldb,,1,1,False,False,False
mangle,mangle,pldb,,1,1,False,False,False
Mango,mango,esolang,,1,1,False,False,False
MangularJS,mangularjs,esolang,,1,1,False,False,False
manhood,manhood,pldb,,1,1,False,False,False
manim,manim,pldb,,1,1,False,False,False
manos-devel,manos-devel,pldb,,1,1,False,False,False
Manuever,manuever,esolang,,1,1,False,False,False
Manufactoria,manufactoria,esolang,,1,1,False,False,False
manuscript,manuscript,pldb,,1,1,False,False,False
map,map,pldb,,1,1,False,False,False
mapgen,mapgen,pldb,,1,1,False,False,False
maplesoft-app-center-pm,maplesoft-app-center-pm,pldb,,1,1,False,False,False
mapquery,mapquery,pldb,,1,1,False,False,False
maps,maps,pldb,,1,1,False,False,False
maraca-lang,maraca-lang,pldb,,1,1,False,False,False
Marb,marb,esolang,,1,1,False,False,False
Marbelous,marbelous,esolang,,1,1,False,False,False
Marble,marble,esolang,,1,1,False,False,False
Marble maze,marble-maze,esolang,,1,1,False,False,False
Marble run!!,marble-run,esolang,,1,1,False,False,False
Marblepunk,marblepunk,esolang,,1,1,False,False,False
Marbles,marbles,esolang,,1,1,False,False,False
margin,margin,pldb,,1,1,False,False,False
maria-db-column-store,maria-db-column-store,pldb,,1,1,False,False,False
maria-xml,maria-xml,pldb,,1,1,False,False,False
Mariofuck,mariofuck,esolang,,1,1,False,False,False
MarioLANG,mariolang,esolang,,1,1,False,False,False
Mark,mark,esolang,,1,1,False,False,False
markaby,markaby,pldb,,1,1,False,False,False
markdeep,markdeep,pldb,,1,1,False,False,False
Marker,marker,esolang,,1,1,False,False,False
Markleft,markleft,esolang,,1,1,False,False,False
marklogic,marklogic,pldb,,1,1,False,False,False
Markont,markont,esolang,,1,1,False,False,False
Markup Λanguage,markup-anguage,esolang,,1,1,False,False,False
MarkupL,markupl,esolang,,1,1,False,False,False
MarkupLang,markuplang,esolang,,1,1,False,False,False
marlais,marlais,pldb,,1,1,False,False,False
marmot,marmot,pldb,,1,1,False,False,False
marp,marp,pldb,,1,1,False,False,False
marsyas,marsyas,pldb,,1,1,False,False,False
marten,marten,pldb,,1,1,False,False,False
Marthue,marthue,esolang,,1,1,False,False,False
mary-2,mary-2,pldb,,1,1,False,False,False
Marz,marz,esolang,,1,1,False,False,False
mascara,mascara,pldb,,1,1,False,False,False
Mascarpone,mascarpone,esolang,,1,1,False,False,False
Mascarpone Joust,mascarpone-joust,esolang,,1,1,False,False,False
Mash,mash,esolang,,1,1,False,False,False
MashedPotatoes,mashedpotatoes,esolang,,1,1,False,False,False
Masheen,masheen,esolang,,1,1,False,False,False
masim,masim,pldb,,1,1,False,False,False
maskjs,maskjs,pldb,,1,1,False,False,False
Masqualia,masqualia,esolang,,1,1,False,False,False
mass-energy-equation,mass-energy-equation,pldb,,1,1,False,False,False
mastodon,mastodon,pldb,,1,1,False,False,False
Masturbation,masturbation,esolang,,1,1,False,False,False
Matag,matag,esolang,,1,1,False,False,False
Match,match,esolang,,1,1,False,False,False
Matcha,matcha,esolang,,1,1,False,False,False
Matching Machines,matching-machines,esolang,,1,1,False,False,False
material-exchange-format,material-exchange-format,pldb,,1,1,False,False,False
MATH,math,esolang,,1,1,False,False,False
Math&Matrix,math-matrix,esolang,,1,1,False,False,False
Math++,math-plus-plus,esolang,,1,1,False,False,False
mathematica-editor,mathematica-editor,pldb,,1,1,False,False,False
mathematica-packagedata-pm,mathematica-packagedata-pm,pldb,,1,1,False,False,False
Mathematical Programming System,mathematical-programming-system,linguist,.mps,1,1,False,False,False
Mathematics (batteries included),mathematics-batteries-included,esolang,,1,1,False,False,False
Mathfuck,mathfuck,esolang,,1,1,False,False,False
mathics,mathics,pldb,,1,1,False,False,False
mathjax,mathjax,pldb,,1,1,False,False,False
mathjson,mathjson,pldb,,1,1,False,False,False
mathlingua,mathlingua,pldb,,1,1,False,False,False
mathml,mathml,pldb,,1,1,False,False,False
Mathomania,mathomania,esolang,,1,1,False,False,False
mathpix-markdown,mathpix-markdown,pldb,,1,1,False,False,False
MathSeq,mathseq,esolang,,1,1,False,False,False
mathsy,mathsy,pldb,,1,1,False,False,False
mathtype,mathtype,pldb,,1,1,False,False,False
mathworks-file-exchange-pm,mathworks-file-exchange-pm,pldb,,1,1,False,False,False
matplotlib,matplotlib,pldb,,1,1,False,False,False
Matrexp,matrexp,esolang,,1,1,False,False,False
matrix-pascal,matrix-pascal,pldb,,1,1,False,False,False
matrix-protocol,matrix-protocol,pldb,,1,1,False,False,False
Matrixfuck,matrixfuck,esolang,,1,1,False,False,False
Matrixpone,matrixpone,esolang,,1,1,False,False,False
matroska,matroska,pldb,,1,1,False,False,False
"""Matthew Conlen"",",matthew-conlen,pldb,,1,1,False,False,False
maven-pm,maven-pm,pldb,,1,1,False,False,False
mavis,mavis,pldb,,1,1,False,False,False
mavo,mavo,pldb,,1,1,False,False,False
MAWP,mawp,esolang,,1,1,False,False,False
maya,maya,pldb,,1,1,False,False,False
maya-numerals,maya-numerals,pldb,,1,1,False,False,False
Maybe,maybe,esolang,,1,1,False,False,False
Maybe Later,maybe-later,esolang,,1,1,False,False,False
Maybebat,maybebat,esolang,,1,1,False,False,False
MaybeNumericBatch,maybenumericbatch,esolang,,1,1,False,False,False
Mayor Indbur,mayor-indbur,esolang,,1,1,False,False,False
Maze,maze,esolang,,1,1,False,False,False
Mazefuck,mazefuck,esolang,,1,1,False,False,False
MazeLang,mazelang,esolang,,1,1,False,False,False
Mazerunner,mazerunner,esolang,,1,1,False,False,False
/ˈæmbiːɛf/,mbif,esolang,,1,1,False,False,False
mbox,mbox,pldb,,1,1,False,False,False
MC14500B,mc14500b,esolang,,1,1,False,False,False
MCA (Old),mca-old,esolang,,1,1,False,False,False
MCBlocks,mcblocks,esolang,,1,1,False,False,False
mckeeman-form,mckeeman-form,pldb,,1,1,False,False,False
mcleyvier-command-language,mcleyvier-command-language,pldb,,1,1,False,False,False
mcobol,mcobol,pldb,,1,1,False,False,False
mcp,mcp,pldb,,1,1,False,False,False
md5-hash-function,md5-hash-function,pldb,,1,1,False,False,False
Md5sha1fuck,md5sha1fuck,esolang,,1,1,False,False,False
mdbs-qrs,mdbs-qrs,pldb,,1,1,False,False,False
mdd,mdd,pldb,,1,1,False,False,False
MDPN,mdpn,esolang,,1,1,False,False,False
mdq,mdq,pldb,,1,1,False,False,False
mdsvex,mdsvex,linguist,.svx,1,1,False,False,False
mdx-lang,mdx-lang,pldb,,1,1,False,False,False
Meadow,meadow,esolang,,1,1,False,False,False
Meander,meander,esolang,,1,1,False,False,False
meanscriptcli,meanscriptcli,pldb,,1,1,False,False,False
mech-lang,mech-lang,pldb,,1,1,False,False,False
Mechanicum,mechanicum,esolang,,1,1,False,False,False
MechaniQue,mechanique,esolang,,1,1,False,False,False
medic,medic,pldb,,1,1,False,False,False
medusa,medusa,pldb,,1,1,False,False,False
megalog,megalog,pldb,,1,1,False,False,False
megaparsec,megaparsec,pldb,,1,1,False,False,False
Melanjan,melanjan,esolang,,1,1,False,False,False
Melon,melon,esolang,,1,1,False,False,False
melpha-pm,melpha-pm,pldb,,1,1,False,False,False
memcached,memcached,pldb,,1,1,False,False,False
MemeS,memes,esolang,,1,1,False,False,False
Memescript,memescript,esolang,,1,1,False,False,False
memex-machine,memex-machine,pldb,,1,1,False,False,False
Memfractal,memfractal,esolang,,1,1,False,False,False
Memfuck,memfuck,esolang,,1,1,False,False,False
Memo,memo,esolang,,1,1,False,False,False
Memory,memory,esolang,,1,1,False,False,False
MEMORYLEEK,memoryleek,esolang,,1,1,False,False,False
MemPanic,mempanic,esolang,,1,1,False,False,False
mendel,mendel,pldb,,1,1,False,False,False
Mendeleev,mendeleev,esolang,,1,1,False,False,False
menhir,menhir,pldb,,1,1,False,False,False
Menn,menn,esolang,,1,1,False,False,False
Mention,mention,esolang,,1,1,False,False,False
Meow (Martsadas),meow-martsadas,esolang,,1,1,False,False,False
Meow (None1),meow-none1,esolang,,1,1,False,False,False
Meow (tommyaweosme),meow-tommyaweosme,esolang,,1,1,False,False,False
Meowlang,meowlang,esolang,,1,1,False,False,False
Mep,mep,esolang,,1,1,False,False,False
Mepytaruon,mepytaruon,esolang,,1,1,False,False,False
mercurial,mercurial,pldb,,1,1,False,False,False
Mercury (RemObjects BASIC programming language),mercury-remobjects-basic-programming-language,wikipedia,,1,1,False,False,False
mercury-programming-system,mercury-programming-system,pldb,,1,1,False,False,False
Merriment,merriment,esolang,,1,1,False,False,False
Merucik,merucik,esolang,,1,1,False,False,False
mesh,mesh,pldb,,1,1,False,False,False
messagepack,messagepack,pldb,,1,1,False,False,False
Messenger,messenger,esolang,,1,1,False,False,False
MESSo,messo,esolang,,1,1,False,False,False
Messyscript,messyscript,esolang,,1,1,False,False,False
met-english,met-english,pldb,,1,1,False,False,False
ＭＥＴＡ,meta,esolang,,1,1,False,False,False
Meta Memes,meta-memes,esolang,,1,1,False,False,False
Meta Minsky Machine,meta-minsky-machine,esolang,,1,1,False,False,False
meta-assembler,meta-assembler,pldb,,1,1,False,False,False
Meta-categorial,meta-categorial,esolang,,1,1,False,False,False
meta-lisp,meta-lisp,pldb,,1,1,False,False,False
Meta-meta-meta-meta-meta,meta-meta-meta-meta-meta,esolang,,1,1,False,False,False
meta-plus,meta-plus,pldb,,1,1,False,False,False
Metabox,metabox,esolang,,1,1,False,False,False
MetaC,metac,esolang,,1,1,False,False,False
metacomco,metacomco,pldb,,1,1,False,False,False
Metafractran,metafractran,esolang,,1,1,False,False,False
Metafuck,metafuck,esolang,,1,1,False,False,False
MetaGlow,metaglow,esolang,,1,1,False,False,False
MetaGolfScript,metagolfscript,esolang,,1,1,False,False,False
metah,metah,pldb,,1,1,False,False,False
MetaInterpreter,metainterpreter,esolang,,1,1,False,False,False
metal-programming-language,metal-programming-language,pldb,,1,1,False,False,False
metalang99,metalang99,pldb,,1,1,False,False,False
metalex,metalex,pldb,,1,1,False,False,False
metapi,metapi,pldb,,1,1,False,False,False
metasim,metasim,pldb,,1,1,False,False,False
Metat,metat,esolang,,1,1,False,False,False
Metatape,metatape,esolang,,1,1,False,False,False
metatem,metatem,pldb,,1,1,False,False,False
metaweb-query-language,metaweb-query-language,pldb,,1,1,False,False,False
Methesis,methesis,esolang,,1,1,False,False,False
methodology-description-language,methodology-description-language,pldb,,1,1,False,False,False
Metropolis,metropolis,esolang,,1,1,False,False,False
Meu,meu,esolang,,1,1,False,False,False
mewl,mewl,pldb,,1,1,False,False,False
Mexico,mexico,esolang,,1,1,False,False,False
MGIFOS,mgifos,esolang,,1,1,False,False,False
mgmt,mgmt,pldb,,1,1,False,False,False
MIBBLLII,mibbllii,esolang,,1,1,False,False,False
Mic,mic,esolang,,1,1,False,False,False
Mice in a maze,mice-in-a-maze,esolang,,1,1,False,False,False
Micro,micro,esolang,,1,1,False,False,False
micro-cpp,micro-cpp,pldb,,1,1,False,False,False
micro-editor,micro-editor,pldb,,1,1,False,False,False
micro-flowcharts,micro-flowcharts,pldb,,1,1,False,False,False
micro-mitten,micro-mitten,pldb,,1,1,False,False,False
microarchitecture-description-language,microarchitecture-description-language,pldb,,1,1,False,False,False
microblocks,microblocks,pldb,,1,1,False,False,False
microdare,microdare,pldb,,1,1,False,False,False
microdata,microdata,pldb,,1,1,False,False,False
Microjump,microjump,esolang,,1,1,False,False,False
microl,microl,pldb,,1,1,False,False,False
MicroLang,microlang,esolang,,1,1,False,False,False
Micron Turiŋ-Complete Aßembly Laŋuage,micron-turi-complete-aembly-lauage,esolang,,1,1,False,False,False
Microscript II,microscript-ii,esolang,,1,1,False,False,False
Microsoft Developer Studio Project,microsoft-developer-studio-project,linguist,.dsp,1,1,True,False,False
Microsoft Visual Studio Solution,microsoft-visual-studio-solution,linguist,.sln,1,1,False,False,False
microsoft-access,microsoft-access,pldb,,1,1,False,False,False
microsoft-azure-cosmos-db,microsoft-azure-cosmos-db,pldb,,1,1,False,False,False
microsoft-basic,microsoft-basic,pldb,,1,1,False,False,False
microsoft-equation-editor,microsoft-equation-editor,pldb,,1,1,False,False,False
microsoft-macro-assembler,microsoft-macro-assembler,pldb,,1,1,False,False,False
microsoft-mysql-server,microsoft-mysql-server,pldb,,1,1,False,False,False
microsoft-small-basic,microsoft-small-basic,pldb,,1,1,False,False,False
microtal,microtal,pldb,,1,1,False,False,False
Microwave,microwave,esolang,,1,1,False,False,False
Middle Manager,middle-manager,esolang,,1,1,False,False,False
Mierda,mierda,esolang,,1,1,False,False,False
MIG,mig,esolang,,1,1,False,False,False
MIG+,mig+,esolang,,1,1,False,False,False
Migol 09,migol-09,esolang,,1,1,False,False,False
Migol 11,migol-11,esolang,,1,1,False,False,False
Mihaieso esomixup,mihaieso-esomixup,esolang,,1,1,False,False,False
miis,miis,pldb,,1,1,False,False,False
mike,mike,pldb,,1,1,False,False,False
MikuLang,mikulang,esolang,,1,1,False,False,False
MiLambda,milambda,esolang,,1,1,False,False,False
Mildfuck,mildfuck,esolang,,1,1,False,False,False
Milk,milk,esolang,,1,1,False,False,False
mimium,mimium,pldb,,1,1,False,False,False
mimix-stream-language,mimix-stream-language,pldb,,1,1,False,False,False
Mimsy,mimsy,esolang,,1,1,False,False,False
(min)mod,min-mod,esolang,,1,1,False,False,False
Minaac,minaac,esolang,,1,1,False,False,False
Minasm,minasm,esolang,,1,1,False,False,False
minc,minc,pldb,,1,1,False,False,False
Minceraft,minceraft,esolang,,1,1,False,False,False
Mind reader,mind-reader,esolang,,1,1,False,False,False
Mindcrush,mindcrush,esolang,,1,1,False,False,False
MindFuck,mindfuck,esolang,,1,1,False,False,False
MindPlus,mindplus,esolang,,1,1,False,False,False
MindReadingFuck,mindreadingfuck,esolang,,1,1,False,False,False
MindScuffed,mindscuffed,esolang,,1,1,False,False,False
Mindshit,mindshit,esolang,,1,1,False,False,False
MindVomit,mindvomit,esolang,,1,1,False,False,False
Mindwhipper,mindwhipper,esolang,,1,1,False,False,False
Minebit,minebit,esolang,,1,1,False,False,False
MineFriff,minefriff,esolang,,1,1,False,False,False
MineScript,minescript,esolang,,1,1,False,False,False
Mineso,mineso,esolang,,1,1,False,False,False
MineStax,minestax,esolang,,1,1,False,False,False
Mini-Flak,mini-flak,esolang,,1,1,False,False,False
mini-ml,mini-ml,pldb,,1,1,False,False,False
MiniBitMove,minibitmove,esolang,,1,1,False,False,False
MiniBrainflop,minibrainflop,esolang,,1,1,False,False,False
Minic,minic,esolang,,1,1,False,False,False
Minicode,minicode,esolang,,1,1,False,False,False
minidsdb,minidsdb,pldb,,1,1,False,False,False
Minifuck,minifuck,esolang,,1,1,False,False,False
Minifuck-2D,minifuck-2d,esolang,,1,1,False,False,False
Minigolf,minigolf,esolang,,1,1,False,False,False
minihaskell,minihaskell,pldb,,1,1,False,False,False
Minim,minim,esolang,,1,1,False,False,False
Minimal assembly language,minimal-assembly-language,esolang,,1,1,False,False,False
Minimal operation language,minimal-operation-language,esolang,,1,1,False,False,False
Minimal-2D,minimal-2d,esolang,,1,1,False,False,False
Minimalbf,minimalbf,esolang,,1,1,False,False,False
MiniMAX,minimax,esolang,,1,1,False,False,False
Minimialized Programming Language,minimialized-programming-language,esolang,,1,1,False,False,False
Minimialized Programming Language 2,minimialized-programming-language-2,esolang,,1,1,False,False,False
Minimized BF,minimized-bf,esolang,,1,1,False,False,False
miniml-error,miniml-error,pldb,,1,1,False,False,False
Minimum,minimum,esolang,,1,1,False,False,False
MiniPig,minipig,esolang,,1,1,False,False,False
miniprolog,miniprolog,pldb,,1,1,False,False,False
Minipy,minipy,esolang,,1,1,False,False,False
MinISCule,miniscule,esolang,,1,1,False,False,False
MiniStringFuck,ministringfuck,esolang,,1,1,False,False,False
Minitable,minitable,esolang,,1,1,False,False,False
Minitree,minitree,esolang,,1,1,False,False,False
MiniUSPL,miniuspl,esolang,,1,1,False,False,False
minivital,minivital,pldb,,1,1,False,False,False
MiniZinc Data,minizinc-data,linguist,.dzn,1,1,False,False,False
Minkolang,minkolang,esolang,,1,1,False,False,False
Minks,minks,esolang,,1,1,False,False,False
minopt,minopt,pldb,,1,1,False,False,False
@minor!,minor,esolang,,1,1,False,False,False
Minreg the Cat,minreg-the-cat,esolang,,1,1,False,False,False
Minscode,minscode,esolang,,1,1,False,False,False
Minsky Swap,minsky-swap,esolang,,1,1,False,False,False
Minskyfuck,minskyfuck,esolang,,1,1,False,False,False
Mint remake,mint-remake,esolang,,1,1,False,False,False
Minus,minus,esolang,,1,1,False,False,False
MinusGreater,minusgreater,esolang,,1,1,False,False,False
MinusOrPlus,minusorplus,esolang,,1,1,False,False,False
mir,mir,pldb,,1,1,False,False,False
mirager,mirager,pldb,,1,1,False,False,False
miranim,miranim,pldb,,1,1,False,False,False
mirfac,mirfac,pldb,,1,1,False,False,False
MIRROR,mirror,esolang,,1,1,False,False,False
MISC,misc,esolang,,1,1,False,False,False
MISC-x86,misc-x86,esolang,,1,1,False,False,False
Miscmisc2,miscmisc2,esolang,,1,1,False,False,False
Miser,miser,esolang,,1,1,False,False,False
Miserie,miserie,esolang,,1,1,False,False,False
Mishmash,mishmash,esolang,,1,1,False,False,False
miso-framework,miso-framework,pldb,,1,1,False,False,False
Misprefix,misprefix,esolang,,1,1,False,False,False
misty,misty,pldb,,1,1,False,False,False
miva,miva,pldb,,1,1,False,False,False
Miw,miw,esolang,,1,1,False,False,False
MIX (Knuth),mix-knuth,esolang,,1,1,False,False,False
Mixed,mixed,esolang,,1,1,False,False,False
mlab,mlab,pldb,,1,1,False,False,False
MLang,mlang,esolang,,1,1,False,False,False
MLang (Mihai Popa),mlang-mihai-popa,esolang,,1,1,False,False,False
Mlatu-6,mlatu-6,esolang,,1,1,False,False,False
mlisp2,mlisp2,pldb,,1,1,False,False,False
mlpolyr,mlpolyr,pldb,,1,1,False,False,False
mlscript,mlscript,pldb,,1,1,False,False,False
mltt,mltt,pldb,,1,1,False,False,False
MM1char,mm1char,esolang,,1,1,False,False,False
mmcif,mmcif,pldb,,1,1,False,False,False
Mmmm(),mmmm,esolang,,1,1,False,False,False
MMP,mmp,esolang,,1,1,False,False,False
Mеmоrу,mmr,esolang,,1,1,False,False,False
mmsearch,mmsearch,pldb,,1,1,False,False,False
mmx,mmx,pldb,,1,1,False,False,False
M×N-Dimensional Brainfuck,mn-dimensional-brainfuck,esolang,,1,1,False,False,False
Mneme,mneme,esolang,,1,1,False,False,False
MNNBFSL,mnnbfsl,esolang,,1,1,False,False,False
Moaiscript,moaiscript,esolang,,1,1,False,False,False
Moanfuck,moanfuck,esolang,,1,1,False,False,False
Mobius,mobius,esolang,,1,1,False,False,False
Mobius brainfuck,mobius-brainfuck,esolang,,1,1,False,False,False
mobl-lang,mobl-lang,pldb,,1,1,False,False,False
moby-programming-language,moby-programming-language,pldb,,1,1,False,False,False
mochajs,mochajs,pldb,,1,1,False,False,False
mockingbird-notation,mockingbird-notation,pldb,,1,1,False,False,False
ModanShogi,modanshogi,esolang,,1,1,False,False,False
modcap,modcap,pldb,,1,1,False,False,False
Mode Spam,mode-spam,esolang,,1,1,False,False,False
model-204,model-204,pldb,,1,1,False,False,False
model-k,model-k,pldb,,1,1,False,False,False
Moditape,moditape,esolang,,1,1,False,False,False
modl,modl,pldb,,1,1,False,False,False
modlisp,modlisp,pldb,,1,1,False,False,False
modsim-iii,modsim-iii,pldb,,1,1,False,False,False
modula-2p,modula-2p,pldb,,1,1,False,False,False
modula-3-star,modula-3-star,pldb,,1,1,False,False,False
modula-p,modula-p,pldb,,1,1,False,False,False
modula-r,modula-r,pldb,,1,1,False,False,False
modular-prolog,modular-prolog,pldb,,1,1,False,False,False
Modulo,modulo,esolang,,1,1,False,False,False
Modulous,modulous,esolang,,1,1,False,False,False
ModulR,modulr,esolang,,1,1,False,False,False
Moed,moed,esolang,,1,1,False,False,False
moescript,moescript,pldb,,1,1,False,False,False
Mogus,mogus,esolang,,1,1,False,False,False
moinmoin,moinmoin,pldb,,1,1,False,False,False
moirai,moirai,pldb,,1,1,False,False,False
Mojifunge,mojifunge,esolang,,1,1,False,False,False
Mojo (programming language),mojo-programming-language,wikipedia,,1,1,False,False,False
molecular-query-language,molecular-query-language,pldb,,1,1,False,False,False
molfile-format,molfile-format,pldb,,1,1,False,False,False
molog,molog,pldb,,1,1,False,False,False
Mom please get me so me zucchini from sho p,mom-please-get-me-so-me-zucchini-from-sho-p,esolang,,1,1,False,False,False
Momema,momema,esolang,,1,1,False,False,False
Mona Lisa,mona-lisa,pldb,,1,1,False,False,False
monaco,monaco,pldb,,1,1,False,False,False
monesa,monesa,pldb,,1,1,False,False,False
mongodb,mongodb,pldb,,1,1,False,False,False
MonkeyCode,monkeycode,esolang,,1,1,False,False,False
Monkeys,monkeys,esolang,,1,1,False,False,False
Monky,monky,esolang,,1,1,False,False,False
MONOD,monod,esolang,,1,1,False,False,False
monodevelop-editor,monodevelop-editor,pldb,,1,1,False,False,False
Monofuck,monofuck,esolang,,1,1,False,False,False
Monolog,monolog,esolang,,1,1,False,False,False
mool,mool,pldb,,1,1,False,False,False
moonrock-basic-compiler,moonrock-basic-compiler,pldb,,1,1,False,False,False
moose,moose,pldb,,1,1,False,False,False
!MORE,more,esolang,,1,1,False,False,False
MoreMathRPN,moremathrpn,esolang,,1,1,False,False,False
MoreThanZero,morethanzero,esolang,,1,1,False,False,False
morfik,morfik,pldb,,1,1,False,False,False
Mornington Crescent,mornington-crescent,esolang,,1,1,False,False,False
morphe,morphe,pldb,,1,1,False,False,False
morphism,morphism,pldb,,1,1,False,False,False
Morsefuck,morsefuck,esolang,,1,1,False,False,False
Morshu,morshu,esolang,,1,1,False,False,False
Mostawesomeprogramminglanguage,mostawesomeprogramminglanguage,esolang,,1,1,False,False,False
Mot,mot,esolang,,1,1,False,False,False
Motherf,motherf,esolang,,1,1,False,False,False
motif-software,motif-software,pldb,,1,1,False,False,False
Motorway,motorway,esolang,,1,1,False,False,False
Mountain/Old,mountain-old,esolang,,1,1,False,False,False
mouse4,mouse4,pldb,,1,1,False,False,False
Mov,mov,esolang,,1,1,False,False,False
MoveIt,moveit,esolang,,1,1,False,False,False
Movesum,movesum,esolang,,1,1,False,False,False
Movi,movi,esolang,,1,1,False,False,False
Movielength,movielength,esolang,,1,1,False,False,False
Moving donut,moving-donut,esolang,,1,1,False,False,False
MovLang,movlang,esolang,,1,1,False,False,False
Mox,mox,esolang,,1,1,False,False,False
moxie,moxie,pldb,,1,1,False,False,False
Moxy,moxy,esolang,,1,1,False,False,False
moya,moya,pldb,,1,1,False,False,False
mp3,mp3,pldb,,1,1,False,False,False
mp3-format,mp3-format,pldb,,1,1,False,False,False
mp4,mp4,pldb,,1,1,False,False,False
MPEL,mpel,esolang,,1,1,False,False,False
mpgs,mpgs,pldb,,1,1,False,False,False
mps,mps,pldb,,1,1,False,False,False
mps-format,mps-format,pldb,,1,1,False,False,False
mpsx,mpsx,pldb,,1,1,False,False,False
mqtt,mqtt,pldb,,1,1,False,False,False
mrdb,mrdb,pldb,,1,1,False,False,False
MS-DOS Batch,ms-dos-batch,esolang,,1,1,False,False,False
ms2,ms2,pldb,,1,1,False,False,False
MSFE,msfe,esolang,,1,1,False,False,False
MSFE++,msfe-plus-plus,esolang,,1,1,False,False,False
msg-84,msg-84,pldb,,1,1,False,False,False
msp430,msp430,pldb,,1,1,False,False,False
MSR,msr,esolang,,1,1,False,False,False
MØSS,mss,esolang,,1,1,False,False,False
Mu6,mu6,esolang,,1,1,False,False,False
muddl,muddl,pldb,,1,1,False,False,False
Muddle++,muddle-plus-plus,esolang,,1,1,False,False,False
mudlle,mudlle,pldb,,1,1,False,False,False
mufp,mufp,pldb,,1,1,False,False,False
Mugh brains,mugh-brains,esolang,,1,1,False,False,False
mugo,mugo,pldb,,1,1,False,False,False
Mukha,mukha,esolang,,1,1,False,False,False
mul-t,mul-t,pldb,,1,1,False,False,False
muldis,muldis,pldb,,1,1,False,False,False
Multeq,multeq,esolang,,1,1,False,False,False
Multi-adjoint logic programming,multi-adjoint-logic-programming,wikipedia,,1,1,False,False,False
Multi-Set Manipulator,multi-set-manipulator,esolang,,1,1,False,False,False
Multi-Set Manipulator/Smaller,multi-set-manipulator-smaller,esolang,,1,1,False,False,False
Multi-Set Manipulator/String,multi-set-manipulator-string,esolang,,1,1,False,False,False
Multi-Set Manipulator/Subset,multi-set-manipulator-subset,esolang,,1,1,False,False,False
multi-user-basic,multi-user-basic,pldb,,1,1,False,False,False
multiaddr,multiaddr,pldb,,1,1,False,False,False
multibase,multibase,pldb,,1,1,False,False,False
MultiBrain,multibrain,esolang,,1,1,False,False,False
multicodec,multicodec,pldb,,1,1,False,False,False
multics,multics,pldb,,1,1,False,False,False
Multidodecagony,multidodecagony,esolang,,1,1,False,False,False
multigame,multigame,pldb,,1,1,False,False,False
multihash-hash-function,multihash-hash-function,pldb,,1,1,False,False,False
Multiline,multiline,esolang,,1,1,False,False,False
Multiplicity,multiplicity,esolang,,1,1,False,False,False
Multiply,multiply,esolang,,1,1,False,False,False
Multiply/V2,multiply-v2,esolang,,1,1,False,False,False
Multiprocessing,multiprocessing,esolang,,1,1,False,False,False
MultiScript,multiscript,esolang,,1,1,False,False,False
MultiStacker,multistacker,esolang,,1,1,False,False,False
Multleq,multleq,esolang,,1,1,False,False,False
mums,mums,pldb,,1,1,False,False,False
mun-lang,mun-lang,pldb,,1,1,False,False,False
munin,munin,pldb,,1,1,False,False,False
Muppp,muppp,esolang,,1,1,False,False,False
murmur-hash-function,murmur-hash-function,pldb,,1,1,False,False,False
mushroom,mushroom,pldb,,1,1,False,False,False
Mushy! :3,mushy-3,esolang,,1,1,False,False,False
music-sp,music-sp,pldb,,1,1,False,False,False
Musical notes,musical-notes,esolang,,1,1,False,False,False
Musical-X,musical-x,esolang,,1,1,False,False,False
musicxml,musicxml,pldb,,1,1,False,False,False
musp,musp,pldb,,1,1,False,False,False
Mutating Stack Machine,mutating-stack-machine,esolang,,1,1,False,False,False
Mutt Machine,mutt-machine,esolang,,1,1,False,False,False
Mutual Modification Machine,mutual-modification-machine,esolang,,1,1,False,False,False
Mutzerium,mutzerium,esolang,,1,1,False,False,False
Muxcomp,muxcomp,esolang,,1,1,False,False,False
Muxleq,muxleq,esolang,,1,1,False,False,False
mvel,mvel,pldb,,1,1,False,False,False
mvl,mvl,pldb,,1,1,False,False,False
My Unreliable Past,my-unreliable-past,esolang,,1,1,False,False,False
My-new-esolang.txt,my-new-esolang.txt,esolang,,1,1,False,False,False
mybb,mybb,pldb,,1,1,False,False,False
Mycelium,mycelium,esolang,,1,1,False,False,False
mycroft,mycroft,pldb,,1,1,False,False,False
myia,myia,pldb,,1,1,False,False,False
MyOwnLanguage,myownlanguage,esolang,,1,1,False,False,False
mypy,mypy,pldb,,1,1,False,False,False
mys,mys,pldb,,1,1,False,False,False
MyScript,myscript,esolang,,1,1,False,False,False
Mystery,mystery,esolang,,1,1,False,False,False
Mystical,mystical,esolang,,1,1,False,False,False
MythLang,mythlang,esolang,,1,1,False,False,False
"N Bits, N2^(N-1) Bytes",n-bits-n2-n-1-bytes,esolang,,1,1,False,False,False
N Refine,n-refine,esolang,,1,1,False,False,False
'N-DCNC,n-dcnc,esolang,,1,1,False,False,False
n-triples,n-triples,pldb,,1,1,False,False,False
N-Type,n-type,esolang,,1,1,False,False,False
N10,n10,esolang,,1,1,False,False,False
N3STS,n3sts,esolang,,1,1,False,False,False
naab,naab,pldb,,1,1,False,False,False
NABC,nabc,esolang,,1,1,False,False,False
Nabd,nabd,esolang,,1,1,False,False,False
Nagawooski,nagawooski,esolang,,1,1,False,False,False
nail,nail,pldb,,1,1,False,False,False
Nairb,nairb,esolang,,1,1,False,False,False
nakl,nakl,pldb,,1,1,False,False,False
"name,",name,pldb,,1,1,False,False,False
NameError,nameerror,esolang,,1,1,False,False,False
NameError without a quine,nameerror-without-a-quine,esolang,,1,1,False,False,False
NameError without a quine with a quine,nameerror-without-a-quine-with-a-quine,esolang,,1,1,False,False,False
NameError without a quine with a quine without a quine,nameerror-without-a-quine-with-a-quine-without-a-quine,esolang,,1,1,False,False,False
NameError without a quine with a quine without a quine with a quine,nameerror-without-a-quine-with-a-quine-without-a-quine-with-a-quine,esolang,,1,1,False,False,False
NameError without a quine with a quine without a quine with a quine without a quine,nameerror-without-a-quine-with-a-quine-without-a-quine-with-a-quine-without-a-quine,esolang,,1,1,False,False,False
NameError without a quine with a quine without a quine with a quine without a quine with a quine,nameerror-without-a-quine-with-a-quine-without-a-quine-with-a-quine-without-a-quine-with-a-quine,esolang,,1,1,False,False,False
NameError without a quine with a quine without a quine with a quine without a quine with an iterating quine,nameerror-without-a-quine-with-a-quine-without-a-quine-with-a-quine-without-a-quine-with-an-iterating-quine,esolang,,1,1,False,False,False
Nameless language,nameless-language,esolang,,1,1,False,False,False
Nand1,nand1,esolang,,1,1,False,False,False
Nandarin,nandarin,esolang,,1,1,False,False,False
Nandypants,nandypants,esolang,,1,1,False,False,False
nano-editor,nano-editor,pldb,,1,1,False,False,False
Nanofuck,nanofuck,esolang,,1,1,False,False,False
Nanofunge,nanofunge,esolang,,1,1,False,False,False
nanorc,nanorc,linguist,.nanorc,1,1,True,False,False
napss,napss,pldb,,1,1,False,False,False
NARchy,narchy,esolang,,1,1,False,False,False
narpl,narpl,pldb,,1,1,False,False,False
nassi-shneiderman-charts,nassi-shneiderman-charts,pldb,,1,1,False,False,False
Natas Liah,natas-liah,esolang,,1,1,False,False,False
native-structured-storage,native-structured-storage,pldb,,1,1,False,False,False
nato-phonetic-alphabet,nato-phonetic-alphabet,pldb,,1,1,False,False,False
Natyre,natyre,esolang,,1,1,False,False,False
navier-stokes-equation,navier-stokes-equation,pldb,,1,1,False,False,False
Navrytl,navrytl,esolang,,1,1,False,False,False
Naz,naz,esolang,,1,1,False,False,False
NDBall,ndball,esolang,,1,1,False,False,False
NDBall Extended,ndball-extended,esolang,,1,1,False,False,False
Ndef,ndef,esolang,,1,1,False,False,False
Ndef++,ndef-plus-plus,esolang,,1,1,False,False,False
Ndeql,ndeql,esolang,,1,1,False,False,False
Ndim,ndim,esolang,,1,1,False,False,False
ndl,ndl,pldb,,1,1,False,False,False
ℕDQ,ndq,esolang,,1,1,False,False,False
near,near,pldb,,1,1,False,False,False
Near-Brainfuck,near-brainfuck,esolang,,1,1,False,False,False
neater,neater,pldb,,1,1,False,False,False
Neb's Art,neb-s-art,esolang,,1,1,False,False,False
nebula,nebula,pldb,,1,1,False,False,False
Nebulang,nebulang,esolang,,1,1,False,False,False
Neck Sheen,neck-sheen,esolang,,1,1,False,False,False
nectar,nectar,pldb,,1,1,False,False,False
Needle,needle,esolang,,1,1,False,False,False
neeilang,neeilang,pldb,,1,1,False,False,False
Neg,neg,esolang,,1,1,False,False,False
NegaPosi,negaposi,esolang,,1,1,False,False,False
NEGATOR,negator,esolang,,1,1,False,False,False
NEH,neh,esolang,,1,1,False,False,False
Nein.,nein.,esolang,,1,1,False,False,False
Nellephant,nellephant,esolang,,1,1,False,False,False
neo4j,neo4j,pldb,,1,1,False,False,False
Neoff,neoff,esolang,,1,1,False,False,False
neovim,neovim,pldb,,1,1,False,False,False
neralie-format,neralie-format,pldb,,1,1,False,False,False
ness,ness,pldb,,1,1,False,False,False
()NEST(),nest,esolang,,1,1,False,False,False
nested-context-language,nested-context-language,pldb,,1,1,False,False,False
NestFuck,nestfuck,esolang,,1,1,False,False,False
Nesting lines on big complicated trees and definitely not inspired by a conlang i made sometime,nesting-lines-on-big-complicated-trees-and-definitely-not-inspired-by-a-conlang-i-made-sometime,esolang,,1,1,False,False,False
Nestplate,nestplate,esolang,,1,1,False,False,False
net-format,net-format,pldb,,1,1,False,False,False
netbasic,netbasic,pldb,,1,1,False,False,False
netbeans-editor,netbeans-editor,pldb,,1,1,False,False,False
NetBytes,netbytes,esolang,,1,1,False,False,False
netform,netform,pldb,,1,1,False,False,False
NetFuck,netfuck,esolang,,1,1,False,False,False
netlib,netlib,pldb,,1,1,False,False,False
NetLinx+ERB,netlinx+erb,linguist,.axi.erb .axs.erb,1,1,True,False,False
netscript,netscript,pldb,,1,1,False,False,False
Network Headache,network-headache,esolang,,1,1,False,False,False
network-control-language,network-control-language,pldb,,1,1,False,False,False
Neucomp,neucomp,esolang,,1,1,False,False,False
Neural Brainfuck,neural-brainfuck,esolang,,1,1,False,False,False
neuronc,neuronc,pldb,,1,1,False,False,False
neutron,neutron,pldb,,1,1,False,False,False
Never Gonna Fuck You Up,never-gonna-fuck-you-up,esolang,,1,1,False,False,False
NeverGonna,nevergonna,esolang,,1,1,False,False,False
Nevermind,nevermind,esolang,,1,1,False,False,False
Nevermore,nevermore,esolang,,1,1,False,False,False
Newbiefuck,newbiefuck,esolang,,1,1,False,False,False
newclay,newclay,pldb,,1,1,False,False,False
NewFuck,newfuck,esolang,,1,1,False,False,False
newick-format,newick-format,pldb,,1,1,False,False,False
"""NewLine"",",newline,pldb,,1,1,False,False,False
NEWS,news,esolang,,1,1,False,False,False
Newton's Third Nightmare,newton-s-third-nightmare,esolang,,1,1,False,False,False
nexml,nexml,pldb,,1,1,False,False,False
Next,next,esolang,,1,1,False,False,False
Next Word Of The Week,next-word-of-the-week,esolang,,1,1,False,False,False
nexus-format,nexus-format,pldb,,1,1,False,False,False
nfql,nfql,pldb,,1,1,False,False,False
NFuck,nfuck,esolang,,1,1,False,False,False
NGGYU,nggyu,esolang,,1,1,False,False,False
nginx-config,nginx-config,pldb,,1,1,False,False,False
ngl-programming-language,ngl-programming-language,pldb,,1,1,False,False,False
ngnk,ngnk,pldb,,1,1,False,False,False
ngql,ngql,pldb,,1,1,False,False,False
NH₃,nh3,esolang,,1,1,False,False,False
Nhohnhehr,nhohnhehr,esolang,,1,1,False,False,False
nhx,nhx,pldb,,1,1,False,False,False
Ni,ni,esolang,,1,1,False,False,False
NIAGOAVR,niagoavr,esolang,,1,1,False,False,False
nianiolang,nianiolang,pldb,,1,1,False,False,False
Niblet,niblet,esolang,,1,1,False,False,False
Night Shift,night-shift,esolang,,1,1,False,False,False
Nightmare,nightmare,esolang,,1,1,False,False,False
nikl,nikl,pldb,,1,1,False,False,False
nilscript,nilscript,pldb,,1,1,False,False,False
nimble-pm,nimble-pm,pldb,,1,1,False,False,False
Nimi pali,nimi-pali,esolang,,1,1,False,False,False
nimskull,nimskull,pldb,,1,1,False,False,False
Nine,nine,esolang,,1,1,False,False,False
Nine-hundred-eleven,nine-hundred-eleven,esolang,,1,1,False,False,False
Niner,niner,esolang,,1,1,False,False,False
Nio,nio,esolang,,1,1,False,False,False
nios,nios,pldb,,1,1,False,False,False
NIP,nip,esolang,,1,1,False,False,False
nirvana,nirvana,pldb,,1,1,False,False,False
njcl,njcl,pldb,,1,1,False,False,False
nlpl,nlpl,pldb,,1,1,False,False,False
NLRNIS,nlrnis,esolang,,1,1,False,False,False
nltk,nltk,pldb,,1,1,False,False,False
nml,nml,pldb,,1,1,False,False,False
Nndstojmp,nndstojmp,esolang,,1,1,False,False,False
nntp,nntp,pldb,,1,1,False,False,False
NNVText,nnvtext,esolang,,1,1,False,False,False
NNYRLD,nnyrld,esolang,,1,1,False,False,False
No Instructions,no-instructions,esolang,,1,1,False,False,False
"No Literals, Gotos Only, Final Destination!",no-literals-gotos-only-final-destination,esolang,,1,1,False,False,False
No mans fish,no-mans-fish,esolang,,1,1,False,False,False
NO(t) MORE(than),no-t-more-than,esolang,,1,1,False,False,False
NO WAY? NO WAY!,no-way-no-way,esolang,,1,1,False,False,False
No.,no.,esolang,,1,1,False,False,False
No.js,no.js,esolang,,1,1,False,False,False
No.pe.,no.pe.,esolang,,1,1,False,False,False
№15,no15,esolang,,1,1,False,False,False
№28,no28,esolang,,1,1,False,False,False
noah,noah,pldb,,1,1,False,False,False
Noassign,noassign,esolang,,1,1,False,False,False
NOB,nob,esolang,,1,1,False,False,False
Noback Machine,noback-machine,esolang,,1,1,False,False,False
NoCap,nocap,esolang,,1,1,False,False,False
Nocent,nocent,esolang,,1,1,False,False,False
NoCode,nocode,esolang,,1,1,False,False,False
NoComment,nocomment,esolang,,1,1,False,False,False
nodejs,nodejs,pldb,,1,1,False,False,False
NoError,noerror,esolang,,1,1,False,False,False
NohtyP,nohtyp,esolang,,1,1,False,False,False
Noid,noid,esolang,,1,1,False,False,False
Noida,noida,esolang,,1,1,False,False,False
NOisE,noise,esolang,,1,1,False,False,False
noisecraft,noisecraft,pldb,,1,1,False,False,False
Noisett,noisett,esolang,,1,1,False,False,False
Noit o' mnain gelb,noit-o-mnain-gelb,esolang,,1,1,False,False,False
Noit o' mnain worb,noit-o-mnain-worb,esolang,,1,1,False,False,False
nomad-software,nomad-software,pldb,,1,1,False,False,False
nomnoml,nomnoml,pldb,,1,1,False,False,False
noms-db,noms-db,pldb,,1,1,False,False,False
Non,non,esolang,,1,1,False,False,False
Nondescript,nondescript,esolang,,1,1,False,False,False
Nondeterministic Super Mario Bros.,nondeterministic-super-mario-bros.,esolang,,1,1,False,False,False
Nonsense Query List,nonsense-query-list,esolang,,1,1,False,False,False
NonSkip,nonskip,esolang,,1,1,False,False,False
Nonstraightforward,nonstraightforward,esolang,,1,1,False,False,False
NOO!,noo,esolang,,1,1,False,False,False
Noobinary,noobinary,esolang,,1,1,False,False,False
noodle,noodle,pldb,,1,1,False,False,False
Noodle Soup,noodle-soup,esolang,,1,1,False,False,False
noon,noon,pldb,,1,1,False,False,False
NOP (esolang),nop-esolang,esolang,,1,1,False,False,False
nop-2,nop-2,pldb,,1,1,False,False,False
Nope,nope,esolang,,1,1,False,False,False
Nope.,nope.,esolang,,1,1,False,False,False
Nope. with no quine,nope.-with-no-quine,esolang,,1,1,False,False,False
Nope. without a quine,nope.-without-a-quine,esolang,,1,1,False,False,False
Nope. without a quine including cheating ones,nope.-without-a-quine-including-cheating-ones,esolang,,1,1,False,False,False
Nopfunge,nopfunge,esolang,,1,1,False,False,False
Nopfunge Solid,nopfunge-solid,esolang,,1,1,False,False,False
NopLWSI,noplwsi,esolang,,1,1,False,False,False
NOPQ,nopq,esolang,,1,1,False,False,False
NOPQRST,nopqrst,esolang,,1,1,False,False,False
Nopstacle,nopstacle,esolang,,1,1,False,False,False
NOR,nor,esolang,,1,1,False,False,False
NOR Machine,nor-machine,esolang,,1,1,False,False,False
Nor-Graf,nor-graf,esolang,,1,1,False,False,False
NoRAL,noral,esolang,,1,1,False,False,False
nord,nord,pldb,,1,1,False,False,False
Norfuck,norfuck,esolang,,1,1,False,False,False
Nori.io,nori.io,esolang,,1,1,False,False,False
normal-distribution-equation,normal-distribution-equation,pldb,,1,1,False,False,False
Normalcalc,normalcalc,esolang,,1,1,False,False,False
Normalized Fumber,normalized-fumber,esolang,,1,1,False,False,False
Nors,nors,esolang,,1,1,False,False,False
northstar-basic,northstar-basic,pldb,,1,1,False,False,False
nosica,nosica,pldb,,1,1,False,False,False
nostr,nostr,pldb,,1,1,False,False,False
NoSubject,nosubject,esolang,,1,1,False,False,False
Not,not,esolang,,1,1,False,False,False
Not a brainfuck derivative,not-a-brainfuck-derivative,esolang,,1,1,False,False,False
NOT A PROGRAM,not-a-program,esolang,,1,1,False,False,False
Not A Programming Language,not-a-programming-language,esolang,,1,1,False,False,False
Not finite Ioop,not-finite-ioop,esolang,,1,1,False,False,False
Not finite loop,not-finite-loop,esolang,,1,1,False,False,False
Not fish,not-fish,esolang,,1,1,False,False,False
Not Python,not-python,esolang,,1,1,False,False,False
Not The Main Worb,not-the-main-worb,esolang,,1,1,False,False,False
Not-Quite-Laconic,not-quite-laconic,esolang,,1,1,False,False,False
NotBrainFuck,notbrainfuck,esolang,,1,1,False,False,False
notepad-editor,notepad-editor,pldb,,1,1,False,False,False
notepad-plus-plus-editor,notepad-plus-plus-editor,pldb,,1,1,False,False,False
Notf,notf,esolang,,1,1,False,False,False
Nothing,nothing,esolang,,1,1,False,False,False
"Nothing Of-course, Timeless Hitchhikes In New Gardens",nothing-of-course-timeless-hitchhikes-in-new-gardens,esolang,,1,1,False,False,False
NotsopureVelato,notsopurevelato,esolang,,1,1,False,False,False
Nouse,nouse,esolang,,1,1,False,False,False
nova-editor,nova-editor,pldb,,1,1,False,False,False
Novar,novar,esolang,,1,1,False,False,False
Novice,novice,esolang,,1,1,False,False,False
np,np,pldb,,1,1,False,False,False
NPFuck,npfuck,esolang,,1,1,False,False,False
npl-lang,npl-lang,pldb,,1,1,False,False,False
NPM Config,npm-config,linguist,,1,2,True,False,False
npm-pm,npm-pm,pldb,,1,1,False,False,False
npy,npy,pldb,,1,1,False,False,False
NQ,nq,esolang,,1,1,False,False,False
Nqubl,nqubl,esolang,,1,1,False,False,False
nrl,nrl,pldb,,1,1,False,False,False
NS!,ns,esolang,,1,1,False,False,False
Ns2dL,ns2dl,esolang,,1,1,False,False,False
NScript,nscript,esolang,,1,1,False,False,False
nsl,nsl,pldb,,1,1,False,False,False
NTCM,ntcm,esolang,,1,1,False,False,False
NTFJ,ntfj,esolang,,1,1,False,False,False
ntfs,ntfs,pldb,,1,1,False,False,False
ntp,ntp,pldb,,1,1,False,False,False
Ntsomgivl,ntsomgivl,esolang,,1,1,False,False,False
nua-prolog,nua-prolog,pldb,,1,1,False,False,False
NucleotideBF (nBF),nucleotidebf-nbf,esolang,,1,1,False,False,False
nuget-pm,nuget-pm,pldb,,1,1,False,False,False
nul-lang,nul-lang,pldb,,1,1,False,False,False
nulan,nulan,pldb,,1,1,False,False,False
!NULL,null,esolang,,1,1,False,False,False
NULL-NONE NOTHING,null-none-nothing,esolang,,1,1,False,False,False
Nulla,nulla,esolang,,1,1,False,False,False
Nullary,nullary,esolang,,1,1,False,False,False
Nullinullinull,nullinullinull,esolang,,1,1,False,False,False
NullScript 1,nullscript-1,esolang,,1,1,False,False,False
NullScript 2,nullscript-2,esolang,,1,1,False,False,False
@NUM,num,esolang,,1,1,False,False,False
numba,numba,pldb,,1,1,False,False,False
Number,number,esolang,,1,1,False,False,False
Number Factory,number-factory,esolang,,1,1,False,False,False
Number Seventy-Four,number-seventy-four,esolang,,1,1,False,False,False
Number-encoded Bitwise Cyclic Tag,number-encoded-bitwise-cyclic-tag,esolang,,1,1,False,False,False
Number-rewriting paradigm,number-rewriting-paradigm,esolang,,1,1,False,False,False
Number-rock,number-rock,esolang,,1,1,False,False,False
Number2D,number2d,esolang,,1,1,False,False,False
Numberfuck,numberfuck,esolang,,1,1,False,False,False
Numberix,numberix,esolang,,1,1,False,False,False
Numberlang,numberlang,esolang,,1,1,False,False,False
NumberPankackes,numberpankackes,esolang,,1,1,False,False,False
Numbers,numbers,esolang,,1,1,False,False,False
numbers-app,numbers-app,pldb,,1,1,False,False,False
Numberwang,numberwang,esolang,,1,1,False,False,False
Numberwang (brainfuck derivative),numberwang-brainfuck-derivative,esolang,,1,1,False,False,False
NUMBRS++,numbrs-plus-plus,esolang,,1,1,False,False,False
Numeric Batch,numeric-batch,esolang,,1,1,False,False,False
Numeric Topline,numeric-topline,esolang,,1,1,False,False,False
Numeric Underload,numeric-underload,esolang,,1,1,False,False,False
numerica,numerica,pldb,,1,1,False,False,False
Numeriqueue,numeriqueue,esolang,,1,1,False,False,False
NumLang,numlang,esolang,,1,1,False,False,False
Numlist,numlist,esolang,,1,1,False,False,False
Numobin,numobin,esolang,,1,1,False,False,False
NumSym,numsym,esolang,,1,1,False,False,False
nut,nut,pldb,,1,1,False,False,False
Nutes,nutes,esolang,,1,1,False,False,False
Nutrition Facts,nutrition-facts,esolang,,1,1,False,False,False
Nuts,nuts,esolang,,1,1,False,False,False
Nuwora,nuwora,esolang,,1,1,False,False,False
nvdl,nvdl,pldb,,1,1,False,False,False
nxt-g,nxt-g,pldb,,1,1,False,False,False
Nya~,nya,esolang,,1,1,False,False,False
"Nya~*kwrgsfish+-HQ9`:'""rbtAzxdi8",nya-kwrgsfish+-hq9-rbtazxdi8,esolang,,1,1,False,False,False
Nya~rgs,nya-rgs,esolang,,1,1,False,False,False
Nyank,nyank,esolang,,1,1,False,False,False
Nyarlathotep,nyarlathotep,esolang,,1,1,False,False,False
NyaScript,nyascript,esolang,,1,1,False,False,False
Nybblang,nybblang,esolang,,1,1,False,False,False
Nybble,nybble,esolang,,1,1,False,False,False
Nybble v2,nybble-v2,esolang,,1,1,False,False,False
Nybbleist,nybbleist,esolang,,1,1,False,False,False
nydp,nydp,pldb,,1,1,False,False,False
nylo,nylo,pldb,,1,1,False,False,False
Nymal,nymal,esolang,,1,1,False,False,False
Nymya,nymya,esolang,,1,1,False,False,False
Nythop,nythop,esolang,,1,1,False,False,False
O(א₀),o-0,esolang,,1,1,False,False,False
O o,o-o,esolang,,1,1,False,False,False
o-matrix,o-matrix,pldb,,1,1,False,False,False
o-xml,o-xml,pldb,,1,1,False,False,False
O.S.M,o.s.m,esolang,,1,1,False,False,False
o2,o2,pldb,,1,1,False,False,False
o42a,o42a,pldb,,1,1,False,False,False
oasis,oasis,pldb,,1,1,False,False,False
oasis-operating-system,oasis-operating-system,pldb,,1,1,False,False,False
OATMEAL,oatmeal,esolang,,1,1,False,False,False
ObCode,obcode,esolang,,1,1,False,False,False
Obfuck,obfuck,esolang,,1,1,False,False,False
Obfuna,obfuna,esolang,,1,1,False,False,False
Obfunge,obfunge,esolang,,1,1,False,False,False
Obfuscated,obfuscated,esolang,,1,1,False,False,False
Obfuscated Tiny C,obfuscated-tiny-c,esolang,,1,1,False,False,False
ObfuscatedFuck,obfuscatedfuck,esolang,,1,1,False,False,False
Object disoriented,object-disoriented,esolang,,1,1,False,False,False
Object oriented Lambda Calculus,object-oriented-lambda-calculus,esolang,,1,1,False,False,False
Object oriented Thue,object-oriented-thue,esolang,,1,1,False,False,False
Object (programming language),object-programming-language,esolang,,1,1,False,False,False
object-definition-language,object-definition-language,pldb,,1,1,False,False,False
object-oberon,object-oberon,pldb,,1,1,False,False,False
Object-Oriented Brainfuck,object-oriented-brainfuck,esolang,,1,1,False,False,False
object-pascal,object-pascal,pldb,,1,1,False,False,False
object-query-language,object-query-language,pldb,,1,1,False,False,False
object-rexx,object-rexx,pldb,,1,1,False,False,False
ObjectArt,objectart,esolang,,1,1,False,False,False
objectcharts,objectcharts,pldb,,1,1,False,False,False
ObjectFlux,objectflux,esolang,,1,1,False,False,False
Objective LOLCODE,objective-lolcode,esolang,,1,1,False,False,False
objective-cpp,objective-cpp,pldb,,1,1,False,False,False
objective-modula-2,objective-modula-2,pldb,,1,1,False,False,False
objective-s,objective-s,pldb,,1,1,False,False,False
ObjectPar,objectpar,esolang,,1,1,False,False,False
Objects,objects,esolang,,1,1,False,False,False
Objects In Mirror Are Heavier Than They Appear,objects-in-mirror-are-heavier-than-they-appear,esolang,,1,1,False,False,False
objectworld,objectworld,pldb,,1,1,False,False,False
OBJEKTER,objekter,esolang,,1,1,False,False,False
ObjLang,objlang,esolang,,1,1,False,False,False
objvprolog,objvprolog,pldb,,1,1,False,False,False
OBLIVIA,oblivia,esolang,,1,1,False,False,False
OBrainfuck,obrainfuck,esolang,,1,1,False,False,False
observable-framework,observable-framework,pldb,,1,1,False,False,False
observable-lang,observable-lang,pldb,,1,1,False,False,False
observable-plot,observable-plot,pldb,,1,1,False,False,False
obsidian-lang,obsidian-lang,pldb,,1,1,False,False,False
Obython,obython,esolang,,1,1,False,False,False
OCOO,ocoo,esolang,,1,1,False,False,False
OCPL,ocpl,esolang,,1,1,False,False,False
Octive,octive,esolang,,1,1,False,False,False
Octo,octo,esolang,,1,1,False,False,False
octopus,octopus,pldb,,1,1,False,False,False
Octothorpe,octothorpe,esolang,,1,1,False,False,False
octune,octune,pldb,,1,1,False,False,False
Odasjoi,odasjoi,esolang,,1,1,False,False,False
odata,odata,pldb,,1,1,False,False,False
odbc,odbc,pldb,,1,1,False,False,False
ODDBALL,oddball,esolang,,1,1,False,False,False
Oddjump,oddjump,esolang,,1,1,False,False,False
Oddy,oddy,esolang,,1,1,False,False,False
odrl,odrl,pldb,,1,1,False,False,False
Odtizuda,odtizuda,esolang,,1,1,False,False,False
OEIScript,oeiscript,esolang,,1,1,False,False,False
oem,oem,pldb,,1,1,False,False,False
OFC,ofc,esolang,,1,1,False,False,False
off,off,pldb,,1,1,False,False,False
OFFICIAL,official,esolang,,1,1,False,False,False
ofl,ofl,pldb,,1,1,False,False,False
ofx,ofx,pldb,,1,1,False,False,False
ogdl,ogdl,pldb,,1,1,False,False,False
OGEL,ogel,esolang,,1,1,False,False,False
Ogham++,ogham-plus-plus,esolang,,1,1,False,False,False
ognl,ognl,pldb,,1,1,False,False,False
Ogú,ogu,esolang,,1,1,False,False,False
"Oh, fuck!",oh-fuck,esolang,,1,1,False,False,False
Oh oh oh oh oh,oh-oh-oh-oh-oh,esolang,,1,1,False,False,False
"Oh, yeah",oh-yeah,esolang,,1,1,False,False,False
ohaskell,ohaskell,pldb,,1,1,False,False,False
ohayo,ohayo,pldb,,1,1,False,False,False
OHE,ohe,esolang,,1,1,False,False,False
Oifi,oifi,esolang,,1,1,False,False,False
OISC:2,oisc-2,esolang,,1,1,False,False,False
OISC:2bis,oisc-2bis,esolang,,1,1,False,False,False
OISC:3,oisc-3,esolang,,1,1,False,False,False
OISCalypse,oiscalypse,esolang,,1,1,False,False,False
OISCalypse with I/O,oiscalypse-with-i-o,esolang,,1,1,False,False,False
Okayako,okayako,esolang,,1,1,False,False,False
olc,olc,pldb,,1,1,False,False,False
Old Branjunk,old-branjunk,esolang,,1,1,False,False,False
Old GammaScript,old-gammascript,esolang,,1,1,False,False,False
oldas,oldas,pldb,,1,1,False,False,False
ole-protocol,ole-protocol,pldb,,1,1,False,False,False
olga,olga,pldb,,1,1,False,False,False
oli,oli,pldb,,1,1,False,False,False
oliver,oliver,pldb,,1,1,False,False,False
OlleH,olleh,esolang,,1,1,False,False,False
OLNMLN,olnmln,esolang,,1,1,False,False,False
olog,olog,pldb,,1,1,False,False,False
Olus2000,olus2000,esolang,,1,1,False,False,False
Olvasható,olvashato,esolang,,1,1,False,False,False
Olympus,olympus,esolang,,1,1,False,False,False
Omam,omam,esolang,,1,1,False,False,False
omar,omar,pldb,,1,1,False,False,False
OmegaLang,omegalang,esolang,,1,1,False,False,False
Omegaplex,omegaplex,esolang,,1,1,False,False,False
Omicron,omicron,esolang,,1,1,False,False,False
omikron-basic,omikron-basic,pldb,,1,1,False,False,False
Omit,omit,esolang,,1,1,False,False,False
OMNeT++ MSG,omnet-plus-plus-msg,linguist,.msg,1,2,False,False,False
OMNeT++ NED,omnet-plus-plus-ned,linguist,.ned,1,2,False,False,False
Omnifuck,omnifuck,esolang,,1,1,False,False,False
Omnis Clocha Clochabilis in Clocherio Clochando Clochans Clochativo Clochare facit Clochabiliter Clochantes,omnis-clocha-clochabilis-in-clocherio-clochando-clochans-clochativo-clochare-facit-clochabiliter-clochantes,esolang,,1,1,False,False,False
omnis-studio,omnis-studio,pldb,,1,1,False,False,False
omnitab-80,omnitab-80,pldb,,1,1,False,False,False
omnitab-ii,omnitab-ii,pldb,,1,1,False,False,False
On/Off,on-off,esolang,,1,1,False,False,False
ON THE WAY TO WHO KNOWS WHERE,on-the-way-to-who-knows-where,esolang,,1,1,False,False,False
One (Tailcalled),one-tailcalled,esolang,,1,1,False,False,False
ONE WAY,one-way,esolang,,1,1,False,False,False
One-Instruction Cyclic Tag,one-instruction-cyclic-tag,esolang,,1,1,False,False,False
one-man-language,one-man-language,pldb,,1,1,False,False,False
Onecode (Fergusq),onecode-fergusq,esolang,,1,1,False,False,False
OneFuck,onefuck,esolang,,1,1,False,False,False
OneLine,oneline,esolang,,1,1,False,False,False
Oneliner,oneliner,esolang,,1,1,False,False,False
Onesharp,onesharp,esolang,,1,1,False,False,False
onex,onex,pldb,,1,1,False,False,False
oniguruma,oniguruma,pldb,,1,1,False,False,False
Onione,onione,esolang,,1,1,False,False,False
ONLY 4 COMMANDS,only-4-commands,esolang,,1,1,False,False,False
onnx,onnx,pldb,,1,1,False,False,False
Onov,onov,esolang,,1,1,False,False,False
Onoz,onoz,esolang,,1,1,False,False,False
O⟴o+vFuck,oo+vfuck,esolang,,1,1,False,False,False
Oof,oof,esolang,,1,1,False,False,False
Ooh,ooh,esolang,,1,1,False,False,False
Ook!+,ook-+,esolang,,1,1,False,False,False
OOLANG,oolang,esolang,,1,1,False,False,False
oolp,oolp,pldb,,1,1,False,False,False
OOo CODE,ooo-code,esolang,,1,1,False,False,False
OOOOL,ooool,esolang,,1,1,False,False,False
oopal,oopal,pldb,,1,1,False,False,False
oops,oops,pldb,,1,1,False,False,False
Oops! all functions,oops-all-functions,esolang,,1,1,False,False,False
oopsilon,oopsilon,pldb,,1,1,False,False,False
oopsp,oopsp,pldb,,1,1,False,False,False
OOTPL,ootpl,esolang,,1,1,False,False,False
ooxml,ooxml,pldb,,1,1,False,False,False
Oozlybub and Murphy,oozlybub-and-murphy,esolang,,1,1,False,False,False
Op,op,esolang,,1,1,False,False,False
opam-pm,opam-pm,pldb,,1,1,False,False,False
opb-format,opb-format,pldb,,1,1,False,False,False
Opcode,opcode,esolang,,1,1,False,False,False
open-nn,open-nn,pldb,,1,1,False,False,False
open-shading-language,open-shading-language,pldb,,1,1,False,False,False
openada,openada,pldb,,1,1,False,False,False
OpenAPI Specification v2,openapi-specification-v2,linguist,,1,2,False,False,False
OpenAPI Specification v3,openapi-specification-v3,linguist,,1,2,False,False,False
opencomal,opencomal,pldb,,1,1,False,False,False
opencv,opencv,pldb,,1,1,False,False,False
opendoc-protocol,opendoc-protocol,pldb,,1,1,False,False,False
openedge-advanced-business-language,openedge-advanced-business-language,pldb,,1,1,False,False,False
openexr-format,openexr-format,pldb,,1,1,False,False,False
openflow,openflow,pldb,,1,1,False,False,False
opengl,opengl,pldb,,1,1,False,False,False
opengraph,opengraph,pldb,,1,1,False,False,False
openmusic,openmusic,pldb,,1,1,False,False,False
openspice,openspice,pldb,,1,1,False,False,False
OpenStep Property List,openstep-property-list,linguist,.glyphs .plist,1,1,True,False,False
OpenStreetCode,openstreetcode,esolang,,1,1,False,False,False
openverse,openverse,pldb,,1,1,False,False,False
Opera Ghost Language,opera-ghost-language,esolang,,1,1,False,False,False
Operation,operation,esolang,,1,1,False,False,False
operational-control-language,operational-control-language,pldb,,1,1,False,False,False
operon,operon,pldb,,1,1,False,False,False
Opf,opf,esolang,,1,1,False,False,False
opl-langage-informatique,opl-langage-informatique,pldb,,1,1,False,False,False
opml,opml,pldb,,1,1,False,False,False
opp,opp,pldb,,1,1,False,False,False
ops,ops,pldb,,1,1,False,False,False
ops-3,ops-3,pldb,,1,1,False,False,False
Optimism,optimism,esolang,,1,1,False,False,False
optimization-programming-language,optimization-programming-language,pldb,,1,1,False,False,False
optimized-systems-software,optimized-systems-software,pldb,,1,1,False,False,False
Option List,option-list,linguist,,1,3,False,False,False
!or,or,esolang,,1,1,False,False,False
Or++,or-plus-plus,esolang,,1,1,False,False,False
Or+3,or+3,esolang,,1,1,False,False,False
Ora,ora,esolang,,1,1,False,False,False
oracle,oracle,pldb,,1,1,False,False,False
oracle-java,oracle-java,pldb,,1,1,False,False,False
orange,orange,pldb,,1,1,False,False,False
Orbit virtual machine,orbit-virtual-machine,esolang,,1,1,False,False,False
orc-format,orc-format,pldb,,1,1,False,False,False
orc-lang,orc-lang,pldb,,1,1,False,False,False
orca-lang,orca-lang,pldb,,1,1,False,False,False
orca-pl,orca-pl,pldb,,1,1,False,False,False
OrdinalFuck,ordinalfuck,esolang,,1,1,False,False,False
oregano,oregano,pldb,,1,1,False,False,False
OREO,oreo,esolang,,1,1,False,False,False
orient-db,orient-db,pldb,,1,1,False,False,False
orient84-k,orient84-k,pldb,,1,1,False,False,False
ORK,ork,esolang,,1,1,False,False,False
orlog,orlog,pldb,,1,1,False,False,False
Oroogu,oroogu,esolang,,1,1,False,False,False
ORS,ors,esolang,,1,1,False,False,False
Orthagonal,orthagonal,esolang,,1,1,False,False,False
Orthogonal,orthogonal,esolang,,1,1,False,False,False
OSColang,oscolang,esolang,,1,1,False,False,False
OSE,ose,esolang,,1,1,False,False,False
Oshd,oshd,esolang,,1,1,False,False,False
osiris,osiris,pldb,,1,1,False,False,False
Osis,osis,esolang,,1,1,False,False,False
osl-2,osl-2,pldb,,1,1,False,False,False
Osmarkscalculator,osmarkscalculator,esolang,,1,1,False,False,False
osql,osql,pldb,,1,1,False,False,False
OTOH,otoh,esolang,,1,1,False,False,False
OΔTS,ots,esolang,,1,1,False,False,False
ottawa-euclid,ottawa-euclid,pldb,,1,1,False,False,False
otter,otter,pldb,,1,1,False,False,False
OUI,oui,esolang,,1,1,False,False,False
Ouroboros,ouroboros,esolang,,1,1,False,False,False
Outinp,outinp,esolang,,1,1,False,False,False
Outline of the C programming language,outline-of-the-c-programming-language,wikipedia,,1,1,False,False,False
Outline of the C sharp programming language,outline-of-the-c-sharp-programming-language,wikipedia,,1,1,False,False,False
Outline of the Python programming language,outline-of-the-python-programming-language,wikipedia,,1,1,False,False,False
Outline of the Rust programming language,outline-of-the-rust-programming-language,wikipedia,,1,1,False,False,False
OutputF,outputf,esolang,,1,1,False,False,False
Over-Objective Programming Language (Opal),over-objective-programming-language-opal,esolang,,1,1,False,False,False
Overlap,overlap,esolang,,1,1,False,False,False
Overload,overload,esolang,,1,1,False,False,False
OverLoop,overloop,esolang,,1,1,False,False,False
OverpassQL,overpassql,linguist,.overpassql,1,1,False,False,False
OW-1,ow-1,esolang,,1,1,False,False,False
owbasic,owbasic,pldb,,1,1,False,False,False
owen-lang,owen-lang,pldb,,1,1,False,False,False
OwhelGossip,owhelgossip,esolang,,1,1,False,False,False
Owk,owk,esolang,,1,1,False,False,False
owl-dl,owl-dl,pldb,,1,1,False,False,False
OwOlang,owolang,esolang,,1,1,False,False,False
OwoScript,owoscript,esolang,,1,1,False,False,False
Oxcart,oxcart,esolang,,1,1,False,False,False
Oxen,oxen,esolang,,1,1,False,False,False
oxide,oxide,pldb,,1,1,False,False,False
Oxon,oxon,esolang,,1,1,False,False,False
oxyl,oxyl,pldb,,1,1,False,False,False
Ozone,ozone,esolang,,1,1,False,False,False
OZZo,ozzo,esolang,,1,1,False,False,False
p-cl,p-cl,pldb,,1,1,False,False,False
p-prolog,p-prolog,pldb,,1,1,False,False,False
p-star,p-star,pldb,,1,1,False,False,False
p-tac,p-tac,pldb,,1,1,False,False,False
P0pCrn,p0pcrn,esolang,,1,1,False,False,False
P1eq,p1eq,esolang,,1,1,False,False,False
p3l,p3l,pldb,,1,1,False,False,False
p4p,p4p,pldb,,1,1,False,False,False
Pab,pab,esolang,,1,1,False,False,False
PAC-PI,pac-pi,esolang,,1,1,False,False,False
package-control-pm,package-control-pm,pldb,,1,1,False,False,False
packagist-pm,packagist-pm,pldb,,1,1,False,False,False
Packlang,packlang,esolang,,1,1,False,False,False
pacol,pacol,pldb,,1,1,False,False,False
pact-i,pact-i,pldb,,1,1,False,False,False
pact-ia,pact-ia,pldb,,1,1,False,False,False
pactolus,pactolus,pldb,,1,1,False,False,False
padl-1,padl-1,pldb,,1,1,False,False,False
Padlock,padlock,esolang,,1,1,False,False,False
PAGENAME,pagename,esolang,,1,1,False,False,False
PaidFuck,paidfuck,esolang,,1,1,False,False,False
pailisp,pailisp,pldb,,1,1,False,False,False
Pain,pain,esolang,,1,1,False,False,False
Painfuck,painfuck,esolang,,1,1,False,False,False
PainLang,painlang,esolang,,1,1,False,False,False
Paint,paint,esolang,,1,1,False,False,False
Paintfuck++,paintfuck-plus-plus,esolang,,1,1,False,False,False
Paintfuck+,paintfuck+,esolang,,1,1,False,False,False
Pair,pair,esolang,,1,1,False,False,False
Pairpointing,pairpointing,esolang,,1,1,False,False,False
Pairs,pairs,esolang,,1,1,False,False,False
paisley,paisley,pldb,,1,1,False,False,False
Palace,palace,esolang,,1,1,False,False,False
palcode,palcode,pldb,,1,1,False,False,False
Palette,palette,esolang,,1,1,False,False,False
Palindrome (language),palindrome-language,esolang,,1,1,False,False,False
palingol,palingol,pldb,,1,1,False,False,False
pamela,pamela,pldb,,1,1,False,False,False
PanASCIIc Programming Language,panasciic-programming-language,esolang,,1,1,False,False,False
Pancake Stack,pancake-stack,esolang,,1,1,False,False,False
pandas,pandas,pldb,,1,1,False,False,False
pandoc-app,pandoc-app,pldb,,1,1,False,False,False
pandora,pandora,pldb,,1,1,False,False,False
panon-1,panon-1,pldb,,1,1,False,False,False
panon-1b,panon-1b,pldb,,1,1,False,False,False
PANOPTES's Dumb Burger Thing,panoptes-s-dumb-burger-thing,esolang,,1,1,False,False,False
Pantagruel,pantagruel,esolang,,1,1,False,False,False
panther-lang,panther-lang,pldb,,1,1,False,False,False
PAPEL,papel,esolang,,1,1,False,False,False
PAPER,paper,esolang,,1,1,False,False,False
paperalgo,paperalgo,pldb,,1,1,False,False,False
par,par,pldb,,1,1,False,False,False
paragon,paragon,pldb,,1,1,False,False,False
parallax-propeller,parallax-propeller,pldb,,1,1,False,False,False
parallel-ellpack,parallel-ellpack,pldb,,1,1,False,False,False
parallel-pascal,parallel-pascal,pldb,,1,1,False,False,False
paralog-e,paralog-e,pldb,,1,1,False,False,False
ParamNO,paramno,esolang,,1,1,False,False,False
Paranoid Programming Language,paranoid-programming-language,esolang,,1,1,False,False,False
PaRappa,parappa,esolang,,1,1,False,False,False
Pararedox,pararedox,esolang,,1,1,False,False,False
parasolid,parasolid,pldb,,1,1,False,False,False
paraview,paraview,pldb,,1,1,False,False,False
parboiled,parboiled,pldb,,1,1,False,False,False
parboiled2,parboiled2,pldb,,1,1,False,False,False
Parentheses only,parentheses-only,esolang,,1,1,False,False,False
Parenthesis Hell,parenthesis-hell,esolang,,1,1,False,False,False
Parenthesisfuck,parenthesisfuck,esolang,,1,1,False,False,False
Parenthesys,parenthesys,esolang,,1,1,False,False,False
pari-gp,pari-gp,pldb,,1,1,False,False,False
Parity,parity,esolang,,1,1,False,False,False
Parking lot,parking-lot,esolang,,1,1,False,False,False
parmod,parmod,pldb,,1,1,False,False,False
Parnassus,parnassus,esolang,,1,1,False,False,False
parquet,parquet,pldb,,1,1,False,False,False
ParrBF,parrbf,esolang,,1,1,False,False,False
parrot-basic,parrot-basic,pldb,,1,1,False,False,False
parrot-vm,parrot-vm,pldb,,1,1,False,False,False
ParScript,parscript,esolang,,1,1,False,False,False
Parse this sic,parse-this-sic,esolang,,1,1,False,False,False
parse-tree-notation,parse-tree-notation,pldb,,1,1,False,False,False
parsec,parsec,pldb,,1,1,False,False,False
parser,parser,pldb,,1,1,False,False,False
parsers,parsers,pldb,,1,1,False,False,False
particles,particles,pldb,,1,1,False,False,False
Partitioned,partitioned,esolang,,1,1,False,False,False
pascal-i,pascal-i,pldb,,1,1,False,False,False
pascal-mtp,pascal-mtp,pldb,,1,1,False,False,False
pascal-plus,pascal-plus,pldb,,1,1,False,False,False
pascal-script,pascal-script,pldb,,1,1,False,False,False
pascals-calculator-machine,pascals-calculator-machine,pldb,,1,1,False,False,False
pasion,pasion,pldb,,1,1,False,False,False
pasro,pasro,pldb,,1,1,False,False,False
Pass,pass,esolang,,1,1,False,False,False
Pass a symbol,pass-a-symbol,esolang,,1,1,False,False,False
passambler,passambler,pldb,,1,1,False,False,False
Past Tense,past-tense,esolang,,1,1,False,False,False
Pastebin,pastebin,esolang,,1,1,False,False,False
pasukon,pasukon,pldb,,1,1,False,False,False
patch,patch,pldb,,1,1,False,False,False
patchwork,patchwork,pldb,,1,1,False,False,False
/path,path,esolang,,1,1,False,False,False
path-pascal,path-pascal,pldb,,1,1,False,False,False
Pathana,pathana,esolang,,1,1,False,False,False
Patterns,patterns,esolang,,1,1,False,False,False
Pavia,pavia,esolang,,1,1,False,False,False
pawn-scripting-language,pawn-scripting-language,pldb,,1,1,False,False,False
paxscript,paxscript,pldb,,1,1,False,False,False
Pb,pb,esolang,,1,1,False,False,False
pbm-format,pbm-format,pldb,,1,1,False,False,False
Pbrain,pbrain,esolang,,1,1,False,False,False
pbt-omega,pbt-omega,pldb,,1,1,False,False,False
pclos,pclos,pldb,,1,1,False,False,False
pcol,pcol,pldb,,1,1,False,False,False
pcpp,pcpp,pldb,,1,1,False,False,False
pcrap,pcrap,pldb,,1,1,False,False,False
pcre,pcre,pldb,,1,1,False,False,False
Pd.NA,pd.na,esolang,,1,1,False,False,False
PDA-er,pda-er,esolang,,1,1,False,False,False
PDAsephone,pdasephone,esolang,,1,1,False,False,False
PDAsephtwo,pdasephtwo,esolang,,1,1,False,False,False
pdel,pdel,pldb,,1,1,False,False,False
pdf,pdf,pldb,,1,1,False,False,False
pdl-ada,pdl-ada,pldb,,1,1,False,False,False
pdp-11-machine,pdp-11-machine,pldb,,1,1,False,False,False
Pe,pe,esolang,,1,1,False,False,False
Peano,peano,esolang,,1,1,False,False,False
pear-pm,pear-pm,pldb,,1,1,False,False,False
pearscript,pearscript,pldb,,1,1,False,False,False
pearson-correlation-coefficient-equation,pearson-correlation-coefficient-equation,pldb,,1,1,False,False,False
Pedo,pedo,esolang,,1,1,False,False,False
Pefunge,pefunge,esolang,,1,1,False,False,False
PEG.js,peg.js,linguist,.peggy .pegjs,1,1,False,False,False
pegasus,pegasus,pldb,,1,1,False,False,False
pegasus-autocode,pegasus-autocode,pldb,,1,1,False,False,False
pegdown,pegdown,pldb,,1,1,False,False,False
pegjs,pegjs,pldb,,1,1,False,False,False
pei,pei,pldb,,1,1,False,False,False
Pencil Code (programming language),pencil-code-programming-language,wikipedia,,1,1,False,False,False
Pendulum Instruction Set Architecture,pendulum-instruction-set-architecture,esolang,,1,1,False,False,False
peng,peng,pldb,,1,1,False,False,False
penguor,penguor,pldb,,1,1,False,False,False
PenisScript,penisscript,esolang,,1,1,False,False,False
Pep & Chz,pep-chz,esolang,,1,1,False,False,False
Pepe,pepe,esolang,,1,1,False,False,False
Pepp*erdine,pepp-erdine,esolang,,1,1,False,False,False
perfectscript,perfectscript,pldb,,1,1,False,False,False
peridot,peridot,pldb,,1,1,False,False,False
perl-data-language,perl-data-language,pldb,,1,1,False,False,False
Perligata,perligata,esolang,,1,1,False,False,False
Perm,perm,esolang,,1,1,False,False,False
Permission denied,permission-denied,esolang,,1,1,False,False,False
Permufuck,permufuck,esolang,,1,1,False,False,False
Perpetuum Mobile,perpetuum-mobile,esolang,,1,1,False,False,False
PERPLEX,perplex,esolang,,1,1,False,False,False
Persistent brainfuck,persistent-brainfuck,esolang,,1,1,False,False,False
"Person,",person,pldb,,1,1,False,False,False
PESOIX,pesoix,esolang,,1,1,False,False,False
pest,pest,pldb,,1,1,False,False,False
Pește mort,peste-mort,esolang,,1,1,False,False,False
Pește mort+,peste-mort+,esolang,,1,1,False,False,False
Petit Computer,petit-computer,wikipedia,,1,1,False,False,False
petr,petr,pldb,,1,1,False,False,False
Pewlang,pewlang,esolang,,1,1,False,False,False
Peyo,peyo,esolang,,1,1,False,False,False
pfort,pfort,pldb,,1,1,False,False,False
pfortran,pfortran,pldb,,1,1,False,False,False
pgbouncer,pgbouncer,pldb,,1,1,False,False,False
pgen,pgen,pldb,,1,1,False,False,False
pgm-format,pgm-format,pldb,,1,1,False,False,False
pgolog,pgolog,pldb,,1,1,False,False,False
pharen,pharen,pldb,,1,1,False,False,False
PHAWN,phawn,esolang,,1,1,False,False,False
PhD,phd,esolang,,1,1,False,False,False
Phena,phena,esolang,,1,1,False,False,False
Phi,phi,esolang,,1,1,False,False,False
phigs,phigs,pldb,,1,1,False,False,False
Phile,phile,esolang,,1,1,False,False,False
Philosophy Script,philosophy-script,esolang,,1,1,False,False,False
Phind,phind,esolang,,1,1,False,False,False
Phitrafunck,phitrafunck,esolang,,1,1,False,False,False
PHL 1.0,phl-1.0,esolang,,1,1,False,False,False
phocus,phocus,pldb,,1,1,False,False,False
phoenix-object-basic,phoenix-object-basic,pldb,,1,1,False,False,False
Phone call,phone-call,esolang,,1,1,False,False,False
Phoneboard,phoneboard,esolang,,1,1,False,False,False
phorth,phorth,pldb,,1,1,False,False,False
Photography,photography,esolang,,1,1,False,False,False
Photon,photon,esolang,,1,1,False,False,False
Photon (Quintopia),photon-quintopia,esolang,,1,1,False,False,False
phpstorm-editor,phpstorm-editor,pldb,,1,1,False,False,False
Phurb,phurb,esolang,,1,1,False,False,False
phylip,phylip,pldb,,1,1,False,False,False
phyloxml-format,phyloxml-format,pldb,,1,1,False,False,False
physictran,physictran,pldb,,1,1,False,False,False
Pi,pi,esolang,,1,1,False,False,False
Pi(e),pi-e,esolang,,1,1,False,False,False
PIC (markup language),pic-markup-language,wikipedia,,1,1,False,False,False
pic-microcontroller,pic-microcontroller,pldb,,1,1,False,False,False
picasso,picasso,pldb,,1,1,False,False,False
piccola,piccola,pldb,,1,1,False,False,False
Pick,pick,esolang,,1,1,False,False,False
pick-operating-system,pick-operating-system,pldb,,1,1,False,False,False
pickcode,pickcode,pldb,,1,1,False,False,False
Pickle,pickle,linguist,.pkl,1,1,True,False,False
pickle-format,pickle-format,pldb,,1,1,False,False,False
Pico (programming language),pico-programming-language,wikipedia,,1,1,False,False,False
Pico Scheme,pico-scheme,esolang,,1,1,False,False,False
Picofuck,picofuck,esolang,,1,1,False,False,False
pictol,pictol,pldb,,1,1,False,False,False
picturebalm,picturebalm,pldb,,1,1,False,False,False
pie-lang,pie-lang,pldb,,1,1,False,False,False
Pieces,pieces,esolang,,1,1,False,False,False
Piet++,piet-plus-plus,esolang,,1,1,False,False,False
piet-programming-language,piet-programming-language,pldb,,1,1,False,False,False
Piet-Q,piet-q,esolang,,1,1,False,False,False
Pietfood,pietfood,esolang,,1,1,False,False,False
(piggus),piggus,esolang,,1,1,False,False,False
PIGS,pigs,esolang,,1,1,False,False,False
Piiiikaaaatchuuuuuuuuuuuuuuuuioiuytreewertyuioiuytrewertyui,piiiikaaaatchuuuuuuuuuuuuuuuuioiuytreewertyuioiuytrewertyui,esolang,,1,1,False,False,False
pikachu,pikachu,pldb,,1,1,False,False,False
Pikalang,pikalang,esolang,,1,1,False,False,False
PIKOlang,pikolang,esolang,,1,1,False,False,False
pilib,pilib,pldb,,1,1,False,False,False
pin,pin,pldb,,1,1,False,False,False
PINAPL,pinapl,esolang,,1,1,False,False,False
@Ping gimmick role,ping-gimmick-role,esolang,,1,1,False,False,False
PingPong,pingpong,esolang,,1,1,False,False,False
Pinocchio,pinocchio,esolang,,1,1,False,False,False
pinto,pinto,pldb,,1,1,False,False,False
PIO,pio,esolang,,1,1,False,False,False
Pip Requirements,pip-requirements,linguist,,1,1,False,False,False
Pipe,pipe,esolang,,1,1,False,False,False
pipefish,pipefish,pldb,,1,1,False,False,False
Pipefuck,pipefuck,esolang,,1,1,False,False,False
pipelines,pipelines,pldb,,1,1,False,False,False
Piping,piping,esolang,,1,1,False,False,False
Piquant,piquant,esolang,,1,1,False,False,False
Pirandello,pirandello,esolang,,1,1,False,False,False
pisc,pisc,pldb,,1,1,False,False,False
PISW,pisw,esolang,,1,1,False,False,False
Pith,pith,esolang,,1,1,False,False,False
Pity,pity,esolang,,1,1,False,False,False
PIX,pix,esolang,,1,1,False,False,False
PixelCode,pixelcode,esolang,,1,1,False,False,False
Pixiedust,pixiedust,esolang,,1,1,False,False,False
pixin,pixin,pldb,,1,1,False,False,False
Pizza Delivery,pizza-delivery,esolang,,1,1,False,False,False
PizzaScript,pizzascript,esolang,,1,1,False,False,False
PL/MIX,pl-mix,esolang,,1,1,False,False,False
pl-0,pl-0,pldb,,1,1,False,False,False
pl-as,pl-as,pldb,,1,1,False,False,False
pl-c,pl-c,pldb,,1,1,False,False,False
pl-exus,pl-exus,pldb,,1,1,False,False,False
pl-i,pl-i,pldb,,1,1,False,False,False
pl-i-formac,pl-i-formac,pldb,,1,1,False,False,False
pl-i-subset-g,pl-i-subset-g,pldb,,1,1,False,False,False
pl-ll,pl-ll,pldb,,1,1,False,False,False
pl-p,pl-p,pldb,,1,1,False,False,False
pl-s,pl-s,pldb,,1,1,False,False,False
pl-s-ii,pl-s-ii,pldb,,1,1,False,False,False
pl-sql,pl-sql,pldb,,1,1,False,False,False
pl4,pl4,pldb,,1,1,False,False,False
placa,placa,pldb,,1,1,False,False,False
Placement,placement,esolang,,1,1,False,False,False
plaid-programming-language,plaid-programming-language,pldb,,1,1,False,False,False
plain,plain,pldb,,1,1,False,False,False
PlainCore,plaincore,esolang,,1,1,False,False,False
plam,plam,pldb,,1,1,False,False,False
plan2d,plan2d,pldb,,1,1,False,False,False
Planes,planes,esolang,,1,1,False,False,False
plang,plang,pldb,,1,1,False,False,False
planguage,planguage,pldb,,1,1,False,False,False
planner-73,planner-73,pldb,,1,1,False,False,False
Platts,platts,esolang,,1,1,False,False,False
PLAWIHA,plawiha,esolang,,1,1,False,False,False
Playlist,playlist,esolang,,1,1,False,False,False
plb,plb,pldb,,1,1,False,False,False
Please Porige Hot,please-porige-hot,esolang,,1,1,False,False,False
please-build,please-build,pldb,,1,1,False,False,False
plink-bed-format,plink-bed-format,pldb,,1,1,False,False,False
plink-bim-format,plink-bim-format,pldb,,1,1,False,False,False
plink-fam-format,plink-fam-format,pldb,,1,1,False,False,False
plink-map-format,plink-map-format,pldb,,1,1,False,False,False
plink-ped-format,plink-ped-format,pldb,,1,1,False,False,False
Plis,plis,esolang,,1,1,False,False,False
plist,plist,pldb,,1,1,False,False,False
Pljic!,pljic,esolang,,1,1,False,False,False
Pljic++!,pljic-plus-plus,esolang,,1,1,False,False,False
P𝐋𝕆𝕺𝑷Ӌ,ploop,esolang,,1,1,False,False,False
plot,plot,pldb,,1,1,False,False,False
plot-lang,plot-lang,pldb,,1,1,False,False,False
Plts,plts,esolang,,1,1,False,False,False
Plugh,plugh,esolang,,1,1,False,False,False
pluk,pluk,pldb,,1,1,False,False,False
plum,plum,pldb,,1,1,False,False,False
plumb,plumb,pldb,,1,1,False,False,False
plunk,plunk,pldb,,1,1,False,False,False
Plurple,plurple,esolang,,1,1,False,False,False
*++,plus-plus,esolang,,1,1,False,False,False
+++,plus-plus-+,esolang,,1,1,False,False,False
++Brainfuck,plus-plus-brainfuck,esolang,,1,1,False,False,False
++brainfuck++,plus-plus-brainfuck-plus-plus,esolang,,1,1,False,False,False
++C,plus-plus-c,esolang,,1,1,False,False,False
++C+=C++ + ++C;,plus-plus-c+-c-plus-plus-+-plus-plus-c,esolang,,1,1,False,False,False
plush,plush,pldb,,1,1,False,False,False
Pluso,pluso,esolang,,1,1,False,False,False
PlusOrMinus,plusorminus,esolang,,1,1,False,False,False
PlusOrMinus 2,plusorminus-2,esolang,,1,1,False,False,False
PlusOrOutput,plusoroutput,esolang,,1,1,False,False,False
ply,ply,pldb,,1,1,False,False,False
pm2,pm2,pldb,,1,1,False,False,False
pml,pml,pldb,,1,1,False,False,False
png,png,pldb,,1,1,False,False,False
PNID,pnid,esolang,,1,1,False,False,False
PNPL,pnpl,esolang,,1,1,False,False,False
pocket-smalltalk,pocket-smalltalk,pldb,,1,1,False,False,False
PocketBF,pocketbf,esolang,,1,1,False,False,False
PocketFuck,pocketfuck,esolang,,1,1,False,False,False
PocketFuck+,pocketfuck+,esolang,,1,1,False,False,False
Pod 6,pod-6,linguist,.pod .pod6,1,1,True,False,False
pod6,pod6,pldb,,1,1,True,False,False
podlite,podlite,pldb,,1,1,False,False,False
Poetic (esolang),poetic-esolang,esolang,,1,1,False,False,False
Poetic LOLWICNETP,poetic-lolwicnetp,esolang,,1,1,False,False,False
Poetic (Mihai Popa),poetic-mihai-popa,esolang,,1,1,False,False,False
Poetic.BCT,poetic.bct,esolang,,1,1,False,False,False
PoeticChicken,poeticchicken,esolang,,1,1,False,False,False
PoeticFuck,poeticfuck,esolang,,1,1,False,False,False
POGA-INTERCAL,poga-intercal,esolang,,1,1,False,False,False
POGAACK,pogaack,esolang,,1,1,False,False,False
PoGo,pogo,esolang,,1,1,False,False,False
pogol,pogol,pldb,,1,1,False,False,False
Poinal,poinal,esolang,,1,1,False,False,False
Point,point,esolang,,1,1,False,False,False
Point Break,point-break,esolang,,1,1,False,False,False
Pointer-ng,pointer-ng,esolang,,1,1,False,False,False
PointerB,pointerb,esolang,,1,1,False,False,False
PointerTape,pointertape,esolang,,1,1,False,False,False
Pointing,pointing,esolang,,1,1,False,False,False
Pointless.,pointless.,esolang,,1,1,False,False,False
Pointstack,pointstack,esolang,,1,1,False,False,False
Pointy,pointy,esolang,,1,1,False,False,False
Poison,poison,esolang,,1,1,False,False,False
PokéArena,pokearena,esolang,,1,1,False,False,False
PokéBattle,pokebattle,esolang,,1,1,False,False,False
Pokecontest,pokecontest,esolang,,1,1,False,False,False
PokeType,poketype,esolang,,1,1,False,False,False
Pola,pola,esolang,,1,1,False,False,False
polac,polac,pldb,,1,1,False,False,False
Policy Policy,policy-policy,esolang,,1,1,False,False,False
PolishScript,polishscript,esolang,,1,1,False,False,False
polkadot,polkadot,pldb,,1,1,False,False,False
polly,polly,pldb,,1,1,False,False,False
poly,poly,pldb,,1,1,False,False,False
POLYBIUS™,polybiustm,esolang,,1,1,False,False,False
Polydeuces,polydeuces,esolang,,1,1,False,False,False
polyglot-compiler,polyglot-compiler,pldb,,1,1,False,False,False
polylith,polylith,pldb,,1,1,False,False,False
polymorphic-programming-language,polymorphic-programming-language,pldb,,1,1,False,False,False
Polymorphix,polymorphix,esolang,,1,1,False,False,False
Polynomial,polynomial,esolang,,1,1,False,False,False
Polyphony,polyphony,esolang,,1,1,False,False,False
PolyStack,polystack,esolang,,1,1,False,False,False
polytoil,polytoil,pldb,,1,1,False,False,False
Polytran,polytran,esolang,,1,1,False,False,False
pomsky,pomsky,pldb,,1,1,False,False,False
Poochiewuddledumpling-Boobledarling,poochiewuddledumpling-boobledarling,esolang,,1,1,False,False,False
Poohbear,poohbear,esolang,,1,1,False,False,False
Poololoop,poololoop,esolang,,1,1,False,False,False
Poop (Eike Tim Jesinghaus),poop-eike-tim-jesinghaus,esolang,,1,1,False,False,False
Poop (pstron),poop-pstron,esolang,,1,1,False,False,False
Pootis,pootis,esolang,,1,1,False,False,False
pop-pl,pop-pl,pldb,,1,1,False,False,False
pop-protocol,pop-protocol,pldb,,1,1,False,False,False
popasm,popasm,pldb,,1,1,False,False,False
popcorn-linux,popcorn-linux,pldb,,1,1,False,False,False
PopFuck,popfuck,esolang,,1,1,False,False,False
Poplang,poplang,esolang,,1,1,False,False,False
Poppingbrain,poppingbrain,esolang,,1,1,False,False,False
Pops Are Overrated,pops-are-overrated,esolang,,1,1,False,False,False
popsy,popsy,pldb,,1,1,False,False,False
porffor,porffor,pldb,,1,1,False,False,False
port-alg,port-alg,pldb,,1,1,False,False,False
Portable Minsky Machine Notation,portable-minsky-machine-notation,esolang,,1,1,False,False,False
portable-standard-lisp,portable-standard-lisp,pldb,,1,1,False,False,False
Portal,portal,esolang,,1,1,False,False,False
Portal 2,portal-2,esolang,,1,1,False,False,False
portal-langage,portal-langage,pldb,,1,1,False,False,False
Ports,ports,esolang,,1,1,False,False,False
Portsy,portsy,esolang,,1,1,False,False,False
pose,pose,pldb,,1,1,False,False,False
Position,position,esolang,,1,1,False,False,False
Posset,posset,esolang,,1,1,False,False,False
Post correspondence problem,post-correspondence-problem,esolang,,1,1,False,False,False
Post Dominos,post-dominos,esolang,,1,1,False,False,False
post-canonical-system,post-canonical-system,pldb,,1,1,False,False,False
Post-preprocessor,post-preprocessor,esolang,,1,1,False,False,False
Post-Unified HQ9+,post-unified-hq9+,esolang,,1,1,False,False,False
post-x,post-x,pldb,,1,1,False,False,False
Posthumousfuck,posthumousfuck,esolang,,1,1,False,False,False
Postrado,postrado,esolang,,1,1,False,False,False
PostScriptum,postscriptum,esolang,,1,1,False,False,False
Potatoscript,potatoscript,esolang,,1,1,False,False,False
potential,potential,pldb,,1,1,False,False,False
Powder,powder,esolang,,1,1,False,False,False
power-bi-app,power-bi-app,pldb,,1,1,False,False,False
power-query-m,power-query-m,pldb,,1,1,False,False,False
powerhouse-programming-language,powerhouse-programming-language,pldb,,1,1,False,False,False
powerisa,powerisa,pldb,,1,1,False,False,False
powerlanguage,powerlanguage,pldb,,1,1,False,False,False
Powerlist,powerlist,esolang,,1,1,False,False,False
powerloom-knowledgebase,powerloom-knowledgebase,pldb,,1,1,False,False,False
powerpc,powerpc,pldb,,1,1,False,False,False
powershell-gallery-pm,powershell-gallery-pm,pldb,,1,1,False,False,False
Poy,poy,esolang,,1,1,False,False,False
PP,pp,esolang,,1,1,False,False,False
PP TIBSA,pp-tibsa,esolang,,1,1,False,False,False
PPAP++,ppap-plus-plus,esolang,,1,1,False,False,False
ppm-format,ppm-format,pldb,,1,1,False,False,False
pqq,pqq,pldb,,1,1,False,False,False
praat-script,praat-script,pldb,,1,1,False,False,False
pragtical,pragtical,pldb,,1,1,False,False,False
Praise Unto XHUL,praise-unto-xhul,esolang,,1,1,False,False,False
PRASCAL,prascal,esolang,,1,1,False,False,False
praxis,praxis,pldb,,1,1,False,False,False
praxis-lang,praxis-lang,pldb,,1,1,False,False,False
Precognition,precognition,esolang,,1,1,False,False,False
Preface,preface,esolang,,1,1,False,False,False
preferred-executable-format,preferred-executable-format,pldb,,1,1,False,False,False
PREFIX,prefix,esolang,,1,1,False,False,False
preforth,preforth,pldb,,1,1,False,False,False
Prefunge,prefunge,esolang,,1,1,False,False,False
PREG,preg,esolang,,1,1,False,False,False
Preparation,preparation,esolang,,1,1,False,False,False
Prepositional Calculus,prepositional-calculus,esolang,,1,1,False,False,False
Preposterous Programming Language,preposterous-programming-language,esolang,,1,1,False,False,False
Preprocessor,preprocessor,esolang,,1,1,False,False,False
prescheme,prescheme,pldb,,1,1,False,False,False
Preserve Line Numbers,preserve-line-numbers,esolang,,1,1,False,False,False
presto,presto,pldb,,1,1,False,False,False
prettier,prettier,pldb,,1,1,False,False,False
PrettyPrint,prettyprint,esolang,,1,1,False,False,False
PRG,prg,esolang,,1,1,False,False,False
price-equation,price-equation,pldb,,1,1,False,False,False
PricK,prick,esolang,,1,1,False,False,False
PriLogic,prilogic,esolang,,1,1,False,False,False
Primal,primal,esolang,,1,1,False,False,False
Prime hell,prime-hell,esolang,,1,1,False,False,False
Prime Notary,prime-notary,esolang,,1,1,False,False,False
PrimeFuck,primefuck,esolang,,1,1,False,False,False
Primepocalypse,primepocalypse,esolang,,1,1,False,False,False
Primes,primes,esolang,,1,1,False,False,False
principle-of-sufficient-reason,principle-of-sufficient-reason,pldb,,1,1,False,False,False
"Print ""deadfish""",print-deadfish,esolang,,1,1,False,False,False
Print Function Deluxe,print-function-deluxe,esolang,,1,1,False,False,False
Printable,printable,esolang,,1,1,False,False,False
PRINTASKSWITCHINPUTCASEXGOTOACASEYGOTOBELSEGOTOC,printaskswitchinputcasexgotoacaseygotobelsegotoc,esolang,,1,1,False,False,False
Printf,printf,esolang,,1,1,False,False,False
Printscript,printscript,esolang,,1,1,False,False,False
Printscript 13,printscript-13,esolang,,1,1,False,False,False
Printscript 5,printscript-5,esolang,,1,1,False,False,False
Printscript 9,printscript-9,esolang,,1,1,False,False,False
Prisma,prisma,linguist,.prisma,1,1,True,False,False
prisma-schema-language,prisma-schema-language,pldb,,1,1,False,False,False
prismjs,prismjs,pldb,,1,1,False,False,False
priz,priz,pldb,,1,1,False,False,False
PRNGP2,prngp2,esolang,,1,1,False,False,False
pro-star-c,pro-star-c,pldb,,1,1,False,False,False
Probablyfuck,probablyfuck,esolang,,1,1,False,False,False
probevue,probevue,pldb,,1,1,False,False,False
Probie,probie,esolang,,1,1,False,False,False
proc-procedure-language,proc-procedure-language,pldb,,1,1,False,False,False
Proce,proce,esolang,,1,1,False,False,False
Procedural Footnote Language,procedural-footnote-language,esolang,,1,1,False,False,False
Procedure,procedure,esolang,,1,1,False,False,False
Processor/1,processor-1,esolang,,1,1,False,False,False
Processor.txt,processor.txt,esolang,,1,1,False,False,False
procol,procol,pldb,,1,1,False,False,False
prodel,prodel,pldb,,1,1,False,False,False
profit,profit,pldb,,1,1,False,False,False
ProgFk,progfk,esolang,,1,1,False,False,False
Program Number System,program-number-system,esolang,,1,1,False,False,False
Programming Languages: Application and Interpretation,programming-languages-application-and-interpretation,wikipedia,,1,1,False,False,False
progres,progres,pldb,,1,1,False,False,False
progsbase,progsbase,pldb,,1,1,False,False,False
Project Euler (language),project-euler-language,esolang,,1,1,False,False,False
project-mentat,project-mentat,pldb,,1,1,False,False,False
PROLAN/M,prolan-m,esolang,,1,1,False,False,False
Prolix,prolix,esolang,,1,1,False,False,False
Prolix 1.1,prolix-1.1,esolang,,1,1,False,False,False
prolog-d-linda,prolog-d-linda,pldb,,1,1,False,False,False
prolog-elf,prolog-elf,pldb,,1,1,False,False,False
prolog-iii,prolog-iii,pldb,,1,1,False,False,False
prolog-kr,prolog-kr,pldb,,1,1,False,False,False
prolog-linda,prolog-linda,pldb,,1,1,False,False,False
prolog-pack-pm,prolog-pack-pm,pldb,,1,1,False,False,False
prologpp,prologpp,pldb,,1,1,False,False,False
prometheus,prometheus,pldb,,1,1,False,False,False
prompter,prompter,pldb,,1,1,False,False,False
Proof,proof,esolang,,1,1,False,False,False
Propeller Spin,propeller-spin,linguist,.spin,1,1,True,False,False
property-specification-language,property-specification-language,pldb,,1,1,False,False,False
prophet,prophet,pldb,,1,1,False,False,False
proplan,proplan,pldb,,1,1,False,False,False
Propositio,propositio,esolang,,1,1,False,False,False
Proprietary Esolang,proprietary-esolang,esolang,,1,1,False,False,False
proset,proset,pldb,,1,1,False,False,False
prosper,prosper,pldb,,1,1,False,False,False
proteus-programming-language,proteus-programming-language,pldb,,1,1,False,False,False
protium,protium,pldb,,1,1,False,False,False
proto-gnosis,proto-gnosis,pldb,,1,1,False,False,False
Protocol Buffer Text Format,protocol-buffer-text-format,linguist,.pbt .pbtxt .textproto,1,3,False,False,False
Protogen,protogen,esolang,,1,1,False,False,False
protos-l,protos-l,pldb,,1,1,False,False,False
protosynthex,protosynthex,pldb,,1,1,False,False,False
proverif-lang,proverif-lang,pldb,,1,1,False,False,False
prow,prow,pldb,,1,1,False,False,False
proxy,proxy,pldb,,1,1,False,False,False
PRSCNT,prscnt,esolang,,1,1,False,False,False
psather,psather,pldb,,1,1,False,False,False
Pseudocode (College Board),pseudocode-college-board,esolang,,1,1,False,False,False
psg,psg,pldb,,1,1,False,False,False
psi,psi,pldb,,1,1,False,False,False
Psint,psint,esolang,,1,1,False,False,False
PSTF,pstf,esolang,,1,1,False,False,False
psvg,psvg,pldb,,1,1,False,False,False
Psychairefatback (Archive),psychairefatback-archive,esolang,,1,1,False,False,False
psyche-c,psyche-c,pldb,,1,1,False,False,False
Psychopaths,psychopaths,esolang,,1,1,False,False,False
psyco,psyco,pldb,,1,1,False,False,False
pt,pt,pldb,,1,1,False,False,False
Pteryx,pteryx,esolang,,1,1,False,False,False
Pth,pth,esolang,,1,1,False,False,False
PTL,ptl,esolang,,1,1,False,False,False
(P™TM™)™,ptmtmtm-tm,esolang,,1,1,False,False,False
Ptolomaea,ptolomaea,esolang,,1,1,False,False,False
PTotE,ptote,esolang,,1,1,False,False,False
PTSL,ptsl,esolang,,1,1,False,False,False
PUBERTY,puberty,esolang,,1,1,False,False,False
public-key-file,public-key-file,pldb,,1,1,False,False,False
pufft,pufft,pldb,,1,1,False,False,False
pumpkin,pumpkin,pldb,,1,1,False,False,False
Punc,punc,esolang,,1,1,False,False,False
punched-tape,punched-tape,pldb,,1,1,False,False,False
Punching machine,punching-machine,esolang,,1,1,False,False,False
Punctree,punctree,esolang,,1,1,False,False,False
Punctuation,punctuation,esolang,,1,1,False,False,False
Punktuation,punktuation,esolang,,1,1,False,False,False
punycode,punycode,pldb,,1,1,False,False,False
PUPPY,puppy,esolang,,1,1,False,False,False
Pure BF,pure-bf,esolang,,1,1,False,False,False
PureBrainz,purebrainz,esolang,,1,1,False,False,False
puredata,puredata,pldb,,1,1,True,False,False
PureFun,purefun,esolang,,1,1,False,False,False
Purely Object-Oriented Producer-based/Constructorless Language,purely-object-oriented-producer-based-constructorless-language,esolang,,1,1,False,False,False
PureStack,purestack,esolang,,1,1,False,False,False
Purl,purl,esolang,,1,1,False,False,False
Purple,purple,esolang,,1,1,False,False,False
pursuit-pm,pursuit-pm,pldb,,1,1,False,False,False
PUSH++,push-plus-plus,esolang,,1,1,False,False,False
PushDupAddSub,pushdupaddsub,esolang,,1,1,False,False,False
Puzzlang,puzzlang,esolang,,1,1,False,False,False
Pwajnvlib,pwajnvlib,esolang,,1,1,False,False,False
Pxem,pxem,esolang,,1,1,False,False,False
Py256,py256,esolang,,1,1,False,False,False
pycharm-editor,pycharm-editor,pldb,,1,1,False,False,False
PyChr,pychr,esolang,,1,1,False,False,False
pycket,pycket,pldb,,1,1,False,False,False
PyFuck (kuangkzh),pyfuck-kuangkzh,esolang,,1,1,False,False,False
PyFuck (shirAko),pyfuck-shirako,esolang,,1,1,False,False,False
Pyfun,pyfun,esolang,,1,1,False,False,False
pygmalion,pygmalion,pldb,,1,1,False,False,False
pygments,pygments,pldb,,1,1,False,False,False
Pyhton (sic),pyhton-sic,esolang,,1,1,False,False,False
pyke,pyke,pldb,,1,1,False,False,False
Pyline,pyline,esolang,,1,1,False,False,False
Pyline Classic,pyline-classic,esolang,,1,1,False,False,False
Pylongolf,pylongolf,esolang,,1,1,False,False,False
pypi-pm,pypi-pm,pldb,,1,1,False,False,False
Pyqon,pyqon,esolang,,1,1,False,False,False
Pyramid Scheme,pyramid-scheme,esolang,,1,1,False,False,False
pyret-lang,pyret-lang,pldb,,1,1,False,False,False
Pysembly,pysembly,esolang,,1,1,False,False,False
PYSP,pysp,esolang,,1,1,False,False,False
PyText?!.,pytext-.,esolang,,1,1,False,False,False
pythagorean-equation,pythagorean-equation,pldb,,1,1,False,False,False
PythBrSc,pythbrsc,esolang,,1,1,False,False,False
PythJS,pythjs,esolang,,1,1,False,False,False
Python But Bad,python-but-bad,esolang,,1,1,False,False,False
Python but even worse,python-but-even-worse,esolang,,1,1,False,False,False
Python but it's trash,python-but-it-s-trash,esolang,,1,1,False,False,False
Python But WORST,python-but-worst,esolang,,1,1,False,False,False
"Python But WORST, at least in Esolang Wiki",python-but-worst-at-least-in-esolang-wiki,esolang,,1,1,False,False,False
Python is Magic,python-is-magic,esolang,,1,1,False,False,False
'Python' is not recognized,python-is-not-recognized,esolang,,1,1,False,False,False
"'Python' is not recognized as an internal or external command, operable program or batch file.",python-is-not-recognized-as-an-internal-or-external-command-operable-program-or-batch-file.,esolang,,1,1,False,False,False
python-cl-compiler,python-cl-compiler,pldb,,1,1,False,False,False
python-for-s60,python-for-s60,pldb,,1,1,False,False,False
python-format-spec,python-format-spec,pldb,,1,1,False,False,False
PythOwO,pythowo,esolang,,1,1,False,False,False
pytorch,pytorch,pldb,,1,1,False,False,False
Q-BAL,q-bal,esolang,,1,1,False,False,False
q-equational-programming-language,q-equational-programming-language,pldb,,1,1,False,False,False
q-gert,q-gert,pldb,,1,1,False,False,False
Q-Ref,q-ref,esolang,,1,1,False,False,False
Q-SET,q-set,esolang,,1,1,False,False,False
Q47,q47,esolang,,1,1,False,False,False
坑Q9+,q9+,esolang,,1,1,False,False,False
qa4,qa4,pldb,,1,1,False,False,False
qas,qas,pldb,,1,1,False,False,False
QaSaC,qasac,esolang,,1,1,False,False,False
Qdeql,qdeql,esolang,,1,1,False,False,False
qed-editor,qed-editor,pldb,,1,1,False,False,False
qed-lang,qed-lang,pldb,,1,1,False,False,False
Qey Demo,qey-demo,esolang,,1,1,False,False,False
QFL,qfl,esolang,,1,1,False,False,False
qfx,qfx,pldb,,1,1,False,False,False
qif,qif,pldb,,1,1,False,False,False
QIRAML,qiraml,esolang,,1,1,False,False,False
Qiunx,qiunx,esolang,,1,1,False,False,False
QKAS,qkas,esolang,,1,1,False,False,False
qlisp,qlisp,pldb,,1,1,False,False,False
Qoibl,qoibl,esolang,,1,1,False,False,False
qoir,qoir,pldb,,1,1,False,False,False
Qoob,qoob,esolang,,1,1,False,False,False
Qore (programming language),qore-programming-language,wikipedia,,1,1,False,False,False
Qq,qq,esolang,,1,1,False,False,False
qr-code,qr-code,pldb,,1,1,False,False,False
qt,qt,pldb,,1,1,False,False,False
Qt Script,qt-script,linguist,.qs,1,1,False,False,False
qtscript,qtscript,pldb,,1,1,False,False,False
QTTRPG,qttrpg,esolang,,1,1,False,False,False
Qu 1.0,qu-1.0,esolang,,1,1,False,False,False
Qu-Qu,qu-qu,esolang,,1,1,False,False,False
Quadratic sync problem,quadratic-sync-problem,esolang,,1,1,False,False,False
quadril,quadril,pldb,,1,1,False,False,False
Quagdonic numbers,quagdonic-numbers,esolang,,1,1,False,False,False
quaint,quaint,pldb,,1,1,False,False,False
quaint-lang,quaint-lang,pldb,,1,1,False,False,False
QuakeScript,quakescript,esolang,,1,1,False,False,False
Qualm,qualm,esolang,,1,1,False,False,False
quanta,quanta,pldb,,1,1,False,False,False
QuantaScript,quantascript,esolang,,1,1,False,False,False
Quantum brainfuck,quantum-brainfuck,esolang,,1,1,False,False,False
Quantum Computation Language,quantum-computation-language,wikipedia,,1,1,False,False,False
Quantum Dimensions,quantum-dimensions,esolang,,1,1,False,False,False
Quantum INTERCAL,quantum-intercal,esolang,,1,1,False,False,False
Quantum Nothing,quantum-nothing,esolang,,1,1,False,False,False
Quark,quark,esolang,,1,1,False,False,False
Quasar,quasar,esolang,,1,1,False,False,False
Quassaunt,quassaunt,esolang,,1,1,False,False,False
Quate,quate,esolang,,1,1,False,False,False
QUATRE-CALC,quatre-calc,esolang,,1,1,False,False,False
Quebe,quebe,esolang,,1,1,False,False,False
Queen,queen,esolang,,1,1,False,False,False
Quell,quell,esolang,,1,1,False,False,False
query-by-example,query-by-example,pldb,,1,1,False,False,False
Quests,quests,esolang,,1,1,False,False,False
queue,queue,pldb,,1,1,False,False,False
Queue based,queue-based,esolang,,1,1,False,False,False
Queue-based esolang,queue-based-esolang,esolang,,1,1,False,False,False
Queuefuck,queuefuck,esolang,,1,1,False,False,False
Queuenanimous,queuenanimous,esolang,,1,1,False,False,False
Queueue,queueue,esolang,,1,1,False,False,False
quexal,quexal,pldb,,1,1,False,False,False
quick-macros,quick-macros,pldb,,1,1,False,False,False
QuickLang,quicklang,esolang,,1,1,False,False,False
quicklisp-pm,quicklisp-pm,pldb,,1,1,False,False,False
quicksight-app,quicksight-app,pldb,,1,1,False,False,False
Quid,quid,esolang,,1,1,False,False,False
quikscript,quikscript,pldb,,1,1,False,False,False
Quiler,quiler,esolang,,1,1,False,False,False
quilt,quilt,pldb,,1,1,False,False,False
Quinary Bueue,quinary-bueue,esolang,,1,1,False,False,False
Quine (programming language),quine-programming-language,esolang,,1,1,False,False,False
QuineFuck,quinefuck,esolang,,1,1,False,False,False
QuineLang,quinelang,esolang,,1,1,False,False,False
Quineless I cannot understand that.,quineless-i-cannot-understand-that.,esolang,,1,1,False,False,False
QuinePig,quinepig,esolang,,1,1,False,False,False
Quiner,quiner,esolang,,1,1,False,False,False
Quiney,quiney,esolang,,1,1,False,False,False
Quinish,quinish,esolang,,1,1,False,False,False
Quite,quite,esolang,,1,1,False,False,False
qunity,qunity,pldb,,1,1,False,False,False
"""quote",quote,esolang,,1,1,False,False,False
qute,qute,pldb,,1,1,False,False,False
quty,quty,pldb,,1,1,False,False,False
Quudo,quudo,esolang,,1,1,False,False,False
Quylthulg,quylthulg,esolang,,1,1,False,False,False
Qwerty,qwerty,esolang,,1,1,False,False,False
QWERTY Keyboard Dot Language,qwerty-keyboard-dot-language,esolang,,1,1,False,False,False
Qwerty Reverse Polish Notation,qwerty-reverse-polish-notation,esolang,,1,1,False,False,False
Qwertypy,qwertypy,esolang,,1,1,False,False,False
QwertyScript,qwertyscript,esolang,,1,1,False,False,False
QWERTYUIOP,qwertyuiop,esolang,,1,1,False,False,False
Qwertyuiopasdfghjkl;vb,qwertyuiopasdfghjkl-vb,esolang,,1,1,False,False,False
Qwertyuiopasdfghjklzxcvbnm,qwertyuiopasdfghjklzxcvbnm,esolang,,1,1,False,False,False
Qweruiopasdfghjkl;,qweruiopasdfghjkl,esolang,,1,1,False,False,False
Qwhy,qwhy,esolang,,1,1,False,False,False
Qwote,qwote,esolang,,1,1,False,False,False
QX,qx,esolang,,1,1,False,False,False
R + S,r-+-s,esolang,,1,1,False,False,False
R Console,r-console,pldb,,1,1,False,False,False
R++,r-plus-plus,esolang,,1,1,False,False,False
r2ml,r2ml,pldb,,1,1,False,False,False
r3,r3,pldb,,1,1,False,False,False
r4,r4,pldb,,1,1,False,False,False
Rabbitsfoot,rabbitsfoot,esolang,,1,1,False,False,False
Racist Lua,racist-lua,esolang,,1,1,False,False,False
rack,rack,pldb,,1,1,False,False,False
raco-pm,raco-pm,pldb,,1,1,False,False,False
radish,radish,pldb,,1,1,False,False,False
Radixal!!!!,radixal,esolang,,1,1,False,False,False
Ragaraja,ragaraja,esolang,,1,1,False,False,False
RAGE!!!,rage,esolang,,1,1,False,False,False
rails,rails,pldb,,1,1,False,False,False
Rain,rain,esolang,,1,1,False,False,False
Rainbo,rainbo,esolang,,1,1,False,False,False
ΙΧrainfisHQ9+,rainfishq9+,esolang,,1,1,False,False,False
rakudo,rakudo,pldb,,1,1,False,False,False
Ral,ral,esolang,,1,1,False,False,False
Ralative 1 Bit,ralative-1-bit,esolang,,1,1,False,False,False
ralph,ralph,pldb,,1,1,False,False,False
RAM0,ram0,esolang,,1,1,False,False,False
ramdascript,ramdascript,pldb,,1,1,False,False,False
RAMDISP,ramdisp,esolang,,1,1,False,False,False
ramen,ramen,pldb,,1,1,False,False,False
ramis-software,ramis-software,pldb,,1,1,False,False,False
RAML,raml,linguist,.raml,1,1,True,False,False
RAND,rand,esolang,,1,1,False,False,False
rand-abel,rand-abel,pldb,,1,1,False,False,False
Rand.Next(),rand.next,esolang,,1,1,False,False,False
RandBow,randbow,esolang,,1,1,False,False,False
RANDo,rando,esolang,,1,1,False,False,False
Random,random,esolang,,1,1,False,False,False
Random Brainfuck,random-brainfuck,esolang,,1,1,False,False,False
Random-ass Turing Complete Language,random-ass-turing-complete-language,esolang,,1,1,False,False,False
Random3ByteJump,random3bytejump,esolang,,1,1,False,False,False
Randwork,randwork,esolang,,1,1,False,False,False
Rao,rao,esolang,,1,1,False,False,False
rapidgen-rpl,rapidgen-rpl,pldb,,1,1,False,False,False
rapidwrite,rapidwrite,pldb,,1,1,False,False,False
RapLan,raplan,esolang,,1,1,False,False,False
raptorjit,raptorjit,pldb,,1,1,False,False,False
Rapture,rapture,esolang,,1,1,False,False,False
RarVM,rarvm,esolang,,1,1,False,False,False
rascalmpl,rascalmpl,pldb,,1,1,False,False,False
RAScript,rascript,linguist,.rascript,1,1,False,False,False
Rasen,rasen,esolang,,1,1,False,False,False
rason,rason,pldb,,1,1,False,False,False
rasp,rasp,pldb,,1,1,False,False,False
Rational,rational,esolang,,1,1,False,False,False
Ratsize,ratsize,esolang,,1,1,False,False,False
ratsno,ratsno,pldb,,1,1,False,False,False
Ratt,ratt,esolang,,1,1,False,False,False
Ratt+,ratt+,esolang,,1,1,False,False,False
Rattle,rattle,esolang,,1,1,False,False,False
ravenscar-profile,ravenscar-profile,pldb,,1,1,False,False,False
Raw token data,raw-token-data,linguist,.raw,1,2,True,False,False
Raymond,raymond,esolang,,1,1,False,False,False
Rayofuck,rayofuck,esolang,,1,1,False,False,False
Rayuela,rayuela,esolang,,1,1,False,False,False
rbasic,rbasic,pldb,,1,1,False,False,False
RBN,rbn,esolang,,1,1,False,False,False
rbscript,rbscript,pldb,,1,1,False,False,False
RCEM,rcem,esolang,,1,1,False,False,False
Rchdcgmfxrnhejwk,rchdcgmfxrnhejwk,esolang,,1,1,False,False,False
rcpp,rcpp,pldb,,1,1,False,False,False
Rcpy,rcpy,esolang,,1,1,False,False,False
rcs,rcs,pldb,,1,1,False,False,False
rdata-format,rdata-format,pldb,,1,1,False,False,False
rdf,rdf,pldb,,1,1,False,False,False
rdf-schema,rdf-schema,pldb,,1,1,False,False,False
rdfa,rdfa,pldb,,1,1,False,False,False
rds-format,rds-format,pldb,,1,1,False,False,False
Re:direction,re-direction,esolang,,1,1,False,False,False
react-native,react-native,pldb,,1,1,False,False,False
ReactionCan,reactioncan,esolang,,1,1,False,False,False
reactjs,reactjs,pldb,,1,1,False,False,False
Readability,readability,esolang,,1,1,False,False,False
Readable,readable,esolang,,1,1,False,False,False
Readable Brainfuck,readable-brainfuck,esolang,,1,1,False,False,False
readable-lisp,readable-lisp,pldb,,1,1,False,False,False
ReadArticle,readarticle,esolang,,1,1,False,False,False
Readline Config,readline-config,linguist,,1,3,True,False,False
ReadWrite,readwrite,esolang,,1,1,False,False,False
Real Brainfuck,real-brainfuck,esolang,,1,1,False,False,False
Real Fast Nora's Hair Salon 3: Shear Disaster Download,real-fast-nora-s-hair-salon-3-shear-disaster-download,esolang,,1,1,False,False,False
Real-time Programming Language,real-time-programming-language,wikipedia,,1,1,False,False,False
real-time-cmix,real-time-cmix,pldb,,1,1,False,False,False
real-time-concurrent-c,real-time-concurrent-c,pldb,,1,1,False,False,False
real-time-euclid,real-time-euclid,pldb,,1,1,False,False,False
real-time-mentat,real-time-mentat,pldb,,1,1,False,False,False
Realm,realm,esolang,,1,1,False,False,False
REALScript,realscript,esolang,,1,1,False,False,False
Reaper,reaper,esolang,,1,1,False,False,False
ReasonLIGO,reasonligo,linguist,.religo,1,1,False,False,False
rebeca-modeling-language,rebeca-modeling-language,pldb,,1,1,False,False,False
REBEL,rebel,esolang,,1,1,False,False,False
Rebellent Brainfuck,rebellent-brainfuck,esolang,,1,1,False,False,False
Rebmu,rebmu,esolang,,1,1,False,False,False
rebus,rebus,pldb,,1,1,False,False,False
Rec,rec,esolang,,1,1,False,False,False
Rec+,rec+,esolang,,1,1,False,False,False
rec-sm,rec-sm,pldb,,1,1,False,False,False
rec-studio,rec-studio,pldb,,1,1,False,False,False
Recipescript,recipescript,esolang,,1,1,False,False,False
Reciprocal Lenguage,reciprocal-lenguage,esolang,,1,1,False,False,False
recol,recol,pldb,,1,1,False,False,False
Record,record,esolang,,1,1,False,False,False
Record Jar,record-jar,linguist,,1,1,False,False,False
Recorder,recorder,esolang,,1,1,False,False,False
Recs,recs,esolang,,1,1,False,False,False
RECT4n=GLE,rect4n-gle,esolang,,1,1,False,False,False
Recur,recur,esolang,,1,1,False,False,False
Recurl,recurl,esolang,,1,1,False,False,False
Recurse,recurse,esolang,,1,1,False,False,False
RecurseMe,recurseme,esolang,,1,1,False,False,False
Recursion limit gone,recursion-limit-gone,esolang,,1,1,False,False,False
Recursive,recursive,esolang,,1,1,False,False,False
recursivetext,recursivetext,pldb,,1,1,False,False,False
Recursoin,recursoin,esolang,,1,1,False,False,False
"""Red/System example file""",red-system-example-file,pldb,,1,1,False,False,False
red-lang,red-lang,pldb,,1,1,False,False,False
RedDust,reddust,esolang,,1,1,False,False,False
Redefine Symbol,redefine-symbol,esolang,,1,1,False,False,False
RedefineFuck,redefinefuck,esolang,,1,1,False,False,False
REDGREEN,redgreen,esolang,,1,1,False,False,False
Redirect Rules,redirect-rules,linguist,,1,2,False,False,False
redis,redis,pldb,,1,1,False,False,False
Redivider,redivider,esolang,,1,1,False,False,False
redpanda-app,redpanda-app,pldb,,1,1,False,False,False
redscript,redscript,pldb,,1,1,False,False,False
redshift,redshift,pldb,,1,1,False,False,False
Redundant,redundant,esolang,,1,1,False,False,False
ref-arf,ref-arf,pldb,,1,1,False,False,False
Reference,reference,esolang,,1,1,False,False,False
Referencement,referencement,esolang,,1,1,False,False,False
refined-c,refined-c,pldb,,1,1,False,False,False
Reflecto,reflecto,esolang,,1,1,False,False,False
reflex-framework,reflex-framework,pldb,,1,1,False,False,False
reflisp,reflisp,pldb,,1,1,False,False,False
reforth,reforth,pldb,,1,1,False,False,False
Refract,refract,esolang,,1,1,False,False,False
Refunge,refunge,esolang,,1,1,False,False,False
REG.TYPE = STR TRUE,reg.type-str-true,esolang,,1,1,False,False,False
regex,regex,pldb,,1,1,False,False,False
RegexPL,regexpl,esolang,,1,1,False,False,False
REGH,regh,esolang,,1,1,False,False,False
Regimin,regimin,esolang,,1,1,False,False,False
regina,regina,pldb,,1,1,False,False,False
Register Automaton,register-automaton,esolang,,1,1,False,False,False
RegRep,regrep,esolang,,1,1,False,False,False
regulus,regulus,pldb,,1,1,False,False,False
REGXY,regxy,esolang,,1,1,False,False,False
reko-decompiler,reko-decompiler,pldb,,1,1,False,False,False
rel,rel,pldb,,1,1,False,False,False
rel-english,rel-english,pldb,,1,1,False,False,False
rel-lang,rel-lang,pldb,,1,1,False,False,False
relational-data-file,relational-data-file,pldb,,1,1,False,False,False
relational-model,relational-model,pldb,,1,1,False,False,False
relational-production-language,relational-production-language,pldb,,1,1,False,False,False
relationlog,relationlog,pldb,,1,1,False,False,False
Relative Subleq,relative-subleq,esolang,,1,1,False,False,False
Relative TOGA,relative-toga,esolang,,1,1,False,False,False
relax,relax,pldb,,1,1,False,False,False
relaxng,relaxng,pldb,,1,1,False,False,False
relfun,relfun,pldb,,1,1,False,False,False
relix,relix,pldb,,1,1,False,False,False
remix,remix,pldb,,1,1,False,False,False
ReMorse,remorse,esolang,,1,1,False,False,False
Remove Line Numbers,remove-line-numbers,esolang,,1,1,False,False,False
Remove n' Check,remove-n-check,esolang,,1,1,False,False,False
ren-notation,ren-notation,pldb,,1,1,False,False,False
Rename,rename,esolang,,1,1,False,False,False
renderman-shading-language,renderman-shading-language,pldb,,1,1,False,False,False
RENE,rene,esolang,,1,1,False,False,False
renpy,renpy,pldb,,1,1,True,False,False
Replacefuck,replacefuck,esolang,,1,1,False,False,False
Replay,replay,esolang,,1,1,False,False,False
report-writer-language,report-writer-language,pldb,,1,1,False,False,False
Reprog,reprog,esolang,,1,1,False,False,False
"'required',",required,pldb,,1,1,False,False,False
Reset,reset,esolang,,1,1,False,False,False
resharper-editor,resharper-editor,pldb,,1,1,False,False,False
REsKrIb!lo,reskrib-lo,esolang,,1,1,False,False,False
Reso,reso,esolang,,1,1,False,False,False
RESOL,resol,esolang,,1,1,False,False,False
ResPlicate,resplicate,esolang,,1,1,False,False,False
Restricted batch,restricted-batch,esolang,,1,1,False,False,False
Restricted chicken,restricted-chicken,esolang,,1,1,False,False,False
retdec,retdec,pldb,,1,1,False,False,False
RETURN,return,esolang,,1,1,False,False,False
Return()zero,return-zero,esolang,,1,1,False,False,False
reuse-description-language,reuse-description-language,pldb,,1,1,False,False,False
Revapp,revapp,esolang,,1,1,False,False,False
Revaver,revaver,esolang,,1,1,False,False,False
Revaver2pi,revaver2pi,esolang,,1,1,False,False,False
REVER,rever,esolang,,1,1,False,False,False
REVERSE,reverse,esolang,,1,1,False,False,False
Reverse Polish Scheme,reverse-polish-scheme,esolang,,1,1,False,False,False
reverse-polish-notation,reverse-polish-notation,pldb,,1,1,False,False,False
Reversed,reversed,esolang,,1,1,False,False,False
ReverseFuck,reversefuck,esolang,,1,1,False,False,False
Reverser,reverser,esolang,,1,1,False,False,False
Reversible Bitfuck,reversible-bitfuck,esolang,,1,1,False,False,False
Reversible Brainfuck,reversible-brainfuck,esolang,,1,1,False,False,False
Reversible programming language,reversible-programming-language,wikipedia,,1,1,False,False,False
Reversible-2D,reversible-2d,esolang,,1,1,False,False,False
revit-app,revit-app,pldb,,1,1,False,False,False
Revolution 9,revolution-9,esolang,,1,1,False,False,False
revolution-programming-language,revolution-programming-language,pldb,,1,1,False,False,False
Revomer,revomer,esolang,,1,1,False,False,False
Rewind,rewind,esolang,,1,1,False,False,False
rexon,rexon,pldb,,1,1,False,False,False
REXS,rexs,esolang,,1,1,False,False,False
rf-maple,rf-maple,pldb,,1,1,False,False,False
rfc,rfc,pldb,,1,1,False,False,False
Rfghjy,rfghjy,esolang,,1,1,False,False,False
Rflct,rflct,esolang,,1,1,False,False,False
RFOL,rfol,esolang,,1,1,False,False,False
rgb-format,rgb-format,pldb,,1,1,False,False,False
RGB4D,rgb4d,esolang,,1,1,False,False,False
∞^∞ RGB8 panel,rgb8-panel,esolang,,1,1,False,False,False
Rgbl,rgbl,esolang,,1,1,False,False,False
rhet,rhet,pldb,,1,1,False,False,False
rhine,rhine,pldb,,1,1,False,False,False
Rhoam,rhoam,esolang,,1,1,False,False,False
Rhoam Ultimate,rhoam-ultimate,esolang,,1,1,False,False,False
Rhokell,rhokell,esolang,,1,1,False,False,False
Rhombitrihexagonal,rhombitrihexagonal,esolang,,1,1,False,False,False
rhoscript,rhoscript,pldb,,1,1,False,False,False
Rhotor,rhotor,esolang,,1,1,False,False,False
RHOVL,rhovl,esolang,,1,1,False,False,False
Rhymolang,rhymolang,esolang,,1,1,False,False,False
Ribosome,ribosome,esolang,,1,1,False,False,False
Rich Text Format,rich-text-format,linguist,.rtf,1,1,True,False,False
Rickroll,rickroll,esolang,,1,1,False,False,False
Rickrolling,rickrolling,esolang,,1,1,False,False,False
Ricochet,ricochet,esolang,,1,1,False,False,False
ricscript,ricscript,pldb,,1,1,False,False,False
rider-editor,rider-editor,pldb,,1,1,False,False,False
Ridewith,ridewith,esolang,,1,1,False,False,False
RifL,rifl,esolang,,1,1,False,False,False
RIfP,rifp,esolang,,1,1,False,False,False
rigc,rigc,pldb,,1,1,False,False,False
𝔯𝔦𝔊𝔤𝔈𝔇 𝔩𝔒𝔱𝔗𝔢𝔯𝔜,rigged-lottery,esolang,,1,1,False,False,False
Righght,righght,esolang,,1,1,False,False,False
Right,right,esolang,,1,1,False,False,False
Right bracket,right-bracket,esolang,,1,1,False,False,False
RiLOLCODE,rilolcode,esolang,,1,1,False,False,False
Ring-around-the-Rosie,ring-around-the-rosie,esolang,,1,1,False,False,False
RingCode,ringcode,esolang,,1,1,False,False,False
Rings,rings,esolang,,1,1,False,False,False
Rinuk,rinuk,esolang,,1,1,False,False,False
rio,rio,pldb,,1,1,False,False,False
Riot,riot,linguist,.riot,1,1,True,False,False
ripple,ripple,pldb,,1,1,False,False,False
Ririsu,ririsu,esolang,,1,1,False,False,False
RISBF,risbf,esolang,,1,1,False,False,False
risc-v,risc-v,pldb,,1,1,False,False,False
rise,rise,pldb,,1,1,False,False,False
River,river,esolang,,1,1,False,False,False
Rivulet,rivulet,esolang,,1,1,False,False,False
Rizzlang,rizzlang,esolang,,1,1,False,False,False
RLEflakes,rleflakes,esolang,,1,1,False,False,False
rlmeta,rlmeta,pldb,,1,1,False,False,False
rlox,rlox,pldb,,1,1,False,False,False
RLS,rls,esolang,,1,1,False,False,False
RNA,rna,esolang,,1,1,False,False,False
Rnadom,rnadom,esolang,,1,1,False,False,False
RNDM,rndm,esolang,,1,1,False,False,False
Roadrunner,roadrunner,esolang,,1,1,False,False,False
robic,robic,pldb,,1,1,False,False,False
Robinfish,robinfish,esolang,,1,1,False,False,False
Robol(in),robol-in,esolang,,1,1,False,False,False
Robolang,robolang,esolang,,1,1,False,False,False
ROBOT IS CHILL,robot-is-chill,esolang,,1,1,False,False,False
robot-battle,robot-battle,pldb,,1,1,False,False,False
robotalk,robotalk,pldb,,1,1,False,False,False
Robotic smiley face,robotic-smiley-face,esolang,,1,1,False,False,False
Rock paper scissors,rock-paper-scissors,esolang,,1,1,False,False,False
rocket,rocket,pldb,,1,1,False,False,False
rocksdb,rocksdb,pldb,,1,1,False,False,False
rockstar-rkt,rockstar-rkt,pldb,,1,1,False,False,False
rocky-mountain-basic,rocky-mountain-basic,pldb,,1,1,False,False,False
Roco,roco,esolang,,1,1,False,False,False
Rogex,rogex,esolang,,1,1,False,False,False
Roie,roie,esolang,,1,1,False,False,False
Roko,roko,esolang,,1,1,False,False,False
roku-brightscript,roku-brightscript,pldb,,1,1,False,False,False
rol,rol,pldb,,1,1,False,False,False
rol2,rol2,pldb,,1,1,False,False,False
Rollover,rollover,esolang,,1,1,False,False,False
roman-abacus-machine,roman-abacus-machine,pldb,,1,1,False,False,False
roman-numerals,roman-numerals,pldb,,1,1,False,False,False
`Română,romana,esolang,,1,1,False,False,False
RomanF,romanf,esolang,,1,1,False,False,False
!Romanian,romanian,esolang,,1,1,False,False,False
Rook,rook,esolang,,1,1,False,False,False
Rooms,rooms,esolang,,1,1,False,False,False
root-format,root-format,pldb,,1,1,False,False,False
root-lib,root-lib,pldb,,1,1,False,False,False
Ropy,ropy,esolang,,1,1,False,False,False
ROS Interface,ros-interface,linguist,.action .msg .srv,1,2,False,False,False
ros-msg,ros-msg,pldb,,1,1,False,False,False
Rosa Parks,rosa-parks,esolang,,1,1,False,False,False
Rosetta Code,rosetta-code,wikipedia,,1,1,False,False,False
rosetta-2,rosetta-2,pldb,,1,1,False,False,False
rosetta-smalltalk,rosetta-smalltalk,pldb,,1,1,False,False,False
rosette-lang,rosette-lang,pldb,,1,1,False,False,False
roslyn-compiler,roslyn-compiler,pldb,,1,1,False,False,False
ROT-13,rot-13,esolang,,1,1,False,False,False
ROT13-Ruby,rot13-ruby,esolang,,1,1,False,False,False
Rotary,rotary,esolang,,1,1,False,False,False
Rotator,rotator,esolang,,1,1,False,False,False
ROTfuck,rotfuck,esolang,,1,1,False,False,False
Rotpai,rotpai,esolang,,1,1,False,False,False
Rotten,rotten,esolang,,1,1,False,False,False
Rouedeux,rouedeux,esolang,,1,1,False,False,False
Roulette,roulette,esolang,,1,1,False,False,False
RoundAbout,roundabout,esolang,,1,1,False,False,False
RouterOS Script,routeros-script,linguist,.rsc,1,1,False,False,False
royalscript,royalscript,pldb,,1,1,False,False,False
Rozpach,rozpach,esolang,,1,1,False,False,False
RPC,rpc,linguist,.x,1,4,True,False,False
rpg-ii,rpg-ii,pldb,,1,1,False,False,False
rpg-iii,rpg-iii,pldb,,1,1,False,False,False
rpl-lang,rpl-lang,pldb,,1,1,False,False,False
rpm-package-manager,rpm-package-manager,pldb,,1,1,False,False,False
RPNCalc,rpncalc,esolang,,1,1,False,False,False
RPOS,rpos,esolang,,1,1,False,False,False
rpp,rpp,pldb,,1,1,False,False,False
rpscript,rpscript,pldb,,1,1,False,False,False
Rrreplace,rrreplace,esolang,,1,1,False,False,False
rsharp,rsharp,pldb,,1,1,False,False,False
RSRPL,rsrpl,esolang,,1,1,False,False,False
rss,rss,pldb,,1,1,False,False,False
RSSB,rssb,esolang,,1,1,False,False,False
rstudio,rstudio,pldb,,1,1,False,False,False
rt-aslan,rt-aslan,pldb,,1,1,False,False,False
rt-cdl,rt-cdl,pldb,,1,1,False,False,False
rt-z,rt-z,pldb,,1,1,False,False,False
rtf,rtf,pldb,,1,1,False,False,False
RTFM,rtfm,esolang,,1,1,False,False,False
rtl-2,rtl-2,pldb,,1,1,False,False,False
rtmp,rtmp,pldb,,1,1,False,False,False
rtp-protocol,rtp-protocol,pldb,,1,1,False,False,False
RUBE,rube,esolang,,1,1,False,False,False
Rube Goldberg,rube-goldberg,esolang,,1,1,False,False,False
RubE On Conveyor Belts,rube-on-conveyor-belts,esolang,,1,1,False,False,False
Rubic,rubic,esolang,,1,1,False,False,False
Rubik's Cube,rubik-s-cube,esolang,,1,1,False,False,False
ruby-document-format,ruby-document-format,pldb,,1,1,False,False,False
ruby-mine-editor,ruby-mine-editor,pldb,,1,1,False,False,False
rubygems-pm,rubygems-pm,pldb,,1,1,False,False,False
Ruck,ruck,esolang,,1,1,False,False,False
Ruckfish,ruckfish,esolang,,1,1,False,False,False
Rui,rui,esolang,,1,1,False,False,False
Ruined BASIC,ruined-basic,esolang,,1,1,False,False,False
Rule,rule,esolang,,1,1,False,False,False
RuleLoader,ruleloader,esolang,,1,1,False,False,False
ruleml,ruleml,pldb,,1,1,False,False,False
Rulesystem,rulesystem,esolang,,1,1,False,False,False
RUM,rum,esolang,,1,1,False,False,False
Run On Off,run-on-off,esolang,,1,1,False,False,False
run-basic,run-basic,pldb,,1,1,False,False,False
runcible,runcible,pldb,,1,1,False,False,False
Runespells,runespells,esolang,,1,1,False,False,False
runic,runic,pldb,,1,1,False,False,False
runiq,runiq,pldb,,1,1,False,False,False
RunR,runr,esolang,,1,1,False,False,False
runrev,runrev,pldb,,1,1,False,False,False
ruri,ruri,pldb,,1,1,False,False,False
rust-hir,rust-hir,pldb,,1,1,False,False,False
rust-mir,rust-mir,pldb,,1,1,False,False,False
rustscript,rustscript,pldb,,1,1,False,False,False
ruth,ruth,pldb,,1,1,False,False,False
Rvtl,rvtl,esolang,,1,1,False,False,False
RWLR,rwlr,esolang,,1,1,False,False,False
S*bleq,s-bleq,esolang,,1,1,False,False,False
S l o w,s-l-o-w,esolang,,1,1,False,False,False
S*n,s-n,esolang,,1,1,False,False,False
S (programming language),s-programming-language,wikipedia,,1,1,False,False,False
Ⓢ⒴ₘ𐊂⊙ʟıςı,s-y-m,esolang,,1,1,False,False,False
s-expressions,s-expressions,pldb,,1,1,False,False,False
s-sl,s-sl,pldb,,1,1,False,False,False
s-snobol,s-snobol,pldb,,1,1,False,False,False
S.B.M.F.B,s.b.m.f.b,esolang,,1,1,False,False,False
S.I.L.O.S,s.i.l.o.s,esolang,,1,1,False,False,False
S1LK,s1lk,esolang,,1,1,False,False,False
s3,s3,pldb,,1,1,False,False,False
sa,sa,pldb,,1,1,False,False,False
sa-c-programming-language,sa-c-programming-language,pldb,,1,1,False,False,False
saal,saal,pldb,,1,1,False,False,False
Sabdt,sabdt,esolang,,1,1,False,False,False
sac-1,sac-1,pldb,,1,1,False,False,False
sac-2,sac-2,pldb,,1,1,False,False,False
sac-programming-language,sac-programming-language,pldb,,1,1,False,False,False
Sadako,sadako,esolang,,1,1,False,False,False
SADOL,sadol,esolang,,1,1,False,False,False
safari,safari,pldb,,1,1,False,False,False
SaHuTOrEPoL,sahutorepol,esolang,,1,1,False,False,False
Sailing By,sailing-by,esolang,,1,1,False,False,False
Sakana,sakana,esolang,,1,1,False,False,False
sako,sako,pldb,,1,1,False,False,False
sale,sale,pldb,,1,1,False,False,False
salem,salem,pldb,,1,1,False,False,False
sam-coupe,sam-coupe,pldb,,1,1,False,False,False
sam-format,sam-format,pldb,,1,1,False,False,False
saml,saml,pldb,,1,1,False,False,False
Sammich,sammich,esolang,,1,1,False,False,False
Sammy,sammy,esolang,,1,1,False,False,False
sampletalk,sampletalk,pldb,,1,1,False,False,False
samson,samson,pldb,,1,1,False,False,False
Sandbox/td,sandbox-td,esolang,,1,1,False,False,False
sanddance,sanddance,pldb,,1,1,False,False,False
SanFran,sanfran,esolang,,1,1,False,False,False
Sansism,sansism,esolang,,1,1,False,False,False
SANTA,santa,esolang,,1,1,False,False,False
sap-hana,sap-hana,pldb,,1,1,False,False,False
sapphire,sapphire,pldb,,1,1,False,False,False
SARCASM,sarcasm,esolang,,1,1,False,False,False
sartex,sartex,pldb,,1,1,False,False,False
SARTRE,sartre,esolang,,1,1,False,False,False
Sashleyfuck,sashleyfuck,esolang,,1,1,False,False,False
SASM,sasm,esolang,,1,1,False,False,False
sassy,sassy,pldb,,1,1,False,False,False
sat,sat,pldb,,1,1,False,False,False
Satans Disciples GangLang $,satans-disciples-ganglang,esolang,,1,1,False,False,False
Satarcrimp,satarcrimp,esolang,,1,1,False,False,False
sather-k,sather-k,pldb,,1,1,False,False,False
SATire,satire,esolang,,1,1,False,False,False
Saturnus,saturnus,esolang,,1,1,False,False,False
saustall,saustall,pldb,,1,1,False,False,False
Savage Operator,savage-operator,esolang,,1,1,False,False,False
Say,say,esolang,,1,1,False,False,False
Sayonara,sayonara,esolang,,1,1,False,False,False
Sb,sb,esolang,,1,1,False,False,False
sb-one,sb-one,pldb,,1,1,False,False,False
sba,sba,pldb,,1,1,False,False,False
SBFM,sbfm,esolang,,1,1,False,False,False
SBL,sbl,esolang,,1,1,False,False,False
SBL-X,sbl-x,esolang,,1,1,False,False,False
sbml,sbml,pldb,,1,1,False,False,False
sbol,sbol,pldb,,1,1,False,False,False
SCAB computer,scab-computer,esolang,,1,1,False,False,False
scala-js,scala-js,pldb,,1,1,False,False,False
scale,scale,pldb,,1,1,False,False,False
scalpel,scalpel,pldb,,1,1,False,False,False
scat,scat,pldb,,1,1,False,False,False
sccs,sccs,pldb,,1,1,False,False,False
Sceql,sceql,esolang,,1,1,False,False,False
Schacalic,schacalic,esolang,,1,1,False,False,False
Schaftenstein,schaftenstein,esolang,,1,1,False,False,False
schemal,schemal,pldb,,1,1,False,False,False
schemaorg,schemaorg,pldb,,1,1,False,False,False
scheme-2-d,scheme-2-d,pldb,,1,1,False,False,False
Schmuu,schmuu,esolang,,1,1,False,False,False
Schoenberg,schoenberg,esolang,,1,1,False,False,False
schoonschip,schoonschip,pldb,,1,1,False,False,False
Schrodilang,schrodilang,esolang,,1,1,False,False,False
Schrodinger's fish,schrodinger-s-fish,esolang,,1,1,False,False,False
schrodingers-equation,schrodingers-equation,pldb,,1,1,False,False,False
Schwa,schwa,esolang,,1,1,False,False,False
scieneer-common-lisp,scieneer-common-lisp,pldb,,1,1,False,False,False
Scientific Vector Language,scientific-vector-language,wikipedia,,1,1,False,False,False
scikit-learn,scikit-learn,pldb,,1,1,False,False,False
scil-vp,scil-vp,pldb,,1,1,False,False,False
SCiPL,scipl,esolang,,1,1,False,False,False
scipy,scipy,pldb,,1,1,False,False,False
scl,scl,pldb,,1,1,False,False,False
scoop-pm,scoop-pm,pldb,,1,1,False,False,False
score,score,pldb,,1,1,False,False,False
Scotty,scotty,esolang,,1,1,False,False,False
Scrambled,scrambled,esolang,,1,1,False,False,False
Scratch is dumb,scratch-is-dumb,esolang,,1,1,False,False,False
Scratcholang,scratcholang,esolang,,1,1,False,False,False
scratchpad-ii,scratchpad-ii,pldb,,1,1,False,False,False
SCREAMCODE,screamcode,esolang,,1,1,False,False,False
screamer,screamer,pldb,,1,1,False,False,False
Screw,screw,esolang,,1,1,False,False,False
Screwtape,screwtape,esolang,,1,1,False,False,False
scrimshaw,scrimshaw,pldb,,1,1,False,False,False
Scrip7,scrip7,esolang,,1,1,False,False,False
scriptease,scriptease,pldb,,1,1,False,False,False
ScriptJava,scriptjava,esolang,,1,1,False,False,False
scriptx,scriptx,pldb,,1,1,False,False,False
scroll-lang,scroll-lang,pldb,,1,1,False,False,False
Scrum,scrum,esolang,,1,1,False,False,False
scryer,scryer,pldb,,1,1,False,False,False
Sculptlang,sculptlang,esolang,,1,1,False,False,False
Sd,sd,esolang,,1,1,False,False,False
Sdac2,sdac2,esolang,,1,1,False,False,False
SDAPL,sdapl,esolang,,1,1,False,False,False
sdf-format,sdf-format,pldb,,1,1,False,False,False
sdlang,sdlang,pldb,,1,1,False,False,False
sdlbasic,sdlbasic,pldb,,1,1,False,False,False
sdms,sdms,pldb,,1,1,False,False,False
SdofgOS Deleter,sdofgos-deleter,esolang,,1,1,False,False,False
SDOTOS,sdotos,esolang,,1,1,False,False,False
Sdrawkcab,sdrawkcab,esolang,,1,1,False,False,False
sdtm,sdtm,pldb,,1,1,False,False,False
SE,se,esolang,,1,1,False,False,False
SE calculus,se-calculus,esolang,,1,1,False,False,False
Sea,sea,esolang,,1,1,False,False,False
Seabass,seabass,esolang,,1,1,False,False,False
search,search,pldb,,1,1,False,False,False
Searchfuck,searchfuck,esolang,,1,1,False,False,False
Seas,seas,esolang,,1,1,False,False,False
SECIAEQBNJMPDIFZR,seciaeqbnjmpdifzr,esolang,,1,1,False,False,False
Seclusion,seclusion,esolang,,1,1,False,False,False
Secretary,secretary,esolang,,1,1,False,False,False
sectorc,sectorc,pldb,,1,1,False,False,False
secure-operations-language,secure-operations-language,pldb,,1,1,False,False,False
"Seed 1,2,...,n",seed-1-2-...-n,esolang,,1,1,False,False,False
SeedFuck,seedfuck,esolang,,1,1,False,False,False
SeedFuck Improved,seedfuck-improved,esolang,,1,1,False,False,False
Seeker,seeker,esolang,,1,1,False,False,False
SeeLlash,seellash,esolang,,1,1,False,False,False
Segfuck,segfuck,esolang,,1,1,False,False,False
Segment,segment,esolang,,1,1,False,False,False
Segmentation Fault,segmentation-fault,esolang,,1,1,False,False,False
segras,segras,pldb,,1,1,False,False,False
seif,seif,pldb,,1,1,False,False,False
SELECT.,select.,esolang,,1,1,False,False,False
Selector,selector,esolang,,1,1,False,False,False
SELENE.,selene.,esolang,,1,1,False,False,False
Self 2,self-2,esolang,,1,1,False,False,False
Self but with loops,self-but-with-loops,esolang,,1,1,False,False,False
Self%ify,self-ify,esolang,,1,1,False,False,False
Self (programming language),self-programming-language,wikipedia,,1,1,True,False,False
Self-modifying Brainfuck,self-modifying-brainfuck,esolang,,1,1,False,False,False
Self-modifying Brainfuck Sharp,self-modifying-brainfuck-sharp,esolang,,1,1,False,False,False
Self-modifying BrianPh*ck,self-modifying-brianph-ck,esolang,,1,1,False,False,False
Self-modifying esolang,self-modifying-esolang,esolang,,1,1,False,False,False
Self-modifying Puzzlang,self-modifying-puzzlang,esolang,,1,1,False,False,False
Self-modifying Turing machine,self-modifying-turing-machine,esolang,,1,1,False,False,False
Self-Recursive Brainfuck,self-recursive-brainfuck,esolang,,1,1,False,False,False
Self-replicating marbles,self-replicating-marbles,esolang,,1,1,False,False,False
Selfermodif,selfermodif,esolang,,1,1,False,False,False
Selfie,selfie,esolang,,1,1,False,False,False
SELinux Policy,selinux-policy,linguist,.te,1,3,False,False,False
Selmotic,selmotic,esolang,,1,1,False,False,False
Selt,selt,esolang,,1,1,False,False,False
Semafor,semafor,esolang,,1,1,False,False,False
semanol,semanol,pldb,,1,1,False,False,False
Semantic Brain,semantic-brain,esolang,,1,1,False,False,False
Sembly,sembly,esolang,,1,1,False,False,False
Semi-quantum,semi-quantum,esolang,,1,1,False,False,False
semi-thue-system,semi-thue-system,pldb,,1,1,False,False,False
SemicolonHash,semicolonhash,esolang,,1,1,False,False,False
Semiconkéfalos,semiconkefalos,esolang,,1,1,False,False,False
SemiScript,semiscript,esolang,,1,1,False,False,False
Semistack,semistack,esolang,,1,1,False,False,False
SeMo-PATH,semo-path,esolang,,1,1,False,False,False
Semordnilap,semordnilap,esolang,,1,1,False,False,False
Semper dissolubilis,semper-dissolubilis,esolang,,1,1,False,False,False
Semqain,semqain,esolang,,1,1,False,False,False
semver,semver,pldb,,1,1,False,False,False
send-standard,send-standard,pldb,,1,1,False,False,False
SendStuff,sendstuff,esolang,,1,1,False,False,False
Senn,senn,esolang,,1,1,False,False,False
Senpai,senpai,esolang,,1,1,False,False,False
Sentence construction,sentence-construction,esolang,,1,1,False,False,False
sentient,sentient,pldb,,1,1,False,False,False
Seoul,seoul,esolang,,1,1,False,False,False
seph-programming-language,seph-programming-language,pldb,,1,1,False,False,False
sepi,sepi,pldb,,1,1,False,False,False
SEPL,sepl,esolang,,1,1,False,False,False
Septem Lingua,septem-lingua,esolang,,1,1,False,False,False
seque,seque,pldb,,1,1,False,False,False
sequel-2,sequel-2,pldb,,1,1,False,False,False
SequenceScript,sequencescript,esolang,,1,1,False,False,False
sequential-function-chart,sequential-function-chart,pldb,,1,1,False,False,False
sequential-pascal,sequential-pascal,pldb,,1,1,False,False,False
Ser2,ser2,esolang,,1,1,False,False,False
Serenity,serenity,esolang,,1,1,False,False,False
Seribund,seribund,esolang,,1,1,False,False,False
serious,serious,pldb,,1,1,False,False,False
service-modeling-language,service-modeling-language,pldb,,1,1,False,False,False
Sesos,sesos,esolang,,1,1,False,False,False
sespath,sespath,pldb,,1,1,False,False,False
Set,set,esolang,,1,1,False,False,False
set-builder-notation,set-builder-notation,pldb,,1,1,False,False,False
SETANDCOUNT,setandcount,esolang,,1,1,False,False,False
SetBang,setbang,esolang,,1,1,False,False,False
setext,setext,pldb,,1,1,False,False,False
SetGoto,setgoto,esolang,,1,1,False,False,False
Setlang++,setlang-plus-plus,esolang,,1,1,False,False,False
SeTler,setler,esolang,,1,1,False,False,False
Setler v1,setler-v1,esolang,,1,1,False,False,False
setlog,setlog,pldb,,1,1,False,False,False
seval,seval,pldb,,1,1,False,False,False
Sey,sey,esolang,,1,1,False,False,False
seymour,seymour,pldb,,1,1,False,False,False
SF Code,sf-code,esolang,,1,1,False,False,False
SFIN,sfin,esolang,,1,1,False,False,False
SGCC,sgcc,esolang,,1,1,False,False,False
SGMJQFuck,sgmjqfuck,esolang,,1,1,False,False,False
sha-1-hash-function,sha-1-hash-function,pldb,,1,1,False,False,False
sha-2-hash-function,sha-2-hash-function,pldb,,1,1,False,False,False
sha-3-hash-function,sha-3-hash-function,pldb,,1,1,False,False,False
SHAat,shaat,esolang,,1,1,False,False,False
shadama,shadama,pldb,,1,1,False,False,False
shade,shade,pldb,,1,1,False,False,False
Shader state,shader-state,esolang,,1,1,False,False,False
shadow,shadow,pldb,,1,1,False,False,False
ShadyAsFuck,shadyasfuck,esolang,,1,1,False,False,False
ShaFuck,shafuck,esolang,,1,1,False,False,False
Shakell,shakell,esolang,,1,1,False,False,False
sham,sham,pldb,,1,1,False,False,False
Shameful,shameful,esolang,,1,1,False,False,False
shapefile,shapefile,pldb,,1,1,False,False,False
Shapes,shapes,esolang,,1,1,False,False,False
shapeup,shapeup,pldb,,1,1,False,False,False
shared-prolog,shared-prolog,pldb,,1,1,False,False,False
Shark,shark,esolang,,1,1,False,False,False
Sharp,sharp,esolang,,1,1,False,False,False
Sharp flat,sharp-flat,esolang,,1,1,False,False,False
sharpscript,sharpscript,pldb,,1,1,False,False,False
sheep-lang,sheep-lang,pldb,,1,1,False,False,False
ShellCheck Config,shellcheck-config,linguist,,1,2,False,False,False
Shelta,shelta,esolang,,1,1,False,False,False
shift,shift,pldb,,1,1,False,False,False
Shifted brainfuck,shifted-brainfuck,esolang,,1,1,False,False,False
ShiftEso,shifteso,esolang,,1,1,False,False,False
Shifty,shifty,esolang,,1,1,False,False,False
shill,shill,pldb,,1,1,False,False,False
Shinda Sakana,shinda-sakana,esolang,,1,1,False,False,False
Shishkirism,shishkirism,esolang,,1,1,False,False,False
ShitLang,shitlang,esolang,,1,1,False,False,False
SHITS,shits,esolang,,1,1,False,False,False
shiv,shiv,pldb,,1,1,False,False,False
shml,shml,pldb,,1,1,False,False,False
Shockwave flash,shockwave-flash,esolang,,1,1,False,False,False
Shoelips,shoelips,esolang,,1,1,False,False,False
Shoopuf,shoopuf,esolang,,1,1,False,False,False
short-code-computer-language,short-code-computer-language,pldb,,1,1,False,False,False
Shorter code Burn,shorter-code-burn,esolang,,1,1,False,False,False
ShortO,shorto,esolang,,1,1,False,False,False
Shortstack,shortstack,esolang,,1,1,False,False,False
Shove,shove,esolang,,1,1,False,False,False
shrdlu,shrdlu,pldb,,1,1,False,False,False
Shrekcode,shrekcode,esolang,,1,1,False,False,False
Shrimp Man,shrimp-man,pldb,,1,1,False,False,False
SHRUB,shrub,esolang,,1,1,False,False,False
shrubbery,shrubbery,pldb,,1,1,False,False,False
Shuffle,shuffle,esolang,,1,1,False,False,False
Shut up,shut-up,esolang,,1,1,False,False,False
si,si,pldb,,1,1,False,False,False
si-library,si-library,pldb,,1,1,False,False,False
sia,sia,pldb,,1,1,False,False,False
SiacB,siacb,esolang,,1,1,False,False,False
(SIASL)²,siasl-2,esolang,,1,1,False,False,False
sibelius-software,sibelius-software,pldb,,1,1,False,False,False
SIC-1 Assembly Language,sic-1-assembly-language,esolang,,1,1,False,False,False
SICKBAY,sickbay,esolang,,1,1,False,False,False
Sickfrog,sickfrog,esolang,,1,1,False,False,False
SickPig,sickpig,esolang,,1,1,False,False,False
SICO,sico,esolang,,1,1,False,False,False
SideStacks,sidestacks,esolang,,1,1,False,False,False
Sidex,sidex,esolang,,1,1,False,False,False
sidopsp,sidopsp,pldb,,1,1,False,False,False
sierra,sierra,pldb,,1,1,False,False,False
sif,sif,pldb,,1,1,False,False,False
SIG,sig,esolang,,1,1,False,False,False
Sigil,sigil,esolang,,1,1,False,False,False
sigma-76,sigma-76,pldb,,1,1,False,False,False
Sign,sign,esolang,,1,1,False,False,False
Signals,signals,esolang,,1,1,False,False,False
Signle,signle,esolang,,1,1,False,False,False
Sigq,sigq,esolang,,1,1,False,False,False
Silberjoder,silberjoder,esolang,,1,1,False,False,False
silk,silk,pldb,,1,1,False,False,False
sill,sill,pldb,,1,1,False,False,False
SillyCon,sillycon,esolang,,1,1,False,False,False
siman-iv,siman-iv,pldb,,1,1,False,False,False
simcal,simcal,pldb,,1,1,False,False,False
simcode,simcode,pldb,,1,1,False,False,False
simdis,simdis,pldb,,1,1,False,False,False
simfactory,simfactory,pldb,,1,1,False,False,False
simkin-programming-language,simkin-programming-language,pldb,,1,1,False,False,False
siml-i,siml-i,pldb,,1,1,False,False,False
simnet,simnet,pldb,,1,1,False,False,False
simodula,simodula,pldb,,1,1,False,False,False
Simon says brainfuck,simon-says-brainfuck,esolang,,1,1,False,False,False
simons-basic,simons-basic,pldb,,1,1,False,False,False
simpas,simpas,pldb,,1,1,False,False,False
SimpIe progranning language,simpie-progranning-language,esolang,,1,1,False,False,False
Simplack,simplack,esolang,,1,1,False,False,False
Simple File Verification,simple-file-verification,linguist,.sfv,1,2,False,False,False
Simple logic,simple-logic,esolang,,1,1,False,False,False
SIMPLE (preprocessor),simple-preprocessor,esolang,,1,1,False,False,False
SIMPLE (the other one),simple-the-other-one,esolang,,1,1,False,False,False
simple-binary-encoding,simple-binary-encoding,pldb,,1,1,False,False,False
simple-stackless-lisp,simple-stackless-lisp,pldb,,1,1,False,False,False
SimpleBBQ,simplebbq,esolang,,1,1,False,False,False
SimpleCalc,simplecalc,esolang,,1,1,False,False,False
Simplefunge,simplefunge,esolang,,1,1,False,False,False
Simpler Subskin,simpler-subskin,esolang,,1,1,False,False,False
simplictiy,simplictiy,pldb,,1,1,False,False,False
Simplier,simplier,esolang,,1,1,False,False,False
Simplified Circuit Diagram,simplified-circuit-diagram,esolang,,1,1,False,False,False
Simplified Emmental,simplified-emmental,esolang,,1,1,False,False,False
Simplify,simplify,esolang,,1,1,False,False,False
SimpliVode,simplivode,esolang,,1,1,False,False,False
simpp,simpp,pldb,,1,1,False,False,False
SimPPLe,simpple,esolang,,1,1,False,False,False
simul,simul,pldb,,1,1,False,False,False
simula-67,simula-67,pldb,,1,1,False,False,False
sina,sina,pldb,,1,1,False,False,False
sinclair-basic,sinclair-basic,pldb,,1,1,False,False,False
sing-sharp,sing-sharp,pldb,,1,1,False,False,False
Single Four,single-four,esolang,,1,1,False,False,False
Sipes,sipes,esolang,,1,1,False,False,False
siphash-hash-function,siphash-hash-function,pldb,,1,1,False,False,False
siprol,siprol,pldb,,1,1,False,False,False
Sir. Cut,sir.-cut,esolang,,1,1,False,False,False
Sirc,sirc,esolang,,1,1,False,False,False
siri,siri,pldb,,1,1,False,False,False
Sitelen ilo,sitelen-ilo,esolang,,1,1,False,False,False
sitemap,sitemap,pldb,,1,1,False,False,False
Siterip,siterip,esolang,,1,1,False,False,False
Six instruction language :),six-instruction-language,esolang,,1,1,False,False,False
Sixtyfeetunderassembly,sixtyfeetunderassembly,esolang,,1,1,False,False,False
Sixtyfeetunderassembly+,sixtyfeetunderassembly+,esolang,,1,1,False,False,False
Siyu,siyu,esolang,,1,1,False,False,False
sizzle,sizzle,pldb,,1,1,False,False,False
sk8,sk8,pldb,,1,1,False,False,False
Skastic,skastic,esolang,,1,1,False,False,False
sketchpad,sketchpad,pldb,,1,1,False,False,False
sketchpad-iii,sketchpad-iii,pldb,,1,1,False,False,False
Skibidi Toilet,skibidi-toilet,esolang,,1,1,False,False,False
SkibLang,skiblang,esolang,,1,1,False,False,False
Skiforth,skiforth,esolang,,1,1,False,False,False
skil,skil,pldb,,1,1,False,False,False
Skim machine,skim-machine,esolang,,1,1,False,False,False
Skinny pig,skinny-pig,esolang,,1,1,False,False,False
SKM Calculus,skm-calculus,esolang,,1,1,False,False,False
SKNPR Calculus,sknpr-calculus,esolang,,1,1,False,False,False
Skound,skound,esolang,,1,1,False,False,False
SKR,skr,esolang,,1,1,False,False,False
Skript+,skript+,esolang,,1,1,False,False,False
Skull+,skull+,esolang,,1,1,False,False,False
skulpt,skulpt,pldb,,1,1,False,False,False
sky,sky,pldb,,1,1,False,False,False
sl,sl,pldb,,1,1,False,False,False
slab,slab,pldb,,1,1,False,False,False
slack,slack,pldb,,1,1,False,False,False
slam-ii,slam-ii,pldb,,1,1,False,False,False
Slander,slander,esolang,,1,1,False,False,False
slashdown,slashdown,pldb,,1,1,False,False,False
Slashist,slashist,esolang,,1,1,False,False,False
slashlang,slashlang,pldb,,1,1,False,False,False
Sleep.,sleep.,esolang,,1,1,False,False,False
SLet 1,slet-1,esolang,,1,1,False,False,False
SLet 2,slet-2,esolang,,1,1,False,False,False
SLet 3,slet-3,esolang,,1,1,False,False,False
SLet 4,slet-4,esolang,,1,1,False,False,False
SletScript,sletscript,esolang,,1,1,False,False,False
slick,slick,pldb,,1,1,False,False,False
Slidd,slidd,esolang,,1,1,False,False,False
Slide,slide,esolang,,1,1,False,False,False
slideshow,slideshow,pldb,,1,1,False,False,False
slim-framework,slim-framework,pldb,,1,1,False,False,False
slim-pl,slim-pl,pldb,,1,1,False,False,False
Slindow,slindow,esolang,,1,1,False,False,False
Slingshot,slingshot,esolang,,1,1,False,False,False
Slink,slink,esolang,,1,1,False,False,False
SLIP (programming language),slip-programming-language,wikipedia,,1,1,False,False,False
slips,slips,pldb,,1,1,False,False,False
Slistp,slistp,esolang,,1,1,False,False,False
SLOBOL,slobol,esolang,,1,1,False,False,False
SLOBOL (2005 language),slobol-2005-language,esolang,,1,1,False,False,False
SLOBOL (2015 language),slobol-2015-language,esolang,,1,1,False,False,False
slog,slog,pldb,,1,1,False,False,False
slony,slony,pldb,,1,1,False,False,False
Sloop,sloop,esolang,,1,1,False,False,False
Sloopy,sloopy,esolang,,1,1,False,False,False
SLOS,slos,esolang,,1,1,False,False,False
Slot,slot,esolang,,1,1,False,False,False
Slot-Machine,slot-machine,esolang,,1,1,False,False,False
SLOW ACV MAMMALIAN,slow-acv-mammalian,esolang,,1,1,False,False,False
slpl,slpl,pldb,,1,1,False,False,False
Slug,slug,esolang,,1,1,False,False,False
Smalc,smalc,esolang,,1,1,False,False,False
smalgol,smalgol,pldb,,1,1,False,False,False
Small s.c.r.i.p.t.,small-s.c.r.i.p.t.,esolang,,1,1,False,False,False
Small SNUSP,small-snusp,esolang,,1,1,False,False,False
small-euclid,small-euclid,pldb,,1,1,False,False,False
small-x,small-x,pldb,,1,1,False,False,False
Smaller,smaller,esolang,,1,1,False,False,False
Smallfuck,smallfuck,esolang,,1,1,False,False,False
Smalllang,smalllang,esolang,,1,1,False,False,False
smalltalk-mt,smalltalk-mt,pldb,,1,1,False,False,False
smalltalk-v,smalltalk-v,pldb,,1,1,False,False,False
smalltalk-yx,smalltalk-yx,pldb,,1,1,False,False,False
smalltalkhub-pm,smalltalkhub-pm,pldb,,1,1,False,False,False
Smalltix,smalltix,esolang,,1,1,False,False,False
smallvdm,smallvdm,pldb,,1,1,False,False,False
smart,smart,pldb,,1,1,False,False,False
Smart Pascal,smart-pascal,wikipedia,,1,1,False,False,False
Smartboxes,smartboxes,esolang,,1,1,False,False,False
smartgameformat,smartgameformat,pldb,,1,1,False,False,False
smarts,smarts,pldb,,1,1,False,False,False
smartsheet-app,smartsheet-app,pldb,,1,1,False,False,False
Smasnug 🕳️ABrainFIsHCHIHqFRSI9efuck+-~B2D,smasnug-abrainfishchihqfrsi9efuck+--b2d,esolang,,1,1,False,False,False
SMATIMU,smatimu,esolang,,1,1,False,False,False
SMATINY,smatiny,esolang,,1,1,False,False,False
smc,smc,pldb,,1,1,False,False,False
smdl,smdl,pldb,,1,1,False,False,False
Smejl.txt,smejl.txt,esolang,,1,1,False,False,False
Smellcode,smellcode,esolang,,1,1,False,False,False
SMETANA,smetana,esolang,,1,1,False,False,False
SMETANA To Infinity!,smetana-to-infinity,esolang,,1,1,False,False,False
SMG4: Mario Gets His PINGAS Stuck In The Door,smg4-mario-gets-his-pingas-stuck-in-the-door,esolang,,1,1,False,False,False
Smilefuck,smilefuck,esolang,,1,1,False,False,False
smiles-format,smiles-format,pldb,,1,1,False,False,False
Smileyface,smileyface,esolang,,1,1,False,False,False
SMITH,smith,esolang,,1,1,False,False,False
SMITH sharp,smith-sharp,esolang,,1,1,False,False,False
SMITHb,smithb,esolang,,1,1,False,False,False
smoke,smoke,pldb,,1,1,False,False,False
smolcs,smolcs,pldb,,1,1,False,False,False
Smolder,smolder,esolang,,1,1,False,False,False
Smooth transition to a second term,smooth-transition-to-a-second-term,esolang,,1,1,False,False,False
Smoothbrain,smoothbrain,esolang,,1,1,False,False,False
Smotslang,smotslang,esolang,,1,1,False,False,False
smsl,smsl,pldb,,1,1,False,False,False
smtp,smtp,pldb,,1,1,False,False,False
Smu,smu,esolang,,1,1,False,False,False
Smurf,smurf,esolang,,1,1,False,False,False
smx-computer-language,smx-computer-language,pldb,,1,1,False,False,False
Snack,snack,esolang,,1,1,False,False,False
Snack+,snack+,esolang,,1,1,False,False,False
Snackfish,snackfish,esolang,,1,1,False,False,False
SnailTrail,snailtrail,esolang,,1,1,False,False,False
Snak,snak,esolang,,1,1,False,False,False
Snake Script,snake-script,esolang,,1,1,False,False,False
Snake Shit,snake-shit,esolang,,1,1,False,False,False
Snakel,snakel,esolang,,1,1,False,False,False
snaptag,snaptag,pldb,,1,1,False,False,False
sneps,sneps,pldb,,1,1,False,False,False
Snigl,snigl,esolang,,1,1,False,False,False
snit,snit,pldb,,1,1,False,False,False
snobat,snobat,pldb,,1,1,False,False,False
snoop,snoop,pldb,,1,1,False,False,False
snostorm,snostorm,pldb,,1,1,False,False,False
snowball-programming-language,snowball-programming-language,pldb,,1,1,False,False,False
Snowflake,snowflake,esolang,,1,1,False,False,False
Snowflake (Orisphera's edition),snowflake-orisphera-s-edition,esolang,,1,1,False,False,False
snowman-decompiler,snowman-decompiler,pldb,,1,1,False,False,False
snql,snql,pldb,,1,1,False,False,False
Snub,snub,esolang,,1,1,False,False,False
So is your face.,so-is-your-face.,esolang,,1,1,False,False,False
So simple dollar,so-simple-dollar,esolang,,1,1,False,False,False
Soallang,soallang,esolang,,1,1,False,False,False
soaplang,soaplang,pldb,,1,1,False,False,False
soar-ml,soar-ml,pldb,,1,1,False,False,False
social-networks-query-language,social-networks-query-language,pldb,,1,1,False,False,False
SockZ,sockz,esolang,,1,1,False,False,False
Soh supplementary private use area-b u+10fffe,soh-supplementary-private-use-area-b-u+10fffe,esolang,,1,1,False,False,False
Sokolang,sokolang,esolang,,1,1,False,False,False
solana,solana,pldb,,1,1,False,False,False
solaris,solaris,pldb,,1,1,False,False,False
solaris-pm,solaris-pm,pldb,,1,1,False,False,False
Solbofuck,solbofuck,esolang,,1,1,False,False,False
SolboScript,solboscript,esolang,,1,1,False,False,False
solid,solid,pldb,,1,1,False,False,False
solid-network,solid-network,pldb,,1,1,False,False,False
Sollux,sollux,esolang,,1,1,False,False,False
solmar,solmar,pldb,,1,1,False,False,False
Solo,solo,esolang,,1,1,False,False,False
Something,something,esolang,,1,1,False,False,False
Something?Oops!,something-oops,esolang,,1,1,False,False,False
Something positive,something-positive,esolang,,1,1,False,False,False
Somnypna,somnypna,esolang,,1,1,False,False,False
son,son,pldb,,1,1,False,False,False
Son of a BitCh,son-of-a-bitch,esolang,,1,1,False,False,False
SON-OF-UNBABTIZED,son-of-unbabtized,esolang,,1,1,False,False,False
Sona,sona,esolang,,1,1,False,False,False
Sonata,sonata,esolang,,1,1,False,False,False
Sonjalang,sonjalang,esolang,,1,1,False,False,False
soql-lang,soql-lang,pldb,,1,1,False,False,False
sora,sora,pldb,,1,1,False,False,False
sorca,sorca,pldb,,1,1,False,False,False
Sorry,sorry,esolang,,1,1,False,False,False
"Sorry, Marvin!",sorry-marvin,esolang,,1,1,False,False,False
Sorry the image you are looking for is copyrighted lol,sorry-the-image-you-are-looking-for-is-copyrighted-lol,esolang,,1,1,False,False,False
sort-merge-generator,sort-merge-generator,pldb,,1,1,False,False,False
SORTA,sorta,esolang,,1,1,False,False,False
Sorted!,sorted,esolang,,1,1,False,False,False
Sortle,sortle,esolang,,1,1,False,False,False
SOS,sos,esolang,,1,1,False,False,False
sosl,sosl,pldb,,1,1,False,False,False
SoT,sot,esolang,,1,1,False,False,False
soulver,soulver,pldb,,1,1,False,False,False
Sound,sound,esolang,,1,1,False,False,False
souper,souper,pldb,,1,1,False,False,False
Source (programming language),source-programming-language,wikipedia,,1,1,False,False,False
sourcelair-editor,sourcelair-editor,pldb,,1,1,False,False,False
sourcetree,sourcetree,pldb,,1,1,False,False,False
southampton-basic-system,southampton-basic-system,pldb,,1,1,False,False,False
Soviet Script,soviet-script,esolang,,1,1,False,False,False
SovietCode,sovietcode,esolang,,1,1,False,False,False
sox,sox,pldb,,1,1,False,False,False
soy,soy,pldb,,1,1,False,False,False
sp-k,sp-k,pldb,,1,1,False,False,False
space,space,pldb,,1,1,False,False,False
Spacebar,spacebar,esolang,,1,1,False,False,False
Spaced,spaced,esolang,,1,1,False,False,False
Spaces and tabs,spaces-and-tabs,esolang,,1,1,False,False,False
Spaghetti,spaghetti,esolang,,1,1,False,False,False
SpaghettiScript,spaghettiscript,esolang,,1,1,False,False,False
Spain without the S,spain-without-the-s,esolang,,1,1,False,False,False
Spam,spam,esolang,,1,1,False,False,False
SPARCs Fly,sparcs-fly,esolang,,1,1,False,False,False
Spare Change,spare-change,esolang,,1,1,False,False,False
spark-pl,spark-pl,pldb,,1,1,False,False,False
spark-pm,spark-pm,pldb,,1,1,False,False,False
sparqcode,sparqcode,pldb,,1,1,False,False,False
spatial,spatial,pldb,,1,1,False,False,False
spec-sharp,spec-sharp,pldb,,1,1,False,False,False
Special Directories,special-directories,pldb,,1,1,False,False,False
specl,specl,pldb,,1,1,False,False,False
specol,specol,pldb,,1,1,False,False,False
specrtl,specrtl,pldb,,1,1,False,False,False
Spectr,spectr,esolang,,1,1,False,False,False
SpeechProg,speechprog,esolang,,1,1,False,False,False
Speedrun,speedrun,esolang,,1,1,False,False,False
SpeedScript,speedscript,esolang,,1,1,False,False,False
SpellCast,spellcast,esolang,,1,1,False,False,False
Spellcaster,spellcaster,esolang,,1,1,False,False,False
spf-standard,spf-standard,pldb,,1,1,False,False,False
spice-lisp,spice-lisp,pldb,,1,1,False,False,False
spider,spider,pldb,,1,1,False,False,False
Spider Giant,spider-giant,esolang,,1,1,False,False,False
spidermonkey,spidermonkey,pldb,,1,1,False,False,False
spill,spill,pldb,,1,1,False,False,False
Spin4,spin4,esolang,,1,1,False,False,False
SpinGate,spingate,esolang,,1,1,False,False,False
spip,spip,pldb,,1,1,False,False,False
spir,spir,pldb,,1,1,False,False,False
Spiral Rise,spiral-rise,esolang,,1,1,False,False,False
Spite,spite,esolang,,1,1,False,False,False
Splang,splang,esolang,,1,1,False,False,False
splaw,splaw,pldb,,1,1,False,False,False
Splaytime,splaytime,esolang,,1,1,False,False,False
Spleenmap,spleenmap,esolang,,1,1,False,False,False
SPLEMIT21,splemit21,esolang,,1,1,False,False,False
Splinter,splinter,esolang,,1,1,False,False,False
Split,split,esolang,,1,1,False,False,False
SplitFuck,splitfuck,esolang,,1,1,False,False,False
Splitreverse,splitreverse,esolang,,1,1,False,False,False
Splits,splits,esolang,,1,1,False,False,False
Sploosh,sploosh,esolang,,1,1,False,False,False
SPoCE,spoce,esolang,,1,1,False,False,False
Spoiler:,spoiler,esolang,,1,1,False,False,False
SpoilerFuck,spoilerfuck,esolang,,1,1,False,False,False
Spore,spore,esolang,,1,1,False,False,False
SPREADSHEET,spreadsheet,esolang,,1,1,False,False,False
sprint,sprint,pldb,,1,1,False,False,False
sprite-os,sprite-os,pldb,,1,1,False,False,False
Sprupine,sprupine,esolang,,1,1,False,False,False
spyder-editor,spyder-editor,pldb,,1,1,False,False,False
Spyrodecimal,spyrodecimal,esolang,,1,1,False,False,False
spz,spz,pldb,,1,1,False,False,False
SQ,sq,esolang,,1,1,False,False,False
SQD,sqd,esolang,,1,1,False,False,False
sqhtml,sqhtml,pldb,,1,1,False,False,False
sql-92,sql-92,pldb,,1,1,False,False,False
sql-psm,sql-psm,pldb,,1,1,False,False,False
sqlalchemy,sqlalchemy,pldb,,1,1,False,False,False
sqlar-format,sqlar-format,pldb,,1,1,False,False,False
sqlite,sqlite,pldb,,1,1,False,False,False
sqlite-storage-format,sqlite-storage-format,pldb,,1,1,False,False,False
sqlmp,sqlmp,pldb,,1,1,False,False,False
sqrl,sqrl,pldb,,1,1,False,False,False
SQRT,sqrt,esolang,,1,1,False,False,False
Sqrt(x),sqrt-x,esolang,,1,1,False,False,False
square,square,pldb,,1,1,False,False,False
Squarebrain,squarebrain,esolang,,1,1,False,False,False
Squarelang,squarelang,esolang,,1,1,False,False,False
Squi~~le,squi-le,esolang,,1,1,False,False,False
Squick,squick,esolang,,1,1,False,False,False
SquidScript,squidscript,esolang,,1,1,False,False,False
squire,squire,pldb,,1,1,False,False,False
Squirrel (programming language),squirrel-programming-language,wikipedia,,1,1,True,False,False
Squishy2K,squishy2k,esolang,,1,1,False,False,False
squoze,squoze,pldb,,1,1,False,False,False
squrl,squrl,pldb,,1,1,False,False,False
sr-programming-language,sr-programming-language,pldb,,1,1,False,False,False
Sreg,sreg,esolang,,1,1,False,False,False
Srinivasa,srinivasa,esolang,,1,1,False,False,False
srl,srl,pldb,,1,1,False,False,False
SRL++,srl-plus-plus,esolang,,1,1,False,False,False
SRlang,srlang,esolang,,1,1,False,False,False
srt,srt,pldb,,1,1,False,False,False
srv,srv,pldb,,1,1,False,False,False
ssb,ssb,pldb,,1,1,False,False,False
ssc-pm,ssc-pm,pldb,,1,1,False,False,False
SSH Config,ssh-config,linguist,,1,5,True,False,False
ssharp,ssharp,pldb,,1,1,False,False,False
ssl,ssl,pldb,,1,1,False,False,False
ssl-lang,ssl-lang,pldb,,1,1,False,False,False
SSREPL,ssrepl,esolang,,1,1,False,False,False
SStack,sstack,esolang,,1,1,False,False,False
Stable,stable,esolang,,1,1,False,False,False
Stack based,stack-based,esolang,,1,1,False,False,False
Stack Cats,stack-cats,esolang,,1,1,False,False,False
Stack Up,stack-up,esolang,,1,1,False,False,False
Stack-based+,stack-based+,esolang,,1,1,False,False,False
Stack-gpt,stack-gpt,esolang,,1,1,False,False,False
StackBBQ,stackbbq,esolang,,1,1,False,False,False
StackBeat,stackbeat,esolang,,1,1,False,False,False
StackBit,stackbit,esolang,,1,1,False,False,False
StackCell,stackcell,esolang,,1,1,False,False,False
Stacked Brainfuck,stacked-brainfuck,esolang,,1,1,False,False,False
StackedDeck,stackeddeck,esolang,,1,1,False,False,False
StackFlow,stackflow,esolang,,1,1,False,False,False
Stackfuck,stackfuck,esolang,,1,1,False,False,False
STACKIE,stackie,esolang,,1,1,False,False,False
Stacking,stacking,esolang,,1,1,False,False,False
Stackint,stackint,esolang,,1,1,False,False,False
Stackish,stackish,esolang,,1,1,False,False,False
stackless-python,stackless-python,pldb,,1,1,False,False,False
StackMachine,stackmachine,esolang,,1,1,False,False,False
Stackmill,stackmill,esolang,,1,1,False,False,False
STACKOMP,stackomp,esolang,,1,1,False,False,False
Stackowey,stackowey,esolang,,1,1,False,False,False
Stackowey/Stackowasm,stackowey-stackowasm,esolang,,1,1,False,False,False
StackPoint,stackpoint,esolang,,1,1,False,False,False
Stacks,stacks,esolang,,1,1,False,False,False
Stacks of Queues,stacks-of-queues,esolang,,1,1,False,False,False
Stackstack,stackstack,esolang,,1,1,False,False,False
StackStacks,stackstacks,esolang,,1,1,False,False,False
StackSwap,stackswap,esolang,,1,1,False,False,False
Stacky,stacky,esolang,,1,1,False,False,False
Stackylogic,stackylogic,esolang,,1,1,False,False,False
StaDyn (programming language),stadyn-programming-language,wikipedia,,1,1,False,False,False
StairCase,staircase,esolang,,1,1,False,False,False
Staircasemaker,staircasemaker,esolang,,1,1,False,False,False
Stairlang,stairlang,esolang,,1,1,False,False,False
Stakc/Old,stakc-old,esolang,,1,1,False,False,False
Stakr,stakr,esolang,,1,1,False,False,False
Staks,staks,esolang,,1,1,False,False,False
Stalactite,stalactite,esolang,,1,1,False,False,False
Standard Chess,standard-chess,esolang,,1,1,False,False,False
standard-lisp,standard-lisp,pldb,,1,1,False,False,False
Stapler,stapler,esolang,,1,1,False,False,False
Staples,staples,esolang,,1,1,False,False,False
Staq,staq,esolang,,1,1,False,False,False
Stare,stare,esolang,,1,1,False,False,False
Starfish,starfish,esolang,,1,1,False,False,False
staroffice-basic,staroffice-basic,pldb,,1,1,False,False,False
starpial,starpial,pldb,,1,1,False,False,False
StarPL,starpl,esolang,,1,1,False,False,False
Stars,stars,esolang,,1,1,False,False,False
Starstuff,starstuff,esolang,,1,1,False,False,False
Start-reset markup language,start-reset-markup-language,esolang,,1,1,False,False,False
Stasis,stasis,esolang,,1,1,False,False,False
State and Main,state-and-main,esolang,,1,1,False,False,False
statebox,statebox,pldb,,1,1,False,False,False
StateFlip,stateflip,esolang,,1,1,False,False,False
statemate,statemate,pldb,,1,1,False,False,False
StatiC,static,esolang,,1,1,False,False,False
static-typescript,static-typescript,pldb,,1,1,False,False,False
statsplorer,statsplorer,pldb,,1,1,False,False,False
status-quo-function,status-quo-function,pldb,,1,1,False,False,False
status-quo-script,status-quo-script,pldb,,1,1,False,False,False
STBF,stbf,esolang,,1,1,False,False,False
Stck,stck,esolang,,1,1,False,False,False
StegFuck,stegfuck,esolang,,1,1,False,False,False
steinhaus-moser-notation,steinhaus-moser-notation,pldb,,1,1,False,False,False
stencil,stencil,pldb,,1,1,False,False,False
step,step,pldb,,1,1,False,False,False
Steps,steps,esolang,,1,1,False,False,False
Steve's Lava Chicken Language,steve-s-lava-chicken-language,esolang,,1,1,False,False,False
Sticks and Stones,sticks-and-stones,esolang,,1,1,False,False,False
Stile,stile,esolang,,1,1,False,False,False
Stillbrithiarngialpielroinuslislislislislisquattostamiswackilduasliesfris,stillbrithiarngialpielroinuslislislislislisquattostamiswackilduasliesfris,esolang,,1,1,False,False,False
Stisp,stisp,esolang,,1,1,False,False,False
Stitchii,stitchii,esolang,,1,1,False,False,False
stl-format,stl-format,pldb,,1,1,False,False,False
Stlang,stlang,esolang,,1,1,False,False,False
Stlisp,stlisp,esolang,,1,1,False,False,False
STMSL,stmsl,esolang,,1,1,False,False,False
stockholm-format,stockholm-format,pldb,,1,1,False,False,False
STOD,stod,esolang,,1,1,False,False,False
stoical,stoical,pldb,,1,1,False,False,False
stonecutter,stonecutter,pldb,,1,1,False,False,False
Stoned-Go,stoned-go,esolang,,1,1,False,False,False
stoneknifeforth,stoneknifeforth,pldb,,1,1,False,False,False
Stones,stones,esolang,,1,1,False,False,False
Stop,stop,esolang,,1,1,False,False,False
Stoplight,stoplight,esolang,,1,1,False,False,False
Stopload,stopload,esolang,,1,1,False,False,False
Stopnotstop,stopnotstop,esolang,,1,1,False,False,False
Stopwatch,stopwatch,esolang,,1,1,False,False,False
StormLang,stormlang,esolang,,1,1,False,False,False
storymatic,storymatic,pldb,,1,1,False,False,False
storyscript,storyscript,pldb,,1,1,False,False,False
stos-basic,stos-basic,pldb,,1,1,False,False,False
strand-programming-language,strand-programming-language,pldb,,1,1,False,False,False
strat,strat,pldb,,1,1,False,False,False
Strato,strato,esolang,,1,1,False,False,False
strcmacs,strcmacs,pldb,,1,1,False,False,False
Streamix,streamix,esolang,,1,1,False,False,False
Streetcode,streetcode,esolang,,1,1,False,False,False
Strelnokoff,strelnokoff,esolang,,1,1,False,False,False
strema,strema,pldb,,1,1,False,False,False
strictyaml,strictyaml,pldb,,1,1,False,False,False
String[32],string-32,pldb,,1,1,False,False,False
"STRING = ""checkout""",string-checkout,pldb,,1,1,False,False,False
String;         {declares the variable Name as a string},string-declares-the-variable-name-as-a-string,pldb,,1,1,False,False,False
String rewriting paradigm,string-rewriting-paradigm,esolang,,1,1,False,False,False
string-diagrams-notation,string-diagrams-notation,pldb,,1,1,False,False,False
[] => string.,string.,pldb,,1,1,False,False,False
stringbean,stringbean,pldb,,1,1,False,False,False
stringcomp,stringcomp,pldb,,1,1,False,False,False
StringSafunge,stringsafunge,esolang,,1,1,False,False,False
stripe,stripe,pldb,,1,1,False,False,False
Stroke,stroke,esolang,,1,1,False,False,False
Stroke+-,stroke+,esolang,,1,1,False,False,False
Stroll,stroll,esolang,,1,1,False,False,False
STRong,strong,esolang,,1,1,False,False,False
STRTRAN,strtran,esolang,,1,1,False,False,False
Strucked,strucked,esolang,,1,1,False,False,False
Structure,structure,esolang,,1,1,False,False,False
Structure-free Query Language,structure-free-query-language,esolang,,1,1,False,False,False
Structured Minsky,structured-minsky,esolang,,1,1,False,False,False
structured-storage,structured-storage,pldb,,1,1,False,False,False
Struffoli,struffoli,esolang,,1,1,False,False,False
struql,struql,pldb,,1,1,False,False,False
Strvar,strvar,esolang,,1,1,False,False,False
Stu,stu,esolang,,1,1,False,False,False
Stub,stub,esolang,,1,1,False,False,False
StubScript,stubscript,esolang,,1,1,False,False,False
Stuck,stuck,esolang,,1,1,False,False,False
Stue,stue,esolang,,1,1,False,False,False
StuLa,stula,esolang,,1,1,False,False,False
Stuley,stuley,esolang,,1,1,False,False,False
Stun Step,stun-step,esolang,,1,1,False,False,False
Stupid,stupid,esolang,,1,1,False,False,False
StupidBASIC,stupidbasic,esolang,,1,1,False,False,False
Stupidc,stupidc,esolang,,1,1,False,False,False
StupidStackLanguage,stupidstacklanguage,esolang,,1,1,False,False,False
stutter-lang,stutter-lang,pldb,,1,1,False,False,False
stx,stx,pldb,,1,1,False,False,False
STXTRM,stxtrm,esolang,,1,1,False,False,False
SUBBIG,subbig,esolang,,1,1,False,False,False
SubI machine,subi-machine,esolang,,1,1,False,False,False
Subjective-C,subjective-c,esolang,,1,1,False,False,False
subl,subl,pldb,,1,1,False,False,False
sublime-editor,sublime-editor,pldb,,1,1,False,False,False
sublime-merge,sublime-merge,pldb,,1,1,False,False,False
sublime-syntax-test,sublime-syntax-test,pldb,,1,1,False,False,False
Subreal,subreal,esolang,,1,1,False,False,False
Subscratch,subscratch,esolang,,1,1,False,False,False
subscript,subscript,pldb,,1,1,False,False,False
Subskin,subskin,esolang,,1,1,False,False,False
Subst,subst,esolang,,1,1,False,False,False
Substitution,substitution,esolang,,1,1,False,False,False
Subterra,subterra,esolang,,1,1,False,False,False
Subtle cough,subtle-cough,esolang,,1,1,False,False,False
Subtract,subtract,esolang,,1,1,False,False,False
Subtractpocalypse,subtractpocalypse,esolang,,1,1,False,False,False
subversion,subversion,pldb,,1,1,False,False,False
subx,subx,pldb,,1,1,False,False,False
Suc,suc,esolang,,1,1,False,False,False
Sucks,sucks,esolang,,1,1,False,False,False
sue,sue,pldb,,1,1,False,False,False
Suffolk,suffolk,esolang,,1,1,False,False,False
sugar,sugar,pldb,,1,1,False,False,False
sugartex,sugartex,pldb,,1,1,False,False,False
sugi,sugi,pldb,,1,1,False,False,False
Sugueziume,sugueziume,esolang,,1,1,False,False,False
sui,sui,pldb,,1,1,False,False,False
Suich,suich,esolang,,1,1,False,False,False
Suicide,suicide,esolang,,1,1,False,False,False
SUL,sul,esolang,,1,1,False,False,False
Sulbimate,sulbimate,esolang,,1,1,False,False,False
Sultan's daughter,sultan-s-daughter,esolang,,1,1,False,False,False
SumaMoito,sumamoito,esolang,,1,1,False,False,False
Sumerian,sumerian,esolang,,1,1,False,False,False
Summatciin,summatciin,esolang,,1,1,False,False,False
summer,summer,pldb,,1,1,False,False,False
sun-raster-format,sun-raster-format,pldb,,1,1,False,False,False
Sundays,sundays,esolang,,1,1,False,False,False
Sunfish,sunfish,esolang,,1,1,False,False,False
Sunny morning,sunny-morning,esolang,,1,1,False,False,False
Suomalaiset ohjelmointikielet,suomalaiset-ohjelmointikielet,esolang,,1,1,False,False,False
Super Mario 64,super-mario-64,esolang,,1,1,False,False,False
Super SNUSP,super-snusp,esolang,,1,1,False,False,False
Super Stack!,super-stack,esolang,,1,1,False,False,False
Super Yellow,super-yellow,esolang,,1,1,False,False,False
superforth,superforth,pldb,,1,1,False,False,False
superjson,superjson,pldb,,1,1,False,False,False
supermac,supermac,pldb,,1,1,False,False,False
SuperPar,superpar,esolang,,1,1,False,False,False
!!SuperPrime,superprime,esolang,,1,1,False,False,False
SuperScript,superscript,esolang,,1,1,False,False,False
Supertape,supertape,esolang,,1,1,False,False,False
superxpp,superxpp,pldb,,1,1,False,False,False
Suptiftam,suptiftam,esolang,,1,1,False,False,False
Surface,surface,esolang,,1,1,False,False,False
surge,surge,pldb,,1,1,False,False,False
Surreal Brainfuck,surreal-brainfuck,esolang,,1,1,False,False,False
surrealdb,surrealdb,pldb,,1,1,False,False,False
SurrealQL,surrealql,linguist,.surql,1,2,False,False,False
Surtic,surtic,esolang,,1,1,False,False,False
Survex data,survex-data,linguist,.svx,1,1,False,False,False
Sus,sus,esolang,,1,1,False,False,False
Suscript,suscript,esolang,,1,1,False,False,False
Suscript 2.0,suscript-2.0,esolang,,1,1,False,False,False
Sushi Conveyor,sushi-conveyor,esolang,,1,1,False,False,False
SusLang,suslang,esolang,,1,1,False,False,False
susn,susn,pldb,,1,1,False,False,False
SussyLang,sussylang,esolang,,1,1,False,False,False
Suxesol,suxesol,esolang,,1,1,False,False,False
Suzy,suzy,esolang,,1,1,False,False,False
svgbob,svgbob,pldb,,1,1,False,False,False
SVM,svm,esolang,,1,1,False,False,False
sw2,sw2,pldb,,1,1,False,False,False
swagger,swagger,pldb,,1,1,False,False,False
swallow,swallow,pldb,,1,1,False,False,False
Swap,swap,esolang,,1,1,False,False,False
Swapfuck,swapfuck,esolang,,1,1,False,False,False
SwapLoad,swapload,esolang,,1,1,False,False,False
Swapper,swapper,esolang,,1,1,False,False,False
Swearjure,swearjure,esolang,,1,1,False,False,False
sweet-expressions,sweet-expressions,pldb,,1,1,False,False,False
sweetjs,sweetjs,pldb,,1,1,False,False,False
Swift (parallel scripting language),swift-parallel-scripting-language,wikipedia,,1,1,False,False,False
swift-il,swift-il,pldb,,1,1,False,False,False
SWING,swing,esolang,,1,1,False,False,False
Swipe,swipe,esolang,,1,1,False,False,False
Swirly,swirly,esolang,,1,1,False,False,False
SwitchCase,switchcase,esolang,,1,1,False,False,False
Switchy,switchy,esolang,,1,1,False,False,False
swizzle,swizzle,pldb,,1,1,False,False,False
Sword,sword,esolang,,1,1,False,False,False
Swordfish,swordfish,esolang,,1,1,False,False,False
swym,swym,pldb,,1,1,False,False,False
sxpath,sxpath,pldb,,1,1,False,False,False
sybyl-notation,sybyl-notation,pldb,,1,1,False,False,False
SYCPOL,sycpol,esolang,,1,1,False,False,False
SyL,syl,esolang,,1,1,False,False,False
Syllad,syllad,esolang,,1,1,False,False,False
Symball,symball,esolang,,1,1,False,False,False
symbmath,symbmath,pldb,,1,1,False,False,False
symbol,symbol,pldb,,1,1,False,False,False
Symbol+Lang,symbol+lang,esolang,,1,1,False,False,False
Symbolic Brainfuck,symbolic-brainfuck,esolang,,1,1,False,False,False
Symbolic Python,symbolic-python,esolang,,1,1,False,False,False
symbolic-assembly,symbolic-assembly,pldb,,1,1,False,False,False
SymbolLang,symbollang,esolang,,1,1,False,False,False
Symbolmathing,symbolmathing,esolang,,1,1,False,False,False
Symbols,symbols,esolang,,1,1,False,False,False
Symesol,symesol,esolang,,1,1,False,False,False
Symmetric Echo Tag,symmetric-echo-tag,esolang,,1,1,False,False,False
sympy,sympy,pldb,,1,1,False,False,False
Syms,syms,esolang,,1,1,False,False,False
synapse,synapse,pldb,,1,1,False,False,False
Synced,synced,esolang,,1,1,False,False,False
synchronized-multimedia-integration-language,synchronized-multimedia-integration-language,pldb,,1,1,False,False,False
Syncin,syncin,esolang,,1,1,False,False,False
SynDev,syndev,esolang,,1,1,False,False,False
synergist,synergist,pldb,,1,1,False,False,False
Synergy DBL,synergy-dbl,wikipedia,,1,1,False,False,False
synglish,synglish,pldb,,1,1,False,False,False
synon,synon,pldb,,1,1,False,False,False
synproc,synproc,pldb,,1,1,False,False,False
Syntagma,syntagma,esolang,,1,1,False,False,False
Syntax Null Language,syntax-null-language,esolang,,1,1,False,False,False
SyntaxError: invalid syntax,syntaxerror-invalid-syntax,esolang,,1,1,False,False,False
syntex,syntex,pldb,,1,1,False,False,False
Synth,synth,esolang,,1,1,False,False,False
◀◀SYNTHESIZE▶▶,synthesize,esolang,,1,1,False,False,False
syntol,syntol,pldb,,1,1,False,False,False
sysml,sysml,pldb,,1,1,False,False,False
system-v-abi,system-v-abi,pldb,,1,1,False,False,False
Systemf,systemf,esolang,,1,1,False,False,False
systemz,systemz,pldb,,1,1,False,False,False
Syzygy,syzygy,esolang,,1,1,False,False,False
T a b,t-a-b,esolang,,1,1,False,False,False
t-lang,t-lang,pldb,,1,1,False,False,False
T-Regs,t-regs,esolang,,1,1,False,False,False
T-rexes,t-rexes,esolang,,1,1,False,False,False
t2b,t2b,pldb,,1,1,False,False,False
T3rc+,t3rc+,esolang,,1,1,False,False,False
tablam,tablam,pldb,,1,1,False,False,False
tablatal,tablatal,pldb,,1,1,False,False,False
Table,table,esolang,,1,1,False,False,False
tableau-app,tableau-app,pldb,,1,1,False,False,False
Tableaux,tableaux,esolang,,1,1,False,False,False
Tablebase,tablebase,esolang,,1,1,False,False,False
TableLang,tablelang,esolang,,1,1,False,False,False
Tabler,tabler,esolang,,1,1,False,False,False
Tables,tables,esolang,,1,1,False,False,False
tablog,tablog,pldb,,1,1,False,False,False
TabP,tabp,esolang,,1,1,False,False,False
tabsol,tabsol,pldb,,1,1,False,False,False
tabtran,tabtran,pldb,,1,1,False,False,False
tac,tac,pldb,,1,1,False,False,False
TACC,tacc,esolang,,1,1,False,False,False
Tack,tack,esolang,,1,1,False,False,False
tacpol-programming-language,tacpol-programming-language,pldb,,1,1,False,False,False
tactics,tactics,pldb,,1,1,False,False,False
taf,taf,pldb,,1,1,False,False,False
Tag,tag,esolang,,1,1,False,False,False
Taglate,taglate,esolang,,1,1,False,False,False
Tahled,tahled,esolang,,1,1,False,False,False
tahoe-lafs,tahoe-lafs,pldb,,1,1,False,False,False
TaiDoKu,taidoku,esolang,,1,1,False,False,False
taijilang,taijilang,pldb,,1,1,False,False,False
Tailor,tailor,esolang,,1,1,False,False,False
Takeover,takeover,esolang,,1,1,False,False,False
tale,tale,pldb,,1,1,False,False,False
Talk,talk,esolang,,1,1,False,False,False
TalkingHead,talkinghead,esolang,,1,1,False,False,False
tall,tall,pldb,,1,1,False,False,False
Talon,talon,linguist,.talon,1,1,False,False,False
Tamerlane,tamerlane,esolang,,1,1,False,False,False
TAML,taml,esolang,,1,1,False,False,False
Tandem,tandem,esolang,,1,1,False,False,False
tangledown,tangledown,pldb,,1,1,False,False,False
tao-lang,tao-lang,pldb,,1,1,False,False,False
tao3d,tao3d,pldb,,1,1,False,False,False
tap-code,tap-code,pldb,,1,1,False,False,False
TAPASM,tapasm,esolang,,1,1,False,False,False
TapeBagel,tapebagel,esolang,,1,1,False,False,False
TapeFuck,tapefuck,esolang,,1,1,False,False,False
Tapelang,tapelang,esolang,,1,1,False,False,False
Tapestry,tapestry,esolang,,1,1,False,False,False
taql,taql,pldb,,1,1,False,False,False
Tare,tare,esolang,,1,1,False,False,False
Tarflex,tarflex,esolang,,1,1,False,False,False
Targs,targs,esolang,,1,1,False,False,False
tarmac,tarmac,pldb,,1,1,False,False,False
Tarski,tarski,esolang,,1,1,False,False,False
Tau-Alpha-Upsilon,tau-alpha-upsilon,esolang,,1,1,False,False,False
Taurus,taurus,esolang,,1,1,False,False,False
Tautologos,tautologos,esolang,,1,1,False,False,False
!Tautologos (Archived),tautologos-archived,esolang,,1,1,False,False,False
Tautology,tautology,esolang,,1,1,False,False,False
Tautologylang,tautologylang,esolang,,1,1,False,False,False
tawa,tawa,pldb,,1,1,False,False,False
taxa,taxa,pldb,,1,1,False,False,False
taxis,taxis,pldb,,1,1,False,False,False
Tbf,tbf,esolang,,1,1,False,False,False
tbox-lib,tbox-lib,pldb,,1,1,False,False,False
TBTBFS,tbtbfs,esolang,,1,1,False,False,False
TC,tc,esolang,,1,1,False,False,False
tcoz,tcoz,pldb,,1,1,False,False,False
tcp,tcp,pldb,,1,1,False,False,False
tcsp,tcsp,pldb,,1,1,False,False,False
tdfl,tdfl,pldb,,1,1,False,False,False
TDML,tdml,esolang,,1,1,False,False,False
tdms,tdms,pldb,,1,1,False,False,False
TDQ,tdq,esolang,,1,1,False,False,False
tea-pl,tea-pl,pldb,,1,1,False,False,False
tea-pm,tea-pm,pldb,,1,1,False,False,False
TeaScript,teascript,esolang,,1,1,False,False,False
teasharp,teasharp,pldb,,1,1,False,False,False
Tech Support Scam,tech-support-scam,esolang,,1,1,False,False,False
Techno,techno,esolang,,1,1,False,False,False
Technologic,technologic,esolang,,1,1,False,False,False
Tedium,tedium,esolang,,1,1,False,False,False
Tedius,tedius,esolang,,1,1,False,False,False
tefkat,tefkat,pldb,,1,1,False,False,False
Teg,teg,esolang,,1,1,False,False,False
TEIJFOP,teijfop,esolang,,1,1,False,False,False
Teiwaz,teiwaz,esolang,,1,1,False,False,False
tektronix,tektronix,pldb,,1,1,False,False,False
telefile-assembly,telefile-assembly,pldb,,1,1,False,False,False
Telegram,telegram,esolang,,1,1,False,False,False
telehash,telehash,pldb,,1,1,False,False,False
Teleport,teleport,esolang,,1,1,False,False,False
Teleporto,teleporto,esolang,,1,1,False,False,False
Telifuck,telifuck,esolang,,1,1,False,False,False
Tellurium,tellurium,esolang,,1,1,False,False,False
telnet-protocol,telnet-protocol,pldb,,1,1,False,False,False
telos,telos,pldb,,1,1,False,False,False
telsim,telsim,pldb,,1,1,False,False,False
templ,templ,linguist,.templ,1,1,False,False,False
templar,templar,pldb,,1,1,False,False,False
Template:Turing-complete joke language categories,template-turing-complete-joke-language-categories,esolang,,1,1,False,False,False
template-attribute-language,template-attribute-language,pldb,,1,1,False,False,False
templeos,templeos,pldb,,1,1,False,False,False
tempo,tempo,pldb,,1,1,False,False,False
temporal-prolog,temporal-prolog,pldb,,1,1,False,False,False
TempoVar,tempovar,esolang,,1,1,False,False,False
ten,ten,pldb,,1,1,False,False,False
Tenglish,tenglish,esolang,,1,1,False,False,False
TenneC,tennec,esolang,,1,1,False,False,False
Tense,tense,esolang,,1,1,False,False,False
Tenshi C,tenshi-c,esolang,,1,1,False,False,False
tensorflow,tensorflow,pldb,,1,1,False,False,False
@tention!,tention,esolang,,1,1,False,False,False
TEPCS,tepcs,esolang,,1,1,False,False,False
teradata,teradata,pldb,,1,1,False,False,False
teradata-aster,teradata-aster,pldb,,1,1,False,False,False
Teramithic,teramithic,esolang,,1,1,False,False,False
Tercet,tercet,esolang,,1,1,False,False,False
Tericuage,tericuage,esolang,,1,1,False,False,False
Ternary,ternary,esolang,,1,1,False,False,False
ternary-notation,ternary-notation,pldb,,1,1,False,False,False
TernLSB,ternlsb,esolang,,1,1,False,False,False
Terpir,terpir,esolang,,1,1,False,False,False
Terraform Template,terraform-template,linguist,.tftpl,1,1,False,False,False
Terrain,terrain,esolang,,1,1,False,False,False
TError,terror,esolang,,1,1,False,False,False
Tessenbly,tessenbly,esolang,,1,1,False,False,False
Tesseract,tesseract,esolang,,1,1,False,False,False
TESTLANG,testlang,esolang,,1,1,False,False,False
Tetanus,tetanus,esolang,,1,1,False,False,False
Tetrastack,tetrastack,esolang,,1,1,False,False,False
TetriScript,tetriscript,esolang,,1,1,False,False,False
tetruss-app,tetruss-app,pldb,,1,1,False,False,False
TEWELSWAC,tewelswac,esolang,,1,1,False,False,False
TEWNLSWAC,tewnlswac,esolang,,1,1,False,False,False
texpr,texpr,pldb,,1,1,False,False,False
Text Binary,text-binary,esolang,,1,1,False,False,False
Text lines are cool,text-lines-are-cool,esolang,,1,1,False,False,False
TEXT;   (* These two variables *),text-these-two-variables,pldb,,1,1,False,False,False
text-executive-programming-language,text-executive-programming-language,pldb,,1,1,False,False,False
textadept-editor,textadept-editor,pldb,,1,1,False,False,False
textframe,textframe,pldb,,1,1,False,False,False
TextGarbage,textgarbage,esolang,,1,1,False,False,False
TextGrid,textgrid,linguist,.textgrid,1,1,False,False,False
texti,texti,pldb,,1,1,False,False,False
TextMate Properties,textmate-properties,linguist,,1,2,False,False,False
textmate-editor,textmate-editor,pldb,,1,1,False,False,False
Textual SUBLEQ,textual-subleq,esolang,,1,1,False,False,False
texy,texy,pldb,,1,1,False,False,False
TF2LANG,tf2lang,esolang,,1,1,False,False,False
tfl,tfl,pldb,,1,1,False,False,False
TFLite,tflite,esolang,,1,1,False,False,False
TFMG,tfmg,esolang,,1,1,False,False,False
Tg,tg,esolang,,1,1,False,False,False
Th,th,esolang,,1,1,False,False,False
th1,th1,pldb,,1,1,False,False,False
ThaM,tham,esolang,,1,1,False,False,False
That=this,that-this,esolang,,1,1,False,False,False
The,the,esolang,,1,1,False,False,False
The Amnesiac From Minsk,the-amnesiac-from-minsk,esolang,,1,1,False,False,False
The best esolang ever,the-best-esolang-ever,esolang,,1,1,False,False,False
The Bluetooth Device Is Ready To Pair,the-bluetooth-device-is-ready-to-pair,esolang,,1,1,False,False,False
The Brink of Insanity,the-brink-of-insanity,esolang,,1,1,False,False,False
The C Programming Language,the-c-programming-language,wikipedia,,1,1,False,False,False
The Chances of Anything Coming from Mars,the-chances-of-anything-coming-from-mars,esolang,,1,1,False,False,False
The Code of the Seven,the-code-of-the-seven,esolang,,1,1,False,False,False
The Formal Letter,the-formal-letter,esolang,,1,1,False,False,False
The Genetic Computer,the-genetic-computer,esolang,,1,1,False,False,False
The Genius from Kiev,the-genius-from-kiev,esolang,,1,1,False,False,False
The Great Spell,the-great-spell,esolang,,1,1,False,False,False
The Inevitable,the-inevitable,esolang,,1,1,False,False,False
The Insane Esolang,the-insane-esolang,esolang,,1,1,False,False,False
The ()lang,the-lang,esolang,,1,1,False,False,False
The Language That Explodes,the-language-that-explodes,esolang,,1,1,False,False,False
←THE LAST ACTION LANGUAGE→,the-last-action-language,esolang,,1,1,False,False,False
The last line of this page,the-last-line-of-this-page,esolang,,1,1,False,False,False
The maniacs in Montana,the-maniacs-in-montana,esolang,,1,1,False,False,False
The mimic,the-mimic,esolang,,1,1,False,False,False
The Past,the-past,esolang,,1,1,False,False,False
The Program Is Mostly Ignored,the-program-is-mostly-ignored,esolang,,1,1,False,False,False
The Rink of Insanity,the-rink-of-insanity,esolang,,1,1,False,False,False
The Sophomores From Tbilsi,the-sophomores-from-tbilsi,esolang,,1,1,False,False,False
The Subtyping Machine,the-subtyping-machine,esolang,,1,1,False,False,False
The Temporary Stack,the-temporary-stack,esolang,,1,1,False,False,False
The Waterfall Model,the-waterfall-model,esolang,,1,1,False,False,False
the-message-system,the-message-system,pldb,,1,1,False,False,False
TheEnd,theend,esolang,,1,1,False,False,False
TheLang,thelang,esolang,,1,1,False,False,False
Theoretica,theoretica,esolang,,1,1,False,False,False
theos-multi-user-basic,theos-multi-user-basic,pldb,,1,1,False,False,False
There Once was a Fish Named Fred,there-once-was-a-fish-named-fred,esolang,,1,1,False,False,False
There Once was an Esolang Named Fred,there-once-was-an-esolang-named-fred,esolang,,1,1,False,False,False
Therefuck,therefuck,esolang,,1,1,False,False,False
Theseus,theseus,esolang,,1,1,False,False,False
TheSingularity,thesingularity,esolang,,1,1,False,False,False
TheSquare,thesquare,esolang,,1,1,False,False,False
"Thief, Police and the Building",thief-police-and-the-building,esolang,,1,1,False,False,False
"Thief, Police and the Building extended",thief-police-and-the-building-extended,esolang,,1,1,False,False,False
Thing,thing,esolang,,1,1,False,False,False
thinglab,thinglab,pldb,,1,1,False,False,False
think-c,think-c,pldb,,1,1,False,False,False
Third Party Contractor Accused Of A Robbery,third-party-contractor-accused-of-a-robbery,esolang,,1,1,False,False,False
This,this,esolang,,1,1,False,False,False
This esolang is a brainfuck derivative,this-esolang-is-a-brainfuck-derivative,esolang,,1,1,False,False,False
This esolang is not a push-down automata,this-esolang-is-not-a-push-down-automata,esolang,,1,1,False,False,False
This machine is a server. DO NOT POWER IT DOWN!!,this-machine-is-a-server.-do-not-power-it-down,esolang,,1,1,False,False,False
THIS PROGRAMMING LANGUAGE IS LITERALLY ALL NUMBERS,this-programming-language-is-literally-all-numbers,esolang,,1,1,False,False,False
This=That,this-that,esolang,,1,1,False,False,False
This=That 2.0,this-that-2.0,esolang,,1,1,False,False,False
This=That 3.0,this-that-3.0,esolang,,1,1,False,False,False
ThisIsNotARealLanguage,thisisnotareallanguage,esolang,,1,1,False,False,False
Thisthat,thisthat,esolang,,1,1,False,False,False
thjson,thjson,pldb,,1,1,False,False,False
THLEK,thlek,esolang,,1,1,False,False,False
ThonkLang,thonklang,esolang,,1,1,False,False,False
Thotpatrol,thotpatrol,esolang,,1,1,False,False,False
THRAT,thrat,esolang,,1,1,False,False,False
Threaded INTERCAL,threaded-intercal,esolang,,1,1,False,False,False
threaded-lists,threaded-lists,pldb,,1,1,False,False,False
Threader,threader,esolang,,1,1,False,False,False
ThreadFuck,threadfuck,esolang,,1,1,False,False,False
Threads,threads,esolang,,1,1,False,False,False
Three Star Programmer,three-star-programmer,esolang,,1,1,False,False,False
Three variable modification language,three-variable-modification-language,esolang,,1,1,False,False,False
threejs,threejs,pldb,,1,1,False,False,False
Threi,threi,esolang,,1,1,False,False,False
Thrillodendron,thrillodendron,esolang,,1,1,False,False,False
THROBOL,throbol,esolang,,1,1,False,False,False
THROW THIS TO THAT,throw-this-to-that,esolang,,1,1,False,False,False
Thue++,thue-plus-plus,esolang,,1,1,False,False,False
Thue-Mirr,thue-mirr,esolang,,1,1,False,False,False
thue-programming-language,thue-programming-language,pldb,,1,1,False,False,False
ThueLike,thuelike,esolang,,1,1,False,False,False
thune,thune,pldb,,1,1,False,False,False
Thupit,thupit,esolang,,1,1,False,False,False
Thutu,thutu,esolang,,1,1,False,False,False
thymeleaf,thymeleaf,pldb,,1,1,False,False,False
TI Program,ti-program,linguist,.8xp .8xp.txt,1,1,True,False,False
ti-89-basic,ti-89-basic,pldb,,1,1,False,False,False
TI-BASIC 83,ti-basic-83,wikipedia,,1,1,False,False,False
ti-basic-assembly,ti-basic-assembly,pldb,,1,1,False,False,False
Tiangou,tiangou,esolang,,1,1,False,False,False
tibbo-basic,tibbo-basic,pldb,,1,1,False,False,False
tibet,tibet,pldb,,1,1,False,False,False
Tic Tac Toe,tic-tac-toe,esolang,,1,1,False,False,False
Tic Tac Toe Grow,tic-tac-toe-grow,esolang,,1,1,False,False,False
Tick,tick,esolang,,1,1,False,False,False
tick-c,tick-c,pldb,,1,1,False,False,False
tics,tics,pldb,,1,1,False,False,False
Tictactoe,tictactoe,esolang,,1,1,False,False,False
tidb,tidb,pldb,,1,1,False,False,False
tiddler,tiddler,pldb,,1,1,False,False,False
tiddlywiki,tiddlywiki,pldb,,1,1,False,False,False
tidyverse,tidyverse,pldb,,1,1,False,False,False
Tiếng Việt,tieng-viet,esolang,,1,1,False,False,False
Tier,tier,esolang,,1,1,False,False,False
tierra,tierra,pldb,,1,1,False,False,False
tiff-format,tiff-format,pldb,,1,1,False,False,False
tiger-basic,tiger-basic,pldb,,1,1,False,False,False
tikiwiki,tikiwiki,pldb,,1,1,False,False,False
Tile,tile,esolang,,1,1,False,False,False
tiledb,tiledb,pldb,,1,1,False,False,False
TileDots,tiledots,esolang,,1,1,False,False,False
Tiltedc,tiltedc,esolang,,1,1,False,False,False
tilton,tilton,pldb,,1,1,False,False,False
timber-programming-language,timber-programming-language,pldb,,1,1,False,False,False
Time,time,esolang,,1,1,False,False,False
Time Out,time-out,esolang,,1,1,False,False,False
timed-csp,timed-csp,pldb,,1,1,False,False,False
Timefuck,timefuck,esolang,,1,1,False,False,False
Timelang,timelang,esolang,,1,1,False,False,False
Timeline,timeline,esolang,,1,1,False,False,False
Timers,timers,esolang,,1,1,False,False,False
TimeWaste,timewaste,esolang,,1,1,False,False,False
timpani,timpani,pldb,,1,1,False,False,False
Tina,tina,esolang,,1,1,False,False,False
TinCan,tincan,esolang,,1,1,False,False,False
tinkertoy,tinkertoy,pldb,,1,1,False,False,False
Tiny,tiny,esolang,,1,1,False,False,False
tiny-basic,tiny-basic,pldb,,1,1,False,False,False
TinyBF,tinybf,esolang,,1,1,False,False,False
tinyc-compiler,tinyc-compiler,pldb,,1,1,False,False,False
TinyF,tinyf,esolang,,1,1,False,False,False
tinygo-compiler,tinygo-compiler,pldb,,1,1,False,False,False
Tip,tip,esolang,,1,1,False,False,False
TISC,tisc,esolang,,1,1,False,False,False
TISolang,tisolang,esolang,,1,1,False,False,False
Titin,titin,esolang,,1,1,False,False,False
Titled,titled,esolang,,1,1,False,False,False
Tixy,tixy,esolang,,1,1,False,False,False
Tjʊrɪŋ məʃin,tjr-min,esolang,,1,1,False,False,False
tk,tk,pldb,,1,1,False,False,False
tl-isa,tl-isa,pldb,,1,1,False,False,False
tlc,tlc,pldb,,1,1,False,False,False
tldr,tldr,pldb,,1,1,False,False,False
tldraw,tldraw,pldb,,1,1,False,False,False
TlhIngan,tlhingan,esolang,,1,1,False,False,False
TLIJMMWTRAMCBICHWTPITCSIBCTII,tlijmmwtramcbichwtpitcsibctii,esolang,,1,1,False,False,False
TLOWScript,tlowscript,esolang,,1,1,False,False,False
TLWNN,tlwnn,esolang,,1,1,False,False,False
™,tm,esolang,,1,1,False,False,False
TMDL,tmdl,linguist,.tmdl,1,2,False,False,False
TMIDL,tmidl,esolang,,1,1,False,False,False
tmlanguage,tmlanguage,pldb,,1,1,False,False,False
TMMLPTEALPAITAFNFAL,tmmlptealpaitafnfal,esolang,,1,1,False,False,False
TMSL,tmsl,esolang,,1,1,False,False,False
TMSTMIK,tmstmik,esolang,,1,1,False,False,False
tmtp,tmtp,pldb,,1,1,False,False,False
TNTNT,tntnt,esolang,,1,1,False,False,False
To check the diastolic blood pressure of the patient;;,to-check-the-diastolic-blood-pressure-of-the-patient,pldb,,1,1,False,False,False
To The Top Right Corner,to-the-top-right-corner,esolang,,1,1,False,False,False
Toad (Pit Crew),toad-pit-crew,esolang,,1,1,False,False,False
ToArrowScript,toarrowscript,esolang,,1,1,False,False,False
TobiLang,tobilang,esolang,,1,1,False,False,False
Tock,tock,esolang,,1,1,False,False,False
TOD,tod,esolang,,1,1,False,False,False
Toddler,toddler,esolang,,1,1,False,False,False
Todo,todo,esolang,,1,1,False,False,False
TOGA computer,toga-computer,esolang,,1,1,False,False,False
Togglo,togglo,esolang,,1,1,False,False,False
Toki ilo,toki-ilo,esolang,,1,1,False,False,False
Toki pi ilo nanpa,toki-pi-ilo-nanpa,esolang,,1,1,False,False,False
Toki pona li pona,toki-pona-li-pona,esolang,,1,1,False,False,False
toki-sona,toki-sona,pldb,,1,1,False,False,False
tom-oopl,tom-oopl,pldb,,1,1,False,False,False
tomal,tomal,pldb,,1,1,False,False,False
Tome,tome,esolang,,1,1,False,False,False
Tommyaweosme's harmonica,tommyaweosme-s-harmonica,esolang,,1,1,False,False,False
Tommyaweosme unary,tommyaweosme-unary,esolang,,1,1,False,False,False
$tonePits,tonepits,esolang,,1,1,False,False,False
Tonnyi,tonnyi,esolang,,1,1,False,False,False
Tonoco,tonoco,esolang,,1,1,False,False,False
Too,too,esolang,,1,1,False,False,False
Too Many Variables!,too-many-variables,esolang,,1,1,False,False,False
toolbus,toolbus,pldb,,1,1,False,False,False
"(top, height)",top-height,esolang,,1,1,False,False,False
Top-based turning,top-based-turning,esolang,,1,1,False,False,False
topaz-lang,topaz-lang,pldb,,1,1,False,False,False
topic-maps,topic-maps,pldb,,1,1,False,False,False
Topline,topline,esolang,,1,1,False,False,False
TOPLWARLNTMIHTACAFFTPLAIHTASTNBIHTMAIAIU,toplwarlntmihtacafftplaihtastnbihtmaiaiu,esolang,,1,1,False,False,False
TopNote,topnote,esolang,,1,1,False,False,False
Topple,topple,esolang,,1,1,False,False,False
topshell,topshell,pldb,,1,1,False,False,False
Topsy Turvy,topsy-turvy,esolang,,1,1,False,False,False
Tor Config,tor-config,linguist,,1,2,False,False,False
torchscript,torchscript,pldb,,1,1,False,False,False
tornado,tornado,pldb,,1,1,False,False,False
Torth,torth,esolang,,1,1,False,False,False
Tory,tory,esolang,,1,1,False,False,False
Total BF,total-bf,esolang,,1,1,False,False,False
Total LISTP,total-listp,esolang,,1,1,False,False,False
Totally Accurate Malbolge,totally-accurate-malbolge,esolang,,1,1,False,False,False
Totrandom,totrandom,esolang,,1,1,False,False,False
touch,touch,pldb,,1,1,False,False,False
touchdesigner,touchdesigner,pldb,,1,1,False,False,False
touchdevelop,touchdevelop,pldb,,1,1,False,False,False
Tower,tower,esolang,,1,1,False,False,False
toy-lang,toy-lang,pldb,,1,1,False,False,False
TP,tp,esolang,,1,1,False,False,False
tpdl-star,tpdl-star,pldb,,1,1,False,False,False
TPL,tpl,esolang,,1,1,False,False,False
TPLHBPTBOTEW,tplhbptbotew,esolang,,1,1,False,False,False
Tplntivhtpaavwtpi,tplntivhtpaavwtpi,esolang,,1,1,False,False,False
TPLTSSPP,tpltsspp,esolang,,1,1,False,False,False
TPPL,tppl,esolang,,1,1,False,False,False
Tq,tq,esolang,,1,1,False,False,False
tql,tql,pldb,,1,1,False,False,False
trace,trace,pldb,,1,1,False,False,False
Track,track,esolang,,1,1,False,False,False
TrackSpan,trackspan,esolang,,1,1,False,False,False
trafola-h,trafola-h,pldb,,1,1,False,False,False
Trail,trail,esolang,,1,1,False,False,False
TRAIN!,train,esolang,,1,1,False,False,False
Trainfck,trainfck,esolang,,1,1,False,False,False
Trainhooking,trainhooking,esolang,,1,1,False,False,False
Trainscript,trainscript,esolang,,1,1,False,False,False
traits,traits,pldb,,1,1,False,False,False
Trajedy,trajedy,esolang,,1,1,False,False,False
tramp,tramp,pldb,,1,1,False,False,False
Trampolines,trampolines,esolang,,1,1,False,False,False
Trance,trance,esolang,,1,1,False,False,False
Trans-dimensional,trans-dimensional,esolang,,1,1,False,False,False
transaction-language-1,transaction-language-1,pldb,,1,1,False,False,False
Transceternal,transceternal,esolang,,1,1,False,False,False
transcode,transcode,pldb,,1,1,False,False,False
Transet,transet,esolang,,1,1,False,False,False
Transfinity,transfinity,esolang,,1,1,False,False,False
transforma,transforma,pldb,,1,1,False,False,False
Transformation is complete,transformation-is-complete,esolang,,1,1,False,False,False
Transformation is complete/readable,transformation-is-complete-readable,esolang,,1,1,False,False,False
Transio,transio,esolang,,1,1,False,False,False
Transistor,transistor,esolang,,1,1,False,False,False
translang,translang,pldb,,1,1,False,False,False
Translated !한국어,translated,esolang,,1,1,False,False,False
Translated Aheui,translated-aheui,esolang,,1,1,False,False,False
Translated Batch,translated-batch,esolang,,1,1,False,False,False
Translated Batch/Mihai Popa,translated-batch-mihai-popa,esolang,,1,1,False,False,False
Translated Befunge,translated-befunge,esolang,,1,1,False,False,False
Translated C++,translated-c-plus-plus,esolang,,1,1,False,False,False
Translated CreativeASM,translated-creativeasm,esolang,,1,1,False,False,False
Translated CSharp,translated-csharp,esolang,,1,1,False,False,False
Translated Die Deutsche Programmiersprache,translated-die-deutsche-programmiersprache,esolang,,1,1,False,False,False
Translated dongbei,translated-dongbei,esolang,,1,1,False,False,False
Translated Drive-In Window,translated-drive-in-window,esolang,,1,1,False,False,False
Translated !English,translated-english,esolang,,1,1,False,False,False
Translated FLOLCODE,translated-flolcode,esolang,,1,1,False,False,False
Translated HZFunge,translated-hzfunge,esolang,,1,1,False,False,False
Translated JNTM,translated-jntm,esolang,,1,1,False,False,False
Translated JS,translated-js,esolang,,1,1,False,False,False
Translated Julia,translated-julia,esolang,,1,1,False,False,False
Translated Julia/PSTF,translated-julia-pstf,esolang,,1,1,False,False,False
Translated LOLCODE,translated-lolcode,esolang,,1,1,False,False,False
Translated Mendeleev,translated-mendeleev,esolang,,1,1,False,False,False
Translated NeverGonna,translated-nevergonna,esolang,,1,1,False,False,False
Translated 中文/None1,translated-none1,esolang,,1,1,False,False,False
Translated ORK,translated-ork,esolang,,1,1,False,False,False
Translated Poetic,translated-poetic,esolang,,1,1,False,False,False
Translated Poetic Mihai,translated-poetic-mihai,esolang,,1,1,False,False,False
Translated Python,translated-python,esolang,,1,1,False,False,False
Translated Python/Mihai Popa,translated-python-mihai-popa,esolang,,1,1,False,False,False
Translated !Romanian,translated-romanian,esolang,,1,1,False,False,False
Translated SLet,translated-slet,esolang,,1,1,False,False,False
Translated SRL++,translated-srl-plus-plus,esolang,,1,1,False,False,False
Translated VBS,translated-vbs,esolang,,1,1,False,False,False
Translated Wenyan,translated-wenyan,esolang,,1,1,False,False,False
Translated ZhongWen,translated-zhongwen,esolang,,1,1,False,False,False
Translation,translation,esolang,,1,1,False,False,False
Transortogonal Polymorphism,transortogonal-polymorphism,esolang,,1,1,False,False,False
Transposed,transposed,esolang,,1,1,False,False,False
Trash,trash,esolang,,1,1,False,False,False
Trate,trate,esolang,,1,1,False,False,False
TRAVEL 33,travel-33,esolang,,1,1,False,False,False
Traxler,traxler,esolang,,1,1,False,False,False
Treadnil,treadnil,esolang,,1,1,False,False,False
Tree,tree,esolang,,1,1,False,False,False
TREE(3),tree-3,esolang,,1,1,False,False,False
tree-annotation-operator,tree-annotation-operator,pldb,,1,1,False,False,False
Treebrainfuck,treebrainfuck,esolang,,1,1,False,False,False
TreeDL,treedl,wikipedia,,1,1,False,False,False
Treee,treee,esolang,,1,1,False,False,False
Treehugger,treehugger,esolang,,1,1,False,False,False
Treescript,treescript,esolang,,1,1,False,False,False
treesheets,treesheets,pldb,,1,1,False,False,False
Treesolang,treesolang,esolang,,1,1,False,False,False
treet,treet,pldb,,1,1,False,False,False
trellis,trellis,pldb,,1,1,False,False,False
Trellis-Owl,trellis-owl,wikipedia,,1,1,False,False,False
tremor-query,tremor-query,pldb,,1,1,False,False,False
Trep,trep,esolang,,1,1,False,False,False
trex,trex,pldb,,1,1,False,False,False
Tri,tri,esolang,,1,1,False,False,False
Tri-Tru-Eso,tri-tru-eso,esolang,,1,1,False,False,False
Trianguish,trianguish,esolang,,1,1,False,False,False
Triangular,triangular,esolang,,1,1,False,False,False
Triangularity,triangularity,esolang,,1,1,False,False,False
Trichotomy,trichotomy,esolang,,1,1,False,False,False
tridash,tridash,pldb,,1,1,False,False,False
Triforce,triforce,esolang,,1,1,False,False,False
trig-syntax,trig-syntax,pldb,,1,1,False,False,False
Trigational Pseudoomninumitype,trigational-pseudoomninumitype,esolang,,1,1,False,False,False
Trigbf,trigbf,esolang,,1,1,False,False,False
Trigger,trigger,esolang,,1,1,False,False,False
TriINTERCAL,triintercal,esolang,,1,1,False,False,False
Trilangle,trilangle,esolang,,1,1,False,False,False
Triliteral,triliteral,esolang,,1,1,False,False,False
trio,trio,pldb,,1,1,False,False,False
Triolang,triolang,esolang,,1,1,False,False,False
triple,triple,pldb,,1,1,False,False,False
Triple Threat,triple-threat,esolang,,1,1,False,False,False
Triplet,triplet,esolang,,1,1,False,False,False
TripletNOR,tripletnor,esolang,,1,1,False,False,False
triroff,triroff,pldb,,1,1,False,False,False
Triskaidekalogophilia,triskaidekalogophilia,esolang,,1,1,False,False,False
TriTape,tritape,esolang,,1,1,False,False,False
Trite,trite,esolang,,1,1,False,False,False
Tritium (programming language),tritium-programming-language,wikipedia,,1,1,False,False,False
Trivial,trivial,esolang,,1,1,False,False,False
Trivial brainfuck substitution,trivial-brainfuck-substitution,esolang,,1,1,False,False,False
Trivial trivial brainfuck substitution,trivial-trivial-brainfuck-substitution,esolang,,1,1,False,False,False
Trml,trml,esolang,,1,1,False,False,False
TroJavaScript,trojavascript,esolang,,1,1,False,False,False
Troll Online,troll-online,esolang,,1,1,False,False,False
tromp-diagrams,tromp-diagrams,pldb,,1,1,False,False,False
Troupe,troupe,esolang,,1,1,False,False,False
Trow,trow,esolang,,1,1,False,False,False
trs-80-color-computer,trs-80-color-computer,pldb,,1,1,False,False,False
Tru,tru,esolang,,1,1,False,False,False
TRUE,true,esolang,,1,1,False,False,False
True (Ractangle),true-ractangle,esolang,,1,1,False,False,False
true-basic,true-basic,pldb,,1,1,False,False,False
Trueclone,trueclone,esolang,,1,1,False,False,False
Truer machine,truer-machine,esolang,,1,1,False,False,False
Truffle,truffle,esolang,,1,1,False,False,False
Truth,truth,esolang,,1,1,False,False,False
Truth Machine (language),truth-machine-language,esolang,,1,1,False,False,False
Truthlang,truthlang,esolang,,1,1,False,False,False
Try,try,esolang,,1,1,False,False,False
TrybblePusher,trybblepusher,esolang,,1,1,False,False,False
TrytePusher,trytepusher,esolang,,1,1,False,False,False
Tsaf,tsaf,esolang,,1,1,False,False,False
tsar,tsar,pldb,,1,1,False,False,False
Tsept,tsept,esolang,,1,1,False,False,False
Tskastic,tskastic,esolang,,1,1,False,False,False
TSPLIB data,tsplib-data,linguist,.tsp,1,3,False,False,False
tsql2,tsql2,pldb,,1,1,False,False,False
tsquery,tsquery,pldb,,1,1,False,False,False
"tstr,",tstr,pldb,,1,1,False,False,False
TSV,tsv,linguist,.tsv .vcf,1,2,False,False,False
Ttem,ttem,esolang,,1,1,False,False,False
TTML,ttml,esolang,,1,1,False,False,False
ttsneo,ttsneo,pldb,,1,1,False,False,False
Tttt,tttt,esolang,,1,1,False,False,False
Ttttt,ttttt,esolang,,1,1,False,False,False
TTyped,ttyped,esolang,,1,1,False,False,False
Tubes,tubes,esolang,,1,1,False,False,False
TUBSOIL,tubsoil,esolang,,1,1,False,False,False
Tuesday,tuesday,esolang,,1,1,False,False,False
Tueue,tueue,esolang,,1,1,False,False,False
Tunable,tunable,esolang,,1,1,False,False,False
Tupilled,tupilled,esolang,,1,1,False,False,False
Tuplary,tuplary,esolang,,1,1,False,False,False
tuplemarkup,tuplemarkup,pldb,,1,1,False,False,False
turbo-assembler,turbo-assembler,pldb,,1,1,False,False,False
turbo-basic,turbo-basic,pldb,,1,1,False,False,False
Turbulence,turbulence,esolang,,1,1,False,False,False
Turi,turi,esolang,,1,1,False,False,False
Turi ip ip ip,turi-ip-ip-ip,esolang,,1,1,False,False,False
Turimg,turimg,esolang,,1,1,False,False,False
Turin,turin,esolang,,1,1,False,False,False
Turinf machine,turinf-machine,esolang,,1,1,False,False,False
Turing Complete DOM Programming Language,turing-complete-dom-programming-language,esolang,,1,1,False,False,False
Turing complete regex,turing-complete-regex,esolang,,1,1,False,False,False
Turing Completer,turing-completer,esolang,,1,1,False,False,False
Turing (Iamcalledbob),turing-iamcalledbob,esolang,,1,1,False,False,False
Turing Machine But Way Worse,turing-machine-but-way-worse,esolang,,1,1,False,False,False
Turing Paint,turing-paint,esolang,,1,1,False,False,False
Turing Script,turing-script,esolang,,1,1,True,False,False
Turing Tumble,turing-tumble,esolang,,1,1,False,False,False
Turing-machine,turing-machine,esolang,,1,1,False,False,False
turing-plus,turing-plus,pldb,,1,1,False,False,False
TuringLang,turinglang,esolang,,1,1,False,False,False
Turkey,turkey,esolang,,1,1,False,False,False
TURKEY BOMB,turkey-bomb,esolang,,1,1,False,False,False
Turmin,turmin,esolang,,1,1,False,False,False
Turn Left,turn-left,esolang,,1,1,False,False,False
Turned,turned,esolang,,1,1,False,False,False
Turnfunge,turnfunge,esolang,,1,1,False,False,False
Turnip,turnip,esolang,,1,1,False,False,False
turnstile,turnstile,pldb,,1,1,False,False,False
turnstile-plus,turnstile-plus,pldb,,1,1,False,False,False
Turth-machine,turth-machine,esolang,,1,1,False,False,False
Turtle just want to dig,turtle-just-want-to-dig,esolang,,1,1,False,False,False
Tuvars,tuvars,esolang,,1,1,False,False,False
TVM&OBJECT,tvm-object,esolang,,1,1,False,False,False
TW'sLE!!!,tw-sle,esolang,,1,1,False,False,False
Twasm,twasm,esolang,,1,1,False,False,False
Tweet,tweet,esolang,,1,1,False,False,False
TWFUNSETDCMFIU,twfunsetdcmfiu,esolang,,1,1,False,False,False
twiki,twiki,pldb,,1,1,False,False,False
TWiRQ,twirq,esolang,,1,1,False,False,False
Twitty,twitty,esolang,,1,1,False,False,False
Two,two,esolang,,1,1,False,False,False
Two commands,two-commands,esolang,,1,1,False,False,False
Two Four,two-four,esolang,,1,1,False,False,False
Two variable language,two-variable-language,esolang,,1,1,False,False,False
two-d,two-d,pldb,,1,1,False,False,False
Two-instruction madness!,two-instruction-madness,esolang,,1,1,False,False,False
Two-instruction madness! (fr this time),two-instruction-madness-fr-this-time,esolang,,1,1,False,False,False
Twocode,twocode,esolang,,1,1,False,False,False
Twocoman,twocoman,esolang,,1,1,False,False,False
Twoee,twoee,esolang,,1,1,False,False,False
TwoFiftyFive,twofiftyfive,esolang,,1,1,False,False,False
TwoStep,twostep,esolang,,1,1,False,False,False
TWPL,twpl,esolang,,1,1,False,False,False
twtxt,twtxt,pldb,,1,1,False,False,False
TxeT,txet,esolang,,1,1,False,False,False
txt2tags,txt2tags,pldb,,1,1,False,False,False
tyco,tyco,pldb,,1,1,False,False,False
tymshare-superbasic,tymshare-superbasic,pldb,,1,1,False,False,False
tynker,tynker,pldb,,1,1,False,False,False
typecastjs,typecastjs,pldb,,1,1,False,False,False
typecobol,typecobol,pldb,,1,1,False,False,False
typedefs,typedefs,pldb,,1,1,False,False,False
Typeform,typeform,esolang,,1,1,False,False,False
Typefuck,typefuck,esolang,,1,1,False,False,False
TypeInt,typeint,esolang,,1,1,False,False,False
Typespam,typespam,esolang,,1,1,False,False,False
TypeString,typestring,esolang,,1,1,False,False,False
typographical-number-theory,typographical-number-theory,pldb,,1,1,False,False,False
tyruba,tyruba,pldb,,1,1,False,False,False
U (PrySigneToFry),u-prysignetofry,esolang,,1,1,False,False,False
U (Ractangle),u-ractangle,esolang,,1,1,False,False,False
u-datalog,u-datalog,pldb,,1,1,False,False,False
Uack,uack,esolang,,1,1,False,False,False
uan,uan,pldb,,1,1,False,False,False
UberGenes,ubergenes,esolang,,1,1,False,False,False
uberscript,uberscript,pldb,,1,1,False,False,False
ubik,ubik,pldb,,1,1,False,False,False
ubjson,ubjson,pldb,,1,1,False,False,False
UBLANG,ublang,esolang,,1,1,False,False,False
UBLANG/MUUBLANG,ublang-muublang,esolang,,1,1,False,False,False
UBLANG/UBLANG++,ublang-ublang-plus-plus,esolang,,1,1,False,False,False
UBX,ubx,esolang,,1,1,False,False,False
uc,uc,pldb,,1,1,False,False,False
UCanCode,ucancode,esolang,,1,1,False,False,False
ucg,ucg,pldb,,1,1,False,False,False
UCHSHOPPLWANPAATILIA,uchshopplwanpaatilia,esolang,,1,1,False,False,False
ucl,ucl,pldb,,1,1,False,False,False
UClang*,uclang,esolang,,1,1,False,False,False
ucsd-pascal,ucsd-pascal,pldb,,1,1,False,False,False
Udage,udage,esolang,,1,1,False,False,False
UDL,udl,esolang,,1,1,False,False,False
udp,udp,pldb,,1,1,False,False,False
Udymts,udymts,esolang,,1,1,False,False,False
Ueck,ueck,esolang,,1,1,False,False,False
Uf,uf,esolang,,1,1,False,False,False
ufl,ufl,pldb,,1,1,False,False,False
ufo,ufo,pldb,,1,1,False,False,False
UFSA,ufsa,esolang,,1,1,False,False,False
UGGA,ugga,esolang,,1,1,False,False,False
UglyBF,uglybf,esolang,,1,1,False,False,False
ugnis,ugnis,pldb,,1,1,False,False,False
Uhaa So Bouncy,uhaa-so-bouncy,esolang,,1,1,False,False,False
uiml,uiml,pldb,,1,1,False,False,False
ujml,ujml,pldb,,1,1,False,False,False
ULEX,ulex,esolang,,1,1,False,False,False
Ulilang,ulilang,esolang,,1,1,False,False,False
Ulioisc,ulioisc,esolang,,1,1,False,False,False
ULSAL,ulsal,esolang,,1,1,False,False,False
Ulsl,ulsl,esolang,,1,1,False,False,False
Ultimate bf instruction minimalization!,ultimate-bf-instruction-minimalization,esolang,,1,1,False,False,False
Ultimate Golfing Simulator 3000,ultimate-golfing-simulator-3000,esolang,,1,1,False,False,False
"Ultimate Programming Language to Take Over a Prison, Then He World",ultimate-programming-language-to-take-over-a-prison-then-he-world,esolang,,1,1,False,False,False
UltimateBinary,ultimatebinary,esolang,,1,1,False,False,False
Ultragolf,ultragolf,esolang,,1,1,False,False,False
ultralisp-pm,ultralisp-pm,pldb,,1,1,False,False,False
uml,uml,pldb,,1,1,False,False,False
uml2-sp,uml2-sp,pldb,,1,1,False,False,False
Ummm...,ummm...,esolang,,1,1,False,False,False
umta,umta,pldb,,1,1,False,False,False
Un-Js,un-js,esolang,,1,1,False,False,False
Unarian,unarian,esolang,,1,1,False,False,False
"Unary Except Every Zero Is Replaced with the Title of This Programming Language or, Alternately, Is Replaced with the Smallest Counter-Example to the Goldbach Conjecture. Compilers and Interpreters Only Have to Implement the Former Option",unary-except-every-zero-is-replaced-with-the-title-of-this-programming-language-or-alternately-is-replaced-with-the-smallest-counter-example-to-the-goldbach-conjecture.-compilers-and-interpreters-only-have-to-implement-the-former-option,esolang,,1,1,False,False,False
Unary Filesystem,unary-filesystem,esolang,,1,1,False,False,False
Unary++,unary-plus-plus,esolang,,1,1,False,False,False
Unary Stack,unary-stack,esolang,,1,1,False,False,False
UnaryBrain,unarybrain,esolang,,1,1,False,False,False
Unasm,unasm,esolang,,1,1,False,False,False
Unassignable,unassignable,esolang,,1,1,False,False,False
UNBABTIZED,unbabtized,esolang,,1,1,False,False,False
Unc,unc,esolang,,1,1,False,False,False
Uncomment,uncomment,esolang,,1,1,False,False,False
UnCompetition,uncompetition,esolang,,1,1,False,False,False
UndeadFish,undeadfish,esolang,,1,1,False,False,False
Undecimal,undecimal,esolang,,1,1,False,False,False
Undefined,undefined,esolang,,1,1,False,False,False
Undefined behavior (language),undefined-behavior-language,esolang,,1,1,False,False,False
Underchaos,underchaos,esolang,,1,1,False,False,False
underlay,underlay,pldb,,1,1,False,False,False
Underun,underun,esolang,,1,1,False,False,False
UndetailedFuck,undetailedfuck,esolang,,1,1,False,False,False
Undocumented,undocumented,esolang,,1,1,False,False,False
Undyne Programming Language,undyne-programming-language,esolang,,1,1,False,False,False
Unfair,unfair,esolang,,1,1,False,False,False
Unfedern,unfedern,esolang,,1,1,False,False,False
Unfuck,unfuck,esolang,,1,1,False,False,False
Unfunge,unfunge,esolang,,1,1,False,False,False
Unhaltingfuck,unhaltingfuck,esolang,,1,1,False,False,False
Unhappy,unhappy,esolang,,1,1,False,False,False
Unicat,unicat,esolang,,1,1,False,False,False
Unicode World,unicode-world,esolang,,1,1,False,False,False
unicode-lang,unicode-lang,pldb,,1,1,False,False,False
Unicodefuck,unicodefuck,esolang,,1,1,False,False,False
Unicoding,unicoding,esolang,,1,1,False,False,False
unicon-adl,unicon-adl,pldb,,1,1,False,False,False
Unified HQ9+,unified-hq9+,esolang,,1,1,False,False,False
unified-diff,unified-diff,pldb,,1,1,False,False,False
Unifuck,unifuck,esolang,,1,1,False,False,False
Unilinear,unilinear,esolang,,1,1,False,False,False
Unilot,unilot,esolang,,1,1,False,False,False
Uniсode,uniode,esolang,,1,1,False,False,False
Union,union,esolang,,1,1,False,False,False
Unique,unique,esolang,,1,1,False,False,False
uniqueStorageName,uniquestoragename,pldb,,1,1,False,False,False
Uniquode,uniquode,esolang,,1,1,False,False,False
unisim,unisim,pldb,,1,1,False,False,False
Unispace,unispace,esolang,,1,1,False,False,False
uniswap,uniswap,pldb,,1,1,False,False,False
UNITE,unite,esolang,,1,1,False,False,False
unity-engine,unity-engine,pldb,,1,1,False,False,False
Universal Lambda,universal-lambda,esolang,,1,1,False,False,False
Universal Test Specification Language,universal-test-specification-language,wikipedia,,1,1,False,False,False
universe,universe,pldb,,1,1,False,False,False
unix,unix,pldb,,1,1,False,False,False
"""unknown""",unknown,pldb,,1,1,False,False,False
Unlabels,unlabels,esolang,,1,1,False,False,False
Unleash,unleash,esolang,,1,1,False,False,False
Unlike,unlike,esolang,,1,1,False,False,False
unlws,unlws,pldb,,1,1,False,False,False
Unmatched (,unmatched,esolang,,1,1,False,False,False
Unnamed,unnamed,esolang,,1,1,False,False,False
Unnecessarily Large HQ9+,unnecessarily-large-hq9+,esolang,,1,1,False,False,False
Unnecessary,unnecessary,esolang,,1,1,False,False,False
UnnumericJS,unnumericjs,esolang,,1,1,False,False,False
UnnumericPy,unnumericpy,esolang,,1,1,False,False,False
UnoScript,unoscript,esolang,,1,1,False,False,False
Unparseable,unparseable,esolang,,1,1,False,False,False
Unpl,unpl,esolang,,1,1,False,False,False
Unpseudorandom,unpseudorandom,esolang,,1,1,False,False,False
unql,unql,pldb,,1,1,False,False,False
unql-lang,unql-lang,pldb,,1,1,False,False,False
Unrandom,unrandom,esolang,,1,1,False,False,False
unravel,unravel,pldb,,1,1,False,False,False
UnreadabIe,unreadabie,esolang,,1,1,False,False,False
Unreadable,unreadable,esolang,,1,1,False,False,False
Unrepetition,unrepetition,esolang,,1,1,False,False,False
unseemly,unseemly,pldb,,1,1,False,False,False
Unsidue,unsidue,esolang,,1,1,False,False,False
Unsightreadable,unsightreadable,esolang,,1,1,False,False,False
Unsquare,unsquare,esolang,,1,1,False,False,False
Unstoppable,unstoppable,esolang,,1,1,False,False,False
Untitled,untitled,esolang,,1,1,False,False,False
Untitled-Null,untitled-null,esolang,,1,1,False,False,False
Untotal Array Changer,untotal-array-changer,esolang,,1,1,False,False,False
Untyped Plutus Core,untyped-plutus-core,linguist,.uplc,1,1,False,False,False
Unusable,unusable,esolang,,1,1,False,False,False
Unvague,unvague,esolang,,1,1,False,False,False
up-arrow-notation,up-arrow-notation,pldb,,1,1,False,False,False
UpDown,updown,esolang,,1,1,False,False,False
UPE,upe,esolang,,1,1,False,False,False
upic,upic,pldb,,1,1,False,False,False
UponThem,uponthem,esolang,,1,1,False,False,False
Uppercase=Lowercase,uppercase-lowercase,esolang,,1,1,False,False,False
Upsilon (Archived),upsilon-archived,esolang,,1,1,False,False,False
uri,uri,pldb,,1,1,False,False,False
url,url,pldb,,1,1,False,False,False
URSL,ursl,esolang,,1,1,False,False,False
UsableSeed,usableseed,esolang,,1,1,False,False,False
Usage:Looping counter,usage-looping-counter,esolang,,1,1,False,False,False
usb-standard,usb-standard,pldb,,1,1,False,False,False
uscript2,uscript2,pldb,,1,1,False,False,False
Useful!,useful,esolang,,1,1,False,False,False
Useful brainfuck,useful-brainfuck,esolang,,1,1,False,False,False
Useless,useless,esolang,,1,1,False,False,False
usenet,usenet,pldb,,1,1,False,False,False
User,user,esolang,,1,1,False,False,False
User:Aadenboy/Ball Pit,user-aadenboy-ball-pit,esolang,,1,1,False,False,False
User:Aadenboy/Bincot draft,user-aadenboy-bincot-draft,esolang,,1,1,False,False,False
User:Aadenboy/Estrita,user-aadenboy-estrita,esolang,,1,1,False,False,False
User:Aadenboy/MODULARBALL,user-aadenboy-modularball,esolang,,1,1,False,False,False
User:Alikberov/Koy-Code,user-alikberov-koy-code,esolang,,1,1,False,False,False
User:Deltayelta/Dredge,user-deltayelta-dredge,esolang,,1,1,False,False,False
User:DockedChutoy/Sandbox,user-dockedchutoy-sandbox,esolang,,1,1,False,False,False
User:EvilRodentOfEVil/Sandbox,user-evilrodentofevil-sandbox,esolang,,1,1,False,False,False
User guessed,user-guessed,esolang,,1,1,False,False,False
User:Hakerh400/Mink,user-hakerh400-mink,esolang,,1,1,False,False,False
User:Hasin Israk Toaha,user-hasin-israk-toaha,esolang,,1,1,False,False,False
User:I am islptng/TCP1,user-i-am-islptng-tcp1,esolang,,1,1,False,False,False
User:Icecream17/Arbitrary,user-icecream17-arbitrary,esolang,,1,1,False,False,False
User:King Ethan,user-king-ethan,esolang,,1,1,False,False,False
User:Language,user-language,esolang,,1,1,False,False,False
User made,user-made,esolang,,1,1,False,False,False
User:Marina,user-marina,esolang,,1,1,False,False,False
User:MihaiEso/InDev,user-mihaieso-indev,esolang,,1,1,False,False,False
User:Osmarks/!lyricly☭demote☭establish☭communism!,user-osmarks-lyriclydemoteestablishcommunism,esolang,,1,1,False,False,False
User:PkmnQ/FWOTD Attempt 1,user-pkmnq-fwotd-attempt-1,esolang,,1,1,False,False,False
User:PkmnQ/Quo,user-pkmnq-quo,esolang,,1,1,False,False,False
User:PkmnQ/WireWorld,user-pkmnq-wireworld,esolang,,1,1,False,False,False
User:PoolloverNathan/Pine,user-poollovernathan-pine,esolang,,1,1,False,False,False
User programmed,user-programmed,esolang,,1,1,False,False,False
User:Proxxa/Deadbeat,user-proxxa-deadbeat,esolang,,1,1,False,False,False
User:PrySigneToFry,user-prysignetofry,esolang,,1,1,False,False,False
User:PrySigneToFry/w/talk/user/talk/language/language/sandbox/sandbox,user-prysignetofry-w-talk-user-talk-language-language-sandbox-sandbox,esolang,,1,1,False,False,False
User:PythonshellDebugwindow/KiloScript,user-pythonshelldebugwindow-kiloscript,esolang,,1,1,False,False,False
User:PythonshellDebugwindow/(Unnamed language),user-pythonshelldebugwindow-unnamed-language,esolang,,1,1,False,False,False
User:RanibowSprimkle64,user-ranibowsprimkle64,esolang,,1,1,False,False,False
User:Sophocrat,user-sophocrat,esolang,,1,1,False,False,False
User:Soundandfury/ECLAIR,user-soundandfury-eclair,esolang,,1,1,False,False,False
User:SpencerW,user-spencerw,esolang,,1,1,False,False,False
User:Stkptr/sandbox,user-stkptr-sandbox,esolang,,1,1,False,False,False
User talk:Language,user-talk-language,esolang,,1,1,False,False,False
User talk:Unitythecoder,user-talk-unitythecoder,esolang,,1,1,False,False,False
User talk:/w/wiki/index.php/Talk:index.php/Main page,user-talk-w-wiki-index.php-talk-index.php-main-page,esolang,,1,1,False,False,False
User:Win7HE/random,user-win7he-random,esolang,,1,1,False,False,False
User:Yasser,user-yasser,esolang,,1,1,False,False,False
USERA,usera,esolang,,1,1,False,False,False
UserEdited,useredited,esolang,,1,1,False,False,False
UserNo,userno,esolang,,1,1,False,False,False
UserScript,userscript,esolang,,1,1,False,False,False
USI,usi,esolang,,1,1,False,False,False
ussa,ussa,pldb,,1,1,False,False,False
UTC+8,utc+8,esolang,,1,1,False,False,False
utc-format,utc-format,pldb,,1,1,False,False,False
utf-8,utf-8,pldb,,1,1,False,False,False
UToober,utoober,esolang,,1,1,False,False,False
Utopia Divine,utopia-divine,esolang,,1,1,False,False,False
utopia-84,utopia-84,pldb,,1,1,False,False,False
uuid,uuid,pldb,,1,1,False,False,False
UwU: A cute esolang,uwu-a-cute-esolang,esolang,,1,1,False,False,False
uxf,uxf,pldb,,1,1,False,False,False
Uyjhmn n,uyjhmn-n,esolang,,1,1,False,False,False
Uzumaki,uzumaki,esolang,,1,1,False,False,False
V (DJMcMayhem),v-djmcmayhem,esolang,,1,1,False,False,False
V (FMota),v-fmota,esolang,,1,1,False,False,False
V'ger,v-ger,esolang,,1,1,False,False,False
V++,v-plus-plus,esolang,,1,1,False,False,False
v-golf,v-golf,pldb,,1,1,False,False,False
v-promela,v-promela,pldb,,1,1,False,False,False
v-visual-language,v-visual-language,pldb,,1,1,False,False,False
V³,v3,esolang,,1,1,False,False,False
V3i,v3i,esolang,,1,1,False,False,False
v8,v8,pldb,,1,1,False,False,False
v8torque,v8torque,pldb,,1,1,False,False,False
Vaffanculo,vaffanculo,esolang,,1,1,False,False,False
Vafix,vafix,esolang,,1,1,False,False,False
Vague,vague,esolang,,1,1,False,False,False
Vaguest,vaguest,esolang,,1,1,False,False,False
vale-assembly,vale-assembly,pldb,,1,1,False,False,False
Valence,valence,esolang,,1,1,False,False,False
Valve Data Format,valve-data-format,linguist,.vdf,1,3,False,False,False
Vandevelo,vandevelo,esolang,,1,1,False,False,False
Vaporware,vaporware,esolang,,1,1,False,False,False
Var=Bar,var-bar,esolang,,1,1,False,False,False
Varia,varia,esolang,,1,1,False,False,False
Variambda,variambda,esolang,,1,1,False,False,False
Varigen,varigen,esolang,,1,1,False,False,False
varlist,varlist,pldb,,1,1,False,False,False
Varnand,varnand,esolang,,1,1,False,False,False
Vars,vars,esolang,,1,1,False,False,False
Varsig,varsig,esolang,,1,1,False,False,False
VarStack,varstack,esolang,,1,1,False,False,False
VAST,vast,esolang,,1,1,False,False,False
VBasicDellExp JSharp,vbasicdellexp-jsharp,esolang,,1,1,False,False,False
VBF,vbf,esolang,,1,1,False,False,False
vCard,vcard,linguist,.vcf,1,3,False,False,False
vcf-format,vcf-format,pldb,,1,1,False,False,False
vcpkg-pm,vcpkg-pm,pldb,,1,1,False,False,False
VD3,vd3,esolang,,1,1,False,False,False
vdscript,vdscript,pldb,,1,1,False,False,False
Vector,vector,esolang,,1,1,False,False,False
vector-pascal,vector-pascal,pldb,,1,1,False,False,False
vega-editor-app,vega-editor-app,pldb,,1,1,False,False,False
Vein,vein,esolang,,1,1,False,False,False
Velocityfuck,velocityfuck,esolang,,1,1,False,False,False
vely,vely,pldb,,1,1,False,False,False
VenetianScript,venetianscript,esolang,,1,1,False,False,False
Vento,vento,linguist,.vto,1,1,False,False,False
venus,venus,pldb,,1,1,False,False,False
Verbose,verbose,esolang,,1,1,False,False,False
VerboseFuck,verbosefuck,esolang,,1,1,False,False,False
VeriBasic,veribasic,esolang,,1,1,False,False,False
VERPNL,verpnl,esolang,,1,1,False,False,False
Versert,versert,esolang,,1,1,False,False,False
Version,version,esolang,,1,1,False,False,False
Version2,version2,esolang,,1,1,False,False,False
versioned-text-markup-language,versioned-text-markup-language,pldb,,1,1,False,False,False
Vertica Smile,vertica-smile,esolang,,1,1,False,False,False
Vertical,vertical,esolang,,1,1,False,False,False
VES++,ves-plus-plus,esolang,,1,1,False,False,False
Vesob,vesob,esolang,,1,1,False,False,False
Vessel,vessel,esolang,,1,1,False,False,False
Vfl,vfl,esolang,,1,1,False,False,False
VFUSL,vfusl,esolang,,1,1,False,False,False
vga-standard,vga-standard,pldb,,1,1,False,False,False
"VGFJKDMLFJNDSJHGFYHJDZNYFBICHU,SBYFHDSR,JCBVFBDSJ;",vgfjkdmlfjndsjhgfyhjdznyfbichu-sbyfhdsr-jcbvfbdsj,esolang,,1,1,False,False,False
vi,vi,pldb,,1,1,False,False,False
video,video,pldb,,1,1,False,False,False
vienna-definition-language,vienna-definition-language,pldb,,1,1,False,False,False
vienna-fortran,vienna-fortran,pldb,,1,1,False,False,False
Viktor's amazing 4-bit processor,viktor-s-amazing-4-bit-processor,esolang,,1,1,False,False,False
Villmark,villmark,esolang,,1,1,False,False,False
vilnius-basic,vilnius-basic,pldb,,1,1,False,False,False
Vim Snippet,vim-snippet,linguist,.snip .snippet .snippets,1,5,True,False,False
vim-scripts-pm,vim-scripts-pm,pldb,,1,1,False,False,False
vimwiki,vimwiki,pldb,,1,1,False,False,False
vine,vine,pldb,,1,1,False,False,False
Violation,violation,esolang,,1,1,False,False,False
violent-es,violent-es,pldb,,1,1,False,False,False
VIOLET,violet,esolang,,1,1,False,False,False
viptran,viptran,pldb,,1,1,False,False,False
Virage,virage,esolang,,1,1,False,False,False
viron,viron,pldb,,1,1,False,False,False
virt,virt,pldb,,1,1,False,False,False
visavis,visavis,pldb,,1,1,False,False,False
visdown,visdown,pldb,,1,1,False,False,False
Visible Whitespace,visible-whitespace,esolang,,1,1,False,False,False
visicalc,visicalc,pldb,,1,1,False,False,False
Visify,visify,esolang,,1,1,False,False,False
vissim,vissim,pldb,,1,1,False,False,False
visual,visual,pldb,,1,1,False,False,False
Visual Basic (classic),visual-basic-classic,wikipedia,,1,1,False,False,False
visual-basic.net,visual-basic.net,pldb,,1,1,False,False,False
visual-dataflex,visual-dataflex,pldb,,1,1,False,False,False
visual-dialogscript,visual-dialogscript,pldb,,1,1,False,False,False
visual-eiffel,visual-eiffel,pldb,,1,1,False,False,False
visual-logic,visual-logic,pldb,,1,1,False,False,False
visual-occam,visual-occam,pldb,,1,1,False,False,False
visual-paradigm-app,visual-paradigm-app,pldb,,1,1,False,False,False
visual-smalltalk-enterprise,visual-smalltalk-enterprise,pldb,,1,1,False,False,False
visual-studio-code-editor,visual-studio-code-editor,pldb,,1,1,False,False,False
visual-studio-editor,visual-studio-editor,pldb,,1,1,False,False,False
visual-studio-marketplace-pm,visual-studio-marketplace-pm,pldb,,1,1,False,False,False
visual-test,visual-test,pldb,,1,1,False,False,False
Vitsy,vitsy,esolang,,1,1,False,False,False
viva,viva,pldb,,1,1,False,False,False
vivaldi,vivaldi,pldb,,1,1,False,False,False
Vixen,vixen,esolang,,1,1,False,False,False
viz,viz,pldb,,1,1,False,False,False
Vizh,vizh,esolang,,1,1,False,False,False
vlc,vlc,pldb,,1,1,False,False,False
vlibtemplate,vlibtemplate,pldb,,1,1,False,False,False
vml,vml,pldb,,1,1,False,False,False
VNL,vnl,esolang,,1,1,False,False,False
Voclex,voclex,esolang,,1,1,False,False,False
Voiced dental fricative,voiced-dental-fricative,esolang,,1,1,False,False,False
Void,void,esolang,,1,1,False,False,False
VoidLang,voidlang,esolang,,1,1,False,False,False
Volatile,volatile,esolang,,1,1,False,False,False
Von Neumann's 29-state cellular automaton,von-neumann-s-29-state-cellular-automaton,esolang,,1,1,False,False,False
Vowels,vowels,esolang,,1,1,False,False,False
Vowels (2017),vowels-2017,esolang,,1,1,False,False,False
voxml,voxml,pldb,,1,1,False,False,False
vpl,vpl,pldb,,1,1,False,False,False
Vrejvax,vrejvax,esolang,,1,1,False,False,False
Vroom,vroom,esolang,,1,1,False,False,False
vspl,vspl,pldb,,1,1,False,False,False
vsxu,vsxu,pldb,,1,1,False,False,False
VTFF,vtff,esolang,,1,1,False,False,False
vtl-lang,vtl-lang,pldb,,1,1,False,False,False
vtml,vtml,pldb,,1,1,False,False,False
vuejs,vuejs,pldb,,1,1,False,False,False
vulcan,vulcan,pldb,,1,1,False,False,False
Vurl,vurl,esolang,,1,1,False,False,False
VurlG,vurlg,esolang,,1,1,False,False,False
Vv,vv,esolang,,1,1,False,False,False
W (A),w-a,esolang,,1,1,False,False,False
W (Viktor T. Toth),w-viktor-t.-toth,esolang,,1,1,False,False,False
W-INTERCAL,w-intercal,esolang,,1,1,False,False,False
W.W.E,w.w.e,esolang,,1,1,False,False,False
W4ng =,w4ng,esolang,,1,1,False,False,False
Waffles,waffles,esolang,,1,1,False,False,False
Wagon,wagon,esolang,,1,1,False,False,False
wah,wah,pldb,,1,1,False,False,False
WaidWmy,waidwmy,esolang,,1,1,False,False,False
Waitforme,waitforme,esolang,,1,1,False,False,False
Walking Straight Forward,walking-straight-forward,esolang,,1,1,False,False,False
Walls,walls,esolang,,1,1,False,False,False
walt,walt,pldb,,1,1,False,False,False
Wariolang,wariolang,esolang,,1,1,False,False,False
WARP,warp,esolang,,1,1,False,False,False
Wasaya,wasaya,esolang,,1,1,False,False,False
WASD,wasd,esolang,,1,1,False,False,False
wasmer,wasmer,pldb,,1,1,False,False,False
wasp-lang,wasp-lang,pldb,,1,1,False,False,False
watcom,watcom,pldb,,1,1,False,False,False
water,water,pldb,,1,1,False,False,False
Watnoxt,watnoxt,esolang,,1,1,False,False,False
wats,wats,pldb,,1,1,False,False,False
Wave,wave,esolang,,1,1,False,False,False
wax,wax,pldb,,1,1,False,False,False
WCDA,wcda,esolang,,1,1,False,False,False
wcl,wcl,pldb,,1,1,False,False,False
wcps,wcps,pldb,,1,1,False,False,False
wddx,wddx,pldb,,1,1,False,False,False
wdf,wdf,pldb,,1,1,False,False,False
We30++,we30-plus-plus,esolang,,1,1,False,False,False
Weave,weave,esolang,,1,1,False,False,False
Web Ontology Language,web-ontology-language,linguist,.owl,1,1,True,False,False
web-idl,web-idl,pldb,,1,1,False,False,False
web3js,web3js,pldb,,1,1,False,False,False
WebAssembly Interface Type,webassembly-interface-type,linguist,.wit,1,2,False,False,False
WebFuckLang,webfucklang,esolang,,1,1,False,False,False
webgl,webgl,pldb,,1,1,False,False,False
webkit,webkit,pldb,,1,1,False,False,False
webm,webm,pldb,,1,1,False,False,False
webp,webp,pldb,,1,1,False,False,False
webql,webql,pldb,,1,1,False,False,False
webrtc,webrtc,pldb,,1,1,False,False,False
webstorm-editor,webstorm-editor,pldb,,1,1,False,False,False
WebVTT,webvtt,linguist,.vtt,1,2,True,False,False
Weeeeeeeeeeeeeeeeeeeeeeeeeeeeee,weeeeeeeeeeeeeeeeeeeeeeeeeeeeee,esolang,,1,1,False,False,False
Weeeeeeeeeeeeeeeeeeeeeeeeeeeeee with looping,weeeeeeeeeeeeeeeeeeeeeeeeeeeeee-with-looping,esolang,,1,1,False,False,False
WeeeeeeeeeeeeeeeeeeeeeeeeeeeeeeBasic,weeeeeeeeeeeeeeeeeeeeeeeeeeeeeebasic,esolang,,1,1,False,False,False
WeeeeeeeeeeeeeeeeeeeeeeeeeeeeeeBasic++,weeeeeeeeeeeeeeeeeeeeeeeeeeeeeebasic-plus-plus,esolang,,1,1,False,False,False
Weg,weg,esolang,,1,1,False,False,False
Weirdlang,weirdlang,esolang,,1,1,False,False,False
"Welcome to Esolang, the esoteric programming languages wiki!",welcome-to-esolang-the-esoteric-programming-languages-wiki,esolang,,1,1,False,False,False
Welcome to Markwhen 👋,welcome-to-markwhen,pldb,,1,1,False,False,False
Wepmlrio,wepmlrio,esolang,,1,1,False,False,False
wescheme,wescheme,pldb,,1,1,False,False,False
Wget Config,wget-config,linguist,,1,2,True,False,False
wgs,wgs,pldb,,1,1,False,False,False
whack,whack,pldb,,1,1,False,False,False
whalecalf,whalecalf,pldb,,1,1,False,False,False
Whap,whap,esolang,,1,1,False,False,False
WHAT,what,esolang,,1,1,False,False,False
What a mess!,what-a-mess,esolang,,1,1,False,False,False
What Mains Numbers?,what-mains-numbers,esolang,,1,1,False,False,False
What's the dog doin?,what-s-the-dog-doin,esolang,,1,1,False,False,False
What the fuck is the Internet?,what-the-fuck-is-the-internet,esolang,,1,1,False,False,False
(WHATEVER WE NAME IT),whatever-we-name-it,esolang,,1,1,False,False,False
WhatLang,whatlang,esolang,,1,1,False,False,False
Wheat,wheat,esolang,,1,1,False,False,False
Wheddo,wheddo,esolang,,1,1,False,False,False
Wheel,wheel,esolang,,1,1,False,False,False
When,when,esolang,,1,1,False,False,False
When The,when-the,esolang,,1,1,False,False,False
When the Imposter is Sus,when-the-imposter-is-sus,esolang,,1,1,False,False,False
Whendo,whendo,esolang,,1,1,False,False,False
Where,where,esolang,,1,1,False,False,False
Where is my esolang?,where-is-my-esolang,esolang,,1,1,False,False,False
Which esolang did I use qwq,which-esolang-did-i-use-qwq,esolang,,1,1,False,False,False
While Pointstack,while-pointstack,esolang,,1,1,False,False,False
While(true),while-true,esolang,,1,1,False,False,False
While true (cat),while-true-cat,esolang,,1,1,False,False,False
WhimsiCode,whimsicode,esolang,,1,1,False,False,False
Who,who,esolang,,1,1,False,False,False
Whoeverscripts,whoeverscripts,esolang,,1,1,False,False,False
whois-protocol,whois-protocol,pldb,,1,1,False,False,False
Whole,whole,esolang,,1,1,False,False,False
WholesomeFuck,wholesomefuck,esolang,,1,1,False,False,False
WHY,why,esolang,,1,1,False,False,False
"Why are turtles called turtles? It really confuses me. They could've been called a better name. No, not being called ""a better name"", but having a better name. Turtles aren't turtles. They're not an animal. They're just an entity for 2D rendering. I think",why-are-turtles-called-turtles-it-really-confuses-me.-they-could-ve-been-called-a-better-name.-no-not-being-called-a-better-name-but-having-a-better-name.-turtles-aren-t-turtles.-they-re-not-an-animal.-they-re-just-an-entity-for-2d-rendering.-i-think,esolang,,1,1,False,False,False
Why Does This Towel Smell Different Each Time I Use It,why-does-this-towel-smell-different-each-time-i-use-it,esolang,,1,1,False,False,False
Why tho,why-tho,esolang,,1,1,False,False,False
Why? Why? Why?,why-why-why,esolang,,1,1,False,False,False
Whyfuck,whyfuck,esolang,,1,1,False,False,False
Whyn,whyn,esolang,,1,1,False,False,False
Width (yayimhere),width-yayimhere,esolang,,1,1,False,False,False
Wierd Machine,wierd-machine,esolang,,1,1,False,False,False
Wigner's Fuckbuddy Is A Superposition of Top And Bottom,wigner-s-fuckbuddy-is-a-superposition-of-top-and-bottom,esolang,,1,1,False,False,False
WII2D,wii2d,esolang,,1,1,False,False,False
Wiiil,wiiil,esolang,,1,1,False,False,False
Wiki Cyclic Tag,wiki-cyclic-tag,esolang,,1,1,False,False,False
Wiki/pedia/.org,wiki-pedia-.org,esolang,,1,1,False,False,False
Wiki/wiki/wiki/wiki/wiki/wiki/,wiki-wiki-wiki-wiki-wiki-wiki,esolang,,1,1,False,False,False
WikiFreak,wikifreak,esolang,,1,1,False,False,False
WikiFuck,wikifuck,esolang,,1,1,False,False,False
Wikipedia is stupid and dumb,wikipedia-is-stupid-and-dumb,esolang,,1,1,False,False,False
Wikiplia,wikiplia,esolang,,1,1,False,False,False
Wikitables,wikitables,esolang,,1,1,False,False,False
wikitax,wikitax,pldb,,1,1,False,False,False
WILSON,wilson,esolang,,1,1,False,False,False
*$@(^$)!/Wimpmodes,wimpmodes,esolang,,1,1,False,False,False
Win Golf,win-golf,esolang,,1,1,False,False,False
Windmill,windmill,esolang,,1,1,False,False,False
Window,window,esolang,,1,1,False,False,False
WindowGolf,windowgolf,esolang,,1,1,False,False,False
Windows找不到文件“啊”。请确认文件名正确后再试一次。,windows,esolang,,1,1,False,False,False
Windows 1.0,windows-1.0,esolang,,1,1,False,False,False
winwrap-basic,winwrap-basic,pldb,,1,1,False,False,False
wiredtiger,wiredtiger,pldb,,1,1,False,False,False
Wirefunge,wirefunge,esolang,,1,1,False,False,False
Wireless Coolbeans,wireless-coolbeans,esolang,,1,1,False,False,False
wireless-markup-language,wireless-markup-language,pldb,,1,1,False,False,False
wirth-syntax-notation,wirth-syntax-notation,pldb,,1,1,False,False,False
WISC,wisc,esolang,,1,1,False,False,False
Wise,wise,esolang,,1,1,False,False,False
Wishmaster,wishmaster,esolang,,1,1,False,False,False
wiswesser-line-notation,wiswesser-line-notation,pldb,,1,1,False,False,False
Witcher Script,witcher-script,linguist,.ws,1,1,False,False,False
Witeal,witeal,esolang,,1,1,False,False,False
神金，害我笑了一下 without a Quine,without-a-quine,esolang,,1,1,False,False,False
Witsaff,witsaff,esolang,,1,1,False,False,False
Wittgen,wittgen,esolang,,1,1,False,False,False
Wittgen's Zucchini,wittgen-s-zucchini,esolang,,1,1,False,False,False
Wiwa,wiwa,esolang,,1,1,False,False,False
WIWH,wiwh,esolang,,1,1,False,False,False
wizml,wizml,pldb,,1,1,False,False,False
wizor,wizor,pldb,,1,1,False,False,False
Wizzcake,wizzcake,esolang,,1,1,False,False,False
Wizzcake+,wizzcake+,esolang,,1,1,False,False,False
WJ,wj,esolang,,1,1,False,False,False
wlambda,wlambda,pldb,,1,1,False,False,False
WLoop,wloop,esolang,,1,1,False,False,False
WLWLWL,wlwlwl,esolang,,1,1,False,False,False
woe,woe,pldb,,1,1,False,False,False
Woefully,woefully,esolang,,1,1,False,False,False
wol,wol,pldb,,1,1,False,False,False
Wolfgang,wolfgang,esolang,,1,1,False,False,False
wolontis-bell-interpreter,wolontis-bell-interpreter,pldb,,1,1,False,False,False
Woodchuck,woodchuck,esolang,,1,1,False,False,False
Woof,woof,esolang,,1,1,False,False,False
woofjs,woofjs,pldb,,1,1,False,False,False
Woosh,woosh,esolang,,1,1,False,False,False
WooYeah,wooyeah,esolang,,1,1,False,False,False
Word,word,esolang,,1,1,False,False,False
Word worm,word-worm,esolang,,1,1,False,False,False
Wordfuck,wordfuck,esolang,,1,1,False,False,False
WordLang,wordlang,esolang,,1,1,False,False,False
Wordless,wordless,esolang,,1,1,False,False,False
wordpress,wordpress,pldb,,1,1,False,False,False
Wordy,wordy,esolang,,1,1,False,False,False
work-flow-language,work-flow-language,pldb,,1,1,False,False,False
workfl,workfl,pldb,,1,1,False,False,False
= 'World',world,pldb,,1,1,False,False,False
World Music API,world-music-api,pldb,,1,1,False,False,False
worldwideweb-browser,worldwideweb-browser,pldb,,1,1,False,False,False
worst,worst,pldb,,1,1,False,False,False
Wow! First genetically proven scaleless ball python!!,wow-first-genetically-proven-scaleless-ball-python,esolang,,1,1,False,False,False
"Wow, labels are variables now!",wow-labels-are-variables-now,esolang,,1,1,False,False,False
Wow owo,wow-owo,esolang,,1,1,False,False,False
Wrapping Rhoam,wrapping-rhoam,esolang,,1,1,False,False,False
writeacourse,writeacourse,pldb,,1,1,False,False,False
Writeover,writeover,esolang,,1,1,False,False,False
writerduet,writerduet,pldb,,1,1,False,False,False
Writr,writr,esolang,,1,1,False,False,False
WrongFuck,wrongfuck,esolang,,1,1,False,False,False
Wsad,wsad,esolang,,1,1,False,False,False
wsdl,wsdl,pldb,,1,1,False,False,False
wsfn-programming-language,wsfn-programming-language,pldb,,1,1,False,False,False
WsFuck,wsfuck,esolang,,1,1,False,False,False
WTFZOMFG,wtfzomfg,esolang,,1,1,False,False,False
wu,wu,pldb,,1,1,False,False,False
Wuht,wuht,esolang,,1,1,False,False,False
Wumpus,wumpus,esolang,,1,1,False,False,False
Wunnel,wunnel,esolang,,1,1,False,False,False
Wuthering Heights,wuthering-heights,pldb,,1,1,False,False,False
Wutlang,wutlang,esolang,,1,1,False,False,False
WUTWWITIPMPAW,wutwwitipmpaw,esolang,,1,1,False,False,False
WUUI,wuui,esolang,,1,1,False,False,False
www,www,pldb,,1,1,False,False,False
WY-Anglis,wy-anglis,esolang,,1,1,False,False,False
wylbur,wylbur,pldb,,1,1,False,False,False
Wymaewyha,wymaewyha,esolang,,1,1,False,False,False
Wyßq,wyq,esolang,,1,1,False,False,False
WysiScript,wysiscript,esolang,,1,1,False,False,False
WYSIWISC,wysiwisc,esolang,,1,1,False,False,False
Wyvyx,wyvyx,esolang,,1,1,False,False,False
;x,x,esolang,,1,1,False,False,False
X strike,x-strike,esolang,,1,1,False,False,False
X vs. Y,x-vs.-y,esolang,,1,1,False,False,False
X(y),x-y,esolang,,1,1,False,False,False
X-ASM,x-asm,esolang,,1,1,False,False,False
x-basic,x-basic,pldb,,1,1,False,False,False
x-bitmap-format,x-bitmap-format,pldb,,1,1,False,False,False
X-D,x-d,esolang,,1,1,False,False,False
x-it,x-it,pldb,,1,1,False,False,False
x-klaim,x-klaim,pldb,,1,1,False,False,False
X.so,x.so,esolang,,1,1,False,False,False
x3d,x3d,pldb,,1,1,False,False,False
X7,x7,esolang,,1,1,False,False,False
x86-64-isa,x86-64-isa,pldb,,1,1,False,False,False
x86-assembly,x86-assembly,pldb,,1,1,False,False,False
x86-isa,x86-isa,pldb,,1,1,False,False,False
xadl,xadl,pldb,,1,1,False,False,False
XAH,xah,esolang,,1,1,False,False,False
xaml,xaml,pldb,,1,1,False,False,False
Xand,xand,esolang,,1,1,False,False,False
xarray,xarray,pldb,,1,1,False,False,False
Xaxa,xaxa,esolang,,1,1,False,False,False
xbasepp,xbasepp,pldb,,1,1,False,False,False
xbel,xbel,pldb,,1,1,False,False,False
XBF,xbf,esolang,,1,1,False,False,False
xbl,xbl,pldb,,1,1,False,False,False
xbrl,xbrl,pldb,,1,1,False,False,False
xcard,xcard,pldb,,1,1,False,False,False
xcas,xcas,pldb,,1,1,False,False,False
Xcf4••,xcf4,esolang,,1,1,False,False,False
xcore,xcore,pldb,,1,1,False,False,False
xcy,xcy,pldb,,1,1,False,False,False
XD,xd,esolang,,1,1,False,False,False
Xdi8 aho fHL mA,xdi8-aho-fhl-ma,esolang,,1,1,False,False,False
xdr,xdr,pldb,,1,1,False,False,False
xe,xe,pldb,,1,1,False,False,False
XENBLN,xenbln,esolang,,1,1,False,False,False
Xenon,xenon,esolang,,1,1,False,False,False
XERO,xero,esolang,,1,1,False,False,False
Xeroxer,xeroxer,esolang,,1,1,False,False,False
XFS,xfs,esolang,,1,1,False,False,False
xgboost,xgboost,pldb,,1,1,False,False,False
xgboost-model,xgboost-model,pldb,,1,1,False,False,False
XGCC,xgcc,esolang,,1,1,False,False,False
xhtml,xhtml,pldb,,1,1,False,False,False
xidoc,xidoc,pldb,,1,1,False,False,False
Xigxag,xigxag,esolang,,1,1,False,False,False
Xihcute,xihcute,esolang,,1,1,False,False,False
Xjansk,xjansk,esolang,,1,1,False,False,False
XKCD,xkcd,esolang,,1,1,False,False,False
xl-lang,xl-lang,pldb,,1,1,False,False,False
xla,xla,pldb,,1,1,False,False,False
xlwings-editor,xlwings-editor,pldb,,1,1,False,False,False
Xmake,xmake,linguist,,1,1,False,False,False
xmi,xmi,pldb,,1,1,False,False,False
xmind,xmind,pldb,,1,1,False,False,False
XML Property List,xml-property-list,linguist,.plist .sttheme .tmcommand .tmlanguage .tmpreferences .tmsnippet .tmtheme,1,1,True,False,False
xml-gl,xml-gl,pldb,,1,1,False,False,False
xml-infoset,xml-infoset,pldb,,1,1,False,False,False
xml-ql,xml-ql,pldb,,1,1,False,False,False
xml-query-algebra,xml-query-algebra,pldb,,1,1,False,False,False
XMLang,xmlang,esolang,,1,1,False,False,False
XMLfuck,xmlfuck,esolang,,1,1,False,False,False
xmpp,xmpp,pldb,,1,1,False,False,False
xmtc,xmtc,pldb,,1,1,False,False,False
xmtp,xmtp,pldb,,1,1,False,False,False
Xⁿxₙ,xnxn,esolang,,1,1,False,False,False
Xo,xo,esolang,,1,1,False,False,False
xoc-compiler,xoc-compiler,pldb,,1,1,False,False,False
xodio,xodio,pldb,,1,1,False,False,False
Xonovile,xonovile,esolang,,1,1,False,False,False
XOR,xor,esolang,,1,1,False,False,False
XOṘ Mạchịne,xor-machine,esolang,,1,1,False,False,False
xpm-format,xpm-format,pldb,,1,1,False,False,False
Xponent,xponent,esolang,,1,1,False,False,False
xpop,xpop,pldb,,1,1,False,False,False
xql-lang,xql-lang,pldb,,1,1,False,False,False
XRay,xray,esolang,,1,1,False,False,False
XRF,xrf,esolang,,1,1,False,False,False
xs-lang,xs-lang,pldb,,1,1,False,False,False
xsd,xsd,pldb,,1,1,False,False,False
xsim,xsim,pldb,,1,1,False,False,False
XSM,xsm,esolang,,1,1,False,False,False
xsv-app,xsv-app,pldb,,1,1,False,False,False
XSVL,xsvl,esolang,,1,1,False,False,False
Xt,xt,esolang,,1,1,False,False,False
xt3d,xt3d,pldb,,1,1,False,False,False
xtao,xtao,pldb,,1,1,False,False,False
xtclang,xtclang,pldb,,1,1,False,False,False
xtext,xtext,pldb,,1,1,False,False,False
xtran,xtran,pldb,,1,1,False,False,False
Xtrod,xtrod,esolang,,1,1,False,False,False
XTW,xtw,esolang,,1,1,False,False,False
Xuki,xuki,esolang,,1,1,False,False,False
xuml,xuml,pldb,,1,1,False,False,False
xupdate,xupdate,pldb,,1,1,False,False,False
XUS,xus,esolang,,1,1,False,False,False
xxl,xxl,pldb,,1,1,False,False,False
"'xxx' is not recognized as an internal or external command, operable program or batch file.",xxx-is-not-recognized-as-an-internal-or-external-command-operable-program-or-batch-file.,esolang,,1,1,False,False,False
XXXoYYY,xxxoyyy,esolang,,1,1,False,False,False
xy,xy,pldb,,1,1,False,False,False
XYScript,xyscript,esolang,,1,1,False,False,False
XYZ?,xyz,esolang,,1,1,False,False,False
Y (Conor O'Brien),y-conor-o-brien,esolang,,1,1,False,False,False
Y/Y,y-y,esolang,,1,1,False,False,False
y-lang,y-lang,pldb,,1,1,False,False,False
Y86,y86,esolang,,1,1,False,False,False
YAASEL,yaasel,esolang,,1,1,False,False,False
YABALL,yaball,esolang,,1,1,False,False,False
YABC,yabc,esolang,,1,1,False,False,False
YABFD,yabfd,esolang,,1,1,False,False,False
Yael,yael,esolang,,1,1,False,False,False
yakou-lang,yakou-lang,pldb,,1,1,False,False,False
yap-prolog,yap-prolog,pldb,,1,1,False,False,False
Yappacino,yappacino,esolang,,1,1,False,False,False
Yaren,yaren,esolang,,1,1,False,False,False
yarv,yarv,pldb,,1,1,False,False,False
YASBE,yasbe,esolang,,1,1,False,False,False
YASBL,yasbl,esolang,,1,1,False,False,False
yasl,yasl,pldb,,1,1,False,False,False
YATDEL,yatdel,esolang,,1,1,False,False,False
Yboy,yboy,esolang,,1,1,False,False,False
ycp,ycp,pldb,,1,1,False,False,False
Ye Olde Alchemist,ye-olde-alchemist,esolang,,1,1,False,False,False
Yeah!,yeah,esolang,,1,1,False,False,False
yedalog,yedalog,pldb,,1,1,False,False,False
Yee,yee,esolang,,1,1,False,False,False
Yellow Four Code,yellow-four-code,esolang,,1,1,False,False,False
YEOOIIOOIOA,yeooiiooioa,esolang,,1,1,False,False,False
Yes.,yes.,esolang,,1,1,False,False,False
YesNoMaybeUnknown,yesnomaybeunknown,esolang,,1,1,False,False,False
yess,yess,pldb,,1,1,False,False,False
Yet Another Musical Esolang,yet-another-musical-esolang,esolang,,1,1,False,False,False
yewslip,yewslip,pldb,,1,1,False,False,False
yggdrasil,yggdrasil,pldb,,1,1,False,False,False
yii,yii,pldb,,1,1,False,False,False
yinyang,yinyang,pldb,,1,1,False,False,False
YNTDAE,yntdae,esolang,,1,1,False,False,False
Yo,yo,esolang,,1,1,False,False,False
YO DAWG,yo-dawg,esolang,,1,1,False,False,False
Yo!nk,yo-nk,esolang,,1,1,False,False,False
Yoctofunge,yoctofunge,esolang,,1,1,False,False,False
Yoctostack,yoctostack,esolang,,1,1,False,False,False
yoga,yoga,pldb,,1,1,False,False,False
Yoktoki,yoktoki,esolang,,1,1,False,False,False
You are in a brainforest,you-are-in-a-brainforest,esolang,,1,1,False,False,False
You are Reading the Name of this Esolang,you-are-reading-the-name-of-this-esolang,esolang,,1,1,False,False,False
You make the esolang,you-make-the-esolang,esolang,,1,1,False,False,False
You wait here,you-wait-here,esolang,,1,1,False,False,False
Your,your,esolang,,1,1,False,False,False
Your Minsky May Vary,your-minsky-may-vary,esolang,,1,1,False,False,False
Your Pillows,your-pillows,esolang,,1,1,False,False,False
Your Pong May Minsky,your-pong-may-minsky,esolang,,1,1,False,False,False
Your stack may be eaten,your-stack-may-be-eaten,esolang,,1,1,False,False,False
Your Time Is Up,your-time-is-up,esolang,,1,1,False,False,False
Yourlang,yourlang,esolang,,1,1,False,False,False
Ypsilax,ypsilax,esolang,,1,1,False,False,False
yugabytedb,yugabytedb,pldb,,1,1,False,False,False
Yugoslavic,yugoslavic,esolang,,1,1,False,False,False
Yuij,yuij,esolang,,1,1,False,False,False
yum-pm,yum-pm,pldb,,1,1,False,False,False
Yuontlitled,yuontlitled,esolang,,1,1,False,False,False
Z mjhkh,z-mjhkh,esolang,,1,1,False,False,False
Z++,z-plus-plus,esolang,,1,1,False,False,False
Z Sharp,z-sharp,esolang,,1,1,False,False,False
z-expressions,z-expressions,pldb,,1,1,False,False,False
z-flat,z-flat,pldb,,1,1,False,False,False
z-machine,z-machine,pldb,,1,1,False,False,False
z-notation,z-notation,pldb,,1,1,False,False,False
z-shell,z-shell,pldb,,1,1,False,False,False
z2,z2,pldb,,1,1,False,False,False
z80,z80,pldb,,1,1,False,False,False
Z80golf,z80golf,esolang,,1,1,False,False,False
Zaddy,zaddy,esolang,,1,1,False,False,False
Zahlen,zahlen,esolang,,1,1,False,False,False
Zalgo,zalgo,esolang,,1,1,False,False,False
ZALIBY,zaliby,esolang,,1,1,False,False,False
Zame,zame,esolang,,1,1,False,False,False
ZAP,zap,linguist,.xzap .zap,1,1,True,False,False
zccs,zccs,pldb,,1,1,False,False,False
ZecZec,zeczec,esolang,,1,1,False,False,False
Zeno (Archived),zeno-archived,esolang,,1,1,False,False,False
ZenoCodR,zenocodr,esolang,,1,1,False,False,False
ZeptoBasic,zeptobasic,esolang,,1,1,False,False,False
Zero,zero,esolang,,1,1,False,False,False
｢Zero Existance⇩｣,zero-existance,esolang,,1,1,False,False,False
ZeroBF,zerobf,esolang,,1,1,False,False,False
ZeroDivisionError: Division by 0,zerodivisionerror-division-by-0,esolang,,1,1,False,False,False
ZeroDivisionError: Division by 0/NoQuine,zerodivisionerror-division-by-0-noquine,esolang,,1,1,False,False,False
Zeroflake,zeroflake,esolang,,1,1,False,False,False
ZeroGrid2D,zerogrid2d,esolang,,1,1,False,False,False
ZeroStack2D,zerostack2d,esolang,,1,1,False,False,False
Zeryx,zeryx,esolang,,1,1,False,False,False
zest,zest,pldb,,1,1,False,False,False
zeta,zeta,pldb,,1,1,False,False,False
Zeta (programming language),zeta-programming-language,wikipedia,,1,1,False,False,False
Zetaplex,zetaplex,esolang,,1,1,False,False,False
Zetta,zetta,esolang,,1,1,False,False,False
ZFC++,zfc-plus-plus,esolang,,1,1,False,False,False
Zfuck,zfuck,esolang,,1,1,False,False,False
zgrass,zgrass,pldb,,1,1,False,False,False
Zhouly++,zhouly-plus-plus,esolang,,1,1,False,False,False
Zidryx myno,zidryx-myno,esolang,,1,1,False,False,False
zigzag,zigzag,pldb,,1,1,False,False,False
Ziim,ziim,esolang,,1,1,False,False,False
zim-format,zim-format,pldb,,1,1,False,False,False
zip-format,zip-format,pldb,,1,1,False,False,False
ZipTied,ziptied,esolang,,1,1,False,False,False
Zirconium,zirconium,esolang,,1,1,False,False,False
ZISC ultra,zisc-ultra,esolang,,1,1,False,False,False
zish,zish,pldb,,1,1,False,False,False
zlang,zlang,pldb,,1,1,False,False,False
Zmodel,zmodel,linguist,.zmodel,1,1,False,False,False
zolang,zolang,pldb,,1,1,False,False,False
zon,zon,pldb,,1,1,False,False,False
Zoophilia,zoophilia,esolang,,1,1,False,False,False
zope,zope,pldb,,1,1,False,False,False
zopl,zopl,pldb,,1,1,False,False,False
ZOWIE,zowie,esolang,,1,1,False,False,False
Zowm,zowm,esolang,,1,1,False,False,False
zpp,zpp,pldb,,1,1,False,False,False
ZT,zt,esolang,,1,1,False,False,False
ZTOALC L,ztoalc-l,esolang,,1,1,False,False,False
Zucchini,zucchini,esolang,,1,1,False,False,False
Zudjn,zudjn,esolang,,1,1,False,False,False
ZuLanguage,zulanguage,esolang,,1,1,False,False,False
Zull,zull,esolang,,1,1,False,False,False
zyme,zyme,pldb,,1,1,False,False,False
Zypp!,zypp,esolang,,1,1,False,False,False
ZYXBasic,zyxbasic,esolang,,1,1,False,False,False
ZYXBasic+,zyxbasic+,esolang,,1,1,False,False,False
Zyxonia,zyxonia,esolang,,1,1,False,False,False
Zyzzogeton,zyzzogeton,esolang,,1,1,False,False,False
zz,zz,pldb,,1,1,False,False,False
ZZT-Flip,zzt-flip,esolang,,1,1,False,False,False
Zzz,zzz,esolang,,1,1,False,False,False
