pl_name,matched,match_kind,master_lang_id,master_name,source_flags,extensions,in_pldb,in_linguist,in_wikipedia,in_esolang,in_hyperpolyglot,in_pygments,in_rosettacode,fuzzy_candidates
11l,False,,,,,,False,False,False,False,False,False,False,
2APL,False,,,,,,False,False,False,False,False,False,False,
4Test,False,,,,,,False,False,False,False,False,False,False,
4tH,False,,,,,,False,False,False,False,False,False,False,
6502 Assembly,False,,,,,,False,False,False,False,False,False,False,
65816 Assembly,False,,,,,,False,False,False,False,False,False,False,
6800 Assembly,False,,,,,,False,False,False,False,False,False,False,
6809 Assembly,False,,,,,,False,False,False,False,False,False,False,
8008 Assembly,False,,,,,,False,False,False,False,False,False,False,
8051 Assembly,False,,,,,,False,False,False,False,False,False,False,
8080 Assembly,False,,,,,,False,False,False,False,False,False,False,
8085 Assembly,False,,,,,,False,False,False,False,False,False,False,
8086 Assembly,False,,,,,,False,False,False,False,False,False,False,
A#,False,,,,,,False,False,False,False,False,False,False,
A+,False,,,,,,False,False,False,False,False,False,False,
A-0 System,False,,,,,,False,False,False,False,False,False,False,
A-2,False,,,,,,False,False,False,False,False,False,False,
A-3,False,,,,,,False,False,False,False,False,False,False,
A-Shell,False,,,,,,False,False,False,False,False,False,False,
ABC ALGOL,False,,,,,,False,False,False,False,False,False,False,
Abella,False,,,,,,False,False,False,False,False,False,False,
Acceleo,False,,,,,,False,False,False,False,False,False,False,
ACE BASIC,False,,,,,,False,False,False,False,False,False,False,
Acorn Atom BASIC,False,,,,,,False,False,False,False,False,False,False,
Acornsoft Lisp,False,,,,,,False,False,False,False,False,False,False,
ACS,False,,,,,,False,False,False,False,False,False,False,
ACT-1,False,,,,,,False,False,False,False,False,False,False,
ACT-R,False,,,,,,False,False,False,False,False,False,False,
Active Oberon,False,,,,,,False,False,False,False,False,False,False,
Acton,False,,,,,,False,False,False,False,False,False,False,
Actually,False,,,,,,False,False,False,False,False,False,False,
Acumen,False,,,,,,False,False,False,False,False,False,False,
Acute,False,,,,,,False,False,False,False,False,False,False,
Adenine,False,,,,,,False,False,False,False,False,False,False,
ADMB,False,,,,,,False,False,False,False,False,False,False,
ADRIFT,False,,,,,,False,False,False,False,False,False,False,
Adventuron,False,,,,,,False,False,False,False,False,False,False,
AFL,False,,,,,,False,False,False,False,False,False,False,
Agal,False,,,,,,False,False,False,False,False,False,False,
Agda2,False,,,,,,False,False,False,False,False,False,False,
Agena,False,,,,,,False,False,False,False,False,False,False,
AGFL,False,,,,,,False,False,False,False,False,False,False,
AHDL,False,,,,,,False,False,False,False,False,False,False,
Aikido,False,,,,,,False,False,False,False,False,False,False,
AIMACO,False,,,,,,False,False,False,False,False,False,False,
ALC,False,,,,,,False,False,False,False,False,False,False,
Alda,False,,,,,,False,False,False,False,False,False,False,
Aleo,False,,,,,,False,False,False,False,False,False,False,
ALFL,False,,,,,,False,False,False,False,False,False,False,
ALGOL 58,False,,,,,,False,False,False,False,False,False,False,
ALGOL 60,False,,,,,,False,False,False,False,False,False,False,
ALGOL 68,False,,,,,,False,False,False,False,False,False,False,
ALGOL 68C,False,,,,,,False,False,False,False,False,False,False,
ALGOL 68R,False,,,,,,False,False,False,False,False,False,False,
Algol W,False,,,,,,False,False,False,False,False,False,False,
ALGOL-M,False,,,,,,False,False,False,False,False,False,False,
ALGOL-T,False,,,,,,False,False,False,False,False,False,False,
Alice ML,False,,,,,,False,False,False,False,False,False,False,
Allegro CL,False,,,,,,False,False,False,False,False,False,False,
ALM,False,,,,,,False,False,False,False,False,False,False,
Alms,False,,,,,,False,False,False,False,False,False,False,
Alore,False,,,,,,False,False,False,False,False,False,False,
Alpha Assembly,False,,,,,,False,False,False,False,False,False,False,
Altair BASIC,False,,,,,,False,False,False,False,False,False,False,
Amaranth,False,,,,,,False,False,False,False,False,False,False,
Amaranth HDL,False,,,,,,False,False,False,False,False,False,False,
Amazing Hopper,False,,,,,,False,False,False,False,False,False,False,
Amber Smalltalk,False,,,,,,False,False,False,False,False,False,False,
Amiga BASIC,False,,,,,,False,False,False,False,False,False,False,amigabasic
Amiga E,False,,,,,,False,False,False,False,False,False,False,
AML,False,,,,,,False,False,False,False,False,False,False,
AMOS Basic,False,,,,,,False,False,False,False,False,False,False,
Ampersand,False,,,,,,False,False,False,False,False,False,False,
Andl,False,,,,,,False,False,False,False,False,False,False,
Anglican,False,,,,,,False,False,False,False,False,False,False,
Angort,False,,,,,,False,False,False,False,False,False,False,
Ansible,False,,,,,,False,False,False,False,False,False,False,
Antescofo,False,,,,,,False,False,False,False,False,False,False,
Antimony,False,,,,,,False,False,False,False,False,False,False,
APDL,False,,,,,,False,False,False,False,False,False,False,
APL*PLUS,False,,,,,,False,False,False,False,False,False,False,
APL\360,False,,,,,,False,False,False,False,False,False,False,
APL\370,False,,,,,,False,False,False,False,False,False,False,
App Inventor,False,,,,,,False,False,False,False,False,False,False,
AppGameKit,False,,,,,,False,False,False,False,False,False,False,
AProlog,False,,,,,,False,False,False,False,False,False,False,prolog
Aqua,False,,,,,,False,False,False,False,False,False,False,
Aquarius BASIC,False,,,,,,False,False,False,False,False,False,False,
Arbre,False,,,,,,False,False,False,False,False,False,False,
Arcadia,False,,,,,,False,False,False,False,False,False,False,
Archetype,False,,,,,,False,False,False,False,False,False,False,
Arden,False,,,,,,False,False,False,False,False,False,False,
Arden Syntax,False,,,,,,False,False,False,False,False,False,False,
Arendelle,False,,,,,,False,False,False,False,False,False,False,
Argile,False,,,,,,False,False,False,False,False,False,False,
Aria,False,,,,,,False,False,False,False,False,False,False,
ARIBAS,False,,,,,,False,False,False,False,False,False,False,
ArkTS,False,,,,,,False,False,False,False,False,False,False,
ARM Assembly,False,,,,,,False,False,False,False,False,False,False,
Arnold C,False,,,,,,False,False,False,False,False,False,False,ArnoldC
Ascent,False,,,,,,False,False,False,False,False,False,False,
ASF+SDF,False,,,,,,False,False,False,False,False,False,False,
Asir,False,,,,,,False,False,False,False,False,False,False,
asm.js,False,,,,,,False,False,False,False,False,False,False,
AsmL,False,,,,,,False,False,False,False,False,False,False,
AspectC++,False,,,,,,False,False,False,False,False,False,False,
Assembly Language,False,,,,,,False,False,False,False,False,False,False,assembly-language
ASSIST,False,,,,,,False,False,False,False,False,False,False,
Asteroid,False,,,,,,False,False,False,False,False,False,False,
Atari BASIC,False,,,,,,False,False,False,False,False,False,False,
Ateji PX,False,,,,,,False,False,False,False,False,False,False,
ATL,False,,,,,,False,False,False,False,False,False,False,
Atlas Autocode,False,,,,,,False,False,False,False,False,False,False,atlas-autocode
Atlast,False,,,,,,False,False,False,False,False,False,False,
Attempto Controlled English,False,,,,,,False,False,False,False,False,False,False,
AUTOFLOW,False,,,,,,False,False,False,False,False,False,False,
Avenue,False,,,,,,False,False,False,False,False,False,False,
AviSynth,False,,,,,,False,False,False,False,False,False,False,avi-synth
AVR Assembly,False,,,,,,False,False,False,False,False,False,False,
Axe,False,,,,,,False,False,False,False,False,False,False,
Axon,False,,,,,,False,False,False,False,False,False,False,
Axum,False,,,,,,False,False,False,False,False,False,False,
B Method,False,,,,,,False,False,False,False,False,False,False,
B-Method,False,,,,,,False,False,False,False,False,False,False,
B-Prolog,False,,,,,,False,False,False,False,False,False,False,
B5000 Algol,False,,,,,,False,False,False,False,False,False,False,
B6700 Algol,False,,,,,,False,False,False,False,False,False,False,
Babashka,False,,,,,,False,False,False,False,False,False,False,
Babel-17,False,,,,,,False,False,False,False,False,False,False,
Babelsberg,False,,,,,,False,False,False,False,False,False,False,
Baby,False,,,,,,False,False,False,False,False,False,False,
BabyCobol,False,,,,,,False,False,False,False,False,False,False,
BACAIC,False,,,,,,False,False,False,False,False,False,False,
BaCon,False,,,,,,False,False,False,False,False,False,False,
BaCon BASIC,False,,,,,,False,False,False,False,False,False,False,
Bait,False,,,,,,False,False,False,False,False,False,False,
Balzac,False,,,,,,False,False,False,False,False,False,False,
BASCOM,False,,,,,,False,False,False,False,False,False,False,
BASIC-128,False,,,,,,False,False,False,False,False,False,False,
BASIC-360,False,,,,,,False,False,False,False,False,False,False,
BASIC-80,False,,,,,,False,False,False,False,False,False,False,
BASIC-D,False,,,,,,False,False,False,False,False,False,False,
BASIC-PLUS-2,False,,,,,,False,False,False,False,False,False,False,
BASICA,False,,,,,,False,False,False,False,False,False,False,
Basilisp,False,,,,,,False,False,False,False,False,False,False,
Batari BASIC,False,,,,,,False,False,False,False,False,False,False,
Batsh,False,,,,,,False,False,False,False,False,False,False,
Bau,False,,,,,,False,False,False,False,False,False,False,
BBC BASIC,False,,,,,,False,False,False,False,False,False,False,
BBN Lisp,False,,,,,,False,False,False,False,False,False,False,
BDS C,False,,,,,,False,False,False,False,False,False,False,
Beads,False,,,,,,False,False,False,False,False,False,False,
Bean,False,,,,,,False,False,False,False,False,False,False,
Bedwyr,False,,,,,,False,False,False,False,False,False,False,
Befunge-93,False,,,,,,False,False,False,False,False,False,False,
Befunge-98,False,,,,,,False,False,False,False,False,False,False,
Beluga,False,,,,,,False,False,False,False,False,False,False,
BennuGD,False,,,,,,False,False,False,False,False,False,False,
Bertrand,False,,,,,,False,False,False,False,False,False,False,
Beryl,False,,,,,,False,False,False,False,False,False,False,
BESM-6 Assembly,False,,,,,,False,False,False,False,False,False,False,
Beta BASIC,False,,,,,,False,False,False,False,False,False,False,
Betty,False,,,,,,False,False,False,False,False,False,False,
BGScript,False,,,,,,False,False,False,False,False,False,False,bscript
Bhailang,False,,,,,,False,False,False,False,False,False,False,
Biml,False,,,,,,False,False,False,False,False,False,False,
BioNetGen Language,False,,,,,,False,False,False,False,False,False,False,
BIP,False,,,,,,False,False,False,False,False,False,False,
Birch,False,,,,,,False,False,False,False,False,False,False,
Bistro,False,,,,,,False,False,False,False,False,False,False,
Bitcoin Script,False,,,,,,False,False,False,False,False,False,False,
BiwaScheme,False,,,,,,False,False,False,False,False,False,False,
Blackbird,False,,,,,,False,False,False,False,False,False,False,
BlackBox Component Builder,False,,,,,,False,False,False,False,False,False,False,
BlackBox Component Pascal,False,,,,,,False,False,False,False,False,False,False,
Blang,False,,,,,,False,False,False,False,False,False,False,
Blassic,False,,,,,,False,False,False,False,False,False,False,
Blimp,False,,,,,,False,False,False,False,False,False,False,
BLISS-10,False,,,,,,False,False,False,False,False,False,False,
BLISS-11,False,,,,,,False,False,False,False,False,False,False,
BLISS-16,False,,,,,,False,False,False,False,False,False,False,
BLISS-32,False,,,,,,False,False,False,False,False,False,False,
BLISS-36,False,,,,,,False,False,False,False,False,False,False,
BLISS-64,False,,,,,,False,False,False,False,False,False,False,
BLITZ,False,,,,,,False,False,False,False,False,False,False,
Blitz BASIC,False,,,,,,False,False,False,False,False,False,False,blitzbasic
Blockdiag,False,,,,,,False,False,False,False,False,False,False,
BLODI,False,,,,,,False,False,False,False,False,False,False,
BLOG,False,,,,,,False,False,False,False,False,False,False,
Blueprint,False,,,,,,False,False,False,False,False,False,False,blueprints
Bluespec SystemVerilog,False,,,,,,False,False,False,False,False,False,False,
BNR Prolog,False,,,,,,False,False,False,False,False,False,False,
BON,False,,,,,,False,False,False,False,False,False,False,
Bone Lisp,False,,,,,,False,False,False,False,False,False,False,
Boomerang,False,,,,,,False,False,False,False,False,False,False,Boomerlang
Borgo,False,,,,,,False,False,False,False,False,False,False,
Bosatsu,False,,,,,,False,False,False,False,False,False,False,
Bossa,False,,,,,,False,False,False,False,False,False,False,
Bourne Shell,False,,,,,,False,False,False,False,False,False,False,
Bournegol,False,,,,,,False,False,False,False,False,False,False,
BoxLang,False,,,,,,False,False,False,False,False,False,False,
BPFtrace,False,,,,,,False,False,False,False,False,False,False,
BProlog,False,,,,,,False,False,False,False,False,False,False,prolog
Bracmat,False,,,,,,False,False,False,False,False,False,False,
Braid,False,,,,,,False,False,False,False,False,False,False,
Brat,False,,,,,,False,False,False,False,False,False,False,
Bricklayer,False,,,,,,False,False,False,False,False,False,False,
Bril,False,,,,,,False,False,False,False,False,False,False,
Brython,False,,,,,,False,False,False,False,False,False,False,bython
BUGS,False,,,,,,False,False,False,False,False,False,False,
Burroughs Extended Algol,False,,,,,,False,False,False,False,False,False,False,
Business BASIC,False,,,,,,False,False,False,False,False,False,False,business-basic
BVM,False,,,,,,False,False,False,False,False,False,False,
bwBASIC,False,,,,,,False,False,False,False,False,False,False,
Bywater BASIC,False,,,,,,False,False,False,False,False,False,False,bywater-basic
C Shell,False,,,,,,False,False,False,False,False,False,False,
C++/CLI,False,,,,,,False,False,False,False,False,False,False,
C++/CX,False,,,,,,False,False,False,False,False,False,False,
C--,False,,,,,,False,False,False,False,False,False,False,
C/AL,False,,,,,,False,False,False,False,False,False,False,
C0,False,,,,,,False,False,False,False,False,False,False,
Caché Basic,False,,,,,,False,False,False,False,False,False,False,
Cadabra,False,,,,,,False,False,False,False,False,False,False,
Cadence SKILL,False,,,,,,False,False,False,False,False,False,False,cadence-skill
Caja,False,,,,,,False,False,False,False,False,False,False,
Cakelisp,False,,,,,,False,False,False,False,False,False,False,
CakeML,False,,,,,,False,False,False,False,False,False,False,
CAL Actor Language,False,,,,,,False,False,False,False,False,False,False,
Calyx,False,,,,,,False,False,False,False,False,False,False,
Cambridge Autocode,False,,,,,,False,False,False,False,False,False,False,
Caml Light,False,,,,,,False,False,False,False,False,False,False,
Camlp4,False,,,,,,False,False,False,False,False,False,False,
Candid,False,,,,,,False,False,False,False,False,False,False,
Canvas,False,,,,,,False,False,False,False,False,False,False,
CAOS,False,,,,,,False,False,False,False,False,False,False,
CARDIAC,False,,,,,,False,False,False,False,False,False,False,
Carol,False,,,,,,False,False,False,False,False,False,False,
Casanova,False,,,,,,False,False,False,False,False,False,False,
Cascalog,False,,,,,,False,False,False,False,False,False,False,
Casio BASIC,False,,,,,,False,False,False,False,False,False,False,
CASL,False,,,,,,False,False,False,False,False,False,False,
CASL II,False,,,,,,False,False,False,False,False,False,False,
Cassandra Query Language,False,,,,,,False,False,False,False,False,False,False,
Catrobat,False,,,,,,False,False,False,False,False,False,False,
CCured,False,,,,,,False,False,False,False,False,False,False,
CD++,False,,,,,,False,False,False,False,False,False,False,C++
CDC 6600 Assembly,False,,,,,,False,False,False,False,False,False,False,
CDuce,False,,,,,,False,False,False,False,False,False,False,
Cedille,False,,,,,,False,False,False,False,False,False,False,
CEL,False,,,,,,False,False,False,False,False,False,False,
Cell BE Assembly,False,,,,,,False,False,False,False,False,False,False,
Ceptre,False,,,,,,False,False,False,False,False,False,False,
Cerberus X,False,,,,,,False,False,False,False,False,False,False,
Cforall,False,,,,,,False,False,False,False,False,False,False,forall
Chalice,False,,,,,,False,False,False,False,False,False,False,
Chalk,False,,,,,,False,False,False,False,False,False,False,
Charm++,False,,,,,,False,False,False,False,False,False,False,
ChatScript,False,,,,,,False,False,False,False,False,False,False,
Checked C,False,,,,,,False,False,False,False,False,False,False,
Cheddar,False,,,,,,False,False,False,False,False,False,False,
Chez Scheme,False,,,,,,False,False,False,False,False,False,False,
Chibi-Scheme,False,,,,,,False,False,False,False,False,False,False,
Chicken Scheme,False,,,,,,False,False,False,False,False,False,False,
CHIP,False,,,,,,False,False,False,False,False,False,False,
ChipmunkBasic,False,,,,,,False,False,False,False,False,False,False,chipmunk-basic
ChocoPy,False,,,,,,False,False,False,False,False,False,False,
ChoiceScript,False,,,,,,False,False,False,False,False,False,False,
Choral,False,,,,,,False,False,False,False,False,False,False,
Church,False,,,,,,False,False,False,False,False,False,False,
Ciao,False,,,,,,False,False,False,False,False,False,False,
Ciao Prolog,False,,,,,,False,False,False,False,False,False,False,
Cilk Plus,False,,,,,,False,False,False,False,False,False,False,
Circle,False,,,,,,False,False,False,False,False,False,False,Circles
CircuitPython,False,,,,,,False,False,False,False,False,False,False,
Circus,False,,,,,,False,False,False,False,False,False,False,
cKanren,False,,,,,,False,False,False,False,False,False,False,
CL,False,,,,,,False,False,False,False,False,False,False,
Clafer,False,,,,,,False,False,False,False,False,False,False,
Clasp,False,,,,,,False,False,False,False,False,False,False,
Clingo,False,,,,,,False,False,False,False,False,False,False,
Clio,False,,,,,,False,False,False,False,False,False,False,
Clite,False,,,,,,False,False,False,False,False,False,False,
Clojerl,False,,,,,,False,False,False,False,False,False,False,
Clozure CL,False,,,,,,False,False,False,False,False,False,False,
CLP(R),False,,,,,,False,False,False,False,False,False,False,
Cmajor,False,,,,,,False,False,False,False,False,False,False,
Cminor,False,,,,,,False,False,False,False,False,False,False,
CML,False,,,,,,False,False,False,False,False,False,False,
CMPL,False,,,,,,False,False,False,False,False,False,False,
CMS EXEC,False,,,,,,False,False,False,False,False,False,False,
CMS Pipelines,False,,,,,,False,False,False,False,False,False,False,cms-pipelines
CMUCL,False,,,,,,False,False,False,False,False,False,False,
CnC,False,,,,,,False,False,False,False,False,False,False,
CnC++,False,,,,,,False,False,False,False,False,False,False,
Co-array Fortran,False,,,,,,False,False,False,False,False,False,False,
Coalton,False,,,,,,False,False,False,False,False,False,False,
Coarray Fortran,False,,,,,,False,False,False,False,False,False,False,
CoCoA,False,,,,,,False,False,False,False,False,False,False,
Cogent,False,,,,,,False,False,False,False,False,False,False,
Cola,False,,,,,,False,False,False,False,False,False,False,
ColdC,False,,,,,,False,False,False,False,False,False,False,
Colm,False,,,,,,False,False,False,False,False,False,False,
Color BASIC,False,,,,,,False,False,False,False,False,False,False,
Combined Programming Language,False,,,,,,False,False,False,False,False,False,False,
Comega,False,,,,,,False,False,False,False,False,False,False,
Comet,False,,,,,,False,False,False,False,False,False,False,
COMIT II,False,,,,,,False,False,False,False,False,False,False,
Common Intermediate Language,False,,,,,,False,False,False,False,False,False,False,
Common Music,False,,,,,,False,False,False,False,False,False,False,
COMPACT II,False,,,,,,False,False,False,False,False,False,False,
COMPASS,False,,,,,,False,False,False,False,False,False,False,
COMPOOL,False,,,,,,False,False,False,False,False,False,False,
Compositional C++,False,,,,,,False,False,False,False,False,False,False,
Concurrent C,False,,,,,,False,False,False,False,False,False,False,
Concurrent Clean,False,,,,,,False,False,False,False,False,False,False,
Concurrent Euclid,False,,,,,,False,False,False,False,False,False,False,
Concurrent ML,False,,,,,,False,False,False,False,False,False,False,concurrent-ml
Concurrent Pascal,False,,,,,,False,False,False,False,False,False,False,concurrent-pascal
Concurrent Prolog,False,,,,,,False,False,False,False,False,False,False,concurrent-prolog
ConcurrentML,False,,,,,,False,False,False,False,False,False,False,concurrent-ml
Consize,False,,,,,,False,False,False,False,False,False,False,
Constraint Handling Rules,False,,,,,,False,False,False,False,False,False,False,
ConTeXt,False,,,,,,False,False,False,False,False,False,False,Con-Text
Context Free,False,,,,,,False,False,False,False,False,False,False,
Control Language,False,,,,,,False,False,False,False,False,False,False,
Convex,False,,,,,,False,False,False,False,False,False,False,
cooltt,False,,,,,,False,False,False,False,False,False,False,
Copperhead,False,,,,,,False,False,False,False,False,False,False,
Coral 66,False,,,,,,False,False,False,False,False,False,False,
CORAL 68,False,,,,,,False,False,False,False,False,False,False,
CORAL-66,False,,,,,,False,False,False,False,False,False,False,
Core War,False,,,,,,False,False,False,False,False,False,False,
CoreASM,False,,,,,,False,False,False,False,False,False,False,
Corman Lisp,False,,,,,,False,False,False,False,False,False,False,
Coursewriter,False,,,,,,False,False,False,False,False,False,False,
Cowgol,False,,,,,,False,False,False,False,False,False,False,
Cpp2,False,,,,,,False,False,False,False,False,False,False,
cQASM,False,,,,,,False,False,False,False,False,False,False,
Crayon,False,,,,,,False,False,False,False,False,False,False,
Creol,False,,,,,,False,False,False,False,False,False,False,
Crochet,False,,,,,,False,False,False,False,False,False,False,
Crumb,False,,,,,,False,False,False,False,False,False,False,
csh,False,,,,,,False,False,False,False,False,False,False,
CSSL,False,,,,,,False,False,False,False,False,False,False,
CubeScript,False,,,,,,False,False,False,False,False,False,False,
Cubical,False,,,,,,False,False,False,False,False,False,False,
cubicaltt,False,,,,,,False,False,False,False,False,False,False,
CUDA C++,False,,,,,,False,False,False,False,False,False,False,
Cuis,False,,,,,,False,False,False,False,False,False,False,
Cuis Smalltalk,False,,,,,,False,False,False,False,False,False,False,
CUPL,False,,,,,,False,False,False,False,False,False,False,
Cur,False,,,,,,False,False,False,False,False,False,False,
CWIC,False,,,,,,False,False,False,False,False,False,False,
Cyan,False,,,,,,False,False,False,False,False,False,False,
Dahlia,False,,,,,,False,False,False,False,False,False,False,
Dao,False,,,,,,False,False,False,False,False,False,False,
DAPLEX,False,,,,,,False,False,False,False,False,False,False,adaplex
Dartmouth BASIC,False,,,,,,False,False,False,False,False,False,False,dartmouth-basic
Darwin,False,,,,,,False,False,False,False,False,False,False,
daScript,False,,,,,,False,False,False,False,False,False,False,dscript
DataEase,False,,,,,,False,False,False,False,False,False,False,
Dataphor,False,,,,,,False,False,False,False,False,False,False,
DATR,False,,,,,,False,False,False,False,False,False,False,
Dawn,False,,,,,,False,False,False,False,False,False,False,
dBASE III,False,,,,,,False,False,False,False,False,False,False,
DCE IDL,False,,,,,,False,False,False,False,False,False,False,
DDlog,False,,,,,,False,False,False,False,False,False,False,
Decaf,False,,,,,,False,False,False,False,False,False,False,
Decimal BASIC,False,,,,,,False,False,False,False,False,False,False,
DEDAL,False,,,,,,False,False,False,False,False,False,False,
Dedalus,False,,,,,,False,False,False,False,False,False,False,
Deja Vu,False,,,,,,False,False,False,False,False,False,False,
Delight,False,,,,,,False,False,False,False,False,False,False,
Deluge,False,,,,,,False,False,False,False,False,False,False,
Dependent ML,False,,,,,,False,False,False,False,False,False,False,
DERIVE,False,,,,,,False,False,False,False,False,False,False,
Derw,False,,,,,,False,False,False,False,False,False,False,
DesignScript,False,,,,,,False,False,False,False,False,False,False,
DEUCE Autocode,False,,,,,,False,False,False,False,False,False,False,
Dezyne,False,,,,,,False,False,False,False,False,False,False,
dfsch,False,,,,,,False,False,False,False,False,False,False,
DG/L,False,,,,,,False,False,False,False,False,False,False,
DGD,False,,,,,,False,False,False,False,False,False,False,
Diby,False,,,,,,False,False,False,False,False,False,False,
Dictu,False,,,,,,False,False,False,False,False,False,False,
Diderot,False,,,,,,False,False,False,False,False,False,False,
DIESEL,False,,,,,,False,False,False,False,False,False,False,
Differential Datalog,False,,,,,,False,False,False,False,False,False,False,differential-datalog
Disciple,False,,,,,,False,False,False,False,False,False,False,
Disco,False,,,,,,False,False,False,False,False,False,False,
Discus,False,,,,,,False,False,False,False,False,False,False,
Distributed Processes,False,,,,,,False,False,False,False,False,False,False,distributed-processes
DIV,False,,,,,,False,False,False,False,False,False,False,
DIV Games Studio,False,,,,,,False,False,False,False,False,False,False,
DL/I,False,,,,,,False,False,False,False,False,False,False,
DLV,False,,,,,,False,False,False,False,False,False,False,
DLX,False,,,,,,False,False,False,False,False,False,False,
Dolphin Smalltalk,False,,,,,,False,False,False,False,False,False,False,
DPC++,False,,,,,,False,False,False,False,False,False,False,
DQL,False,,,,,,False,False,False,False,False,False,False,
Draco,False,,,,,,False,False,False,False,False,False,False,
Dragon 32 BASIC,False,,,,,,False,False,False,False,False,False,False,
Dream Maker,False,,,,,,False,False,False,False,False,False,False,
DreamMaker,False,,,,,,False,False,False,False,False,False,False,
Dremel,False,,,,,,False,False,False,False,False,False,False,
Drools,False,,,,,,False,False,False,False,False,False,False,
DSSL2,False,,,,,,False,False,False,False,False,False,False,
DSSP,False,,,,,,False,False,False,False,False,False,False,
DSSSL,False,,,,,,False,False,False,False,False,False,False,
Duby,False,,,,,,False,False,False,False,False,False,False,
Duktape,False,,,,,,False,False,False,False,False,False,False,
Dusa,False,,,,,,False,False,False,False,False,False,False,
DVE,False,,,,,,False,False,False,False,False,False,False,
DXL,False,,,,,,False,False,False,False,False,False,False,
Dyalect,False,,,,,,False,False,False,False,False,False,False,
Dyalog,False,,,,,,False,False,False,False,False,False,False,
Dyalog APL,False,,,,,,False,False,False,False,False,False,False,
Dyna,False,,,,,,False,False,False,False,False,False,False,
Dynace,False,,,,,,False,False,False,False,False,False,False,
DYNAMO II,False,,,,,,False,False,False,False,False,False,False,
Dyon,False,,,,,,False,False,False,False,False,False,False,
Dzaima APL,False,,,,,,False,False,False,False,False,False,False,
Déjà Vu,False,,,,,,False,False,False,False,False,False,False,
E4X,False,,,,,,False,False,False,False,False,False,False,
Earl Grey,False,,,,,,False,False,False,False,False,False,False,
Easel,False,,,,,,False,False,False,False,False,False,False,
EASYCODER,False,,,,,,False,False,False,False,False,False,False,
EasyLang,False,,,,,,False,False,False,False,False,False,False,
eBPF,False,,,,,,False,False,False,False,False,False,False,
ECAP,False,,,,,,False,False,False,False,False,False,False,
Ecere,False,,,,,,False,False,False,False,False,False,False,
EchoLisp,False,,,,,,False,False,False,False,False,False,False,
Eclair,False,,,,,,False,False,False,False,False,False,False,
ECMAScript,False,,,,,,False,False,False,False,False,False,False,
Ecstasy,False,,,,,,False,False,False,False,False,False,False,
Edinburgh IMP,False,,,,,,False,False,False,False,False,False,False,edinburgh-imp
Edinburgh ML,False,,,,,,False,False,False,False,False,False,False,
EDSAC,False,,,,,,False,False,False,False,False,False,False,
Eel,False,,,,,,False,False,False,False,False,False,False,
Eero,False,,,,,,False,False,False,False,False,False,False,
Efene,False,,,,,,False,False,False,False,False,False,False,
eForth,False,,,,,,False,False,False,False,False,False,False,reforth
Egglog,False,,,,,,False,False,False,False,False,False,False,
EK9,False,,,,,,False,False,False,False,False,False,False,
El-76,False,,,,,,False,False,False,False,False,False,False,
Ela,False,,,,,,False,False,False,False,False,False,False,
Elchemy,False,,,,,,False,False,False,False,False,False,False,
Electrum,False,,,,,,False,False,False,False,False,False,False,
ELI,False,,,,,,False,False,False,False,False,False,False,
Eliom,False,,,,,,False,False,False,False,False,False,False,
Elisa,False,,,,,,False,False,False,False,False,False,False,
ElixirScript,False,,,,,,False,False,False,False,False,False,False,
Elk,False,,,,,,False,False,False,False,False,False,False,
ELLA,False,,,,,,False,False,False,False,False,False,False,
Elliott ALGOL,False,,,,,,False,False,False,False,False,False,False,elliott-algol
Elliott Autocode,False,,,,,,False,False,False,False,False,False,False,
Elsa,False,,,,,,False,False,False,False,False,False,False,
Embeddable Common Lisp,False,,,,,,False,False,False,False,False,False,False,
Embedded C++,False,,,,,,False,False,False,False,False,False,False,
Embryo,False,,,,,,False,False,False,False,False,False,False,
Emfrp,False,,,,,,False,False,False,False,False,False,False,
EndBASIC,False,,,,,,False,False,False,False,False,False,False,
English Electric Autocode,False,,,,,,False,False,False,False,False,False,False,
Enkel,False,,,,,,False,False,False,False,False,False,False,
Enterprise,False,,,,,,False,False,False,False,False,False,False,
Eo,False,,,,,,False,False,False,False,False,False,False,
EOL,False,,,,,,False,False,False,False,False,False,False,
ePerl,False,,,,,,False,False,False,False,False,False,False,
Epic,False,,,,,,False,False,False,False,False,False,False,
Epoch,False,,,,,,False,False,False,False,False,False,False,
EQUEL,False,,,,,,False,False,False,False,False,False,False,
ERDE,False,,,,,,False,False,False,False,False,False,False,
Ergo,False,,,,,,False,False,False,False,False,False,False,
ERGOL,False,,,,,,False,False,False,False,False,False,False,
ErgoScript,False,,,,,,False,False,False,False,False,False,False,
Erjang,False,,,,,,False,False,False,False,False,False,False,
Erlog,False,,,,,,False,False,False,False,False,False,False,
Es,False,,,,,,False,False,False,False,False,False,False,
Escher,False,,,,,,False,False,False,False,False,False,False,
Espresso,False,,,,,,False,False,False,False,False,False,False,
Espruino,False,,,,,,False,False,False,False,False,False,False,
ESQL,False,,,,,,False,False,False,False,False,False,False,
Essence,False,,,,,,False,False,False,False,False,False,False,
Essence Prime,False,,,,,,False,False,False,False,False,False,False,
Estelle,False,,,,,,False,False,False,False,False,False,False,
Eukleides,False,,,,,,False,False,False,False,False,False,False,
EusLisp,False,,,,,,False,False,False,False,False,False,False,eulisp
Event-B,False,,,,,,False,False,False,False,False,False,False,
EventQL,False,,,,,,False,False,False,False,False,False,False,
EViews,False,,,,,,False,False,False,False,False,False,False,
EXEC 2,False,,,,,,False,False,False,False,False,False,False,
EXEC 8,False,,,,,,False,False,False,False,False,False,False,
Exo,False,,,,,,False,False,False,False,False,False,False,
EXPL,False,,,,,,False,False,False,False,False,False,False,
Extended Color BASIC,False,,,,,,False,False,False,False,False,False,False,
Extended ML,False,,,,,,False,False,False,False,False,False,False,
Extended Pascal,False,,,,,,False,False,False,False,False,False,False,extended-pascal
F-lite,False,,,,,,False,False,False,False,False,False,False,
F-Logic,False,,,,,,False,False,False,False,False,False,False,
F-star,False,,,,,,False,False,False,False,False,False,False,
Familia,False,,,,,,False,False,False,False,False,False,False,
FBSL,False,,,,,,False,False,False,False,False,False,False,
FeatherweightJava,False,,,,,,False,False,False,False,False,False,False,
Feldspar,False,,,,,,False,False,False,False,False,False,False,
Feline,False,,,,,,False,False,False,False,False,False,False,
Fenix,False,,,,,,False,False,False,False,False,False,False,
Feral,False,,,,,,False,False,False,False,False,False,False,
Fermat,False,,,,,,False,False,False,False,False,False,False,
Fexl,False,,,,,,False,False,False,False,False,False,False,
FFP,False,,,,,,False,False,False,False,False,False,False,
FGHC,False,,,,,,False,False,False,False,False,False,False,
Fiacre,False,,,,,,False,False,False,False,False,False,False,
Ficl,False,,,,,,False,False,False,False,False,False,False,
Ficus,False,,,,,,False,False,False,False,False,False,False,
Fift,False,,,,,,False,False,False,False,False,False,False,
Figaro,False,,,,,,False,False,False,False,False,False,False,
Fika,False,,,,,,False,False,False,False,False,False,False,
Filament,False,,,,,,False,False,False,False,False,False,False,
Finch,False,,,,,,False,False,False,False,False,False,False,
Fjord,False,,,,,,False,False,False,False,False,False,False,
FKiSS,False,,,,,,False,False,False,False,False,False,False,
Fklang,False,,,,,,False,False,False,False,False,False,False,
Flat Assembler,False,,,,,,False,False,False,False,False,False,False,
Flat Concurrent Prolog,False,,,,,,False,False,False,False,False,False,False,
FlatAssembler,False,,,,,,False,False,False,False,False,False,False,
FlatZinc,False,,,,,,False,False,False,False,False,False,False,
Flint,False,,,,,,False,False,False,False,False,False,False,
FlooP,False,,,,,,False,False,False,False,False,False,False,
Flora-2,False,,,,,,False,False,False,False,False,False,False,
Flow-based programming,False,,,,,,False,False,False,False,False,False,False,
FLOWTRAN,False,,,,,,False,False,False,False,False,False,False,
FLPL,False,,,,,,False,False,False,False,False,False,False,
Fluxus,False,,,,,,False,False,False,False,False,False,False,
FMSLogo,False,,,,,,False,False,False,False,False,False,False,
Foma,False,,,,,,False,False,False,False,False,False,False,
FORM,False,,,,,,False,False,False,False,False,False,False,
FormCalc,False,,,,,,False,False,False,False,False,False,False,
Formulog,False,,,,,,False,False,False,False,False,False,False,
Formura,False,,,,,,False,False,False,False,False,False,False,
Forsythe,False,,,,,,False,False,False,False,False,False,False,
FORTH-83,False,,,,,,False,False,False,False,False,False,False,
Fortran 2003,False,,,,,,False,False,False,False,False,False,False,
Fortran 2008,False,,,,,,False,False,False,False,False,False,False,
Fortran 2018,False,,,,,,False,False,False,False,False,False,False,
Fortran 2023,False,,,,,,False,False,False,False,False,False,False,
FORTRAN 66,False,,,,,,False,False,False,False,False,False,False,
FORTRAN 77,False,,,,,,False,False,False,False,False,False,False,
Fortran 90,False,,,,,,False,False,False,False,False,False,False,
Fortran 95,False,,,,,,False,False,False,False,False,False,False,
FORTRAN I,False,,,,,,False,False,False,False,False,False,False,
FORTRAN II,False,,,,,,False,False,False,False,False,False,False,
FORTRAN III,False,,,,,,False,False,False,False,False,False,False,
FORTRAN IV,False,,,,,,False,False,False,False,False,False,False,
Forum,False,,,,,,False,False,False,False,False,False,False,
FoxBASE,False,,,,,,False,False,False,False,False,False,False,
FoxDot,False,,,,,,False,False,False,False,False,False,False,
fq,False,,,,,,False,False,False,False,False,False,False,
Frama-C,False,,,,,,False,False,False,False,False,False,False,
Franz Lisp,False,,,,,,False,False,False,False,False,False,False,
Free Pascal,False,,,,,,False,False,False,False,False,False,False,
FreeFem++,False,,,,,,False,False,False,False,False,False,False,
FreeMat,False,,,,,,False,False,False,False,False,False,False,
FreshML,False,,,,,,False,False,False,False,False,False,False,
FriCAS,False,,,,,,False,False,False,False,False,False,False,
Fril,False,,,,,,False,False,False,False,False,False,False,
FSP,False,,,,,,False,False,False,False,False,False,False,
Full BASIC,False,,,,,,False,False,False,False,False,False,False,
Function Block Diagram,False,,,,,,False,False,False,False,False,False,False,
Funnel,False,,,,,,False,False,False,False,False,False,False,
FunnelWeb,False,,,,,,False,False,False,False,False,False,False,
FunScript,False,,,,,,False,False,False,False,False,False,False,
Fuzion,False,,,,,,False,False,False,False,False,False,False,
FWEB,False,,,,,,False,False,False,False,False,False,False,
Galaxy,False,,,,,,False,False,False,False,False,False,False,
GALGAS,False,,,,,,False,False,False,False,False,False,False,
Gallina,False,,,,,,False,False,False,False,False,False,False,
Gambit,False,,,,,,False,False,False,False,False,False,False,
Gambit Scheme,False,,,,,,False,False,False,False,False,False,False,
GameLisp,False,,,,,,False,False,False,False,False,False,False,
GameMaker Language,False,,,,,,False,False,False,False,False,False,False,
GameMonkey,False,,,,,,False,False,False,False,False,False,False,
GameMonkey Script,False,,,,,,False,False,False,False,False,False,False,gamemonkey-script
Garnet,False,,,,,,False,False,False,False,False,False,False,
GAUSS,False,,,,,,False,False,False,False,False,False,False,
GAWK,False,,,,,,False,False,False,False,False,False,False,
gbeta,False,,,,,,False,False,False,False,False,False,False,
GCL,False,,,,,,False,False,False,False,False,False,False,
GDLisp,False,,,,,,False,False,False,False,False,False,False,
GDML,False,,,,,,False,False,False,False,False,False,False,
GemStone/S,False,,,,,,False,False,False,False,False,False,False,
Gen,False,,,,,,False,False,False,False,False,False,False,
Generic Java,False,,,,,,False,False,False,False,False,False,False,
Genius,False,,,,,,False,False,False,False,False,False,False,
GENTLE,False,,,,,,False,False,False,False,False,False,False,
Genyris,False,,,,,,False,False,False,False,False,False,False,
GEORGE 1,False,,,,,,False,False,False,False,False,False,False,
GEORGE 2,False,,,,,,False,False,False,False,False,False,False,
GEORGE 3,False,,,,,,False,False,False,False,False,False,False,
GEORGE 4,False,,,,,,False,False,False,False,False,False,False,
GEORGE 5,False,,,,,,False,False,False,False,False,False,False,
GFA BASIC,False,,,,,,False,False,False,False,False,False,False,
GFL,False,,,,,,False,False,False,False,False,False,False,
Giac,False,,,,,,False,False,False,False,False,False,False,
Gibber,False,,,,,,False,False,False,False,False,False,False,
Gibbon,False,,,,,,False,False,False,False,False,False,False,
Gibiane,False,,,,,,False,False,False,False,False,False,False,
GIER ALGOL,False,,,,,,False,False,False,False,False,False,False,
Ginger,False,,,,,,False,False,False,False,False,False,False,
GJ,False,,,,,,False,False,False,False,False,False,False,
Glasgow Parallel Haskell,False,,,,,,False,False,False,False,False,False,False,
Glee,False,,,,,,False,False,False,False,False,False,False,
GLIM,False,,,,,,False,False,False,False,False,False,False,
Glossa,False,,,,,,False,False,False,False,False,False,False,
Glow,False,,,,,,False,False,False,False,False,False,False,
Glulx,False,,,,,,False,False,False,False,False,False,False,
GMPL,False,,,,,,False,False,False,False,False,False,False,
GNU APL,False,,,,,,False,False,False,False,False,False,False,
GNU Guile,False,,,,,,False,False,False,False,False,False,False,
GNU MathProg,False,,,,,,False,False,False,False,False,False,False,
GNU Octave,False,,,,,,False,False,False,False,False,False,False,
GNU Pascal,False,,,,,,False,False,False,False,False,False,False,
GNU Poke,False,,,,,,False,False,False,False,False,False,False,
GNU Prolog,False,,,,,,False,False,False,False,False,False,False,
GNU Smalltalk,False,,,,,,False,False,False,False,False,False,False,
GnuCOBOL,False,,,,,,False,False,False,False,False,False,False,
Go+,False,,,,,,False,False,False,False,False,False,False,
Goaldi,False,,,,,,False,False,False,False,False,False,False,
Goat,False,,,,,,False,False,False,False,False,False,False,
Gobra,False,,,,,,False,False,False,False,False,False,False,
Gobstones,False,,,,,,False,False,False,False,False,False,False,
Goedel,False,,,,,,False,False,False,False,False,False,False,
Goo,False,,,,,,False,False,False,False,False,False,False,
GOTRAN,False,,,,,,False,False,False,False,False,False,False,
GP2,False,,,,,,False,False,False,False,False,False,False,
GPH,False,,,,,,False,False,False,False,False,False,False,
GPM,False,,,,,,False,False,False,False,False,False,False,
GPP,False,,,,,,False,False,False,False,False,False,False,
GPSS/360,False,,,,,,False,False,False,False,False,False,False,
GPSS/H,False,,,,,,False,False,False,False,False,False,False,
GrADS,False,,,,,,False,False,False,False,False,False,False,
Granule,False,,,,,,False,False,False,False,False,False,False,
GRAP,False,,,,,,False,False,False,False,False,False,False,
GReQL,False,,,,,,False,False,False,False,False,False,False,
Gri,False,,,,,,False,False,False,False,False,False,False,
Gringo,False,,,,,,False,False,False,False,False,False,False,
Gro,False,,,,,,False,False,False,False,False,False,False,
Groq,False,,,,,,False,False,False,False,False,False,False,
GSL,False,,,,,,False,False,False,False,False,False,False,
GT.M,False,,,,,,False,False,False,False,False,False,False,
Guarded Command Language,False,,,,,,False,False,False,False,False,False,False,
Guarded Horn Clauses,False,,,,,,False,False,False,False,False,False,False,
Gwydion Dylan,False,,,,,,False,False,False,False,False,False,False,
Habanero,False,,,,,,False,False,False,False,False,False,False,
Habanero Java,False,,,,,,False,False,False,False,False,False,False,
HAL,False,,,,,,False,False,False,False,False,False,False,
HAL/S,False,,,,,,False,False,False,False,False,False,False,
Halon,False,,,,,,False,False,False,False,False,False,False,
Hamilton C shell,False,,,,,,False,False,False,False,False,False,False,
Hamlet,False,,,,,,False,False,False,False,False,False,False,
Hansl,False,,,,,,False,False,False,False,False,False,False,
Harbor,False,,,,,,False,False,False,False,False,False,False,harbour
HardCaml,False,,,,,,False,False,False,False,False,False,False,
Harmony,False,,,,,,False,False,False,False,False,False,False,
Hassium,False,,,,,,False,False,False,False,False,False,False,
Haxl,False,,,,,,False,False,False,False,False,False,False,
Headache,False,,,,,,False,False,False,False,False,False,False,
Heptagon,False,,,,,,False,False,False,False,False,False,False,
Heta,False,,,,,,False,False,False,False,False,False,False,
HetCASL,False,,,,,,False,False,False,False,False,False,False,
HHDL,False,,,,,,False,False,False,False,False,False,False,
HicEst,False,,,,,,False,False,False,False,False,False,False,
High Level Assembly,False,,,,,,False,False,False,False,False,False,False,
High Performance Fortran,False,,,,,,False,False,False,False,False,False,False,
HiLog,False,,,,,,False,False,False,False,False,False,False,
HipHop,False,,,,,,False,False,False,False,False,False,False,
HipHop.js,False,,,,,,False,False,False,False,False,False,False,
Hissp,False,,,,,,False,False,False,False,False,False,False,
HiTalk,False,,,,,,False,False,False,False,False,False,False,
HLisp,False,,,,,,False,False,False,False,False,False,False,
HLPSL,False,,,,,,False,False,False,False,False,False,False,
HOL Light,False,,,,,,False,False,False,False,False,False,False,
HOL4,False,,,,,,False,False,False,False,False,False,False,
Hollywood,False,,,,,,False,False,False,False,False,False,False,
Hot Soup Processor,False,,,,,,False,False,False,False,False,False,False,
HP BASIC,False,,,,,,False,False,False,False,False,False,False,
HP PPL,False,,,,,,False,False,False,False,False,False,False,
HPF,False,,,,,,False,False,False,False,False,False,False,
HQL,False,,,,,,False,False,False,False,False,False,False,
HSP,False,,,,,,False,False,False,False,False,False,False,
Huff,False,,,,,,False,False,False,False,False,False,False,
Hugs,False,,,,,,False,False,False,False,False,False,False,
Humbug,False,,,,,,False,False,False,False,False,False,False,
Hume,False,,,,,,False,False,False,False,False,False,False,
Humus,False,,,,,,False,False,False,False,False,False,False,
HVML,False,,,,,,False,False,False,False,False,False,False,
HXSL,False,,,,,,False,False,False,False,False,False,False,
Hydra,False,,,,,,False,False,False,False,False,False,False,
Hylo,False,,,,,,False,False,False,False,False,False,False,
IA-64 Assembly,False,,,,,,False,False,False,False,False,False,False,
IBM 1130 Assembly,False,,,,,,False,False,False,False,False,False,False,
IBM 1401 Assembly,False,,,,,,False,False,False,False,False,False,False,
IBM 1401 Autocoder,False,,,,,,False,False,False,False,False,False,False,
IBM 1620 Assembly,False,,,,,,False,False,False,False,False,False,False,
IBM 360 Assembly,False,,,,,,False,False,False,False,False,False,False,
IBM 370 Assembly,False,,,,,,False,False,False,False,False,False,False,
IBM 650 Assembly,False,,,,,,False,False,False,False,False,False,False,
IBM 704 Assembly,False,,,,,,False,False,False,False,False,False,False,
IBM 705 Assembly,False,,,,,,False,False,False,False,False,False,False,
IBM 709 Assembly,False,,,,,,False,False,False,False,False,False,False,
IBM 7090 Assembly,False,,,,,,False,False,False,False,False,False,False,
IBM RPG,False,,,,,,False,False,False,False,False,False,False,
Ice,False,,,,,,False,False,False,False,False,False,False,
Iced CoffeeScript,False,,,,,,False,False,False,False,False,False,False,icedcoffeescript
Ichiban Prolog,False,,,,,,False,False,False,False,False,False,False,
IDC,False,,,,,,False,False,False,False,False,False,False,
IDEAL,False,,,,,,False,False,False,False,False,False,False,
Idol,False,,,,,,False,False,False,False,False,False,False,
Idris 1,False,,,,,,False,False,False,False,False,False,False,
Idris 2,False,,,,,,False,False,False,False,False,False,False,
Idris2,False,,,,,,False,False,False,False,False,False,False,
Idyll,False,,,,,,False,False,False,False,False,False,False,
IEML,False,,,,,,False,False,False,False,False,False,False,
IF/Prolog,False,,,,,,False,False,False,False,False,False,False,
iForth,False,,,,,,False,False,False,False,False,False,False,FIFOrth
IFTRAN,False,,,,,,False,False,False,False,False,False,False,
ImplicitCAD,False,,,,,,False,False,False,False,False,False,False,
Impromptu,False,,,,,,False,False,False,False,False,False,False,
incr Tcl,False,,,,,,False,False,False,False,False,False,False,
InfluxQL,False,,,,,,False,False,False,False,False,False,False,
Inform 0,False,,,,,,False,False,False,False,False,False,False,
Inform 1,False,,,,,,False,False,False,False,False,False,False,
Inform 2,False,,,,,,False,False,False,False,False,False,False,
Inform 3,False,,,,,,False,False,False,False,False,False,False,
Inform 4,False,,,,,,False,False,False,False,False,False,False,
Inform 5,False,,,,,,False,False,False,False,False,False,False,
Inform 6,False,,,,,,False,False,False,False,False,False,False,
Informix 4GL,False,,,,,,False,False,False,False,False,False,False,
Informix-4GL,False,,,,,,False,False,False,False,False,False,False,
Ingres QUEL,False,,,,,,False,False,False,False,False,False,False,
Inkling,False,,,,,,False,False,False,False,False,False,False,
Inno Script,False,,,,,,False,False,False,False,False,False,False,
Instruction List,False,,,,,,False,False,False,False,False,False,False,instruction-list
Intel 4004 Assembly,False,,,,,,False,False,False,False,False,False,False,
Interactive C,False,,,,,,False,False,False,False,False,False,False,
Ion,False,,,,,,False,False,False,False,False,False,False,
Ion Shell,False,,,,,,False,False,False,False,False,False,False,
IPDL,False,,,,,,False,False,False,False,False,False,False,
IPL,False,,,,,,False,False,False,False,False,False,False,
IPL-I,False,,,,,,False,False,False,False,False,False,False,
IPL-II,False,,,,,,False,False,False,False,False,False,False,
IPL-III,False,,,,,,False,False,False,False,False,False,False,
IPL-IV,False,,,,,,False,False,False,False,False,False,False,
IPL-VI,False,,,,,,False,False,False,False,False,False,False,
IPython,False,,,,,,False,False,False,False,False,False,False,Python
Irken,False,,,,,,False,False,False,False,False,False,False,
IronPython,False,,,,,,False,False,False,False,False,False,False,
IronRuby,False,,,,,,False,False,False,False,False,False,False,
IronScheme,False,,,,,,False,False,False,False,False,False,False,
IS-BASIC,False,,,,,,False,False,False,False,False,False,False,
Isar,False,,,,,,False,False,False,False,False,False,False,
IWIM,False,,,,,,False,False,False,False,False,False,False,
ixi lang,False,,,,,,False,False,False,False,False,False,False,
J#,False,,,,,,False,False,False,False,False,False,False,jsharp
Jack,False,,,,,,False,False,False,False,False,False,False,
Jael,False,,,,,,False,False,False,False,False,False,False,
JAGS,False,,,,,,False,False,False,False,False,False,False,
JAL,False,,,,,,False,False,False,False,False,False,False,
Jam,False,,,,,,False,False,False,False,False,False,False,
Jancy,False,,,,,,False,False,False,False,False,False,False,
JAPE,False,,,,,,False,False,False,False,False,False,False,
JAQAL,False,,,,,,False,False,False,False,False,False,False,
Jaql,False,,,,,,False,False,False,False,False,False,False,
Jason,False,,,,,,False,False,False,False,False,False,False,
jBASE,False,,,,,,False,False,False,False,False,False,False,
JCSP,False,,,,,,False,False,False,False,False,False,False,
JDL,False,,,,,,False,False,False,False,False,False,False,
Jeroo,False,,,,,,False,False,False,False,False,False,False,
JESS,False,,,,,,False,False,False,False,False,False,False,
JHDL,False,,,,,,False,False,False,False,False,False,False,
Jif,False,,,,,,False,False,False,False,False,False,False,
Jim Tcl,False,,,,,,False,False,False,False,False,False,False,
JML,False,,,,,,False,False,False,False,False,False,False,
JoCaml,False,,,,,,False,False,False,False,False,False,False,
Join Java,False,,,,,,False,False,False,False,False,False,False,
JOLT,False,,,,,,False,False,False,False,False,False,False,
Jorth,False,,,,,,False,False,False,False,False,False,False,
JOSS I,False,,,,,,False,False,False,False,False,False,False,
JOSS II,False,,,,,,False,False,False,False,False,False,False,
JOSS III,False,,,,,,False,False,False,False,False,False,False,
JOSS IV,False,,,,,,False,False,False,False,False,False,False,
Jou,False,,,,,,False,False,False,False,False,False,False,
JOVIAL J3,False,,,,,,False,False,False,False,False,False,False,
JOVIAL J73,False,,,,,,False,False,False,False,False,False,False,
Joxa,False,,,,,,False,False,False,False,False,False,False,
JPQL,False,,,,,,False,False,False,False,False,False,False,
JPython,False,,,,,,False,False,False,False,False,False,False,Python;jython
JScheme,False,,,,,,False,False,False,False,False,False,False,scheme
JScript .NET,False,,,,,,False,False,False,False,False,False,False,
JScript.NET,False,,,,,,False,False,False,False,False,False,False,
JSFX,False,,,,,,False,False,False,False,False,False,False,
Jsish,False,,,,,,False,False,False,False,False,False,False,
JSONata,False,,,,,,False,False,False,False,False,False,False,Sonata
JSONPath,False,,,,,,False,False,False,False,False,False,False,
JSSS,False,,,,,,False,False,False,False,False,False,False,
JTcl,False,,,,,,False,False,False,False,False,False,False,
JUEL,False,,,,,,False,False,False,False,False,False,False,
Just BASIC,False,,,,,,False,False,False,False,False,False,False,
JX,False,,,,,,False,False,False,False,False,False,False,
JXL,False,,,,,,False,False,False,False,False,False,False,
K3,False,,,,,,False,False,False,False,False,False,False,
Kali,False,,,,,,False,False,False,False,False,False,False,
Kamailio,False,,,,,,False,False,False,False,False,False,False,
Kamin,False,,,,,,False,False,False,False,False,False,False,
Kanren,False,,,,,,False,False,False,False,False,False,False,
KANT,False,,,,,,False,False,False,False,False,False,False,
Kap,False,,,,,,False,False,False,False,False,False,False,
Kapok,False,,,,,,False,False,False,False,False,False,False,
Karel (programming language),False,,,,,,False,False,False,False,False,False,False,Red (programming language);APL (programming language)
Katahdin,False,,,,,,False,False,False,False,False,False,False,
Kaya,False,,,,,,False,False,False,False,False,False,False,
kdb+,False,,,,,,False,False,False,False,False,False,False,
KDF9 Autocode,False,,,,,,False,False,False,False,False,False,False,
Keelung,False,,,,,,False,False,False,False,False,False,False,
Kempe,False,,,,,,False,False,False,False,False,False,False,
Kent Recursive Calculator,False,,,,,,False,False,False,False,False,False,False,
Kermit,False,,,,,,False,False,False,False,False,False,False,
Ketos,False,,,,,,False,False,False,False,False,False,False,
Kevo,False,,,,,,False,False,False,False,False,False,False,
kForth,False,,,,,,False,False,False,False,False,False,False,
KIF,False,,,,,,False,False,False,False,False,False,False,
Kind,False,,,,,,False,False,False,False,False,False,False,
Kind2,False,,,,,,False,False,False,False,False,False,False,
Kinx,False,,,,,,False,False,False,False,False,False,False,
Kipper,False,,,,,,False,False,False,False,False,False,False,
Kite,False,,,,,,False,False,False,False,False,False,False,
Kiwi,False,,,,,,False,False,False,False,False,False,False,
KJava,False,,,,,,False,False,False,False,False,False,False,
Klara,False,,,,,,False,False,False,False,False,False,False,
Klerer-May System,False,,,,,,False,False,False,False,False,False,False,klerer-may-system
KM3,False,,,,,,False,False,False,False,False,False,False,
Kodu,False,,,,,,False,False,False,False,False,False,False,
Kojo,False,,,,,,False,False,False,False,False,False,False,
Koneko,False,,,,,,False,False,False,False,False,False,False,
Koord,False,,,,,,False,False,False,False,False,False,False,
KornShell,False,,,,,,False,False,False,False,False,False,False,korn-shell
kOS,False,,,,,,False,False,False,False,False,False,False,
Kotlin Native,False,,,,,,False,False,False,False,False,False,False,
Kotlin Script,False,,,,,,False,False,False,False,False,False,False,
Kotlinx,False,,,,,,False,False,False,False,False,False,False,kotlin
KPHP,False,,,,,,False,False,False,False,False,False,False,
KPL,False,,,,,,False,False,False,False,False,False,False,
KQL,False,,,,,,False,False,False,False,False,False,False,
Kronos,False,,,,,,False,False,False,False,False,False,False,
Ksh,False,,,,,,False,False,False,False,False,False,False,
ksh93,False,,,,,,False,False,False,False,False,False,False,
KTurtle,False,,,,,,False,False,False,False,False,False,False,turtle
KUKA Robot Language,False,,,,,,False,False,False,False,False,False,False,
Kusto Query Language,False,,,,,,False,False,False,False,False,False,False,
KVIrc Script,False,,,,,,False,False,False,False,False,False,False,
Kymera,False,,,,,,False,False,False,False,False,False,False,
L3,False,,,,,,False,False,False,False,False,False,False,
LabTalk,False,,,,,,False,False,False,False,False,False,False,
Ladder Diagram,False,,,,,,False,False,False,False,False,False,False,
Ladder Logic,False,,,,,,False,False,False,False,False,False,False,
LambdaProlog,False,,,,,,False,False,False,False,False,False,False,lambda-prolog
Lambdatalk,False,,,,,,False,False,False,False,False,False,False,
Laning and Zierler System,False,,,,,,False,False,False,False,False,False,False,
LanQ,False,,,,,,False,False,False,False,False,False,False,
LANSA,False,,,,,,False,False,False,False,False,False,False,
Lasca,False,,,,,,False,False,False,False,False,False,False,
Laszlo,False,,,,,,False,False,False,False,False,False,False,
Latitude,False,,,,,,False,False,False,False,False,False,False,
Lavender,False,,,,,,False,False,False,False,False,False,False,
Lazy K,False,,,,,,False,False,False,False,False,False,False,
Lazy ML,False,,,,,,False,False,False,False,False,False,False,lazyml
Le Lisp,False,,,,,,False,False,False,False,False,False,False,
Le_Lisp,False,,,,,,False,False,False,False,False,False,False,
Lefty,False,,,,,,False,False,False,False,False,False,False,
Leibniz,False,,,,,,False,False,False,False,False,False,False,
LeLisp,False,,,,,,False,False,False,False,False,False,False,le-lisp
Lem,False,,,,,,False,False,False,False,False,False,False,
Lens,False,,,,,,False,False,False,False,False,False,False,
Lexico,False,,,,,,False,False,False,False,False,False,False,
LF,False,,,,,,False,False,False,False,False,False,False,
LibreOffice Basic,False,,,,,,False,False,False,False,False,False,False,
Lime,False,,,,,,False,False,False,False,False,False,False,
Limn,False,,,,,,False,False,False,False,False,False,False,
LINC,False,,,,,,False,False,False,False,False,False,False,
Linden Scripting Language,False,,,,,,False,False,False,False,False,False,False,linden-scripting-language
Lingua Franca,False,,,,,,False,False,False,False,False,False,False,
Liquid Haskell,False,,,,,,False,False,False,False,False,False,False,
LiquidHaskell,False,,,,,,False,False,False,False,False,False,False,
Liskell,False,,,,,,False,False,False,False,False,False,False,
LISP 1.5,False,,,,,,False,False,False,False,False,False,False,
LISP 2,False,,,,,,False,False,False,False,False,False,False,
Lisp Flavored Erlang,False,,,,,,False,False,False,False,False,False,False,
Lisp Flavoured Erlang,False,,,,,,False,False,False,False,False,False,False,
Lisp Machine Lisp,False,,,,,,False,False,False,False,False,False,False,
LISP/360,False,,,,,,False,False,False,False,False,False,False,
Lispkit Lisp,False,,,,,,False,False,False,False,False,False,False,
Lissp,False,,,,,,False,False,False,False,False,False,False,
Liszt,False,,,,,,False,False,False,False,False,False,False,
Little b,False,,,,,,False,False,False,False,False,False,False,
Little Man Computer,False,,,,,,False,False,False,False,False,False,False,
Little Smalltalk,False,,,,,,False,False,False,False,False,False,False,little-smalltalk
LLVM IR,False,,,,,,False,False,False,False,False,False,False,llvmir
LMNtal,False,,,,,,False,False,False,False,False,False,False,
LogiQL,False,,,,,,False,False,False,False,False,False,False,
LogQL,False,,,,,,False,False,False,False,False,False,False,
Loko,False,,,,,,False,False,False,False,False,False,False,
Lolli,False,,,,,,False,False,False,False,False,False,False,
LolliMon,False,,,,,,False,False,False,False,False,False,False,
Lolly,False,,,,,,False,False,False,False,False,False,False,
LOOP,False,,,,,,False,False,False,False,False,False,False,
Lout,False,,,,,,False,False,False,False,False,False,False,
LRML,False,,,,,,False,False,False,False,False,False,False,
LScript,False,,,,,,False,False,False,False,False,False,False,mlscript;script
Ltac,False,,,,,,False,False,False,False,False,False,False,
Luan,False,,,,,,False,False,False,False,False,False,False,
Lucee,False,,,,,,False,False,False,False,False,False,False,
Lucid Synchrone,False,,,,,,False,False,False,False,False,False,False,
Luerl,False,,,,,,False,False,False,False,False,False,False,
Lumen,False,,,,,,False,False,False,False,False,False,False,
LuneScript,False,,,,,,False,False,False,False,False,False,False,
Lurk,False,,,,,,False,False,False,False,False,False,False,
Lys,False,,,,,,False,False,False,False,False,False,False,
LZX,False,,,,,,False,False,False,False,False,False,False,
M2000,False,,,,,,False,False,False,False,False,False,False,
M2000 Interpreter,False,,,,,,False,False,False,False,False,False,False,
M68k Assembly,False,,,,,,False,False,False,False,False,False,False,
MACRO-20,False,,,,,,False,False,False,False,False,False,False,
MACRO-32,False,,,,,,False,False,False,False,False,False,False,
MACRO-8,False,,,,,,False,False,False,False,False,False,False,
Magpie,False,,,,,,False,False,False,False,False,False,False,
MAINSAIL,False,,,,,,False,False,False,False,False,False,False,
Makam,False,,,,,,False,False,False,False,False,False,False,
Mallard BASIC,False,,,,,,False,False,False,False,False,False,False,mallard-basic
Malloy,False,,,,,,False,False,False,False,False,False,False,
Mamba,False,,,,,,False,False,False,False,False,False,False,
Manchester Autocode,False,,,,,,False,False,False,False,False,False,False,
MANIAC,False,,,,,,False,False,False,False,False,False,False,
Manifold,False,,,,,,False,False,False,False,False,False,False,
MANTIS,False,,,,,,False,False,False,False,False,False,False,
Mare,False,,,,,,False,False,False,False,False,False,False,
MARIE,False,,,,,,False,False,False,False,False,False,False,
Mark 1 Autocode,False,,,,,,False,False,False,False,False,False,False,
Mark I Autocode,False,,,,,,False,False,False,False,False,False,False,
Mark II Autocode,False,,,,,,False,False,False,False,False,False,False,
Mark III Autocode,False,,,,,,False,False,False,False,False,False,False,
Markov,False,,,,,,False,False,False,False,False,False,False,
Markov algorithm,False,,,,,,False,False,False,False,False,False,False,
Marlowe,False,,,,,,False,False,False,False,False,False,False,
Maru,False,,,,,,False,False,False,False,False,False,False,
Mason,False,,,,,,False,False,False,False,False,False,False,
Mata,False,,,,,,False,False,False,False,False,False,False,
MathGolf,False,,,,,,False,False,False,False,False,False,False,
MATHLAB 68,False,,,,,,False,False,False,False,False,False,False,
MathProg,False,,,,,,False,False,False,False,False,False,False,
Maya Embedded Language,False,,,,,,False,False,False,False,False,False,False,
MCL,False,,,,,,False,False,False,False,False,False,False,
MCPL,False,,,,,,False,False,False,False,False,False,False,
mCRL,False,,,,,,False,False,False,False,False,False,False,
mCRL2,False,,,,,,False,False,False,False,False,False,False,
MDSL,False,,,,,,False,False,False,False,False,False,False,
Mech,False,,,,,,False,False,False,False,False,False,False,
Mecrisp,False,,,,,,False,False,False,False,False,False,False,
MegaZeux,False,,,,,,False,False,False,False,False,False,False,
MELT,False,,,,,,False,False,False,False,False,False,False,
MENTOR,False,,,,,,False,False,False,False,False,False,False,
Mercury Autocode,False,,,,,,False,False,False,False,False,False,False,
META II,False,,,,,,False,False,False,False,False,False,False,
Metal Shading Language,False,,,,,,False,False,False,False,False,False,False,
Metalua,False,,,,,,False,False,False,False,False,False,False,
MetaOCaml,False,,,,,,False,False,False,False,False,False,False,
MetaTalk,False,,,,,,False,False,False,False,False,False,False,
MFront,False,,,,,,False,False,False,False,False,False,False,
MHEG,False,,,,,,False,False,False,False,False,False,False,
Micro-Planner,False,,,,,,False,False,False,False,False,False,False,microplanner
microKanren,False,,,,,,False,False,False,False,False,False,False,
Microsoft BASIC,False,,,,,,False,False,False,False,False,False,False,microsoft-basic
Microsoft Small Basic,False,,,,,,False,False,False,False,False,False,False,
Miden,False,,,,,,False,False,False,False,False,False,False,
MIDL,False,,,,,,False,False,False,False,False,False,False,
Migen,False,,,,,,False,False,False,False,False,False,False,
Miller,False,,,,,,False,False,False,False,False,False,False,
Millet,False,,,,,,False,False,False,False,False,False,False,
Mind,False,,,,,,False,False,False,False,False,False,False,
Mindcode,False,,,,,,False,False,False,False,False,False,False,
MiniJava,False,,,,,,False,False,False,False,False,False,False,
Minimal BASIC,False,,,,,,False,False,False,False,False,False,False,
MiniScript,False,,,,,,False,False,False,False,False,False,False,
Minlog,False,,,,,,False,False,False,False,False,False,False,
MinML,False,,,,,,False,False,False,False,False,False,False,
MINOL,False,,,,,,False,False,False,False,False,False,False,
MIPS Assembly,False,,,,,,False,False,False,False,False,False,False,
Mira,False,,,,,,False,False,False,False,False,False,False,
mIRC Scripting Language,False,,,,,,False,False,False,False,False,False,False,
MIT Proto,False,,,,,,False,False,False,False,False,False,False,
MIT Scheme,False,,,,,,False,False,False,False,False,False,False,
Mitrion-C,False,,,,,,False,False,False,False,False,False,False,
Miva Script,False,,,,,,False,False,False,False,False,False,False,
MIXAL,False,,,,,,False,False,False,False,False,False,False,
mksh,False,,,,,,False,False,False,False,False,False,False,
ML/1,False,,,,,,False,False,False,False,False,False,False,
ML/370,False,,,,,,False,False,False,False,False,False,False,
ML/I,False,,,,,,False,False,False,False,False,False,False,
ML5,False,,,,,,False,False,False,False,False,False,False,
MLISP,False,,,,,,False,False,False,False,False,False,False,
MLj,False,,,,,,False,False,False,False,False,False,False,
Mlog,False,,,,,,False,False,False,False,False,False,False,
MLton,False,,,,,,False,False,False,False,False,False,False,
MMIXAL,False,,,,,,False,False,False,False,False,False,False,
MML,False,,,,,,False,False,False,False,False,False,False,
Moby,False,,,,,,False,False,False,False,False,False,False,
Model 204,False,,,,,,False,False,False,False,False,False,False,
MODSIM,False,,,,,,False,False,False,False,False,False,False,
Modula-1,False,,,,,,False,False,False,False,False,False,False,
Modula-2+,False,,,,,,False,False,False,False,False,False,False,modula-2
Modula-2R10,False,,,,,,False,False,False,False,False,False,False,
Modus,False,,,,,,False,False,False,False,False,False,False,
Moksha,False,,,,,,False,False,False,False,False,False,False,
Mondrian,False,,,,,,False,False,False,False,False,False,False,
Monicelli,False,,,,,,False,False,False,False,False,False,False,
Monkey X,False,,,,,,False,False,False,False,False,False,False,monkeyx
Monkey2,False,,,,,,False,False,False,False,False,False,False,monkey
Morpho,False,,,,,,False,False,False,False,False,False,False,
Moscow ML,False,,,,,,False,False,False,False,False,False,False,
Mosel,False,,,,,,False,False,False,False,False,False,False,
Moto,False,,,,,,False,False,False,False,False,False,False,
Movitz,False,,,,,,False,False,False,False,False,False,False,
Mozart,False,,,,,,False,False,False,False,False,False,False,
Mozart-Oz,False,,,,,,False,False,False,False,False,False,False,
MPASM,False,,,,,,False,False,False,False,False,False,False,
MPD,False,,,,,,False,False,False,False,False,False,False,
MR,False,,,,,,False,False,False,False,False,False,False,
MRQL,False,,,,,,False,False,False,False,False,False,False,
mruby,False,,,,,,False,False,False,False,False,False,False,
MSP430 Assembly,False,,,,,,False,False,False,False,False,False,False,
MSWLogo,False,,,,,,False,False,False,False,False,False,False,
MSX Basic,False,,,,,,False,False,False,False,False,False,False,
muLISP,False,,,,,,False,False,False,False,False,False,False,
muLISP-80,False,,,,,,False,False,False,False,False,False,False,
MultiJava,False,,,,,,False,False,False,False,False,False,False,
MultiLisp,False,,,,,,False,False,False,False,False,False,False,
Mun,False,,,,,,False,False,False,False,False,False,False,
Murex,False,,,,,,False,False,False,False,False,False,False,
Murmel,False,,,,,,False,False,False,False,False,False,False,
Murphi,False,,,,,,False,False,False,False,False,False,False,
MUSHcode,False,,,,,,False,False,False,False,False,False,False,
Music V,False,,,,,,False,False,False,False,False,False,False,
MyBASIC,False,,,,,,False,False,False,False,False,False,False,mbasic
MyHDL,False,,,,,,False,False,False,False,False,False,False,
Myr,False,,,,,,False,False,False,False,False,False,False,
N1QL,False,,,,,,False,False,False,False,False,False,False,
N3,False,,,,,,False,False,False,False,False,False,False,
Nadeshiko,False,,,,,,False,False,False,False,False,False,False,nadesiko
Nanoquery,False,,,,,,False,False,False,False,False,False,False,
Napier,False,,,,,,False,False,False,False,False,False,False,
NARS2000,False,,,,,,False,False,False,False,False,False,False,
Narya,False,,,,,,False,False,False,False,False,False,False,
NASTRAN,False,,,,,,False,False,False,False,False,False,False,
NAT,False,,,,,,False,False,False,False,False,False,False,
NATJ,False,,,,,,False,False,False,False,False,False,False,
NCAP2,False,,,,,,False,False,False,False,False,False,False,
NCAR Command Language,False,,,,,,False,False,False,False,False,False,False,
NDDL,False,,,,,,False,False,False,False,False,False,False,
NED,False,,,,,,False,False,False,False,False,False,False,
Nel,False,,,,,,False,False,False,False,False,False,False,
Neva,False,,,,,,False,False,False,False,False,False,False,
NFun,False,,,,,,False,False,False,False,False,False,False,
ngn/k,False,,,,,,False,False,False,False,False,False,False,
Nimble,False,,,,,,False,False,False,False,False,False,False,
NimScript,False,,,,,,False,False,False,False,False,False,False,
Niue,False,,,,,,False,False,False,False,False,False,False,
Nix Expression Language,False,,,,,,False,False,False,False,False,False,False,
nklang,False,,,,,,False,False,False,False,False,False,False,
nMigen,False,,,,,,False,False,False,False,False,False,False,
NoFlo,False,,,,,,False,False,False,False,False,False,False,
Noop,False,,,,,,False,False,False,False,False,False,False,
Not eXactly C,False,,,,,,False,False,False,False,False,False,False,
Not Quite C,False,,,,,,False,False,False,False,False,False,False,
Nova Assembly,False,,,,,,False,False,False,False,False,False,False,
Novah,False,,,,,,False,False,False,False,False,False,False,
Novika,False,,,,,,False,False,False,False,False,False,False,
NQL,False,,,,,,False,False,False,False,False,False,False,
NQP,False,,,,,,False,False,False,False,False,False,False,
Nqthm,False,,,,,,False,False,False,False,False,False,False,
NSBasic,False,,,,,,False,False,False,False,False,False,False,ns-basic;sbasic
NScripter,False,,,,,,False,False,False,False,False,False,False,
NTCC,False,,,,,,False,False,False,False,False,False,False,
Numbat,False,,,,,,False,False,False,False,False,False,False,
NuSMV,False,,,,,,False,False,False,False,False,False,False,
NVelocity,False,,,,,,False,False,False,False,False,False,False,
Nyx,False,,,,,,False,False,False,False,False,False,False,
OAL,False,,,,,,False,False,False,False,False,False,False,
Oberon+,False,,,,,,False,False,False,False,False,False,False,oberon
Oberon-0,False,,,,,,False,False,False,False,False,False,False,
Oberon-07,False,,,,,,False,False,False,False,False,False,False,
Oberon-1,False,,,,,,False,False,False,False,False,False,False,
Oberon-A,False,,,,,,False,False,False,False,False,False,False,
Obix,False,,,,,,False,False,False,False,False,False,False,
OBJ3,False,,,,,,False,False,False,False,False,False,False,
Objeck,False,,,,,,False,False,False,False,False,False,False,
Object Pascal,False,,,,,,False,False,False,False,False,False,False,object-pascal
Object REXX,False,,,,,,False,False,False,False,False,False,False,
Objective Caml,False,,,,,,False,False,False,False,False,False,False,
ObjectREXX,False,,,,,,False,False,False,False,False,False,False,object-rexx
Oblig,False,,,,,,False,False,False,False,False,False,False,
Oblivion Script,False,,,,,,False,False,False,False,False,False,False,
Oblix,False,,,,,,False,False,False,False,False,False,False,
Oblog,False,,,,,,False,False,False,False,False,False,False,
Oblong,False,,,,,,False,False,False,False,False,False,False,
Oeuf,False,,,,,,False,False,False,False,False,False,False,
OFlux,False,,,,,,False,False,False,False,False,False,False,
Oil Shell,False,,,,,,False,False,False,False,False,False,False,
Ol,False,,,,,,False,False,False,False,False,False,False,
ooRexx,False,,,,,,False,False,False,False,False,False,False,
OOT,False,,,,,,False,False,False,False,False,False,False,
Open Dylan,False,,,,,,False,False,False,False,False,False,False,
Open Object Rexx,False,,,,,,False,False,False,False,False,False,False,
Open Shading Language,False,,,,,,False,False,False,False,False,False,False,
OpenABL,False,,,,,,False,False,False,False,False,False,False,
OpenACC,False,,,,,,False,False,False,False,False,False,False,
OpenAxiom,False,,,,,,False,False,False,False,False,False,False,
OpenCilk,False,,,,,,False,False,False,False,False,False,False,
OpenCL C,False,,,,,,False,False,False,False,False,False,False,
OpenCOBOL,False,,,,,,False,False,False,False,False,False,False,
OpenGL Shading Language,False,,,,,,False,False,False,False,False,False,False,
OpenLaszlo,False,,,,,,False,False,False,False,False,False,False,
OpenRISC Assembly,False,,,,,,False,False,False,False,False,False,False,
OpenScript,False,,,,,,False,False,False,False,False,False,False,
OpShin,False,,,,,,False,False,False,False,False,False,False,
OQL,False,,,,,,False,False,False,False,False,False,False,
Orc,False,,,,,,False,False,False,False,False,False,False,
ORCA/C,False,,,,,,False,False,False,False,False,False,False,
ORCA/M,False,,,,,,False,False,False,False,False,False,False,
ORCA/Pascal,False,,,,,,False,False,False,False,False,False,False,
Oric BASIC,False,,,,,,False,False,False,False,False,False,False,
Oriel,False,,,,,,False,False,False,False,False,False,False,
Origin C,False,,,,,,False,False,False,False,False,False,False,
Orwell,False,,,,,,False,False,False,False,False,False,False,
Ott,False,,,,,,False,False,False,False,False,False,False,
Otus Lisp,False,,,,,,False,False,False,False,False,False,False,
OVAL,False,,,,,,False,False,False,False,False,False,False,
Overlog,False,,,,,,False,False,False,False,False,False,False,
Overtone,False,,,,,,False,False,False,False,False,False,False,
Ovid,False,,,,,,False,False,False,False,False,False,False,
Owl Lisp,False,,,,,,False,False,False,False,False,False,False,
OwlLisp,False,,,,,,False,False,False,False,False,False,False,
Oxygen Basic,False,,,,,,False,False,False,False,False,False,False,
OxygenBasic,False,,,,,,False,False,False,False,False,False,False,
Oxymoron,False,,,,,,False,False,False,False,False,False,False,
Oyster,False,,,,,,False,False,False,False,False,False,False,
P#,False,,,,,,False,False,False,False,False,False,False,
PA-RISC Assembly,False,,,,,,False,False,False,False,False,False,False,
PacketC,False,,,,,,False,False,False,False,False,False,False,
PACT I,False,,,,,,False,False,False,False,False,False,False,
PAL,False,,,,,,False,False,False,False,False,False,False,
Pallene,False,,,,,,False,False,False,False,False,False,False,
Palo Alto Tiny BASIC,False,,,,,,False,False,False,False,False,False,False,
Panda,False,,,,,,False,False,False,False,False,False,False,
Panini,False,,,,,,False,False,False,False,False,False,False,
Panorama,False,,,,,,False,False,False,False,False,False,False,
Paradoc,False,,,,,,False,False,False,False,False,False,False,
Parallaxis,False,,,,,,False,False,False,False,False,False,False,
PARI/GP,False,,,,,,False,False,False,False,False,False,False,
Pascal/MT+,False,,,,,,False,False,False,False,False,False,False,
PascalScript,False,,,,,,False,False,False,False,False,False,False,pascal-script
PC-BASIC,False,,,,,,False,False,False,False,False,False,False,
PCASTL,False,,,,,,False,False,False,False,False,False,False,
PCF,False,,,,,,False,False,False,False,False,False,False,
PDC Prolog,False,,,,,,False,False,False,False,False,False,False,
PDL2,False,,,,,,False,False,False,False,False,False,False,
PDML,False,,,,,,False,False,False,False,False,False,False,
PDP-1 Assembly,False,,,,,,False,False,False,False,False,False,False,
PDP-10 Assembly,False,,,,,,False,False,False,False,False,False,False,
PDP-11 Assembly,False,,,,,,False,False,False,False,False,False,False,
PDP-12 Assembly,False,,,,,,False,False,False,False,False,False,False,
PDP-15 Assembly,False,,,,,,False,False,False,False,False,False,False,
PDP-4 Assembly,False,,,,,,False,False,False,False,False,False,False,
PDP-5 Assembly,False,,,,,,False,False,False,False,False,False,False,
PDP-6 Assembly,False,,,,,,False,False,False,False,False,False,False,
PDP-7 Assembly,False,,,,,,False,False,False,False,False,False,False,
PDP-8 Assembly,False,,,,,,False,False,False,False,False,False,False,
PDP-9 Assembly,False,,,,,,False,False,False,False,False,False,False,
Pegasus Autocode,False,,,,,,False,False,False,False,False,False,False,pegasus-autocode
Pen,False,,,,,,False,False,False,False,False,False,False,
PEP-10,False,,,,,,False,False,False,False,False,False,False,
Pep-7,False,,,,,,False,False,False,False,False,False,False,
Pep-8,False,,,,,,False,False,False,False,False,False,False,
Pep-9,False,,,,,,False,False,False,False,False,False,False,
Pep/8,False,,,,,,False,False,False,False,False,False,False,
PEPA,False,,,,,,False,False,False,False,False,False,False,
Perl 6,False,,,,,,False,False,False,False,False,False,False,
Perlito,False,,,,,,False,False,False,False,False,False,False,
PerlScript,False,,,,,,False,False,False,False,False,False,False,
PET BASIC,False,,,,,,False,False,False,False,False,False,False,
PFE,False,,,,,,False,False,False,False,False,False,False,
pForth,False,,,,,,False,False,False,False,False,False,False,
PGF,False,,,,,,False,False,False,False,False,False,False,
pH,False,,,,,,False,False,False,False,False,False,False,
Phalanger,False,,,,,,False,False,False,False,False,False,False,
Phix,False,,,,,,False,False,False,False,False,False,False,
Phrogram,False,,,,,,False,False,False,False,False,False,False,
PIC Assembly,False,,,,,,False,False,False,False,False,False,False,
PICAXE BASIC,False,,,,,,False,False,False,False,False,False,False,
PicBasic,False,,,,,,False,False,False,False,False,False,False,
Piccolo,False,,,,,,False,False,False,False,False,False,False,
Pick BASIC,False,,,,,,False,False,False,False,False,False,False,
PICO-8,False,,,,,,False,False,False,False,False,False,False,
PicoBlaze Assembly,False,,,,,,False,False,False,False,False,False,False,
PicoC,False,,,,,,False,False,False,False,False,False,False,
Picol,False,,,,,,False,False,False,False,False,False,False,
Picrin,False,,,,,,False,False,False,False,False,False,False,
Pig Latin,False,,,,,,False,False,False,False,False,False,False,PigLatin
Pilog,False,,,,,,False,False,False,False,False,False,False,
Pinafore,False,,,,,,False,False,False,False,False,False,False,
Pine Script,False,,,,,,False,False,False,False,False,False,False,
Pixel Bender,False,,,,,,False,False,False,False,False,False,False,
Pixie,False,,,,,,False,False,False,False,False,False,False,
Pixilang,False,,,,,,False,False,False,False,False,False,False,
PL/0,False,,,,,,False,False,False,False,False,False,False,
PL/360,False,,,,,,False,False,False,False,False,False,False,
PL/6,False,,,,,,False,False,False,False,False,False,False,
PL/8,False,,,,,,False,False,False,False,False,False,False,
PL/A,False,,,,,,False,False,False,False,False,False,False,
PL/B,False,,,,,,False,False,False,False,False,False,False,
PL/C,False,,,,,,False,False,False,False,False,False,False,
PL/CS,False,,,,,,False,False,False,False,False,False,False,
PL/I,False,,,,,,False,False,False,False,False,False,False,
PL/J,False,,,,,,False,False,False,False,False,False,False,
PL/M,False,,,,,,False,False,False,False,False,False,False,
PL/M-386,False,,,,,,False,False,False,False,False,False,False,
PL/M-51,False,,,,,,False,False,False,False,False,False,False,
PL/M-80,False,,,,,,False,False,False,False,False,False,False,
PL/M-86,False,,,,,,False,False,False,False,False,False,False,
PL/P,False,,,,,,False,False,False,False,False,False,False,
PL/S,False,,,,,,False,False,False,False,False,False,False,
PL/SQL,False,,,,,,False,False,False,False,False,False,False,
PL/T,False,,,,,,False,False,False,False,False,False,False,
PL/Tcl,False,,,,,,False,False,False,False,False,False,False,
PL/Z,False,,,,,,False,False,False,False,False,False,False,
PL516,False,,,,,,False,False,False,False,False,False,False,
Plaid,False,,,,,,False,False,False,False,False,False,False,
Plait,False,,,,,,False,False,False,False,False,False,False,
PLAN,False,,,,,,False,False,False,False,False,False,False,
Plan 9 C,False,,,,,,False,False,False,False,False,False,False,
PLANC,False,,,,,,False,False,False,False,False,False,False,
Plato,False,,,,,,False,False,False,False,False,False,False,
PlayBasic,False,,,,,,False,False,False,False,False,False,False,
Plorth,False,,,,,,False,False,False,False,False,False,False,
Plover,False,,,,,,False,False,False,False,False,False,False,
PlusCal,False,,,,,,False,False,False,False,False,False,False,
Pluto,False,,,,,,False,False,False,False,False,False,False,
Plutus,False,,,,,,False,False,False,False,False,False,False,
PMML,False,,,,,,False,False,False,False,False,False,False,
Pocketlang,False,,,,,,False,False,False,False,False,False,False,
Pollen,False,,,,,,False,False,False,False,False,False,False,
PolyForth,False,,,,,,False,False,False,False,False,False,False,
PolyML,False,,,,,,False,False,False,False,False,False,False,
Polyphonic C#,False,,,,,,False,False,False,False,False,False,False,
Ponder,False,,,,,,False,False,False,False,False,False,False,
POOL,False,,,,,,False,False,False,False,False,False,False,
POP-1,False,,,,,,False,False,False,False,False,False,False,
POPLER,False,,,,,,False,False,False,False,False,False,False,
Portable Standard Lisp,False,,,,,,False,False,False,False,False,False,False,
Porth,False,,,,,,False,False,False,False,False,False,False,
PostFix,False,,,,,,False,False,False,False,False,False,False,
Potigol,False,,,,,,False,False,False,False,False,False,False,
Power Fx,False,,,,,,False,False,False,False,False,False,False,
Power Query M,False,,,,,,False,False,False,False,False,False,False,
Powerhouse,False,,,,,,False,False,False,False,False,False,False,
PowerLoom,False,,,,,,False,False,False,False,False,False,False,
PowerPC Assembly,False,,,,,,False,False,False,False,False,False,False,
PPL,False,,,,,,False,False,False,False,False,False,False,
ProbLog,False,,,,,,False,False,False,False,False,False,False,prolog
Produire,False,,,,,,False,False,False,False,False,False,False,
Profan²,False,,,,,,False,False,False,False,False,False,False,
Progress 4GL,False,,,,,,False,False,False,False,False,False,False,
Progress ABL,False,,,,,,False,False,False,False,False,False,False,
Prolog II,False,,,,,,False,False,False,False,False,False,False,
Prolog III,False,,,,,,False,False,False,False,False,False,False,
PROSE,False,,,,,,False,False,False,False,False,False,False,
Prova,False,,,,,,False,False,False,False,False,False,False,
ProVerif,False,,,,,,False,False,False,False,False,False,False,
PSF,False,,,,,,False,False,False,False,False,False,False,
PSHDL,False,,,,,,False,False,False,False,False,False,False,
PT Pascal,False,,,,,,False,False,False,False,False,False,False,
Ptolemy II,False,,,,,,False,False,False,False,False,False,False,
Purerl,False,,,,,,False,False,False,False,False,False,False,
PuzzleScript,False,,,,,,False,False,False,False,False,False,False,
Pyro,False,,,,,,False,False,False,False,False,False,False,
Pyrope,False,,,,,,False,False,False,False,False,False,False,
PyRTL,False,,,,,,False,False,False,False,False,False,False,
Pythran,False,,,,,,False,False,False,False,False,False,False,
Pyxell,False,,,,,,False,False,False,False,False,False,False,
Q (Kx Systems),False,,,,,,False,False,False,False,False,False,False,
Q'Nial,False,,,,,,False,False,False,False,False,False,False,
QA-4,False,,,,,,False,False,False,False,False,False,False,
QBX,False,,,,,,False,False,False,False,False,False,False,
QED,False,,,,,,False,False,False,False,False,False,False,
QEPCAD,False,,,,,,False,False,False,False,False,False,False,
QFTASM,False,,,,,,False,False,False,False,False,False,False,
QG,False,,,,,,False,False,False,False,False,False,False,
qGCL,False,,,,,,False,False,False,False,False,False,False,
Qi,False,,,,,,False,False,False,False,False,False,False,
Qi II,False,,,,,,False,False,False,False,False,False,False,
QMASM,False,,,,,,False,False,False,False,False,False,False,
Qnial,False,,,,,,False,False,False,False,False,False,False,
QPL,False,,,,,,False,False,False,False,False,False,False,
Qu-Prolog,False,,,,,,False,False,False,False,False,False,False,
Quackery,False,,,,,,False,False,False,False,False,False,False,
Quartz,False,,,,,,False,False,False,False,False,False,False,
Quil,False,,,,,,False,False,False,False,False,False,False,
Quintus Prolog,False,,,,,,False,False,False,False,False,False,False,
Quipper,False,,,,,,False,False,False,False,False,False,False,
Quirrel,False,,,,,,False,False,False,False,False,False,False,squirrel
QWIRE,False,,,,,,False,False,False,False,False,False,False,
Qy,False,,,,,,False,False,False,False,False,False,False,
RAISE,False,,,,,,False,False,False,False,False,False,False,
RAMIS,False,,,,,,False,False,False,False,False,False,False,
Rash,False,,,,,,False,False,False,False,False,False,False,
RATS,False,,,,,,False,False,False,False,False,False,False,
Raven,False,,,,,,False,False,False,False,False,False,False,
Ravi,False,,,,,,False,False,False,False,False,False,False,
RDFS,False,,,,,,False,False,False,False,False,False,False,
RDQL,False,,,,,,False,False,False,False,False,False,False,
Reactive ML,False,,,,,,False,False,False,False,False,False,False,
ReactiveML,False,,,,,,False,False,False,False,False,False,False,
ReasonML,False,,,,,,False,False,False,False,False,False,False,
Rebeca,False,,,,,,False,False,False,False,False,False,False,
ReCT,False,,,,,,False,False,False,False,False,False,False,
Redline Smalltalk,False,,,,,,False,False,False,False,False,False,False,
RedTT,False,,,,,,False,False,False,False,False,False,False,
Reflex,False,,,,,,False,False,False,False,False,False,False,
Reflow,False,,,,,,False,False,False,False,False,False,False,
Regina REXX,False,,,,,,False,False,False,False,False,False,False,
Rego,False,,,,,,False,False,False,False,False,False,False,
Rell,False,,,,,,False,False,False,False,False,False,False,
Remora,False,,,,,,False,False,False,False,False,False,False,
RenderMan Shading Language,False,,,,,,False,False,False,False,False,False,False,renderman-shading-language
Retro,False,,,,,,False,False,False,False,False,False,False,
Rexygen,False,,,,,,False,False,False,False,False,False,False,
rFun,False,,,,,,False,False,False,False,False,False,False,
RGSS,False,,,,,,False,False,False,False,False,False,False,
Rhope,False,,,,,,False,False,False,False,False,False,False,
Rhovas,False,,,,,,False,False,False,False,False,False,False,
Ride,False,,,,,,False,False,False,False,False,False,False,
Rink,False,,,,,,False,False,False,False,False,False,False,
RISC OS BASIC,False,,,,,,False,False,False,False,False,False,False,
RISC-V Assembly,False,,,,,,False,False,False,False,False,False,False,
Risor,False,,,,,,False,False,False,False,False,False,False,
RiveScript,False,,,,,,False,False,False,False,False,False,False,
rk,False,,,,,,False,False,False,False,False,False,False,
Robot,False,,,,,,False,False,False,False,False,False,False,
Robot Framework,False,,,,,,False,False,False,False,False,False,False,robotframework
Robot Karol,False,,,,,,False,False,False,False,False,False,False,
ROOM,False,,,,,,False,False,False,False,False,False,False,
RPAL,False,,,,,,False,False,False,False,False,False,False,
RPG II,False,,,,,,False,False,False,False,False,False,False,
RPG III,False,,,,,,False,False,False,False,False,False,False,
RPG IV,False,,,,,,False,False,False,False,False,False,False,
RPL/2,False,,,,,,False,False,False,False,False,False,False,
RPSL,False,,,,,,False,False,False,False,False,False,False,
RTcmix,False,,,,,,False,False,False,False,False,False,False,
RTL/2,False,,,,,,False,False,False,False,False,False,False,
Rubinius,False,,,,,,False,False,False,False,False,False,False,
Run BASIC,False,,,,,,False,False,False,False,False,False,False,
RunBasic,False,,,,,,False,False,False,False,False,False,False,run-basic
RVL,False,,,,,,False,False,False,False,False,False,False,
RWL,False,,,,,,False,False,False,False,False,False,False,
Rzk,False,,,,,,False,False,False,False,False,False,False,
S/360 Assembly,False,,,,,,False,False,False,False,False,False,False,
S/390 Assembly,False,,,,,,False,False,False,False,False,False,False,
S/SL,False,,,,,,False,False,False,False,False,False,False,
s7,False,,,,,,False,False,False,False,False,False,False,
S9fES,False,,,,,,False,False,False,False,False,False,False,
SA-C,False,,,,,,False,False,False,False,False,False,False,
SABR,False,,,,,,False,False,False,False,False,False,False,
SaC,False,,,,,,False,False,False,False,False,False,False,
SAL,False,,,,,,False,False,False,False,False,False,False,
Salmon,False,,,,,,False,False,False,False,False,False,False,
SB-Prolog,False,,,,,,False,False,False,False,False,False,False,
Scade,False,,,,,,False,False,False,False,False,False,False,
Scaffold,False,,,,,,False,False,False,False,False,False,False,
SCAMP,False,,,,,,False,False,False,False,False,False,False,
SCELBAL,False,,,,,,False,False,False,False,False,False,False,
SCELBI BASIC,False,,,,,,False,False,False,False,False,False,False,
SCEPTRE,False,,,,,,False,False,False,False,False,False,False,
Schelog,False,,,,,,False,False,False,False,False,False,False,
Scheme 48,False,,,,,,False,False,False,False,False,False,False,scheme48
Scheme-79,False,,,,,,False,False,False,False,False,False,False,
SCHOONSHIP,False,,,,,,False,False,False,False,False,False,False,schoonschip
Scilla,False,,,,,,False,False,False,False,False,False,False,
Sclang,False,,,,,,False,False,False,False,False,False,False,
Scryer Prolog,False,,,,,,False,False,False,False,False,False,False,
sCrypt,False,,,,,,False,False,False,False,False,False,False,
Scrypto,False,,,,,,False,False,False,False,False,False,False,
SDML,False,,,,,,False,False,False,False,False,False,False,
SectorLISP,False,,,,,,False,False,False,False,False,False,False,
Seph,False,,,,,,False,False,False,False,False,False,False,
SEQUEL,False,,,,,,False,False,False,False,False,False,False,
Sequential Function Chart,False,,,,,,False,False,False,False,False,False,False,sequential-function-chart
Sequoia,False,,,,,,False,False,False,False,False,False,False,
Setanta,False,,,,,,False,False,False,False,False,False,False,
SFTRAN,False,,,,,,False,False,False,False,False,False,False,
SGScript,False,,,,,,False,False,False,False,False,False,False,
Shakespeare Programming Language,False,,,,,,False,False,False,False,False,False,False,
Sharp APL,False,,,,,,False,False,False,False,False,False,False,
Shed Skin,False,,,,,,False,False,False,False,False,False,False,
Shesmu,False,,,,,,False,False,False,False,False,False,False,
Shiika,False,,,,,,False,False,False,False,False,False,False,
Short Code,False,,,,,,False,False,False,False,False,False,False,
SICStus Prolog,False,,,,,,False,False,False,False,False,False,False,
Sidef,False,,,,,,False,False,False,False,False,False,False,
Silice,False,,,,,,False,False,False,False,False,False,False,
Silq,False,,,,,,False,False,False,False,False,False,False,
Silver,False,,,,,,False,False,False,False,False,False,False,
Simkin,False,,,,,,False,False,False,False,False,False,False,
SIMPL+,False,,,,,,False,False,False,False,False,False,False,
Simplicity,False,,,,,,False,False,False,False,False,False,False,
SIMPOL,False,,,,,,False,False,False,False,False,False,False,
SIMSCRIPT II.5,False,,,,,,False,False,False,False,False,False,False,
SimTalk,False,,,,,,False,False,False,False,False,False,False,
SIMULA 67,False,,,,,,False,False,False,False,False,False,False,
Simula I,False,,,,,,False,False,False,False,False,False,False,
Sinclair BASIC,False,,,,,,False,False,False,False,False,False,False,sinclair-basic
Sing#,False,,,,,,False,False,False,False,False,False,False,
Single Assignment C,False,,,,,,False,False,False,False,False,False,False,
SIOD,False,,,,,,False,False,False,False,False,False,False,
Siren,False,,,,,,False,False,False,False,False,False,False,
Sketch,False,,,,,,False,False,False,False,False,False,False,
SKILL,False,,,,,,False,False,False,False,False,False,False,
Skribe,False,,,,,,False,False,False,False,False,False,False,
Skript,False,,,,,,False,False,False,False,False,False,False,Skript+
Slashes,False,,,,,,False,False,False,False,False,False,False,
Slate,False,,,,,,False,False,False,False,False,False,False,
SLAX,False,,,,,,False,False,False,False,False,False,False,
SLEIGH,False,,,,,,False,False,False,False,False,False,False,
Slogan,False,,,,,,False,False,False,False,False,False,False,
SMAL,False,,,,,,False,False,False,False,False,False,False,
Small Basic,False,,,,,,False,False,False,False,False,False,False,smallbasic
Smalltalk-71,False,,,,,,False,False,False,False,False,False,False,
Smalltalk-72,False,,,,,,False,False,False,False,False,False,False,
Smalltalk-74,False,,,,,,False,False,False,False,False,False,False,
Smalltalk-78,False,,,,,,False,False,False,False,False,False,False,
Smalltalk-82,False,,,,,,False,False,False,False,False,False,False,
Smalltalk/X,False,,,,,,False,False,False,False,False,False,False,
SmartBASIC,False,,,,,,False,False,False,False,False,False,False,
SmartPy,False,,,,,,False,False,False,False,False,False,False,smarty
SMIL,False,,,,,,False,False,False,False,False,False,False,
SmileBASIC,False,,,,,,False,False,False,False,False,False,False,
SML#,False,,,,,,False,False,False,False,False,False,False,
SML/NJ,False,,,,,,False,False,False,False,False,False,False,
SMP,False,,,,,,False,False,False,False,False,False,False,
SMT-LIB,False,,,,,,False,False,False,False,False,False,False,
SMV,False,,,,,,False,False,False,False,False,False,False,
SNOBOL1,False,,,,,,False,False,False,False,False,False,False,snobol
SNOBOL2,False,,,,,,False,False,False,False,False,False,False,snobol
Snowball,False,,,,,,False,False,False,False,False,False,False,
Snowflake Scripting,False,,,,,,False,False,False,False,False,False,False,
Soar,False,,,,,,False,False,False,False,False,False,False,
SOL,False,,,,,,False,False,False,False,False,False,False,
SOM,False,,,,,,False,False,False,False,False,False,False,
Sonic Pi,False,,,,,,False,False,False,False,False,False,False,
Source,False,,,,,,False,False,False,False,False,False,False,
SP/k,False,,,,,,False,False,False,False,False,False,False,
SPAD,False,,,,,,False,False,False,False,False,False,False,
SPARC Assembly,False,,,,,,False,False,False,False,False,False,False,
Sparcl,False,,,,,,False,False,False,False,False,False,False,
SparForte,False,,,,,,False,False,False,False,False,False,False,
Sparkling,False,,,,,,False,False,False,False,False,False,False,
Sparrow,False,,,,,,False,False,False,False,False,False,False,
Spec#,False,,,,,,False,False,False,False,False,False,False,
SpecC,False,,,,,,False,False,False,False,False,False,False,
Specman E,False,,,,,,False,False,False,False,False,False,False,
Specware,False,,,,,,False,False,False,False,False,False,False,
Speedcode,False,,,,,,False,False,False,False,False,False,False,
Spice Lisp,False,,,,,,False,False,False,False,False,False,False,
SpinalHDL,False,,,,,,False,False,False,False,False,False,False,
SPOOL,False,,,,,,False,False,False,False,False,False,False,
Sprak,False,,,,,,False,False,False,False,False,False,False,
SPSS Syntax,False,,,,,,False,False,False,False,False,False,False,
SPWN,False,,,,,,False,False,False,False,False,False,False,
SQL PL,False,,,,,,False,False,False,False,False,False,False,
SQL++,False,,,,,,False,False,False,False,False,False,False,SRL++
SQL/PSM,False,,,,,,False,False,False,False,False,False,False,
SQLJ,False,,,,,,False,False,False,False,False,False,False,
Squiffy,False,,,,,,False,False,False,False,False,False,False,
Squint,False,,,,,,False,False,False,False,False,False,False,
SSEM,False,,,,,,False,False,False,False,False,False,False,
SSReflect,False,,,,,,False,False,False,False,False,False,False,
Standard BASIC,False,,,,,,False,False,False,False,False,False,False,
Standard Lisp,False,,,,,,False,False,False,False,False,False,False,standard-lisp
Standard Pascal,False,,,,,,False,False,False,False,False,False,False,
Stanza,False,,,,,,False,False,False,False,False,False,False,
StarLisp,False,,,,,,False,False,False,False,False,False,False,
StarOffice Basic,False,,,,,,False,False,False,False,False,False,False,staroffice-basic
Steel,False,,,,,,False,False,False,False,False,False,False,
STklos,False,,,,,,False,False,False,False,False,False,False,
Stochastic Pi,False,,,,,,False,False,False,False,False,False,False,
STOIC,False,,,,,,False,False,False,False,False,False,False,
STOS BASIC,False,,,,,,False,False,False,False,False,False,False,
Strand,False,,,,,,False,False,False,False,False,False,False,
Stratego/XT,False,,,,,,False,False,False,False,False,False,False,
Stroscot,False,,,,,,False,False,False,False,False,False,False,
Structured Text,False,,,,,,False,False,False,False,False,False,False,structured-text
SubC,False,,,,,,False,False,False,False,False,False,False,
Subneg,False,,,,,,False,False,False,False,False,False,False,
Sunder,False,,,,,,False,False,False,False,False,False,False,
Superbase,False,,,,,,False,False,False,False,False,False,False,
SuperCard,False,,,,,,False,False,False,False,False,False,False,
SuperPascal,False,,,,,,False,False,False,False,False,False,False,
SuperPILOT,False,,,,,,False,False,False,False,False,False,False,
Sweet.js,False,,,,,,False,False,False,False,False,False,False,sweetjs
Sweet16,False,,,,,,False,False,False,False,False,False,False,
Swift/T,False,,,,,,False,False,False,False,False,False,False,
SwiftScript,False,,,,,,False,False,False,False,False,False,False,
SYCL,False,,,,,,False,False,False,False,False,False,False,
Symja,False,,,,,,False,False,False,False,False,False,False,
Symta,False,,,,,,False,False,False,False,False,False,False,
Sysquake,False,,,,,,False,False,False,False,False,False,False,
System F,False,,,,,,False,False,False,False,False,False,False,Systemf
SystemC,False,,,,,,False,False,False,False,False,False,False,
SystemC-AMS,False,,,,,,False,False,False,False,False,False,False,
SystemTap,False,,,,,,False,False,False,False,False,False,False,
Syx,False,,,,,,False,False,False,False,False,False,False,
T4,False,,,,,,False,False,False,False,False,False,False,
TableGen,False,,,,,,False,False,False,False,False,False,False,
TACPOL,False,,,,,,False,False,False,False,False,False,False,
Tailspin,False,,,,,,False,False,False,False,False,False,False,
Tamarin,False,,,,,,False,False,False,False,False,False,False,
Tamsin,False,,,,,,False,False,False,False,False,False,False,
Tart,False,,,,,,False,False,False,False,False,False,False,
Tau Prolog,False,,,,,,False,False,False,False,False,False,False,
TBL,False,,,,,,False,False,False,False,False,False,False,
Telescript,False,,,,,,False,False,False,False,False,False,False,
Template Toolkit,False,,,,,,False,False,False,False,False,False,False,
Teyjus,False,,,,,,False,False,False,False,False,False,False,
TGF,False,,,,,,False,False,False,False,False,False,False,
TGSI,False,,,,,,False,False,False,False,False,False,False,
ThinkScript,False,,,,,,False,False,False,False,False,False,False,
TI Extended BASIC,False,,,,,,False,False,False,False,False,False,False,
TIC-80,False,,,,,,False,False,False,False,False,False,False,
Tidal,False,,,,,,False,False,False,False,False,False,False,
TidalCycles,False,,,,,,False,False,False,False,False,False,False,
Timber,False,,,,,,False,False,False,False,False,False,False,
TiML,False,,,,,,False,False,False,False,False,False,False,
Tiny BASIC,False,,,,,,False,False,False,False,False,False,False,
TinyC,False,,,,,,False,False,False,False,False,False,False,
TinyML,False,,,,,,False,False,False,False,False,False,False,
TinyScheme,False,,,,,,False,False,False,False,False,False,False,
TJS2,False,,,,,,False,False,False,False,False,False,False,
TK Solver,False,,,,,,False,False,False,False,False,False,False,
Tksh,False,,,,,,False,False,False,False,False,False,False,
TLA+,False,,,,,,False,False,False,False,False,False,False,
TMS320 Assembly,False,,,,,,False,False,False,False,False,False,False,
TNSDL,False,,,,,,False,False,False,False,False,False,False,
TNTBasic,False,,,,,,False,False,False,False,False,False,False,
Toka,False,,,,,,False,False,False,False,False,False,False,
Tokay,False,,,,,,False,False,False,False,False,False,False,
Tolk,False,,,,,,False,False,False,False,False,False,False,
TorqueScript,False,,,,,,False,False,False,False,False,False,False,
Toy,False,,,,,,False,False,False,False,False,False,False,
TPU,False,,,,,,False,False,False,False,False,False,False,
TraceQL,False,,,,,,False,False,False,False,False,False,False,
Transcrypt,False,,,,,,False,False,False,False,False,False,False,
Transd,False,,,,,,False,False,False,False,False,False,False,
Trealla,False,,,,,,False,False,False,False,False,False,False,
Trealla Prolog,False,,,,,,False,False,False,False,False,False,False,
TreeBASIC,False,,,,,,False,False,False,False,False,False,False,
Trefunge,False,,,,,,False,False,False,False,False,False,False,Refunge
Trith,False,,,,,,False,False,False,False,False,False,False,
TROLL,False,,,,,,False,False,False,False,False,False,False,
TRS-80 BASIC,False,,,,,,False,False,False,False,False,False,False,
True BASIC,False,,,,,,False,False,False,False,False,False,False,
TTCN-2,False,,,,,,False,False,False,False,False,False,False,
tuProlog,False,,,,,,False,False,False,False,False,False,False,
Turbo BASIC,False,,,,,,False,False,False,False,False,False,False,
Turbo BASIC XL,False,,,,,,False,False,False,False,False,False,False,
Turbo Pascal,False,,,,,,False,False,False,False,False,False,False,
Turbo Prolog,False,,,,,,False,False,False,False,False,False,False,
TurboBasic,False,,,,,,False,False,False,False,False,False,False,turbo-basic
Turing Machine,False,,,,,,False,False,False,False,False,False,False,Turing-machine;Turinf machine
Turing Plus,False,,,,,,False,False,False,False,False,False,False,
Turing+,False,,,,,,False,False,False,False,False,False,False,turing
TUSCRIPT,False,,,,,,False,False,False,False,False,False,False,uscript;tscript
Tutorial D,False,,,,,,False,False,False,False,False,False,False,
Twee,False,,,,,,False,False,False,False,False,False,False,
TwinCAT,False,,,,,,False,False,False,False,False,False,False,
TX-0 Assembly,False,,,,,,False,False,False,False,False,False,False,
TX-2 Assembly,False,,,,,,False,False,False,False,False,False,False,
Tycoon,False,,,,,,False,False,False,False,False,False,False,
Typed Lua,False,,,,,,False,False,False,False,False,False,False,
Typed Racket,False,,,,,,False,False,False,False,False,False,False,
TypeQL,False,,,,,,False,False,False,False,False,False,False,
U-SQL,False,,,,,,False,False,False,False,False,False,False,
Ublu,False,,,,,,False,False,False,False,False,False,False,
uC++,False,,,,,,False,False,False,False,False,False,False,C++;Func++
UCBLogo,False,,,,,,False,False,False,False,False,False,False,
UCI Lisp,False,,,,,,False,False,False,False,False,False,False,
uCRL,False,,,,,,False,False,False,False,False,False,False,
UCSD Pascal,False,,,,,,False,False,False,False,False,False,False,
UDO,False,,,,,,False,False,False,False,False,False,False,
Unefunge,False,,,,,,False,False,False,False,False,False,False,Unfunge
UniBasic,False,,,,,,False,False,False,False,False,False,False,
UnityScript,False,,,,,,False,False,False,False,False,False,False,
UPC,False,,,,,,False,False,False,False,False,False,False,
Uppaal,False,,,,,,False,False,False,False,False,False,False,
UQL,False,,,,,,False,False,False,False,False,False,False,
Urbi,False,,,,,,False,False,False,False,False,False,False,
Ursa,False,,,,,,False,False,False,False,False,False,False,
Ursala,False,,,,,,False,False,False,False,False,False,False,
URScript,False,,,,,,False,False,False,False,False,False,False,FURscript;uscript
UserRPL,False,,,,,,False,False,False,False,False,False,False,
UserTalk,False,,,,,,False,False,False,False,False,False,False,
UWSC,False,,,,,,False,False,False,False,False,False,False,
UziScript,False,,,,,,False,False,False,False,False,False,False,
VA Smalltalk,False,,,,,,False,False,False,False,False,False,False,
Vampire,False,,,,,,False,False,False,False,False,False,False,
Varaq,False,,,,,,False,False,False,False,False,False,False,
Varnish Configuration Language,False,,,,,,False,False,False,False,False,False,False,
VASM,False,,,,,,False,False,False,False,False,False,False,
Vault,False,,,,,,False,False,False,False,False,False,False,
VAX Assembly,False,,,,,,False,False,False,False,False,False,False,
VAX BASIC,False,,,,,,False,False,False,False,False,False,False,
VAX MACRO,False,,,,,,False,False,False,False,False,False,False,
VDM,False,,,,,,False,False,False,False,False,False,False,
VDM++,False,,,,,,False,False,False,False,False,False,False,
VDM-RT,False,,,,,,False,False,False,False,False,False,False,
Vector Pascal,False,,,,,,False,False,False,False,False,False,False,vector-pascal
Vensim,False,,,,,,False,False,False,False,False,False,False,
Venture,False,,,,,,False,False,False,False,False,False,False,
VentureScript,False,,,,,,False,False,False,False,False,False,False,
Vera,False,,,,,,False,False,False,False,False,False,False,
VeriFast,False,,,,,,False,False,False,False,False,False,False,
Verilog-A,False,,,,,,False,False,False,False,False,False,False,
Verilog-AMS,False,,,,,,False,False,False,False,False,False,False,
Verus,False,,,,,,False,False,False,False,False,False,False,
Vesta,False,,,,,,False,False,False,False,False,False,False,
VIC-20 BASIC,False,,,,,,False,False,False,False,False,False,False,
Vicare,False,,,,,,False,False,False,False,False,False,False,
Vici,False,,,,,,False,False,False,False,False,False,False,
Vienna Fortran,False,,,,,,False,False,False,False,False,False,False,vienna-fortran
Vintage BASIC,False,,,,,,False,False,False,False,False,False,False,
Viola,False,,,,,,False,False,False,False,False,False,False,
Viper,False,,,,,,False,False,False,False,False,False,False,
Virtual Pascal,False,,,,,,False,False,False,False,False,False,False,
Visual DataFlex,False,,,,,,False,False,False,False,False,False,False,visual-dataflex
Visual DialogScript,False,,,,,,False,False,False,False,False,False,False,visual-dialogscript
Visual J#,False,,,,,,False,False,False,False,False,False,False,
Visual J++,False,,,,,,False,False,False,False,False,False,False,
Visual LISP,False,,,,,,False,False,False,False,False,False,False,
VisualAge,False,,,,,,False,False,False,False,False,False,False,
vJASS,False,,,,,,False,False,False,False,False,False,False,
VLISP,False,,,,,,False,False,False,False,False,False,False,
VoiceXML,False,,,,,,False,False,False,False,False,False,False,
Vox,False,,,,,,False,False,False,False,False,False,False,
VQL,False,,,,,,False,False,False,False,False,False,False,
VRL,False,,,,,,False,False,False,False,False,False,False,
VTL-2,False,,,,,,False,False,False,False,False,False,False,
Vulcan.NET,False,,,,,,False,False,False,False,False,False,False,
Vult,False,,,,,,False,False,False,False,False,False,False,
vvvv gamma,False,,,,,,False,False,False,False,False,False,False,
Wanda,False,,,,,,False,False,False,False,False,False,False,
Wang BASIC,False,,,,,,False,False,False,False,False,False,False,
Wasp,False,,,,,,False,False,False,False,False,False,False,
WAT,False,,,,,,False,False,False,False,False,False,False,
Waterloo BASIC,False,,,,,,False,False,False,False,False,False,False,
WATFIV-S,False,,,,,,False,False,False,False,False,False,False,
Waxeye,False,,,,,,False,False,False,False,False,False,False,
WEB,False,,,,,,False,False,False,False,False,False,False,
WebAssembly Text Format,False,,,,,,False,False,False,False,False,False,False,
WebDSL,False,,,,,,False,False,False,False,False,False,False,
WebPPL,False,,,,,,False,False,False,False,False,False,False,
WFL,False,,,,,,False,False,False,False,False,False,False,
WhizBase,False,,,,,,False,False,False,False,False,False,False,
Why3,False,,,,,,False,False,False,False,False,False,False,
WhyML,False,,,,,,False,False,False,False,False,False,False,
Wiring,False,,,,,,False,False,False,False,False,False,False,
wkwk-lang,False,,,,,,False,False,False,False,False,False,False,
Woma,False,,,,,,False,False,False,False,False,False,False,
WordBasic,False,,,,,,False,False,False,False,False,False,False,
Wortel,False,,,,,,False,False,False,False,False,False,False,
WQL,False,,,,,,False,False,False,False,False,False,False,
WSFL,False,,,,,,False,False,False,False,False,False,False,
WSML,False,,,,,,False,False,False,False,False,False,False,
Wuffs,False,,,,,,False,False,False,False,False,False,False,
WurstScript,False,,,,,,False,False,False,False,False,False,False,
Wvlet,False,,,,,,False,False,False,False,False,False,False,
Wybe,False,,,,,,False,False,False,False,False,False,False,
WZScript,False,,,,,,False,False,False,False,False,False,False,
X#,False,,,,,,False,False,False,False,False,False,False,xsharp
X86 Assembly,False,,,,,,False,False,False,False,False,False,False,
Xbase++,False,,,,,,False,False,False,False,False,False,False,
Xcerpt,False,,,,,,False,False,False,False,False,False,False,
XCOM,False,,,,,,False,False,False,False,False,False,False,
XCSP3,False,,,,,,False,False,False,False,False,False,False,
xHarbour,False,,,,,,False,False,False,False,False,False,False,harbour
XHP,False,,,,,,False,False,False,False,False,False,False,
Xi,False,,,,,,False,False,False,False,False,False,False,
XLISP,False,,,,,,False,False,False,False,False,False,False,
XLISP-STAT,False,,,,,,False,False,False,False,False,False,False,
XLogo,False,,,,,,False,False,False,False,False,False,False,
XO-CHIP,False,,,,,,False,False,False,False,False,False,False,
XOD,False,,,,,,False,False,False,False,False,False,False,
XPCE,False,,,,,,False,False,False,False,False,False,False,
XPL+,False,,,,,,False,False,False,False,False,False,False,
XPLOR,False,,,,,,False,False,False,False,False,False,False,
XRSL,False,,,,,,False,False,False,False,False,False,False,
XSB,False,,,,,,False,False,False,False,False,False,False,
XSCHEME,False,,,,,,False,False,False,False,False,False,False,scheme
XTalk,False,,,,,,False,False,False,False,False,False,False,
Xtlang,False,,,,,,False,False,False,False,False,False,False,xtclang
XUL,False,,,,,,False,False,False,False,False,False,False,
Yab,False,,,,,,False,False,False,False,False,False,False,
YAMLScript,False,,,,,,False,False,False,False,False,False,False,
Yampa,False,,,,,,False,False,False,False,False,False,False,
YAP,False,,,,,,False,False,False,False,False,False,False,
YAP Prolog,False,,,,,,False,False,False,False,False,False,False,
YAQL,False,,,,,,False,False,False,False,False,False,False,
Yarn,False,,,,,,False,False,False,False,False,False,False,
Yarn Spinner,False,,,,,,False,False,False,False,False,False,False,
Yash,False,,,,,,False,False,False,False,False,False,False,
YASM,False,,,,,,False,False,False,False,False,False,False,
Yatima,False,,,,,,False,False,False,False,False,False,False,
YFlang,False,,,,,,False,False,False,False,False,False,False,
YForth,False,,,,,,False,False,False,False,False,False,False,
YNot,False,,,,,,False,False,False,False,False,False,False,
YOLOL,False,,,,,,False,False,False,False,False,False,False,
Yona,False,,,,,,False,False,False,False,False,False,False,
Yorlang,False,,,,,,False,False,False,False,False,False,False,Yourlang
YottaDB,False,,,,,,False,False,False,False,False,False,False,
Ypsilon,False,,,,,,False,False,False,False,False,False,False,
YQL,False,,,,,,False,False,False,False,False,False,False,
yr,False,,,,,,False,False,False,False,False,False,False,
YSH,False,,,,,,False,False,False,False,False,False,False,
Yuck,False,,,,,,False,False,False,False,False,False,False,
Yuescript,False,,,,,,False,False,False,False,False,False,False,
Yul+,False,,,,,,False,False,False,False,False,False,False,
Z notation,False,,,,,,False,False,False,False,False,False,False,
Z80 Assembly,False,,,,,,False,False,False,False,False,False,False,
Z8000 Assembly,False,,,,,,False,False,False,False,False,False,False,
Zax,False,,,,,,False,False,False,False,False,False,False,
Zelus,False,,,,,,False,False,False,False,False,False,False,
Zen,False,,,,,,False,False,False,False,False,False,False,
Zephyr,False,,,,,,False,False,False,False,False,False,False,
Zephyr ASDL,False,,,,,,False,False,False,False,False,False,False,
Zepto,False,,,,,,False,False,False,False,False,False,False,
Zeptoforth,False,,,,,,False,False,False,False,False,False,False,
ZetaLisp,False,,,,,,False,False,False,False,False,False,False,
ZINC,False,,,,,,False,False,False,False,False,False,False,
Zing,False,,,,,,False,False,False,False,False,False,False,
ZKay,False,,,,,,False,False,False,False,False,False,False,
Zkl,False,,,,,,False,False,False,False,False,False,False,
ZMAC,False,,,,,,False,False,False,False,False,False,False,
Zoea,False,,,,,,False,False,False,False,False,False,False,
ZoKrates,False,,,,,,False,False,False,False,False,False,False,
ZPAQL,False,,,,,,False,False,False,False,False,False,False,
ZScript,False,,,,,,False,False,False,False,False,False,False,script
ZSPL,False,,,,,,False,False,False,False,False,False,False,
ZX Spectrum BASIC,False,,,,,,False,False,False,False,False,False,False,
ZX-80 BASIC,False,,,,,,False,False,False,False,False,False,False,
ZX-81 BASIC,False,,,,,,False,False,False,False,False,False,False,
ZZT-OOP,False,,,,,,False,False,False,False,False,False,False,
Zélus,False,,,,,,False,False,False,False,False,False,False,
