pl_name,matched,match_kind,master_lang_id,master_name,source_flags,extensions,in_pldb,in_linguist,in_wikipedia,in_esolang,in_hyperpolyglot,in_pygments,in_rosettacode,fuzzy_candidates
*Lisp,True,normalized_canonical,lisp,lisp,esolang;pldb,,True,False,False,True,False,True,False,
///,True,exact_canonical,id-c64b8480,///,esolang,,False,False,False,True,False,False,False,
05AB1E,True,exact_canonical,05ab1e,05ab1e,esolang;pldb,,True,False,False,True,False,False,False,
11l,False,,,,,,False,False,False,False,False,False,False,
1C:Enterprise,True,normalized_tool,1c-enterprise,1c-enterprise,linguist;pldb,.bsl .os,True,True,False,False,True,False,False,
2APL,False,,,,,,False,False,False,False,False,False,False,
3APL,True,exact_canonical,3apl,3apl,pldb,,True,False,False,False,False,False,False,
4D,True,exact_canonical,4d,4D,linguist,.4dm,False,True,False,False,True,False,True,
4Test,False,,,,,,False,False,False,False,False,False,False,
4tH,False,,,,,,False,False,False,False,False,False,False,
6502 Assembly,False,,,,,,False,False,False,False,False,False,False,
65816 Assembly,False,,,,,,False,False,False,False,False,False,False,
6800 Assembly,False,,,,,,False,False,False,False,False,False,False,
6809 Assembly,False,,,,,,False,False,False,False,False,False,False,
8008 Assembly,False,,,,,,False,False,False,False,False,False,False,
8051 Assembly,False,,,,,,False,False,False,False,False,False,False,
8080 Assembly,False,,,,,,False,False,False,False,False,False,False,
8085 Assembly,False,,,,,,False,False,False,False,False,False,False,
8086 Assembly,False,,,,,,False,False,False,False,False,False,False,
8th,True,exact_canonical,8th,8th,pldb,,True,False,False,False,False,False,True,
A#,False,,,,,,False,False,False,False,False,False,False,
A+,False,,,,,,False,False,False,False,False,False,False,
A-0 System,False,,,,,,False,False,False,False,False,False,False,
A-2,False,,,,,,False,False,False,False,False,False,False,
A-3,False,,,,,,False,False,False,False,False,False,False,
A-Shell,False,,,,,,False,False,False,False,False,False,False,
AADL,True,exact_canonical,aadl,aadl,pldb,,True,False,False,False,False,False,False,
Aardappel,True,exact_canonical,aardappel,aardappel,pldb,,True,False,False,False,False,False,False,
ABAP,True,exact_canonical,abap,abap,linguist;pldb;wikipedia,.abap,True,True,True,False,True,True,True,
ABC,True,exact_canonical,abc,abc,esolang;pldb,,True,False,False,True,False,False,True,
ABC ALGOL,False,,,,,,False,False,False,False,False,False,False,
ABCL,True,exact_canonical,abcl,abcl,pldb,,True,False,False,False,False,False,False,
ABEL,True,exact_canonical,abel,abel,pldb,,True,False,False,False,False,False,False,
Abella,False,,,,,,False,False,False,False,False,False,False,
ABS,True,exact_canonical,abs,abs,pldb,,True,False,False,False,False,False,False,
ABSET,True,exact_canonical,abset,abset,pldb,,True,False,False,False,False,False,False,
ABSYS,True,exact_canonical,absys,absys,pldb,,True,False,False,False,False,False,False,
Acceleo,False,,,,,,False,False,False,False,False,False,False,
ACE BASIC,False,,,,,,False,False,False,False,False,False,False,
Aceto,True,exact_canonical,aceto,Aceto,esolang,,False,False,False,True,False,False,False,
ACL2,True,exact_canonical,acl2,acl2,pldb,,True,False,False,False,False,False,True,
Acorn Atom BASIC,False,,,,,,False,False,False,False,False,False,False,
Acornsoft Lisp,False,,,,,,False,False,False,False,False,False,False,
ACS,False,,,,,,False,False,False,False,False,False,False,
ACSL,True,exact_canonical,acsl,acsl,pldb,,True,False,False,False,False,False,False,
ACT-1,False,,,,,,False,False,False,False,False,False,False,
ACT-III,True,exact_canonical,act-iii,act-iii,pldb,,True,False,False,False,False,False,False,
ACT-R,False,,,,,,False,False,False,False,False,False,False,
Actalk,True,exact_canonical,actalk,actalk,pldb,,True,False,False,False,False,False,False,
Action!,True,exact_tool,action,action,pldb,,True,False,False,False,False,False,True,
ActionScript,True,exact_canonical,actionscript,actionscript,linguist;pldb,.as,True,True,False,False,True,True,True,
Active Oberon,False,,,,,,False,False,False,False,False,False,False,
Acton,False,,,,,,False,False,False,False,False,False,False,
Actor,True,exact_canonical,actor,actor,pldb,,True,False,False,False,False,False,False,
Actually,False,,,,,,False,False,False,False,False,False,False,
Acumen,False,,,,,,False,False,False,False,False,False,False,
Acute,False,,,,,,False,False,False,False,False,False,False,
Ada,True,exact_canonical,ada,ada,linguist;pldb,.ada .adb .ads,True,True,False,False,True,True,True,
Adamant,True,exact_canonical,adamant,adamant,pldb,,True,False,False,False,False,False,False,
Addleq,True,exact_canonical,addleq,Addleq,esolang,,False,False,False,True,False,False,False,
Adenine,False,,,,,,False,False,False,False,False,False,False,
Adept,True,exact_canonical,adept,adept,pldb,,True,False,False,False,False,False,False,
ADMB,False,,,,,,False,False,False,False,False,False,False,
ADRIFT,False,,,,,,False,False,False,False,False,False,False,
Adventuron,False,,,,,,False,False,False,False,False,False,False,
ADVPL,True,exact_alias,xbase,xbase,linguist;pldb,.ch .prg .prw,True,True,False,False,True,True,True,
AED,True,exact_canonical,aed,aed,pldb,,True,False,False,False,False,False,False,
AFL,False,,,,,,False,False,False,False,False,False,False,
AFNIX,True,exact_canonical,afnix,afnix,pldb,,True,False,False,False,False,False,False,
Agal,False,,,,,,False,False,False,False,False,False,False,
Agda,True,exact_canonical,agda,agda,linguist;pldb,.agda,True,True,False,False,True,True,True,
Agda2,False,,,,,,False,False,False,False,False,False,False,
Agena,False,,,,,,False,False,False,False,False,False,False,
AgentSpeak,True,exact_canonical,agentspeak,agentspeak,pldb,,True,False,False,False,False,False,False,
AGFL,False,,,,,,False,False,False,False,False,False,False,
Agora,True,exact_canonical,agora,agora,pldb,,True,False,False,False,False,False,False,
AGS Script,True,exact_tool,ags-script,ags-script,linguist;pldb,.asc .ash,True,True,False,False,True,True,False,
AHDL,False,,,,,,False,False,False,False,False,False,False,
Aheui,True,exact_canonical,aheui,aheui,esolang;pldb,,True,False,False,True,False,True,False,
Aiken,True,exact_canonical,aiken,Aiken,linguist,.ak,False,True,False,False,False,False,False,
Aikido,False,,,,,,False,False,False,False,False,False,False,
AIMACO,False,,,,,,False,False,False,False,False,False,False,
Aime,True,exact_canonical,aime,aime,pldb,,True,False,False,False,False,False,True,
AIML,True,exact_canonical,aiml,aiml,pldb,,True,False,False,False,False,False,False,
AIMMS,True,exact_canonical,aimms,aimms,pldb,,True,False,False,False,False,False,False,
Ajsone,True,exact_canonical,ajsone,Ajsone,esolang,,False,False,False,True,False,False,False,
AKL,True,exact_canonical,akl,akl,pldb,,True,False,False,False,False,False,False,
AL,True,exact_canonical,al,al,linguist;pldb,.al,True,True,False,False,False,False,False,
Alan,True,exact_canonical,alan,alan,pldb,,True,False,False,False,False,False,False,
Albatross,True,exact_canonical,albatross,albatross,pldb,,True,False,False,False,False,False,False,
ALC,False,,,,,,False,False,False,False,False,False,False,
Alda,False,,,,,,False,False,False,False,False,False,False,
Aldor,True,exact_canonical,aldor,aldor,pldb,,True,False,False,False,False,False,False,
Alef,True,exact_canonical,alef,alef,pldb,,True,False,False,False,False,False,False,
Aleo,False,,,,,,False,False,False,False,False,False,False,
Aleph,True,exact_canonical,aleph,aleph,pldb,,True,False,False,False,False,False,False,
ALF,True,exact_canonical,alf,alf,pldb,,True,False,False,False,False,False,False,
ALFL,False,,,,,,False,False,False,False,False,False,False,
Algae,True,exact_canonical,algae,algae,pldb,,True,False,False,False,False,False,True,
ALGOL,True,exact_canonical,algol,algol,linguist;pldb,.alg,True,True,False,False,False,True,True,
ALGOL 58,False,,,,,,False,False,False,False,False,False,False,
ALGOL 60,False,,,,,,False,False,False,False,False,False,False,
ALGOL 68,False,,,,,,False,False,False,False,False,False,False,
ALGOL 68C,False,,,,,,False,False,False,False,False,False,False,
ALGOL 68R,False,,,,,,False,False,False,False,False,False,False,
Algol W,False,,,,,,False,False,False,False,False,False,False,
ALGOL-M,False,,,,,,False,False,False,False,False,False,False,
ALGOL-N,True,exact_canonical,algol-n,algol-n,pldb,,True,False,False,False,False,False,False,
ALGOL-T,False,,,,,,False,False,False,False,False,False,False,
Alice,True,exact_canonical,alice,alice,esolang;pldb,,True,False,False,True,False,False,False,
Alice ML,False,,,,,,False,False,False,False,False,False,False,
Allegro CL,False,,,,,,False,False,False,False,False,False,False,
Alloy,True,exact_canonical,alloy,Alloy,linguist,.als,False,True,False,False,True,True,False,
ALM,False,,,,,,False,False,False,False,False,False,False,
Alma,True,exact_canonical,alma,alma,pldb,,True,False,False,False,False,False,False,
Alma-0,True,exact_canonical,alma-0,alma-0,pldb,,True,False,False,False,False,False,False,
Alms,False,,,,,,False,False,False,False,False,False,False,
Alore,False,,,,,,False,False,False,False,False,False,False,
Alpaca,True,exact_canonical,alpaca,alpaca,esolang;pldb,,True,False,False,True,False,False,False,
Alpha Assembly,False,,,,,,False,False,False,False,False,False,False,
Alphard,True,exact_canonical,alphard,alphard,pldb,,True,False,False,False,False,False,False,
Altair BASIC,False,,,,,,False,False,False,False,False,False,False,
ALTRAN,True,exact_canonical,altran,altran,pldb,,True,False,False,False,False,False,False,
Alumina,True,exact_canonical,alumina,alumina,pldb,,True,False,False,False,False,False,False,
Amanda,True,exact_canonical,amanda,amanda,pldb,,True,False,False,False,False,False,False,
Amaranth,False,,,,,,False,False,False,False,False,False,False,
Amaranth HDL,False,,,,,,False,False,False,False,False,False,False,
Amazing Hopper,False,,,,,,False,False,False,False,False,False,False,
Amber,True,exact_canonical,amber,amber,esolang;pldb,,True,False,False,True,False,False,False,
Amber Smalltalk,False,,,,,,False,False,False,False,False,False,False,
AmbientTalk,True,exact_canonical,ambienttalk,ambienttalk,pldb,,True,False,False,False,False,True,True,
AMBIT,True,exact_canonical,ambit,ambit,pldb,,True,False,False,False,False,False,False,
Amiga BASIC,False,,,,,,False,False,False,False,False,False,False,amigabasic
Amiga E,False,,,,,,False,False,False,False,False,False,False,
AmigaBasic,True,exact_canonical,amigabasic,amigabasic,pldb,,True,False,False,False,False,False,True,
AmigaE,True,exact_tool,amiga-e,amiga-e,pldb,,True,False,False,False,False,False,True,
AML,False,,,,,,False,False,False,False,False,False,False,
AMOS,True,exact_canonical,amos,amos,pldb,,True,False,False,False,False,False,False,
AMOS Basic,False,,,,,,False,False,False,False,False,False,False,
Ampersand,False,,,,,,False,False,False,False,False,False,False,
AMPL,True,exact_canonical,ampl,ampl,linguist;pldb,.ampl .mod,True,True,False,False,True,True,True,
AMTRAN,True,exact_canonical,amtran,amtran,pldb,,True,False,False,False,False,False,False,
Amulet,True,exact_canonical,amulet,amulet,pldb,,True,False,False,False,False,False,False,
Andl,False,,,,,,False,False,False,False,False,False,False,
Andromeda,True,exact_canonical,andromeda,Andromeda,esolang,,False,False,False,True,False,False,False,
AngelScript,True,exact_canonical,angelscript,angelscript,linguist;pldb,.angelscript .as,True,True,False,False,True,True,True,
Anglican,False,,,,,,False,False,False,False,False,False,False,
Angort,False,,,,,,False,False,False,False,False,False,False,
Anna,True,exact_canonical,anna,anna,pldb,,True,False,False,False,False,False,False,
Ansible,False,,,,,,False,False,False,False,False,False,False,
Ante,True,exact_canonical,ante,ante,esolang;pldb,,True,False,False,True,False,False,False,
Antescofo,False,,,,,,False,False,False,False,False,False,False,
Antha,True,exact_canonical,antha,antha,pldb,,True,False,False,False,False,False,False,
Antimony,False,,,,,,False,False,False,False,False,False,False,
ANTLR,True,exact_canonical,antlr,antlr,linguist;pldb,.g4,True,True,False,False,True,True,True,
APDL,False,,,,,,False,False,False,False,False,False,False,
Apex,True,exact_canonical,apex,apex,linguist;pldb,.apex .cls .trigger,True,True,False,False,True,True,True,
Apl,True,exact_canonical,apl,apl,esolang;linguist;pldb,.apl .dyalog,True,True,False,True,True,True,True,
APL*PLUS,False,,,,,,False,False,False,False,False,False,False,
APL2,True,exact_canonical,apl2,apl2,pldb,,True,False,False,False,False,False,False,
APL\360,False,,,,,,False,False,False,False,False,False,False,
APL\370,False,,,,,,False,False,False,False,False,False,False,
APLX,True,exact_canonical,aplx,aplx,pldb,,True,False,False,False,False,False,False,
App Inventor,False,,,,,,False,False,False,False,False,False,False,
AppGameKit,False,,,,,,False,False,False,False,False,False,False,
AppleScript,True,exact_canonical,applescript,applescript,linguist;pldb;wikipedia,.applescript .scpt,True,True,True,False,True,True,True,
Applesoft BASIC,True,exact_tool,applesoft-basic,applesoft-basic,pldb,,True,False,False,False,False,False,True,
April,True,exact_canonical,april,april,pldb,,True,False,False,False,False,False,False,
AProlog,False,,,,,,False,False,False,False,False,False,False,prolog
APT,True,exact_canonical,apt,apt,pldb,,True,False,False,False,False,False,False,
AQL,True,exact_canonical,aql,aql,pldb,,True,False,False,False,False,False,False,
Aqua,False,,,,,,False,False,False,False,False,False,False,
Aquarius BASIC,False,,,,,,False,False,False,False,False,False,False,
Arbre,False,,,,,,False,False,False,False,False,False,False,
Arc,True,exact_canonical,arc,arc,linguist;pldb,.arc,True,True,False,False,True,False,True,
Arcadia,False,,,,,,False,False,False,False,False,False,False,
Archetype,False,,,,,,False,False,False,False,False,False,False,
Arden,False,,,,,,False,False,False,False,False,False,False,
Arden Syntax,False,,,,,,False,False,False,False,False,False,False,
Arduino,True,exact_canonical,arduino,arduino,pldb,,True,False,False,False,False,True,False,
Arend,True,exact_canonical,arend,arend,pldb,,True,False,False,False,False,False,False,
Arendelle,False,,,,,,False,False,False,False,False,False,False,
ARexx,True,exact_canonical,arexx,arexx,pldb,,True,False,False,False,False,True,False,
Argile,False,,,,,,False,False,False,False,False,False,False,
Argos,True,exact_canonical,argos,argos,pldb,,True,False,False,False,False,False,False,
Argus,True,exact_canonical,argus,argus,pldb,,True,False,False,False,False,False,False,
Aria,False,,,,,,False,False,False,False,False,False,False,
ARIBAS,False,,,,,,False,False,False,False,False,False,False,
ARITH-MATIC,True,exact_canonical,arith-matic,arith-matic,pldb,,True,False,False,False,False,False,False,
Ark,True,exact_canonical,ark,ark,esolang;pldb,,True,False,False,True,False,False,False,
ArkTS,False,,,,,,False,False,False,False,False,False,False,
ARM Assembly,False,,,,,,False,False,False,False,False,False,False,
Arn,True,exact_canonical,arn,Arn,esolang,,False,False,False,True,False,False,False,
Arnold C,False,,,,,,False,False,False,False,False,False,False,ArnoldC
ArnoldC,True,exact_canonical,arnoldc,ArnoldC,esolang,,False,False,False,True,False,False,True,
Arturo,True,exact_canonical,arturo,arturo,pldb,,True,False,False,False,False,True,True,
Ascent,False,,,,,,False,False,False,False,False,False,False,
AsciiDoc,True,exact_canonical,asciidoc,asciidoc,linguist;pldb,.adoc .asc .asciidoc,True,True,False,False,True,True,False,
AsciiDots,True,exact_canonical,asciidots,asciidots,esolang;pldb,,True,False,False,True,False,False,True,
ASF+SDF,False,,,,,,False,False,False,False,False,False,False,
Ash,True,exact_canonical,ash,Ash,esolang,,False,False,False,True,False,False,False,
ASIC,True,exact_canonical,asic,Asic,esolang,,False,False,False,True,False,False,True,
Asir,False,,,,,,False,False,False,False,False,False,False,
asm.js,False,,,,,,False,False,False,False,False,False,False,
AsmL,False,,,,,,False,False,False,False,False,False,False,
ASN.1,True,exact_canonical,asn.1,ASN.1,linguist,.asn .asn1,False,True,False,False,True,True,False,
ASP,True,exact_canonical,asp,asp,pldb,,True,False,False,False,True,False,False,
AspectC++,False,,,,,,False,False,False,False,False,False,False,
AspectJ,True,exact_canonical,aspectj,aspectj,linguist;pldb;wikipedia,.aj,True,True,True,False,True,True,True,
Assembly,True,exact_canonical,assembly,Assembly,esolang;linguist,.a51 .asm .i .inc .nas .nasm .s,False,True,False,True,True,True,True,
Assembly Language,False,,,,,,False,False,False,False,False,False,False,assembly-language
AssemblyScript,True,exact_canonical,assemblyscript,assemblyscript,pldb,,True,False,False,False,False,False,True,
ASSIST,False,,,,,,False,False,False,False,False,False,False,
Asteroid,False,,,,,,False,False,False,False,False,False,False,
Astro,True,exact_canonical,astro,astro,linguist;pldb,.astro,True,True,False,False,False,False,True,
Asymptote,True,exact_canonical,asymptote,asymptote,linguist;pldb,.asy,True,True,False,False,True,True,True,
Atari BASIC,False,,,,,,False,False,False,False,False,False,False,
Ateji PX,False,,,,,,False,False,False,False,False,False,False,
ATL,False,,,,,,False,False,False,False,False,False,False,
ATLAS,True,exact_canonical,atlas,atlas,pldb,,True,False,False,False,False,False,False,
Atlas Autocode,False,,,,,,False,False,False,False,False,False,False,atlas-autocode
Atlast,False,,,,,,False,False,False,False,False,False,False,
Atomo,True,exact_canonical,atomo,atomo,pldb,,True,False,False,False,False,False,False,
ATS,True,exact_canonical,ats,ats,linguist;pldb,.dats .hats .sats,True,True,False,False,True,False,True,
ATS2,True,exact_alias,ats,ats,linguist;pldb,.dats .hats .sats,True,True,False,False,True,False,True,
Attempto Controlled English,False,,,,,,False,False,False,False,False,False,False,
Augeas,True,exact_canonical,augeas,augeas,linguist;pldb,.aug,True,True,False,False,True,True,False,
Austral,True,exact_canonical,austral,austral,pldb,,True,False,False,False,False,False,False,
Autocode,True,exact_canonical,autocode,autocode,pldb,,True,False,False,False,False,False,False,
Autocoder,True,exact_canonical,autocoder,autocoder,pldb,,True,False,False,False,False,False,False,
AUTOFLOW,False,,,,,,False,False,False,False,False,False,False,
AutoHotkey,True,exact_canonical,autohotkey,autohotkey,linguist;pldb,.ahk .ahkl,True,True,False,False,True,True,True,
AutoIt,True,exact_canonical,autoit,autoit,linguist;pldb,.au3,True,True,False,False,True,True,True,
AutoLISP,True,exact_canonical,autolisp,autolisp,pldb,,True,False,False,False,False,False,True,
Automath,True,exact_canonical,automath,automath,pldb,,True,False,False,False,False,False,False,
Avail,True,exact_canonical,avail,avail,pldb,,True,False,False,False,False,False,True,
Avenue,False,,,,,,False,False,False,False,False,False,False,
Averest,True,exact_canonical,averest,averest,pldb,,True,False,False,False,False,False,False,
AviSynth,False,,,,,,False,False,False,False,False,False,False,avi-synth
AVR Assembly,False,,,,,,False,False,False,False,False,False,False,
Avro IDL,True,exact_canonical,avro-idl,Avro IDL,linguist,.avdl,False,True,False,False,False,False,False,
Awk,True,exact_canonical,awk,awk,linguist;pldb,.auk .awk .gawk .mawk .nawk,True,True,False,False,True,True,True,
AWL,True,exact_canonical,awl,awl,pldb,,True,False,False,False,False,False,False,
Axe,False,,,,,,False,False,False,False,False,False,False,
Axiom,True,exact_canonical,axiom,axiom,pldb,,True,False,False,False,False,False,True,
Axon,False,,,,,,False,False,False,False,False,False,False,
Axum,False,,,,,,False,False,False,False,False,False,False,
Aya,True,exact_canonical,aya,Aya,esolang,,False,False,False,True,False,False,False,
B,True,exact_canonical,b,b,esolang;pldb,,True,False,False,True,False,False,True,
B Method,False,,,,,,False,False,False,False,False,False,False,
B-Method,False,,,,,,False,False,False,False,False,False,False,
B-Prolog,False,,,,,,False,False,False,False,False,False,False,
B4X,True,exact_canonical,b4x,B4X,linguist,.bas,False,True,False,False,False,True,True,
B5000 Algol,False,,,,,,False,False,False,False,False,False,False,
B6700 Algol,False,,,,,,False,False,False,False,False,False,False,
Babashka,False,,,,,,False,False,False,False,False,False,False,
Babbage,True,exact_canonical,babbage,Babbage,esolang,,False,False,False,True,False,False,False,
Babel,True,exact_canonical,babel,babel,esolang;pldb,,True,False,False,True,False,False,True,
Babel-17,False,,,,,,False,False,False,False,False,False,False,
Babelsberg,False,,,,,,False,False,False,False,False,False,False,
Baby,False,,,,,,False,False,False,False,False,False,False,
BabyCobol,False,,,,,,False,False,False,False,False,False,False,
BACAIC,False,,,,,,False,False,False,False,False,False,False,
BaCon,False,,,,,,False,False,False,False,False,False,False,
BaCon BASIC,False,,,,,,False,False,False,False,False,False,False,
Bait,False,,,,,,False,False,False,False,False,False,False,
BAL,True,exact_canonical,bal,BAL,esolang,,False,False,False,True,False,False,False,
BALGOL,True,exact_canonical,balgol,balgol,pldb,,True,False,False,False,False,False,False,
Ballerina,True,exact_canonical,ballerina,ballerina,linguist;pldb,.bal,True,True,False,False,True,False,True,
Balsa,True,exact_canonical,balsa,balsa,pldb,,True,False,False,False,False,False,False,
Balzac,False,,,,,,False,False,False,False,False,False,False,
Bamboo,True,exact_canonical,bamboo,bamboo,pldb,,True,False,False,False,False,False,False,
BANCStar,True,exact_canonical,bancstar,BANCStar,esolang,,False,False,False,True,False,False,False,
BASCOM,False,,,,,,False,False,False,False,False,False,False,
Bash,True,exact_canonical,bash,bash,pldb,,True,False,False,False,False,True,False,
BASIC,True,exact_canonical,basic,basic,esolang;linguist;pldb;wikipedia,.bas,True,True,True,True,False,True,True,
BASIC-11,True,exact_canonical,basic-11,basic-11,pldb,,True,False,False,False,False,False,False,
BASIC-128,False,,,,,,False,False,False,False,False,False,False,
BASIC-256,True,exact_canonical,basic-256,basic-256,pldb,,True,False,False,False,False,False,True,
BASIC-360,False,,,,,,False,False,False,False,False,False,False,
BASIC-80,False,,,,,,False,False,False,False,False,False,False,
BASIC-D,False,,,,,,False,False,False,False,False,False,False,
BASIC-E,True,exact_canonical,basic-e,basic-e,pldb,,True,False,False,False,False,False,False,
BASIC-PLUS,True,exact_canonical,basic-plus,basic-plus,pldb,,True,False,False,False,False,False,False,
BASIC-PLUS-2,False,,,,,,False,False,False,False,False,False,False,
BASIC09,True,exact_canonical,basic09,basic09,pldb,,True,False,False,False,False,False,True,
BASIC256,True,exact_tool,basic-256,basic-256,pldb,,True,False,False,False,False,False,True,
Basic4Android,True,exact_canonical,basic4android,basic4android,pldb,,True,False,False,False,False,False,False,
Basic4GL,True,exact_canonical,basic4gl,basic4gl,pldb,,True,False,False,False,False,False,False,
BASICA,False,,,,,,False,False,False,False,False,False,False,
BASICODE,True,exact_canonical,basicode,basicode,pldb,,True,False,False,False,False,False,False,
Basil,True,exact_canonical,basil,basil,pldb,,True,False,False,False,False,False,False,
Basilisp,False,,,,,,False,False,False,False,False,False,False,
Batari BASIC,False,,,,,,False,False,False,False,False,False,False,
Batch,True,exact_canonical,batch,batch,esolang;pldb,,True,False,False,True,False,True,False,
Batchfile,True,exact_canonical,batchfile,Batchfile,linguist,.bat .cmd,False,True,False,False,True,True,True,
Batsh,False,,,,,,False,False,False,False,False,False,False,
Battlestar,True,exact_canonical,battlestar,battlestar,pldb,,True,False,False,False,False,False,True,
Bau,False,,,,,,False,False,False,False,False,False,False,
Baysick,True,exact_canonical,baysick,baysick,pldb,,True,False,False,False,False,False,False,
BBC BASIC,False,,,,,,False,False,False,False,False,False,False,
BBN Lisp,False,,,,,,False,False,False,False,False,False,False,
BBx,True,exact_canonical,bbx,bbx,pldb,,True,False,False,False,False,False,False,
bc,True,exact_canonical,bc,bc,pldb,,True,False,False,False,False,True,True,
BCPL,True,exact_canonical,bcpl,bcpl,pldb,,True,False,False,False,False,False,True,
BDS C,False,,,,,,False,False,False,False,False,False,False,
Beads,False,,,,,,False,False,False,False,False,False,False,
Bean,False,,,,,,False,False,False,False,False,False,False,
BeanShell,True,exact_canonical,beanshell,beanshell,pldb,,True,False,False,False,False,False,False,
Beatnik,True,exact_canonical,beatnik,beatnik,esolang;pldb,,True,False,False,True,False,False,False,
Bedwyr,False,,,,,,False,False,False,False,False,False,False,
Beef,True,exact_canonical,beef,beef,esolang;linguist;pldb,.bf,True,True,False,True,False,True,True,
Beeswax,True,exact_canonical,beeswax,Beeswax,esolang,,False,False,False,True,False,False,True,
BEFLIX,True,exact_canonical,beflix,beflix,pldb,,True,False,False,False,False,False,False,
Befunge,True,exact_canonical,befunge,befunge,esolang;linguist;pldb,.befunge .bf,True,True,False,True,True,True,True,
Befunge-93,False,,,,,,False,False,False,False,False,False,False,
Befunge-98,False,,,,,,False,False,False,False,False,False,False,
Bel,True,exact_canonical,bel,bel,pldb,,True,False,False,False,False,False,False,
Beluga,False,,,,,,False,False,False,False,False,False,False,
Bend,True,exact_canonical,bend,bend,pldb,,True,False,False,False,False,False,False,
BennuGD,False,,,,,,False,False,False,False,False,False,False,
Berry,True,exact_canonical,berry,berry,linguist;pldb,.be,True,True,False,False,False,True,False,
Bertrand,False,,,,,,False,False,False,False,False,False,False,
Beryl,False,,,,,,False,False,False,False,False,False,False,
BESM-6 Assembly,False,,,,,,False,False,False,False,False,False,False,
Beta,True,exact_canonical,beta,beta,esolang;pldb,,True,False,False,True,False,False,True,
Beta BASIC,False,,,,,,False,False,False,False,False,False,False,
Betty,False,,,,,,False,False,False,False,False,False,False,
BF Joust,True,exact_canonical,bf-joust,BF Joust,esolang,,False,False,False,True,False,False,False,
BFASM,True,exact_canonical,bfasm,BFASM,esolang,,False,False,False,True,False,False,False,
BGScript,False,,,,,,False,False,False,False,False,False,False,bscript
Bhailang,False,,,,,,False,False,False,False,False,False,False,
Bicep,True,exact_canonical,bicep,Bicep,linguist,.bicep .bicepparam,False,True,False,False,False,False,False,
Bigloo,True,exact_canonical,bigloo,bigloo,pldb,,True,False,False,False,False,False,False,
Bigwig,True,exact_canonical,bigwig,bigwig,pldb,,True,False,False,False,False,False,False,
Biml,False,,,,,,False,False,False,False,False,False,False,
Binary Lambda Calculus,True,exact_canonical,binary-lambda-calculus,Binary lambda calculus,esolang,,False,False,False,True,False,False,True,
BioNetGen Language,False,,,,,,False,False,False,False,False,False,False,
BIP,False,,,,,,False,False,False,False,False,False,False,
Birch,False,,,,,,False,False,False,False,False,False,False,
Birl,True,exact_canonical,birl,BIRL,esolang,,False,False,False,True,False,False,False,
Bison,True,exact_canonical,bison,bison,linguist;pldb,.bison,True,True,False,False,True,False,False,
Bistro,False,,,,,,False,False,False,False,False,False,False,
BitBake,True,exact_canonical,bitbake,bitbake,linguist;pldb,.bb .bbappend .bbclass .inc,True,True,False,False,True,True,False,
BitBitJump,True,exact_canonical,bitbitjump,BitBitJump,esolang,,False,False,False,True,False,False,False,
BitC,True,exact_canonical,bitc,bitc,pldb,,True,False,False,False,False,False,False,
Bitcoin Script,False,,,,,,False,False,False,False,False,False,False,
BiwaScheme,False,,,,,,False,False,False,False,False,False,False,
bJou,True,exact_canonical,bjou,bjou,pldb,,True,False,False,False,False,False,False,
Blackbird,False,,,,,,False,False,False,False,False,False,False,
BlackBox Component Builder,False,,,,,,False,False,False,False,False,False,False,
BlackBox Component Pascal,False,,,,,,False,False,False,False,False,False,False,
Blade,True,exact_canonical,blade,blade,linguist;pldb,.blade .blade.php,True,True,False,False,True,False,True,
Blang,False,,,,,,False,False,False,False,False,False,False,
Blassic,False,,,,,,False,False,False,False,False,False,False,
Blech,True,exact_canonical,blech,blech,pldb,,True,False,False,False,False,False,False,
Blimp,False,,,,,,False,False,False,False,False,False,False,
BLISS,True,exact_canonical,bliss,bliss,pldb;wikipedia,,True,False,True,False,False,False,True,
BLISS-10,False,,,,,,False,False,False,False,False,False,False,
BLISS-11,False,,,,,,False,False,False,False,False,False,False,
BLISS-16,False,,,,,,False,False,False,False,False,False,False,
BLISS-32,False,,,,,,False,False,False,False,False,False,False,
BLISS-36,False,,,,,,False,False,False,False,False,False,False,
BLISS-64,False,,,,,,False,False,False,False,False,False,False,
BLITZ,False,,,,,,False,False,False,False,False,False,False,
Blitz BASIC,False,,,,,,False,False,False,False,False,False,False,blitzbasic
Blitz3D,True,exact_canonical,blitz3d,blitz3d,pldb,,True,False,False,False,False,False,False,
BlitzBasic,True,exact_canonical,blitzbasic,blitzbasic,linguist;pldb,.bb .decls,True,True,False,False,True,True,False,
BlitzMax,True,exact_canonical,blitzmax,blitzmax,linguist;pldb,.bmx,True,True,False,False,True,True,True,
BlitzPlus,True,exact_canonical,blitzplus,blitzplus,pldb,,True,False,False,False,False,False,False,
Blockdiag,False,,,,,,False,False,False,False,False,False,False,
Blockly,True,exact_canonical,blockly,blockly,pldb,,True,False,False,False,False,False,False,
BLODI,False,,,,,,False,False,False,False,False,False,False,
BLOG,False,,,,,,False,False,False,False,False,False,False,
Bloom,True,exact_canonical,bloom,bloom,pldb,,True,False,False,False,False,False,False,
BlooP,True,exact_canonical,bloop,bloop,pldb,,True,False,False,False,False,False,True,
Blue,True,exact_canonical,blue,blue,pldb,,True,False,False,False,False,False,True,
Blueprint,False,,,,,,False,False,False,False,False,False,False,blueprints
Bluespec,True,exact_canonical,bluespec,bluespec,linguist;pldb,.bsv,True,True,False,False,True,False,False,
Bluespec SystemVerilog,False,,,,,,False,False,False,False,False,False,False,
BNR Prolog,False,,,,,,False,False,False,False,False,False,False,
Boa,True,exact_canonical,boa,boa,pldb,,True,False,False,False,False,True,False,
Bolt,True,exact_canonical,bolt,bolt,pldb,,True,False,False,False,False,False,False,
BON,False,,,,,,False,False,False,False,False,False,False,
Bone Lisp,False,,,,,,False,False,False,False,False,False,False,
Boo,True,exact_canonical,boo,boo,linguist;pldb,.boo,True,True,False,False,True,True,True,
Boogie,True,exact_canonical,boogie,boogie,linguist;pldb,.bpl,True,True,False,False,False,True,False,
Boolfuck,True,exact_canonical,boolfuck,Boolfuck,esolang,,False,False,False,True,False,False,False,
Boomerang,False,,,,,,False,False,False,False,False,False,False,Boomerlang
Borgo,False,,,,,,False,False,False,False,False,False,False,
Boron,True,exact_canonical,boron,boron,pldb,,True,False,False,False,False,False,False,
Bosatsu,False,,,,,,False,False,False,False,False,False,False,
Bosque,True,exact_canonical,bosque,bosque,pldb,,True,False,False,False,False,False,False,
Bossa,False,,,,,,False,False,False,False,False,False,False,
Bourne Shell,False,,,,,,False,False,False,False,False,False,False,
Bournegol,False,,,,,,False,False,False,False,False,False,False,
Boxer,True,exact_canonical,boxer,boxer,pldb,,True,False,False,False,False,False,False,
BoxLang,False,,,,,,False,False,False,False,False,False,False,
BPEL,True,exact_canonical,bpel,bpel,pldb,,True,False,False,False,False,False,False,
BPFtrace,False,,,,,,False,False,False,False,False,False,False,
BProlog,False,,,,,,False,False,False,False,False,False,False,prolog
BQN,True,exact_canonical,bqn,bqn,esolang;linguist;pldb,.bqn,True,True,False,True,False,True,True,
Brachylog,True,exact_canonical,brachylog,Brachylog,esolang,,False,False,False,True,False,False,False,
Bracmat,False,,,,,,False,False,False,False,False,False,False,
Braid,False,,,,,,False,False,False,False,False,False,False,
Brain,True,exact_canonical,brain,Brain,esolang,,False,False,False,True,False,False,False,
Brain-Flak,True,exact_canonical,brain-flak,brain-flak,esolang;pldb,,True,False,False,True,False,False,False,
Brainfork,True,exact_canonical,brainfork,Brainfork,esolang,,False,False,False,True,False,False,False,
Brainfuck,True,exact_canonical,brainfuck,brainfuck,esolang;linguist;pldb;wikipedia,.b .bf,True,True,True,True,True,True,False,
Braingolf,True,exact_canonical,braingolf,Braingolf,esolang,,False,False,False,True,False,False,False,
Brat,False,,,,,,False,False,False,False,False,False,False,
Bricklayer,False,,,,,,False,False,False,False,False,False,False,
BrightScript,True,exact_canonical,brightscript,Brightscript,linguist,.brs,False,True,False,False,True,False,False,
Bril,False,,,,,,False,False,False,False,False,False,False,
Bro,True,exact_canonical,bro,bro,pldb,,True,False,False,False,False,True,False,
Brook,True,exact_canonical,brook,Brook,esolang,,False,False,False,True,False,False,False,
bruijn,True,exact_canonical,bruijn,bruijn,pldb,,True,False,False,False,False,False,True,
Brython,False,,,,,,False,False,False,False,False,False,False,bython
BSV,True,exact_alias,bluespec,bluespec,linguist;pldb,.bsv,True,True,False,False,True,False,False,
BuckleScript,True,exact_canonical,bucklescript,bucklescript,pldb,,True,False,False,False,False,False,False,
BUGS,False,,,,,,False,False,False,False,False,False,False,
Burlesque,True,exact_canonical,burlesque,Burlesque,esolang,,False,False,False,True,False,False,True,
Burro,True,exact_canonical,burro,Burro,esolang,,False,False,False,True,False,False,False,
Burroughs Extended Algol,False,,,,,,False,False,False,False,False,False,False,
Business BASIC,False,,,,,,False,False,False,False,False,False,False,business-basic
Buzz,True,exact_canonical,buzz,buzz,pldb,,True,False,False,False,False,False,False,
BVM,False,,,,,,False,False,False,False,False,False,False,
bwBASIC,False,,,,,,False,False,False,False,False,False,False,
BYOND,True,exact_alias,dm,dm,linguist;pldb,.dm,True,True,False,False,True,False,True,
Bython,True,exact_canonical,bython,bython,pldb,,True,False,False,False,False,False,False,
Bywater BASIC,False,,,,,,False,False,False,False,False,False,False,bywater-basic
C,True,exact_canonical,c,C,esolang;linguist;pldb,.c .cats .h .h.in .idc,True,True,False,True,True,True,True,
C Shell,False,,,,,,False,False,False,False,False,False,False,
C#,True,exact_canonical,c-sharp,C#,esolang;linguist,.cake .cs .cs.pp .csx .linq,False,True,False,True,True,True,True,
C*,True,normalized_canonical,c,C,esolang;linguist;pldb,.c .cats .h .h.in .idc,True,True,False,True,True,True,True,
C++,True,exact_canonical,c-plus-plus,C++,esolang;linguist,.c++ .cc .cp .cpp .cppm .cxx .h .h++ .hh .hpp .hxx .inc .inl .ino .ipp .ixx .re .tcc .tpp .txx,False,True,False,True,True,True,True,
C++/CLI,False,,,,,,False,False,False,False,False,False,False,
C++/CX,False,,,,,,False,False,False,False,False,False,False,
C--,False,,,,,,False,False,False,False,False,False,False,
C/AL,False,,,,,,False,False,False,False,False,False,False,
C0,False,,,,,,False,False,False,False,False,False,False,
C2,True,exact_canonical,c2,c2,esolang;pldb,,True,False,False,True,False,False,True,
C3,True,exact_canonical,c3,c3,linguist;pldb,.c3,True,True,False,False,False,False,True,
Cache ObjectScript,True,normalized_tool,cache-objectscript,cache-objectscript,pldb,,True,False,False,False,False,False,True,
Caché Basic,False,,,,,,False,False,False,False,False,False,False,
Caché ObjectScript,True,exact_tool,cache-objectscript,cache-objectscript,pldb,,True,False,False,False,False,False,True,
Cadabra,False,,,,,,False,False,False,False,False,False,False,
Cadence,True,exact_canonical,cadence,Cadence,linguist,.cdc,False,True,False,False,False,False,False,
Cadence SKILL,False,,,,,,False,False,False,False,False,False,False,cadence-skill
CafeOBJ,True,exact_canonical,cafeobj,cafeobj,pldb,,True,False,False,False,False,False,True,
Cairo,True,exact_canonical,cairo,cairo,linguist;pldb,.cairo,True,True,False,False,False,False,False,
Caja,False,,,,,,False,False,False,False,False,False,False,
Cakelisp,False,,,,,,False,False,False,False,False,False,False,
CakeML,False,,,,,,False,False,False,False,False,False,False,
CAL,True,exact_canonical,cal,cal,esolang;pldb,,True,False,False,True,False,False,False,
CAL Actor Language,False,,,,,,False,False,False,False,False,False,False,
Calcit,True,exact_canonical,calcit,calcit,pldb,,True,False,False,False,False,False,False,
Calyx,False,,,,,,False,False,False,False,False,False,False,
CAMAL,True,exact_canonical,camal,camal,pldb,,True,False,False,False,False,False,False,
Cambridge Autocode,False,,,,,,False,False,False,False,False,False,False,
CameLIGO,True,exact_canonical,cameligo,CameLIGO,linguist,.mligo,False,True,False,False,False,False,False,
Caml,True,exact_canonical,caml,caml,pldb;wikipedia,,True,False,True,False,False,False,True,
Caml Light,False,,,,,,False,False,False,False,False,False,False,
Camlp4,False,,,,,,False,False,False,False,False,False,False,
Candid,False,,,,,,False,False,False,False,False,False,False,
Cangjie,True,exact_canonical,cangjie,Cangjie,linguist,.cj,False,True,False,False,False,False,False,
Canvas,False,,,,,,False,False,False,False,False,False,False,
CAOS,False,,,,,,False,False,False,False,False,False,False,
Cap'n Proto,True,exact_canonical,cap-n-proto,Cap'n Proto,linguist,.capnp,False,True,False,False,True,True,False,
Caramel,True,exact_canonical,caramel,caramel,pldb,,True,False,False,False,False,False,False,
Carbon,True,exact_canonical,carbon,carbon,linguist;pldb,.carbon,True,True,False,False,False,True,False,
CARDIAC,False,,,,,,False,False,False,False,False,False,False,
Carol,False,,,,,,False,False,False,False,False,False,False,
Carp,True,exact_canonical,carp,carp,esolang;pldb,,True,False,False,True,False,False,False,
Carth,True,exact_canonical,carth,carth,pldb,,True,False,False,False,False,False,False,
Casanova,False,,,,,,False,False,False,False,False,False,False,
Cascalog,False,,,,,,False,False,False,False,False,False,False,
Casio BASIC,False,,,,,,False,False,False,False,False,False,False,
CASL,False,,,,,,False,False,False,False,False,False,False,
CASL II,False,,,,,,False,False,False,False,False,False,False,
Cassandra Query Language,False,,,,,,False,False,False,False,False,False,False,
Cat,True,exact_canonical,cat,cat,esolang;pldb,,True,False,False,True,False,False,True,
Catala,True,exact_canonical,catala,catala,pldb,,True,False,False,False,False,False,False,
Catrobat,False,,,,,,False,False,False,False,False,False,False,
Cayenne,True,exact_canonical,cayenne,cayenne,pldb,,True,False,False,False,False,False,False,
Cayley,True,exact_canonical,cayley,cayley,pldb,,True,False,False,False,False,False,False,
CBASIC,True,exact_canonical,cbasic,cbasic,pldb,,True,False,False,False,False,False,True,
CCL,True,exact_canonical,ccl,ccl,pldb,,True,False,False,False,False,False,False,
CCS,True,exact_canonical,ccs,ccs,esolang;pldb,,True,False,False,True,False,False,False,
CCured,False,,,,,,False,False,False,False,False,False,False,
CD++,False,,,,,,False,False,False,False,False,False,False,C++
CDC 6600 Assembly,False,,,,,,False,False,False,False,False,False,False,
CDuce,False,,,,,,False,False,False,False,False,False,False,
Cecil,True,exact_canonical,cecil,cecil,pldb,,True,False,False,False,False,False,True,
Cedar,True,exact_canonical,cedar,cedar,esolang;pldb,,True,False,False,True,False,False,False,
Cedille,False,,,,,,False,False,False,False,False,False,False,
CEL,False,,,,,,False,False,False,False,False,False,False,
Cell,True,exact_canonical,cell,cell,esolang;pldb,,True,False,False,True,False,False,False,
Cell BE Assembly,False,,,,,,False,False,False,False,False,False,False,
Cello,True,exact_canonical,cello,Cello,esolang,,False,False,False,True,False,False,False,
Ceptre,False,,,,,,False,False,False,False,False,False,False,
Cerberus X,False,,,,,,False,False,False,False,False,False,False,
CESIL,True,exact_canonical,cesil,cesil,pldb,,True,False,False,False,False,False,False,
Ceu,True,exact_canonical,ceu,ceu,pldb,,True,False,False,False,False,False,False,
Ceylon,True,exact_canonical,ceylon,ceylon,linguist;pldb,.ceylon,True,True,False,False,True,True,True,
CFEngine,True,exact_canonical,cfengine,cfengine,pldb,,True,False,False,False,False,False,True,
CFML,True,exact_canonical,cfml,cfml,pldb,,True,False,False,False,False,False,False,
Cforall,False,,,,,,False,False,False,False,False,False,False,forall
CFScript,True,exact_canonical,cfscript,cfscript,pldb,,True,False,False,False,False,False,False,
Cg,True,exact_canonical,cg,cg,esolang;pldb,,True,False,False,True,False,False,False,
CGOL,True,exact_canonical,cgol,cgol,pldb,,True,False,False,False,False,False,False,
Ch,True,exact_canonical,ch,ch,pldb,,True,False,False,False,False,False,False,
ChaiScript,True,exact_canonical,chaiscript,chaiscript,pldb,,True,False,False,False,False,True,False,
Chalice,False,,,,,,False,False,False,False,False,False,False,
Chalk,False,,,,,,False,False,False,False,False,False,False,
Chaos,True,exact_canonical,chaos,Chaos,esolang,,False,False,False,True,False,False,False,
Chapel,True,exact_canonical,chapel,chapel,linguist;pldb,.chpl,True,True,False,False,True,True,True,
Charcoal,True,exact_canonical,charcoal,charcoal,esolang;pldb,,True,False,False,True,False,False,False,
Charity,True,exact_canonical,charity,charity,linguist;pldb,.ch,True,True,False,False,True,False,False,
Charly,True,exact_canonical,charly,charly,pldb,,True,False,False,False,False,False,False,
Charm,True,exact_canonical,charm,Charm,esolang,,False,False,False,True,False,False,False,
Charm++,False,,,,,,False,False,False,False,False,False,False,
ChatScript,False,,,,,,False,False,False,False,False,False,False,
Checked C,False,,,,,,False,False,False,False,False,False,False,
Cheddar,False,,,,,,False,False,False,False,False,False,False,
Cheetah,True,exact_canonical,cheetah,cheetah,pldb,,True,False,False,False,False,True,False,
Chef,True,exact_canonical,chef,chef,esolang;pldb,,True,False,False,True,False,False,True,
Chez Scheme,False,,,,,,False,False,False,False,False,False,False,
Chibi-Scheme,False,,,,,,False,False,False,False,False,False,False,
CHICKEN,True,exact_canonical,chicken,chicken,esolang;pldb,,True,False,False,True,False,False,False,
Chicken Scheme,False,,,,,,False,False,False,False,False,False,False,
CHILL,True,exact_canonical,chill,chill,pldb,,True,False,False,False,False,False,False,
CHIP,False,,,,,,False,False,False,False,False,False,False,
CHIP-8,True,exact_canonical,chip-8,chip-8,pldb,,True,False,False,False,False,False,False,
Chipmunk Basic,True,exact_tool,chipmunk-basic,chipmunk-basic,pldb,,True,False,False,False,False,False,True,
ChipmunkBasic,False,,,,,,False,False,False,False,False,False,False,chipmunk-basic
Chisel,True,exact_canonical,chisel,chisel,pldb,,True,False,False,False,False,False,False,
ChocoPy,False,,,,,,False,False,False,False,False,False,False,
ChoiceScript,False,,,,,,False,False,False,False,False,False,False,
Choral,False,,,,,,False,False,False,False,False,False,False,
CHR,True,exact_canonical,chr,CHR,esolang,,False,False,False,True,False,False,True,
ChrysaLisp,True,exact_canonical,chrysalisp,chrysalisp,pldb,,True,False,False,False,False,False,False,
ChucK,True,exact_canonical,chuck,chuck,linguist;pldb,.ck,True,True,False,False,True,False,True,
Church,False,,,,,,False,False,False,False,False,False,False,
Ciao,False,,,,,,False,False,False,False,False,False,False,
Ciao Prolog,False,,,,,,False,False,False,False,False,False,False,
Ciel,True,exact_canonical,ciel,ciel,pldb,,True,False,False,False,False,False,False,
CIL,True,exact_canonical,cil,cil,linguist;pldb,.cil,True,True,False,False,False,False,False,
Cilk,True,exact_canonical,cilk,cilk,pldb,,True,False,False,False,False,False,True,
Cilk Plus,False,,,,,,False,False,False,False,False,False,False,
Circle,False,,,,,,False,False,False,False,False,False,False,Circles
Circom,True,exact_canonical,circom,Circom,linguist,.circom,False,True,False,False,False,False,False,
CircuitPython,False,,,,,,False,False,False,False,False,False,False,
Circus,False,,,,,,False,False,False,False,False,False,False,
Citrine,True,exact_canonical,citrine,citrine,pldb,,True,False,False,False,False,False,False,
Civet,True,exact_canonical,civet,civet,pldb,,True,False,False,False,False,False,False,
Cixl,True,exact_canonical,cixl,cixl,esolang;pldb,,True,False,False,True,False,False,False,
CJam,True,exact_canonical,cjam,CJam,esolang,,False,False,False,True,False,False,True,
cKanren,False,,,,,,False,False,False,False,False,False,False,
CL,False,,,,,,False,False,False,False,False,False,False,
Clafer,False,,,,,,False,False,False,False,False,False,False,
Claire,True,exact_canonical,claire,claire,pldb,,True,False,False,False,False,False,False,
Clarion,True,exact_canonical,clarion,clarion,linguist;pldb,.clw,True,True,False,False,True,False,True,
Clarity,True,exact_canonical,clarity,clarity,linguist;pldb,.clar,True,True,False,False,False,False,False,
Claro,True,exact_canonical,claro,claro,pldb,,True,False,False,False,False,False,False,
Clascal,True,exact_canonical,clascal,clascal,pldb;wikipedia,,True,False,True,False,False,False,False,
Clash,True,exact_canonical,clash,clash,pldb,,True,False,False,False,False,False,False,
Clasp,False,,,,,,False,False,False,False,False,False,False,
Clay,True,exact_canonical,clay,clay,pldb,,True,False,False,False,False,True,True,
Clean,True,exact_canonical,clean,clean,linguist;pldb,.dcl .icl,True,True,False,False,True,True,True,
CLEO,True,exact_canonical,cleo,cleo,pldb,,True,False,False,False,False,False,False,
Click,True,exact_canonical,click,click,linguist;pldb,.click,True,True,False,False,True,False,False,
Clingo,False,,,,,,False,False,False,False,False,False,False,
Clio,False,,,,,,False,False,False,False,False,False,False,
Clipper,True,exact_canonical,clipper,clipper,pldb,,True,False,False,False,False,True,False,
CLIPS,True,exact_canonical,clips,clips,linguist;pldb,.clp,True,True,False,False,True,False,True,
CLISP,True,exact_canonical,clisp,clisp,pldb,,True,False,False,False,False,False,False,
CLIST,True,exact_canonical,clist,clist,pldb,,True,False,False,False,False,False,False,
Clite,False,,,,,,False,False,False,False,False,False,False,
Clojerl,False,,,,,,False,False,False,False,False,False,False,
Clojure,True,exact_canonical,clojure,clojure,linguist;pldb;wikipedia,.bb .boot .cl2 .clj .cljc .cljs .cljs.hl .cljscm .cljx .hic,True,True,True,False,True,True,True,
ClojureScript,True,exact_canonical,clojurescript,clojurescript,pldb,,True,False,False,False,False,True,False,
CLOS,True,exact_canonical,clos,clos,pldb,,True,False,False,False,False,False,False,
Clozure CL,False,,,,,,False,False,False,False,False,False,False,
CLP(R),False,,,,,,False,False,False,False,False,False,False,
CLU,True,exact_canonical,clu,clu,pldb,,True,False,False,False,False,False,True,
Clue,True,exact_canonical,clue,Clue,linguist,.clue,False,True,False,False,False,False,False,
Cmajor,False,,,,,,False,False,False,False,False,False,False,
CMake,True,exact_canonical,cmake,cmake,linguist;pldb,.cmake .cmake.in,True,True,False,False,True,True,True,
Cminor,False,,,,,,False,False,False,False,False,False,False,
CML,False,,,,,,False,False,False,False,False,False,False,
CMPL,False,,,,,,False,False,False,False,False,False,False,
CMS EXEC,False,,,,,,False,False,False,False,False,False,False,
CMS Pipelines,False,,,,,,False,False,False,False,False,False,False,cms-pipelines
CMS-2,True,exact_canonical,cms-2,cms-2,pldb,,True,False,False,False,False,False,False,
CMUCL,False,,,,,,False,False,False,False,False,False,False,
CnC,False,,,,,,False,False,False,False,False,False,False,
CnC++,False,,,,,,False,False,False,False,False,False,False,
Co-array Fortran,False,,,,,,False,False,False,False,False,False,False,
Co-dfns,True,exact_canonical,co-dfns,co-dfns,pldb,,True,False,False,False,False,False,False,
Coalton,False,,,,,,False,False,False,False,False,False,False,
Coarray Fortran,False,,,,,,False,False,False,False,False,False,False,
COBOL,True,exact_canonical,cobol,cobol,esolang;linguist;pldb,.cbl .ccp .cob .cobol .cpy,True,True,False,True,True,True,True,
CobolScript,True,exact_canonical,cobolscript,cobolscript,pldb,,True,False,False,False,False,False,False,
Cobra,True,exact_canonical,cobra,cobra,pldb,,True,False,False,False,False,False,True,
Coco,True,exact_canonical,coco,coco,pldb,,True,False,False,False,False,False,True,
CoCoA,False,,,,,,False,False,False,False,False,False,False,
Coconut,True,exact_canonical,coconut,coconut,pldb,,True,False,False,False,False,False,True,
CodeQL,True,exact_canonical,codeql,codeql,linguist;pldb,.ql .qll,True,True,False,False,True,True,False,
CODIL,True,exact_canonical,codil,codil,pldb,,True,False,False,False,False,False,False,
Codon,True,exact_canonical,codon,Codon,esolang,,False,False,False,True,False,False,False,
CoffeeScript,True,exact_canonical,coffeescript,coffeescript,linguist;pldb,._coffee .cake .cjsx .coffee .iced,True,True,False,False,True,True,True,
Cogent,False,,,,,,False,False,False,False,False,False,False,
Cognate,True,exact_canonical,cognate,cognate,pldb,,True,False,False,False,False,False,False,
COGO,True,exact_canonical,cogo,cogo,pldb,,True,False,False,False,False,False,False,
Cola,False,,,,,,False,False,False,False,False,False,False,
ColdC,False,,,,,,False,False,False,False,False,False,False,
ColdFusion,True,exact_canonical,coldfusion,coldfusion,linguist;pldb,.cfm .cfml,True,True,False,False,True,True,True,
Colm,False,,,,,,False,False,False,False,False,False,False,
Color BASIC,False,,,,,,False,False,False,False,False,False,False,
colorForth,True,exact_canonical,colorforth,colorforth,pldb,,True,False,False,False,False,False,False,
COMAL,True,exact_canonical,comal,comal,pldb;wikipedia,,True,False,True,False,False,True,True,
Combined Programming Language,False,,,,,,False,False,False,False,False,False,False,
COMEFROM,True,exact_canonical,comefrom,ComeFrom,esolang,,False,False,False,True,False,False,False,
Comefrom0x10,True,exact_canonical,comefrom0x10,Comefrom0x10,esolang,,False,False,False,True,False,False,True,
Comega,False,,,,,,False,False,False,False,False,False,False,
Comet,False,,,,,,False,False,False,False,False,False,False,
COMIT,True,exact_canonical,comit,comit,pldb,,True,False,False,False,False,False,False,
COMIT II,False,,,,,,False,False,False,False,False,False,False,
Commodore BASIC,True,exact_tool,commodore-basic,commodore-basic,pldb,,True,False,False,False,False,False,True,
Common Intermediate Language,False,,,,,,False,False,False,False,False,False,False,
Common Lisp,True,exact_tool,common-lisp,common-lisp,linguist;pldb,.asd .cl .l .lisp .lsp .ny .podsl .sexp,True,True,False,False,True,True,True,
Common Music,False,,,,,,False,False,False,False,False,False,False,
Common Workflow Language,True,exact_tool,common-workflow-language,common-workflow-language,linguist;pldb,.cwl,True,True,False,False,True,False,False,
CommonLoops,True,exact_canonical,commonloops,commonloops,pldb,,True,False,False,False,False,False,False,
COMPACT II,False,,,,,,False,False,False,False,False,False,False,
COMPASS,False,,,,,,False,False,False,False,False,False,False,
Component Pascal,True,exact_tool,component-pascal,component-pascal,linguist;pldb,.cp .cps,True,True,False,False,True,True,True,
COMPOOL,False,,,,,,False,False,False,False,False,False,False,
Compositional C++,False,,,,,,False,False,False,False,False,False,False,
COMTRAN,True,exact_canonical,comtran,comtran,pldb,,True,False,False,False,False,False,False,
Concurnas,True,exact_canonical,concurnas,concurnas,pldb,,True,False,False,False,False,False,False,
Concurrent C,False,,,,,,False,False,False,False,False,False,False,
Concurrent Clean,False,,,,,,False,False,False,False,False,False,False,
Concurrent Euclid,False,,,,,,False,False,False,False,False,False,False,
Concurrent Haskell,True,exact_canonical,concurrent-haskell,Concurrent Haskell,wikipedia,,False,False,True,False,False,False,False,
Concurrent ML,False,,,,,,False,False,False,False,False,False,False,concurrent-ml
Concurrent Pascal,False,,,,,,False,False,False,False,False,False,False,concurrent-pascal
Concurrent Prolog,False,,,,,,False,False,False,False,False,False,False,concurrent-prolog
ConcurrentML,False,,,,,,False,False,False,False,False,False,False,concurrent-ml
Cone,True,exact_canonical,cone,cone,pldb,,True,False,False,False,False,False,False,
Conniver,True,exact_canonical,conniver,conniver,pldb,,True,False,False,False,False,False,False,
Consize,False,,,,,,False,False,False,False,False,False,False,
Constraint Handling Rules,False,,,,,,False,False,False,False,False,False,False,
ConTeXt,False,,,,,,False,False,False,False,False,False,False,Con-Text
Context Free,False,,,,,,False,False,False,False,False,False,False,
Control Language,False,,,,,,False,False,False,False,False,False,False,
Converge,True,exact_canonical,converge,converge,pldb,,True,False,False,False,False,False,False,
Convex,False,,,,,,False,False,False,False,False,False,False,
COOL,True,exact_canonical,cool,cool,esolang;linguist;pldb,.cl,True,True,False,True,True,True,False,
cooltt,False,,,,,,False,False,False,False,False,False,False,
Copilot,True,exact_canonical,copilot,copilot,pldb,,True,False,False,False,False,False,False,
Copperhead,False,,,,,,False,False,False,False,False,False,False,
COQ,True,exact_canonical,coq,coq,pldb,,True,False,False,False,True,True,False,
Coral,True,exact_canonical,coral,coral,pldb,,True,False,False,False,False,False,False,
Coral 66,False,,,,,,False,False,False,False,False,False,False,
CORAL 68,False,,,,,,False,False,False,False,False,False,False,
CORAL-66,False,,,,,,False,False,False,False,False,False,False,
CORC,True,exact_canonical,corc,corc,pldb,,True,False,False,False,False,False,False,
Core War,False,,,,,,False,False,False,False,False,False,False,
CoreASM,False,,,,,,False,False,False,False,False,False,False,
Corman Lisp,False,,,,,,False,False,False,False,False,False,False,
Coursewriter,False,,,,,,False,False,False,False,False,False,False,
COW,True,exact_canonical,cow,COW,esolang,,False,False,False,True,False,False,False,
Cowgol,False,,,,,,False,False,False,False,False,False,False,
COWSEL,True,exact_canonical,cowsel,cowsel,pldb;wikipedia,,True,False,True,False,False,False,False,
CPL,True,exact_canonical,cpl,cpl,esolang;pldb,,True,False,False,True,False,False,False,
Cpp2,False,,,,,,False,False,False,False,False,False,False,
cQASM,False,,,,,,False,False,False,False,False,False,False,
CQL,True,exact_canonical,cql,cql,linguist;pldb,.cql,True,True,False,False,False,False,False,
Crack,True,exact_canonical,crack,crack,pldb,,True,False,False,False,False,False,True,
Crayon,False,,,,,,False,False,False,False,False,False,False,
Creol,False,,,,,,False,False,False,False,False,False,False,
Croc,True,exact_canonical,croc,croc,pldb,,True,False,False,False,False,True,False,
Crochet,False,,,,,,False,False,False,False,False,False,False,
Crumb,False,,,,,,False,False,False,False,False,False,False,
Cryptol,True,exact_canonical,cryptol,cryptol,pldb,,True,False,False,False,False,True,False,
Crystal,True,exact_canonical,crystal,crystal,linguist;pldb,.cr,True,True,False,False,True,True,True,
csh,False,,,,,,False,False,False,False,False,False,False,
CSMP,True,exact_canonical,csmp,csmp,pldb,,True,False,False,False,False,False,False,
Csound,True,exact_canonical,csound,csound,linguist;pldb,.orc .udo,True,True,False,False,True,True,False,
CSP,True,exact_canonical,csp,csp,pldb,,True,False,False,False,False,False,False,
CSSL,False,,,,,,False,False,False,False,False,False,False,
CubeScript,False,,,,,,False,False,False,False,False,False,False,
Cubical,False,,,,,,False,False,False,False,False,False,False,
cubicaltt,False,,,,,,False,False,False,False,False,False,False,
Cubix,True,exact_canonical,cubix,Cubix,esolang,,False,False,False,True,False,False,False,
CUDA,True,exact_canonical,cuda,cuda,linguist;pldb,.cu .cuh,True,True,False,False,True,True,False,
CUDA C++,False,,,,,,False,False,False,False,False,False,False,
CUE,True,exact_canonical,cue,CUE,linguist,.cue,False,True,False,False,False,False,False,
Cuis,False,,,,,,False,False,False,False,False,False,False,
Cuis Smalltalk,False,,,,,,False,False,False,False,False,False,False,
Cuneiform,True,exact_canonical,cuneiform,cuneiform,pldb,,True,False,False,False,False,False,False,
CUPL,False,,,,,,False,False,False,False,False,False,False,
Cur,False,,,,,,False,False,False,False,False,False,False,
Curl,True,exact_canonical,curl,curl,pldb,,True,False,False,False,False,False,False,
Curly,True,exact_canonical,curly,curly,pldb,,True,False,False,False,False,False,False,
Curry,True,exact_canonical,curry,curry,linguist;pldb,.curry,True,True,False,False,False,False,True,
Curv,True,exact_canonical,curv,curv,pldb,,True,False,False,False,False,False,False,
CWEB,True,exact_canonical,cweb,cweb,linguist;pldb,.w,True,True,False,False,True,False,False,
CWIC,False,,,,,,False,False,False,False,False,False,False,
CWL,True,exact_alias,common-workflow-language,common-workflow-language,linguist;pldb,.cwl,True,True,False,False,True,False,False,
CX,True,exact_canonical,cx,cx,pldb,,True,False,False,False,False,False,False,
Cyan,False,,,,,,False,False,False,False,False,False,False,
Cyber,True,exact_canonical,cyber,cyber,pldb,,True,False,False,False,False,False,False,
CycL,True,exact_canonical,cycl,cycl,pldb,,True,False,False,False,False,False,False,
Cyclone,True,exact_canonical,cyclone,cyclone,pldb,,True,False,False,False,False,False,False,
Cycript,True,exact_canonical,cycript,cycript,linguist;pldb,.cy,True,True,False,False,True,False,False,
Cypher,True,exact_canonical,cypher,cypher,linguist;pldb,.cyp .cypher,True,True,False,False,False,True,False,
Cython,True,exact_canonical,cython,cython,linguist;pldb,.pxd .pxi .pyx,True,True,False,False,True,True,False,
Czure,True,exact_canonical,czure,Czure,esolang,,False,False,False,True,False,False,False,
Céu,True,normalized_canonical,ceu,ceu,pldb,,True,False,False,False,False,False,False,
Cω,True,normalized_canonical,c,C,esolang;linguist;pldb,.c .cats .h .h.in .idc,True,True,False,True,True,True,True,
D,True,exact_canonical,d,d,esolang;linguist;pldb,.d .di,True,True,False,True,True,True,True,
D2,True,exact_canonical,d2,d2,linguist;pldb,.d2,True,True,False,False,False,False,False,
D4,True,exact_canonical,d4,d4,pldb,,True,False,False,False,False,False,False,
Dafny,True,exact_canonical,dafny,dafny,linguist;pldb,.dfy,True,True,False,False,False,False,True,
Dahlia,False,,,,,,False,False,False,False,False,False,False,
Dale,True,exact_canonical,dale,dale,pldb,,True,False,False,False,False,False,False,
DAML,True,exact_canonical,daml,daml,pldb,,True,False,False,False,False,False,False,
Dao,False,,,,,,False,False,False,False,False,False,False,
DAPLEX,False,,,,,,False,False,False,False,False,False,False,adaplex
Dark,True,exact_canonical,dark,Dark,esolang,,False,False,False,True,False,False,False,
DarkBASIC,True,exact_canonical,darkbasic,darkbasic,pldb,,True,False,False,False,False,False,False,
Darklang,True,exact_canonical,darklang,darklang,pldb,,True,False,False,False,False,False,False,
DARSIMCO,True,exact_canonical,darsimco,DARSIMCO,wikipedia,,False,False,True,False,False,False,False,
Dart,True,exact_canonical,dart,dart,linguist;pldb,.dart,True,True,False,False,True,True,True,
Dartmouth BASIC,False,,,,,,False,False,False,False,False,False,False,dartmouth-basic
Darwin,False,,,,,,False,False,False,False,False,False,False,
daScript,False,,,,,,False,False,False,False,False,False,False,dscript
Dash,True,exact_canonical,dash,dash,pldb,,True,False,False,False,False,False,False,
DASL,True,exact_canonical,dasl,dasl,pldb,,True,False,False,False,False,False,False,
DataEase,False,,,,,,False,False,False,False,False,False,False,
DataFlex,True,exact_canonical,dataflex,dataflex,pldb;wikipedia,,True,False,True,False,False,False,False,
Datafun,True,exact_canonical,datafun,datafun,pldb,,True,False,False,False,False,False,False,
Datalog,True,exact_canonical,datalog,datalog,pldb,,True,False,False,False,False,False,True,
Dataphor,False,,,,,,False,False,False,False,False,False,False,
DATATRIEVE,True,exact_canonical,datatrieve,datatrieve,pldb,,True,False,False,False,False,False,False,
DataWeave,True,exact_canonical,dataweave,dataweave,linguist;pldb,.dwl,True,True,False,False,True,False,True,
DATR,False,,,,,,False,False,False,False,False,False,False,
Dawn,False,,,,,,False,False,False,False,False,False,False,
DAX,True,exact_canonical,dax,dax,pldb,,True,False,False,False,False,True,False,
dBase,True,exact_canonical,dbase,dbase,pldb,,True,False,False,False,False,False,False,
dBASE III,False,,,,,,False,False,False,False,False,False,False,
dc,True,exact_canonical,dc,dc,esolang;pldb,,True,False,False,True,False,False,True,
DCE IDL,False,,,,,,False,False,False,False,False,False,False,
DCL,True,exact_alias,digital-command-language,digital-command-language,linguist;pldb,.com,True,True,False,False,True,False,True,
DDlog,False,,,,,,False,False,False,False,False,False,False,
Deadfish,True,exact_canonical,deadfish,deadfish,esolang;pldb,,True,False,False,True,False,False,False,
Decaf,False,,,,,,False,False,False,False,False,False,False,
Decimal BASIC,False,,,,,,False,False,False,False,False,False,False,
DEDAL,False,,,,,,False,False,False,False,False,False,False,
Dedalus,False,,,,,,False,False,False,False,False,False,False,
Dedukti,True,exact_canonical,dedukti,dedukti,pldb,,True,False,False,False,False,False,False,
Deja Vu,False,,,,,,False,False,False,False,False,False,False,
Delight,False,,,,,,False,False,False,False,False,False,False,
Delphi,True,exact_canonical,delphi,delphi,pldb,,True,False,False,False,False,True,False,
Deluge,False,,,,,,False,False,False,False,False,False,False,
Dependent ML,False,,,,,,False,False,False,False,False,False,False,
DERIVE,False,,,,,,False,False,False,False,False,False,False,
Derw,False,,,,,,False,False,False,False,False,False,False,
DesignScript,False,,,,,,False,False,False,False,False,False,False,
DEUCE Autocode,False,,,,,,False,False,False,False,False,False,False,
Dex,True,exact_canonical,dex,dex,pldb,,True,False,False,False,False,False,False,
Dezyne,False,,,,,,False,False,False,False,False,False,False,
dfsch,False,,,,,,False,False,False,False,False,False,False,
DG/L,False,,,,,,False,False,False,False,False,False,False,
DGD,False,,,,,,False,False,False,False,False,False,False,
Dhall,True,exact_canonical,dhall,dhall,linguist;pldb,.dhall,True,True,False,False,True,False,False,
Dialog,True,exact_canonical,dialog,dialog,pldb,,True,False,False,False,False,False,False,
DIBOL,True,exact_canonical,dibol,dibol,pldb;wikipedia,,True,False,True,False,False,False,False,
Diby,False,,,,,,False,False,False,False,False,False,False,
Dice,True,exact_canonical,dice,dice,pldb,,True,False,False,False,False,False,False,
Dictu,False,,,,,,False,False,False,False,False,False,False,
Diderot,False,,,,,,False,False,False,False,False,False,False,
DIESEL,False,,,,,,False,False,False,False,False,False,False,
Differential Datalog,False,,,,,,False,False,False,False,False,False,False,differential-datalog
DinkC,True,exact_canonical,dinkc,dinkc,pldb,,True,False,False,False,False,False,False,
Dino,True,exact_canonical,dino,dino,pldb,,True,False,False,False,False,False,False,
Disciple,False,,,,,,False,False,False,False,False,False,False,
Disco,False,,,,,,False,False,False,False,False,False,False,
Discus,False,,,,,,False,False,False,False,False,False,False,
Distributed Processes,False,,,,,,False,False,False,False,False,False,False,distributed-processes
DITRAN,True,exact_canonical,ditran,ditran,pldb,,True,False,False,False,False,False,False,
DIV,False,,,,,,False,False,False,False,False,False,False,
DIV Games Studio,False,,,,,,False,False,False,False,False,False,False,
DL/I,False,,,,,,False,False,False,False,False,False,False,
DLV,False,,,,,,False,False,False,False,False,False,False,
DLX,False,,,,,,False,False,False,False,False,False,False,
DM,True,exact_canonical,dm,dm,linguist;pldb,.dm,True,True,False,False,True,False,True,
DML,True,exact_canonical,dml,dml,esolang;pldb,,True,False,False,True,False,False,False,
Dogescript,True,exact_canonical,dogescript,dogescript,esolang;linguist;pldb,.djs,True,True,False,True,True,False,False,
Dolittle,True,exact_canonical,dolittle,dolittle,pldb,,True,False,False,False,False,False,False,
Dolphin Smalltalk,False,,,,,,False,False,False,False,False,False,False,
DOT,True,exact_canonical,dot,dot,esolang;pldb,,True,False,False,True,False,True,False,
DPC++,False,,,,,,False,False,False,False,False,False,False,
DQL,False,,,,,,False,False,False,False,False,False,False,
Draco,False,,,,,,False,False,False,False,False,False,False,
Dragon 32 BASIC,False,,,,,,False,False,False,False,False,False,False,
DRAKON,True,exact_canonical,drakon,drakon,pldb,,True,False,False,False,False,False,False,
Dream Maker,False,,,,,,False,False,False,False,False,False,False,
DreamMaker,False,,,,,,False,False,False,False,False,False,False,
Dremel,False,,,,,,False,False,False,False,False,False,False,
Drools,False,,,,,,False,False,False,False,False,False,False,
DSSL2,False,,,,,,False,False,False,False,False,False,False,
DSSP,False,,,,,,False,False,False,False,False,False,False,
DSSSL,False,,,,,,False,False,False,False,False,False,False,
DTrace,True,exact_canonical,dtrace,dtrace,linguist;pldb,.d,True,True,False,False,True,False,False,
Duby,False,,,,,,False,False,False,False,False,False,False,
Duktape,False,,,,,,False,False,False,False,False,False,False,
Dusa,False,,,,,,False,False,False,False,False,False,False,
DVE,False,,,,,,False,False,False,False,False,False,False,
DWIM,True,exact_canonical,dwim,DWIM,esolang,,False,False,False,True,False,False,False,
DWScript,True,exact_tool,dscript,dscript,pldb,,True,False,False,False,False,False,True,
DXL,False,,,,,,False,False,False,False,False,False,False,
Dyalect,False,,,,,,False,False,False,False,False,False,False,
Dyalog,False,,,,,,False,False,False,False,False,False,False,
Dyalog APL,False,,,,,,False,False,False,False,False,False,False,
Dylan,True,exact_canonical,dylan,dylan,linguist;pldb,.dyl .dylan .intr .lid,True,True,False,False,True,True,True,
Dyna,False,,,,,,False,False,False,False,False,False,False,
Dynace,False,,,,,,False,False,False,False,False,False,False,
DYNAMO,True,exact_canonical,dynamo,dynamo,pldb,,True,False,False,False,False,False,False,
DYNAMO II,False,,,,,,False,False,False,False,False,False,False,
Dyon,False,,,,,,False,False,False,False,False,False,False,
Dyvil,True,exact_canonical,dyvil,dyvil,pldb,,True,False,False,False,False,False,False,
Dzaima APL,False,,,,,,False,False,False,False,False,False,False,
Déjà Vu,False,,,,,,False,False,False,False,False,False,False,
E,True,exact_canonical,e,e,esolang;linguist;pldb,.e,True,True,False,True,True,False,True,
E4X,False,,,,,,False,False,False,False,False,False,False,
Earl Grey,False,,,,,,False,False,False,False,False,False,False,
EASE,True,exact_canonical,ease,ease,pldb,,True,False,False,False,False,False,False,
Easel,False,,,,,,False,False,False,False,False,False,False,
EASYCODER,False,,,,,,False,False,False,False,False,False,False,
EasyLang,False,,,,,,False,False,False,False,False,False,False,
EasyLanguage,True,exact_canonical,easylanguage,easylanguage,pldb,,True,False,False,False,False,False,False,
Easytrieve,True,exact_canonical,easytrieve,easytrieve,pldb,,True,False,False,False,False,True,False,
eBPF,False,,,,,,False,False,False,False,False,False,False,
eC,True,exact_canonical,ec,ec,linguist;pldb,.ec .eh,True,True,False,False,True,True,True,
ECAP,False,,,,,,False,False,False,False,False,False,False,
Ecere,False,,,,,,False,False,False,False,False,False,False,
EchoLisp,False,,,,,,False,False,False,False,False,False,False,
ECL,True,exact_canonical,ecl,ecl,esolang;linguist;pldb,.ecl .eclxml,True,True,False,True,True,True,True,
Eclair,False,,,,,,False,False,False,False,False,False,False,
ECLiPSe,True,exact_canonical,eclipse,ECLiPSe,linguist,.ecl,False,True,False,False,True,True,False,
ECMAScript,False,,,,,,False,False,False,False,False,False,False,
Ecstasy,False,,,,,,False,False,False,False,False,False,False,
Eden,True,exact_canonical,eden,eden,pldb,,True,False,False,False,False,False,False,
EdgeQL,True,exact_canonical,edgeql,edgeql,linguist;pldb,.edgeql .esdl,True,True,False,False,False,False,False,
Edinburgh IMP,False,,,,,,False,False,False,False,False,False,False,edinburgh-imp
Edinburgh ML,False,,,,,,False,False,False,False,False,False,False,
Edison,True,exact_canonical,edison,edison,pldb,,True,False,False,False,False,False,False,
EDSAC,False,,,,,,False,False,False,False,False,False,False,
Eel,False,,,,,,False,False,False,False,False,False,False,
Eero,False,,,,,,False,False,False,False,False,False,False,
Efene,False,,,,,,False,False,False,False,False,False,False,
Eff,True,exact_canonical,eff,eff,pldb,,True,False,False,False,False,False,False,
Effekt,True,exact_canonical,effekt,effekt,pldb,,True,False,False,False,False,False,False,
EFL,True,exact_canonical,efl,efl,pldb,,True,False,False,False,False,False,False,
eForth,False,,,,,,False,False,False,False,False,False,False,reforth
Egel,True,exact_canonical,egel,egel,esolang;pldb,,True,False,False,True,False,False,True,
Egglog,False,,,,,,False,False,False,False,False,False,False,
Egison,True,exact_canonical,egison,egison,pldb,,True,False,False,False,False,False,True,
EGL,True,exact_canonical,egl,egl,esolang;pldb,,True,False,False,True,False,False,True,
Eiffel,True,exact_canonical,eiffel,Eiffel,linguist,.e,False,True,False,False,True,True,True,
EJS,True,exact_canonical,ejs,ejs,linguist;pldb,.ect .ejs .ejs.t .jst,True,True,False,False,True,False,False,
EK9,False,,,,,,False,False,False,False,False,False,False,
El-76,False,,,,,,False,False,False,False,False,False,False,
Ela,False,,,,,,False,False,False,False,False,False,False,
Elan,True,exact_canonical,elan,elan,pldb,,True,False,False,False,False,False,True,
Elchemy,False,,,,,,False,False,False,False,False,False,False,
Electrum,False,,,,,,False,False,False,False,False,False,False,
ELENA,True,exact_canonical,elena,elena,pldb,,True,False,False,False,False,False,True,
Elf,True,exact_canonical,elf,elf,pldb,,True,False,False,False,False,False,False,
ELI,False,,,,,,False,False,False,False,False,False,False,
Eliom,False,,,,,,False,False,False,False,False,False,False,
Elisa,False,,,,,,False,False,False,False,False,False,False,
Elixir,True,exact_canonical,elixir,elixir,linguist;pldb,.ex .exs,True,True,False,False,True,True,True,
ElixirScript,False,,,,,,False,False,False,False,False,False,False,
Elk,False,,,,,,False,False,False,False,False,False,False,
ELLA,False,,,,,,False,False,False,False,False,False,False,
Elliott ALGOL,False,,,,,,False,False,False,False,False,False,False,elliott-algol
Elliott Autocode,False,,,,,,False,False,False,False,False,False,False,
Elm,True,exact_canonical,elm,Elm,linguist,.elm,False,True,False,False,True,True,True,
Elpi,True,exact_canonical,elpi,elpi,pldb,,True,False,False,False,False,True,False,
Elsa,False,,,,,,False,False,False,False,False,False,False,
Elvish,True,exact_canonical,elvish,elvish,linguist;pldb,.elv,True,True,False,False,False,False,False,
Elymas,True,exact_canonical,elymas,elymas,pldb,,True,False,False,False,False,False,False,
Emacs Lisp,True,exact_tool,emacs-lisp,emacs-lisp,linguist;pldb,.el .emacs .emacs.desktop,True,True,False,False,True,True,True,
Embeddable Common Lisp,False,,,,,,False,False,False,False,False,False,False,
Embedded C++,False,,,,,,False,False,False,False,False,False,False,
EmberScript,True,exact_canonical,emberscript,emberscript,linguist;pldb,.em .emberscript,True,True,False,False,True,False,False,
Embryo,False,,,,,,False,False,False,False,False,False,False,
Emerald,True,exact_canonical,emerald,emerald,pldb,,True,False,False,False,False,False,False,
Emfrp,False,,,,,,False,False,False,False,False,False,False,
Emily,True,exact_canonical,emily,emily,pldb,,True,False,False,False,False,False,False,
Emmental,True,exact_canonical,emmental,Emmental,esolang,,False,False,False,True,False,False,False,
Emojicode,True,exact_canonical,emojicode,emojicode,esolang;pldb,,True,False,False,True,False,False,True,
Encore,True,exact_canonical,encore,encore,pldb,,True,False,False,False,False,False,False,
EndBASIC,False,,,,,,False,False,False,False,False,False,False,
English Electric Autocode,False,,,,,,False,False,False,False,False,False,False,
Enkel,False,,,,,,False,False,False,False,False,False,False,
Enso,True,exact_canonical,enso,enso,pldb,,True,False,False,False,False,False,False,
Enterprise,False,,,,,,False,False,False,False,False,False,False,
Eo,False,,,,,,False,False,False,False,False,False,False,
EOL,False,,,,,,False,False,False,False,False,False,False,
ePerl,False,,,,,,False,False,False,False,False,False,False,
Epic,False,,,,,,False,False,False,False,False,False,False,
Epigram,True,exact_canonical,epigram,epigram,pldb,,True,False,False,False,False,False,True,
Epoch,False,,,,,,False,False,False,False,False,False,False,
Epsilon,True,exact_canonical,epsilon,epsilon,pldb,,True,False,False,False,False,False,False,
EQN,True,exact_canonical,eqn,eqn,pldb,,True,False,False,False,False,False,False,
EQUEL,False,,,,,,False,False,False,False,False,False,False,
ERB,True,exact_canonical,erb,erb,pldb,,True,False,False,False,False,True,False,
ERDE,False,,,,,,False,False,False,False,False,False,False,
Erg,True,exact_canonical,erg,erg,pldb,,True,False,False,False,False,False,False,
Ergo,False,,,,,,False,False,False,False,False,False,False,
ERGOL,False,,,,,,False,False,False,False,False,False,False,
ErgoScript,False,,,,,,False,False,False,False,False,False,False,
Erjang,False,,,,,,False,False,False,False,False,False,False,
Erlang,True,exact_canonical,erlang,erlang,linguist;pldb,.app .app.src .erl .es .escript .hrl .xrl .yrl,True,True,False,False,True,True,True,
Erlog,False,,,,,,False,False,False,False,False,False,False,
Es,False,,,,,,False,False,False,False,False,False,False,
Escher,False,,,,,,False,False,False,False,False,False,False,
ESPOL,True,exact_canonical,espol,espol,pldb,,True,False,False,False,False,False,False,
Espresso,False,,,,,,False,False,False,False,False,False,False,
Espruino,False,,,,,,False,False,False,False,False,False,False,
ESQL,False,,,,,,False,False,False,False,False,False,False,
Essence,False,,,,,,False,False,False,False,False,False,False,
Essence Prime,False,,,,,,False,False,False,False,False,False,False,
Estelle,False,,,,,,False,False,False,False,False,False,False,
Esterel,True,exact_canonical,esterel,esterel,pldb,,True,False,False,False,False,False,False,
Eta,True,exact_canonical,eta,eta,esolang;pldb,,True,False,False,True,False,False,False,
Etoys,True,exact_canonical,etoys,etoys,pldb,,True,False,False,False,False,False,False,
Euclid,True,exact_canonical,euclid,euclid,esolang;pldb,,True,False,False,True,False,False,False,
Eukleides,False,,,,,,False,False,False,False,False,False,False,
Euler,True,exact_canonical,euler,euler,esolang;pldb,,True,False,False,True,False,False,True,
EuLisp,True,exact_canonical,eulisp,eulisp,pldb,,True,False,False,False,False,False,False,
Eumel,True,exact_canonical,eumel,eumel,pldb,,True,False,False,False,False,False,False,
Euphoria,True,exact_canonical,euphoria,euphoria,linguist;pldb,.e .ex,True,True,False,False,False,True,True,
EusLisp,False,,,,,,False,False,False,False,False,False,False,eulisp
Eve,True,exact_canonical,eve,eve,pldb,,True,False,False,False,False,False,False,
Event-B,False,,,,,,False,False,False,False,False,False,False,
EventQL,False,,,,,,False,False,False,False,False,False,False,
EViews,False,,,,,,False,False,False,False,False,False,False,
EXAPT,True,exact_canonical,exapt,exapt,pldb;wikipedia,,True,False,True,False,False,False,False,
EXEC,True,exact_canonical,exec,Exec,esolang,,False,False,False,True,False,False,False,
EXEC 2,False,,,,,,False,False,False,False,False,False,False,
EXEC 8,False,,,,,,False,False,False,False,False,False,False,
Exo,False,,,,,,False,False,False,False,False,False,False,
Expect,True,exact_canonical,expect,expect,pldb,,True,False,False,False,False,False,False,
EXPL,False,,,,,,False,False,False,False,False,False,False,
Expresso,True,exact_canonical,expresso,expresso,pldb,,True,False,False,False,False,False,False,
Extempore,True,exact_canonical,extempore,extempore,pldb,,True,False,False,False,False,True,False,
Extended Color BASIC,False,,,,,,False,False,False,False,False,False,False,
Extended ML,False,,,,,,False,False,False,False,False,False,False,
Extended Pascal,False,,,,,,False,False,False,False,False,False,False,extended-pascal
Ezhil,True,exact_canonical,ezhil,ezhil,pldb,,True,False,False,False,False,True,True,
F,True,exact_canonical,f,f,esolang;linguist;pldb,.fst .fsti,True,True,False,True,True,True,True,
F#,True,exact_tool,f-sharp,f-sharp,linguist;pldb,.fs .fsi .fsx,True,True,False,False,True,True,True,
F*,True,exact_tool,f,f,esolang;linguist;pldb,.fst .fsti,True,True,False,True,True,True,True,
F-lite,False,,,,,,False,False,False,False,False,False,False,
F-Logic,False,,,,,,False,False,False,False,False,False,False,
F-Script,True,exact_canonical,f-script,f-script,pldb,,True,False,False,False,False,False,False,
F-star,False,,,,,,False,False,False,False,False,False,False,
Fable,True,exact_canonical,fable,fable,pldb,,True,False,False,False,False,False,False,
FACT,True,exact_canonical,fact,fact,esolang;pldb,,True,False,False,True,False,False,False,
Factor,True,exact_canonical,factor,factor,esolang;linguist;pldb,.factor,True,True,False,True,True,True,True,
Falcon,True,exact_canonical,falcon,falcon,pldb,,True,False,False,False,False,False,True,
False,True,exact_canonical,false,false,esolang;pldb,,True,False,False,True,False,False,True,
Familia,False,,,,,,False,False,False,False,False,False,False,
Fancy,True,exact_canonical,fancy,fancy,linguist;pldb,.fancypack .fy,True,True,False,False,True,True,True,
Fantom,True,exact_canonical,fantom,fantom,linguist;pldb,.fan,True,True,False,False,True,True,True,
FAP,True,exact_canonical,fap,fap,pldb,,True,False,False,False,False,False,False,
FARGO,True,exact_canonical,fargo,Fargo,esolang,,False,False,False,True,False,False,False,
FASM,True,exact_canonical,fasm,FAsm,esolang,,False,False,False,True,False,False,False,
FAUST,True,exact_canonical,faust,faust,linguist;pldb,.dsp,True,True,False,False,True,False,True,
Fay,True,exact_canonical,fay,fay,pldb,,True,False,False,False,False,False,False,
FBSL,False,,,,,,False,False,False,False,False,False,False,
Fe,True,exact_canonical,fe,fe,esolang;pldb,,True,False,False,True,False,False,True,
FeatherweightJava,False,,,,,,False,False,False,False,False,False,False,
FEEL,True,exact_canonical,feel,feel,pldb,,True,False,False,False,False,False,False,
Feldspar,False,,,,,,False,False,False,False,False,False,False,
Feline,False,,,,,,False,False,False,False,False,False,False,
Felix,True,exact_canonical,felix,felix,pldb,,True,False,False,False,False,True,True,
FemtoLisp,True,exact_canonical,femtolisp,femtolisp,pldb,,True,False,False,False,False,False,False,
Fenix,False,,,,,,False,False,False,False,False,False,False,
Fennel,True,exact_canonical,fennel,fennel,linguist;pldb,.fnl,True,True,False,False,False,True,True,
Feral,False,,,,,,False,False,False,False,False,False,False,
Ferite,True,exact_canonical,ferite,ferite,pldb,,True,False,False,False,False,False,True,
Fermat,False,,,,,,False,False,False,False,False,False,False,
Ferret,True,exact_canonical,ferret,ferret,pldb,,True,False,False,False,False,False,False,
Fetlang,True,exact_canonical,fetlang,fetlang,esolang;pldb,,True,False,False,True,False,False,False,
Fexl,False,,,,,,False,False,False,False,False,False,False,
FFP,False,,,,,,False,False,False,False,False,False,False,
FGHC,False,,,,,,False,False,False,False,False,False,False,
Fiacre,False,,,,,,False,False,False,False,False,False,False,
Ficl,False,,,,,,False,False,False,False,False,False,False,
Ficus,False,,,,,,False,False,False,False,False,False,False,
Fift,False,,,,,,False,False,False,False,False,False,False,
Figaro,False,,,,,,False,False,False,False,False,False,False,
Fika,False,,,,,,False,False,False,False,False,False,False,
Filament,False,,,,,,False,False,False,False,False,False,False,
Filterscript,True,exact_canonical,filterscript,filterscript,linguist;pldb,.fs,True,True,False,False,True,True,False,
FiM++,True,exact_canonical,fim-plus-plus,FiM++,esolang,,False,False,False,True,False,False,False,
Finch,False,,,,,,False,False,False,False,False,False,False,
FIRRTL,True,exact_canonical,firrtl,firrtl,linguist;pldb,.fir,True,True,False,False,False,False,False,
Fish,True,exact_canonical,fish,fish,esolang;linguist;pldb,.fish,True,True,False,True,True,True,True,
Fission,True,exact_canonical,fission,Fission,esolang,,False,False,False,True,False,False,False,
FJ,True,exact_canonical,fj,FJ,esolang,,False,False,False,True,False,False,False,
Fjolnir,True,exact_canonical,fjolnir,fjolnir,pldb,,True,False,False,False,False,False,False,
Fjord,False,,,,,,False,False,False,False,False,False,False,
Fjölnir,True,normalized_canonical,fjolnir,fjolnir,pldb,,True,False,False,False,False,False,False,
FKiSS,False,,,,,,False,False,False,False,False,False,False,
Fklang,False,,,,,,False,False,False,False,False,False,False,
FL,True,exact_canonical,fl,fl,esolang;pldb,,True,False,False,True,False,False,False,
FLACC,True,exact_canonical,flacc,flacc,pldb,,True,False,False,False,False,False,False,
FlagShip,True,exact_canonical,flagship,flagship,pldb,,True,False,False,False,False,False,False,
Flapjax,True,exact_canonical,flapjax,flapjax,pldb,,True,False,False,False,False,False,False,
Flat Assembler,False,,,,,,False,False,False,False,False,False,False,
Flat Concurrent Prolog,False,,,,,,False,False,False,False,False,False,False,
FlatAssembler,False,,,,,,False,False,False,False,False,False,False,
FlatBuffers,True,exact_canonical,flatbuffers,flatbuffers,linguist;pldb,.fbs,True,True,False,False,False,False,False,
FlatZinc,False,,,,,,False,False,False,False,False,False,False,
Flavors,True,exact_canonical,flavors,flavors,pldb,,True,False,False,False,False,False,False,
Flex,True,exact_canonical,flex,flex,pldb,,True,False,False,False,False,False,False,
Flint,False,,,,,,False,False,False,False,False,False,False,
FLIP,True,exact_canonical,flip,Flip,esolang,,False,False,False,True,False,False,False,
Flix,True,exact_canonical,flix,flix,linguist;pldb,.flix,True,True,False,False,False,False,False,
FlooP,False,,,,,,False,False,False,False,False,False,False,
Flora-2,False,,,,,,False,False,False,False,False,False,False,
Flow,True,exact_canonical,flow,flow,esolang;pldb,,True,False,False,True,False,False,False,
Flow-based programming,False,,,,,,False,False,False,False,False,False,False,
FLOW-MATIC,True,exact_canonical,flow-matic,flow-matic,pldb,,True,False,False,False,False,False,False,
Flow9,True,exact_canonical,flow9,flow9,pldb,,True,False,False,False,False,False,False,
Flowlog,True,exact_canonical,flowlog,flowlog,pldb,,True,False,False,False,False,False,False,
FLOWTRAN,False,,,,,,False,False,False,False,False,False,False,
FLPL,False,,,,,,False,False,False,False,False,False,False,
Flux,True,exact_canonical,flux,flux,esolang;linguist;pldb,.flux .fx,True,True,False,True,True,False,False,
Fluxus,False,,,,,,False,False,False,False,False,False,False,
FMSLogo,False,,,,,,False,False,False,False,False,False,False,
fn,True,exact_canonical,fn,Fn,esolang,,False,False,False,True,False,False,False,
FOCAL,True,exact_canonical,focal,focal,pldb,,True,False,False,False,False,False,True,
FOCUS,True,exact_canonical,focus,focus,esolang;pldb,,True,False,False,True,False,False,False,
FOIL,True,exact_canonical,foil,foil,pldb,,True,False,False,False,False,False,False,
Folders,True,exact_canonical,folders,Folders,esolang,,False,False,False,True,False,False,False,
Foma,False,,,,,,False,False,False,False,False,False,False,
FORM,False,,,,,,False,False,False,False,False,False,False,
FORMAC,True,exact_canonical,formac,formac,pldb,,True,False,False,False,False,False,False,
Formality,True,exact_canonical,formality,formality,pldb,,True,False,False,False,False,False,False,
FormCalc,False,,,,,,False,False,False,False,False,False,False,
Formulog,False,,,,,,False,False,False,False,False,False,False,
Formura,False,,,,,,False,False,False,False,False,False,False,
Forsp,True,exact_canonical,forsp,forsp,pldb,,True,False,False,False,False,False,False,
Forsythe,False,,,,,,False,False,False,False,False,False,False,
Forth,True,exact_canonical,forth,forth,esolang;linguist;pldb,.4th .f .for .forth .fr .frt .fs .fth,True,True,False,True,True,True,True,
FORTH-83,False,,,,,,False,False,False,False,False,False,False,
Fortran,True,exact_canonical,fortran,fortran,linguist;pldb,.f .f77 .for .fpp,True,True,False,False,True,True,True,
Fortran 2003,False,,,,,,False,False,False,False,False,False,False,
Fortran 2008,False,,,,,,False,False,False,False,False,False,False,
Fortran 2018,False,,,,,,False,False,False,False,False,False,False,
Fortran 2023,False,,,,,,False,False,False,False,False,False,False,
FORTRAN 66,False,,,,,,False,False,False,False,False,False,False,
FORTRAN 77,False,,,,,,False,False,False,False,False,False,False,
Fortran 90,False,,,,,,False,False,False,False,False,False,False,
Fortran 95,False,,,,,,False,False,False,False,False,False,False,
FORTRAN I,False,,,,,,False,False,False,False,False,False,False,
FORTRAN II,False,,,,,,False,False,False,False,False,False,False,
FORTRAN III,False,,,,,,False,False,False,False,False,False,False,
FORTRAN IV,False,,,,,,False,False,False,False,False,False,False,
FORTRANSIT,True,exact_canonical,fortransit,fortransit,pldb,,True,False,False,False,False,False,False,
Fortress,True,exact_canonical,fortress,fortress,pldb,,True,False,False,False,False,False,True,
Forum,False,,,,,,False,False,False,False,False,False,False,
FoxBASE,False,,,,,,False,False,False,False,False,False,False,
FoxDot,False,,,,,,False,False,False,False,False,False,False,
FoxPro,True,exact_canonical,foxpro,foxpro,pldb,,True,False,False,False,False,True,False,
FP,True,exact_canonical,fp,fp,esolang;pldb,,True,False,False,True,False,False,True,
fq,False,,,,,,False,False,False,False,False,False,False,
FQL,True,exact_canonical,fql,fql,pldb,,True,False,False,False,False,False,False,
FRACTRAN,True,exact_canonical,fractran,fractran,esolang;pldb,,True,False,False,True,False,False,False,
Frama-C,False,,,,,,False,False,False,False,False,False,False,
FRAN,True,exact_canonical,fran,fran,pldb,,True,False,False,False,False,False,False,
Frank,True,exact_canonical,frank,frank,pldb,,True,False,False,False,False,False,False,
Franz Lisp,False,,,,,,False,False,False,False,False,False,False,
Free Pascal,False,,,,,,False,False,False,False,False,False,False,
FreeBASIC,True,exact_canonical,freebasic,freebasic,linguist;pldb;wikipedia,.bas .bi,True,True,True,False,False,True,True,
FreeFEM,True,exact_canonical,freefem,freefem,pldb,,True,False,False,False,False,True,False,
FreeFem++,False,,,,,,False,False,False,False,False,False,False,
FreeMarker,True,exact_canonical,freemarker,freemarker,linguist;pldb,.ftl .ftlh,True,True,False,False,True,False,False,
FreeMat,False,,,,,,False,False,False,False,False,False,False,
Frege,True,exact_canonical,frege,frege,linguist;pldb,.fr,True,True,False,False,True,False,True,
Frenetic,True,exact_canonical,frenetic,frenetic,pldb,,True,False,False,False,False,False,False,
FreshML,False,,,,,,False,False,False,False,False,False,False,
FriCAS,False,,,,,,False,False,False,False,False,False,False,
Fril,False,,,,,,False,False,False,False,False,False,False,
Frink,True,exact_canonical,frink,frink,pldb,,True,False,False,False,False,False,True,
FrTime,True,exact_canonical,frtime,frtime,pldb,,True,False,False,False,False,False,False,
FSP,False,,,,,,False,False,False,False,False,False,False,
Full BASIC,False,,,,,,False,False,False,False,False,False,False,
FunC,True,exact_canonical,func,Func,esolang,,False,False,False,True,False,True,False,
Function Block Diagram,False,,,,,,False,False,False,False,False,False,False,
Funge-98,True,exact_canonical,funge-98,Funge-98,esolang,,False,False,False,True,False,False,False,
FunL,True,exact_canonical,funl,funl,pldb,,True,False,False,False,False,False,True,
Funnel,False,,,,,,False,False,False,False,False,False,False,
FunnelWeb,False,,,,,,False,False,False,False,False,False,False,
FunScript,False,,,,,,False,False,False,False,False,False,False,
Futhark,True,exact_canonical,futhark,futhark,linguist;pldb,.fut,True,True,False,False,False,True,True,
FutureBasic,True,exact_canonical,futurebasic,futurebasic,pldb,,True,False,False,False,False,False,True,
Fuzion,False,,,,,,False,False,False,False,False,False,False,
Fuzuli,True,exact_canonical,fuzuli,fuzuli,pldb,,True,False,False,False,False,False,False,
FWEB,False,,,,,,False,False,False,False,False,False,False,
G-code,True,exact_canonical,g-code,g-code,linguist;pldb,.cnc .g .gco .gcode,True,True,False,False,True,True,False,
Galaxy,False,,,,,,False,False,False,False,False,False,False,
GALGAS,False,,,,,,False,False,False,False,False,False,False,
Galileo,True,exact_canonical,galileo,galileo,pldb,,True,False,False,False,False,False,False,
Gallina,False,,,,,,False,False,False,False,False,False,False,
Gambas,True,exact_canonical,gambas,gambas,pldb,,True,False,False,False,False,False,True,
Gambit,False,,,,,,False,False,False,False,False,False,False,
Gambit Scheme,False,,,,,,False,False,False,False,False,False,False,
Game Maker Language,True,exact_tool,game-maker-language,game-maker-language,linguist;pldb,.gml,True,True,False,False,True,False,False,
GameLisp,False,,,,,,False,False,False,False,False,False,False,
GameMaker Language,False,,,,,,False,False,False,False,False,False,False,
GameMonkey,False,,,,,,False,False,False,False,False,False,False,
GameMonkey Script,False,,,,,,False,False,False,False,False,False,False,gamemonkey-script
GAML,True,exact_canonical,gaml,gaml,linguist;pldb,.gaml,True,True,False,False,True,False,False,
Gamma,True,exact_canonical,gamma,Gamma,esolang,,False,False,False,True,False,False,False,
GAMS,True,exact_canonical,gams,gams,linguist;pldb,.gms,True,True,False,False,True,False,False,
GAP,True,exact_canonical,gap,gap,linguist;pldb,.g .gap .gd .gi .tst,True,True,False,False,True,True,True,
Garnet,False,,,,,,False,False,False,False,False,False,False,
GAS,True,exact_canonical,gas,gas,pldb,,True,False,False,False,False,True,False,
GASP,True,exact_canonical,gasp,gasp,pldb,,True,False,False,False,False,False,False,
Gauche,True,exact_canonical,gauche,gauche,pldb,,True,False,False,False,False,False,False,
GAUSS,False,,,,,,False,False,False,False,False,False,False,
GAWK,False,,,,,,False,False,False,False,False,False,False,
gbeta,False,,,,,,False,False,False,False,False,False,False,
GCL,False,,,,,,False,False,False,False,False,False,False,
GDL,True,exact_canonical,gdl,gdl,pldb,,True,False,False,False,False,False,False,
GDLisp,False,,,,,,False,False,False,False,False,False,False,
GDML,False,,,,,,False,False,False,False,False,False,False,
GDScript,True,exact_canonical,gdscript,gdscript,linguist;pldb,.gd,True,True,False,False,True,True,True,
GEDANKEN,True,exact_canonical,gedanken,gedanken,pldb,,True,False,False,False,False,False,False,
GEL,True,exact_canonical,gel,gel,pldb,,True,False,False,False,False,False,False,
Gema,True,exact_canonical,gema,gema,pldb,,True,False,False,False,False,False,True,
GemStone/S,False,,,,,,False,False,False,False,False,False,False,
Gen,False,,,,,,False,False,False,False,False,False,False,
Generic Java,False,,,,,,False,False,False,False,False,False,False,
Genero,True,exact_canonical,genero,genero,pldb,,True,False,False,False,False,False,False,
GeneXus,True,exact_canonical,genexus,genexus,pldb,,True,False,False,False,False,False,False,
Genie,True,exact_canonical,genie,genie,linguist;pldb,.gs,True,True,False,False,True,True,True,
Genius,False,,,,,,False,False,False,False,False,False,False,
Genshi,True,exact_canonical,genshi,genshi,linguist;pldb,.kid,True,True,False,False,True,True,False,
Genstat,True,exact_canonical,genstat,genstat,pldb,,True,False,False,False,False,False,False,
Gentee,True,exact_canonical,gentee,gentee,pldb,,True,False,False,False,False,False,True,
GENTLE,False,,,,,,False,False,False,False,False,False,False,
Genyris,False,,,,,,False,False,False,False,False,False,False,
GEORGE,True,exact_canonical,george,george,pldb,,True,False,False,False,False,False,True,
GEORGE 1,False,,,,,,False,False,False,False,False,False,False,
GEORGE 2,False,,,,,,False,False,False,False,False,False,False,
GEORGE 3,False,,,,,,False,False,False,False,False,False,False,
GEORGE 4,False,,,,,,False,False,False,False,False,False,False,
GEORGE 5,False,,,,,,False,False,False,False,False,False,False,
Gerbil,True,exact_canonical,gerbil,gerbil,esolang;pldb,,True,False,False,True,False,False,True,
GF,True,exact_alias,grammatical-framework,grammatical-framework,linguist;pldb,.gf,True,True,False,False,True,False,False,
GFA BASIC,False,,,,,,False,False,False,False,False,False,False,
GFL,False,,,,,,False,False,False,False,False,False,False,
Gforth,True,exact_canonical,gforth,gforth,pldb,,True,False,False,False,False,False,False,
GHC,True,exact_canonical,ghc,ghc,pldb,,True,False,False,False,False,False,False,
Gherkin,True,exact_canonical,gherkin,gherkin,linguist;pldb,.feature .story,True,True,False,False,True,True,False,
Giac,False,,,,,,False,False,False,False,False,False,False,
Gibber,False,,,,,,False,False,False,False,False,False,False,
Gibbon,False,,,,,,False,False,False,False,False,False,False,
Gibiane,False,,,,,,False,False,False,False,False,False,False,
GIER ALGOL,False,,,,,,False,False,False,False,False,False,False,
Ginger,False,,,,,,False,False,False,False,False,False,False,
Giotto,True,exact_canonical,giotto,giotto,pldb,,True,False,False,False,False,False,False,
GJ,False,,,,,,False,False,False,False,False,False,False,
Gjs,True,exact_alias,glimmer-js,Glimmer JS,linguist,.gjs,False,True,False,False,False,False,False,
Glasgow Parallel Haskell,False,,,,,,False,False,False,False,False,False,False,
Glass,True,exact_canonical,glass,Glass,esolang,,False,False,False,True,False,False,False,
GLBasic,True,exact_canonical,glbasic,glbasic,pldb,,True,False,False,False,False,False,True,
Gleam,True,exact_canonical,gleam,gleam,linguist;pldb,.gleam,True,True,False,False,False,True,True,
Glee,False,,,,,,False,False,False,False,False,False,False,
Glicol,True,exact_canonical,glicol,glicol,pldb,,True,False,False,False,False,False,False,
GLIM,False,,,,,,False,False,False,False,False,False,False,
Glish,True,exact_canonical,glish,glish,pldb,,True,False,False,False,False,False,False,
Glossa,False,,,,,,False,False,False,False,False,False,False,
Glow,False,,,,,,False,False,False,False,False,False,False,
GLSL,True,exact_canonical,glsl,glsl,linguist;pldb,.fp .frag .frg .fs .fsh .fshader .geo .geom .glsl .glslf .glslv .gs .gshader .rchit .rmiss .shader .tesc .tese .vert .vrx .vs .vsh .vshader,True,True,False,False,True,True,True,
Glulx,False,,,,,,False,False,False,False,False,False,False,
Gluon,True,exact_canonical,gluon,gluon,pldb,,True,False,False,False,False,False,False,
Glyph,True,exact_canonical,glyph,glyph,linguist;pldb,.glf,True,True,False,False,True,False,False,
GML,True,exact_canonical,gml,GML,esolang,,False,False,False,True,False,False,True,
GMPL,False,,,,,,False,False,False,False,False,False,False,
GN,True,exact_canonical,gn,GN,linguist,.gn .gni,False,True,False,False,True,False,False,
GNU APL,False,,,,,,False,False,False,False,False,False,False,
GNU Guile,False,,,,,,False,False,False,False,False,False,False,
GNU MathProg,False,,,,,,False,False,False,False,False,False,False,
GNU Octave,False,,,,,,False,False,False,False,False,False,False,
GNU Pascal,False,,,,,,False,False,False,False,False,False,False,
GNU Poke,False,,,,,,False,False,False,False,False,False,False,
GNU Prolog,False,,,,,,False,False,False,False,False,False,False,
GNU Smalltalk,False,,,,,,False,False,False,False,False,False,False,
GnuCOBOL,False,,,,,,False,False,False,False,False,False,False,
Gnuplot,True,exact_canonical,gnuplot,gnuplot,linguist;pldb,.gnu .gnuplot .gp .p .plot .plt,True,True,False,False,True,True,True,
Go,True,exact_canonical,go,go,linguist;pldb,.go,True,True,False,False,True,True,True,
Go!,True,exact_tool,go,go,linguist;pldb,.go,True,True,False,False,True,True,True,
Go+,False,,,,,,False,False,False,False,False,False,False,
GOAL,True,exact_canonical,goal,goal,pldb,,True,False,False,False,False,False,False,
Goaldi,False,,,,,,False,False,False,False,False,False,False,
Goat,False,,,,,,False,False,False,False,False,False,False,
Gobra,False,,,,,,False,False,False,False,False,False,False,
Gobstones,False,,,,,,False,False,False,False,False,False,False,
Goby,True,exact_canonical,goby,goby,pldb,,True,False,False,False,False,False,False,
Goedel,False,,,,,,False,False,False,False,False,False,False,
Gofer,True,exact_canonical,gofer,gofer,pldb,,True,False,False,False,False,False,False,
GolfScript,True,exact_canonical,golfscript,golfscript,esolang;pldb,,True,False,False,True,False,False,True,
Golo,True,exact_canonical,golo,golo,linguist;pldb,.golo,True,True,False,False,True,True,True,
Golog,True,exact_canonical,golog,golog,pldb;wikipedia,,True,False,True,False,False,False,False,
Goo,False,,,,,,False,False,False,False,False,False,False,
Goose,True,exact_canonical,goose,goose,pldb,,True,False,False,False,False,False,False,
GorillaScript,True,exact_canonical,gorillascript,gorillascript,pldb,,True,False,False,False,False,False,False,
Gosu,True,exact_canonical,gosu,gosu,linguist;pldb,.gs .gst .gsx .vark,True,True,False,False,True,True,True,
GOTRAN,False,,,,,,False,False,False,False,False,False,False,
GP,True,exact_canonical,gp,gp,esolang;pldb,,True,False,False,True,False,False,False,
GP2,False,,,,,,False,False,False,False,False,False,False,
GPH,False,,,,,,False,False,False,False,False,False,False,
GPM,False,,,,,,False,False,False,False,False,False,False,
GPP,False,,,,,,False,False,False,False,False,False,False,
GPSS,True,exact_canonical,gpss,gpss,pldb,,True,False,False,False,False,False,False,
GPSS/360,False,,,,,,False,False,False,False,False,False,False,
GPSS/H,False,,,,,,False,False,False,False,False,False,False,
GQL,True,exact_canonical,gql,gql,pldb,,True,False,False,False,False,False,False,
Grace,True,exact_canonical,grace,grace,linguist;pldb,.grace,True,True,False,False,True,False,False,
GrADS,False,,,,,,False,False,False,False,False,False,False,
Grain,True,exact_canonical,grain,grain,esolang;pldb,,True,False,False,True,False,False,True,
Grammatical Framework,True,exact_tool,grammatical-framework,grammatical-framework,linguist;pldb,.gf,True,True,False,False,True,False,False,
Granule,False,,,,,,False,False,False,False,False,False,False,
GRAP,False,,,,,,False,False,False,False,False,False,False,
GraphQL,True,exact_canonical,graphql,GraphQL,linguist,.gql .graphql .graphqls,False,True,False,False,True,True,False,
GRASS,True,exact_canonical,grass,grass,esolang;pldb,,True,False,False,True,False,False,False,
Gravity,True,exact_canonical,gravity,gravity,esolang;pldb,,True,False,False,True,False,False,False,
Gremlin,True,exact_canonical,gremlin,gremlin,pldb,,True,False,False,False,False,False,False,
Gren,True,exact_canonical,gren,gren,pldb,,True,False,False,False,False,False,False,
GReQL,False,,,,,,False,False,False,False,False,False,False,
Gri,False,,,,,,False,False,False,False,False,False,False,
Gringo,False,,,,,,False,False,False,False,False,False,False,
Gro,False,,,,,,False,False,False,False,False,False,False,
GROFF,True,exact_canonical,groff,groff,pldb,,True,False,False,False,False,True,False,
Groovy,True,exact_canonical,groovy,groovy,linguist;pldb,.groovy .grt .gtpl .gvy,True,True,False,False,True,True,True,
Groq,False,,,,,,False,False,False,False,False,False,False,
GSL,False,,,,,,False,False,False,False,False,False,False,
GSP,True,exact_alias,groovy-server-pages,groovy-server-pages,linguist;pldb,.gsp,True,True,False,False,True,True,False,
GSQL,True,exact_canonical,gsql,gsql,pldb,,True,False,False,False,False,True,False,
GT.M,False,,,,,,False,False,False,False,False,False,False,
Guarded Command Language,False,,,,,,False,False,False,False,False,False,False,
Guarded Horn Clauses,False,,,,,,False,False,False,False,False,False,False,
Guile,True,exact_canonical,guile,guile,pldb,,True,False,False,False,False,False,True,
Gura,True,exact_canonical,gura,gura,pldb,,True,False,False,False,False,False,False,
Guru,True,exact_canonical,guru,guru,pldb,,True,False,False,False,False,False,False,
GW-BASIC,True,exact_canonical,gw-basic,gw-basic,pldb,,True,False,False,False,False,False,True,
Gwion,True,exact_canonical,gwion,gwion,pldb,,True,False,False,False,False,False,False,
Gwydion Dylan,False,,,,,,False,False,False,False,False,False,False,
Gypsy,True,exact_canonical,gypsy,gypsy,pldb,,True,False,False,False,False,False,False,
Gödel,True,normalized_canonical,godel,godel,pldb,,True,False,False,False,False,False,False,
Habanero,False,,,,,,False,False,False,False,False,False,False,
Habanero Java,False,,,,,,False,False,False,False,False,False,False,
Habit,True,exact_canonical,habit,habit,pldb,,True,False,False,False,False,False,False,
Hack,True,exact_canonical,hack,hack,linguist;pldb,.hack .hh .hhi .php,True,True,False,False,True,True,True,
Hackett,True,exact_canonical,hackett,hackett,pldb,,True,False,False,False,False,False,False,
HAGGIS,True,exact_canonical,haggis,haggis,pldb,,True,False,False,False,False,False,False,
Hakaru,True,exact_canonical,hakaru,hakaru,pldb,,True,False,False,False,False,False,False,
HAL,False,,,,,,False,False,False,False,False,False,False,
HAL/S,False,,,,,,False,False,False,False,False,False,False,
Halide,True,exact_canonical,halide,halide,pldb,,True,False,False,False,False,False,False,
Halon,False,,,,,,False,False,False,False,False,False,False,
Hamilton C shell,False,,,,,,False,False,False,False,False,False,False,
HAML,True,exact_canonical,haml,haml,linguist;pldb,.haml .haml.deface,True,True,False,False,True,True,False,
Hamler,True,exact_canonical,hamler,hamler,pldb,,True,False,False,False,False,False,False,
Hamlet,False,,,,,,False,False,False,False,False,False,False,
Handel-C,True,exact_canonical,handel-c,handel-c,pldb,,True,False,False,False,False,False,False,
Handlebars,True,exact_canonical,handlebars,handlebars,linguist;pldb,.handlebars .hbs,True,True,False,False,True,True,False,
Hansl,False,,,,,,False,False,False,False,False,False,False,
Harbor,False,,,,,,False,False,False,False,False,False,False,harbour
Harbour,True,exact_canonical,harbour,harbour,linguist;pldb,.hb,True,True,False,False,True,False,True,
HardCaml,False,,,,,,False,False,False,False,False,False,False,
Hare,True,exact_canonical,hare,hare,linguist;pldb,.ha,True,True,False,False,False,True,True,
Harlan,True,exact_canonical,harlan,harlan,pldb,,True,False,False,False,False,False,False,
Harmony,False,,,,,,False,False,False,False,False,False,False,
HashLink,True,exact_canonical,hashlink,hashlink,pldb,,True,False,False,False,False,False,False,
Haskell,True,exact_canonical,haskell,haskell,esolang;linguist;pldb,.hs .hs-boot .hsc,True,True,False,True,True,True,True,
Hassium,False,,,,,,False,False,False,False,False,False,False,
Haxe,True,exact_canonical,haxe,haxe,linguist;pldb;wikipedia,.hx .hxsl,True,True,True,False,True,True,True,
Haxl,False,,,,,,False,False,False,False,False,False,False,
Hazel,True,exact_canonical,hazel,hazel,pldb,,True,False,False,False,False,False,False,
HCL,True,exact_canonical,hcl,hcl,linguist;pldb,.hcl .nomad .tf .tfvars .tofu .workflow,True,True,False,False,True,True,True,
Headache,False,,,,,,False,False,False,False,False,False,False,
Hecl,True,exact_canonical,hecl,hecl,pldb,,True,False,False,False,False,False,False,
Hedy,True,exact_canonical,hedy,hedy,pldb,,True,False,False,False,False,False,False,
Helios,True,exact_canonical,helios,Helios,esolang,,False,False,False,True,False,False,False,
Helium,True,exact_canonical,helium,helium,pldb,,True,False,False,False,False,False,False,
Heptagon,False,,,,,,False,False,False,False,False,False,False,
Hermes,True,exact_canonical,hermes,hermes,pldb,,True,False,False,False,False,False,False,
Heron,True,exact_canonical,heron,heron,pldb,,True,False,False,False,False,False,True,
Heta,False,,,,,,False,False,False,False,False,False,False,
HetCASL,False,,,,,,False,False,False,False,False,False,False,
Hexagony,True,exact_canonical,hexagony,hexagony,esolang;pldb,,True,False,False,True,False,False,False,
HHDL,False,,,,,,False,False,False,False,False,False,False,
HicEst,False,,,,,,False,False,False,False,False,False,False,
High Level Assembly,False,,,,,,False,False,False,False,False,False,False,
High Performance Fortran,False,,,,,,False,False,False,False,False,False,False,
HiLog,False,,,,,,False,False,False,False,False,False,False,
HIP,True,exact_canonical,hip,HIP,linguist,.hip,False,True,False,False,False,False,False,
HipHop,False,,,,,,False,False,False,False,False,False,False,
HipHop.js,False,,,,,,False,False,False,False,False,False,False,
Hissp,False,,,,,,False,False,False,False,False,False,False,
HiTalk,False,,,,,,False,False,False,False,False,False,False,
Hive,True,exact_canonical,hive,Hive,esolang,,False,False,False,True,False,False,False,
HiveQL,True,exact_canonical,hiveql,hiveql,linguist;pldb,.hql .q,True,True,False,False,True,False,False,
HJSON,True,exact_canonical,hjson,hjson,pldb,,True,False,False,False,False,False,False,
HLA,True,exact_canonical,hla,hla,pldb,,True,False,False,False,False,False,True,
HLASM,True,exact_canonical,hlasm,hlasm,pldb,,True,False,False,False,False,False,False,
HLisp,False,,,,,,False,False,False,False,False,False,False,
HLPSL,False,,,,,,False,False,False,False,False,False,False,
HLSL,True,exact_canonical,hlsl,hlsl,linguist;pldb,.cginc .fx .fxh .hlsl .hlsli,True,True,False,False,True,True,False,
HMSL,True,exact_canonical,hmsl,hmsl,pldb,,True,False,False,False,False,False,False,
Hobbes,True,exact_canonical,hobbes,hobbes,pldb,,True,False,False,False,False,False,True,
HOCON,True,exact_canonical,hocon,hocon,linguist;pldb,.hocon,True,True,False,False,False,False,False,
Hodor,True,exact_canonical,hodor,hodor,esolang;pldb,,True,False,False,True,False,False,False,
HOL,True,exact_canonical,hol,hol,esolang;pldb,,True,False,False,True,False,False,False,
HOL Light,False,,,,,,False,False,False,False,False,False,False,
HOL4,False,,,,,,False,False,False,False,False,False,False,
Hollywood,False,,,,,,False,False,False,False,False,False,False,
HolyC,True,exact_canonical,holyc,holyc,linguist;pldb,.hc,True,True,False,False,True,False,True,
Homespring,True,exact_canonical,homespring,homespring,esolang;pldb,,True,False,False,True,False,False,False,
Honu,True,exact_canonical,honu,honu,pldb,,True,False,False,False,False,False,False,
Hook,True,exact_canonical,hook,hook,pldb,,True,False,False,False,False,False,False,
Hoon,True,exact_canonical,hoon,hoon,esolang;linguist;pldb,.hoon,True,True,False,True,False,False,True,
Hop,True,exact_canonical,hop,hop,pldb,,True,False,False,False,False,False,False,
Hope,True,exact_canonical,hope,hope,pldb,,True,False,False,False,False,False,True,
Hopper,True,exact_tool,whopper,Whopper,esolang,,False,False,False,True,False,False,True,
Hopscotch,True,exact_canonical,hopscotch,hopscotch,esolang;pldb,,True,False,False,True,False,False,False,
Horse64,True,exact_canonical,horse64,horse64,pldb,,True,False,False,False,False,False,False,
Hot Soup Processor,False,,,,,,False,False,False,False,False,False,False,
HP BASIC,False,,,,,,False,False,False,False,False,False,False,
HP PPL,False,,,,,,False,False,False,False,False,False,False,
HP-GL,True,exact_canonical,hp-gl,hp-gl,pldb,,True,False,False,False,False,False,False,
HPF,False,,,,,,False,False,False,False,False,False,False,
HQ9+,True,exact_canonical,hq9+,HQ9+,esolang,,False,False,False,True,False,False,True,
HQ9++,True,exact_canonical,hq9-plus-plus,HQ9++,esolang,,False,False,False,True,False,False,False,
HQL,False,,,,,,False,False,False,False,False,False,False,
HSP,False,,,,,,False,False,False,False,False,False,False,
HTML,True,exact_canonical,html,html,linguist;pldb,.hta .htm .html .html.hl .inc .xht .xhtml,True,True,False,False,True,True,False,
Huff,False,,,,,,False,False,False,False,False,False,False,
Huginn,True,exact_canonical,huginn,huginn,pldb,,True,False,False,False,False,False,True,
Hugo,True,exact_canonical,hugo,hugo,pldb,,True,False,False,False,False,False,False,
Hugs,False,,,,,,False,False,False,False,False,False,False,
Humbug,False,,,,,,False,False,False,False,False,False,False,
Hume,False,,,,,,False,False,False,False,False,False,False,
Humus,False,,,,,,False,False,False,False,False,False,False,
Hush,True,exact_canonical,hush,hush,pldb,,True,False,False,False,False,False,False,
Husk,True,exact_canonical,husk,Husk,esolang,,False,False,False,True,False,False,False,
HVM,True,exact_canonical,hvm,hvm,pldb,,True,False,False,False,False,False,False,
HVML,False,,,,,,False,False,False,False,False,False,False,
HXSL,False,,,,,,False,False,False,False,False,False,False,
Hy,True,exact_canonical,hy,hy,linguist;pldb,.hy,True,True,False,False,True,True,True,
Hydra,False,,,,,,False,False,False,False,False,False,False,
Hylo,False,,,,,,False,False,False,False,False,False,False,
Hyperscript,True,exact_canonical,hyperscript,hyperscript,pldb,,True,False,False,False,False,False,False,
HyperTalk,True,exact_canonical,hypertalk,hypertalk,pldb,,True,False,False,False,False,False,True,
HyPhy,True,exact_canonical,hyphy,hyphy,linguist;pldb,.bf,True,True,False,False,True,True,False,
IA-64 Assembly,False,,,,,,False,False,False,False,False,False,False,
IAL,True,exact_canonical,ial,ial,pldb,,True,False,False,False,False,False,False,
IBM 1130 Assembly,False,,,,,,False,False,False,False,False,False,False,
IBM 1401 Assembly,False,,,,,,False,False,False,False,False,False,False,
IBM 1401 Autocoder,False,,,,,,False,False,False,False,False,False,False,
IBM 1620 Assembly,False,,,,,,False,False,False,False,False,False,False,
IBM 360 Assembly,False,,,,,,False,False,False,False,False,False,False,
IBM 370 Assembly,False,,,,,,False,False,False,False,False,False,False,
IBM 650 Assembly,False,,,,,,False,False,False,False,False,False,False,
IBM 704 Assembly,False,,,,,,False,False,False,False,False,False,False,
IBM 705 Assembly,False,,,,,,False,False,False,False,False,False,False,
IBM 709 Assembly,False,,,,,,False,False,False,False,False,False,False,
IBM 7090 Assembly,False,,,,,,False,False,False,False,False,False,False,
IBM RPG,False,,,,,,False,False,False,False,False,False,False,
Ice,False,,,,,,False,False,False,False,False,False,False,
Iced CoffeeScript,False,,,,,,False,False,False,False,False,False,False,icedcoffeescript
IcedCoffeeScript,True,exact_canonical,icedcoffeescript,icedcoffeescript,pldb,,True,False,False,False,False,False,False,
Ichiban Prolog,False,,,,,,False,False,False,False,False,False,False,
ICI,True,exact_canonical,ici,ici,pldb,,True,False,False,False,False,False,False,
Icon,True,exact_canonical,icon,icon,pldb,,True,False,False,False,False,True,True,
Id,True,exact_canonical,id,id,pldb,,True,False,False,False,False,False,False,
IDC,False,,,,,,False,False,False,False,False,False,False,
IDEAL,False,,,,,,False,False,False,False,False,False,False,
Idio,True,exact_canonical,idio,idio,pldb,,True,False,False,False,False,False,False,
IDL,True,exact_canonical,idl,idl,linguist;pldb,.dlm .pro,True,True,False,False,True,True,True,
Idol,False,,,,,,False,False,False,False,False,False,False,
Idris,True,exact_canonical,idris,idris,linguist;pldb,.idr .lidr,True,True,False,False,True,True,True,
Idris 1,False,,,,,,False,False,False,False,False,False,False,
Idris 2,False,,,,,,False,False,False,False,False,False,False,
Idris2,False,,,,,,False,False,False,False,False,False,False,
Idyll,False,,,,,,False,False,False,False,False,False,False,
IEML,False,,,,,,False,False,False,False,False,False,False,
IF/Prolog,False,,,,,,False,False,False,False,False,False,False,
iForth,False,,,,,,False,False,False,False,False,False,False,FIFOrth
IFTRAN,False,,,,,,False,False,False,False,False,False,False,
Igor Pro,True,exact_tool,igor-pro,igor-pro,linguist;pldb,.ipf,True,True,False,False,True,True,False,
IITRAN,True,exact_canonical,iitran,iitran,pldb,,True,False,False,False,False,False,False,
Ikarus,True,exact_canonical,ikarus,ikarus,pldb,,True,False,False,False,False,False,False,
Imandra,True,exact_canonical,imandra,imandra,pldb,,True,False,False,False,False,False,False,
Imba,True,exact_canonical,imba,imba,linguist;pldb,.imba,True,True,False,False,False,False,False,
IMP,True,exact_canonical,imp,imp,pldb,,True,False,False,False,False,False,False,
Impala,True,exact_canonical,impala,impala,pldb,,True,False,False,False,False,False,False,
ImplicitCAD,False,,,,,,False,False,False,False,False,False,False,
Impromptu,False,,,,,,False,False,False,False,False,False,False,
incr Tcl,False,,,,,,False,False,False,False,False,False,False,
InfluxQL,False,,,,,,False,False,False,False,False,False,False,
Inform,True,exact_canonical,inform,inform,pldb,,True,False,False,False,False,False,False,
Inform 0,False,,,,,,False,False,False,False,False,False,False,
Inform 1,False,,,,,,False,False,False,False,False,False,False,
Inform 2,False,,,,,,False,False,False,False,False,False,False,
Inform 3,False,,,,,,False,False,False,False,False,False,False,
Inform 4,False,,,,,,False,False,False,False,False,False,False,
Inform 5,False,,,,,,False,False,False,False,False,False,False,
Inform 6,False,,,,,,False,False,False,False,False,False,False,
Inform 7,True,exact_canonical,inform-7,Inform 7,linguist,.i7x .ni,False,True,False,False,True,True,True,
Informix 4GL,False,,,,,,False,False,False,False,False,False,False,
Informix-4GL,False,,,,,,False,False,False,False,False,False,False,
Ingres QUEL,False,,,,,,False,False,False,False,False,False,False,
Ink,True,exact_canonical,ink,ink,linguist;pldb,.ink,True,True,False,False,False,False,False,
Ink!,True,normalized_canonical,ink,ink,linguist;pldb,.ink,True,True,False,False,False,False,False,
Inkling,False,,,,,,False,False,False,False,False,False,False,
Inko,True,exact_canonical,inko,inko,pldb,,True,False,False,False,False,False,True,
Inno Script,False,,,,,,False,False,False,False,False,False,False,
Inno Setup,True,exact_tool,inno-setup,inno-setup,linguist;pldb,.isl .iss,True,True,False,False,True,False,False,
Insitux,True,exact_canonical,insitux,insitux,pldb,,True,False,False,False,False,False,True,
Instruction List,False,,,,,,False,False,False,False,False,False,False,instruction-list
Integer BASIC,True,exact_tool,integer-basic,integer-basic,pldb,,True,False,False,False,False,False,True,
Intel 4004 Assembly,False,,,,,,False,False,False,False,False,False,False,
Interactive C,False,,,,,,False,False,False,False,False,False,False,
INTERCAL,True,exact_canonical,intercal,intercal,esolang;pldb,,True,False,False,True,False,False,True,
Interlisp,True,exact_canonical,interlisp,interlisp,pldb,,True,False,False,False,False,False,False,
Io,True,exact_canonical,io,io,linguist;pldb,.io,True,True,False,False,True,True,True,
Ioke,True,exact_canonical,ioke,ioke,linguist;pldb,.ik,True,True,False,False,True,True,True,
Ion,False,,,,,,False,False,False,False,False,False,False,
Ion Shell,False,,,,,,False,False,False,False,False,False,False,
Iota,True,exact_canonical,iota,iota,esolang;pldb,,True,False,False,True,False,False,False,
IPDL,False,,,,,,False,False,False,False,False,False,False,
IPL,False,,,,,,False,False,False,False,False,False,False,
IPL-I,False,,,,,,False,False,False,False,False,False,False,
IPL-II,False,,,,,,False,False,False,False,False,False,False,
IPL-III,False,,,,,,False,False,False,False,False,False,False,
IPL-IV,False,,,,,,False,False,False,False,False,False,False,
IPL-V,True,exact_canonical,ipl-v,ipl-v,pldb,,True,False,False,False,False,False,False,
IPL-VI,False,,,,,,False,False,False,False,False,False,False,
IPTSCRAE,True,exact_canonical,iptscrae,iptscrae,pldb,,True,False,False,False,False,False,True,
IPython,False,,,,,,False,False,False,False,False,False,False,Python
Irken,False,,,,,,False,False,False,False,False,False,False,
IronPython,False,,,,,,False,False,False,False,False,False,False,
IronRuby,False,,,,,,False,False,False,False,False,False,False,
IronScheme,False,,,,,,False,False,False,False,False,False,False,
IS-BASIC,False,,,,,,False,False,False,False,False,False,False,
Isabelle,True,exact_canonical,isabelle,isabelle,linguist;pldb,.thy,True,True,False,False,True,True,True,
Isar,False,,,,,,False,False,False,False,False,False,False,
ISBL,True,exact_canonical,isbl,isbl,pldb,,True,False,False,False,False,False,False,
ISETL,True,exact_canonical,isetl,isetl,pldb,,True,False,False,False,False,False,False,
ISLISP,True,exact_canonical,islisp,islisp,pldb,,True,False,False,False,False,False,False,
ISPC,True,exact_canonical,ispc,ISPC,linguist,.ispc,False,True,False,False,False,False,False,
ISWIM,True,exact_canonical,iswim,iswim,pldb,,True,False,False,False,False,False,False,
IT,True,exact_canonical,it,it,pldb,,True,False,False,False,False,False,False,
Ivory,True,exact_canonical,ivory,Ivory,esolang,,False,False,False,True,False,False,False,
Ivy,True,exact_canonical,ivy,ivy,pldb,,True,False,False,False,False,False,False,
IWIM,False,,,,,,False,False,False,False,False,False,False,
ixi lang,False,,,,,,False,False,False,False,False,False,False,
IXML,True,exact_canonical,ixml,ixml,pldb,,True,False,False,False,False,False,False,
J,True,exact_canonical,j,j,esolang;linguist;pldb,.ijs,True,True,False,True,True,True,True,
J#,False,,,,,,False,False,False,False,False,False,False,jsharp
Jac,True,exact_canonical,jac,Jac,linguist,.jac,False,True,False,False,False,False,False,
Jack,False,,,,,,False,False,False,False,False,False,False,
Jacl,True,exact_canonical,jacl,jacl,pldb,,True,False,False,False,False,False,False,
JADE,True,exact_canonical,jade,jade,pldb,,True,False,False,False,False,True,False,
Jael,False,,,,,,False,False,False,False,False,False,False,
JAGS,False,,,,,,False,False,False,False,False,False,False,
Jai,True,exact_canonical,jai,jai,linguist;pldb,.jai,True,True,False,False,False,False,False,
Jakt,True,exact_canonical,jakt,jakt,pldb,,True,False,False,False,False,False,True,
JAL,False,,,,,,False,False,False,False,False,False,False,
Jam,False,,,,,,False,False,False,False,False,False,False,
Jancy,False,,,,,,False,False,False,False,False,False,False,
Janet,True,exact_canonical,janet,janet,linguist;pldb,.janet,True,True,False,False,False,True,True,
Jank,True,exact_canonical,jank,jank,pldb,,True,False,False,False,False,False,False,
Janus,True,exact_canonical,janus,Janus,esolang,,False,False,False,True,False,False,False,
JAPE,False,,,,,,False,False,False,False,False,False,False,
Japt,True,exact_canonical,japt,Japt,esolang,,False,False,False,True,False,False,False,
JAQAL,False,,,,,,False,False,False,False,False,False,False,
Jaql,False,,,,,,False,False,False,False,False,False,False,
Jasmin,True,exact_canonical,jasmin,jasmin,linguist;pldb,.j,True,True,False,False,True,True,False,
Jason,False,,,,,,False,False,False,False,False,False,False,
JASS,True,exact_canonical,jass,jass,pldb,,True,False,False,False,False,False,False,
Java,True,exact_canonical,java,java,esolang;linguist;pldb,.jav .java .jsh,True,True,False,True,True,True,True,
JavaFX Script,True,exact_tool,javafx-script,javafx-script,pldb,,True,False,False,False,False,False,True,
JavaScript,True,exact_canonical,javascript,javascript,linguist;pldb;wikipedia,._js .bones .cjs .es .es6 .frag .gs .jake .javascript .js .jsb .jscad .jsfl .jslib .jsm .jspre .jss .jsx .mjs .njs .pac .sjs .ssjs .xsjs .xsjslib,True,True,True,False,True,True,True,
jBASE,False,,,,,,False,False,False,False,False,False,False,
JCL,True,exact_canonical,jcl,jcl,linguist;pldb,.jcl,True,True,False,False,False,True,True,
JCSP,False,,,,,,False,False,False,False,False,False,False,
JDL,False,,,,,,False,False,False,False,False,False,False,
JEAN,True,exact_canonical,jean,jean,pldb,,True,False,False,False,False,False,False,
Jelly,True,exact_canonical,jelly,jelly,esolang;pldb,,True,False,False,True,False,False,False,
Jeroo,False,,,,,,False,False,False,False,False,False,False,
JESS,False,,,,,,False,False,False,False,False,False,False,
JFlex,True,exact_canonical,jflex,jflex,linguist;pldb,.flex .jflex,True,True,False,False,True,False,False,
JHDL,False,,,,,,False,False,False,False,False,False,False,
Jif,False,,,,,,False,False,False,False,False,False,False,
Jim Tcl,False,,,,,,False,False,False,False,False,False,False,
Jinja,True,exact_canonical,jinja,jinja,linguist;pldb,.j2 .jinja .jinja2,True,True,False,False,True,True,True,
Jinx,True,exact_canonical,jinx,jinx,pldb,,True,False,False,False,False,False,False,
JJ,True,normalized_canonical,jj,›*&«&^Jj,esolang,,False,False,False,True,False,False,False,
jLOS,True,exact_canonical,jlos,JLOS,esolang,,False,False,False,True,False,False,False,
JMESPath,True,exact_canonical,jmespath,jmespath,pldb,,True,False,False,False,False,True,False,
JML,False,,,,,,False,False,False,False,False,False,False,
JoCaml,False,,,,,,False,False,False,False,False,False,False,
Join Java,False,,,,,,False,False,False,False,False,False,False,
Joker,True,exact_canonical,joker,joker,pldb,,True,False,False,False,False,False,False,
Jolie,True,exact_canonical,jolie,jolie,linguist;pldb,.iol .ol,True,True,False,False,True,False,False,
JOLT,False,,,,,,False,False,False,False,False,False,False,
Jorth,False,,,,,,False,False,False,False,False,False,False,
JOSS,True,exact_canonical,joss,joss,pldb,,True,False,False,False,False,False,False,
JOSS I,False,,,,,,False,False,False,False,False,False,False,
JOSS II,False,,,,,,False,False,False,False,False,False,False,
JOSS III,False,,,,,,False,False,False,False,False,False,False,
JOSS IV,False,,,,,,False,False,False,False,False,False,False,
Jot,True,exact_canonical,jot,Jot,esolang,,False,False,False,True,False,False,False,
Jou,False,,,,,,False,False,False,False,False,False,False,
Joule,True,exact_canonical,joule,joule,pldb,,True,False,False,False,False,False,False,
JOVIAL,True,exact_canonical,jovial,jovial,pldb,,True,False,False,False,False,False,True,
JOVIAL J3,False,,,,,,False,False,False,False,False,False,False,
JOVIAL J73,False,,,,,,False,False,False,False,False,False,False,
Joxa,False,,,,,,False,False,False,False,False,False,False,
Joy,True,exact_canonical,joy,joy,esolang;pldb,,True,False,False,True,False,False,True,
Joyce,True,exact_canonical,joyce,joyce,pldb,,True,False,False,False,False,False,False,
JPQL,False,,,,,,False,False,False,False,False,False,False,
JPython,False,,,,,,False,False,False,False,False,False,False,Python;jython
Jq,True,exact_canonical,jq,jq,esolang;linguist;pldb,.jq,True,True,False,True,False,False,True,
JR,True,exact_canonical,jr,jr,esolang;pldb,,True,False,False,True,False,False,False,
JRuby,True,exact_canonical,jruby,jruby,pldb,,True,False,False,False,False,False,False,
JScheme,False,,,,,,False,False,False,False,False,False,False,scheme
JScript,True,exact_canonical,jscript,jscript,pldb,,True,False,False,False,False,False,False,
JScript .NET,False,,,,,,False,False,False,False,False,False,False,
JScript.NET,False,,,,,,False,False,False,False,False,False,False,
JSFuck,True,exact_canonical,jsfuck,JSFuck,esolang,,False,False,False,True,False,False,False,
JSFX,False,,,,,,False,False,False,False,False,False,False,
Jsish,False,,,,,,False,False,False,False,False,False,False,
JSL,True,exact_canonical,jsl,jsl,pldb,,True,False,False,False,False,False,False,
JSLT,True,exact_canonical,jslt,jslt,pldb,,True,False,False,False,False,True,False,
JSONata,False,,,,,,False,False,False,False,False,False,False,Sonata
JSONiq,True,exact_canonical,jsoniq,jsoniq,linguist;pldb,.jq,True,True,False,False,True,False,False,
Jsonnet,True,exact_canonical,jsonnet,Jsonnet,linguist,.jsonnet .libsonnet,False,True,False,False,True,True,False,
JSONPath,False,,,,,,False,False,False,False,False,False,False,
JSSS,False,,,,,,False,False,False,False,False,False,False,
JSX,True,exact_canonical,jsx,jsx,pldb,,True,False,False,False,True,True,False,
JTcl,False,,,,,,False,False,False,False,False,False,False,
JudoScript,True,exact_canonical,judoscript,judoscript,pldb,,True,False,False,False,False,False,True,
JUEL,False,,,,,,False,False,False,False,False,False,False,
Jule,True,exact_canonical,jule,jule,pldb,,True,False,False,False,False,False,False,
Julia,True,exact_canonical,julia,julia,linguist;pldb,.jl,True,True,False,False,True,True,True,
Juniper,True,exact_canonical,juniper,juniper,pldb,,True,False,False,False,False,False,False,
Juno,True,exact_canonical,juno,juno,pldb,,True,False,False,False,False,False,False,
Just,True,exact_canonical,just,just,esolang;linguist;pldb,.just,True,True,False,True,False,False,False,
Just BASIC,False,,,,,,False,False,False,False,False,False,False,
Juttle,True,exact_canonical,juttle,juttle,pldb,,True,False,False,False,False,True,False,
Juvix,True,exact_canonical,juvix,juvix,pldb,,True,False,False,False,False,False,False,
JX,False,,,,,,False,False,False,False,False,False,False,
JXL,False,,,,,,False,False,False,False,False,False,False,
Jython,True,exact_canonical,jython,jython,pldb,,True,False,False,False,False,False,False,
K,True,exact_canonical,k,k,esolang;pldb,,True,False,False,True,False,True,True,
K3,False,,,,,,False,False,False,False,False,False,False,
Kaitai Struct,True,exact_canonical,kaitai-struct,Kaitai Struct,linguist,.ksy,False,True,False,False,False,False,False,
Kal,True,exact_canonical,kal,kal,pldb,,True,False,False,False,False,True,False,
Kaleidoscope,True,exact_canonical,kaleidoscope,kaleidoscope,pldb,,True,False,False,False,False,False,False,
Kali,False,,,,,,False,False,False,False,False,False,False,
Kalyn,True,exact_canonical,kalyn,kalyn,pldb,,True,False,False,False,False,False,False,
Kamailio,False,,,,,,False,False,False,False,False,False,False,
Kamin,False,,,,,,False,False,False,False,False,False,False,
Kanren,False,,,,,,False,False,False,False,False,False,False,
KANT,False,,,,,,False,False,False,False,False,False,False,
Kap,False,,,,,,False,False,False,False,False,False,False,
Kapok,False,,,,,,False,False,False,False,False,False,False,
Kappa,True,exact_canonical,kappa,kappa,pldb,,True,False,False,False,False,False,False,
Karel,True,exact_canonical,karel,karel,pldb,,True,False,False,False,False,False,False,
Karel (programming language),False,,,,,,False,False,False,False,False,False,False,Red (programming language);APL (programming language)
Katahdin,False,,,,,,False,False,False,False,False,False,False,
Kawa,True,exact_canonical,kawa,Kawa,esolang,,False,False,False,True,False,False,False,
Kaya,False,,,,,,False,False,False,False,False,False,False,
KCL,True,exact_canonical,kcl,kcl,linguist;pldb,.k,True,True,False,False,False,False,False,
kdb+,False,,,,,,False,False,False,False,False,False,False,
KDF9 Autocode,False,,,,,,False,False,False,False,False,False,False,
KDL,True,exact_canonical,kdl,kdl,linguist;pldb,.kdl,True,True,False,False,False,False,False,
Keelung,False,,,,,,False,False,False,False,False,False,False,
Keg,True,exact_canonical,keg,Keg,esolang,,False,False,False,True,False,False,True,
Keli,True,exact_canonical,keli,keli,pldb,,True,False,False,False,False,False,False,
Kempe,False,,,,,,False,False,False,False,False,False,False,
Kent Recursive Calculator,False,,,,,,False,False,False,False,False,False,False,
KerboScript,True,exact_canonical,kerboscript,KerboScript,linguist,.ks,False,True,False,False,False,False,False,
Kermeta,True,exact_canonical,kermeta,kermeta,pldb,,True,False,False,False,False,False,False,
Kermit,False,,,,,,False,False,False,False,False,False,False,
Kernel,True,exact_canonical,kernel,kernel,esolang;pldb,,True,False,False,True,False,False,False,
Ketos,False,,,,,,False,False,False,False,False,False,False,
Kevo,False,,,,,,False,False,False,False,False,False,False,
Keykit,True,exact_canonical,keykit,keykit,pldb,,True,False,False,False,False,False,False,
kForth,False,,,,,,False,False,False,False,False,False,False,
Ki,True,exact_canonical,ki,ki,pldb,,True,False,False,False,False,False,False,
KIF,False,,,,,,False,False,False,False,False,False,False,
Kind,False,,,,,,False,False,False,False,False,False,False,
Kind2,False,,,,,,False,False,False,False,False,False,False,
Kinetic Rule Language,True,exact_canonical,kinetic-rule-language,Kinetic Rule Language,wikipedia,,False,False,True,False,False,False,False,
Kinx,False,,,,,,False,False,False,False,False,False,False,
Kipper,False,,,,,,False,False,False,False,False,False,False,
Kipple,True,exact_canonical,kipple,Kipple,esolang,,False,False,False,True,False,False,False,
Kit,True,exact_canonical,kit,kit,linguist;pldb,.kit,True,True,False,False,True,False,False,
Kite,False,,,,,,False,False,False,False,False,False,False,
Kitten,True,exact_canonical,kitten,kitten,pldb,,True,False,False,False,False,False,True,
Kiwi,False,,,,,,False,False,False,False,False,False,False,
KiXtart,True,exact_canonical,kixtart,kixtart,pldb,,True,False,False,False,False,False,False,
KJava,False,,,,,,False,False,False,False,False,False,False,
KL0,True,exact_canonical,kl0,kl0,pldb,,True,False,False,False,False,False,False,
KL1,True,exact_canonical,kl1,kl1,pldb,,True,False,False,False,False,False,True,
Klaim,True,exact_canonical,klaim,klaim,pldb,,True,False,False,False,False,False,False,
Klara,False,,,,,,False,False,False,False,False,False,False,
Klerer-May System,False,,,,,,False,False,False,False,False,False,False,klerer-may-system
Klong,True,exact_canonical,klong,klong,pldb,,True,False,False,False,False,False,True,
KM3,False,,,,,,False,False,False,False,False,False,False,
Kodu,False,,,,,,False,False,False,False,False,False,False,
Kogut,True,exact_canonical,kogut,kogut,pldb,,True,False,False,False,False,False,False,
Kojo,False,,,,,,False,False,False,False,False,False,False,
Koka,True,exact_canonical,koka,koka,linguist;pldb,.kk,True,True,False,False,False,True,True,
Kona,True,exact_canonical,kona,kona,pldb,,True,False,False,False,False,False,False,
Koneko,False,,,,,,False,False,False,False,False,False,False,
Koord,False,,,,,,False,False,False,False,False,False,False,
KornShell,False,,,,,,False,False,False,False,False,False,False,korn-shell
kOS,False,,,,,,False,False,False,False,False,False,False,
Kotlin,True,exact_canonical,kotlin,kotlin,linguist;pldb;wikipedia,.kt .ktm .kts,True,True,True,False,True,True,True,
Kotlin Native,False,,,,,,False,False,False,False,False,False,False,
Kotlin Script,False,,,,,,False,False,False,False,False,False,False,
Kotlinx,False,,,,,,False,False,False,False,False,False,False,kotlin
Koto,True,exact_canonical,koto,koto,pldb,,True,False,False,False,False,False,False,
KPHP,False,,,,,,False,False,False,False,False,False,False,
KPL,False,,,,,,False,False,False,False,False,False,False,
KQL,False,,,,,,False,False,False,False,False,False,False,
KQML,True,exact_canonical,kqml,kqml,pldb,,True,False,False,False,False,False,False,
KRC,True,exact_canonical,krc,krc,pldb,,True,False,False,False,False,False,False,
KRL,True,exact_canonical,krl,krl,linguist;pldb,.krl,True,True,False,False,True,False,False,
Kronos,False,,,,,,False,False,False,False,False,False,False,
Ksh,False,,,,,,False,False,False,False,False,False,False,
ksh93,False,,,,,,False,False,False,False,False,False,False,
KTurtle,False,,,,,,False,False,False,False,False,False,False,turtle
Kuin,True,exact_canonical,kuin,kuin,pldb,,True,False,False,False,False,True,False,
KUKA Robot Language,False,,,,,,False,False,False,False,False,False,False,
KuMir,True,exact_canonical,kumir,kumir,pldb,,True,False,False,False,False,False,False,
Kuroko,True,exact_canonical,kuroko,kuroko,pldb,,True,False,False,False,False,False,False,
Kusto Query Language,False,,,,,,False,False,False,False,False,False,False,
KVIrc Script,False,,,,,,False,False,False,False,False,False,False,
Kymera,False,,,,,,False,False,False,False,False,False,False,
L,True,exact_canonical,l,l,esolang;pldb,,True,False,False,True,False,False,False,
L3,False,,,,,,False,False,False,False,False,False,False,
L6,True,exact_canonical,l6,l6,pldb,,True,False,False,False,False,False,False,
LabTalk,False,,,,,,False,False,False,False,False,False,False,
LabVIEW,True,exact_canonical,labview,labview,linguist;pldb,.lvclass .lvlib .lvproj,True,True,False,False,True,False,True,
Labyrinth,True,exact_canonical,labyrinth,Labyrinth,esolang,,False,False,False,True,False,False,True,
Ladder Diagram,False,,,,,,False,False,False,False,False,False,False,
Ladder Logic,False,,,,,,False,False,False,False,False,False,False,
Lagoona,True,exact_canonical,lagoona,lagoona,pldb,,True,False,False,False,False,False,False,
Lambda Prolog,True,exact_tool,lambda-prolog,lambda-prolog,pldb,,True,False,False,False,False,False,True,
Lambdapi,True,exact_canonical,lambdapi,Lambdapi,linguist,.lp,False,True,False,False,False,False,False,
LambdaProlog,False,,,,,,False,False,False,False,False,False,False,lambda-prolog
Lambdatalk,False,,,,,,False,False,False,False,False,False,False,
LAML,True,exact_canonical,laml,laml,pldb,,True,False,False,False,False,False,False,
Laning and Zierler System,False,,,,,,False,False,False,False,False,False,False,
LanQ,False,,,,,,False,False,False,False,False,False,False,
LANSA,False,,,,,,False,False,False,False,False,False,False,
Larceny,True,exact_canonical,larceny,larceny,pldb,,True,False,False,False,False,False,False,
Larch,True,exact_canonical,larch,larch,pldb,,True,False,False,False,False,False,False,
Lasca,False,,,,,,False,False,False,False,False,False,False,
Lasso,True,exact_canonical,lasso,lasso,linguist;pldb,.las .lasso .lasso8 .lasso9,True,True,False,False,True,True,True,
Laszlo,False,,,,,,False,False,False,False,False,False,False,
LaTeX,True,exact_canonical,latex,latex,pldb,,True,False,False,False,False,True,False,
Latino,True,exact_canonical,latino,latino,pldb,,True,False,False,False,False,False,False,
Latitude,False,,,,,,False,False,False,False,False,False,False,
Latte,True,exact_canonical,latte,latte,linguist;pldb,.latte,True,True,False,False,True,False,False,
Lava,True,exact_canonical,lava,lava,pldb,,True,False,False,False,False,False,False,
Lavender,False,,,,,,False,False,False,False,False,False,False,
Lazy K,False,,,,,,False,False,False,False,False,False,False,
Lazy ML,False,,,,,,False,False,False,False,False,False,False,lazyml
LC-3,True,exact_canonical,lc-3,lc-3,pldb,,True,False,False,False,False,False,False,
LCF,True,exact_canonical,lcf,lcf,pldb,,True,False,False,False,False,False,False,
LDL,True,exact_canonical,ldl,ldl,pldb,,True,False,False,False,False,False,False,
LDPL,True,exact_canonical,ldpl,ldpl,esolang;pldb,,True,False,False,True,False,False,True,
Le Lisp,False,,,,,,False,False,False,False,False,False,False,
Le_Lisp,False,,,,,,False,False,False,False,False,False,False,
Leaf,True,exact_canonical,leaf,leaf,pldb,,True,False,False,False,False,False,False,
Lean,True,exact_canonical,lean,lean,linguist;pldb,.hlean .lean,True,True,False,False,True,True,True,
Lean 4,True,exact_canonical,lean-4,Lean 4,linguist,.lean,False,True,False,False,False,True,False,
Lean4,True,exact_alias,lean-4,Lean 4,linguist,.lean,False,True,False,False,False,True,False,
LEAP,True,exact_canonical,leap,leap,pldb,,True,False,False,False,False,False,False,
Leda,True,exact_canonical,leda,leda,pldb,,True,False,False,False,False,False,False,
Lefty,False,,,,,,False,False,False,False,False,False,False,
Legit,True,exact_canonical,legit,Legit,esolang,,False,False,False,True,False,False,False,
Lego,True,exact_canonical,lego,lego,pldb,,True,False,False,False,False,False,False,
Leibniz,False,,,,,,False,False,False,False,False,False,False,
LeLisp,False,,,,,,False,False,False,False,False,False,False,le-lisp
Lem,False,,,,,,False,False,False,False,False,False,False,
Lemon,True,exact_canonical,lemon,lemon,pldb,,True,False,False,False,False,False,False,
Lenguage,True,exact_canonical,lenguage,Lenguage,esolang,,False,False,False,True,False,False,True,
Lens,False,,,,,,False,False,False,False,False,False,False,
Leo,True,exact_canonical,leo,Leo,linguist,.leo,False,True,False,False,False,False,False,
Less,True,exact_canonical,less,less,linguist;pldb,.less,True,True,False,False,True,True,False,
Lever,True,exact_canonical,lever,lever,esolang;pldb,,True,False,False,True,False,False,False,
Lex,True,exact_canonical,lex,lex,linguist;pldb,.l .lex,True,True,False,False,True,False,False,
Lexico,False,,,,,,False,False,False,False,False,False,False,
Lexon,True,exact_canonical,lexon,lexon,pldb,,True,False,False,False,False,False,False,
LF,False,,,,,,False,False,False,False,False,False,False,
LFE,True,exact_canonical,lfe,lfe,linguist;pldb,.lfe,True,True,False,False,True,False,True,
Liberty BASIC,True,exact_tool,liberty-basic,liberty-basic,pldb,,True,False,False,False,False,False,True,
LibreOffice Basic,False,,,,,,False,False,False,False,False,False,False,
LIFE,True,exact_canonical,life,life,pldb,,True,False,False,False,False,False,False,
LIGO,True,exact_canonical,ligo,ligo,pldb,,True,False,False,False,False,False,False,
LIL,True,exact_canonical,lil,lil,esolang;pldb,,True,False,False,True,False,False,True,
Lily,True,exact_canonical,lily,lily,pldb,,True,False,False,False,False,False,True,
LilyPond,True,exact_canonical,lilypond,lilypond,linguist;pldb,.ily .ly,True,True,False,False,True,True,False,
Limbo,True,exact_canonical,limbo,limbo,linguist;pldb,.b .m,True,True,False,False,True,True,True,
LIMDEP,True,exact_canonical,limdep,limdep,pldb,,True,False,False,False,False,False,False,
Lime,False,,,,,,False,False,False,False,False,False,False,
Limn,False,,,,,,False,False,False,False,False,False,False,
LINC,False,,,,,,False,False,False,False,False,False,False,
Linda,True,exact_canonical,linda,linda,pldb,,True,False,False,False,False,False,False,
Linden Scripting Language,False,,,,,,False,False,False,False,False,False,False,linden-scripting-language
Lingo,True,exact_canonical,lingo,lingo,pldb,,True,False,False,False,False,False,True,
Lingua Franca,False,,,,,,False,False,False,False,False,False,False,
Links,True,exact_canonical,links,links,pldb,,True,False,False,False,False,False,False,
Linoleum,True,exact_canonical,linoleum,linoleum,pldb,,True,False,False,False,False,False,False,
Linotte,True,exact_canonical,linotte,linotte,pldb,,True,False,False,False,False,False,False,
LINQ,True,exact_canonical,linq,linq,pldb,,True,False,False,False,False,False,False,
Liquid,True,exact_canonical,liquid,liquid,esolang;linguist;pldb,.liquid,True,True,False,True,True,True,False,
Liquid Haskell,False,,,,,,False,False,False,False,False,False,False,
LiquidHaskell,False,,,,,,False,False,False,False,False,False,False,
Liquidity,True,exact_canonical,liquidity,liquidity,pldb,,True,False,False,False,False,False,False,
Liquidsoap,True,exact_canonical,liquidsoap,Liquidsoap,linguist,.liq,False,True,False,False,False,False,False,
Lisaac,True,exact_canonical,lisaac,lisaac,pldb,,True,False,False,False,False,False,True,
Liskell,False,,,,,,False,False,False,False,False,False,False,
Lisp,True,exact_canonical,lisp,lisp,esolang;pldb,,True,False,False,True,False,True,False,
LISP 1.5,False,,,,,,False,False,False,False,False,False,False,
LISP 2,False,,,,,,False,False,False,False,False,False,False,
Lisp Flavored Erlang,False,,,,,,False,False,False,False,False,False,False,
Lisp Flavoured Erlang,False,,,,,,False,False,False,False,False,False,False,
Lisp Machine Lisp,False,,,,,,False,False,False,False,False,False,False,
LISP/360,False,,,,,,False,False,False,False,False,False,False,
Lispkit Lisp,False,,,,,,False,False,False,False,False,False,False,
LispWorks,True,exact_canonical,lispworks,lispworks,pldb,,True,False,False,False,False,False,False,
Lissp,False,,,,,,False,False,False,False,False,False,False,
Liszt,False,,,,,,False,False,False,False,False,False,False,
Lite-C,True,exact_canonical,lite-c,lite-c,pldb,,True,False,False,False,False,False,False,
Literate Haskell,True,exact_tool,literate-haskell,literate-haskell,linguist;pldb,.lhs,True,True,False,False,True,True,False,
Lithe,True,exact_canonical,lithe,lithe,pldb,,True,False,False,False,False,False,False,
Little,True,exact_canonical,little,little,pldb,,True,False,False,False,False,False,True,
Little b,False,,,,,,False,False,False,False,False,False,False,
Little Man Computer,False,,,,,,False,False,False,False,False,False,False,
Little Smalltalk,False,,,,,,False,False,False,False,False,False,False,little-smalltalk
LiveCode,True,exact_canonical,livecode,livecode,pldb;wikipedia,,True,False,True,False,False,False,True,
LiveScript,True,exact_canonical,livescript,livescript,linguist;pldb,._ls .ls,True,True,False,False,True,True,True,
LLL,True,exact_canonical,lll,lll,esolang;pldb,,True,False,False,True,False,False,False,
LLVM IR,False,,,,,,False,False,False,False,False,False,False,llvmir
LML,True,normalized_canonical,lml,`LML,esolang,,False,False,False,True,False,False,False,
LMNtal,False,,,,,,False,False,False,False,False,False,False,
Lobster,True,exact_canonical,lobster,lobster,esolang;pldb,,True,False,False,True,False,False,True,
Locomotive BASIC,True,exact_tool,locomotive-basic,locomotive-basic,pldb,,True,False,False,False,False,False,True,
Logica,True,exact_canonical,logica,logica,esolang;pldb,,True,False,False,True,False,False,False,
LogiQL,False,,,,,,False,False,False,False,False,False,False,
Loglan,True,exact_canonical,loglan,loglan,pldb,,True,False,False,False,False,False,False,
Logo,True,exact_canonical,logo,logo,pldb,,True,False,False,False,False,False,True,
Logos,True,exact_canonical,logos,logos,esolang;linguist;pldb,.x .xi .xm,True,True,False,True,True,True,False,
LogQL,False,,,,,,False,False,False,False,False,False,False,
Logtalk,True,exact_canonical,logtalk,logtalk,linguist;pldb,.lgt .logtalk,True,True,False,False,True,True,True,
Loko,False,,,,,,False,False,False,False,False,False,False,
Lola,True,exact_canonical,lola,lola,esolang;pldb,,True,False,False,True,False,False,False,
Lola-2,True,exact_canonical,lola-2,lola-2,pldb,,True,False,False,False,False,False,False,
LOLCODE,True,exact_canonical,lolcode,lolcode,esolang;linguist;pldb,.lol,True,True,False,True,True,False,True,
Lolli,False,,,,,,False,False,False,False,False,False,False,
LolliMon,False,,,,,,False,False,False,False,False,False,False,
Lolly,False,,,,,,False,False,False,False,False,False,False,
LookML,True,exact_canonical,lookml,lookml,linguist;pldb,.lkml .lookml,True,True,False,False,True,False,False,
LOOP,False,,,,,,False,False,False,False,False,False,False,
LOTOS,True,exact_canonical,lotos,lotos,pldb,,True,False,False,False,False,False,False,
LotusScript,True,exact_canonical,lotusscript,lotusscript,pldb,,True,False,False,False,False,False,True,
Lout,False,,,,,,False,False,False,False,False,False,False,
Lox,True,exact_canonical,lox,Lox,esolang,,False,False,False,True,False,False,False,
LPC,True,exact_canonical,lpc,lpc,pldb,,True,False,False,False,False,False,False,
LRLTRAN,True,exact_canonical,lrltran,lrltran,pldb,,True,False,False,False,False,False,False,
LRML,False,,,,,,False,False,False,False,False,False,False,
LScript,False,,,,,,False,False,False,False,False,False,False,mlscript;script
LSE,True,exact_canonical,lse,lse,pldb,,True,False,False,False,False,False,True,
LSL,True,exact_canonical,lsl,lsl,linguist;pldb,.lsl .lslp,True,True,False,False,True,True,True,
Ltac,False,,,,,,False,False,False,False,False,False,False,
Lua,True,exact_canonical,lua,lua,linguist;pldb;wikipedia,.fcgi .lua .nse .p8 .pd_lua .rbxs .rockspec .wlua,True,True,True,False,True,True,True,
LuaJIT,True,exact_canonical,luajit,luajit,pldb,,True,False,False,False,False,False,False,
Luan,False,,,,,,False,False,False,False,False,False,False,
Luau,True,exact_canonical,luau,luau,esolang;linguist;pldb,.luau,True,True,False,True,False,True,False,
Lucee,False,,,,,,False,False,False,False,False,False,False,
Lucid,True,exact_canonical,lucid,lucid,pldb,,True,False,False,False,False,False,True,
Lucid Synchrone,False,,,,,,False,False,False,False,False,False,False,
Lucifer,True,exact_canonical,lucifer,LUCIFER,esolang,,False,False,False,True,False,False,False,
Luerl,False,,,,,,False,False,False,False,False,False,False,
Lumen,False,,,,,,False,False,False,False,False,False,False,
Luna,True,exact_canonical,luna,luna,pldb,,True,False,False,False,False,False,True,
LuneScript,False,,,,,,False,False,False,False,False,False,False,
Lurk,False,,,,,,False,False,False,False,False,False,False,
Lush,True,exact_canonical,lush,lush,pldb,,True,False,False,False,False,False,True,
Lustre,True,exact_canonical,lustre,lustre,pldb,,True,False,False,False,False,False,False,
Lux,True,exact_canonical,lux,lux,pldb,,True,False,False,False,False,False,False,
Ly,True,exact_canonical,ly,Ly,esolang,,False,False,False,True,False,False,False,
LYaPAS,True,exact_canonical,lyapas,lyapas,pldb,,True,False,False,False,False,False,False,
Lygon,True,exact_canonical,lygon,lygon,pldb,,True,False,False,False,False,False,True,
Lynx,True,exact_canonical,lynx,lynx,pldb,,True,False,False,False,False,False,False,
Lys,False,,,,,,False,False,False,False,False,False,False,
LZX,False,,,,,,False,False,False,False,False,False,False,
M,True,exact_canonical,m,M,esolang;linguist,.m .mumps,False,True,False,True,True,False,True,
M2000,False,,,,,,False,False,False,False,False,False,False,
M2000 Interpreter,False,,,,,,False,False,False,False,False,False,False,
M2001,True,exact_canonical,m2001,m2001,pldb,,True,False,False,False,False,False,False,
m4,True,exact_canonical,m4,m4,linguist;pldb,.m4 .mc,True,True,False,False,True,True,True,
M68k Assembly,False,,,,,,False,False,False,False,False,False,False,
Macaulay2,True,exact_canonical,macaulay2,Macaulay2,linguist,.m2,False,True,False,False,False,True,False,
Machiavelli,True,exact_canonical,machiavelli,machiavelli,pldb,,True,False,False,False,False,False,False,
MACLISP,True,exact_canonical,maclisp,maclisp,pldb,,True,False,False,False,False,False,False,
MACRO-10,True,exact_canonical,macro-10,macro-10,pldb,,True,False,False,False,False,False,False,
MACRO-11,True,exact_canonical,macro-11,macro-11,pldb,,True,False,False,False,False,False,True,
MACRO-20,False,,,,,,False,False,False,False,False,False,False,
MACRO-32,False,,,,,,False,False,False,False,False,False,False,
MACRO-8,False,,,,,,False,False,False,False,False,False,False,
MACSYMA,True,exact_canonical,macsyma,macsyma,pldb,,True,False,False,False,False,True,True,
MAD,True,exact_canonical,mad,mad,pldb,,True,False,False,False,False,False,True,
MADCAP,True,exact_canonical,madcap,madcap,pldb,,True,False,False,False,False,False,False,
MAGIC,True,exact_canonical,magic,Magic,esolang,,False,False,False,True,False,False,False,
Magik,True,exact_canonical,magik,magik,pldb,,True,False,False,False,False,False,False,
Magma,True,exact_canonical,magma,magma,pldb,,True,False,False,False,False,False,False,
Magpie,False,,,,,,False,False,False,False,False,False,False,
MAINSAIL,False,,,,,,False,False,False,False,False,False,False,
Makam,False,,,,,,False,False,False,False,False,False,False,
Make,True,exact_canonical,make,make,pldb,,True,False,False,False,False,True,False,
Mako,True,exact_canonical,mako,mako,linguist;pldb,.mako .mao,True,True,False,False,True,True,False,
MAL,True,exact_canonical,mal,mal,pldb,,True,False,False,False,False,False,False,
Malbolge,True,exact_canonical,malbolge,malbolge,esolang;pldb,,True,False,False,True,False,False,True,
Malbolge Unshackled,True,exact_canonical,malbolge-unshackled,Malbolge Unshackled,esolang,,False,False,False,True,False,False,False,
Mallard BASIC,False,,,,,,False,False,False,False,False,False,False,mallard-basic
Malloy,False,,,,,,False,False,False,False,False,False,False,
Mamba,False,,,,,,False,False,False,False,False,False,False,
Manchester Autocode,False,,,,,,False,False,False,False,False,False,False,
MANIAC,False,,,,,,False,False,False,False,False,False,False,
Manifold,False,,,,,,False,False,False,False,False,False,False,
MANOOL,True,exact_canonical,manool,manool,pldb,,True,False,False,False,False,False,True,
Manticore,True,exact_canonical,manticore,manticore,pldb,,True,False,False,False,False,False,False,
MANTIS,False,,,,,,False,False,False,False,False,False,False,
MapBasic,True,exact_canonical,mapbasic,mapbasic,pldb,,True,False,False,False,False,False,False,
Maple,True,exact_canonical,maple,maple,pldb,,True,False,False,False,False,True,True,
MAPPER,True,exact_canonical,mapper,mapper,pldb,,True,False,False,False,False,False,True,
Mare,False,,,,,,False,False,False,False,False,False,False,
MARIE,False,,,,,,False,False,False,False,False,False,False,
Mark 1 Autocode,False,,,,,,False,False,False,False,False,False,False,
Mark I Autocode,False,,,,,,False,False,False,False,False,False,False,
Mark II Autocode,False,,,,,,False,False,False,False,False,False,False,
Mark III Autocode,False,,,,,,False,False,False,False,False,False,False,
MARK-IV,True,exact_canonical,mark-iv,mark-iv,pldb,,True,False,False,False,False,False,False,
Marko,True,exact_canonical,marko,marko,linguist;pldb,.marko,True,True,False,False,True,False,False,
Markov,False,,,,,,False,False,False,False,False,False,False,
Markov algorithm,False,,,,,,False,False,False,False,False,False,False,
MarkovJunior,True,exact_canonical,markovjunior,markovjunior,pldb,,True,False,False,False,False,False,False,
Marlowe,False,,,,,,False,False,False,False,False,False,False,
Maru,False,,,,,,False,False,False,False,False,False,False,
Mary,True,exact_canonical,mary,mary,pldb,,True,False,False,False,False,False,False,
MASL,True,exact_canonical,masl,MASL,esolang,,False,False,False,True,False,False,False,
MASM,True,exact_canonical,masm,masm,pldb,,True,False,False,False,False,False,False,
Mason,False,,,,,,False,False,False,False,False,False,False,
Mata,False,,,,,,False,False,False,False,False,False,False,
MATH-MATIC,True,exact_canonical,math-matic,math-matic,pldb;wikipedia,,True,False,True,False,False,False,False,
Mathematica,True,exact_canonical,mathematica,mathematica,pldb,,True,False,False,False,True,True,False,
MathGolf,False,,,,,,False,False,False,False,False,False,False,
MATHLAB,True,exact_canonical,mathlab,mathlab,pldb,,True,False,False,False,False,False,False,
MATHLAB 68,False,,,,,,False,False,False,False,False,False,False,
MathProg,False,,,,,,False,False,False,False,False,False,False,
Matita,True,exact_canonical,matita,matita,pldb,,True,False,False,False,False,False,False,
MATL,True,exact_canonical,matl,MATL,esolang,,False,False,False,True,False,False,False,
MATLAB,True,exact_canonical,matlab,matlab,linguist;pldb,.m .matlab,True,True,False,False,True,True,True,
Maude,True,exact_canonical,maude,maude,pldb,,True,False,False,False,False,False,True,
MAWK,True,exact_canonical,mawk,mawk,pldb,,True,False,False,False,False,True,False,
Max,True,exact_canonical,max,max,linguist;pldb,.maxhelp .maxpat .maxproj .mxt .pat,True,True,False,False,True,False,False,
Maxima,True,exact_canonical,maxima,maxima,pldb,,True,False,False,False,False,True,True,
MAXScript,True,exact_canonical,maxscript,maxscript,linguist;pldb,.mcr .ms,True,True,False,False,True,True,True,
Maya Embedded Language,False,,,,,,False,False,False,False,False,False,False,
MBASIC,True,exact_canonical,mbasic,mbasic,pldb,,True,False,False,False,False,False,False,
MCL,False,,,,,,False,False,False,False,False,False,False,
MCPL,False,,,,,,False,False,False,False,False,False,False,
mCRL,False,,,,,,False,False,False,False,False,False,False,
mCRL2,False,,,,,,False,False,False,False,False,False,False,
MDL,True,exact_canonical,mdl,mdl,pldb,,True,False,False,False,False,False,True,
MDSL,False,,,,,,False,False,False,False,False,False,False,
MDX,True,exact_canonical,mdx,mdx,esolang;linguist;pldb,.mdx,True,True,False,True,False,False,False,
Mech,False,,,,,,False,False,False,False,False,False,False,
Mecrisp,False,,,,,,False,False,False,False,False,False,False,
MegaZeux,False,,,,,,False,False,False,False,False,False,False,
MEL,True,exact_canonical,mel,Mel,esolang,,False,False,False,True,False,False,True,
Meld,True,exact_canonical,meld,meld,pldb,,True,False,False,False,False,False,False,
Melody,True,exact_canonical,melody,melody,esolang;pldb,,True,False,False,True,False,False,False,
MELT,False,,,,,,False,False,False,False,False,False,False,
Mentat,True,exact_canonical,mentat,mentat,pldb,,True,False,False,False,False,False,False,
MENTOR,False,,,,,,False,False,False,False,False,False,False,
Mercury,True,exact_canonical,mercury,mercury,linguist;pldb,.m .moo,True,True,False,False,True,True,True,
Mercury Autocode,False,,,,,,False,False,False,False,False,False,False,
Merd,True,exact_canonical,merd,merd,pldb,,True,False,False,False,False,False,False,
Mermaid,True,exact_canonical,mermaid,mermaid,linguist;pldb,.mermaid .mmd,True,True,False,False,False,False,False,
Meroon,True,exact_canonical,meroon,meroon,pldb,,True,False,False,False,False,False,False,
Mesa,True,exact_canonical,mesa,mesa,pldb,,True,False,False,False,False,False,False,
Meson,True,exact_canonical,meson,meson,esolang;linguist;pldb,,True,True,False,True,True,True,False,
META II,False,,,,,,False,False,False,False,False,False,False,
META-II,True,exact_canonical,meta-ii,meta-ii,esolang;pldb,,True,False,False,True,False,False,False,
Metafont,True,exact_canonical,metafont,metafont,pldb,,True,False,False,False,False,False,True,
Metal,True,exact_canonical,metal,metal,linguist;pldb,.metal,True,True,False,False,True,False,False,
Metal Shading Language,False,,,,,,False,False,False,False,False,False,False,
Metalua,False,,,,,,False,False,False,False,False,False,False,
Metamath,True,exact_canonical,metamath,metamath,pldb,,True,False,False,False,False,False,False,
MetaML,True,exact_canonical,metaml,metaml,pldb,,True,False,False,False,False,False,False,
MetaOCaml,False,,,,,,False,False,False,False,False,False,False,
MetaPost,True,exact_canonical,metapost,metapost,pldb,,True,False,False,False,False,False,True,
MetaTalk,False,,,,,,False,False,False,False,False,False,False,
MeTTa,True,exact_canonical,metta,MeTTa,linguist,.metta,False,True,False,False,False,False,False,
Mezzo,True,exact_canonical,mezzo,Mezzo,esolang,,False,False,False,True,False,False,False,
MFront,False,,,,,,False,False,False,False,False,False,False,
MHEG,False,,,,,,False,False,False,False,False,False,False,
MHEG-5,True,exact_canonical,mheg-5,mheg-5,pldb,,True,False,False,False,False,False,False,
Michelson,True,exact_canonical,michelson,michelson,pldb,,True,False,False,False,False,False,False,
Micro-Planner,False,,,,,,False,False,False,False,False,False,False,microplanner
Micro-Prolog,True,exact_canonical,micro-prolog,micro-prolog,pldb,,True,False,False,False,False,False,False,
microKanren,False,,,,,,False,False,False,False,False,False,False,
Microplanner,True,exact_canonical,microplanner,microplanner,pldb,,True,False,False,False,False,False,False,
MicroPython,True,exact_canonical,micropython,micropython,pldb,,True,False,False,False,False,False,False,
MicroScript,True,exact_canonical,microscript,Microscript,esolang,,False,False,False,True,False,False,False,
Microsoft BASIC,False,,,,,,False,False,False,False,False,False,False,microsoft-basic
Microsoft Small Basic,False,,,,,,False,False,False,False,False,False,False,
MIDAS,True,exact_canonical,midas,midas,pldb,,True,False,False,False,False,False,False,
Miden,False,,,,,,False,False,False,False,False,False,False,
MIDL,False,,,,,,False,False,False,False,False,False,False,
Migen,False,,,,,,False,False,False,False,False,False,False,
Miller,False,,,,,,False,False,False,False,False,False,False,
Millet,False,,,,,,False,False,False,False,False,False,False,
MIMIC,True,exact_canonical,mimic,mimic,pldb,,True,False,False,False,False,False,False,
Min,True,exact_canonical,min,min,pldb,,True,False,False,False,False,False,True,
Mind,False,,,,,,False,False,False,False,False,False,False,
Mindcode,False,,,,,,False,False,False,False,False,False,False,
MiniD,True,exact_canonical,minid,minid,linguist;pldb,.minid,True,True,False,False,True,True,False,
MiniJava,False,,,,,,False,False,False,False,False,False,False,
MiniKanren,True,exact_canonical,minikanren,minikanren,pldb;wikipedia,,True,False,True,False,False,False,False,
Minilang,True,exact_canonical,minilang,minilang,pldb,,True,False,False,False,False,False,False,
miniMAL,True,exact_canonical,minimal,Minimal,esolang,,False,False,False,True,False,False,False,
Minimal BASIC,False,,,,,,False,False,False,False,False,False,False,
MiniML,True,exact_canonical,miniml,miniml,pldb,,True,False,False,False,False,False,False,
Minion,True,exact_canonical,minion,minion,pldb,,True,False,False,False,False,False,False,
MiniScript,False,,,,,,False,False,False,False,False,False,False,
MiniZinc,True,exact_canonical,minizinc,minizinc,linguist;pldb,.mzn,True,True,False,False,False,False,True,
Minlog,False,,,,,,False,False,False,False,False,False,False,
MinML,False,,,,,,False,False,False,False,False,False,False,
MINOL,False,,,,,,False,False,False,False,False,False,False,
Mint,True,exact_canonical,mint,mint,esolang;linguist;pldb,.mint,True,True,False,True,False,False,False,
MIPS Assembly,False,,,,,,False,False,False,False,False,False,False,
Mira,False,,,,,,False,False,False,False,False,False,False,
Mirah,True,exact_canonical,mirah,mirah,linguist;pldb,.druby .duby .mirah,True,True,False,False,True,True,True,
Miranda,True,exact_canonical,miranda,miranda,pldb,,True,False,False,False,False,False,True,
mIRC,True,exact_canonical,mirc,mirc,pldb,,True,False,False,False,False,False,False,
mIRC Script,True,exact_canonical,mirc-script,mIRC Script,linguist,.mrc,False,True,False,False,True,False,False,
mIRC Scripting Language,False,,,,,,False,False,False,False,False,False,False,
Mirth,True,exact_canonical,mirth,mirth,pldb,,True,False,False,False,False,False,False,
MIT Proto,False,,,,,,False,False,False,False,False,False,False,
MIT Scheme,False,,,,,,False,False,False,False,False,False,False,
Mitrion-C,False,,,,,,False,False,False,False,False,False,False,
Miva Script,False,,,,,,False,False,False,False,False,False,False,
MIX,True,exact_canonical,mix,MIX,esolang,,False,False,False,True,False,False,False,
MIXAL,False,,,,,,False,False,False,False,False,False,False,
Mizar,True,exact_canonical,mizar,mizar,pldb,,True,False,False,False,False,False,False,
mksh,False,,,,,,False,False,False,False,False,False,False,
ML,True,exact_canonical,ml,ml,pldb,,True,False,False,False,False,False,True,
ML/1,False,,,,,,False,False,False,False,False,False,False,
ML/370,False,,,,,,False,False,False,False,False,False,False,
ML/I,False,,,,,,False,False,False,False,False,False,False,
ML5,False,,,,,,False,False,False,False,False,False,False,
Mlatu,True,exact_canonical,mlatu,mlatu,esolang;pldb,,True,False,False,True,False,False,False,
MLIR,True,exact_canonical,mlir,mlir,linguist;pldb,.mlir,True,True,False,False,True,False,False,
MLISP,False,,,,,,False,False,False,False,False,False,False,
mLite,True,exact_canonical,mlite,mlite,pldb,,True,False,False,False,False,False,True,
MLj,False,,,,,,False,False,False,False,False,False,False,
Mlog,False,,,,,,False,False,False,False,False,False,False,
MLton,False,,,,,,False,False,False,False,False,False,False,
MMIX,True,exact_canonical,mmix,mmix,esolang;pldb,,True,False,False,True,False,False,True,
MMIXAL,False,,,,,,False,False,False,False,False,False,False,
MML,False,,,,,,False,False,False,False,False,False,False,
Mobl,True,exact_canonical,mobl,mobl,pldb,,True,False,False,False,False,False,False,
Moby,False,,,,,,False,False,False,False,False,False,False,
Mochi,True,exact_canonical,mochi,mochi,pldb,,True,False,False,False,False,False,False,
Mocklisp,True,exact_canonical,mocklisp,mocklisp,pldb;wikipedia,,True,False,True,False,False,False,False,
Model 204,False,,,,,,False,False,False,False,False,False,False,
Modelica,True,exact_canonical,modelica,modelica,linguist;pldb,.mo,True,True,False,False,True,True,False,
MODSIM,False,,,,,,False,False,False,False,False,False,False,
Modula,True,exact_canonical,modula,modula,pldb,,True,False,False,False,False,False,False,
Modula-1,False,,,,,,False,False,False,False,False,False,False,
Modula-2,True,exact_canonical,modula-2,modula-2,linguist;pldb,.mod,True,True,False,False,True,True,True,
Modula-2+,False,,,,,,False,False,False,False,False,False,False,modula-2
Modula-2R10,False,,,,,,False,False,False,False,False,False,False,
Modula-3,True,exact_canonical,modula-3,Modula-3,linguist,.i3 .ig .m3 .mg,False,True,False,False,True,False,True,
Modus,False,,,,,,False,False,False,False,False,False,False,
Mojo,True,exact_canonical,mojo,mojo,linguist;pldb,.mojo,True,True,False,False,False,True,True,
Moksha,False,,,,,,False,False,False,False,False,False,False,
Mond,True,exact_canonical,mond,mond,pldb,,True,False,False,False,False,False,True,
Mondrian,False,,,,,,False,False,False,False,False,False,False,
Monicelli,False,,,,,,False,False,False,False,False,False,False,
Monkey,True,exact_canonical,monkey,monkey,esolang;linguist;pldb,.monkey .monkey2,True,True,False,True,True,True,True,
Monkey C,True,exact_canonical,monkey-c,Monkey C,linguist,.mc,False,True,False,False,False,True,False,
Monkey X,False,,,,,,False,False,False,False,False,False,False,monkeyx
Monkey2,False,,,,,,False,False,False,False,False,False,False,monkey
MonkeyX,True,exact_canonical,monkeyx,monkeyx,pldb,,True,False,False,False,False,False,False,
Monte,True,exact_canonical,monte,monte,esolang;pldb,,True,False,False,True,False,True,True,
MOO,True,exact_canonical,moo,moo,pldb,,True,False,False,False,False,True,True,
Moocode,True,exact_canonical,moocode,Moocode,linguist,.moo,False,True,False,False,True,True,False,
MoonBit,True,exact_canonical,moonbit,MoonBit,linguist,.mbt,False,True,False,False,False,False,True,
MoonScript,True,exact_canonical,moonscript,MoonScript,esolang;linguist,.moon,False,True,False,True,True,True,True,
Morfa,True,exact_canonical,morfa,morfa,pldb,,True,False,False,False,False,False,True,
Morpho,False,,,,,,False,False,False,False,False,False,False,
Morte,True,exact_canonical,morte,Morte,esolang,,False,False,False,True,False,False,False,
Mortran,True,exact_canonical,mortran,mortran,pldb,,True,False,False,False,False,False,False,
Moscow ML,False,,,,,,False,False,False,False,False,False,False,
Mosel,False,,,,,,False,False,False,False,False,False,False,
Moto,False,,,,,,False,False,False,False,False,False,False,
Motoko,True,exact_canonical,motoko,Motoko,linguist,.mo,False,True,False,False,False,True,False,
Mouse,True,exact_canonical,mouse,mouse,esolang;pldb,,True,False,False,True,False,False,False,
Move,True,exact_canonical,move,move,linguist;pldb,.move,True,True,False,False,False,False,False,
Movitz,False,,,,,,False,False,False,False,False,False,False,
Mozart,False,,,,,,False,False,False,False,False,False,False,
Mozart-Oz,False,,,,,,False,False,False,False,False,False,False,
MPASM,False,,,,,,False,False,False,False,False,False,False,
MPD,False,,,,,,False,False,False,False,False,False,False,
MPL,True,exact_canonical,mpl,mpl,pldb,,True,False,False,False,False,False,False,
MQL,True,exact_canonical,mql,mql,pldb,,True,False,False,False,False,True,False,
MQL4,True,exact_canonical,mql4,MQL4,linguist,.mq4 .mqh,False,True,False,False,True,True,False,
MQL5,True,exact_canonical,mql5,MQL5,linguist,.mq5 .mqh,False,True,False,False,True,True,False,
MR,False,,,,,,False,False,False,False,False,False,False,
MRQL,False,,,,,,False,False,False,False,False,False,False,
mruby,False,,,,,,False,False,False,False,False,False,False,
mSL,True,exact_canonical,msl,msl,pldb,,True,False,False,False,False,False,False,
MSP430 Assembly,False,,,,,,False,False,False,False,False,False,False,
MSWLogo,False,,,,,,False,False,False,False,False,False,False,
MSX Basic,False,,,,,,False,False,False,False,False,False,False,
MSX-BASIC,True,exact_canonical,msx-basic,msx-basic,pldb,,True,False,False,False,False,False,False,
Mu,True,exact_canonical,mu,mu,esolang;pldb,,True,False,False,True,False,False,False,
Muddle,True,exact_canonical,muddle,Muddle,esolang,,False,False,False,True,False,False,False,
MUF,True,exact_canonical,muf,muf,linguist;pldb,.m .muf,True,True,False,False,True,False,True,
muLISP,False,,,,,,False,False,False,False,False,False,False,
muLISP-80,False,,,,,,False,False,False,False,False,False,False,
MultiJava,False,,,,,,False,False,False,False,False,False,False,
MultiLisp,False,,,,,,False,False,False,False,False,False,False,
muMATH,True,exact_canonical,mumath,mumath,pldb,,True,False,False,False,False,False,False,
MUMPS,True,exact_canonical,mumps,mumps,pldb,,True,False,False,False,False,False,False,
Mun,False,,,,,,False,False,False,False,False,False,False,
Muon,True,exact_canonical,muon,muon,pldb,,True,False,False,False,False,False,False,
MuPAD,True,exact_canonical,mupad,mupad,linguist;pldb,.mu,True,True,False,False,True,True,False,
Murex,False,,,,,,False,False,False,False,False,False,False,
Muriel,True,exact_canonical,muriel,Muriel,esolang,,False,False,False,True,False,False,False,
Murmel,False,,,,,,False,False,False,False,False,False,False,
Murphi,False,,,,,,False,False,False,False,False,False,False,
MUSE,True,exact_canonical,muse,Muse,linguist,.muse,False,True,False,False,True,False,False,
MUSHcode,False,,,,,,False,False,False,False,False,False,False,
Music V,False,,,,,,False,False,False,False,False,False,False,
muSIMP,True,exact_canonical,musimp,musimp,pldb,,True,False,False,False,False,False,False,
Mustache,True,exact_canonical,mustache,mustache,linguist;pldb,.mustache,True,True,False,False,False,False,False,
MXML,True,exact_canonical,mxml,mxml,pldb,,True,False,False,False,False,True,False,
MyBASIC,False,,,,,,False,False,False,False,False,False,False,mbasic
MyHDL,False,,,,,,False,False,False,False,False,False,False,
Myr,False,,,,,,False,False,False,False,False,False,False,
Myrddin,True,exact_canonical,myrddin,myrddin,pldb,,True,False,False,False,False,False,True,
Myth,True,exact_canonical,myth,Myth,esolang,,False,False,False,True,False,False,False,
Mythryl,True,exact_canonical,mythryl,mythryl,pldb,,True,False,False,False,False,False,True,
N-Prolog,True,exact_canonical,n-prolog,n-prolog,pldb,,True,False,False,False,False,False,False,
N1QL,False,,,,,,False,False,False,False,False,False,False,
N3,False,,,,,,False,False,False,False,False,False,False,
Nadeshiko,False,,,,,,False,False,False,False,False,False,False,nadesiko
Nadesiko,True,exact_canonical,nadesiko,nadesiko,pldb,,True,False,False,False,False,False,False,
Nanoquery,False,,,,,,False,False,False,False,False,False,False,
Napier,False,,,,,,False,False,False,False,False,False,False,
Napier88,True,exact_canonical,napier88,napier88,pldb,,True,False,False,False,False,False,False,
NARS2000,False,,,,,,False,False,False,False,False,False,False,
Narya,False,,,,,,False,False,False,False,False,False,False,
Nasal,True,exact_canonical,nasal,nasal,esolang;linguist;pldb,.nas,True,True,False,True,False,False,False,
NASL,True,exact_canonical,nasl,NASL,linguist,.inc .nasl,False,True,False,False,True,True,True,
Nasm,True,exact_canonical,nasm,nasm,pldb,,True,False,False,False,False,True,False,
NASTRAN,False,,,,,,False,False,False,False,False,False,False,
NAT,False,,,,,,False,False,False,False,False,False,False,
NATJ,False,,,,,,False,False,False,False,False,False,False,
NATURAL,True,exact_canonical,natural,natural,pldb,,True,False,False,False,False,False,True,
Nawk,True,exact_canonical,nawk,nawk,pldb,,True,False,False,False,False,True,False,
NCAP2,False,,,,,,False,False,False,False,False,False,False,
NCAR Command Language,False,,,,,,False,False,False,False,False,False,False,
NCL,True,exact_canonical,ncl,ncl,linguist;pldb,.ncl,True,True,False,False,True,True,False,
NDDL,False,,,,,,False,False,False,False,False,False,False,
Nearley,True,exact_canonical,nearley,nearley,linguist;pldb,.ne .nearley,True,True,False,False,True,False,False,
Neat,True,exact_canonical,neat,Neat,esolang,,False,False,False,True,False,False,True,
NED,False,,,,,,False,False,False,False,False,False,False,
Neko,True,exact_canonical,neko,neko,pldb,,True,False,False,False,False,False,True,
Nel,False,,,,,,False,False,False,False,False,False,False,
NELIAC,True,exact_canonical,neliac,neliac,pldb,,True,False,False,False,False,False,False,
Nelua,True,exact_canonical,nelua,nelua,pldb,,True,False,False,False,False,False,False,
Nemerle,True,exact_canonical,nemerle,nemerle,linguist;pldb;wikipedia,.n,True,True,True,False,True,True,True,
Neon,True,exact_canonical,neon,NEON,linguist,.neon,False,True,False,False,False,False,False,
nesC,True,exact_canonical,nesc,nesc,linguist;pldb,.nc,True,True,False,False,True,True,False,
Nesl,True,exact_canonical,nesl,nesl,pldb,,True,False,False,False,False,False,True,
NetLogo,True,exact_canonical,netlogo,netlogo,linguist;pldb,.nlogo,True,True,False,False,True,False,True,
NetRexx,True,exact_canonical,netrexx,netrexx,pldb,,True,False,False,False,False,False,True,
Neut,True,exact_canonical,neut,neut,pldb,,True,False,False,False,False,False,False,
Neva,False,,,,,,False,False,False,False,False,False,False,
Never,True,exact_canonical,never,never,pldb,,True,False,False,False,False,False,True,
newLISP,True,exact_canonical,newlisp,newlisp,linguist;pldb,.lisp .lsp .nl,True,True,False,False,True,True,True,
NEWP,True,exact_canonical,newp,newp,pldb,,True,False,False,False,False,False,False,
Newspeak,True,exact_canonical,newspeak,newspeak,pldb,,True,False,False,False,False,True,False,
Newsqueak,True,exact_canonical,newsqueak,newsqueak,pldb,,True,False,False,False,False,False,False,
NewtonScript,True,exact_canonical,newtonscript,newtonscript,pldb,,True,False,False,False,False,False,True,
Nextflow,True,exact_canonical,nextflow,nextflow,linguist;pldb,.nf,True,True,False,False,True,False,False,
NFun,False,,,,,,False,False,False,False,False,False,False,
ngn/k,False,,,,,,False,False,False,False,False,False,False,
NGS,True,exact_canonical,ngs,ngs,pldb,,True,False,False,False,False,False,True,
Nial,True,exact_canonical,nial,nial,pldb,,True,False,False,False,False,False,True,
Nice,True,exact_canonical,nice,nice,esolang;pldb,,True,False,False,True,False,False,True,
Nickel,True,exact_canonical,nickel,Nickel,linguist,.ncl,False,True,False,False,False,True,False,
Nickle,True,exact_canonical,nickle,nickle,pldb,,True,False,False,False,False,False,True,
NIL,True,exact_canonical,nil,nil,esolang;pldb,,True,False,False,True,False,False,False,
Nile,True,exact_canonical,nile,Nile,esolang,,False,False,False,True,False,False,False,
Nim,True,exact_canonical,nim,nim,linguist;pldb,.nim .nim.cfg .nimble .nimrod .nims,True,True,False,False,True,True,True,
Nimble,False,,,,,,False,False,False,False,False,False,False,
Nimrod,True,exact_canonical,nimrod,nimrod,pldb,,True,False,False,False,False,True,False,
NimScript,False,,,,,,False,False,False,False,False,False,False,
Nit,True,exact_canonical,nit,nit,linguist;pldb,.nit,True,True,False,False,True,True,True,
Niue,False,,,,,,False,False,False,False,False,False,False,
Nix,True,exact_canonical,nix,nix,esolang;linguist;pldb,.nix,True,True,False,True,True,True,True,
Nix Expression Language,False,,,,,,False,False,False,False,False,False,False,
nklang,False,,,,,,False,False,False,False,False,False,False,
nMigen,False,,,,,,False,False,False,False,False,False,False,
NMODL,True,exact_canonical,nmodl,NMODL,linguist,.mod,False,True,False,False,False,True,False,
Nock,True,exact_canonical,nock,Nock,esolang,,False,False,False,True,False,False,False,
NODAL,True,exact_canonical,nodal,nodal,pldb,,True,False,False,False,False,False,False,
NoFlo,False,,,,,,False,False,False,False,False,False,False,
Noir,True,exact_canonical,noir,Noir,linguist,.nr,False,True,False,False,False,False,False,
NOMAD,True,exact_canonical,nomad,nomad,esolang;pldb,,True,False,False,True,False,False,False,
Noop,False,,,,,,False,False,False,False,False,False,False,
Not eXactly C,False,,,,,,False,False,False,False,False,False,False,
Not Quite C,False,,,,,,False,False,False,False,False,False,False,
Notation3,True,exact_canonical,notation3,notation3,pldb,,True,False,False,False,False,False,False,
Noulith,True,exact_canonical,noulith,noulith,pldb,,True,False,False,False,False,False,False,
Nova Assembly,False,,,,,,False,False,False,False,False,False,False,
Novah,False,,,,,,False,False,False,False,False,False,False,
Novika,False,,,,,,False,False,False,False,False,False,False,
Noweb,True,exact_canonical,noweb,noweb,pldb,,True,False,False,False,False,False,False,
NPL,True,exact_canonical,npl,npl,pldb,,True,False,False,False,False,False,False,
NQC,True,exact_canonical,nqc,nqc,pldb,,True,False,False,False,False,False,False,
NQL,False,,,,,,False,False,False,False,False,False,False,
NQP,False,,,,,,False,False,False,False,False,False,False,
Nqthm,False,,,,,,False,False,False,False,False,False,False,
Nroff,True,exact_canonical,nroff,nroff,pldb,,True,False,False,False,False,True,False,
NSBasic,False,,,,,,False,False,False,False,False,False,False,ns-basic;sbasic
NScripter,False,,,,,,False,False,False,False,False,False,False,
NSIS,True,exact_canonical,nsis,nsis,linguist;pldb,.nsh .nsi,True,True,False,False,True,True,True,
NTCC,False,,,,,,False,False,False,False,False,False,False,
Nu,True,exact_canonical,nu,nu,esolang;linguist;pldb,.nu,True,True,False,True,True,False,True,
Nu-Prolog,True,exact_canonical,nu-prolog,nu-prolog,pldb,,True,False,False,False,False,False,False,
Numbat,False,,,,,,False,False,False,False,False,False,False,
Nunjucks,True,exact_canonical,nunjucks,Nunjucks,linguist,.njk,False,True,False,False,False,False,False,
Nuprl,True,exact_canonical,nuprl,nuprl,pldb,,True,False,False,False,False,False,False,
Nushell,True,exact_canonical,nushell,nushell,linguist;pldb,.nu,True,True,False,False,False,False,False,
NuSMV,False,,,,,,False,False,False,False,False,False,False,
Nuua,True,exact_canonical,nuua,nuua,pldb,,True,False,False,False,False,False,False,
NVelocity,False,,,,,,False,False,False,False,False,False,False,
NWScript,True,exact_canonical,nwscript,nwscript,linguist;pldb,.nss,True,True,False,False,False,False,False,
NXC,True,exact_canonical,nxc,nxc,pldb,,True,False,False,False,False,False,False,
Nymph,True,exact_canonical,nymph,nymph,pldb,,True,False,False,False,False,False,False,
Nyquist,True,exact_canonical,nyquist,nyquist,pldb,,True,False,False,False,False,False,True,
Nyx,False,,,,,,False,False,False,False,False,False,False,
Oak,True,exact_canonical,oak,oak,esolang;pldb,,True,False,False,True,False,False,False,
Oaklisp,True,exact_canonical,oaklisp,oaklisp,pldb,,True,False,False,False,False,False,False,
OAL,False,,,,,,False,False,False,False,False,False,False,
Oberon,True,exact_canonical,oberon,oberon,linguist;pldb,.ob2,True,True,False,False,False,False,False,
Oberon+,False,,,,,,False,False,False,False,False,False,False,oberon
Oberon-0,False,,,,,,False,False,False,False,False,False,False,
Oberon-07,False,,,,,,False,False,False,False,False,False,False,
Oberon-1,False,,,,,,False,False,False,False,False,False,False,
Oberon-2,True,exact_canonical,oberon-2,oberon-2,pldb,,True,False,False,False,False,False,True,
Oberon-A,False,,,,,,False,False,False,False,False,False,False,
Obix,False,,,,,,False,False,False,False,False,False,False,
OBJ,True,exact_canonical,obj,obj,esolang;pldb,,True,False,False,True,False,False,False,
OBJ2,True,exact_canonical,obj2,obj2,pldb,,True,False,False,False,False,False,False,
OBJ3,False,,,,,,False,False,False,False,False,False,False,
Objeck,False,,,,,,False,False,False,False,False,False,False,
Object Pascal,False,,,,,,False,False,False,False,False,False,False,object-pascal
Object REXX,False,,,,,,False,False,False,False,False,False,False,
Object-Z,True,exact_canonical,object-z,object-z,pldb,,True,False,False,False,False,False,False,
Objective Caml,False,,,,,,False,False,False,False,False,False,False,
Objective-C,True,exact_canonical,objective-c,objective-c,linguist;pldb,.h .m,True,True,False,False,True,True,True,
Objective-C++,True,exact_canonical,objective-c-plus-plus,Objective-C++,linguist,.mm,False,True,False,False,True,True,False,
Objective-J,True,exact_canonical,objective-j,objective-j,linguist;pldb,.j .sj,True,True,False,False,True,True,False,
ObjectLogo,True,exact_canonical,objectlogo,objectlogo,pldb,,True,False,False,False,False,False,False,
ObjectPAL,True,exact_canonical,objectpal,objectpal,pldb,,True,False,False,False,False,False,False,
ObjectREXX,False,,,,,,False,False,False,False,False,False,False,object-rexx
ObjectScript,True,exact_canonical,objectscript,objectscript,linguist;pldb,.cls,True,True,False,False,True,True,False,
ObjVlisp,True,exact_canonical,objvlisp,objvlisp,pldb,,True,False,False,False,False,False,False,
Oblig,False,,,,,,False,False,False,False,False,False,False,
Obliq,True,exact_canonical,obliq,obliq,pldb,,True,False,False,False,False,False,False,
Oblivion Script,False,,,,,,False,False,False,False,False,False,False,
Oblix,False,,,,,,False,False,False,False,False,False,False,
Oblog,False,,,,,,False,False,False,False,False,False,False,
Oblong,False,,,,,,False,False,False,False,False,False,False,
Obsidian,True,exact_canonical,obsidian,obsidian,pldb,,True,False,False,False,False,False,False,
OCaml,True,exact_canonical,ocaml,ocaml,linguist;pldb,.eliom .eliomi .ml .ml4 .mli .mll .mly,True,True,False,False,True,True,True,
Occam,True,exact_canonical,occam,occam,pldb,,True,False,False,False,False,False,True,
occam-2,True,exact_canonical,occam-2,occam-2,pldb,,True,False,False,False,False,False,False,
Occam-pi,True,exact_canonical,occam-pi,occam-pi,pldb,,True,False,False,False,False,False,False,
OCL,True,exact_canonical,ocl,ocl,pldb,,True,False,False,False,False,False,False,
Octave,True,exact_canonical,octave,octave,pldb,,True,False,False,False,False,True,False,
Oden,True,exact_canonical,oden,oden,pldb,,True,False,False,False,False,False,False,
Odin,True,exact_canonical,odin,odin,linguist;pldb,.odin,True,True,False,False,True,True,True,
Oeuf,False,,,,,,False,False,False,False,False,False,False,
OFlux,False,,,,,,False,False,False,False,False,False,False,
Oforth,True,exact_canonical,oforth,oforth,pldb,,True,False,False,False,False,False,True,
Ohm,True,exact_canonical,ohm,ohm,pldb,,True,False,False,False,False,False,False,
Oil,True,exact_canonical,oil,oil,esolang;pldb,,True,False,False,True,False,False,False,
Oil Shell,False,,,,,,False,False,False,False,False,False,False,
oK,True,exact_canonical,ok,ok,pldb,,True,False,False,False,False,False,False,
Ol,False,,,,,,False,False,False,False,False,False,False,
Omega,True,exact_canonical,omega,omega,pldb,,True,False,False,False,False,False,True,
OMeta,True,exact_canonical,ometa,ometa,pldb,,True,False,False,False,False,False,False,
Omgrofl,True,exact_canonical,omgrofl,omgrofl,esolang;linguist;pldb,.omgrofl,True,True,False,True,True,False,False,
OmniMark,True,exact_canonical,omnimark,omnimark,pldb,,True,False,False,False,False,False,True,
OMNITAB,True,exact_canonical,omnitab,omnitab,pldb,,True,False,False,False,False,False,False,
Onyx,True,exact_canonical,onyx,onyx,pldb,,True,False,False,False,False,False,True,
ooc,True,exact_canonical,ooc,ooc,linguist;pldb,.ooc,True,True,False,False,True,True,True,
Ook!,True,normalized_canonical,ook,ook,esolang;pldb,,True,False,False,True,False,False,False,
ooRexx,False,,,,,,False,False,False,False,False,False,False,
OOT,False,,,,,,False,False,False,False,False,False,False,
Opa,True,exact_canonical,opa,opa,linguist;pldb,.opa,True,True,False,False,True,True,True,
Opal,True,exact_canonical,opal,opal,esolang;linguist;pldb,.opal,True,True,False,True,True,False,False,
Open Dylan,False,,,,,,False,False,False,False,False,False,False,
Open Object Rexx,False,,,,,,False,False,False,False,False,False,False,
Open Shading Language,False,,,,,,False,False,False,False,False,False,False,
OpenABL,False,,,,,,False,False,False,False,False,False,False,
OpenACC,False,,,,,,False,False,False,False,False,False,False,
OpenAxiom,False,,,,,,False,False,False,False,False,False,False,
OpenCilk,False,,,,,,False,False,False,False,False,False,False,
OpenCL,True,exact_canonical,opencl,opencl,linguist;pldb,.cl .opencl,True,True,False,False,True,True,False,
OpenCL C,False,,,,,,False,False,False,False,False,False,False,
OpenCOBOL,False,,,,,,False,False,False,False,False,False,False,
OpenEdge ABL,True,exact_canonical,openedge-abl,OpenEdge ABL,linguist,.cls .p .w,False,True,False,False,True,True,False,
OpenGL Shading Language,False,,,,,,False,False,False,False,False,False,False,
OpenLaszlo,False,,,,,,False,False,False,False,False,False,False,
OpenLisp,True,exact_canonical,openlisp,openlisp,pldb,,True,False,False,False,False,False,True,
OpenQASM,True,exact_canonical,openqasm,OpenQASM,linguist;wikipedia,.qasm,False,True,True,False,True,False,False,
OpenRISC Assembly,False,,,,,,False,False,False,False,False,False,False,
OpenROAD,True,exact_canonical,openroad,openroad,pldb,,True,False,False,False,False,False,False,
OpenSCAD,True,exact_canonical,openscad,openscad,linguist;pldb,.scad,True,True,False,False,True,True,True,
OpenScript,False,,,,,,False,False,False,False,False,False,False,
OpenVera,True,exact_canonical,openvera,openvera,pldb,,True,False,False,False,False,False,False,
OPL,True,exact_canonical,opl,opl,pldb,,True,False,False,False,False,False,True,
OPS5,True,exact_canonical,ops5,ops5,pldb,,True,False,False,False,False,False,False,
OpShin,False,,,,,,False,False,False,False,False,False,False,
OptimJ,True,exact_canonical,optimj,optimj,pldb,,True,False,False,False,False,False,False,
OQL,False,,,,,,False,False,False,False,False,False,False,
Orc,False,,,,,,False,False,False,False,False,False,False,
Orca,True,exact_canonical,orca,orca,esolang;pldb,,True,False,False,True,False,False,False,
ORCA/C,False,,,,,,False,False,False,False,False,False,False,
ORCA/M,False,,,,,,False,False,False,False,False,False,False,
ORCA/Pascal,False,,,,,,False,False,False,False,False,False,False,
Oric BASIC,False,,,,,,False,False,False,False,False,False,False,
Oriel,False,,,,,,False,False,False,False,False,False,False,
Origin C,False,,,,,,False,False,False,False,False,False,False,
Orwell,False,,,,,,False,False,False,False,False,False,False,
Ott,False,,,,,,False,False,False,False,False,False,False,
Otus Lisp,False,,,,,,False,False,False,False,False,False,False,
OVAL,False,,,,,,False,False,False,False,False,False,False,
Overlog,False,,,,,,False,False,False,False,False,False,False,
Overtone,False,,,,,,False,False,False,False,False,False,False,
Ovid,False,,,,,,False,False,False,False,False,False,False,
OWL,True,exact_canonical,owl,owl,esolang;pldb,,True,False,False,True,False,False,False,
Owl Lisp,False,,,,,,False,False,False,False,False,False,False,
OwlLisp,False,,,,,,False,False,False,False,False,False,False,
Ox,True,exact_canonical,ox,ox,linguist;pldb,.ox .oxh .oxo,True,True,False,False,True,False,False,
Oxygen Basic,False,,,,,,False,False,False,False,False,False,False,
OxygenBasic,False,,,,,,False,False,False,False,False,False,False,
Oxygene,True,exact_canonical,oxygene,oxygene,linguist;pldb,.oxygene,True,True,False,False,True,False,True,
Oxymoron,False,,,,,,False,False,False,False,False,False,False,
Oya,True,exact_canonical,oya,Oya,esolang,,False,False,False,True,False,False,False,
Oyster,False,,,,,,False,False,False,False,False,False,False,
Oz,True,exact_canonical,oz,oz,esolang;linguist;pldb,.oz,True,True,False,True,True,False,True,
P,True,exact_canonical,p,p,esolang;pldb,,True,False,False,True,False,False,False,
P#,False,,,,,,False,False,False,False,False,False,False,
P4,True,exact_canonical,p4,p4,linguist;pldb,.p4,True,True,False,False,True,False,False,
PA-RISC Assembly,False,,,,,,False,False,False,False,False,False,False,
PacketC,False,,,,,,False,False,False,False,False,False,False,
Pact,True,exact_canonical,pact,pact,linguist;pldb,.pact,True,True,False,False,False,False,False,
PACT I,False,,,,,,False,False,False,False,False,False,False,
Paintfuck,True,exact_canonical,paintfuck,Paintfuck,esolang,,False,False,False,True,False,False,False,
PAL,False,,,,,,False,False,False,False,False,False,False,
PALASM,True,exact_canonical,palasm,palasm,pldb,,True,False,False,False,False,False,False,
Pallene,False,,,,,,False,False,False,False,False,False,False,
Palo Alto Tiny BASIC,False,,,,,,False,False,False,False,False,False,False,
Pan,True,exact_canonical,pan,pan,linguist;pldb,.pan,True,True,False,False,True,True,False,
Panda,False,,,,,,False,False,False,False,False,False,False,
Panini,False,,,,,,False,False,False,False,False,False,False,
Panorama,False,,,,,,False,False,False,False,False,False,False,
Papyrus,True,exact_canonical,papyrus,papyrus,linguist;pldb,.psc,True,True,False,False,True,True,False,
Paradoc,False,,,,,,False,False,False,False,False,False,False,
Parallaxis,False,,,,,,False,False,False,False,False,False,False,
ParaSail,True,exact_canonical,parasail,parasail,pldb,,True,False,False,False,False,True,False,
Parenscript,True,exact_canonical,parenscript,parenscript,pldb,,True,False,False,False,False,False,False,
PARI/GP,False,,,,,,False,False,False,False,False,False,False,
Parlog,True,exact_canonical,parlog,parlog,pldb,,True,False,False,False,False,False,False,
Parrot,True,exact_canonical,parrot,Parrot,esolang;linguist,.parrot,False,True,False,True,True,False,False,
PartiQL,True,exact_canonical,partiql,partiql,pldb,,True,False,False,False,False,False,False,
Pascal,True,exact_canonical,pascal,pascal,linguist;pldb,.dfm .dpr .inc .lpr .pas .pascal .pp,True,True,False,False,True,True,True,
Pascal-FC,True,exact_canonical,pascal-fc,pascal-fc,pldb,,True,False,False,False,False,False,False,
PASCAL-S,True,exact_canonical,pascal-s,pascal-s,pldb,,True,False,False,False,False,False,False,
Pascal-SC,True,exact_canonical,pascal-sc,pascal-sc,pldb,,True,False,False,False,False,False,False,
Pascal/MT+,False,,,,,,False,False,False,False,False,False,False,
PASCAL-XSC,True,exact_canonical,pascal-xsc,pascal-xsc,pldb,,True,False,False,False,False,False,False,
PascalABC.NET,True,exact_tool,pascal-abc.net,pascal-abc.net,pldb,,True,False,False,False,False,False,True,
PascalScript,False,,,,,,False,False,False,False,False,False,False,pascal-script
PASM,True,exact_canonical,pasm,PASM,esolang,,False,False,False,True,False,False,False,
Passerine,True,exact_canonical,passerine,passerine,pldb,,True,False,False,False,False,False,False,
Pawn,True,exact_canonical,pawn,pawn,linguist;pldb,.inc .pwn .sma,True,True,False,False,True,True,False,
PBASIC,True,exact_canonical,pbasic,pbasic,pldb,,True,False,False,False,False,False,False,
PC-BASIC,False,,,,,,False,False,False,False,False,False,False,
PCASTL,False,,,,,,False,False,False,False,False,False,False,
PCF,False,,,,,,False,False,False,False,False,False,False,
PCN,True,exact_canonical,pcn,pcn,pldb,,True,False,False,False,False,False,False,
PDC Prolog,False,,,,,,False,False,False,False,False,False,False,
PDDL,True,exact_canonical,pddl,PDDL,linguist,.pddl,False,True,False,False,False,True,False,
PDL,True,exact_canonical,pdl,pdl,pldb,,True,False,False,False,False,False,False,
PDL2,False,,,,,,False,False,False,False,False,False,False,
PDML,False,,,,,,False,False,False,False,False,False,False,
PDP-1 Assembly,False,,,,,,False,False,False,False,False,False,False,
PDP-10 Assembly,False,,,,,,False,False,False,False,False,False,False,
PDP-11 Assembly,False,,,,,,False,False,False,False,False,False,False,
PDP-12 Assembly,False,,,,,,False,False,False,False,False,False,False,
PDP-15 Assembly,False,,,,,,False,False,False,False,False,False,False,
PDP-4 Assembly,False,,,,,,False,False,False,False,False,False,False,
PDP-5 Assembly,False,,,,,,False,False,False,False,False,False,False,
PDP-6 Assembly,False,,,,,,False,False,False,False,False,False,False,
PDP-7 Assembly,False,,,,,,False,False,False,False,False,False,False,
PDP-8 Assembly,False,,,,,,False,False,False,False,False,False,False,
PDP-9 Assembly,False,,,,,,False,False,False,False,False,False,False,
PEARL,True,exact_canonical,pearl,pearl,pldb,,True,False,False,False,False,False,False,
Pebble,True,exact_canonical,pebble,pebble,pldb,,True,False,False,False,False,False,True,
Pegasus Autocode,False,,,,,,False,False,False,False,False,False,False,pegasus-autocode
Pen,False,,,,,,False,False,False,False,False,False,False,
Penrose,True,exact_canonical,penrose,penrose,pldb,,True,False,False,False,False,False,False,
PeopleCode,True,exact_canonical,peoplecode,peoplecode,pldb,,True,False,False,False,False,False,True,
Pep,True,exact_canonical,pep,pep,pldb,,True,False,False,False,False,False,False,
PEP-10,False,,,,,,False,False,False,False,False,False,False,
Pep-7,False,,,,,,False,False,False,False,False,False,False,
Pep-8,False,,,,,,False,False,False,False,False,False,False,
Pep-9,False,,,,,,False,False,False,False,False,False,False,
Pep/8,False,,,,,,False,False,False,False,False,False,False,
PEPA,False,,,,,,False,False,False,False,False,False,False,
Perl,True,exact_canonical,perl,perl,esolang;linguist;pldb;wikipedia,.al .cgi .fcgi .perl .ph .pl .plx .pm .psgi .t,True,True,True,True,True,True,True,
Perl 6,False,,,,,,False,False,False,False,False,False,False,
Perl6,True,exact_alias,raku,raku,linguist;pldb,.6pl .6pm .nqp .p6 .p6l .p6m .pl .pl6 .pm .pm6 .raku .rakumod .t,True,True,False,False,True,True,True,
Perlito,False,,,,,,False,False,False,False,False,False,False,
PerlScript,False,,,,,,False,False,False,False,False,False,False,
PET BASIC,False,,,,,,False,False,False,False,False,False,False,
PFE,False,,,,,,False,False,False,False,False,False,False,
pForth,False,,,,,,False,False,False,False,False,False,False,
PGF,False,,,,,,False,False,False,False,False,False,False,
PGQL,True,exact_canonical,pgql,pgql,pldb,,True,False,False,False,False,False,False,
pH,False,,,,,,False,False,False,False,False,False,False,
Phalanger,False,,,,,,False,False,False,False,False,False,False,
Pharo,True,exact_canonical,pharo,pharo,pldb;wikipedia,,True,False,True,False,False,False,False,
Phel,True,exact_canonical,phel,phel,pldb,,True,False,False,False,False,False,False,
Phix,False,,,,,,False,False,False,False,False,False,False,
PHP,True,exact_canonical,php,php,linguist;pldb;wikipedia,.aw .ctp .fcgi .inc .php .php3 .php4 .php5 .phps .phpt,True,True,True,False,True,True,True,
Phrogram,False,,,,,,False,False,False,False,False,False,False,
Pic,True,exact_canonical,pic,pic,linguist;pldb,.chem .pic,True,True,False,False,True,False,False,
PIC Assembly,False,,,,,,False,False,False,False,False,False,False,
Picat,True,exact_canonical,picat,picat,pldb,,True,False,False,False,False,False,True,
PICAXE BASIC,False,,,,,,False,False,False,False,False,False,False,
PicBasic,False,,,,,,False,False,False,False,False,False,False,
Piccolo,False,,,,,,False,False,False,False,False,False,False,
Pick BASIC,False,,,,,,False,False,False,False,False,False,False,
Pico,True,exact_canonical,pico,pico,esolang;pldb,,True,False,False,True,False,False,False,
PICO-8,False,,,,,,False,False,False,False,False,False,False,
PicoBlaze Assembly,False,,,,,,False,False,False,False,False,False,False,
PicoC,False,,,,,,False,False,False,False,False,False,False,
Picol,False,,,,,,False,False,False,False,False,False,False,
Picolisp,True,exact_canonical,picolisp,picolisp,linguist;pldb,.l,True,True,False,False,True,False,True,
Picrin,False,,,,,,False,False,False,False,False,False,False,
Pict,True,exact_canonical,pict,pict,pldb,,True,False,False,False,False,False,True,
Pie,True,exact_canonical,pie,pie,esolang;pldb,,True,False,False,True,False,False,False,
Piet,True,exact_canonical,piet,Piet,esolang,,False,False,False,True,False,False,True,
Pig Latin,False,,,,,,False,False,False,False,False,False,False,PigLatin
Pikchr,True,exact_canonical,pikchr,pikchr,pldb,,True,False,False,False,False,False,False,
Pike,True,exact_canonical,pike,pike,linguist;pldb,.pike .pmod,True,True,False,False,True,True,True,
Pikelet,True,exact_canonical,pikelet,pikelet,pldb,,True,False,False,False,False,False,False,
PIKT,True,exact_canonical,pikt,pikt,pldb,,True,False,False,False,False,False,False,
Pilog,False,,,,,,False,False,False,False,False,False,False,
PILOT,True,exact_canonical,pilot,pilot,pldb,,True,False,False,False,False,False,True,
Pinafore,False,,,,,,False,False,False,False,False,False,False,
Pine Script,False,,,,,,False,False,False,False,False,False,False,
Pinecone,True,exact_canonical,pinecone,Pinecone,esolang,,False,False,False,True,False,False,False,
Pip,True,exact_canonical,pip,Pip,esolang,,False,False,False,True,False,False,False,
PIR,True,exact_alias,parrot-internal-representation,parrot-internal-representation,linguist;pldb,.pir,True,True,False,False,True,False,True,
Pixel Bender,False,,,,,,False,False,False,False,False,False,False,
Pixie,False,,,,,,False,False,False,False,False,False,False,
Pixilang,False,,,,,,False,False,False,False,False,False,False,
Pizza,True,exact_canonical,pizza,pizza,esolang;pldb,,True,False,False,True,False,False,False,
Pkl,True,exact_canonical,pkl,pkl,linguist;pldb,.pkl,True,True,False,False,False,False,False,
PL-11,True,exact_canonical,pl-11,pl-11,pldb,,True,False,False,False,False,False,False,
PL-X,True,exact_canonical,pl-x,pl-x,pldb,,True,False,False,False,False,False,False,
PL/0,False,,,,,,False,False,False,False,False,False,False,
PL/360,False,,,,,,False,False,False,False,False,False,False,
PL/6,False,,,,,,False,False,False,False,False,False,False,
PL/8,False,,,,,,False,False,False,False,False,False,False,
PL/A,False,,,,,,False,False,False,False,False,False,False,
PL/B,False,,,,,,False,False,False,False,False,False,False,
PL/C,False,,,,,,False,False,False,False,False,False,False,
PL/CS,False,,,,,,False,False,False,False,False,False,False,
PL/I,False,,,,,,False,False,False,False,False,False,False,
PL/J,False,,,,,,False,False,False,False,False,False,False,
PL/M,False,,,,,,False,False,False,False,False,False,False,
PL/M-386,False,,,,,,False,False,False,False,False,False,False,
PL/M-51,False,,,,,,False,False,False,False,False,False,False,
PL/M-80,False,,,,,,False,False,False,False,False,False,False,
PL/M-86,False,,,,,,False,False,False,False,False,False,False,
PL/P,False,,,,,,False,False,False,False,False,False,False,
PL/pgSQL,True,exact_tool,plpgsql,plpgsql,linguist;pldb,.pgsql .sql,True,True,False,False,True,True,True,
PL/S,False,,,,,,False,False,False,False,False,False,False,
PL/SQL,False,,,,,,False,False,False,False,False,False,False,
PL/T,False,,,,,,False,False,False,False,False,False,False,
PL/Tcl,False,,,,,,False,False,False,False,False,False,False,
PL/Z,False,,,,,,False,False,False,False,False,False,False,
PL360,True,exact_canonical,pl360,pl360,pldb,,True,False,False,False,False,False,False,
PL516,False,,,,,,False,False,False,False,False,False,False,
Plaid,False,,,,,,False,False,False,False,False,False,False,
Plain English,True,exact_tool,plain-english,plain-english,pldb,,True,False,False,False,False,False,True,
Plait,False,,,,,,False,False,False,False,False,False,False,
PLAN,False,,,,,,False,False,False,False,False,False,False,
Plan 9 C,False,,,,,,False,False,False,False,False,False,False,
PLANC,False,,,,,,False,False,False,False,False,False,False,
PLANIT,True,exact_canonical,planit,planit,pldb,,True,False,False,False,False,False,False,
Plankalkul,True,exact_canonical,plankalkul,plankalkul,esolang;pldb,,True,False,False,True,False,False,False,
Plankalkül,True,normalized_canonical,plankalkul,plankalkul,esolang;pldb,,True,False,False,True,False,False,False,
Planner,True,exact_canonical,planner,planner,pldb,,True,False,False,False,False,False,False,
PlantUML,True,exact_canonical,plantuml,plantuml,linguist;pldb,.iuml .plantuml .puml,True,True,False,False,True,False,False,
Plasma,True,exact_canonical,plasma,plasma,pldb,,True,False,False,False,False,False,False,
Plato,False,,,,,,False,False,False,False,False,False,False,
PlayBasic,False,,,,,,False,False,False,False,False,False,False,
PLEX,True,exact_canonical,plex,plex,pldb,,True,False,False,False,False,False,False,
Plexil,True,exact_canonical,plexil,plexil,pldb,,True,False,False,False,False,False,False,
Pliant,True,exact_canonical,pliant,pliant,pldb,,True,False,False,False,False,False,False,
Plorth,False,,,,,,False,False,False,False,False,False,False,
Plover,False,,,,,,False,False,False,False,False,False,False,
PLUS,True,exact_canonical,plus,plus,esolang;pldb,,True,False,False,True,False,False,True,
PlusCal,False,,,,,,False,False,False,False,False,False,False,
Pluto,False,,,,,,False,False,False,False,False,False,False,
Plutus,False,,,,,,False,False,False,False,False,False,False,
PLZ,True,exact_canonical,plz,plz,pldb,,True,False,False,False,False,False,False,
PMML,False,,,,,,False,False,False,False,False,False,False,
Pnuts,True,exact_canonical,pnuts,pnuts,pldb,,True,False,False,False,False,False,False,
Pocketlang,False,,,,,,False,False,False,False,False,False,False,
PogoScript,True,exact_canonical,pogoscript,pogoscript,linguist;pldb,.pogo,True,True,False,False,True,False,False,
Pointless,True,exact_canonical,pointless,pointless,esolang;pldb,,True,False,False,True,False,True,True,
Poke,True,exact_canonical,poke,poke,esolang;pldb,,True,False,False,True,False,False,False,
Polar,True,exact_canonical,polar,Polar,linguist,.polar,False,True,False,False,False,False,False,
Pollen,False,,,,,,False,False,False,False,False,False,False,
PolyForth,False,,,,,,False,False,False,False,False,False,False,
POLYMATH,True,exact_canonical,polymath,polymath,pldb,,True,False,False,False,False,False,False,
PolyML,False,,,,,,False,False,False,False,False,False,False,
PolyP,True,exact_canonical,polyp,polyp,pldb,,True,False,False,False,False,False,False,
Polyphonic C#,False,,,,,,False,False,False,False,False,False,False,
Ponder,False,,,,,,False,False,False,False,False,False,False,
Pony,True,exact_canonical,pony,pony,linguist;pldb,.pony,True,True,False,False,True,True,True,
POOL,False,,,,,,False,False,False,False,False,False,False,
POP-1,False,,,,,,False,False,False,False,False,False,False,
Pop-11,True,exact_canonical,pop-11,pop-11,pldb,,True,False,False,False,False,False,False,
POP-2,True,exact_canonical,pop-2,pop-2,pldb;wikipedia,,True,False,True,False,False,False,False,
POPLER,False,,,,,,False,False,False,False,False,False,False,
Poplog,True,exact_canonical,poplog,poplog,pldb,,True,False,False,False,False,False,False,
Popr,True,exact_canonical,popr,popr,pldb,,True,False,False,False,False,False,False,
Portable Standard Lisp,False,,,,,,False,False,False,False,False,False,False,
Porth,False,,,,,,False,False,False,False,False,False,False,
Portugol,True,exact_canonical,portugol,Portugol,linguist,.por,False,True,False,False,False,True,True,
PostFix,False,,,,,,False,False,False,False,False,False,False,
PostScript,True,exact_canonical,postscript,postscript,linguist;pldb,.eps .epsi .pfa .ps,True,True,False,False,True,True,True,
Potigol,False,,,,,,False,False,False,False,False,False,False,
Potion,True,exact_canonical,potion,potion,pldb,,True,False,False,False,False,False,True,
POV-Ray,True,exact_alias,pov-ray-sdl,pov-ray-sdl,linguist;pldb,.inc .pov,True,True,False,False,True,True,True,
POV-Ray SDL,True,exact_tool,pov-ray-sdl,pov-ray-sdl,linguist;pldb,.inc .pov,True,True,False,False,True,True,True,
Power Fx,False,,,,,,False,False,False,False,False,False,False,
Power Query M,False,,,,,,False,False,False,False,False,False,False,
PowerBASIC,True,exact_canonical,powerbasic,powerbasic,pldb,,True,False,False,False,False,False,True,
PowerBuilder,True,exact_canonical,powerbuilder,powerbuilder,linguist;pldb,.pbt .sra .sru .srw,True,True,False,False,True,False,True,
Powerhouse,False,,,,,,False,False,False,False,False,False,False,
PowerLoom,False,,,,,,False,False,False,False,False,False,False,
PowerPC Assembly,False,,,,,,False,False,False,False,False,False,False,
Powershell,True,exact_canonical,powershell,powershell,linguist;pldb,.ps1 .psd1 .psm1,True,True,False,False,True,True,True,
PPL,False,,,,,,False,False,False,False,False,False,False,
Praat,True,exact_canonical,praat,Praat,linguist,.praat,False,True,False,False,False,True,False,
Prelude,True,exact_canonical,prelude,Prelude,esolang,,False,False,False,True,False,False,False,
PRINT,True,exact_canonical,print,PRINT,esolang,,False,False,False,True,False,False,False,
PRISM,True,exact_canonical,prism,prism,pldb,,True,False,False,False,False,False,False,
ProbLog,False,,,,,,False,False,False,False,False,False,False,prolog
Processing,True,exact_canonical,processing,processing,linguist;pldb;wikipedia,.pde,True,True,True,False,True,False,True,
Produire,False,,,,,,False,False,False,False,False,False,False,
Profan²,False,,,,,,False,False,False,False,False,False,False,
PROGOL,True,exact_canonical,progol,progol,pldb,,True,False,False,False,False,False,False,
Prograph,True,exact_canonical,prograph,prograph,pldb,,True,False,False,False,False,False,False,
Progress 4GL,False,,,,,,False,False,False,False,False,False,False,
Progress ABL,False,,,,,,False,False,False,False,False,False,False,
PROIV,True,exact_canonical,proiv,proiv,pldb,,True,False,False,False,False,False,False,
Prolog,True,exact_canonical,prolog,prolog,linguist;pldb,.pl .plt .pro .prolog .yap,True,True,False,False,True,True,True,
Prolog II,False,,,,,,False,False,False,False,False,False,False,
Prolog III,False,,,,,,False,False,False,False,False,False,False,
PROMAL,True,exact_canonical,promal,promal,pldb,,True,False,False,False,False,False,True,
Promela,True,exact_canonical,promela,promela,linguist;pldb,.pml,True,True,False,False,False,True,False,
PromQL,True,exact_canonical,promql,promql,pldb,,True,False,False,False,False,True,False,
PROSE,False,,,,,,False,False,False,False,False,False,False,
PROTEL,True,exact_canonical,protel,protel,pldb,,True,False,False,False,False,False,False,
Protocol Buffers,True,exact_alias,protocol-buffer,Protocol Buffer,linguist,.proto,False,True,False,False,True,True,False,
Prova,False,,,,,,False,False,False,False,False,False,False,
ProVerif,False,,,,,,False,False,False,False,False,False,False,
ProvideX,True,exact_canonical,providex,providex,pldb,,True,False,False,False,False,False,False,
PRQL,True,exact_canonical,prql,prql,pldb,,True,False,False,False,False,True,False,
PS-algol,True,exact_canonical,ps-algol,ps-algol,pldb,,True,False,False,False,False,False,False,
PseInt,True,exact_canonical,pseint,pseint,pldb,,True,False,False,False,False,False,False,
PSF,False,,,,,,False,False,False,False,False,False,False,
PSHDL,False,,,,,,False,False,False,False,False,False,False,
PSL,True,exact_canonical,psl,psl,pldb,,True,False,False,False,False,False,False,
PT Pascal,False,,,,,,False,False,False,False,False,False,False,
Ptolemy II,False,,,,,,False,False,False,False,False,False,False,
PTX,True,exact_canonical,ptx,ptx,pldb,,True,False,False,False,False,True,False,
Pug,True,exact_canonical,pug,pug,linguist;pldb,.jade .pug,True,True,False,False,True,True,False,
Puppet,True,exact_canonical,puppet,puppet,linguist;pldb,.pp,True,True,False,False,True,True,False,
Pure,True,exact_canonical,pure,pure,esolang;pldb,,True,False,False,True,False,False,True,
Pure Data,True,exact_canonical,pure-data,Pure Data,linguist,.pd,False,True,False,False,True,False,True,
PureBasic,True,exact_canonical,purebasic,purebasic,linguist;pldb;wikipedia,.pb .pbi,True,True,True,False,True,False,True,
Purerl,False,,,,,,False,False,False,False,False,False,False,
PureScript,True,exact_canonical,purescript,purescript,linguist;pldb,.purs,True,True,False,False,True,False,False,
PuzzleScript,False,,,,,,False,False,False,False,False,False,False,
PVS,True,exact_canonical,pvs,pvs,pldb,,True,False,False,False,False,False,False,
Pyret,True,exact_canonical,pyret,pyret,linguist;pldb,.arr,True,True,False,False,False,False,True,
Pyrex,True,exact_canonical,pyrex,pyrex,pldb,,True,False,False,False,False,True,False,
Pyro,False,,,,,,False,False,False,False,False,False,False,
Pyrope,False,,,,,,False,False,False,False,False,False,False,
PyRTL,False,,,,,,False,False,False,False,False,False,False,
Pyth,True,exact_canonical,pyth,pyth,esolang;pldb,,True,False,False,True,False,False,False,
Python,True,exact_canonical,python,Python,esolang;linguist,.cgi .fcgi .gyp .gypi .lmi .py .py3 .pyde .pyi .pyp .pyt .pyw .rpy .spec .tac .wsgi .xpy,False,True,False,True,True,True,True,
Pythran,False,,,,,,False,False,False,False,False,False,False,
Pyxell,False,,,,,,False,False,False,False,False,False,False,
PZAB,True,exact_canonical,pzab,PZAB,esolang,,False,False,False,True,False,False,False,
Q,True,exact_canonical,q,q,esolang;linguist;pldb,.q,True,True,False,True,True,True,True,
Q (Kx Systems),False,,,,,,False,False,False,False,False,False,False,
Q#,True,exact_tool,q-sharp,q-sharp,linguist;pldb,.qs,True,True,False,False,False,False,True,
Q'Nial,False,,,,,,False,False,False,False,False,False,False,
QA-4,False,,,,,,False,False,False,False,False,False,False,
Qalb,True,exact_canonical,qalb,qalb,pldb,,True,False,False,False,False,False,False,
QB64,True,exact_canonical,qb64,qb64,pldb,,True,False,False,False,False,False,False,
QBasic,True,exact_canonical,qbasic,qbasic,pldb,,True,False,False,False,False,True,False,
QBE,True,exact_canonical,qbe,qbe,pldb,,True,False,False,False,False,False,False,
QBX,False,,,,,,False,False,False,False,False,False,False,
QCL,True,exact_canonical,qcl,qcl,pldb,,True,False,False,False,False,False,False,
QED,False,,,,,,False,False,False,False,False,False,False,
QEPCAD,False,,,,,,False,False,False,False,False,False,False,
QFTASM,False,,,,,,False,False,False,False,False,False,False,
QG,False,,,,,,False,False,False,False,False,False,False,
qGCL,False,,,,,,False,False,False,False,False,False,False,
Qi,False,,,,,,False,False,False,False,False,False,False,
Qi II,False,,,,,,False,False,False,False,False,False,False,
QL,True,exact_alias,codeql,codeql,linguist;pldb,.ql .qll,True,True,False,False,True,True,False,
QMASM,False,,,,,,False,False,False,False,False,False,False,
QML,True,exact_canonical,qml,QML,linguist,.qbs .qml,False,True,False,False,True,True,False,
Qnial,False,,,,,,False,False,False,False,False,False,False,
QO,True,exact_canonical,qo,QO,esolang,,False,False,False,True,False,False,False,
Qore,True,exact_canonical,qore,qore,pldb,,True,False,False,False,False,False,True,
QPL,False,,,,,,False,False,False,False,False,False,False,
Qu-Prolog,False,,,,,,False,False,False,False,False,False,False,
Quackery,False,,,,,,False,False,False,False,False,False,False,
QuakeC,True,exact_canonical,quakec,quakec,linguist;pldb,.qc,True,True,False,False,False,False,True,
Quartz,False,,,,,,False,False,False,False,False,False,False,
QUEL,True,exact_canonical,quel,quel,pldb,,True,False,False,False,False,False,False,
Quest,True,exact_canonical,quest,Quest,esolang,,False,False,False,True,False,False,False,
QuickBASIC,True,exact_canonical,quickbasic,quickbasic,linguist;pldb,.bas .bi,True,True,False,False,False,True,True,
QuickJS,True,exact_canonical,quickjs,quickjs,pldb,,True,False,False,False,False,False,False,
QUIKTRAN,True,exact_canonical,quiktran,quiktran,pldb,,True,False,False,False,False,False,False,
Quil,False,,,,,,False,False,False,False,False,False,False,
Quint,True,exact_canonical,quint,quint,esolang;pldb,,True,False,False,True,False,False,False,
Quintus Prolog,False,,,,,,False,False,False,False,False,False,False,
Quipper,False,,,,,,False,False,False,False,False,False,False,
Quipu,True,exact_canonical,quipu,Quipu,esolang,,False,False,False,True,False,False,False,
Quirrel,False,,,,,,False,False,False,False,False,False,False,squirrel
Quorum,True,exact_canonical,quorum,quorum,pldb,,True,False,False,False,False,False,True,
QWIRE,False,,,,,,False,False,False,False,False,False,False,
Qy,False,,,,,,False,False,False,False,False,False,False,
R,True,exact_canonical,r,r,linguist;pldb,.r .rd .rsx,True,True,False,False,True,True,True,
Racket,True,exact_canonical,racket,racket,linguist;pldb,.rkt .rktd .rktl .scrbl,True,True,False,False,True,True,True,
Ragel,True,exact_canonical,ragel,ragel,linguist;pldb,.rl,True,True,False,False,True,True,False,
Rail,True,exact_canonical,rail,Rail,esolang,,False,False,False,True,False,False,False,
RAISE,False,,,,,,False,False,False,False,False,False,False,
Raku,True,exact_canonical,raku,raku,linguist;pldb,.6pl .6pm .nqp .p6 .p6l .p6m .pl .pl6 .pm .pm6 .raku .rakumod .t,True,True,False,False,True,True,True,
RAMIS,False,,,,,,False,False,False,False,False,False,False,
Rant,True,exact_canonical,rant,rant,pldb,,True,False,False,False,False,False,False,
RAPID,True,exact_canonical,rapid,rapid,pldb,,True,False,False,False,False,False,False,
RapidBATCH,True,exact_canonical,rapidbatch,rapidbatch,pldb,,True,False,False,False,False,False,False,
RapidQ,True,exact_canonical,rapidq,rapidq,pldb,,True,False,False,False,False,False,True,
Rapira,True,exact_canonical,rapira,rapira,pldb,,True,False,False,False,False,False,True,
RAPTOR,True,exact_canonical,raptor,raptor,pldb,,True,False,False,False,False,False,False,
Rascal,True,exact_canonical,rascal,rascal,linguist;pldb,.rsc,True,True,False,False,True,False,True,
Rash,False,,,,,,False,False,False,False,False,False,False,
Ratfiv,True,exact_canonical,ratfiv,ratfiv,pldb,,True,False,False,False,False,False,False,
Ratfor,True,exact_canonical,ratfor,ratfor,pldb,,True,False,False,False,False,False,True,
RATS,False,,,,,,False,False,False,False,False,False,False,
Raven,False,,,,,,False,False,False,False,False,False,False,
Ravi,False,,,,,,False,False,False,False,False,False,False,
Razor,True,exact_canonical,razor,razor,pldb,,True,False,False,False,False,False,False,
rc,True,exact_canonical,rc,rc,pldb,,True,False,False,False,False,False,False,
RDFS,False,,,,,,False,False,False,False,False,False,False,
RDML,True,exact_canonical,rdml,rdml,pldb,,True,False,False,False,False,False,False,
RDQL,False,,,,,,False,False,False,False,False,False,False,
Reach,True,exact_canonical,reach,reach,pldb,,True,False,False,False,False,False,False,
Reactive ML,False,,,,,,False,False,False,False,False,False,False,
ReactiveML,False,,,,,,False,False,False,False,False,False,False,
REALbasic,True,exact_canonical,realbasic,realbasic,linguist;pldb,.rbbas .rbfrm .rbmnu .rbres .rbtbar .rbuistate,True,True,False,False,True,False,True,
Reason,True,exact_canonical,reason,reason,linguist;pldb,.re .rei,True,True,False,False,True,True,True,
ReasonML,False,,,,,,False,False,False,False,False,False,False,
Rebeca,False,,,,,,False,False,False,False,False,False,False,
REBOL,True,exact_canonical,rebol,rebol,linguist;pldb;wikipedia,.r .r2 .r3 .reb .rebol,True,True,True,False,True,True,True,
ReCT,False,,,,,,False,False,False,False,False,False,False,
Red,True,exact_canonical,red,Red,esolang;linguist,.red .reds,False,True,False,True,True,True,True,
Red/System,True,exact_alias,red,Red,esolang;linguist,.red .reds,False,True,False,True,True,True,True,
Redcode,True,exact_canonical,redcode,redcode,esolang;linguist;pldb,.cw,True,True,False,True,True,True,False,
Redline Smalltalk,False,,,,,,False,False,False,False,False,False,False,
RedPRL,True,exact_canonical,redprl,redprl,pldb,,True,False,False,False,False,False,False,
RedTT,False,,,,,,False,False,False,False,False,False,False,
Reduce,True,exact_canonical,reduce,reduce,pldb,,True,False,False,False,False,False,True,
Refal,True,exact_canonical,refal,refal,pldb;wikipedia,,True,False,True,False,False,False,True,
Reflex,False,,,,,,False,False,False,False,False,False,False,
Reflow,False,,,,,,False,False,False,False,False,False,False,
Regent,True,exact_canonical,regent,regent,pldb,,True,False,False,False,False,False,False,
Regina REXX,False,,,,,,False,False,False,False,False,False,False,
Rego,False,,,,,,False,False,False,False,False,False,False,
Reia,True,exact_canonical,reia,reia,pldb,,True,False,False,False,False,False,False,
Rell,False,,,,,,False,False,False,False,False,False,False,
Remora,False,,,,,,False,False,False,False,False,False,False,
Ren'Py,True,exact_canonical,ren-py,Ren'Py,linguist,.rpy,False,True,False,False,True,False,False,
Ren-C,True,exact_canonical,ren-c,ren-c,pldb,,True,False,False,False,False,False,False,
RenderMan Shading Language,False,,,,,,False,False,False,False,False,False,False,renderman-shading-language
RenderScript,True,exact_canonical,renderscript,renderscript,linguist;pldb,.rs .rsh,True,True,False,False,True,True,False,
ReScript,True,exact_canonical,rescript,rescript,linguist;pldb,.res .resi,True,True,False,False,False,False,True,
Retina,True,exact_canonical,retina,Retina,esolang,,False,False,False,True,False,False,False,
Retro,False,,,,,,False,False,False,False,False,False,False,
RetroForth,True,exact_canonical,retroforth,retroforth,pldb,,True,False,False,False,False,False,False,
Rev,True,exact_canonical,rev,Rev,esolang,,False,False,False,True,False,False,False,
Rexx,True,exact_canonical,rexx,rexx,linguist;pldb,.pprx .rex .rexx,True,True,False,False,True,True,True,
Rexygen,False,,,,,,False,False,False,False,False,False,False,
Rez,True,exact_canonical,rez,Rez,linguist,.r,False,True,False,False,False,False,False,
rFun,False,,,,,,False,False,False,False,False,False,False,
RGSS,False,,,,,,False,False,False,False,False,False,False,
Rhai,True,exact_canonical,rhai,rhai,pldb,,True,False,False,False,False,False,False,
Rholang,True,exact_canonical,rholang,rholang,pldb,,True,False,False,False,False,False,False,
Rhombus,True,exact_canonical,rhombus,rhombus,pldb,,True,False,False,False,False,False,True,
Rhope,False,,,,,,False,False,False,False,False,False,False,
Rhovas,False,,,,,,False,False,False,False,False,False,False,
Ride,False,,,,,,False,False,False,False,False,False,False,
Riff,True,exact_canonical,riff,riff,pldb,,True,False,False,False,False,False,False,
Rigal,True,exact_canonical,rigal,rigal,pldb,,True,False,False,False,False,False,False,
Ring,True,exact_canonical,ring,ring,linguist;pldb,.ring,True,True,False,False,True,False,True,
Rink,False,,,,,,False,False,False,False,False,False,False,
RISC OS BASIC,False,,,,,,False,False,False,False,False,False,False,
RISC-V Assembly,False,,,,,,False,False,False,False,False,False,False,
Risor,False,,,,,,False,False,False,False,False,False,False,
RiveScript,False,,,,,,False,False,False,False,False,False,False,
rk,False,,,,,,False,False,False,False,False,False,False,
Rlab,True,exact_canonical,rlab,rlab,pldb,,True,False,False,False,False,False,True,
RLISP,True,exact_canonical,rlisp,rlisp,pldb,,True,False,False,False,False,False,False,
RoboMind,True,exact_canonical,robomind,robomind,pldb,,True,False,False,False,False,False,False,
Robot,False,,,,,,False,False,False,False,False,False,False,
Robot Framework,False,,,,,,False,False,False,False,False,False,False,robotframework
Robot Karol,False,,,,,,False,False,False,False,False,False,False,
RobotC,True,exact_canonical,robotc,robotc,pldb,,True,False,False,False,False,False,True,
Robotic,True,exact_tool,robotc,robotc,pldb,,True,False,False,False,False,False,True,
Roc,True,exact_canonical,roc,roc,linguist;pldb,.roc,True,True,False,False,False,False,True,
Rockstar,True,exact_canonical,rockstar,rockstar,esolang;pldb,,True,False,False,True,False,False,True,
Rocq,True,exact_alias,rocq-prover,Rocq Prover,linguist,.coq .v,False,True,False,False,True,True,True,
Roff,True,exact_canonical,roff,roff,linguist;pldb,.1 .1in .1m .1x .2 .3 .3in .3m .3p .3pm .3qt .3x .4 .5 .6 .7 .8 .9 .l .man .mdoc .me .ms .n .nr .rno .roff .tmac,True,True,False,False,True,True,False,
RON,True,exact_canonical,ron,ron,linguist;pldb,.ron,True,True,False,False,False,False,False,
ROOM,False,,,,,,False,False,False,False,False,False,False,
ROSCOE,True,exact_canonical,roscoe,roscoe,pldb,,True,False,False,False,False,False,False,
Rosette,True,exact_canonical,rosette,rosette,pldb,,True,False,False,False,False,False,False,
Rosie,True,exact_canonical,rosie,rosie,pldb,,True,False,False,False,False,False,False,
Roy,True,exact_canonical,roy,roy,pldb,,True,False,False,False,False,False,False,
RPAL,False,,,,,,False,False,False,False,False,False,False,
RPG,True,exact_canonical,rpg,Rpg,esolang,,False,False,False,True,False,False,True,
RPG II,False,,,,,,False,False,False,False,False,False,False,
RPG III,False,,,,,,False,False,False,False,False,False,False,
RPG IV,False,,,,,,False,False,False,False,False,False,False,
RPGLE,True,exact_canonical,rpgle,RPGLE,linguist,.rpgle .sqlrpgle,False,True,False,False,False,False,False,
RPL,True,exact_canonical,rpl,rpl,pldb,,True,False,False,False,False,False,True,
RPL/2,False,,,,,,False,False,False,False,False,False,False,
RPSL,False,,,,,,False,False,False,False,False,False,False,
RPython,True,exact_canonical,rpython,rpython,pldb,,True,False,False,False,False,False,False,
Rrr,True,exact_canonical,rrr,Rrr,esolang,,False,False,False,True,False,False,False,
RSL,True,exact_canonical,rsl,rsl,pldb,,True,False,False,False,False,True,False,
RTcmix,False,,,,,,False,False,False,False,False,False,False,
RTL/2,False,,,,,,False,False,False,False,False,False,False,
Rubinius,False,,,,,,False,False,False,False,False,False,False,
Ruby,True,exact_canonical,ruby,ruby,linguist;pldb,.builder .eye .fcgi .gemspec .god .jbuilder .mspec .pluginspec .podspec .prawn .rabl .rake .rb .rbi .rbuild .rbw .rbx .ru .ruby .spec .thor .watchr,True,True,False,False,True,True,True,
Run BASIC,False,,,,,,False,False,False,False,False,False,False,
RunBasic,False,,,,,,False,False,False,False,False,False,False,run-basic
Rune,True,exact_canonical,rune,Rune,esolang,,False,False,False,True,False,False,False,
RuneScript,True,exact_canonical,runescript,runescript,pldb,,True,False,False,False,False,False,False,
RUNOFF,True,exact_canonical,runoff,runoff,linguist;pldb,.rnh .rno,True,True,False,False,True,False,False,
Russell,True,exact_canonical,russell,russell,pldb,,True,False,False,False,False,False,False,
Rust,True,exact_canonical,rust,rust,linguist;pldb,.rs .rs.in,True,True,False,False,True,True,True,
RVL,False,,,,,,False,False,False,False,False,False,False,
RWL,False,,,,,,False,False,False,False,False,False,False,
Rye,True,exact_canonical,rye,rye,pldb,,True,False,False,False,False,False,True,
Rzk,False,,,,,,False,False,False,False,False,False,False,
S,True,exact_canonical,s,s,esolang;pldb,,True,False,False,True,False,True,False,
S-algol,True,exact_canonical,s-algol,s-algol,pldb,,True,False,False,False,False,False,False,
S-BASIC,True,exact_tool,ns-basic,ns-basic,pldb,,True,False,False,False,False,False,True,
S-lang,True,exact_canonical,s-lang,s-lang,pldb,,True,False,False,False,False,False,True,
S-PLUS,True,exact_canonical,s-plus,s-plus,pldb;wikipedia,,True,False,True,False,False,False,False,
S/360 Assembly,False,,,,,,False,False,False,False,False,False,False,
S/390 Assembly,False,,,,,,False,False,False,False,False,False,False,
S/SL,False,,,,,,False,False,False,False,False,False,False,
S2,True,exact_canonical,s2,s2,pldb,,True,False,False,False,False,False,False,
s7,False,,,,,,False,False,False,False,False,False,False,
S9fES,False,,,,,,False,False,False,False,False,False,False,
SA-C,False,,,,,,False,False,False,False,False,False,False,
SABR,False,,,,,,False,False,False,False,False,False,False,
SaC,False,,,,,,False,False,False,False,False,False,False,
Sage,True,exact_canonical,sage,sage,linguist;pldb,.sage .sagews,True,True,False,False,True,True,True,
SageMath,True,exact_canonical,sagemath,sagemath,pldb,,True,False,False,False,False,False,False,
SAIL,True,exact_canonical,sail,Sail,linguist,.sail,False,True,False,False,False,False,False,
SAL,False,,,,,,False,False,False,False,False,False,False,
Sally,True,exact_canonical,sally,Sally,esolang,,False,False,False,True,False,False,False,
Salmon,False,,,,,,False,False,False,False,False,False,False,
Salsa,True,exact_canonical,salsa,salsa,pldb,,True,False,False,False,False,False,False,
SAM76,True,exact_canonical,sam76,sam76,pldb,,True,False,False,False,False,False,False,
SAOL,True,exact_canonical,saol,saol,pldb,,True,False,False,False,False,False,False,
SARL,True,exact_canonical,sarl,sarl,pldb,,True,False,False,False,False,True,False,
SAS,True,exact_canonical,sas,sas,esolang;linguist;pldb,.sas,True,True,False,True,True,True,True,
SASL,True,exact_canonical,sasl,sasl,pldb,,True,False,False,False,False,False,True,
Sass,True,exact_canonical,sass,sass,linguist;pldb,.sass,True,True,False,False,True,True,False,
Sather,True,exact_canonical,sather,sather,pldb,,True,False,False,False,False,False,True,
SATySFi,True,exact_canonical,satysfi,satysfi,pldb,,True,False,False,False,False,False,False,
Savi,True,exact_canonical,savi,savi,pldb,,True,False,False,False,False,True,False,
Sawzall,True,exact_canonical,sawzall,sawzall,pldb,,True,False,False,False,False,False,False,
SB-Prolog,False,,,,,,False,False,False,False,False,False,False,
SBASIC,True,exact_canonical,sbasic,sbasic,pldb,,True,False,False,False,False,False,False,
SBCL,True,exact_canonical,sbcl,sbcl,pldb,,True,False,False,False,False,False,False,
Scade,False,,,,,,False,False,False,False,False,False,False,
Scaffold,False,,,,,,False,False,False,False,False,False,False,
Scala,True,exact_canonical,scala,scala,linguist;pldb,.kojo .sbt .sc .scala,True,True,False,False,True,True,True,
Scallop,True,exact_canonical,scallop,scallop,pldb,,True,False,False,False,False,False,False,
SCAMP,False,,,,,,False,False,False,False,False,False,False,
SCELBAL,False,,,,,,False,False,False,False,False,False,False,
SCELBI BASIC,False,,,,,,False,False,False,False,False,False,False,
Scenic,True,exact_canonical,scenic,scenic,linguist;pldb,.scenic,True,True,False,False,False,False,False,
SCEPTRE,False,,,,,,False,False,False,False,False,False,False,
Schelog,False,,,,,,False,False,False,False,False,False,False,
Schematron,True,exact_canonical,schematron,schematron,pldb,,True,False,False,False,False,False,False,
Scheme,True,exact_canonical,scheme,scheme,linguist;pldb,.sch .scm .sld .sls .sps .ss,True,True,False,False,True,True,True,
Scheme 48,False,,,,,,False,False,False,False,False,False,False,scheme48
Scheme-79,False,,,,,,False,False,False,False,False,False,False,
Scheme48,True,exact_canonical,scheme48,scheme48,pldb,,True,False,False,False,False,False,False,
SCHOONSHIP,False,,,,,,False,False,False,False,False,False,False,schoonschip
Scilab,True,exact_canonical,scilab,scilab,linguist;pldb,.sce .sci .tst,True,True,False,False,True,True,True,
Scilla,False,,,,,,False,False,False,False,False,False,False,
Sclang,False,,,,,,False,False,False,False,False,False,False,
SCM,True,exact_canonical,scm,scm,pldb,,True,False,False,False,False,True,False,
Scopes,True,exact_canonical,scopes,scopes,pldb,,True,False,False,False,False,False,False,
Scrapscript,True,exact_canonical,scrapscript,scrapscript,pldb,,True,False,False,False,False,False,False,
Scratch,True,exact_canonical,scratch,scratch,esolang;pldb,,True,False,False,True,False,False,True,
SCRATCHPAD,True,exact_canonical,scratchpad,scratchpad,pldb,,True,False,False,False,False,False,False,
Scribble,True,exact_canonical,scribble,scribble,pldb,,True,False,False,False,False,False,False,
Scribe,True,exact_canonical,scribe,scribe,pldb,,True,False,False,False,False,False,False,
SCRIPT,True,exact_canonical,script,script,esolang;pldb,,True,False,False,True,False,False,False,
ScriptBasic,True,exact_canonical,scriptbasic,scriptbasic,pldb,,True,False,False,False,False,False,True,
Scriptol,True,exact_canonical,scriptol,scriptol,pldb;wikipedia,,True,False,True,False,False,False,False,
Scryer Prolog,False,,,,,,False,False,False,False,False,False,False,
sCrypt,False,,,,,,False,False,False,False,False,False,False,
Scrypto,False,,,,,,False,False,False,False,False,False,False,
Scsh,True,exact_canonical,scsh,scsh,pldb,,True,False,False,False,False,False,False,
SDF,True,exact_canonical,sdf,sdf,pldb,,True,False,False,False,False,False,False,
SDL,True,exact_canonical,sdl,sdl,pldb,,True,False,False,False,False,False,False,
SDML,False,,,,,,False,False,False,False,False,False,False,
SectorLISP,False,,,,,,False,False,False,False,False,False,False,
sed,True,exact_canonical,sed,sed,esolang;linguist;pldb,.sed,True,True,False,True,True,True,True,
Seed,True,exact_canonical,seed,Seed,esolang,,False,False,False,True,False,False,False,
Seed7,True,exact_canonical,seed7,seed7,pldb,,True,False,False,False,False,False,True,
Self,True,exact_canonical,self,self,esolang;linguist;pldb,.self,True,True,False,True,True,False,True,
SenseTalk,True,exact_canonical,sensetalk,sensetalk,pldb;wikipedia,,True,False,True,False,False,False,True,
Seph,False,,,,,,False,False,False,False,False,False,False,
Seq,True,exact_canonical,seq,seq,pldb,,True,False,False,False,False,False,False,
SEQUEL,False,,,,,,False,False,False,False,False,False,False,
SequenceL,True,exact_canonical,sequencel,sequencel,pldb,,True,False,False,False,False,False,True,
Sequential Function Chart,False,,,,,,False,False,False,False,False,False,False,sequential-function-chart
Sequoia,False,,,,,,False,False,False,False,False,False,False,
Seriously,True,exact_canonical,seriously,Seriously,esolang,,False,False,False,True,False,False,False,
Serpent,True,exact_canonical,serpent,serpent,pldb,,True,False,False,False,False,False,False,
Setanta,False,,,,,,False,False,False,False,False,False,False,
SETL,True,exact_canonical,setl,setl,pldb,,True,False,False,False,False,False,True,
SETLX,True,exact_canonical,setlx,setlx,pldb,,True,False,False,False,False,False,False,
SETUN,True,exact_canonical,setun,setun,pldb,,True,False,False,False,False,False,False,
SFTRAN,False,,,,,,False,False,False,False,False,False,False,
SGML,True,exact_canonical,sgml,sgml,pldb,,True,False,False,False,False,False,False,
SGScript,False,,,,,,False,False,False,False,False,False,False,
SHACL,True,exact_canonical,shacl,shacl,pldb,,True,False,False,False,False,False,False,
Shakespeare,True,exact_canonical,shakespeare,shakespeare,esolang;pldb,,True,False,False,True,False,False,False,
Shakespeare Programming Language,False,,,,,,False,False,False,False,False,False,False,
Shakti,True,exact_canonical,shakti,shakti,pldb,,True,False,False,False,False,False,False,
Sharp APL,False,,,,,,False,False,False,False,False,False,False,
Shed Skin,False,,,,,,False,False,False,False,False,False,False,
SheerPower 4GL,True,exact_tool,sheerpower4gl,sheerpower4gl,pldb,,True,False,False,False,False,False,True,
Shen,True,exact_canonical,shen,shen,linguist;pldb,.shen,True,True,False,False,True,True,True,
Shesmu,False,,,,,,False,False,False,False,False,False,False,
Shiika,False,,,,,,False,False,False,False,False,False,False,
Short Code,False,,,,,,False,False,False,False,False,False,False,
Sibilant,True,exact_canonical,sibilant,sibilant,pldb,,True,False,False,False,False,False,False,
SICStus Prolog,False,,,,,,False,False,False,False,False,False,False,
Sidef,False,,,,,,False,False,False,False,False,False,False,
Sieve,True,exact_canonical,sieve,sieve,linguist;pldb,.sieve,True,True,False,False,False,True,False,
Signal,True,exact_canonical,signal,signal,esolang;pldb,,True,False,False,True,False,False,False,
SIL,True,exact_canonical,sil,sil,pldb,,True,False,False,False,False,False,True,
SILE,True,exact_canonical,sile,sile,pldb,,True,False,False,False,False,False,False,
Silice,False,,,,,,False,False,False,False,False,False,False,
Silq,False,,,,,,False,False,False,False,False,False,False,
Silver,False,,,,,,False,False,False,False,False,False,False,
SIMAN,True,exact_canonical,siman,siman,pldb,,True,False,False,False,False,False,False,
Simit,True,exact_canonical,simit,simit,pldb,,True,False,False,False,False,False,False,
Simkin,False,,,,,,False,False,False,False,False,False,False,
SIMPL,True,exact_canonical,simpl,simpl,esolang;pldb,,True,False,False,True,False,False,False,
SIMPL+,False,,,,,,False,False,False,False,False,False,False,
Simplicity,False,,,,,,False,False,False,False,False,False,False,
SIMPOL,False,,,,,,False,False,False,False,False,False,False,
SIMSCRIPT,True,exact_canonical,simscript,simscript,pldb,,True,False,False,False,False,False,False,
SIMSCRIPT II.5,False,,,,,,False,False,False,False,False,False,False,
SimTalk,False,,,,,,False,False,False,False,False,False,False,
Simula,True,exact_canonical,simula,simula,pldb;wikipedia,,True,False,True,False,False,False,True,
SIMULA 67,False,,,,,,False,False,False,False,False,False,False,
Simula I,False,,,,,,False,False,False,False,False,False,False,
Simulink,True,exact_canonical,simulink,simulink,pldb,,True,False,False,False,False,False,False,
Sinclair BASIC,False,,,,,,False,False,False,False,False,False,False,sinclair-basic
Sing#,False,,,,,,False,False,False,False,False,False,False,
Single Assignment C,False,,,,,,False,False,False,False,False,False,False,
Singular,True,exact_canonical,singular,singular,pldb,,True,False,False,False,False,False,False,
SIOD,False,,,,,,False,False,False,False,False,False,False,
Siren,False,,,,,,False,False,False,False,False,False,False,
SISAL,True,exact_canonical,sisal,sisal,pldb,,True,False,False,False,False,False,True,
SISC,True,exact_canonical,sisc,sisc,pldb,,True,False,False,False,False,False,False,
Sixten,True,exact_canonical,sixten,sixten,pldb,,True,False,False,False,False,False,False,
Sketch,False,,,,,,False,False,False,False,False,False,False,
Skew,True,exact_canonical,skew,skew,pldb,,True,False,False,False,False,False,True,
SKILL,False,,,,,,False,False,False,False,False,False,False,
Skip,True,exact_canonical,skip,skip,pldb,,True,False,False,False,False,False,False,
SkookumScript,True,exact_canonical,skookumscript,skookumscript,pldb,,True,False,False,False,False,False,True,
Skribe,False,,,,,,False,False,False,False,False,False,False,
Skript,False,,,,,,False,False,False,False,False,False,False,Skript+
Skull,True,exact_canonical,skull,Skull,esolang,,False,False,False,True,False,False,False,
SL5,True,exact_canonical,sl5,sl5,pldb,,True,False,False,False,False,False,False,
SLAM,True,exact_canonical,slam,Slam,esolang,,False,False,False,True,False,False,False,
Slang,True,exact_canonical,slang,slang,esolang;linguist;pldb,.slang,True,True,False,True,False,False,False,
Slash,True,exact_canonical,slash,slash,linguist;pldb,.sl,True,True,False,False,True,True,False,
Slashes,False,,,,,,False,False,False,False,False,False,False,
Slate,False,,,,,,False,False,False,False,False,False,False,
SLAX,False,,,,,,False,False,False,False,False,False,False,
Sleep,True,exact_canonical,sleep,Sleep,esolang,,False,False,False,True,False,False,False,
SLEIGH,False,,,,,,False,False,False,False,False,False,False,
SLEUTH,True,exact_canonical,sleuth,sleuth,pldb,,True,False,False,False,False,False,False,
Slice,True,exact_canonical,slice,slice,linguist;pldb,.ice,True,True,False,False,True,False,False,
Slim,True,exact_canonical,slim,slim,esolang;linguist;pldb,.slim,True,True,False,True,True,True,False,
Slint,True,exact_canonical,slint,Slint,linguist,.slint,False,True,False,False,False,False,False,
SLIP,True,exact_canonical,slip,slip,pldb,,True,False,False,False,False,False,False,
Slogan,False,,,,,,False,False,False,False,False,False,False,
SMAL,False,,,,,,False,False,False,False,False,False,False,
Smali,True,exact_canonical,smali,smali,linguist;pldb,.smali,True,True,False,False,True,True,False,
Small,True,exact_canonical,small,small,esolang;pldb,,True,False,False,True,False,False,False,
Small Basic,False,,,,,,False,False,False,False,False,False,False,smallbasic
Small-C,True,exact_canonical,small-c,small-c,pldb,,True,False,False,False,False,False,False,
SmallBASIC,True,exact_canonical,smallbasic,smallbasic,pldb,,True,False,False,False,False,False,False,
Smalltalk,True,exact_canonical,smalltalk,smalltalk,linguist;pldb;wikipedia,.cs .st,True,True,True,False,True,True,True,
Smalltalk-71,False,,,,,,False,False,False,False,False,False,False,
Smalltalk-72,False,,,,,,False,False,False,False,False,False,False,
Smalltalk-74,False,,,,,,False,False,False,False,False,False,False,
Smalltalk-76,True,exact_canonical,smalltalk-76,smalltalk-76,pldb,,True,False,False,False,False,False,False,
Smalltalk-78,False,,,,,,False,False,False,False,False,False,False,
Smalltalk-80,True,exact_canonical,smalltalk-80,smalltalk-80,pldb,,True,False,False,False,False,False,False,
Smalltalk-82,False,,,,,,False,False,False,False,False,False,False,
Smalltalk/X,False,,,,,,False,False,False,False,False,False,False,
SmartBASIC,False,,,,,,False,False,False,False,False,False,False,
SmartPy,False,,,,,,False,False,False,False,False,False,False,smarty
Smarty,True,exact_canonical,smarty,smarty,linguist;pldb,.tpl,True,True,False,False,True,True,False,
SMIL,False,,,,,,False,False,False,False,False,False,False,
SmileBASIC,False,,,,,,False,False,False,False,False,False,False,
Smithy,True,exact_canonical,smithy,smithy,linguist;pldb,.smithy,True,True,False,False,False,True,False,
SML,True,exact_canonical,sml,SML,esolang,,False,False,False,True,False,True,False,
SML#,False,,,,,,False,False,False,False,False,False,False,
SML/NJ,False,,,,,,False,False,False,False,False,False,False,
SMP,False,,,,,,False,False,False,False,False,False,False,
SmPL,True,exact_canonical,smpl,smpl,linguist;pldb,.cocci,True,True,False,False,True,False,False,
SMT-LIB,False,,,,,,False,False,False,False,False,False,False,
SMV,False,,,,,,False,False,False,False,False,False,False,
Snakemake,True,exact_canonical,snakemake,snakemake,linguist;pldb,.smk .snakefile,True,True,False,False,False,False,False,
SNAP,True,exact_canonical,snap,snap,pldb,,True,False,False,False,False,False,False,
Snap!,True,normalized_canonical,snap,snap,pldb,,True,False,False,False,False,False,False,
SNEK,True,exact_canonical,snek,Snek,esolang,,False,False,False,True,False,False,False,
SNOBOL,True,exact_canonical,snobol,snobol,pldb;wikipedia,,True,False,True,False,False,True,True,
SNOBOL1,False,,,,,,False,False,False,False,False,False,False,snobol
SNOBOL2,False,,,,,,False,False,False,False,False,False,False,snobol
SNOBOL3,True,exact_canonical,snobol3,snobol3,pldb,,True,False,False,False,False,False,False,
SNOBOL4,True,exact_canonical,snobol4,snobol4,pldb,,True,False,False,False,False,False,True,
SNOBOL5,True,exact_canonical,snobol5,SNOBOL5,esolang,,False,False,False,True,False,False,False,
Snowball,False,,,,,,False,False,False,False,False,False,False,
Snowflake Scripting,False,,,,,,False,False,False,False,False,False,False,
SNUSP,True,exact_canonical,snusp,SNUSP,esolang,,False,False,False,True,False,False,True,
SOAP,True,exact_canonical,soap,soap,esolang;pldb,,True,False,False,True,False,False,False,
Soar,False,,,,,,False,False,False,False,False,False,False,
SociaLite,True,exact_canonical,socialite,socialite,pldb,,True,False,False,False,False,False,False,
SOL,False,,,,,,False,False,False,False,False,False,False,
Solidity,True,exact_canonical,solidity,solidity,linguist;pldb,.sol,True,True,False,False,True,True,False,
SOM,False,,,,,,False,False,False,False,False,False,False,
Sonic Pi,False,,,,,,False,False,False,False,False,False,False,
Sophia,True,exact_canonical,sophia,sophia,pldb,,True,False,False,False,False,True,False,
SOQL,True,exact_canonical,soql,soql,pldb,,True,False,False,False,False,False,False,
Souffle,True,exact_canonical,souffle,souffle,pldb,,True,False,False,False,False,False,False,
Soufflé,True,normalized_canonical,souffle,souffle,pldb,,True,False,False,False,False,False,False,
SOUL,True,exact_canonical,soul,soul,esolang;pldb,,True,False,False,True,False,False,False,
Source,False,,,,,,False,False,False,False,False,False,False,
SourcePawn,True,exact_canonical,sourcepawn,sourcepawn,linguist;pldb,.inc .sp,True,True,False,False,True,True,False,
SP/k,False,,,,,,False,False,False,False,False,False,False,
SPAD,False,,,,,,False,False,False,False,False,False,False,
Spade,True,exact_canonical,spade,SPADE,esolang,,False,False,False,True,False,False,False,
SPARC,True,exact_canonical,sparc,sparc,pldb,,True,False,False,False,False,False,False,
SPARC Assembly,False,,,,,,False,False,False,False,False,False,False,
Sparcl,False,,,,,,False,False,False,False,False,False,False,
SparForte,False,,,,,,False,False,False,False,False,False,False,
SPARK,True,exact_canonical,spark,spark,pldb,,True,False,False,False,False,False,True,
Sparkling,False,,,,,,False,False,False,False,False,False,False,
SPARQL,True,exact_canonical,sparql,sparql,linguist;pldb,.rq .sparql,True,True,False,False,True,True,False,
Sparrow,False,,,,,,False,False,False,False,False,False,False,
Speakeasy,True,exact_canonical,speakeasy,speakeasy,pldb,,True,False,False,False,False,False,False,
Spec#,False,,,,,,False,False,False,False,False,False,False,
SpecC,False,,,,,,False,False,False,False,False,False,False,
Specman E,False,,,,,,False,False,False,False,False,False,False,
Specware,False,,,,,,False,False,False,False,False,False,False,
Speedcode,False,,,,,,False,False,False,False,False,False,False,
Speedcoding,True,exact_canonical,speedcoding,speedcoding,pldb,,True,False,False,False,False,False,False,
Speedie,True,exact_canonical,speedie,speedie,pldb,,True,False,False,False,False,False,False,
SPICE,True,exact_canonical,spice,spice,esolang;pldb,,True,False,False,True,False,True,False,
Spice Lisp,False,,,,,,False,False,False,False,False,False,False,
SpiderBasic,True,exact_canonical,spiderbasic,spiderbasic,pldb,,True,False,False,False,False,False,False,
Spin,True,exact_canonical,spin,spin,esolang;pldb,,True,False,False,True,False,False,True,
SpinalHDL,False,,,,,,False,False,False,False,False,False,False,
SPIR-V,True,exact_canonical,spir-v,spir-v,pldb,,True,False,False,False,False,False,False,
Spiral,True,exact_canonical,spiral,spiral,esolang;pldb,,True,False,False,True,False,False,False,
SPITBOL,True,exact_canonical,spitbol,spitbol,pldb,,True,False,False,False,False,False,False,
SPL,True,exact_canonical,spl,spl,esolang;pldb,,True,False,False,True,False,False,True,
Split-C,True,exact_canonical,split-c,split-c,pldb,,True,False,False,False,False,False,False,
SPOOL,False,,,,,,False,False,False,False,False,False,False,
Spoon,True,exact_canonical,spoon,Spoon,esolang,,False,False,False,True,False,False,False,
Sporth,True,exact_canonical,sporth,sporth,pldb,,True,False,False,False,False,False,False,
Sprak,False,,,,,,False,False,False,False,False,False,False,
Spry,True,exact_canonical,spry,spry,pldb,,True,False,False,False,False,False,False,
SPS,True,exact_canonical,sps,sps,pldb,,True,False,False,False,False,False,False,
SPSS,True,exact_canonical,spss,spss,pldb,,True,False,False,False,False,False,True,
SPSS Syntax,False,,,,,,False,False,False,False,False,False,False,
SPWN,False,,,,,,False,False,False,False,False,False,False,
SQF,True,exact_canonical,sqf,SQF,linguist,.hqf .sqf,False,True,False,False,True,False,False,
SQL,True,exact_canonical,sql,sql,linguist;pldb,.ddl .inc .mysql .prc .sql .tab .udf .viw,True,True,False,False,True,True,True,
SQL PL,False,,,,,,False,False,False,False,False,False,False,
SQL++,False,,,,,,False,False,False,False,False,False,False,SRL++
SQL/PSM,False,,,,,,False,False,False,False,False,False,False,
SQLJ,False,,,,,,False,False,False,False,False,False,False,
SQR,True,exact_canonical,sqr,sqr,pldb,,True,False,False,False,False,False,False,
Squeak,True,exact_canonical,squeak,squeak,pldb;wikipedia,,True,False,True,False,False,True,False,
Squiffy,False,,,,,,False,False,False,False,False,False,False,
Squiggle,True,exact_canonical,squiggle,squiggle,esolang;pldb,,True,False,False,True,False,False,False,
Squint,False,,,,,,False,False,False,False,False,False,False,
Squirrel,True,exact_canonical,squirrel,squirrel,linguist;pldb,.nut,True,True,False,False,True,False,True,
SR,True,exact_canonical,sr,sr,esolang;pldb,,True,False,False,True,False,False,False,
SSEM,False,,,,,,False,False,False,False,False,False,False,
SSI,True,exact_canonical,ssi,ssi,pldb,,True,False,False,False,False,False,False,
SSML,True,exact_canonical,ssml,ssml,pldb,,True,False,False,False,False,False,False,
SSReflect,False,,,,,,False,False,False,False,False,False,False,
STAGE2,True,exact_canonical,stage2,stage2,pldb,,True,False,False,False,False,False,False,
Stalin,True,exact_canonical,stalin,stalin,pldb,,True,False,False,False,False,False,False,
Stan,True,exact_canonical,stan,stan,linguist;pldb,.stan,True,True,False,False,True,True,False,
Standard BASIC,False,,,,,,False,False,False,False,False,False,False,
Standard Lisp,False,,,,,,False,False,False,False,False,False,False,standard-lisp
Standard ML,True,exact_tool,standard-ml,standard-ml,linguist;pldb,.fun .ml .sig .sml,True,True,False,False,True,True,True,
Standard Pascal,False,,,,,,False,False,False,False,False,False,False,
Stanza,False,,,,,,False,False,False,False,False,False,False,
Starlark,True,exact_canonical,starlark,starlark,linguist;pldb;wikipedia,.bzl .star,True,True,True,False,True,True,False,
StarLisp,False,,,,,,False,False,False,False,False,False,False,
StarLogo,True,exact_canonical,starlogo,starlogo,pldb,,True,False,False,False,False,False,False,
StarOffice Basic,False,,,,,,False,False,False,False,False,False,False,staroffice-basic
Starry,True,exact_canonical,starry,Starry,esolang,,False,False,False,True,False,False,False,
Stata,True,exact_canonical,stata,stata,linguist;pldb,.ado .do .doh .ihlp .mata .matah .sthlp,True,True,False,False,True,True,True,
Stax,True,exact_canonical,stax,Stax,esolang,,False,False,False,True,False,False,True,
Steel,False,,,,,,False,False,False,False,False,False,False,
STELLA,True,exact_canonical,stella,stella,pldb,,True,False,False,False,False,False,False,
STklos,False,,,,,,False,False,False,False,False,False,False,
Stochastic Pi,False,,,,,,False,False,False,False,False,False,False,
STOIC,False,,,,,,False,False,False,False,False,False,False,
STOS BASIC,False,,,,,,False,False,False,False,False,False,False,
Strand,False,,,,,,False,False,False,False,False,False,False,
Stratego,True,exact_canonical,stratego,stratego,pldb,,True,False,False,False,False,False,False,
Stratego/XT,False,,,,,,False,False,False,False,False,False,False,
StreamIt,True,exact_canonical,streamit,streamit,pldb,,True,False,False,False,False,False,True,
Streem,True,exact_canonical,streem,streem,pldb,,True,False,False,False,False,False,False,
STRESS,True,exact_canonical,stress,stress,pldb,,True,False,False,False,False,False,False,
STRIPS,True,exact_canonical,strips,strips,pldb,,True,False,False,False,False,False,False,
Strongtalk,True,exact_canonical,strongtalk,strongtalk,pldb,,True,False,False,False,False,False,False,
Stroscot,False,,,,,,False,False,False,False,False,False,False,
Structured Text,False,,,,,,False,False,False,False,False,False,False,structured-text
Strudel,True,exact_canonical,strudel,strudel,pldb,,True,False,False,False,False,False,False,
STRUDL,True,exact_canonical,strudl,strudl,pldb,,True,False,False,False,False,False,False,
Stylus,True,exact_canonical,stylus,stylus,linguist;pldb,.styl,True,True,False,False,True,False,False,
SubC,False,,,,,,False,False,False,False,False,False,False,
Subleq,True,exact_canonical,subleq,subleq,esolang;pldb,,True,False,False,True,False,False,False,
Subneg,False,,,,,,False,False,False,False,False,False,False,
Subtext,True,exact_canonical,subtext,subtext,pldb,,True,False,False,False,False,False,False,
SugarJ,True,exact_canonical,sugarj,sugarj,pldb,,True,False,False,False,False,False,False,
Sunder,False,,,,,,False,False,False,False,False,False,False,
Suneido,True,exact_canonical,suneido,suneido,pldb,,True,False,False,False,False,False,True,
Superbase,False,,,,,,False,False,False,False,False,False,False,
SuperBASIC,True,exact_canonical,superbasic,superbasic,pldb,,True,False,False,False,False,False,False,
SuperCard,False,,,,,,False,False,False,False,False,False,False,
SuperCollider,True,exact_canonical,supercollider,supercollider,linguist;pldb,.sc .scd,True,True,False,False,True,True,True,
SuperPascal,False,,,,,,False,False,False,False,False,False,False,
SuperPILOT,False,,,,,,False,False,False,False,False,False,False,
Superplan,True,exact_canonical,superplan,superplan,pldb,,True,False,False,False,False,False,False,
SuperTalk,True,exact_canonical,supertalk,supertalk,pldb,,True,False,False,False,False,False,True,
Svelte,True,exact_canonical,svelte,svelte,linguist;pldb,.svelte,True,True,False,False,True,False,False,
SVL,True,exact_canonical,svl,svl,pldb,,True,False,False,False,False,False,False,
Sway,True,exact_canonical,sway,Sway,linguist,.sw,False,True,False,False,False,False,False,
Sweet.js,False,,,,,,False,False,False,False,False,False,False,sweetjs
Sweet16,False,,,,,,False,False,False,False,False,False,False,
SWI-Prolog,True,exact_canonical,swi-prolog,swi-prolog,pldb,,True,False,False,False,False,False,True,
Swift,True,exact_canonical,swift,swift,linguist;pldb,.swift,True,True,False,False,True,True,True,
Swift/T,False,,,,,,False,False,False,False,False,False,False,
SwiftScript,False,,,,,,False,False,False,False,False,False,False,
SWIG,True,exact_canonical,swig,SWIG,linguist,.i .swg .swig,False,True,False,False,True,True,False,
SWRL,True,exact_canonical,swrl,swrl,pldb,,True,False,False,False,False,False,False,
SXML,True,exact_canonical,sxml,sxml,pldb,,True,False,False,False,False,False,False,
SYCL,False,,,,,,False,False,False,False,False,False,False,
SYMBAL,True,exact_canonical,symbal,symbal,pldb,,True,False,False,False,False,False,False,
Symja,False,,,,,,False,False,False,False,False,False,False,
SYMPL,True,exact_canonical,sympl,sympl,pldb,,True,False,False,False,False,False,False,
Symta,False,,,,,,False,False,False,False,False,False,False,
Syndicate,True,exact_canonical,syndicate,syndicate,pldb,,True,False,False,False,False,False,False,
Sysquake,False,,,,,,False,False,False,False,False,False,False,
System F,False,,,,,,False,False,False,False,False,False,False,Systemf
SystemC,False,,,,,,False,False,False,False,False,False,False,
SystemC-AMS,False,,,,,,False,False,False,False,False,False,False,
SystemTap,False,,,,,,False,False,False,False,False,False,False,
SystemVerilog,True,exact_canonical,systemverilog,systemverilog,linguist;pldb,.sv .svh .vh,True,True,False,False,True,True,True,
Syx,False,,,,,,False,False,False,False,False,False,False,
T,True,exact_canonical,t,t,esolang;pldb,,True,False,False,True,False,False,False,
T3X,True,exact_canonical,t3x,t3x,pldb,,True,False,False,False,False,False,False,
T4,False,,,,,,False,False,False,False,False,False,False,
TableGen,False,,,,,,False,False,False,False,False,False,False,
Tabloid,True,exact_canonical,tabloid,tabloid,pldb,,True,False,False,False,False,False,False,
TACL,True,exact_canonical,tacl,tacl,pldb,,True,False,False,False,False,False,False,
TACPOL,False,,,,,,False,False,False,False,False,False,False,
Tact,True,exact_canonical,tact,Tact,linguist,.tact,False,True,False,False,False,True,False,
TADS,True,exact_canonical,tads,tads,pldb,,True,False,False,False,False,False,False,
Taichi,True,exact_canonical,taichi,taichi,pldb,,True,False,False,False,False,False,False,
Tailspin,False,,,,,,False,False,False,False,False,False,False,
TAL,True,exact_canonical,tal,tal,pldb,,True,False,False,False,False,True,True,
Tamarin,False,,,,,,False,False,False,False,False,False,False,
Tamgu,True,exact_canonical,tamgu,tamgu,pldb,,True,False,False,False,False,False,False,
Tampio,True,exact_canonical,tampio,tampio,esolang;pldb,,True,False,False,True,False,False,False,
Tamsin,False,,,,,,False,False,False,False,False,False,False,
Tao,True,exact_canonical,tao,tao,pldb,,True,False,False,False,False,False,False,
Tart,False,,,,,,False,False,False,False,False,False,False,
TASM,True,exact_canonical,tasm,tasm,pldb,,True,False,False,False,False,True,False,
Tau Prolog,False,,,,,,False,False,False,False,False,False,False,
Taxi,True,exact_canonical,taxi,Taxi,esolang,,False,False,False,True,False,False,False,
TBL,False,,,,,,False,False,False,False,False,False,False,
Tcl,True,exact_canonical,tcl,tcl,linguist;pldb,.adp .sdc .tcl .tcl.in .tm .xdc,True,True,False,False,True,True,True,
Tcsh,True,exact_canonical,tcsh,tcsh,linguist;pldb,.csh .tcsh,True,True,False,False,True,True,False,
Tea,True,exact_canonical,tea,tea,esolang;linguist;pldb,.tea,True,True,False,True,True,True,False,
Teal,True,exact_canonical,teal,teal,linguist;pldb,.tl,True,True,False,False,False,True,False,
TECO,True,exact_canonical,teco,teco,esolang;pldb,,True,False,False,True,False,False,True,
TELCOMP,True,exact_canonical,telcomp,telcomp,pldb,,True,False,False,False,False,False,False,
Telescript,False,,,,,,False,False,False,False,False,False,False,
Template Toolkit,False,,,,,,False,False,False,False,False,False,False,
Tengo,True,exact_canonical,tengo,tengo,pldb,,True,False,False,False,False,False,False,
Tern,True,exact_canonical,tern,tern,pldb,,True,False,False,False,False,False,True,
Terra,True,exact_canonical,terra,terra,linguist;pldb,.t,True,True,False,False,True,False,True,
TERSE,True,exact_canonical,terse,terse,esolang;pldb,,True,False,False,True,False,False,False,
TeX,True,exact_canonical,tex,tex,linguist;pldb,.aux .bbx .cbx .cls .dtx .ins .lbx .ltx .mkii .mkiv .mkvi .sty .tex .toc,True,True,False,False,True,True,True,
Texinfo,True,exact_canonical,texinfo,Texinfo,linguist,.texi .texinfo .txi,False,True,False,False,True,False,False,
Teyjus,False,,,,,,False,False,False,False,False,False,False,
TGF,False,,,,,,False,False,False,False,False,False,False,
TGSI,False,,,,,,False,False,False,False,False,False,False,
Theta,True,exact_canonical,theta,ThETA,esolang,,False,False,False,True,False,False,False,
thinBasic,True,exact_canonical,thinbasic,thinbasic,pldb,,True,False,False,False,False,False,False,
ThinkScript,False,,,,,,False,False,False,False,False,False,False,
Thorn,True,exact_canonical,thorn,thorn,pldb,,True,False,False,False,False,False,False,
Thrift,True,exact_canonical,thrift,thrift,linguist;pldb,.thrift,True,True,False,False,True,True,False,
Thue,True,exact_canonical,thue,Thue,esolang,,False,False,False,True,False,False,False,
TI Extended BASIC,False,,,,,,False,False,False,False,False,False,False,
TI-BASIC,True,exact_canonical,ti-basic,ti-basic,pldb,,True,False,False,False,False,False,False,
TIC-80,False,,,,,,False,False,False,False,False,False,False,
Tidal,False,,,,,,False,False,False,False,False,False,False,
TidalCycles,False,,,,,,False,False,False,False,False,False,False,
Tiger,True,exact_canonical,tiger,Tiger,esolang,,False,False,False,True,False,False,False,
Timber,False,,,,,,False,False,False,False,False,False,False,
TiML,False,,,,,,False,False,False,False,False,False,False,
Tiny BASIC,False,,,,,,False,False,False,False,False,False,False,
TinyC,False,,,,,,False,False,False,False,False,False,False,
TinyML,False,,,,,,False,False,False,False,False,False,False,
TinyScheme,False,,,,,,False,False,False,False,False,False,False,
TiScript,True,exact_canonical,tiscript,tiscript,pldb,,True,False,False,False,False,False,True,
Titan,True,exact_canonical,titan,titan,pldb,,True,False,False,False,False,False,False,
Titanium,True,exact_canonical,titanium,titanium,esolang;pldb,,True,False,False,True,False,False,False,
TJS2,False,,,,,,False,False,False,False,False,False,False,
TK Solver,False,,,,,,False,False,False,False,False,False,False,
Tksh,False,,,,,,False,False,False,False,False,False,False,
TL,True,exact_canonical,tl,tl,pldb,,True,False,False,False,False,False,False,
TL-Verilog,True,exact_canonical,tl-verilog,TL-Verilog,linguist,.tlv,False,True,False,False,False,False,False,
TLA+,False,,,,,,False,False,False,False,False,False,False,
TMG,True,exact_canonical,tmg,tmg,esolang;pldb,,True,False,False,True,False,False,True,
TMS320 Assembly,False,,,,,,False,False,False,False,False,False,False,
TNSDL,False,,,,,,False,False,False,False,False,False,False,
TNTBasic,False,,,,,,False,False,False,False,False,False,False,
Toit,True,exact_canonical,toit,toit,linguist;pldb,.toit,True,True,False,False,False,False,False,
Toka,False,,,,,,False,False,False,False,False,False,False,
Tokay,False,,,,,,False,False,False,False,False,False,False,
TOL,True,exact_canonical,tol,Tol,esolang,,False,False,False,True,False,False,False,
Tolk,False,,,,,,False,False,False,False,False,False,False,
TOM,True,exact_canonical,tom,tom,pldb,,True,False,False,False,False,False,False,
TOML,True,exact_canonical,toml,toml,linguist;pldb,.toml .toml.example,True,True,False,False,True,True,False,
ToonTalk,True,exact_canonical,toontalk,toontalk,pldb,,True,False,False,False,False,False,False,
Topaz,True,exact_canonical,topaz,topaz,pldb,,True,False,False,False,False,False,False,
TorqueScript,False,,,,,,False,False,False,False,False,False,False,
Toy,False,,,,,,False,False,False,False,False,False,False,
TPTP,True,exact_canonical,tptp,tptp,pldb,,True,False,False,False,False,False,False,
TPU,False,,,,,,False,False,False,False,False,False,False,
TRAC,True,exact_canonical,trac,trac,pldb,,True,False,False,False,False,False,False,
TraceQL,False,,,,,,False,False,False,False,False,False,False,
Tranquil,True,exact_canonical,tranquil,tranquil,pldb,,True,False,False,False,False,False,False,
Transact-SQL,True,exact_canonical,transact-sql,transact-sql,pldb,,True,False,False,False,False,False,True,
Transcript,True,exact_canonical,transcript,TRANSCRIPT,esolang,,False,False,False,True,False,False,False,
Transcrypt,False,,,,,,False,False,False,False,False,False,False,
Transd,False,,,,,,False,False,False,False,False,False,False,
Trealla,False,,,,,,False,False,False,False,False,False,False,
Trealla Prolog,False,,,,,,False,False,False,False,False,False,False,
TREE-META,True,exact_canonical,tree-meta,TREE-META,wikipedia,,False,False,True,False,False,False,False,
TreeBASIC,False,,,,,,False,False,False,False,False,False,False,
Treelang,True,exact_canonical,treelang,treelang,pldb,,True,False,False,False,False,False,False,
Trefunge,False,,,,,,False,False,False,False,False,False,False,Refunge
Trith,False,,,,,,False,False,False,False,False,False,False,
Triton,True,exact_canonical,triton,triton,pldb,,True,False,False,False,False,False,False,
Troff,True,exact_canonical,troff,troff,pldb,,True,False,False,False,False,False,False,
TROLL,False,,,,,,False,False,False,False,False,False,False,
TRS-80 BASIC,False,,,,,,False,False,False,False,False,False,False,
True BASIC,False,,,,,,False,False,False,False,False,False,False,
TrumpScript,True,exact_canonical,trumpscript,TrumpScript,esolang,,False,False,False,True,False,False,False,
TSP,True,exact_alias,typespec,TypeSpec,linguist,.tsp,False,True,False,False,False,False,False,
TTCN,True,exact_canonical,ttcn,ttcn,pldb,,True,False,False,False,False,False,False,
TTCN-2,False,,,,,,False,False,False,False,False,False,False,
TTCN-3,True,exact_canonical,ttcn-3,TTCN-3,wikipedia,,False,False,True,False,False,False,False,
TTM,True,exact_canonical,ttm,ttm,pldb,,True,False,False,False,False,False,False,
tuProlog,False,,,,,,False,False,False,False,False,False,False,
Turbo BASIC,False,,,,,,False,False,False,False,False,False,False,
Turbo BASIC XL,False,,,,,,False,False,False,False,False,False,False,
Turbo Pascal,False,,,,,,False,False,False,False,False,False,False,
Turbo Prolog,False,,,,,,False,False,False,False,False,False,False,
TurboBasic,False,,,,,,False,False,False,False,False,False,False,turbo-basic
Turing,True,exact_canonical,turing,turing,linguist;pldb,.t .tu,True,True,False,False,True,False,True,
Turing Machine,False,,,,,,False,False,False,False,False,False,False,Turing-machine;Turinf machine
Turing Plus,False,,,,,,False,False,False,False,False,False,False,
Turing+,False,,,,,,False,False,False,False,False,False,False,turing
Turtle,True,exact_canonical,turtle,turtle,linguist;pldb,.ttl,True,True,False,False,True,True,False,
TUSCRIPT,False,,,,,,False,False,False,False,False,False,False,uscript;tscript
TUTOR,True,exact_canonical,tutor,tutor,pldb,,True,False,False,False,False,False,False,
Tutorial D,False,,,,,,False,False,False,False,False,False,False,
Tweak,True,exact_canonical,tweak,Tweak,esolang,,False,False,False,True,False,False,False,
Twee,False,,,,,,False,False,False,False,False,False,False,
Twelf,True,exact_canonical,twelf,twelf,pldb,,True,False,False,False,False,False,True,
Twig,True,exact_canonical,twig,twig,linguist;pldb,.twig,True,True,False,False,True,True,False,
TwinCAT,False,,,,,,False,False,False,False,False,False,False,
Twine,True,exact_canonical,twine,twine,pldb,,True,False,False,False,False,False,False,
TX-0 Assembly,False,,,,,,False,False,False,False,False,False,False,
TX-2 Assembly,False,,,,,,False,False,False,False,False,False,False,
TXL,True,exact_canonical,txl,txl,linguist;pldb,.txl,True,True,False,False,True,False,False,
TXR,True,exact_canonical,txr,txr,pldb,,True,False,False,False,False,False,True,
Txtzyme,True,exact_canonical,txtzyme,txtzyme,pldb,,True,False,False,False,False,False,False,
Tycoon,False,,,,,,False,False,False,False,False,False,False,
Typed Lua,False,,,,,,False,False,False,False,False,False,False,
Typed Racket,False,,,,,,False,False,False,False,False,False,False,
TypeQL,False,,,,,,False,False,False,False,False,False,False,
TypeScript,True,exact_canonical,typescript,typescript,linguist;pldb;wikipedia,.cts .mts .ts,True,True,True,False,True,True,True,
TypeSpec,True,exact_canonical,typespec,TypeSpec,linguist,.tsp,False,True,False,False,False,False,False,
Typst,True,exact_canonical,typst,typst,linguist;pldb,.typ,True,True,False,False,False,True,False,
U-SQL,False,,,,,,False,False,False,False,False,False,False,
UBASIC,True,exact_canonical,ubasic,ubasic,pldb,,True,False,False,False,False,False,False,
Ubercode,True,exact_canonical,ubercode,ubercode,pldb,,True,False,False,False,False,False,False,
Ublu,False,,,,,,False,False,False,False,False,False,False,
uC++,False,,,,,,False,False,False,False,False,False,False,C++;Func++
UCBLogo,False,,,,,,False,False,False,False,False,False,False,
UCI Lisp,False,,,,,,False,False,False,False,False,False,False,
uCRL,False,,,,,,False,False,False,False,False,False,False,
UCSD Pascal,False,,,,,,False,False,False,False,False,False,False,
UDO,False,,,,,,False,False,False,False,False,False,False,
ugBASIC,True,exact_canonical,ugbasic,ugbasic,pldb,,True,False,False,False,False,False,False,
Uiua,True,exact_canonical,uiua,uiua,esolang;pldb,,True,False,False,True,False,False,True,
uLisp,True,exact_canonical,ulisp,ulisp,pldb,,True,False,False,False,False,False,False,
Umka,True,exact_canonical,umka,umka,pldb,,True,False,False,False,False,False,False,
Umple,True,exact_canonical,umple,umple,pldb,,True,False,False,False,False,False,False,
Unary,True,exact_canonical,unary,Unary,esolang,,False,False,False,True,False,False,False,
UNCOL,True,exact_canonical,uncol,uncol,pldb,,True,False,False,False,False,False,False,
Underload,True,exact_canonical,underload,Underload,esolang,,False,False,False,True,False,False,False,
Unefunge,False,,,,,,False,False,False,False,False,False,False,Unfunge
UniBasic,False,,,,,,False,False,False,False,False,False,False,
Unicon,True,exact_canonical,unicon,unicon,pldb,,True,False,False,False,False,True,True,
Uniface,True,exact_canonical,uniface,uniface,pldb,,True,False,False,False,False,False,True,
Unified Parallel C,True,exact_tool,unified-parallel-c,unified-parallel-c,linguist;pldb,.upc,True,True,False,False,True,False,False,
Unison,True,exact_canonical,unison,unison,pldb,,True,False,False,False,False,False,True,
UNITY,True,exact_canonical,unity,unity,pldb,,True,False,False,False,False,False,False,
UnityScript,False,,,,,,False,False,False,False,False,False,False,
Unlambda,True,exact_canonical,unlambda,unlambda,esolang;pldb,,True,False,False,True,False,False,True,
UnrealScript,True,exact_canonical,unrealscript,unrealscript,linguist;pldb,.uc,True,True,False,False,True,False,False,
UPC,False,,,,,,False,False,False,False,False,False,False,
Uppaal,False,,,,,,False,False,False,False,False,False,False,
UQL,False,,,,,,False,False,False,False,False,False,False,
Ur,True,exact_alias,urweb,urweb,linguist;pldb,.ur .urs,True,True,False,False,True,False,False,
Ur/Web,True,exact_alias,urweb,urweb,linguist;pldb,.ur .urs,True,True,False,False,True,False,False,
Urbi,False,,,,,,False,False,False,False,False,False,False,
Urbiscript,True,exact_canonical,urbiscript,urbiscript,pldb,,True,False,False,False,False,True,False,
Urn,True,exact_canonical,urn,urn,esolang;pldb,,True,False,False,True,False,False,False,
Ursa,False,,,,,,False,False,False,False,False,False,False,
Ursala,False,,,,,,False,False,False,False,False,False,False,
URScript,False,,,,,,False,False,False,False,False,False,False,FURscript;uscript
Urweb,True,exact_canonical,urweb,urweb,linguist;pldb,.ur .urs,True,True,False,False,True,False,False,
UserRPL,False,,,,,,False,False,False,False,False,False,False,
UserTalk,False,,,,,,False,False,False,False,False,False,False,
UWSC,False,,,,,,False,False,False,False,False,False,False,
uwu,True,exact_canonical,uwu,UwU,esolang,,False,False,False,True,False,False,False,
Uxntal,True,exact_canonical,uxntal,Uxntal,esolang,,False,False,False,True,False,True,True,
UziScript,False,,,,,,False,False,False,False,False,False,False,
V,True,exact_canonical,v,v,esolang;linguist;pldb,.v,True,True,False,True,True,True,True,
V (programming language),True,exact_canonical,v-programming-language,V (programming language),wikipedia,,False,False,True,False,True,True,False,
VA Smalltalk,False,,,,,,False,False,False,False,False,False,False,
Val,True,exact_canonical,val,val,pldb,,True,False,False,False,False,False,False,
VAL-II,True,exact_canonical,val-ii,val-ii,pldb,,True,False,False,False,False,False,False,
Vala,True,exact_canonical,vala,vala,linguist;pldb,.vala .vapi,True,True,False,False,True,True,True,
Vale,True,exact_canonical,vale,vale,pldb,,True,False,False,False,False,False,True,
VALGOL,True,exact_canonical,valgol,VALGOL,esolang,,False,False,False,True,False,False,False,
Vampire,False,,,,,,False,False,False,False,False,False,False,
Var'aq,True,exact_canonical,var-aq,Var'aq,esolang,,False,False,False,True,False,False,False,
Varaq,False,,,,,,False,False,False,False,False,False,False,
Varnish Configuration Language,False,,,,,,False,False,False,False,False,False,False,
VASM,False,,,,,,False,False,False,False,False,False,False,
Vault,False,,,,,,False,False,False,False,False,False,False,
VAX Assembly,False,,,,,,False,False,False,False,False,False,False,
VAX BASIC,False,,,,,,False,False,False,False,False,False,False,
VAX MACRO,False,,,,,,False,False,False,False,False,False,False,
VB.NET,True,exact_alias,visual-basic-.net,Visual Basic .NET,linguist,.vb .vbhtml,False,True,False,False,True,True,True,
VBA,True,exact_canonical,vba,vba,linguist;pldb,.bas .cls .frm .vba,True,True,False,False,True,True,True,
VBScript,True,exact_canonical,vbscript,vbscript,linguist;pldb,.vbs,True,True,False,False,True,True,True,
VDM,False,,,,,,False,False,False,False,False,False,False,
VDM++,False,,,,,,False,False,False,False,False,False,False,
VDM-RT,False,,,,,,False,False,False,False,False,False,False,
VDM-SL,True,exact_canonical,vdm-sl,vdm-sl,pldb,,True,False,False,False,False,False,False,
Vector Pascal,False,,,,,,False,False,False,False,False,False,False,vector-pascal
Vega,True,exact_canonical,vega,vega,pldb,,True,False,False,False,False,False,False,
Velato,True,exact_canonical,velato,velato,esolang;pldb,,True,False,False,True,False,False,False,
Velocity,True,exact_alias,velocity-template-language,Velocity Template Language,linguist,.vtl,False,True,False,False,False,True,False,
Vensim,False,,,,,,False,False,False,False,False,False,False,
Venture,False,,,,,,False,False,False,False,False,False,False,
VentureScript,False,,,,,,False,False,False,False,False,False,False,
Vera,False,,,,,,False,False,False,False,False,False,False,
VeriFast,False,,,,,,False,False,False,False,False,False,False,
Verilog,True,exact_canonical,verilog,verilog,linguist;pldb,.v .veo,True,True,False,False,True,True,True,
Verilog-A,False,,,,,,False,False,False,False,False,False,False,
Verilog-AMS,False,,,,,,False,False,False,False,False,False,False,
Verona,True,exact_canonical,verona,verona,pldb,,True,False,False,False,False,False,False,
Verse,True,exact_canonical,verse,verse,pldb,,True,False,False,False,False,False,False,
Verus,False,,,,,,False,False,False,False,False,False,False,
Verve,True,exact_canonical,verve,verve,pldb,,True,False,False,False,False,False,False,
Veryl,True,exact_canonical,veryl,veryl,pldb,,True,False,False,False,False,False,False,
Vesta,False,,,,,,False,False,False,False,False,False,False,
VEX,True,exact_canonical,vex,vex,pldb,,True,False,False,False,False,False,False,
VHDL,True,exact_canonical,vhdl,vhdl,linguist;pldb,.vhd .vhdl .vhf .vhi .vho .vhs .vht .vhw,True,True,False,False,True,True,True,
VHDL-AMS,True,exact_canonical,vhdl-ams,vhdl-ams,pldb,,True,False,False,False,False,False,False,
VIC-20 BASIC,False,,,,,,False,False,False,False,False,False,False,
Vicare,False,,,,,,False,False,False,False,False,False,False,
Vici,False,,,,,,False,False,False,False,False,False,False,
Vienna Fortran,False,,,,,,False,False,False,False,False,False,False,vienna-fortran
Vigil,True,exact_canonical,vigil,vigil,esolang;pldb,,True,False,False,True,False,False,False,
Vim script,True,exact_tool,vim-script,vim-script,linguist;pldb,.vba .vim .vimrc .vmb,True,True,False,False,True,True,True,
VimL,True,exact_alias,vim-script,vim-script,linguist;pldb,.vba .vim .vimrc .vmb,True,True,False,False,True,True,True,
Vimscript,True,exact_alias,vim-script,vim-script,linguist;pldb,.vba .vim .vimrc .vmb,True,True,False,False,True,True,True,
Vintage BASIC,False,,,,,,False,False,False,False,False,False,False,
Viola,False,,,,,,False,False,False,False,False,False,False,
Viper,False,,,,,,False,False,False,False,False,False,False,
Virgil,True,exact_canonical,virgil,virgil,pldb,,True,False,False,False,False,False,False,
Virtual Pascal,False,,,,,,False,False,False,False,False,False,False,
Visual Basic,True,exact_alias,visual-basic-.net,Visual Basic .NET,linguist,.vb .vbhtml,False,True,False,False,True,True,True,
Visual Basic .NET,True,exact_canonical,visual-basic-.net,Visual Basic .NET,linguist,.vb .vbhtml,False,True,False,False,True,True,True,
Visual Basic for Applications,True,exact_alias,vba,vba,linguist;pldb,.bas .cls .frm .vba,True,True,False,False,True,True,True,
Visual DataFlex,False,,,,,,False,False,False,False,False,False,False,visual-dataflex
Visual DialogScript,False,,,,,,False,False,False,False,False,False,False,visual-dialogscript
Visual FoxPro,True,exact_tool,visual-foxpro,visual-foxpro,pldb;wikipedia,,True,False,True,False,False,False,True,
Visual J#,False,,,,,,False,False,False,False,False,False,False,
Visual J++,False,,,,,,False,False,False,False,False,False,False,
Visual LISP,False,,,,,,False,False,False,False,False,False,False,
Visual Objects,True,exact_tool,visual-objects,visual-objects,pldb,,True,False,False,False,False,False,True,
Visual Prolog,True,exact_tool,visual-prolog,visual-prolog,pldb;wikipedia,,True,False,True,False,False,False,True,
VisualAge,False,,,,,,False,False,False,False,False,False,False,
VisualWorks,True,exact_canonical,visualworks,visualworks,pldb,,True,False,False,False,False,False,False,
vJASS,False,,,,,,False,False,False,False,False,False,False,
Vlang,True,exact_alias,v,v,esolang;linguist;pldb,.v,True,True,False,True,True,True,True,
VLISP,False,,,,,,False,False,False,False,False,False,False,
VoiceXML,False,,,,,,False,False,False,False,False,False,False,
Volt,True,exact_canonical,volt,volt,linguist;pldb,.volt,True,True,False,False,True,False,False,
Vortex,True,exact_canonical,vortex,vortex,pldb,,True,False,False,False,False,False,False,
Vox,False,,,,,,False,False,False,False,False,False,False,
VQL,False,,,,,,False,False,False,False,False,False,False,
VRL,False,,,,,,False,False,False,False,False,False,False,
VRML,True,exact_canonical,vrml,vrml,pldb,,True,False,False,False,False,False,True,
VTL-2,False,,,,,,False,False,False,False,False,False,False,
Vulcan.NET,False,,,,,,False,False,False,False,False,False,False,
Vult,False,,,,,,False,False,False,False,False,False,False,
vvvv,True,exact_canonical,vvvv,vvvv,pldb,,True,False,False,False,False,False,False,
vvvv gamma,False,,,,,,False,False,False,False,False,False,False,
Vyper,True,exact_canonical,vyper,Vyper,linguist,.vy,False,True,False,False,False,True,False,
Vyxal,True,exact_canonical,vyxal,vyxal,esolang;pldb,,True,False,False,True,False,False,True,
Wa,True,exact_canonical,wa,wa,pldb,,True,False,False,False,False,False,False,
Wake,True,exact_canonical,wake,Wake,esolang,,False,False,False,True,False,False,False,
Wanda,False,,,,,,False,False,False,False,False,False,False,
Wang BASIC,False,,,,,,False,False,False,False,False,False,False,
Wart,True,exact_canonical,wart,wart,pldb,,True,False,False,False,False,False,True,
Wasp,False,,,,,,False,False,False,False,False,False,False,
WAT,False,,,,,,False,False,False,False,False,False,False,
WATBOL,True,exact_canonical,watbol,watbol,pldb,,True,False,False,False,False,False,False,
Waterloo BASIC,False,,,,,,False,False,False,False,False,False,False,
WATFIV,True,exact_canonical,watfiv,watfiv,pldb,,True,False,False,False,False,False,False,
WATFIV-S,False,,,,,,False,False,False,False,False,False,False,
WATFOR,True,exact_canonical,watfor,watfor,pldb,,True,False,False,False,False,False,False,
Waxeye,False,,,,,,False,False,False,False,False,False,False,
WDL,True,exact_canonical,wdl,wdl,linguist;pldb,.wdl,True,True,False,False,True,False,False,
WEB,False,,,,,,False,False,False,False,False,False,False,
WebAssembly,True,exact_canonical,webassembly,WebAssembly,linguist,.wast .wat,False,True,False,False,True,True,True,
WebAssembly Text Format,False,,,,,,False,False,False,False,False,False,False,
WebDNA,True,exact_canonical,webdna,webdna,pldb,,True,False,False,False,False,False,False,
WebDSL,False,,,,,,False,False,False,False,False,False,False,
WebIDL,True,exact_canonical,webidl,WebIDL,linguist,.webidl,False,True,False,False,True,True,False,
WebL,True,exact_canonical,webl,webl,pldb,,True,False,False,False,False,False,False,
WebPPL,False,,,,,,False,False,False,False,False,False,False,
Wenyan,True,exact_canonical,wenyan,wenyan,esolang;pldb,,True,False,False,True,False,False,False,
WFL,False,,,,,,False,False,False,False,False,False,False,
WGSL,True,exact_canonical,wgsl,wgsl,linguist;pldb,.wgsl,True,True,False,False,False,True,False,
Whenever,True,exact_canonical,whenever,Whenever,esolang,,False,False,False,True,False,False,True,
Whiley,True,exact_canonical,whiley,whiley,linguist;pldb,.whiley,True,True,False,False,False,True,False,
Whirl,True,exact_canonical,whirl,whirl,esolang;pldb,,True,False,False,True,False,False,False,
Whirlwind,True,exact_canonical,whirlwind,whirlwind,pldb,,True,False,False,False,False,False,False,
Whitespace,True,exact_canonical,whitespace,whitespace,esolang;pldb,,True,False,False,True,False,False,True,
WhizBase,False,,,,,,False,False,False,False,False,False,False,
Why3,False,,,,,,False,False,False,False,False,False,False,
WhyML,False,,,,,,False,False,False,False,False,False,False,
Wierd,True,exact_canonical,wierd,Wierd,esolang,,False,False,False,True,False,False,False,
WinBatch,True,exact_canonical,winbatch,winbatch,pldb,,True,False,False,False,False,True,False,
WINDEV,True,exact_canonical,windev,windev,pldb,,True,False,False,False,False,False,False,
Wing,True,exact_canonical,wing,wing,pldb,,True,False,False,False,False,False,False,
Winxed,True,exact_canonical,winxed,winxed,pldb,,True,False,False,False,False,False,False,
Wiring,False,,,,,,False,False,False,False,False,False,False,
Wisp,True,exact_canonical,wisp,wisp,linguist;pldb,.wisp,True,True,False,False,True,False,True,
wkwk-lang,False,,,,,,False,False,False,False,False,False,False,
WLanguage,True,exact_canonical,wlanguage,wlanguage,pldb,,True,False,False,False,False,False,False,
WML,True,exact_canonical,wml,wml,pldb,,True,False,False,False,False,False,True,
WMLScript,True,exact_canonical,wmlscript,wmlscript,pldb,,True,False,False,False,False,False,False,
Wolfram,True,exact_canonical,wolfram,wolfram,pldb,,True,False,False,False,True,True,False,
Wolfram Language,True,exact_canonical,wolfram-language,Wolfram Language,linguist,.cdf .m .ma .mathematica .mt .nb .nbp .wl .wls .wlt,False,True,False,False,True,True,True,
Wollok,True,exact_canonical,wollok,Wollok,linguist,.wlk,False,True,False,False,True,False,True,
Woma,False,,,,,,False,False,False,False,False,False,False,
Wonkey,True,exact_canonical,wonkey,wonkey,pldb,,True,False,False,False,False,False,False,
WordBasic,False,,,,,,False,False,False,False,False,False,False,
Wortel,False,,,,,,False,False,False,False,False,False,False,
WQL,False,,,,,,False,False,False,False,False,False,False,
Wren,True,exact_canonical,wren,wren,linguist;pldb,.wren,True,True,False,False,False,True,True,
WSFL,False,,,,,,False,False,False,False,False,False,False,
WSML,False,,,,,,False,False,False,False,False,False,False,
WTFCode,True,exact_canonical,wtfcode,WTFCode,esolang,,False,False,False,True,False,False,False,
Wuffs,False,,,,,,False,False,False,False,False,False,False,
WurstScript,False,,,,,,False,False,False,False,False,False,False,
Wvlet,False,,,,,,False,False,False,False,False,False,False,
wxBasic,True,exact_canonical,wxbasic,wxbasic,pldb,,True,False,False,False,False,False,False,
Wybe,False,,,,,,False,False,False,False,False,False,False,
Wyvern,True,exact_canonical,wyvern,wyvern,pldb,,True,False,False,False,False,False,False,
WZScript,False,,,,,,False,False,False,False,False,False,False,
X#,False,,,,,,False,False,False,False,False,False,False,xsharp
X++,True,exact_canonical,x-plus-plus,X++,esolang,,False,False,False,True,False,True,False,
X10,True,exact_canonical,x10,x10,linguist;pldb,.x10,True,True,False,False,True,True,True,
X11-Basic,True,exact_canonical,x11-basic,x11-basic,pldb,,True,False,False,False,False,False,False,
X86 Assembly,False,,,,,,False,False,False,False,False,False,False,
XBase,True,exact_canonical,xbase,xbase,linguist;pldb,.ch .prg .prw,True,True,False,False,True,True,True,
Xbase++,False,,,,,,False,False,False,False,False,False,False,
XBasic,True,exact_canonical,xbasic,xbasic,pldb,,True,False,False,False,False,False,True,
XBLite,True,exact_canonical,xblite,xblite,pldb,,True,False,False,False,False,False,False,
XC,True,exact_canonical,xc,xc,linguist;pldb,.xc,True,True,False,False,True,False,False,
Xcerpt,False,,,,,,False,False,False,False,False,False,False,
XCOM,False,,,,,,False,False,False,False,False,False,False,
XCSP3,False,,,,,,False,False,False,False,False,False,False,
XDuce,True,exact_canonical,xduce,xduce,pldb,,True,False,False,False,False,False,False,
XeTeX,True,exact_canonical,xetex,xetex,pldb,,True,False,False,False,False,False,False,
XGMML,True,exact_canonical,xgmml,xgmml,pldb,,True,False,False,False,False,False,False,
xHarbour,False,,,,,,False,False,False,False,False,False,False,harbour
XHP,False,,,,,,False,False,False,False,False,False,False,
Xi,False,,,,,,False,False,False,False,False,False,False,
XL,True,exact_canonical,xl,xl,pldb,,True,False,False,False,False,False,True,
XLISP,False,,,,,,False,False,False,False,False,False,False,
XLISP-STAT,False,,,,,,False,False,False,False,False,False,False,
XLogo,False,,,,,,False,False,False,False,False,False,False,
Xn--m6e,True,exact_canonical,xn--m6e,Xn--m6e,esolang,,False,False,False,True,False,False,False,
XO-CHIP,False,,,,,,False,False,False,False,False,False,False,
XOD,False,,,,,,False,False,False,False,False,False,False,
Xojo,True,exact_canonical,xojo,xojo,linguist;pldb,.xojo_code .xojo_menu .xojo_report .xojo_script .xojo_toolbar .xojo_window,True,True,False,False,True,False,True,
Xonsh,True,exact_canonical,xonsh,Xonsh,linguist,.xsh,False,True,False,False,False,False,False,
XOTcl,True,exact_canonical,xotcl,xotcl,pldb,,True,False,False,False,False,False,False,
XPath,True,exact_canonical,xpath,xpath,pldb,,True,False,False,False,False,False,False,
XPCE,False,,,,,,False,False,False,False,False,False,False,
XPL,True,exact_canonical,xpl,xpl,pldb;wikipedia,,True,False,True,False,False,False,False,
XPL+,False,,,,,,False,False,False,False,False,False,False,
XPL0,True,exact_canonical,xpl0,xpl0,pldb,,True,False,False,False,False,False,True,
XPLOR,False,,,,,,False,False,False,False,False,False,False,
XProc,True,exact_canonical,xproc,xproc,linguist;pldb,.xpl .xproc,True,True,False,False,True,True,True,
XQuery,True,exact_canonical,xquery,xquery,linguist;pldb,.xq .xql .xqm .xquery .xqy,True,True,False,False,True,True,True,
XRSL,False,,,,,,False,False,False,False,False,False,False,
XS,True,exact_canonical,xs,xs,esolang;linguist;pldb,.xs,True,True,False,True,True,False,True,
XSB,False,,,,,,False,False,False,False,False,False,False,
XSCHEME,False,,,,,,False,False,False,False,False,False,False,scheme
XSharp,True,exact_canonical,xsharp,xsharp,pldb,,True,False,False,False,False,False,False,
XSLT,True,exact_canonical,xslt,xslt,linguist;pldb;wikipedia,.xsl .xslt,True,True,True,False,True,True,True,
XTalk,False,,,,,,False,False,False,False,False,False,False,
Xtend,True,exact_canonical,xtend,xtend,linguist;pldb,.xtend,True,True,False,False,True,True,False,
Xtlang,False,,,,,,False,False,False,False,False,False,False,xtclang
XUL,False,,,,,,False,False,False,False,False,False,False,
xVector,True,exact_canonical,xvector,XVector,esolang,,False,False,False,True,False,False,False,
Yab,False,,,,,,False,False,False,False,False,False,False,
Yabasic,True,exact_canonical,yabasic,yabasic,pldb,,True,False,False,False,False,False,True,
Yacas,True,exact_canonical,yacas,yacas,pldb,,True,False,False,False,False,False,True,
Yacc,True,exact_canonical,yacc,yacc,linguist;pldb,.y .yacc .yy,True,True,False,False,True,False,False,
YAML,True,exact_canonical,yaml,YAML,linguist,.mir .reek .rviz .sublime-syntax .syntax .yaml .yaml-tmlanguage .yaml.sed .yml .yml.mysql,False,True,False,False,True,True,False,
YAMLScript,False,,,,,,False,False,False,False,False,False,False,
Yampa,False,,,,,,False,False,False,False,False,False,False,
YANG,True,exact_canonical,yang,yang,linguist;pldb,.yang,True,True,False,False,True,True,False,
YAP,False,,,,,,False,False,False,False,False,False,False,
YAP Prolog,False,,,,,,False,False,False,False,False,False,False,
YAQL,False,,,,,,False,False,False,False,False,False,False,
YARA,True,exact_canonical,yara,yara,linguist;pldb,.yar .yara,True,True,False,False,True,True,False,
Yarn,False,,,,,,False,False,False,False,False,False,False,
Yarn Spinner,False,,,,,,False,False,False,False,False,False,False,
Yash,False,,,,,,False,False,False,False,False,False,False,
YASM,False,,,,,,False,False,False,False,False,False,False,
Yatima,False,,,,,,False,False,False,False,False,False,False,
YAWL,True,exact_canonical,yawl,yawl,pldb,,True,False,False,False,False,False,False,
Yeti,True,exact_canonical,yeti,yeti,pldb,,True,False,False,False,False,False,False,
YFlang,False,,,,,,False,False,False,False,False,False,False,
YForth,False,,,,,,False,False,False,False,False,False,False,
YNot,False,,,,,,False,False,False,False,False,False,False,
Yoix,True,exact_canonical,yoix,yoix,pldb,,True,False,False,False,False,False,False,
YOLOL,False,,,,,,False,False,False,False,False,False,False,
Yona,False,,,,,,False,False,False,False,False,False,False,
Yorick,True,exact_canonical,yorick,yorick,pldb,,True,False,False,False,False,False,True,
Yorlang,False,,,,,,False,False,False,False,False,False,False,Yourlang
YottaDB,False,,,,,,False,False,False,False,False,False,False,
Ypsilon,False,,,,,,False,False,False,False,False,False,False,
YQL,False,,,,,,False,False,False,False,False,False,False,
yr,False,,,,,,False,False,False,False,False,False,False,
YSH,False,,,,,,False,False,False,False,False,False,False,
Yuck,False,,,,,,False,False,False,False,False,False,False,
Yuescript,False,,,,,,False,False,False,False,False,False,False,
Yul,True,exact_canonical,yul,yul,linguist;pldb,.yul,True,True,False,False,False,False,False,
Yul+,False,,,,,,False,False,False,False,False,False,False,
Z,True,exact_canonical,z,z,esolang;pldb,,True,False,False,True,False,False,False,
Z notation,False,,,,,,False,False,False,False,False,False,False,
Z80 Assembly,False,,,,,,False,False,False,False,False,False,False,
Z8000 Assembly,False,,,,,,False,False,False,False,False,False,False,
Zax,False,,,,,,False,False,False,False,False,False,False,
ZBASIC,True,exact_canonical,zbasic,zbasic,pldb,,True,False,False,False,False,False,False,
Zeek,True,exact_canonical,zeek,zeek,linguist;pldb,.bro .zeek,True,True,False,False,True,True,False,
Zelus,False,,,,,,False,False,False,False,False,False,False,
Zen,False,,,,,,False,False,False,False,False,False,False,
Zeno,True,exact_canonical,zeno,zeno,pldb,,True,False,False,False,False,False,False,
ZenScript,True,exact_canonical,zenscript,zenscript,linguist;pldb,.zs,True,True,False,False,True,False,False,
Zephir,True,exact_canonical,zephir,zephir,linguist;pldb,.zep,True,True,False,False,True,True,False,
Zephyr,False,,,,,,False,False,False,False,False,False,False,
Zephyr ASDL,False,,,,,,False,False,False,False,False,False,False,
Zepto,False,,,,,,False,False,False,False,False,False,False,
Zeptoforth,False,,,,,,False,False,False,False,False,False,False,
ZetaLisp,False,,,,,,False,False,False,False,False,False,False,
Zig,True,exact_canonical,zig,zig,linguist;pldb,.zig .zig.zon,True,True,False,False,True,True,True,
ZIL,True,exact_canonical,zil,zil,linguist;pldb,.mud .zil,True,True,False,False,True,False,False,
Zimbu,True,exact_canonical,zimbu,zimbu,pldb,,True,False,False,False,False,False,False,
Zimpl,True,exact_canonical,zimpl,zimpl,linguist;pldb,.zimpl .zmpl .zpl,True,True,False,False,True,False,False,
ZINC,False,,,,,,False,False,False,False,False,False,False,
Zing,False,,,,,,False,False,False,False,False,False,False,
ZiziQue,True,exact_canonical,zizique,ZiziQue,esolang,,False,False,False,True,False,False,False,
ZKay,False,,,,,,False,False,False,False,False,False,False,
Zkl,False,,,,,,False,False,False,False,False,False,False,
ZL,True,exact_canonical,zl,zl,pldb,,True,False,False,False,False,False,False,
ZMAC,False,,,,,,False,False,False,False,False,False,False,
Zoea,False,,,,,,False,False,False,False,False,False,False,
Zoem,True,exact_canonical,zoem,zoem,pldb,,True,False,False,False,False,False,False,
ZoKrates,False,,,,,,False,False,False,False,False,False,False,
Zombie,True,exact_canonical,zombie,ZOMBIE,esolang,,False,False,False,True,False,False,False,
Zonnon,True,exact_canonical,zonnon,zonnon,pldb,,True,False,False,False,False,False,True,
Zot,True,exact_canonical,zot,zot,esolang;pldb,,True,False,False,True,False,False,False,
ZPAQL,False,,,,,,False,False,False,False,False,False,False,
ZPL,True,exact_canonical,zpl,zpl,pldb,,True,False,False,False,False,False,True,
ZScript,False,,,,,,False,False,False,False,False,False,False,script
Zsh,True,exact_alias,shell,Shell,linguist,.bash .bats .cgi .command .fcgi .ksh .sbatch .sh .sh.in .slurm .tmux .tool .trigger .zsh .zsh-theme,False,True,False,False,True,True,False,
ZSPL,False,,,,,,False,False,False,False,False,False,False,
Zuo,True,exact_canonical,zuo,zuo,pldb,,True,False,False,False,False,False,False,
ZX Spectrum BASIC,False,,,,,,False,False,False,False,False,False,False,
ZX-80 BASIC,False,,,,,,False,False,False,False,False,False,False,
ZX-81 BASIC,False,,,,,,False,False,False,False,False,False,False,
ZZT-OOP,False,,,,,,False,False,False,False,False,False,False,
Zélus,False,,,,,,False,False,False,False,False,False,False,
Ć,True,normalized_canonical,c,C,esolang;linguist;pldb,.c .cats .h .h.in .idc,True,True,False,True,True,True,True,
气,True,normalized_canonical,id-0ab8318a,!,esolang,,False,False,False,True,False,False,False,
