swhid,sha1_git,name,origin,forge,in_uniform,in_diverse
swh:1:cnt:0002401aaebbbd6ffd86c61b1fd4465aee253982,0002401aaebbbd6ffd86c61b1fd4465aee253982,/tstlogger.rpgle,https://github.com/pierrickrouxel/rpg-logger,github.com,1,0
swh:1:cnt:0024d09638b9128f35f5eee3717da090ada91078,0024d09638b9128f35f5eee3717da090ada91078,/ifsdir_h.rpgle,https://github.com/inf1serg/DevtoosAS400,github.com,1,0
swh:1:cnt:00598cf4a8b01b50c1026accfb9bb93538f88082,00598cf4a8b01b50c1026accfb9bb93538f88082,/barrySQL.rpgle,https://github.com/WorksOfLiam/barrySQL,github.com,1,0
swh:1:cnt:0074fdc836d9642eaffbadca261b5218b05efcc2,0074fdc836d9642eaffbadca261b5218b05efcc2,/qbac03s4.rpgle,https://github.com/RandyHH/cvt425,github.com,1,0
swh:1:cnt:007b24c41420f81aa38d8d3ab21d4ab757ee311f,007b24c41420f81aa38d8d3ab21d4ab757ee311f,/NULLPTR01.rpgle,https://github.com/smeup/jariko,github.com,1,0
swh:1:cnt:00a689c81a8b7bfae88806c051c5d661eacfb945,00a689c81a8b7bfae88806c051c5d661eacfb945,/gentablepr.rpgle,https://github.com/vkleinWright/CBS,github.com,1,0
swh:1:cnt:00ab7db5953413ba081a31d279624905d48429b3,00ab7db5953413ba081a31d279624905d48429b3,/SRVXLS@02.mod.rpgle,https://github.com/RolandStrauss/srvxls,github.com,1,0
swh:1:cnt:00ac41a18f033a3dd93151ba55f25dc686a55eec,00ac41a18f033a3dd93151ba55f25dc686a55eec,/CBKUSRHIDS.rpgle,https://github.com/worksofliam/BBS400,github.com,0,1
swh:1:cnt:010b8c0e90e80727e9cf8d7205b265cbe06f8d9a,010b8c0e90e80727e9cf8d7205b265cbe06f8d9a,/cowriv.rpgle,https://github.com/inf1serg/iServices,github.com,1,0
swh:1:cnt:01206baba0eabb8400a899ec08a314fe8c6d05c0,01206baba0eabb8400a899ec08a314fe8c6d05c0,/JSONPGM01A.Call-ILE-program.rpgle,https://github.com/sitemule/noxDB,github.com,1,0
swh:1:cnt:01332e269e66d284a1a543047e3075835d4e689f,01332e269e66d284a1a543047e3075835d4e689f,/runrmt_h.rpgle,https://bitbucket.org/m1hael/ileunit.git,bitbucket.org,1,0
swh:1:cnt:01679c09f164e5cddb5878557d1da0151902426a,01679c09f164e5cddb5878557d1da0151902426a,/cvtRpgFreR.rpgle,https://github.com/BezouwenR/cvtrpgfree,github.com,0,1
swh:1:cnt:016db1a0be77e3e7d9a47acfd9e1e9baa3d47eb9,016db1a0be77e3e7d9a47acfd9e1e9baa3d47eb9,/events.rpgle,https://github.com/christianlarsen/events,github.com,0,1
swh:1:cnt:01b4ae840d4879f24a6e4df3f12b0cb4594d73be,01b4ae840d4879f24a6e4df3f12b0cb4594d73be,/plugpase.rpgle,https://github.com/jimoibm/xmlservice,github.com,0,1
swh:1:cnt:0215f233243216b52c35f50fafdf5512d312b8e6,0215f233243216b52c35f50fafdf5512d312b8e6,/MUTE01.rpgle,https://github.com/smeup/jariko,github.com,1,0
swh:1:cnt:0225af8c0ffe2dcace3d3c7fc67011f871dc15a6,0225af8c0ffe2dcace3d3c7fc67011f871dc15a6,/pgm001.rpgle,https://github.com/Faq400Git/testGit1,github.com,0,1
swh:1:cnt:025d54ff1b6da74241f087948a9bda3c40929e12,025d54ff1b6da74241f087948a9bda3c40929e12,/MUTE19_27.rpgle,https://github.com/smeup/jariko,github.com,1,0
swh:1:cnt:0278deab8b9b2431c3814999509ca29496d34687,0278deab8b9b2431c3814999509ca29496d34687,/evas03co.rpgle,https://github.com/ced-viglietta/development-library,github.com,0,1
swh:1:cnt:03158bfc07b7f521098a66a9fde53bddb6323710,03158bfc07b7f521098a66a9fde53bddb6323710,/example6.rpgle,https://github.com/chrjorgensen/rpgleparser,github.com,1,0
swh:1:cnt:0363852b0d380cfb6c2420abdc808d4f20169742,0363852b0d380cfb6c2420abdc808d4f20169742,/parser.rpgle,https://github.com/BrianGarland/SimplePascalInterpreter,github.com,0,1
swh:1:cnt:03808e473f0291d0a987262941e29d0a2d2db9c4,03808e473f0291d0a987262941e29d0a2d2db9c4,/wmx001.rpgle,https://github.com/Jem5x5/rpg,github.com,1,0
swh:1:cnt:0433e0d010b977d1cbbe1b6aeeebdf9639c512f4,0433e0d010b977d1cbbe1b6aeeebdf9639c512f4,/arrays-string.rpgle,https://github.com/martinezga/ibm-rpg-programs,github.com,1,0
swh:1:cnt:04709f495e5690edf79f87dfd784b7697a759689,04709f495e5690edf79f87dfd784b7697a759689,/SRVZHSHMAP.rpgle,https://github.com/TheCuckoo/ROOF,github.com,1,0
swh:1:cnt:0470c26151b7cdce857eaaf102be6394da010d2b,0470c26151b7cdce857eaaf102be6394da010d2b,/JSONPARS9J.JSON-data-gen.rpgle,https://github.com/sitemule/noxDB,github.com,1,0
swh:1:cnt:0496491b596d2582eac7b02cf5c9333fae1045d2,0496491b596d2582eac7b02cf5c9333fae1045d2,/member.rpgle,https://github.com/zs6jce/migrate,github.com,0,1
swh:1:cnt:04ab65d3e9e7eb7a9a9742d87c4dc4217a9eb1ff,04ab65d3e9e7eb7a9a9742d87c4dc4217a9eb1ff,/wslcon5.rpgle,https://github.com/inf1serg/iServices,github.com,1,0
swh:1:cnt:04b1dbf45b0d94ec1537e20238a5f77faad188e3,04b1dbf45b0d94ec1537e20238a5f77faad188e3,/unitTest3.rpgle,https://github.com/BezouwenR/IceBreak-Samples,github.com,1,0
swh:1:cnt:0525856672a534c9d81cad3f333dbbbb28b05899,0525856672a534c9d81cad3f333dbbbb28b05899,/cbx962.rpgle,https://github.com/ChrisHird/CF_API,github.com,1,0
swh:1:cnt:05567810047d71915406817116d7711317aba316,05567810047d71915406817116d7711317aba316,/mon_code.rpgle,https://github.com/Lalasleroux/demo_git,github.com,0,1
swh:1:cnt:057f88beac40583b6f8454c8f4b24115d28d98dc,057f88beac40583b6f8454c8f4b24115d28d98dc,/RPG_IV.rpgle,https://github.com/leachim6/hello-world,github.com,0,1
swh:1:cnt:05a6aad4c264fe4833b62a0891d1f4192e4a779f,05a6aad4c264fe4833b62a0891d1f4192e4a779f,/constants.rpgle,https://github.com/inf1serg/DevtoosAS400,github.com,1,0
swh:1:cnt:05c9ec914a34704f56f325a39e5b116d9e33c3df,05c9ec914a34704f56f325a39e5b116d9e33c3df,/app.rpgle,https://github.com/vaclmat/nodejs_i_examples,github.com,0,1
swh:1:cnt:05d19a9276916fdb5b71da1f930a1254a9617be1,05d19a9276916fdb5b71da1f930a1254a9617be1,/OVERVIEW.rpgle,https://github.com/LBBNetwork/InventoryMangler400,github.com,1,0
swh:1:cnt:0637562eb319e3520a7a4e87790a7e58c389c092,0637562eb319e3520a7a4e87790a7e58c389c092,/nanoftp.rpgle,https://github.com/avble/natClientEx,github.com,1,0
swh:1:cnt:06847044fbb56460b61336b003a2bfb39b93bf88,06847044fbb56460b61336b003a2bfb39b93bf88,/HELLOINC-Helloworld_using_copybook.pgm.rpgle,https://github.com/NickLitten/Nicks_Master_Repo,github.com,1,0
swh:1:cnt:069c4c64a8b5e76ebc5340d896c992c6689ca848,069c4c64a8b5e76ebc5340d896c992c6689ca848,/GDRTRATE.rpgle,https://github.com/mylesieong/code_library,github.com,0,1
swh:1:cnt:06af6ca597cdd6a3272f152dd5fe99a4dcaa6d27,06af6ca597cdd6a3272f152dd5fe99a4dcaa6d27,/IFS_H.rpgle,https://github.com/wangyingxun/SendObjects-IBMi,github.com,1,1
swh:1:cnt:070e1dae446e54d84cce5027aecea8cbae68d324,070e1dae446e54d84cce5027aecea8cbae68d324,/JSONXML.rpgle,https://github.com/sitemule/noxDB,github.com,1,0
swh:1:cnt:078fc097422df168c0447e71d81151fe5e3261ae,078fc097422df168c0447e71d81151fe5e3261ae,/dcl_fixed.rpgle,https://github.com/szsascha/NetRPG,github.com,1,0
swh:1:cnt:07a0107e7f24de3aca069d01ab1cff9e0660b52a,07a0107e7f24de3aca069d01ab1cff9e0660b52a,/DECIMALS.rpgle,https://github.com/smeup/jariko,github.com,1,0
swh:1:cnt:07e5dff119cba2db5c4a8e935d9c037f1bf78571,07e5dff119cba2db5c4a8e935d9c037f1bf78571,/library.rpgle,https://github.com/RolandStrauss/migrate,github.com,1,0
swh:1:cnt:08282e43e816e2d045dd40dee93d0635fefb9e5d,08282e43e816e2d045dd40dee93d0635fefb9e5d,/IBMIUIINT.rpgle,https://github.com/MarinaSchwenk/IBMiUnit,github.com,1,0
swh:1:cnt:084da35a4c7ca41418b712395d5f80520b6162d4,084da35a4c7ca41418b712395d5f80520b6162d4,/testfree.rpgle,https://github.com/KellyZHANG8023/FirstTest,github.com,0,1
swh:1:cnt:087e369471d1632c46f4bac8cc5753891085a0bb,087e369471d1632c46f4bac8cc5753891085a0bb,/JSONPARS9E.JSON-ForEach-Node-names.rpgle,https://github.com/BrianGarland/noxDB,github.com,1,0
swh:1:cnt:08ac6648663fd7db2ddbe0506fe4a3cb41ee46ba,08ac6648663fd7db2ddbe0506fe4a3cb41ee46ba,/logger.srvpgm.rpgle,https://github.com/pierrickrouxel/rpg-logger,github.com,1,0
swh:1:cnt:08fc19448c0c9b056e184738251c9f4bb849c6b3,08fc19448c0c9b056e184738251c9f4bb849c6b3,/iledocs.rpgle,https://svn.code.sf.net/p/iledocs/code,svn.code.sf.net,1,0
swh:1:cnt:090ae6334c04e8fe20cf6991ccd4e25f968b1107,090ae6334c04e8fe20cf6991ccd4e25f968b1107,/PSDS.rpgle,https://github.com/bmcpherson-srlife/KEYSAFE,github.com,0,1
swh:1:cnt:0928c23799dc4db4b9a7552f23c1ae67cad87c24,0928c23799dc4db4b9a7552f23c1ae67cad87c24,/calculator_controller.pgm.rpgle,https://github.com/angelorpa/calculator,github.com,0,1
swh:1:cnt:0941acedfd736374d387163f3cbc2de5b8c4b97f,0941acedfd736374d387163f3cbc2de5b8c4b97f,/t055.rpgle,https://github.com/ITMentalist/-i5toolkit-code,github.com,1,0
swh:1:cnt:09453290a88f2516ea83fbae0859e00101b8db72,09453290a88f2516ea83fbae0859e00101b8db72,/k3s_1510bk.rpgle,https://github.com/MEYER12345/Nightjob,github.com,1,0
swh:1:cnt:0964232f9488102312271d84cfced745070be8c9,0964232f9488102312271d84cfced745070be8c9,/cbx916c.rpgle,https://github.com/ChrisHird/CF_API,github.com,1,0
swh:1:cnt:0994d04cc490bfcee1e9599ff235ab423b960be7,0994d04cc490bfcee1e9599ff235ab423b960be7,/t118.rpgle,https://github.com/ITMentalist/-i5toolkit-code,github.com,1,0
swh:1:cnt:09ddbed10c1e63b044c6f3c968e3c765d6f2d98e,09ddbed10c1e63b044c6f3c968e3c765d6f2d98e,/MUDRNRAPU00285.rpgle,https://github.com/smeup/jariko,github.com,1,0
swh:1:cnt:0a0f9d0f3037d76c86e35cc1d61c537d20837270,0a0f9d0f3037d76c86e35cc1d61c537d20837270,/MUTE19_30.rpgle,https://github.com/JCErasmus/jariko,github.com,1,0
swh:1:cnt:0a1d18e504c2a596efe5d11126df626bfe47d745,0a1d18e504c2a596efe5d11126df626bfe47d745,/SCANRPL.rpgle,https://github.com/TheCuckoo/Random,github.com,0,1
swh:1:cnt:0a9dcedb64b0e9582a0ddec8d357bb4ab26e8a92,0a9dcedb64b0e9582a0ddec8d357bb4ab26e8a92,/wsrcfp.rpgle,https://github.com/inf1serg/iServices,github.com,1,0
swh:1:cnt:0aaf922e7986625df91dbf683b9b81dccd1a011c,0aaf922e7986625df91dbf683b9b81dccd1a011c,/CH4FIXED.rpgle,https://github.com/ITMentalist/ibmi-2,github.com,1,0
swh:1:cnt:0b09549a5f7988f4ac3163e444c86b40ed03c6b9,0b09549a5f7988f4ac3163e444c86b40ed03c6b9,/test-fixed.rpgle,https://github.com/GajenderI/vscode-ibmi-languages,github.com,1,0
swh:1:cnt:0b16c10cfe37304ea306d834f08a20c95d480d0e,0b16c10cfe37304ea306d834f08a20c95d480d0e,/TAXRCPTPGM.rpgle,https://github.com/LBBNetwork/InventoryMangler400,github.com,1,0
swh:1:cnt:0b5343ed544035e47c8c8f287ce93b4e7837d57c,0b5343ed544035e47c8c8f287ce93b4e7837d57c,/JSONSQL12.SQL-Options.rpgle,https://github.com/BrianGarland/noxDB,github.com,1,0
swh:1:cnt:0b586056363adfa549fd55bc4195d598577c0ab7,0b586056363adfa549fd55bc4195d598577c0ab7,/testjwt.rpgle,https://github.com/pabloto/ILEastic,github.com,1,1
swh:1:cnt:0b68510cf5e184bafde1248a706dcdbd58b69444,0b68510cf5e184bafde1248a706dcdbd58b69444,/pgm1.rpgle,https://github.com/giduturiOSS/testrepoforshankar,github.com,1,0
swh:1:cnt:0b9794607e2da9a9c76cf2685b7551bb0e4c0958,0b9794607e2da9a9c76cf2685b7551bb0e4c0958,/TESTUTILS.rpgle,https://github.com/p-behr/irpgunit,github.com,1,0
swh:1:cnt:0b9bc362ae348aaf43d9fa4adbc5490e46af1154,0b9bc362ae348aaf43d9fa4adbc5490e46af1154,/CHGOBJARG.rpgle,https://github.com/PantalonOrange/Change-object-attribute,github.com,0,1
swh:1:cnt:0ba66dddce2a59b23d13df4bb09f7c411832b6c1,0ba66dddce2a59b23d13df4bb09f7c411832b6c1,/PARAMETER.rpgle,https://github.com/LBBNetwork/VCF400,github.com,1,0
swh:1:cnt:0c32645e3ff56a284bc9a2f192190969b9c9c0ca,0c32645e3ff56a284bc9a2f192190969b9c9c0ca,/T03_A30_P01-02.rpgle,https://github.com/smeup/jariko,github.com,1,0
swh:1:cnt:0c4eee227d1149d40659a1460bad36e44a6f1f45,0c4eee227d1149d40659a1460bad36e44a6f1f45,/MUDRNRAPU001114_P.rpgle,https://github.com/smeup/jariko,github.com,1,0
swh:1:cnt:0c507917118a112d849ed26485dbcd8f219a6831,0c507917118a112d849ed26485dbcd8f219a6831,/virt.rpgle,https://bitbucket.org/inext/vlang-rpg.git,bitbucket.org,1,0
swh:1:cnt:0c5b897a6471a0966840ed5bf02abad302995f32,0c5b897a6471a0966840ed5bf02abad302995f32,/xml3.rpgle,https://github.com/NielsLiisberg/noxDB,github.com,1,0
swh:1:cnt:0c5e073e1c7c9a9f97e52b717a9b9fed22ceed3b,0c5e073e1c7c9a9f97e52b717a9b9fed22ceed3b,/test.rpgle,https://github.com/worksofliam/testproject,github.com,1,0
swh:1:cnt:0c7f118e1c55f584c23aa19749836ee5082a8eb1,0c7f118e1c55f584c23aa19749836ee5082a8eb1,/wsrins.rpgle,https://github.com/inf1serg/iServices,github.com,1,0
swh:1:cnt:0c866508e1fdde9e50f25d49ac5ffb346ffda450,0c866508e1fdde9e50f25d49ac5ffb346ffda450,/k3s_9023.rpgle,https://github.com/MEYER12345/Nightjob,github.com,1,0
swh:1:cnt:0c99be575afcfcaa8add9376f666890abc94b6a7,0c99be575afcfcaa8add9376f666890abc94b6a7,/cbx9813.rpgle,https://github.com/ChrisHird/CF_API,github.com,1,0
swh:1:cnt:0cbf64c2468dfa0a8a3330c94f12910aaae5ef2b,0cbf64c2468dfa0a8a3330c94f12910aaae5ef2b,/EXCPCALLEE.rpgle,https://github.com/smeup/jariko,github.com,1,0
swh:1:cnt:0cc1ea978a2b6c94bcdd584e0c3f74141bff47a7,0cc1ea978a2b6c94bcdd584e0c3f74141bff47a7,/MVR.rpgle,https://github.com/JCErasmus/antlr4-rpgle,github.com,1,0
swh:1:cnt:0d49fbe8f16afb445b8186b01b22092dfabb8b6d,0d49fbe8f16afb445b8186b01b22092dfabb8b6d,/APS005.rpgle,https://github.com/sapphireapplication/SapphireDiag,github.com,1,0
swh:1:cnt:0d5aeccf10e8222746f0f159cc8f2bfa1ad8efa0,0d5aeccf10e8222746f0f159cc8f2bfa1ad8efa0,/MUDRNRAPU00147.rpgle,https://github.com/smeup/jariko,github.com,1,0
swh:1:cnt:0e0547c21dfc53084512e53384e783e480a12459,0e0547c21dfc53084512e53384e783e480a12459,/EX05INTER.rpgle,https://github.com/Yahnich/IBMClassCollection,github.com,1,1
swh:1:cnt:0e46a7a80b36d0740de9e548cc35fa0b5fd205d2,0e46a7a80b36d0740de9e548cc35fa0b5fd205d2,/HEX_COLORS.rpgle,https://github.com/BezouwenR/Mailviewer,github.com,0,1
swh:1:cnt:0e985165723538d0661ed28ba262d6d7d32d3b31,0e985165723538d0661ed28ba262d6d7d32d3b31,/JXTEST01.SQL-BLOB-insert-read-update.rpgle,https://github.com/BrianGarland/noxDB,github.com,1,0
swh:1:cnt:0eb67677b4d628dff640d552b709c32f244830dd,0eb67677b4d628dff640d552b709c32f244830dd,/EX02INTER.rpgle,https://github.com/Yahnich/IBMClassCollection,github.com,1,0
swh:1:cnt:0efe84ed986a14d8e23ddb20c7807c16f0ac75b6,0efe84ed986a14d8e23ddb20c7807c16f0ac75b6,/JSONXML.rpgle,https://github.com/sitemule/noxDB,github.com,1,0
swh:1:cnt:0f262ada9bd24447d862131bf9f2a48345ed402f,0f262ada9bd24447d862131bf9f2a48345ed402f,/tree.rpgle,https://github.com/djp952/pvr.hdhomerundvr,github.com,0,1
swh:1:cnt:0f3537f104cdf8679c0a577a088a47501d4ba4c0,0f3537f104cdf8679c0a577a088a47501d4ba4c0,/hello.rpgle,https://github.com/fleshmechanic/RPG,github.com,0,1
swh:1:cnt:0f880dbc5789e2c1675f4613653e952e3227b062,0f880dbc5789e2c1675f4613653e952e3227b062,/Program4.rpgle,https://github.com/shipitsteven/ibm-i_programming,github.com,1,0
swh:1:cnt:0fa905e154a828f9fb807fef6e0b047c45a63ed6,0fa905e154a828f9fb807fef6e0b047c45a63ed6,/JSONPARS6B.JSON-Build-from-scratch.rpgle,https://github.com/BrianGarland/noxDB,github.com,1,0
swh:1:cnt:0fe00f58dc46fda58ece2e48bc0dcad1fbe31bc0,0fe00f58dc46fda58ece2e48bc0dcad1fbe31bc0,/DSPERF01.rpgle,https://github.com/smeup/jariko,github.com,1,0
swh:1:cnt:0fe73d07f894086ba6ce6ad425c734f4dcd3e445,0fe73d07f894086ba6ce6ad425c734f4dcd3e445,/xmlautomata.rpgle,https://github.com/sripriya41121/Angular_Projects,github.com,1,1
swh:1:cnt:0ffba4ac129fa39ae12ade46d2772f2d65b0d008,0ffba4ac129fa39ae12ade46d2772f2d65b0d008,/MUTE11_16A.rpgle,https://github.com/BezouwenR/jariko,github.com,1,0
swh:1:cnt:10022d5af9910546b48e7b04ef62ff1b169e5a77,10022d5af9910546b48e7b04ef62ff1b169e5a77,/SM_P_PLAIN.rpgle,https://github.com/smeup/jariko,github.com,1,0
swh:1:cnt:102c82d28dd6000621d94539070f478829945be7,102c82d28dd6000621d94539070f478829945be7,/MUDRNRAPU00259.rpgle,https://github.com/smeup/jariko,github.com,1,0
swh:1:cnt:1039946ce7e2596649546447ea28e93ac0efb36e,1039946ce7e2596649546447ea28e93ac0efb36e,/cbx9961e.rpgle,https://github.com/OSSILE/OSSILE,github.com,0,1
swh:1:cnt:1084c0873a49701e7e4ed28118c0928e647086f4,1084c0873a49701e7e4ed28118c0928e647086f4,/baañ08mabk.rpgle,https://github.com/RandyHH/cvt425,github.com,1,0
swh:1:cnt:108f1f7414810f05f6bae1fd3522ff7544e5e803,108f1f7414810f05f6bae1fd3522ff7544e5e803,/wsstre.rpgle,https://github.com/inf1serg/iServices,github.com,1,0
swh:1:cnt:10e3ee874c5a29cf15db883290d2d04e53c2a1ff,10e3ee874c5a29cf15db883290d2d04e53c2a1ff,/service_h.rpgle,https://bitbucket.org/m1hael/bluedroplet.git,bitbucket.org,1,0
swh:1:cnt:11115bfdb795da4623878902423ed00d905af357,11115bfdb795da4623878902423ed00d905af357,/MU044013.rpgle,https://github.com/smeup/jariko,github.com,1,0
swh:1:cnt:11244330f43f2a99cd1962c92b3f27f4da1b2519,11244330f43f2a99cd1962c92b3f27f4da1b2519,/payroll.rpgle,https://github.com/ThePrez/sourceorbit,github.com,0,1
swh:1:cnt:112863739c54dc589b6b6ee5c14657aab3d27784,112863739c54dc589b6b6ee5c14657aab3d27784,/ez1srv.rpgle,https://github.com/jordiwes2/WMCPA-RPG-code,github.com,0,1
swh:1:cnt:113b0e891a33b09fce5c28974d3aa7633c82650c,113b0e891a33b09fce5c28974d3aa7633c82650c,/MUDRNRAPU00172.rpgle,https://github.com/smeup/jariko,github.com,1,0
swh:1:cnt:11bd26801c8aa529e71ac49affc127208bbe0a26,11bd26801c8aa529e71ac49affc127208bbe0a26,/comcpydcd.rpgle,https://github.com/PoC-dev/as400-hausauto,github.com,0,1
swh:1:cnt:11c12be770b43583feb81f0a1b61795db18f0b0a,11c12be770b43583feb81f0a1b61795db18f0b0a,/MUDRNRAPU00117.rpgle,https://github.com/smeup/jariko,github.com,1,0
swh:1:cnt:11c3df56124d6eab879eb92b399f601c88092e8b,11c3df56124d6eab879eb92b399f601c88092e8b,/wsscom.rpgle,https://github.com/inf1serg/iServices,github.com,1,0
swh:1:cnt:11e76cd1f5804eee360480672795d16a86e3e729,11e76cd1f5804eee360480672795d16a86e3e729,/noxDB2.rpgle,https://github.com/mortizma/noxDB,github.com,1,0
swh:1:cnt:1200263fefcfd1b471c1f751c1ec3ef717d3366f,1200263fefcfd1b471c1f751c1ec3ef717d3366f,/actions.rpgle,https://github.com/BezouwenR/ILEusion,github.com,0,1
swh:1:cnt:1211dfe26d8f27ac7299e83700a90e7f535d8cc7,1211dfe26d8f27ac7299e83700a90e7f535d8cc7,/PRINTPPT.rpgle,https://github.com/LBBNetwork/AS400Tools,github.com,0,1
swh:1:cnt:1215cf4baddda7a4e1c9cf0441294b8fc0480abf,1215cf4baddda7a4e1c9cf0441294b8fc0480abf,/TCSAT0045XXXXXX.rpgle,https://github.com/jcnl7207/asignarTarjetaCreditoSIA,github.com,0,1
swh:1:cnt:1275c3d4c3bc53c077c103d0f39c166d27f75b6e,1275c3d4c3bc53c077c103d0f39c166d27f75b6e,/migsrcpf.rpgle,https://github.com/Faq400Git/migrate,github.com,0,1
swh:1:cnt:12868903ea3726cd6d79872546efb00f14d9990e,12868903ea3726cd6d79872546efb00f14d9990e,/utilmod.rpgle,https://github.com/RPGLE/Utility,github.com,0,1
swh:1:cnt:12873ba28291b8caf737c4c4348903bac28bb18d,12873ba28291b8caf737c4c4348903bac28bb18d,/ipkg_h.rpgle,https://bitbucket.org/NielsLiisberg/ipkg.git,bitbucket.org,1,0
swh:1:cnt:128a44be1bab95142f8a698e39b94dc6e81cc73d,128a44be1bab95142f8a698e39b94dc6e81cc73d,/XMLPARS130.XML-How-to-use-the-buildin-XML-parse-from-RPG.rpgle,https://github.com/BrianGarland/noxDB,github.com,1,0
swh:1:cnt:12c3d12639e9eb9029d8034b490d19f797892c7f,12c3d12639e9eb9029d8034b490d19f797892c7f,/ICONV.rpgle,https://github.com/richardschoen/CGI-Serviceprogram,github.com,0,1
swh:1:cnt:12e5885d3328066d373d49a303e61b7b35aad0b5,12e5885d3328066d373d49a303e61b7b35aad0b5,/JSONPARS5B.JSON-Build-from-scratch-different-ways.rpgle,https://github.com/sitemule/noxDB,github.com,1,0
swh:1:cnt:1319eff6604a1cbee32386e48b295d37dd4a39ca,1319eff6604a1cbee32386e48b295d37dd4a39ca,/tree.rpgle,https://github.com/mmcco/libxml2,github.com,1,0
swh:1:cnt:13710ef172d49dcb385e3976407743d1729e5c7a,13710ef172d49dcb385e3976407743d1729e5c7a,/hstloginf.rpgle,https://bitbucket.org/christianjorgensen/sql-udtf-history_log_info.git,bitbucket.org,1,0
swh:1:cnt:1376e31c357a66659b07cb1aa13a7422d312dedb,1376e31c357a66659b07cb1aa13a7422d312dedb,/T70_A10_P01.rpgle,https://github.com/smeup/jariko,github.com,1,0
swh:1:cnt:138ea3170b7ebd2d4e243a1f74873e7c6279eee2,138ea3170b7ebd2d4e243a1f74873e7c6279eee2,/property.rpgle,https://github.com/BrianGarland/RPG-Properties,github.com,0,1
swh:1:cnt:140c2935cfbc3f62ba14e649a50ae82318ba388a,140c2935cfbc3f62ba14e649a50ae82318ba388a,/jdbc_h.rpgle,https://github.com/chingi1024/RPG,github.com,1,0
swh:1:cnt:141ee4d6697a8b8fe781ba1709954e53367a295e,141ee4d6697a8b8fe781ba1709954e53367a295e,/DIVBY0.rpgle,https://github.com/parodi-smeup/Rpgle2Jariko,github.com,0,1
swh:1:cnt:144035eae5f0428fd611c8d8060757d5d0900568,144035eae5f0428fd611c8d8060757d5d0900568,/xml1.rpgle,https://github.com/NielsLiisberg/noxDB,github.com,1,0
swh:1:cnt:146703708ca1130453a9551c4725e5507f903a64,146703708ca1130453a9551c4725e5507f903a64,/parser.rpgle,https://github.com/BrianGarland/SimplePascalInterpreter,github.com,1,0
swh:1:cnt:1492d92adf70e210bb6dc35b8cde709d95720a84,1492d92adf70e210bb6dc35b8cde709d95720a84,/DL0001R.rpgle,https://github.com/bojasv/1970,github.com,1,0
swh:1:cnt:14e31180572553cce45a2c6d49afbdf30d6f51b8,14e31180572553cce45a2c6d49afbdf30d6f51b8,/ojim10rg.rpgle,https://github.com/RandyHH/cvt425,github.com,1,0
swh:1:cnt:14ec7482b8b31d66f81c8d5443f720f698d71725,14ec7482b8b31d66f81c8d5443f720f698d71725,/t044.rpgle,https://svn.code.sf.net/p/i5toolkit/code,svn.code.sf.net,1,0
swh:1:cnt:14f27e14c4fca6e738c387f01842bb0779d0c658,14f27e14c4fca6e738c387f01842bb0779d0c658,/router_longest_path.rpgle,https://bitbucket.org/m1hael/bluedroplet.git,bitbucket.org,1,0
swh:1:cnt:14fb029179d329ee3291c76d9fafc640b898f3dd,14fb029179d329ee3291c76d9fafc640b898f3dd,/H_SPECS.rpgle,https://github.com/bmcpherson-srlife/KEYSAFE,github.com,1,0
swh:1:cnt:150c9cfd13f0e79c956222ea3e916f667e6497cd,150c9cfd13f0e79c956222ea3e916f667e6497cd,/COPYRIGHT.rpgle,https://github.com/richardschoen/CGI-Serviceprogram,github.com,1,0
swh:1:cnt:151ee2dd01f2445a982370dff7297ef25f9a2b8d,151ee2dd01f2445a982370dff7297ef25f9a2b8d,/jwt_h.rpgle,https://bitbucket.org/m1hael/jwt.git,bitbucket.org,0,1
swh:1:cnt:152b58bc7d181af4675b88ca7c8f13d115a55462,152b58bc7d181af4675b88ca7c8f13d115a55462,/TESTMSGRG.rpgle,https://github.com/prsbrc/Miscellaneous,github.com,0,1
swh:1:cnt:15ac4158d0d5b6a9b895998d6b602d112e3cf2f2,15ac4158d0d5b6a9b895998d6b602d112e3cf2f2,/message_h.rpgle,https://bitbucket.org/m1hael/ileunit.git,bitbucket.org,1,0
swh:1:cnt:15f61951c58d7e3aded2190f0182f9b63b9de07b,15f61951c58d7e3aded2190f0182f9b63b9de07b,/test11.rpgle,https://github.com/christianlarsen/christianlarsen_rpgle,github.com,1,0
swh:1:cnt:15f7749368b46c8741e63151c1e79064795edd6a,15f7749368b46c8741e63151c1e79064795edd6a,/IFSIMPROVE-IFS_Sample_Modernised_and_Improved.pgm.rpgle,https://github.com/NickLitten/Nicks_Master_Repo,github.com,1,0
swh:1:cnt:15fa8dcbcd9531d1bb5fe75e239847a5983b09ea,15fa8dcbcd9531d1bb5fe75e239847a5983b09ea,/XMLPARS350.XML-tags-with-same-names.rpgle,https://github.com/BrianGarland/noxDB,github.com,1,0
swh:1:cnt:160c9e698b2e2040e911788231d96b39e4ade83c,160c9e698b2e2040e911788231d96b39e4ade83c,/staticfile.rpgle,https://github.com/wimjongman/ILEastic,github.com,0,1
swh:1:cnt:16361ff603f8f76bbc6eda2bda734aa89418f915,16361ff603f8f76bbc6eda2bda734aa89418f915,/parserInternals.rpgle,https://github.com/djp952/pvr.hdhomerundvr,github.com,1,0
swh:1:cnt:164ad58cfee3967739cea97eeb4703d0979fa4f6,164ad58cfee3967739cea97eeb4703d0979fa4f6,/strpreprc_test.rpgle,https://github.com/taskforce-it/isphere,github.com,1,0
swh:1:cnt:1676fe863e08114487f3b3f5b9233163f7eac76a,1676fe863e08114487f3b3f5b9233163f7eac76a,/getsrvpgm.rpgle,https://github.com/WmARapp/sandbox,github.com,0,1
swh:1:cnt:16ac758baf6e1cb91f96d265f0faaac7cddc9243,16ac758baf6e1cb91f96d265f0faaac7cddc9243,/t170.rpgle,https://svn.code.sf.net/p/i5toolkit/code,svn.code.sf.net,1,0
swh:1:cnt:16d075779a4319e594c5fcde4ac7a681e7ef388f,16d075779a4319e594c5fcde4ac7a681e7ef388f,/stomp.rpgle,https://bitbucket.org/m1hael/stomp.git,bitbucket.org,1,0
swh:1:cnt:16f133c7f7d53eb9fd4e971f5df2348bae5a4ca2,16f133c7f7d53eb9fd4e971f5df2348bae5a4ca2,/ex11.rpgle,https://github.com/SergeiTseloguz/NewRpgle,github.com,0,1
swh:1:cnt:173817e2f7efcf835fd3b3e348c866fd428a38c8,173817e2f7efcf835fd3b3e348c866fd428a38c8,/base64_h.rpgle,https://github.com/RelicPackages/base64,github.com,0,1
swh:1:cnt:1754a683d9247602ae5699586020a9a6078a3e0e,1754a683d9247602ae5699586020a9a6078a3e0e,/xmlregexp.rpgle,https://github.com/cmotc/git-now,github.com,0,1
swh:1:cnt:179be2f6f0a8676a0e99cc16c3a8246a72804d67,179be2f6f0a8676a0e99cc16c3a8246a72804d67,/SNDMAILR.rpgle,https://github.com/ITMentalist/ibmi-2,github.com,1,0
swh:1:cnt:17ada574459a84d76d61f52fb73f451e515c51e1,17ada574459a84d76d61f52fb73f451e515c51e1,/test20.rpgle,https://github.com/christianlarsen/test20,github.com,0,1
swh:1:cnt:17bbcc9deca7771da80bc99eb8bf27aab2b91663,17bbcc9deca7771da80bc99eb8bf27aab2b91663,/ds1.rpgle,https://github.com/GajenderTyagi/ileusion,github.com,0,1
swh:1:cnt:17c30f680443631ed6c1346a34457388e7895ebf,17c30f680443631ed6c1346a34457388e7895ebf,/cbx970v.rpgle,https://github.com/ChrisHird/CF_API,github.com,1,0
swh:1:cnt:17cc8205c75357df8b1bb302f8e3846f03ac6fbb,17cc8205c75357df8b1bb302f8e3846f03ac6fbb,/json13.rpgle,https://github.com/mortizma/noxDB,github.com,1,0
swh:1:cnt:17d33fb50af92414e29ef58cb39fe6fbc2278b8e,17d33fb50af92414e29ef58cb39fe6fbc2278b8e,/gitrst.rpgle,https://github.com/ruspl-afed/vscode-rpgle,github.com,1,0
swh:1:cnt:1849273d75a954866f89e170a8237a9796bd33c5,1849273d75a954866f89e170a8237a9796bd33c5,/SQLTYPE.rpgle,https://github.com/danielgoodwin/rpgleparser,github.com,0,1
swh:1:cnt:18d4aa67435547c29d43d5bd583bf65492cb2331,18d4aa67435547c29d43d5bd583bf65492cb2331,/bcrypt_h.rpgle,https://github.com/ITMentalist/bcrypt-ile,github.com,0,1
swh:1:cnt:190a83c9164040268364b526d6a6fb6bd6e66e5e,190a83c9164040268364b526d6a6fb6bd6e66e5e,/BOOL.rpgle,https://github.com/BezouwenR/SND2ME,github.com,1,0
swh:1:cnt:19af71b7128118724753a10b42f547a727c56164,19af71b7128118724753a10b42f547a727c56164,/lstdcmapp.rpgle,https://github.com/nathanaelGaia/exemples,github.com,0,1
swh:1:cnt:19ba4f3feff520c4bad6e79e88c6ae4b1a2eeda1,19ba4f3feff520c4bad6e79e88c6ae4b1a2eeda1,/gu007r.rpgle,https://github.com/phillipwgardner/snake400,github.com,0,1
swh:1:cnt:19beee0e394ef5530949dd2a6621a50c83c42467,19beee0e394ef5530949dd2a6621a50c83c42467,/literalInMessage.rpgle,https://github.com/IBM/ibmi-eventf-parser,github.com,0,1
swh:1:cnt:1a099b083013fb1508293c45d42829fcb1524b91,1a099b083013fb1508293c45d42829fcb1524b91,/LDAP_H.rpgle,https://github.com/ITMentalist/ibmi-2,github.com,1,0
swh:1:cnt:1a219110a64f653fbb7b6418b2845a4bec1f2c39,1a219110a64f653fbb7b6418b2845a4bec1f2c39,/ADDVOTE.rpgle,https://github.com/LBBNetwork/VCF400,github.com,1,0
swh:1:cnt:1a93988a44bb8df6269fcd96afd6b11623da1541,1a93988a44bb8df6269fcd96afd6b11623da1541,/test.rpgle,https://github.com/tom-m-m/i-test,github.com,0,1
swh:1:cnt:1ac3283a236754cfc14586cf3bbeb6123efe83d5,1ac3283a236754cfc14586cf3bbeb6123efe83d5,/SIREP.rpgle,https://github.com/jsranko/si-ibmi-apis,github.com,1,0
swh:1:cnt:1b0ace5a6f1dce23d7487cd5c410c0914e7795de,1b0ace5a6f1dce23d7487cd5c410c0914e7795de,/tmplvalue.rpgle,https://bitbucket.org/m1hael/iledash-api.git,bitbucket.org,1,0
swh:1:cnt:1bc67112fe5d36c42994f8c6077bfaa00e5a0e70,1bc67112fe5d36c42994f8c6077bfaa00e5a0e70,/routing.rpgle,https://github.com/sitemule/ILEastic,github.com,1,0
swh:1:cnt:1bc8138d09c6db816f8754bd6c5ce1dc237171a5,1bc8138d09c6db816f8754bd6c5ce1dc237171a5,/pvqdepus.rpgle,https://github.com/RiccardoBurderiAG/as400dtaqmonitor,github.com,0,1
swh:1:cnt:1c12c579e6a9bfd16fb39766e46a8b2109899721,1c12c579e6a9bfd16fb39766e46a8b2109899721,/VPARMSCALLEE.rpgle,https://github.com/smeup/jariko,github.com,1,0
swh:1:cnt:1c1c6f89cb8f8782d7d884d639274a077e61ca3d,1c1c6f89cb8f8782d7d884d639274a077e61ca3d,/plugsig_h.rpgle,https://github.com/IBM/xmlservice,github.com,1,0
swh:1:cnt:1c54522832aed65a8fcae1fea005bc6030288aa7,1c54522832aed65a8fcae1fea005bc6030288aa7,/JOBINFO_H.rpgle,https://github.com/ITMentalist/ibmi-2,github.com,1,0
swh:1:cnt:1c54e2df1c972fff98de91d029d461f111ccb12a,1c54e2df1c972fff98de91d029d461f111ccb12a,/JSONSQL00E.SQL-resultset-blob-object.rpgle,https://github.com/sitemule/noxDB,github.com,1,0
swh:1:cnt:1cd4d7262a1c6967951b233e5e0050b43f8e86f5,1cd4d7262a1c6967951b233e5e0050b43f8e86f5,/QUSROBJD.rpgle,https://github.com/p-behr/irpgunit,github.com,1,0
swh:1:cnt:1d0fa79747b59421bbfbf77440fff6a601e567ae,1d0fa79747b59421bbfbf77440fff6a601e567ae,/postwebservice.rpgle,https://github.com/Programmersio-IBMi/webService,github.com,1,0
swh:1:cnt:1d86611958592c334b627a7aad46742d49e6c436,1d86611958592c334b627a7aad46742d49e6c436,/BOOLIC.rpgle,https://github.com/BezouwenR/KEYSAFE,github.com,1,0
swh:1:cnt:1db6c49115ee1f7abbd0cb30bfc174765a71881e,1db6c49115ee1f7abbd0cb30bfc174765a71881e,/nosql1.rpgle,https://github.com/dvdgiannini23/sqltests,github.com,0,1
swh:1:cnt:1dff91f8d539fa92b3bc797160fc6eb9b5329181,1dff91f8d539fa92b3bc797160fc6eb9b5329181,/RPGAPI_H.rpgle,https://github.com/danlong005/RPGAPI,github.com,1,0
swh:1:cnt:1e08a28ab530297e61bd6c278c6367f00d543ec1,1e08a28ab530297e61bd6c278c6367f00d543ec1,/hellorpg2.rpgle,https://github.com/richardschoen/iforgitlab,github.com,1,1
swh:1:cnt:1e3420ff654afc327d1146fc118acc6e6856e143,1e3420ff654afc327d1146fc118acc6e6856e143,/jwt.rpgle,https://github.com/sitemule/ILEastic,github.com,1,0
swh:1:cnt:1e5b857162cbcdc54b5440dfe0f81ac4475cf0da,1e5b857162cbcdc54b5440dfe0f81ac4475cf0da,/demo01.rpgle,https://github.com/BezouwenR/Node.RPG,github.com,0,1
swh:1:cnt:1e939bf9574fa31fcbea501e1561c11cdd444046,1e939bf9574fa31fcbea501e1561c11cdd444046,/libssh2_publickey.rpgle,https://www.npmjs.com/package/@davdaarn/nodegit,www.npmjs.com,1,0
swh:1:cnt:1ea3b266f67e5e74d51283a39ecedd576f1cdf72,1ea3b266f67e5e74d51283a39ecedd576f1cdf72,/Z_H.rpgle,https://github.com/PantalonOrange/SendObjects-IBMi,github.com,1,0
swh:1:cnt:1ed1c27320049a0fd681d4c6cf1e5d28c16fe111,1ed1c27320049a0fd681d4c6cf1e5d28c16fe111,/iconv.srvpgm.rpgle,https://github.com/pierrickrouxel/rpg-converter,github.com,0,1
swh:1:cnt:1f13836a1bfc64f8f4a13533374a7a5188e27f83,1f13836a1bfc64f8f4a13533374a7a5188e27f83,/SM_DOW.rpgle,https://github.com/smeup/jariko,github.com,1,0
swh:1:cnt:1f15b0e7d92044bc7b058cae6facf2090f8a39a4,1f15b0e7d92044bc7b058cae6facf2090f8a39a4,/edit_h.rpgle,https://github.com/NickLitten/Nicks_Master_Repo,github.com,1,0
swh:1:cnt:1f77ea24ce79addc63f3309b3b481748860b889a,1f77ea24ce79addc63f3309b3b481748860b889a,/32-unused-subroutine.rpgle,https://github.com/andlrc/rpglelint,github.com,1,1
swh:1:cnt:1faf29e04fd037054f63643532e22b7c3a7c3f23,1faf29e04fd037054f63643532e22b7c3a7c3f23,/MUDRNRAPU00176.rpgle,https://github.com/smeup/jariko,github.com,1,0
swh:1:cnt:1ff4db8f2cc4a625ead7e8238148fb185b1d894e,1ff4db8f2cc4a625ead7e8238148fb185b1d894e,/bfint.rpgle,https://github.com/barrettotte/RPGLE-BF,github.com,0,1
swh:1:cnt:202f469f88d9c0b17dacf1dc5a7c7dcdce0fb8b9,202f469f88d9c0b17dacf1dc5a7c7dcdce0fb8b9,/SM_PLAIN.rpgle,https://github.com/smeup/jariko,github.com,1,0
swh:1:cnt:20bbd3afa87d2bdadaec7b714118c2e965a978cf,20bbd3afa87d2bdadaec7b714118c2e965a978cf,/ipkgdb_h.rpgle,https://bitbucket.org/m1hael/ipkg.git,bitbucket.org,1,0
swh:1:cnt:20ca9f966368a6d27f9e834f439897e9f77bd229,20ca9f966368a6d27f9e834f439897e9f77bd229,/xlsxwriter_h.rpgle,https://bitbucket.org/m1hael/libxlsxwriter.git,bitbucket.org,1,1
swh:1:cnt:21317a1fc8f92f04ad92febe39fec0773cbd9456,21317a1fc8f92f04ad92febe39fec0773cbd9456,/ERROR42.rpgle,https://github.com/smeup/jariko,github.com,1,0
swh:1:cnt:213e5cedaee215a6fd6bfd367e2647f0dd96e58d,213e5cedaee215a6fd6bfd367e2647f0dd96e58d,/hot.rpgle,https://github.com/mikle1397/Gitpractice,github.com,0,1
swh:1:cnt:219c2dc00644bdc95c23ec0ae6963a8ae8c13e59,219c2dc00644bdc95c23ec0ae6963a8ae8c13e59,/SIMPLE_MUTE_FAIL_EVALUATED_MESSAGE.rpgle,https://github.com/benetti-smeup/jariko,github.com,0,1
swh:1:cnt:21ec2a8b6ed0a6b2d040069faaf8a2be881f2967,21ec2a8b6ed0a6b2d040069faaf8a2be881f2967,/Even-primes-factorial_procedures.rpgle,https://github.com/martinezga/ibm-rpg-programs,github.com,1,0
swh:1:cnt:22676b18e414a2c3630762cfa42d8c0c31987f4b,22676b18e414a2c3630762cfa42d8c0c31987f4b,/test.rpgle,https://github.com/vkleinWright/CBS,github.com,1,0
swh:1:cnt:226bce3ed592350a3f0612c640cd4e28006815a3,226bce3ed592350a3f0612c640cd4e28006815a3,/demo01.rpgle,https://github.com/ExpatPaul/ILEastic,github.com,0,1
swh:1:cnt:2274b53037a7e0d10730db684858ce076cb7fbff,2274b53037a7e0d10730db684858ce076cb7fbff,/post.rpgle,https://github.com/GajenderTyagi/Webservices-in-as400,github.com,0,1
swh:1:cnt:233dcea848990973e28168a0ef5bc1cd6f6de0b2,233dcea848990973e28168a0ef5bc1cd6f6de0b2,/ipkgutil_h.rpgle,https://bitbucket.org/NielsLiisberg/ipkg.git,bitbucket.org,1,0
swh:1:cnt:2340703968e6f7da223e24da9afdc9fa8bfb2470,2340703968e6f7da223e24da9afdc9fa8bfb2470,/fizzbuzz.rpgle,https://github.com/github-linguist/linguist,github.com,1,0
swh:1:cnt:2369cafb1a423289987fd858776ecb01848f2d70,2369cafb1a423289987fd858776ecb01848f2d70,/Sample.rpgle,https://github.com/GiGi2044/article-cross-language-navigation,github.com,0,1
swh:1:cnt:239d454d20b5487719bebb161116f080aaf2427f,239d454d20b5487719bebb161116f080aaf2427f,/t011.rpgle,https://svn.code.sf.net/p/i5toolkit/code,svn.code.sf.net,1,0
swh:1:cnt:23b2d70b99ceaf2e0be420b3c4cb4b76aeece9a7,23b2d70b99ceaf2e0be420b3c4cb4b76aeece9a7,/JSONSQL03A.SQL-produce-a-mongoDB-import.rpgle,https://github.com/BrianGarland/noxDB,github.com,1,0
swh:1:cnt:23b40453e8ee1d0f2256c086f101f93712279588,23b40453e8ee1d0f2256c086f101f93712279588,/SELECTWHEN.rpgle,https://github.com/JCErasmus/antlr4-rpgle,github.com,1,0
swh:1:cnt:23b4abaa75b8ad52bccaaeed4289d4b617defb0c,23b4abaa75b8ad52bccaaeed4289d4b617defb0c,/MUDRNRAPU00183.rpgle,https://github.com/smeup/jariko,github.com,1,0
swh:1:cnt:23c7a5d2189a74a6aa20dd2911f818a079851c37,23c7a5d2189a74a6aa20dd2911f818a079851c37,/wslcon1.rpgle,https://github.com/inf1serg/iServices,github.com,1,0
swh:1:cnt:23dd64dbf3bd693c7dd35cd3914bf09aae0d38f6,23dd64dbf3bd693c7dd35cd3914bf09aae0d38f6,/testyahoo.rpgle,https://bitbucket.org/inext/vlang-rpg.git,bitbucket.org,0,1
swh:1:cnt:2443dec9a7cc0d92cc1258cdb32dc8ed66135c01,2443dec9a7cc0d92cc1258cdb32dc8ed66135c01,/t015.rpgle,https://svn.code.sf.net/p/i5toolkit/code,svn.code.sf.net,1,0
swh:1:cnt:247df06e0038d0acc3f99e94b0a721be05e2cd4a,247df06e0038d0acc3f99e94b0a721be05e2cd4a,/EDITCR.rpgle,https://github.com/ITMentalist/ibmi-2,github.com,1,0
swh:1:cnt:2484b72b3cad144957ba130762c7849f3cccddfb,2484b72b3cad144957ba130762c7849f3cccddfb,/plugconv.rpgle,https://github.com/kadler/xmlservice,github.com,0,1
swh:1:cnt:249881490993b645642c76456691da425c9f2041,249881490993b645642c76456691da425c9f2041,/edit_h.rpgle,https://github.com/NickLitten/Nicks_Master_Repo,github.com,1,0
swh:1:cnt:24e0215b934394cb5b72a767fb2327434c62229c,24e0215b934394cb5b72a767fb2327434c62229c,/nosql1.rpgle,https://github.com/christianlarsen/sqltests,github.com,0,1
swh:1:cnt:250ee59cd37c13fa6ed0e4d5b03d8c338317491e,250ee59cd37c13fa6ed0e4d5b03d8c338317491e,/JSONSQL30A.SQL-Call-stored-procedure.rpgle,https://github.com/sitemule/noxDB,github.com,1,0
swh:1:cnt:25327cf8328fa648d81e193427d36d5cb0347274,25327cf8328fa648d81e193427d36d5cb0347274,/wsrap1.rpgle,https://github.com/inf1serg/iServices,github.com,1,0
swh:1:cnt:25a6b95489bda9d8431654eb2ab14cea8156d016,25a6b95489bda9d8431654eb2ab14cea8156d016,/RPG-IV.rpgle,https://github.com/2020-nCoV/wuhan-jiayou,github.com,0,1
swh:1:cnt:25d12dee892246c989d948f6115264df9557d05f,25d12dee892246c989d948f6115264df9557d05f,/op_clear4.rpgle,https://github.com/Parveen-as400/NetRPG,github.com,1,0
swh:1:cnt:2608463eca1f5c6a6966dd970e90fb80dbc3d628,2608463eca1f5c6a6966dd970e90fb80dbc3d628,/ileusion.rpgle,https://github.com/petterjohansson/ILEusion,github.com,1,0
swh:1:cnt:26211c95488892cec144feb2b653cc4c521094ba,26211c95488892cec144feb2b653cc4c521094ba,/getsysv_h.rpgle,https://github.com/inf1serg/DevtoosAS400,github.com,1,0
swh:1:cnt:26b7064e581168639dfac9e36bf123142f82f226,26b7064e581168639dfac9e36bf123142f82f226,/JSONPARS2E.JSON-Parse-String-names-with-dots.rpgle,https://github.com/BrianGarland/noxDB,github.com,1,0
swh:1:cnt:26c4738f1ce40e6e7304c2d686ea5abfefdda069,26c4738f1ce40e6e7304c2d686ea5abfefdda069,/jh7msg150.rpgle,https://github.com/jasonkleinemas/hl7server,github.com,1,0
swh:1:cnt:26d845b102a11187f3832000bd6659689e0373b0,26d845b102a11187f3832000bd6659689e0373b0,/INTTEST.rpgle,https://github.com/sanfilippo-smeup/jariko,github.com,1,0
swh:1:cnt:270567c3fa636cf537f9f3df36348d8cd43894ab,270567c3fa636cf537f9f3df36348d8cd43894ab,/test.rpgle,https://github.com/dtnguyen22/JAC444,github.com,0,1
swh:1:cnt:27315941ed16bfad2db37d250d6bae57dc723c06,27315941ed16bfad2db37d250d6bae57dc723c06,/CALLEE_ERROR.rpgle,https://github.com/smeup/jariko,github.com,1,0
swh:1:cnt:27404cce4576bf44199e8489900dc1f2cb4ad467,27404cce4576bf44199e8489900dc1f2cb4ad467,/mypgm.pgm.rpgle,https://github.com/angelorpa/ibmi-company-system,github.com,0,1
swh:1:cnt:2745c20d1deeb3250a4b28de78cb3aa3fedeb170,2745c20d1deeb3250a4b28de78cb3aa3fedeb170,/configrs.rpgle,https://bitbucket.org/m1hael/config.git,bitbucket.org,0,1
swh:1:cnt:279e8877165fafafd413820cd9177896b6ac1046,279e8877165fafafd413820cd9177896b6ac1046,/barrySQL.rpgle,https://github.com/WorksOfLiam/barrySQL,github.com,0,1
swh:1:cnt:27ad4cbfb021bcd34bcd5063360add88abdb3568,27ad4cbfb021bcd34bcd5063360add88abdb3568,/ALLEMP.rpgle,https://github.com/ITMentalist/rpgweb,github.com,0,1
swh:1:cnt:27e07da8d5747ccb241f7406d03bd7548de44287,27e07da8d5747ccb241f7406d03bd7548de44287,/PGM001.rpgle,https://github.com/Faq400Git/prodlib,github.com,0,1
swh:1:cnt:27e531e7dece1e2b33046b8a0b9fd1fa8a5d0c19,27e531e7dece1e2b33046b8a0b9fd1fa8a5d0c19,/MUDRNRAPU001116.rpgle,https://github.com/smeup/jariko,github.com,1,0
swh:1:cnt:27edb6fcdd97eb86725f71f875e3bbc9e33c3f3a,27edb6fcdd97eb86725f71f875e3bbc9e33c3f3a,/JSONPARS1D.JSON-Parse-File-Get-a-huge-file-1.rpgle,https://github.com/BrianGarland/noxDB,github.com,1,0
swh:1:cnt:2805d10d969bcf2dffd3141c008fbc93e43efeee,2805d10d969bcf2dffd3141c008fbc93e43efeee,/logger_t.rpgle,https://bitbucket.org/m1hael/bluedroplet.git,bitbucket.org,1,0
swh:1:cnt:284fe1a0271b9abbad198665d7a6f2cad82fb756,284fe1a0271b9abbad198665d7a6f2cad82fb756,/FirstTest.rpgle,https://github.com/BallonLac/TestProj1,github.com,0,1
swh:1:cnt:28549004a42527546a8438dd5fd1442d9a175ba9,28549004a42527546a8438dd5fd1442d9a175ba9,/example11.rpgle,https://github.com/ITMentalist/ibmi-2,github.com,1,0
swh:1:cnt:2856ab454e06a5fc23071abcff4399017b499e2d,2856ab454e06a5fc23071abcff4399017b499e2d,/xmlstring.rpgle,https://github.com/plwln/lights-master,github.com,0,1
swh:1:cnt:2867c66d78e293193864c2bd36429457968faf24,2867c66d78e293193864c2bd36429457968faf24,/chgobjattr.rpgle,https://github.com/BrianGarland/CHGOBJATTR,github.com,0,1
swh:1:cnt:28a335ebbd5078284ab5fbcfedbb287e0409e050,28a335ebbd5078284ab5fbcfedbb287e0409e050,/sqlselect1.rpgle,https://gitlab.com/fluidattacks/web.git,gitlab.com,0,1
swh:1:cnt:28aad5f2a290e93351e1d7ed7b79e4c029d38fa3,28aad5f2a290e93351e1d7ed7b79e4c029d38fa3,/dynamsql.rpgle,https://github.com/ridgehudson19/AS400-Examples,github.com,0,1
swh:1:cnt:28c9baa9d23f5007d0f5900688a6444b4371495e,28c9baa9d23f5007d0f5900688a6444b4371495e,/T16_A70.rpgle,https://github.com/smeup/jariko,github.com,1,0
swh:1:cnt:28eb9cfb4154377324c644621886f83164fef671,28eb9cfb4154377324c644621886f83164fef671,/mtdofile.rpgle,https://github.com/BrianGarland/Mutator,github.com,0,1
swh:1:cnt:290d5f96f6a9c4596aec1e6d97e4ae10b1127ed8,290d5f96f6a9c4596aec1e6d97e4ae10b1127ed8,/JSONSQL21X.SQL-Insert-blob-teraspace.rpgle,https://github.com/BrianGarland/noxDB,github.com,1,0
swh:1:cnt:2936d77bd4f9a7f8dfe8227afa6bd302b73428c2,2936d77bd4f9a7f8dfe8227afa6bd302b73428c2,/CRTMIPGM.rpgle,https://github.com/worksofliam/CRTMIPGM,github.com,0,1
swh:1:cnt:2942bff41ddafd52f081d78cb32ea22845dbe81e,2942bff41ddafd52f081d78cb32ea22845dbe81e,/DO_TST06.rpgle,https://github.com/smeup/jariko,github.com,1,0
swh:1:cnt:2981e03553c99199a31856ddb528ab05ec77e1db,2981e03553c99199a31856ddb528ab05ec77e1db,/t078.rpgle,https://github.com/ITMentalist/junleili-i5toolkit,github.com,1,0
swh:1:cnt:298ffebc9faa4d6542cfce362052a3a9e1fdf8d8,298ffebc9faa4d6542cfce362052a3a9e1fdf8d8,/JSONPARS6C.JSON-Build-with-sub-json.rpgle,https://github.com/BrianGarland/noxDB,github.com,1,0
swh:1:cnt:2991bb53db84cd49a0ad74ea5f48af48b25ff091,2991bb53db84cd49a0ad74ea5f48af48b25ff091,/testxml.rpgle,https://github.com/louwilkinson/RPGfree-to-Excel,github.com,0,1
swh:1:cnt:29d4b545e00a28cc1a9b19d6084ebc548f781a24,29d4b545e00a28cc1a9b19d6084ebc548f781a24,/plugnone.rpgle,https://github.com/ITMentalist/xmlservice-1,github.com,0,1
swh:1:cnt:29ef0f38836d1bbc79cb1873f977cead31222fa7,29ef0f38836d1bbc79cb1873f977cead31222fa7,/xpointer.rpgle,https://github.com/Jewels333/AI,github.com,0,1
swh:1:cnt:2a0ddbb0d61a9b0ff3f0d39df4dfc0617713324b,2a0ddbb0d61a9b0ff3f0d39df4dfc0617713324b,/procRest.rpgle,https://github.com/NielsLiisberg/procREST,github.com,0,1
swh:1:cnt:2a3373849a2eb4efc676bbbbac393932c4f6bcbc,2a3373849a2eb4efc676bbbbac393932c4f6bcbc,/ILEcurl.rpgle,https://gitlab.com/GajenderTyagi/ILEcurl.git,gitlab.com,1,1
swh:1:cnt:2a573b3582a397a3911422d66c89aecab296f403,2a573b3582a397a3911422d66c89aecab296f403,/ileastic.rpgle,https://github.com/sitemule/ILEastic,github.com,1,0
swh:1:cnt:2a5dc19596f90f420b330adaf9f4fc88c284df83,2a5dc19596f90f420b330adaf9f4fc88c284df83,/pvdsppfm.rpgle,https://github.com/projectvulcan/as400dsppfmdbcs,github.com,0,1
swh:1:cnt:2a5dd453eefb85561424edd785798abe37eab607,2a5dd453eefb85561424edd785798abe37eab607,/dtaq_h.rpgle,https://github.com/inf1serg/DevtoosAS400,github.com,1,0
swh:1:cnt:2a7a3aab0fed5fa559b950f4035d0cd9378070e5,2a7a3aab0fed5fa559b950f4035d0cd9378070e5,/wsro01.rpgle,https://github.com/inf1serg/iServices,github.com,1,0
swh:1:cnt:2a8c4f4aea9a756237996cfa4ce3cf8dfc0faf2f,2a8c4f4aea9a756237996cfa4ce3cf8dfc0faf2f,/ar471.rpgle,https://github.com/beichhorn/Metalware,github.com,1,1
swh:1:cnt:2ac0b876938067608e8b72dbe30bebdf478b83d1,2ac0b876938067608e8b72dbe30bebdf478b83d1,/prtlblr.rpgle,https://github.com/cwbuck/outbound-api,github.com,1,0
swh:1:cnt:2ad7c11f3116b5c69e67fa467a5a28517b883528,2ad7c11f3116b5c69e67fa467a5a28517b883528,/MUTE10_37.rpgle,https://github.com/smeup/jariko,github.com,1,0
swh:1:cnt:2af623b22930f70c2aa0ca8077d59f2f474e3590,2af623b22930f70c2aa0ca8077d59f2f474e3590,/MUTE01_POSITION.rpgle,https://github.com/BezouwenR/jariko,github.com,1,0
swh:1:cnt:2b0db4c7e947a66799f9a264d673f55cf9c20305,2b0db4c7e947a66799f9a264d673f55cf9c20305,/symbols.rpgle,https://github.com/BrianGarland/SimplePascalInterpreter,github.com,1,0
swh:1:cnt:2b2f3e9de83bea104ee379a0894ccb6810ca2e7d,2b2f3e9de83bea104ee379a0894ccb6810ca2e7d,/JRANDOMCAL.rpgle,https://github.com/sanfilippo-smeup/jariko,github.com,1,0
swh:1:cnt:2b356603e5d2f6c1d8a2e3423f60c9a592cba3fd,2b356603e5d2f6c1d8a2e3423f60c9a592cba3fd,/op_file_chain2.rpgle,https://github.com/Parveen-as400/NetRPG,github.com,1,0
swh:1:cnt:2b39f4eea5f2eac86265926311a77c81c78f083f,2b39f4eea5f2eac86265926311a77c81c78f083f,/wsrrwc.rpgle,https://github.com/inf1serg/iServices,github.com,1,0
swh:1:cnt:2b420e114640f50416c4d20297fe742e8a2d9c13,2b420e114640f50416c4d20297fe742e8a2d9c13,/plugile.rpgle,https://github.com/IBM/xmlservice,github.com,1,0
swh:1:cnt:2b48c31b58c4a9839fdc45bd3460d9de2d1264ef,2b48c31b58c4a9839fdc45bd3460d9de2d1264ef,/Systeme.rpgle,https://github.com/ibmiiste/PushObject,github.com,0,1
swh:1:cnt:2b6933ce8ce374aeb1be7d3f142147988a4edd7c,2b6933ce8ce374aeb1be7d3f142147988a4edd7c,/ERROR04.rpgle,https://github.com/smeup/jariko,github.com,1,0
swh:1:cnt:2b80436f620dc0e5507dbf98ef88769e5a4868ee,2b80436f620dc0e5507dbf98ef88769e5a4868ee,/demo01.rpgle,https://github.com/sitemule/ILEastic,github.com,1,0
swh:1:cnt:2bb256b9e61b397dd6202b3c24a06a040b82ee21,2bb256b9e61b397dd6202b3c24a06a040b82ee21,/rpgle1.rpgle,https://github.com/torsteinknutson/rpg_app,github.com,0,1
swh:1:cnt:2bb5cf404a41fa4846fd561f7e86631b6a00265b,2bb5cf404a41fa4846fd561f7e86631b6a00265b,/CAL03.rpgle,https://github.com/smeup/jariko,github.com,1,0
swh:1:cnt:2bdd9d95a47bc38ed48d3817127680b5d039bb34,2bdd9d95a47bc38ed48d3817127680b5d039bb34,/ac0091r101.rpgle,https://github.com/RandyHH/cvt425,github.com,1,0
swh:1:cnt:2c476e910e6ec241e500091494ff6e815bf84bd3,2c476e910e6ec241e500091494ff6e815bf84bd3,/parserInternals.rpgle,https://github.com/gtechx/CScript,github.com,1,0
swh:1:cnt:2c48498c317bc32b30f2116c2024a3b66db8a029,2c48498c317bc32b30f2116c2024a3b66db8a029,/TEST1.rpgle,https://github.com/Hans3087/TEST2,github.com,0,1
swh:1:cnt:2c9a17b3cc3d90fe23ea7e60c2b83a5074aad667,2c9a17b3cc3d90fe23ea7e60c2b83a5074aad667,/STMGPRJ.rpgle,https://github.com/DjDhawan/Student-management-,github.com,1,0
swh:1:cnt:2cdd7f6a1837c6cc56fb6f66c7e49f7d4941f9d7,2cdd7f6a1837c6cc56fb6f66c7e49f7d4941f9d7,/INZSR.rpgle,https://github.com/smeup/jariko,github.com,1,0
swh:1:cnt:2d0b93100fe33c6351979fbc5336b8f7a56652f9,2d0b93100fe33c6351979fbc5336b8f7a56652f9,/SM_CALL_PLAIN.rpgle,https://github.com/smeup/jariko,github.com,1,0
swh:1:cnt:2d129362fb73c8ef67e3d351fefe70cdcaf3bf43,2d129362fb73c8ef67e3d351fefe70cdcaf3bf43,/CALLDEFVAR.rpgle,https://github.com/smeup/jariko,github.com,1,0
swh:1:cnt:2d6d29fe9abec433ba6f41b7a1ff9fffc1878b5f,2d6d29fe9abec433ba6f41b7a1ff9fffc1878b5f,/test0001.rpgle,https://bitbucket.org/inext/vlang-rpg.git,bitbucket.org,1,0
swh:1:cnt:2dc05f5fa260ab4c0da31840bf195ca94ecb6a79,2dc05f5fa260ab4c0da31840bf195ca94ecb6a79,/JSONPARS8D.JSON-locate-named-unamed-object.rpgle,https://github.com/sitemule/noxDB,github.com,1,0
swh:1:cnt:2dda66bc21bdeb021183e526962f8cc7a349e065,2dda66bc21bdeb021183e526962f8cc7a349e065,/INTEROPR1.rpgle,https://github.com/OSSILE/OSSILE,github.com,1,0
swh:1:cnt:2dff5a23e58034a8ac7ea0a5ace269ea54b96ea6,2dff5a23e58034a8ac7ea0a5ace269ea54b96ea6,/MUTE10_39.rpgle,https://github.com/smeup/jariko,github.com,1,0
swh:1:cnt:2e11d89d5f3badb3dffa4323f944158bac25389a,2e11d89d5f3badb3dffa4323f944158bac25389a,/sbbacirr.rpgle,https://github.com/RandyHH/cvt425,github.com,1,0
swh:1:cnt:2e3825fb43389a5dd65308ad4014e5f1f26dc9c9,2e3825fb43389a5dd65308ad4014e5f1f26dc9c9,/serveData.rpgle,https://github.com/edmundreinhardt/gitorion-demo,github.com,0,1
swh:1:cnt:2e487ce7b5d844b8f40303af73918350b274816b,2e487ce7b5d844b8f40303af73918350b274816b,/wsrabn.rpgle,https://github.com/inf1serg/iServices,github.com,1,0
swh:1:cnt:2e621e98fdd5b5003a687e645ce0d63d526146ea,2e621e98fdd5b5003a687e645ce0d63d526146ea,/ac0091r102.rpgle,https://github.com/RandyHH/cvt425,github.com,1,0
swh:1:cnt:2e78091d1cb7b0f0f076b05713532795fb7daddf,2e78091d1cb7b0f0f076b05713532795fb7daddf,/ADDGBCMT.rpgle,https://github.com/LBBNetwork/VCF400,github.com,1,0
swh:1:cnt:2e7de75a01c9ae90289ae58fca6b1a133872aa32,2e7de75a01c9ae90289ae58fca6b1a133872aa32,/eoj12.rpgle,https://svn.code.sf.net/p/i5toolkit/code,svn.code.sf.net,0,1
swh:1:cnt:2e84157ff21035e32c49b5da66493c239837b5a2,2e84157ff21035e32c49b5da66493c239837b5a2,/message.rpgle,https://svn.code.sf.net/p/iledocs/code,svn.code.sf.net,1,0
swh:1:cnt:2e88d532484befe81648718d6ac36253ceaa39d3,2e88d532484befe81648718d6ac36253ceaa39d3,/StoredPDFWIP.rpgle,https://github.com/WmARapp/sandbox,github.com,1,0
swh:1:cnt:2eb66907f5e024d84f9959376f1a961adcf53e94,2eb66907f5e024d84f9959376f1a961adcf53e94,/£TABUI1DS.rpgle,https://github.com/smeup/jariko,github.com,1,0
swh:1:cnt:2f4cffe605158632609f783b3c48742ec62d34e2,2f4cffe605158632609f783b3c48742ec62d34e2,/FILE001M.rpgle,https://github.com/NikGioulos/rpg-generator,github.com,0,1
swh:1:cnt:2f5d27cb67c13e2f8b3b23a750442428c086c84c,2f5d27cb67c13e2f8b3b23a750442428c086c84c,/DISK.rpgle,https://github.com/danielgoodwin/rpgleparser,github.com,1,0
swh:1:cnt:2f6d994a0595e270b76b12bcb3ff4cfc7c05e7ab,2f6d994a0595e270b76b12bcb3ff4cfc7c05e7ab,/_Rreadlp.rpgle,https://github.com/jsranko/si-ibm-apis,github.com,1,0
swh:1:cnt:2f9ed4e51a691bf2c7da9b1fdd8a40e280cfb9af,2f9ed4e51a691bf2c7da9b1fdd8a40e280cfb9af,/threads.rpgle,https://bitbucket.org/Trutnenko/prowizard.git,bitbucket.org,0,1
swh:1:cnt:2fa09bf0f18968c5fdda4f2466415759ffe0a4c3,2fa09bf0f18968c5fdda4f2466415759ffe0a4c3,/example1.rpgle,https://github.com/worksofliam/rpgnosql,github.com,0,1
swh:1:cnt:2fc8c318a6485370f5ff3d4e527fb1b79373f09d,2fc8c318a6485370f5ff3d4e527fb1b79373f09d,/JSONPGM01B.Call-ILE-service-program-procedure.rpgle,https://github.com/sitemule/noxDB,github.com,1,0
swh:1:cnt:2ff29918564f0e8c8e7808b6dd7967faa71478bc,2ff29918564f0e8c8e7808b6dd7967faa71478bc,/JSONPARSER.rpgle,https://github.com/WorksOfLiam/noxDB,github.com,0,1
swh:1:cnt:2ffdd6c8e65798fe4ec853705fc83a9481565613,2ffdd6c8e65798fe4ec853705fc83a9481565613,/abc.rpgle,https://github.com/Sanoj-sudo/Sanoj-sudo,github.com,0,1
swh:1:cnt:300321228da95634186cdf896d88180a8706094a,300321228da95634186cdf896d88180a8706094a,/if.free.or.and.rpgle,https://github.com/zeromem88/rpgleparser,github.com,0,1
swh:1:cnt:3045570f717d954da78c16e8047968b29f585149,3045570f717d954da78c16e8047968b29f585149,/cbx9411.rpgle,https://github.com/ChrisHird/CF_API,github.com,1,0
swh:1:cnt:30789007cb4c2f69643bc4a59c57e6b0722f688b,30789007cb4c2f69643bc4a59c57e6b0722f688b,/MUTE12_02.rpgle,https://github.com/smeup/jariko,github.com,1,0
swh:1:cnt:309054922d9d79a2b5640956594572921d5a0e86,309054922d9d79a2b5640956594572921d5a0e86,/LISTSAMPLE.rpgle,https://github.com/prsbrc/Miscellaneous,github.com,1,0
swh:1:cnt:30c12e46683896056a2278a82fe1d001e5b48fad,30c12e46683896056a2278a82fe1d001e5b48fad,/ACHKMCC.rpgle,https://github.com/mylesieong/code_library,github.com,1,0
swh:1:cnt:30f0a974bc6ca2322e818efffab8e914901327e4,30f0a974bc6ca2322e818efffab8e914901327e4,/buildr4.rpgle,https://github.com/RolandStrauss/IBM-i-build-tool,github.com,0,1
swh:1:cnt:3137735f0f9401fdfd4c49c3a547aff93583704e,3137735f0f9401fdfd4c49c3a547aff93583704e,/JSONPARS9A.JSON-ForEach-iterator.rpgle,https://github.com/BrianGarland/noxDB,github.com,1,0
swh:1:cnt:314bb74592f0658c6226f46c57b02a53d6c9c989,314bb74592f0658c6226f46c57b02a53d6c9c989,/DspJobXSL.rpgle,https://github.com/elebumm/WebProject,github.com,0,1
swh:1:cnt:315202ba3df1db30f0b7736503bf99f1f848164f,315202ba3df1db30f0b7736503bf99f1f848164f,/prtproct.rpgle,https://github.com/ITMentalist/-i5toolkit-code,github.com,1,0
swh:1:cnt:31bde021fbdb683199d3266dc6df3c1f6f98015d,31bde021fbdb683199d3266dc6df3c1f6f98015d,/wsrp12.rpgle,https://github.com/inf1serg/iServices,github.com,1,0
swh:1:cnt:320caed7b326e022386d582a21cd253cbaac2ac1,320caed7b326e022386d582a21cd253cbaac2ac1,/SRS01.rpgle,https://github.com/smeup/jariko,github.com,1,0
swh:1:cnt:32cfb4b26fab86565f21203780e2a4e6b96b9766,32cfb4b26fab86565f21203780e2a4e6b96b9766,/EXHBMENU.rpgle,https://github.com/LBBNetwork/VCF400,github.com,1,0
swh:1:cnt:32d90f2e8548202ec5674eb26b4574f747f94ad0,32d90f2e8548202ec5674eb26b4574f747f94ad0,/BBSBRDLR.rpgle,https://github.com/dasta400/BBS400,github.com,1,0
swh:1:cnt:32dc798e41c1a38be5127b06a4f47a1b5bc2ee92,32dc798e41c1a38be5127b06a4f47a1b5bc2ee92,/jsontime2.rpgle,https://github.com/richardschoen/RpgOpenSource,github.com,0,1
swh:1:cnt:33106b9784bc99415737cbd1635e4d878977bd4c,33106b9784bc99415737cbd1635e4d878977bd4c,/test21.rpgle,https://github.com/christianlarsen/test21,github.com,1,0
swh:1:cnt:334a5ad0d2319cc4e393c6e0ff96b4db7be3651b,334a5ad0d2319cc4e393c6e0ff96b4db7be3651b,/upper_case.rpgle,https://github.com/COG-GTM/rpg-examples,github.com,1,0
swh:1:cnt:335310ead808b93dd978b8d825809dc72e7991bd,335310ead808b93dd978b8d825809dc72e7991bd,/shm_h.rpgle,https://github.com/NickLitten/Nicks_Master_Repo,github.com,1,0
swh:1:cnt:3360a10d06cc38b9971e2c6af7d5b9d2cfc5f39a,3360a10d06cc38b9971e2c6af7d5b9d2cfc5f39a,/stalin-sort-example-free-form.rpgle,https://github.com/gustavo-depaula/stalin-sort,github.com,0,1
swh:1:cnt:338fd6d7b5d37ed6fa04ccedb57c8814688ede27,338fd6d7b5d37ed6fa04ccedb57c8814688ede27,/dspvldlev.rpgle,https://bitbucket.org/m1hael/cflensburg.git,bitbucket.org,0,1
swh:1:cnt:340e5cf5256427f264e2ebaef17055a372451a22,340e5cf5256427f264e2ebaef17055a372451a22,/t090.rpgle,https://github.com/ITMentalist/junleili-i5toolkit,github.com,1,0
swh:1:cnt:3426641d286b20f1597089cdcaf19234528ffb28,3426641d286b20f1597089cdcaf19234528ffb28,/PROTO1RG.rpgle,https://github.com/ITMentalist/Miscellaneous,github.com,0,1
swh:1:cnt:3440dc105fefc50e8f5dc2b8c764abb2f54e470b,3440dc105fefc50e8f5dc2b8c764abb2f54e470b,/xmlTypesC.rpgle,https://github.com/Jewels333/AI,github.com,1,0
swh:1:cnt:345d45027f3f760bce6238380b9cf01a74e6ba5c,345d45027f3f760bce6238380b9cf01a74e6ba5c,/dspwf.rpgle,https://github.com/cwbuck/outbound-api,github.com,1,0
swh:1:cnt:346fdbeeb42344b61f582024ddb479397a51084c,346fdbeeb42344b61f582024ddb479397a51084c,/gentablepr.rpgle,https://github.com/vkleinWright/CBS,github.com,0,1
swh:1:cnt:3475d709396efb6efb3eee62f14370263e3c9972,3475d709396efb6efb3eee62f14370263e3c9972,/JSONPARS2G.JSON-Append-using-NodeAdd.rpgle,https://github.com/BrianGarland/noxDB,github.com,1,0
swh:1:cnt:34a752bc2851fd62a5017155ea6b69222f78acef,34a752bc2851fd62a5017155ea6b69222f78acef,/postclob.copy.rpgle,https://github.com/Programmersio-IBMi/webService,github.com,1,0
swh:1:cnt:34bd0fe5872dc54808660b4332400525714dd040,34bd0fe5872dc54808660b4332400525714dd040,/wssben.rpgle,https://github.com/inf1serg/iServices,github.com,1,0
swh:1:cnt:34ecf55dc83c833c66f60efe30740b89636ab05f,34ecf55dc83c833c66f60efe30740b89636ab05f,/CNKEY.rpgle,https://github.com/bojasv/1970,github.com,1,0
swh:1:cnt:35411562348b99f80b933c6a27a87a724187f6c6,35411562348b99f80b933c6a27a87a724187f6c6,/AUTOINSRPG.rpgle,https://github.com/AMANDEEP-SINGH-007/IBM-BCI433,github.com,0,1
swh:1:cnt:354fc9df0773a89102b63d510f42e6cf2148ff2a,354fc9df0773a89102b63d510f42e6cf2148ff2a,/LOGINHTML.rpgle,https://github.com/redbeard025/creative_ibs,github.com,1,1
swh:1:cnt:35513d9d1aada1fc550fc84cf4289e5c3f892f50,35513d9d1aada1fc550fc84cf4289e5c3f892f50,/procedure2.rpgle,https://github.com/rpgleparser/rpgleparser,github.com,1,0
swh:1:cnt:3551a3062567b7f0fcd63a3c0d44e4617861c8ca,3551a3062567b7f0fcd63a3c0d44e4617861c8ca,/MU120901.rpgle,https://github.com/smeup/jariko,github.com,1,0
swh:1:cnt:3556c935680d7989342ef0483e4a0bad70347a47,3556c935680d7989342ef0483e4a0bad70347a47,/system_h.rpgle,https://bitbucket.org/NielsLiisberg/ipkg.git,bitbucket.org,1,0
swh:1:cnt:361aad625078870ce90abd56ed2d95022fcd01b8,361aad625078870ce90abd56ed2d95022fcd01b8,/MUDRNRAPU001115.rpgle,https://github.com/smeup/jariko,github.com,1,0
swh:1:cnt:362196481067d99b28157b515353ec96f8bdeee5,362196481067d99b28157b515353ec96f8bdeee5,/k3s_myc1.rpgle,https://github.com/MEYER12345/Nightjob,github.com,1,0
swh:1:cnt:36327f1538d08f644fef0fab9e0c3b9f1231744a,36327f1538d08f644fef0fab9e0c3b9f1231744a,/GOTOTST13.rpgle,https://github.com/smeup/jariko,github.com,1,0
swh:1:cnt:36376ec611fb77684d68f993485b7ef9e2acb008,36376ec611fb77684d68f993485b7ef9e2acb008,/crud_purchase_caller.rpgle,https://github.com/martinezga/ibm-rpg-programs,github.com,1,0
swh:1:cnt:364c5d6100aaa6f6c1cc78a9d371aaadef8158ee,364c5d6100aaa6f6c1cc78a9d371aaadef8158ee,/spi.rpgle,https://github.com/BrianGarland/SimplePascalInterpreter,github.com,1,0
swh:1:cnt:366ef926d958afd39702ee9dcd06b5cb19d362a0,366ef926d958afd39702ee9dcd06b5cb19d362a0,/JSONSQL02.SQL-row-by-row-relative-from.rpgle,https://github.com/BrianGarland/noxDB,github.com,1,0
swh:1:cnt:3712ae0e8a8793dd68fd7abab7eb8e308a9a0ea3,3712ae0e8a8793dd68fd7abab7eb8e308a9a0ea3,/arraylist_h.rpgle,https://bitbucket.org/stephenangeloni/arraylist.git,bitbucket.org,1,0
swh:1:cnt:374055b825f90a9a7dca3d8c5fafe4d465d4bcaf,374055b825f90a9a7dca3d8c5fafe4d465d4bcaf,/MUDRNRAPU001125.rpgle,https://github.com/smeup/jariko,github.com,1,0
swh:1:cnt:3745a112d7cb912f84e3ec8e7a49e6216546ce02,3745a112d7cb912f84e3ec8e7a49e6216546ce02,/JSONSQL21G.SQL-Insert-clob-teraspace.rpgle,https://github.com/BrianGarland/noxDB,github.com,1,0
swh:1:cnt:375246bb491df162a1073efc005e02fca4b8f4cc,375246bb491df162a1073efc005e02fca4b8f4cc,/qtvapi_h.rpgle,https://github.com/NickLitten/Nicks_Master_Repo,github.com,1,0
swh:1:cnt:37606d40c73787b7c5b6c873d63a2e5560cc180c,37606d40c73787b7c5b6c873d63a2e5560cc180c,/MUTE13_25D.rpgle,https://github.com/smeup/jariko,github.com,1,0
swh:1:cnt:37b71fa17ce3bae99157541a71d715f34e8ac9fa,37b71fa17ce3bae99157541a71d715f34e8ac9fa,/MUDRNRAPU00230.rpgle,https://github.com/smeup/jariko,github.com,1,0
swh:1:cnt:37d4ae74020760969ce6de01684c9aa01db00b45,37d4ae74020760969ce6de01684c9aa01db00b45,/JSONPARS8B.JSON-locate-lookup-nested-1.rpgle,https://github.com/BrianGarland/noxDB,github.com,1,0
swh:1:cnt:37e1f9fe2906816c0cfb5e313fccefdd7ccff2c0,37e1f9fe2906816c0cfb5e313fccefdd7ccff2c0,/t068.rpgle,https://github.com/ITMentalist/-i5toolkit-code,github.com,1,0
swh:1:cnt:38252bb6008731756dca7ba540d2bdd589903083,38252bb6008731756dca7ba540d2bdd589903083,/sptq01r4.rpgle,https://github.com/RandyHH/cvt425,github.com,1,0
swh:1:cnt:385a818a364c8ed799688bbe0797efdf1ca6c2b2,385a818a364c8ed799688bbe0797efdf1ca6c2b2,/HelloWorld.rpgle,https://bitbucket.org/BrianGarland/ifs-compile-examples.git,bitbucket.org,0,1
swh:1:cnt:38c3cb07d79697776326095ee25ee18f98c5d7e7,38c3cb07d79697776326095ee25ee18f98c5d7e7,/readIFS.rpgle,https://github.com/Programmersio-IBMi/IFSonI,github.com,0,1
swh:1:cnt:38de5b6c5fe518f5510dba6d29822b7419e3ebb4,38de5b6c5fe518f5510dba6d29822b7419e3ebb4,/linux_calc.rpgle,https://github.com/sbchens88/ect-client4,github.com,0,1
swh:1:cnt:38ee5a2f33d76325a362d2465122e37f8c9c6e0b,38ee5a2f33d76325a362d2465122e37f8c9c6e0b,/hello.rpgle,https://github.com/GajenderI/rpg-remote-compile,github.com,0,1
swh:1:cnt:39017f267d8fdd5acb89b50ba398d7a03ce28a58,39017f267d8fdd5acb89b50ba398d7a03ce28a58,/AIR09_02.rpgle,https://github.com/ITMentalist/ibmi-2,github.com,1,0
swh:1:cnt:393fec0183f0a0a427eabe8cbd787070fe1849a8,393fec0183f0a0a427eabe8cbd787070fe1849a8,/WATSONTR1R.rpgle,https://github.com/r-vengy/optionsForConsuming,github.com,1,0
swh:1:cnt:395752c5a60a20255d4ae2f296842e56a7f05007,395752c5a60a20255d4ae2f296842e56a7f05007,/wmx001.rpgle,https://github.com/Jem5x5/rpg,github.com,0,1
swh:1:cnt:39ab86e9084cad141ca3776abf15cab2b04e4c94,39ab86e9084cad141ca3776abf15cab2b04e4c94,/spi.rpgle,https://github.com/BrianGarland/SimplePascalInterpreter,github.com,1,0
swh:1:cnt:3a09abc63e14081971fe2a88fba900adaaa4c986,3a09abc63e14081971fe2a88fba900adaaa4c986,/AIR13_01.rpgle,https://github.com/ITMentalist/ibmi-2,github.com,1,0
swh:1:cnt:3a17f865a3d5d66b1f941925de93eb69d769301c,3a17f865a3d5d66b1f941925de93eb69d769301c,/hot.rpgle,https://gitlab.com/javier-pueyo/proyecto-final-react.git,gitlab.com,0,1
swh:1:cnt:3a51af3f619b9d1adae1e471f608fc40a6ec10d9,3a51af3f619b9d1adae1e471f608fc40a6ec10d9,/MUDRNRAPU00107.rpgle,https://github.com/smeup/jariko,github.com,1,0
swh:1:cnt:3a538e00f373ed3be4a4c6262dc0cbf0a02b8772,3a538e00f373ed3be4a4c6262dc0cbf0a02b8772,/CALCFIB.rpgle,https://github.com/EvanWieland/article-llvm-rpg,github.com,0,1
swh:1:cnt:3a556f7c75dbc48ad0b968cc5a6f013a4772ae7e,3a556f7c75dbc48ad0b968cc5a6f013a4772ae7e,/ERROR43.rpgle,https://github.com/smeup/jariko,github.com,1,0
swh:1:cnt:3ab27945f1296b460d71ad95747905b970d5b287,3ab27945f1296b460d71ad95747905b970d5b287,/MUTE19_34.rpgle,https://github.com/smeup/jariko,github.com,1,0
swh:1:cnt:3ac81884841657858d06d654f66d4e9da2fd4baa,3ac81884841657858d06d654f66d4e9da2fd4baa,/£UICDS.rpgle,https://github.com/smeup/jariko,github.com,1,0
swh:1:cnt:3add1ad19dea5dc9ee1a7fc54930fcb3f1a218de,3add1ad19dea5dc9ee1a7fc54930fcb3f1a218de,/STRERRORP.rpgle,https://github.com/jsranko/si-ibm-apis,github.com,1,0
swh:1:cnt:3aee2435aa8755034ba80660278671fdf1fb3624,3aee2435aa8755034ba80660278671fdf1fb3624,/JSONPARS6K.JSON-Merge-replace.rpgle,https://github.com/BrianGarland/noxDB,github.com,1,0
swh:1:cnt:3b006435fc721e781d29de39630fb9820098e2a4,3b006435fc721e781d29de39630fb9820098e2a4,/llist.rpgle,https://bitbucket.org/m1hael/linkedlist.git,bitbucket.org,1,0
swh:1:cnt:3b04ce9fa9f299d6069230f2edd7343a08afc8fa,3b04ce9fa9f299d6069230f2edd7343a08afc8fa,/hash.rpgle,https://github.com/djp952/pvr.hdhomerundvr,github.com,1,0
swh:1:cnt:3b248acbedd0258a5968e7b37af809d9f55420ce,3b248acbedd0258a5968e7b37af809d9f55420ce,/JSONPARS21.JSON-Append-sub-tree-2.rpgle,https://github.com/sitemule/noxDB,github.com,1,0
swh:1:cnt:3b2bc42f9f97a2e1e782cce1bd5eb09fd1075c0f,3b2bc42f9f97a2e1e782cce1bd5eb09fd1075c0f,/IFS_H.rpgle,https://github.com/as500/SendObjects-IBMi,github.com,0,1
swh:1:cnt:3b46daa7c9ef679964a0f3294a55f5628dc5c376,3b46daa7c9ef679964a0f3294a55f5628dc5c376,/vsotcft1.rpgle,https://github.com/RandyHH/cvt425,github.com,0,1
swh:1:cnt:3b653b50273e17500827c4967fa0f59840c3cb6f,3b653b50273e17500827c4967fa0f59840c3cb6f,/msProduct.rpgle,https://github.com/NielsLiisberg/IceBreak-Samples,github.com,1,0
swh:1:cnt:3bda68b595a9359d89f59859b1a633905ce38a64,3bda68b595a9359d89f59859b1a633905ce38a64,/template_h.rpgle,https://bitbucket.org/m1hael/iledash-api.git,bitbucket.org,1,0
swh:1:cnt:3bef09bf5e42cb1395f5da05217257299a15450a,3bef09bf5e42cb1395f5da05217257299a15450a,/cowveh14.rpgle,https://github.com/inf1serg/iServices,github.com,1,0
swh:1:cnt:3befbb6c54c690f37ab8c04a8cabd40c36a117af,3befbb6c54c690f37ab8c04a8cabd40c36a117af,/books.rpgle,https://github.com/DrimisX/WebProject,github.com,0,1
swh:1:cnt:3bf1c96185753b02f7c088b3c323da170e63e461,3bf1c96185753b02f7c088b3c323da170e63e461,/isy_list.rpgle,https://github.com/MatsLidstrom/iSYFTP,github.com,0,1
swh:1:cnt:3c008c2682671825fed834d555244332059aa2dd,3c008c2682671825fed834d555244332059aa2dd,/bcau00rg01.rpgle,https://github.com/RandyHH/cvt425,github.com,1,0
swh:1:cnt:3c1933323b74de80099421d73a5ea8c224a9f6b6,3c1933323b74de80099421d73a5ea8c224a9f6b6,/samplerpg.rpgle,https://github.com/callmead/SWPracticum,github.com,0,1
swh:1:cnt:3c6024bb26abc9aff1d88f0424fa2533f79bb616,3c6024bb26abc9aff1d88f0424fa2533f79bb616,/test21.rpgle,https://github.com/christianlarsen/test21,github.com,1,0
swh:1:cnt:3c825621149abb22b1fc41ba87a24952619ec98d,3c825621149abb22b1fc41ba87a24952619ec98d,/ez1pgm.rpgle,https://github.com/marcsumus/WMCPA-RPG-code,github.com,0,1
swh:1:cnt:3c90cba1a937ce07e0c88afc3c8e4b6c42c78365,3c90cba1a937ce07e0c88afc3c8e4b6c42c78365,/jrnrcvinf.rpgle,https://bitbucket.org/christianjorgensen/sql-udtf-journal_receiver_info.git,bitbucket.org,0,1
swh:1:cnt:3ceebbb0cfec08d58ae44080348d5fd58c0e329f,3ceebbb0cfec08d58ae44080348d5fd58c0e329f,/plqweb29.rpgle,https://github.com/inf1serg/iServices,github.com,1,0
swh:1:cnt:3df710a10fe84b94b32642b7345552ff51a161c7,3df710a10fe84b94b32642b7345552ff51a161c7,/plugpase.rpgle,https://github.com/IBM/xmlservice,github.com,1,0
swh:1:cnt:3e07339b4523ac35dcd1253d3c4e94a01641b43d,3e07339b4523ac35dcd1253d3c4e94a01641b43d,/rtvsqlsrc.rpgle,https://github.com/BrianGarland/RTVSQLSRC,github.com,0,1
swh:1:cnt:3e149f0c60194afcd6f35c1296a7b136e8c1eae6,3e149f0c60194afcd6f35c1296a7b136e8c1eae6,/wsrcv1.rpgle,https://github.com/inf1serg/iServices,github.com,1,0
swh:1:cnt:3e87ed84f73397839b7c2820867bc01f81c31b03,3e87ed84f73397839b7c2820867bc01f81c31b03,/RPGAPI_H.rpgle,https://github.com/danlong005/RPGAPI,github.com,0,1
swh:1:cnt:3ea6d9d1cce1e3b939af51c22a0ca417a63ad1f2,3ea6d9d1cce1e3b939af51c22a0ca417a63ad1f2,/ifs.rpgle,https://gitlab.com/GajenderTyagi/ILEcurl.git,gitlab.com,1,0
swh:1:cnt:3eee444fccc99e377282183a34df9570939137a6,3eee444fccc99e377282183a34df9570939137a6,/HWYTOLLRPG.rpgle,https://github.com/SangJun-GitHub/BCI433,github.com,0,1
swh:1:cnt:3f2006e83d2bf9d3289f83713d15944e1986dce9,3f2006e83d2bf9d3289f83713d15944e1986dce9,/MUTE16_02.rpgle,https://github.com/smeup/jariko,github.com,1,0
swh:1:cnt:3f649ae9b22544670e84a9961f7339f6886dbd61,3f649ae9b22544670e84a9961f7339f6886dbd61,/MOVEL03.rpgle,https://github.com/smeup/jariko,github.com,1,0
swh:1:cnt:3f91698f4c7b87d6056fb9b6d39e591061d1c4f2,3f91698f4c7b87d6056fb9b6d39e591061d1c4f2,/PROJECT_LANG_1_V1.rpgle,https://github.com/seanpm2001/Git-Templates,github.com,0,1
swh:1:cnt:3fa58d2b61ba9cec215a90e90e341b8f6f1aab3a,3fa58d2b61ba9cec215a90e90e341b8f6f1aab3a,/rq01d1.rpgle,https://github.com/ridgehudson19/AS400Apps,github.com,1,0
swh:1:cnt:3fa78618cf8d20354c9f60a96311f9a7e988e994,3fa78618cf8d20354c9f60a96311f9a7e988e994,/plugipc.rpgle,https://github.com/ITMentalist/xmlservice-1,github.com,1,0
swh:1:cnt:3fb4cc79f969907aa9fd5d4336816a834d5ba34e,3fb4cc79f969907aa9fd5d4336816a834d5ba34e,/qshpyrunsr.rpgle,https://github.com/OAKEJ/Iseries_with_Elastic_and_Python,github.com,0,1
swh:1:cnt:3fc31cee24e675c6e324c88008f960e505a9be86,3fc31cee24e675c6e324c88008f960e505a9be86,/XMLPARSER.rpgle,https://github.com/sitemule/noxDB,github.com,1,0
swh:1:cnt:403df206a6cb1215ade839d5d68cbe20e6d6491e,403df206a6cb1215ade839d5d68cbe20e6d6491e,/newfile.rpgle,https://github.com/GajenderTyagi/testrepo1,github.com,1,1
swh:1:cnt:40479d0be0bfdcc504160852714bfa25b110c886,40479d0be0bfdcc504160852714bfa25b110c886,/T12_A04_P17.rpgle,https://github.com/smeup/jariko,github.com,1,0
swh:1:cnt:4060ec6712fc83108f1226d0cf677cd46998ba86,4060ec6712fc83108f1226d0cf677cd46998ba86,/HELLOADV-Advanced_HelloWorld.pgm.rpgle,https://github.com/NickLitten/Nicks_Master_Repo,github.com,1,0
swh:1:cnt:40960f3acba3dffdcc73161365fb020350a19e8e,40960f3acba3dffdcc73161365fb020350a19e8e,/AB2001_B.rpgle,https://github.com/IBM/ibmi-bob,github.com,0,1
swh:1:cnt:409a53136cf5fb427cbd2dc9d98e25cfd161098c,409a53136cf5fb427cbd2dc9d98e25cfd161098c,/JSONSQL20B.SQL-UPSERT-update-or-insert.rpgle,https://github.com/sitemule/noxDB,github.com,1,0
swh:1:cnt:40a3574857211ab69fdf4ab3a667504a61912fe2,40a3574857211ab69fdf4ab3a667504a61912fe2,/ipkgdb_h.rpgle,https://bitbucket.org/NielsLiisberg/ipkg.git,bitbucket.org,0,1
swh:1:cnt:40e193629b0721f331df31b863f5efb68bc5e192,40e193629b0721f331df31b863f5efb68bc5e192,/LIKEDS01.rpgle,https://github.com/smeup/jariko,github.com,1,0
swh:1:cnt:40e7d8bdc176d0811091bc94bb43cafda8c5a6ef,40e7d8bdc176d0811091bc94bb43cafda8c5a6ef,/mtom01.rpgle,https://github.com/zenovalle/zenexmpl,github.com,1,0
swh:1:cnt:40e92ffdf25a75149c7a592cc71c6b4a193a7913,40e92ffdf25a75149c7a592cc71c6b4a193a7913,/wsrlr1.rpgle,https://github.com/inf1serg/iServices,github.com,1,0
swh:1:cnt:40ee67d0bf1717093d54003233b2deff1009e736,40ee67d0bf1717093d54003233b2deff1009e736,/select.free.2.rpgle,https://github.com/chrjorgensen/rpgleparser,github.com,1,0
swh:1:cnt:4169f9497a70477ee41ef6d0e70167c1e16731cf,4169f9497a70477ee41ef6d0e70167c1e16731cf,/t130.rpgle,https://svn.code.sf.net/p/i5toolkit/code,svn.code.sf.net,1,0
swh:1:cnt:41c870dd4bc233d88d9e32137ea05505396fee29,41c870dd4bc233d88d9e32137ea05505396fee29,/IBMIUIDSP.rpgle,https://github.com/MarinaSchwenk/IBMiUnit,github.com,0,1
swh:1:cnt:42128fc64ab11206927d03602fc5bde16f8e1f43,42128fc64ab11206927d03602fc5bde16f8e1f43,/MUTE13_02.rpgle,https://github.com/BezouwenR/jariko,github.com,1,0
swh:1:cnt:423d9b12edaa784047a783718d2e95c2cc523222,423d9b12edaa784047a783718d2e95c2cc523222,/qsysetid_h.rpgle,https://github.com/ITMentalist/klement_rpg_copybooks,github.com,1,0
swh:1:cnt:430405a2d7cec930155ae02717845bef36d1a5bb,430405a2d7cec930155ae02717845bef36d1a5bb,/test-free.rpgle,https://github.com/GajenderI/vscode-ibmi-languages,github.com,1,0
swh:1:cnt:432bef5b5f2a6a35f0351ffece71bee1e0bdfc57,432bef5b5f2a6a35f0351ffece71bee1e0bdfc57,/SORTA.rpgle,https://github.com/JCErasmus/antlr4-rpgle,github.com,1,0
swh:1:cnt:4386ee2e5fbe63d52370adee3a6d66986e073f1a,4386ee2e5fbe63d52370adee3a6d66986e073f1a,/T11_A10_P02.rpgle,https://github.com/smeup/jariko,github.com,1,0
swh:1:cnt:43a4dfac0491afd144196334fd25bac84717ec68,43a4dfac0491afd144196334fd25bac84717ec68,/cbx9951.rpgle,https://github.com/OSSILE/OSSILE,github.com,1,0
swh:1:cnt:43acc0c5239050d107c8fea7c4afe3aa0257cbd7,43acc0c5239050d107c8fea7c4afe3aa0257cbd7,/stomp_h.rpgle,https://github.com/afrozenpeach/rpgstomp,github.com,0,1
swh:1:cnt:43de9ddca5dec2a177f545fdada9181e6326c224,43de9ddca5dec2a177f545fdada9181e6326c224,/xmlschemas.rpgle,https://github.com/darijo/SPEED,github.com,0,1
swh:1:cnt:43e21d148d36294ab02bf4c4cbf0f6886ee51c0f,43e21d148d36294ab02bf4c4cbf0f6886ee51c0f,/base64ut.rpgle,https://github.com/sitemule/ILEastic,github.com,1,0
swh:1:cnt:44807205120fb6e1c8f9bb7cbf565ae04419f9c1,44807205120fb6e1c8f9bb7cbf565ae04419f9c1,/msProduct.rpgle,https://github.com/BezouwenR/IceBreak-Samples,github.com,1,0
swh:1:cnt:449731ab5ad706f8856fc17275d404763b49b362,449731ab5ad706f8856fc17275d404763b49b362,/test.rpgle,https://github.com/andlrc/rpgle,github.com,0,1
swh:1:cnt:4550eb70f4a9ef8a22180b0a294949674254a513,4550eb70f4a9ef8a22180b0a294949674254a513,/SGNKEY.rpgle,https://github.com/bojasv/1970,github.com,1,0
swh:1:cnt:45a1c0c0382cd1bcdd7d0708fef6c8ec1d29fd9f,45a1c0c0382cd1bcdd7d0708fef6c8ec1d29fd9f,/wsrpo2.rpgle,https://github.com/inf1serg/iServices,github.com,1,0
swh:1:cnt:45c1980e2fdf491af2ad8902167087e1e372e7af,45c1980e2fdf491af2ad8902167087e1e372e7af,/getlibatt.rpgle,https://github.com/inf1serg/DevtoosAS400,github.com,1,0
swh:1:cnt:45f245138b1e54b245a147e4c78e3eb16c3e0caf,45f245138b1e54b245a147e4c78e3eb16c3e0caf,/T12_A04_P18.rpgle,https://github.com/smeup/jariko,github.com,1,0
swh:1:cnt:461742a1e8622358df0a207e9b38cd1be7716f01,461742a1e8622358df0a207e9b38cd1be7716f01,/filedesc.rpgle,https://bitbucket.org/m1hael/stomp.git,bitbucket.org,1,0
swh:1:cnt:465ea77f361e1baf64ad7129f3dcac9baf98510d,465ea77f361e1baf64ad7129f3dcac9baf98510d,/pgm1.rpgle,https://github.com/giduturiOSS/testrepoforshankar,github.com,0,1
swh:1:cnt:46639a087b437d5cf34a0a4afa1edd24673428a6,46639a087b437d5cf34a0a4afa1edd24673428a6,/t135.rpgle,https://svn.code.sf.net/p/i5toolkit/code,svn.code.sf.net,1,0
swh:1:cnt:470b7e9c4b5468c48ddabb22b186879f7dc662f3,470b7e9c4b5468c48ddabb22b186879f7dc662f3,/PROCEDURE_K.rpgle,https://github.com/smeup/jariko,github.com,1,0
swh:1:cnt:471d520c1a63a6cd5aa9590dfcfa4526ac912de0,471d520c1a63a6cd5aa9590dfcfa4526ac912de0,/pgm001.rpgle,https://github.com/Faq400Git/TestGit01,github.com,1,1
swh:1:cnt:47331e012decc00eb8c2f3b10fa72d31aac52713,47331e012decc00eb8c2f3b10fa72d31aac52713,/helloWorld.rpgle,https://github.com/novy400/gestionErreur,github.com,0,1
swh:1:cnt:47742801aec46cf3fce83778a43a690ac2faac83,47742801aec46cf3fce83778a43a690ac2faac83,/test1.rpgle,https://github.com/szsascha/NetRPG,github.com,0,1
swh:1:cnt:47aed06e1a328a28492c00e477bd86d9ff1e418d,47aed06e1a328a28492c00e477bd86d9ff1e418d,/ba.rpgle,https://github.com/pabloto/test_tab_problem,github.com,1,0
swh:1:cnt:48a1ead1daef2e2582c4f810b85d0fadb759ff09,48a1ead1daef2e2582c4f810b85d0fadb759ff09,/t075.rpgle,https://github.com/ITMentalist/-i5toolkit-code,github.com,1,0
swh:1:cnt:48e81b412fbc674d504ceb0c031f2c363aa825c1,48e81b412fbc674d504ceb0c031f2c363aa825c1,/LSTOBJLCK.rpgle,https://github.com/ITMentalist/ibmi-2,github.com,1,0
swh:1:cnt:4990d5b0660477eebef83ed04f264a1f72e62371,4990d5b0660477eebef83ed04f264a1f72e62371,/assignment3.rpgle,https://github.com/Parveen-as400/NetRPG,github.com,1,0
swh:1:cnt:4994b07ad6bff535a570cc027eb6cc924a316703,4994b07ad6bff535a570cc027eb6cc924a316703,/TESTZ.rpgle,https://github.com/chrjorgensen/rpgleparser,github.com,1,0
swh:1:cnt:4a0db5752a1a6828055bfe3649a2915bb8e60fa0,4a0db5752a1a6828055bfe3649a2915bb8e60fa0,/EXAMPLE10.rpgle,https://github.com/icecreamville/httpapi,github.com,1,0
swh:1:cnt:4a6d4e266615be888c4e5dad8d6239edea3a31e4,4a6d4e266615be888c4e5dad8d6239edea3a31e4,/wslvhn.rpgle,https://github.com/inf1serg/iServices,github.com,1,0
swh:1:cnt:4a85cd1271e066c40d6699ce952f2f202400096a,4a85cd1271e066c40d6699ce952f2f202400096a,/t040a.rpgle,https://svn.code.sf.net/p/i5toolkit/code,svn.code.sf.net,1,0
swh:1:cnt:4aabfbaba05d631f5e110ab09d1145bc8565ea30,4aabfbaba05d631f5e110ab09d1145bc8565ea30,/libssh2_publickey.rpgle,https://pkg.go.dev/github.com/libssh2/libssh2,pkg.go.dev,0,1
swh:1:cnt:4abb18f4b4127c7b9de0b79fe0f70b4535ac2c9f,4abb18f4b4127c7b9de0b79fe0f70b4535ac2c9f,/xpathInternals.rpgle,https://github.com/djp952/pvr.hdhomerundvr,github.com,1,0
swh:1:cnt:4add5c295ebf340eac042bf9fe75c204ee084ec7,4add5c295ebf340eac042bf9fe75c204ee084ec7,/IMAPVW_H.rpgle,https://github.com/PantalonOrange/Mailviewer,github.com,0,1
swh:1:cnt:4adf0116d0da3ab4c8d0fbf6cb9c8895435c0a9b,4adf0116d0da3ab4c8d0fbf6cb9c8895435c0a9b,/genuuidpr.rpgle,https://github.com/FrenchIBMi/Outils,github.com,0,1
swh:1:cnt:4af695ba9438ec9dd66de6f3849cf2b03110feb1,4af695ba9438ec9dd66de6f3849cf2b03110feb1,/iwssrv1p.rpgle,https://github.com/jsranko/si-ibmi-compare-webservices,github.com,0,1
swh:1:cnt:4b9a9883bcce5bc48d9621e12b9339bb8c3a7a54,4b9a9883bcce5bc48d9621e12b9339bb8c3a7a54,/t022.rpgle,https://github.com/ITMentalist/junleili-i5toolkit,github.com,1,0
swh:1:cnt:4bb35e244e991ca4f1610420ae4a07377a27e40a,4bb35e244e991ca4f1610420ae4a07377a27e40a,/hola2.rpgle,https://github.com/morral81/rpg_dame2,github.com,1,0
swh:1:cnt:4bf3381c678a5a1680490fc32fc699be64ec16c8,4bf3381c678a5a1680490fc32fc699be64ec16c8,/pr0400rg01.rpgle,https://github.com/RandyHH/cvt425,github.com,1,0
swh:1:cnt:4bf757f717dfd50a779002c18ce4431ce12a4db3,4bf757f717dfd50a779002c18ce4431ce12a4db3,/REPLACEBIF.rpgle,https://github.com/smeup/jariko,github.com,1,0
swh:1:cnt:4c0b2e9a269053a1cad83a3cbb81088dcc20e3f0,4c0b2e9a269053a1cad83a3cbb81088dcc20e3f0,/MUTE15_11.rpgle,https://github.com/smeup/jariko,github.com,1,0
swh:1:cnt:4c224aaeca29d36827d00d46d358312d5a7c3a5b,4c224aaeca29d36827d00d46d358312d5a7c3a5b,/T70_A10_P01-05.rpgle,https://github.com/smeup/jariko,github.com,1,0
swh:1:cnt:4c409c753bb50fcdc7d2a973c5c78a8c6557bf17,4c409c753bb50fcdc7d2a973c5c78a8c6557bf17,/INQ05R.rpgle,https://github.com/itshihi/demoapp,github.com,0,1
swh:1:cnt:4c7bc1f37c19d557edade8b7b5bddf6727153ffb,4c7bc1f37c19d557edade8b7b5bddf6727153ffb,/sockutilr4.rpgle,https://github.com/BrianGarland/SendObjects-IBMi,github.com,1,0
swh:1:cnt:4c9e2855bb28fa271e99959fcf109deeadf65bb5,4c9e2855bb28fa271e99959fcf109deeadf65bb5,/RESET01.rpgle,https://github.com/smeup/jariko,github.com,1,0
swh:1:cnt:4cc6c99a9267a66d113a4fb6a8e6bc0d97271d78,4cc6c99a9267a66d113a4fb6a8e6bc0d97271d78,/XMLPARSER.rpgle,https://github.com/sitemule/noxDB,github.com,1,0
swh:1:cnt:4ccb81b57f3ae645712b423ab33ebe1e6b2a6213,4ccb81b57f3ae645712b423ab33ebe1e6b2a6213,/libssh2_sftp.rpgle,https://github.com/libssh2/libssh2.git,github.com,0,1
swh:1:cnt:4ce8c1e1b2f97b55985d8ce4c00724f048f0276b,4ce8c1e1b2f97b55985d8ce4c00724f048f0276b,/llist_ut_1.rpgle,https://bitbucket.org/m1hael/linkedlist.git,bitbucket.org,0,1
swh:1:cnt:4cf84f384ff5ba3b795d59ea3d58e529eeaedd54,4cf84f384ff5ba3b795d59ea3d58e529eeaedd54,/ileastic.rpgle,https://github.com/sitemule/ILEastic,github.com,1,0
swh:1:cnt:4d165f9cace0b37a6bcbfcb65ce6c604186f3a7b,4d165f9cace0b37a6bcbfcb65ce6c604186f3a7b,/ileastic.rpgle,https://github.com/sitemule/ILEastic,github.com,1,0
swh:1:cnt:4d21644233440f13be11ee030dca305ceb8e6cb4,4d21644233440f13be11ee030dca305ceb8e6cb4,/cvtTemp.rpgle,https://github.com/BezouwenR/IBM-i-REST-APIs,github.com,0,1
swh:1:cnt:4d6b902973757e524d2ad2e5a5626a3f47c9feb0,4d6b902973757e524d2ad2e5a5626a3f47c9feb0,/dclf_JH7TMPD_tempPageFormat.rpgle,https://github.com/jasonkleinemas/hl7server,github.com,0,1
swh:1:cnt:4d7b17096d3a69df268bebdd8e1c9cc28dd7803f,4d7b17096d3a69df268bebdd8e1c9cc28dd7803f,/multiplication.rpgle,https://github.com/Parveen-as400/NetRPG,github.com,1,0
swh:1:cnt:4dde23e65397853b04129d2da95d343de11739ef,4dde23e65397853b04129d2da95d343de11739ef,/cbx969l.rpgle,https://github.com/ChrisHird/CF_API,github.com,1,0
swh:1:cnt:4e5ea1b0344e95230d819338346e7f2141330fa5,4e5ea1b0344e95230d819338346e7f2141330fa5,/JSONSQL04.SQL-nested-JSON-file.rpgle,https://github.com/BrianGarland/noxDB,github.com,1,0
swh:1:cnt:4efb23676db6f9664745fd119eded29c31a49899,4efb23676db6f9664745fd119eded29c31a49899,/ERROR54.rpgle,https://github.com/smeup/jariko,github.com,1,0
swh:1:cnt:4f017ff20ee46b0dff650224a5703d7437b59cbe,4f017ff20ee46b0dff650224a5703d7437b59cbe,/CHAR.rpgle,https://github.com/chrjorgensen/rpgleparser,github.com,1,0
swh:1:cnt:4f5e74310fd47e4847b3aadd7c75790c6c0119f4,4f5e74310fd47e4847b3aadd7c75790c6c0119f4,/ymust.rpgle,https://github.com/Did-hub/templates-for-kaps-gmbh,github.com,1,0
swh:1:cnt:4f60b741125165b6d30a1c0b1577859fb00367d6,4f60b741125165b6d30a1c0b1577859fb00367d6,/gitcmtmrg.rpgle,https://github.com/worksofliam/gitcm,github.com,0,1
swh:1:cnt:4f888cfb8ae7d272f94029fc7b743bcae795cee9,4f888cfb8ae7d272f94029fc7b743bcae795cee9,/RPGWEB_H.rpgle,https://github.com/danlong005/RPGWEB,github.com,1,0
swh:1:cnt:4f91c773aa5b6d1c113c90397222986c1a5d4a95,4f91c773aa5b6d1c113c90397222986c1a5d4a95,/ZADD.rpgle,https://github.com/sanfilippo-smeup/jariko,github.com,1,0
swh:1:cnt:4f96182b891079bf2064526f528935e81f8e4107,4f96182b891079bf2064526f528935e81f8e4107,/jsonread2.rpgle,https://github.com/ITMentalist/ibmi-2,github.com,1,0
swh:1:cnt:4fafe3e952359a3e44c7ac8a7db5c01347b5b913,4fafe3e952359a3e44c7ac8a7db5c01347b5b913,/JSONSQL21A.SQL-CLOB-insert-read-update.rpgle,https://github.com/BrianGarland/noxDB,github.com,1,0
swh:1:cnt:4fd178f2d036b1881ac49c219f5dd21bd5252c63,4fd178f2d036b1881ac49c219f5dd21bd5252c63,/libssh2_sftp.rpgle,https://www.npmjs.com/package/@davdaarn/nodegit,www.npmjs.com,1,1
swh:1:cnt:4ffe814818c86a9184b03e145cea641776a0c05f,4ffe814818c86a9184b03e145cea641776a0c05f,/RPG IV.rpgle,https://github.com/Evolution-X-AOSP/Memory,github.com,0,1
swh:1:cnt:500e2686f319179919f7a3ab8321553d06bc54d9,500e2686f319179919f7a3ab8321553d06bc54d9,/ARRAY03.rpgle,https://github.com/sanfilippo-smeup/jariko,github.com,0,1
swh:1:cnt:501e19bba7976c33ad374fe597a6030da7c5ddbd,501e19bba7976c33ad374fe597a6030da7c5ddbd,/get_ifs.rpgle,https://github.com/MariuszTrenton/IBMi_helpers,github.com,0,1
swh:1:cnt:504a1d3183b20486b61b01378af085d1b5fdfc98,504a1d3183b20486b61b01378af085d1b5fdfc98,/SUBST_04.rpgle,https://github.com/smeup/jariko,github.com,1,0
swh:1:cnt:508a06c8dc11e326b6a097db80b87efe413d4307,508a06c8dc11e326b6a097db80b87efe413d4307,/CUSFSEL.rpgle,https://github.com/sapphireapplication/SapphireDiag,github.com,1,0
swh:1:cnt:50a13c148a6aa6b1b0c1ac90159c717d5ab1bb97,50a13c148a6aa6b1b0c1ac90159c717d5ab1bb97,/continuation4.rpgle,https://github.com/f-lombardo/rpgleparser,github.com,1,0
swh:1:cnt:50b3f8d452dc1b274931b9f3537328072e2624c9,50b3f8d452dc1b274931b9f3537328072e2624c9,/CUSTMNTR4.rpgle,https://github.com/ITMentalist/ibmi-2,github.com,1,0
swh:1:cnt:51001c13510949f7d4a3b946ba39b9bb7e7da731,51001c13510949f7d4a3b946ba39b9bb7e7da731,/pr0400rg02.rpgle,https://github.com/RandyHH/cvt425,github.com,1,0
swh:1:cnt:5133562a8476320a09c51d93ffa0e67f91335393,5133562a8476320a09c51d93ffa0e67f91335393,/t141.rpgle,https://github.com/ITMentalist/junleili-i5toolkit,github.com,1,0
swh:1:cnt:5139d9a8d44c40b53a0e5045eba78281e00b8df9,5139d9a8d44c40b53a0e5045eba78281e00b8df9,/xmlexports.rpgle,https://github.com/djp952/pvr.hdhomerundvr,github.com,1,0
swh:1:cnt:514ff17eac57f49b16f5f395d78d6229181b8a9b,514ff17eac57f49b16f5f395d78d6229181b8a9b,/demo01.rpgle,https://github.com/ExpatPaul/ILEastic,github.com,1,0
swh:1:cnt:51c365955212738d48206c423f61de0d3db7605d,51c365955212738d48206c423f61de0d3db7605d,/JSONPARS21.JSON-Append-sub-tree-2.rpgle,https://github.com/BrianGarland/noxDB,github.com,1,0
swh:1:cnt:526c25b51f376dc632de3adbd7db4b0b894ee9bf,526c25b51f376dc632de3adbd7db4b0b894ee9bf,/JSONPARS2A.JSON-Parse-String-Write-output.rpgle,https://github.com/BrianGarland/noxDB,github.com,1,0
swh:1:cnt:5271ec87979c2909ad66b6e62734f775f981646b,5271ec87979c2909ad66b6e62734f775f981646b,/json6.rpgle,https://github.com/NielsLiisberg/noxDB,github.com,0,1
swh:1:cnt:52826f4cf6f3adcb32efd73de72a0b174386befe,52826f4cf6f3adcb32efd73de72a0b174386befe,/xpathInternals.rpgle,https://github.com/mmcco/libxml2,github.com,1,0
swh:1:cnt:528366b5d9b295d9233e341f1c62392c08721e7b,528366b5d9b295d9233e341f1c62392c08721e7b,/apug.rpgle,https://github.com/worksofliam/apug,github.com,0,1
swh:1:cnt:528d0eac6d5e091ffdae01ce771b93e9f8eeda38,528d0eac6d5e091ffdae01ce771b93e9f8eeda38,/mypgm.pgm.rpgle,https://github.com/devinhh/rpgle_demo,github.com,0,1
swh:1:cnt:530b3308f3cea05198a7cb09629671f2f1049f4e,530b3308f3cea05198a7cb09629671f2f1049f4e,/90.rpgle,https://github.com/github-linguist/linguist,github.com,1,0
swh:1:cnt:5315ad9efa7ad34110aa52c27c46680efad8dc5a,5315ad9efa7ad34110aa52c27c46680efad8dc5a,/csapapi.rpgle,https://github.com/clarasoft-it/CSAP,github.com,1,0
swh:1:cnt:5350521de8971dae8ed73a653d1392ca62d6cc27,5350521de8971dae8ed73a653d1392ca62d6cc27,/config_provider_t.rpgle,https://bitbucket.org/m1hael/bluedroplet.git,bitbucket.org,1,0
swh:1:cnt:5416cc62f5aeb4ebba5d4b8a02f6b498be76b38e,5416cc62f5aeb4ebba5d4b8a02f6b498be76b38e,/IBMIUIINT.rpgle,https://github.com/JacksonWebServices/IBMiUnit,github.com,1,0
swh:1:cnt:5431e8742d75d08e364c23400bf0e3e4a3282b5d,5431e8742d75d08e364c23400bf0e3e4a3282b5d,/xmlIO.rpgle,https://github.com/AnubhavGoyal-29/all_apps,github.com,0,1
swh:1:cnt:547131f58e34b7bcaf7ca4ea24bc558ddb0b98de,547131f58e34b7bcaf7ca4ea24bc558ddb0b98de,/qcmdexc_ex.rpgle,https://github.com/github-linguist/linguist,github.com,0,1
swh:1:cnt:548971765731a5061c4f5258ada4f50cc18a1428,548971765731a5061c4f5258ada4f50cc18a1428,/noxdbMicro.rpgle,https://github.com/sitemule/ILEastic,github.com,1,0
swh:1:cnt:553c10b4c36368e69d2b848b4109f037e6fb85c0,553c10b4c36368e69d2b848b4109f037e6fb85c0,/IVLog.rpgle,https://github.com/JeffBerman/Sample-Code,github.com,0,1
swh:1:cnt:55714f29e3fcd2554f8b5399fcf47d09869069d0,55714f29e3fcd2554f8b5399fcf47d09869069d0,/12-custom-indent-10.rpgle,https://github.com/BezouwenR/rpglefmt,github.com,1,0
swh:1:cnt:55a659a77de3fb59577b2d5517b495ae51d7bd08,55a659a77de3fb59577b2d5517b495ae51d7bd08,/subtraction.rpgle,https://github.com/Parveen-as400/NetRPG,github.com,1,0
swh:1:cnt:55aee74fe4083fdbe35a0d86f624ea9ff0e7368c,55aee74fe4083fdbe35a0d86f624ea9ff0e7368c,/symbols.rpgle,https://github.com/BrianGarland/SimplePascalInterpreter,github.com,1,0
swh:1:cnt:55bb170dffc41880ca71736ea121529d730084e2,55bb170dffc41880ca71736ea121529d730084e2,/SM_FOR.rpgle,https://github.com/smeup/jariko,github.com,1,0
swh:1:cnt:56116acc49928fda5f77ed402c082c05597161fc,56116acc49928fda5f77ed402c082c05597161fc,/dcl_file_exfmt9.rpgle,https://github.com/Parveen-as400/NetRPG,github.com,1,0
swh:1:cnt:5619040de3b2095e351120efb63d9e48aefbe2c9,5619040de3b2095e351120efb63d9e48aefbe2c9,/vpase.rpgle,https://bitbucket.org/AlexKrashevsky/vlang-rpg.git,bitbucket.org,0,1
swh:1:cnt:5621311f3b2e12927524b48eaab6e35844b47e86,5621311f3b2e12927524b48eaab6e35844b47e86,/stompparse.rpgle,https://bitbucket.org/m1hael/stomp.git,bitbucket.org,0,1
swh:1:cnt:5632fbe42447d83353957c38d750c83b3d8bed2b,5632fbe42447d83353957c38d750c83b3d8bed2b,/copy_interrupt.rpgle,https://github.com/LeeBreisacher/rpgleparser,github.com,0,1
swh:1:cnt:568a43a31cc86296faeee2105f1911c084f4597e,568a43a31cc86296faeee2105f1911c084f4597e,/TEST_ATIME.rpgle,https://github.com/BezouwenR/IBMiUnit,github.com,0,1
swh:1:cnt:56d375171d46a79ad9c91448c60196d63ee1e1d2,56d375171d46a79ad9c91448c60196d63ee1e1d2,/cowveh13.rpgle,https://github.com/inf1serg/iServices,github.com,1,0
swh:1:cnt:5701bc1bb1c78c660c704e7e855f419e8a58e86d,5701bc1bb1c78c660c704e7e855f419e8a58e86d,/svpws_h.rpgle,https://github.com/inf1serg/iServices,github.com,1,0
swh:1:cnt:572938747be9699fa609f27ba5206efd5a8f1ba4,572938747be9699fa609f27ba5206efd5a8f1ba4,/MUTE13_27.rpgle,https://github.com/smeup/jariko,github.com,1,0
swh:1:cnt:57efdfca5573fc7dc77b9f72a61c90179abada58,57efdfca5573fc7dc77b9f72a61c90179abada58,/dcl_proc_3.rpgle,https://github.com/Parveen-as400/NetRPG,github.com,1,0
swh:1:cnt:58327f23f86079b45b233318f0a6ca97230bcb46,58327f23f86079b45b233318f0a6ca97230bcb46,/xml5.rpgle,https://github.com/mortizma/noxDB,github.com,0,1
swh:1:cnt:58700c9e162368043f8ee7a43a5e489bd0e67a9b,58700c9e162368043f8ee7a43a5e489bd0e67a9b,/cowrtv.rpgle,https://github.com/inf1serg/iServices,github.com,1,0
swh:1:cnt:589f3034946e716f18421eea8b5a4e955bfd03d4,589f3034946e716f18421eea8b5a4e955bfd03d4,/CVTTIMZON.rpgle,https://github.com/Chrisdeparis/ibm-i_programming,github.com,0,1
swh:1:cnt:58cf6bb6ef945b9b65d1565891cd920104b730b3,58cf6bb6ef945b9b65d1565891cd920104b730b3,/dateprotos.rpgle,https://github.com/Alon32145/bci433,github.com,1,1
swh:1:cnt:58d310c24dca0e84f29a790e8d4379c20b9aa4f4,58d310c24dca0e84f29a790e8d4379c20b9aa4f4,/iwssrv1.rpgle,https://github.com/jsranko/si-ibmi-compare-webservices,github.com,1,0
swh:1:cnt:58e5f56c3a7d0025ac818b6b543182b440d1c6d9,58e5f56c3a7d0025ac818b6b543182b440d1c6d9,/RTCALLER.rpgle,https://github.com/smeup/jariko,github.com,1,0
swh:1:cnt:58f0dc8123da17e0f214eec2bd4e29468d50588b,58f0dc8123da17e0f214eec2bd4e29468d50588b,/op_reset5.rpgle,https://github.com/Parveen-as400/NetRPG,github.com,1,0
swh:1:cnt:59723bc6b3b142a4238b272ce643d08381a9f7fc,59723bc6b3b142a4238b272ce643d08381a9f7fc,/example27.rpgle,https://github.com/ITMentalist/ibmi-2,github.com,1,0
swh:1:cnt:59895321d6b3acc9e720dc4accb9e9184f94944f,59895321d6b3acc9e720dc4accb9e9184f94944f,/DOVAR01.rpgle,https://github.com/smeup/jariko,github.com,1,0
swh:1:cnt:59e8943ef20cac2f325c674fcaf1716c5e24a394,59e8943ef20cac2f325c674fcaf1716c5e24a394,/MUDRNRAPU00225.rpgle,https://github.com/smeup/jariko,github.com,1,0
swh:1:cnt:59fe60e389a404f0f9f9dd4416972269c70864d1,59fe60e389a404f0f9f9dd4416972269c70864d1,/sqlcli_h.rpgle,https://github.com/ITMentalist/klement_rpg_copybooks,github.com,1,0
swh:1:cnt:5a26a5f08fe74a53c78183c96887df601e640abc,5a26a5f08fe74a53c78183c96887df601e640abc,/overload.rpgle,https://github.com/Franz63831/overloading-procedures,github.com,0,1
swh:1:cnt:5a6d365bee1642550ddb7cf78bb95f142d5447c8,5a6d365bee1642550ddb7cf78bb95f142d5447c8,/routing.rpgle,https://github.com/sitemule/ILEastic,github.com,1,0
swh:1:cnt:5aa9c742dc165aea2b5711deb8a073d05fe6156d,5aa9c742dc165aea2b5711deb8a073d05fe6156d,/tstapp.rpgle,https://github.com/novy400/gestionErreur,github.com,1,0
swh:1:cnt:5ade2ec5673cbd98fc19d25cdf9aceb5510716a1,5ade2ec5673cbd98fc19d25cdf9aceb5510716a1,/MUTE13_42.rpgle,https://github.com/smeup/jariko,github.com,1,0
swh:1:cnt:5b0f3d431c814f13bc3848021e5b0e7625b547e7,5b0f3d431c814f13bc3848021e5b0e7625b547e7,/cvtRpgFreR.rpgle,https://github.com/BezouwenR/cvtrpgfree,github.com,1,0
swh:1:cnt:5b4edfd9f9a01240aca4d9e7928d77ed9f4c6977,5b4edfd9f9a01240aca4d9e7928d77ed9f4c6977,/neugc.pgm.rpgle,https://github.com/Fish1/bug-free-octo-disco,github.com,0,1
swh:1:cnt:5b73d3fa5cde9539cba744719882eda806d22617,5b73d3fa5cde9539cba744719882eda806d22617,/SIGNAL_H.rpgle,https://github.com/ITMentalist/ibmi-2,github.com,0,1
swh:1:cnt:5b82427cb1ed9a180764fe2496a23e9f9b0c5333,5b82427cb1ed9a180764fe2496a23e9f9b0c5333,/AARI101M1.rpgle,https://github.com/Abhishek-SRM/AARI101M1,github.com,0,1
swh:1:cnt:5b93ffb0b8d8e876fe1985bafe7d1f094e9db28f,5b93ffb0b8d8e876fe1985bafe7d1f094e9db28f,/yy701.rpgle,https://svn.code.sf.net/p/i5toolkit/code,svn.code.sf.net,1,0
swh:1:cnt:5bd1db449ed54fe7d43f891b6a40994231be563f,5bd1db449ed54fe7d43f891b6a40994231be563f,/xml5.rpgle,https://github.com/sitemule/noxDB,github.com,1,0
swh:1:cnt:5bd99ce6ddea286346bbb32a4d83d193222c09a4,5bd99ce6ddea286346bbb32a4d83d193222c09a4,/rst001.rpgle,https://github.com/inf1serg/DevtoosAS400,github.com,0,1
swh:1:cnt:5be09efc19989eb0903178859fdffb70c3d99bb6,5be09efc19989eb0903178859fdffb70c3d99bb6,/t011.rpgle,https://svn.code.sf.net/p/i5toolkit/code,svn.code.sf.net,1,0
swh:1:cnt:5bf087b0c00f6f87d338a289b24de55a753ae6cf,5bf087b0c00f6f87d338a289b24de55a753ae6cf,/SM_CPME.rpgle,https://github.com/smeup/jariko,github.com,1,0
swh:1:cnt:5c24f23178a5adbb9dc6f6da3e76ce27f4713235,5c24f23178a5adbb9dc6f6da3e76ce27f4713235,/CONSUW001.rpgle,https://github.com/vmhowley/ibs,github.com,0,1
swh:1:cnt:5c98dd13d75b61f87fe2b6c9527c47c8ba6ad31f,5c98dd13d75b61f87fe2b6c9527c47c8ba6ad31f,/EXAMPLE18.rpgle,https://github.com/icecreamville/httpapi,github.com,1,0
swh:1:cnt:5cb8d8dd79c30d9af8ecba162b36bbd7e523a536,5cb8d8dd79c30d9af8ecba162b36bbd7e523a536,/JSONSQL30A.SQL-Call-stored-procedure.rpgle,https://github.com/sitemule/noxDB,github.com,1,0
swh:1:cnt:5cc098d2782a08c9bd10ba6f63e36b5fa93eb625,5cc098d2782a08c9bd10ba6f63e36b5fa93eb625,/DLLUTILV20.rpgle,https://github.com/TheCuckoo/ROOF,github.com,1,0
swh:1:cnt:5cca825e8721eb800cfa7c757b7f64c18d12bdcb,5cca825e8721eb800cfa7c757b7f64c18d12bdcb,/service_h.rpgle,https://bitbucket.org/m1hael/bluedroplet.git,bitbucket.org,1,0
swh:1:cnt:5cd4ebe5d8790f7b919ee9cd61bbcdeea2c8fb4c,5cd4ebe5d8790f7b919ee9cd61bbcdeea2c8fb4c,/JSONXML.rpgle,https://github.com/ymurata1967/noxDB,github.com,0,1
swh:1:cnt:5cd5ff5867d215301a6789912a0d7e040f42c71c,5cd5ff5867d215301a6789912a0d7e040f42c71c,/plugile.rpgle,https://github.com/IBM/xmlservice,github.com,1,0
swh:1:cnt:5cd852cc45b8ab45d159631b8a7c6d20d034f6ee,5cd852cc45b8ab45d159631b8a7c6d20d034f6ee,/ERROR01.rpgle,https://github.com/smeup/jariko,github.com,1,0
swh:1:cnt:5d0501d505bd2683d6c61faaac46332d9f5af44a,5d0501d505bd2683d6c61faaac46332d9f5af44a,/FREERPG1-RPGLE_Free.pgm.rpgle,https://github.com/NickLitten/Nicks_Master_Repo,github.com,1,0
swh:1:cnt:5d5d5be37dd42134357de0e35593d6253b7bc15f,5d5d5be37dd42134357de0e35593d6253b7bc15f,/ILEastic.rpgle,https://github.com/NielsLiisberg/IceBreak-Samples,github.com,0,1
swh:1:cnt:5d8ccc0c80d903efb22c78810fdc06c78dd6a04b,5d8ccc0c80d903efb22c78810fdc06c78dd6a04b,/MUTE11_02.rpgle,https://github.com/parodi-smeup/IOTSPI-JD002,github.com,1,0
swh:1:cnt:5da6d4548d03fa546a4d0b89241bbba2d6d2e0ba,5da6d4548d03fa546a4d0b89241bbba2d6d2e0ba,/plugconv.rpgle,https://github.com/ITMentalist/xmlservice-1,github.com,1,0
swh:1:cnt:5dc59e52e1539c909e431a799a93b455f8a4d53e,5dc59e52e1539c909e431a799a93b455f8a4d53e,/WHEN01.rpgle,https://github.com/BezouwenR/jariko,github.com,1,0
swh:1:cnt:5de56176dfe834f83c77f139105fe5489a15e8c0,5de56176dfe834f83c77f139105fe5489a15e8c0,/jdbc02r.rpgle,https://github.com/richardschoen/commonpowerup2023,github.com,0,1
swh:1:cnt:5de5a4ca4fc2ff75fcac6a45637d112ecb43fa85,5de5a4ca4fc2ff75fcac6a45637d112ecb43fa85,/MU101016.rpgle,https://github.com/smeup/jariko,github.com,1,0
swh:1:cnt:5e106c2d5c0b97f100e0069104ab851c71e827bf,5e106c2d5c0b97f100e0069104ab851c71e827bf,/xml5.rpgle,https://github.com/NielsLiisberg/noxDB,github.com,1,0
swh:1:cnt:5e14307f643b2d26810e695431ed3f21490b82b7,5e14307f643b2d26810e695431ed3f21490b82b7,/DateTime.rpgle,https://github.com/rpgleparser/rpgleparser,github.com,1,0
swh:1:cnt:5e3068a6debbd58c3d6bcaec190f48422fabe6e1,5e3068a6debbd58c3d6bcaec190f48422fabe6e1,/svplrc_h.rpgle,https://github.com/inf1serg/iServices,github.com,1,0
swh:1:cnt:5e6b8463bc79cd3741ee6f703e835c82b7b222f1,5e6b8463bc79cd3741ee6f703e835c82b7b222f1,/SQL2XLSR.rpgle,https://github.com/ITMentalist/ibmi-2,github.com,1,0
swh:1:cnt:5ea06f9ed939953d2c940e708287cd9c39aaf64d,5ea06f9ed939953d2c940e708287cd9c39aaf64d,/NOXDB.rpgle,https://github.com/sitemule/noxDB,github.com,1,0
swh:1:cnt:5ea1e62851f73d0838819999d7aba56b50dd8b66,5ea1e62851f73d0838819999d7aba56b50dd8b66,/cbx953.rpgle,https://github.com/ChrisHird/CF_API,github.com,1,0
swh:1:cnt:5ea7af91939639c074a3de991206ecbc3f124d86,5ea7af91939639c074a3de991206ecbc3f124d86,/bdstoremgt.rpgle,https://bitbucket.org/m1hael/storemgt.git,bitbucket.org,0,1
swh:1:cnt:5ee76598caecaaa95776d5a0ffee24bcda1a8e01,5ee76598caecaaa95776d5a0ffee24bcda1a8e01,/vphp_h.rpgle,https://bitbucket.org/AlexKrashevsky/vlang-rpg.git,bitbucket.org,1,0
swh:1:cnt:5ef8dd865fa66dcde60d3f8f0999e632416e013c,5ef8dd865fa66dcde60d3f8f0999e632416e013c,/firstpgm.rpgle,https://github.com/yusy4code/test-rpgle,github.com,0,1
swh:1:cnt:5f2ef1cc7ab28848496a727ad01bf6d9aa36d9b6,5f2ef1cc7ab28848496a727ad01bf6d9aa36d9b6,/GA4BSENDR.rpgle,https://github.com/dugga/dugga-brain-v1,github.com,1,0
swh:1:cnt:5f34186dbc9c5acbeaadeadfdf5fce533d7b4a77,5f34186dbc9c5acbeaadeadfdf5fce533d7b4a77,/stdc_h.rpgle,https://github.com/theIBMiGuy/ibm_i_apis,github.com,1,0
swh:1:cnt:5f65d5da3424fe854149ff7ff3eaf852e110af3f,5f65d5da3424fe854149ff7ff3eaf852e110af3f,/CGETUSRF.rpgle,https://github.com/mylesieong/code_library,github.com,1,0
swh:1:cnt:5f8ce390f77a603a03561acd7cec18cd67d695f7,5f8ce390f77a603a03561acd7cec18cd67d695f7,/oneyear.rpgle,https://svn.code.sf.net/p/i5toolkit/code,svn.code.sf.net,1,0
swh:1:cnt:5f9534178132d7853f169e94eeedd1ea9eec539c,5f9534178132d7853f169e94eeedd1ea9eec539c,/t061.rpgle,https://github.com/ITMentalist/junleili-i5toolkit,github.com,1,0
swh:1:cnt:5fdd92616dde09cdd05a097eca7c40de769b59c9,5fdd92616dde09cdd05a097eca7c40de769b59c9,/dict.rpgle,https://github.com/djp952/pvr.hdhomerundvr,github.com,1,0
swh:1:cnt:5ffd80970fb19a62e249dced033482bd382a9d93,5ffd80970fb19a62e249dced033482bd382a9d93,/spi.rpgle,https://github.com/BrianGarland/SimplePascalInterpreter,github.com,1,0
swh:1:cnt:60441511caf4c3b8bb06934d28c683c6e3b54abb,60441511caf4c3b8bb06934d28c683c6e3b54abb,/simplecalc.rpgle,https://github.com/sbchens88/ect-client3,github.com,0,1
swh:1:cnt:60706ade88905f6090f4d58ff111e654812aaef8,60706ade88905f6090f4d58ff111e654812aaef8,/SM_DOWEQ.rpgle,https://github.com/smeup/jariko,github.com,1,0
swh:1:cnt:607935a9f77369d3143d87fd04d9a516ec08ee43,607935a9f77369d3143d87fd04d9a516ec08ee43,/transacts.rpgle,https://github.com/Code1109/acube-ob-rpg,github.com,0,1
swh:1:cnt:61191f77e591b3ddae7e4c4fc5241ef4c9d69441,61191f77e591b3ddae7e4c4fc5241ef4c9d69441,/MUDRNRAPU00229.rpgle,https://github.com/smeup/jariko,github.com,1,0
swh:1:cnt:6131200ee01c8bead6167de0dde1fa4df665127b,6131200ee01c8bead6167de0dde1fa4df665127b,/MUDRNRAPU00119.rpgle,https://github.com/smeup/jariko,github.com,1,0
swh:1:cnt:613616ba2a16802af5157870a39229a81c06f240,613616ba2a16802af5157870a39229a81c06f240,/crud_client.rpgle,https://github.com/martinezga/ibm-rpg-programs,github.com,1,0
swh:1:cnt:6183f7a70596c3eaf4fe2774992abac0c0c2e8a6,6183f7a70596c3eaf4fe2774992abac0c0c2e8a6,/WRKSHRRG.rpgle,https://github.com/BezouwenR/WRKSHR,github.com,0,1
swh:1:cnt:61916b2ec5136bddee8d37ebbb4a8d259ecc7ac1,61916b2ec5136bddee8d37ebbb4a8d259ecc7ac1,/45-unused-procedure-main.rpgle,https://github.com/andlrc/rpglelint,github.com,1,0
swh:1:cnt:61c7a531774239d6d471771be1a8116184a8fdd5,61c7a531774239d6d471771be1a8116184a8fdd5,/XMLPARSER.rpgle,https://github.com/sitemule/noxDB,github.com,1,0
swh:1:cnt:6212f31494a649b5d89a4a7048fcd427321b14da,6212f31494a649b5d89a4a7048fcd427321b14da,/plqweb32.rpgle,https://github.com/inf1serg/iServices,github.com,1,0
swh:1:cnt:6243f435e5a401b4f0135fc16804227790762091,6243f435e5a401b4f0135fc16804227790762091,/zzvlad2.rpgle,https://github.com/ITMentalist/xmlservice-1,github.com,1,0
swh:1:cnt:6276c344048b62ddd29a51db3e0201a107542da1,6276c344048b62ddd29a51db3e0201a107542da1,/example01.pgm.rpgle,https://github.com/christianlarsen/dynamicarray,github.com,0,1
swh:1:cnt:6299a26a11a073aa31ae0bbd5adbf98499aa26ba,6299a26a11a073aa31ae0bbd5adbf98499aa26ba,/ez1pgm.rpgle,https://github.com/reyfarm/WMCPA-RPG-code,github.com,0,1
swh:1:cnt:62c72b5dbee1b756e03284bf7df044d7b7183f31,62c72b5dbee1b756e03284bf7df044d7b7183f31,/SNDMSG.rpgle,https://github.com/BezouwenR/Write-to-IFS-with-SQL,github.com,0,1
swh:1:cnt:62e3ad39cdd9ea8bfe98fb6b2d28182edf23fecb,62e3ad39cdd9ea8bfe98fb6b2d28182edf23fecb,/misc_tokens.rpgle,https://github.com/jlittlej/rpg_01,github.com,1,1
swh:1:cnt:62f17618d08ca89c662e251ce8f80ffa79793159,62f17618d08ca89c662e251ce8f80ffa79793159,/TEST_AFLOA.rpgle,https://github.com/BezouwenR/IBMiUnit,github.com,1,0
swh:1:cnt:62f88535584b6f409979582c1f091981690a8ce0,62f88535584b6f409979582c1f091981690a8ce0,/T02_A70_P01.rpgle,https://github.com/smeup/jariko,github.com,1,0
swh:1:cnt:62fbbe8f37c93a5799e15a24de553fb75f799adc,62fbbe8f37c93a5799e15a24de553fb75f799adc,/dsptrfcr.rpgle,https://github.com/cwbuck/outbound-api,github.com,1,0
swh:1:cnt:6304cce78a7c4b792cc957cf8ee160c2021d740b,6304cce78a7c4b792cc957cf8ee160c2021d740b,/SRVXLS@SP.mod.rpgle,https://github.com/RolandStrauss/srvxls,github.com,1,0
swh:1:cnt:6355f37846a3e7c93fa6fd129372947491546c39,6355f37846a3e7c93fa6fd129372947491546c39,/wssfra.rpgle,https://github.com/inf1serg/iServices,github.com,1,0
swh:1:cnt:636497f09163f4ff213a3c94cc62e812f4305ba5,636497f09163f4ff213a3c94cc62e812f4305ba5,/ARTDTL.rpgle,https://github.com/hubpk/QATEST02_Program_List,github.com,1,0
swh:1:cnt:6392b4e4be4f96e63898bb131d385c23d9d9e46a,6392b4e4be4f96e63898bb131d385c23d9d9e46a,/hello.rpgle,https://github.com/novy400/M13_P12,github.com,0,1
swh:1:cnt:63e19f4130c760a9ee0ad5a3c25225c068c7536d,63e19f4130c760a9ee0ad5a3c25225c068c7536d,/stompext_amq_h.rpgle,https://bitbucket.org/blueye1993/stomp-utf-8.git,bitbucket.org,1,0
swh:1:cnt:63f73ed755669aea8426f13a500d4c795f79ec61,63f73ed755669aea8426f13a500d4c795f79ec61,/bldhdr.rpgle,https://github.com/ITMentalist/RelicPackageManager,github.com,0,1
swh:1:cnt:64018252086b5fb673da463d4a65b8a5582d675a,64018252086b5fb673da463d4a65b8a5582d675a,/alist01.rpgle,https://github.com/OSSILE/OSSILE,github.com,1,0
swh:1:cnt:641c768ba0b188a53379cf5ddb2140c77495f1a0,641c768ba0b188a53379cf5ddb2140c77495f1a0,/awl_expire.rpgle,https://github.com/PoC-dev/spamassassin-db2udb,github.com,0,1
swh:1:cnt:641d446122d3843de26ccd1be8880558f9f00518,641d446122d3843de26ccd1be8880558f9f00518,/samplerpg.rpgle,https://github.com/mohrmz/Readability,github.com,0,1
swh:1:cnt:6425eaf460842975eabadd7c0e8371fadf152e27,6425eaf460842975eabadd7c0e8371fadf152e27,/GAMER.rpgle,https://github.com/DjDhawan/Arranging-numbers-game,github.com,0,1
swh:1:cnt:642d4b229fa041787afb35178ce12814a45133df,642d4b229fa041787afb35178ce12814a45133df,/cvtRpgFreR.rpgle,https://github.com/BezouwenR/cvtrpgfree,github.com,1,0
swh:1:cnt:645bc0cae2ff7d0715ac3a08ef3eda172d8ad75f,645bc0cae2ff7d0715ac3a08ef3eda172d8ad75f,/SRP005.rpgle,https://github.com/mylesieong/code_library,github.com,1,0
swh:1:cnt:6464a05c5695753a18db85159a4097460f7f5c45,6464a05c5695753a18db85159a4097460f7f5c45,/json6.rpgle,https://github.com/NielsLiisberg/noxDB,github.com,1,0
swh:1:cnt:648da36163bf3a4dc9eba8ebc7d4088cf5c0052c,648da36163bf3a4dc9eba8ebc7d4088cf5c0052c,/08-subroutines.rpgle,https://github.com/andlrc/rpglelint,github.com,1,0
swh:1:cnt:64b1894c63693671137eac60cb864110db57aff2,64b1894c63693671137eac60cb864110db57aff2,/actions.rpgle,https://github.com/petterjohansson/ILEusion,github.com,1,0
swh:1:cnt:64ee95702c76d26ea54d7da8d7a4ebb677e1d7f0,64ee95702c76d26ea54d7da8d7a4ebb677e1d7f0,/hash.rpgle,https://github.com/gtechx/CScript,github.com,1,0
swh:1:cnt:64f7abfb077d438ea29934717b5b81ade42c0194,64f7abfb077d438ea29934717b5b81ade42c0194,/xmlunicode.rpgle,https://github.com/kiyolee/libxml2,github.com,1,0
swh:1:cnt:64ff78626d41bc24e7cabfb60ab39a7a3a10c59c,64ff78626d41bc24e7cabfb60ab39a7a3a10c59c,/DISK.rpgle,https://github.com/JCErasmus/antlr4-rpgle,github.com,1,0
swh:1:cnt:652216faf88a9edc64557561c513b073f2090eaa,652216faf88a9edc64557561c513b073f2090eaa,/JSONPARS23.JSON-write-XML-JSON-and-CSV.rpgle,https://github.com/BrianGarland/noxDB,github.com,1,0
swh:1:cnt:65288eca99e6fe763b850a6903a589420fc0bcf1,65288eca99e6fe763b850a6903a589420fc0bcf1,/xmlerror.rpgle,https://github.com/manu183/SmubiIDWeb,github.com,0,1
swh:1:cnt:655ff855a43ff10b26586a1688106460c47a7c57,655ff855a43ff10b26586a1688106460c47a7c57,/heb.pgm.rpgle,https://github.com/IBM/bob-recursive-example,github.com,0,1
swh:1:cnt:656fb1f7df80d86e34905e8f66d262f12b9682a5,656fb1f7df80d86e34905e8f66d262f12b9682a5,/ceeproc_h.rpgle,https://github.com/theIBMiGuy/ibm_i_apis,github.com,1,0
swh:1:cnt:658cffa1e1ffca2cd016021bad4bf618f4613f8b,658cffa1e1ffca2cd016021bad4bf618f4613f8b,/JSONSQL04A.SQL-nested-JSON-old-style.rpgle,https://github.com/BrianGarland/noxDB,github.com,1,0
swh:1:cnt:659b97bccbb34d35b05d42a29ea6a387982c3a97,659b97bccbb34d35b05d42a29ea6a387982c3a97,/ocean2021.rpgle,https://github.com/worksofliam/testproject,github.com,0,1
swh:1:cnt:65b5cf3dce8ccc407342e34c64746a2348119f30,65b5cf3dce8ccc407342e34c64746a2348119f30,/CBX220.rpgle,https://github.com/ITMentalist/ibmi-2,github.com,1,0
swh:1:cnt:65c2d077c028b2595b809172ec364a0326865f1b,65c2d077c028b2595b809172ec364a0326865f1b,/xmlregexp.rpgle,https://github.com/271674605/GoogleAndroidSource,github.com,1,0
swh:1:cnt:65de47f86678d72a8a273eb0900befb4915a564c,65de47f86678d72a8a273eb0900befb4915a564c,/books.rpgle,https://github.com/DrimisX/WebProject,github.com,1,0
swh:1:cnt:65e7b4113326696b95787c5ab7d55fa123ac10fb,65e7b4113326696b95787c5ab7d55fa123ac10fb,/ERROR17.rpgle,https://github.com/smeup/jariko,github.com,1,0
swh:1:cnt:665288f7cc85be0d2e016e49d9d3728960c42a74,665288f7cc85be0d2e016e49d9d3728960c42a74,/MUTE10_46.rpgle,https://github.com/smeup/jariko,github.com,1,0
swh:1:cnt:667725eb3f3b7316dabb10082bb73b150cd8318d,667725eb3f3b7316dabb10082bb73b150cd8318d,/danny03.rpgle,https://bitbucket.org/mirishIBM/db2sock.git,bitbucket.org,0,1
swh:1:cnt:668dcc237e5ade3ebc5ef105d122bb34b1a96fcd,668dcc237e5ade3ebc5ef105d122bb34b1a96fcd,/test7ifs.rpgle,https://github.com/RolandStrauss/datainto-datagen,github.com,0,1
swh:1:cnt:66cf73ed375e2aa6acba29a31d3737c2b274e0fe,66cf73ed375e2aa6acba29a31d3737c2b274e0fe,/DynamicArray.rpgle,https://github.com/ZarasTM/algorithms-and-data-structures,github.com,0,1
swh:1:cnt:66e5e43e9cd9950c0d864294f4e1ba4cbe71b88f,66e5e43e9cd9950c0d864294f4e1ba4cbe71b88f,/getModules.rpgle,https://github.com/WmARapp/sandbox,github.com,1,0
swh:1:cnt:6728837071469956ca4a6f5729c316cc3afa49cd,6728837071469956ca4a6f5729c316cc3afa49cd,/second.rpgle,https://github.com/yusy4code/testing-rpgle,github.com,0,1
swh:1:cnt:67aed0f56db5dd7fef3a3f056820e0e8a2c0cc2d,67aed0f56db5dd7fef3a3f056820e0e8a2c0cc2d,/MUDRNRAPU00145.rpgle,https://github.com/smeup/jariko,github.com,1,0
swh:1:cnt:67bebb431e2aade38dda4232d8793d6d0b6d5a66,67bebb431e2aade38dda4232d8793d6d0b6d5a66,/testrpg.rpgle,https://github.com/vamsi1258c/vamsim,github.com,1,0
swh:1:cnt:68016043ff3fd29209e75536de2a89e6384769d5,68016043ff3fd29209e75536de2a89e6384769d5,/sqlselect2.rpgle,https://gitlab.com/fluidattacks/universe.git,gitlab.com,1,1
swh:1:cnt:68413695ba613e78cc50d4e359be73d2519fee38,68413695ba613e78cc50d4e359be73d2519fee38,/cowveh_h.rpgle,https://github.com/inf1serg/iServices,github.com,1,0
swh:1:cnt:6850dcb00261341f9260f77380820022508a1033,6850dcb00261341f9260f77380820022508a1033,/writeIFSFree.rpgle,https://github.com/Programmersio-IBMi/IFSonI,github.com,1,0
swh:1:cnt:6854b8c2dc23338b62e089efd4f21d0218fb4549,6854b8c2dc23338b62e089efd4f21d0218fb4549,/BOOLIC.rpgle,https://github.com/BrianGarland/SendObjects-IBMi,github.com,1,0
swh:1:cnt:686fd8c5fa934d857b11537d91a868954a0d02a8,686fd8c5fa934d857b11537d91a868954a0d02a8,/plugile.rpgle,https://github.com/conceptslearningmachine/xmlservice,github.com,0,1
swh:1:cnt:68772052b971cb226a935b405a2f284da7622d17,68772052b971cb226a935b405a2f284da7622d17,/RPG02_Data_Types.rpgle,https://github.com/Dzialkowicz/Learning-RPG,github.com,0,1
swh:1:cnt:694f19d23d2bbfe741586bda3cb75eb907346050,694f19d23d2bbfe741586bda3cb75eb907346050,/GETCST.rpgle,https://github.com/AntonG23/ol-ide-auto-demos,github.com,0,1
swh:1:cnt:6990f39708483e4e776a72dc5880bdc018dfdd51,6990f39708483e4e776a72dc5880bdc018dfdd51,/ZSERVICE_H.rpgle,https://github.com/PantalonOrange/SendObjects-IBMi,github.com,0,1
swh:1:cnt:699941683f9b02de4d5188c1b21cab65d36c9de2,699941683f9b02de4d5188c1b21cab65d36c9de2,/SYSTEM.rpgle,https://github.com/BezouwenR/SND2ME,github.com,1,0
swh:1:cnt:69c16e228a62d36cab364445b52abf0eb316cdd6,69c16e228a62d36cab364445b52abf0eb316cdd6,/sample.rpgle,https://github.com/edmundreinhardt/william-example,github.com,0,1
swh:1:cnt:69d6af238a0f290e5e77ef83ea61c6b983f8d557,69d6af238a0f290e5e77ef83ea61c6b983f8d557,/cbx9411.rpgle,https://github.com/ChrisHird/CF_API,github.com,1,0
swh:1:cnt:6a505a475810a781b9102d6921de58a8e39667c2,6a505a475810a781b9102d6921de58a8e39667c2,/libc_h.rpgle,https://bitbucket.org/m1hael/bluedroplet.git,bitbucket.org,1,0
swh:1:cnt:6ac452a96fd8580eada447456c16d2b0f24d53ef,6ac452a96fd8580eada447456c16d2b0f24d53ef,/t152.rpgle,https://svn.code.sf.net/p/i5toolkit/code,svn.code.sf.net,1,0
swh:1:cnt:6add079f847f1d94fe3dcb173018c6046235708d,6add079f847f1d94fe3dcb173018c6046235708d,/events01.rpgle,https://github.com/christianlarsen/events,github.com,1,0
swh:1:cnt:6ae1fe088bd7b5cc735ccb6d2bb12d4c19ab887e,6ae1fe088bd7b5cc735ccb6d2bb12d4c19ab887e,/json4.rpgle,https://github.com/NielsLiisberg/noxDB,github.com,1,0
swh:1:cnt:6ae732a74173fc83234c9de8593842bb0f2e4ad3,6ae732a74173fc83234c9de8593842bb0f2e4ad3,/testts.rpgle,https://github.com/pabloto/test_tab_problem,github.com,0,1
swh:1:cnt:6b0ad62a033f6f104542826f64e30912b42e7f31,6b0ad62a033f6f104542826f64e30912b42e7f31,/barrySQL.rpgle,https://github.com/WorksOfLiam/barrySQL,github.com,1,0
swh:1:cnt:6b0edc5c44a24a227e391852007b01c0bd7b4345,6b0edc5c44a24a227e391852007b01c0bd7b4345,/wsragv.rpgle,https://github.com/inf1serg/iServices,github.com,1,0
swh:1:cnt:6b538b50f8e2f9d73ac8e505178f1074dae03ff1,6b538b50f8e2f9d73ac8e505178f1074dae03ff1,/andy.rpgle,https://github.com/AndyYouens/IBMi,github.com,0,1
swh:1:cnt:6b780adc6a2fbd367ea3a6a44eb8eeb8e9f2450e,6b780adc6a2fbd367ea3a6a44eb8eeb8e9f2450e,/JD_006.rpgle,https://github.com/sanfilippo-smeup/jariko,github.com,1,0
swh:1:cnt:6b8bb106f451e1dc3a6ebc4c70336b0ca24d2cb2,6b8bb106f451e1dc3a6ebc4c70336b0ca24d2cb2,/routeParms.rpgle,https://github.com/BezouwenR/ILEastic,github.com,0,1
swh:1:cnt:6c0afcc9f53cf7f82d15ebc308518062f70cfb5c,6c0afcc9f53cf7f82d15ebc308518062f70cfb5c,/xmlIO.rpgle,https://gitlab.com/arami02/padavan-ng.git,gitlab.com,1,1
swh:1:cnt:6c399343ce84c1aa99c6e7aec9628e94961b1de5,6c399343ce84c1aa99c6e7aec9628e94961b1de5,/MUTE02_RUNTIME.rpgle,https://github.com/BezouwenR/jariko,github.com,1,0
swh:1:cnt:6c743851ef6e39962d8360a3d97270554b9d2710,6c743851ef6e39962d8360a3d97270554b9d2710,/TEST_NUM5.rpgle,https://github.com/MarinaSchwenk/IBMiUnit,github.com,1,0
swh:1:cnt:6cab3ee0cdc7def93ad80be28740428397ea2596,6cab3ee0cdc7def93ad80be28740428397ea2596,/JSONPARS4D.JSON-huge-json-with-included-text.rpgle,https://github.com/BrianGarland/noxDB,github.com,1,0
swh:1:cnt:6cc259dc5523e129cd8ecb9f8399fa7ffcb878d3,6cc259dc5523e129cd8ecb9f8399fa7ffcb878d3,/JSONPARS8D.JSON-locate-named-unamed-object.rpgle,https://github.com/BrianGarland/noxDB,github.com,1,0
swh:1:cnt:6d09e419c3c4e773b37a32d16c5da19a258df597,6d09e419c3c4e773b37a32d16c5da19a258df597,/JSONXML.rpgle,https://github.com/NielsLiisberg/noxDB,github.com,1,0
swh:1:cnt:6d6bc08ec190fcc47ba2cb3c0d8eb931c606a723,6d6bc08ec190fcc47ba2cb3c0d8eb931c606a723,/recio_h.rpgle,https://github.com/theIBMiGuy/ibm_i_apis,github.com,1,0
swh:1:cnt:6e1966a3d156ad50e30174ad5745d87297bd2847,6e1966a3d156ad50e30174ad5745d87297bd2847,/testfile.rpgle,https://github.com/ataylorkt/skunkworks,github.com,1,0
swh:1:cnt:6e37e6d1b435517271b289255105ac85af263e22,6e37e6d1b435517271b289255105ac85af263e22,/uifxmlr1.rpgle,https://github.com/RandyHH/cvt425,github.com,1,0
swh:1:cnt:6e3fdb0ccb70b8aced0493416f623b1532ef00d2,6e3fdb0ccb70b8aced0493416f623b1532ef00d2,/ez1srv.rpgle,https://github.com/reyfarm/WMCPA-RPG-code,github.com,1,0
swh:1:cnt:6e4a45e075ec5135a964f5a4cad04b62f6bbb6d2,6e4a45e075ec5135a964f5a4cad04b62f6bbb6d2,/CURCONVERT.rpgle,https://github.com/DjDhawan/RPGLE,github.com,0,1
swh:1:cnt:6e9f0da13f19b444ec3a9c3d6e795ad35c0554a2,6e9f0da13f19b444ec3a9c3d6e795ad35c0554a2,/echo.rpgle,https://github.com/hardy333/-----,github.com,0,1
swh:1:cnt:6eae55b7b0ab20b79e96dcda67c3e963c389d019,6eae55b7b0ab20b79e96dcda67c3e963c389d019,/gitdffcmt.rpgle,https://github.com/ruspl-afed/vscode-rpgle,github.com,1,0
swh:1:cnt:6f7fb745f88bad4a763250af655e6e50a33f42cf,6f7fb745f88bad4a763250af655e6e50a33f42cf,/noxdbMicro.rpgle,https://github.com/sitemule/ILEastic,github.com,0,1
swh:1:cnt:6fa5e137b26c8961d18ac71c2fd8b6655f28db86,6fa5e137b26c8961d18ac71c2fd8b6655f28db86,/ibmiui_h.rpgle,https://github.com/JacksonWebServices/IBMiUnit,github.com,0,1
swh:1:cnt:6fa69e19764d79b407be313b89d3656ece856fe2,6fa69e19764d79b407be313b89d3656ece856fe2,/bluepkg.rpgle,https://bitbucket.org/NielsLiisberg/ipkg.git,bitbucket.org,1,0
swh:1:cnt:6fde659733ead306a65db10016fcd7994d9909e8,6fde659733ead306a65db10016fcd7994d9909e8,/lihh00rg.rpgle,https://github.com/RandyHH/cvt425,github.com,1,0
swh:1:cnt:6ff35235a3d4a2b580c8c74d2cac7c09b226b81e,6ff35235a3d4a2b580c8c74d2cac7c09b226b81e,/DATAEDITR.rpgle,https://github.com/ITMentalist/ibmi-2,github.com,1,0
swh:1:cnt:7019066a9e818385ca25b8086a25bf12ce27df34,7019066a9e818385ca25b8086a25bf12ce27df34,/CALL_X1.rpgle,https://github.com/smeup/jariko,github.com,1,0
swh:1:cnt:70311650936c42f56e04238587e18f95bf12ae64,70311650936c42f56e04238587e18f95bf12ae64,/stream_emitter_h.rpgle,https://bitbucket.org/m1hael/stream.git,bitbucket.org,0,1
swh:1:cnt:703db30f34fe9be73472ca196aeec80258d6d7d4,703db30f34fe9be73472ca196aeec80258d6d7d4,/MUTE10_34.rpgle,https://github.com/smeup/jariko,github.com,1,0
swh:1:cnt:704f6ec30d30775aab2133b19d68c8f5059efd3e,704f6ec30d30775aab2133b19d68c8f5059efd3e,/t030.rpgle,https://svn.code.sf.net/p/i5toolkit/code,svn.code.sf.net,1,0
swh:1:cnt:704facaaaa743aaffcc4705b79005b055b72bbbf,704facaaaa743aaffcc4705b79005b055b72bbbf,/EVALVARSNUMS.rpgle,https://github.com/smeup/jariko,github.com,1,0
swh:1:cnt:70700641331932ddcedb1c4b5edc065be43dc849,70700641331932ddcedb1c4b5edc065be43dc849,/jp.rpgle,https://github.com/andlrc/jp,github.com,0,1
swh:1:cnt:707a114fb744cb3c4e2acdf00260061b03c6adac,707a114fb744cb3c4e2acdf00260061b03c6adac,/RPGAPI_H.rpgle,https://github.com/danlong005/RPGAPI,github.com,1,0
swh:1:cnt:70ba64af7f3a372fe0bfb50ce6dee635f992fa42,70ba64af7f3a372fe0bfb50ce6dee635f992fa42,/testrpg.rpgle,https://github.com/RolandStrauss/Error-Monitoring,github.com,1,0
swh:1:cnt:70de5c0cbe9b9eb45f302151cf129b8d6cb37b91,70de5c0cbe9b9eb45f302151cf129b8d6cb37b91,/member.rpgle,https://github.com/as500/cpysrcstmf,github.com,0,1
swh:1:cnt:70ff45f131013eb1f333d4ef215b76b580d9de0a,70ff45f131013eb1f333d4ef215b76b580d9de0a,/MUTE15_14.rpgle,https://github.com/smeup/jariko,github.com,1,0
swh:1:cnt:710489b65f43ce82557fd24db946c665e0d088cc,710489b65f43ce82557fd24db946c665e0d088cc,/T12_A04_P07_12.rpgle,https://github.com/smeup/jariko,github.com,1,0
swh:1:cnt:7182263bf1b840abd791c8abd6dd00ad732994ff,7182263bf1b840abd791c8abd6dd00ad732994ff,/T03_A10_P12.rpgle,https://github.com/smeup/jariko,github.com,1,0
swh:1:cnt:71b2be93b997ae9f60842ad61c0955628f8dd934,71b2be93b997ae9f60842ad61c0955628f8dd934,/xmlmemory.rpgle,https://github.com/mmcco/libxml2,github.com,0,1
swh:1:cnt:71cac901de06a74ad54907177334d0903a8a39ba,71cac901de06a74ad54907177334d0903a8a39ba,/xinclude.rpgle,https://github.com/Zayzah/Linux,github.com,1,0
swh:1:cnt:71f313f705da051a93252874715936cf4a7f8f56,71f313f705da051a93252874715936cf4a7f8f56,/cbx950.rpgle,https://github.com/ChrisHird/CF_API,github.com,1,0
swh:1:cnt:722b89d29b98561f65509cfb1ba622afad5f306f,722b89d29b98561f65509cfb1ba622afad5f306f,/valid.rpgle,https://github.com/kiyolee/libxml2,github.com,1,0
swh:1:cnt:72526d016c44fb21cc3343f3f97b5f46d70b372f,72526d016c44fb21cc3343f3f97b5f46d70b372f,/MONITOR_TELEMETRY_SPAN_CLEANUP.rpgle,https://github.com/smeup/jariko,github.com,1,0
swh:1:cnt:72a4bdfbed7105c61e145e84c3d49db5503588d3,72a4bdfbed7105c61e145e84c3d49db5503588d3,/MUTE10_04A.rpgle,https://github.com/smeup/jariko,github.com,1,0
swh:1:cnt:72b80da0294fcaa69ac794152ac3039a63500331,72b80da0294fcaa69ac794152ac3039a63500331,/SERVICE.rpgle,https://github.com/redbeard025/creative_ibs,github.com,1,0
swh:1:cnt:72cd4e8deba090560d42047fd12f7c2e3d3446b1,72cd4e8deba090560d42047fd12f7c2e3d3446b1,/swad01r6.rpgle,https://github.com/RandyHH/cvt425,github.com,1,0
swh:1:cnt:72fa33cb3a85b2dd2854aaa172e3c1185cff463d,72fa33cb3a85b2dd2854aaa172e3c1185cff463d,/TEST_AIND.rpgle,https://github.com/RolandStrauss/IBMiUnit,github.com,1,0
swh:1:cnt:730a291cabc1a4144426025760c34f80d8e29e4e,730a291cabc1a4144426025760c34f80d8e29e4e,/CFSAPIH.rpgle,https://github.com/clarasoft-it/CFS-400-Clarasoft-Foundation-Server-for-AS400,github.com,0,1
swh:1:cnt:730cf2805ed592780fc7d363753e59008e4323ec,730cf2805ed592780fc7d363753e59008e4323ec,/ez1srv.rpgle,https://github.com/MarinaSchwenk/WMCPA-RPG-code,github.com,0,1
swh:1:cnt:733443fc7e1b3a12fe7d1315c9e42cb05962d9e4,733443fc7e1b3a12fe7d1315c9e42cb05962d9e4,/JSONPARS3C.JSON-Array-Count-Elements.rpgle,https://github.com/sitemule/noxDB,github.com,1,0
swh:1:cnt:73444673309b3444c7068f2079e74fba92b73c80,73444673309b3444c7068f2079e74fba92b73c80,/SIJIP.rpgle,https://github.com/jsranko/si-ibmi-apis,github.com,1,0
swh:1:cnt:73558102ec560024ebb393a32fd97db233d4dc12,73558102ec560024ebb393a32fd97db233d4dc12,/ED.rpgle,https://github.com/ITMentalist/ibmi-2,github.com,1,0
swh:1:cnt:745bc3e8cb7feac0318771a1a86887d67cf84741,745bc3e8cb7feac0318771a1a86887d67cf84741,/apibrn.rpgle,https://github.com/RolandStrauss/gitcm,github.com,1,0
swh:1:cnt:745f5c27114e6c974b35002445295efb173b75b4,745f5c27114e6c974b35002445295efb173b75b4,/Prueba.rpgle,https://github.com/Jortega2077/clasesgit,github.com,1,0
swh:1:cnt:746a6c03fee2191208ed34bcc386eeefbac1e9a3,746a6c03fee2191208ed34bcc386eeefbac1e9a3,/JSONPARSER.rpgle,https://github.com/sitemule/noxDB,github.com,1,0
swh:1:cnt:747681d768d4cafe1aa7d747a112cc1f6da44744,747681d768d4cafe1aa7d747a112cc1f6da44744,/svpriv_h.rpgle,https://github.com/inf1serg/iServices,github.com,1,0
swh:1:cnt:74a3b8b52a8779dde0d23dc25d997decb6e0d1d2,74a3b8b52a8779dde0d23dc25d997decb6e0d1d2,/spvfac_h.rpgle,https://github.com/inf1serg/iServices,github.com,1,0
swh:1:cnt:74ad9a2f3ab2dd50c0fa91a3da1f48f7fc8592fb,74ad9a2f3ab2dd50c0fa91a3da1f48f7fc8592fb,/Like.rpgle,https://github.com/rpgleparser/rpgleparser,github.com,1,0
swh:1:cnt:74c09353d42f4da0fc7b76574fa14019bd3c8640,74c09353d42f4da0fc7b76574fa14019bd3c8640,/STRUCT_07.rpgle,https://github.com/BezouwenR/jariko,github.com,1,0
swh:1:cnt:74d1a9ea68a54e81ba63131e043ae7439b1cb7ef,74d1a9ea68a54e81ba63131e043ae7439b1cb7ef,/ARRAY06.rpgle,https://github.com/sanfilippo-smeup/jariko,github.com,1,0
swh:1:cnt:750ffd189ed6571714efb8f3e50a0867a2d00e06,750ffd189ed6571714efb8f3e50a0867a2d00e06,/DO_TELEMETRY_SPAN_CAPTURES.rpgle,https://github.com/smeup/jariko,github.com,1,0
swh:1:cnt:7558abf89819342215f370ee14b32f994d8b37fb,7558abf89819342215f370ee14b32f994d8b37fb,/READ01.rpgle,https://github.com/BezouwenR/jariko,github.com,1,0
swh:1:cnt:755949b1bdfea4cab6b7df48cdb7d83ab3615169,755949b1bdfea4cab6b7df48cdb7d83ab3615169,/MUTE10_78.rpgle,https://github.com/smeup/jariko,github.com,1,0
swh:1:cnt:759e3db0ba6e1c50f4dacbb9efb456d1b2c5908b,759e3db0ba6e1c50f4dacbb9efb456d1b2c5908b,/RPGLET_H.rpgle,https://github.com/FrankBo2/rpglets-controller,github.com,0,1
swh:1:cnt:75cd1384ba345550388002dd2731c3408b948197,75cd1384ba345550388002dd2731c3408b948197,/CALLSCOPE2.rpgle,https://github.com/smeup/jariko,github.com,1,0
swh:1:cnt:75d33188ff701462574c04361e34a5f572697175,75d33188ff701462574c04361e34a5f572697175,/RPG-IV.rpgle,https://github.com/powni/hello-world-2,github.com,0,1
swh:1:cnt:7605f95e023369ad3857c87cfbcbd8bca8ce6f1f,7605f95e023369ad3857c87cfbcbd8bca8ce6f1f,/msSimple.rpgle,https://github.com/BezouwenR/IceBreak-Samples,github.com,1,0
swh:1:cnt:763040bca9cf2f8e159e819cb6b1e845307eb088,763040bca9cf2f8e159e819cb6b1e845307eb088,/hello.rpgle,https://github.com/eeepardhu239/IBMi-Programs,github.com,0,1
swh:1:cnt:763762e1d53e48fe31583bc5637ed272638dc96e,763762e1d53e48fe31583bc5637ed272638dc96e,/JSONSQL12.SQL-Options.rpgle,https://github.com/BrianGarland/noxDB,github.com,1,0
swh:1:cnt:764dceb6b58122736997e8e96bb11115233e1b54,764dceb6b58122736997e8e96bb11115233e1b54,/xmlsave.rpgle,https://github.com/271674605/GoogleAndroidSource,github.com,0,1
swh:1:cnt:769028e187b2f0eb38f811b14cf880c9c695c0ca,769028e187b2f0eb38f811b14cf880c9c695c0ca,/EXAMPLE6.rpgle,https://github.com/RelicPackages/HTTPAPI,github.com,0,1
swh:1:cnt:76e4cf9ac869d4027576d2d798633c01ffccfa92,76e4cf9ac869d4027576d2d798633c01ffccfa92,/READE.rpgle,https://github.com/chrjorgensen/rpgleparser,github.com,1,0
swh:1:cnt:7703c726a50448dcd8b36b7773a18dbf946f0556,7703c726a50448dcd8b36b7773a18dbf946f0556,/ALLOC.rpgle,https://github.com/rpgleparser/rpgleparser,github.com,1,0
swh:1:cnt:771fc7800807abe990f193236d9953b925afbd0a,771fc7800807abe990f193236d9953b925afbd0a,/Helloworld.rpgle,https://github.com/AlexIsles99/Helloworld-,github.com,0,1
swh:1:cnt:77dad530dcaa5e83dd1aca06c8354a9ecddb5883,77dad530dcaa5e83dd1aca06c8354a9ecddb5883,/rtvsrvpgm.rpgle,https://github.com/WmARapp/sandbox,github.com,1,0
swh:1:cnt:77dbe6272337df82a5b90a082552a310095422a4,77dbe6272337df82a5b90a082552a310095422a4,/samp1.rpgle,https://github.com/narnav/rpg-samp1,github.com,0,1
swh:1:cnt:77f524360ef4b11c02d01eda11c0e4e402ddf606,77f524360ef4b11c02d01eda11c0e4e402ddf606,/time_bif_timestamp.rpgle,https://github.com/Parveen-as400/NetRPG,github.com,1,0
swh:1:cnt:7821eec1baca066eb1716740059dc641114c7124,7821eec1baca066eb1716740059dc641114c7124,/noxDB2.rpgle,https://github.com/m1h43l/noxDB,github.com,0,1
swh:1:cnt:78556a87d8c51cea9c35c596701ce0b0321f9a17,78556a87d8c51cea9c35c596701ce0b0321f9a17,/staticfile.rpgle,https://github.com/sitemule/ILEastic,github.com,1,0
swh:1:cnt:789630c21cd797b7c5485a8611f11da76657d660,789630c21cd797b7c5485a8611f11da76657d660,/myProgram.rpgle,https://gitlab.com/JDubbTX/FunWithBindingDirectories.git,gitlab.com,1,0
swh:1:cnt:78afe9b7d8057a3eb33dea5b7b7be9826ea9b846,78afe9b7d8057a3eb33dea5b7b7be9826ea9b846,/service.rpgle,https://bitbucket.org/m1hael/bluedroplet.git,bitbucket.org,1,0
swh:1:cnt:78b62c98d7e387ee325172960539a09a4d07d1e1,78b62c98d7e387ee325172960539a09a4d07d1e1,/hex1.rpgle,https://github.com/Parveen-as400/NetRPG,github.com,1,0
swh:1:cnt:78b926514d4e45326e534c517805653dc334066f,78b926514d4e45326e534c517805653dc334066f,/BBSMSGSR.rpgle,https://github.com/worksofliam/BBS400,github.com,1,0
swh:1:cnt:78e775b9eab129be9b9203b22debe342ff56005f,78e775b9eab129be9b9203b22debe342ff56005f,/cowgra10.rpgle,https://github.com/inf1serg/iServices,github.com,1,0
swh:1:cnt:78f46f17f9aabaadcedeac073183a6d8dd969ad9,78f46f17f9aabaadcedeac073183a6d8dd969ad9,/tree.rpgle,https://github.com/BrianGarland/Tree,github.com,0,1
swh:1:cnt:7923b417e3a9119d25d03019281f87be9a9b6f09,7923b417e3a9119d25d03019281f87be9a9b6f09,/JASRC.JD_002.rpgle,https://github.com/f-lombardo/rpgleparser,github.com,0,1
swh:1:cnt:7953036c472f623e1023ba68075a96a0a8c4db2f,7953036c472f623e1023ba68075a96a0a8c4db2f,/noxdbcust.rpgle,https://github.com/sitemule/ILEastic,github.com,1,0
swh:1:cnt:7953afc0b58b892e52795ac49543cc7e4d245ddb,7953afc0b58b892e52795ac49543cc7e4d245ddb,/noxdbMicro.rpgle,https://github.com/sitemule/ILEastic,github.com,1,0
swh:1:cnt:79729c27f86b544d9f63d46d7fe09033d275be2a,79729c27f86b544d9f63d46d7fe09033d275be2a,/UTILITY.rpgle,https://github.com/RPGLE/Utility,github.com,1,0
swh:1:cnt:797a93a85fdf0ffb60759a29f959df7709616f09,797a93a85fdf0ffb60759a29f959df7709616f09,/test-fixed.rpgle,https://github.com/GajenderI/vscode-ibmi-languages,github.com,1,1
swh:1:cnt:798d74d34d6df1b857a69a9442a2903991698a53,798d74d34d6df1b857a69a9442a2903991698a53,/xmlTypesC.rpgle,https://github.com/kiyolee/libxml2,github.com,1,0
swh:1:cnt:79ec9d504118360c62497a2e35d39ab5400b302d,79ec9d504118360c62497a2e35d39ab5400b302d,/dcl_file_exfmt4.rpgle,https://github.com/Parveen-as400/NetRPG,github.com,1,0
swh:1:cnt:7a27a12be7021b50f2fd75bcedd7e9e6846239bc,7a27a12be7021b50f2fd75bcedd7e9e6846239bc,/JSONSQL06E.SQL-resultset-blob-object.rpgle,https://github.com/sitemule/noxDB,github.com,1,0
swh:1:cnt:7a5d870ce372df9af8138f5c4b077ab0624cfc24,7a5d870ce372df9af8138f5c4b077ab0624cfc24,/gskssl_h.rpgle,https://github.com/ITMentalist/klement_rpg_copybooks,github.com,1,0
swh:1:cnt:7a5f7c1035308c146c589bcfd57f7049319642e2,7a5f7c1035308c146c589bcfd57f7049319642e2,/IFENDIF.rpgle,https://github.com/JCErasmus/antlr4-rpgle,github.com,1,0
swh:1:cnt:7a927b81a78669d95fdb65e0742a1bde5bb88075,7a927b81a78669d95fdb65e0742a1bde5bb88075,/£JAX_D1.rpgle,https://github.com/smeup/jariko,github.com,1,0
swh:1:cnt:7a9d8c258503e206a5338ef32bf9a80ed4fcab94,7a9d8c258503e206a5338ef32bf9a80ed4fcab94,/crtfrmstmf.rpgle,https://github.com/BrianGarland/CRTFRMSTMF,github.com,0,1
swh:1:cnt:7abc6209329865fd3a5296e043c50e50b9775180,7abc6209329865fd3a5296e043c50e50b9775180,/rtvusr_h.rpgle,https://github.com/inf1serg/iServices,github.com,1,0
swh:1:cnt:7b00f8df106e3b3e5d8686c14d73edc4868558d4,7b00f8df106e3b3e5d8686c14d73edc4868558d4,/ojim10r1.rpgle,https://github.com/RandyHH/cvt425,github.com,1,0
swh:1:cnt:7b0b81e1320ca4493ae518e96b3a0d50aa634c2a,7b0b81e1320ca4493ae518e96b3a0d50aa634c2a,/t088.rpgle,https://svn.code.sf.net/p/i5toolkit/code,svn.code.sf.net,1,0
swh:1:cnt:7b3b7115a07e6bdb9b79039ea7bba87954c5efbc,7b3b7115a07e6bdb9b79039ea7bba87954c5efbc,/copy.rpgle,https://github.com/f-lombardo/rpgleparser,github.com,1,0
swh:1:cnt:7b4a6269cadbaabd7100f91c169fed7e86e8d507,7b4a6269cadbaabd7100f91c169fed7e86e8d507,/HTMLparser.rpgle,https://github.com/avble/natClientEx,github.com,1,0
swh:1:cnt:7b7fe612ffbc7c4cff04b96ef5bae8c93b0ce471,7b7fe612ffbc7c4cff04b96ef5bae8c93b0ce471,/jrnanzww.rpgle,https://github.com/Bernard85/jrn,github.com,1,0
swh:1:cnt:7bb864051906f9d414616a83f94005bbe223454d,7bb864051906f9d414616a83f94005bbe223454d,/MUTE10_03.rpgle,https://github.com/smeup/jariko,github.com,1,0
swh:1:cnt:7bbce28da0fbb8985605af309eda7f9d963ba4be,7bbce28da0fbb8985605af309eda7f9d963ba4be,/hello.rpgle,https://github.com/eradani-inc/eradani-connect-template,github.com,0,1
swh:1:cnt:7bfe5d2ec5430eef1afb96557b07dfd03b219221,7bfe5d2ec5430eef1afb96557b07dfd03b219221,/MUDRNRAPU001146.rpgle,https://github.com/smeup/jariko,github.com,1,0
swh:1:cnt:7c455b03b14b2935ff22d64ef5e36227571b324b,7c455b03b14b2935ff22d64ef5e36227571b324b,/QILEGEN.£INZSR.rpgle,https://github.com/smeup/jariko,github.com,1,0
swh:1:cnt:7c69fcf79404171ae21a6ae93295674c8ae9712d,7c69fcf79404171ae21a6ae93295674c8ae9712d,/18-shadow-proc.rpgle,https://github.com/andlrc/rpglelint,github.com,1,0
swh:1:cnt:7c914f06fa7952c46d277bf466500b40bd1930be,7c914f06fa7952c46d277bf466500b40bd1930be,/bcui00r201.rpgle,https://github.com/RandyHH/cvt425,github.com,1,0
swh:1:cnt:7ccc6f3b9e6754bded2309a2dfd3367fe5d6fee8,7ccc6f3b9e6754bded2309a2dfd3367fe5d6fee8,/noxDB2.rpgle,https://github.com/WilliKunold/noxDB,github.com,0,1
swh:1:cnt:7d07b8bd4a4dc85a98ec30fb95b3b8c789da10f4,7d07b8bd4a4dc85a98ec30fb95b3b8c789da10f4,/GRDRPGLE.rpgle,https://github.com/GuriCat/SQL-on-IBM-i,github.com,0,1
swh:1:cnt:7d815bb952876617e4c0ca5454893b955e1f5ba4,7d815bb952876617e4c0ca5454893b955e1f5ba4,/ileastic.rpgle,https://github.com/ExpatPaul/ILEastic,github.com,1,0
swh:1:cnt:7da09ac835fd4eedf7cc6307cdb3cd8be792e40c,7da09ac835fd4eedf7cc6307cdb3cd8be792e40c,/CPYTMPCCH1.rpgle,https://github.com/TheCuckoo/ROOF,github.com,0,1
swh:1:cnt:7db27edaf246ced05c9f1a0fa538a3414a26f732,7db27edaf246ced05c9f1a0fa538a3414a26f732,/wsragb.rpgle,https://github.com/inf1serg/iServices,github.com,1,0
swh:1:cnt:7dc75c4ca2f155350cd32b73d6b1457d9c542d57,7dc75c4ca2f155350cd32b73d6b1457d9c542d57,/GENQRCR.rpgle,https://github.com/ITMentalist/ibmi-2,github.com,1,0
swh:1:cnt:7e219fa44e2e8230ea88a3f0efcb4f5bbc83f720,7e219fa44e2e8230ea88a3f0efcb4f5bbc83f720,/dcl_proc_10_value.rpgle,https://github.com/eyeonpower/NetRPG,github.com,0,1
swh:1:cnt:7e3f69d293b71ec82f39f85897318e7a8aeeb66d,7e3f69d293b71ec82f39f85897318e7a8aeeb66d,/mongoose_h.rpgle,https://bitbucket.org/m1hael/bluedroplet.git,bitbucket.org,1,0
swh:1:cnt:7e645157361cbbe1efcf7c610c746975b3d012a9,7e645157361cbbe1efcf7c610c746975b3d012a9,/MUDRNRAPU00133_API.rpgle,https://github.com/smeup/jariko,github.com,1,0
swh:1:cnt:7e88cb33f5045a676dcc09fbcb46d81826c04b14,7e88cb33f5045a676dcc09fbcb46d81826c04b14,/CHEXMAIN.rpgle,https://github.com/mylesieong/code_library,github.com,1,0
swh:1:cnt:7e98e48566184ba0c556aa7f96ee08eb318da2a7,7e98e48566184ba0c556aa7f96ee08eb318da2a7,/hellole.rpgle,https://github.com/barrettotte/RPGLE,github.com,0,1
swh:1:cnt:7ec8ac405dfe6cdfadc19a0c9fef7090b4d4847a,7ec8ac405dfe6cdfadc19a0c9fef7090b4d4847a,/sqlcli_h.rpgle,https://github.com/theIBMiGuy/ibm_i_apis,github.com,0,1
swh:1:cnt:7ee052a3b1c09ec10a492e9a6e865b22b3a231d4,7ee052a3b1c09ec10a492e9a6e865b22b3a231d4,/date-time-calculations.rpgle,https://github.com/datanymics/rpgle-examples,github.com,0,1
swh:1:cnt:7f29e31ed33cbb752bed3c50636a57b1f8bd650a,7f29e31ed33cbb752bed3c50636a57b1f8bd650a,/parser.rpgle,https://github.com/avble/natClientEx,github.com,0,1
swh:1:cnt:7f3d0f954380101451edde1ea5a84b6b4b7000c6,7f3d0f954380101451edde1ea5a84b6b4b7000c6,/joblog.rpgle,https://github.com/becoming-machinic/naptime,github.com,0,1
swh:1:cnt:7f5eb1014ad13225b15ad8f9cc38b773f5a94967,7f5eb1014ad13225b15ad8f9cc38b773f5a94967,/testmod.rpgle,https://github.com/ataylorkt/skunkworks,github.com,0,1
swh:1:cnt:7f64d224f225922c10724f7ba325f69773f4ddf9,7f64d224f225922c10724f7ba325f69773f4ddf9,/MUDRNRAPU00224.rpgle,https://github.com/smeup/jariko,github.com,1,0
swh:1:cnt:7f70e03c3c1fff2c17f95deceabf1361cd130155,7f70e03c3c1fff2c17f95deceabf1361cd130155,/athread.rpgle,https://github.com/qpgmr-de/qpgmr-de,github.com,0,1
swh:1:cnt:7fb9b28cfa557d0303281e02c6bf6960d2b4f5bb,7fb9b28cfa557d0303281e02c6bf6960d2b4f5bb,/arrfrmfil.rpgle,https://github.com/vamsi1258c/vamsim,github.com,1,0
swh:1:cnt:7fd207da70ce067760382491ee3fbd9fc5dec6e0,7fd207da70ce067760382491ee3fbd9fc5dec6e0,/BBSPOLLR.rpgle,https://github.com/worksofliam/BBS400,github.com,1,0
swh:1:cnt:7feb245f5c27789db7366ca940fd13bf495cba43,7feb245f5c27789db7366ca940fd13bf495cba43,/ILEcurl.rpgle,https://github.com/NielsLiisberg/ILEcurl,github.com,0,1
swh:1:cnt:8013596fdaae0236013406c6e0d5841fa29cc229,8013596fdaae0236013406c6e0d5841fa29cc229,/sqlparser.rpgle,https://svn.code.sf.net/p/iledocs/code,svn.code.sf.net,0,1
swh:1:cnt:8052a6a08d6257da8ed607978d9e8dadf7f8f782,8052a6a08d6257da8ed607978d9e8dadf7f8f782,/JSONSQL12.SQL-Options.rpgle,https://github.com/sitemule/noxDB,github.com,1,0
swh:1:cnt:80a2764b8a0d1699f7490f5490490a6a872210be,80a2764b8a0d1699f7490f5490490a6a872210be,/EXHBMENU.rpgle,https://github.com/LBBNetwork/VCF400,github.com,0,1
swh:1:cnt:80d79bb11b25cd36a2b2e59a5932cb3cadfd20eb,80d79bb11b25cd36a2b2e59a5932cb3cadfd20eb,/myjson.rpgle,https://github.com/jacobra1/IceBreak,github.com,0,1
swh:1:cnt:81209225cd9761bfdbddfc4bf40deec1f7b47ef3,81209225cd9761bfdbddfc4bf40deec1f7b47ef3,/Timestamp.rpgle,https://github.com/JCErasmus/antlr4-rpgle,github.com,1,0
swh:1:cnt:812d749af6bc3c40430b77fd1b60652163e8bfb5,812d749af6bc3c40430b77fd1b60652163e8bfb5,/MUTE10_06.rpgle,https://github.com/smeup/jariko,github.com,1,0
swh:1:cnt:818ac4de220aad0415e34ec2032396aca8181e48,818ac4de220aad0415e34ec2032396aca8181e48,/MUTE10_05.rpgle,https://github.com/sanfilippo-smeup/jariko,github.com,1,0
swh:1:cnt:81a323dd0938cc74090ad116ff7318a35b4e9215,81a323dd0938cc74090ad116ff7318a35b4e9215,/crtfrmstmf.rpgle,https://github.com/OSSILE/OSSILE,github.com,1,0
swh:1:cnt:81e0c711305a2d376e6ebed18bcbab0bc6f54bfa,81e0c711305a2d376e6ebed18bcbab0bc6f54bfa,/WATSONTR3R.rpgle,https://github.com/r-vengy/optionsForConsuming,github.com,0,1
swh:1:cnt:81f4d3276933afb90bbc37b8a2e8601e87cd2dad,81f4d3276933afb90bbc37b8a2e8601e87cd2dad,/PARMDS1DS.rpgle,https://github.com/Chrisdeparis/DSPARAMS,github.com,1,1
swh:1:cnt:81fac9d0e8ed95961f50f221280290c0a15790ef,81fac9d0e8ed95961f50f221280290c0a15790ef,/bfint.rpgle,https://github.com/manifoldfinance/linguist,github.com,0,1
swh:1:cnt:8210114c3cc4f615e8752854e8e8ef16fcc44f53,8210114c3cc4f615e8752854e8e8ef16fcc44f53,/ifsio_h.rpgle,https://bitbucket.org/tools400/irpgunit.git,bitbucket.org,0,1
swh:1:cnt:8214050a05553f5dde0b8919b7c5ea3b2c6408ec,8214050a05553f5dde0b8919b7c5ea3b2c6408ec,/test1.rpgle,https://github.com/szsascha/NetRPG,github.com,1,0
swh:1:cnt:82159c9355cd4abf9a2f0edb9b0e9ce925e78b8c,82159c9355cd4abf9a2f0edb9b0e9ce925e78b8c,/HELLOWORLD.rpgle,https://github.com/ProfoundLogic/profoundui-framework,github.com,0,1
swh:1:cnt:824181e12585e09aab83a6cff8b5181297c96186,824181e12585e09aab83a6cff8b5181297c96186,/testsrvx.rpgle,https://github.com/NattyNarwhal/xmlservice,github.com,0,1
swh:1:cnt:824b12622c1e7f43153ab86db6613c6615240445,824b12622c1e7f43153ab86db6613c6615240445,/t012.rpgle,https://svn.code.sf.net/p/i5toolkit/code,svn.code.sf.net,1,0
swh:1:cnt:82547d0f3145b5614b9cee74e6b7ee673a01f2d8,82547d0f3145b5614b9cee74e6b7ee673a01f2d8,/TMApi_Inc.rpgle,https://github.com/TickMogne/TMLib,github.com,1,0
swh:1:cnt:826ef1e372968169e334df4730cefc4fd75207bc,826ef1e372968169e334df4730cefc4fd75207bc,/SRVXLS@13.mod.rpgle,https://github.com/RolandStrauss/srvxls,github.com,0,1
swh:1:cnt:827c9df853e5061b6b5f2360cde95ef3c42fe35c,827c9df853e5061b6b5f2360cde95ef3c42fe35c,/ERRNO_H.rpgle,https://github.com/BrianGarland/SendObjects-IBMi,github.com,0,1
swh:1:cnt:8286d0ee38e8cb03ac9c4524b6eb841099d28922,8286d0ee38e8cb03ac9c4524b6eb841099d28922,/filesrpg2.rpgle,https://github.com/vamsi1258c/vamsim,github.com,1,0
swh:1:cnt:830d957438cc65c673f31fc57713246942f0a24e,830d957438cc65c673f31fc57713246942f0a24e,/RTVUSRINFO.rpgle,https://github.com/ITMentalist/ibmi-2,github.com,1,0
swh:1:cnt:83476a74dfdff28f6ebca3c478569148897e1b16,83476a74dfdff28f6ebca3c478569148897e1b16,/helloworld.rpgle,https://github.com/worksofliam/ileastic-webapi,github.com,1,1
swh:1:cnt:834ae8e0a61514506e392b47b1bb0bf90dd62075,834ae8e0a61514506e392b47b1bb0bf90dd62075,/TSTDOPED.rpgle,https://github.com/lanarimarco/workshop,github.com,0,1
swh:1:cnt:835a8bf0d8dd36e2cb6934db4b45549a6377435c,835a8bf0d8dd36e2cb6934db4b45549a6377435c,/MOVEP.rpgle,https://github.com/smeup/jariko,github.com,1,0
swh:1:cnt:837080e7b24aabc06de28441e184e24bbefe7f25,837080e7b24aabc06de28441e184e24bbefe7f25,/DEV0009.rpgle,https://github.com/AndrzejKorcz/IBMi,github.com,0,1
swh:1:cnt:8393d9bd48c70a149d13a515ba9c81b20ee96080,8393d9bd48c70a149d13a515ba9c81b20ee96080,/QLICVTTP.rpgle,https://github.com/p-behr/irpgunit,github.com,0,1
swh:1:cnt:8396ae1f854001e4a66e25e3d8915eec18901395,8396ae1f854001e4a66e25e3d8915eec18901395,/bcui00r202.rpgle,https://github.com/RandyHH/cvt425,github.com,1,0
swh:1:cnt:83d84574c956ad7bbb119e7704cc72f7bda9fbbe,83d84574c956ad7bbb119e7704cc72f7bda9fbbe,/test_num5.rpgle,https://github.com/RolandStrauss/IBMiUnit,github.com,1,0
swh:1:cnt:83e406970ca966a59ccf2634cbe25ad866076b67,83e406970ca966a59ccf2634cbe25ad866076b67,/BBSAEPGMMR.rpgle,https://github.com/worksofliam/BBS400,github.com,1,0
swh:1:cnt:84726df0765954837c791e8a396221725fb043aa,84726df0765954837c791e8a396221725fb043aa,/dirview.rpgle,https://github.com/bencz/dir_view,github.com,0,1
swh:1:cnt:84d4b4bb22e7138a63c11cafecfc6ed220e87162,84d4b4bb22e7138a63c11cafecfc6ed220e87162,/TMLib_Inc.rpgle,https://github.com/TickMogne/TMLib,github.com,0,1
swh:1:cnt:8531e05411c341b3f2e5075433f7f18dcd746c5e,8531e05411c341b3f2e5075433f7f18dcd746c5e,/Pointer.rpgle,https://github.com/rpgleparser/rpgleparser,github.com,1,0
swh:1:cnt:853572f5c8c1f9766ad01a0b33b52cb4faa759ee,853572f5c8c1f9766ad01a0b33b52cb4faa759ee,/T01_A20_P20.rpgle,https://github.com/smeup/jariko,github.com,1,0
swh:1:cnt:8550464feb5fde9bfb7c1af7d8e4d63f22ea4434,8550464feb5fde9bfb7c1af7d8e4d63f22ea4434,/arraylist.rpgle,https://bitbucket.org/m1hael/arraylist.git,bitbucket.org,0,1
swh:1:cnt:85a1a963177128037fb8261e56dfd093891ef332,85a1a963177128037fb8261e56dfd093891ef332,/EVAL.rpgle,https://github.com/chrjorgensen/rpgleparser,github.com,1,0
swh:1:cnt:85cf92f0bf92c1a93059b481cf793ea20d7cb9c8,85cf92f0bf92c1a93059b481cf793ea20d7cb9c8,/test11.rpgle,https://github.com/christianlarsen/christianlarsen_rpgle,github.com,0,1
swh:1:cnt:85f6c985d8e752cc1d125f4336d539a3aedbb22c,85f6c985d8e752cc1d125f4336d539a3aedbb22c,/ipkggzip.rpgle,https://bitbucket.org/NielsLiisberg/ipkg.git,bitbucket.org,1,0
swh:1:cnt:861b961a711d9170a28bf406a2ff7f11550a140d,861b961a711d9170a28bf406a2ff7f11550a140d,/cursor99.rpgle,https://github.com/hubpk/QATEST02_Program_List,github.com,0,1
swh:1:cnt:863c2a83b493832d06abc0ad6a6a7abbfa7eb493,863c2a83b493832d06abc0ad6a6a7abbfa7eb493,/wslspc.rpgle,https://github.com/inf1serg/iServices,github.com,1,0
swh:1:cnt:86535861fcc29ce32bdb1247eb2f056a9567008d,86535861fcc29ce32bdb1247eb2f056a9567008d,/MUTE19_01.rpgle,https://github.com/JCErasmus/jariko,github.com,0,1
swh:1:cnt:86fb07ab8b7db4cc3593e25e3fac14d765238623,86fb07ab8b7db4cc3593e25e3fac14d765238623,/NOOBSFL2-Full_load_subfile_example_ISERIES_STYLE.pgm.rpgle,https://github.com/NickLitten/Nicks_Master_Repo,github.com,1,0
swh:1:cnt:871bbacc4c73ec54658140623effb12cc73be904,871bbacc4c73ec54658140623effb12cc73be904,/T18_A10_P02.rpgle,https://github.com/smeup/jariko,github.com,1,0
swh:1:cnt:8739322dda374055f70875a8fa6a08e7957a8b5f,8739322dda374055f70875a8fa6a08e7957a8b5f,/_Rreadkp.rpgle,https://github.com/jsranko/si-ibm-apis,github.com,1,0
swh:1:cnt:879975a80fd6e02dba04e315919c895a1e3681b4,879975a80fd6e02dba04e315919c895a1e3681b4,/dspjkr.rpgle,https://github.com/cwbuck/outbound-api,github.com,1,0
swh:1:cnt:87af31050fd7555602516d4ab2d44efc649dd40a,87af31050fd7555602516d4ab2d44efc649dd40a,/MUDRNRAPU001100.rpgle,https://github.com/smeup/jariko,github.com,1,0
swh:1:cnt:87cc97e3be58df1a2a525961f63bfd26b2f06f1d,87cc97e3be58df1a2a525961f63bfd26b2f06f1d,/JSONSQL21I.SQL-Insert-clobs-lgt.rpgle,https://github.com/sitemule/noxDB,github.com,1,0
swh:1:cnt:87f33187c9e3330ab9236642eb3139f56f91988b,87f33187c9e3330ab9236642eb3139f56f91988b,/TicTacToe.rpgle,https://github.com/LeoB42490/RPGLE-Demo,github.com,1,0
swh:1:cnt:88135eb1419513c7c187e3a239ce2bcb4b722685,88135eb1419513c7c187e3a239ce2bcb4b722685,/rlogger.rpgle,https://github.com/AlexeiBaranov/ile_logger,github.com,0,1
swh:1:cnt:886e03f263444ac5045348d45e0e0364810c3be3,886e03f263444ac5045348d45e0e0364810c3be3,/xml6.rpgle,https://github.com/sitemule/noxDB,github.com,1,0
swh:1:cnt:892f2487bb34f55efe5b31d586056fed9761a1e7,892f2487bb34f55efe5b31d586056fed9761a1e7,/sample.rpgle,https://github.com/ITMentalist/xlsx2db,github.com,0,1
swh:1:cnt:893c0c23a243e2f3297368b731a60f14676697a9,893c0c23a243e2f3297368b731a60f14676697a9,/XMLPARS200.XML-Build-from-scratch.rpgle,https://github.com/sitemule/noxDB,github.com,1,0
swh:1:cnt:894ec607641d73277c3535aa9ba8e943130c7623,894ec607641d73277c3535aa9ba8e943130c7623,/sms_h.rpgle,https://github.com/barrettotte/RPGLE-Twilio,github.com,0,1
swh:1:cnt:898bdcd1a43805ccbb8c39d94a6bdf253b53b777,898bdcd1a43805ccbb8c39d94a6bdf253b53b777,/dsptrfc.rpgle,https://github.com/cwbuck/outbound-api,github.com,1,0
swh:1:cnt:89bc7c188450d098472f068237ce304056cbb89a,89bc7c188450d098472f068237ce304056cbb89a,/NOXDB.rpgle,https://github.com/sitemule/noxDB,github.com,1,0
swh:1:cnt:89be09b5c506656e44bdc6d0fde19d90c7b0a8e5,89be09b5c506656e44bdc6d0fde19d90c7b0a8e5,/noxDB.rpgle,https://github.com/ymurata1967/noxDB,github.com,1,0
swh:1:cnt:89cbf153c40ed5ec733ed97a6259792da5123341,89cbf153c40ed5ec733ed97a6259792da5123341,/post.rpgle,https://github.com/PIO-Himanshu/Webservices-in-as400,github.com,0,1
swh:1:cnt:8a25853c896b37cde6856f5cf05ba4411bc24d07,8a25853c896b37cde6856f5cf05ba4411bc24d07,/sndgmail.rpgle,https://github.com/sanotto/sndgmail,github.com,0,1
swh:1:cnt:8a2ffd7c09b4e9e642d68e34ade89a43fc705bac,8a2ffd7c09b4e9e642d68e34ade89a43fc705bac,/wsraxp.rpgle,https://github.com/inf1serg/iServices,github.com,1,0
swh:1:cnt:8a32962d506322f8b90e16b15d4bd5f5b6696cda,8a32962d506322f8b90e16b15d4bd5f5b6696cda,/msProduct.rpgle,https://github.com/BezouwenR/IceBreak-Samples,github.com,1,0
swh:1:cnt:8a43438ef2d5def7873dafdb2cde1a9ce86210be,8a43438ef2d5def7873dafdb2cde1a9ce86210be,/c_testmod.rpgle,https://github.com/dennisnel/ibm-i-build,github.com,1,0
swh:1:cnt:8a4a8a06cc8be05e558cabd6ef94bd69574ee0ed,8a4a8a06cc8be05e558cabd6ef94bd69574ee0ed,/MUTE10_01A.rpgle,https://github.com/BezouwenR/jariko,github.com,0,1
swh:1:cnt:8a5c3e07ac1db2da69515e1b769b7c6da1c98c3e,8a5c3e07ac1db2da69515e1b769b7c6da1c98c3e,/EDITWTEST.rpgle,https://github.com/sanfilippo-smeup/jariko,github.com,1,0
swh:1:cnt:8a63d340ded6c8c3e9a8187832a0d3214b0a6e89,8a63d340ded6c8c3e9a8187832a0d3214b0a6e89,/DATEPROCS.rpgle,https://github.com/OlgaRudina/BCI433-IBMi-Business_Computing,github.com,0,1
swh:1:cnt:8a6735bdaa20f28dd8d4bc9bff96969215789d9d,8a6735bdaa20f28dd8d4bc9bff96969215789d9d,/wslcya.rpgle,https://github.com/inf1serg/iServices,github.com,1,0
swh:1:cnt:8a76f2b0110cff8050a49aa9c1576cdf30aef7dd,8a76f2b0110cff8050a49aa9c1576cdf30aef7dd,/MUDRNRAPU001104.rpgle,https://github.com/smeup/jariko,github.com,1,0
swh:1:cnt:8a7eca4f5abd163074f3e3fcf6830b0974ad3675,8a7eca4f5abd163074f3e3fcf6830b0974ad3675,/TestRpg98.rpgle,https://github.com/hubpk/QATEST02_Program_List,github.com,1,0
swh:1:cnt:8aca31a5a6b06a49acd5a230e22679814e7327b9,8aca31a5a6b06a49acd5a230e22679814e7327b9,/MUDRNRAPU001140.rpgle,https://github.com/smeup/jariko,github.com,1,0
swh:1:cnt:8ad65e7a94c88ed5bb9a3d14a4a257adcf5843dc,8ad65e7a94c88ed5bb9a3d14a4a257adcf5843dc,/JD_003.rpgle,https://github.com/parodi-smeup/IOTSPI-JD003,github.com,0,1
swh:1:cnt:8af7b8dc915c947510c3f9e82eb3e5ce44a8d916,8af7b8dc915c947510c3f9e82eb3e5ce44a8d916,/project-info.rpgle,https://bitbucket.org/m1hael/tour-of-champions.git,bitbucket.org,0,1
swh:1:cnt:8b051d25a6aef723af3bc064bc37c059e9fe08c5,8b051d25a6aef723af3bc064bc37c059e9fe08c5,/MUTE10_81.rpgle,https://github.com/smeup/jariko,github.com,1,0
swh:1:cnt:8b137891791fe96927ad78e64b0aad7bded08bdc,8b137891791fe96927ad78e64b0aad7bded08bdc,/pocprctblx.rpgle,rsync://a.cvs.sourceforge.net/cvsroot/gamedesk/code,a.cvs.sourceforge.net,0,1
swh:1:cnt:8b4981ab820d44e8b86a732fb4a4c0e3308694ab,8b4981ab820d44e8b86a732fb4a4c0e3308694ab,/tree.rpgle,https://github.com/avble/natClientEx,github.com,1,0
swh:1:cnt:8b55f9f17410d601e5424731c5470442dc6037a2,8b55f9f17410d601e5424731c5470442dc6037a2,/cowlog_h.rpgle,https://github.com/inf1serg/iServices,github.com,1,0
swh:1:cnt:8b799479ad31ab416cfbb0490c936eb45d858a0f,8b799479ad31ab416cfbb0490c936eb45d858a0f,/svpepv.rpgle,https://github.com/inf1serg/iServices,github.com,1,0
swh:1:cnt:8be07c1c2ec7dadefb2139039926c6ad58edc71b,8be07c1c2ec7dadefb2139039926c6ad58edc71b,/MUDRNRAPU00140.rpgle,https://github.com/smeup/jariko,github.com,1,0
swh:1:cnt:8bf9af1f8687ec8957e6418dc240d9c53c50e63a,8bf9af1f8687ec8957e6418dc240d9c53c50e63a,/cbx961.rpgle,https://github.com/ChrisHird/CF_API,github.com,1,0
swh:1:cnt:8c628bab8bce1ef81c5f6387e30f3985afc22a27,8c628bab8bce1ef81c5f6387e30f3985afc22a27,/member.rpgle,https://github.com/Programmersio-IBMi/migrate,github.com,0,1
swh:1:cnt:8c699611756147605a745be9f11b4e5401bf0610,8c699611756147605a745be9f11b4e5401bf0610,/csapapi.rpgle,https://github.com/clarasoft-it/CSAP,github.com,1,1
swh:1:cnt:8d04316e3c4856a9333bb6d8302687107e846bfc,8d04316e3c4856a9333bb6d8302687107e846bfc,/Ricezione parametri ENTRY.rpgle,https://github.com/smeup/RPGInterpreterWeb,github.com,1,0
swh:1:cnt:8d7d274f78e079dffde84a08927d4361bef08433,8d7d274f78e079dffde84a08927d4361bef08433,/musttrgpgm.rpgle,https://github.com/Did-hub/templates-for-kaps-gmbh,github.com,0,1
swh:1:cnt:8d9432dd37d357a0b0efe62ec6a769e3d57bdc6b,8d9432dd37d357a0b0efe62ec6a769e3d57bdc6b,/Formato libero.rpgle,https://github.com/sanfilippo-smeup/RPGInterpreterWeb,github.com,0,1
swh:1:cnt:8df181a120239f51d55ba7fc0b0c0251f5f870a3,8df181a120239f51d55ba7fc0b0c0251f5f870a3,/CONVCASE.rpgle,https://github.com/chrjorgensen/OSSILE,github.com,0,1
swh:1:cnt:8e4471d594c0e81956e90b2a4d3c379b8238c0f2,8e4471d594c0e81956e90b2a4d3c379b8238c0f2,/valid.rpgle,https://github.com/RomuloMilani/Projetos,github.com,1,1
swh:1:cnt:8e48f3b07fc327fe2407a2f577e013641bec866f,8e48f3b07fc327fe2407a2f577e013641bec866f,/ERROR42.rpgle,https://github.com/smeup/jariko,github.com,1,0
swh:1:cnt:8e4ec5b8b7d8942d45419bba6415c408f6873215,8e4ec5b8b7d8942d45419bba6415c408f6873215,/wsrpla.rpgle,https://github.com/inf1serg/iServices,github.com,1,0
swh:1:cnt:8e78a13e70f850ce7ab042c25a4f5ecc6094a75e,8e78a13e70f850ce7ab042c25a4f5ecc6094a75e,/SICTLOPT.rpgle,https://github.com/jsranko/si-ibm-apis,github.com,0,1
swh:1:cnt:8e79b72ef4d2b8fd9d906968cd0ccba61cc949c2,8e79b72ef4d2b8fd9d906968cd0ccba61cc949c2,/noxDB2.rpgle,https://github.com/sitemule/noxDB,github.com,1,0
swh:1:cnt:8e93b343910d4b2469f20a1414143aa4d65c3997,8e93b343910d4b2469f20a1414143aa4d65c3997,/plugile_h.rpgle,https://github.com/IBM/xmlservice,github.com,0,1
swh:1:cnt:8edfc989db4d4b963fe71eb26dacb24e0f1fe782,8edfc989db4d4b963fe71eb26dacb24e0f1fe782,/cctest.rpgle,https://github.com/machine0318/RPG_Public,github.com,0,1
swh:1:cnt:8ef37f87f82c1c52ba7c47e7d123264a7f13a0ff,8ef37f87f82c1c52ba7c47e7d123264a7f13a0ff,/SCANTEST.rpgle,https://github.com/sanfilippo-smeup/jariko,github.com,1,0
swh:1:cnt:8f77eab6e92e90798cf1b8b67bba3ba4fdc24234,8f77eab6e92e90798cf1b8b67bba3ba4fdc24234,/llist_so_h.rpgle,https://bitbucket.org/NielsLiisberg/ipkg.git,bitbucket.org,1,0
swh:1:cnt:8fcdd9d4745df28e6ce0f575eeaab0e2ae1d3023,8fcdd9d4745df28e6ce0f575eeaab0e2ae1d3023,/second.rpgle,https://github.com/jcquesada/RPG-Fuentes,github.com,0,1
swh:1:cnt:8fe237954fd82ea4074adfe60c9596a6afc64371,8fe237954fd82ea4074adfe60c9596a6afc64371,/JSONXML.rpgle,https://github.com/NielsLiisberg/noxDB,github.com,1,0
swh:1:cnt:8fe7f84d5313cf36d81be439fdbde5606301673f,8fe7f84d5313cf36d81be439fdbde5606301673f,/chvalid.rpgle,https://github.com/gtechx/CScript,github.com,1,0
swh:1:cnt:8ff9d7d4d8223c4e4204c3babeee41e0d8240f55,8ff9d7d4d8223c4e4204c3babeee41e0d8240f55,/jh7msg200.rpgle,https://github.com/jasonkleinemas/hl7server,github.com,1,0
swh:1:cnt:900ea0042abc7192e2a9050cb3fe10ba207780f2,900ea0042abc7192e2a9050cb3fe10ba207780f2,/xpointer.rpgle,https://github.com/Nicholas-nops/MyBooks,github.com,0,1
swh:1:cnt:901474676c8f21e0e22dcb27231381bc86ac93e1,901474676c8f21e0e22dcb27231381bc86ac93e1,/constants.rpgle,https://github.com/angelorpa/rpg-bob-build-test,github.com,0,1
swh:1:cnt:9039b2cf60de0db9581a40daa8f8898b22ae8ad8,9039b2cf60de0db9581a40daa8f8898b22ae8ad8,/xml_config_provider.rpgle,https://bitbucket.org/m1hael/bluedroplet.git,bitbucket.org,0,1
swh:1:cnt:90e1fa7eeb3882fdb17993cc17320c90bb8f5452,90e1fa7eeb3882fdb17993cc17320c90bb8f5452,/BEGSR.rpgle,https://github.com/chrjorgensen/rpgleparser,github.com,1,0
swh:1:cnt:91133b5443bce76a3a7fcbd9914fb32c68ced3e3,91133b5443bce76a3a7fcbd9914fb32c68ced3e3,/define2.rpgle,https://github.com/chrjorgensen/rpgleparser,github.com,1,0
swh:1:cnt:918aafbe8a4ab478166fb1c1cdf8f43283b5493c,918aafbe8a4ab478166fb1c1cdf8f43283b5493c,/WORKDAYS.rpgle,https://github.com/MikeLarreal/TrashCode,github.com,0,1
swh:1:cnt:91e1af6e5c9a3f7c8a333afa69f3f8611b4c0184,91e1af6e5c9a3f7c8a333afa69f3f8611b4c0184,/runner.pgm.rpgle,https://github.com/IBM/sourceorbit,github.com,0,1
swh:1:cnt:91ffe99ee08fc2e2cf840187dcd67221f093645f,91ffe99ee08fc2e2cf840187dcd67221f093645f,/MUDRNRAPU00110.rpgle,https://github.com/smeup/jariko,github.com,1,0
swh:1:cnt:920b1f1f105db3dada5b6abd0fbfdd44075ef398,920b1f1f105db3dada5b6abd0fbfdd44075ef398,/25-icebreak-comment-with-link.rpgle,https://github.com/BezouwenR/rpglefmt,github.com,1,0
swh:1:cnt:9219553ab5968750459ee9d27e9d0a1f4837beb1,9219553ab5968750459ee9d27e9d0a1f4837beb1,/compile_time_arrays_2.rpgle,https://github.com/COG-GTM/rpg-examples,github.com,1,1
swh:1:cnt:921ec9ab0a5b76c5376a9540164a8159e59b352f,921ec9ab0a5b76c5376a9540164a8159e59b352f,/dmvscode.rpgle,https://github.com/MEYER12345/Nightjob,github.com,1,0
swh:1:cnt:922af2f181dc3c3bc293ea30a8b81950e088154f,922af2f181dc3c3bc293ea30a8b81950e088154f,/MUDRNRAPU001107_P.rpgle,https://github.com/smeup/jariko,github.com,1,0
swh:1:cnt:922f91d8d4c3fbb804738ee40b30a84f2ddab491,922f91d8d4c3fbb804738ee40b30a84f2ddab491,/ipkgactpur_h.rpgle,https://bitbucket.org/m1hael/ipkg.git,bitbucket.org,0,1
swh:1:cnt:924d2e747b4d4c2412d0b047d43b631112fbdc2d,924d2e747b4d4c2412d0b047d43b631112fbdc2d,/CHKEOW.rpgle,https://github.com/mylesieong/code_library,github.com,1,0
swh:1:cnt:926f2fa09902845cf17eea38db5c6cea9b9687b8,926f2fa09902845cf17eea38db5c6cea9b9687b8,/helloworld.rpgle,https://github.com/aliazami/rpgle,github.com,0,1
swh:1:cnt:9273cf573344a80558d7bd5900697f5c1a9dcaa4,9273cf573344a80558d7bd5900697f5c1a9dcaa4,/IMAPVW_H.rpgle,https://github.com/ITMentalist/Mailviewer,github.com,0,1
swh:1:cnt:92c911cb2f5c4ecfb3b0a9bbaaf50158bf37b976,92c911cb2f5c4ecfb3b0a9bbaaf50158bf37b976,/_Rformatp.rpgle,https://github.com/jsranko/si-ibm-apis,github.com,1,0
swh:1:cnt:92cc82813c4b22167ae0750c24735ad4ee68e8f8,92cc82813c4b22167ae0750c24735ad4ee68e8f8,/wslred.rpgle,https://github.com/inf1serg/iServices,github.com,1,0
swh:1:cnt:930f0476c932a8d6ebccdc68c750a9698469bce1,930f0476c932a8d6ebccdc68c750a9698469bce1,/test-fixed.rpgle,https://github.com/GajenderI/vscode-ibmi-languages,github.com,1,0
swh:1:cnt:93cb58a38b22bfca991fb1bc01601b74558fd1b7,93cb58a38b22bfca991fb1bc01601b74558fd1b7,/TTT.rpgle,https://github.com/Ranger8de/5250ttt,github.com,0,1
swh:1:cnt:93e2dc5eeffe4564ff826c46d03958194bbb4021,93e2dc5eeffe4564ff826c46d03958194bbb4021,/xmlexports.rpgle,https://github.com/cpravetz/meteor-typeahead,github.com,0,1
swh:1:cnt:946e7386fdbeb0fdbfbcc06bf33db5ac1b76a641,946e7386fdbeb0fdbfbcc06bf33db5ac1b76a641,/SUBARR.rpgle,https://github.com/smeup/jariko,github.com,1,0
swh:1:cnt:94d6a1fcb32c44e632b350c381d433e2e03eb1b5,94d6a1fcb32c44e632b350c381d433e2e03eb1b5,/bitand.rpgle,https://github.com/chrjorgensen/rpgleparser,github.com,1,0
swh:1:cnt:94dcfe871f7c8798f125704ad492782a0f898129,94dcfe871f7c8798f125704ad492782a0f898129,/SENDMAIL_H.rpgle,https://github.com/ITMentalist/ibmi-2,github.com,1,0
swh:1:cnt:94e5b83bf4fbb430dbba22cb77878719d9b7dc24,94e5b83bf4fbb430dbba22cb77878719d9b7dc24,/t053.rpgle,https://github.com/ITMentalist/-i5toolkit-code,github.com,1,0
swh:1:cnt:94fc25ed96f7f939cdeb76d5d5c762b721ee7244,94fc25ed96f7f939cdeb76d5d5c762b721ee7244,/SM_DOU.rpgle,https://github.com/smeup/jariko,github.com,1,0
swh:1:cnt:95152d396a4f735e3c1c68df1de048786884277d,95152d396a4f735e3c1c68df1de048786884277d,/CKOOL.rpgle,https://github.com/novy400/ckool,github.com,1,0
swh:1:cnt:951c834e34b87aa3bc626321455c579798cf0ffe,951c834e34b87aa3bc626321455c579798cf0ffe,/ipkgdb_h.rpgle,https://bitbucket.org/NielsLiisberg/ipkg.git,bitbucket.org,1,0
swh:1:cnt:952478a0e9c478711f9ae7e84e899a733e00cd03,952478a0e9c478711f9ae7e84e899a733e00cd03,/demo.rpgle,https://github.com/andlrc/dw,github.com,0,1
swh:1:cnt:954c4d969898a008303d91333fa65262964252da,954c4d969898a008303d91333fa65262964252da,/JD_002.rpgle,https://github.com/parodi-smeup/IOTSPI-JD002,github.com,0,1
swh:1:cnt:9577a371351ee6462e71f068d02ac8b737262c51,9577a371351ee6462e71f068d02ac8b737262c51,/HWYTOLLROG.rpgle,https://github.com/sutedel/BCI433,github.com,0,1
swh:1:cnt:95969d90a139128c63987a8298456a92410e931f,95969d90a139128c63987a8298456a92410e931f,/property.rpgle,https://github.com/BrianGarland/RPG-Properties,github.com,1,0
swh:1:cnt:9599cd07272589fb5c27d830c8af0d532888b974,9599cd07272589fb5c27d830c8af0d532888b974,/t044.rpgle,https://svn.code.sf.net/p/i5toolkit/code,svn.code.sf.net,1,0
swh:1:cnt:95dff2cbdb913e7471f2717a3c242d073b500192,95dff2cbdb913e7471f2717a3c242d073b500192,/cmi_prdlnk.rpgle,https://github.com/MEYER12345/Nightjob,github.com,0,1
swh:1:cnt:95f19ed00f7431e9b2d02883a0846b9254e0fb02,95f19ed00f7431e9b2d02883a0846b9254e0fb02,/xml4.rpgle,https://github.com/sitemule/noxDB,github.com,1,0
swh:1:cnt:95ffd4a7809c0192169f9bc6203c07f8fbcff902,95ffd4a7809c0192169f9bc6203c07f8fbcff902,/cbx969.rpgle,https://github.com/ChrisHird/CF_API,github.com,1,0
swh:1:cnt:9611d84f9a9474a189cdd8c390a5b90451506264,9611d84f9a9474a189cdd8c390a5b90451506264,/virt.rpgle,https://bitbucket.org/inext/vlang-rpg.git,bitbucket.org,1,0
swh:1:cnt:96149aa2fd6dd112c00f9696e3101207181639a7,96149aa2fd6dd112c00f9696e3101207181639a7,/EXTRCT.rpgle,https://github.com/JCErasmus/antlr4-rpgle,github.com,1,0
swh:1:cnt:9620dec12c851a3c2e46b3a7029cca501f4d5911,9620dec12c851a3c2e46b3a7029cca501f4d5911,/Codice operativo LOOKUP.rpgle,https://github.com/smeup/RPGInterpreterWeb,github.com,0,1
swh:1:cnt:969e1a98d6ed18c4e25d52c7fdb7b5fb6b556e32,969e1a98d6ed18c4e25d52c7fdb7b5fb6b556e32,/anli08r102.rpgle,https://github.com/RandyHH/cvt425,github.com,1,0
swh:1:cnt:96baae58c2acf7635830005eb927886f48e655b8,96baae58c2acf7635830005eb927886f48e655b8,/schematron.rpgle,https://github.com/QiubyZ/prebuilt-libxml2,github.com,0,1
swh:1:cnt:96d90a2f7540d2d3efbe4f7a146213f3ceea33ad,96d90a2f7540d2d3efbe4f7a146213f3ceea33ad,/prwase7.rpgle,https://github.com/inf1serg/iServices,github.com,1,0
swh:1:cnt:972ce7fa85057470c2cbe88a3b088e02c7c75f86,972ce7fa85057470c2cbe88a3b088e02c7c75f86,/t121.rpgle,https://svn.code.sf.net/p/i5toolkit/code,svn.code.sf.net,1,0
swh:1:cnt:973db3423fb8cc664cfd1581a8d450d03f87dcd8,973db3423fb8cc664cfd1581a8d450d03f87dcd8,/copy1.rpgle,https://github.com/Nerd400/vscode-rpgle,github.com,0,1
swh:1:cnt:975ca8b6499dc47748d26720e63e8a3088016b12,975ca8b6499dc47748d26720e63e8a3088016b12,/HTMLtree.rpgle,https://github.com/djp952/pvr.hdhomerundvr,github.com,1,0
swh:1:cnt:977920ac4d1d1d9186883e4c7e75320bea054865,977920ac4d1d1d9186883e4c7e75320bea054865,/JXTEST02.SQL-Insert-blob.rpgle,https://github.com/BrianGarland/noxDB,github.com,0,1
swh:1:cnt:979a66483c588f929fd22514f3349457bc29571c,979a66483c588f929fd22514f3349457bc29571c,/STRUCT_1C.rpgle,https://github.com/smeup/jariko,github.com,1,0
swh:1:cnt:97a72ee4d9518d0484d77e9dc3feaec197e2968b,97a72ee4d9518d0484d77e9dc3feaec197e2968b,/cbx9762.rpgle,https://github.com/ChrisHird/CF_API,github.com,1,0
swh:1:cnt:97b3a542e14730fd34a2e2197244e9b7b50afc20,97b3a542e14730fd34a2e2197244e9b7b50afc20,/myProgram.rpgle,https://gitlab.com/JDubbTX/FunWithBindingDirectories.git,gitlab.com,0,1
swh:1:cnt:97e29813250d3f152753d6311700f98d167a6397,97e29813250d3f152753d6311700f98d167a6397,/ipkgreqtr_h.rpgle,https://bitbucket.org/m1hael/ipkg.git,bitbucket.org,1,0
swh:1:cnt:97f1ded94342f3fbb109d7c621fd2f9fcc284924,97f1ded94342f3fbb109d7c621fd2f9fcc284924,/xmlTypesC.rpgle,https://github.com/IanChaves/Earth-Fight,github.com,0,1
swh:1:cnt:980e21acdb5cb8fd1ccf90cc5301b7315d9f4e0c,980e21acdb5cb8fd1ccf90cc5301b7315d9f4e0c,/json4.rpgle,https://github.com/NielsLiisberg/noxDB,github.com,1,0
swh:1:cnt:9814eac528405417036c9d1029774129b8f28c71,9814eac528405417036c9d1029774129b8f28c71,/MUTE15_08.rpgle,https://github.com/smeup/jariko,github.com,1,0
swh:1:cnt:9843d70153b76a725e50597f48066866f3e9a493,9843d70153b76a725e50597f48066866f3e9a493,/MUDRNRAPU001102.rpgle,https://github.com/smeup/jariko,github.com,1,0
swh:1:cnt:984a0dbe566f61c5bcbd0818697d7daf9788fd54,984a0dbe566f61c5bcbd0818697d7daf9788fd54,/prfd03mabk.rpgle,https://github.com/RandyHH/cvt425,github.com,1,0
swh:1:cnt:98aab751ea832e5b3d59c2ff51add6d70d1abfab,98aab751ea832e5b3d59c2ff51add6d70d1abfab,/jsonsql1.rpgle,https://github.com/ymurata1967/noxDB,github.com,1,0
swh:1:cnt:98be83ba9188076e7e8ad9c1a1bead0dd145c6bf,98be83ba9188076e7e8ad9c1a1bead0dd145c6bf,/gitbrn.rpgle,https://github.com/ruspl-afed/vscode-rpgle,github.com,0,1
swh:1:cnt:98e28e6d13f86fcea3db55f8574500c35cf677a8,98e28e6d13f86fcea3db55f8574500c35cf677a8,/TSTDS01.rpgle,https://github.com/smeup/jariko,github.com,1,0
swh:1:cnt:9913b390e2142a60c98759deebacd7ac05518aa4,9913b390e2142a60c98759deebacd7ac05518aa4,/klist1.rpgle,https://github.com/JCErasmus/antlr4-rpgle,github.com,1,0
swh:1:cnt:99189df8d69c979a547fa8eecc64c836922987ff,99189df8d69c979a547fa8eecc64c836922987ff,/STUAC001.rpgle,https://github.com/ishan86/IBMi_SMS,github.com,0,1
swh:1:cnt:997527b825491af88d388900af6092ddce0512d7,997527b825491af88d388900af6092ddce0512d7,/sampleCustomerProgram.rpgle,https://github.com/IBM/Tyrico-IBMi,github.com,0,1
swh:1:cnt:9986b9f8519734f71cea05b381f2f42a5478f755,9986b9f8519734f71cea05b381f2f42a5478f755,/hamela05.rpgle,https://github.com/Bhaskers-Blu-Org1/db2sock-ibmi,github.com,1,0
swh:1:cnt:99f173a1ff0e4c3d50e50b727ef5624ad3a5eb2d,99f173a1ff0e4c3d50e50b727ef5624ad3a5eb2d,/events01.rpgle,https://github.com/christianlarsen/events,github.com,1,0
swh:1:cnt:99f5abd4cd42140ba068ea1a88fca1dcbbf5d838,99f5abd4cd42140ba068ea1a88fca1dcbbf5d838,/ERROR53.rpgle,https://github.com/smeup/jariko,github.com,1,0
swh:1:cnt:9a111eed536e6f955000285af4cb2895a78efaf2,9a111eed536e6f955000285af4cb2895a78efaf2,/MUTE10_32.rpgle,https://github.com/smeup/jariko,github.com,1,0
swh:1:cnt:9a74696a46c8ecdc7f5ff61d5b2a563b86fcc194,9a74696a46c8ecdc7f5ff61d5b2a563b86fcc194,/TEST_ANUM.rpgle,https://github.com/RolandStrauss/IBMiUnit,github.com,1,0
swh:1:cnt:9acb0526542d631e5c318b830f3587299d6b7ece,9acb0526542d631e5c318b830f3587299d6b7ece,/coc026r201.rpgle,https://github.com/RandyHH/cvt425,github.com,1,0
swh:1:cnt:9adaf7897822ad0db600384387d7cd0a82f442b6,9adaf7897822ad0db600384387d7cd0a82f442b6,/helloworld.rpgle,https://github.com/worksofliam/cool-ile-sample,github.com,0,1
swh:1:cnt:9af903f1cc8fc85300b788c9fc7fcf1b8eee2288,9af903f1cc8fc85300b788c9fc7fcf1b8eee2288,/CONSTANTS.rpgle,https://github.com/BezouwenR/SND2ME,github.com,1,0
swh:1:cnt:9b484d6becc474defd5f88dc2a93cdbc92f8027b,9b484d6becc474defd5f88dc2a93cdbc92f8027b,/QMHRTVM.rpgle,https://github.com/BezouwenR/Mailviewer,github.com,1,0
swh:1:cnt:9b570e5dcaff23d324a7233ebe73f95ab12b00ce,9b570e5dcaff23d324a7233ebe73f95ab12b00ce,/MUTE19_02.rpgle,https://github.com/smeup/jariko,github.com,1,0
swh:1:cnt:9b8612cf0d6232ec0a1de8f3915a34c55a8145de,9b8612cf0d6232ec0a1de8f3915a34c55a8145de,/t027.rpgle,https://svn.code.sf.net/p/i5toolkit/code,svn.code.sf.net,1,0
swh:1:cnt:9b941db53f6e8829caeff6f85fc217f502401fe2,9b941db53f6e8829caeff6f85fc217f502401fe2,/JSONSQL05A.SQL-result-object-chain.rpgle,https://github.com/sitemule/noxDB,github.com,1,0
swh:1:cnt:9bb51d60d0c7d27b2000ce8c226cc35cd1cabe24,9bb51d60d0c7d27b2000ce8c226cc35cd1cabe24,/DO_TST04.rpgle,https://github.com/smeup/jariko,github.com,1,0
swh:1:cnt:9bf4852114b2bfba48835bf54080b9ff25c1d86c,9bf4852114b2bfba48835bf54080b9ff25c1d86c,/postclob.copy.rpgle,https://github.com/GajenderTyagi/rpg-webservice-boilerpolate,github.com,0,1
swh:1:cnt:9c033a95c0f9bdb73b7b1563a7b9ccf54caf606b,9c033a95c0f9bdb73b7b1563a7b9ccf54caf606b,/XTHREAD.rpgle,https://github.com/smeup/jariko,github.com,1,0
swh:1:cnt:9c03caea90df7fd425af7e0e8d526ae96c23340c,9c03caea90df7fd425af7e0e8d526ae96c23340c,/_Rreadncp.rpgle,https://github.com/jsranko/si-ibm-apis,github.com,1,0
swh:1:cnt:9c04b5a001c0f8728a37a6c9a6220e02b5d6e802,9c04b5a001c0f8728a37a6c9a6220e02b5d6e802,/helloWorld.rpgle,https://github.com/novy400/gestionErreur,github.com,1,0
swh:1:cnt:9c3b59c96c2c59a97052ec2f65fe454d73659878,9c3b59c96c2c59a97052ec2f65fe454d73659878,/jdbctest3.rpgle,https://github.com/chingi1024/RPG,github.com,1,0
swh:1:cnt:9c8ee799706011443a86527f6fe8c33741dd1582,9c8ee799706011443a86527f6fe8c33741dd1582,/XMLTST01B.XML-Test-xml-parser-UTF-8.rpgle,https://github.com/BrianGarland/noxDB,github.com,1,0
swh:1:cnt:9cab2c00d7754040e89e75f7185fd7875d7186a1,9cab2c00d7754040e89e75f7185fd7875d7186a1,/utcred_sc.rpgle,https://github.com/vamsi1258c/vamsim,github.com,1,0
swh:1:cnt:9d063245c5b81dcce8d98bc697b7da0d8f9ac171,9d063245c5b81dcce8d98bc697b7da0d8f9ac171,/libssh2_sftp.rpgle,https://git.h8u.de/Mirrors/libssh2.git,git.h8u.de,0,1
swh:1:cnt:9d2d1e02d946f14de15b7027cecaddc1367adb43,9d2d1e02d946f14de15b7027cecaddc1367adb43,/ipkgutil_h.rpgle,https://bitbucket.org/NielsLiisberg/ipkg.git,bitbucket.org,1,0
swh:1:cnt:9d5bfb481c64ad493dba65739b257461fdeadd78,9d5bfb481c64ad493dba65739b257461fdeadd78,/t010.rpgle,https://github.com/ITMentalist/-i5toolkit-code,github.com,1,0
swh:1:cnt:9d687a1b7e52805dad71d038f5c6c237ccdba712,9d687a1b7e52805dad71d038f5c6c237ccdba712,/MOVELSTR.rpgle,https://github.com/sanfilippo-smeup/jariko,github.com,1,0
swh:1:cnt:9dc79e8b2284969fcd115ed9739584e2c1f1c264,9dc79e8b2284969fcd115ed9739584e2c1f1c264,/test1.rpgle,https://github.com/szsascha/NetRPG,github.com,1,0
swh:1:cnt:9dd24297a2fa904d750b3904a3b95ef9b51bba33,9dd24297a2fa904d750b3904a3b95ef9b51bba33,/REALLOC.rpgle,https://github.com/bdietz400/OSSILE,github.com,0,1
swh:1:cnt:9df1bb82060ba8da657bf174a80923713683550c,9df1bb82060ba8da657bf174a80923713683550c,/calculate.pgm.rpgle,https://github.com/arora23saurabh/Sample,github.com,0,1
swh:1:cnt:9e34a2aadff5ac2d48b78583eabbd20d1e63ba52,9e34a2aadff5ac2d48b78583eabbd20d1e63ba52,/05-shadow.rpgle,https://github.com/andlrc/rpglelint,github.com,1,0
swh:1:cnt:9e3e1835163ae8f2633e98e739d0496ca2a6e4a9,9e3e1835163ae8f2633e98e739d0496ca2a6e4a9,/Tool0006.rpgle,https://github.com/TickMogne/IBMiTools,github.com,0,1
swh:1:cnt:9e3f6adbb8ca17ca52e20ccea76655c6e0a5194c,9e3f6adbb8ca17ca52e20ccea76655c6e0a5194c,/JSONXML.rpgle,https://github.com/sitemule/noxDB,github.com,1,0
swh:1:cnt:9e6d6f51cdb976d2ff1dd12970ce65e5e576b33e,9e6d6f51cdb976d2ff1dd12970ce65e5e576b33e,/SDS.rpgle,https://github.com/p-behr/irpgunit,github.com,1,0
swh:1:cnt:9e7568d1099a8e3427dcdb9d3a36fc28930c2c75,9e7568d1099a8e3427dcdb9d3a36fc28930c2c75,/logger_t.rpgle,https://bitbucket.org/m1hael/bluedroplet.git,bitbucket.org,1,0
swh:1:cnt:9eb5a8e66e5990a400e54c527977aaff04770417,9eb5a8e66e5990a400e54c527977aaff04770417,/rngrb.rpgle,https://bitbucket.org/m1hael/libtree.git,bitbucket.org,0,1
swh:1:cnt:9ebe96c8b507e155a2f07256130de2910cd009e3,9ebe96c8b507e155a2f07256130de2910cd009e3,/mypgm.pgm.rpgle,https://github.com/hutochi/ibmi-company_system,github.com,0,1
swh:1:cnt:9ec42b0aa4d6d6b4ff6b0b871ca3b6bb81b20beb,9ec42b0aa4d6d6b4ff6b0b871ca3b6bb81b20beb,/json7.rpgle,https://github.com/mortizma/noxDB,github.com,1,0
swh:1:cnt:9ec52c4e91db363754a72cbea75ab070c4ada835,9ec52c4e91db363754a72cbea75ab070c4ada835,/ALLEMP.rpgle,https://github.com/f-lombardo/rpgweb,github.com,0,1
swh:1:cnt:9eca9dda4b3e560818815061cdc250fd08662f6d,9eca9dda4b3e560818815061cdc250fd08662f6d,/DspUIMWdw.rpgle,https://github.com/prsbrc/Miscellaneous,github.com,1,0
swh:1:cnt:9eeae8ad45ea6f74d066048cffde86d9c128db7d,9eeae8ad45ea6f74d066048cffde86d9c128db7d,/testuept.rpgle,https://github.com/ITMentalist/-i5toolkit-code,github.com,1,0
swh:1:cnt:9eee76c1f8378b134186f298708701886eb3a332,9eee76c1f8378b134186f298708701886eb3a332,/EXAMPLE15.rpgle,https://github.com/icecreamville/httpapi,github.com,1,0
swh:1:cnt:9f03d7754734e2598c128ac2c2651b1e0765adfe,9f03d7754734e2598c128ac2c2651b1e0765adfe,/pr12.rpgle,https://github.com/patriciocostilla/rpg-course,github.com,0,1
swh:1:cnt:9f113676e07b400c675b51569273e4096aac0ea5,9f113676e07b400c675b51569273e4096aac0ea5,/CUSENQ.rpgle,https://github.com/sapphireapplication/SapphireDiag,github.com,1,0
swh:1:cnt:9f3eb27d6ccc045ab8cd31c8f9571a60e60b251a,9f3eb27d6ccc045ab8cd31c8f9571a60e60b251a,/£B£UT67DS.rpgle,https://github.com/smeup/jariko,github.com,1,0
swh:1:cnt:9f6608a9f2ee67626c64cc872994936fcc66864c,9f6608a9f2ee67626c64cc872994936fcc66864c,/RETURN.rpgle,https://github.com/JCErasmus/antlr4-rpgle,github.com,1,0
swh:1:cnt:9f71eb3f6aa8fa3f32574c46c72baf98445ce857,9f71eb3f6aa8fa3f32574c46c72baf98445ce857,/MUDRNRAPU00146.rpgle,https://github.com/smeup/jariko,github.com,1,0
swh:1:cnt:9fa63e2ebffb01850ab8766519b547e5d466c9c4,9fa63e2ebffb01850ab8766519b547e5d466c9c4,/t014.rpgle,https://svn.code.sf.net/p/i5toolkit/code,svn.code.sf.net,1,0
swh:1:cnt:a06958242a0f2c49626339472a9b6405c3d35d42,a06958242a0f2c49626339472a9b6405c3d35d42,/zzcall.rpgle,https://github.com/IBM/xmlservice,github.com,1,0
swh:1:cnt:a0acf4c4f11ed0533b660b514860fb0324c84145,a0acf4c4f11ed0533b660b514860fb0324c84145,/joblog.rpgle,https://github.com/NielsLiisberg/RPG-vsCode-Getting-Started,github.com,0,1
swh:1:cnt:a0c5005fe3e0d6a7f32d22d8ea8c4ce09a98019d,a0c5005fe3e0d6a7f32d22d8ea8c4ce09a98019d,/events01.rpgle,https://github.com/christianlarsen/events,github.com,1,0
swh:1:cnt:a0d40e6458c6da5c93ff9340a25955ffadd46776,a0d40e6458c6da5c93ff9340a25955ffadd46776,/pluglic_h.rpgle,https://github.com/ITMentalist/xmlservice-1,github.com,1,0
swh:1:cnt:a0ecd90bbb8c9d4a0415c07e89c9f08686f4a3f8,a0ecd90bbb8c9d4a0415c07e89c9f08686f4a3f8,/hello.rpgle,https://github.com/yudimdx/popcornmakerswebsite,github.com,0,1
swh:1:cnt:a161fde3b7158f1759ff90bd65e7469a9eb8d26e,a161fde3b7158f1759ff90bd65e7469a9eb8d26e,/ISBNResolv.rpgle,https://github.com/TaskForceIT/COMMON-Mai-2020,github.com,0,1
swh:1:cnt:a1673a5608eb04fd6972dd08ea92177655b4e328,a1673a5608eb04fd6972dd08ea92177655b4e328,/spvfac.rpgle,https://github.com/inf1serg/iServices,github.com,1,0
swh:1:cnt:a1a19c7ffb9f7002dd22795c49fa24426bdf6c02,a1a19c7ffb9f7002dd22795c49fa24426bdf6c02,/MUTE10_05A.rpgle,https://github.com/smeup/jariko,github.com,1,0
swh:1:cnt:a1ed245b02f65c3b0830615482bbf4787e2c3110,a1ed245b02f65c3b0830615482bbf4787e2c3110,/tlsuse.rpgle,https://bitbucket.org/m1hael/threadlocal.git,bitbucket.org,0,1
swh:1:cnt:a242c4d97b74b462c60903f1bc4b83fbfcf86f06,a242c4d97b74b462c60903f1bc4b83fbfcf86f06,/BBSADNUDFR.pgm.rpgle,https://github.com/bmarolleau/BBS400,github.com,0,1
swh:1:cnt:a256fa681d9edc7ee986d148c971d0daf5589b12,a256fa681d9edc7ee986d148c971d0daf5589b12,/bif_triml.rpgle,https://github.com/Parveen-as400/NetRPG,github.com,1,0
swh:1:cnt:a2689b19b163476e566015218773a1b9a5b8b118,a2689b19b163476e566015218773a1b9a5b8b118,/ez1srv.rpgle,https://bitbucket.org/inext/newsample.git,bitbucket.org,0,1
swh:1:cnt:a26c5e3110d1cf85ca1e4471743d6d2e4203008f,a26c5e3110d1cf85ca1e4471743d6d2e4203008f,/pgm001.rpgle,https://github.com/Faq400Git/ITPASS_14052022,github.com,0,1
swh:1:cnt:a32077c01ddbe2d072cb8842eef8ce988de12905,a32077c01ddbe2d072cb8842eef8ce988de12905,/getModules.rpgle,https://github.com/WmARapp/sandbox,github.com,1,0
swh:1:cnt:a34eed209d51976911ea2e235c460422b0b654dc,a34eed209d51976911ea2e235c460422b0b654dc,/weathersto.rpgle,https://bitbucket.org/m1hael/weather.git,bitbucket.org,0,1
swh:1:cnt:a36a642156de8fe4da366d7638c1d4800caeaa1a,a36a642156de8fe4da366d7638c1d4800caeaa1a,/CHGOBJDRG.rpgle,https://github.com/prsbrc/Miscellaneous,github.com,1,0
swh:1:cnt:a3b9f310d3df142bc2799b99e23c4f3d2880a41f,a3b9f310d3df142bc2799b99e23c4f3d2880a41f,/eof.rpgle,https://github.com/tools400/rpgleparser,github.com,0,1
swh:1:cnt:a406e214e4441ea4cfa8224d21f4c02bd1b7bfaf,a406e214e4441ea4cfa8224d21f4c02bd1b7bfaf,/SIMPLE_TELEMETRY_SPAN.rpgle,https://github.com/smeup/jariko,github.com,1,0
swh:1:cnt:a40d92576e1dc16836ce4fa7a7b9b4279327c214,a40d92576e1dc16836ce4fa7a7b9b4279327c214,/lutilex1.rpgle,https://bitbucket.org/m1hael/llist.git,bitbucket.org,0,1
swh:1:cnt:a4c393f7125a48745bde794c68aee7e46c37d26c,a4c393f7125a48745bde794c68aee7e46c37d26c,/testrpgle.rpgle,https://github.com/GlennCl/TESTGIT,github.com,0,1
swh:1:cnt:a4cf01a852b3111308dfc739d6d4fd2b26514047,a4cf01a852b3111308dfc739d6d4fd2b26514047,/JD_001B.rpgle,https://github.com/parodi-smeup/WSCSPI-JD001,github.com,0,1
swh:1:cnt:a510055f71a4c9b7f779cc3ba89e8214d8a3b74c,a510055f71a4c9b7f779cc3ba89e8214d8a3b74c,/Postgresf.rpgle,https://github.com/anand-khekale/PostgreSQL-IBMi,github.com,0,1
swh:1:cnt:a554e0a2083059d215d40d9ebae7cd873cb9e106,a554e0a2083059d215d40d9ebae7cd873cb9e106,/20-custom-shiftwidth.rpgle,https://github.com/BezouwenR/rpglefmt,github.com,1,0
swh:1:cnt:a55d1c9ef8120e0de762e6e4e54b2ad3d419e4e5,a55d1c9ef8120e0de762e6e4e54b2ad3d419e4e5,/git.rpgle,https://github.com/ruspl-afed/vscode-rpgle,github.com,1,0
swh:1:cnt:a55d7c84ff189d0f85cb2095c12c6a9a79837ec9,a55d7c84ff189d0f85cb2095c12c6a9a79837ec9,/zzcall.rpgle,https://github.com/IBM/nodejs-itoolkit,github.com,0,1
swh:1:cnt:a56ab08d626b29da928775d457d371cf1c3cdbb9,a56ab08d626b29da928775d457d371cf1c3cdbb9,/demo02.rpgle,https://github.com/ExpatPaul/ILEastic,github.com,1,0
swh:1:cnt:a5722c1f1c6bd618de3b6c317df6cf57945e19b7,a5722c1f1c6bd618de3b6c317df6cf57945e19b7,/printer.rpgle,https://github.com/JDubbTX/IBMiExamples,github.com,0,1
swh:1:cnt:a6272e793239083facb0f34e24c49347ca859715,a6272e793239083facb0f34e24c49347ca859715,/CUSTMNT1_2.rpgle,https://github.com/sapphireapplication/SapphireDiag,github.com,0,1
swh:1:cnt:a6520086f7134d4adf397a4f7be2d83053cf6e3e,a6520086f7134d4adf397a4f7be2d83053cf6e3e,/data.rpgle,https://github.com/petterjohansson/ILEusion,github.com,1,0
swh:1:cnt:a68cfd5ce0c2cf69c1cd1fa411e3631183afbc12,a68cfd5ce0c2cf69c1cd1fa411e3631183afbc12,/getsrvpgm.rpgle,https://github.com/WmARapp/sandbox,github.com,1,0
swh:1:cnt:a6b484fb6aef336365908091afe40fb80f211747,a6b484fb6aef336365908091afe40fb80f211747,/spvtcr.rpgle,https://github.com/inf1serg/iServices,github.com,1,0
swh:1:cnt:a6bab225dd0cfc499e37adc118114928de35bb7e,a6bab225dd0cfc499e37adc118114928de35bb7e,/MUDRNRAPU00153.rpgle,https://github.com/smeup/jariko,github.com,0,1
swh:1:cnt:a6d877ac7f4849d4513a4657b35399a497a9f4b5,a6d877ac7f4849d4513a4657b35399a497a9f4b5,/base64r4.rpgle,https://github.com/RelicPackages/base64,github.com,1,0
swh:1:cnt:a7127676e0feb7438191ca4d8845989543fa140b,a7127676e0feb7438191ca4d8845989543fa140b,/noxdbJSON.rpgle,https://github.com/ymurata1967/noxDB,github.com,1,0
swh:1:cnt:a74b52563dc8daca59d8ac385da75d7dd124721d,a74b52563dc8daca59d8ac385da75d7dd124721d,/ileusion.rpgle,https://github.com/petterjohansson/ILEusion,github.com,1,0
swh:1:cnt:a74f665e958fdd192937dfc1c84df23e5b5e0250,a74f665e958fdd192937dfc1c84df23e5b5e0250,/qsyusrin_h.rpgle,https://github.com/inf1serg/DevtoosAS400,github.com,1,0
swh:1:cnt:a78b2d86b42fd1cabc074e1e2af3cdb4091c2ca1,a78b2d86b42fd1cabc074e1e2af3cdb4091c2ca1,/JSONPARS8C.JSON-locate-lookup-nested-2.rpgle,https://github.com/BrianGarland/noxDB,github.com,1,0
swh:1:cnt:a7e63a5e7edcb694a71a2f58d4f7588b2363990c,a7e63a5e7edcb694a71a2f58d4f7588b2363990c,/jwt_h.rpgle,https://github.com/cgvenu/ILEastic,github.com,0,1
swh:1:cnt:a7fc756a8efac23e5242a78ae5e08935b10c7fe9,a7fc756a8efac23e5242a78ae5e08935b10c7fe9,/req01prot.rpgle,https://github.com/ridgehudson19/AS400Apps,github.com,0,1
swh:1:cnt:a8a4ad00b86b1c5fef785a1c972420c073a53440,a8a4ad00b86b1c5fef785a1c972420c073a53440,/hellopgm.rpgle,https://github.com/sitemule/noxDB,github.com,1,0
swh:1:cnt:a8aa2cc9715144c44a566d4291ff84ff56bf8b0b,a8aa2cc9715144c44a566d4291ff84ff56bf8b0b,/MUTE10_39.rpgle,https://github.com/smeup/jariko,github.com,1,0
swh:1:cnt:a8e0df3e94b218fc8c7f081f05d5a37f1881b75f,a8e0df3e94b218fc8c7f081f05d5a37f1881b75f,/payrollffg.rpgle,https://github.com/ThePrez/rselab,github.com,0,1
swh:1:cnt:a9764242eaf457104dfd6aa5a668cc3b76ac8fb3,a9764242eaf457104dfd6aa5a668cc3b76ac8fb3,/dayfuncts.rpgle,https://github.com/Alon32145/bci433,github.com,1,0
swh:1:cnt:a9b2d577dc0f965b2ed8bc22dc3301f8a03b0638,a9b2d577dc0f965b2ed8bc22dc3301f8a03b0638,/xpath.rpgle,https://github.com/fiz1962/libonvif-sr99622,github.com,0,1
swh:1:cnt:aa64fec85917058d0550fa921a0dcbc0d829986d,aa64fec85917058d0550fa921a0dcbc0d829986d,/MUDRNRAPU00185.rpgle,https://github.com/smeup/jariko,github.com,1,0
swh:1:cnt:aac876600c6cb9fbe4bf485bd92ded4055afa691,aac876600c6cb9fbe4bf485bd92ded4055afa691,/CKOOL.rpgle,https://github.com/Plberthoin/ckool,github.com,0,1
swh:1:cnt:aaf1d3b52bb7685416ddde4b3b625d300d5b88ed,aaf1d3b52bb7685416ddde4b3b625d300d5b88ed,/iledutil.rpgle,https://svn.code.sf.net/p/iledocs/code,svn.code.sf.net,1,0
swh:1:cnt:ab2e884c72ddee59b37d13d9d21eac124ef07c7b,ab2e884c72ddee59b37d13d9d21eac124ef07c7b,/zzchinap.rpgle,https://github.com/ITMentalist/xmlservice-1,github.com,1,0
swh:1:cnt:ab355e39d696771662532b63be3558b8bc14d762,ab355e39d696771662532b63be3558b8bc14d762,/_Rupdatep.rpgle,https://github.com/jsranko/si-ibm-apis,github.com,1,0
swh:1:cnt:ab4821ce8d69f50fe15036304bb1c3983cbb4ec7,ab4821ce8d69f50fe15036304bb1c3983cbb4ec7,/MUDRNRAPU001107.rpgle,https://github.com/smeup/jariko,github.com,1,0
swh:1:cnt:ab564c27e951fab5d770b4fe6f0e749c2adcf866,ab564c27e951fab5d770b4fe6f0e749c2adcf866,/80.rpgle,https://github.com/github-linguist/linguist,github.com,1,0
swh:1:cnt:ab69b9249e20b4e67511472af0179889c905caeb,ab69b9249e20b4e67511472af0179889c905caeb,/fkeys.rpgle,https://github.com/bobcozzi/wrkusr,github.com,1,1
swh:1:cnt:abac229620c88b30d296d6e2bf0802d57ea54d10,abac229620c88b30d296d6e2bf0802d57ea54d10,/JSONPARS6Z.JSON-Set-parse-value-merge.rpgle,https://github.com/BrianGarland/noxDB,github.com,1,0
swh:1:cnt:abda13375ef891acfbb43c26520a80c37d7e2e80,abda13375ef891acfbb43c26520a80c37d7e2e80,/proc1.rpgle,https://github.com/rpgleparser/rpgleparser,github.com,1,0
swh:1:cnt:abdc098048ea543b4763a81058652f132eb72b40,abdc098048ea543b4763a81058652f132eb72b40,/ind3.rpgle,https://github.com/Parveen-as400/NetRPG,github.com,1,0
swh:1:cnt:abdd7c080fa4af3b9ee85166dc5c4a66410dc33a,abdd7c080fa4af3b9ee85166dc5c4a66410dc33a,/RDIBANK.rpgle,https://github.com/DjDhawan/RDI-project,github.com,0,1
swh:1:cnt:ac1025d0d8c172ee2ff01e8dfbf24dd7dabfcb2c,ac1025d0d8c172ee2ff01e8dfbf24dd7dabfcb2c,/MOVEAPNBR.rpgle,https://github.com/smeup/jariko,github.com,1,0
swh:1:cnt:ac102a92826918bddd607303138177813a530532,ac102a92826918bddd607303138177813a530532,/T10_A45_P06.rpgle,https://github.com/smeup/jariko,github.com,1,0
swh:1:cnt:ac1df9d8b8f041a44e02f91a828875474c8dba69,ac1df9d8b8f041a44e02f91a828875474c8dba69,/INI3102A.rpgle,https://github.com/rainierio/IBM-i-Series-source,github.com,0,1
swh:1:cnt:aca68cf9be7118ae1182346adf20fc644849f334,aca68cf9be7118ae1182346adf20fc644849f334,/PROJECT_LANG_1.rpgle,https://github.com/A-Why-not-fork-repositories-Good-Luck/Git-Templates,github.com,0,1
swh:1:cnt:acee25f9aee10010af635a8c4e424f03f70bb25d,acee25f9aee10010af635a8c4e424f03f70bb25d,/BBSUSROPTR.rpgle,https://github.com/dasta400/BBS400,github.com,0,1
swh:1:cnt:ad0332b109322f58d398513da434f566b0f71771,ad0332b109322f58d398513da434f566b0f71771,/JSONXML.rpgle,https://bitbucket.org/m1hael/iledocs-page-builder.git,bitbucket.org,0,1
swh:1:cnt:ad3ad6e173782967c0de12534ebf582f76a84260,ad3ad6e173782967c0de12534ebf582f76a84260,/ejemploInputOutput.rpgle,https://github.com/juan11de14/capacitacionIWS,github.com,1,0
swh:1:cnt:ada01d9fd56fba75727ecaaa8874ed688312619d,ada01d9fd56fba75727ecaaa8874ed688312619d,/MUTE10_04_A.rpgle,https://github.com/BezouwenR/jariko,github.com,1,0
swh:1:cnt:adfea921ef00367f583a75931b800e9ad01ecd4f,adfea921ef00367f583a75931b800e9ad01ecd4f,/DOCBparser.rpgle,https://github.com/djp952/pvr.hdhomerundvr,github.com,1,0
swh:1:cnt:ae4bbe8ed3ba1f226b189759874381ea88f944f6,ae4bbe8ed3ba1f226b189759874381ea88f944f6,/JSONSQL30B.SQL-Call-stored-procedure-with-nox-nodes.rpgle,https://github.com/sitemule/noxDB,github.com,1,0
swh:1:cnt:ae4e73c4969d7deb92ff24f8819d3f48894973d9,ae4e73c4969d7deb92ff24f8819d3f48894973d9,/bif_replace.rpgle,https://github.com/Parveen-as400/NetRPG,github.com,1,0
swh:1:cnt:ae539ee1e66d7ffdc3585c2eb1e7ab4cdf25837c,ae539ee1e66d7ffdc3585c2eb1e7ab4cdf25837c,/procusingwithblankparmnames.rpgle,https://github.com/JCErasmus/antlr4-rpgle,github.com,1,0
swh:1:cnt:aed85ee56c87288ee9398457977dd42d52e23e3c,aed85ee56c87288ee9398457977dd42d52e23e3c,/zzjava2.rpgle,https://github.com/ITMentalist/xmlservice-1,github.com,1,0
swh:1:cnt:af08262eb038f875b99ff96358a7c9b06074c691,af08262eb038f875b99ff96358a7c9b06074c691,/BNK_TFRR.rpgle,https://github.com/ITMentalist/ibmi-2,github.com,1,0
swh:1:cnt:af0c22146f1cb0dbc2125f268f2cc942f7d7ef40,af0c22146f1cb0dbc2125f268f2cc942f7d7ef40,/demo.rpgle,https://github.com/andlrc/rpgle.vim,github.com,0,1
swh:1:cnt:af12004dcf7240409615033af3e221e7d1711ebb,af12004dcf7240409615033af3e221e7d1711ebb,/wsrp11.rpgle,https://github.com/inf1serg/iServices,github.com,1,0
swh:1:cnt:af414d4458e018b01f25772db5464a92ab4a7528,af414d4458e018b01f25772db5464a92ab4a7528,/expression1.rpgle,https://github.com/rpgleparser/rpgleparser,github.com,1,0
swh:1:cnt:af8c89395c8da3405095aa3a68260868f8ae9ffd,af8c89395c8da3405095aa3a68260868f8ae9ffd,/migsrcpf.rpgle,https://github.com/RolandStrauss/migrate,github.com,0,1
swh:1:cnt:af94969ae2874c3bddb982eb311cb79c9906b8a0,af94969ae2874c3bddb982eb311cb79c9906b8a0,/cow311.rpgle,https://github.com/inf1serg/iServices,github.com,1,0
swh:1:cnt:b037ac3f039363a47cdb69e28eedf57b4e4355ba,b037ac3f039363a47cdb69e28eedf57b4e4355ba,/stdio_h.rpgle,https://github.com/taskforce-it/isphere,github.com,0,1
swh:1:cnt:b039232b92dab7285d586d133549ea0c5092c2ff,b039232b92dab7285d586d133549ea0c5092c2ff,/JSONSQL21I.SQL-Insert-clobs-lgt.rpgle,https://github.com/BrianGarland/noxDB,github.com,1,0
swh:1:cnt:b044abd5917fd90ff2d9a5cffeedaa593f0a9aba,b044abd5917fd90ff2d9a5cffeedaa593f0a9aba,/tsticonv.rpgle,https://github.com/pierrickrouxel/rpg-converter,github.com,1,0
swh:1:cnt:b055f64a31c038720140eb80d489ab65f0849733,b055f64a31c038720140eb80d489ab65f0849733,/qtvapi_h.rpgle,https://github.com/ITMentalist/klement_rpg_copybooks,github.com,0,1
swh:1:cnt:b0604435d445b508cadfd08f3fce55af1e71a00c,b0604435d445b508cadfd08f3fce55af1e71a00c,/sys.rpgle,https://github.com/zenovalle/zenutils,github.com,0,1
swh:1:cnt:b066b5a8ef5a063795ae37ec677fb4e53ca6104c,b066b5a8ef5a063795ae37ec677fb4e53ca6104c,/RPG-IV.rpgle,https://github.com/Komeyl94/FuckYouGithub,github.com,1,1
swh:1:cnt:b0d33064928cc5493736fb0f15d0655680ebb2fe,b0d33064928cc5493736fb0f15d0655680ebb2fe,/DCONST.rpgle,https://github.com/smeup/jariko,github.com,1,0
swh:1:cnt:b0f664d106fa935155aa659788bc611dc9920aca,b0f664d106fa935155aa659788bc611dc9920aca,/bif_elem1.rpgle,https://github.com/Parveen-as400/NetRPG,github.com,1,0
swh:1:cnt:b108f58086d710e5e8f83c2eb5ee297880801e7d,b108f58086d710e5e8f83c2eb5ee297880801e7d,/zzcall.rpgle,https://github.com/mirageeeeee/devopsserv,github.com,0,1
swh:1:cnt:b123da4d782bcee87e6a6cf4331d6d5643bf97f2,b123da4d782bcee87e6a6cf4331d6d5643bf97f2,/JD_003_full.rpgle,https://github.com/BezouwenR/jariko,github.com,1,0
swh:1:cnt:b132586f43034500ebad2b3bf247fd95b8688855,b132586f43034500ebad2b3bf247fd95b8688855,/wsrp15.rpgle,https://github.com/inf1serg/iServices,github.com,1,0
swh:1:cnt:b13c5a364946cb04692d356c68b2fceaebe21aec,b13c5a364946cb04692d356c68b2fceaebe21aec,/service.rpgle,https://bitbucket.org/m1hael/bluedroplet.git,bitbucket.org,1,0
swh:1:cnt:b15eeaf2dbb66ba7711e3ea3e4951a3fce029af3,b15eeaf2dbb66ba7711e3ea3e4951a3fce029af3,/XMLPARSER.rpgle,https://github.com/sitemule/noxDB,github.com,1,0
swh:1:cnt:b160b9e772642a000d6e53502d0cb3fdefd806ec,b160b9e772642a000d6e53502d0cb3fdefd806ec,/KEYSAFE_H.rpgle,https://github.com/BezouwenR/KEYSAFE,github.com,1,0
swh:1:cnt:b1a963b1f9df20e86cb13fa9314c56038e4a1a40,b1a963b1f9df20e86cb13fa9314c56038e4a1a40,/T10_A45_P05.rpgle,https://github.com/smeup/jariko,github.com,1,0
swh:1:cnt:b1ab8ac9eebfd4955009835a90a8ab35f4d78ad6,b1ab8ac9eebfd4955009835a90a8ab35f4d78ad6,/FFAR0040.rpgle,https://github.com/Devlgallardo9/PruebaRPG,github.com,1,1
swh:1:cnt:b22af96b5d23e0c9eb3e168ff47072014c5728b7,b22af96b5d23e0c9eb3e168ff47072014c5728b7,/EMPBYDEPT.rpgle,https://github.com/f-lombardo/rpgweb,github.com,1,0
swh:1:cnt:b24d2561c024caefeec3e3019be477e8fcbdc35c,b24d2561c024caefeec3e3019be477e8fcbdc35c,/SETUSR_H.rpgle,https://github.com/ITMentalist/SendObjects-IBMi,github.com,1,0
swh:1:cnt:b2627933086a38d25fd77f17b79ac47c8699efbb,b2627933086a38d25fd77f17b79ac47c8699efbb,/udf_qdbrtvfd.rpgle,https://github.com/kjbucknum/QDBRTVFD_UDF,github.com,0,1
swh:1:cnt:b27ba38a46747315a6b50d61c6b77999625bbf2e,b27ba38a46747315a6b50d61c6b77999625bbf2e,/mtom0100.rpgle,https://github.com/zenovalle/zenexmpl,github.com,0,1
swh:1:cnt:b2a52ba796a171f7ebf6176c97e9388ec3144778,b2a52ba796a171f7ebf6176c97e9388ec3144778,/ibtr10mao1.rpgle,https://github.com/RandyHH/cvt425,github.com,1,0
swh:1:cnt:b2a90de88dfc7a67ebaf1db92ac930558b370f2d,b2a90de88dfc7a67ebaf1db92ac930558b370f2d,/ileastic.rpgle,https://github.com/sitemule/ILEastic,github.com,1,0
swh:1:cnt:b2b4752092e7116f4c76106bbd20da1a23bd6095,b2b4752092e7116f4c76106bbd20da1a23bd6095,/ORDSTSTRG.rpgle,https://github.com/infoviewsystems/edidemos,github.com,0,1
swh:1:cnt:b312e2ea5df0ee493c281e779e7252d308c28f5a,b312e2ea5df0ee493c281e779e7252d308c28f5a,/FREE_HELLO.rpgle,https://github.com/smeup/jariko,github.com,1,0
swh:1:cnt:b33e273b6baacd73898c59c4bcb2b70f84cc8994,b33e273b6baacd73898c59c4bcb2b70f84cc8994,/MUTE01_02.rpgle,https://github.com/BezouwenR/jariko,github.com,1,0
swh:1:cnt:b371fd0b05fac688f399fc65617b8247b254f069,b371fd0b05fac688f399fc65617b8247b254f069,/JSONSQL03.SQL-produce-a-JSON-file.rpgle,https://github.com/BrianGarland/noxDB,github.com,1,0
swh:1:cnt:b3b679afc0774a0f4ada7aabbb211c780721a27d,b3b679afc0774a0f4ada7aabbb211c780721a27d,/t115.rpgle,https://github.com/ITMentalist/junleili-i5toolkit,github.com,1,0
swh:1:cnt:b3c4a1d32568f752fd0295d098871ac28068a5d9,b3c4a1d32568f752fd0295d098871ac28068a5d9,/CLNOUTQR.rpgle,https://github.com/dasta400/clnoutq,github.com,0,1
swh:1:cnt:b41a34abd211e397485553f1a96afc94610944af,b41a34abd211e397485553f1a96afc94610944af,/ispec2.rpgle,https://github.com/chrjorgensen/rpgleparser,github.com,1,0
swh:1:cnt:b4996bc6a88dbf4d561ab2df99980ccf4053cc1d,b4996bc6a88dbf4d561ab2df99980ccf4053cc1d,/xexecppc2.rpgle,https://github.com/Bernard85/xExec,github.com,0,1
swh:1:cnt:b4b1380469641de4e81cc9bd9cb62f5cca0b10a8,b4b1380469641de4e81cc9bd9cb62f5cca0b10a8,/USR402V.rpgle,https://github.com/ushiday/imag-0002,github.com,0,1
swh:1:cnt:b51655c1ac5e379f7567495fffa574a3f17ddbc9,b51655c1ac5e379f7567495fffa574a3f17ddbc9,/ac0289r1.rpgle,https://github.com/RandyHH/cvt425,github.com,1,0
swh:1:cnt:b575370423a0da155aa57d3597cb768bfa9e044b,b575370423a0da155aa57d3597cb768bfa9e044b,/T_BASE64R.rpgle,https://github.com/ITMentalist/ibmi-2,github.com,1,0
swh:1:cnt:b5ebd63c07fa8a8a25cc79db44e938085f3c50fc,b5ebd63c07fa8a8a25cc79db44e938085f3c50fc,/CLCEAP.rpgle,https://github.com/prsbrc/Miscellaneous,github.com,1,0
swh:1:cnt:b622c2067451366aec439512e7a5c90391838faa,b622c2067451366aec439512e7a5c90391838faa,/MUTE10_07A.rpgle,https://github.com/sanfilippo-smeup/jariko,github.com,1,0
swh:1:cnt:b68c408035b5851aaf0b640642c67b6320b5e3d4,b68c408035b5851aaf0b640642c67b6320b5e3d4,/JSONPARSER.rpgle,https://github.com/sitemule/noxDB,github.com,1,0
swh:1:cnt:b6911d49dcd388201f71b0a67a54ca8535a03fe5,b6911d49dcd388201f71b0a67a54ca8535a03fe5,/staticfil3.rpgle,https://github.com/sitemule/ILEastic,github.com,1,0
swh:1:cnt:b695177b0fd3b8c5e5db674fb2e56517df6fb0c9,b695177b0fd3b8c5e5db674fb2e56517df6fb0c9,/MUTE10_07A.rpgle,https://github.com/sanfilippo-smeup/jariko,github.com,1,0
swh:1:cnt:b6bf18e58c65226d3f4ef92e95dc9651807867bf,b6bf18e58c65226d3f4ef92e95dc9651807867bf,/JSONSQL20A.SQL-Update-using-object.rpgle,https://github.com/BrianGarland/noxDB,github.com,1,0
swh:1:cnt:b6e32dad557acc66f19ad77c6661f32920539257,b6e32dad557acc66f19ad77c6661f32920539257,/ejemplo1.rpgle,https://github.com/juan11de14/capacitacionIWS,github.com,0,1
swh:1:cnt:b6fe2430c8025711c12c199b5deb72e934f69c9f,b6fe2430c8025711c12c199b5deb72e934f69c9f,/COMMSSLR4.rpgle,https://github.com/icecreamville/httpapi,github.com,0,1
swh:1:cnt:b701e1868db709fe85418d1676e8dc70b14f30ad,b701e1868db709fe85418d1676e8dc70b14f30ad,/JSONSQL05A.SQL-result-object-chain.rpgle,https://github.com/sitemule/noxDB,github.com,1,0
swh:1:cnt:b733f70be1a6c4e554eb530317a176edf18d7cfd,b733f70be1a6c4e554eb530317a176edf18d7cfd,/wsptre.rpgle,https://github.com/inf1serg/iServices,github.com,1,0
swh:1:cnt:b7a91b6308008391d8ec27b6f774fa25b0fbc64f,b7a91b6308008391d8ec27b6f774fa25b0fbc64f,/rpgpgm.rpgle,https://github.com/GajenderI/iService-ibmi,github.com,0,1
swh:1:cnt:b82450042f599dabeb53b2366509f59b8d7002e0,b82450042f599dabeb53b2366509f59b8d7002e0,/second.rpgle,https://github.com/sreenath1209/testing-rpgle,github.com,0,1
swh:1:cnt:b848edfbcf1ff4cd6ffba565b0fe11db16ff9f80,b848edfbcf1ff4cd6ffba565b0fe11db16ff9f80,/signon.rpgle,https://github.com/Parveen-as400/NetRPG,github.com,1,0
swh:1:cnt:b86ea95c8dc14889fee7b8177a22384b8adac952,b86ea95c8dc14889fee7b8177a22384b8adac952,/crtfrmstmf.rpgle,https://bitbucket.org/chrjorgensen/crtfrmstmf.git,bitbucket.org,0,1
swh:1:cnt:b873c4ca893b5bb910449bc0e6dc64c1a199a66d,b873c4ca893b5bb910449bc0e6dc64c1a199a66d,/message_h.rpgle,https://bitbucket.org/m1hael/message.git,bitbucket.org,0,1
swh:1:cnt:b890675535bc7ecea0b322b58b58f1fc342621a6,b890675535bc7ecea0b322b58b58f1fc342621a6,/base64ut.rpgle,https://github.com/ymurata1967/ILEastic,github.com,0,1
swh:1:cnt:b8cabee046ed149e6d800e793299cb070ec48fbc,b8cabee046ed149e6d800e793299cb070ec48fbc,/a.srv.rpgle,https://github.com/RolandStrauss/Error-Monitoring,github.com,1,1
swh:1:cnt:b8dd4cbcc9ee3a410ce1032cc4987496174bfcf9,b8dd4cbcc9ee3a410ce1032cc4987496174bfcf9,/bif_subst.rpgle,https://github.com/Parveen-as400/NetRPG,github.com,1,0
swh:1:cnt:b95b3069e2d2b032e7d2c160e3d76c9c0235b3b7,b95b3069e2d2b032e7d2c160e3d76c9c0235b3b7,/Prueba.rpgle,https://github.com/Jortega2077/clasesgit,github.com,0,1
swh:1:cnt:b9643f3ba10b71a8cf2f892f3fb053c377b4fad9,b9643f3ba10b71a8cf2f892f3fb053c377b4fad9,/ALLOC.rpgle,https://github.com/JCErasmus/antlr4-rpgle,github.com,1,0
swh:1:cnt:b96448425857ad3a43027aca5cedc7c08ec1c380,b96448425857ad3a43027aca5cedc7c08ec1c380,/JSONSQL00B.SQL-resultset-object.rpgle,https://github.com/sitemule/noxDB,github.com,1,0
swh:1:cnt:b9a3fe827a2400cd4065a22b897f228e0873a681,b9a3fe827a2400cd4065a22b897f228e0873a681,/SM_M01.rpgle,https://github.com/smeup/jariko,github.com,1,0
swh:1:cnt:b9acbdb10f929881fe9fa527c65c40a54bb1c826,b9acbdb10f929881fe9fa527c65c40a54bb1c826,/t049.rpgle,https://github.com/ITMentalist/junleili-i5toolkit,github.com,0,1
swh:1:cnt:b9db0cdabb1c8426125cf2e98e0c18edd0e36c4f,b9db0cdabb1c8426125cf2e98e0c18edd0e36c4f,/slashsplat.rpgle,https://github.com/JCErasmus/antlr4-rpgle,github.com,1,0
swh:1:cnt:ba00ec00da87c66e82a78e0240326717cb70a17c,ba00ec00da87c66e82a78e0240326717cb70a17c,/RecExist1-RecordsExist.rpgle,https://github.com/dancarlosgabriel/rpgclcodingexamples,github.com,0,1
swh:1:cnt:ba0c223fca2db9b740d8c11495f5e971795c5144,ba0c223fca2db9b740d8c11495f5e971795c5144,/spawn_h.rpgle,https://github.com/ITMentalist/klement_rpg_copybooks,github.com,1,0
swh:1:cnt:ba23d1dcd8b87737d9968f1ebe91944b65d4066b,ba23d1dcd8b87737d9968f1ebe91944b65d4066b,/FILE001CLN.rpgle,https://github.com/NikGioulos/rpg-generator,github.com,1,0
swh:1:cnt:ba74515716182eceedc678d3328edcee02268b23,ba74515716182eceedc678d3328edcee02268b23,/JSONPARS4D.JSON-huge-json-with-included-text.rpgle,https://github.com/BrianGarland/noxDB,github.com,1,0
swh:1:cnt:bab62091f27da7ae1f60552f75b363d5c014a0e6,bab62091f27da7ae1f60552f75b363d5c014a0e6,/dummy.rpgle,https://github.com/HolterDev/idbc-issue-147,github.com,0,1
swh:1:cnt:bacd106efb214aef3b3fc81876da3f86786246ca,bacd106efb214aef3b3fc81876da3f86786246ca,/filter.rpgle,https://bitbucket.org/m1hael/bluedroplet.git,bitbucket.org,1,0
swh:1:cnt:bb0e644e1de56e69d11271343029fcf750d90a8a,bb0e644e1de56e69d11271343029fcf750d90a8a,/xpathInternals.rpgle,https://github.com/hxllhhy/MIPS-CPU,github.com,0,1
swh:1:cnt:bb16f8f21009a864647b9120132e638fc9002735,bb16f8f21009a864647b9120132e638fc9002735,/DS_CALLED.rpgle,https://github.com/lanarimarco/javatojarikods,github.com,0,1
swh:1:cnt:bb3e83e79c1bd3c67468aa548a57eb3809b715fc,bb3e83e79c1bd3c67468aa548a57eb3809b715fc,/vat300.rpgle,https://github.com/rcronin/bob-recursive-example,github.com,0,1
swh:1:cnt:bb6ef80cdd71d2d7d90265219470068d10be4f0c,bb6ef80cdd71d2d7d90265219470068d10be4f0c,/t033.rpgle,https://svn.code.sf.net/p/i5toolkit/code,svn.code.sf.net,1,0
swh:1:cnt:bb75f77df26cca3cf9bbd345e0e81d578f4a7840,bb75f77df26cca3cf9bbd345e0e81d578f4a7840,/jsonsql1.rpgle,https://github.com/mortizma/noxDB,github.com,1,0
swh:1:cnt:bb7cee70210544747454365af57df9cb0d60bbdf,bb7cee70210544747454365af57df9cb0d60bbdf,/MUTE01_06.rpgle,https://github.com/BezouwenR/jariko,github.com,1,0
swh:1:cnt:bbd18baf2f3de043472a75bc279045839a1d4258,bbd18baf2f3de043472a75bc279045839a1d4258,/Helloworld.rpgle,https://github.com/novy400/testgit,github.com,0,1
swh:1:cnt:bbf45796e430f7a9b7ceb5db66dcefc73471f0c4,bbf45796e430f7a9b7ceb5db66dcefc73471f0c4,/sampleCustomerProgram.rpgle,https://github.com/IBM/Tyrico-IBMi,github.com,1,0
swh:1:cnt:bc4711f00f745d1c239a70538918e81c44d2f0dc,bc4711f00f745d1c239a70538918e81c44d2f0dc,/evas03co.rpgle,https://github.com/albertobruera/QSQLRPGLE,github.com,0,1
swh:1:cnt:bc86ac4706e0ee12980ac170b7f8875305868c73,bc86ac4706e0ee12980ac170b7f8875305868c73,/prueba6.rpgle,https://github.com/morral81/rpg_dame2,github.com,0,1
swh:1:cnt:bcbafa729988c01e84ca891b4030c709e2c7c545,bcbafa729988c01e84ca891b4030c709e2c7c545,/ac0088rg01.rpgle,https://github.com/RandyHH/cvt425,github.com,1,0
swh:1:cnt:bd36556e61d20445d6bc09d8b7ac2a8830981388,bd36556e61d20445d6bc09d8b7ac2a8830981388,/AIR11_04.rpgle,https://github.com/ITMentalist/ibmi-2,github.com,1,0
swh:1:cnt:bd49ee6027f3cd251f856506647fb3b65dfa50b8,bd49ee6027f3cd251f856506647fb3b65dfa50b8,/MUTE10_08.rpgle,https://github.com/smeup/jariko,github.com,1,0
swh:1:cnt:bd675519cfe3b681884b9f8681ea98037f8e26fc,bd675519cfe3b681884b9f8681ea98037f8e26fc,/JSONPGM01B.Call-ILE-service-program-procedure.rpgle,https://github.com/sitemule/noxDB,github.com,1,0
swh:1:cnt:bd92b56303d6461d47f51493de1a4f1dcc367784,bd92b56303d6461d47f51493de1a4f1dcc367784,/ArrPGM7.rpgle,https://github.com/Sanoj-sudo007/Sanoj-sudo007,github.com,0,1
swh:1:cnt:bd9a30b48ea6b6bcd71df552e07f50c338a41bb5,bd9a30b48ea6b6bcd71df552e07f50c338a41bb5,/plugile.rpgle,https://github.com/brandonp42/xmlservice,github.com,0,1
swh:1:cnt:bdc4534ff8e91d3a345cb3991f225a7dfc2f593e,bdc4534ff8e91d3a345cb3991f225a7dfc2f593e,/MU711006.rpgle,https://github.com/smeup/jariko,github.com,1,0
swh:1:cnt:bdc6960ecdce679d9579323741a3b7e1d4f0b2fa,bdc6960ecdce679d9579323741a3b7e1d4f0b2fa,/who.rpgle,https://github.com/ITMentalist/-i5toolkit-code,github.com,0,1
swh:1:cnt:be670a2563f67f4bcdda2f3985c819bd680244c5,be670a2563f67f4bcdda2f3985c819bd680244c5,/jrnentww.rpgle,https://github.com/Bernard85/jrn,github.com,1,1
swh:1:cnt:be93877504ed6e8e50b8711a4cfcc40d21962488,be93877504ed6e8e50b8711a4cfcc40d21962488,/demo02.rpgle,https://github.com/sitemule/ILEastic,github.com,1,0
swh:1:cnt:bec458b63d82e1b6f359f7886b346e6d363d7132,bec458b63d82e1b6f359f7886b346e6d363d7132,/30-unused-global.rpgle,https://github.com/andlrc/rpglelint,github.com,1,0
swh:1:cnt:bf3225487b7e0a3b1bf12a11bf44603f54bc57d8,bf3225487b7e0a3b1bf12a11bf44603f54bc57d8,/fileswrt.rpgle,https://github.com/vamsi1258c/vamsim,github.com,0,1
swh:1:cnt:bf56acb7fdde2d3e5743fd3c173e21329b0d294b,bf56acb7fdde2d3e5743fd3c173e21329b0d294b,/t044.rpgle,https://github.com/ITMentalist/junleili-i5toolkit,github.com,1,0
swh:1:cnt:bfd0a6927af17733df08ac2015d18f52d8d55155,bfd0a6927af17733df08ac2015d18f52d8d55155,/XMLPARS230.XML-read-file-write-file.rpgle,https://github.com/BrianGarland/noxDB,github.com,1,0
swh:1:cnt:bfe36ed271f80332b9e39579f8a2d90a96b3cc0a,bfe36ed271f80332b9e39579f8a2d90a96b3cc0a,/CKOOL.rpgle,https://github.com/novy400/ckool,github.com,0,1
swh:1:cnt:bfe4b8feae6533f2a07ca41a3347140f2aee8f41,bfe4b8feae6533f2a07ca41a3347140f2aee8f41,/gettime.rpgle,https://github.com/itjungle/sourcecode,github.com,0,1
swh:1:cnt:c01f031eb8676115d605838583ebd10fb38f63c5,c01f031eb8676115d605838583ebd10fb38f63c5,/prodlist.rpgle,https://github.com/BezouwenR/IceBreak-Samples,github.com,1,1
swh:1:cnt:c04e343685037d4b1577fcde9362d1c9b7c85502,c04e343685037d4b1577fcde9362d1c9b7c85502,/sysCheck.rpgle,https://github.com/xWyatt/SYSCHECK,github.com,0,1
swh:1:cnt:c0543dfe0ff0290d5748c4c3d0d09273a748eddb,c0543dfe0ff0290d5748c4c3d0d09273a748eddb,/crud_product_caller.rpgle,https://github.com/martinezga/ibm-rpg-programs,github.com,0,1
swh:1:cnt:c058e0535567702ef51b1fabd319bb5a11cec6e1,c058e0535567702ef51b1fabd319bb5a11cec6e1,/OVERLAY_04.rpgle,https://github.com/BezouwenR/jariko,github.com,1,0
swh:1:cnt:c05dd5af081590663b38f9606f583ee708c400d6,c05dd5af081590663b38f9606f583ee708c400d6,/AGJROBOT.rpgle,https://bitbucket.org/MariusJon/toyrobot.git,bitbucket.org,0,1
swh:1:cnt:c061e4c8c3193cbb698639f64c2a43edc8d1a32d,c061e4c8c3193cbb698639f64c2a43edc8d1a32d,/dict.rpgle,https://github.com/Jewels333/AI,github.com,1,0
swh:1:cnt:c06513b088dbf9024a4832e3165687039e49f073,c06513b088dbf9024a4832e3165687039e49f073,/dspvhcl.rpgle,https://github.com/cwbuck/outbound-api,github.com,1,0
swh:1:cnt:c06658a6e40e12a8be5aedbae29c0f895911f3e6,c06658a6e40e12a8be5aedbae29c0f895911f3e6,/MUTE16_02.rpgle,https://github.com/smeup/jariko,github.com,1,0
swh:1:cnt:c06d16a84083df851ae073221756485c064a5908,c06d16a84083df851ae073221756485c064a5908,/yes.rpgle,https://github.com/mubaris/yes,github.com,0,1
swh:1:cnt:c06f3678ca03cb32439f01b144a2d0d633e9ab0a,c06f3678ca03cb32439f01b144a2d0d633e9ab0a,/continuation4.rpgle,https://github.com/JCErasmus/antlr4-rpgle,github.com,1,0
swh:1:cnt:c07e7c2e29a5dd506b7fcb198a1b70fc30d7d45f,c07e7c2e29a5dd506b7fcb198a1b70fc30d7d45f,/CPYBK.rpgle,https://github.com/BezouwenR/RPGAutoScreen,github.com,0,1
swh:1:cnt:c09fc9aec54efcc51ff4b9795d05cc9449ffb743,c09fc9aec54efcc51ff4b9795d05cc9449ffb743,/stomprecv.rpgle,https://github.com/m1h43l/citest,github.com,0,1
swh:1:cnt:c10ccbe092dd9ec848ebd06818a3c77b71f9b36c,c10ccbe092dd9ec848ebd06818a3c77b71f9b36c,/multiple_occurrence_ds.rpgle,https://github.com/COG-GTM/rpg-examples,github.com,1,0
swh:1:cnt:c19f3ed79247e929d43755f3bff16ca4670e9098,c19f3ed79247e929d43755f3bff16ca4670e9098,/xmlmodule.rpgle,https://github.com/hakatu/ntt-for-hps-integration,github.com,0,1
swh:1:cnt:c19f6d5817dce9001633770e55f35f0057331279,c19f6d5817dce9001633770e55f35f0057331279,/GL0123FM.rpgle,https://github.com/mylesieong/code_library,github.com,1,0
swh:1:cnt:c1b32fc2d88b571be9d81c2716c5764da8f42c6e,c1b32fc2d88b571be9d81c2716c5764da8f42c6e,/SM_EXSR.rpgle,https://github.com/smeup/jariko,github.com,1,0
swh:1:cnt:c1f4a4b01a623c62045989f6c5846cd2e06dfd6f,c1f4a4b01a623c62045989f6c5846cd2e06dfd6f,/db2util.rpgle,https://github.com/Bhaskers-Blu-Org1/ibmi-db2util,github.com,0,1
swh:1:cnt:c2569c6bf62e6cba5657ce3bd6967417d9435dbe,c2569c6bf62e6cba5657ce3bd6967417d9435dbe,/gitcmtmrg.rpgle,https://github.com/worksofliam/gitcm,github.com,1,0
swh:1:cnt:c27d8e5f070dbff852000e3c45ad15d7dc5af2c6,c27d8e5f070dbff852000e3c45ad15d7dc5af2c6,/HTMLparser.rpgle,https://github.com/Miracle-qi/Miracle-qi.github.io,github.com,0,1
swh:1:cnt:c296c45cf74b5e3d23f48953a6093b2a7f3eb1f9,c296c45cf74b5e3d23f48953a6093b2a7f3eb1f9,/sys.rpgle,https://github.com/zenovalle/zenutils,github.com,1,0
swh:1:cnt:c2b2a612b7812253ebea38086a7c404f33d5cac5,c2b2a612b7812253ebea38086a7c404f33d5cac5,/zzsrv6.rpgle,https://www.npmjs.com/package/itoolkit,www.npmjs.com,0,1
swh:1:cnt:c321d6f5e9ce63b8eeeb56fea1f842a87c0583a6,c321d6f5e9ce63b8eeeb56fea1f842a87c0583a6,/INI3102A.rpgle,https://github.com/rainierio/IBM-i-Series-source,github.com,1,0
swh:1:cnt:c32200abf5ccabb8c4d8427e3cdc78a534c3387a,c32200abf5ccabb8c4d8427e3cdc78a534c3387a,/08-dcl-s-empty-lines.rpgle,https://github.com/BezouwenR/rpglefmt,github.com,0,1
swh:1:cnt:c327b8d58209be97c26ea4d3d7d6ea3bc4c239f2,c327b8d58209be97c26ea4d3d7d6ea3bc4c239f2,/uri.rpgle,https://github.com/xieguigang/mzkit,github.com,0,1
swh:1:cnt:c399c3198a6bb8212af64138e4bc84bc5acf75df,c399c3198a6bb8212af64138e4bc84bc5acf75df,/FFAR0040.rpgle,https://github.com/lgallardo9/PruebaRPG,github.com,0,1
swh:1:cnt:c3badc3282fddebdfb458e63208ec4c9a40b3f43,c3badc3282fddebdfb458e63208ec4c9a40b3f43,/t071.rpgle,https://github.com/ITMentalist/junleili-i5toolkit,github.com,1,0
swh:1:cnt:c3c205662c48c4e718d743996dede27daf74ea87,c3c205662c48c4e718d743996dede27daf74ea87,/hello.rpgle,https://github.com/ThePrez/IBMiGHAction,github.com,0,1
swh:1:cnt:c3e0f84208b0358ffc7c402ddc135916b525b6a2,c3e0f84208b0358ffc7c402ddc135916b525b6a2,/json11.rpgle,https://github.com/sitemule/noxDB,github.com,1,0
swh:1:cnt:c3e628288626bd57f74c0bb8c63a8f75f37abaa9,c3e628288626bd57f74c0bb8c63a8f75f37abaa9,/cbx956.rpgle,https://github.com/ChrisHird/CF_API,github.com,1,0
swh:1:cnt:c41a5dc7001d46b35ad294554d6f69bbd2072feb,c41a5dc7001d46b35ad294554d6f69bbd2072feb,/Test.rpgle,https://github.com/FrankDattalo/flang,github.com,0,1
swh:1:cnt:c46b12024bba2075df6ea08aef18384e73c2b21d,c46b12024bba2075df6ea08aef18384e73c2b21d,/MUDRNRAPU001104.rpgle,https://github.com/smeup/jariko,github.com,1,0
swh:1:cnt:c47871433ad454bd61cb7f567d558379961401ff,c47871433ad454bd61cb7f567d558379961401ff,/Parstring.rpgle,https://github.com/DjDhawan/RPGLE,github.com,1,0
swh:1:cnt:c4e7d4b0eca25013fa967ac375fb9454416d8c1b,c4e7d4b0eca25013fa967ac375fb9454416d8c1b,/xmlreader.rpgle,https://github.com/InstantKhabar/_source,github.com,0,1
swh:1:cnt:c4ea0299558899661b4bdb02dddc06ca450874e9,c4ea0299558899661b4bdb02dddc06ca450874e9,/JD_001_onedatadecl.rpgle,https://github.com/sanfilippo-smeup/jariko,github.com,1,0
swh:1:cnt:c4fcc99825e92562e0a07cca0414a6e2a96ff852,c4fcc99825e92562e0a07cca0414a6e2a96ff852,/SIISFP.rpgle,https://github.com/jsranko/si-ibmi-apis,github.com,1,0
swh:1:cnt:c55228d6db61f9caee22ef3930812babdfc1887d,c55228d6db61f9caee22ef3930812babdfc1887d,/BBSMSGSR.rpgle,https://github.com/dasta400/BBS400,github.com,1,0
swh:1:cnt:c563c529e6a4590d2bfe18a77dc81701778a87c4,c563c529e6a4590d2bfe18a77dc81701778a87c4,/SLEEP.rpgle,https://github.com/BezouwenR/SND2ME,github.com,1,0
swh:1:cnt:c5b8cebbb1b8a857b3a4a3df730b51ee43f09dd0,c5b8cebbb1b8a857b3a4a3df730b51ee43f09dd0,/apug.rpgle,https://github.com/worksofliam/apug,github.com,1,0
swh:1:cnt:c601692668bd23bc4ed5ef2778292d6e6aaf919f,c601692668bd23bc4ed5ef2778292d6e6aaf919f,/MUTE10_06.rpgle,https://github.com/sanfilippo-smeup/jariko,github.com,1,0
swh:1:cnt:c68434445088294317d17378ce660e1e078e6b49,c68434445088294317d17378ce660e1e078e6b49,/jsonsql3.rpgle,https://github.com/NielsLiisberg/noxDB,github.com,1,0
swh:1:cnt:c6a072517c952c84867f6e013903ac98d670c823,c6a072517c952c84867f6e013903ac98d670c823,/MODULE1PGM.rpgle,https://github.com/DjDhawan/Converting-numbers,github.com,0,1
swh:1:cnt:c6b17a131ba5bb44306df9b12066215afbead2b4,c6b17a131ba5bb44306df9b12066215afbead2b4,/parser.rpgle,https://github.com/Jewels333/AI,github.com,1,0
swh:1:cnt:c6da9c91aeacdebd7b1aef765795b23370354748,c6da9c91aeacdebd7b1aef765795b23370354748,/interpret.rpgle,https://github.com/BrianGarland/SimplePascalInterpreter,github.com,1,0
swh:1:cnt:c705923cf3109154b7e55c759dfab13a44cd1f42,c705923cf3109154b7e55c759dfab13a44cd1f42,/poll_h.rpgle,https://github.com/NickLitten/Nicks_Master_Repo,github.com,1,0
swh:1:cnt:c70dbe0ce16bceedaa02fe5167435191c6fd7d23,c70dbe0ce16bceedaa02fe5167435191c6fd7d23,/SSL_H.rpgle,https://github.com/ITMentalist/ibmi-2,github.com,1,0
swh:1:cnt:c761e0b2dbf1ffc58b098cc586e5af667b339fcc,c761e0b2dbf1ffc58b098cc586e5af667b339fcc,/DEMO100R.rpgle,https://github.com/gstar77be/GCPDEV2,github.com,0,1
swh:1:cnt:c76dc3a6f3cebed7e898663a335b54b9b4e0312e,c76dc3a6f3cebed7e898663a335b54b9b4e0312e,/op_odbc_real_read2.rpgle,https://github.com/szsascha/NetRPG,github.com,1,0
swh:1:cnt:c77fbf96430464653c0f3776c89e578e4e7feeab,c77fbf96430464653c0f3776c89e578e4e7feeab,/Build.rpgle,https://github.com/as500/ipm,github.com,0,1
swh:1:cnt:c78b2f48616a83185095fcc41bd4b9c86d2f078f,c78b2f48616a83185095fcc41bd4b9c86d2f078f,/cowrce2.rpgle,https://github.com/inf1serg/iServices,github.com,1,0
swh:1:cnt:c7d7864d4c4d79265fedaf77e4bd35f2c8e5bc5a,c7d7864d4c4d79265fedaf77e4bd35f2c8e5bc5a,/WRDL400.rpgle,https://github.com/LBBNetwork/WRDL400,github.com,0,1
swh:1:cnt:c7dd59fa99de44e69237edf01ff7978ebda6723a,c7dd59fa99de44e69237edf01ff7978ebda6723a,/TIMESTMP.rpgle,https://github.com/ibmiprodev/loosecode,github.com,1,1
swh:1:cnt:c7f11316abd830deb55fac25687b243089f205f4,c7f11316abd830deb55fac25687b243089f205f4,/SortArray.rpgle,https://github.com/00Se7eN/TestProject,github.com,0,1
swh:1:cnt:c8001eddb63fa452c439b92387d3e20401a3c89e,c8001eddb63fa452c439b92387d3e20401a3c89e,/dcl_proc_6.rpgle,https://github.com/Parveen-as400/NetRPG,github.com,1,0
swh:1:cnt:c83d0bfb1ed23c4410b9965dde38a86eebc26a32,c83d0bfb1ed23c4410b9965dde38a86eebc26a32,/k3s_m120.rpgle,https://github.com/MEYER12345/Nightjob,github.com,1,0
swh:1:cnt:c8710ed51a02e7a475115adc3926231e7a4ebf86,c8710ed51a02e7a475115adc3926231e7a4ebf86,/MUDRNRAPU001145.rpgle,https://github.com/smeup/jariko,github.com,1,0
swh:1:cnt:c893801a83d0557f68c763c885f3badee1a84932,c893801a83d0557f68c763c885f3badee1a84932,/GA4BSENDR.rpgle,http://dugga-brain-v1.googlecode.com/svn/,dugga-brain-v1.googlecode.com,0,1
swh:1:cnt:c89da97711397b51534afcfe57f1d4722246ebef,c89da97711397b51534afcfe57f1d4722246ebef,/testssl.rpgle,https://bitbucket.org/inext/vlang-rpg.git,bitbucket.org,1,0
swh:1:cnt:c8f447838e70ad2a77e08bab41972091d923753e,c8f447838e70ad2a77e08bab41972091d923753e,/HELLO2.rpgle,https://github.com/smeup/jariko,github.com,1,0
swh:1:cnt:c8fb970b0b00d4cf319522b640659c78ba902a23,c8fb970b0b00d4cf319522b640659c78ba902a23,/xmlwriter.rpgle,https://github.com/seanseungbeomlee/Trimap-Segmentation,github.com,1,1
swh:1:cnt:c922514a1539d8d172cdea08eb07ee8fcc969325,c922514a1539d8d172cdea08eb07ee8fcc969325,/acgd00r4.rpgle,https://github.com/RandyHH/cvt425,github.com,1,0
swh:1:cnt:c93cb360f56df5fe4c9e900acc50ccf60dd32677,c93cb360f56df5fe4c9e900acc50ccf60dd32677,/docmdrpgle.rpgle,https://github.com/RelicPackages/docmd,github.com,0,1
swh:1:cnt:c94ad3871cf04bebe9c0f485424e3e3f8e476cdf,c94ad3871cf04bebe9c0f485424e3e3f8e476cdf,/prrtvrowcol.rpgle,https://github.com/Ambusy/prrtvrowcol,github.com,1,0
swh:1:cnt:c9556cc5e2758e0a9c0a464bb0c75996f786d1d0,c9556cc5e2758e0a9c0a464bb0c75996f786d1d0,/MUTE12_03.rpgle,https://github.com/BezouwenR/jariko,github.com,1,0
swh:1:cnt:c96889f3ff2164fac6afb36aece892d836bc73c9,c96889f3ff2164fac6afb36aece892d836bc73c9,/Even-primes-factorial_procedures.rpgle,https://github.com/martinezga/ibm-rpg-programs,github.com,1,0
swh:1:cnt:c97e885503ec08d439fbe48958af507e3c30a4d5,c97e885503ec08d439fbe48958af507e3c30a4d5,/c_logger.rpgle,https://github.com/dennisnel/ibm-i-build,github.com,0,1
swh:1:cnt:c99ed36deb0705cc26bfb1d7b77feb81a7a47a28,c99ed36deb0705cc26bfb1d7b77feb81a7a47a28,/cbx9182.rpgle,https://github.com/ChrisHird/CF_API,github.com,1,0
swh:1:cnt:c9ac7280aa00b21dd6673c7411c82e47c9b1ed30,c9ac7280aa00b21dd6673c7411c82e47c9b1ed30,/WWWVALIDT3.rpgle,https://github.com/roryhewitt/wwwvalid,github.com,0,1
swh:1:cnt:c9cb7201f2e75b990eb023d8e6581e0628e2bf31,c9cb7201f2e75b990eb023d8e6581e0628e2bf31,/DAYFUNCTS.rpgle,https://github.com/DukeManh/bci433-1,github.com,0,1
swh:1:cnt:c9d6e8ce189bb4247fb603ba3b3b814414d61108,c9d6e8ce189bb4247fb603ba3b3b814414d61108,/t021.rpgle,https://github.com/ITMentalist/-i5toolkit-code,github.com,1,0
swh:1:cnt:c9e768a18048e34e6994391c310862e1f8c116d2,c9e768a18048e34e6994391c310862e1f8c116d2,/CURSOR12.rpgle,https://github.com/hubpk/QATEST02_Program_List,github.com,1,0
swh:1:cnt:ca9f6259a5fa7c127fe91be5d4147cd0844381ee,ca9f6259a5fa7c127fe91be5d4147cd0844381ee,/assert_h.rpgle,https://bitbucket.org/m1hael/ileunit.git,bitbucket.org,1,0
swh:1:cnt:caed95540a53f13fe04c34e463381bc126008af4,caed95540a53f13fe04c34e463381bc126008af4,/converter.h.rpgle,https://github.com/pierrickrouxel/rpg-converter,github.com,1,0
swh:1:cnt:cb02312952e528d0b5888ea6ac7eaba010faa179,cb02312952e528d0b5888ea6ac7eaba010faa179,/ZONED.rpgle,https://github.com/rpgleparser/rpgleparser,github.com,1,0
swh:1:cnt:cb230101749a49d11926d7bb1c9665f8d65add78,cb230101749a49d11926d7bb1c9665f8d65add78,/roadspeeds.rpgle,https://github.com/SeidenGroup/geotab_rpgle_sdk,github.com,1,0
swh:1:cnt:cb50f99b4be6d68c8e7ae7f1baaa02b0e88fe750,cb50f99b4be6d68c8e7ae7f1baaa02b0e88fe750,/CLCEAP.rpgle,https://github.com/ITMentalist/Miscellaneous,github.com,1,0
swh:1:cnt:cba75e36f0661ee8d525f6bc2f9af48105e54d82,cba75e36f0661ee8d525f6bc2f9af48105e54d82,/ibtr10malu.rpgle,https://github.com/RandyHH/cvt425,github.com,1,0
swh:1:cnt:cd051a4080a3234471220e9b22033fb841180bdc,cd051a4080a3234471220e9b22033fb841180bdc,/testrpg.rpgle,https://github.com/cpdatasys/rdirepo1,github.com,0,1
swh:1:cnt:cd2d755ab95d1a0305e420500042a1a8d038e9f5,cd2d755ab95d1a0305e420500042a1a8d038e9f5,/HTTP_H.rpgle,https://github.com/danlong005/RPGAPI,github.com,1,0
swh:1:cnt:cdb39b89fce514b0456fd0a4e77fe60f29d2e65b,cdb39b89fce514b0456fd0a4e77fe60f29d2e65b,/Z-ADD.rpgle,https://github.com/chrjorgensen/rpgleparser,github.com,1,0
swh:1:cnt:cdda31026e8f2fbba6fa611dfe261b012c266a56,cdda31026e8f2fbba6fa611dfe261b012c266a56,/Z_H.rpgle,https://github.com/ITMentalist/SendObjects-IBMi,github.com,0,1
swh:1:cnt:ce81e0652af52c6d5ff6261652df0a754f461e67,ce81e0652af52c6d5ff6261652df0a754f461e67,/MUDRNRAPU001122_P.rpgle,https://github.com/smeup/jariko,github.com,1,0
swh:1:cnt:ce81ec7036c46a0f1f8f1d2b07daccf4b2e8ba45,ce81ec7036c46a0f1f8f1d2b07daccf4b2e8ba45,/HELLO.rpgle,https://github.com/parodi-smeup/Rpgle2Jariko,github.com,1,0
swh:1:cnt:ce821f8c03144ed6362f156fa67df9d4c775cfed,ce821f8c03144ed6362f156fa67df9d4c775cfed,/pgm1.rpgle,https://github.com/sagartyagi121/newlibrary,github.com,0,1
swh:1:cnt:ceb1796330e3ed957c8072f89b8567dd17f0a7b2,ceb1796330e3ed957c8072f89b8567dd17f0a7b2,/JAVAMAIL@R.rpgle,https://github.com/zeddave/emails-from-rpg,github.com,0,1
swh:1:cnt:cf132d87a637e34b87404b1e072026c21db4f880,cf132d87a637e34b87404b1e072026c21db4f880,/GetClobV.rpgle,https://github.com/Programmersio-IBMi/webService,github.com,1,1
swh:1:cnt:cf5cfed8d85c532f81e9fd0c0ac4999a4484be7d,cf5cfed8d85c532f81e9fd0c0ac4999a4484be7d,/hstloginf.rpgle,https://bitbucket.org/christianjorgensen/sql-udtf-history_log_info.git,bitbucket.org,0,1
swh:1:cnt:cfad79caf5bff835481d9fd83246911a711c1ea7,cfad79caf5bff835481d9fd83246911a711c1ea7,/check.rpgle,https://github.com/chrjorgensen/rpgleparser,github.com,1,0
swh:1:cnt:cfb1e18fcd895e9f4be81d35cdef46e3ca856aab,cfb1e18fcd895e9f4be81d35cdef46e3ca856aab,/NTLMR4.rpgle,https://github.com/icecreamville/httpapi,github.com,1,0
swh:1:cnt:cfd4d1f06c82e580cd64995f2a8b4c1bb8cd65f2,cfd4d1f06c82e580cd64995f2a8b4c1bb8cd65f2,/JSONPARSER.rpgle,https://github.com/BrianGarland/noxDB,github.com,1,0
swh:1:cnt:d017791b132f9125172b69e5531c697886ac53b7,d017791b132f9125172b69e5531c697886ac53b7,/compile_time_arrays_3.rpgle,https://github.com/COG-GTM/rpg-examples,github.com,1,0
swh:1:cnt:d02577a4a1d2fd671ce7386a6ed78145ae5183c8,d02577a4a1d2fd671ce7386a6ed78145ae5183c8,/parser.rpgle,https://github.com/BrianGarland/SimplePascalInterpreter,github.com,1,0
swh:1:cnt:d048ea196f4a0bad7f136c5b8d929213d5280919,d048ea196f4a0bad7f136c5b8d929213d5280919,/05_Using_ITER.rpgle,https://github.com/shipitsteven/ibm-i_programming,github.com,0,1
swh:1:cnt:d0899da8cd1bbac16445dd2aac14de89463059d1,d0899da8cd1bbac16445dd2aac14de89463059d1,/pasecall.rpgle,https://github.com/BezouwenR/giti,github.com,0,1
swh:1:cnt:d092d7a8398377432751e1744c69913c49193f32,d092d7a8398377432751e1744c69913c49193f32,/MUDRNRAPU00190.rpgle,https://github.com/smeup/jariko,github.com,1,0
swh:1:cnt:d0ab319c83ac665e0a8ed790a71eb88e8614fbd5,d0ab319c83ac665e0a8ed790a71eb88e8614fbd5,/hello.rpgle,https://github.com/fleshmechanic/RPG,github.com,1,0
swh:1:cnt:d0b9960190493b14e85514dbbd198f184aae5894,d0b9960190493b14e85514dbbd198f184aae5894,/svprvs.rpgle,https://github.com/inf1serg/iServices,github.com,0,1
swh:1:cnt:d0bce780ef68ad9119128de3ba5385d4929c42b5,d0bce780ef68ad9119128de3ba5385d4929c42b5,/athread.rpgle,https://github.com/qpgmr-de/examples,github.com,0,1
swh:1:cnt:d0c169b53c1ca0e202d9c814e4e832351b2112cb,d0c169b53c1ca0e202d9c814e4e832351b2112cb,/data.rpgle,https://github.com/GajenderTyagi/ileusion,github.com,1,0
swh:1:cnt:d0e36e9639c8cbacb5ef0b5a1cf8cf3e4335aada,d0e36e9639c8cbacb5ef0b5a1cf8cf3e4335aada,/cpypgm.rpgle,https://github.com/sagartyagi121/RPG-GENERATOR,github.com,1,1
swh:1:cnt:d0e6f7477d4fd9a0a1a911dd1d2ac81ffb9f319f,d0e6f7477d4fd9a0a1a911dd1d2ac81ffb9f319f,/xmlIO.rpgle,https://github.com/NowayLM/Purity,github.com,0,1
swh:1:cnt:d0f8163c6d73feead03ab18a501e7c36cb48a1b1,d0f8163c6d73feead03ab18a501e7c36cb48a1b1,/JSONPARS7B.JSON-Array-in-object.rpgle,https://github.com/sitemule/noxDB,github.com,1,0
swh:1:cnt:d130144660728a001c682426e76fff74a53712da,d130144660728a001c682426e76fff74a53712da,/itemsio2.rpgle,https://github.com/Justin-E-Taylor/ExternalIO-RPG,github.com,0,1
swh:1:cnt:d13c94869b10a2135e1c2f4bffca6ce4b2f5a4e6,d13c94869b10a2135e1c2f4bffca6ce4b2f5a4e6,/MUDRNRAPU001149.rpgle,https://github.com/smeup/jariko,github.com,1,0
swh:1:cnt:d1414e6cfc807c6bb5939d7818bad60e0cf4f10e,d1414e6cfc807c6bb5939d7818bad60e0cf4f10e,/anilist_h.rpgle,https://github.com/ITMentalist/Anilist-IBMi,github.com,0,1
swh:1:cnt:d14a3e72cffcb52e1e1d9ddbd57a434f055c3202,d14a3e72cffcb52e1e1d9ddbd57a434f055c3202,/postclob.test.rpgle,https://github.com/Programmersio-IBMi/webService,github.com,1,0
swh:1:cnt:d16520a6c851fe61f9cb40a95d1b61111acb03ad,d16520a6c851fe61f9cb40a95d1b61111acb03ad,/crtfrmstmf.rpgle,https://bitbucket.org/JeffBerman/crtfrmstmf.git,bitbucket.org,0,1
swh:1:cnt:d19613026cd14df7ae15b483104f4711b6900cb9,d19613026cd14df7ae15b483104f4711b6900cb9,/simpleREST.rpgle,https://github.com/BezouwenR/IceBreak-Samples,github.com,1,0
swh:1:cnt:d1e2575d90e35098831a7ecf232e97f5d978199e,d1e2575d90e35098831a7ecf232e97f5d978199e,/time_bif_minutes.rpgle,https://github.com/Parveen-as400/NetRPG,github.com,0,1
swh:1:cnt:d1ecee942c67f7a1e655bff156a7ab26508351a4,d1ecee942c67f7a1e655bff156a7ab26508351a4,/t055.rpgle,https://svn.code.sf.net/p/i5toolkit/code,svn.code.sf.net,1,0
swh:1:cnt:d25da12eb6bd7b7433c95c2be5c47007bf3f6c79,d25da12eb6bd7b7433c95c2be5c47007bf3f6c79,/Z_H.rpgle,https://github.com/ITMentalist/SendObjects-IBMi,github.com,1,0
swh:1:cnt:d29ce4e81420fb25911a0ca3516baf12385b07e1,d29ce4e81420fb25911a0ca3516baf12385b07e1,/json6.rpgle,https://github.com/sitemule/noxDB,github.com,1,0
swh:1:cnt:d2d53ed6801293750d4881c61dbf15b5f5c449f2,d2d53ed6801293750d4881c61dbf15b5f5c449f2,/std.rpgle,https://github.com/as500/cpysrcstmf,github.com,1,0
swh:1:cnt:d31e75e80579c19838ffca3f21e79129c246733d,d31e75e80579c19838ffca3f21e79129c246733d,/JSONSQL06D.SQL-resultset-count-sel.rpgle,https://github.com/BrianGarland/noxDB,github.com,1,0
swh:1:cnt:d3619b045edd6132f8634b9c9a4e50be5e2f3715,d3619b045edd6132f8634b9c9a4e50be5e2f3715,/noxDB2XML.rpgle,https://github.com/m1h43l/noxDB,github.com,1,0
swh:1:cnt:d373d4b13566676301d57471bb62a1f821ee0be5,d373d4b13566676301d57471bb62a1f821ee0be5,/t079.rpgle,https://github.com/ITMentalist/junleili-i5toolkit,github.com,1,0
swh:1:cnt:d39f019cf5b33a98efac0334288a2c1dc1470669,d39f019cf5b33a98efac0334288a2c1dc1470669,/dspexitpgm.rpgle,https://github.com/FrenchIBMi/exemples,github.com,0,1
swh:1:cnt:d3c85e7263a5b37ab17ef730f79044e2fc07d8d7,d3c85e7263a5b37ab17ef730f79044e2fc07d8d7,/ileastic.rpgle,https://github.com/petterjohansson/ILEusion,github.com,0,1
swh:1:cnt:d4037f8b9ddf809de70a0e56d8ed6e9bcd701575,d4037f8b9ddf809de70a0e56d8ed6e9bcd701575,/xmlstdarg.rpgle,https://github.com/RedaAwaad/chatbot-v2,github.com,0,1
swh:1:cnt:d450d96b97426e7b90770e5cd54a7fd72ea19b08,d450d96b97426e7b90770e5cd54a7fd72ea19b08,/transfer.rpgle,https://github.com/andrescuartasp/pruebasnextgen,github.com,0,1
swh:1:cnt:d4c89de640fa251ce5691fb158d5ad2ba3ad520d,d4c89de640fa251ce5691fb158d5ad2ba3ad520d,/libc_h.rpgle,https://bitbucket.org/m1hael/bluedroplet.git,bitbucket.org,1,0
swh:1:cnt:d4daf65a1697656c597bedcb5d2fd5d409e0b3c9,d4daf65a1697656c597bedcb5d2fd5d409e0b3c9,/dsptrfc.rpgle,https://github.com/cwbuck/outbound-api,github.com,1,1
swh:1:cnt:d51a0ecfbe5c3318f481c71cefe1b1ee491cdddf,d51a0ecfbe5c3318f481c71cefe1b1ee491cdddf,/NOXDB.rpgle,https://github.com/sitemule/noxDB,github.com,1,0
swh:1:cnt:d5385d3091696357a5bcb12237f587a67d04eb8e,d5385d3091696357a5bcb12237f587a67d04eb8e,/op_clear3.rpgle,https://github.com/Parveen-as400/NetRPG,github.com,1,0
swh:1:cnt:d57c7da950087981b68b7aaf9cc60c7809f54872,d57c7da950087981b68b7aaf9cc60c7809f54872,/ARRAY01.rpgle,https://github.com/sanfilippo-smeup/jariko,github.com,1,0
swh:1:cnt:d5c380f0453384d0cf4dba025367c17fcdb6ebfb,d5c380f0453384d0cf4dba025367c17fcdb6ebfb,/customers_h.rpgle,https://github.com/cdurgun/customers,github.com,0,1
swh:1:cnt:d5c708ba070f598b811358d2c287dd9fc2b6586c,d5c708ba070f598b811358d2c287dd9fc2b6586c,/Dropbox2.rpgle,https://github.com/mikelarsenCPDS/sharingDocumentsWithDropbox,github.com,0,1
swh:1:cnt:d5c875000f4f5014fdf7b0af9ecfe299cd3846a4,d5c875000f4f5014fdf7b0af9ecfe299cd3846a4,/DOWNE.rpgle,https://github.com/smeup/jariko,github.com,1,0
swh:1:cnt:d5db090c13d14e28698c5c73f35254a6f0bdbf0b,d5db090c13d14e28698c5c73f35254a6f0bdbf0b,/SERVICE.rpgle,https://github.com/vmhowley/CGI_PROJECT,github.com,0,1
swh:1:cnt:d5e1885e01caee3f339a8bb1075906366d46f01f,d5e1885e01caee3f339a8bb1075906366d46f01f,/CAT.rpgle,https://github.com/rpgleparser/rpgleparser,github.com,0,1
swh:1:cnt:d5ee37a7f2f0b1ead48b356a728cea4b930660ba,d5ee37a7f2f0b1ead48b356a728cea4b930660ba,/JSONSQL21H.SQL-Insert-clob-lgt.rpgle,https://github.com/BrianGarland/noxDB,github.com,1,0
swh:1:cnt:d603977f45f886362a96fece87159c97b2cbd067,d603977f45f886362a96fece87159c97b2cbd067,/MUDRNRAPU00186.rpgle,https://github.com/smeup/jariko,github.com,1,0
swh:1:cnt:d62dd0b7d2de6970bab286d9388c64c5f4888188,d62dd0b7d2de6970bab286d9388c64c5f4888188,/CalculoDescuento.rpgle,https://github.com/sairohernandez/rpg-to-java-transpiler,github.com,0,1
swh:1:cnt:d645e0c5d01676f9dfb31109e2754b0381938e44,d645e0c5d01676f9dfb31109e2754b0381938e44,/evas03co.rpgle,https://github.com/albertobruera/QSQLSRC,github.com,0,1
swh:1:cnt:d646d2ac5fd7bcebbaafd656f4249d742818d7b8,d646d2ac5fd7bcebbaafd656f4249d742818d7b8,/rpgleFile.rpgle,https://github.com/cxpsemea/cx1-all-in-one-scan,github.com,0,1
swh:1:cnt:d6693f737b85c4d3fb84cb2cf152c14739504afc,d6693f737b85c4d3fb84cb2cf152c14739504afc,/MUDRNRAPU00177.rpgle,https://github.com/smeup/jariko,github.com,1,0
swh:1:cnt:d688c306a547c7e58483ba596935ed594c3c36ed,d688c306a547c7e58483ba596935ed594c3c36ed,/t032.rpgle,https://svn.code.sf.net/p/i5toolkit/code,svn.code.sf.net,1,0
swh:1:cnt:d68d6b7be8af502d799c18fb0b755f5194e541d5,d68d6b7be8af502d799c18fb0b755f5194e541d5,/tstlogger.rpgle,https://github.com/pierrickrouxel/rpg-logger,github.com,0,1
swh:1:cnt:d6c205aede7a50244428ea382e293454c6419aab,d6c205aede7a50244428ea382e293454c6419aab,/addzone.rpgle,https://github.com/SeidenGroup/geotab_rpgle_sdk,github.com,0,1
swh:1:cnt:d6d39890ef291d303e1c3aca7b4ce3ad960e0238,d6d39890ef291d303e1c3aca7b4ce3ad960e0238,/JSONPARS3B.JSON-Root-as-array.rpgle,https://github.com/BrianGarland/noxDB,github.com,1,0
swh:1:cnt:d7339af45b0b7c39a2ad1edd4b33b20e29acbe01,d7339af45b0b7c39a2ad1edd4b33b20e29acbe01,/negative.rpgle,https://bitbucket.org/teemu_/db2sock.git,bitbucket.org,0,1
swh:1:cnt:d738fb57e845425db379858b65ecb22e49e108f3,d738fb57e845425db379858b65ecb22e49e108f3,/SYSTEM.rpgle,https://github.com/BezouwenR/SND2ME,github.com,0,1
swh:1:cnt:d762a8f5d6b02e6746aaff14c84481f88ab5a747,d762a8f5d6b02e6746aaff14c84481f88ab5a747,/02-undefref.rpgle,https://github.com/andlrc/rpglelint,github.com,1,0
swh:1:cnt:d76ad4bd80ccabfb52e1b1cc565309f957a5bc10,d76ad4bd80ccabfb52e1b1cc565309f957a5bc10,/xmlexports.rpgle,https://github.com/Jewels333/AI,github.com,1,0
swh:1:cnt:d78d7816d7947792b0ff0f4e9c324bc350edc0d4,d78d7816d7947792b0ff0f4e9c324bc350edc0d4,/event_handler.rpgle,https://bitbucket.org/m1hael/bluedroplet.git,bitbucket.org,1,0
swh:1:cnt:d7a08b8c20db23c795db6e5f2afa19a2b64732da,d7a08b8c20db23c795db6e5f2afa19a2b64732da,/llist_h.rpgle,https://bitbucket.org/NielsLiisberg/ipkg.git,bitbucket.org,1,0
swh:1:cnt:d7ffb6e923e4e01f3dd27fdad8ada7fca49044a1,d7ffb6e923e4e01f3dd27fdad8ada7fca49044a1,/TAXRCPTPGM.rpgle,https://github.com/LBBNetwork/InventoryMangler400,github.com,0,1
swh:1:cnt:d80733fcf7052890db8b0604a5494bf90fc48320,d80733fcf7052890db8b0604a5494bf90fc48320,/copy.rpgle,https://github.com/Ayesha20191/rpgleparser,github.com,0,1
swh:1:cnt:d80b93f2cce751f73f700387b591869907df694d,d80b93f2cce751f73f700387b591869907df694d,/framelog01.rpgle,https://bitbucket.org/blueye1993/stomp-utf-8.git,bitbucket.org,0,1
swh:1:cnt:d850c40be1c51e0dec15eaa2ea91558fb0200070,d850c40be1c51e0dec15eaa2ea91558fb0200070,/arrays-lookup.rpgle,https://github.com/martinezga/ibm-rpg-programs,github.com,1,0
swh:1:cnt:d89afb843ab65735c39b52949cb2d0f2bf44774d,d89afb843ab65735c39b52949cb2d0f2bf44774d,/t051.rpgle,https://github.com/ITMentalist/junleili-i5toolkit,github.com,1,0
swh:1:cnt:d8a7ad1725308a93074bfb7902e392c2e7b27cef,d8a7ad1725308a93074bfb7902e392c2e7b27cef,/xmlschemastypes.rpgle,https://github.com/LeandroDayrell/ComandoRJ,github.com,0,1
swh:1:cnt:d8b6020d292717a6b0798af7127a3310fc76abcb,d8b6020d292717a6b0798af7127a3310fc76abcb,/T40_A20_P17.rpgle,https://github.com/smeup/jariko,github.com,1,0
swh:1:cnt:d8d5ef9750b265459fdbc15cb61a20d8192c2434,d8d5ef9750b265459fdbc15cb61a20d8192c2434,/nanoftp.rpgle,https://github.com/kiyolee/libxml2,github.com,1,0
swh:1:cnt:d8ff0f5127804989be0379f2eae98cede889cdc5,d8ff0f5127804989be0379f2eae98cede889cdc5,/LESSON2A.rpgle,https://github.com/Florjanbregu/modern_rpg_workshop,github.com,0,1
swh:1:cnt:d9334373403bf407e69e35e46ae53d775b92c570,d9334373403bf407e69e35e46ae53d775b92c570,/READC_MOCK.rpgle,https://github.com/smeup/jariko,github.com,1,0
swh:1:cnt:d93c6ef3d331db2e56f21622992fa309edec7653,d93c6ef3d331db2e56f21622992fa309edec7653,/dict.rpgle,https://github.com/kiyolee/libxml2,github.com,0,1
swh:1:cnt:d9402f55f04a63bbf87008739c2460ffb382b4e6,d9402f55f04a63bbf87008739c2460ffb382b4e6,/t090.rpgle,https://github.com/ITMentalist/-i5toolkit-code,github.com,1,0
swh:1:cnt:d97d6855983a1f8e6b3a354d7cb7123ee4a2135a,d97d6855983a1f8e6b3a354d7cb7123ee4a2135a,/lexer.rpgle,https://github.com/BrianGarland/SimplePascalInterpreter,github.com,1,0
swh:1:cnt:d9e143c613c7deba0d6e05e257a3a72a38d27860,d9e143c613c7deba0d6e05e257a3a72a38d27860,/tekmonks.rpgle,https://github.com/ankit-saxena-deeplogictech/as400rpg,github.com,1,1
swh:1:cnt:da69fad821f20a5932b85936789c38074a0df3db,da69fad821f20a5932b85936789c38074a0df3db,/diffLIKE2.rpgle,https://github.com/JCErasmus/antlr4-rpgle,github.com,0,1
swh:1:cnt:da8f66a31ca026ae4703e78652217a6802197149,da8f66a31ca026ae4703e78652217a6802197149,/wsracu.rpgle,https://github.com/inf1serg/iServices,github.com,1,0
swh:1:cnt:da9a7696632c997fd1c75d4a97a8ac85e7706fb1,da9a7696632c997fd1c75d4a97a8ac85e7706fb1,/spi.rpgle,https://github.com/BrianGarland/SimplePascalInterpreter,github.com,1,0
swh:1:cnt:daf7aa37ea3110f0aad205bc6bff8366399eaf2f,daf7aa37ea3110f0aad205bc6bff8366399eaf2f,/CRTTBL.rpgle,https://github.com/00Se7eN/TSP,github.com,0,1
swh:1:cnt:db778b8eb5ba25be26376175ad27bfacf43e598f,db778b8eb5ba25be26376175ad27bfacf43e598f,/writeIFSFree.rpgle,https://github.com/Programmersio-IBMi/IFSonI,github.com,1,0
swh:1:cnt:dbafa3df21796c4e2a2395703a8e6a3944cf2680,dbafa3df21796c4e2a2395703a8e6a3944cf2680,/SRSR01.rpgle,https://github.com/smeup/jariko,github.com,1,0
swh:1:cnt:dbb09ba4d36c15aa038e31720bbfde208adb1627,dbb09ba4d36c15aa038e31720bbfde208adb1627,/redaxis.rpgle,https://github.com/ITMentalist/IBMi-LUG-2019-78-workshop,github.com,0,1
swh:1:cnt:dbba182b66791221c5c8e7080ea9a9e9ee5f4b32,dbba182b66791221c5c8e7080ea9a9e9ee5f4b32,/cow133.rpgle,https://github.com/inf1serg/iServices,github.com,1,0
swh:1:cnt:dbe30f231ab1d574cb7e31c617bf292764c70c7a,dbe30f231ab1d574cb7e31c617bf292764c70c7a,/T12_A04_P19.rpgle,https://github.com/smeup/jariko,github.com,1,0
swh:1:cnt:dc1a41c96b8f3a4512a31e5a3527313bacac8427,dc1a41c96b8f3a4512a31e5a3527313bacac8427,/k3s_9010or.rpgle,https://github.com/MEYER12345/Nightjob,github.com,1,0
swh:1:cnt:dc42e91214de42f8f7ffcfbda93cfe47fe3827a1,dc42e91214de42f8f7ffcfbda93cfe47fe3827a1,/sql_continuation_37.rpgle,https://github.com/chrjorgensen/rpgleparser,github.com,1,0
swh:1:cnt:dc9cac2d41d6725291bfef9a4bf26583d039eeac,dc9cac2d41d6725291bfef9a4bf26583d039eeac,/llist_so_h.rpgle,https://github.com/i-unit/irpgunit,github.com,0,1
swh:1:cnt:dd1ede35f48dde3c080c778f80b9d3d007577953,dd1ede35f48dde3c080c778f80b9d3d007577953,/GENRANDOM.rpgle,https://github.com/ITMentalist/ibmi-2,github.com,1,0
swh:1:cnt:dd2271a6d9009bb8f9133fafa4c7b7f93d1d4b2a,dd2271a6d9009bb8f9133fafa4c7b7f93d1d4b2a,/BEEMOVIE.rpgle,https://github.com/LBBNetwork/VCF400,github.com,1,0
swh:1:cnt:dd39b1ce5daa0c653d1312ad28ce72bca55f1d1e,dd39b1ce5daa0c653d1312ad28ce72bca55f1d1e,/BBSADMMNUR.pgm.rpgle,https://github.com/bmarolleau/BBS400,github.com,1,0
swh:1:cnt:dd45edb59d79d6941174659bf72342107caa19a1,dd45edb59d79d6941174659bf72342107caa19a1,/MOVEAC4.rpgle,https://github.com/smeup/jariko,github.com,1,0
swh:1:cnt:dd6134e224d02ae964a8295514ac03e8555c2b5a,dd6134e224d02ae964a8295514ac03e8555c2b5a,/tmpltoken.rpgle,https://bitbucket.org/m1hael/iledash-api.git,bitbucket.org,0,1
swh:1:cnt:dd9e48f3e6b0e5f5048c02bed925e3d041238129,dd9e48f3e6b0e5f5048c02bed925e3d041238129,/t094.rpgle,https://svn.code.sf.net/p/i5toolkit/code,svn.code.sf.net,1,0
swh:1:cnt:dda3d1932fb96144db941bf5be91ac3e74329796,dda3d1932fb96144db941bf5be91ac3e74329796,/newfile.rpgle,https://github.com/RaySanTech/Practice,github.com,0,1
swh:1:cnt:dda935ebf88d4db5d3e6fd7f41d865ce7a80bc0f,dda935ebf88d4db5d3e6fd7f41d865ce7a80bc0f,/k3s_9100bk.rpgle,https://github.com/MEYER12345/Nightjob,github.com,1,0
swh:1:cnt:ddb02e95af700fb5b2f8de022820a44bce1dbb97,ddb02e95af700fb5b2f8de022820a44bce1dbb97,/MOVEFIXFIX.rpgle,https://github.com/smeup/jariko,github.com,1,0
swh:1:cnt:ddbaac4e52f4375bea711c77b89adeff6e3922e4,ddbaac4e52f4375bea711c77b89adeff6e3922e4,/test-free.rpgle,https://github.com/GajenderTyagi/vscode-ibmi-languages,github.com,0,1
swh:1:cnt:ddebc84b8f85b6b4df50b586ca32287181a073c4,ddebc84b8f85b6b4df50b586ca32287181a073c4,/T11_A10_P03.rpgle,https://github.com/smeup/jariko,github.com,1,0
swh:1:cnt:ddf6a763ecfda44379f51e4567d22b6e2cec75aa,ddf6a763ecfda44379f51e4567d22b6e2cec75aa,/alist01.rpgle,https://bitbucket.org/stephenangeloni/arraylist.git,bitbucket.org,0,1
swh:1:cnt:ddfeabccebf27f34a83635de6df2e3a51a2b7201,ddfeabccebf27f34a83635de6df2e3a51a2b7201,/cbx967.rpgle,https://github.com/ChrisHird/CF_API,github.com,1,0
swh:1:cnt:de0dc91224db60bcf04f4e54f3cce2bb7cf33e75,de0dc91224db60bcf04f4e54f3cce2bb7cf33e75,/qmhljobl_h.rpgle,https://github.com/ITMentalist/klement_rpg_copybooks,github.com,1,0
swh:1:cnt:de1087f9a7f86737154e056371dd1af1be57058f,de1087f9a7f86737154e056371dd1af1be57058f,/service_h.rpgle,https://bitbucket.org/m1hael/bluedroplet.git,bitbucket.org,1,0
swh:1:cnt:de1e3f9ebac57df18c5c3030c950e6ad5e06a651,de1e3f9ebac57df18c5c3030c950e6ad5e06a651,/dsptrfc.rpgle,https://github.com/cwbuck/outbound-api,github.com,1,0
swh:1:cnt:de22c6686e7aa8596b6fb20304c432a6c09fa283,de22c6686e7aa8596b6fb20304c432a6c09fa283,/MU401012.rpgle,https://github.com/smeup/jariko,github.com,1,0
swh:1:cnt:de82ca2c16051de2446d2a2886491a852d3f9495,de82ca2c16051de2446d2a2886491a852d3f9495,/hola2.rpgle,https://github.com/morral81/rpg_dame2,github.com,1,0
swh:1:cnt:de8f9310ea8cc43b5a446a6f6902e63653d90f3d,de8f9310ea8cc43b5a446a6f6902e63653d90f3d,/simple_logger_h.rpgle,https://bitbucket.org/m1hael/bluedroplet.git,bitbucket.org,1,0
swh:1:cnt:deacdafe91e51251b70a78f8dc345d923c51256d,deacdafe91e51251b70a78f8dc345d923c51256d,/crud_purchase.rpgle,https://github.com/martinezga/ibm-rpg-programs,github.com,1,0
swh:1:cnt:dec1df9f8677d9150b46f3671627d2087514a1a6,dec1df9f8677d9150b46f3671627d2087514a1a6,/parmeval.rpgle,https://bitbucket.org/m1hael/llist.git,bitbucket.org,1,0
swh:1:cnt:df08f5ae0de32d81161e3ab0681fa8a500b2ed44,df08f5ae0de32d81161e3ab0681fa8a500b2ed44,/apug_h.rpgle,https://pkg.go.dev/github.com/worksofliam/apug,pkg.go.dev,0,1
swh:1:cnt:df1aa3947de7363271d85a337d9aca37981bb653,df1aa3947de7363271d85a337d9aca37981bb653,/mypgm.pgm.rpgle,https://github.com/bmarolleau/ibmi-company_system,github.com,0,1
swh:1:cnt:dfeb89321ae4c4de841d24ed40c765641fdaf0fc,dfeb89321ae4c4de841d24ed40c765641fdaf0fc,/MU023007.rpgle,https://github.com/smeup/jariko,github.com,1,0
swh:1:cnt:e00f708cd30a861663b2653390d73d621eec407e,e00f708cd30a861663b2653390d73d621eec407e,/dspecLIKE.rpgle,https://github.com/f-lombardo/rpgleparser,github.com,1,0
swh:1:cnt:e0578e042a23062efa596cd923b27200ff49089e,e0578e042a23062efa596cd923b27200ff49089e,/plugconv.rpgle,https://github.com/ITMentalist/xmlservice-1,github.com,1,0
swh:1:cnt:e08c50d4e930069e4fa6c700144de369c44be716,e08c50d4e930069e4fa6c700144de369c44be716,/tmpltoken.rpgle,https://bitbucket.org/m1hael/iledash-api.git,bitbucket.org,1,0
swh:1:cnt:e0a70434961c600e249ff12eb23b31b298fa462b,e0a70434961c600e249ff12eb23b31b298fa462b,/CALLJAVA.rpgle,https://github.com/f-lombardo/smeup-rpg-client,github.com,0,1
swh:1:cnt:e0b98b94330c043f6952841a0a0e3125434d358d,e0b98b94330c043f6952841a0a0e3125434d358d,/GA4BLISTR.rpgle,https://github.com/dugga/dugga-brain-v1,github.com,0,1
swh:1:cnt:e0c61c6ae5a158a45e628d05a028522ff03f8b5b,e0c61c6ae5a158a45e628d05a028522ff03f8b5b,/example3.rpgle,https://github.com/chrjorgensen/rpgleparser,github.com,1,0
swh:1:cnt:e0cead72dfd44c262a8f0ec921c9d00b89d0c184,e0cead72dfd44c262a8f0ec921c9d00b89d0c184,/APIPGM3.rpgle,https://github.com/smeup/jariko,github.com,1,0
swh:1:cnt:e0e53cfb366177dfd1592ffefae1fddc7bb486ce,e0e53cfb366177dfd1592ffefae1fddc7bb486ce,/mine.rpgle,https://github.com/BrianGarland/Minesweeper4i,github.com,0,1
swh:1:cnt:e1023145583930a694417df0f2f442752ffaad41,e1023145583930a694417df0f2f442752ffaad41,/test.rpgle,https://github.com/aaronbartell/Chatserver,github.com,0,1
swh:1:cnt:e118ebe36a17b7b0e9b619ec3c724f200e28a434,e118ebe36a17b7b0e9b619ec3c724f200e28a434,/mypgm.rpgle,https://github.com/worksofliam/company_system,github.com,0,1
swh:1:cnt:e1551c55f56c094a0e0c66d18143f8ad67c948f4,e1551c55f56c094a0e0c66d18143f8ad67c948f4,/SIEPCSQ01P.rpgle,https://github.com/jsranko/si-ibmi-apis,github.com,0,1
swh:1:cnt:e166db34b70ffb0009063589cbe237640ad9796d,e166db34b70ffb0009063589cbe237640ad9796d,/PBAR2.rpgle,https://github.com/DjDhawan/Progress-bar,github.com,0,1
swh:1:cnt:e1739161e40b45435324edec8237bcc677174236,e1739161e40b45435324edec8237bcc677174236,/RPGWEB_H.rpgle,https://github.com/danlong005/RPGWEB,github.com,0,1
swh:1:cnt:e1b8116c05c81a6e2eca248d199cdede3a14e1e5,e1b8116c05c81a6e2eca248d199cdede3a14e1e5,/exemple.rpgle,https://github.com/ibmiiste/WebserviceAdresse,github.com,0,1
swh:1:cnt:e1bf40a7584e801db3f72d52a67286617bb22d1d,e1bf40a7584e801db3f72d52a67286617bb22d1d,/watson_h.rpgle,https://github.com/BrianGarland/RPG-Watson-SDK,github.com,0,1
swh:1:cnt:e1d83615a7e16d7aa7a98e7de2f0a5532c82713f,e1d83615a7e16d7aa7a98e7de2f0a5532c82713f,/actions.rpgle,https://github.com/petterjohansson/ILEusion,github.com,1,0
swh:1:cnt:e20430bd6d0b090dc412bfb7860660249e6cfe5c,e20430bd6d0b090dc412bfb7860660249e6cfe5c,/rainbow.rpgle,https://github.com/Bhaskers-Blu-Org1/db2sock-ibmi,github.com,1,0
swh:1:cnt:e2108a65e4d03beb12545ab7484c4565f3d389c6,e2108a65e4d03beb12545ab7484c4565f3d389c6,/ileusion.rpgle,https://github.com/petterjohansson/ILEusion,github.com,1,0
swh:1:cnt:e21d08029e87fee14c43c1e4e7c3e5113e11f703,e21d08029e87fee14c43c1e4e7c3e5113e11f703,/DCACNBSDTE.rpgle,https://github.com/mylesieong/code_library,github.com,1,0
swh:1:cnt:e282298fa5bbb16d095f44d7ed7db79ad339dec3,e282298fa5bbb16d095f44d7ed7db79ad339dec3,/gitbrg.rpgle,https://github.com/ruspl-afed/vscode-rpgle,github.com,1,0
swh:1:cnt:e2d664d6e72b3e25cc8847d46811d0baa18d74d0,e2d664d6e72b3e25cc8847d46811d0baa18d74d0,/jh7serverq.rpgle,https://github.com/jasonkleinemas/hl7server,github.com,1,0
swh:1:cnt:e303c9252d540b04c131b8b4faf98580d433bc04,e303c9252d540b04c131b8b4faf98580d433bc04,/ADDGBCMT.rpgle,https://github.com/LBBNetwork/VCF400,github.com,1,0
swh:1:cnt:e3112815ef096b632d66c955961c9b5027a5a135,e3112815ef096b632d66c955961c9b5027a5a135,/ileusion.rpgle,https://github.com/petterjohansson/ILEusion,github.com,1,0
swh:1:cnt:e328f68e97c2c57f69362d532447a4151c0b2067,e328f68e97c2c57f69362d532447a4151c0b2067,/cowrtv8.rpgle,https://github.com/inf1serg/iServices,github.com,1,0
swh:1:cnt:e33a5b4a2643f2b72fae9be27b591e515b4c66ff,e33a5b4a2643f2b72fae9be27b591e515b4c66ff,/parser.rpgle,https://github.com/fiz1962/libonvif-sr99622,github.com,1,0
swh:1:cnt:e37826250595b3bb3744b22ce4ce5d9fb36b8052,e37826250595b3bb3744b22ce4ce5d9fb36b8052,/CEDIT01.rpgle,https://github.com/sapphireapplication/SapphireDiag,github.com,1,0
swh:1:cnt:e3cdde4b6c74276497ef2da813630664bd614889,e3cdde4b6c74276497ef2da813630664bd614889,/T_USRPRF.rpgle,https://bitbucket.org/ataylorkt/usrspcoa.git,bitbucket.org,0,1
swh:1:cnt:e3df49983b1f00632352f061cd9806ef5854ecfe,e3df49983b1f00632352f061cd9806ef5854ecfe,/svpdrv_h.rpgle,https://github.com/inf1serg/iServices,github.com,1,0
swh:1:cnt:e3f1076b2233b95e0ba58ed9a7d82e64f5bcc4d3,e3f1076b2233b95e0ba58ed9a7d82e64f5bcc4d3,/TEST_ANULL.rpgle,https://github.com/RolandStrauss/IBMiUnit,github.com,0,1
swh:1:cnt:e41242a72abe06faf8062f30aff1d53a49a7afb2,e41242a72abe06faf8062f30aff1d53a49a7afb2,/NPPRTVCMD.rpgle,https://github.com/ricooflo/IBMiCmd,github.com,0,1
swh:1:cnt:e41f5ef1b2ed4839f2179260ebb2f84716b10368,e41f5ef1b2ed4839f2179260ebb2f84716b10368,/parser.rpgle,https://github.com/kiyolee/libxml2,github.com,1,0
swh:1:cnt:e422fd70d6ba5919bf7a26ab1062bf63e7d0c547,e422fd70d6ba5919bf7a26ab1062bf63e7d0c547,/vpase_h.rpgle,https://bitbucket.org/inext/vlang-rpg.git,bitbucket.org,1,0
swh:1:cnt:e43c2206d463640cecc2ab2fd30de022c8c2ce77,e43c2206d463640cecc2ab2fd30de022c8c2ce77,/JSONPARS4B.JSON-json-to-text.rpgle,https://github.com/sitemule/noxDB,github.com,1,0
swh:1:cnt:e442923c407aec4d27cf1d9541ed7929dcddfe64,e442923c407aec4d27cf1d9541ed7929dcddfe64,/FAILING_TELEMETRY_SPAN.rpgle,https://github.com/smeup/jariko,github.com,1,0
swh:1:cnt:e45ea5d0fced89cff943bd86c9b6fe0dea3a4bee,e45ea5d0fced89cff943bd86c9b6fe0dea3a4bee,/Z-ADD.rpgle,https://github.com/JCErasmus/antlr4-rpgle,github.com,1,0
swh:1:cnt:e46b5f4ae10be70fd602b01f0ee70b7152f9170f,e46b5f4ae10be70fd602b01f0ee70b7152f9170f,/Mytest.rpgle,https://github.com/AdrianAtArcad/MERL2307,github.com,0,1
swh:1:cnt:e49262c083eaf76478d23b7fff862de9e90bd61d,e49262c083eaf76478d23b7fff862de9e90bd61d,/Test.rpgle,https://github.com/DjDhawan/Test_Repo,github.com,0,1
swh:1:cnt:e4c78bbb303b7349a48263c41b02b2d1ce0f1021,e4c78bbb303b7349a48263c41b02b2d1ce0f1021,/XMLPARS140.XML-Count-Elements.rpgle,https://github.com/BrianGarland/noxDB,github.com,1,0
swh:1:cnt:e4f05f34238d70990c2b35a2ef960c895520b2df,e4f05f34238d70990c2b35a2ef960c895520b2df,/transcode.rpgle,https://github.com/Zayzah/Linux,github.com,0,1
swh:1:cnt:e4f8fb3d4bd4c3b6ff7981f7ef535d8249fa7272,e4f8fb3d4bd4c3b6ff7981f7ef535d8249fa7272,/libssh2_sftp.rpgle,https://crates.io/api/v1/crates/libssh2-sys/0.3.1/download,crates.io,0,1
swh:1:cnt:e56753d8500a2cb538e389a756ba391604f26f10,e56753d8500a2cb538e389a756ba391604f26f10,/ileuoxml.rpgle,https://bitbucket.org/m1hael/ileunit.git,bitbucket.org,0,1
swh:1:cnt:e59c58c5d30eecbfbd020c9b882b7e805885d1d2,e59c58c5d30eecbfbd020c9b882b7e805885d1d2,/prwase9.rpgle,https://github.com/inf1serg/iServices,github.com,1,0
swh:1:cnt:e5d33ef4905bb2a071164daacbf6224f3bbea16d,e5d33ef4905bb2a071164daacbf6224f3bbea16d,/t041.rpgle,https://svn.code.sf.net/p/i5toolkit/code,svn.code.sf.net,1,0
swh:1:cnt:e64500db999926b92955a5dc62656310a9c8f5e9,e64500db999926b92955a5dc62656310a9c8f5e9,/migsrcpf.rpgle,https://github.com/Faq400Git/migrate,github.com,1,0
swh:1:cnt:e67291793653163387cf27b7ac31c8e63e070418,e67291793653163387cf27b7ac31c8e63e070418,/pvfmonusr.rpgle,https://github.com/RiccardoBurderiAG/as400tail,github.com,0,1
swh:1:cnt:e672fc1f664b7db3d485b88a4b5c62e7447e4697,e672fc1f664b7db3d485b88a4b5c62e7447e4697,/STUD01.rpgle,https://github.com/DjDhawan/Student-management-,github.com,0,1
swh:1:cnt:e6b688ab9f9c1a6dcbafe09034579730c3db2f1a,e6b688ab9f9c1a6dcbafe09034579730c3db2f1a,/Even-primes-factorial_functions.rpgle,https://github.com/martinezga/ibm-rpg-programs,github.com,1,0
swh:1:cnt:e6df0835129dd44dbd4901903a8e430903ab2b10,e6df0835129dd44dbd4901903a8e430903ab2b10,/ipkgrepofi_h.rpgle,https://bitbucket.org/NielsLiisberg/ipkg.git,bitbucket.org,1,0
swh:1:cnt:e6eb5198eeda2038100d80ed57035612e69e8add,e6eb5198eeda2038100d80ed57035612e69e8add,/klist1.rpgle,https://github.com/chrjorgensen/rpgleparser,github.com,0,1
swh:1:cnt:e7548c7ff13e1ecf321a0f51ec7ef94cb171f7f0,e7548c7ff13e1ecf321a0f51ec7ef94cb171f7f0,/t047.rpgle,https://github.com/ITMentalist/junleili-i5toolkit,github.com,1,0
swh:1:cnt:e758a64688e244e68381bacd2cf7eb0beb502ce6,e758a64688e244e68381bacd2cf7eb0beb502ce6,/ac0089r101.rpgle,https://github.com/RandyHH/cvt425,github.com,1,0
swh:1:cnt:e75eae0c57f060d658f1844c78dc14ab1b8f9828,e75eae0c57f060d658f1844c78dc14ab1b8f9828,/ChkLogin.rpgle,https://github.com/BhoomiP/Fresh-Cool,github.com,0,1
swh:1:cnt:e77056e53c2ac81088c76b15364ec16e3789eb7e,e77056e53c2ac81088c76b15364ec16e3789eb7e,/json15.rpgle,https://github.com/NielsLiisberg/noxDB,github.com,1,0
swh:1:cnt:e7bc0f70517f531a691e57a584cbb00b4ae36f57,e7bc0f70517f531a691e57a584cbb00b4ae36f57,/ceeapi_h.rpgle,https://bitbucket.org/m1hael/irpgunit.git,bitbucket.org,0,1
swh:1:cnt:e7d176084190a3a0f7642fe82f2f438e6341a6be,e7d176084190a3a0f7642fe82f2f438e6341a6be,/diff.rpgle,https://github.com/JCErasmus/antlr4-rpgle,github.com,1,0
swh:1:cnt:e7d5979befa84398030909a737dc36d8c3b1fbe0,e7d5979befa84398030909a737dc36d8c3b1fbe0,/MUDRNRAPU001119_P.rpgle,https://github.com/smeup/jariko,github.com,1,0
swh:1:cnt:e7efcae5788bab372a7df71dcf403b4269f71d85,e7efcae5788bab372a7df71dcf403b4269f71d85,/wsrpq1.rpgle,https://github.com/inf1serg/iServices,github.com,1,0
swh:1:cnt:e7fe18f3b4f532372ef5a5a4f04b1a09f4072ee1,e7fe18f3b4f532372ef5a5a4f04b1a09f4072ee1,/math.rpgle,https://github.com/IBM/vscode-ibmi-testing,github.com,0,1
swh:1:cnt:e804e656872a861b8aba23c872edbdccd0d5ac0a,e804e656872a861b8aba23c872edbdccd0d5ac0a,/constant_length_array_test.rpgle,https://github.com/COG-GTM/rpg-examples,github.com,1,0
swh:1:cnt:e8425f9cd2883fc8e6920af5a36d210b143fb901,e8425f9cd2883fc8e6920af5a36d210b143fb901,/r105.rpgle,https://github.com/ITMentalist/junleili-i5toolkit,github.com,1,0
swh:1:cnt:e85d38d1d4649e3062a4a34e36f31c1cf8e246a2,e85d38d1d4649e3062a4a34e36f31c1cf8e246a2,/menu.rpgle,https://github.com/BezouwenR/IceBreak-Samples,github.com,1,0
swh:1:cnt:e89334a714f23cc411fe2d9ab9a8a68478b5b4df,e89334a714f23cc411fe2d9ab9a8a68478b5b4df,/ez1srv_h.rpgle,https://github.com/dthierman/WMCPA-RPG-code,github.com,0,1
swh:1:cnt:e8afb3d25b58a191bfe91098cb49fb817056654b,e8afb3d25b58a191bfe91098cb49fb817056654b,/UNLIMIT_S.rpgle,https://github.com/smeup/jariko,github.com,1,0
swh:1:cnt:e8cc67d661f0d3d9c305ea51af30d04a07cb0840,e8cc67d661f0d3d9c305ea51af30d04a07cb0840,/03-qualified.rpgle,https://github.com/andlrc/rpglelint,github.com,1,0
swh:1:cnt:e9455898af84adb246eea2fb71fc495a3ea354f0,e9455898af84adb246eea2fb71fc495a3ea354f0,/xpathInternals.rpgle,https://gitlab.gnome.org/GNOME/libxml2.git,gitlab.gnome.org,0,1
swh:1:cnt:e95c75ddd9c20019cb02813db5972c55cbaf0732,e95c75ddd9c20019cb02813db5972c55cbaf0732,/PROCEDURE_R.rpgle,https://github.com/smeup/jariko,github.com,1,0
swh:1:cnt:e99c98d9d1058b0767a59eaf12d72135dbbbf5d8,e99c98d9d1058b0767a59eaf12d72135dbbbf5d8,/mypgm.pgm.rpgle,https://github.com/IBM/ibmi-company_system,github.com,1,0
swh:1:cnt:e9e2297f11cefad72d4f2049a3fb5a91e5a4ad88,e9e2297f11cefad72d4f2049a3fb5a91e5a4ad88,/MUTE13_20.rpgle,https://github.com/smeup/jariko,github.com,1,0
swh:1:cnt:e9eca98f4e4dfe02bbc353af688d2fdf8f891620,e9eca98f4e4dfe02bbc353af688d2fdf8f891620,/T15_A50.rpgle,https://github.com/smeup/jariko,github.com,1,0
swh:1:cnt:ea5bdab6325c28eb8cd488ef6f1f0c9343d4303b,ea5bdab6325c28eb8cd488ef6f1f0c9343d4303b,/prtlbl.rpgle,https://github.com/cwbuck/outbound-api,github.com,1,0
swh:1:cnt:ea89d24d721920f37dc8770d315732a479259ddd,ea89d24d721920f37dc8770d315732a479259ddd,/hello_ibm.rpgle,https://bitbucket.org/Rainer_Ross/libxlsxwriter.git,bitbucket.org,0,1
swh:1:cnt:eab9aabbc1034fffec33c008e112efe226e48abd,eab9aabbc1034fffec33c008e112efe226e48abd,/debugXML.rpgle,https://github.com/mmcco/libxml2,github.com,1,0
swh:1:cnt:ead91da20b4277498bc36dcaa84a5516704ddf36,ead91da20b4277498bc36dcaa84a5516704ddf36,/wsrpan.rpgle,https://github.com/inf1serg/iServices,github.com,1,0
swh:1:cnt:eb06b54bf55f784eb24feda14055a19d42a2757d,eb06b54bf55f784eb24feda14055a19d42a2757d,/xmlerror.rpgle,https://github.com/gtechx/CScript,github.com,0,1
swh:1:cnt:eb15898c1a8b2b1caefd6d0508787d3d786310df,eb15898c1a8b2b1caefd6d0508787d3d786310df,/cbx965e.rpgle,https://github.com/ChrisHird/CF_API,github.com,1,0
swh:1:cnt:eb2944d219ec66162e53ea64231572ba9733fb75,eb2944d219ec66162e53ea64231572ba9733fb75,/c_multiline_indicators.rpgle,https://github.com/JCErasmus/antlr4-rpgle,github.com,1,0
swh:1:cnt:eb5d216bc75104519f11164980c017436b0fe5f1,eb5d216bc75104519f11164980c017436b0fe5f1,/mypgm.pgm.rpgle,https://github.com/IBM/ibmi-company_system,github.com,0,1
swh:1:cnt:eb7d46bca43c7d367983b7ffc0dd0822cdaf18f4,eb7d46bca43c7d367983b7ffc0dd0822cdaf18f4,/plugconv.rpgle,https://github.com/droidkita/xmlservice,github.com,0,1
swh:1:cnt:eb86554c2fb8bb7cbc8e4fed49d2ca28ca7f21ac,eb86554c2fb8bb7cbc8e4fed49d2ca28ca7f21ac,/JSONPARSER.rpgle,https://github.com/sitemule/noxDB,github.com,1,0
swh:1:cnt:eb8f9cd087e0657dddd53597107e3eab863ae5c9,eb8f9cd087e0657dddd53597107e3eab863ae5c9,/SM_CALL_E_EAE_E.rpgle,https://github.com/smeup/jariko,github.com,1,0
swh:1:cnt:eba98edc9d62a02f017fa2e69a565d28e9c86dda,eba98edc9d62a02f017fa2e69a565d28e9c86dda,/sndmsg2.rpgle,https://github.com/ThePrez/OSS-integration-pptx,github.com,0,1
swh:1:cnt:ebb7ed10c5b21d610732299702d65fd5b6717d34,ebb7ed10c5b21d610732299702d65fd5b6717d34,/COVIDRPG.rpgle,https://github.com/DukeManh/bci433-1,github.com,1,0
swh:1:cnt:ebe2ab35bbe9256ad87bcd7059f216d98733731d,ebe2ab35bbe9256ad87bcd7059f216d98733731d,/t005.rpgle,https://github.com/ITMentalist/junleili-i5toolkit,github.com,1,0
swh:1:cnt:ebf91212bafb204e54ea026502b3910ad292a9dc,ebf91212bafb204e54ea026502b3910ad292a9dc,/op_file_open.rpgle,https://github.com/Parveen-as400/NetRPG,github.com,1,0
swh:1:cnt:ec0f5e882a56ca4822521d996d8d686ade897bc5,ec0f5e882a56ca4822521d996d8d686ade897bc5,/rainsrv.rpgle,https://github.com/Bhaskers-Blu-Org1/db2sock-ibmi,github.com,0,1
swh:1:cnt:ecb61ffd42392d91662819d7c832e299e3340c2b,ecb61ffd42392d91662819d7c832e299e3340c2b,/maze.rpgle,https://github.com/BrianGarland/Maze,github.com,0,1
swh:1:cnt:ed30742203e46ce571bac6d4461fee4217e8760b,ed30742203e46ce571bac6d4461fee4217e8760b,/MEMCPYP.rpgle,https://github.com/jsranko/ibmi-rpgle-apis,github.com,0,1
swh:1:cnt:ed62f0d50cf7eb2f9e9029faeb6c468deaf12690,ed62f0d50cf7eb2f9e9029faeb6c468deaf12690,/carabirubi69.rpgle,https://github.com/carabirubi69/retos-programacion-2023,github.com,1,1
swh:1:cnt:edb25cbb583c73f8c23f1203be3aad4d6c82cb2a,edb25cbb583c73f8c23f1203be3aad4d6c82cb2a,/hello.rpgle,https://github.com/barrettotte/Kanpachi,github.com,0,1
swh:1:cnt:edc475f8114ef8ac85f34d53e48198fb43782a4a,edc475f8114ef8ac85f34d53e48198fb43782a4a,/schemasInternals.rpgle,https://github.com/gtechx/CScript,github.com,1,0
swh:1:cnt:ee18046646b2e8c36ea75536452e5cc4da1e156e,ee18046646b2e8c36ea75536452e5cc4da1e156e,/orders_h.rpgle,https://github.com/christianlarsen/orders,github.com,0,1
swh:1:cnt:ee2118ccd91de69a9792af415c089029c24feb06,ee2118ccd91de69a9792af415c089029c24feb06,/JSONSQL22A.SQL-insert-update-clob.rpgle,https://github.com/BrianGarland/noxDB,github.com,1,0
swh:1:cnt:ee2368ce063b16c9f6830d14592a3e1ce7c4d9ae,ee2368ce063b16c9f6830d14592a3e1ce7c4d9ae,/gitbrg.rpgle,https://github.com/RolandStrauss/gitcm,github.com,0,1
swh:1:cnt:ee5d2e1352cdd8fb4344b0b6aa0a56378247d665,ee5d2e1352cdd8fb4344b0b6aa0a56378247d665,/message_h.rpgle,https://github.com/BrianGarland/OSSILE,github.com,0,1
swh:1:cnt:ee7a72cb46fa9abae6a6ed7ef2aa4fe07357d1fc,ee7a72cb46fa9abae6a6ed7ef2aa4fe07357d1fc,/op_eval1.rpgle,https://github.com/Parveen-as400/NetRPG,github.com,1,0
swh:1:cnt:ee9d676a26ffb7ca53eb44d528a6eaf0af5f1fc4,ee9d676a26ffb7ca53eb44d528a6eaf0af5f1fc4,/xmlstring.rpgle,https://github.com/djp952/pvr.hdhomerundvr,github.com,1,0
swh:1:cnt:eec43a96b9fec2a2e8e05f1ec6b24bb3e0e61392,eec43a96b9fec2a2e8e05f1ec6b24bb3e0e61392,/xml2.rpgle,https://github.com/NielsLiisberg/noxDB,github.com,1,0
swh:1:cnt:eefb7e4fa864141cde5ab5632c085f6849643d51,eefb7e4fa864141cde5ab5632c085f6849643d51,/EDIT_H.rpgle,https://github.com/ITMentalist/ibmi-2,github.com,1,0
swh:1:cnt:ef4838cae5497fbb60c0f08102132422d21b705a,ef4838cae5497fbb60c0f08102132422d21b705a,/TMLib_1.rpgle,https://github.com/TickMogne/TMLib,github.com,1,0
swh:1:cnt:ef51f2242369277597c5f57778545cc5d99f1448,ef51f2242369277597c5f57778545cc5d99f1448,/string.rpgle,https://github.com/BezouwenR/ILEstdlib,github.com,0,1
swh:1:cnt:ef7a9003c498c6c7c44d1160d5e7f6e59531a48c,ef7a9003c498c6c7c44d1160d5e7f6e59531a48c,/prfd01ma02.rpgle,https://github.com/RandyHH/cvt425,github.com,1,0
swh:1:cnt:efc480d6930f03f88365bf0956825cbc1c6e2ea5,efc480d6930f03f88365bf0956825cbc1c6e2ea5,/cbx982.rpgle,https://github.com/ChrisHird/CF_API,github.com,1,0
swh:1:cnt:f031d7a69a2a42339a5a8be506b43ca99c112ec7,f031d7a69a2a42339a5a8be506b43ca99c112ec7,/T02_A80_P03.rpgle,https://github.com/smeup/jariko,github.com,1,0
swh:1:cnt:f04aa2ebfe067a55efa856c78c4231a86c7a350f,f04aa2ebfe067a55efa856c78c4231a86c7a350f,/parser.rpgle,https://github.com/271674605/GoogleAndroidSource,github.com,1,0
swh:1:cnt:f134e8ecf616954be1887c30ac954775b99cbace,f134e8ecf616954be1887c30ac954775b99cbace,/testwpos1.rpgle,https://github.com/pabloto/test_tab_problem,github.com,1,0
swh:1:cnt:f184f70da0e65e83ef5a83564958fb359e8e4a4d,f184f70da0e65e83ef5a83564958fb359e8e4a4d,/t032.rpgle,https://svn.code.sf.net/p/i5toolkit/code,svn.code.sf.net,1,0
swh:1:cnt:f18f63641865efb13226d39dcbcf571a04446a01,f18f63641865efb13226d39dcbcf571a04446a01,/FREE_HELLO.rpgle,https://github.com/smeup/jariko,github.com,1,0
swh:1:cnt:f1c75f1c4865f70a2d0bb79f6fc3d3a17b14e723,f1c75f1c4865f70a2d0bb79f6fc3d3a17b14e723,/MUDRNRAPU001121_P.rpgle,https://github.com/smeup/jariko,github.com,1,0
swh:1:cnt:f1cc557a83fe6bc2459f9beef9e64cab059cd1dc,f1cc557a83fe6bc2459f9beef9e64cab059cd1dc,/ArrayPgm.rpgle,https://github.com/jervitha/-MyFirstRepository,github.com,0,1
swh:1:cnt:f1d2a3bed861f72a16036a272f77518cf3d20c1b,f1d2a3bed861f72a16036a272f77518cf3d20c1b,/MUTE12_08.rpgle,https://github.com/smeup/jariko,github.com,1,0
swh:1:cnt:f1ec7f8a629176fd9534f69fc5833e79541312ee,f1ec7f8a629176fd9534f69fc5833e79541312ee,/TEST1.rpgle,https://github.com/Hans3087/TEST2,github.com,1,0
swh:1:cnt:f23fc0d448ea321b7d47b7f248fb7bdd1659c6e9,f23fc0d448ea321b7d47b7f248fb7bdd1659c6e9,/luwrka_h.rpgle,https://github.com/ITMentalist/klement_rpg_copybooks,github.com,1,0
swh:1:cnt:f262f9c7b21c0ef5c1e325dbabfbee5e1750d26d,f262f9c7b21c0ef5c1e325dbabfbee5e1750d26d,/JSONSQL00A.SQL-resultset-array.rpgle,https://github.com/sitemule/noxDB,github.com,1,0
swh:1:cnt:f288702d2fa16d3cdf0035b15a9fcbc552cd88e7,f288702d2fa16d3cdf0035b15a9fcbc552cd88e7,/LICENSE.rpgle,https://github.com/Timoxa82/---------,github.com,0,1
swh:1:cnt:f2987c8bb63df90ed9e089ddb007ce43b491f7ca,f2987c8bb63df90ed9e089ddb007ce43b491f7ca,/doorswitch.rpgle,https://github.com/ScottKlement/rpg-raspi-demo,github.com,0,1
swh:1:cnt:f2b9f36d2528de689445a1f6106bac807ef8ba2c,f2b9f36d2528de689445a1f6106bac807ef8ba2c,/xml001.rpgle,https://github.com/bmarolleau/bob-recursive-example,github.com,0,1
swh:1:cnt:f2bb26ff2c5cb15d19449014ac250f329d0c2060,f2bb26ff2c5cb15d19449014ac250f329d0c2060,/MUTE10_16.rpgle,https://github.com/smeup/jariko,github.com,1,0
swh:1:cnt:f2c227b50bd92ccfc4f31ad432b52dec0d38fd5b,f2c227b50bd92ccfc4f31ad432b52dec0d38fd5b,/HB_PING.rpgle,https://github.com/K3S/IBMi-Utilities,github.com,0,1
swh:1:cnt:f368b0dee911294bbb522052034888131001f30d,f368b0dee911294bbb522052034888131001f30d,/psds.rpgle,https://bitbucket.org/NielsLiisberg/ipkg.git,bitbucket.org,1,0
swh:1:cnt:f398be76123e7844f0e16b2d12dd3f34a21be436,f398be76123e7844f0e16b2d12dd3f34a21be436,/sms.rpgle,https://github.com/barrettotte/RPGLE-Twilio,github.com,1,0
swh:1:cnt:f3c0e31cc16cf4a0a758837a9109c02642c41e1b,f3c0e31cc16cf4a0a758837a9109c02642c41e1b,/H_SPECS.rpgle,https://github.com/BezouwenR/KEYSAFE,github.com,0,1
swh:1:cnt:f4068fc8ff90ece52f88893d1ad78f2b4639f8bd,f4068fc8ff90ece52f88893d1ad78f2b4639f8bd,/libssh2_sftp.rpgle,https://github.com/kbulgrien/libssh2-1.2.4-sco3.2v5.0.7,github.com,0,1
swh:1:cnt:f4227716f793ec4b91827f83c8c93fa4a65e10fe,f4227716f793ec4b91827f83c8c93fa4a65e10fe,/router_exact_match.rpgle,https://bitbucket.org/m1hael/bluedroplet.git,bitbucket.org,1,0
swh:1:cnt:f462d5851f83f83edfcc12cdcaad1f0e6230222b,f462d5851f83f83edfcc12cdcaad1f0e6230222b,/op_file_chain3.rpgle,https://github.com/szsascha/NetRPG,github.com,1,0
swh:1:cnt:f49ccac6d28f8441130e94bb08bee6afae4f0aad,f49ccac6d28f8441130e94bb08bee6afae4f0aad,/DOENDDO.rpgle,https://github.com/chrjorgensen/rpgleparser,github.com,1,0
swh:1:cnt:f4a1b3af3269e9c6d1764b6e3fbc49def5d16173,f4a1b3af3269e9c6d1764b6e3fbc49def5d16173,/MUDRNRAPU00149.rpgle,https://github.com/smeup/jariko,github.com,1,0
swh:1:cnt:f4b24176e699255757c784ddfb8ed531a314fe09,f4b24176e699255757c784ddfb8ed531a314fe09,/HelloWorld.rpgle,https://github.com/neerajmontu/HelloWorld,github.com,0,1
swh:1:cnt:f4dcdd22cb8bcf254c60cd6da25a0fa4907e1f68,f4dcdd22cb8bcf254c60cd6da25a0fa4907e1f68,/jdbctest.rpgle,https://github.com/chingi1024/RPG,github.com,1,0
swh:1:cnt:f4dfbad49370d7069062e61a16816d77ab5b667c,f4dfbad49370d7069062e61a16816d77ab5b667c,/ReadIfsFil.rpgle,https://github.com/hubpk/QATEST02_Program_List,github.com,1,0
swh:1:cnt:f4f83c221e71178cd97e80aabfbb2a140be248c8,f4f83c221e71178cd97e80aabfbb2a140be248c8,/pvhexedt.rpgle,https://github.com/projectvulcan/as400hexeditor,github.com,0,1
swh:1:cnt:f521264353fe403479c73331ed11d5908fcfc22b,f521264353fe403479c73331ed11d5908fcfc22b,/sndgmail.rpgle,https://github.com/MarcWalking/sndgmail,github.com,0,1
swh:1:cnt:f56356e3d595940c7bb0ad33531524449de86553,f56356e3d595940c7bb0ad33531524449de86553,/t058.rpgle,https://github.com/ITMentalist/junleili-i5toolkit,github.com,1,0
swh:1:cnt:f5f3a5a1d9147cc41254f7080e8b3851b288e7bd,f5f3a5a1d9147cc41254f7080e8b3851b288e7bd,/RPGDCLFREE.rpgle,https://github.com/bojasv/1970,github.com,0,1
swh:1:cnt:f61ed1ee392f39dc6535660a2d78c1037e66e334,f61ed1ee392f39dc6535660a2d78c1037e66e334,/MU024011.rpgle,https://github.com/smeup/jariko,github.com,1,0
swh:1:cnt:f66d5af2bfc63f9315c8f715fd4f089c3264f3fa,f66d5af2bfc63f9315c8f715fd4f089c3264f3fa,/assert_h.rpgle,https://github.com/OSSILE/OSSILE,github.com,1,0
swh:1:cnt:f673ad44a29dfdfb2c88d8eed16a5b4310523654,f673ad44a29dfdfb2c88d8eed16a5b4310523654,/crtfrmstmf.rpgle,https://github.com/as500/crtfrmstmf,github.com,0,1
swh:1:cnt:f673cee516228f16eff4e0cb9cd1e620cc94164b,f673cee516228f16eff4e0cb9cd1e620cc94164b,/JD_003.rpgle,https://github.com/sanfilippo-smeup/jariko,github.com,1,0
swh:1:cnt:f696cc7c6feb94eef312c477eac9942125c66e99,f696cc7c6feb94eef312c477eac9942125c66e99,/Other_Program.rpgle,https://github.com/LeoB42490/RPGLE-Demo,github.com,0,1
swh:1:cnt:f6c7ec635bfe432754c6eda52daa2e13a013703a,f6c7ec635bfe432754c6eda52daa2e13a013703a,/RUNTEST.rpgle,https://github.com/JacksonWebServices/IBMiUnit,github.com,1,0
swh:1:cnt:f6ded5b5d2b02d0967a5ac7e358400b57201001f,f6ded5b5d2b02d0967a5ac7e358400b57201001f,/linux_calc.rpgle,https://github.com/dromonaco/eradani-connect-template,github.com,0,1
swh:1:cnt:f750a30066a62e7d70926bce3477b516ff270fef,f750a30066a62e7d70926bce3477b516ff270fef,/member.rpgle,https://github.com/worksofliam/migrate,github.com,0,1
swh:1:cnt:f76685449a5eb77e2c0dcc6b63e3f749562d2ff1,f76685449a5eb77e2c0dcc6b63e3f749562d2ff1,/pgm1.rpgle,https://github.com/morral81/rpgle_demo,github.com,0,1
swh:1:cnt:f77544b6f5907104cc86b24f7371a4a906dce85f,f77544b6f5907104cc86b24f7371a4a906dce85f,/test21.rpgle,https://github.com/christianlarsen/test21,github.com,0,1
swh:1:cnt:f77bd3a5a5d85721696685a910290feaf6646e77,f77bd3a5a5d85721696685a910290feaf6646e77,/machinf.rpgle,https://bitbucket.org/christianjorgensen/sql-udtf-machine_info.git,bitbucket.org,0,1
swh:1:cnt:f780cdbf024cafb0c52a5d17c7e3c23f4669cb45,f780cdbf024cafb0c52a5d17c7e3c23f4669cb45,/JSONSQL06X.SQL-resultset-array.rpgle,https://github.com/sitemule/noxDB,github.com,1,0
swh:1:cnt:f7a2b43be4ca8c4ee3770ea5854e30e1ddbbfb97,f7a2b43be4ca8c4ee3770ea5854e30e1ddbbfb97,/noxDB2XML.rpgle,https://github.com/mortizma/noxDB,github.com,1,0
swh:1:cnt:f7e52ebdf03425bff86d14eed209d84b15934052,f7e52ebdf03425bff86d14eed209d84b15934052,/MUDRNRAPU00141.rpgle,https://github.com/smeup/jariko,github.com,1,0
swh:1:cnt:f7ebbb83e321ad8b69bb5e6502a7d64eb72dac0d,f7ebbb83e321ad8b69bb5e6502a7d64eb72dac0d,/MUTE_10_59.rpgle,https://github.com/smeup/jariko,github.com,1,0
swh:1:cnt:f800515bec6bb7850597ea5700edb73ea2b3c4fc,f800515bec6bb7850597ea5700edb73ea2b3c4fc,/cbx963e.rpgle,https://github.com/ChrisHird/CF_API,github.com,1,0
swh:1:cnt:f8664c2ac7a119155de6291c77287806185e2d49,f8664c2ac7a119155de6291c77287806185e2d49,/strpreprc_test.rpgle,https://svn.code.sf.net/p/isphere/code,svn.code.sf.net,0,1
swh:1:cnt:f8c5f1ec9e7aaa9d5cfcabcd5f052896b4ee0534,f8c5f1ec9e7aaa9d5cfcabcd5f052896b4ee0534,/T15_A30_P07.rpgle,https://github.com/smeup/jariko,github.com,1,0
swh:1:cnt:f9041b13102e7e6335bec432313833a2fad82ef6,f9041b13102e7e6335bec432313833a2fad82ef6,/migsrcpf.rpgle,https://github.com/Faq400Git/migrate,github.com,1,0
swh:1:cnt:f9132e357978bd8a9fe339191bfd989a56a242fb,f9132e357978bd8a9fe339191bfd989a56a242fb,/autbits03.rpgle,https://svn.code.sf.net/p/i5toolkit/code,svn.code.sf.net,1,0
swh:1:cnt:f94e0fb2f0d5e4a56d347629b53eaeb259d63cdb,f94e0fb2f0d5e4a56d347629b53eaeb259d63cdb,/JSONSQL06E.SQL-resultset-blob-object.rpgle,https://github.com/BrianGarland/noxDB,github.com,1,0
swh:1:cnt:f964069189ee428a4b90ed732a00174c5aea0bc5,f964069189ee428a4b90ed732a00174c5aea0bc5,/prfd01ma03.rpgle,https://github.com/RandyHH/cvt425,github.com,1,0
swh:1:cnt:f99504599be811c4f3636760ecbcd9c48fd5e62f,f99504599be811c4f3636760ecbcd9c48fd5e62f,/ex01Demo.rpgle,https://github.com/sitemule/noxDB,github.com,0,1
swh:1:cnt:f998375703a02c5baafbe792cc66ec49dbcd85e2,f998375703a02c5baafbe792cc66ec49dbcd85e2,/day6p1.rpgle,https://github.com/mopsoft/Advent-of-code,github.com,0,1
swh:1:cnt:f99cab5a6ca9878674f493ecf954db6320fec833,f99cab5a6ca9878674f493ecf954db6320fec833,/BBSWINYNR.rpgle,https://github.com/dasta400/BBS400,github.com,1,0
swh:1:cnt:f9ab2ec742a414577b3071d90f7c11da9e70967a,f9ab2ec742a414577b3071d90f7c11da9e70967a,/wsrpav.rpgle,https://github.com/inf1serg/iServices,github.com,1,0
swh:1:cnt:f9b2107bbc5900b906bb498fd96d88385a040e4d,f9b2107bbc5900b906bb498fd96d88385a040e4d,/rpropnfld.rpgle,https://svn.code.sf.net/p/i5toolkit/code,svn.code.sf.net,1,0
swh:1:cnt:fa8f38e2aec5d8369b6883f195f43bd1fd1c640c,fa8f38e2aec5d8369b6883f195f43bd1fd1c640c,/crud_product_caller.rpgle,https://github.com/martinezga/ibm-rpg-programs,github.com,1,0
swh:1:cnt:faf0f9d8e1f660bb0da9cd32e87f6c18b5f57e3a,faf0f9d8e1f660bb0da9cd32e87f6c18b5f57e3a,/TEST_NUM1.rpgle,https://github.com/RolandStrauss/IBMiUnit,github.com,1,0
swh:1:cnt:fafb203e1497d7b5d547f127b51a2b0637e3493e,fafb203e1497d7b5d547f127b51a2b0637e3493e,/ctrcjr07.rpgle,https://github.com/andrescuartasp/migrationtest,github.com,1,1
swh:1:cnt:fb197394e02cde96f693f991ce83d7b166528faa,fb197394e02cde96f693f991ce83d7b166528faa,/JSONPGM01B.Call-ILE-service-program-procedure.rpgle,https://github.com/sitemule/noxDB,github.com,1,0
swh:1:cnt:fb4d5aff01415823dc4d4a550f1d4241b0bf1a9b,fb4d5aff01415823dc4d4a550f1d4241b0bf1a9b,/router.rpgle,https://github.com/jacobra1/IceBreak,github.com,1,0
swh:1:cnt:fb62561ffae8014262d62cd96e8def238f2a7f44,fb62561ffae8014262d62cd96e8def238f2a7f44,/getcust.rpgle,https://github.com/averan/averan,github.com,0,1
swh:1:cnt:fb687e99428d1d0bb9329ea4b129289f6921f05a,fb687e99428d1d0bb9329ea4b129289f6921f05a,/SAX2.rpgle,https://github.com/kiyolee/libxml2,github.com,1,0
swh:1:cnt:fb7b6d1df5ba8b0979f3287f0063044ca5ea75c6,fb7b6d1df5ba8b0979f3287f0063044ca5ea75c6,/KEYSAFE_H.rpgle,https://github.com/BezouwenR/KEYSAFE,github.com,1,0
swh:1:cnt:fb99dc05a9628bb907e04d2ae030a64ddeedaaa3,fb99dc05a9628bb907e04d2ae030a64ddeedaaa3,/JSONSQL19A.SQL-Update-using-strings.rpgle,https://github.com/sitemule/noxDB,github.com,1,0
swh:1:cnt:fba72e252298b27c6bf06dc3d30a6b42e75393f0,fba72e252298b27c6bf06dc3d30a6b42e75393f0,/RPGAPI_H.rpgle,https://github.com/danlong005/RPGAPI,github.com,1,0
swh:1:cnt:fbbd80943589a52b504eac14e7f8822036d73156,fbbd80943589a52b504eac14e7f8822036d73156,/JSONPARS6J.JSON-Merge-Arrays-into-new-objec.rpgle,https://github.com/sitemule/noxDB,github.com,1,0
swh:1:cnt:fbc3db17b70167a40a21f3c10a43df5f845cf6f6,fbc3db17b70167a40a21f3c10a43df5f845cf6f6,/QGYOLSPL.rpgle,https://github.com/p-behr/irpgunit,github.com,1,0
swh:1:cnt:fbd3044da7953f4ae748192b29ff2fb040c1da07,fbd3044da7953f4ae748192b29ff2fb040c1da07,/xmlIO.rpgle,https://github.com/fiz1962/libonvif-sr99622,github.com,1,0
swh:1:cnt:fc1901dd0450a0fb635f7500c339fb32fb4f3484,fc1901dd0450a0fb635f7500c339fb32fb4f3484,/DATECHEAT.rpgle,https://github.com/cfburns/DateCheat,github.com,0,1
swh:1:cnt:fc411db31bd8ca3580fb148e6ef5341f92adbba5,fc411db31bd8ca3580fb148e6ef5341f92adbba5,/dc250.pgm.rpgle,https://github.com/rogersonra/dcutils,github.com,0,1
swh:1:cnt:fcaa8b4f5cbbc994048d18eb1163303766dc3303,fcaa8b4f5cbbc994048d18eb1163303766dc3303,/prrtvrowcol.rpgle,https://github.com/Ambusy/prrtvrowcol,github.com,0,1
swh:1:cnt:fccfa65c232ce16c7848857300db33f32eacf3ec,fccfa65c232ce16c7848857300db33f32eacf3ec,/main.rpgle,https://github.com/GajenderTyagi/assignment,github.com,0,1
swh:1:cnt:fcdab5a03ee8c48cfc9249d1c2efec61afb78634,fcdab5a03ee8c48cfc9249d1c2efec61afb78634,/T03_A30.rpgle,https://github.com/smeup/jariko,github.com,1,0
swh:1:cnt:fce4b074b4910d3b8ff97aba567127d679567202,fce4b074b4910d3b8ff97aba567127d679567202,/op_file_setll2.rpgle,https://github.com/eyeonpower/NetRPG,github.com,1,0
swh:1:cnt:fd0b8c915019cfc2c8452af83e7e2191cbd32c10,fd0b8c915019cfc2c8452af83e7e2191cbd32c10,/JSONPARS2D.JSON-Parse-String-Unicode.rpgle,https://github.com/sitemule/noxDB,github.com,1,0
swh:1:cnt:fd576c1008de48757541493ece4c7db748bd3708,fd576c1008de48757541493ece4c7db748bd3708,/cbx933.rpgle,https://github.com/ChrisHird/CF_API,github.com,0,1
swh:1:cnt:fd97adbeb6a6fb0dfd73597217a92ec85ee241c2,fd97adbeb6a6fb0dfd73597217a92ec85ee241c2,/psds.rpgle,https://github.com/cyrionp/IBMi-Book-Turkish,github.com,0,1
swh:1:cnt:fd9e8b0eab43b6030423018cac7e85b66276bb33,fd9e8b0eab43b6030423018cac7e85b66276bb33,/jdbctest4.rpgle,https://github.com/chingi1024/RPG,github.com,0,1
swh:1:cnt:fda344c54aff0ed4b2d2e6ff7dd3993e307763fd,fda344c54aff0ed4b2d2e6ff7dd3993e307763fd,/IBMIUIDSP.rpgle,https://github.com/RolandStrauss/IBMiUnit,github.com,1,0
swh:1:cnt:fdc875686dfe3d3822d8987c9e2403048d294299,fdc875686dfe3d3822d8987c9e2403048d294299,/MUTE10_15.rpgle,https://github.com/smeup/jariko,github.com,1,0
swh:1:cnt:fe3d24cc2f0afde2ff24c9a17eca6037d3a6be42,fe3d24cc2f0afde2ff24c9a17eca6037d3a6be42,/ZSERVICE.rpgle,https://github.com/richardschoen/SendObjects-IBMi,github.com,0,1
swh:1:cnt:feabf656abf3ba0cf9b68a5fa663a264019b60f8,feabf656abf3ba0cf9b68a5fa663a264019b60f8,/convmod.rpgle,https://github.com/RPGLE/ConvertCase,github.com,0,1
swh:1:cnt:fed25f850957a027bc2f282f6c82f3938abe8f4c,fed25f850957a027bc2f282f6c82f3938abe8f4c,/XMLPARSER.rpgle,https://github.com/sitemule/noxDB,github.com,1,0
swh:1:cnt:ff6e47dc73773b9b617f97289e90e7d8e10c7a20,ff6e47dc73773b9b617f97289e90e7d8e10c7a20,/indicators.rpgle,https://github.com/chrjorgensen/rpgleparser,github.com,1,0
swh:1:cnt:ffbf14639d400c556480fac9f9e8f03fb5d1b983,ffbf14639d400c556480fac9f9e8f03fb5d1b983,/iconv_h.rpgle,https://github.com/NickLitten/Nicks_Master_Repo,github.com,0,1
swh:1:cnt:ffeaf1c2a8aecfdba6b2b2962ffe1b51c37c9171,ffeaf1c2a8aecfdba6b2b2962ffe1b51c37c9171,/BLXXX86.rpgle,https://github.com/morral81/utilerias_rpg,github.com,0,1
