pl_id,ext,source,strength,source_key,evidence
pl/1c-enterprise,.bsl,linguist,primary,1C Enterprise,https://github.com/github-linguist/linguist/blob/master/lib/linguist/languages.yml
pl/1c-enterprise,.os,linguist,secondary,1C Enterprise,https://github.com/github-linguist/linguist/blob/master/lib/linguist/languages.yml
pl/2-dimensional-array,.2da,linguist,primary,2-Dimensional Array,https://github.com/github-linguist/linguist/blob/master/lib/linguist/languages.yml
pl/4d,.4dm,linguist,primary,4D,https://github.com/github-linguist/linguist/blob/master/lib/linguist/languages.yml
pl/abap,.abap,linguist,primary,ABAP,https://github.com/github-linguist/linguist/blob/master/lib/linguist/languages.yml
pl/abap,.abap,pygments,primary,ABAPLexer,pygments.lexers._mapping.LEXERS (via master CSV)
pl/abap-cds,.asddls,linguist,primary,ABAP CDS,https://github.com/github-linguist/linguist/blob/master/lib/linguist/languages.yml
pl/abnf,.abnf,linguist,primary,ABNF,https://github.com/github-linguist/linguist/blob/master/lib/linguist/languages.yml
pl/abnf,.abnf,pygments,primary,AbnfLexer,pygments.lexers._mapping.LEXERS (via master CSV)
pl/actionscript,.as,linguist,primary,ActionScript,https://github.com/github-linguist/linguist/blob/master/lib/linguist/languages.yml
pl/actionscript,.as,pygments,primary,ActionScriptLexer,pygments.lexers._mapping.LEXERS (via master CSV)
pl/ada,.adb,linguist,primary,Ada,https://github.com/github-linguist/linguist/blob/master/lib/linguist/languages.yml
pl/ada,.ada,linguist,secondary,Ada,https://github.com/github-linguist/linguist/blob/master/lib/linguist/languages.yml
pl/ada,.ads,linguist,secondary,Ada,https://github.com/github-linguist/linguist/blob/master/lib/linguist/languages.yml
pl/ada,.adb,pygments,primary,AdaLexer,pygments.lexers._mapping.LEXERS (via master CSV)
pl/ada,.ads,pygments,secondary,AdaLexer,pygments.lexers._mapping.LEXERS (via master CSV)
pl/ada,.ada,pygments,secondary,AdaLexer,pygments.lexers._mapping.LEXERS (via master CSV)
pl/ada-programming-language,.adb,pygments,primary,AdaLexer,pygments.lexers._mapping.LEXERS (via master CSV)
pl/ada-programming-language,.ads,pygments,secondary,AdaLexer,pygments.lexers._mapping.LEXERS (via master CSV)
pl/ada-programming-language,.ada,pygments,secondary,AdaLexer,pygments.lexers._mapping.LEXERS (via master CSV)
pl/adblock-filter-list,.txt,linguist,primary,Adblock Filter List,https://github.com/github-linguist/linguist/blob/master/lib/linguist/languages.yml
pl/adblock-filter-list,.txt,pygments,primary,TextLexer,pygments.lexers._mapping.LEXERS (via master CSV)
pl/adobe-font-metrics,.afm,linguist,primary,Adobe Font Metrics,https://github.com/github-linguist/linguist/blob/master/lib/linguist/languages.yml
pl/agda,.agda,linguist,primary,Agda,https://github.com/github-linguist/linguist/blob/master/lib/linguist/languages.yml
pl/agda,.agda,pygments,primary,AgdaLexer,pygments.lexers._mapping.LEXERS (via master CSV)
pl/agda-programming-language,.agda,pygments,primary,AgdaLexer,pygments.lexers._mapping.LEXERS (via master CSV)
pl/ags-script,.asc,linguist,primary,AGS Script,https://github.com/github-linguist/linguist/blob/master/lib/linguist/languages.yml
pl/ags-script,.ash,linguist,secondary,AGS Script,https://github.com/github-linguist/linguist/blob/master/lib/linguist/languages.yml
pl/ags-script,.asc,pygments,primary,AscLexer,pygments.lexers._mapping.LEXERS (via master CSV)
pl/ags-script,.pem,pygments,secondary,AscLexer,pygments.lexers._mapping.LEXERS (via master CSV)
pl/ags-script,.id_dsa,pygments,secondary,AscLexer,pygments.lexers._mapping.LEXERS (via master CSV)
pl/ags-script,.id_ecdsa,pygments,secondary,AscLexer,pygments.lexers._mapping.LEXERS (via master CSV)
pl/ags-script,.id_ecdsa_sk,pygments,secondary,AscLexer,pygments.lexers._mapping.LEXERS (via master CSV)
pl/ags-script,.id_ed25519,pygments,secondary,AscLexer,pygments.lexers._mapping.LEXERS (via master CSV)
pl/ags-script,.id_rsa,pygments,secondary,AscLexer,pygments.lexers._mapping.LEXERS (via master CSV)
pl/aheui,.aheui,pygments,primary,AheuiLexer,pygments.lexers._mapping.LEXERS (via master CSV)
pl/aidl,.aidl,linguist,primary,AIDL,https://github.com/github-linguist/linguist/blob/master/lib/linguist/languages.yml
pl/aiken,.ak,linguist,primary,Aiken,https://github.com/github-linguist/linguist/blob/master/lib/linguist/languages.yml
pl/al,.al,linguist,primary,AL,https://github.com/github-linguist/linguist/blob/master/lib/linguist/languages.yml
pl/algol,.alg,linguist,primary,ALGOL,https://github.com/github-linguist/linguist/blob/master/lib/linguist/languages.yml
pl/algol,.alg,pygments,primary,PortugolLexer,pygments.lexers._mapping.LEXERS (via master CSV)
pl/algol,.portugol,pygments,secondary,PortugolLexer,pygments.lexers._mapping.LEXERS (via master CSV)
pl/alloy,.als,linguist,primary,Alloy,https://github.com/github-linguist/linguist/blob/master/lib/linguist/languages.yml
pl/alloy,.als,pygments,primary,AlloyLexer,pygments.lexers._mapping.LEXERS (via master CSV)
pl/altium-designer,.outjob,linguist,primary,Altium Designer,https://github.com/github-linguist/linguist/blob/master/lib/linguist/languages.yml
pl/altium-designer,.pcbdoc,linguist,secondary,Altium Designer,https://github.com/github-linguist/linguist/blob/master/lib/linguist/languages.yml
pl/altium-designer,.prjpcb,linguist,secondary,Altium Designer,https://github.com/github-linguist/linguist/blob/master/lib/linguist/languages.yml
pl/altium-designer,.schdoc,linguist,secondary,Altium Designer,https://github.com/github-linguist/linguist/blob/master/lib/linguist/languages.yml
pl/ambienttalk,.at,pygments,primary,AmbientTalkLexer,pygments.lexers._mapping.LEXERS (via master CSV)
pl/ampl,.ampl,linguist,primary,AMPL,https://github.com/github-linguist/linguist/blob/master/lib/linguist/languages.yml
pl/ampl,.mod,linguist,secondary,AMPL,https://github.com/github-linguist/linguist/blob/master/lib/linguist/languages.yml
pl/ampl,.run,pygments,primary,AmplLexer,pygments.lexers._mapping.LEXERS (via master CSV)
pl/angelscript,.as,linguist,primary,AngelScript,https://github.com/github-linguist/linguist/blob/master/lib/linguist/languages.yml
pl/angelscript,.angelscript,linguist,secondary,AngelScript,https://github.com/github-linguist/linguist/blob/master/lib/linguist/languages.yml
pl/angelscript,.as,pygments,primary,ActionScriptLexer,pygments.lexers._mapping.LEXERS (via master CSV)
pl/answer-set-programming,.lp,linguist,primary,Answer Set Programming,https://github.com/github-linguist/linguist/blob/master/lib/linguist/languages.yml
pl/antlr,.g4,linguist,primary,ANTLR,https://github.com/github-linguist/linguist/blob/master/lib/linguist/languages.yml
pl/apache,.htaccess,pygments,primary,ApacheConfLexer,pygments.lexers._mapping.LEXERS (via master CSV)
pl/apacheconf,.apacheconf,linguist,primary,ApacheConf,https://github.com/github-linguist/linguist/blob/master/lib/linguist/languages.yml
pl/apacheconf,.vhost,linguist,secondary,ApacheConf,https://github.com/github-linguist/linguist/blob/master/lib/linguist/languages.yml
pl/apacheconf,.htaccess,pygments,primary,ApacheConfLexer,pygments.lexers._mapping.LEXERS (via master CSV)
pl/apex,.cls,linguist,primary,Apex,https://github.com/github-linguist/linguist/blob/master/lib/linguist/languages.yml
pl/apex,.apex,linguist,secondary,Apex,https://github.com/github-linguist/linguist/blob/master/lib/linguist/languages.yml
pl/apex,.trigger,linguist,secondary,Apex,https://github.com/github-linguist/linguist/blob/master/lib/linguist/languages.yml
pl/apex,.p,pygments,primary,OpenEdgeLexer,pygments.lexers._mapping.LEXERS (via master CSV)
pl/apex,.cls,pygments,secondary,OpenEdgeLexer,pygments.lexers._mapping.LEXERS (via master CSV)
pl/api-blueprint,.apib,linguist,primary,API Blueprint,https://github.com/github-linguist/linguist/blob/master/lib/linguist/languages.yml
pl/apl,.apl,linguist,primary,APL,https://github.com/github-linguist/linguist/blob/master/lib/linguist/languages.yml
pl/apl,.dyalog,linguist,secondary,APL,https://github.com/github-linguist/linguist/blob/master/lib/linguist/languages.yml
pl/apl,.apl,pygments,primary,APLLexer,pygments.lexers._mapping.LEXERS (via master CSV)
pl/apl,.aplf,pygments,secondary,APLLexer,pygments.lexers._mapping.LEXERS (via master CSV)
pl/apl,.aplo,pygments,secondary,APLLexer,pygments.lexers._mapping.LEXERS (via master CSV)
pl/apl,.apln,pygments,secondary,APLLexer,pygments.lexers._mapping.LEXERS (via master CSV)
pl/apl,.aplc,pygments,secondary,APLLexer,pygments.lexers._mapping.LEXERS (via master CSV)
pl/apl,.apli,pygments,secondary,APLLexer,pygments.lexers._mapping.LEXERS (via master CSV)
pl/apl,.dyalog,pygments,secondary,APLLexer,pygments.lexers._mapping.LEXERS (via master CSV)
pl/apl-programming-language,.apl,pygments,primary,APLLexer,pygments.lexers._mapping.LEXERS (via master CSV)
pl/apl-programming-language,.aplf,pygments,secondary,APLLexer,pygments.lexers._mapping.LEXERS (via master CSV)
pl/apl-programming-language,.aplo,pygments,secondary,APLLexer,pygments.lexers._mapping.LEXERS (via master CSV)
pl/apl-programming-language,.apln,pygments,secondary,APLLexer,pygments.lexers._mapping.LEXERS (via master CSV)
pl/apl-programming-language,.aplc,pygments,secondary,APLLexer,pygments.lexers._mapping.LEXERS (via master CSV)
pl/apl-programming-language,.apli,pygments,secondary,APLLexer,pygments.lexers._mapping.LEXERS (via master CSV)
pl/apl-programming-language,.dyalog,pygments,secondary,APLLexer,pygments.lexers._mapping.LEXERS (via master CSV)
pl/apollo-guidance-computer,.agc,linguist,primary,Apollo Guidance Computer,https://github.com/github-linguist/linguist/blob/master/lib/linguist/languages.yml
pl/applescript,.applescript,linguist,primary,AppleScript,https://github.com/github-linguist/linguist/blob/master/lib/linguist/languages.yml
pl/applescript,.scpt,linguist,secondary,AppleScript,https://github.com/github-linguist/linguist/blob/master/lib/linguist/languages.yml
pl/applescript,.applescript,pygments,primary,AppleScriptLexer,pygments.lexers._mapping.LEXERS (via master CSV)
pl/arc,.arc,linguist,primary,Arc,https://github.com/github-linguist/linguist/blob/master/lib/linguist/languages.yml
pl/arduino,.ino,pygments,primary,ArduinoLexer,pygments.lexers._mapping.LEXERS (via master CSV)
pl/arexx,.rexx,pygments,primary,RexxLexer,pygments.lexers._mapping.LEXERS (via master CSV)
pl/arexx,.rex,pygments,secondary,RexxLexer,pygments.lexers._mapping.LEXERS (via master CSV)
pl/arexx,.rx,pygments,secondary,RexxLexer,pygments.lexers._mapping.LEXERS (via master CSV)
pl/arexx,.arexx,pygments,secondary,RexxLexer,pygments.lexers._mapping.LEXERS (via master CSV)
pl/arrow,.arw,pygments,primary,ArrowLexer,pygments.lexers._mapping.LEXERS (via master CSV)
pl/arturo,.art,pygments,primary,ArturoLexer,pygments.lexers._mapping.LEXERS (via master CSV)
pl/asciidoc,.asciidoc,linguist,primary,AsciiDoc,https://github.com/github-linguist/linguist/blob/master/lib/linguist/languages.yml
pl/asciidoc,.adoc,linguist,secondary,AsciiDoc,https://github.com/github-linguist/linguist/blob/master/lib/linguist/languages.yml
pl/asciidoc,.asc,linguist,secondary,AsciiDoc,https://github.com/github-linguist/linguist/blob/master/lib/linguist/languages.yml
pl/asciidoc,.asc,pygments,primary,AscLexer,pygments.lexers._mapping.LEXERS (via master CSV)
pl/asciidoc,.pem,pygments,secondary,AscLexer,pygments.lexers._mapping.LEXERS (via master CSV)
pl/asciidoc,.id_dsa,pygments,secondary,AscLexer,pygments.lexers._mapping.LEXERS (via master CSV)
pl/asciidoc,.id_ecdsa,pygments,secondary,AscLexer,pygments.lexers._mapping.LEXERS (via master CSV)
pl/asciidoc,.id_ecdsa_sk,pygments,secondary,AscLexer,pygments.lexers._mapping.LEXERS (via master CSV)
pl/asciidoc,.id_ed25519,pygments,secondary,AscLexer,pygments.lexers._mapping.LEXERS (via master CSV)
pl/asciidoc,.id_rsa,pygments,secondary,AscLexer,pygments.lexers._mapping.LEXERS (via master CSV)
pl/asl,.asl,linguist,primary,ASL,https://github.com/github-linguist/linguist/blob/master/lib/linguist/languages.yml
pl/asl,.dsl,linguist,secondary,ASL,https://github.com/github-linguist/linguist/blob/master/lib/linguist/languages.yml
pl/asm,.s,pygments,primary,GasLexer,pygments.lexers._mapping.LEXERS (via master CSV)
pl/asn-1-2,.asn,linguist,primary,ASN.1,https://github.com/github-linguist/linguist/blob/master/lib/linguist/languages.yml
pl/asn-1-2,.asn1,linguist,secondary,ASN.1,https://github.com/github-linguist/linguist/blob/master/lib/linguist/languages.yml
pl/asn-1-2,.asn1,pygments,primary,Asn1Lexer,pygments.lexers._mapping.LEXERS (via master CSV)
pl/asp-net,.asax,linguist,primary,ASP.NET,https://github.com/github-linguist/linguist/blob/master/lib/linguist/languages.yml
pl/asp-net,.ascx,linguist,secondary,ASP.NET,https://github.com/github-linguist/linguist/blob/master/lib/linguist/languages.yml
pl/asp-net,.ashx,linguist,secondary,ASP.NET,https://github.com/github-linguist/linguist/blob/master/lib/linguist/languages.yml
pl/asp-net,.asmx,linguist,secondary,ASP.NET,https://github.com/github-linguist/linguist/blob/master/lib/linguist/languages.yml
pl/asp-net,.aspx,linguist,secondary,ASP.NET,https://github.com/github-linguist/linguist/blob/master/lib/linguist/languages.yml
pl/asp-net,.axd,linguist,secondary,ASP.NET,https://github.com/github-linguist/linguist/blob/master/lib/linguist/languages.yml
pl/asp-net,.aspx,pygments,primary,VbNetAspxLexer,pygments.lexers._mapping.LEXERS (via master CSV)
pl/asp-net,.asax,pygments,secondary,VbNetAspxLexer,pygments.lexers._mapping.LEXERS (via master CSV)
pl/asp-net,.ascx,pygments,secondary,VbNetAspxLexer,pygments.lexers._mapping.LEXERS (via master CSV)
pl/asp-net,.ashx,pygments,secondary,VbNetAspxLexer,pygments.lexers._mapping.LEXERS (via master CSV)
pl/asp-net,.asmx,pygments,secondary,VbNetAspxLexer,pygments.lexers._mapping.LEXERS (via master CSV)
pl/asp-net,.axd,pygments,secondary,VbNetAspxLexer,pygments.lexers._mapping.LEXERS (via master CSV)
pl/aspectj,.aj,linguist,primary,AspectJ,https://github.com/github-linguist/linguist/blob/master/lib/linguist/languages.yml
pl/aspectj,.aj,pygments,primary,AspectJLexer,pygments.lexers._mapping.LEXERS (via master CSV)
pl/assembly,.asm,linguist,primary,Assembly,https://github.com/github-linguist/linguist/blob/master/lib/linguist/languages.yml
pl/assembly,.a51,linguist,secondary,Assembly,https://github.com/github-linguist/linguist/blob/master/lib/linguist/languages.yml
pl/assembly,.i,linguist,secondary,Assembly,https://github.com/github-linguist/linguist/blob/master/lib/linguist/languages.yml
pl/assembly,.inc,linguist,secondary,Assembly,https://github.com/github-linguist/linguist/blob/master/lib/linguist/languages.yml
pl/assembly,.nas,linguist,secondary,Assembly,https://github.com/github-linguist/linguist/blob/master/lib/linguist/languages.yml
pl/assembly,.nasm,linguist,secondary,Assembly,https://github.com/github-linguist/linguist/blob/master/lib/linguist/languages.yml
pl/assembly,.s,linguist,secondary,Assembly,https://github.com/github-linguist/linguist/blob/master/lib/linguist/languages.yml
pl/assembly,.asm,pygments,primary,NasmLexer,pygments.lexers._mapping.LEXERS (via master CSV)
pl/assembly,.nasm,pygments,secondary,NasmLexer,pygments.lexers._mapping.LEXERS (via master CSV)
pl/astro,.astro,linguist,primary,Astro,https://github.com/github-linguist/linguist/blob/master/lib/linguist/languages.yml
pl/asymptote,.asy,linguist,primary,Asymptote,https://github.com/github-linguist/linguist/blob/master/lib/linguist/languages.yml
pl/asymptote,.asy,pygments,primary,AsymptoteLexer,pygments.lexers._mapping.LEXERS (via master CSV)
pl/at-2,.at,pygments,primary,AmbientTalkLexer,pygments.lexers._mapping.LEXERS (via master CSV)
pl/ats,.dats,linguist,primary,ATS,https://github.com/github-linguist/linguist/blob/master/lib/linguist/languages.yml
pl/ats,.hats,linguist,secondary,ATS,https://github.com/github-linguist/linguist/blob/master/lib/linguist/languages.yml
pl/ats,.sats,linguist,secondary,ATS,https://github.com/github-linguist/linguist/blob/master/lib/linguist/languages.yml
pl/augeas,.aug,linguist,primary,Augeas,https://github.com/github-linguist/linguist/blob/master/lib/linguist/languages.yml
pl/augeas,.aug,pygments,primary,AugeasLexer,pygments.lexers._mapping.LEXERS (via master CSV)
pl/autohotkey,.ahk,linguist,primary,AutoHotkey,https://github.com/github-linguist/linguist/blob/master/lib/linguist/languages.yml
pl/autohotkey,.ahkl,linguist,secondary,AutoHotkey,https://github.com/github-linguist/linguist/blob/master/lib/linguist/languages.yml
pl/autohotkey,.ahk,pygments,primary,AutohotkeyLexer,pygments.lexers._mapping.LEXERS (via master CSV)
pl/autohotkey,.ahkl,pygments,secondary,AutohotkeyLexer,pygments.lexers._mapping.LEXERS (via master CSV)
pl/autoit,.au3,linguist,primary,AutoIt,https://github.com/github-linguist/linguist/blob/master/lib/linguist/languages.yml
pl/autoit,.au3,pygments,primary,AutoItLexer,pygments.lexers._mapping.LEXERS (via master CSV)
pl/avro-idl,.avdl,linguist,primary,Avro IDL,https://github.com/github-linguist/linguist/blob/master/lib/linguist/languages.yml
pl/awk,.awk,linguist,primary,Awk,https://github.com/github-linguist/linguist/blob/master/lib/linguist/languages.yml
pl/awk,.auk,linguist,secondary,Awk,https://github.com/github-linguist/linguist/blob/master/lib/linguist/languages.yml
pl/awk,.gawk,linguist,secondary,Awk,https://github.com/github-linguist/linguist/blob/master/lib/linguist/languages.yml
pl/awk,.mawk,linguist,secondary,Awk,https://github.com/github-linguist/linguist/blob/master/lib/linguist/languages.yml
pl/awk,.nawk,linguist,secondary,Awk,https://github.com/github-linguist/linguist/blob/master/lib/linguist/languages.yml
pl/awk,.awk,pygments,primary,AwkLexer,pygments.lexers._mapping.LEXERS (via master CSV)
pl/b-formal-method,.mch,linguist,primary,B (Formal Method),https://github.com/github-linguist/linguist/blob/master/lib/linguist/languages.yml
pl/b4x,.bas,linguist,primary,B4X,https://github.com/github-linguist/linguist/blob/master/lib/linguist/languages.yml
pl/b4x,.vb,pygments,primary,VbNetLexer,pygments.lexers._mapping.LEXERS (via master CSV)
pl/b4x,.bas,pygments,secondary,VbNetLexer,pygments.lexers._mapping.LEXERS (via master CSV)
pl/ballerina,.bal,linguist,primary,Ballerina,https://github.com/github-linguist/linguist/blob/master/lib/linguist/languages.yml
pl/bash,.sh,pygments,primary,BashLexer,pygments.lexers._mapping.LEXERS (via master CSV)
pl/bash,.ksh,pygments,secondary,BashLexer,pygments.lexers._mapping.LEXERS (via master CSV)
pl/bash,.bash,pygments,secondary,BashLexer,pygments.lexers._mapping.LEXERS (via master CSV)
pl/bash,.ebuild,pygments,secondary,BashLexer,pygments.lexers._mapping.LEXERS (via master CSV)
pl/bash,.eclass,pygments,secondary,BashLexer,pygments.lexers._mapping.LEXERS (via master CSV)
pl/bash,.exheres-0,pygments,secondary,BashLexer,pygments.lexers._mapping.LEXERS (via master CSV)
pl/bash,.exlib,pygments,secondary,BashLexer,pygments.lexers._mapping.LEXERS (via master CSV)
pl/bash,.zsh,pygments,secondary,BashLexer,pygments.lexers._mapping.LEXERS (via master CSV)
pl/bash,.bashrc,pygments,secondary,BashLexer,pygments.lexers._mapping.LEXERS (via master CSV)
pl/bash,.zshrc,pygments,secondary,BashLexer,pygments.lexers._mapping.LEXERS (via master CSV)
pl/bash,.kshrc,pygments,secondary,BashLexer,pygments.lexers._mapping.LEXERS (via master CSV)
pl/bash,.pkgbuild,pygments,secondary,BashLexer,pygments.lexers._mapping.LEXERS (via master CSV)
pl/basic,.bas,linguist,primary,BASIC,https://github.com/github-linguist/linguist/blob/master/lib/linguist/languages.yml
pl/basic,.bas,pygments,primary,QBasicLexer,pygments.lexers._mapping.LEXERS (via master CSV)
pl/batch,.bat,pygments,primary,BatchLexer,pygments.lexers._mapping.LEXERS (via master CSV)
pl/batch,.cmd,pygments,secondary,BatchLexer,pygments.lexers._mapping.LEXERS (via master CSV)
pl/batchfile,.bat,linguist,primary,Batchfile,https://github.com/github-linguist/linguist/blob/master/lib/linguist/languages.yml
pl/batchfile,.cmd,linguist,secondary,Batchfile,https://github.com/github-linguist/linguist/blob/master/lib/linguist/languages.yml
pl/batchfile,.bat,pygments,primary,BatchLexer,pygments.lexers._mapping.LEXERS (via master CSV)
pl/batchfile,.cmd,pygments,secondary,BatchLexer,pygments.lexers._mapping.LEXERS (via master CSV)
pl/bazel,.py,pygments,primary,PythonLexer,pygments.lexers._mapping.LEXERS (via master CSV)
pl/bazel,.pyw,pygments,secondary,PythonLexer,pygments.lexers._mapping.LEXERS (via master CSV)
pl/bazel,.pyi,pygments,secondary,PythonLexer,pygments.lexers._mapping.LEXERS (via master CSV)
pl/bazel,.jy,pygments,secondary,PythonLexer,pygments.lexers._mapping.LEXERS (via master CSV)
pl/bazel,.sage,pygments,secondary,PythonLexer,pygments.lexers._mapping.LEXERS (via master CSV)
pl/bazel,.sc,pygments,secondary,PythonLexer,pygments.lexers._mapping.LEXERS (via master CSV)
pl/bazel,.sconstruct,pygments,secondary,PythonLexer,pygments.lexers._mapping.LEXERS (via master CSV)
pl/bazel,.sconscript,pygments,secondary,PythonLexer,pygments.lexers._mapping.LEXERS (via master CSV)
pl/bazel,.bzl,pygments,secondary,PythonLexer,pygments.lexers._mapping.LEXERS (via master CSV)
pl/bazel,.buck,pygments,secondary,PythonLexer,pygments.lexers._mapping.LEXERS (via master CSV)
pl/bazel,.build,pygments,secondary,PythonLexer,pygments.lexers._mapping.LEXERS (via master CSV)
pl/bazel,.workspace,pygments,secondary,PythonLexer,pygments.lexers._mapping.LEXERS (via master CSV)
pl/bazel,.tac,pygments,secondary,PythonLexer,pygments.lexers._mapping.LEXERS (via master CSV)
pl/bc,.bc,pygments,primary,BCLexer,pygments.lexers._mapping.LEXERS (via master CSV)
pl/beef,.bf,linguist,primary,Beef,https://github.com/github-linguist/linguist/blob/master/lib/linguist/languages.yml
pl/beef,.bf,pygments,primary,BrainfuckLexer,pygments.lexers._mapping.LEXERS (via master CSV)
pl/beef,.b,pygments,secondary,BrainfuckLexer,pygments.lexers._mapping.LEXERS (via master CSV)
pl/befunge,.befunge,linguist,primary,Befunge,https://github.com/github-linguist/linguist/blob/master/lib/linguist/languages.yml
pl/befunge,.bf,linguist,secondary,Befunge,https://github.com/github-linguist/linguist/blob/master/lib/linguist/languages.yml
pl/befunge,.befunge,pygments,primary,BefungeLexer,pygments.lexers._mapping.LEXERS (via master CSV)
pl/berry,.be,linguist,primary,Berry,https://github.com/github-linguist/linguist/blob/master/lib/linguist/languages.yml
pl/berry,.be,pygments,primary,BerryLexer,pygments.lexers._mapping.LEXERS (via master CSV)
pl/bibtex,.bib,linguist,primary,BibTeX,https://github.com/github-linguist/linguist/blob/master/lib/linguist/languages.yml
pl/bibtex,.bibtex,linguist,secondary,BibTeX,https://github.com/github-linguist/linguist/blob/master/lib/linguist/languages.yml
pl/bibtex,.bib,pygments,primary,BibTeXLexer,pygments.lexers._mapping.LEXERS (via master CSV)
pl/bibtex-style,.bst,linguist,primary,BibTeX Style,https://github.com/github-linguist/linguist/blob/master/lib/linguist/languages.yml
pl/bibtex-style,.bst,pygments,primary,BSTLexer,pygments.lexers._mapping.LEXERS (via master CSV)
pl/bicep,.bicep,linguist,primary,Bicep,https://github.com/github-linguist/linguist/blob/master/lib/linguist/languages.yml
pl/bicep,.bicepparam,linguist,secondary,Bicep,https://github.com/github-linguist/linguist/blob/master/lib/linguist/languages.yml
pl/bikeshed,.bs,linguist,primary,Bikeshed,https://github.com/github-linguist/linguist/blob/master/lib/linguist/languages.yml
pl/bison,.bison,linguist,primary,Bison,https://github.com/github-linguist/linguist/blob/master/lib/linguist/languages.yml
pl/bitbake,.bb,linguist,primary,BitBake,https://github.com/github-linguist/linguist/blob/master/lib/linguist/languages.yml
pl/bitbake,.bbappend,linguist,secondary,BitBake,https://github.com/github-linguist/linguist/blob/master/lib/linguist/languages.yml
pl/bitbake,.bbclass,linguist,secondary,BitBake,https://github.com/github-linguist/linguist/blob/master/lib/linguist/languages.yml
pl/bitbake,.inc,linguist,secondary,BitBake,https://github.com/github-linguist/linguist/blob/master/lib/linguist/languages.yml
pl/bitbake,.pov,pygments,primary,PovrayLexer,pygments.lexers._mapping.LEXERS (via master CSV)
pl/bitbake,.inc,pygments,secondary,PovrayLexer,pygments.lexers._mapping.LEXERS (via master CSV)
pl/blade,.blade,linguist,primary,Blade,https://github.com/github-linguist/linguist/blob/master/lib/linguist/languages.yml
pl/blitzbasic,.bb,linguist,primary,BlitzBasic,https://github.com/github-linguist/linguist/blob/master/lib/linguist/languages.yml
pl/blitzbasic,.decls,linguist,secondary,BlitzBasic,https://github.com/github-linguist/linguist/blob/master/lib/linguist/languages.yml
pl/blitzbasic,.bb,pygments,primary,BlitzBasicLexer,pygments.lexers._mapping.LEXERS (via master CSV)
pl/blitzbasic,.decls,pygments,secondary,BlitzBasicLexer,pygments.lexers._mapping.LEXERS (via master CSV)
pl/blitzmax,.bmx,linguist,primary,BlitzMax,https://github.com/github-linguist/linguist/blob/master/lib/linguist/languages.yml
pl/blitzmax,.bmx,pygments,primary,BlitzMaxLexer,pygments.lexers._mapping.LEXERS (via master CSV)
pl/bluespec,.bsv,linguist,primary,Bluespec,https://github.com/github-linguist/linguist/blob/master/lib/linguist/languages.yml
pl/bluespec-bh,.bs,linguist,primary,Bluespec BH,https://github.com/github-linguist/linguist/blob/master/lib/linguist/languages.yml
pl/bnf,.bnf,pygments,primary,BnfLexer,pygments.lexers._mapping.LEXERS (via master CSV)
pl/boa,.boa,pygments,primary,BoaLexer,pygments.lexers._mapping.LEXERS (via master CSV)
pl/boo,.boo,linguist,primary,Boo,https://github.com/github-linguist/linguist/blob/master/lib/linguist/languages.yml
pl/boo,.boo,pygments,primary,BooLexer,pygments.lexers._mapping.LEXERS (via master CSV)
pl/boo-programming-language,.boo,pygments,primary,BooLexer,pygments.lexers._mapping.LEXERS (via master CSV)
pl/boogie,.bpl,linguist,primary,Boogie,https://github.com/github-linguist/linguist/blob/master/lib/linguist/languages.yml
pl/boogie,.bpl,pygments,primary,BoogieLexer,pygments.lexers._mapping.LEXERS (via master CSV)
pl/bqn,.bqn,linguist,primary,BQN,https://github.com/github-linguist/linguist/blob/master/lib/linguist/languages.yml
pl/bqn,.bqn,pygments,primary,BQNLexer,pygments.lexers._mapping.LEXERS (via master CSV)
pl/brainfuck,.b,linguist,primary,Brainfuck,https://github.com/github-linguist/linguist/blob/master/lib/linguist/languages.yml
pl/brainfuck,.bf,linguist,secondary,Brainfuck,https://github.com/github-linguist/linguist/blob/master/lib/linguist/languages.yml
pl/brainfuck,.bf,pygments,primary,BrainfuckLexer,pygments.lexers._mapping.LEXERS (via master CSV)
pl/brainfuck,.b,pygments,secondary,BrainfuckLexer,pygments.lexers._mapping.LEXERS (via master CSV)
pl/brighterscript,.bs,linguist,primary,BrighterScript,https://github.com/github-linguist/linguist/blob/master/lib/linguist/languages.yml
pl/brightscript,.brs,linguist,primary,Brightscript,https://github.com/github-linguist/linguist/blob/master/lib/linguist/languages.yml
pl/bro,.zeek,pygments,primary,ZeekLexer,pygments.lexers._mapping.LEXERS (via master CSV)
pl/bro,.bro,pygments,secondary,ZeekLexer,pygments.lexers._mapping.LEXERS (via master CSV)
pl/bru,.bru,linguist,primary,Bru,https://github.com/github-linguist/linguist/blob/master/lib/linguist/languages.yml
pl/buildstream,.bst,linguist,primary,BuildStream,https://github.com/github-linguist/linguist/blob/master/lib/linguist/languages.yml
pl/buildstream,.bst,pygments,primary,BSTLexer,pygments.lexers._mapping.LEXERS (via master CSV)
pl/c,.c,linguist,primary,C,https://github.com/github-linguist/linguist/blob/master/lib/linguist/languages.yml
pl/c,.cats,linguist,secondary,C,https://github.com/github-linguist/linguist/blob/master/lib/linguist/languages.yml
pl/c,.h,linguist,secondary,C,https://github.com/github-linguist/linguist/blob/master/lib/linguist/languages.yml
pl/c,.idc,linguist,secondary,C,https://github.com/github-linguist/linguist/blob/master/lib/linguist/languages.yml
pl/c,.c,pygments,primary,CLexer,pygments.lexers._mapping.LEXERS (via master CSV)
pl/c,.h,pygments,secondary,CLexer,pygments.lexers._mapping.LEXERS (via master CSV)
pl/c,.idc,pygments,secondary,CLexer,pygments.lexers._mapping.LEXERS (via master CSV)
pl/cpp,.cpp,linguist,primary,C++,https://github.com/github-linguist/linguist/blob/master/lib/linguist/languages.yml
pl/cpp,.c++,linguist,secondary,C++,https://github.com/github-linguist/linguist/blob/master/lib/linguist/languages.yml
pl/cpp,.cc,linguist,secondary,C++,https://github.com/github-linguist/linguist/blob/master/lib/linguist/languages.yml
pl/cpp,.cp,linguist,secondary,C++,https://github.com/github-linguist/linguist/blob/master/lib/linguist/languages.yml
pl/cpp,.cppm,linguist,secondary,C++,https://github.com/github-linguist/linguist/blob/master/lib/linguist/languages.yml
pl/cpp,.cxx,linguist,secondary,C++,https://github.com/github-linguist/linguist/blob/master/lib/linguist/languages.yml
pl/cpp,.h,linguist,secondary,C++,https://github.com/github-linguist/linguist/blob/master/lib/linguist/languages.yml
pl/cpp,.h++,linguist,secondary,C++,https://github.com/github-linguist/linguist/blob/master/lib/linguist/languages.yml
pl/cpp,.hh,linguist,secondary,C++,https://github.com/github-linguist/linguist/blob/master/lib/linguist/languages.yml
pl/cpp,.hpp,linguist,secondary,C++,https://github.com/github-linguist/linguist/blob/master/lib/linguist/languages.yml
pl/cpp,.hxx,linguist,secondary,C++,https://github.com/github-linguist/linguist/blob/master/lib/linguist/languages.yml
pl/cpp,.inc,linguist,secondary,C++,https://github.com/github-linguist/linguist/blob/master/lib/linguist/languages.yml
pl/cpp,.inl,linguist,secondary,C++,https://github.com/github-linguist/linguist/blob/master/lib/linguist/languages.yml
pl/cpp,.ino,linguist,secondary,C++,https://github.com/github-linguist/linguist/blob/master/lib/linguist/languages.yml
pl/cpp,.ipp,linguist,secondary,C++,https://github.com/github-linguist/linguist/blob/master/lib/linguist/languages.yml
pl/cpp,.ixx,linguist,secondary,C++,https://github.com/github-linguist/linguist/blob/master/lib/linguist/languages.yml
pl/cpp,.re,linguist,secondary,C++,https://github.com/github-linguist/linguist/blob/master/lib/linguist/languages.yml
pl/cpp,.tcc,linguist,secondary,C++,https://github.com/github-linguist/linguist/blob/master/lib/linguist/languages.yml
pl/cpp,.tpp,linguist,secondary,C++,https://github.com/github-linguist/linguist/blob/master/lib/linguist/languages.yml
pl/cpp,.txx,linguist,secondary,C++,https://github.com/github-linguist/linguist/blob/master/lib/linguist/languages.yml
pl/cpp,.cpp,pygments,primary,CppLexer,pygments.lexers._mapping.LEXERS (via master CSV)
pl/cpp,.hpp,pygments,secondary,CppLexer,pygments.lexers._mapping.LEXERS (via master CSV)
pl/cpp,.c++,pygments,secondary,CppLexer,pygments.lexers._mapping.LEXERS (via master CSV)
pl/cpp,.h++,pygments,secondary,CppLexer,pygments.lexers._mapping.LEXERS (via master CSV)
pl/cpp,.cc,pygments,secondary,CppLexer,pygments.lexers._mapping.LEXERS (via master CSV)
pl/cpp,.hh,pygments,secondary,CppLexer,pygments.lexers._mapping.LEXERS (via master CSV)
pl/cpp,.cxx,pygments,secondary,CppLexer,pygments.lexers._mapping.LEXERS (via master CSV)
pl/cpp,.hxx,pygments,secondary,CppLexer,pygments.lexers._mapping.LEXERS (via master CSV)
pl/cpp,.c,pygments,secondary,CppLexer,pygments.lexers._mapping.LEXERS (via master CSV)
pl/cpp,.h,pygments,secondary,CppLexer,pygments.lexers._mapping.LEXERS (via master CSV)
pl/cpp,.cp,pygments,secondary,CppLexer,pygments.lexers._mapping.LEXERS (via master CSV)
pl/cpp,.tpp,pygments,secondary,CppLexer,pygments.lexers._mapping.LEXERS (via master CSV)
pl/c-programming-language,.c,pygments,primary,CLexer,pygments.lexers._mapping.LEXERS (via master CSV)
pl/c-programming-language,.h,pygments,secondary,CLexer,pygments.lexers._mapping.LEXERS (via master CSV)
pl/c-programming-language,.idc,pygments,secondary,CLexer,pygments.lexers._mapping.LEXERS (via master CSV)
pl/csharp,.cs,linguist,primary,C#,https://github.com/github-linguist/linguist/blob/master/lib/linguist/languages.yml
pl/csharp,.cake,linguist,secondary,C#,https://github.com/github-linguist/linguist/blob/master/lib/linguist/languages.yml
pl/csharp,.csx,linguist,secondary,C#,https://github.com/github-linguist/linguist/blob/master/lib/linguist/languages.yml
pl/csharp,.linq,linguist,secondary,C#,https://github.com/github-linguist/linguist/blob/master/lib/linguist/languages.yml
pl/csharp,.cs,pygments,primary,CSharpLexer,pygments.lexers._mapping.LEXERS (via master CSV)
pl/c-sharp-programming-language,.cs,pygments,primary,CSharpLexer,pygments.lexers._mapping.LEXERS (via master CSV)
pl/c-objdump,.c-objdump,linguist,primary,C-ObjDump,https://github.com/github-linguist/linguist/blob/master/lib/linguist/languages.yml
pl/c-objdump,.c-objdump,pygments,primary,CObjdumpLexer,pygments.lexers._mapping.LEXERS (via master CSV)
pl/c2hs-haskell,.chs,linguist,primary,C2hs Haskell,https://github.com/github-linguist/linguist/blob/master/lib/linguist/languages.yml
pl/c3,.c3,linguist,primary,C3,https://github.com/github-linguist/linguist/blob/master/lib/linguist/languages.yml
pl/cabal-config,.cabal,linguist,primary,Cabal Config,https://github.com/github-linguist/linguist/blob/master/lib/linguist/languages.yml
pl/caddyfile,.caddyfile,linguist,primary,Caddyfile,https://github.com/github-linguist/linguist/blob/master/lib/linguist/languages.yml
pl/cadence,.cdc,linguist,primary,Cadence,https://github.com/github-linguist/linguist/blob/master/lib/linguist/languages.yml
pl/cairo,.cairo,linguist,primary,Cairo,https://github.com/github-linguist/linguist/blob/master/lib/linguist/languages.yml
pl/cairo-zero,.cairo,linguist,primary,Cairo Zero,https://github.com/github-linguist/linguist/blob/master/lib/linguist/languages.yml
pl/cameligo,.mligo,linguist,primary,CameLIGO,https://github.com/github-linguist/linguist/blob/master/lib/linguist/languages.yml
pl/cangjie,.cj,linguist,primary,Cangjie,https://github.com/github-linguist/linguist/blob/master/lib/linguist/languages.yml
pl/cap-cds,.cds,linguist,primary,CAP CDS,https://github.com/github-linguist/linguist/blob/master/lib/linguist/languages.yml
pl/capn-proto,.capnp,linguist,primary,Cap'n Proto,https://github.com/github-linguist/linguist/blob/master/lib/linguist/languages.yml
pl/capn-proto,.capnp,pygments,primary,CapnProtoLexer,pygments.lexers._mapping.LEXERS (via master CSV)
pl/carbon,.carbon,linguist,primary,Carbon,https://github.com/github-linguist/linguist/blob/master/lib/linguist/languages.yml
pl/carbon,.carbon,pygments,primary,CarbonLexer,pygments.lexers._mapping.LEXERS (via master CSV)
pl/cartocss,.mss,linguist,primary,CartoCSS,https://github.com/github-linguist/linguist/blob/master/lib/linguist/languages.yml
pl/ceylon,.ceylon,linguist,primary,Ceylon,https://github.com/github-linguist/linguist/blob/master/lib/linguist/languages.yml
pl/ceylon,.ceylon,pygments,primary,CeylonLexer,pygments.lexers._mapping.LEXERS (via master CSV)
pl/chaiscript,.chai,pygments,primary,ChaiscriptLexer,pygments.lexers._mapping.LEXERS (via master CSV)
pl/chapel,.chpl,linguist,primary,Chapel,https://github.com/github-linguist/linguist/blob/master/lib/linguist/languages.yml
pl/chapel,.chpl,pygments,primary,ChapelLexer,pygments.lexers._mapping.LEXERS (via master CSV)
pl/charity,.ch,linguist,primary,Charity,https://github.com/github-linguist/linguist/blob/master/lib/linguist/languages.yml
pl/checksums,.crc32,linguist,primary,Checksums,https://github.com/github-linguist/linguist/blob/master/lib/linguist/languages.yml
pl/checksums,.md2,linguist,secondary,Checksums,https://github.com/github-linguist/linguist/blob/master/lib/linguist/languages.yml
pl/checksums,.md4,linguist,secondary,Checksums,https://github.com/github-linguist/linguist/blob/master/lib/linguist/languages.yml
pl/checksums,.md5,linguist,secondary,Checksums,https://github.com/github-linguist/linguist/blob/master/lib/linguist/languages.yml
pl/checksums,.sha1,linguist,secondary,Checksums,https://github.com/github-linguist/linguist/blob/master/lib/linguist/languages.yml
pl/checksums,.sha2,linguist,secondary,Checksums,https://github.com/github-linguist/linguist/blob/master/lib/linguist/languages.yml
pl/checksums,.sha224,linguist,secondary,Checksums,https://github.com/github-linguist/linguist/blob/master/lib/linguist/languages.yml
pl/checksums,.sha256,linguist,secondary,Checksums,https://github.com/github-linguist/linguist/blob/master/lib/linguist/languages.yml
pl/checksums,.sha256sum,linguist,secondary,Checksums,https://github.com/github-linguist/linguist/blob/master/lib/linguist/languages.yml
pl/checksums,.sha3,linguist,secondary,Checksums,https://github.com/github-linguist/linguist/blob/master/lib/linguist/languages.yml
pl/checksums,.sha384,linguist,secondary,Checksums,https://github.com/github-linguist/linguist/blob/master/lib/linguist/languages.yml
pl/checksums,.sha512,linguist,secondary,Checksums,https://github.com/github-linguist/linguist/blob/master/lib/linguist/languages.yml
pl/cheetah,.tmpl,pygments,primary,CheetahLexer,pygments.lexers._mapping.LEXERS (via master CSV)
pl/cheetah,.spt,pygments,secondary,CheetahLexer,pygments.lexers._mapping.LEXERS (via master CSV)
pl/chuck,.ck,linguist,primary,ChucK,https://github.com/github-linguist/linguist/blob/master/lib/linguist/languages.yml
pl/cil,.cil,linguist,primary,CIL,https://github.com/github-linguist/linguist/blob/master/lib/linguist/languages.yml
pl/circom,.circom,linguist,primary,Circom,https://github.com/github-linguist/linguist/blob/master/lib/linguist/languages.yml
pl/cirru,.cirru,linguist,primary,Cirru,https://github.com/github-linguist/linguist/blob/master/lib/linguist/languages.yml
pl/cirru,.cirru,pygments,primary,CirruLexer,pygments.lexers._mapping.LEXERS (via master CSV)
pl/clarion,.clw,linguist,primary,Clarion,https://github.com/github-linguist/linguist/blob/master/lib/linguist/languages.yml
pl/clarity,.clar,linguist,primary,Clarity,https://github.com/github-linguist/linguist/blob/master/lib/linguist/languages.yml
pl/classic-asp,.asp,linguist,primary,Classic ASP,https://github.com/github-linguist/linguist/blob/master/lib/linguist/languages.yml
pl/clay,.clay,pygments,primary,ClayLexer,pygments.lexers._mapping.LEXERS (via master CSV)
pl/clean,.icl,linguist,primary,Clean,https://github.com/github-linguist/linguist/blob/master/lib/linguist/languages.yml
pl/clean,.dcl,linguist,secondary,Clean,https://github.com/github-linguist/linguist/blob/master/lib/linguist/languages.yml
pl/clean,.icl,pygments,primary,CleanLexer,pygments.lexers._mapping.LEXERS (via master CSV)
pl/clean,.dcl,pygments,secondary,CleanLexer,pygments.lexers._mapping.LEXERS (via master CSV)
pl/click,.click,linguist,primary,Click,https://github.com/github-linguist/linguist/blob/master/lib/linguist/languages.yml
pl/clipper,.prg,pygments,primary,FoxProLexer,pygments.lexers._mapping.LEXERS (via master CSV)
pl/clips,.clp,linguist,primary,CLIPS,https://github.com/github-linguist/linguist/blob/master/lib/linguist/languages.yml
pl/clojure,.clj,linguist,primary,Clojure,https://github.com/github-linguist/linguist/blob/master/lib/linguist/languages.yml
pl/clojure,.bb,linguist,secondary,Clojure,https://github.com/github-linguist/linguist/blob/master/lib/linguist/languages.yml
pl/clojure,.boot,linguist,secondary,Clojure,https://github.com/github-linguist/linguist/blob/master/lib/linguist/languages.yml
pl/clojure,.cl2,linguist,secondary,Clojure,https://github.com/github-linguist/linguist/blob/master/lib/linguist/languages.yml
pl/clojure,.cljc,linguist,secondary,Clojure,https://github.com/github-linguist/linguist/blob/master/lib/linguist/languages.yml
pl/clojure,.cljs,linguist,secondary,Clojure,https://github.com/github-linguist/linguist/blob/master/lib/linguist/languages.yml
pl/clojure,.cljscm,linguist,secondary,Clojure,https://github.com/github-linguist/linguist/blob/master/lib/linguist/languages.yml
pl/clojure,.cljx,linguist,secondary,Clojure,https://github.com/github-linguist/linguist/blob/master/lib/linguist/languages.yml
pl/clojure,.hic,linguist,secondary,Clojure,https://github.com/github-linguist/linguist/blob/master/lib/linguist/languages.yml
pl/clojure,.clj,pygments,primary,ClojureLexer,pygments.lexers._mapping.LEXERS (via master CSV)
pl/clojure,.cljc,pygments,secondary,ClojureLexer,pygments.lexers._mapping.LEXERS (via master CSV)
pl/clojurescript,.cljs,pygments,primary,ClojureScriptLexer,pygments.lexers._mapping.LEXERS (via master CSV)
pl/closure-templates,.soy,linguist,primary,Closure Templates,https://github.com/github-linguist/linguist/blob/master/lib/linguist/languages.yml
pl/clue,.clue,linguist,primary,Clue,https://github.com/github-linguist/linguist/blob/master/lib/linguist/languages.yml
pl/cmake,.cmake,linguist,primary,CMake,https://github.com/github-linguist/linguist/blob/master/lib/linguist/languages.yml
pl/cmake,.cmake,pygments,primary,CMakeLexer,pygments.lexers._mapping.LEXERS (via master CSV)
pl/cobol,.cob,linguist,primary,COBOL,https://github.com/github-linguist/linguist/blob/master/lib/linguist/languages.yml
pl/cobol,.cbl,linguist,secondary,COBOL,https://github.com/github-linguist/linguist/blob/master/lib/linguist/languages.yml
pl/cobol,.ccp,linguist,secondary,COBOL,https://github.com/github-linguist/linguist/blob/master/lib/linguist/languages.yml
pl/cobol,.cobol,linguist,secondary,COBOL,https://github.com/github-linguist/linguist/blob/master/lib/linguist/languages.yml
pl/cobol,.cpy,linguist,secondary,COBOL,https://github.com/github-linguist/linguist/blob/master/lib/linguist/languages.yml
pl/cobol,.cob,pygments,primary,CobolLexer,pygments.lexers._mapping.LEXERS (via master CSV)
pl/cobol,.cpy,pygments,secondary,CobolLexer,pygments.lexers._mapping.LEXERS (via master CSV)
pl/codeql,.ql,linguist,primary,CodeQL,https://github.com/github-linguist/linguist/blob/master/lib/linguist/languages.yml
pl/codeql,.qll,linguist,secondary,CodeQL,https://github.com/github-linguist/linguist/blob/master/lib/linguist/languages.yml
pl/codeql,.ql,pygments,primary,CodeQLLexer,pygments.lexers._mapping.LEXERS (via master CSV)
pl/codeql,.qll,pygments,secondary,CodeQLLexer,pygments.lexers._mapping.LEXERS (via master CSV)
pl/coffeescript,.coffee,linguist,primary,CoffeeScript,https://github.com/github-linguist/linguist/blob/master/lib/linguist/languages.yml
pl/coffeescript,._coffee,linguist,secondary,CoffeeScript,https://github.com/github-linguist/linguist/blob/master/lib/linguist/languages.yml
pl/coffeescript,.cake,linguist,secondary,CoffeeScript,https://github.com/github-linguist/linguist/blob/master/lib/linguist/languages.yml
pl/coffeescript,.cjsx,linguist,secondary,CoffeeScript,https://github.com/github-linguist/linguist/blob/master/lib/linguist/languages.yml
pl/coffeescript,.iced,linguist,secondary,CoffeeScript,https://github.com/github-linguist/linguist/blob/master/lib/linguist/languages.yml
pl/coffeescript,.coffee,pygments,primary,CoffeeScriptLexer,pygments.lexers._mapping.LEXERS (via master CSV)
pl/coldfusion,.cfm,linguist,primary,ColdFusion,https://github.com/github-linguist/linguist/blob/master/lib/linguist/languages.yml
pl/coldfusion,.cfml,linguist,secondary,ColdFusion,https://github.com/github-linguist/linguist/blob/master/lib/linguist/languages.yml
pl/coldfusion,.cfm,pygments,primary,ColdfusionHtmlLexer,pygments.lexers._mapping.LEXERS (via master CSV)
pl/coldfusion,.cfml,pygments,secondary,ColdfusionHtmlLexer,pygments.lexers._mapping.LEXERS (via master CSV)
pl/coldfusion-cfc,.cfc,linguist,primary,ColdFusion CFC,https://github.com/github-linguist/linguist/blob/master/lib/linguist/languages.yml
pl/coldfusion-cfc,.cfc,pygments,primary,ColdfusionCFCLexer,pygments.lexers._mapping.LEXERS (via master CSV)
pl/collada,.dae,linguist,primary,COLLADA,https://github.com/github-linguist/linguist/blob/master/lib/linguist/languages.yml
pl/comal,.cml,pygments,primary,Comal80Lexer,pygments.lexers._mapping.LEXERS (via master CSV)
pl/comal,.comal,pygments,secondary,Comal80Lexer,pygments.lexers._mapping.LEXERS (via master CSV)
pl/common-lisp,.lisp,linguist,primary,Common Lisp,https://github.com/github-linguist/linguist/blob/master/lib/linguist/languages.yml
pl/common-lisp,.asd,linguist,secondary,Common Lisp,https://github.com/github-linguist/linguist/blob/master/lib/linguist/languages.yml
pl/common-lisp,.cl,linguist,secondary,Common Lisp,https://github.com/github-linguist/linguist/blob/master/lib/linguist/languages.yml
pl/common-lisp,.l,linguist,secondary,Common Lisp,https://github.com/github-linguist/linguist/blob/master/lib/linguist/languages.yml
pl/common-lisp,.lsp,linguist,secondary,Common Lisp,https://github.com/github-linguist/linguist/blob/master/lib/linguist/languages.yml
pl/common-lisp,.ny,linguist,secondary,Common Lisp,https://github.com/github-linguist/linguist/blob/master/lib/linguist/languages.yml
pl/common-lisp,.podsl,linguist,secondary,Common Lisp,https://github.com/github-linguist/linguist/blob/master/lib/linguist/languages.yml
pl/common-lisp,.sexp,linguist,secondary,Common Lisp,https://github.com/github-linguist/linguist/blob/master/lib/linguist/languages.yml
pl/common-lisp,.cl,pygments,primary,CommonLispLexer,pygments.lexers._mapping.LEXERS (via master CSV)
pl/common-lisp,.lisp,pygments,secondary,CommonLispLexer,pygments.lexers._mapping.LEXERS (via master CSV)
pl/common-workflow-language,.cwl,linguist,primary,Common Workflow Language,https://github.com/github-linguist/linguist/blob/master/lib/linguist/languages.yml
pl/component-pascal,.cp,linguist,primary,Component Pascal,https://github.com/github-linguist/linguist/blob/master/lib/linguist/languages.yml
pl/component-pascal,.cps,linguist,secondary,Component Pascal,https://github.com/github-linguist/linguist/blob/master/lib/linguist/languages.yml
pl/component-pascal,.cp,pygments,primary,ComponentPascalLexer,pygments.lexers._mapping.LEXERS (via master CSV)
pl/component-pascal,.cps,pygments,secondary,ComponentPascalLexer,pygments.lexers._mapping.LEXERS (via master CSV)
pl/conll-u,.conllu,linguist,primary,CoNLL-U,https://github.com/github-linguist/linguist/blob/master/lib/linguist/languages.yml
pl/conll-u,.conll,linguist,secondary,CoNLL-U,https://github.com/github-linguist/linguist/blob/master/lib/linguist/languages.yml
pl/cooklang,.cook,linguist,primary,Cooklang,https://github.com/github-linguist/linguist/blob/master/lib/linguist/languages.yml
pl/cool,.cl,linguist,primary,Cool,https://github.com/github-linguist/linguist/blob/master/lib/linguist/languages.yml
pl/cool,.pro,pygments,primary,VisualPrologLexer,pygments.lexers._mapping.LEXERS (via master CSV)
pl/cool,.cl,pygments,secondary,VisualPrologLexer,pygments.lexers._mapping.LEXERS (via master CSV)
pl/cool,.i,pygments,secondary,VisualPrologLexer,pygments.lexers._mapping.LEXERS (via master CSV)
pl/cool,.pack,pygments,secondary,VisualPrologLexer,pygments.lexers._mapping.LEXERS (via master CSV)
pl/cool,.ph,pygments,secondary,VisualPrologLexer,pygments.lexers._mapping.LEXERS (via master CSV)
pl/coq,.v,pygments,primary,CoqLexer,pygments.lexers._mapping.LEXERS (via master CSV)
pl/cp,.cp,pygments,primary,ComponentPascalLexer,pygments.lexers._mapping.LEXERS (via master CSV)
pl/cp,.cps,pygments,secondary,ComponentPascalLexer,pygments.lexers._mapping.LEXERS (via master CSV)
pl/cpp-3,.cpp,pygments,primary,CppLexer,pygments.lexers._mapping.LEXERS (via master CSV)
pl/cpp-3,.hpp,pygments,secondary,CppLexer,pygments.lexers._mapping.LEXERS (via master CSV)
pl/cpp-3,.c++,pygments,secondary,CppLexer,pygments.lexers._mapping.LEXERS (via master CSV)
pl/cpp-3,.h++,pygments,secondary,CppLexer,pygments.lexers._mapping.LEXERS (via master CSV)
pl/cpp-3,.cc,pygments,secondary,CppLexer,pygments.lexers._mapping.LEXERS (via master CSV)
pl/cpp-3,.hh,pygments,secondary,CppLexer,pygments.lexers._mapping.LEXERS (via master CSV)
pl/cpp-3,.cxx,pygments,secondary,CppLexer,pygments.lexers._mapping.LEXERS (via master CSV)
pl/cpp-3,.hxx,pygments,secondary,CppLexer,pygments.lexers._mapping.LEXERS (via master CSV)
pl/cpp-3,.c,pygments,secondary,CppLexer,pygments.lexers._mapping.LEXERS (via master CSV)
pl/cpp-3,.h,pygments,secondary,CppLexer,pygments.lexers._mapping.LEXERS (via master CSV)
pl/cpp-3,.cp,pygments,secondary,CppLexer,pygments.lexers._mapping.LEXERS (via master CSV)
pl/cpp-3,.tpp,pygments,secondary,CppLexer,pygments.lexers._mapping.LEXERS (via master CSV)
pl/cpp-objdump,.cppobjdump,linguist,primary,Cpp-ObjDump,https://github.com/github-linguist/linguist/blob/master/lib/linguist/languages.yml
pl/cpp-objdump,.c++-objdump,linguist,secondary,Cpp-ObjDump,https://github.com/github-linguist/linguist/blob/master/lib/linguist/languages.yml
pl/cpp-objdump,.c++objdump,linguist,secondary,Cpp-ObjDump,https://github.com/github-linguist/linguist/blob/master/lib/linguist/languages.yml
pl/cpp-objdump,.cpp-objdump,linguist,secondary,Cpp-ObjDump,https://github.com/github-linguist/linguist/blob/master/lib/linguist/languages.yml
pl/cpp-objdump,.cxx-objdump,linguist,secondary,Cpp-ObjDump,https://github.com/github-linguist/linguist/blob/master/lib/linguist/languages.yml
pl/cpp-objdump,.cpp-objdump,pygments,primary,CppObjdumpLexer,pygments.lexers._mapping.LEXERS (via master CSV)
pl/cpp-objdump,.c++-objdump,pygments,secondary,CppObjdumpLexer,pygments.lexers._mapping.LEXERS (via master CSV)
pl/cpp-objdump,.cxx-objdump,pygments,secondary,CppObjdumpLexer,pygments.lexers._mapping.LEXERS (via master CSV)
pl/cql,.cql,linguist,primary,CQL,https://github.com/github-linguist/linguist/blob/master/lib/linguist/languages.yml
pl/creole,.creole,linguist,primary,Creole,https://github.com/github-linguist/linguist/blob/master/lib/linguist/languages.yml
pl/crmsh,.crmsh,pygments,primary,CrmshLexer,pygments.lexers._mapping.LEXERS (via master CSV)
pl/crmsh,.pcmk,pygments,secondary,CrmshLexer,pygments.lexers._mapping.LEXERS (via master CSV)
pl/croc,.croc,pygments,primary,CrocLexer,pygments.lexers._mapping.LEXERS (via master CSV)
pl/cry,.cry,pygments,primary,CryptolLexer,pygments.lexers._mapping.LEXERS (via master CSV)
pl/cryptol,.cry,pygments,primary,CryptolLexer,pygments.lexers._mapping.LEXERS (via master CSV)
pl/crystal,.cr,linguist,primary,Crystal,https://github.com/github-linguist/linguist/blob/master/lib/linguist/languages.yml
pl/crystal,.cr,pygments,primary,CrystalLexer,pygments.lexers._mapping.LEXERS (via master CSV)
pl/crystal-programming-language,.cr,pygments,primary,CrystalLexer,pygments.lexers._mapping.LEXERS (via master CSV)
pl/csharp-2,.cs,pygments,primary,CSharpLexer,pygments.lexers._mapping.LEXERS (via master CSV)
pl/cson,.cson,linguist,primary,CSON,https://github.com/github-linguist/linguist/blob/master/lib/linguist/languages.yml
pl/csound,.orc,linguist,primary,Csound,https://github.com/github-linguist/linguist/blob/master/lib/linguist/languages.yml
pl/csound,.udo,linguist,secondary,Csound,https://github.com/github-linguist/linguist/blob/master/lib/linguist/languages.yml
pl/csound,.orc,pygments,primary,CsoundOrchestraLexer,pygments.lexers._mapping.LEXERS (via master CSV)
pl/csound,.udo,pygments,secondary,CsoundOrchestraLexer,pygments.lexers._mapping.LEXERS (via master CSV)
pl/csound-document,.csd,linguist,primary,Csound Document,https://github.com/github-linguist/linguist/blob/master/lib/linguist/languages.yml
pl/csound-document,.csd,pygments,primary,CsoundDocumentLexer,pygments.lexers._mapping.LEXERS (via master CSV)
pl/csound-score,.sco,linguist,primary,Csound Score,https://github.com/github-linguist/linguist/blob/master/lib/linguist/languages.yml
pl/csound-score,.sco,pygments,primary,CsoundScoreLexer,pygments.lexers._mapping.LEXERS (via master CSV)
pl/css,.css,linguist,primary,CSS,https://github.com/github-linguist/linguist/blob/master/lib/linguist/languages.yml
pl/css,.css,pygments,primary,CssLexer,pygments.lexers._mapping.LEXERS (via master CSV)
pl/css-script,.css,pygments,primary,CssLexer,pygments.lexers._mapping.LEXERS (via master CSV)
pl/csv,.csv,linguist,primary,CSV,https://github.com/github-linguist/linguist/blob/master/lib/linguist/languages.yml
pl/cuda,.cu,linguist,primary,Cuda,https://github.com/github-linguist/linguist/blob/master/lib/linguist/languages.yml
pl/cuda,.cuh,linguist,secondary,Cuda,https://github.com/github-linguist/linguist/blob/master/lib/linguist/languages.yml
pl/cuda,.cu,pygments,primary,CudaLexer,pygments.lexers._mapping.LEXERS (via master CSV)
pl/cuda,.cuh,pygments,secondary,CudaLexer,pygments.lexers._mapping.LEXERS (via master CSV)
pl/cue,.cue,linguist,primary,CUE,https://github.com/github-linguist/linguist/blob/master/lib/linguist/languages.yml
pl/cue-sheet,.cue,linguist,primary,Cue Sheet,https://github.com/github-linguist/linguist/blob/master/lib/linguist/languages.yml
pl/curry,.curry,linguist,primary,Curry,https://github.com/github-linguist/linguist/blob/master/lib/linguist/languages.yml
pl/cweb,.w,linguist,primary,CWeb,https://github.com/github-linguist/linguist/blob/master/lib/linguist/languages.yml
pl/cycript,.cy,linguist,primary,Cycript,https://github.com/github-linguist/linguist/blob/master/lib/linguist/languages.yml
pl/cylc,.cylc,linguist,primary,Cylc,https://github.com/github-linguist/linguist/blob/master/lib/linguist/languages.yml
pl/cypher,.cyp,linguist,primary,Cypher,https://github.com/github-linguist/linguist/blob/master/lib/linguist/languages.yml
pl/cypher,.cypher,linguist,secondary,Cypher,https://github.com/github-linguist/linguist/blob/master/lib/linguist/languages.yml
pl/cypher,.cyp,pygments,primary,CypherLexer,pygments.lexers._mapping.LEXERS (via master CSV)
pl/cypher,.cypher,pygments,secondary,CypherLexer,pygments.lexers._mapping.LEXERS (via master CSV)
pl/cython,.pyx,linguist,primary,Cython,https://github.com/github-linguist/linguist/blob/master/lib/linguist/languages.yml
pl/cython,.pxd,linguist,secondary,Cython,https://github.com/github-linguist/linguist/blob/master/lib/linguist/languages.yml
pl/cython,.pxi,linguist,secondary,Cython,https://github.com/github-linguist/linguist/blob/master/lib/linguist/languages.yml
pl/cython,.pyx,pygments,primary,CythonLexer,pygments.lexers._mapping.LEXERS (via master CSV)
pl/cython,.pxd,pygments,secondary,CythonLexer,pygments.lexers._mapping.LEXERS (via master CSV)
pl/cython,.pxi,pygments,secondary,CythonLexer,pygments.lexers._mapping.LEXERS (via master CSV)
pl/d,.d,linguist,primary,D,https://github.com/github-linguist/linguist/blob/master/lib/linguist/languages.yml
pl/d,.di,linguist,secondary,D,https://github.com/github-linguist/linguist/blob/master/lib/linguist/languages.yml
pl/d,.d,pygments,primary,DLexer,pygments.lexers._mapping.LEXERS (via master CSV)
pl/d,.di,pygments,secondary,DLexer,pygments.lexers._mapping.LEXERS (via master CSV)
pl/d-programming-language,.d,pygments,primary,DLexer,pygments.lexers._mapping.LEXERS (via master CSV)
pl/d-programming-language,.di,pygments,secondary,DLexer,pygments.lexers._mapping.LEXERS (via master CSV)
pl/d-objdump,.d-objdump,linguist,primary,D-ObjDump,https://github.com/github-linguist/linguist/blob/master/lib/linguist/languages.yml
pl/d-objdump,.d-objdump,pygments,primary,DObjdumpLexer,pygments.lexers._mapping.LEXERS (via master CSV)
pl/d2,.d2,linguist,primary,D2,https://github.com/github-linguist/linguist/blob/master/lib/linguist/languages.yml
pl/dafny,.dfy,linguist,primary,Dafny,https://github.com/github-linguist/linguist/blob/master/lib/linguist/languages.yml
pl/darcs-patch,.darcspatch,linguist,primary,Darcs Patch,https://github.com/github-linguist/linguist/blob/master/lib/linguist/languages.yml
pl/darcs-patch,.dpatch,linguist,secondary,Darcs Patch,https://github.com/github-linguist/linguist/blob/master/lib/linguist/languages.yml
pl/darcs-patch,.dpatch,pygments,primary,DarcsPatchLexer,pygments.lexers._mapping.LEXERS (via master CSV)
pl/darcs-patch,.darcspatch,pygments,secondary,DarcsPatchLexer,pygments.lexers._mapping.LEXERS (via master CSV)
pl/dart,.dart,linguist,primary,Dart,https://github.com/github-linguist/linguist/blob/master/lib/linguist/languages.yml
pl/dart,.dart,pygments,primary,DartLexer,pygments.lexers._mapping.LEXERS (via master CSV)
pl/daslang,.das,linguist,primary,Daslang,https://github.com/github-linguist/linguist/blob/master/lib/linguist/languages.yml
pl/dataweave,.dwl,linguist,primary,DataWeave,https://github.com/github-linguist/linguist/blob/master/lib/linguist/languages.yml
pl/dax,.dax,pygments,primary,DaxLexer,pygments.lexers._mapping.LEXERS (via master CSV)
pl/debian-package-control-file,.dsc,linguist,primary,Debian Package Control File,https://github.com/github-linguist/linguist/blob/master/lib/linguist/languages.yml
pl/delphi,.pas,pygments,primary,DelphiLexer,pygments.lexers._mapping.LEXERS (via master CSV)
pl/delphi,.dpr,pygments,secondary,DelphiLexer,pygments.lexers._mapping.LEXERS (via master CSV)
pl/denizenscript,.dsc,linguist,primary,DenizenScript,https://github.com/github-linguist/linguist/blob/master/lib/linguist/languages.yml
pl/desktop,.desktop,linguist,primary,desktop,https://github.com/github-linguist/linguist/blob/master/lib/linguist/languages.yml
pl/desktop,.service,linguist,secondary,desktop,https://github.com/github-linguist/linguist/blob/master/lib/linguist/languages.yml
pl/desktop,.desktop,pygments,primary,DesktopLexer,pygments.lexers._mapping.LEXERS (via master CSV)
pl/devicetree,.dts,pygments,primary,DevicetreeLexer,pygments.lexers._mapping.LEXERS (via master CSV)
pl/devicetree,.dtsi,pygments,secondary,DevicetreeLexer,pygments.lexers._mapping.LEXERS (via master CSV)
pl/dg,.dg,pygments,primary,DgLexer,pygments.lexers._mapping.LEXERS (via master CSV)
pl/dhall,.dhall,linguist,primary,Dhall,https://github.com/github-linguist/linguist/blob/master/lib/linguist/languages.yml
pl/diff,.diff,linguist,primary,Diff,https://github.com/github-linguist/linguist/blob/master/lib/linguist/languages.yml
pl/diff,.patch,linguist,secondary,Diff,https://github.com/github-linguist/linguist/blob/master/lib/linguist/languages.yml
pl/diff,.diff,pygments,primary,DiffLexer,pygments.lexers._mapping.LEXERS (via master CSV)
pl/diff,.patch,pygments,secondary,DiffLexer,pygments.lexers._mapping.LEXERS (via master CSV)
pl/digital-command-language,.com,linguist,primary,DIGITAL Command Language,https://github.com/github-linguist/linguist/blob/master/lib/linguist/languages.yml
pl/dircolors,.dircolors,linguist,primary,dircolors,https://github.com/github-linguist/linguist/blob/master/lib/linguist/languages.yml
pl/directx-3d-file,.x,linguist,primary,DirectX 3D File,https://github.com/github-linguist/linguist/blob/master/lib/linguist/languages.yml
pl/dm,.dm,linguist,primary,DM,https://github.com/github-linguist/linguist/blob/master/lib/linguist/languages.yml
pl/dns-zone,.zone,linguist,primary,DNS Zone,https://github.com/github-linguist/linguist/blob/master/lib/linguist/languages.yml
pl/dns-zone,.arpa,linguist,secondary,DNS Zone,https://github.com/github-linguist/linguist/blob/master/lib/linguist/languages.yml
pl/dns-zone,.zone,pygments,primary,DnsZoneLexer,pygments.lexers._mapping.LEXERS (via master CSV)
pl/do,.do,pygments,primary,StataLexer,pygments.lexers._mapping.LEXERS (via master CSV)
pl/do,.ado,pygments,secondary,StataLexer,pygments.lexers._mapping.LEXERS (via master CSV)
pl/docker,.dockerfile,pygments,primary,DockerLexer,pygments.lexers._mapping.LEXERS (via master CSV)
pl/docker,.docker,pygments,secondary,DockerLexer,pygments.lexers._mapping.LEXERS (via master CSV)
pl/dockerfile,.dockerfile,linguist,primary,Dockerfile,https://github.com/github-linguist/linguist/blob/master/lib/linguist/languages.yml
pl/dockerfile,.dockerfile,pygments,primary,DockerLexer,pygments.lexers._mapping.LEXERS (via master CSV)
pl/dockerfile,.docker,pygments,secondary,DockerLexer,pygments.lexers._mapping.LEXERS (via master CSV)
pl/dogescript,.djs,linguist,primary,Dogescript,https://github.com/github-linguist/linguist/blob/master/lib/linguist/languages.yml
pl/dot,.gv,pygments,primary,GraphvizLexer,pygments.lexers._mapping.LEXERS (via master CSV)
pl/dot,.dot,pygments,secondary,GraphvizLexer,pygments.lexers._mapping.LEXERS (via master CSV)
pl/dotenv,.env,linguist,primary,Dotenv,https://github.com/github-linguist/linguist/blob/master/lib/linguist/languages.yml
pl/dtd,.dtd,pygments,primary,DtdLexer,pygments.lexers._mapping.LEXERS (via master CSV)
pl/dtrace,.d,linguist,primary,DTrace,https://github.com/github-linguist/linguist/blob/master/lib/linguist/languages.yml
pl/dts,.dts,pygments,primary,DevicetreeLexer,pygments.lexers._mapping.LEXERS (via master CSV)
pl/dts,.dtsi,pygments,secondary,DevicetreeLexer,pygments.lexers._mapping.LEXERS (via master CSV)
pl/duel,.duel,pygments,primary,DuelLexer,pygments.lexers._mapping.LEXERS (via master CSV)
pl/duel,.jbst,pygments,secondary,DuelLexer,pygments.lexers._mapping.LEXERS (via master CSV)
pl/dylan,.dylan,linguist,primary,Dylan,https://github.com/github-linguist/linguist/blob/master/lib/linguist/languages.yml
pl/dylan,.dyl,linguist,secondary,Dylan,https://github.com/github-linguist/linguist/blob/master/lib/linguist/languages.yml
pl/dylan,.intr,linguist,secondary,Dylan,https://github.com/github-linguist/linguist/blob/master/lib/linguist/languages.yml
pl/dylan,.lid,linguist,secondary,Dylan,https://github.com/github-linguist/linguist/blob/master/lib/linguist/languages.yml
pl/dylan,.dylan,pygments,primary,DylanLexer,pygments.lexers._mapping.LEXERS (via master CSV)
pl/dylan,.dyl,pygments,secondary,DylanLexer,pygments.lexers._mapping.LEXERS (via master CSV)
pl/dylan,.intr,pygments,secondary,DylanLexer,pygments.lexers._mapping.LEXERS (via master CSV)
pl/e,.e,linguist,primary,E,https://github.com/github-linguist/linguist/blob/master/lib/linguist/languages.yml
pl/e-mail,.eml,linguist,primary,E-mail,https://github.com/github-linguist/linguist/blob/master/lib/linguist/languages.yml
pl/e-mail,.mbox,linguist,secondary,E-mail,https://github.com/github-linguist/linguist/blob/master/lib/linguist/languages.yml
pl/e-mail,.eml,pygments,primary,EmailLexer,pygments.lexers._mapping.LEXERS (via master CSV)
pl/eagle,.sch,linguist,primary,Eagle,https://github.com/github-linguist/linguist/blob/master/lib/linguist/languages.yml
pl/eagle,.brd,linguist,secondary,Eagle,https://github.com/github-linguist/linguist/blob/master/lib/linguist/languages.yml
pl/earl-grey,.eg,pygments,primary,EarlGreyLexer,pygments.lexers._mapping.LEXERS (via master CSV)
pl/easybuild,.eb,linguist,primary,Easybuild,https://github.com/github-linguist/linguist/blob/master/lib/linguist/languages.yml
pl/easytrieve,.ezt,pygments,primary,EasytrieveLexer,pygments.lexers._mapping.LEXERS (via master CSV)
pl/easytrieve,.mac,pygments,secondary,EasytrieveLexer,pygments.lexers._mapping.LEXERS (via master CSV)
pl/ebnf,.ebnf,linguist,primary,EBNF,https://github.com/github-linguist/linguist/blob/master/lib/linguist/languages.yml
pl/ebnf,.ebnf,pygments,primary,EbnfLexer,pygments.lexers._mapping.LEXERS (via master CSV)
pl/ec,.ec,linguist,primary,eC,https://github.com/github-linguist/linguist/blob/master/lib/linguist/languages.yml
pl/ec,.eh,linguist,secondary,eC,https://github.com/github-linguist/linguist/blob/master/lib/linguist/languages.yml
pl/ec,.ec,pygments,primary,ECLexer,pygments.lexers._mapping.LEXERS (via master CSV)
pl/ec,.eh,pygments,secondary,ECLexer,pygments.lexers._mapping.LEXERS (via master CSV)
pl/ecere-projects,.epj,linguist,primary,Ecere Projects,https://github.com/github-linguist/linguist/blob/master/lib/linguist/languages.yml
pl/ecl,.ecl,linguist,primary,ECL,https://github.com/github-linguist/linguist/blob/master/lib/linguist/languages.yml
pl/ecl,.eclxml,linguist,secondary,ECL,https://github.com/github-linguist/linguist/blob/master/lib/linguist/languages.yml
pl/ecl,.ecl,pygments,primary,ECLLexer,pygments.lexers._mapping.LEXERS (via master CSV)
pl/eclipse,.ecl,linguist,primary,ECLiPSe,https://github.com/github-linguist/linguist/blob/master/lib/linguist/languages.yml
pl/eclipse,.ecl,pygments,primary,PrologLexer,pygments.lexers._mapping.LEXERS (via master CSV)
pl/eclipse,.prolog,pygments,secondary,PrologLexer,pygments.lexers._mapping.LEXERS (via master CSV)
pl/eclipse,.pro,pygments,secondary,PrologLexer,pygments.lexers._mapping.LEXERS (via master CSV)
pl/eclipse,.pl,pygments,secondary,PrologLexer,pygments.lexers._mapping.LEXERS (via master CSV)
pl/ecmarkup,.html,linguist,primary,Ecmarkup,https://github.com/github-linguist/linguist/blob/master/lib/linguist/languages.yml
pl/ecmarkup,.html,pygments,primary,HtmlLexer,pygments.lexers._mapping.LEXERS (via master CSV)
pl/ecmarkup,.htm,pygments,secondary,HtmlLexer,pygments.lexers._mapping.LEXERS (via master CSV)
pl/ecmarkup,.xhtml,pygments,secondary,HtmlLexer,pygments.lexers._mapping.LEXERS (via master CSV)
pl/ecmarkup,.xslt,pygments,secondary,HtmlLexer,pygments.lexers._mapping.LEXERS (via master CSV)
pl/edge,.edge,linguist,primary,Edge,https://github.com/github-linguist/linguist/blob/master/lib/linguist/languages.yml
pl/edgeql,.edgeql,linguist,primary,EdgeQL,https://github.com/github-linguist/linguist/blob/master/lib/linguist/languages.yml
pl/edgeql,.esdl,linguist,secondary,EdgeQL,https://github.com/github-linguist/linguist/blob/master/lib/linguist/languages.yml
pl/editorconfig,.editorconfig,linguist,primary,EditorConfig,https://github.com/github-linguist/linguist/blob/master/lib/linguist/languages.yml
pl/edje-data-collection,.edc,linguist,primary,Edje Data Collection,https://github.com/github-linguist/linguist/blob/master/lib/linguist/languages.yml
pl/edn,.edn,linguist,primary,edn,https://github.com/github-linguist/linguist/blob/master/lib/linguist/languages.yml
pl/eiffel,.e,linguist,primary,Eiffel,https://github.com/github-linguist/linguist/blob/master/lib/linguist/languages.yml
pl/eiffel,.e,pygments,primary,EiffelLexer,pygments.lexers._mapping.LEXERS (via master CSV)
pl/ejs,.ejs,linguist,primary,EJS,https://github.com/github-linguist/linguist/blob/master/lib/linguist/languages.yml
pl/ejs,.ect,linguist,secondary,EJS,https://github.com/github-linguist/linguist/blob/master/lib/linguist/languages.yml
pl/ejs,.jst,linguist,secondary,EJS,https://github.com/github-linguist/linguist/blob/master/lib/linguist/languages.yml
pl/elixir,.ex,linguist,primary,Elixir,https://github.com/github-linguist/linguist/blob/master/lib/linguist/languages.yml
pl/elixir,.exs,linguist,secondary,Elixir,https://github.com/github-linguist/linguist/blob/master/lib/linguist/languages.yml
pl/elixir,.ex,pygments,primary,ElixirLexer,pygments.lexers._mapping.LEXERS (via master CSV)
pl/elixir,.eex,pygments,secondary,ElixirLexer,pygments.lexers._mapping.LEXERS (via master CSV)
pl/elixir,.exs,pygments,secondary,ElixirLexer,pygments.lexers._mapping.LEXERS (via master CSV)
pl/elixir,.leex,pygments,secondary,ElixirLexer,pygments.lexers._mapping.LEXERS (via master CSV)
pl/elixir-programming-language,.ex,pygments,primary,ElixirLexer,pygments.lexers._mapping.LEXERS (via master CSV)
pl/elixir-programming-language,.eex,pygments,secondary,ElixirLexer,pygments.lexers._mapping.LEXERS (via master CSV)
pl/elixir-programming-language,.exs,pygments,secondary,ElixirLexer,pygments.lexers._mapping.LEXERS (via master CSV)
pl/elixir-programming-language,.leex,pygments,secondary,ElixirLexer,pygments.lexers._mapping.LEXERS (via master CSV)
pl/elm,.elm,linguist,primary,Elm,https://github.com/github-linguist/linguist/blob/master/lib/linguist/languages.yml
pl/elm,.elm,pygments,primary,ElmLexer,pygments.lexers._mapping.LEXERS (via master CSV)
pl/elpi,.elpi,pygments,primary,ElpiLexer,pygments.lexers._mapping.LEXERS (via master CSV)
pl/elvish,.elv,linguist,primary,Elvish,https://github.com/github-linguist/linguist/blob/master/lib/linguist/languages.yml
pl/emacs-lisp,.el,linguist,primary,Emacs Lisp,https://github.com/github-linguist/linguist/blob/master/lib/linguist/languages.yml
pl/emacs-lisp,.emacs,linguist,secondary,Emacs Lisp,https://github.com/github-linguist/linguist/blob/master/lib/linguist/languages.yml
pl/emacs-lisp,.el,pygments,primary,EmacsLispLexer,pygments.lexers._mapping.LEXERS (via master CSV)
pl/emberscript,.em,linguist,primary,EmberScript,https://github.com/github-linguist/linguist/blob/master/lib/linguist/languages.yml
pl/emberscript,.emberscript,linguist,secondary,EmberScript,https://github.com/github-linguist/linguist/blob/master/lib/linguist/languages.yml
pl/eml,.eml,pygments,primary,EmailLexer,pygments.lexers._mapping.LEXERS (via master CSV)
pl/eq,.eq,linguist,primary,EQ,https://github.com/github-linguist/linguist/blob/master/lib/linguist/languages.yml
pl/erlang,.erl,linguist,primary,Erlang,https://github.com/github-linguist/linguist/blob/master/lib/linguist/languages.yml
pl/erlang,.app,linguist,secondary,Erlang,https://github.com/github-linguist/linguist/blob/master/lib/linguist/languages.yml
pl/erlang,.es,linguist,secondary,Erlang,https://github.com/github-linguist/linguist/blob/master/lib/linguist/languages.yml
pl/erlang,.escript,linguist,secondary,Erlang,https://github.com/github-linguist/linguist/blob/master/lib/linguist/languages.yml
pl/erlang,.hrl,linguist,secondary,Erlang,https://github.com/github-linguist/linguist/blob/master/lib/linguist/languages.yml
pl/erlang,.xrl,linguist,secondary,Erlang,https://github.com/github-linguist/linguist/blob/master/lib/linguist/languages.yml
pl/erlang,.yrl,linguist,secondary,Erlang,https://github.com/github-linguist/linguist/blob/master/lib/linguist/languages.yml
pl/erlang,.erl,pygments,primary,ErlangLexer,pygments.lexers._mapping.LEXERS (via master CSV)
pl/erlang,.hrl,pygments,secondary,ErlangLexer,pygments.lexers._mapping.LEXERS (via master CSV)
pl/erlang,.es,pygments,secondary,ErlangLexer,pygments.lexers._mapping.LEXERS (via master CSV)
pl/erlang,.escript,pygments,secondary,ErlangLexer,pygments.lexers._mapping.LEXERS (via master CSV)
pl/erlang-programming-language,.erl,pygments,primary,ErlangLexer,pygments.lexers._mapping.LEXERS (via master CSV)
pl/erlang-programming-language,.hrl,pygments,secondary,ErlangLexer,pygments.lexers._mapping.LEXERS (via master CSV)
pl/erlang-programming-language,.es,pygments,secondary,ErlangLexer,pygments.lexers._mapping.LEXERS (via master CSV)
pl/erlang-programming-language,.escript,pygments,secondary,ErlangLexer,pygments.lexers._mapping.LEXERS (via master CSV)
pl/euphoria,.e,linguist,primary,Euphoria,https://github.com/github-linguist/linguist/blob/master/lib/linguist/languages.yml
pl/euphoria,.ex,linguist,secondary,Euphoria,https://github.com/github-linguist/linguist/blob/master/lib/linguist/languages.yml
pl/euphoria,.ex,pygments,primary,ElixirLexer,pygments.lexers._mapping.LEXERS (via master CSV)
pl/euphoria,.eex,pygments,secondary,ElixirLexer,pygments.lexers._mapping.LEXERS (via master CSV)
pl/euphoria,.exs,pygments,secondary,ElixirLexer,pygments.lexers._mapping.LEXERS (via master CSV)
pl/euphoria,.leex,pygments,secondary,ElixirLexer,pygments.lexers._mapping.LEXERS (via master CSV)
pl/execline,.exec,pygments,primary,ExeclineLexer,pygments.lexers._mapping.LEXERS (via master CSV)
pl/extempore,.xtm,pygments,primary,XtlangLexer,pygments.lexers._mapping.LEXERS (via master CSV)
pl/ezhil,.n,pygments,primary,EzhilLexer,pygments.lexers._mapping.LEXERS (via master CSV)
pl/f,.fst,linguist,primary,F*,https://github.com/github-linguist/linguist/blob/master/lib/linguist/languages.yml
pl/f,.fsti,linguist,secondary,F*,https://github.com/github-linguist/linguist/blob/master/lib/linguist/languages.yml
pl/f,.fst,pygments,primary,FStarLexer,pygments.lexers._mapping.LEXERS (via master CSV)
pl/f,.fsti,pygments,secondary,FStarLexer,pygments.lexers._mapping.LEXERS (via master CSV)
pl/f-sharp,.fs,linguist,primary,F#,https://github.com/github-linguist/linguist/blob/master/lib/linguist/languages.yml
pl/f-sharp,.fsi,linguist,secondary,F#,https://github.com/github-linguist/linguist/blob/master/lib/linguist/languages.yml
pl/f-sharp,.fsx,linguist,secondary,F#,https://github.com/github-linguist/linguist/blob/master/lib/linguist/languages.yml
pl/f-sharp,.fs,pygments,primary,FSharpLexer,pygments.lexers._mapping.LEXERS (via master CSV)
pl/f-sharp,.fsi,pygments,secondary,FSharpLexer,pygments.lexers._mapping.LEXERS (via master CSV)
pl/f-sharp,.fsx,pygments,secondary,FSharpLexer,pygments.lexers._mapping.LEXERS (via master CSV)
pl/factor,.factor,linguist,primary,Factor,https://github.com/github-linguist/linguist/blob/master/lib/linguist/languages.yml
pl/factor,.factor,pygments,primary,FactorLexer,pygments.lexers._mapping.LEXERS (via master CSV)
pl/factor-programming-language,.factor,pygments,primary,FactorLexer,pygments.lexers._mapping.LEXERS (via master CSV)
pl/fancy,.fy,linguist,primary,Fancy,https://github.com/github-linguist/linguist/blob/master/lib/linguist/languages.yml
pl/fancy,.fancypack,linguist,secondary,Fancy,https://github.com/github-linguist/linguist/blob/master/lib/linguist/languages.yml
pl/fancy,.fy,pygments,primary,FancyLexer,pygments.lexers._mapping.LEXERS (via master CSV)
pl/fancy,.fancypack,pygments,secondary,FancyLexer,pygments.lexers._mapping.LEXERS (via master CSV)
pl/fantom,.fan,linguist,primary,Fantom,https://github.com/github-linguist/linguist/blob/master/lib/linguist/languages.yml
pl/fantom,.fan,pygments,primary,FantomLexer,pygments.lexers._mapping.LEXERS (via master CSV)
pl/faust,.dsp,linguist,primary,Faust,https://github.com/github-linguist/linguist/blob/master/lib/linguist/languages.yml
pl/felix,.flx,pygments,primary,FelixLexer,pygments.lexers._mapping.LEXERS (via master CSV)
pl/felix,.flxh,pygments,secondary,FelixLexer,pygments.lexers._mapping.LEXERS (via master CSV)
pl/fennel,.fnl,linguist,primary,Fennel,https://github.com/github-linguist/linguist/blob/master/lib/linguist/languages.yml
pl/fennel,.fnl,pygments,primary,FennelLexer,pygments.lexers._mapping.LEXERS (via master CSV)
pl/figlet-font,.flf,linguist,primary,FIGlet Font,https://github.com/github-linguist/linguist/blob/master/lib/linguist/languages.yml
pl/filebench-wml,.f,linguist,primary,Filebench WML,https://github.com/github-linguist/linguist/blob/master/lib/linguist/languages.yml
pl/filterscript,.fs,linguist,primary,Filterscript,https://github.com/github-linguist/linguist/blob/master/lib/linguist/languages.yml
pl/filterscript,.frt,pygments,primary,ForthLexer,pygments.lexers._mapping.LEXERS (via master CSV)
pl/filterscript,.fs,pygments,secondary,ForthLexer,pygments.lexers._mapping.LEXERS (via master CSV)
pl/firrtl,.fir,linguist,primary,FIRRTL,https://github.com/github-linguist/linguist/blob/master/lib/linguist/languages.yml
pl/fish,.fish,linguist,primary,fish,https://github.com/github-linguist/linguist/blob/master/lib/linguist/languages.yml
pl/fish,.fish,pygments,primary,FishShellLexer,pygments.lexers._mapping.LEXERS (via master CSV)
pl/fish,.load,pygments,secondary,FishShellLexer,pygments.lexers._mapping.LEXERS (via master CSV)
pl/flatbuffers,.fbs,linguist,primary,FlatBuffers,https://github.com/github-linguist/linguist/blob/master/lib/linguist/languages.yml
pl/flix,.flix,linguist,primary,Flix,https://github.com/github-linguist/linguist/blob/master/lib/linguist/languages.yml
pl/floscript,.flo,pygments,primary,FloScriptLexer,pygments.lexers._mapping.LEXERS (via master CSV)
pl/fluent,.ftl,linguist,primary,Fluent,https://github.com/github-linguist/linguist/blob/master/lib/linguist/languages.yml
pl/flux,.fx,linguist,primary,FLUX,https://github.com/github-linguist/linguist/blob/master/lib/linguist/languages.yml
pl/flux,.flux,linguist,secondary,FLUX,https://github.com/github-linguist/linguist/blob/master/lib/linguist/languages.yml
pl/formatted,.for,linguist,primary,Formatted,https://github.com/github-linguist/linguist/blob/master/lib/linguist/languages.yml
pl/forth,.fth,linguist,primary,Forth,https://github.com/github-linguist/linguist/blob/master/lib/linguist/languages.yml
pl/forth,.4th,linguist,secondary,Forth,https://github.com/github-linguist/linguist/blob/master/lib/linguist/languages.yml
pl/forth,.f,linguist,secondary,Forth,https://github.com/github-linguist/linguist/blob/master/lib/linguist/languages.yml
pl/forth,.for,linguist,secondary,Forth,https://github.com/github-linguist/linguist/blob/master/lib/linguist/languages.yml
pl/forth,.forth,linguist,secondary,Forth,https://github.com/github-linguist/linguist/blob/master/lib/linguist/languages.yml
pl/forth,.fr,linguist,secondary,Forth,https://github.com/github-linguist/linguist/blob/master/lib/linguist/languages.yml
pl/forth,.frt,linguist,secondary,Forth,https://github.com/github-linguist/linguist/blob/master/lib/linguist/languages.yml
pl/forth,.fs,linguist,secondary,Forth,https://github.com/github-linguist/linguist/blob/master/lib/linguist/languages.yml
pl/forth,.frt,pygments,primary,ForthLexer,pygments.lexers._mapping.LEXERS (via master CSV)
pl/forth,.fs,pygments,secondary,ForthLexer,pygments.lexers._mapping.LEXERS (via master CSV)
pl/forth-programming-language,.frt,pygments,primary,ForthLexer,pygments.lexers._mapping.LEXERS (via master CSV)
pl/forth-programming-language,.fs,pygments,secondary,ForthLexer,pygments.lexers._mapping.LEXERS (via master CSV)
pl/fortran,.f,linguist,primary,Fortran,https://github.com/github-linguist/linguist/blob/master/lib/linguist/languages.yml
pl/fortran,.f77,linguist,secondary,Fortran,https://github.com/github-linguist/linguist/blob/master/lib/linguist/languages.yml
pl/fortran,.for,linguist,secondary,Fortran,https://github.com/github-linguist/linguist/blob/master/lib/linguist/languages.yml
pl/fortran,.fpp,linguist,secondary,Fortran,https://github.com/github-linguist/linguist/blob/master/lib/linguist/languages.yml
pl/fortran,.f03,pygments,primary,FortranLexer,pygments.lexers._mapping.LEXERS (via master CSV)
pl/fortran,.f90,pygments,secondary,FortranLexer,pygments.lexers._mapping.LEXERS (via master CSV)
pl/fortran-free-form,.f90,linguist,primary,Fortran Free Form,https://github.com/github-linguist/linguist/blob/master/lib/linguist/languages.yml
pl/fortran-free-form,.f03,linguist,secondary,Fortran Free Form,https://github.com/github-linguist/linguist/blob/master/lib/linguist/languages.yml
pl/fortran-free-form,.f08,linguist,secondary,Fortran Free Form,https://github.com/github-linguist/linguist/blob/master/lib/linguist/languages.yml
pl/fortran-free-form,.f95,linguist,secondary,Fortran Free Form,https://github.com/github-linguist/linguist/blob/master/lib/linguist/languages.yml
pl/fortran-free-form,.f03,pygments,primary,FortranLexer,pygments.lexers._mapping.LEXERS (via master CSV)
pl/fortran-free-form,.f90,pygments,secondary,FortranLexer,pygments.lexers._mapping.LEXERS (via master CSV)
pl/foxpro,.prg,pygments,primary,FoxProLexer,pygments.lexers._mapping.LEXERS (via master CSV)
pl/freebasic,.bi,linguist,primary,FreeBASIC,https://github.com/github-linguist/linguist/blob/master/lib/linguist/languages.yml
pl/freebasic,.bas,linguist,secondary,FreeBASIC,https://github.com/github-linguist/linguist/blob/master/lib/linguist/languages.yml
pl/freebasic,.vb,pygments,primary,VbNetLexer,pygments.lexers._mapping.LEXERS (via master CSV)
pl/freebasic,.bas,pygments,secondary,VbNetLexer,pygments.lexers._mapping.LEXERS (via master CSV)
pl/freefem,.edp,pygments,primary,FreeFemLexer,pygments.lexers._mapping.LEXERS (via master CSV)
pl/freemarker,.ftl,linguist,primary,FreeMarker,https://github.com/github-linguist/linguist/blob/master/lib/linguist/languages.yml
pl/freemarker,.ftlh,linguist,secondary,FreeMarker,https://github.com/github-linguist/linguist/blob/master/lib/linguist/languages.yml
pl/frege,.fr,linguist,primary,Frege,https://github.com/github-linguist/linguist/blob/master/lib/linguist/languages.yml
pl/fstar,.fst,pygments,primary,FStarLexer,pygments.lexers._mapping.LEXERS (via master CSV)
pl/fstar,.fsti,pygments,secondary,FStarLexer,pygments.lexers._mapping.LEXERS (via master CSV)
pl/func,.fc,pygments,primary,FuncLexer,pygments.lexers._mapping.LEXERS (via master CSV)
pl/func,.func,pygments,secondary,FuncLexer,pygments.lexers._mapping.LEXERS (via master CSV)
pl/futhark,.fut,linguist,primary,Futhark,https://github.com/github-linguist/linguist/blob/master/lib/linguist/languages.yml
pl/futhark,.fut,pygments,primary,FutharkLexer,pygments.lexers._mapping.LEXERS (via master CSV)
pl/g-code,.g,linguist,primary,G-code,https://github.com/github-linguist/linguist/blob/master/lib/linguist/languages.yml
pl/g-code,.cnc,linguist,secondary,G-code,https://github.com/github-linguist/linguist/blob/master/lib/linguist/languages.yml
pl/g-code,.gco,linguist,secondary,G-code,https://github.com/github-linguist/linguist/blob/master/lib/linguist/languages.yml
pl/g-code,.gcode,linguist,secondary,G-code,https://github.com/github-linguist/linguist/blob/master/lib/linguist/languages.yml
pl/g-code,.gcode,pygments,primary,GcodeLexer,pygments.lexers._mapping.LEXERS (via master CSV)
pl/game-maker-language,.gml,linguist,primary,Game Maker Language,https://github.com/github-linguist/linguist/blob/master/lib/linguist/languages.yml
pl/gaml,.gaml,linguist,primary,GAML,https://github.com/github-linguist/linguist/blob/master/lib/linguist/languages.yml
pl/gams,.gms,linguist,primary,GAMS,https://github.com/github-linguist/linguist/blob/master/lib/linguist/languages.yml
pl/gap,.g,linguist,primary,GAP,https://github.com/github-linguist/linguist/blob/master/lib/linguist/languages.yml
pl/gap,.gap,linguist,secondary,GAP,https://github.com/github-linguist/linguist/blob/master/lib/linguist/languages.yml
pl/gap,.gd,linguist,secondary,GAP,https://github.com/github-linguist/linguist/blob/master/lib/linguist/languages.yml
pl/gap,.gi,linguist,secondary,GAP,https://github.com/github-linguist/linguist/blob/master/lib/linguist/languages.yml
pl/gap,.tst,linguist,secondary,GAP,https://github.com/github-linguist/linguist/blob/master/lib/linguist/languages.yml
pl/gap,.g,pygments,primary,GAPLexer,pygments.lexers._mapping.LEXERS (via master CSV)
pl/gap,.gd,pygments,secondary,GAPLexer,pygments.lexers._mapping.LEXERS (via master CSV)
pl/gap,.gi,pygments,secondary,GAPLexer,pygments.lexers._mapping.LEXERS (via master CSV)
pl/gap,.gap,pygments,secondary,GAPLexer,pygments.lexers._mapping.LEXERS (via master CSV)
pl/gas,.s,pygments,primary,GasLexer,pygments.lexers._mapping.LEXERS (via master CSV)
pl/gcc-machine-description,.md,linguist,primary,GCC Machine Description,https://github.com/github-linguist/linguist/blob/master/lib/linguist/languages.yml
pl/gcc-machine-description,.md,pygments,primary,MarkdownLexer,pygments.lexers._mapping.LEXERS (via master CSV)
pl/gcc-machine-description,.markdown,pygments,secondary,MarkdownLexer,pygments.lexers._mapping.LEXERS (via master CSV)
pl/gdb,.gdb,linguist,primary,GDB,https://github.com/github-linguist/linguist/blob/master/lib/linguist/languages.yml
pl/gdb,.gdbinit,linguist,secondary,GDB,https://github.com/github-linguist/linguist/blob/master/lib/linguist/languages.yml
pl/gdscript,.gd,linguist,primary,GDScript,https://github.com/github-linguist/linguist/blob/master/lib/linguist/languages.yml
pl/gdscript,.gd,pygments,primary,GDScriptLexer,pygments.lexers._mapping.LEXERS (via master CSV)
pl/gdshader,.gdshader,linguist,primary,GDShader,https://github.com/github-linguist/linguist/blob/master/lib/linguist/languages.yml
pl/gdshader,.gdshaderinc,linguist,secondary,GDShader,https://github.com/github-linguist/linguist/blob/master/lib/linguist/languages.yml
pl/gedcom,.ged,linguist,primary,GEDCOM,https://github.com/github-linguist/linguist/blob/master/lib/linguist/languages.yml
pl/gemini,.gmi,linguist,primary,Gemini,https://github.com/github-linguist/linguist/blob/master/lib/linguist/languages.yml
pl/genero-4gl,.4gl,linguist,primary,Genero 4gl,https://github.com/github-linguist/linguist/blob/master/lib/linguist/languages.yml
pl/genero-per,.per,linguist,primary,Genero per,https://github.com/github-linguist/linguist/blob/master/lib/linguist/languages.yml
pl/genie,.gs,linguist,primary,Genie,https://github.com/github-linguist/linguist/blob/master/lib/linguist/languages.yml
pl/genie,.gs,pygments,primary,GosuLexer,pygments.lexers._mapping.LEXERS (via master CSV)
pl/genie,.gsx,pygments,secondary,GosuLexer,pygments.lexers._mapping.LEXERS (via master CSV)
pl/genie,.gsp,pygments,secondary,GosuLexer,pygments.lexers._mapping.LEXERS (via master CSV)
pl/genie,.vark,pygments,secondary,GosuLexer,pygments.lexers._mapping.LEXERS (via master CSV)
pl/genshi,.kid,linguist,primary,Genshi,https://github.com/github-linguist/linguist/blob/master/lib/linguist/languages.yml
pl/genshi,.kid,pygments,primary,GenshiLexer,pygments.lexers._mapping.LEXERS (via master CSV)
pl/gentoo-eclass,.eclass,linguist,primary,Gentoo Eclass,https://github.com/github-linguist/linguist/blob/master/lib/linguist/languages.yml
pl/gentoo-eclass,.sh,pygments,primary,BashLexer,pygments.lexers._mapping.LEXERS (via master CSV)
pl/gentoo-eclass,.ksh,pygments,secondary,BashLexer,pygments.lexers._mapping.LEXERS (via master CSV)
pl/gentoo-eclass,.bash,pygments,secondary,BashLexer,pygments.lexers._mapping.LEXERS (via master CSV)
pl/gentoo-eclass,.ebuild,pygments,secondary,BashLexer,pygments.lexers._mapping.LEXERS (via master CSV)
pl/gentoo-eclass,.eclass,pygments,secondary,BashLexer,pygments.lexers._mapping.LEXERS (via master CSV)
pl/gentoo-eclass,.exheres-0,pygments,secondary,BashLexer,pygments.lexers._mapping.LEXERS (via master CSV)
pl/gentoo-eclass,.exlib,pygments,secondary,BashLexer,pygments.lexers._mapping.LEXERS (via master CSV)
pl/gentoo-eclass,.zsh,pygments,secondary,BashLexer,pygments.lexers._mapping.LEXERS (via master CSV)
pl/gentoo-eclass,.bashrc,pygments,secondary,BashLexer,pygments.lexers._mapping.LEXERS (via master CSV)
pl/gentoo-eclass,.zshrc,pygments,secondary,BashLexer,pygments.lexers._mapping.LEXERS (via master CSV)
pl/gentoo-eclass,.kshrc,pygments,secondary,BashLexer,pygments.lexers._mapping.LEXERS (via master CSV)
pl/gentoo-eclass,.pkgbuild,pygments,secondary,BashLexer,pygments.lexers._mapping.LEXERS (via master CSV)
pl/gentoo-ebuild,.ebuild,linguist,primary,Gentoo Ebuild,https://github.com/github-linguist/linguist/blob/master/lib/linguist/languages.yml
pl/gentoo-ebuild,.sh,pygments,primary,BashLexer,pygments.lexers._mapping.LEXERS (via master CSV)
pl/gentoo-ebuild,.ksh,pygments,secondary,BashLexer,pygments.lexers._mapping.LEXERS (via master CSV)
pl/gentoo-ebuild,.bash,pygments,secondary,BashLexer,pygments.lexers._mapping.LEXERS (via master CSV)
pl/gentoo-ebuild,.ebuild,pygments,secondary,BashLexer,pygments.lexers._mapping.LEXERS (via master CSV)
pl/gentoo-ebuild,.eclass,pygments,secondary,BashLexer,pygments.lexers._mapping.LEXERS (via master CSV)
pl/gentoo-ebuild,.exheres-0,pygments,secondary,BashLexer,pygments.lexers._mapping.LEXERS (via master CSV)
pl/gentoo-ebuild,.exlib,pygments,secondary,BashLexer,pygments.lexers._mapping.LEXERS (via master CSV)
pl/gentoo-ebuild,.zsh,pygments,secondary,BashLexer,pygments.lexers._mapping.LEXERS (via master CSV)
pl/gentoo-ebuild,.bashrc,pygments,secondary,BashLexer,pygments.lexers._mapping.LEXERS (via master CSV)
pl/gentoo-ebuild,.zshrc,pygments,secondary,BashLexer,pygments.lexers._mapping.LEXERS (via master CSV)
pl/gentoo-ebuild,.kshrc,pygments,secondary,BashLexer,pygments.lexers._mapping.LEXERS (via master CSV)
pl/gentoo-ebuild,.pkgbuild,pygments,secondary,BashLexer,pygments.lexers._mapping.LEXERS (via master CSV)
pl/gerber-image,.gbr,linguist,primary,Gerber Image,https://github.com/github-linguist/linguist/blob/master/lib/linguist/languages.yml
pl/gerber-image,.cmp,linguist,secondary,Gerber Image,https://github.com/github-linguist/linguist/blob/master/lib/linguist/languages.yml
pl/gerber-image,.gbl,linguist,secondary,Gerber Image,https://github.com/github-linguist/linguist/blob/master/lib/linguist/languages.yml
pl/gerber-image,.gbo,linguist,secondary,Gerber Image,https://github.com/github-linguist/linguist/blob/master/lib/linguist/languages.yml
pl/gerber-image,.gbp,linguist,secondary,Gerber Image,https://github.com/github-linguist/linguist/blob/master/lib/linguist/languages.yml
pl/gerber-image,.gbs,linguist,secondary,Gerber Image,https://github.com/github-linguist/linguist/blob/master/lib/linguist/languages.yml
pl/gerber-image,.gko,linguist,secondary,Gerber Image,https://github.com/github-linguist/linguist/blob/master/lib/linguist/languages.yml
pl/gerber-image,.gml,linguist,secondary,Gerber Image,https://github.com/github-linguist/linguist/blob/master/lib/linguist/languages.yml
pl/gerber-image,.gpb,linguist,secondary,Gerber Image,https://github.com/github-linguist/linguist/blob/master/lib/linguist/languages.yml
pl/gerber-image,.gpt,linguist,secondary,Gerber Image,https://github.com/github-linguist/linguist/blob/master/lib/linguist/languages.yml
pl/gerber-image,.gtl,linguist,secondary,Gerber Image,https://github.com/github-linguist/linguist/blob/master/lib/linguist/languages.yml
pl/gerber-image,.gto,linguist,secondary,Gerber Image,https://github.com/github-linguist/linguist/blob/master/lib/linguist/languages.yml
pl/gerber-image,.gtp,linguist,secondary,Gerber Image,https://github.com/github-linguist/linguist/blob/master/lib/linguist/languages.yml
pl/gerber-image,.gts,linguist,secondary,Gerber Image,https://github.com/github-linguist/linguist/blob/master/lib/linguist/languages.yml
pl/gerber-image,.ncl,linguist,secondary,Gerber Image,https://github.com/github-linguist/linguist/blob/master/lib/linguist/languages.yml
pl/gerber-image,.sol,linguist,secondary,Gerber Image,https://github.com/github-linguist/linguist/blob/master/lib/linguist/languages.yml
pl/gerber-image,.sol,pygments,primary,SolidityLexer,pygments.lexers._mapping.LEXERS (via master CSV)
pl/gettext-catalog,.po,linguist,primary,Gettext Catalog,https://github.com/github-linguist/linguist/blob/master/lib/linguist/languages.yml
pl/gettext-catalog,.pot,linguist,secondary,Gettext Catalog,https://github.com/github-linguist/linguist/blob/master/lib/linguist/languages.yml
pl/gettext-catalog,.pot,pygments,primary,GettextLexer,pygments.lexers._mapping.LEXERS (via master CSV)
pl/gettext-catalog,.po,pygments,secondary,GettextLexer,pygments.lexers._mapping.LEXERS (via master CSV)
pl/gherkin,.feature,linguist,primary,Gherkin,https://github.com/github-linguist/linguist/blob/master/lib/linguist/languages.yml
pl/gherkin,.story,linguist,secondary,Gherkin,https://github.com/github-linguist/linguist/blob/master/lib/linguist/languages.yml
pl/gherkin,.feature,pygments,primary,GherkinLexer,pygments.lexers._mapping.LEXERS (via master CSV)
pl/git-config,.gitconfig,linguist,primary,Git Config,https://github.com/github-linguist/linguist/blob/master/lib/linguist/languages.yml
pl/gleam,.gleam,linguist,primary,Gleam,https://github.com/github-linguist/linguist/blob/master/lib/linguist/languages.yml
pl/gleam,.gleam,pygments,primary,GleamLexer,pygments.lexers._mapping.LEXERS (via master CSV)
pl/glimmer-js,.gjs,linguist,primary,Glimmer JS,https://github.com/github-linguist/linguist/blob/master/lib/linguist/languages.yml
pl/glimmer-ts,.gts,linguist,primary,Glimmer TS,https://github.com/github-linguist/linguist/blob/master/lib/linguist/languages.yml
pl/glsl,.glsl,linguist,primary,GLSL,https://github.com/github-linguist/linguist/blob/master/lib/linguist/languages.yml
pl/glsl,.fp,linguist,secondary,GLSL,https://github.com/github-linguist/linguist/blob/master/lib/linguist/languages.yml
pl/glsl,.frag,linguist,secondary,GLSL,https://github.com/github-linguist/linguist/blob/master/lib/linguist/languages.yml
pl/glsl,.frg,linguist,secondary,GLSL,https://github.com/github-linguist/linguist/blob/master/lib/linguist/languages.yml
pl/glsl,.fs,linguist,secondary,GLSL,https://github.com/github-linguist/linguist/blob/master/lib/linguist/languages.yml
pl/glsl,.fsh,linguist,secondary,GLSL,https://github.com/github-linguist/linguist/blob/master/lib/linguist/languages.yml
pl/glsl,.fshader,linguist,secondary,GLSL,https://github.com/github-linguist/linguist/blob/master/lib/linguist/languages.yml
pl/glsl,.geo,linguist,secondary,GLSL,https://github.com/github-linguist/linguist/blob/master/lib/linguist/languages.yml
pl/glsl,.geom,linguist,secondary,GLSL,https://github.com/github-linguist/linguist/blob/master/lib/linguist/languages.yml
pl/glsl,.glslf,linguist,secondary,GLSL,https://github.com/github-linguist/linguist/blob/master/lib/linguist/languages.yml
pl/glsl,.glslv,linguist,secondary,GLSL,https://github.com/github-linguist/linguist/blob/master/lib/linguist/languages.yml
pl/glsl,.gs,linguist,secondary,GLSL,https://github.com/github-linguist/linguist/blob/master/lib/linguist/languages.yml
pl/glsl,.gshader,linguist,secondary,GLSL,https://github.com/github-linguist/linguist/blob/master/lib/linguist/languages.yml
pl/glsl,.rchit,linguist,secondary,GLSL,https://github.com/github-linguist/linguist/blob/master/lib/linguist/languages.yml
pl/glsl,.rmiss,linguist,secondary,GLSL,https://github.com/github-linguist/linguist/blob/master/lib/linguist/languages.yml
pl/glsl,.shader,linguist,secondary,GLSL,https://github.com/github-linguist/linguist/blob/master/lib/linguist/languages.yml
pl/glsl,.tesc,linguist,secondary,GLSL,https://github.com/github-linguist/linguist/blob/master/lib/linguist/languages.yml
pl/glsl,.tese,linguist,secondary,GLSL,https://github.com/github-linguist/linguist/blob/master/lib/linguist/languages.yml
pl/glsl,.vert,linguist,secondary,GLSL,https://github.com/github-linguist/linguist/blob/master/lib/linguist/languages.yml
pl/glsl,.vrx,linguist,secondary,GLSL,https://github.com/github-linguist/linguist/blob/master/lib/linguist/languages.yml
pl/glsl,.vs,linguist,secondary,GLSL,https://github.com/github-linguist/linguist/blob/master/lib/linguist/languages.yml
pl/glsl,.vsh,linguist,secondary,GLSL,https://github.com/github-linguist/linguist/blob/master/lib/linguist/languages.yml
pl/glsl,.vshader,linguist,secondary,GLSL,https://github.com/github-linguist/linguist/blob/master/lib/linguist/languages.yml
pl/glsl,.vert,pygments,primary,GLShaderLexer,pygments.lexers._mapping.LEXERS (via master CSV)
pl/glsl,.frag,pygments,secondary,GLShaderLexer,pygments.lexers._mapping.LEXERS (via master CSV)
pl/glsl,.geo,pygments,secondary,GLShaderLexer,pygments.lexers._mapping.LEXERS (via master CSV)
pl/glyph,.glf,linguist,primary,Glyph,https://github.com/github-linguist/linguist/blob/master/lib/linguist/languages.yml
pl/glyph-bitmap-distribution-format,.bdf,linguist,primary,Glyph Bitmap Distribution Format,https://github.com/github-linguist/linguist/blob/master/lib/linguist/languages.yml
pl/gn,.gn,linguist,primary,GN,https://github.com/github-linguist/linguist/blob/master/lib/linguist/languages.yml
pl/gn,.gni,linguist,secondary,GN,https://github.com/github-linguist/linguist/blob/master/lib/linguist/languages.yml
pl/gnuplot,.gp,linguist,primary,Gnuplot,https://github.com/github-linguist/linguist/blob/master/lib/linguist/languages.yml
pl/gnuplot,.gnu,linguist,secondary,Gnuplot,https://github.com/github-linguist/linguist/blob/master/lib/linguist/languages.yml
pl/gnuplot,.gnuplot,linguist,secondary,Gnuplot,https://github.com/github-linguist/linguist/blob/master/lib/linguist/languages.yml
pl/gnuplot,.p,linguist,secondary,Gnuplot,https://github.com/github-linguist/linguist/blob/master/lib/linguist/languages.yml
pl/gnuplot,.plot,linguist,secondary,Gnuplot,https://github.com/github-linguist/linguist/blob/master/lib/linguist/languages.yml
pl/gnuplot,.plt,linguist,secondary,Gnuplot,https://github.com/github-linguist/linguist/blob/master/lib/linguist/languages.yml
pl/gnuplot,.plot,pygments,primary,GnuplotLexer,pygments.lexers._mapping.LEXERS (via master CSV)
pl/gnuplot,.plt,pygments,secondary,GnuplotLexer,pygments.lexers._mapping.LEXERS (via master CSV)
pl/go,.go,linguist,primary,Go,https://github.com/github-linguist/linguist/blob/master/lib/linguist/languages.yml
pl/go,.go,pygments,primary,GoLexer,pygments.lexers._mapping.LEXERS (via master CSV)
pl/go-programming-language,.go,pygments,primary,GoLexer,pygments.lexers._mapping.LEXERS (via master CSV)
pl/go-template,.gohtml,linguist,primary,Go Template,https://github.com/github-linguist/linguist/blob/master/lib/linguist/languages.yml
pl/go-template,.gotmpl,linguist,secondary,Go Template,https://github.com/github-linguist/linguist/blob/master/lib/linguist/languages.yml
pl/go-template,.tmpl,linguist,secondary,Go Template,https://github.com/github-linguist/linguist/blob/master/lib/linguist/languages.yml
pl/go-template,.tpl,linguist,secondary,Go Template,https://github.com/github-linguist/linguist/blob/master/lib/linguist/languages.yml
pl/go-template,.tmpl,pygments,primary,CheetahLexer,pygments.lexers._mapping.LEXERS (via master CSV)
pl/go-template,.spt,pygments,secondary,CheetahLexer,pygments.lexers._mapping.LEXERS (via master CSV)
pl/godot-resource,.gdnlib,linguist,primary,Godot Resource,https://github.com/github-linguist/linguist/blob/master/lib/linguist/languages.yml
pl/godot-resource,.gdns,linguist,secondary,Godot Resource,https://github.com/github-linguist/linguist/blob/master/lib/linguist/languages.yml
pl/godot-resource,.tres,linguist,secondary,Godot Resource,https://github.com/github-linguist/linguist/blob/master/lib/linguist/languages.yml
pl/godot-resource,.tscn,linguist,secondary,Godot Resource,https://github.com/github-linguist/linguist/blob/master/lib/linguist/languages.yml
pl/golo,.golo,linguist,primary,Golo,https://github.com/github-linguist/linguist/blob/master/lib/linguist/languages.yml
pl/golo,.golo,pygments,primary,GoloLexer,pygments.lexers._mapping.LEXERS (via master CSV)
pl/golo-programming-language,.golo,pygments,primary,GoloLexer,pygments.lexers._mapping.LEXERS (via master CSV)
pl/gosu,.gs,linguist,primary,Gosu,https://github.com/github-linguist/linguist/blob/master/lib/linguist/languages.yml
pl/gosu,.gst,linguist,secondary,Gosu,https://github.com/github-linguist/linguist/blob/master/lib/linguist/languages.yml
pl/gosu,.gsx,linguist,secondary,Gosu,https://github.com/github-linguist/linguist/blob/master/lib/linguist/languages.yml
pl/gosu,.vark,linguist,secondary,Gosu,https://github.com/github-linguist/linguist/blob/master/lib/linguist/languages.yml
pl/gosu,.gs,pygments,primary,GosuLexer,pygments.lexers._mapping.LEXERS (via master CSV)
pl/gosu,.gsx,pygments,secondary,GosuLexer,pygments.lexers._mapping.LEXERS (via master CSV)
pl/gosu,.gsp,pygments,secondary,GosuLexer,pygments.lexers._mapping.LEXERS (via master CSV)
pl/gosu,.vark,pygments,secondary,GosuLexer,pygments.lexers._mapping.LEXERS (via master CSV)
pl/gosu-programming-language,.gs,pygments,primary,GosuLexer,pygments.lexers._mapping.LEXERS (via master CSV)
pl/gosu-programming-language,.gsx,pygments,secondary,GosuLexer,pygments.lexers._mapping.LEXERS (via master CSV)
pl/gosu-programming-language,.gsp,pygments,secondary,GosuLexer,pygments.lexers._mapping.LEXERS (via master CSV)
pl/gosu-programming-language,.vark,pygments,secondary,GosuLexer,pygments.lexers._mapping.LEXERS (via master CSV)
pl/grace,.grace,linguist,primary,Grace,https://github.com/github-linguist/linguist/blob/master/lib/linguist/languages.yml
pl/gradle,.gradle,linguist,primary,Gradle,https://github.com/github-linguist/linguist/blob/master/lib/linguist/languages.yml
pl/gradle,.groovy,pygments,primary,GroovyLexer,pygments.lexers._mapping.LEXERS (via master CSV)
pl/gradle,.gradle,pygments,secondary,GroovyLexer,pygments.lexers._mapping.LEXERS (via master CSV)
pl/grammatical-framework,.gf,linguist,primary,Grammatical Framework,https://github.com/github-linguist/linguist/blob/master/lib/linguist/languages.yml
pl/graph-modeling-language,.gml,linguist,primary,Graph Modeling Language,https://github.com/github-linguist/linguist/blob/master/lib/linguist/languages.yml
pl/graphql,.graphql,linguist,primary,GraphQL,https://github.com/github-linguist/linguist/blob/master/lib/linguist/languages.yml
pl/graphql,.gql,linguist,secondary,GraphQL,https://github.com/github-linguist/linguist/blob/master/lib/linguist/languages.yml
pl/graphql,.graphqls,linguist,secondary,GraphQL,https://github.com/github-linguist/linguist/blob/master/lib/linguist/languages.yml
pl/graphql,.graphql,pygments,primary,GraphQLLexer,pygments.lexers._mapping.LEXERS (via master CSV)
pl/graphviz-dot,.dot,linguist,primary,Graphviz (DOT),https://github.com/github-linguist/linguist/blob/master/lib/linguist/languages.yml
pl/graphviz-dot,.gv,linguist,secondary,Graphviz (DOT),https://github.com/github-linguist/linguist/blob/master/lib/linguist/languages.yml
pl/graphviz-dot,.gv,pygments,primary,GraphvizLexer,pygments.lexers._mapping.LEXERS (via master CSV)
pl/graphviz-dot,.dot,pygments,secondary,GraphvizLexer,pygments.lexers._mapping.LEXERS (via master CSV)
pl/groff,.man,pygments,primary,GroffLexer,pygments.lexers._mapping.LEXERS (via master CSV)
pl/groff,.1p,pygments,secondary,GroffLexer,pygments.lexers._mapping.LEXERS (via master CSV)
pl/groff,.3pm,pygments,secondary,GroffLexer,pygments.lexers._mapping.LEXERS (via master CSV)
pl/groovy,.groovy,linguist,primary,Groovy,https://github.com/github-linguist/linguist/blob/master/lib/linguist/languages.yml
pl/groovy,.grt,linguist,secondary,Groovy,https://github.com/github-linguist/linguist/blob/master/lib/linguist/languages.yml
pl/groovy,.gtpl,linguist,secondary,Groovy,https://github.com/github-linguist/linguist/blob/master/lib/linguist/languages.yml
pl/groovy,.gvy,linguist,secondary,Groovy,https://github.com/github-linguist/linguist/blob/master/lib/linguist/languages.yml
pl/groovy,.groovy,pygments,primary,GroovyLexer,pygments.lexers._mapping.LEXERS (via master CSV)
pl/groovy,.gradle,pygments,secondary,GroovyLexer,pygments.lexers._mapping.LEXERS (via master CSV)
pl/groovy-server-pages,.gsp,linguist,primary,Groovy Server Pages,https://github.com/github-linguist/linguist/blob/master/lib/linguist/languages.yml
pl/groovy-server-pages,.gs,pygments,primary,GosuLexer,pygments.lexers._mapping.LEXERS (via master CSV)
pl/groovy-server-pages,.gsx,pygments,secondary,GosuLexer,pygments.lexers._mapping.LEXERS (via master CSV)
pl/groovy-server-pages,.gsp,pygments,secondary,GosuLexer,pygments.lexers._mapping.LEXERS (via master CSV)
pl/groovy-server-pages,.vark,pygments,secondary,GosuLexer,pygments.lexers._mapping.LEXERS (via master CSV)
pl/gsc,.gsc,linguist,primary,GSC,https://github.com/github-linguist/linguist/blob/master/lib/linguist/languages.yml
pl/gsc,.csc,linguist,secondary,GSC,https://github.com/github-linguist/linguist/blob/master/lib/linguist/languages.yml
pl/gsc,.gsh,linguist,secondary,GSC,https://github.com/github-linguist/linguist/blob/master/lib/linguist/languages.yml
pl/gsql,.gsql,pygments,primary,GSQLLexer,pygments.lexers._mapping.LEXERS (via master CSV)
pl/hack,.hack,linguist,primary,Hack,https://github.com/github-linguist/linguist/blob/master/lib/linguist/languages.yml
pl/hack,.hh,linguist,secondary,Hack,https://github.com/github-linguist/linguist/blob/master/lib/linguist/languages.yml
pl/hack,.hhi,linguist,secondary,Hack,https://github.com/github-linguist/linguist/blob/master/lib/linguist/languages.yml
pl/hack,.php,linguist,secondary,Hack,https://github.com/github-linguist/linguist/blob/master/lib/linguist/languages.yml
pl/hack,.php,pygments,primary,PhpLexer,pygments.lexers._mapping.LEXERS (via master CSV)
pl/hack,.inc,pygments,secondary,PhpLexer,pygments.lexers._mapping.LEXERS (via master CSV)
pl/haml,.haml,linguist,primary,Haml,https://github.com/github-linguist/linguist/blob/master/lib/linguist/languages.yml
pl/haml,.haml,pygments,primary,HamlLexer,pygments.lexers._mapping.LEXERS (via master CSV)
pl/handlebars,.handlebars,linguist,primary,Handlebars,https://github.com/github-linguist/linguist/blob/master/lib/linguist/languages.yml
pl/handlebars,.hbs,linguist,secondary,Handlebars,https://github.com/github-linguist/linguist/blob/master/lib/linguist/languages.yml
pl/haproxy,.cfg,linguist,primary,HAProxy,https://github.com/github-linguist/linguist/blob/master/lib/linguist/languages.yml
pl/haproxy,.ini,pygments,primary,IniLexer,pygments.lexers._mapping.LEXERS (via master CSV)
pl/haproxy,.cfg,pygments,secondary,IniLexer,pygments.lexers._mapping.LEXERS (via master CSV)
pl/haproxy,.inf,pygments,secondary,IniLexer,pygments.lexers._mapping.LEXERS (via master CSV)
pl/haproxy,.editorconfig,pygments,secondary,IniLexer,pygments.lexers._mapping.LEXERS (via master CSV)
pl/harbour,.hb,linguist,primary,Harbour,https://github.com/github-linguist/linguist/blob/master/lib/linguist/languages.yml
pl/hare,.ha,linguist,primary,Hare,https://github.com/github-linguist/linguist/blob/master/lib/linguist/languages.yml
pl/hare,.ha,pygments,primary,HareLexer,pygments.lexers._mapping.LEXERS (via master CSV)
pl/haskell,.hs,linguist,primary,Haskell,https://github.com/github-linguist/linguist/blob/master/lib/linguist/languages.yml
pl/haskell,.hs-boot,linguist,secondary,Haskell,https://github.com/github-linguist/linguist/blob/master/lib/linguist/languages.yml
pl/haskell,.hsc,linguist,secondary,Haskell,https://github.com/github-linguist/linguist/blob/master/lib/linguist/languages.yml
pl/haskell,.hs,pygments,primary,HaskellLexer,pygments.lexers._mapping.LEXERS (via master CSV)
pl/haxe,.hx,linguist,primary,Haxe,https://github.com/github-linguist/linguist/blob/master/lib/linguist/languages.yml
pl/haxe,.hxsl,linguist,secondary,Haxe,https://github.com/github-linguist/linguist/blob/master/lib/linguist/languages.yml
pl/haxe,.hx,pygments,primary,HaxeLexer,pygments.lexers._mapping.LEXERS (via master CSV)
pl/haxe,.hxsl,pygments,secondary,HaxeLexer,pygments.lexers._mapping.LEXERS (via master CSV)
pl/hcl,.hcl,linguist,primary,HCL,https://github.com/github-linguist/linguist/blob/master/lib/linguist/languages.yml
pl/hcl,.nomad,linguist,secondary,HCL,https://github.com/github-linguist/linguist/blob/master/lib/linguist/languages.yml
pl/hcl,.tf,linguist,secondary,HCL,https://github.com/github-linguist/linguist/blob/master/lib/linguist/languages.yml
pl/hcl,.tfvars,linguist,secondary,HCL,https://github.com/github-linguist/linguist/blob/master/lib/linguist/languages.yml
pl/hcl,.tofu,linguist,secondary,HCL,https://github.com/github-linguist/linguist/blob/master/lib/linguist/languages.yml
pl/hcl,.workflow,linguist,secondary,HCL,https://github.com/github-linguist/linguist/blob/master/lib/linguist/languages.yml
pl/hcl,.tf,pygments,primary,TerraformLexer,pygments.lexers._mapping.LEXERS (via master CSV)
pl/hcl,.hcl,pygments,secondary,TerraformLexer,pygments.lexers._mapping.LEXERS (via master CSV)
pl/hip,.hip,linguist,primary,HIP,https://github.com/github-linguist/linguist/blob/master/lib/linguist/languages.yml
pl/hiveql,.q,linguist,primary,HiveQL,https://github.com/github-linguist/linguist/blob/master/lib/linguist/languages.yml
pl/hiveql,.hql,linguist,secondary,HiveQL,https://github.com/github-linguist/linguist/blob/master/lib/linguist/languages.yml
pl/hlsl,.hlsl,linguist,primary,HLSL,https://github.com/github-linguist/linguist/blob/master/lib/linguist/languages.yml
pl/hlsl,.cginc,linguist,secondary,HLSL,https://github.com/github-linguist/linguist/blob/master/lib/linguist/languages.yml
pl/hlsl,.fx,linguist,secondary,HLSL,https://github.com/github-linguist/linguist/blob/master/lib/linguist/languages.yml
pl/hlsl,.fxh,linguist,secondary,HLSL,https://github.com/github-linguist/linguist/blob/master/lib/linguist/languages.yml
pl/hlsl,.hlsli,linguist,secondary,HLSL,https://github.com/github-linguist/linguist/blob/master/lib/linguist/languages.yml
pl/hlsl,.hlsl,pygments,primary,HLSLShaderLexer,pygments.lexers._mapping.LEXERS (via master CSV)
pl/hlsl,.hlsli,pygments,secondary,HLSLShaderLexer,pygments.lexers._mapping.LEXERS (via master CSV)
pl/hocon,.hocon,linguist,primary,HOCON,https://github.com/github-linguist/linguist/blob/master/lib/linguist/languages.yml
pl/holyc,.hc,linguist,primary,HolyC,https://github.com/github-linguist/linguist/blob/master/lib/linguist/languages.yml
pl/hoon,.hoon,linguist,primary,hoon,https://github.com/github-linguist/linguist/blob/master/lib/linguist/languages.yml
pl/hs,.hs,pygments,primary,HaskellLexer,pygments.lexers._mapping.LEXERS (via master CSV)
pl/html,.html,linguist,primary,HTML,https://github.com/github-linguist/linguist/blob/master/lib/linguist/languages.yml
pl/html,.hta,linguist,secondary,HTML,https://github.com/github-linguist/linguist/blob/master/lib/linguist/languages.yml
pl/html,.htm,linguist,secondary,HTML,https://github.com/github-linguist/linguist/blob/master/lib/linguist/languages.yml
pl/html,.inc,linguist,secondary,HTML,https://github.com/github-linguist/linguist/blob/master/lib/linguist/languages.yml
pl/html,.xht,linguist,secondary,HTML,https://github.com/github-linguist/linguist/blob/master/lib/linguist/languages.yml
pl/html,.xhtml,linguist,secondary,HTML,https://github.com/github-linguist/linguist/blob/master/lib/linguist/languages.yml
pl/html,.html,pygments,primary,HtmlLexer,pygments.lexers._mapping.LEXERS (via master CSV)
pl/html,.htm,pygments,secondary,HtmlLexer,pygments.lexers._mapping.LEXERS (via master CSV)
pl/html,.xhtml,pygments,secondary,HtmlLexer,pygments.lexers._mapping.LEXERS (via master CSV)
pl/html,.xslt,pygments,secondary,HtmlLexer,pygments.lexers._mapping.LEXERS (via master CSV)
pl/html-ecr,.ecr,linguist,primary,HTML+ECR,https://github.com/github-linguist/linguist/blob/master/lib/linguist/languages.yml
pl/html-eex,.heex,linguist,secondary,HTML+EEX,https://github.com/github-linguist/linguist/blob/master/lib/linguist/languages.yml
pl/html-eex,.leex,linguist,secondary,HTML+EEX,https://github.com/github-linguist/linguist/blob/master/lib/linguist/languages.yml
pl/html-eex,.ex,pygments,primary,ElixirLexer,pygments.lexers._mapping.LEXERS (via master CSV)
pl/html-eex,.eex,pygments,secondary,ElixirLexer,pygments.lexers._mapping.LEXERS (via master CSV)
pl/html-eex,.exs,pygments,secondary,ElixirLexer,pygments.lexers._mapping.LEXERS (via master CSV)
pl/html-eex,.leex,pygments,secondary,ElixirLexer,pygments.lexers._mapping.LEXERS (via master CSV)
pl/html-erb,.erb,linguist,primary,HTML+ERB,https://github.com/github-linguist/linguist/blob/master/lib/linguist/languages.yml
pl/html-erb,.rhtml,linguist,secondary,HTML+ERB,https://github.com/github-linguist/linguist/blob/master/lib/linguist/languages.yml
pl/html-erb,.rhtml,pygments,primary,RhtmlLexer,pygments.lexers._mapping.LEXERS (via master CSV)
pl/html-php,.phtml,linguist,primary,HTML+PHP,https://github.com/github-linguist/linguist/blob/master/lib/linguist/languages.yml
pl/html-php,.phtml,pygments,primary,HtmlPhpLexer,pygments.lexers._mapping.LEXERS (via master CSV)
pl/html-razor,.cshtml,linguist,primary,HTML+Razor,https://github.com/github-linguist/linguist/blob/master/lib/linguist/languages.yml
pl/html-razor,.razor,linguist,secondary,HTML+Razor,https://github.com/github-linguist/linguist/blob/master/lib/linguist/languages.yml
pl/http,.http,linguist,primary,HTTP,https://github.com/github-linguist/linguist/blob/master/lib/linguist/languages.yml
pl/hurl,.hurl,linguist,primary,Hurl,https://github.com/github-linguist/linguist/blob/master/lib/linguist/languages.yml
pl/hxml,.hxml,linguist,primary,HXML,https://github.com/github-linguist/linguist/blob/master/lib/linguist/languages.yml
pl/hxml,.hxml,pygments,primary,HxmlLexer,pygments.lexers._mapping.LEXERS (via master CSV)
pl/hy,.hy,linguist,primary,Hy,https://github.com/github-linguist/linguist/blob/master/lib/linguist/languages.yml
pl/hy,.hy,pygments,primary,HyLexer,pygments.lexers._mapping.LEXERS (via master CSV)
pl/hyphy,.bf,linguist,primary,HyPhy,https://github.com/github-linguist/linguist/blob/master/lib/linguist/languages.yml
pl/hyphy,.bf,pygments,primary,BrainfuckLexer,pygments.lexers._mapping.LEXERS (via master CSV)
pl/hyphy,.b,pygments,secondary,BrainfuckLexer,pygments.lexers._mapping.LEXERS (via master CSV)
pl/icalendar,.ics,linguist,primary,iCalendar,https://github.com/github-linguist/linguist/blob/master/lib/linguist/languages.yml
pl/icalendar,.ical,linguist,secondary,iCalendar,https://github.com/github-linguist/linguist/blob/master/lib/linguist/languages.yml
pl/icon,.icon,pygments,primary,IconLexer,pygments.lexers._mapping.LEXERS (via master CSV)
pl/idl,.pro,linguist,primary,IDL,https://github.com/github-linguist/linguist/blob/master/lib/linguist/languages.yml
pl/idl,.dlm,linguist,secondary,IDL,https://github.com/github-linguist/linguist/blob/master/lib/linguist/languages.yml
pl/idl,.pro,pygments,primary,IDLLexer,pygments.lexers._mapping.LEXERS (via master CSV)
pl/idris,.idr,linguist,primary,Idris,https://github.com/github-linguist/linguist/blob/master/lib/linguist/languages.yml
pl/idris,.lidr,linguist,secondary,Idris,https://github.com/github-linguist/linguist/blob/master/lib/linguist/languages.yml
pl/idris,.idr,pygments,primary,IdrisLexer,pygments.lexers._mapping.LEXERS (via master CSV)
pl/ignore-list,.gitignore,linguist,primary,Ignore List,https://github.com/github-linguist/linguist/blob/master/lib/linguist/languages.yml
pl/igor-pro,.ipf,linguist,primary,IGOR Pro,https://github.com/github-linguist/linguist/blob/master/lib/linguist/languages.yml
pl/igor-pro,.ipf,pygments,primary,IgorLexer,pygments.lexers._mapping.LEXERS (via master CSV)
pl/imagej-macro,.ijm,linguist,primary,ImageJ Macro,https://github.com/github-linguist/linguist/blob/master/lib/linguist/languages.yml
pl/imba,.imba,linguist,primary,Imba,https://github.com/github-linguist/linguist/blob/master/lib/linguist/languages.yml
pl/inform-7,.ni,linguist,primary,Inform 7,https://github.com/github-linguist/linguist/blob/master/lib/linguist/languages.yml
pl/inform-7,.i7x,linguist,secondary,Inform 7,https://github.com/github-linguist/linguist/blob/master/lib/linguist/languages.yml
pl/inform-7,.ni,pygments,primary,Inform7Lexer,pygments.lexers._mapping.LEXERS (via master CSV)
pl/inform-7,.i7x,pygments,secondary,Inform7Lexer,pygments.lexers._mapping.LEXERS (via master CSV)
pl/ini,.ini,linguist,primary,INI,https://github.com/github-linguist/linguist/blob/master/lib/linguist/languages.yml
pl/ini,.cfg,linguist,secondary,INI,https://github.com/github-linguist/linguist/blob/master/lib/linguist/languages.yml
pl/ini,.cnf,linguist,secondary,INI,https://github.com/github-linguist/linguist/blob/master/lib/linguist/languages.yml
pl/ini,.dof,linguist,secondary,INI,https://github.com/github-linguist/linguist/blob/master/lib/linguist/languages.yml
pl/ini,.frm,linguist,secondary,INI,https://github.com/github-linguist/linguist/blob/master/lib/linguist/languages.yml
pl/ini,.prefs,linguist,secondary,INI,https://github.com/github-linguist/linguist/blob/master/lib/linguist/languages.yml
pl/ini,.pro,linguist,secondary,INI,https://github.com/github-linguist/linguist/blob/master/lib/linguist/languages.yml
pl/ini,.properties,linguist,secondary,INI,https://github.com/github-linguist/linguist/blob/master/lib/linguist/languages.yml
pl/ini,.url,linguist,secondary,INI,https://github.com/github-linguist/linguist/blob/master/lib/linguist/languages.yml
pl/ini,.ini,pygments,primary,IniLexer,pygments.lexers._mapping.LEXERS (via master CSV)
pl/ini,.cfg,pygments,secondary,IniLexer,pygments.lexers._mapping.LEXERS (via master CSV)
pl/ini,.inf,pygments,secondary,IniLexer,pygments.lexers._mapping.LEXERS (via master CSV)
pl/ini,.editorconfig,pygments,secondary,IniLexer,pygments.lexers._mapping.LEXERS (via master CSV)
pl/ink,.ink,linguist,primary,Ink,https://github.com/github-linguist/linguist/blob/master/lib/linguist/languages.yml
pl/inno-setup,.iss,linguist,primary,Inno Setup,https://github.com/github-linguist/linguist/blob/master/lib/linguist/languages.yml
pl/inno-setup,.isl,linguist,secondary,Inno Setup,https://github.com/github-linguist/linguist/blob/master/lib/linguist/languages.yml
pl/io,.io,linguist,primary,Io,https://github.com/github-linguist/linguist/blob/master/lib/linguist/languages.yml
pl/io,.io,pygments,primary,IoLexer,pygments.lexers._mapping.LEXERS (via master CSV)
pl/io-programming-language,.io,pygments,primary,IoLexer,pygments.lexers._mapping.LEXERS (via master CSV)
pl/ioke,.ik,linguist,primary,Ioke,https://github.com/github-linguist/linguist/blob/master/lib/linguist/languages.yml
pl/ioke,.ik,pygments,primary,IokeLexer,pygments.lexers._mapping.LEXERS (via master CSV)
pl/irc,.weechatlog,pygments,primary,IrcLogsLexer,pygments.lexers._mapping.LEXERS (via master CSV)
pl/irc-log,.irclog,linguist,primary,IRC log,https://github.com/github-linguist/linguist/blob/master/lib/linguist/languages.yml
pl/irc-log,.weechatlog,linguist,secondary,IRC log,https://github.com/github-linguist/linguist/blob/master/lib/linguist/languages.yml
pl/irc-log,.weechatlog,pygments,primary,IrcLogsLexer,pygments.lexers._mapping.LEXERS (via master CSV)
pl/isabelle,.thy,linguist,primary,Isabelle,https://github.com/github-linguist/linguist/blob/master/lib/linguist/languages.yml
pl/isabelle,.thy,pygments,primary,IsabelleLexer,pygments.lexers._mapping.LEXERS (via master CSV)
pl/ispc,.ispc,linguist,primary,ISPC,https://github.com/github-linguist/linguist/blob/master/lib/linguist/languages.yml
pl/j,.ijs,linguist,primary,J,https://github.com/github-linguist/linguist/blob/master/lib/linguist/languages.yml
pl/j,.ijs,pygments,primary,JLexer,pygments.lexers._mapping.LEXERS (via master CSV)
pl/j-programming-language,.ijs,pygments,primary,JLexer,pygments.lexers._mapping.LEXERS (via master CSV)
pl/jac,.jac,linguist,primary,Jac,https://github.com/github-linguist/linguist/blob/master/lib/linguist/languages.yml
pl/jade,.pug,pygments,primary,PugLexer,pygments.lexers._mapping.LEXERS (via master CSV)
pl/jade,.jade,pygments,secondary,PugLexer,pygments.lexers._mapping.LEXERS (via master CSV)
pl/jai,.jai,linguist,primary,Jai,https://github.com/github-linguist/linguist/blob/master/lib/linguist/languages.yml
pl/janet,.janet,linguist,primary,Janet,https://github.com/github-linguist/linguist/blob/master/lib/linguist/languages.yml
pl/janet,.janet,pygments,primary,JanetLexer,pygments.lexers._mapping.LEXERS (via master CSV)
pl/janet,.jdn,pygments,secondary,JanetLexer,pygments.lexers._mapping.LEXERS (via master CSV)
pl/jasmin,.j,linguist,primary,Jasmin,https://github.com/github-linguist/linguist/blob/master/lib/linguist/languages.yml
pl/jasmin,.j,pygments,primary,JasminLexer,pygments.lexers._mapping.LEXERS (via master CSV)
pl/java,.java,linguist,primary,Java,https://github.com/github-linguist/linguist/blob/master/lib/linguist/languages.yml
pl/java,.jav,linguist,secondary,Java,https://github.com/github-linguist/linguist/blob/master/lib/linguist/languages.yml
pl/java,.jsh,linguist,secondary,Java,https://github.com/github-linguist/linguist/blob/master/lib/linguist/languages.yml
pl/java,.java,pygments,primary,JavaLexer,pygments.lexers._mapping.LEXERS (via master CSV)
pl/java-programming-language,.java,pygments,primary,JavaLexer,pygments.lexers._mapping.LEXERS (via master CSV)
pl/java-template-engine,.jte,linguist,primary,Java Template Engine,https://github.com/github-linguist/linguist/blob/master/lib/linguist/languages.yml
pl/java-properties,.properties,linguist,primary,Java Properties,https://github.com/github-linguist/linguist/blob/master/lib/linguist/languages.yml
pl/java-properties,.properties,pygments,primary,PropertiesLexer,pygments.lexers._mapping.LEXERS (via master CSV)
pl/java-server-pages,.jsp,linguist,primary,Java Server Pages,https://github.com/github-linguist/linguist/blob/master/lib/linguist/languages.yml
pl/java-server-pages,.tag,linguist,secondary,Java Server Pages,https://github.com/github-linguist/linguist/blob/master/lib/linguist/languages.yml
pl/java-server-pages,.jsp,pygments,primary,JspLexer,pygments.lexers._mapping.LEXERS (via master CSV)
pl/javascript,.js,linguist,primary,JavaScript,https://github.com/github-linguist/linguist/blob/master/lib/linguist/languages.yml
pl/javascript,._js,linguist,secondary,JavaScript,https://github.com/github-linguist/linguist/blob/master/lib/linguist/languages.yml
pl/javascript,.bones,linguist,secondary,JavaScript,https://github.com/github-linguist/linguist/blob/master/lib/linguist/languages.yml
pl/javascript,.cjs,linguist,secondary,JavaScript,https://github.com/github-linguist/linguist/blob/master/lib/linguist/languages.yml
pl/javascript,.es,linguist,secondary,JavaScript,https://github.com/github-linguist/linguist/blob/master/lib/linguist/languages.yml
pl/javascript,.es6,linguist,secondary,JavaScript,https://github.com/github-linguist/linguist/blob/master/lib/linguist/languages.yml
pl/javascript,.frag,linguist,secondary,JavaScript,https://github.com/github-linguist/linguist/blob/master/lib/linguist/languages.yml
pl/javascript,.gs,linguist,secondary,JavaScript,https://github.com/github-linguist/linguist/blob/master/lib/linguist/languages.yml
pl/javascript,.jake,linguist,secondary,JavaScript,https://github.com/github-linguist/linguist/blob/master/lib/linguist/languages.yml
pl/javascript,.javascript,linguist,secondary,JavaScript,https://github.com/github-linguist/linguist/blob/master/lib/linguist/languages.yml
pl/javascript,.jsb,linguist,secondary,JavaScript,https://github.com/github-linguist/linguist/blob/master/lib/linguist/languages.yml
pl/javascript,.jscad,linguist,secondary,JavaScript,https://github.com/github-linguist/linguist/blob/master/lib/linguist/languages.yml
pl/javascript,.jsfl,linguist,secondary,JavaScript,https://github.com/github-linguist/linguist/blob/master/lib/linguist/languages.yml
pl/javascript,.jslib,linguist,secondary,JavaScript,https://github.com/github-linguist/linguist/blob/master/lib/linguist/languages.yml
pl/javascript,.jsm,linguist,secondary,JavaScript,https://github.com/github-linguist/linguist/blob/master/lib/linguist/languages.yml
pl/javascript,.jspre,linguist,secondary,JavaScript,https://github.com/github-linguist/linguist/blob/master/lib/linguist/languages.yml
pl/javascript,.jss,linguist,secondary,JavaScript,https://github.com/github-linguist/linguist/blob/master/lib/linguist/languages.yml
pl/javascript,.jsx,linguist,secondary,JavaScript,https://github.com/github-linguist/linguist/blob/master/lib/linguist/languages.yml
pl/javascript,.mjs,linguist,secondary,JavaScript,https://github.com/github-linguist/linguist/blob/master/lib/linguist/languages.yml
pl/javascript,.njs,linguist,secondary,JavaScript,https://github.com/github-linguist/linguist/blob/master/lib/linguist/languages.yml
pl/javascript,.pac,linguist,secondary,JavaScript,https://github.com/github-linguist/linguist/blob/master/lib/linguist/languages.yml
pl/javascript,.sjs,linguist,secondary,JavaScript,https://github.com/github-linguist/linguist/blob/master/lib/linguist/languages.yml
pl/javascript,.ssjs,linguist,secondary,JavaScript,https://github.com/github-linguist/linguist/blob/master/lib/linguist/languages.yml
pl/javascript,.xsjs,linguist,secondary,JavaScript,https://github.com/github-linguist/linguist/blob/master/lib/linguist/languages.yml
pl/javascript,.xsjslib,linguist,secondary,JavaScript,https://github.com/github-linguist/linguist/blob/master/lib/linguist/languages.yml
pl/javascript,.js,pygments,primary,JavascriptLexer,pygments.lexers._mapping.LEXERS (via master CSV)
pl/javascript,.jsm,pygments,secondary,JavascriptLexer,pygments.lexers._mapping.LEXERS (via master CSV)
pl/javascript,.mjs,pygments,secondary,JavascriptLexer,pygments.lexers._mapping.LEXERS (via master CSV)
pl/javascript,.cjs,pygments,secondary,JavascriptLexer,pygments.lexers._mapping.LEXERS (via master CSV)
pl/jcl,.jcl,linguist,primary,JCL,https://github.com/github-linguist/linguist/blob/master/lib/linguist/languages.yml
pl/jcl,.jcl,pygments,primary,JclLexer,pygments.lexers._mapping.LEXERS (via master CSV)
pl/jest-snapshot,.snap,linguist,primary,Jest Snapshot,https://github.com/github-linguist/linguist/blob/master/lib/linguist/languages.yml
pl/jetbrains-mps,.mps,linguist,primary,JetBrains MPS,https://github.com/github-linguist/linguist/blob/master/lib/linguist/languages.yml
pl/jetbrains-mps,.mpl,linguist,secondary,JetBrains MPS,https://github.com/github-linguist/linguist/blob/master/lib/linguist/languages.yml
pl/jetbrains-mps,.msd,linguist,secondary,JetBrains MPS,https://github.com/github-linguist/linguist/blob/master/lib/linguist/languages.yml
pl/jetbrains-mps,.mpl,pygments,primary,MapleLexer,pygments.lexers._mapping.LEXERS (via master CSV)
pl/jetbrains-mps,.mi,pygments,secondary,MapleLexer,pygments.lexers._mapping.LEXERS (via master CSV)
pl/jetbrains-mps,.mm,pygments,secondary,MapleLexer,pygments.lexers._mapping.LEXERS (via master CSV)
pl/jflex,.flex,linguist,primary,JFlex,https://github.com/github-linguist/linguist/blob/master/lib/linguist/languages.yml
pl/jflex,.jflex,linguist,secondary,JFlex,https://github.com/github-linguist/linguist/blob/master/lib/linguist/languages.yml
pl/jinja,.jinja,linguist,primary,Jinja,https://github.com/github-linguist/linguist/blob/master/lib/linguist/languages.yml
pl/jinja,.j2,linguist,secondary,Jinja,https://github.com/github-linguist/linguist/blob/master/lib/linguist/languages.yml
pl/jinja,.jinja2,linguist,secondary,Jinja,https://github.com/github-linguist/linguist/blob/master/lib/linguist/languages.yml
pl/jison,.jison,linguist,primary,Jison,https://github.com/github-linguist/linguist/blob/master/lib/linguist/languages.yml
pl/jison-lex,.jisonlex,linguist,primary,Jison Lex,https://github.com/github-linguist/linguist/blob/master/lib/linguist/languages.yml
pl/jmespath,.jp,pygments,primary,JMESPathLexer,pygments.lexers._mapping.LEXERS (via master CSV)
pl/jolie,.ol,linguist,primary,Jolie,https://github.com/github-linguist/linguist/blob/master/lib/linguist/languages.yml
pl/jolie,.iol,linguist,secondary,Jolie,https://github.com/github-linguist/linguist/blob/master/lib/linguist/languages.yml
pl/jq,.jq,linguist,primary,jq,https://github.com/github-linguist/linguist/blob/master/lib/linguist/languages.yml
pl/jsgf,.jsgf,pygments,primary,JsgfLexer,pygments.lexers._mapping.LEXERS (via master CSV)
pl/jslt,.jslt,pygments,primary,JSLTLexer,pygments.lexers._mapping.LEXERS (via master CSV)
pl/json,.json,linguist,primary,JSON,https://github.com/github-linguist/linguist/blob/master/lib/linguist/languages.yml
pl/json,.4dform,linguist,secondary,JSON,https://github.com/github-linguist/linguist/blob/master/lib/linguist/languages.yml
pl/json,.4dproject,linguist,secondary,JSON,https://github.com/github-linguist/linguist/blob/master/lib/linguist/languages.yml
pl/json,.avsc,linguist,secondary,JSON,https://github.com/github-linguist/linguist/blob/master/lib/linguist/languages.yml
pl/json,.geojson,linguist,secondary,JSON,https://github.com/github-linguist/linguist/blob/master/lib/linguist/languages.yml
pl/json,.gltf,linguist,secondary,JSON,https://github.com/github-linguist/linguist/blob/master/lib/linguist/languages.yml
pl/json,.har,linguist,secondary,JSON,https://github.com/github-linguist/linguist/blob/master/lib/linguist/languages.yml
pl/json,.ice,linguist,secondary,JSON,https://github.com/github-linguist/linguist/blob/master/lib/linguist/languages.yml
pl/json,.jsonl,linguist,secondary,JSON,https://github.com/github-linguist/linguist/blob/master/lib/linguist/languages.yml
pl/json,.mcmeta,linguist,secondary,JSON,https://github.com/github-linguist/linguist/blob/master/lib/linguist/languages.yml
pl/json,.sarif,linguist,secondary,JSON,https://github.com/github-linguist/linguist/blob/master/lib/linguist/languages.yml
pl/json,.tact,linguist,secondary,JSON,https://github.com/github-linguist/linguist/blob/master/lib/linguist/languages.yml
pl/json,.tfstate,linguist,secondary,JSON,https://github.com/github-linguist/linguist/blob/master/lib/linguist/languages.yml
pl/json,.topojson,linguist,secondary,JSON,https://github.com/github-linguist/linguist/blob/master/lib/linguist/languages.yml
pl/json,.webapp,linguist,secondary,JSON,https://github.com/github-linguist/linguist/blob/master/lib/linguist/languages.yml
pl/json,.webmanifest,linguist,secondary,JSON,https://github.com/github-linguist/linguist/blob/master/lib/linguist/languages.yml
pl/json,.yy,linguist,secondary,JSON,https://github.com/github-linguist/linguist/blob/master/lib/linguist/languages.yml
pl/json,.yyp,linguist,secondary,JSON,https://github.com/github-linguist/linguist/blob/master/lib/linguist/languages.yml
pl/json,.json,pygments,primary,JsonLexer,pygments.lexers._mapping.LEXERS (via master CSV)
pl/json,.jsonl,pygments,secondary,JsonLexer,pygments.lexers._mapping.LEXERS (via master CSV)
pl/json,.ndjson,pygments,secondary,JsonLexer,pygments.lexers._mapping.LEXERS (via master CSV)
pl/json-with-comments,.jsonc,linguist,primary,JSON with Comments,https://github.com/github-linguist/linguist/blob/master/lib/linguist/languages.yml
pl/json-with-comments,.sublime-menu,linguist,secondary,JSON with Comments,https://github.com/github-linguist/linguist/blob/master/lib/linguist/languages.yml
pl/json5,.json5,linguist,primary,JSON5,https://github.com/github-linguist/linguist/blob/master/lib/linguist/languages.yml
pl/json5,.json5,pygments,primary,Json5Lexer,pygments.lexers._mapping.LEXERS (via master CSV)
pl/jsoniq,.jq,linguist,primary,JSONiq,https://github.com/github-linguist/linguist/blob/master/lib/linguist/languages.yml
pl/jsonld,.jsonld,linguist,primary,JSONLD,https://github.com/github-linguist/linguist/blob/master/lib/linguist/languages.yml
pl/jsonld,.jsonld,pygments,primary,JsonLdLexer,pygments.lexers._mapping.LEXERS (via master CSV)
pl/jsonnet,.jsonnet,linguist,primary,Jsonnet,https://github.com/github-linguist/linguist/blob/master/lib/linguist/languages.yml
pl/jsonnet,.libsonnet,linguist,secondary,Jsonnet,https://github.com/github-linguist/linguist/blob/master/lib/linguist/languages.yml
pl/jsonnet,.jsonnet,pygments,primary,JsonnetLexer,pygments.lexers._mapping.LEXERS (via master CSV)
pl/jsonnet,.libsonnet,pygments,secondary,JsonnetLexer,pygments.lexers._mapping.LEXERS (via master CSV)
pl/jsx,.jsx,pygments,primary,JsxLexer,pygments.lexers._mapping.LEXERS (via master CSV)
pl/jsx,.react,pygments,secondary,JsxLexer,pygments.lexers._mapping.LEXERS (via master CSV)
pl/julia,.jl,linguist,primary,Julia,https://github.com/github-linguist/linguist/blob/master/lib/linguist/languages.yml
pl/julia,.jl,pygments,primary,JuliaLexer,pygments.lexers._mapping.LEXERS (via master CSV)
pl/julia-programming-language,.jl,pygments,primary,JuliaLexer,pygments.lexers._mapping.LEXERS (via master CSV)
pl/jupyter-notebook,.ipynb,linguist,primary,Jupyter Notebook,https://github.com/github-linguist/linguist/blob/master/lib/linguist/languages.yml
pl/just,.just,linguist,primary,Just,https://github.com/github-linguist/linguist/blob/master/lib/linguist/languages.yml
pl/juttle,.juttle,pygments,primary,JuttleLexer,pygments.lexers._mapping.LEXERS (via master CSV)
pl/k,.k,pygments,primary,KLexer,pygments.lexers._mapping.LEXERS (via master CSV)
pl/kaitai-struct,.ksy,linguist,primary,Kaitai Struct,https://github.com/github-linguist/linguist/blob/master/lib/linguist/languages.yml
pl/kakounescript,.kak,linguist,primary,KakouneScript,https://github.com/github-linguist/linguist/blob/master/lib/linguist/languages.yml
pl/kal,.kal,pygments,primary,KalLexer,pygments.lexers._mapping.LEXERS (via master CSV)
pl/kcl,.k,linguist,primary,KCL,https://github.com/github-linguist/linguist/blob/master/lib/linguist/languages.yml
pl/kdl,.kdl,linguist,primary,KDL,https://github.com/github-linguist/linguist/blob/master/lib/linguist/languages.yml
pl/kerboscript,.ks,linguist,primary,KerboScript,https://github.com/github-linguist/linguist/blob/master/lib/linguist/languages.yml
pl/kframework,.k,linguist,primary,KFramework,https://github.com/github-linguist/linguist/blob/master/lib/linguist/languages.yml
pl/kicad-layout,.kicad_pcb,linguist,primary,KiCad Layout,https://github.com/github-linguist/linguist/blob/master/lib/linguist/languages.yml
pl/kicad-layout,.kicad_mod,linguist,secondary,KiCad Layout,https://github.com/github-linguist/linguist/blob/master/lib/linguist/languages.yml
pl/kicad-layout,.kicad_wks,linguist,secondary,KiCad Layout,https://github.com/github-linguist/linguist/blob/master/lib/linguist/languages.yml
pl/kicad-legacy-layout,.brd,linguist,primary,KiCad Legacy Layout,https://github.com/github-linguist/linguist/blob/master/lib/linguist/languages.yml
pl/kicad-schematic,.kicad_sch,linguist,primary,KiCad Schematic,https://github.com/github-linguist/linguist/blob/master/lib/linguist/languages.yml
pl/kicad-schematic,.kicad_sym,linguist,secondary,KiCad Schematic,https://github.com/github-linguist/linguist/blob/master/lib/linguist/languages.yml
pl/kicad-schematic,.sch,linguist,secondary,KiCad Schematic,https://github.com/github-linguist/linguist/blob/master/lib/linguist/languages.yml
pl/kickstart,.ks,linguist,primary,Kickstart,https://github.com/github-linguist/linguist/blob/master/lib/linguist/languages.yml
pl/kid,.kid,pygments,primary,GenshiLexer,pygments.lexers._mapping.LEXERS (via master CSV)
pl/kit,.kit,linguist,primary,Kit,https://github.com/github-linguist/linguist/blob/master/lib/linguist/languages.yml
pl/koka,.kk,linguist,primary,Koka,https://github.com/github-linguist/linguist/blob/master/lib/linguist/languages.yml
pl/koka,.kk,pygments,primary,KokaLexer,pygments.lexers._mapping.LEXERS (via master CSV)
pl/koka,.kki,pygments,secondary,KokaLexer,pygments.lexers._mapping.LEXERS (via master CSV)
pl/kolmafia-ash,.ash,linguist,primary,KoLmafia ASH,https://github.com/github-linguist/linguist/blob/master/lib/linguist/languages.yml
pl/kotlin,.kt,linguist,primary,Kotlin,https://github.com/github-linguist/linguist/blob/master/lib/linguist/languages.yml
pl/kotlin,.ktm,linguist,secondary,Kotlin,https://github.com/github-linguist/linguist/blob/master/lib/linguist/languages.yml
pl/kotlin,.kts,linguist,secondary,Kotlin,https://github.com/github-linguist/linguist/blob/master/lib/linguist/languages.yml
pl/kotlin,.kt,pygments,primary,KotlinLexer,pygments.lexers._mapping.LEXERS (via master CSV)
pl/kotlin,.kts,pygments,secondary,KotlinLexer,pygments.lexers._mapping.LEXERS (via master CSV)
pl/krl,.krl,linguist,primary,KRL,https://github.com/github-linguist/linguist/blob/master/lib/linguist/languages.yml
pl/kuin,.kn,pygments,primary,KuinLexer,pygments.lexers._mapping.LEXERS (via master CSV)
pl/kusto,.csl,linguist,primary,Kusto,https://github.com/github-linguist/linguist/blob/master/lib/linguist/languages.yml
pl/kusto,.kql,linguist,secondary,Kusto,https://github.com/github-linguist/linguist/blob/master/lib/linguist/languages.yml
pl/kusto,.kql,pygments,primary,KustoLexer,pygments.lexers._mapping.LEXERS (via master CSV)
pl/kusto,.kusto,pygments,secondary,KustoLexer,pygments.lexers._mapping.LEXERS (via master CSV)
pl/kusto,.csl,pygments,secondary,KustoLexer,pygments.lexers._mapping.LEXERS (via master CSV)
pl/kvlang,.kv,linguist,primary,kvlang,https://github.com/github-linguist/linguist/blob/master/lib/linguist/languages.yml
pl/labview,.lvproj,linguist,primary,LabVIEW,https://github.com/github-linguist/linguist/blob/master/lib/linguist/languages.yml
pl/labview,.lvclass,linguist,secondary,LabVIEW,https://github.com/github-linguist/linguist/blob/master/lib/linguist/languages.yml
pl/labview,.lvlib,linguist,secondary,LabVIEW,https://github.com/github-linguist/linguist/blob/master/lib/linguist/languages.yml
pl/lambdapi,.lp,linguist,primary,Lambdapi,https://github.com/github-linguist/linguist/blob/master/lib/linguist/languages.yml
pl/langium,.langium,linguist,primary,Langium,https://github.com/github-linguist/linguist/blob/master/lib/linguist/languages.yml
pl/lark,.lark,linguist,primary,Lark,https://github.com/github-linguist/linguist/blob/master/lib/linguist/languages.yml
pl/lasso,.lasso,linguist,primary,Lasso,https://github.com/github-linguist/linguist/blob/master/lib/linguist/languages.yml
pl/lasso,.las,linguist,secondary,Lasso,https://github.com/github-linguist/linguist/blob/master/lib/linguist/languages.yml
pl/lasso,.lasso8,linguist,secondary,Lasso,https://github.com/github-linguist/linguist/blob/master/lib/linguist/languages.yml
pl/lasso,.lasso9,linguist,secondary,Lasso,https://github.com/github-linguist/linguist/blob/master/lib/linguist/languages.yml
pl/lasso,.lasso,pygments,primary,LassoLexer,pygments.lexers._mapping.LEXERS (via master CSV)
pl/latex,.tex,pygments,primary,TexLexer,pygments.lexers._mapping.LEXERS (via master CSV)
pl/latex,.aux,pygments,secondary,TexLexer,pygments.lexers._mapping.LEXERS (via master CSV)
pl/latex,.toc,pygments,secondary,TexLexer,pygments.lexers._mapping.LEXERS (via master CSV)
pl/latte,.latte,linguist,primary,Latte,https://github.com/github-linguist/linguist/blob/master/lib/linguist/languages.yml
pl/lean,.lean,linguist,primary,Lean,https://github.com/github-linguist/linguist/blob/master/lib/linguist/languages.yml
pl/lean,.hlean,linguist,secondary,Lean,https://github.com/github-linguist/linguist/blob/master/lib/linguist/languages.yml
pl/lean,.lean,pygments,primary,Lean3Lexer,pygments.lexers._mapping.LEXERS (via master CSV)
pl/lean-4,.lean,linguist,primary,Lean 4,https://github.com/github-linguist/linguist/blob/master/lib/linguist/languages.yml
pl/lean-4,.lean,pygments,primary,Lean4Lexer,pygments.lexers._mapping.LEXERS (via master CSV)
pl/leo,.leo,linguist,primary,Leo,https://github.com/github-linguist/linguist/blob/master/lib/linguist/languages.yml
pl/less,.less,linguist,primary,Less,https://github.com/github-linguist/linguist/blob/master/lib/linguist/languages.yml
pl/less,.less,pygments,primary,LessCssLexer,pygments.lexers._mapping.LEXERS (via master CSV)
pl/lex,.l,linguist,primary,Lex,https://github.com/github-linguist/linguist/blob/master/lib/linguist/languages.yml
pl/lex,.lex,linguist,secondary,Lex,https://github.com/github-linguist/linguist/blob/master/lib/linguist/languages.yml
pl/lfe,.lfe,linguist,primary,LFE,https://github.com/github-linguist/linguist/blob/master/lib/linguist/languages.yml
pl/ligolang,.ligo,linguist,primary,LigoLANG,https://github.com/github-linguist/linguist/blob/master/lib/linguist/languages.yml
pl/lilypond,.ly,linguist,primary,LilyPond,https://github.com/github-linguist/linguist/blob/master/lib/linguist/languages.yml
pl/lilypond,.ily,linguist,secondary,LilyPond,https://github.com/github-linguist/linguist/blob/master/lib/linguist/languages.yml
pl/lilypond,.ly,pygments,primary,LilyPondLexer,pygments.lexers._mapping.LEXERS (via master CSV)
pl/limbo,.b,linguist,primary,Limbo,https://github.com/github-linguist/linguist/blob/master/lib/linguist/languages.yml
pl/limbo,.m,linguist,secondary,Limbo,https://github.com/github-linguist/linguist/blob/master/lib/linguist/languages.yml
pl/limbo,.b,pygments,primary,LimboLexer,pygments.lexers._mapping.LEXERS (via master CSV)
pl/linear-programming,.lp,linguist,primary,Linear Programming,https://github.com/github-linguist/linguist/blob/master/lib/linguist/languages.yml
pl/linker-script,.ld,linguist,primary,Linker Script,https://github.com/github-linguist/linguist/blob/master/lib/linguist/languages.yml
pl/linker-script,.lds,linguist,secondary,Linker Script,https://github.com/github-linguist/linguist/blob/master/lib/linguist/languages.yml
pl/linker-script,.x,linguist,secondary,Linker Script,https://github.com/github-linguist/linguist/blob/master/lib/linguist/languages.yml
pl/linux-kernel-module,.mod,linguist,primary,Linux Kernel Module,https://github.com/github-linguist/linguist/blob/master/lib/linguist/languages.yml
pl/linux-kernel-module,.def,pygments,primary,Modula2Lexer,pygments.lexers._mapping.LEXERS (via master CSV)
pl/linux-kernel-module,.mod,pygments,secondary,Modula2Lexer,pygments.lexers._mapping.LEXERS (via master CSV)
pl/liquid,.liquid,linguist,primary,Liquid,https://github.com/github-linguist/linguist/blob/master/lib/linguist/languages.yml
pl/liquid,.liquid,pygments,primary,LiquidLexer,pygments.lexers._mapping.LEXERS (via master CSV)
pl/liquidsoap,.liq,linguist,primary,Liquidsoap,https://github.com/github-linguist/linguist/blob/master/lib/linguist/languages.yml
pl/lisp,.cl,pygments,primary,CommonLispLexer,pygments.lexers._mapping.LEXERS (via master CSV)
pl/lisp,.lisp,pygments,secondary,CommonLispLexer,pygments.lexers._mapping.LEXERS (via master CSV)
pl/literate-agda,.lagda,linguist,primary,Literate Agda,https://github.com/github-linguist/linguist/blob/master/lib/linguist/languages.yml
pl/literate-agda,.lagda,pygments,primary,LiterateAgdaLexer,pygments.lexers._mapping.LEXERS (via master CSV)
pl/literate-coffeescript,.litcoffee,linguist,primary,Literate CoffeeScript,https://github.com/github-linguist/linguist/blob/master/lib/linguist/languages.yml
pl/literate-haskell,.lhs,linguist,primary,Literate Haskell,https://github.com/github-linguist/linguist/blob/master/lib/linguist/languages.yml
pl/literate-haskell,.lhs,pygments,primary,LiterateHaskellLexer,pygments.lexers._mapping.LEXERS (via master CSV)
pl/livescript,.ls,linguist,primary,LiveScript,https://github.com/github-linguist/linguist/blob/master/lib/linguist/languages.yml
pl/livescript,._ls,linguist,secondary,LiveScript,https://github.com/github-linguist/linguist/blob/master/lib/linguist/languages.yml
pl/livescript,.ls,pygments,primary,LiveScriptLexer,pygments.lexers._mapping.LEXERS (via master CSV)
pl/llvm,.ll,linguist,primary,LLVM,https://github.com/github-linguist/linguist/blob/master/lib/linguist/languages.yml
pl/llvm,.ll,pygments,primary,LlvmLexer,pygments.lexers._mapping.LEXERS (via master CSV)
pl/logos,.xm,linguist,primary,Logos,https://github.com/github-linguist/linguist/blob/master/lib/linguist/languages.yml
pl/logos,.x,linguist,secondary,Logos,https://github.com/github-linguist/linguist/blob/master/lib/linguist/languages.yml
pl/logos,.xi,linguist,secondary,Logos,https://github.com/github-linguist/linguist/blob/master/lib/linguist/languages.yml
pl/logos,.x,pygments,primary,LogosLexer,pygments.lexers._mapping.LEXERS (via master CSV)
pl/logos,.xi,pygments,secondary,LogosLexer,pygments.lexers._mapping.LEXERS (via master CSV)
pl/logos,.xm,pygments,secondary,LogosLexer,pygments.lexers._mapping.LEXERS (via master CSV)
pl/logos,.xmi,pygments,secondary,LogosLexer,pygments.lexers._mapping.LEXERS (via master CSV)
pl/logtalk,.lgt,linguist,primary,Logtalk,https://github.com/github-linguist/linguist/blob/master/lib/linguist/languages.yml
pl/logtalk,.logtalk,linguist,secondary,Logtalk,https://github.com/github-linguist/linguist/blob/master/lib/linguist/languages.yml
pl/logtalk,.lgt,pygments,primary,LogtalkLexer,pygments.lexers._mapping.LEXERS (via master CSV)
pl/logtalk,.logtalk,pygments,secondary,LogtalkLexer,pygments.lexers._mapping.LEXERS (via master CSV)
pl/lolcode,.lol,linguist,primary,LOLCODE,https://github.com/github-linguist/linguist/blob/master/lib/linguist/languages.yml
pl/lookml,.lkml,linguist,primary,LookML,https://github.com/github-linguist/linguist/blob/master/lib/linguist/languages.yml
pl/lookml,.lookml,linguist,secondary,LookML,https://github.com/github-linguist/linguist/blob/master/lib/linguist/languages.yml
pl/loomscript,.ls,linguist,primary,LoomScript,https://github.com/github-linguist/linguist/blob/master/lib/linguist/languages.yml
pl/loomscript,.ls,pygments,primary,LiveScriptLexer,pygments.lexers._mapping.LEXERS (via master CSV)
pl/lsl,.lsl,linguist,primary,LSL,https://github.com/github-linguist/linguist/blob/master/lib/linguist/languages.yml
pl/lsl,.lslp,linguist,secondary,LSL,https://github.com/github-linguist/linguist/blob/master/lib/linguist/languages.yml
pl/lsl,.lsl,pygments,primary,LSLLexer,pygments.lexers._mapping.LEXERS (via master CSV)
pl/ltspice-symbol,.asy,linguist,primary,LTspice Symbol,https://github.com/github-linguist/linguist/blob/master/lib/linguist/languages.yml
pl/ltspice-symbol,.asy,pygments,primary,AsymptoteLexer,pygments.lexers._mapping.LEXERS (via master CSV)
pl/lua,.lua,linguist,primary,Lua,https://github.com/github-linguist/linguist/blob/master/lib/linguist/languages.yml
pl/lua,.fcgi,linguist,secondary,Lua,https://github.com/github-linguist/linguist/blob/master/lib/linguist/languages.yml
pl/lua,.nse,linguist,secondary,Lua,https://github.com/github-linguist/linguist/blob/master/lib/linguist/languages.yml
pl/lua,.p8,linguist,secondary,Lua,https://github.com/github-linguist/linguist/blob/master/lib/linguist/languages.yml
pl/lua,.pd_lua,linguist,secondary,Lua,https://github.com/github-linguist/linguist/blob/master/lib/linguist/languages.yml
pl/lua,.rbxs,linguist,secondary,Lua,https://github.com/github-linguist/linguist/blob/master/lib/linguist/languages.yml
pl/lua,.rockspec,linguist,secondary,Lua,https://github.com/github-linguist/linguist/blob/master/lib/linguist/languages.yml
pl/lua,.wlua,linguist,secondary,Lua,https://github.com/github-linguist/linguist/blob/master/lib/linguist/languages.yml
pl/lua,.lua,pygments,primary,LuaLexer,pygments.lexers._mapping.LEXERS (via master CSV)
pl/lua,.wlua,pygments,secondary,LuaLexer,pygments.lexers._mapping.LEXERS (via master CSV)
pl/luau,.luau,linguist,primary,Luau,https://github.com/github-linguist/linguist/blob/master/lib/linguist/languages.yml
pl/luau,.luau,pygments,primary,LuauLexer,pygments.lexers._mapping.LEXERS (via master CSV)
pl/m,.mumps,linguist,primary,M,https://github.com/github-linguist/linguist/blob/master/lib/linguist/languages.yml
pl/m,.m,linguist,secondary,M,https://github.com/github-linguist/linguist/blob/master/lib/linguist/languages.yml
pl/m3u,.m3u,linguist,primary,M3U,https://github.com/github-linguist/linguist/blob/master/lib/linguist/languages.yml
pl/m3u,.m3u8,linguist,secondary,M3U,https://github.com/github-linguist/linguist/blob/master/lib/linguist/languages.yml
pl/m4,.m4,linguist,primary,M4,https://github.com/github-linguist/linguist/blob/master/lib/linguist/languages.yml
pl/m4,.mc,linguist,secondary,M4,https://github.com/github-linguist/linguist/blob/master/lib/linguist/languages.yml
pl/m4,.m,pygments,primary,MasonLexer,pygments.lexers._mapping.LEXERS (via master CSV)
pl/m4,.mhtml,pygments,secondary,MasonLexer,pygments.lexers._mapping.LEXERS (via master CSV)
pl/m4,.mc,pygments,secondary,MasonLexer,pygments.lexers._mapping.LEXERS (via master CSV)
pl/m4,.mi,pygments,secondary,MasonLexer,pygments.lexers._mapping.LEXERS (via master CSV)
pl/m4,.autohandler,pygments,secondary,MasonLexer,pygments.lexers._mapping.LEXERS (via master CSV)
pl/m4,.dhandler,pygments,secondary,MasonLexer,pygments.lexers._mapping.LEXERS (via master CSV)
pl/m4sugar,.m4,linguist,primary,M4Sugar,https://github.com/github-linguist/linguist/blob/master/lib/linguist/languages.yml
pl/macaulay2,.m2,linguist,primary,Macaulay2,https://github.com/github-linguist/linguist/blob/master/lib/linguist/languages.yml
pl/macaulay2,.m2,pygments,primary,Macaulay2Lexer,pygments.lexers._mapping.LEXERS (via master CSV)
pl/macsyma,.mac,pygments,primary,MaximaLexer,pygments.lexers._mapping.LEXERS (via master CSV)
pl/macsyma,.max,pygments,secondary,MaximaLexer,pygments.lexers._mapping.LEXERS (via master CSV)
pl/make,.mak,pygments,primary,MakefileLexer,pygments.lexers._mapping.LEXERS (via master CSV)
pl/make,.mk,pygments,secondary,MakefileLexer,pygments.lexers._mapping.LEXERS (via master CSV)
pl/make,.makefile,pygments,secondary,MakefileLexer,pygments.lexers._mapping.LEXERS (via master CSV)
pl/make,.gnumakefile,pygments,secondary,MakefileLexer,pygments.lexers._mapping.LEXERS (via master CSV)
pl/makefile,.mak,linguist,primary,Makefile,https://github.com/github-linguist/linguist/blob/master/lib/linguist/languages.yml
pl/makefile,.d,linguist,secondary,Makefile,https://github.com/github-linguist/linguist/blob/master/lib/linguist/languages.yml
pl/makefile,.make,linguist,secondary,Makefile,https://github.com/github-linguist/linguist/blob/master/lib/linguist/languages.yml
pl/makefile,.makefile,linguist,secondary,Makefile,https://github.com/github-linguist/linguist/blob/master/lib/linguist/languages.yml
pl/makefile,.mk,linguist,secondary,Makefile,https://github.com/github-linguist/linguist/blob/master/lib/linguist/languages.yml
pl/makefile,.mkfile,linguist,secondary,Makefile,https://github.com/github-linguist/linguist/blob/master/lib/linguist/languages.yml
pl/makefile,.mak,pygments,primary,MakefileLexer,pygments.lexers._mapping.LEXERS (via master CSV)
pl/makefile,.mk,pygments,secondary,MakefileLexer,pygments.lexers._mapping.LEXERS (via master CSV)
pl/makefile,.makefile,pygments,secondary,MakefileLexer,pygments.lexers._mapping.LEXERS (via master CSV)
pl/makefile,.gnumakefile,pygments,secondary,MakefileLexer,pygments.lexers._mapping.LEXERS (via master CSV)
pl/mako,.mako,linguist,primary,Mako,https://github.com/github-linguist/linguist/blob/master/lib/linguist/languages.yml
pl/mako,.mao,linguist,secondary,Mako,https://github.com/github-linguist/linguist/blob/master/lib/linguist/languages.yml
pl/mako,.mao,pygments,primary,MakoLexer,pygments.lexers._mapping.LEXERS (via master CSV)
pl/maple,.mpl,pygments,primary,MapleLexer,pygments.lexers._mapping.LEXERS (via master CSV)
pl/maple,.mi,pygments,secondary,MapleLexer,pygments.lexers._mapping.LEXERS (via master CSV)
pl/maple,.mm,pygments,secondary,MapleLexer,pygments.lexers._mapping.LEXERS (via master CSV)
pl/markdown,.md,linguist,primary,Markdown,https://github.com/github-linguist/linguist/blob/master/lib/linguist/languages.yml
pl/markdown,.livemd,linguist,secondary,Markdown,https://github.com/github-linguist/linguist/blob/master/lib/linguist/languages.yml
pl/markdown,.markdown,linguist,secondary,Markdown,https://github.com/github-linguist/linguist/blob/master/lib/linguist/languages.yml
pl/markdown,.mdown,linguist,secondary,Markdown,https://github.com/github-linguist/linguist/blob/master/lib/linguist/languages.yml
pl/markdown,.mdwn,linguist,secondary,Markdown,https://github.com/github-linguist/linguist/blob/master/lib/linguist/languages.yml
pl/markdown,.mkd,linguist,secondary,Markdown,https://github.com/github-linguist/linguist/blob/master/lib/linguist/languages.yml
pl/markdown,.mkdn,linguist,secondary,Markdown,https://github.com/github-linguist/linguist/blob/master/lib/linguist/languages.yml
pl/markdown,.mkdown,linguist,secondary,Markdown,https://github.com/github-linguist/linguist/blob/master/lib/linguist/languages.yml
pl/markdown,.ronn,linguist,secondary,Markdown,https://github.com/github-linguist/linguist/blob/master/lib/linguist/languages.yml
pl/markdown,.scd,linguist,secondary,Markdown,https://github.com/github-linguist/linguist/blob/master/lib/linguist/languages.yml
pl/markdown,.workbook,linguist,secondary,Markdown,https://github.com/github-linguist/linguist/blob/master/lib/linguist/languages.yml
pl/markdown,.md,pygments,primary,MarkdownLexer,pygments.lexers._mapping.LEXERS (via master CSV)
pl/markdown,.markdown,pygments,secondary,MarkdownLexer,pygments.lexers._mapping.LEXERS (via master CSV)
pl/marko,.marko,linguist,primary,Marko,https://github.com/github-linguist/linguist/blob/master/lib/linguist/languages.yml
pl/mask,.mask,linguist,primary,Mask,https://github.com/github-linguist/linguist/blob/master/lib/linguist/languages.yml
pl/mask,.mask,pygments,primary,MaskLexer,pygments.lexers._mapping.LEXERS (via master CSV)
pl/mathematica,.nb,pygments,primary,MathematicaLexer,pygments.lexers._mapping.LEXERS (via master CSV)
pl/mathematica,.cdf,pygments,secondary,MathematicaLexer,pygments.lexers._mapping.LEXERS (via master CSV)
pl/mathematica,.nbp,pygments,secondary,MathematicaLexer,pygments.lexers._mapping.LEXERS (via master CSV)
pl/mathematica,.ma,pygments,secondary,MathematicaLexer,pygments.lexers._mapping.LEXERS (via master CSV)
pl/mathematical-programming-system,.mps,linguist,primary,Mathematical Programming System,https://github.com/github-linguist/linguist/blob/master/lib/linguist/languages.yml
pl/matlab,.matlab,linguist,primary,MATLAB,https://github.com/github-linguist/linguist/blob/master/lib/linguist/languages.yml
pl/matlab,.m,linguist,secondary,MATLAB,https://github.com/github-linguist/linguist/blob/master/lib/linguist/languages.yml
pl/matlab,.m,pygments,primary,MatlabLexer,pygments.lexers._mapping.LEXERS (via master CSV)
pl/mawk,.awk,pygments,primary,AwkLexer,pygments.lexers._mapping.LEXERS (via master CSV)
pl/max,.maxpat,linguist,primary,Max,https://github.com/github-linguist/linguist/blob/master/lib/linguist/languages.yml
pl/max,.maxhelp,linguist,secondary,Max,https://github.com/github-linguist/linguist/blob/master/lib/linguist/languages.yml
pl/max,.maxproj,linguist,secondary,Max,https://github.com/github-linguist/linguist/blob/master/lib/linguist/languages.yml
pl/max,.mxt,linguist,secondary,Max,https://github.com/github-linguist/linguist/blob/master/lib/linguist/languages.yml
pl/max,.pat,linguist,secondary,Max,https://github.com/github-linguist/linguist/blob/master/lib/linguist/languages.yml
pl/maxima,.mac,pygments,primary,MaximaLexer,pygments.lexers._mapping.LEXERS (via master CSV)
pl/maxima,.max,pygments,secondary,MaximaLexer,pygments.lexers._mapping.LEXERS (via master CSV)
pl/maxscript,.ms,linguist,primary,MAXScript,https://github.com/github-linguist/linguist/blob/master/lib/linguist/languages.yml
pl/maxscript,.mcr,linguist,secondary,MAXScript,https://github.com/github-linguist/linguist/blob/master/lib/linguist/languages.yml
pl/maxscript,.ms,pygments,primary,MiniScriptLexer,pygments.lexers._mapping.LEXERS (via master CSV)
pl/mcfunction,.mcfunction,linguist,primary,mcfunction,https://github.com/github-linguist/linguist/blob/master/lib/linguist/languages.yml
pl/mcfunction,.mcfunction,pygments,primary,MCFunctionLexer,pygments.lexers._mapping.LEXERS (via master CSV)
pl/mdsvex,.svx,linguist,primary,mdsvex,https://github.com/github-linguist/linguist/blob/master/lib/linguist/languages.yml
pl/mdx,.mdx,linguist,primary,MDX,https://github.com/github-linguist/linguist/blob/master/lib/linguist/languages.yml
pl/mercury,.m,linguist,primary,Mercury,https://github.com/github-linguist/linguist/blob/master/lib/linguist/languages.yml
pl/mercury,.moo,linguist,secondary,Mercury,https://github.com/github-linguist/linguist/blob/master/lib/linguist/languages.yml
pl/mercury,.moo,pygments,primary,MOOCodeLexer,pygments.lexers._mapping.LEXERS (via master CSV)
pl/mermaid,.mmd,linguist,primary,Mermaid,https://github.com/github-linguist/linguist/blob/master/lib/linguist/languages.yml
pl/mermaid,.mermaid,linguist,secondary,Mermaid,https://github.com/github-linguist/linguist/blob/master/lib/linguist/languages.yml
pl/metal,.metal,linguist,primary,Metal,https://github.com/github-linguist/linguist/blob/master/lib/linguist/languages.yml
pl/metta,.metta,linguist,primary,MeTTa,https://github.com/github-linguist/linguist/blob/master/lib/linguist/languages.yml
pl/microsoft-developer-studio-project,.dsp,linguist,primary,Microsoft Developer Studio Project,https://github.com/github-linguist/linguist/blob/master/lib/linguist/languages.yml
pl/microsoft-visual-studio-solution,.sln,linguist,primary,Microsoft Visual Studio Solution,https://github.com/github-linguist/linguist/blob/master/lib/linguist/languages.yml
pl/minid,.minid,linguist,primary,MiniD,https://github.com/github-linguist/linguist/blob/master/lib/linguist/languages.yml
pl/miniyaml,.yaml,linguist,primary,MiniYAML,https://github.com/github-linguist/linguist/blob/master/lib/linguist/languages.yml
pl/miniyaml,.yml,linguist,secondary,MiniYAML,https://github.com/github-linguist/linguist/blob/master/lib/linguist/languages.yml
pl/miniyaml,.yaml,pygments,primary,YamlLexer,pygments.lexers._mapping.LEXERS (via master CSV)
pl/miniyaml,.yml,pygments,secondary,YamlLexer,pygments.lexers._mapping.LEXERS (via master CSV)
pl/minizinc,.mzn,linguist,primary,MiniZinc,https://github.com/github-linguist/linguist/blob/master/lib/linguist/languages.yml
pl/minizinc-data,.dzn,linguist,primary,MiniZinc Data,https://github.com/github-linguist/linguist/blob/master/lib/linguist/languages.yml
pl/mint,.mint,linguist,primary,Mint,https://github.com/github-linguist/linguist/blob/master/lib/linguist/languages.yml
pl/mips,.mips,pygments,primary,MIPSLexer,pygments.lexers._mapping.LEXERS (via master CSV)
pl/mirah,.druby,linguist,primary,Mirah,https://github.com/github-linguist/linguist/blob/master/lib/linguist/languages.yml
pl/mirah,.duby,linguist,secondary,Mirah,https://github.com/github-linguist/linguist/blob/master/lib/linguist/languages.yml
pl/mirah,.mirah,linguist,secondary,Mirah,https://github.com/github-linguist/linguist/blob/master/lib/linguist/languages.yml
pl/mirah,.rb,pygments,primary,RubyLexer,pygments.lexers._mapping.LEXERS (via master CSV)
pl/mirah,.rbw,pygments,secondary,RubyLexer,pygments.lexers._mapping.LEXERS (via master CSV)
pl/mirah,.rakefile,pygments,secondary,RubyLexer,pygments.lexers._mapping.LEXERS (via master CSV)
pl/mirah,.rake,pygments,secondary,RubyLexer,pygments.lexers._mapping.LEXERS (via master CSV)
pl/mirah,.gemspec,pygments,secondary,RubyLexer,pygments.lexers._mapping.LEXERS (via master CSV)
pl/mirah,.rbx,pygments,secondary,RubyLexer,pygments.lexers._mapping.LEXERS (via master CSV)
pl/mirah,.duby,pygments,secondary,RubyLexer,pygments.lexers._mapping.LEXERS (via master CSV)
pl/mirah,.gemfile,pygments,secondary,RubyLexer,pygments.lexers._mapping.LEXERS (via master CSV)
pl/mirah,.vagrantfile,pygments,secondary,RubyLexer,pygments.lexers._mapping.LEXERS (via master CSV)
pl/mirc-script,.mrc,linguist,primary,mIRC Script,https://github.com/github-linguist/linguist/blob/master/lib/linguist/languages.yml
pl/mlir,.mlir,linguist,primary,MLIR,https://github.com/github-linguist/linguist/blob/master/lib/linguist/languages.yml
pl/modelica,.mo,linguist,primary,Modelica,https://github.com/github-linguist/linguist/blob/master/lib/linguist/languages.yml
pl/modelica,.mo,pygments,primary,ModelicaLexer,pygments.lexers._mapping.LEXERS (via master CSV)
pl/modula-2,.mod,linguist,primary,Modula-2,https://github.com/github-linguist/linguist/blob/master/lib/linguist/languages.yml
pl/modula-2,.def,pygments,primary,Modula2Lexer,pygments.lexers._mapping.LEXERS (via master CSV)
pl/modula-2,.mod,pygments,secondary,Modula2Lexer,pygments.lexers._mapping.LEXERS (via master CSV)
pl/modula-3,.i3,linguist,primary,Modula-3,https://github.com/github-linguist/linguist/blob/master/lib/linguist/languages.yml
pl/modula-3,.ig,linguist,secondary,Modula-3,https://github.com/github-linguist/linguist/blob/master/lib/linguist/languages.yml
pl/modula-3,.m3,linguist,secondary,Modula-3,https://github.com/github-linguist/linguist/blob/master/lib/linguist/languages.yml
pl/modula-3,.mg,linguist,secondary,Modula-3,https://github.com/github-linguist/linguist/blob/master/lib/linguist/languages.yml
pl/module-management-system,.mms,linguist,primary,Module Management System,https://github.com/github-linguist/linguist/blob/master/lib/linguist/languages.yml
pl/module-management-system,.mmk,linguist,secondary,Module Management System,https://github.com/github-linguist/linguist/blob/master/lib/linguist/languages.yml
pl/mojo,.mojo,linguist,primary,Mojo,https://github.com/github-linguist/linguist/blob/master/lib/linguist/languages.yml
pl/mojo,.mojo,pygments,primary,MojoLexer,pygments.lexers._mapping.LEXERS (via master CSV)
pl/monkey,.monkey,linguist,primary,Monkey,https://github.com/github-linguist/linguist/blob/master/lib/linguist/languages.yml
pl/monkey,.monkey2,linguist,secondary,Monkey,https://github.com/github-linguist/linguist/blob/master/lib/linguist/languages.yml
pl/monkey,.monkey,pygments,primary,MonkeyLexer,pygments.lexers._mapping.LEXERS (via master CSV)
pl/monkey-c,.mc,linguist,primary,Monkey C,https://github.com/github-linguist/linguist/blob/master/lib/linguist/languages.yml
pl/monkey-c,.m,pygments,primary,MasonLexer,pygments.lexers._mapping.LEXERS (via master CSV)
pl/monkey-c,.mhtml,pygments,secondary,MasonLexer,pygments.lexers._mapping.LEXERS (via master CSV)
pl/monkey-c,.mc,pygments,secondary,MasonLexer,pygments.lexers._mapping.LEXERS (via master CSV)
pl/monkey-c,.mi,pygments,secondary,MasonLexer,pygments.lexers._mapping.LEXERS (via master CSV)
pl/monkey-c,.autohandler,pygments,secondary,MasonLexer,pygments.lexers._mapping.LEXERS (via master CSV)
pl/monkey-c,.dhandler,pygments,secondary,MasonLexer,pygments.lexers._mapping.LEXERS (via master CSV)
pl/monte,.mt,pygments,primary,MonteLexer,pygments.lexers._mapping.LEXERS (via master CSV)
pl/moo,.moo,pygments,primary,MOOCodeLexer,pygments.lexers._mapping.LEXERS (via master CSV)
pl/moocode,.moo,linguist,primary,Moocode,https://github.com/github-linguist/linguist/blob/master/lib/linguist/languages.yml
pl/moocode,.moo,pygments,primary,MOOCodeLexer,pygments.lexers._mapping.LEXERS (via master CSV)
pl/moonbit,.mbt,linguist,primary,MoonBit,https://github.com/github-linguist/linguist/blob/master/lib/linguist/languages.yml
pl/moonscript,.moon,linguist,primary,MoonScript,https://github.com/github-linguist/linguist/blob/master/lib/linguist/languages.yml
pl/moonscript,.moon,pygments,primary,MoonScriptLexer,pygments.lexers._mapping.LEXERS (via master CSV)
pl/motoko,.mo,linguist,primary,Motoko,https://github.com/github-linguist/linguist/blob/master/lib/linguist/languages.yml
pl/motoko,.mo,pygments,primary,ModelicaLexer,pygments.lexers._mapping.LEXERS (via master CSV)
pl/motorola-68k-assembly,.asm,linguist,primary,Motorola 68K Assembly,https://github.com/github-linguist/linguist/blob/master/lib/linguist/languages.yml
pl/motorola-68k-assembly,.i,linguist,secondary,Motorola 68K Assembly,https://github.com/github-linguist/linguist/blob/master/lib/linguist/languages.yml
pl/motorola-68k-assembly,.inc,linguist,secondary,Motorola 68K Assembly,https://github.com/github-linguist/linguist/blob/master/lib/linguist/languages.yml
pl/motorola-68k-assembly,.s,linguist,secondary,Motorola 68K Assembly,https://github.com/github-linguist/linguist/blob/master/lib/linguist/languages.yml
pl/motorola-68k-assembly,.x68,linguist,secondary,Motorola 68K Assembly,https://github.com/github-linguist/linguist/blob/master/lib/linguist/languages.yml
pl/motorola-68k-assembly,.asm,pygments,primary,TasmLexer,pygments.lexers._mapping.LEXERS (via master CSV)
pl/motorola-68k-assembly,.tasm,pygments,secondary,TasmLexer,pygments.lexers._mapping.LEXERS (via master CSV)
pl/move,.move,linguist,primary,Move,https://github.com/github-linguist/linguist/blob/master/lib/linguist/languages.yml
pl/mql,.mq4,pygments,primary,MqlLexer,pygments.lexers._mapping.LEXERS (via master CSV)
pl/mql,.mq5,pygments,secondary,MqlLexer,pygments.lexers._mapping.LEXERS (via master CSV)
pl/mql,.mqh,pygments,secondary,MqlLexer,pygments.lexers._mapping.LEXERS (via master CSV)
pl/mql4,.mq4,linguist,primary,MQL4,https://github.com/github-linguist/linguist/blob/master/lib/linguist/languages.yml
pl/mql4,.mqh,linguist,secondary,MQL4,https://github.com/github-linguist/linguist/blob/master/lib/linguist/languages.yml
pl/mql4,.mq4,pygments,primary,MqlLexer,pygments.lexers._mapping.LEXERS (via master CSV)
pl/mql4,.mq5,pygments,secondary,MqlLexer,pygments.lexers._mapping.LEXERS (via master CSV)
pl/mql4,.mqh,pygments,secondary,MqlLexer,pygments.lexers._mapping.LEXERS (via master CSV)
pl/mql5,.mq5,linguist,primary,MQL5,https://github.com/github-linguist/linguist/blob/master/lib/linguist/languages.yml
pl/mql5,.mqh,linguist,secondary,MQL5,https://github.com/github-linguist/linguist/blob/master/lib/linguist/languages.yml
pl/mql5,.mq4,pygments,primary,MqlLexer,pygments.lexers._mapping.LEXERS (via master CSV)
pl/mql5,.mq5,pygments,secondary,MqlLexer,pygments.lexers._mapping.LEXERS (via master CSV)
pl/mql5,.mqh,pygments,secondary,MqlLexer,pygments.lexers._mapping.LEXERS (via master CSV)
pl/mscgen,.msc,pygments,primary,MscgenLexer,pygments.lexers._mapping.LEXERS (via master CSV)
pl/mtml,.mtml,linguist,primary,MTML,https://github.com/github-linguist/linguist/blob/master/lib/linguist/languages.yml
pl/muf,.muf,linguist,primary,MUF,https://github.com/github-linguist/linguist/blob/master/lib/linguist/languages.yml
pl/muf,.m,linguist,secondary,MUF,https://github.com/github-linguist/linguist/blob/master/lib/linguist/languages.yml
pl/mupad,.mu,linguist,primary,mupad,https://github.com/github-linguist/linguist/blob/master/lib/linguist/languages.yml
pl/mupad,.mu,pygments,primary,MuPADLexer,pygments.lexers._mapping.LEXERS (via master CSV)
pl/muse,.muse,linguist,primary,Muse,https://github.com/github-linguist/linguist/blob/master/lib/linguist/languages.yml
pl/mustache,.mustache,linguist,primary,Mustache,https://github.com/github-linguist/linguist/blob/master/lib/linguist/languages.yml
pl/mxml,.mxml,pygments,primary,MxmlLexer,pygments.lexers._mapping.LEXERS (via master CSV)
pl/myghty,.myt,linguist,primary,Myghty,https://github.com/github-linguist/linguist/blob/master/lib/linguist/languages.yml
pl/myghty,.myt,pygments,primary,MyghtyLexer,pygments.lexers._mapping.LEXERS (via master CSV)
pl/myghty,.autodelegate,pygments,secondary,MyghtyLexer,pygments.lexers._mapping.LEXERS (via master CSV)
pl/nanorc,.nanorc,linguist,primary,nanorc,https://github.com/github-linguist/linguist/blob/master/lib/linguist/languages.yml
pl/nasal,.nas,linguist,primary,Nasal,https://github.com/github-linguist/linguist/blob/master/lib/linguist/languages.yml
pl/nasl,.nasl,linguist,primary,NASL,https://github.com/github-linguist/linguist/blob/master/lib/linguist/languages.yml
pl/nasl,.inc,linguist,secondary,NASL,https://github.com/github-linguist/linguist/blob/master/lib/linguist/languages.yml
pl/nasl,.pov,pygments,primary,PovrayLexer,pygments.lexers._mapping.LEXERS (via master CSV)
pl/nasl,.inc,pygments,secondary,PovrayLexer,pygments.lexers._mapping.LEXERS (via master CSV)
pl/nasm,.asm,pygments,primary,NasmLexer,pygments.lexers._mapping.LEXERS (via master CSV)
pl/nasm,.nasm,pygments,secondary,NasmLexer,pygments.lexers._mapping.LEXERS (via master CSV)
pl/nawk,.awk,pygments,primary,AwkLexer,pygments.lexers._mapping.LEXERS (via master CSV)
pl/nb,.nb,pygments,primary,MathematicaLexer,pygments.lexers._mapping.LEXERS (via master CSV)
pl/nb,.cdf,pygments,secondary,MathematicaLexer,pygments.lexers._mapping.LEXERS (via master CSV)
pl/nb,.nbp,pygments,secondary,MathematicaLexer,pygments.lexers._mapping.LEXERS (via master CSV)
pl/nb,.ma,pygments,secondary,MathematicaLexer,pygments.lexers._mapping.LEXERS (via master CSV)
pl/ncl,.ncl,linguist,primary,NCL,https://github.com/github-linguist/linguist/blob/master/lib/linguist/languages.yml
pl/ncl,.ncl,pygments,primary,NCLLexer,pygments.lexers._mapping.LEXERS (via master CSV)
pl/nearley,.ne,linguist,primary,Nearley,https://github.com/github-linguist/linguist/blob/master/lib/linguist/languages.yml
pl/nearley,.nearley,linguist,secondary,Nearley,https://github.com/github-linguist/linguist/blob/master/lib/linguist/languages.yml
pl/nemerle,.n,linguist,primary,Nemerle,https://github.com/github-linguist/linguist/blob/master/lib/linguist/languages.yml
pl/nemerle,.n,pygments,primary,NemerleLexer,pygments.lexers._mapping.LEXERS (via master CSV)
pl/neon,.neon,linguist,primary,NEON,https://github.com/github-linguist/linguist/blob/master/lib/linguist/languages.yml
pl/nesc,.nc,linguist,primary,nesC,https://github.com/github-linguist/linguist/blob/master/lib/linguist/languages.yml
pl/nesc,.nc,pygments,primary,NesCLexer,pygments.lexers._mapping.LEXERS (via master CSV)
pl/nestedtext,.nt,pygments,primary,NestedTextLexer,pygments.lexers._mapping.LEXERS (via master CSV)
pl/netlinx,.axs,linguist,primary,NetLinx,https://github.com/github-linguist/linguist/blob/master/lib/linguist/languages.yml
pl/netlinx,.axi,linguist,secondary,NetLinx,https://github.com/github-linguist/linguist/blob/master/lib/linguist/languages.yml
pl/netlogo,.nlogo,linguist,primary,NetLogo,https://github.com/github-linguist/linguist/blob/master/lib/linguist/languages.yml
pl/newlisp,.nl,linguist,primary,NewLisp,https://github.com/github-linguist/linguist/blob/master/lib/linguist/languages.yml
pl/newlisp,.lisp,linguist,secondary,NewLisp,https://github.com/github-linguist/linguist/blob/master/lib/linguist/languages.yml
pl/newlisp,.lsp,linguist,secondary,NewLisp,https://github.com/github-linguist/linguist/blob/master/lib/linguist/languages.yml
pl/newlisp,.lsp,pygments,primary,NewLispLexer,pygments.lexers._mapping.LEXERS (via master CSV)
pl/newlisp,.nl,pygments,secondary,NewLispLexer,pygments.lexers._mapping.LEXERS (via master CSV)
pl/newlisp,.kif,pygments,secondary,NewLispLexer,pygments.lexers._mapping.LEXERS (via master CSV)
pl/newspeak,.ns2,pygments,primary,NewspeakLexer,pygments.lexers._mapping.LEXERS (via master CSV)
pl/nextflow,.nf,linguist,primary,Nextflow,https://github.com/github-linguist/linguist/blob/master/lib/linguist/languages.yml
pl/nginx,.nginx,linguist,primary,Nginx,https://github.com/github-linguist/linguist/blob/master/lib/linguist/languages.yml
pl/nginx,.nginxconf,linguist,secondary,Nginx,https://github.com/github-linguist/linguist/blob/master/lib/linguist/languages.yml
pl/nginx,.vhost,linguist,secondary,Nginx,https://github.com/github-linguist/linguist/blob/master/lib/linguist/languages.yml
pl/nickel,.ncl,linguist,primary,Nickel,https://github.com/github-linguist/linguist/blob/master/lib/linguist/languages.yml
pl/nickel,.ncl,pygments,primary,NCLLexer,pygments.lexers._mapping.LEXERS (via master CSV)
pl/nim,.nim,linguist,primary,Nim,https://github.com/github-linguist/linguist/blob/master/lib/linguist/languages.yml
pl/nim,.nimble,linguist,secondary,Nim,https://github.com/github-linguist/linguist/blob/master/lib/linguist/languages.yml
pl/nim,.nimrod,linguist,secondary,Nim,https://github.com/github-linguist/linguist/blob/master/lib/linguist/languages.yml
pl/nim,.nims,linguist,secondary,Nim,https://github.com/github-linguist/linguist/blob/master/lib/linguist/languages.yml
pl/nim,.nim,pygments,primary,NimrodLexer,pygments.lexers._mapping.LEXERS (via master CSV)
pl/nim,.nimrod,pygments,secondary,NimrodLexer,pygments.lexers._mapping.LEXERS (via master CSV)
pl/nim-programming-language,.nim,pygments,primary,NimrodLexer,pygments.lexers._mapping.LEXERS (via master CSV)
pl/nim-programming-language,.nimrod,pygments,secondary,NimrodLexer,pygments.lexers._mapping.LEXERS (via master CSV)
pl/nimrod,.nim,pygments,primary,NimrodLexer,pygments.lexers._mapping.LEXERS (via master CSV)
pl/nimrod,.nimrod,pygments,secondary,NimrodLexer,pygments.lexers._mapping.LEXERS (via master CSV)
pl/ninja,.ninja,linguist,primary,Ninja,https://github.com/github-linguist/linguist/blob/master/lib/linguist/languages.yml
pl/nit,.nit,linguist,primary,Nit,https://github.com/github-linguist/linguist/blob/master/lib/linguist/languages.yml
pl/nit,.nit,pygments,primary,NitLexer,pygments.lexers._mapping.LEXERS (via master CSV)
pl/nix,.nix,linguist,primary,Nix,https://github.com/github-linguist/linguist/blob/master/lib/linguist/languages.yml
pl/nix,.nix,pygments,primary,NixLexer,pygments.lexers._mapping.LEXERS (via master CSV)
pl/nixos,.nix,pygments,primary,NixLexer,pygments.lexers._mapping.LEXERS (via master CSV)
pl/nl,.nl,linguist,primary,NL,https://github.com/github-linguist/linguist/blob/master/lib/linguist/languages.yml
pl/nl,.lsp,pygments,primary,NewLispLexer,pygments.lexers._mapping.LEXERS (via master CSV)
pl/nl,.nl,pygments,secondary,NewLispLexer,pygments.lexers._mapping.LEXERS (via master CSV)
pl/nl,.kif,pygments,secondary,NewLispLexer,pygments.lexers._mapping.LEXERS (via master CSV)
pl/nmodl,.mod,linguist,primary,NMODL,https://github.com/github-linguist/linguist/blob/master/lib/linguist/languages.yml
pl/nmodl,.def,pygments,primary,Modula2Lexer,pygments.lexers._mapping.LEXERS (via master CSV)
pl/nmodl,.mod,pygments,secondary,Modula2Lexer,pygments.lexers._mapping.LEXERS (via master CSV)
pl/noir,.nr,linguist,primary,Noir,https://github.com/github-linguist/linguist/blob/master/lib/linguist/languages.yml
pl/nroff,.man,pygments,primary,GroffLexer,pygments.lexers._mapping.LEXERS (via master CSV)
pl/nroff,.1p,pygments,secondary,GroffLexer,pygments.lexers._mapping.LEXERS (via master CSV)
pl/nroff,.3pm,pygments,secondary,GroffLexer,pygments.lexers._mapping.LEXERS (via master CSV)
pl/nsis,.nsi,linguist,primary,NSIS,https://github.com/github-linguist/linguist/blob/master/lib/linguist/languages.yml
pl/nsis,.nsh,linguist,secondary,NSIS,https://github.com/github-linguist/linguist/blob/master/lib/linguist/languages.yml
pl/nsis,.nsi,pygments,primary,NSISLexer,pygments.lexers._mapping.LEXERS (via master CSV)
pl/nsis,.nsh,pygments,secondary,NSISLexer,pygments.lexers._mapping.LEXERS (via master CSV)
pl/nu,.nu,linguist,primary,Nu,https://github.com/github-linguist/linguist/blob/master/lib/linguist/languages.yml
pl/numpy,.numpy,linguist,primary,NumPy,https://github.com/github-linguist/linguist/blob/master/lib/linguist/languages.yml
pl/numpy,.numpyw,linguist,secondary,NumPy,https://github.com/github-linguist/linguist/blob/master/lib/linguist/languages.yml
pl/numpy,.numsc,linguist,secondary,NumPy,https://github.com/github-linguist/linguist/blob/master/lib/linguist/languages.yml
pl/nunjucks,.njk,linguist,primary,Nunjucks,https://github.com/github-linguist/linguist/blob/master/lib/linguist/languages.yml
pl/nushell,.nu,linguist,primary,Nushell,https://github.com/github-linguist/linguist/blob/master/lib/linguist/languages.yml
pl/nwscript,.nss,linguist,primary,NWScript,https://github.com/github-linguist/linguist/blob/master/lib/linguist/languages.yml
pl/oasv2-json,.json,linguist,primary,OASv2-json,https://github.com/github-linguist/linguist/blob/master/lib/linguist/languages.yml
pl/oasv2-json,.json,pygments,primary,JsonLexer,pygments.lexers._mapping.LEXERS (via master CSV)
pl/oasv2-json,.jsonl,pygments,secondary,JsonLexer,pygments.lexers._mapping.LEXERS (via master CSV)
pl/oasv2-json,.ndjson,pygments,secondary,JsonLexer,pygments.lexers._mapping.LEXERS (via master CSV)
pl/oasv2-yaml,.yaml,linguist,primary,OASv2-yaml,https://github.com/github-linguist/linguist/blob/master/lib/linguist/languages.yml
pl/oasv2-yaml,.yml,linguist,secondary,OASv2-yaml,https://github.com/github-linguist/linguist/blob/master/lib/linguist/languages.yml
pl/oasv2-yaml,.yaml,pygments,primary,YamlLexer,pygments.lexers._mapping.LEXERS (via master CSV)
pl/oasv2-yaml,.yml,pygments,secondary,YamlLexer,pygments.lexers._mapping.LEXERS (via master CSV)
pl/oasv3-json,.json,linguist,primary,OASv3-json,https://github.com/github-linguist/linguist/blob/master/lib/linguist/languages.yml
pl/oasv3-json,.json,pygments,primary,JsonLexer,pygments.lexers._mapping.LEXERS (via master CSV)
pl/oasv3-json,.jsonl,pygments,secondary,JsonLexer,pygments.lexers._mapping.LEXERS (via master CSV)
pl/oasv3-json,.ndjson,pygments,secondary,JsonLexer,pygments.lexers._mapping.LEXERS (via master CSV)
pl/oasv3-yaml,.yaml,linguist,primary,OASv3-yaml,https://github.com/github-linguist/linguist/blob/master/lib/linguist/languages.yml
pl/oasv3-yaml,.yml,linguist,secondary,OASv3-yaml,https://github.com/github-linguist/linguist/blob/master/lib/linguist/languages.yml
pl/oasv3-yaml,.yaml,pygments,primary,YamlLexer,pygments.lexers._mapping.LEXERS (via master CSV)
pl/oasv3-yaml,.yml,pygments,secondary,YamlLexer,pygments.lexers._mapping.LEXERS (via master CSV)
pl/oberon,.ob2,linguist,primary,Oberon,https://github.com/github-linguist/linguist/blob/master/lib/linguist/languages.yml
pl/objdump,.objdump,linguist,primary,ObjDump,https://github.com/github-linguist/linguist/blob/master/lib/linguist/languages.yml
pl/objdump,.objdump,pygments,primary,ObjdumpLexer,pygments.lexers._mapping.LEXERS (via master CSV)
pl/object-data-instance-notation,.odin,linguist,primary,Object Data Instance Notation,https://github.com/github-linguist/linguist/blob/master/lib/linguist/languages.yml
pl/object-data-instance-notation,.odin,pygments,primary,OdinLexer,pygments.lexers._mapping.LEXERS (via master CSV)
pl/objective-c,.m,linguist,primary,Objective-C,https://github.com/github-linguist/linguist/blob/master/lib/linguist/languages.yml
pl/objective-c,.h,linguist,secondary,Objective-C,https://github.com/github-linguist/linguist/blob/master/lib/linguist/languages.yml
pl/objective-c,.m,pygments,primary,ObjectiveCLexer,pygments.lexers._mapping.LEXERS (via master CSV)
pl/objective-c,.h,pygments,secondary,ObjectiveCLexer,pygments.lexers._mapping.LEXERS (via master CSV)
pl/objective-cpp,.mm,linguist,primary,Objective-C++,https://github.com/github-linguist/linguist/blob/master/lib/linguist/languages.yml
pl/objective-cpp,.mm,pygments,primary,ObjectiveCppLexer,pygments.lexers._mapping.LEXERS (via master CSV)
pl/objective-cpp,.hh,pygments,secondary,ObjectiveCppLexer,pygments.lexers._mapping.LEXERS (via master CSV)
pl/objective-j,.j,linguist,primary,Objective-J,https://github.com/github-linguist/linguist/blob/master/lib/linguist/languages.yml
pl/objective-j,.sj,linguist,secondary,Objective-J,https://github.com/github-linguist/linguist/blob/master/lib/linguist/languages.yml
pl/objective-j,.j,pygments,primary,ObjectiveJLexer,pygments.lexers._mapping.LEXERS (via master CSV)
pl/objectscript,.cls,linguist,primary,ObjectScript,https://github.com/github-linguist/linguist/blob/master/lib/linguist/languages.yml
pl/objectscript,.p,pygments,primary,OpenEdgeLexer,pygments.lexers._mapping.LEXERS (via master CSV)
pl/objectscript,.cls,pygments,secondary,OpenEdgeLexer,pygments.lexers._mapping.LEXERS (via master CSV)
pl/ocaml,.ml,linguist,primary,OCaml,https://github.com/github-linguist/linguist/blob/master/lib/linguist/languages.yml
pl/ocaml,.eliom,linguist,secondary,OCaml,https://github.com/github-linguist/linguist/blob/master/lib/linguist/languages.yml
pl/ocaml,.eliomi,linguist,secondary,OCaml,https://github.com/github-linguist/linguist/blob/master/lib/linguist/languages.yml
pl/ocaml,.ml4,linguist,secondary,OCaml,https://github.com/github-linguist/linguist/blob/master/lib/linguist/languages.yml
pl/ocaml,.mli,linguist,secondary,OCaml,https://github.com/github-linguist/linguist/blob/master/lib/linguist/languages.yml
pl/ocaml,.mll,linguist,secondary,OCaml,https://github.com/github-linguist/linguist/blob/master/lib/linguist/languages.yml
pl/ocaml,.mly,linguist,secondary,OCaml,https://github.com/github-linguist/linguist/blob/master/lib/linguist/languages.yml
pl/ocaml,.ml,pygments,primary,OcamlLexer,pygments.lexers._mapping.LEXERS (via master CSV)
pl/ocaml,.mli,pygments,secondary,OcamlLexer,pygments.lexers._mapping.LEXERS (via master CSV)
pl/ocaml,.mll,pygments,secondary,OcamlLexer,pygments.lexers._mapping.LEXERS (via master CSV)
pl/ocaml,.mly,pygments,secondary,OcamlLexer,pygments.lexers._mapping.LEXERS (via master CSV)
pl/octave,.m,pygments,primary,OctaveLexer,pygments.lexers._mapping.LEXERS (via master CSV)
pl/odin,.odin,linguist,primary,Odin,https://github.com/github-linguist/linguist/blob/master/lib/linguist/languages.yml
pl/odin,.odin,pygments,primary,OdinLexer,pygments.lexers._mapping.LEXERS (via master CSV)
pl/omg-idl,.idl,pygments,primary,OmgIdlLexer,pygments.lexers._mapping.LEXERS (via master CSV)
pl/omg-idl,.pidl,pygments,secondary,OmgIdlLexer,pygments.lexers._mapping.LEXERS (via master CSV)
pl/omgrofl,.omgrofl,linguist,primary,Omgrofl,https://github.com/github-linguist/linguist/blob/master/lib/linguist/languages.yml
pl/omnetpp-msg,.msg,linguist,primary,OMNeT++ MSG,https://github.com/github-linguist/linguist/blob/master/lib/linguist/languages.yml
pl/omnetpp-ned,.ned,linguist,primary,OMNeT++ NED,https://github.com/github-linguist/linguist/blob/master/lib/linguist/languages.yml
pl/ooc,.ooc,linguist,primary,ooc,https://github.com/github-linguist/linguist/blob/master/lib/linguist/languages.yml
pl/ooc,.ooc,pygments,primary,OocLexer,pygments.lexers._mapping.LEXERS (via master CSV)
pl/opa,.opa,linguist,primary,Opa,https://github.com/github-linguist/linguist/blob/master/lib/linguist/languages.yml
pl/opa,.opa,pygments,primary,OpaLexer,pygments.lexers._mapping.LEXERS (via master CSV)
pl/opal,.opal,linguist,primary,Opal,https://github.com/github-linguist/linguist/blob/master/lib/linguist/languages.yml
pl/open-policy-agent,.rego,linguist,primary,Open Policy Agent,https://github.com/github-linguist/linguist/blob/master/lib/linguist/languages.yml
pl/open-policy-agent,.rego,pygments,primary,RegoLexer,pygments.lexers._mapping.LEXERS (via master CSV)
pl/opencl,.cl,linguist,primary,OpenCL,https://github.com/github-linguist/linguist/blob/master/lib/linguist/languages.yml
pl/opencl,.opencl,linguist,secondary,OpenCL,https://github.com/github-linguist/linguist/blob/master/lib/linguist/languages.yml
pl/opencl,.pro,pygments,primary,VisualPrologLexer,pygments.lexers._mapping.LEXERS (via master CSV)
pl/opencl,.cl,pygments,secondary,VisualPrologLexer,pygments.lexers._mapping.LEXERS (via master CSV)
pl/opencl,.i,pygments,secondary,VisualPrologLexer,pygments.lexers._mapping.LEXERS (via master CSV)
pl/opencl,.pack,pygments,secondary,VisualPrologLexer,pygments.lexers._mapping.LEXERS (via master CSV)
pl/opencl,.ph,pygments,secondary,VisualPrologLexer,pygments.lexers._mapping.LEXERS (via master CSV)
pl/openedge-abl,.p,linguist,primary,OpenEdge ABL,https://github.com/github-linguist/linguist/blob/master/lib/linguist/languages.yml
pl/openedge-abl,.cls,linguist,secondary,OpenEdge ABL,https://github.com/github-linguist/linguist/blob/master/lib/linguist/languages.yml
pl/openedge-abl,.w,linguist,secondary,OpenEdge ABL,https://github.com/github-linguist/linguist/blob/master/lib/linguist/languages.yml
pl/openedge-abl,.p,pygments,primary,OpenEdgeLexer,pygments.lexers._mapping.LEXERS (via master CSV)
pl/openedge-abl,.cls,pygments,secondary,OpenEdgeLexer,pygments.lexers._mapping.LEXERS (via master CSV)
pl/openqasm,.qasm,linguist,primary,OpenQASM,https://github.com/github-linguist/linguist/blob/master/lib/linguist/languages.yml
pl/openrc-runscript,.sh,pygments,primary,BashLexer,pygments.lexers._mapping.LEXERS (via master CSV)
pl/openrc-runscript,.ksh,pygments,secondary,BashLexer,pygments.lexers._mapping.LEXERS (via master CSV)
pl/openrc-runscript,.bash,pygments,secondary,BashLexer,pygments.lexers._mapping.LEXERS (via master CSV)
pl/openrc-runscript,.ebuild,pygments,secondary,BashLexer,pygments.lexers._mapping.LEXERS (via master CSV)
pl/openrc-runscript,.eclass,pygments,secondary,BashLexer,pygments.lexers._mapping.LEXERS (via master CSV)
pl/openrc-runscript,.exheres-0,pygments,secondary,BashLexer,pygments.lexers._mapping.LEXERS (via master CSV)
pl/openrc-runscript,.exlib,pygments,secondary,BashLexer,pygments.lexers._mapping.LEXERS (via master CSV)
pl/openrc-runscript,.zsh,pygments,secondary,BashLexer,pygments.lexers._mapping.LEXERS (via master CSV)
pl/openrc-runscript,.bashrc,pygments,secondary,BashLexer,pygments.lexers._mapping.LEXERS (via master CSV)
pl/openrc-runscript,.zshrc,pygments,secondary,BashLexer,pygments.lexers._mapping.LEXERS (via master CSV)
pl/openrc-runscript,.kshrc,pygments,secondary,BashLexer,pygments.lexers._mapping.LEXERS (via master CSV)
pl/openrc-runscript,.pkgbuild,pygments,secondary,BashLexer,pygments.lexers._mapping.LEXERS (via master CSV)
pl/openscad,.scad,linguist,primary,OpenSCAD,https://github.com/github-linguist/linguist/blob/master/lib/linguist/languages.yml
pl/openscad,.scad,pygments,primary,OpenScadLexer,pygments.lexers._mapping.LEXERS (via master CSV)
pl/openstep-property-list,.plist,linguist,primary,OpenStep Property List,https://github.com/github-linguist/linguist/blob/master/lib/linguist/languages.yml
pl/openstep-property-list,.glyphs,linguist,secondary,OpenStep Property List,https://github.com/github-linguist/linguist/blob/master/lib/linguist/languages.yml
pl/opentype-feature-file,.fea,linguist,primary,OpenType Feature File,https://github.com/github-linguist/linguist/blob/master/lib/linguist/languages.yml
pl/org,.org,linguist,primary,Org,https://github.com/github-linguist/linguist/blob/master/lib/linguist/languages.yml
pl/org,.org,pygments,primary,OrgLexer,pygments.lexers._mapping.LEXERS (via master CSV)
pl/overpassql,.overpassql,linguist,primary,OverpassQL,https://github.com/github-linguist/linguist/blob/master/lib/linguist/languages.yml
pl/ox,.ox,linguist,primary,Ox,https://github.com/github-linguist/linguist/blob/master/lib/linguist/languages.yml
pl/ox,.oxh,linguist,secondary,Ox,https://github.com/github-linguist/linguist/blob/master/lib/linguist/languages.yml
pl/ox,.oxo,linguist,secondary,Ox,https://github.com/github-linguist/linguist/blob/master/lib/linguist/languages.yml
pl/oxygene,.oxygene,linguist,primary,Oxygene,https://github.com/github-linguist/linguist/blob/master/lib/linguist/languages.yml
pl/oz,.oz,linguist,primary,Oz,https://github.com/github-linguist/linguist/blob/master/lib/linguist/languages.yml
pl/p4,.p4,linguist,primary,P4,https://github.com/github-linguist/linguist/blob/master/lib/linguist/languages.yml
pl/pact,.pact,linguist,primary,Pact,https://github.com/github-linguist/linguist/blob/master/lib/linguist/languages.yml
pl/pan,.pan,linguist,primary,Pan,https://github.com/github-linguist/linguist/blob/master/lib/linguist/languages.yml
pl/pan,.pan,pygments,primary,PanLexer,pygments.lexers._mapping.LEXERS (via master CSV)
pl/papyrus,.psc,linguist,primary,Papyrus,https://github.com/github-linguist/linguist/blob/master/lib/linguist/languages.yml
pl/papyrus,.praat,pygments,primary,PraatLexer,pygments.lexers._mapping.LEXERS (via master CSV)
pl/papyrus,.proc,pygments,secondary,PraatLexer,pygments.lexers._mapping.LEXERS (via master CSV)
pl/papyrus,.psc,pygments,secondary,PraatLexer,pygments.lexers._mapping.LEXERS (via master CSV)
pl/parasail,.psi,pygments,primary,ParaSailLexer,pygments.lexers._mapping.LEXERS (via master CSV)
pl/parasail,.psl,pygments,secondary,ParaSailLexer,pygments.lexers._mapping.LEXERS (via master CSV)
pl/parrot,.parrot,linguist,primary,Parrot,https://github.com/github-linguist/linguist/blob/master/lib/linguist/languages.yml
pl/parrot-assembly,.pasm,linguist,primary,Parrot Assembly,https://github.com/github-linguist/linguist/blob/master/lib/linguist/languages.yml
pl/parrot-internal-representation,.pir,linguist,primary,Parrot Internal Representation,https://github.com/github-linguist/linguist/blob/master/lib/linguist/languages.yml
pl/pascal,.pas,linguist,primary,Pascal,https://github.com/github-linguist/linguist/blob/master/lib/linguist/languages.yml
pl/pascal,.dfm,linguist,secondary,Pascal,https://github.com/github-linguist/linguist/blob/master/lib/linguist/languages.yml
pl/pascal,.dpr,linguist,secondary,Pascal,https://github.com/github-linguist/linguist/blob/master/lib/linguist/languages.yml
pl/pascal,.inc,linguist,secondary,Pascal,https://github.com/github-linguist/linguist/blob/master/lib/linguist/languages.yml
pl/pascal,.lpr,linguist,secondary,Pascal,https://github.com/github-linguist/linguist/blob/master/lib/linguist/languages.yml
pl/pascal,.pascal,linguist,secondary,Pascal,https://github.com/github-linguist/linguist/blob/master/lib/linguist/languages.yml
pl/pascal,.pp,linguist,secondary,Pascal,https://github.com/github-linguist/linguist/blob/master/lib/linguist/languages.yml
pl/pascal,.pas,pygments,primary,DelphiLexer,pygments.lexers._mapping.LEXERS (via master CSV)
pl/pascal,.dpr,pygments,secondary,DelphiLexer,pygments.lexers._mapping.LEXERS (via master CSV)
pl/pawn,.pwn,linguist,primary,Pawn,https://github.com/github-linguist/linguist/blob/master/lib/linguist/languages.yml
pl/pawn,.inc,linguist,secondary,Pawn,https://github.com/github-linguist/linguist/blob/master/lib/linguist/languages.yml
pl/pawn,.sma,linguist,secondary,Pawn,https://github.com/github-linguist/linguist/blob/master/lib/linguist/languages.yml
pl/pawn,.p,pygments,primary,PawnLexer,pygments.lexers._mapping.LEXERS (via master CSV)
pl/pawn,.pwn,pygments,secondary,PawnLexer,pygments.lexers._mapping.LEXERS (via master CSV)
pl/pawn,.inc,pygments,secondary,PawnLexer,pygments.lexers._mapping.LEXERS (via master CSV)
pl/pddl,.pddl,linguist,primary,PDDL,https://github.com/github-linguist/linguist/blob/master/lib/linguist/languages.yml
pl/pddl,.pddl,pygments,primary,PddlLexer,pygments.lexers._mapping.LEXERS (via master CSV)
pl/peg,.peg,pygments,primary,PegLexer,pygments.lexers._mapping.LEXERS (via master CSV)
pl/peg-js,.pegjs,linguist,primary,PEG.js,https://github.com/github-linguist/linguist/blob/master/lib/linguist/languages.yml
pl/peg-js,.peggy,linguist,secondary,PEG.js,https://github.com/github-linguist/linguist/blob/master/lib/linguist/languages.yml
pl/pep8,.pep,linguist,primary,Pep8,https://github.com/github-linguist/linguist/blob/master/lib/linguist/languages.yml
pl/perl,.pl,linguist,primary,Perl,https://github.com/github-linguist/linguist/blob/master/lib/linguist/languages.yml
pl/perl,.al,linguist,secondary,Perl,https://github.com/github-linguist/linguist/blob/master/lib/linguist/languages.yml
pl/perl,.cgi,linguist,secondary,Perl,https://github.com/github-linguist/linguist/blob/master/lib/linguist/languages.yml
pl/perl,.fcgi,linguist,secondary,Perl,https://github.com/github-linguist/linguist/blob/master/lib/linguist/languages.yml
pl/perl,.perl,linguist,secondary,Perl,https://github.com/github-linguist/linguist/blob/master/lib/linguist/languages.yml
pl/perl,.ph,linguist,secondary,Perl,https://github.com/github-linguist/linguist/blob/master/lib/linguist/languages.yml
pl/perl,.plx,linguist,secondary,Perl,https://github.com/github-linguist/linguist/blob/master/lib/linguist/languages.yml
pl/perl,.pm,linguist,secondary,Perl,https://github.com/github-linguist/linguist/blob/master/lib/linguist/languages.yml
pl/perl,.psgi,linguist,secondary,Perl,https://github.com/github-linguist/linguist/blob/master/lib/linguist/languages.yml
pl/perl,.t,linguist,secondary,Perl,https://github.com/github-linguist/linguist/blob/master/lib/linguist/languages.yml
pl/perl,.pl,pygments,primary,PerlLexer,pygments.lexers._mapping.LEXERS (via master CSV)
pl/perl,.pm,pygments,secondary,PerlLexer,pygments.lexers._mapping.LEXERS (via master CSV)
pl/perl,.t,pygments,secondary,PerlLexer,pygments.lexers._mapping.LEXERS (via master CSV)
pl/perl,.perl,pygments,secondary,PerlLexer,pygments.lexers._mapping.LEXERS (via master CSV)
pl/php,.php,linguist,primary,PHP,https://github.com/github-linguist/linguist/blob/master/lib/linguist/languages.yml
pl/php,.aw,linguist,secondary,PHP,https://github.com/github-linguist/linguist/blob/master/lib/linguist/languages.yml
pl/php,.ctp,linguist,secondary,PHP,https://github.com/github-linguist/linguist/blob/master/lib/linguist/languages.yml
pl/php,.fcgi,linguist,secondary,PHP,https://github.com/github-linguist/linguist/blob/master/lib/linguist/languages.yml
pl/php,.inc,linguist,secondary,PHP,https://github.com/github-linguist/linguist/blob/master/lib/linguist/languages.yml
pl/php,.php3,linguist,secondary,PHP,https://github.com/github-linguist/linguist/blob/master/lib/linguist/languages.yml
pl/php,.php4,linguist,secondary,PHP,https://github.com/github-linguist/linguist/blob/master/lib/linguist/languages.yml
pl/php,.php5,linguist,secondary,PHP,https://github.com/github-linguist/linguist/blob/master/lib/linguist/languages.yml
pl/php,.phps,linguist,secondary,PHP,https://github.com/github-linguist/linguist/blob/master/lib/linguist/languages.yml
pl/php,.phpt,linguist,secondary,PHP,https://github.com/github-linguist/linguist/blob/master/lib/linguist/languages.yml
pl/php,.php,pygments,primary,PhpLexer,pygments.lexers._mapping.LEXERS (via master CSV)
pl/php,.inc,pygments,secondary,PhpLexer,pygments.lexers._mapping.LEXERS (via master CSV)
pl/pic,.pic,linguist,primary,Pic,https://github.com/github-linguist/linguist/blob/master/lib/linguist/languages.yml
pl/pic,.chem,linguist,secondary,Pic,https://github.com/github-linguist/linguist/blob/master/lib/linguist/languages.yml
pl/pickle,.pkl,linguist,primary,Pickle,https://github.com/github-linguist/linguist/blob/master/lib/linguist/languages.yml
pl/picolisp,.l,linguist,primary,PicoLisp,https://github.com/github-linguist/linguist/blob/master/lib/linguist/languages.yml
pl/pig,.pig,pygments,primary,PigLexer,pygments.lexers._mapping.LEXERS (via master CSV)
pl/piglatin,.pig,linguist,primary,PigLatin,https://github.com/github-linguist/linguist/blob/master/lib/linguist/languages.yml
pl/piglatin,.pig,pygments,primary,PigLexer,pygments.lexers._mapping.LEXERS (via master CSV)
pl/pike,.pike,linguist,primary,Pike,https://github.com/github-linguist/linguist/blob/master/lib/linguist/languages.yml
pl/pike,.pmod,linguist,secondary,Pike,https://github.com/github-linguist/linguist/blob/master/lib/linguist/languages.yml
pl/pike,.pike,pygments,primary,PikeLexer,pygments.lexers._mapping.LEXERS (via master CSV)
pl/pike,.pmod,pygments,secondary,PikeLexer,pygments.lexers._mapping.LEXERS (via master CSV)
pl/pkgconfig,.pc,pygments,primary,PkgConfigLexer,pygments.lexers._mapping.LEXERS (via master CSV)
pl/pkl,.pkl,linguist,primary,Pkl,https://github.com/github-linguist/linguist/blob/master/lib/linguist/languages.yml
pl/plantuml,.puml,linguist,primary,PlantUML,https://github.com/github-linguist/linguist/blob/master/lib/linguist/languages.yml
pl/plantuml,.iuml,linguist,secondary,PlantUML,https://github.com/github-linguist/linguist/blob/master/lib/linguist/languages.yml
pl/plantuml,.plantuml,linguist,secondary,PlantUML,https://github.com/github-linguist/linguist/blob/master/lib/linguist/languages.yml
pl/plpgsql,.pgsql,linguist,primary,PLpgSQL,https://github.com/github-linguist/linguist/blob/master/lib/linguist/languages.yml
pl/plpgsql,.sql,linguist,secondary,PLpgSQL,https://github.com/github-linguist/linguist/blob/master/lib/linguist/languages.yml
pl/plsql,.pls,linguist,primary,PLSQL,https://github.com/github-linguist/linguist/blob/master/lib/linguist/languages.yml
pl/plsql,.bdy,linguist,secondary,PLSQL,https://github.com/github-linguist/linguist/blob/master/lib/linguist/languages.yml
pl/plsql,.ddl,linguist,secondary,PLSQL,https://github.com/github-linguist/linguist/blob/master/lib/linguist/languages.yml
pl/plsql,.fnc,linguist,secondary,PLSQL,https://github.com/github-linguist/linguist/blob/master/lib/linguist/languages.yml
pl/plsql,.pck,linguist,secondary,PLSQL,https://github.com/github-linguist/linguist/blob/master/lib/linguist/languages.yml
pl/plsql,.pkb,linguist,secondary,PLSQL,https://github.com/github-linguist/linguist/blob/master/lib/linguist/languages.yml
pl/plsql,.pks,linguist,secondary,PLSQL,https://github.com/github-linguist/linguist/blob/master/lib/linguist/languages.yml
pl/plsql,.plb,linguist,secondary,PLSQL,https://github.com/github-linguist/linguist/blob/master/lib/linguist/languages.yml
pl/plsql,.plsql,linguist,secondary,PLSQL,https://github.com/github-linguist/linguist/blob/master/lib/linguist/languages.yml
pl/plsql,.prc,linguist,secondary,PLSQL,https://github.com/github-linguist/linguist/blob/master/lib/linguist/languages.yml
pl/plsql,.spc,linguist,secondary,PLSQL,https://github.com/github-linguist/linguist/blob/master/lib/linguist/languages.yml
pl/plsql,.sql,linguist,secondary,PLSQL,https://github.com/github-linguist/linguist/blob/master/lib/linguist/languages.yml
pl/plsql,.tpb,linguist,secondary,PLSQL,https://github.com/github-linguist/linguist/blob/master/lib/linguist/languages.yml
pl/plsql,.tps,linguist,secondary,PLSQL,https://github.com/github-linguist/linguist/blob/master/lib/linguist/languages.yml
pl/plsql,.trg,linguist,secondary,PLSQL,https://github.com/github-linguist/linguist/blob/master/lib/linguist/languages.yml
pl/plsql,.vw,linguist,secondary,PLSQL,https://github.com/github-linguist/linguist/blob/master/lib/linguist/languages.yml
pl/plsql,.sql,pygments,primary,TransactSqlLexer,pygments.lexers._mapping.LEXERS (via master CSV)
pl/po,.pot,pygments,primary,GettextLexer,pygments.lexers._mapping.LEXERS (via master CSV)
pl/po,.po,pygments,secondary,GettextLexer,pygments.lexers._mapping.LEXERS (via master CSV)
pl/pod,.pod,linguist,primary,Pod,https://github.com/github-linguist/linguist/blob/master/lib/linguist/languages.yml
pl/pod-6,.pod,linguist,primary,Pod 6,https://github.com/github-linguist/linguist/blob/master/lib/linguist/languages.yml
pl/pod-6,.pod6,linguist,secondary,Pod 6,https://github.com/github-linguist/linguist/blob/master/lib/linguist/languages.yml
pl/pogoscript,.pogo,linguist,primary,PogoScript,https://github.com/github-linguist/linguist/blob/master/lib/linguist/languages.yml
pl/pointless,.ptls,pygments,primary,PointlessLexer,pygments.lexers._mapping.LEXERS (via master CSV)
pl/polar,.polar,linguist,primary,Polar,https://github.com/github-linguist/linguist/blob/master/lib/linguist/languages.yml
pl/pony,.pony,linguist,primary,Pony,https://github.com/github-linguist/linguist/blob/master/lib/linguist/languages.yml
pl/pony,.pony,pygments,primary,PonyLexer,pygments.lexers._mapping.LEXERS (via master CSV)
pl/pony-programming-language,.pony,pygments,primary,PonyLexer,pygments.lexers._mapping.LEXERS (via master CSV)
pl/portugol,.por,linguist,primary,Portugol,https://github.com/github-linguist/linguist/blob/master/lib/linguist/languages.yml
pl/portugol,.alg,pygments,primary,PortugolLexer,pygments.lexers._mapping.LEXERS (via master CSV)
pl/portugol,.portugol,pygments,secondary,PortugolLexer,pygments.lexers._mapping.LEXERS (via master CSV)
pl/postcss,.pcss,linguist,primary,PostCSS,https://github.com/github-linguist/linguist/blob/master/lib/linguist/languages.yml
pl/postcss,.postcss,linguist,secondary,PostCSS,https://github.com/github-linguist/linguist/blob/master/lib/linguist/languages.yml
pl/postscript,.ps,linguist,primary,PostScript,https://github.com/github-linguist/linguist/blob/master/lib/linguist/languages.yml
pl/postscript,.eps,linguist,secondary,PostScript,https://github.com/github-linguist/linguist/blob/master/lib/linguist/languages.yml
pl/postscript,.epsi,linguist,secondary,PostScript,https://github.com/github-linguist/linguist/blob/master/lib/linguist/languages.yml
pl/postscript,.pfa,linguist,secondary,PostScript,https://github.com/github-linguist/linguist/blob/master/lib/linguist/languages.yml
pl/postscript,.ps,pygments,primary,PostScriptLexer,pygments.lexers._mapping.LEXERS (via master CSV)
pl/postscript,.eps,pygments,secondary,PostScriptLexer,pygments.lexers._mapping.LEXERS (via master CSV)
pl/pov-ray-sdl,.pov,linguist,primary,POV-Ray SDL,https://github.com/github-linguist/linguist/blob/master/lib/linguist/languages.yml
pl/pov-ray-sdl,.inc,linguist,secondary,POV-Ray SDL,https://github.com/github-linguist/linguist/blob/master/lib/linguist/languages.yml
pl/pov-ray-sdl,.pov,pygments,primary,PovrayLexer,pygments.lexers._mapping.LEXERS (via master CSV)
pl/pov-ray-sdl,.inc,pygments,secondary,PovrayLexer,pygments.lexers._mapping.LEXERS (via master CSV)
pl/powerbuilder,.pbt,linguist,primary,PowerBuilder,https://github.com/github-linguist/linguist/blob/master/lib/linguist/languages.yml
pl/powerbuilder,.sra,linguist,secondary,PowerBuilder,https://github.com/github-linguist/linguist/blob/master/lib/linguist/languages.yml
pl/powerbuilder,.sru,linguist,secondary,PowerBuilder,https://github.com/github-linguist/linguist/blob/master/lib/linguist/languages.yml
pl/powerbuilder,.srw,linguist,secondary,PowerBuilder,https://github.com/github-linguist/linguist/blob/master/lib/linguist/languages.yml
pl/powershell,.ps1,linguist,primary,PowerShell,https://github.com/github-linguist/linguist/blob/master/lib/linguist/languages.yml
pl/powershell,.psd1,linguist,secondary,PowerShell,https://github.com/github-linguist/linguist/blob/master/lib/linguist/languages.yml
pl/powershell,.psm1,linguist,secondary,PowerShell,https://github.com/github-linguist/linguist/blob/master/lib/linguist/languages.yml
pl/powershell,.ps1,pygments,primary,PowerShellLexer,pygments.lexers._mapping.LEXERS (via master CSV)
pl/powershell,.psm1,pygments,secondary,PowerShellLexer,pygments.lexers._mapping.LEXERS (via master CSV)
pl/praat,.praat,linguist,primary,Praat,https://github.com/github-linguist/linguist/blob/master/lib/linguist/languages.yml
pl/praat,.praat,pygments,primary,PraatLexer,pygments.lexers._mapping.LEXERS (via master CSV)
pl/praat,.proc,pygments,secondary,PraatLexer,pygments.lexers._mapping.LEXERS (via master CSV)
pl/praat,.psc,pygments,secondary,PraatLexer,pygments.lexers._mapping.LEXERS (via master CSV)
pl/prisma,.prisma,linguist,primary,Prisma,https://github.com/github-linguist/linguist/blob/master/lib/linguist/languages.yml
pl/processing,.pde,linguist,primary,Processing,https://github.com/github-linguist/linguist/blob/master/lib/linguist/languages.yml
pl/procfile,.procfile,pygments,primary,ProcfileLexer,pygments.lexers._mapping.LEXERS (via master CSV)
pl/proguard,.pro,linguist,primary,Proguard,https://github.com/github-linguist/linguist/blob/master/lib/linguist/languages.yml
pl/proguard,.pro,pygments,primary,VisualPrologLexer,pygments.lexers._mapping.LEXERS (via master CSV)
pl/proguard,.cl,pygments,secondary,VisualPrologLexer,pygments.lexers._mapping.LEXERS (via master CSV)
pl/proguard,.i,pygments,secondary,VisualPrologLexer,pygments.lexers._mapping.LEXERS (via master CSV)
pl/proguard,.pack,pygments,secondary,VisualPrologLexer,pygments.lexers._mapping.LEXERS (via master CSV)
pl/proguard,.ph,pygments,secondary,VisualPrologLexer,pygments.lexers._mapping.LEXERS (via master CSV)
pl/prolog,.pl,linguist,primary,Prolog,https://github.com/github-linguist/linguist/blob/master/lib/linguist/languages.yml
pl/prolog,.plt,linguist,secondary,Prolog,https://github.com/github-linguist/linguist/blob/master/lib/linguist/languages.yml
pl/prolog,.pro,linguist,secondary,Prolog,https://github.com/github-linguist/linguist/blob/master/lib/linguist/languages.yml
pl/prolog,.prolog,linguist,secondary,Prolog,https://github.com/github-linguist/linguist/blob/master/lib/linguist/languages.yml
pl/prolog,.yap,linguist,secondary,Prolog,https://github.com/github-linguist/linguist/blob/master/lib/linguist/languages.yml
pl/prolog,.ecl,pygments,primary,PrologLexer,pygments.lexers._mapping.LEXERS (via master CSV)
pl/prolog,.prolog,pygments,secondary,PrologLexer,pygments.lexers._mapping.LEXERS (via master CSV)
pl/prolog,.pro,pygments,secondary,PrologLexer,pygments.lexers._mapping.LEXERS (via master CSV)
pl/prolog,.pl,pygments,secondary,PrologLexer,pygments.lexers._mapping.LEXERS (via master CSV)
pl/promela,.pml,linguist,primary,Promela,https://github.com/github-linguist/linguist/blob/master/lib/linguist/languages.yml
pl/promela,.pml,pygments,primary,PromelaLexer,pygments.lexers._mapping.LEXERS (via master CSV)
pl/promela,.prom,pygments,secondary,PromelaLexer,pygments.lexers._mapping.LEXERS (via master CSV)
pl/promela,.prm,pygments,secondary,PromelaLexer,pygments.lexers._mapping.LEXERS (via master CSV)
pl/promela,.promela,pygments,secondary,PromelaLexer,pygments.lexers._mapping.LEXERS (via master CSV)
pl/promela,.pr,pygments,secondary,PromelaLexer,pygments.lexers._mapping.LEXERS (via master CSV)
pl/promela,.pm,pygments,secondary,PromelaLexer,pygments.lexers._mapping.LEXERS (via master CSV)
pl/promql,.promql,pygments,primary,PromQLLexer,pygments.lexers._mapping.LEXERS (via master CSV)
pl/propeller-spin,.spin,linguist,primary,Propeller Spin,https://github.com/github-linguist/linguist/blob/master/lib/linguist/languages.yml
pl/protobuf,.proto,pygments,primary,ProtoBufLexer,pygments.lexers._mapping.LEXERS (via master CSV)
pl/protocol-buffer,.proto,linguist,primary,Protocol Buffer,https://github.com/github-linguist/linguist/blob/master/lib/linguist/languages.yml
pl/protocol-buffer,.proto,pygments,primary,ProtoBufLexer,pygments.lexers._mapping.LEXERS (via master CSV)
pl/protocol-buffer-text-format,.textproto,linguist,primary,Protocol Buffer Text Format,https://github.com/github-linguist/linguist/blob/master/lib/linguist/languages.yml
pl/protocol-buffer-text-format,.pbt,linguist,secondary,Protocol Buffer Text Format,https://github.com/github-linguist/linguist/blob/master/lib/linguist/languages.yml
pl/protocol-buffer-text-format,.pbtxt,linguist,secondary,Protocol Buffer Text Format,https://github.com/github-linguist/linguist/blob/master/lib/linguist/languages.yml
pl/prql,.prql,pygments,primary,PrqlLexer,pygments.lexers._mapping.LEXERS (via master CSV)
pl/ptx,.ptx,pygments,primary,PtxLexer,pygments.lexers._mapping.LEXERS (via master CSV)
pl/public-key,.asc,linguist,primary,Public Key,https://github.com/github-linguist/linguist/blob/master/lib/linguist/languages.yml
pl/public-key,.pub,linguist,secondary,Public Key,https://github.com/github-linguist/linguist/blob/master/lib/linguist/languages.yml
pl/public-key,.asc,pygments,primary,AscLexer,pygments.lexers._mapping.LEXERS (via master CSV)
pl/public-key,.pem,pygments,secondary,AscLexer,pygments.lexers._mapping.LEXERS (via master CSV)
pl/public-key,.id_dsa,pygments,secondary,AscLexer,pygments.lexers._mapping.LEXERS (via master CSV)
pl/public-key,.id_ecdsa,pygments,secondary,AscLexer,pygments.lexers._mapping.LEXERS (via master CSV)
pl/public-key,.id_ecdsa_sk,pygments,secondary,AscLexer,pygments.lexers._mapping.LEXERS (via master CSV)
pl/public-key,.id_ed25519,pygments,secondary,AscLexer,pygments.lexers._mapping.LEXERS (via master CSV)
pl/public-key,.id_rsa,pygments,secondary,AscLexer,pygments.lexers._mapping.LEXERS (via master CSV)
pl/pug,.jade,linguist,primary,Pug,https://github.com/github-linguist/linguist/blob/master/lib/linguist/languages.yml
pl/pug,.pug,linguist,secondary,Pug,https://github.com/github-linguist/linguist/blob/master/lib/linguist/languages.yml
pl/pug,.pug,pygments,primary,PugLexer,pygments.lexers._mapping.LEXERS (via master CSV)
pl/pug,.jade,pygments,secondary,PugLexer,pygments.lexers._mapping.LEXERS (via master CSV)
pl/puppet,.pp,linguist,primary,Puppet,https://github.com/github-linguist/linguist/blob/master/lib/linguist/languages.yml
pl/puppet,.pp,pygments,primary,PuppetLexer,pygments.lexers._mapping.LEXERS (via master CSV)
pl/pure-data,.pd,linguist,primary,Pure Data,https://github.com/github-linguist/linguist/blob/master/lib/linguist/languages.yml
pl/purebasic,.pb,linguist,primary,PureBasic,https://github.com/github-linguist/linguist/blob/master/lib/linguist/languages.yml
pl/purebasic,.pbi,linguist,secondary,PureBasic,https://github.com/github-linguist/linguist/blob/master/lib/linguist/languages.yml
pl/purescript,.purs,linguist,primary,PureScript,https://github.com/github-linguist/linguist/blob/master/lib/linguist/languages.yml
pl/py,.py,pygments,primary,PythonLexer,pygments.lexers._mapping.LEXERS (via master CSV)
pl/py,.pyw,pygments,secondary,PythonLexer,pygments.lexers._mapping.LEXERS (via master CSV)
pl/py,.pyi,pygments,secondary,PythonLexer,pygments.lexers._mapping.LEXERS (via master CSV)
pl/py,.jy,pygments,secondary,PythonLexer,pygments.lexers._mapping.LEXERS (via master CSV)
pl/py,.sage,pygments,secondary,PythonLexer,pygments.lexers._mapping.LEXERS (via master CSV)
pl/py,.sc,pygments,secondary,PythonLexer,pygments.lexers._mapping.LEXERS (via master CSV)
pl/py,.sconstruct,pygments,secondary,PythonLexer,pygments.lexers._mapping.LEXERS (via master CSV)
pl/py,.sconscript,pygments,secondary,PythonLexer,pygments.lexers._mapping.LEXERS (via master CSV)
pl/py,.bzl,pygments,secondary,PythonLexer,pygments.lexers._mapping.LEXERS (via master CSV)
pl/py,.buck,pygments,secondary,PythonLexer,pygments.lexers._mapping.LEXERS (via master CSV)
pl/py,.build,pygments,secondary,PythonLexer,pygments.lexers._mapping.LEXERS (via master CSV)
pl/py,.workspace,pygments,secondary,PythonLexer,pygments.lexers._mapping.LEXERS (via master CSV)
pl/py,.tac,pygments,secondary,PythonLexer,pygments.lexers._mapping.LEXERS (via master CSV)
pl/pyret,.arr,linguist,primary,Pyret,https://github.com/github-linguist/linguist/blob/master/lib/linguist/languages.yml
pl/pyrex,.pyx,pygments,primary,CythonLexer,pygments.lexers._mapping.LEXERS (via master CSV)
pl/pyrex,.pxd,pygments,secondary,CythonLexer,pygments.lexers._mapping.LEXERS (via master CSV)
pl/pyrex,.pxi,pygments,secondary,CythonLexer,pygments.lexers._mapping.LEXERS (via master CSV)
pl/python,.py,linguist,primary,Python,https://github.com/github-linguist/linguist/blob/master/lib/linguist/languages.yml
pl/python,.cgi,linguist,secondary,Python,https://github.com/github-linguist/linguist/blob/master/lib/linguist/languages.yml
pl/python,.fcgi,linguist,secondary,Python,https://github.com/github-linguist/linguist/blob/master/lib/linguist/languages.yml
pl/python,.gyp,linguist,secondary,Python,https://github.com/github-linguist/linguist/blob/master/lib/linguist/languages.yml
pl/python,.gypi,linguist,secondary,Python,https://github.com/github-linguist/linguist/blob/master/lib/linguist/languages.yml
pl/python,.lmi,linguist,secondary,Python,https://github.com/github-linguist/linguist/blob/master/lib/linguist/languages.yml
pl/python,.py3,linguist,secondary,Python,https://github.com/github-linguist/linguist/blob/master/lib/linguist/languages.yml
pl/python,.pyde,linguist,secondary,Python,https://github.com/github-linguist/linguist/blob/master/lib/linguist/languages.yml
pl/python,.pyi,linguist,secondary,Python,https://github.com/github-linguist/linguist/blob/master/lib/linguist/languages.yml
pl/python,.pyp,linguist,secondary,Python,https://github.com/github-linguist/linguist/blob/master/lib/linguist/languages.yml
pl/python,.pyt,linguist,secondary,Python,https://github.com/github-linguist/linguist/blob/master/lib/linguist/languages.yml
pl/python,.pyw,linguist,secondary,Python,https://github.com/github-linguist/linguist/blob/master/lib/linguist/languages.yml
pl/python,.rpy,linguist,secondary,Python,https://github.com/github-linguist/linguist/blob/master/lib/linguist/languages.yml
pl/python,.spec,linguist,secondary,Python,https://github.com/github-linguist/linguist/blob/master/lib/linguist/languages.yml
pl/python,.tac,linguist,secondary,Python,https://github.com/github-linguist/linguist/blob/master/lib/linguist/languages.yml
pl/python,.wsgi,linguist,secondary,Python,https://github.com/github-linguist/linguist/blob/master/lib/linguist/languages.yml
pl/python,.xpy,linguist,secondary,Python,https://github.com/github-linguist/linguist/blob/master/lib/linguist/languages.yml
pl/python,.py,pygments,primary,PythonLexer,pygments.lexers._mapping.LEXERS (via master CSV)
pl/python,.pyw,pygments,secondary,PythonLexer,pygments.lexers._mapping.LEXERS (via master CSV)
pl/python,.pyi,pygments,secondary,PythonLexer,pygments.lexers._mapping.LEXERS (via master CSV)
pl/python,.jy,pygments,secondary,PythonLexer,pygments.lexers._mapping.LEXERS (via master CSV)
pl/python,.sage,pygments,secondary,PythonLexer,pygments.lexers._mapping.LEXERS (via master CSV)
pl/python,.sc,pygments,secondary,PythonLexer,pygments.lexers._mapping.LEXERS (via master CSV)
pl/python,.sconstruct,pygments,secondary,PythonLexer,pygments.lexers._mapping.LEXERS (via master CSV)
pl/python,.sconscript,pygments,secondary,PythonLexer,pygments.lexers._mapping.LEXERS (via master CSV)
pl/python,.bzl,pygments,secondary,PythonLexer,pygments.lexers._mapping.LEXERS (via master CSV)
pl/python,.buck,pygments,secondary,PythonLexer,pygments.lexers._mapping.LEXERS (via master CSV)
pl/python,.build,pygments,secondary,PythonLexer,pygments.lexers._mapping.LEXERS (via master CSV)
pl/python,.workspace,pygments,secondary,PythonLexer,pygments.lexers._mapping.LEXERS (via master CSV)
pl/python,.tac,pygments,secondary,PythonLexer,pygments.lexers._mapping.LEXERS (via master CSV)
pl/python-programming-language,.py,pygments,primary,PythonLexer,pygments.lexers._mapping.LEXERS (via master CSV)
pl/python-programming-language,.pyw,pygments,secondary,PythonLexer,pygments.lexers._mapping.LEXERS (via master CSV)
pl/python-programming-language,.pyi,pygments,secondary,PythonLexer,pygments.lexers._mapping.LEXERS (via master CSV)
pl/python-programming-language,.jy,pygments,secondary,PythonLexer,pygments.lexers._mapping.LEXERS (via master CSV)
pl/python-programming-language,.sage,pygments,secondary,PythonLexer,pygments.lexers._mapping.LEXERS (via master CSV)
pl/python-programming-language,.sc,pygments,secondary,PythonLexer,pygments.lexers._mapping.LEXERS (via master CSV)
pl/python-programming-language,.sconstruct,pygments,secondary,PythonLexer,pygments.lexers._mapping.LEXERS (via master CSV)
pl/python-programming-language,.sconscript,pygments,secondary,PythonLexer,pygments.lexers._mapping.LEXERS (via master CSV)
pl/python-programming-language,.bzl,pygments,secondary,PythonLexer,pygments.lexers._mapping.LEXERS (via master CSV)
pl/python-programming-language,.buck,pygments,secondary,PythonLexer,pygments.lexers._mapping.LEXERS (via master CSV)
pl/python-programming-language,.build,pygments,secondary,PythonLexer,pygments.lexers._mapping.LEXERS (via master CSV)
pl/python-programming-language,.workspace,pygments,secondary,PythonLexer,pygments.lexers._mapping.LEXERS (via master CSV)
pl/python-programming-language,.tac,pygments,secondary,PythonLexer,pygments.lexers._mapping.LEXERS (via master CSV)
pl/python-traceback,.pytb,linguist,primary,Python traceback,https://github.com/github-linguist/linguist/blob/master/lib/linguist/languages.yml
pl/python-traceback,.pytb,pygments,primary,PythonTracebackLexer,pygments.lexers._mapping.LEXERS (via master CSV)
pl/python-traceback,.py3tb,pygments,secondary,PythonTracebackLexer,pygments.lexers._mapping.LEXERS (via master CSV)
pl/q-3,.q,linguist,primary,q,https://github.com/github-linguist/linguist/blob/master/lib/linguist/languages.yml
pl/q-3,.q,pygments,primary,QLexer,pygments.lexers._mapping.LEXERS (via master CSV)
pl/q-sharp,.qs,linguist,primary,Q#,https://github.com/github-linguist/linguist/blob/master/lib/linguist/languages.yml
pl/qbasic,.bas,pygments,primary,QBasicLexer,pygments.lexers._mapping.LEXERS (via master CSV)
pl/qmake,.pro,linguist,primary,QMake,https://github.com/github-linguist/linguist/blob/master/lib/linguist/languages.yml
pl/qmake,.pri,linguist,secondary,QMake,https://github.com/github-linguist/linguist/blob/master/lib/linguist/languages.yml
pl/qmake,.pro,pygments,primary,VisualPrologLexer,pygments.lexers._mapping.LEXERS (via master CSV)
pl/qmake,.cl,pygments,secondary,VisualPrologLexer,pygments.lexers._mapping.LEXERS (via master CSV)
pl/qmake,.i,pygments,secondary,VisualPrologLexer,pygments.lexers._mapping.LEXERS (via master CSV)
pl/qmake,.pack,pygments,secondary,VisualPrologLexer,pygments.lexers._mapping.LEXERS (via master CSV)
pl/qmake,.ph,pygments,secondary,VisualPrologLexer,pygments.lexers._mapping.LEXERS (via master CSV)
pl/qml,.qml,linguist,primary,QML,https://github.com/github-linguist/linguist/blob/master/lib/linguist/languages.yml
pl/qml,.qbs,linguist,secondary,QML,https://github.com/github-linguist/linguist/blob/master/lib/linguist/languages.yml
pl/qml,.qml,pygments,primary,QmlLexer,pygments.lexers._mapping.LEXERS (via master CSV)
pl/qml,.qbs,pygments,secondary,QmlLexer,pygments.lexers._mapping.LEXERS (via master CSV)
pl/qt-script,.qs,linguist,primary,Qt Script,https://github.com/github-linguist/linguist/blob/master/lib/linguist/languages.yml
pl/quakec,.qc,linguist,primary,QuakeC,https://github.com/github-linguist/linguist/blob/master/lib/linguist/languages.yml
pl/quickbasic,.bas,linguist,primary,QuickBASIC,https://github.com/github-linguist/linguist/blob/master/lib/linguist/languages.yml
pl/quickbasic,.bi,linguist,secondary,QuickBASIC,https://github.com/github-linguist/linguist/blob/master/lib/linguist/languages.yml
pl/quickbasic,.vb,pygments,primary,VbNetLexer,pygments.lexers._mapping.LEXERS (via master CSV)
pl/quickbasic,.bas,pygments,secondary,VbNetLexer,pygments.lexers._mapping.LEXERS (via master CSV)
pl/r,.r,linguist,primary,R,https://github.com/github-linguist/linguist/blob/master/lib/linguist/languages.yml
pl/r,.rd,linguist,secondary,R,https://github.com/github-linguist/linguist/blob/master/lib/linguist/languages.yml
pl/r,.rsx,linguist,secondary,R,https://github.com/github-linguist/linguist/blob/master/lib/linguist/languages.yml
pl/r,.s,pygments,primary,SLexer,pygments.lexers._mapping.LEXERS (via master CSV)
pl/r,.r,pygments,secondary,SLexer,pygments.lexers._mapping.LEXERS (via master CSV)
pl/r,.rhistory,pygments,secondary,SLexer,pygments.lexers._mapping.LEXERS (via master CSV)
pl/r,.rprofile,pygments,secondary,SLexer,pygments.lexers._mapping.LEXERS (via master CSV)
pl/r,.renviron,pygments,secondary,SLexer,pygments.lexers._mapping.LEXERS (via master CSV)
pl/r-programming-language,.s,pygments,primary,SLexer,pygments.lexers._mapping.LEXERS (via master CSV)
pl/r-programming-language,.r,pygments,secondary,SLexer,pygments.lexers._mapping.LEXERS (via master CSV)
pl/r-programming-language,.rhistory,pygments,secondary,SLexer,pygments.lexers._mapping.LEXERS (via master CSV)
pl/r-programming-language,.rprofile,pygments,secondary,SLexer,pygments.lexers._mapping.LEXERS (via master CSV)
pl/r-programming-language,.renviron,pygments,secondary,SLexer,pygments.lexers._mapping.LEXERS (via master CSV)
pl/racket,.rkt,linguist,primary,Racket,https://github.com/github-linguist/linguist/blob/master/lib/linguist/languages.yml
pl/racket,.rktd,linguist,secondary,Racket,https://github.com/github-linguist/linguist/blob/master/lib/linguist/languages.yml
pl/racket,.rktl,linguist,secondary,Racket,https://github.com/github-linguist/linguist/blob/master/lib/linguist/languages.yml
pl/racket,.scrbl,linguist,secondary,Racket,https://github.com/github-linguist/linguist/blob/master/lib/linguist/languages.yml
pl/racket,.rkt,pygments,primary,RacketLexer,pygments.lexers._mapping.LEXERS (via master CSV)
pl/racket,.rktd,pygments,secondary,RacketLexer,pygments.lexers._mapping.LEXERS (via master CSV)
pl/racket,.rktl,pygments,secondary,RacketLexer,pygments.lexers._mapping.LEXERS (via master CSV)
pl/ragel,.rl,linguist,primary,Ragel,https://github.com/github-linguist/linguist/blob/master/lib/linguist/languages.yml
pl/raku,.6pl,linguist,primary,Raku,https://github.com/github-linguist/linguist/blob/master/lib/linguist/languages.yml
pl/raku,.6pm,linguist,secondary,Raku,https://github.com/github-linguist/linguist/blob/master/lib/linguist/languages.yml
pl/raku,.nqp,linguist,secondary,Raku,https://github.com/github-linguist/linguist/blob/master/lib/linguist/languages.yml
pl/raku,.p6,linguist,secondary,Raku,https://github.com/github-linguist/linguist/blob/master/lib/linguist/languages.yml
pl/raku,.p6l,linguist,secondary,Raku,https://github.com/github-linguist/linguist/blob/master/lib/linguist/languages.yml
pl/raku,.p6m,linguist,secondary,Raku,https://github.com/github-linguist/linguist/blob/master/lib/linguist/languages.yml
pl/raku,.pl,linguist,secondary,Raku,https://github.com/github-linguist/linguist/blob/master/lib/linguist/languages.yml
pl/raku,.pl6,linguist,secondary,Raku,https://github.com/github-linguist/linguist/blob/master/lib/linguist/languages.yml
pl/raku,.pm,linguist,secondary,Raku,https://github.com/github-linguist/linguist/blob/master/lib/linguist/languages.yml
pl/raku,.pm6,linguist,secondary,Raku,https://github.com/github-linguist/linguist/blob/master/lib/linguist/languages.yml
pl/raku,.raku,linguist,secondary,Raku,https://github.com/github-linguist/linguist/blob/master/lib/linguist/languages.yml
pl/raku,.rakumod,linguist,secondary,Raku,https://github.com/github-linguist/linguist/blob/master/lib/linguist/languages.yml
pl/raku,.t,linguist,secondary,Raku,https://github.com/github-linguist/linguist/blob/master/lib/linguist/languages.yml
pl/raku,.pl,pygments,primary,Perl6Lexer,pygments.lexers._mapping.LEXERS (via master CSV)
pl/raku,.pm,pygments,secondary,Perl6Lexer,pygments.lexers._mapping.LEXERS (via master CSV)
pl/raku,.nqp,pygments,secondary,Perl6Lexer,pygments.lexers._mapping.LEXERS (via master CSV)
pl/raku,.p6,pygments,secondary,Perl6Lexer,pygments.lexers._mapping.LEXERS (via master CSV)
pl/raku,.6pl,pygments,secondary,Perl6Lexer,pygments.lexers._mapping.LEXERS (via master CSV)
pl/raku,.p6l,pygments,secondary,Perl6Lexer,pygments.lexers._mapping.LEXERS (via master CSV)
pl/raku,.pl6,pygments,secondary,Perl6Lexer,pygments.lexers._mapping.LEXERS (via master CSV)
pl/raku,.6pm,pygments,secondary,Perl6Lexer,pygments.lexers._mapping.LEXERS (via master CSV)
pl/raku,.p6m,pygments,secondary,Perl6Lexer,pygments.lexers._mapping.LEXERS (via master CSV)
pl/raku,.pm6,pygments,secondary,Perl6Lexer,pygments.lexers._mapping.LEXERS (via master CSV)
pl/raku,.t,pygments,secondary,Perl6Lexer,pygments.lexers._mapping.LEXERS (via master CSV)
pl/raku,.raku,pygments,secondary,Perl6Lexer,pygments.lexers._mapping.LEXERS (via master CSV)
pl/raku,.rakumod,pygments,secondary,Perl6Lexer,pygments.lexers._mapping.LEXERS (via master CSV)
pl/raku,.rakutest,pygments,secondary,Perl6Lexer,pygments.lexers._mapping.LEXERS (via master CSV)
pl/raku,.rakudoc,pygments,secondary,Perl6Lexer,pygments.lexers._mapping.LEXERS (via master CSV)
pl/raku-programming-language,.pl,pygments,primary,Perl6Lexer,pygments.lexers._mapping.LEXERS (via master CSV)
pl/raku-programming-language,.pm,pygments,secondary,Perl6Lexer,pygments.lexers._mapping.LEXERS (via master CSV)
pl/raku-programming-language,.nqp,pygments,secondary,Perl6Lexer,pygments.lexers._mapping.LEXERS (via master CSV)
pl/raku-programming-language,.p6,pygments,secondary,Perl6Lexer,pygments.lexers._mapping.LEXERS (via master CSV)
pl/raku-programming-language,.6pl,pygments,secondary,Perl6Lexer,pygments.lexers._mapping.LEXERS (via master CSV)
pl/raku-programming-language,.p6l,pygments,secondary,Perl6Lexer,pygments.lexers._mapping.LEXERS (via master CSV)
pl/raku-programming-language,.pl6,pygments,secondary,Perl6Lexer,pygments.lexers._mapping.LEXERS (via master CSV)
pl/raku-programming-language,.6pm,pygments,secondary,Perl6Lexer,pygments.lexers._mapping.LEXERS (via master CSV)
pl/raku-programming-language,.p6m,pygments,secondary,Perl6Lexer,pygments.lexers._mapping.LEXERS (via master CSV)
pl/raku-programming-language,.pm6,pygments,secondary,Perl6Lexer,pygments.lexers._mapping.LEXERS (via master CSV)
pl/raku-programming-language,.t,pygments,secondary,Perl6Lexer,pygments.lexers._mapping.LEXERS (via master CSV)
pl/raku-programming-language,.raku,pygments,secondary,Perl6Lexer,pygments.lexers._mapping.LEXERS (via master CSV)
pl/raku-programming-language,.rakumod,pygments,secondary,Perl6Lexer,pygments.lexers._mapping.LEXERS (via master CSV)
pl/raku-programming-language,.rakutest,pygments,secondary,Perl6Lexer,pygments.lexers._mapping.LEXERS (via master CSV)
pl/raku-programming-language,.rakudoc,pygments,secondary,Perl6Lexer,pygments.lexers._mapping.LEXERS (via master CSV)
pl/raml,.raml,linguist,primary,RAML,https://github.com/github-linguist/linguist/blob/master/lib/linguist/languages.yml
pl/rascal,.rsc,linguist,primary,Rascal,https://github.com/github-linguist/linguist/blob/master/lib/linguist/languages.yml
pl/rascript,.rascript,linguist,primary,RAScript,https://github.com/github-linguist/linguist/blob/master/lib/linguist/languages.yml
pl/raw-token-data,.raw,linguist,primary,Raw token data,https://github.com/github-linguist/linguist/blob/master/lib/linguist/languages.yml
pl/rbs,.rbs,linguist,primary,RBS,https://github.com/github-linguist/linguist/blob/master/lib/linguist/languages.yml
pl/rdoc,.rdoc,linguist,primary,RDoc,https://github.com/github-linguist/linguist/blob/master/lib/linguist/languages.yml
pl/realbasic,.rbbas,linguist,primary,REALbasic,https://github.com/github-linguist/linguist/blob/master/lib/linguist/languages.yml
pl/realbasic,.rbfrm,linguist,secondary,REALbasic,https://github.com/github-linguist/linguist/blob/master/lib/linguist/languages.yml
pl/realbasic,.rbmnu,linguist,secondary,REALbasic,https://github.com/github-linguist/linguist/blob/master/lib/linguist/languages.yml
pl/realbasic,.rbres,linguist,secondary,REALbasic,https://github.com/github-linguist/linguist/blob/master/lib/linguist/languages.yml
pl/realbasic,.rbtbar,linguist,secondary,REALbasic,https://github.com/github-linguist/linguist/blob/master/lib/linguist/languages.yml
pl/realbasic,.rbuistate,linguist,secondary,REALbasic,https://github.com/github-linguist/linguist/blob/master/lib/linguist/languages.yml
pl/reason,.re,linguist,primary,Reason,https://github.com/github-linguist/linguist/blob/master/lib/linguist/languages.yml
pl/reason,.rei,linguist,secondary,Reason,https://github.com/github-linguist/linguist/blob/master/lib/linguist/languages.yml
pl/reason,.re,pygments,primary,ReasonLexer,pygments.lexers._mapping.LEXERS (via master CSV)
pl/reason,.rei,pygments,secondary,ReasonLexer,pygments.lexers._mapping.LEXERS (via master CSV)
pl/reasonligo,.religo,linguist,primary,ReasonLIGO,https://github.com/github-linguist/linguist/blob/master/lib/linguist/languages.yml
pl/rebol,.reb,linguist,primary,Rebol,https://github.com/github-linguist/linguist/blob/master/lib/linguist/languages.yml
pl/rebol,.r,linguist,secondary,Rebol,https://github.com/github-linguist/linguist/blob/master/lib/linguist/languages.yml
pl/rebol,.r2,linguist,secondary,Rebol,https://github.com/github-linguist/linguist/blob/master/lib/linguist/languages.yml
pl/rebol,.r3,linguist,secondary,Rebol,https://github.com/github-linguist/linguist/blob/master/lib/linguist/languages.yml
pl/rebol,.rebol,linguist,secondary,Rebol,https://github.com/github-linguist/linguist/blob/master/lib/linguist/languages.yml
pl/rebol,.r,pygments,primary,RebolLexer,pygments.lexers._mapping.LEXERS (via master CSV)
pl/rebol,.r3,pygments,secondary,RebolLexer,pygments.lexers._mapping.LEXERS (via master CSV)
pl/rebol,.reb,pygments,secondary,RebolLexer,pygments.lexers._mapping.LEXERS (via master CSV)
pl/red,.red,linguist,primary,Red,https://github.com/github-linguist/linguist/blob/master/lib/linguist/languages.yml
pl/red,.reds,linguist,secondary,Red,https://github.com/github-linguist/linguist/blob/master/lib/linguist/languages.yml
pl/red,.red,pygments,primary,RedLexer,pygments.lexers._mapping.LEXERS (via master CSV)
pl/red,.reds,pygments,secondary,RedLexer,pygments.lexers._mapping.LEXERS (via master CSV)
pl/red-programming-language,.red,pygments,primary,RedLexer,pygments.lexers._mapping.LEXERS (via master CSV)
pl/red-programming-language,.reds,pygments,secondary,RedLexer,pygments.lexers._mapping.LEXERS (via master CSV)
pl/redcode,.cw,linguist,primary,Redcode,https://github.com/github-linguist/linguist/blob/master/lib/linguist/languages.yml
pl/redcode,.cw,pygments,primary,RedcodeLexer,pygments.lexers._mapping.LEXERS (via master CSV)
pl/regular-expression,.regexp,linguist,primary,Regular Expression,https://github.com/github-linguist/linguist/blob/master/lib/linguist/languages.yml
pl/regular-expression,.regex,linguist,secondary,Regular Expression,https://github.com/github-linguist/linguist/blob/master/lib/linguist/languages.yml
pl/renpy,.rpy,linguist,primary,Ren'Py,https://github.com/github-linguist/linguist/blob/master/lib/linguist/languages.yml
pl/renderscript,.rs,linguist,primary,RenderScript,https://github.com/github-linguist/linguist/blob/master/lib/linguist/languages.yml
pl/renderscript,.rsh,linguist,secondary,RenderScript,https://github.com/github-linguist/linguist/blob/master/lib/linguist/languages.yml
pl/renderscript,.rs,pygments,primary,RustLexer,pygments.lexers._mapping.LEXERS (via master CSV)
pl/rescript,.res,linguist,primary,ReScript,https://github.com/github-linguist/linguist/blob/master/lib/linguist/languages.yml
pl/rescript,.resi,linguist,secondary,ReScript,https://github.com/github-linguist/linguist/blob/master/lib/linguist/languages.yml
pl/rest,.rst,pygments,primary,RstLexer,pygments.lexers._mapping.LEXERS (via master CSV)
pl/rest,.rest,pygments,secondary,RstLexer,pygments.lexers._mapping.LEXERS (via master CSV)
pl/restructuredtext,.rst,linguist,primary,reStructuredText,https://github.com/github-linguist/linguist/blob/master/lib/linguist/languages.yml
pl/restructuredtext,.rest,linguist,secondary,reStructuredText,https://github.com/github-linguist/linguist/blob/master/lib/linguist/languages.yml
pl/restructuredtext,.rst,pygments,primary,RstLexer,pygments.lexers._mapping.LEXERS (via master CSV)
pl/restructuredtext,.rest,pygments,secondary,RstLexer,pygments.lexers._mapping.LEXERS (via master CSV)
pl/rexx,.rexx,linguist,primary,REXX,https://github.com/github-linguist/linguist/blob/master/lib/linguist/languages.yml
pl/rexx,.pprx,linguist,secondary,REXX,https://github.com/github-linguist/linguist/blob/master/lib/linguist/languages.yml
pl/rexx,.rex,linguist,secondary,REXX,https://github.com/github-linguist/linguist/blob/master/lib/linguist/languages.yml
pl/rexx,.rexx,pygments,primary,RexxLexer,pygments.lexers._mapping.LEXERS (via master CSV)
pl/rexx,.rex,pygments,secondary,RexxLexer,pygments.lexers._mapping.LEXERS (via master CSV)
pl/rexx,.rx,pygments,secondary,RexxLexer,pygments.lexers._mapping.LEXERS (via master CSV)
pl/rexx,.arexx,pygments,secondary,RexxLexer,pygments.lexers._mapping.LEXERS (via master CSV)
pl/rez,.r,linguist,primary,Rez,https://github.com/github-linguist/linguist/blob/master/lib/linguist/languages.yml
pl/rhtml,.rhtml,pygments,primary,RhtmlLexer,pygments.lexers._mapping.LEXERS (via master CSV)
pl/rich-text-format,.rtf,linguist,primary,Rich Text Format,https://github.com/github-linguist/linguist/blob/master/lib/linguist/languages.yml
pl/ring,.ring,linguist,primary,Ring,https://github.com/github-linguist/linguist/blob/master/lib/linguist/languages.yml
pl/riot,.riot,linguist,primary,Riot,https://github.com/github-linguist/linguist/blob/master/lib/linguist/languages.yml
pl/rita,.rita,pygments,primary,RitaLexer,pygments.lexers._mapping.LEXERS (via master CSV)
pl/rmarkdown,.qmd,linguist,primary,RMarkdown,https://github.com/github-linguist/linguist/blob/master/lib/linguist/languages.yml
pl/rmarkdown,.rmd,linguist,secondary,RMarkdown,https://github.com/github-linguist/linguist/blob/master/lib/linguist/languages.yml
pl/robotframework,.robot,linguist,primary,RobotFramework,https://github.com/github-linguist/linguist/blob/master/lib/linguist/languages.yml
pl/robotframework,.resource,linguist,secondary,RobotFramework,https://github.com/github-linguist/linguist/blob/master/lib/linguist/languages.yml
pl/robotframework,.robot,pygments,primary,RobotFrameworkLexer,pygments.lexers._mapping.LEXERS (via master CSV)
pl/robotframework,.resource,pygments,secondary,RobotFrameworkLexer,pygments.lexers._mapping.LEXERS (via master CSV)
pl/roc,.roc,linguist,primary,Roc,https://github.com/github-linguist/linguist/blob/master/lib/linguist/languages.yml
pl/rocq-prover,.v,linguist,primary,Rocq Prover,https://github.com/github-linguist/linguist/blob/master/lib/linguist/languages.yml
pl/rocq-prover,.coq,linguist,secondary,Rocq Prover,https://github.com/github-linguist/linguist/blob/master/lib/linguist/languages.yml
pl/rocq-prover,.v,pygments,primary,CoqLexer,pygments.lexers._mapping.LEXERS (via master CSV)
pl/roff,.roff,linguist,primary,Roff,https://github.com/github-linguist/linguist/blob/master/lib/linguist/languages.yml
pl/roff,.1,linguist,secondary,Roff,https://github.com/github-linguist/linguist/blob/master/lib/linguist/languages.yml
pl/roff,.1in,linguist,secondary,Roff,https://github.com/github-linguist/linguist/blob/master/lib/linguist/languages.yml
pl/roff,.1m,linguist,secondary,Roff,https://github.com/github-linguist/linguist/blob/master/lib/linguist/languages.yml
pl/roff,.1x,linguist,secondary,Roff,https://github.com/github-linguist/linguist/blob/master/lib/linguist/languages.yml
pl/roff,.2,linguist,secondary,Roff,https://github.com/github-linguist/linguist/blob/master/lib/linguist/languages.yml
pl/roff,.3,linguist,secondary,Roff,https://github.com/github-linguist/linguist/blob/master/lib/linguist/languages.yml
pl/roff,.3in,linguist,secondary,Roff,https://github.com/github-linguist/linguist/blob/master/lib/linguist/languages.yml
pl/roff,.3m,linguist,secondary,Roff,https://github.com/github-linguist/linguist/blob/master/lib/linguist/languages.yml
pl/roff,.3p,linguist,secondary,Roff,https://github.com/github-linguist/linguist/blob/master/lib/linguist/languages.yml
pl/roff,.3pm,linguist,secondary,Roff,https://github.com/github-linguist/linguist/blob/master/lib/linguist/languages.yml
pl/roff,.3qt,linguist,secondary,Roff,https://github.com/github-linguist/linguist/blob/master/lib/linguist/languages.yml
pl/roff,.3x,linguist,secondary,Roff,https://github.com/github-linguist/linguist/blob/master/lib/linguist/languages.yml
pl/roff,.4,linguist,secondary,Roff,https://github.com/github-linguist/linguist/blob/master/lib/linguist/languages.yml
pl/roff,.5,linguist,secondary,Roff,https://github.com/github-linguist/linguist/blob/master/lib/linguist/languages.yml
pl/roff,.6,linguist,secondary,Roff,https://github.com/github-linguist/linguist/blob/master/lib/linguist/languages.yml
pl/roff,.7,linguist,secondary,Roff,https://github.com/github-linguist/linguist/blob/master/lib/linguist/languages.yml
pl/roff,.8,linguist,secondary,Roff,https://github.com/github-linguist/linguist/blob/master/lib/linguist/languages.yml
pl/roff,.9,linguist,secondary,Roff,https://github.com/github-linguist/linguist/blob/master/lib/linguist/languages.yml
pl/roff,.l,linguist,secondary,Roff,https://github.com/github-linguist/linguist/blob/master/lib/linguist/languages.yml
pl/roff,.man,linguist,secondary,Roff,https://github.com/github-linguist/linguist/blob/master/lib/linguist/languages.yml
pl/roff,.mdoc,linguist,secondary,Roff,https://github.com/github-linguist/linguist/blob/master/lib/linguist/languages.yml
pl/roff,.me,linguist,secondary,Roff,https://github.com/github-linguist/linguist/blob/master/lib/linguist/languages.yml
pl/roff,.ms,linguist,secondary,Roff,https://github.com/github-linguist/linguist/blob/master/lib/linguist/languages.yml
pl/roff,.n,linguist,secondary,Roff,https://github.com/github-linguist/linguist/blob/master/lib/linguist/languages.yml
pl/roff,.nr,linguist,secondary,Roff,https://github.com/github-linguist/linguist/blob/master/lib/linguist/languages.yml
pl/roff,.rno,linguist,secondary,Roff,https://github.com/github-linguist/linguist/blob/master/lib/linguist/languages.yml
pl/roff,.tmac,linguist,secondary,Roff,https://github.com/github-linguist/linguist/blob/master/lib/linguist/languages.yml
pl/roff,.man,pygments,primary,GroffLexer,pygments.lexers._mapping.LEXERS (via master CSV)
pl/roff,.1p,pygments,secondary,GroffLexer,pygments.lexers._mapping.LEXERS (via master CSV)
pl/roff,.3pm,pygments,secondary,GroffLexer,pygments.lexers._mapping.LEXERS (via master CSV)
pl/roff-manpage,.1,linguist,primary,Roff Manpage,https://github.com/github-linguist/linguist/blob/master/lib/linguist/languages.yml
pl/roff-manpage,.1in,linguist,secondary,Roff Manpage,https://github.com/github-linguist/linguist/blob/master/lib/linguist/languages.yml
pl/roff-manpage,.1m,linguist,secondary,Roff Manpage,https://github.com/github-linguist/linguist/blob/master/lib/linguist/languages.yml
pl/roff-manpage,.1x,linguist,secondary,Roff Manpage,https://github.com/github-linguist/linguist/blob/master/lib/linguist/languages.yml
pl/roff-manpage,.2,linguist,secondary,Roff Manpage,https://github.com/github-linguist/linguist/blob/master/lib/linguist/languages.yml
pl/roff-manpage,.3,linguist,secondary,Roff Manpage,https://github.com/github-linguist/linguist/blob/master/lib/linguist/languages.yml
pl/roff-manpage,.3in,linguist,secondary,Roff Manpage,https://github.com/github-linguist/linguist/blob/master/lib/linguist/languages.yml
pl/roff-manpage,.3m,linguist,secondary,Roff Manpage,https://github.com/github-linguist/linguist/blob/master/lib/linguist/languages.yml
pl/roff-manpage,.3p,linguist,secondary,Roff Manpage,https://github.com/github-linguist/linguist/blob/master/lib/linguist/languages.yml
pl/roff-manpage,.3pm,linguist,secondary,Roff Manpage,https://github.com/github-linguist/linguist/blob/master/lib/linguist/languages.yml
pl/roff-manpage,.3qt,linguist,secondary,Roff Manpage,https://github.com/github-linguist/linguist/blob/master/lib/linguist/languages.yml
pl/roff-manpage,.3x,linguist,secondary,Roff Manpage,https://github.com/github-linguist/linguist/blob/master/lib/linguist/languages.yml
pl/roff-manpage,.4,linguist,secondary,Roff Manpage,https://github.com/github-linguist/linguist/blob/master/lib/linguist/languages.yml
pl/roff-manpage,.5,linguist,secondary,Roff Manpage,https://github.com/github-linguist/linguist/blob/master/lib/linguist/languages.yml
pl/roff-manpage,.6,linguist,secondary,Roff Manpage,https://github.com/github-linguist/linguist/blob/master/lib/linguist/languages.yml
pl/roff-manpage,.7,linguist,secondary,Roff Manpage,https://github.com/github-linguist/linguist/blob/master/lib/linguist/languages.yml
pl/roff-manpage,.8,linguist,secondary,Roff Manpage,https://github.com/github-linguist/linguist/blob/master/lib/linguist/languages.yml
pl/roff-manpage,.9,linguist,secondary,Roff Manpage,https://github.com/github-linguist/linguist/blob/master/lib/linguist/languages.yml
pl/roff-manpage,.man,linguist,secondary,Roff Manpage,https://github.com/github-linguist/linguist/blob/master/lib/linguist/languages.yml
pl/roff-manpage,.mdoc,linguist,secondary,Roff Manpage,https://github.com/github-linguist/linguist/blob/master/lib/linguist/languages.yml
pl/roff-manpage,.man,pygments,primary,GroffLexer,pygments.lexers._mapping.LEXERS (via master CSV)
pl/roff-manpage,.1p,pygments,secondary,GroffLexer,pygments.lexers._mapping.LEXERS (via master CSV)
pl/roff-manpage,.3pm,pygments,secondary,GroffLexer,pygments.lexers._mapping.LEXERS (via master CSV)
pl/ron,.ron,linguist,primary,RON,https://github.com/github-linguist/linguist/blob/master/lib/linguist/languages.yml
pl/ros-interface,.msg,linguist,primary,ROS Interface,https://github.com/github-linguist/linguist/blob/master/lib/linguist/languages.yml
pl/ros-interface,.action,linguist,secondary,ROS Interface,https://github.com/github-linguist/linguist/blob/master/lib/linguist/languages.yml
pl/ros-interface,.srv,linguist,secondary,ROS Interface,https://github.com/github-linguist/linguist/blob/master/lib/linguist/languages.yml
pl/rouge,.rg,linguist,primary,Rouge,https://github.com/github-linguist/linguist/blob/master/lib/linguist/languages.yml
pl/routeros-script,.rsc,linguist,primary,RouterOS Script,https://github.com/github-linguist/linguist/blob/master/lib/linguist/languages.yml
pl/rpc,.x,linguist,primary,RPC,https://github.com/github-linguist/linguist/blob/master/lib/linguist/languages.yml
pl/rpgle,.rpgle,linguist,primary,RPGLE,https://github.com/github-linguist/linguist/blob/master/lib/linguist/languages.yml
pl/rpgle,.sqlrpgle,linguist,secondary,RPGLE,https://github.com/github-linguist/linguist/blob/master/lib/linguist/languages.yml
pl/rpm-spec,.spec,linguist,primary,RPM Spec,https://github.com/github-linguist/linguist/blob/master/lib/linguist/languages.yml
pl/rpm-spec,.spec,pygments,primary,RPMSpecLexer,pygments.lexers._mapping.LEXERS (via master CSV)
pl/rql,.rql,pygments,primary,RqlLexer,pygments.lexers._mapping.LEXERS (via master CSV)
pl/rs,.rs,pygments,primary,RustLexer,pygments.lexers._mapping.LEXERS (via master CSV)
pl/rsl,.rsl,pygments,primary,RslLexer,pygments.lexers._mapping.LEXERS (via master CSV)
pl/ruby,.rb,linguist,primary,Ruby,https://github.com/github-linguist/linguist/blob/master/lib/linguist/languages.yml
pl/ruby,.builder,linguist,secondary,Ruby,https://github.com/github-linguist/linguist/blob/master/lib/linguist/languages.yml
pl/ruby,.eye,linguist,secondary,Ruby,https://github.com/github-linguist/linguist/blob/master/lib/linguist/languages.yml
pl/ruby,.fcgi,linguist,secondary,Ruby,https://github.com/github-linguist/linguist/blob/master/lib/linguist/languages.yml
pl/ruby,.gemspec,linguist,secondary,Ruby,https://github.com/github-linguist/linguist/blob/master/lib/linguist/languages.yml
pl/ruby,.god,linguist,secondary,Ruby,https://github.com/github-linguist/linguist/blob/master/lib/linguist/languages.yml
pl/ruby,.jbuilder,linguist,secondary,Ruby,https://github.com/github-linguist/linguist/blob/master/lib/linguist/languages.yml
pl/ruby,.mspec,linguist,secondary,Ruby,https://github.com/github-linguist/linguist/blob/master/lib/linguist/languages.yml
pl/ruby,.pluginspec,linguist,secondary,Ruby,https://github.com/github-linguist/linguist/blob/master/lib/linguist/languages.yml
pl/ruby,.podspec,linguist,secondary,Ruby,https://github.com/github-linguist/linguist/blob/master/lib/linguist/languages.yml
pl/ruby,.prawn,linguist,secondary,Ruby,https://github.com/github-linguist/linguist/blob/master/lib/linguist/languages.yml
pl/ruby,.rabl,linguist,secondary,Ruby,https://github.com/github-linguist/linguist/blob/master/lib/linguist/languages.yml
pl/ruby,.rake,linguist,secondary,Ruby,https://github.com/github-linguist/linguist/blob/master/lib/linguist/languages.yml
pl/ruby,.rbi,linguist,secondary,Ruby,https://github.com/github-linguist/linguist/blob/master/lib/linguist/languages.yml
pl/ruby,.rbuild,linguist,secondary,Ruby,https://github.com/github-linguist/linguist/blob/master/lib/linguist/languages.yml
pl/ruby,.rbw,linguist,secondary,Ruby,https://github.com/github-linguist/linguist/blob/master/lib/linguist/languages.yml
pl/ruby,.rbx,linguist,secondary,Ruby,https://github.com/github-linguist/linguist/blob/master/lib/linguist/languages.yml
pl/ruby,.ru,linguist,secondary,Ruby,https://github.com/github-linguist/linguist/blob/master/lib/linguist/languages.yml
pl/ruby,.ruby,linguist,secondary,Ruby,https://github.com/github-linguist/linguist/blob/master/lib/linguist/languages.yml
pl/ruby,.spec,linguist,secondary,Ruby,https://github.com/github-linguist/linguist/blob/master/lib/linguist/languages.yml
pl/ruby,.thor,linguist,secondary,Ruby,https://github.com/github-linguist/linguist/blob/master/lib/linguist/languages.yml
pl/ruby,.watchr,linguist,secondary,Ruby,https://github.com/github-linguist/linguist/blob/master/lib/linguist/languages.yml
pl/ruby,.rb,pygments,primary,RubyLexer,pygments.lexers._mapping.LEXERS (via master CSV)
pl/ruby,.rbw,pygments,secondary,RubyLexer,pygments.lexers._mapping.LEXERS (via master CSV)
pl/ruby,.rakefile,pygments,secondary,RubyLexer,pygments.lexers._mapping.LEXERS (via master CSV)
pl/ruby,.rake,pygments,secondary,RubyLexer,pygments.lexers._mapping.LEXERS (via master CSV)
pl/ruby,.gemspec,pygments,secondary,RubyLexer,pygments.lexers._mapping.LEXERS (via master CSV)
pl/ruby,.rbx,pygments,secondary,RubyLexer,pygments.lexers._mapping.LEXERS (via master CSV)
pl/ruby,.duby,pygments,secondary,RubyLexer,pygments.lexers._mapping.LEXERS (via master CSV)
pl/ruby,.gemfile,pygments,secondary,RubyLexer,pygments.lexers._mapping.LEXERS (via master CSV)
pl/ruby,.vagrantfile,pygments,secondary,RubyLexer,pygments.lexers._mapping.LEXERS (via master CSV)
pl/runoff,.rnh,linguist,primary,RUNOFF,https://github.com/github-linguist/linguist/blob/master/lib/linguist/languages.yml
pl/runoff,.rno,linguist,secondary,RUNOFF,https://github.com/github-linguist/linguist/blob/master/lib/linguist/languages.yml
pl/rust,.rs,linguist,primary,Rust,https://github.com/github-linguist/linguist/blob/master/lib/linguist/languages.yml
pl/rust,.rs,pygments,primary,RustLexer,pygments.lexers._mapping.LEXERS (via master CSV)
pl/s,.s,pygments,primary,SLexer,pygments.lexers._mapping.LEXERS (via master CSV)
pl/s,.r,pygments,secondary,SLexer,pygments.lexers._mapping.LEXERS (via master CSV)
pl/s,.rhistory,pygments,secondary,SLexer,pygments.lexers._mapping.LEXERS (via master CSV)
pl/s,.rprofile,pygments,secondary,SLexer,pygments.lexers._mapping.LEXERS (via master CSV)
pl/s,.renviron,pygments,secondary,SLexer,pygments.lexers._mapping.LEXERS (via master CSV)
pl/sage,.sage,linguist,primary,Sage,https://github.com/github-linguist/linguist/blob/master/lib/linguist/languages.yml
pl/sage,.sagews,linguist,secondary,Sage,https://github.com/github-linguist/linguist/blob/master/lib/linguist/languages.yml
pl/sage,.py,pygments,primary,PythonLexer,pygments.lexers._mapping.LEXERS (via master CSV)
pl/sage,.pyw,pygments,secondary,PythonLexer,pygments.lexers._mapping.LEXERS (via master CSV)
pl/sage,.pyi,pygments,secondary,PythonLexer,pygments.lexers._mapping.LEXERS (via master CSV)
pl/sage,.jy,pygments,secondary,PythonLexer,pygments.lexers._mapping.LEXERS (via master CSV)
pl/sage,.sage,pygments,secondary,PythonLexer,pygments.lexers._mapping.LEXERS (via master CSV)
pl/sage,.sc,pygments,secondary,PythonLexer,pygments.lexers._mapping.LEXERS (via master CSV)
pl/sage,.sconstruct,pygments,secondary,PythonLexer,pygments.lexers._mapping.LEXERS (via master CSV)
pl/sage,.sconscript,pygments,secondary,PythonLexer,pygments.lexers._mapping.LEXERS (via master CSV)
pl/sage,.bzl,pygments,secondary,PythonLexer,pygments.lexers._mapping.LEXERS (via master CSV)
pl/sage,.buck,pygments,secondary,PythonLexer,pygments.lexers._mapping.LEXERS (via master CSV)
pl/sage,.build,pygments,secondary,PythonLexer,pygments.lexers._mapping.LEXERS (via master CSV)
pl/sage,.workspace,pygments,secondary,PythonLexer,pygments.lexers._mapping.LEXERS (via master CSV)
pl/sage,.tac,pygments,secondary,PythonLexer,pygments.lexers._mapping.LEXERS (via master CSV)
pl/sail,.sail,linguist,primary,Sail,https://github.com/github-linguist/linguist/blob/master/lib/linguist/languages.yml
pl/salt,.sls,pygments,primary,YamlJinjaLexer,pygments.lexers._mapping.LEXERS (via master CSV)
pl/saltstack,.sls,linguist,primary,SaltStack,https://github.com/github-linguist/linguist/blob/master/lib/linguist/languages.yml
pl/saltstack,.sls,pygments,primary,YamlJinjaLexer,pygments.lexers._mapping.LEXERS (via master CSV)
pl/sarl,.sarl,pygments,primary,SarlLexer,pygments.lexers._mapping.LEXERS (via master CSV)
pl/sas,.sas,linguist,primary,SAS,https://github.com/github-linguist/linguist/blob/master/lib/linguist/languages.yml
pl/sas,.sas,pygments,primary,SASLexer,pygments.lexers._mapping.LEXERS (via master CSV)
pl/sass,.sass,linguist,primary,Sass,https://github.com/github-linguist/linguist/blob/master/lib/linguist/languages.yml
pl/sass,.sass,pygments,primary,SassLexer,pygments.lexers._mapping.LEXERS (via master CSV)
pl/savi,.savi,pygments,primary,SaviLexer,pygments.lexers._mapping.LEXERS (via master CSV)
pl/scala,.scala,linguist,primary,Scala,https://github.com/github-linguist/linguist/blob/master/lib/linguist/languages.yml
pl/scala,.kojo,linguist,secondary,Scala,https://github.com/github-linguist/linguist/blob/master/lib/linguist/languages.yml
pl/scala,.sbt,linguist,secondary,Scala,https://github.com/github-linguist/linguist/blob/master/lib/linguist/languages.yml
pl/scala,.sc,linguist,secondary,Scala,https://github.com/github-linguist/linguist/blob/master/lib/linguist/languages.yml
pl/scala,.scala,pygments,primary,ScalaLexer,pygments.lexers._mapping.LEXERS (via master CSV)
pl/scala-programming-language,.scala,pygments,primary,ScalaLexer,pygments.lexers._mapping.LEXERS (via master CSV)
pl/scaml,.scaml,linguist,primary,Scaml,https://github.com/github-linguist/linguist/blob/master/lib/linguist/languages.yml
pl/scaml,.scaml,pygments,primary,ScamlLexer,pygments.lexers._mapping.LEXERS (via master CSV)
pl/scenic,.scenic,linguist,primary,Scenic,https://github.com/github-linguist/linguist/blob/master/lib/linguist/languages.yml
pl/scheme,.scm,linguist,primary,Scheme,https://github.com/github-linguist/linguist/blob/master/lib/linguist/languages.yml
pl/scheme,.sch,linguist,secondary,Scheme,https://github.com/github-linguist/linguist/blob/master/lib/linguist/languages.yml
pl/scheme,.sld,linguist,secondary,Scheme,https://github.com/github-linguist/linguist/blob/master/lib/linguist/languages.yml
pl/scheme,.sls,linguist,secondary,Scheme,https://github.com/github-linguist/linguist/blob/master/lib/linguist/languages.yml
pl/scheme,.sps,linguist,secondary,Scheme,https://github.com/github-linguist/linguist/blob/master/lib/linguist/languages.yml
pl/scheme,.ss,linguist,secondary,Scheme,https://github.com/github-linguist/linguist/blob/master/lib/linguist/languages.yml
pl/scheme,.scm,pygments,primary,SchemeLexer,pygments.lexers._mapping.LEXERS (via master CSV)
pl/scheme,.ss,pygments,secondary,SchemeLexer,pygments.lexers._mapping.LEXERS (via master CSV)
pl/scilab,.sci,linguist,primary,Scilab,https://github.com/github-linguist/linguist/blob/master/lib/linguist/languages.yml
pl/scilab,.sce,linguist,secondary,Scilab,https://github.com/github-linguist/linguist/blob/master/lib/linguist/languages.yml
pl/scilab,.tst,linguist,secondary,Scilab,https://github.com/github-linguist/linguist/blob/master/lib/linguist/languages.yml
pl/scilab,.sci,pygments,primary,ScilabLexer,pygments.lexers._mapping.LEXERS (via master CSV)
pl/scilab,.sce,pygments,secondary,ScilabLexer,pygments.lexers._mapping.LEXERS (via master CSV)
pl/scilab,.tst,pygments,secondary,ScilabLexer,pygments.lexers._mapping.LEXERS (via master CSV)
pl/scm,.scm,pygments,primary,SchemeLexer,pygments.lexers._mapping.LEXERS (via master CSV)
pl/scm,.ss,pygments,secondary,SchemeLexer,pygments.lexers._mapping.LEXERS (via master CSV)
pl/scss,.scss,linguist,primary,SCSS,https://github.com/github-linguist/linguist/blob/master/lib/linguist/languages.yml
pl/scss,.scss,pygments,primary,ScssLexer,pygments.lexers._mapping.LEXERS (via master CSV)
pl/sed,.sed,linguist,primary,sed,https://github.com/github-linguist/linguist/blob/master/lib/linguist/languages.yml
pl/sed,.sed,pygments,primary,SedLexer,pygments.lexers._mapping.LEXERS (via master CSV)
pl/self,.self,linguist,primary,Self,https://github.com/github-linguist/linguist/blob/master/lib/linguist/languages.yml
pl/selinux-policy,.te,linguist,primary,SELinux Policy,https://github.com/github-linguist/linguist/blob/master/lib/linguist/languages.yml
pl/sh,.sh,pygments,primary,BashLexer,pygments.lexers._mapping.LEXERS (via master CSV)
pl/sh,.ksh,pygments,secondary,BashLexer,pygments.lexers._mapping.LEXERS (via master CSV)
pl/sh,.bash,pygments,secondary,BashLexer,pygments.lexers._mapping.LEXERS (via master CSV)
pl/sh,.ebuild,pygments,secondary,BashLexer,pygments.lexers._mapping.LEXERS (via master CSV)
pl/sh,.eclass,pygments,secondary,BashLexer,pygments.lexers._mapping.LEXERS (via master CSV)
pl/sh,.exheres-0,pygments,secondary,BashLexer,pygments.lexers._mapping.LEXERS (via master CSV)
pl/sh,.exlib,pygments,secondary,BashLexer,pygments.lexers._mapping.LEXERS (via master CSV)
pl/sh,.zsh,pygments,secondary,BashLexer,pygments.lexers._mapping.LEXERS (via master CSV)
pl/sh,.bashrc,pygments,secondary,BashLexer,pygments.lexers._mapping.LEXERS (via master CSV)
pl/sh,.zshrc,pygments,secondary,BashLexer,pygments.lexers._mapping.LEXERS (via master CSV)
pl/sh,.kshrc,pygments,secondary,BashLexer,pygments.lexers._mapping.LEXERS (via master CSV)
pl/sh,.pkgbuild,pygments,secondary,BashLexer,pygments.lexers._mapping.LEXERS (via master CSV)
pl/shaderlab,.shader,linguist,primary,ShaderLab,https://github.com/github-linguist/linguist/blob/master/lib/linguist/languages.yml
pl/shell,.sh,linguist,primary,Shell,https://github.com/github-linguist/linguist/blob/master/lib/linguist/languages.yml
pl/shell,.bash,linguist,secondary,Shell,https://github.com/github-linguist/linguist/blob/master/lib/linguist/languages.yml
pl/shell,.bats,linguist,secondary,Shell,https://github.com/github-linguist/linguist/blob/master/lib/linguist/languages.yml
pl/shell,.cgi,linguist,secondary,Shell,https://github.com/github-linguist/linguist/blob/master/lib/linguist/languages.yml
pl/shell,.command,linguist,secondary,Shell,https://github.com/github-linguist/linguist/blob/master/lib/linguist/languages.yml
pl/shell,.fcgi,linguist,secondary,Shell,https://github.com/github-linguist/linguist/blob/master/lib/linguist/languages.yml
pl/shell,.ksh,linguist,secondary,Shell,https://github.com/github-linguist/linguist/blob/master/lib/linguist/languages.yml
pl/shell,.sbatch,linguist,secondary,Shell,https://github.com/github-linguist/linguist/blob/master/lib/linguist/languages.yml
pl/shell,.slurm,linguist,secondary,Shell,https://github.com/github-linguist/linguist/blob/master/lib/linguist/languages.yml
pl/shell,.tmux,linguist,secondary,Shell,https://github.com/github-linguist/linguist/blob/master/lib/linguist/languages.yml
pl/shell,.tool,linguist,secondary,Shell,https://github.com/github-linguist/linguist/blob/master/lib/linguist/languages.yml
pl/shell,.trigger,linguist,secondary,Shell,https://github.com/github-linguist/linguist/blob/master/lib/linguist/languages.yml
pl/shell,.zsh,linguist,secondary,Shell,https://github.com/github-linguist/linguist/blob/master/lib/linguist/languages.yml
pl/shell,.zsh-theme,linguist,secondary,Shell,https://github.com/github-linguist/linguist/blob/master/lib/linguist/languages.yml
pl/shell,.sh,pygments,primary,BashLexer,pygments.lexers._mapping.LEXERS (via master CSV)
pl/shell,.ksh,pygments,secondary,BashLexer,pygments.lexers._mapping.LEXERS (via master CSV)
pl/shell,.bash,pygments,secondary,BashLexer,pygments.lexers._mapping.LEXERS (via master CSV)
pl/shell,.ebuild,pygments,secondary,BashLexer,pygments.lexers._mapping.LEXERS (via master CSV)
pl/shell,.eclass,pygments,secondary,BashLexer,pygments.lexers._mapping.LEXERS (via master CSV)
pl/shell,.exheres-0,pygments,secondary,BashLexer,pygments.lexers._mapping.LEXERS (via master CSV)
pl/shell,.exlib,pygments,secondary,BashLexer,pygments.lexers._mapping.LEXERS (via master CSV)
pl/shell,.zsh,pygments,secondary,BashLexer,pygments.lexers._mapping.LEXERS (via master CSV)
pl/shell,.bashrc,pygments,secondary,BashLexer,pygments.lexers._mapping.LEXERS (via master CSV)
pl/shell,.zshrc,pygments,secondary,BashLexer,pygments.lexers._mapping.LEXERS (via master CSV)
pl/shell,.kshrc,pygments,secondary,BashLexer,pygments.lexers._mapping.LEXERS (via master CSV)
pl/shell,.pkgbuild,pygments,secondary,BashLexer,pygments.lexers._mapping.LEXERS (via master CSV)
pl/shellsession,.sh-session,linguist,primary,ShellSession,https://github.com/github-linguist/linguist/blob/master/lib/linguist/languages.yml
pl/shellsession,.sh-session,pygments,primary,BashSessionLexer,pygments.lexers._mapping.LEXERS (via master CSV)
pl/shen,.shen,linguist,primary,Shen,https://github.com/github-linguist/linguist/blob/master/lib/linguist/languages.yml
pl/shen,.shen,pygments,primary,ShenLexer,pygments.lexers._mapping.LEXERS (via master CSV)
pl/shex,.shex,pygments,primary,ShExCLexer,pygments.lexers._mapping.LEXERS (via master CSV)
pl/sieve,.sieve,linguist,primary,Sieve,https://github.com/github-linguist/linguist/blob/master/lib/linguist/languages.yml
pl/sieve,.siv,pygments,primary,SieveLexer,pygments.lexers._mapping.LEXERS (via master CSV)
pl/sieve,.sieve,pygments,secondary,SieveLexer,pygments.lexers._mapping.LEXERS (via master CSV)
pl/simple-file-verification,.sfv,linguist,primary,Simple File Verification,https://github.com/github-linguist/linguist/blob/master/lib/linguist/languages.yml
pl/singularity,.def,pygments,primary,SingularityLexer,pygments.lexers._mapping.LEXERS (via master CSV)
pl/singularity,.singularity,pygments,secondary,SingularityLexer,pygments.lexers._mapping.LEXERS (via master CSV)
pl/slang,.slang,linguist,primary,Slang,https://github.com/github-linguist/linguist/blob/master/lib/linguist/languages.yml
pl/slash,.sl,linguist,primary,Slash,https://github.com/github-linguist/linguist/blob/master/lib/linguist/languages.yml
pl/slash,.sla,pygments,primary,SlashLexer,pygments.lexers._mapping.LEXERS (via master CSV)
pl/slice,.ice,linguist,primary,Slice,https://github.com/github-linguist/linguist/blob/master/lib/linguist/languages.yml
pl/slim,.slim,linguist,primary,Slim,https://github.com/github-linguist/linguist/blob/master/lib/linguist/languages.yml
pl/slim,.slim,pygments,primary,SlimLexer,pygments.lexers._mapping.LEXERS (via master CSV)
pl/slint,.slint,linguist,primary,Slint,https://github.com/github-linguist/linguist/blob/master/lib/linguist/languages.yml
pl/smali,.smali,linguist,primary,Smali,https://github.com/github-linguist/linguist/blob/master/lib/linguist/languages.yml
pl/smali,.smali,pygments,primary,SmaliLexer,pygments.lexers._mapping.LEXERS (via master CSV)
pl/smalltalk,.st,linguist,primary,Smalltalk,https://github.com/github-linguist/linguist/blob/master/lib/linguist/languages.yml
pl/smalltalk,.cs,linguist,secondary,Smalltalk,https://github.com/github-linguist/linguist/blob/master/lib/linguist/languages.yml
pl/smalltalk,.st,pygments,primary,SmalltalkLexer,pygments.lexers._mapping.LEXERS (via master CSV)
pl/smarty,.tpl,linguist,primary,Smarty,https://github.com/github-linguist/linguist/blob/master/lib/linguist/languages.yml
pl/smarty,.tpl,pygments,primary,SmartyLexer,pygments.lexers._mapping.LEXERS (via master CSV)
pl/smithy,.smithy,linguist,primary,Smithy,https://github.com/github-linguist/linguist/blob/master/lib/linguist/languages.yml
pl/smithy,.smithy,pygments,primary,SmithyLexer,pygments.lexers._mapping.LEXERS (via master CSV)
pl/sml,.sml,pygments,primary,SMLLexer,pygments.lexers._mapping.LEXERS (via master CSV)
pl/sml,.sig,pygments,secondary,SMLLexer,pygments.lexers._mapping.LEXERS (via master CSV)
pl/sml,.fun,pygments,secondary,SMLLexer,pygments.lexers._mapping.LEXERS (via master CSV)
pl/smpl,.cocci,linguist,primary,SmPL,https://github.com/github-linguist/linguist/blob/master/lib/linguist/languages.yml
pl/smt,.smt2,linguist,primary,SMT,https://github.com/github-linguist/linguist/blob/master/lib/linguist/languages.yml
pl/smt,.smt,linguist,secondary,SMT,https://github.com/github-linguist/linguist/blob/master/lib/linguist/languages.yml
pl/smt,.z3,linguist,secondary,SMT,https://github.com/github-linguist/linguist/blob/master/lib/linguist/languages.yml
pl/snakemake,.smk,linguist,primary,Snakemake,https://github.com/github-linguist/linguist/blob/master/lib/linguist/languages.yml
pl/snakemake,.snakefile,linguist,secondary,Snakemake,https://github.com/github-linguist/linguist/blob/master/lib/linguist/languages.yml
pl/snbt,.snbt,pygments,primary,SNBTLexer,pygments.lexers._mapping.LEXERS (via master CSV)
pl/snobol,.snobol,pygments,primary,SnobolLexer,pygments.lexers._mapping.LEXERS (via master CSV)
pl/solidity,.sol,linguist,primary,Solidity,https://github.com/github-linguist/linguist/blob/master/lib/linguist/languages.yml
pl/solidity,.sol,pygments,primary,SolidityLexer,pygments.lexers._mapping.LEXERS (via master CSV)
pl/sophia,.aes,pygments,primary,SophiaLexer,pygments.lexers._mapping.LEXERS (via master CSV)
pl/sourcepawn,.sp,linguist,primary,SourcePawn,https://github.com/github-linguist/linguist/blob/master/lib/linguist/languages.yml
pl/sourcepawn,.inc,linguist,secondary,SourcePawn,https://github.com/github-linguist/linguist/blob/master/lib/linguist/languages.yml
pl/sourcepawn,.pov,pygments,primary,PovrayLexer,pygments.lexers._mapping.LEXERS (via master CSV)
pl/sourcepawn,.inc,pygments,secondary,PovrayLexer,pygments.lexers._mapping.LEXERS (via master CSV)
pl/sparql,.sparql,linguist,primary,SPARQL,https://github.com/github-linguist/linguist/blob/master/lib/linguist/languages.yml
pl/sparql,.rq,linguist,secondary,SPARQL,https://github.com/github-linguist/linguist/blob/master/lib/linguist/languages.yml
pl/sparql,.rq,pygments,primary,SparqlLexer,pygments.lexers._mapping.LEXERS (via master CSV)
pl/sparql,.sparql,pygments,secondary,SparqlLexer,pygments.lexers._mapping.LEXERS (via master CSV)
pl/spec,.spec,pygments,primary,RPMSpecLexer,pygments.lexers._mapping.LEXERS (via master CSV)
pl/spice,.spice,pygments,primary,SpiceLexer,pygments.lexers._mapping.LEXERS (via master CSV)
pl/spline-font-database,.sfd,linguist,primary,Spline Font Database,https://github.com/github-linguist/linguist/blob/master/lib/linguist/languages.yml
pl/sqf,.sqf,linguist,primary,SQF,https://github.com/github-linguist/linguist/blob/master/lib/linguist/languages.yml
pl/sqf,.hqf,linguist,secondary,SQF,https://github.com/github-linguist/linguist/blob/master/lib/linguist/languages.yml
pl/sql,.sql,linguist,primary,SQL,https://github.com/github-linguist/linguist/blob/master/lib/linguist/languages.yml
pl/sql,.ddl,linguist,secondary,SQL,https://github.com/github-linguist/linguist/blob/master/lib/linguist/languages.yml
pl/sql,.inc,linguist,secondary,SQL,https://github.com/github-linguist/linguist/blob/master/lib/linguist/languages.yml
pl/sql,.mysql,linguist,secondary,SQL,https://github.com/github-linguist/linguist/blob/master/lib/linguist/languages.yml
pl/sql,.prc,linguist,secondary,SQL,https://github.com/github-linguist/linguist/blob/master/lib/linguist/languages.yml
pl/sql,.tab,linguist,secondary,SQL,https://github.com/github-linguist/linguist/blob/master/lib/linguist/languages.yml
pl/sql,.udf,linguist,secondary,SQL,https://github.com/github-linguist/linguist/blob/master/lib/linguist/languages.yml
pl/sql,.viw,linguist,secondary,SQL,https://github.com/github-linguist/linguist/blob/master/lib/linguist/languages.yml
pl/sql,.sql,pygments,primary,SqlLexer,pygments.lexers._mapping.LEXERS (via master CSV)
pl/sqlpl,.sql,linguist,primary,SQLPL,https://github.com/github-linguist/linguist/blob/master/lib/linguist/languages.yml
pl/sqlpl,.db2,linguist,secondary,SQLPL,https://github.com/github-linguist/linguist/blob/master/lib/linguist/languages.yml
pl/sqlpl,.sql,pygments,primary,TransactSqlLexer,pygments.lexers._mapping.LEXERS (via master CSV)
pl/squeak,.st,pygments,primary,SmalltalkLexer,pygments.lexers._mapping.LEXERS (via master CSV)
pl/squirrel,.nut,linguist,primary,Squirrel,https://github.com/github-linguist/linguist/blob/master/lib/linguist/languages.yml
pl/srecode-template,.srt,linguist,primary,SRecode Template,https://github.com/github-linguist/linguist/blob/master/lib/linguist/languages.yml
pl/stan,.stan,linguist,primary,Stan,https://github.com/github-linguist/linguist/blob/master/lib/linguist/languages.yml
pl/stan,.stan,pygments,primary,StanLexer,pygments.lexers._mapping.LEXERS (via master CSV)
pl/standard-ml,.ml,linguist,primary,Standard ML,https://github.com/github-linguist/linguist/blob/master/lib/linguist/languages.yml
pl/standard-ml,.fun,linguist,secondary,Standard ML,https://github.com/github-linguist/linguist/blob/master/lib/linguist/languages.yml
pl/standard-ml,.sig,linguist,secondary,Standard ML,https://github.com/github-linguist/linguist/blob/master/lib/linguist/languages.yml
pl/standard-ml,.sml,linguist,secondary,Standard ML,https://github.com/github-linguist/linguist/blob/master/lib/linguist/languages.yml
pl/standard-ml,.sml,pygments,primary,SMLLexer,pygments.lexers._mapping.LEXERS (via master CSV)
pl/standard-ml,.sig,pygments,secondary,SMLLexer,pygments.lexers._mapping.LEXERS (via master CSV)
pl/standard-ml,.fun,pygments,secondary,SMLLexer,pygments.lexers._mapping.LEXERS (via master CSV)
pl/star-5,.star,linguist,primary,STAR,https://github.com/github-linguist/linguist/blob/master/lib/linguist/languages.yml
pl/starlark,.bzl,linguist,primary,Starlark,https://github.com/github-linguist/linguist/blob/master/lib/linguist/languages.yml
pl/starlark,.star,linguist,secondary,Starlark,https://github.com/github-linguist/linguist/blob/master/lib/linguist/languages.yml
pl/starlark,.py,pygments,primary,PythonLexer,pygments.lexers._mapping.LEXERS (via master CSV)
pl/starlark,.pyw,pygments,secondary,PythonLexer,pygments.lexers._mapping.LEXERS (via master CSV)
pl/starlark,.pyi,pygments,secondary,PythonLexer,pygments.lexers._mapping.LEXERS (via master CSV)
pl/starlark,.jy,pygments,secondary,PythonLexer,pygments.lexers._mapping.LEXERS (via master CSV)
pl/starlark,.sage,pygments,secondary,PythonLexer,pygments.lexers._mapping.LEXERS (via master CSV)
pl/starlark,.sc,pygments,secondary,PythonLexer,pygments.lexers._mapping.LEXERS (via master CSV)
pl/starlark,.sconstruct,pygments,secondary,PythonLexer,pygments.lexers._mapping.LEXERS (via master CSV)
pl/starlark,.sconscript,pygments,secondary,PythonLexer,pygments.lexers._mapping.LEXERS (via master CSV)
pl/starlark,.bzl,pygments,secondary,PythonLexer,pygments.lexers._mapping.LEXERS (via master CSV)
pl/starlark,.buck,pygments,secondary,PythonLexer,pygments.lexers._mapping.LEXERS (via master CSV)
pl/starlark,.build,pygments,secondary,PythonLexer,pygments.lexers._mapping.LEXERS (via master CSV)
pl/starlark,.workspace,pygments,secondary,PythonLexer,pygments.lexers._mapping.LEXERS (via master CSV)
pl/starlark,.tac,pygments,secondary,PythonLexer,pygments.lexers._mapping.LEXERS (via master CSV)
pl/stata,.do,linguist,primary,Stata,https://github.com/github-linguist/linguist/blob/master/lib/linguist/languages.yml
pl/stata,.ado,linguist,secondary,Stata,https://github.com/github-linguist/linguist/blob/master/lib/linguist/languages.yml
pl/stata,.doh,linguist,secondary,Stata,https://github.com/github-linguist/linguist/blob/master/lib/linguist/languages.yml
pl/stata,.ihlp,linguist,secondary,Stata,https://github.com/github-linguist/linguist/blob/master/lib/linguist/languages.yml
pl/stata,.mata,linguist,secondary,Stata,https://github.com/github-linguist/linguist/blob/master/lib/linguist/languages.yml
pl/stata,.matah,linguist,secondary,Stata,https://github.com/github-linguist/linguist/blob/master/lib/linguist/languages.yml
pl/stata,.sthlp,linguist,secondary,Stata,https://github.com/github-linguist/linguist/blob/master/lib/linguist/languages.yml
pl/stata,.do,pygments,primary,StataLexer,pygments.lexers._mapping.LEXERS (via master CSV)
pl/stata,.ado,pygments,secondary,StataLexer,pygments.lexers._mapping.LEXERS (via master CSV)
pl/stl,.stl,linguist,primary,STL,https://github.com/github-linguist/linguist/blob/master/lib/linguist/languages.yml
pl/ston,.ston,linguist,primary,STON,https://github.com/github-linguist/linguist/blob/master/lib/linguist/languages.yml
pl/stringtemplate,.st,linguist,primary,StringTemplate,https://github.com/github-linguist/linguist/blob/master/lib/linguist/languages.yml
pl/stringtemplate,.st,pygments,primary,SmalltalkLexer,pygments.lexers._mapping.LEXERS (via master CSV)
pl/stylus,.styl,linguist,primary,Stylus,https://github.com/github-linguist/linguist/blob/master/lib/linguist/languages.yml
pl/subrip-text,.srt,linguist,primary,SubRip Text,https://github.com/github-linguist/linguist/blob/master/lib/linguist/languages.yml
pl/sugarss,.sss,linguist,primary,SugarSS,https://github.com/github-linguist/linguist/blob/master/lib/linguist/languages.yml
pl/supercollider,.sc,linguist,primary,SuperCollider,https://github.com/github-linguist/linguist/blob/master/lib/linguist/languages.yml
pl/supercollider,.scd,linguist,secondary,SuperCollider,https://github.com/github-linguist/linguist/blob/master/lib/linguist/languages.yml
pl/supercollider,.sc,pygments,primary,SuperColliderLexer,pygments.lexers._mapping.LEXERS (via master CSV)
pl/supercollider,.scd,pygments,secondary,SuperColliderLexer,pygments.lexers._mapping.LEXERS (via master CSV)
pl/surrealql,.surql,linguist,primary,SurrealQL,https://github.com/github-linguist/linguist/blob/master/lib/linguist/languages.yml
pl/survex-data,.svx,linguist,primary,Survex data,https://github.com/github-linguist/linguist/blob/master/lib/linguist/languages.yml
pl/svelte,.svelte,linguist,primary,Svelte,https://github.com/github-linguist/linguist/blob/master/lib/linguist/languages.yml
pl/svg,.svg,linguist,primary,SVG,https://github.com/github-linguist/linguist/blob/master/lib/linguist/languages.yml
pl/sway,.sw,linguist,primary,Sway,https://github.com/github-linguist/linguist/blob/master/lib/linguist/languages.yml
pl/sweave,.rnw,linguist,primary,Sweave,https://github.com/github-linguist/linguist/blob/master/lib/linguist/languages.yml
pl/swift,.swift,linguist,primary,Swift,https://github.com/github-linguist/linguist/blob/master/lib/linguist/languages.yml
pl/swift,.swift,pygments,primary,SwiftLexer,pygments.lexers._mapping.LEXERS (via master CSV)
pl/swift-programming-language,.swift,pygments,primary,SwiftLexer,pygments.lexers._mapping.LEXERS (via master CSV)
pl/swig,.i,linguist,primary,SWIG,https://github.com/github-linguist/linguist/blob/master/lib/linguist/languages.yml
pl/swig,.swg,linguist,secondary,SWIG,https://github.com/github-linguist/linguist/blob/master/lib/linguist/languages.yml
pl/swig,.swig,linguist,secondary,SWIG,https://github.com/github-linguist/linguist/blob/master/lib/linguist/languages.yml
pl/swig,.swg,pygments,primary,SwigLexer,pygments.lexers._mapping.LEXERS (via master CSV)
pl/swig,.i,pygments,secondary,SwigLexer,pygments.lexers._mapping.LEXERS (via master CSV)
pl/systemverilog,.sv,linguist,primary,SystemVerilog,https://github.com/github-linguist/linguist/blob/master/lib/linguist/languages.yml
pl/systemverilog,.svh,linguist,secondary,SystemVerilog,https://github.com/github-linguist/linguist/blob/master/lib/linguist/languages.yml
pl/systemverilog,.vh,linguist,secondary,SystemVerilog,https://github.com/github-linguist/linguist/blob/master/lib/linguist/languages.yml
pl/systemverilog,.sv,pygments,primary,SystemVerilogLexer,pygments.lexers._mapping.LEXERS (via master CSV)
pl/systemverilog,.svh,pygments,secondary,SystemVerilogLexer,pygments.lexers._mapping.LEXERS (via master CSV)
pl/tact,.tact,linguist,primary,Tact,https://github.com/github-linguist/linguist/blob/master/lib/linguist/languages.yml
pl/tact,.tact,pygments,primary,TactLexer,pygments.lexers._mapping.LEXERS (via master CSV)
pl/tal,.tal,pygments,primary,TalLexer,pygments.lexers._mapping.LEXERS (via master CSV)
pl/talon,.talon,linguist,primary,Talon,https://github.com/github-linguist/linguist/blob/master/lib/linguist/languages.yml
pl/tap,.tap,pygments,primary,TAPLexer,pygments.lexers._mapping.LEXERS (via master CSV)
pl/tasm,.asm,pygments,primary,TasmLexer,pygments.lexers._mapping.LEXERS (via master CSV)
pl/tasm,.tasm,pygments,secondary,TasmLexer,pygments.lexers._mapping.LEXERS (via master CSV)
pl/tcl,.tcl,linguist,primary,Tcl,https://github.com/github-linguist/linguist/blob/master/lib/linguist/languages.yml
pl/tcl,.adp,linguist,secondary,Tcl,https://github.com/github-linguist/linguist/blob/master/lib/linguist/languages.yml
pl/tcl,.sdc,linguist,secondary,Tcl,https://github.com/github-linguist/linguist/blob/master/lib/linguist/languages.yml
pl/tcl,.tm,linguist,secondary,Tcl,https://github.com/github-linguist/linguist/blob/master/lib/linguist/languages.yml
pl/tcl,.xdc,linguist,secondary,Tcl,https://github.com/github-linguist/linguist/blob/master/lib/linguist/languages.yml
pl/tcl,.tcl,pygments,primary,TclLexer,pygments.lexers._mapping.LEXERS (via master CSV)
pl/tcl,.rvt,pygments,secondary,TclLexer,pygments.lexers._mapping.LEXERS (via master CSV)
pl/tcsh,.tcsh,linguist,primary,Tcsh,https://github.com/github-linguist/linguist/blob/master/lib/linguist/languages.yml
pl/tcsh,.csh,linguist,secondary,Tcsh,https://github.com/github-linguist/linguist/blob/master/lib/linguist/languages.yml
pl/tcsh,.tcsh,pygments,primary,TcshLexer,pygments.lexers._mapping.LEXERS (via master CSV)
pl/tcsh,.csh,pygments,secondary,TcshLexer,pygments.lexers._mapping.LEXERS (via master CSV)
pl/tea,.tea,linguist,primary,Tea,https://github.com/github-linguist/linguist/blob/master/lib/linguist/languages.yml
pl/tea,.tea,pygments,primary,TeaTemplateLexer,pygments.lexers._mapping.LEXERS (via master CSV)
pl/tea-programming-language,.tea,pygments,primary,TeaTemplateLexer,pygments.lexers._mapping.LEXERS (via master CSV)
pl/teal,.tl,linguist,primary,Teal,https://github.com/github-linguist/linguist/blob/master/lib/linguist/languages.yml
pl/teal,.teal,pygments,primary,TealLexer,pygments.lexers._mapping.LEXERS (via master CSV)
pl/templ,.templ,linguist,primary,templ,https://github.com/github-linguist/linguist/blob/master/lib/linguist/languages.yml
pl/terra,.t,linguist,primary,Terra,https://github.com/github-linguist/linguist/blob/master/lib/linguist/languages.yml
pl/terraform-template,.tftpl,linguist,primary,Terraform Template,https://github.com/github-linguist/linguist/blob/master/lib/linguist/languages.yml
pl/tex,.tex,linguist,primary,TeX,https://github.com/github-linguist/linguist/blob/master/lib/linguist/languages.yml
pl/tex,.aux,linguist,secondary,TeX,https://github.com/github-linguist/linguist/blob/master/lib/linguist/languages.yml
pl/tex,.bbx,linguist,secondary,TeX,https://github.com/github-linguist/linguist/blob/master/lib/linguist/languages.yml
pl/tex,.cbx,linguist,secondary,TeX,https://github.com/github-linguist/linguist/blob/master/lib/linguist/languages.yml
pl/tex,.cls,linguist,secondary,TeX,https://github.com/github-linguist/linguist/blob/master/lib/linguist/languages.yml
pl/tex,.dtx,linguist,secondary,TeX,https://github.com/github-linguist/linguist/blob/master/lib/linguist/languages.yml
pl/tex,.ins,linguist,secondary,TeX,https://github.com/github-linguist/linguist/blob/master/lib/linguist/languages.yml
pl/tex,.lbx,linguist,secondary,TeX,https://github.com/github-linguist/linguist/blob/master/lib/linguist/languages.yml
pl/tex,.ltx,linguist,secondary,TeX,https://github.com/github-linguist/linguist/blob/master/lib/linguist/languages.yml
pl/tex,.mkii,linguist,secondary,TeX,https://github.com/github-linguist/linguist/blob/master/lib/linguist/languages.yml
pl/tex,.mkiv,linguist,secondary,TeX,https://github.com/github-linguist/linguist/blob/master/lib/linguist/languages.yml
pl/tex,.mkvi,linguist,secondary,TeX,https://github.com/github-linguist/linguist/blob/master/lib/linguist/languages.yml
pl/tex,.sty,linguist,secondary,TeX,https://github.com/github-linguist/linguist/blob/master/lib/linguist/languages.yml
pl/tex,.toc,linguist,secondary,TeX,https://github.com/github-linguist/linguist/blob/master/lib/linguist/languages.yml
pl/tex,.tex,pygments,primary,TexLexer,pygments.lexers._mapping.LEXERS (via master CSV)
pl/tex,.aux,pygments,secondary,TexLexer,pygments.lexers._mapping.LEXERS (via master CSV)
pl/tex,.toc,pygments,secondary,TexLexer,pygments.lexers._mapping.LEXERS (via master CSV)
pl/texinfo,.texinfo,linguist,primary,Texinfo,https://github.com/github-linguist/linguist/blob/master/lib/linguist/languages.yml
pl/texinfo,.texi,linguist,secondary,Texinfo,https://github.com/github-linguist/linguist/blob/master/lib/linguist/languages.yml
pl/texinfo,.txi,linguist,secondary,Texinfo,https://github.com/github-linguist/linguist/blob/master/lib/linguist/languages.yml
pl/text,.txt,linguist,primary,Text,https://github.com/github-linguist/linguist/blob/master/lib/linguist/languages.yml
pl/text,.fr,linguist,secondary,Text,https://github.com/github-linguist/linguist/blob/master/lib/linguist/languages.yml
pl/text,.nb,linguist,secondary,Text,https://github.com/github-linguist/linguist/blob/master/lib/linguist/languages.yml
pl/text,.ncl,linguist,secondary,Text,https://github.com/github-linguist/linguist/blob/master/lib/linguist/languages.yml
pl/text,.no,linguist,secondary,Text,https://github.com/github-linguist/linguist/blob/master/lib/linguist/languages.yml
pl/text,.txt,pygments,primary,TextLexer,pygments.lexers._mapping.LEXERS (via master CSV)
pl/textgrid,.textgrid,linguist,primary,TextGrid,https://github.com/github-linguist/linguist/blob/master/lib/linguist/languages.yml
pl/textile,.textile,linguist,primary,Textile,https://github.com/github-linguist/linguist/blob/master/lib/linguist/languages.yml
pl/tf,.tf,pygments,primary,TerraformLexer,pygments.lexers._mapping.LEXERS (via master CSV)
pl/tf,.hcl,pygments,secondary,TerraformLexer,pygments.lexers._mapping.LEXERS (via master CSV)
pl/thrift,.thrift,linguist,primary,Thrift,https://github.com/github-linguist/linguist/blob/master/lib/linguist/languages.yml
pl/thrift,.thrift,pygments,primary,ThriftLexer,pygments.lexers._mapping.LEXERS (via master CSV)
pl/tibang,.ti,pygments,primary,ThingsDBLexer,pygments.lexers._mapping.LEXERS (via master CSV)
pl/ti-program,.8xp,linguist,primary,TI Program,https://github.com/github-linguist/linguist/blob/master/lib/linguist/languages.yml
pl/tl-verilog,.tlv,linguist,primary,TL-Verilog,https://github.com/github-linguist/linguist/blob/master/lib/linguist/languages.yml
pl/tla,.tla,linguist,primary,TLA,https://github.com/github-linguist/linguist/blob/master/lib/linguist/languages.yml
pl/tmdl,.tmdl,linguist,primary,TMDL,https://github.com/github-linguist/linguist/blob/master/lib/linguist/languages.yml
pl/todotxt,.todotxt,pygments,primary,TodotxtLexer,pygments.lexers._mapping.LEXERS (via master CSV)
pl/toit,.toit,linguist,primary,Toit,https://github.com/github-linguist/linguist/blob/master/lib/linguist/languages.yml
pl/toml,.toml,linguist,primary,TOML,https://github.com/github-linguist/linguist/blob/master/lib/linguist/languages.yml
pl/toml,.toml,pygments,primary,TOMLLexer,pygments.lexers._mapping.LEXERS (via master CSV)
pl/toml,.pipfile,pygments,secondary,TOMLLexer,pygments.lexers._mapping.LEXERS (via master CSV)
pl/tree-sitter-query,.scm,linguist,primary,Tree-sitter Query,https://github.com/github-linguist/linguist/blob/master/lib/linguist/languages.yml
pl/tree-sitter-query,.scm,pygments,primary,SchemeLexer,pygments.lexers._mapping.LEXERS (via master CSV)
pl/tree-sitter-query,.ss,pygments,secondary,SchemeLexer,pygments.lexers._mapping.LEXERS (via master CSV)
pl/ts,.ts,pygments,primary,TypeScriptLexer,pygments.lexers._mapping.LEXERS (via master CSV)
pl/tsplib-data,.tsp,linguist,primary,TSPLIB data,https://github.com/github-linguist/linguist/blob/master/lib/linguist/languages.yml
pl/tsql,.sql,linguist,primary,TSQL,https://github.com/github-linguist/linguist/blob/master/lib/linguist/languages.yml
pl/tsql,.sql,pygments,primary,TransactSqlLexer,pygments.lexers._mapping.LEXERS (via master CSV)
pl/tsv,.tsv,linguist,primary,TSV,https://github.com/github-linguist/linguist/blob/master/lib/linguist/languages.yml
pl/tsv,.vcf,linguist,secondary,TSV,https://github.com/github-linguist/linguist/blob/master/lib/linguist/languages.yml
pl/tsx,.tsx,linguist,primary,TSX,https://github.com/github-linguist/linguist/blob/master/lib/linguist/languages.yml
pl/tsx,.tsx,pygments,primary,TsxLexer,pygments.lexers._mapping.LEXERS (via master CSV)
pl/turing,.t,linguist,primary,Turing,https://github.com/github-linguist/linguist/blob/master/lib/linguist/languages.yml
pl/turing,.tu,linguist,secondary,Turing,https://github.com/github-linguist/linguist/blob/master/lib/linguist/languages.yml
pl/turtle,.ttl,linguist,primary,Turtle,https://github.com/github-linguist/linguist/blob/master/lib/linguist/languages.yml
pl/turtle,.ttl,pygments,primary,TurtleLexer,pygments.lexers._mapping.LEXERS (via master CSV)
pl/twig,.twig,linguist,primary,Twig,https://github.com/github-linguist/linguist/blob/master/lib/linguist/languages.yml
pl/txl,.txl,linguist,primary,TXL,https://github.com/github-linguist/linguist/blob/master/lib/linguist/languages.yml
pl/type-language,.tl,linguist,primary,Type Language,https://github.com/github-linguist/linguist/blob/master/lib/linguist/languages.yml
pl/typescript,.ts,linguist,primary,TypeScript,https://github.com/github-linguist/linguist/blob/master/lib/linguist/languages.yml
pl/typescript,.cts,linguist,secondary,TypeScript,https://github.com/github-linguist/linguist/blob/master/lib/linguist/languages.yml
pl/typescript,.mts,linguist,secondary,TypeScript,https://github.com/github-linguist/linguist/blob/master/lib/linguist/languages.yml
pl/typescript,.ts,pygments,primary,TypeScriptLexer,pygments.lexers._mapping.LEXERS (via master CSV)
pl/typespec,.tsp,linguist,primary,TypeSpec,https://github.com/github-linguist/linguist/blob/master/lib/linguist/languages.yml
pl/typoscript,.typoscript,pygments,primary,TypoScriptLexer,pygments.lexers._mapping.LEXERS (via master CSV)
pl/typst,.typ,linguist,primary,Typst,https://github.com/github-linguist/linguist/blob/master/lib/linguist/languages.yml
pl/typst,.typ,pygments,primary,TypstLexer,pygments.lexers._mapping.LEXERS (via master CSV)
pl/unicon,.icn,pygments,primary,UniconLexer,pygments.lexers._mapping.LEXERS (via master CSV)
pl/unified-parallel-c,.upc,linguist,primary,Unified Parallel C,https://github.com/github-linguist/linguist/blob/master/lib/linguist/languages.yml
pl/unity3d-asset,.anim,linguist,primary,Unity3D Asset,https://github.com/github-linguist/linguist/blob/master/lib/linguist/languages.yml
pl/unity3d-asset,.asset,linguist,secondary,Unity3D Asset,https://github.com/github-linguist/linguist/blob/master/lib/linguist/languages.yml
pl/unity3d-asset,.mask,linguist,secondary,Unity3D Asset,https://github.com/github-linguist/linguist/blob/master/lib/linguist/languages.yml
pl/unity3d-asset,.mat,linguist,secondary,Unity3D Asset,https://github.com/github-linguist/linguist/blob/master/lib/linguist/languages.yml
pl/unity3d-asset,.meta,linguist,secondary,Unity3D Asset,https://github.com/github-linguist/linguist/blob/master/lib/linguist/languages.yml
pl/unity3d-asset,.prefab,linguist,secondary,Unity3D Asset,https://github.com/github-linguist/linguist/blob/master/lib/linguist/languages.yml
pl/unity3d-asset,.unity,linguist,secondary,Unity3D Asset,https://github.com/github-linguist/linguist/blob/master/lib/linguist/languages.yml
pl/unity3d-asset,.mask,pygments,primary,MaskLexer,pygments.lexers._mapping.LEXERS (via master CSV)
pl/unix-assembly,.s,linguist,primary,Unix Assembly,https://github.com/github-linguist/linguist/blob/master/lib/linguist/languages.yml
pl/unix-assembly,.ms,linguist,secondary,Unix Assembly,https://github.com/github-linguist/linguist/blob/master/lib/linguist/languages.yml
pl/unix-assembly,.ms,pygments,primary,MiniScriptLexer,pygments.lexers._mapping.LEXERS (via master CSV)
pl/uno,.uno,linguist,primary,Uno,https://github.com/github-linguist/linguist/blob/master/lib/linguist/languages.yml
pl/unrealscript,.uc,linguist,primary,UnrealScript,https://github.com/github-linguist/linguist/blob/master/lib/linguist/languages.yml
pl/untyped-plutus-core,.uplc,linguist,primary,Untyped Plutus Core,https://github.com/github-linguist/linguist/blob/master/lib/linguist/languages.yml
pl/urbiscript,.u,pygments,primary,UrbiscriptLexer,pygments.lexers._mapping.LEXERS (via master CSV)
pl/urweb,.ur,linguist,primary,UrWeb,https://github.com/github-linguist/linguist/blob/master/lib/linguist/languages.yml
pl/urweb,.urs,linguist,secondary,UrWeb,https://github.com/github-linguist/linguist/blob/master/lib/linguist/languages.yml
pl/usd,.usd,pygments,primary,UsdLexer,pygments.lexers._mapping.LEXERS (via master CSV)
pl/usd,.usda,pygments,secondary,UsdLexer,pygments.lexers._mapping.LEXERS (via master CSV)
pl/uxntal,.tal,pygments,primary,TalLexer,pygments.lexers._mapping.LEXERS (via master CSV)
pl/v,.v,linguist,primary,V,https://github.com/github-linguist/linguist/blob/master/lib/linguist/languages.yml
pl/v,.v,pygments,primary,VerilogLexer,pygments.lexers._mapping.LEXERS (via master CSV)
pl/v-programming-language,.v,pygments,primary,VerilogLexer,pygments.lexers._mapping.LEXERS (via master CSV)
pl/vala,.vala,linguist,primary,Vala,https://github.com/github-linguist/linguist/blob/master/lib/linguist/languages.yml
pl/vala,.vapi,linguist,secondary,Vala,https://github.com/github-linguist/linguist/blob/master/lib/linguist/languages.yml
pl/vala,.vala,pygments,primary,ValaLexer,pygments.lexers._mapping.LEXERS (via master CSV)
pl/vala,.vapi,pygments,secondary,ValaLexer,pygments.lexers._mapping.LEXERS (via master CSV)
pl/vala-programming-language,.vala,pygments,primary,ValaLexer,pygments.lexers._mapping.LEXERS (via master CSV)
pl/vala-programming-language,.vapi,pygments,secondary,ValaLexer,pygments.lexers._mapping.LEXERS (via master CSV)
pl/valve-data-format,.vdf,linguist,primary,Valve Data Format,https://github.com/github-linguist/linguist/blob/master/lib/linguist/languages.yml
pl/vba,.bas,linguist,primary,VBA,https://github.com/github-linguist/linguist/blob/master/lib/linguist/languages.yml
pl/vba,.cls,linguist,secondary,VBA,https://github.com/github-linguist/linguist/blob/master/lib/linguist/languages.yml
pl/vba,.frm,linguist,secondary,VBA,https://github.com/github-linguist/linguist/blob/master/lib/linguist/languages.yml
pl/vba,.vba,linguist,secondary,VBA,https://github.com/github-linguist/linguist/blob/master/lib/linguist/languages.yml
pl/vba,.vb,pygments,primary,VbNetLexer,pygments.lexers._mapping.LEXERS (via master CSV)
pl/vba,.bas,pygments,secondary,VbNetLexer,pygments.lexers._mapping.LEXERS (via master CSV)
pl/vbscript,.vbs,linguist,primary,VBScript,https://github.com/github-linguist/linguist/blob/master/lib/linguist/languages.yml
pl/vbscript,.vbs,pygments,primary,VBScriptLexer,pygments.lexers._mapping.LEXERS (via master CSV)
pl/vcard,.vcf,linguist,primary,vCard,https://github.com/github-linguist/linguist/blob/master/lib/linguist/languages.yml
pl/vcl,.vcl,linguist,primary,VCL,https://github.com/github-linguist/linguist/blob/master/lib/linguist/languages.yml
pl/vcl,.vcl,pygments,primary,VCLLexer,pygments.lexers._mapping.LEXERS (via master CSV)
pl/velocity-template-language,.vtl,linguist,primary,Velocity Template Language,https://github.com/github-linguist/linguist/blob/master/lib/linguist/languages.yml
pl/velocity-template-language,.vm,pygments,primary,VelocityLexer,pygments.lexers._mapping.LEXERS (via master CSV)
pl/velocity-template-language,.fhtml,pygments,secondary,VelocityLexer,pygments.lexers._mapping.LEXERS (via master CSV)
pl/vento,.vto,linguist,primary,Vento,https://github.com/github-linguist/linguist/blob/master/lib/linguist/languages.yml
pl/verifpal,.vp,pygments,primary,VerifpalLexer,pygments.lexers._mapping.LEXERS (via master CSV)
pl/verilog,.v,linguist,primary,Verilog,https://github.com/github-linguist/linguist/blob/master/lib/linguist/languages.yml
pl/verilog,.veo,linguist,secondary,Verilog,https://github.com/github-linguist/linguist/blob/master/lib/linguist/languages.yml
pl/verilog,.v,pygments,primary,VerilogLexer,pygments.lexers._mapping.LEXERS (via master CSV)
pl/vhdl,.vhdl,linguist,primary,VHDL,https://github.com/github-linguist/linguist/blob/master/lib/linguist/languages.yml
pl/vhdl,.vhd,linguist,secondary,VHDL,https://github.com/github-linguist/linguist/blob/master/lib/linguist/languages.yml
pl/vhdl,.vhf,linguist,secondary,VHDL,https://github.com/github-linguist/linguist/blob/master/lib/linguist/languages.yml
pl/vhdl,.vhi,linguist,secondary,VHDL,https://github.com/github-linguist/linguist/blob/master/lib/linguist/languages.yml
pl/vhdl,.vho,linguist,secondary,VHDL,https://github.com/github-linguist/linguist/blob/master/lib/linguist/languages.yml
pl/vhdl,.vhs,linguist,secondary,VHDL,https://github.com/github-linguist/linguist/blob/master/lib/linguist/languages.yml
pl/vhdl,.vht,linguist,secondary,VHDL,https://github.com/github-linguist/linguist/blob/master/lib/linguist/languages.yml
pl/vhdl,.vhw,linguist,secondary,VHDL,https://github.com/github-linguist/linguist/blob/master/lib/linguist/languages.yml
pl/vhdl,.vhdl,pygments,primary,VhdlLexer,pygments.lexers._mapping.LEXERS (via master CSV)
pl/vhdl,.vhd,pygments,secondary,VhdlLexer,pygments.lexers._mapping.LEXERS (via master CSV)
pl/vim,.vim,pygments,primary,VimLexer,pygments.lexers._mapping.LEXERS (via master CSV)
pl/vim,.vimrc,pygments,secondary,VimLexer,pygments.lexers._mapping.LEXERS (via master CSV)
pl/vim,.exrc,pygments,secondary,VimLexer,pygments.lexers._mapping.LEXERS (via master CSV)
pl/vim,.gvimrc,pygments,secondary,VimLexer,pygments.lexers._mapping.LEXERS (via master CSV)
pl/vim,._vimrc,pygments,secondary,VimLexer,pygments.lexers._mapping.LEXERS (via master CSV)
pl/vim,._exrc,pygments,secondary,VimLexer,pygments.lexers._mapping.LEXERS (via master CSV)
pl/vim,._gvimrc,pygments,secondary,VimLexer,pygments.lexers._mapping.LEXERS (via master CSV)
pl/vim-help-file,.txt,linguist,primary,Vim Help File,https://github.com/github-linguist/linguist/blob/master/lib/linguist/languages.yml
pl/vim-help-file,.txt,pygments,primary,TextLexer,pygments.lexers._mapping.LEXERS (via master CSV)
pl/vim-snippet,.snip,linguist,primary,Vim Snippet,https://github.com/github-linguist/linguist/blob/master/lib/linguist/languages.yml
pl/vim-snippet,.snippet,linguist,secondary,Vim Snippet,https://github.com/github-linguist/linguist/blob/master/lib/linguist/languages.yml
pl/vim-snippet,.snippets,linguist,secondary,Vim Snippet,https://github.com/github-linguist/linguist/blob/master/lib/linguist/languages.yml
pl/vim-script,.vim,linguist,primary,Vim Script,https://github.com/github-linguist/linguist/blob/master/lib/linguist/languages.yml
pl/vim-script,.vba,linguist,secondary,Vim Script,https://github.com/github-linguist/linguist/blob/master/lib/linguist/languages.yml
pl/vim-script,.vimrc,linguist,secondary,Vim Script,https://github.com/github-linguist/linguist/blob/master/lib/linguist/languages.yml
pl/vim-script,.vmb,linguist,secondary,Vim Script,https://github.com/github-linguist/linguist/blob/master/lib/linguist/languages.yml
pl/vim-script,.vim,pygments,primary,VimLexer,pygments.lexers._mapping.LEXERS (via master CSV)
pl/vim-script,.vimrc,pygments,secondary,VimLexer,pygments.lexers._mapping.LEXERS (via master CSV)
pl/vim-script,.exrc,pygments,secondary,VimLexer,pygments.lexers._mapping.LEXERS (via master CSV)
pl/vim-script,.gvimrc,pygments,secondary,VimLexer,pygments.lexers._mapping.LEXERS (via master CSV)
pl/vim-script,._vimrc,pygments,secondary,VimLexer,pygments.lexers._mapping.LEXERS (via master CSV)
pl/vim-script,._exrc,pygments,secondary,VimLexer,pygments.lexers._mapping.LEXERS (via master CSV)
pl/vim-script,._gvimrc,pygments,secondary,VimLexer,pygments.lexers._mapping.LEXERS (via master CSV)
pl/visual-basic-net,.vb,linguist,primary,Visual Basic .NET,https://github.com/github-linguist/linguist/blob/master/lib/linguist/languages.yml
pl/visual-basic-net,.vbhtml,linguist,secondary,Visual Basic .NET,https://github.com/github-linguist/linguist/blob/master/lib/linguist/languages.yml
pl/visual-basic-net,.vb,pygments,primary,VbNetLexer,pygments.lexers._mapping.LEXERS (via master CSV)
pl/visual-basic-net,.bas,pygments,secondary,VbNetLexer,pygments.lexers._mapping.LEXERS (via master CSV)
pl/visual-basic-6-0,.bas,linguist,primary,Visual Basic 6.0,https://github.com/github-linguist/linguist/blob/master/lib/linguist/languages.yml
pl/visual-basic-6-0,.cls,linguist,secondary,Visual Basic 6.0,https://github.com/github-linguist/linguist/blob/master/lib/linguist/languages.yml
pl/visual-basic-6-0,.ctl,linguist,secondary,Visual Basic 6.0,https://github.com/github-linguist/linguist/blob/master/lib/linguist/languages.yml
pl/visual-basic-6-0,.dsr,linguist,secondary,Visual Basic 6.0,https://github.com/github-linguist/linguist/blob/master/lib/linguist/languages.yml
pl/visual-basic-6-0,.frm,linguist,secondary,Visual Basic 6.0,https://github.com/github-linguist/linguist/blob/master/lib/linguist/languages.yml
pl/visual-basic-6-0,.vb,pygments,primary,VbNetLexer,pygments.lexers._mapping.LEXERS (via master CSV)
pl/visual-basic-6-0,.bas,pygments,secondary,VbNetLexer,pygments.lexers._mapping.LEXERS (via master CSV)
pl/visual-basic,.vb,pygments,primary,VbNetLexer,pygments.lexers._mapping.LEXERS (via master CSV)
pl/visual-basic,.bas,pygments,secondary,VbNetLexer,pygments.lexers._mapping.LEXERS (via master CSV)
pl/volt,.volt,linguist,primary,Volt,https://github.com/github-linguist/linguist/blob/master/lib/linguist/languages.yml
pl/vue,.vue,linguist,primary,Vue,https://github.com/github-linguist/linguist/blob/master/lib/linguist/languages.yml
pl/vue,.vue,pygments,primary,VueLexer,pygments.lexers._mapping.LEXERS (via master CSV)
pl/vyper,.vy,linguist,primary,Vyper,https://github.com/github-linguist/linguist/blob/master/lib/linguist/languages.yml
pl/vyper,.vy,pygments,primary,VyperLexer,pygments.lexers._mapping.LEXERS (via master CSV)
pl/wast,.wat,pygments,primary,WatLexer,pygments.lexers._mapping.LEXERS (via master CSV)
pl/wast,.wast,pygments,secondary,WatLexer,pygments.lexers._mapping.LEXERS (via master CSV)
pl/wavefront-material,.mtl,linguist,primary,Wavefront Material,https://github.com/github-linguist/linguist/blob/master/lib/linguist/languages.yml
pl/wavefront-object,.obj,linguist,primary,Wavefront Object,https://github.com/github-linguist/linguist/blob/master/lib/linguist/languages.yml
pl/wdl,.wdl,linguist,primary,WDL,https://github.com/github-linguist/linguist/blob/master/lib/linguist/languages.yml
pl/web-ontology-language,.owl,linguist,primary,Web Ontology Language,https://github.com/github-linguist/linguist/blob/master/lib/linguist/languages.yml
pl/webassembly,.wast,linguist,primary,WebAssembly,https://github.com/github-linguist/linguist/blob/master/lib/linguist/languages.yml
pl/webassembly,.wat,linguist,secondary,WebAssembly,https://github.com/github-linguist/linguist/blob/master/lib/linguist/languages.yml
pl/webassembly,.wat,pygments,primary,WatLexer,pygments.lexers._mapping.LEXERS (via master CSV)
pl/webassembly,.wast,pygments,secondary,WatLexer,pygments.lexers._mapping.LEXERS (via master CSV)
pl/webassembly-interface-type,.wit,linguist,primary,WebAssembly Interface Type,https://github.com/github-linguist/linguist/blob/master/lib/linguist/languages.yml
pl/webidl,.webidl,linguist,primary,WebIDL,https://github.com/github-linguist/linguist/blob/master/lib/linguist/languages.yml
pl/webidl,.webidl,pygments,primary,WebIDLLexer,pygments.lexers._mapping.LEXERS (via master CSV)
pl/webvtt,.vtt,linguist,primary,WebVTT,https://github.com/github-linguist/linguist/blob/master/lib/linguist/languages.yml
pl/wgsl,.wgsl,linguist,primary,WGSL,https://github.com/github-linguist/linguist/blob/master/lib/linguist/languages.yml
pl/wgsl,.wgsl,pygments,primary,WgslLexer,pygments.lexers._mapping.LEXERS (via master CSV)
pl/whiley,.whiley,linguist,primary,Whiley,https://github.com/github-linguist/linguist/blob/master/lib/linguist/languages.yml
pl/whiley,.whiley,pygments,primary,WhileyLexer,pygments.lexers._mapping.LEXERS (via master CSV)
pl/wikitext,.mediawiki,linguist,primary,Wikitext,https://github.com/github-linguist/linguist/blob/master/lib/linguist/languages.yml
pl/wikitext,.wiki,linguist,secondary,Wikitext,https://github.com/github-linguist/linguist/blob/master/lib/linguist/languages.yml
pl/wikitext,.wikitext,linguist,secondary,Wikitext,https://github.com/github-linguist/linguist/blob/master/lib/linguist/languages.yml
pl/win32-message-file,.mc,linguist,primary,Win32 Message File,https://github.com/github-linguist/linguist/blob/master/lib/linguist/languages.yml
pl/win32-message-file,.m,pygments,primary,MasonLexer,pygments.lexers._mapping.LEXERS (via master CSV)
pl/win32-message-file,.mhtml,pygments,secondary,MasonLexer,pygments.lexers._mapping.LEXERS (via master CSV)
pl/win32-message-file,.mc,pygments,secondary,MasonLexer,pygments.lexers._mapping.LEXERS (via master CSV)
pl/win32-message-file,.mi,pygments,secondary,MasonLexer,pygments.lexers._mapping.LEXERS (via master CSV)
pl/win32-message-file,.autohandler,pygments,secondary,MasonLexer,pygments.lexers._mapping.LEXERS (via master CSV)
pl/win32-message-file,.dhandler,pygments,secondary,MasonLexer,pygments.lexers._mapping.LEXERS (via master CSV)
pl/winbatch,.bat,pygments,primary,BatchLexer,pygments.lexers._mapping.LEXERS (via master CSV)
pl/winbatch,.cmd,pygments,secondary,BatchLexer,pygments.lexers._mapping.LEXERS (via master CSV)
pl/windows-registry-entries,.reg,linguist,primary,Windows Registry Entries,https://github.com/github-linguist/linguist/blob/master/lib/linguist/languages.yml
pl/windows-registry-entries,.reg,pygments,primary,RegeditLexer,pygments.lexers._mapping.LEXERS (via master CSV)
pl/wisp,.wisp,linguist,primary,wisp,https://github.com/github-linguist/linguist/blob/master/lib/linguist/languages.yml
pl/witcher-script,.ws,linguist,primary,Witcher Script,https://github.com/github-linguist/linguist/blob/master/lib/linguist/languages.yml
pl/wolfram,.nb,pygments,primary,MathematicaLexer,pygments.lexers._mapping.LEXERS (via master CSV)
pl/wolfram,.cdf,pygments,secondary,MathematicaLexer,pygments.lexers._mapping.LEXERS (via master CSV)
pl/wolfram,.nbp,pygments,secondary,MathematicaLexer,pygments.lexers._mapping.LEXERS (via master CSV)
pl/wolfram,.ma,pygments,secondary,MathematicaLexer,pygments.lexers._mapping.LEXERS (via master CSV)
pl/wolfram-language,.mathematica,linguist,primary,Wolfram Language,https://github.com/github-linguist/linguist/blob/master/lib/linguist/languages.yml
pl/wolfram-language,.cdf,linguist,secondary,Wolfram Language,https://github.com/github-linguist/linguist/blob/master/lib/linguist/languages.yml
pl/wolfram-language,.m,linguist,secondary,Wolfram Language,https://github.com/github-linguist/linguist/blob/master/lib/linguist/languages.yml
pl/wolfram-language,.ma,linguist,secondary,Wolfram Language,https://github.com/github-linguist/linguist/blob/master/lib/linguist/languages.yml
pl/wolfram-language,.mt,linguist,secondary,Wolfram Language,https://github.com/github-linguist/linguist/blob/master/lib/linguist/languages.yml
pl/wolfram-language,.nb,linguist,secondary,Wolfram Language,https://github.com/github-linguist/linguist/blob/master/lib/linguist/languages.yml
pl/wolfram-language,.nbp,linguist,secondary,Wolfram Language,https://github.com/github-linguist/linguist/blob/master/lib/linguist/languages.yml
pl/wolfram-language,.wl,linguist,secondary,Wolfram Language,https://github.com/github-linguist/linguist/blob/master/lib/linguist/languages.yml
pl/wolfram-language,.wls,linguist,secondary,Wolfram Language,https://github.com/github-linguist/linguist/blob/master/lib/linguist/languages.yml
pl/wolfram-language,.wlt,linguist,secondary,Wolfram Language,https://github.com/github-linguist/linguist/blob/master/lib/linguist/languages.yml
pl/wolfram-language,.nb,pygments,primary,MathematicaLexer,pygments.lexers._mapping.LEXERS (via master CSV)
pl/wolfram-language,.cdf,pygments,secondary,MathematicaLexer,pygments.lexers._mapping.LEXERS (via master CSV)
pl/wolfram-language,.nbp,pygments,secondary,MathematicaLexer,pygments.lexers._mapping.LEXERS (via master CSV)
pl/wolfram-language,.ma,pygments,secondary,MathematicaLexer,pygments.lexers._mapping.LEXERS (via master CSV)
pl/wollok,.wlk,linguist,primary,Wollok,https://github.com/github-linguist/linguist/blob/master/lib/linguist/languages.yml
pl/world-of-warcraft-addon-data,.toc,linguist,primary,World of Warcraft Addon Data,https://github.com/github-linguist/linguist/blob/master/lib/linguist/languages.yml
pl/world-of-warcraft-addon-data,.toc,pygments,primary,WoWTocLexer,pygments.lexers._mapping.LEXERS (via master CSV)
pl/wren,.wren,linguist,primary,Wren,https://github.com/github-linguist/linguist/blob/master/lib/linguist/languages.yml
pl/wren,.wren,pygments,primary,WrenLexer,pygments.lexers._mapping.LEXERS (via master CSV)
pl/xpp,.xpp,pygments,primary,XppLexer,pygments.lexers._mapping.LEXERS (via master CSV)
pl/x-bitmap,.xbm,linguist,primary,X BitMap,https://github.com/github-linguist/linguist/blob/master/lib/linguist/languages.yml
pl/x-pixmap,.xpm,linguist,primary,X PixMap,https://github.com/github-linguist/linguist/blob/master/lib/linguist/languages.yml
pl/x-pixmap,.pm,linguist,secondary,X PixMap,https://github.com/github-linguist/linguist/blob/master/lib/linguist/languages.yml
pl/x-pixmap,.pml,pygments,primary,PromelaLexer,pygments.lexers._mapping.LEXERS (via master CSV)
pl/x-pixmap,.prom,pygments,secondary,PromelaLexer,pygments.lexers._mapping.LEXERS (via master CSV)
pl/x-pixmap,.prm,pygments,secondary,PromelaLexer,pygments.lexers._mapping.LEXERS (via master CSV)
pl/x-pixmap,.promela,pygments,secondary,PromelaLexer,pygments.lexers._mapping.LEXERS (via master CSV)
pl/x-pixmap,.pr,pygments,secondary,PromelaLexer,pygments.lexers._mapping.LEXERS (via master CSV)
pl/x-pixmap,.pm,pygments,secondary,PromelaLexer,pygments.lexers._mapping.LEXERS (via master CSV)
pl/x10,.x10,linguist,primary,X10,https://github.com/github-linguist/linguist/blob/master/lib/linguist/languages.yml
pl/x10,.x10,pygments,primary,X10Lexer,pygments.lexers._mapping.LEXERS (via master CSV)
pl/xbase,.prg,linguist,primary,xBase,https://github.com/github-linguist/linguist/blob/master/lib/linguist/languages.yml
pl/xbase,.ch,linguist,secondary,xBase,https://github.com/github-linguist/linguist/blob/master/lib/linguist/languages.yml
pl/xbase,.prw,linguist,secondary,xBase,https://github.com/github-linguist/linguist/blob/master/lib/linguist/languages.yml
pl/xbase,.prg,pygments,primary,FoxProLexer,pygments.lexers._mapping.LEXERS (via master CSV)
pl/xc,.xc,linguist,primary,XC,https://github.com/github-linguist/linguist/blob/master/lib/linguist/languages.yml
pl/xml,.xml,linguist,primary,XML,https://github.com/github-linguist/linguist/blob/master/lib/linguist/languages.yml
pl/xml,.adml,linguist,secondary,XML,https://github.com/github-linguist/linguist/blob/master/lib/linguist/languages.yml
pl/xml,.admx,linguist,secondary,XML,https://github.com/github-linguist/linguist/blob/master/lib/linguist/languages.yml
pl/xml,.ant,linguist,secondary,XML,https://github.com/github-linguist/linguist/blob/master/lib/linguist/languages.yml
pl/xml,.axaml,linguist,secondary,XML,https://github.com/github-linguist/linguist/blob/master/lib/linguist/languages.yml
pl/xml,.axml,linguist,secondary,XML,https://github.com/github-linguist/linguist/blob/master/lib/linguist/languages.yml
pl/xml,.builds,linguist,secondary,XML,https://github.com/github-linguist/linguist/blob/master/lib/linguist/languages.yml
pl/xml,.ccproj,linguist,secondary,XML,https://github.com/github-linguist/linguist/blob/master/lib/linguist/languages.yml
pl/xml,.ccxml,linguist,secondary,XML,https://github.com/github-linguist/linguist/blob/master/lib/linguist/languages.yml
pl/xml,.clixml,linguist,secondary,XML,https://github.com/github-linguist/linguist/blob/master/lib/linguist/languages.yml
pl/xml,.cproject,linguist,secondary,XML,https://github.com/github-linguist/linguist/blob/master/lib/linguist/languages.yml
pl/xml,.cscfg,linguist,secondary,XML,https://github.com/github-linguist/linguist/blob/master/lib/linguist/languages.yml
pl/xml,.csdef,linguist,secondary,XML,https://github.com/github-linguist/linguist/blob/master/lib/linguist/languages.yml
pl/xml,.csl,linguist,secondary,XML,https://github.com/github-linguist/linguist/blob/master/lib/linguist/languages.yml
pl/xml,.csproj,linguist,secondary,XML,https://github.com/github-linguist/linguist/blob/master/lib/linguist/languages.yml
pl/xml,.ct,linguist,secondary,XML,https://github.com/github-linguist/linguist/blob/master/lib/linguist/languages.yml
pl/xml,.depproj,linguist,secondary,XML,https://github.com/github-linguist/linguist/blob/master/lib/linguist/languages.yml
pl/xml,.dita,linguist,secondary,XML,https://github.com/github-linguist/linguist/blob/master/lib/linguist/languages.yml
pl/xml,.ditamap,linguist,secondary,XML,https://github.com/github-linguist/linguist/blob/master/lib/linguist/languages.yml
pl/xml,.ditaval,linguist,secondary,XML,https://github.com/github-linguist/linguist/blob/master/lib/linguist/languages.yml
pl/xml,.dotsettings,linguist,secondary,XML,https://github.com/github-linguist/linguist/blob/master/lib/linguist/languages.yml
pl/xml,.filters,linguist,secondary,XML,https://github.com/github-linguist/linguist/blob/master/lib/linguist/languages.yml
pl/xml,.fsproj,linguist,secondary,XML,https://github.com/github-linguist/linguist/blob/master/lib/linguist/languages.yml
pl/xml,.fxml,linguist,secondary,XML,https://github.com/github-linguist/linguist/blob/master/lib/linguist/languages.yml
pl/xml,.glade,linguist,secondary,XML,https://github.com/github-linguist/linguist/blob/master/lib/linguist/languages.yml
pl/xml,.gml,linguist,secondary,XML,https://github.com/github-linguist/linguist/blob/master/lib/linguist/languages.yml
pl/xml,.gmx,linguist,secondary,XML,https://github.com/github-linguist/linguist/blob/master/lib/linguist/languages.yml
pl/xml,.gpx,linguist,secondary,XML,https://github.com/github-linguist/linguist/blob/master/lib/linguist/languages.yml
pl/xml,.grxml,linguist,secondary,XML,https://github.com/github-linguist/linguist/blob/master/lib/linguist/languages.yml
pl/xml,.gst,linguist,secondary,XML,https://github.com/github-linguist/linguist/blob/master/lib/linguist/languages.yml
pl/xml,.hzp,linguist,secondary,XML,https://github.com/github-linguist/linguist/blob/master/lib/linguist/languages.yml
pl/xml,.iml,linguist,secondary,XML,https://github.com/github-linguist/linguist/blob/master/lib/linguist/languages.yml
pl/xml,.ivy,linguist,secondary,XML,https://github.com/github-linguist/linguist/blob/master/lib/linguist/languages.yml
pl/xml,.jelly,linguist,secondary,XML,https://github.com/github-linguist/linguist/blob/master/lib/linguist/languages.yml
pl/xml,.jsproj,linguist,secondary,XML,https://github.com/github-linguist/linguist/blob/master/lib/linguist/languages.yml
pl/xml,.kml,linguist,secondary,XML,https://github.com/github-linguist/linguist/blob/master/lib/linguist/languages.yml
pl/xml,.launch,linguist,secondary,XML,https://github.com/github-linguist/linguist/blob/master/lib/linguist/languages.yml
pl/xml,.mdpolicy,linguist,secondary,XML,https://github.com/github-linguist/linguist/blob/master/lib/linguist/languages.yml
pl/xml,.mjml,linguist,secondary,XML,https://github.com/github-linguist/linguist/blob/master/lib/linguist/languages.yml
pl/xml,.mm,linguist,secondary,XML,https://github.com/github-linguist/linguist/blob/master/lib/linguist/languages.yml
pl/xml,.mod,linguist,secondary,XML,https://github.com/github-linguist/linguist/blob/master/lib/linguist/languages.yml
pl/xml,.mojo,linguist,secondary,XML,https://github.com/github-linguist/linguist/blob/master/lib/linguist/languages.yml
pl/xml,.mxml,linguist,secondary,XML,https://github.com/github-linguist/linguist/blob/master/lib/linguist/languages.yml
pl/xml,.natvis,linguist,secondary,XML,https://github.com/github-linguist/linguist/blob/master/lib/linguist/languages.yml
pl/xml,.ncl,linguist,secondary,XML,https://github.com/github-linguist/linguist/blob/master/lib/linguist/languages.yml
pl/xml,.ndproj,linguist,secondary,XML,https://github.com/github-linguist/linguist/blob/master/lib/linguist/languages.yml
pl/xml,.nproj,linguist,secondary,XML,https://github.com/github-linguist/linguist/blob/master/lib/linguist/languages.yml
pl/xml,.nuspec,linguist,secondary,XML,https://github.com/github-linguist/linguist/blob/master/lib/linguist/languages.yml
pl/xml,.odd,linguist,secondary,XML,https://github.com/github-linguist/linguist/blob/master/lib/linguist/languages.yml
pl/xml,.osm,linguist,secondary,XML,https://github.com/github-linguist/linguist/blob/master/lib/linguist/languages.yml
pl/xml,.pkgproj,linguist,secondary,XML,https://github.com/github-linguist/linguist/blob/master/lib/linguist/languages.yml
pl/xml,.pluginspec,linguist,secondary,XML,https://github.com/github-linguist/linguist/blob/master/lib/linguist/languages.yml
pl/xml,.proj,linguist,secondary,XML,https://github.com/github-linguist/linguist/blob/master/lib/linguist/languages.yml
pl/xml,.props,linguist,secondary,XML,https://github.com/github-linguist/linguist/blob/master/lib/linguist/languages.yml
pl/xml,.ps1xml,linguist,secondary,XML,https://github.com/github-linguist/linguist/blob/master/lib/linguist/languages.yml
pl/xml,.psc1,linguist,secondary,XML,https://github.com/github-linguist/linguist/blob/master/lib/linguist/languages.yml
pl/xml,.pt,linguist,secondary,XML,https://github.com/github-linguist/linguist/blob/master/lib/linguist/languages.yml
pl/xml,.pubxml,linguist,secondary,XML,https://github.com/github-linguist/linguist/blob/master/lib/linguist/languages.yml
pl/xml,.qhelp,linguist,secondary,XML,https://github.com/github-linguist/linguist/blob/master/lib/linguist/languages.yml
pl/xml,.rdf,linguist,secondary,XML,https://github.com/github-linguist/linguist/blob/master/lib/linguist/languages.yml
pl/xml,.res,linguist,secondary,XML,https://github.com/github-linguist/linguist/blob/master/lib/linguist/languages.yml
pl/xml,.resx,linguist,secondary,XML,https://github.com/github-linguist/linguist/blob/master/lib/linguist/languages.yml
pl/xml,.rs,linguist,secondary,XML,https://github.com/github-linguist/linguist/blob/master/lib/linguist/languages.yml
pl/xml,.rss,linguist,secondary,XML,https://github.com/github-linguist/linguist/blob/master/lib/linguist/languages.yml
pl/xml,.sch,linguist,secondary,XML,https://github.com/github-linguist/linguist/blob/master/lib/linguist/languages.yml
pl/xml,.scxml,linguist,secondary,XML,https://github.com/github-linguist/linguist/blob/master/lib/linguist/languages.yml
pl/xml,.sfproj,linguist,secondary,XML,https://github.com/github-linguist/linguist/blob/master/lib/linguist/languages.yml
pl/xml,.shproj,linguist,secondary,XML,https://github.com/github-linguist/linguist/blob/master/lib/linguist/languages.yml
pl/xml,.slnx,linguist,secondary,XML,https://github.com/github-linguist/linguist/blob/master/lib/linguist/languages.yml
pl/xml,.srdf,linguist,secondary,XML,https://github.com/github-linguist/linguist/blob/master/lib/linguist/languages.yml
pl/xml,.storyboard,linguist,secondary,XML,https://github.com/github-linguist/linguist/blob/master/lib/linguist/languages.yml
pl/xml,.sw,linguist,secondary,XML,https://github.com/github-linguist/linguist/blob/master/lib/linguist/languages.yml
pl/xml,.targets,linguist,secondary,XML,https://github.com/github-linguist/linguist/blob/master/lib/linguist/languages.yml
pl/xml,.tml,linguist,secondary,XML,https://github.com/github-linguist/linguist/blob/master/lib/linguist/languages.yml
pl/xml,.ts,linguist,secondary,XML,https://github.com/github-linguist/linguist/blob/master/lib/linguist/languages.yml
pl/xml,.tsx,linguist,secondary,XML,https://github.com/github-linguist/linguist/blob/master/lib/linguist/languages.yml
pl/xml,.typ,linguist,secondary,XML,https://github.com/github-linguist/linguist/blob/master/lib/linguist/languages.yml
pl/xml,.ui,linguist,secondary,XML,https://github.com/github-linguist/linguist/blob/master/lib/linguist/languages.yml
pl/xml,.urdf,linguist,secondary,XML,https://github.com/github-linguist/linguist/blob/master/lib/linguist/languages.yml
pl/xml,.ux,linguist,secondary,XML,https://github.com/github-linguist/linguist/blob/master/lib/linguist/languages.yml
pl/xml,.vbproj,linguist,secondary,XML,https://github.com/github-linguist/linguist/blob/master/lib/linguist/languages.yml
pl/xml,.vcxproj,linguist,secondary,XML,https://github.com/github-linguist/linguist/blob/master/lib/linguist/languages.yml
pl/xml,.vsixmanifest,linguist,secondary,XML,https://github.com/github-linguist/linguist/blob/master/lib/linguist/languages.yml
pl/xml,.vssettings,linguist,secondary,XML,https://github.com/github-linguist/linguist/blob/master/lib/linguist/languages.yml
pl/xml,.vstemplate,linguist,secondary,XML,https://github.com/github-linguist/linguist/blob/master/lib/linguist/languages.yml
pl/xml,.vxml,linguist,secondary,XML,https://github.com/github-linguist/linguist/blob/master/lib/linguist/languages.yml
pl/xml,.wixproj,linguist,secondary,XML,https://github.com/github-linguist/linguist/blob/master/lib/linguist/languages.yml
pl/xml,.workflow,linguist,secondary,XML,https://github.com/github-linguist/linguist/blob/master/lib/linguist/languages.yml
pl/xml,.wsdl,linguist,secondary,XML,https://github.com/github-linguist/linguist/blob/master/lib/linguist/languages.yml
pl/xml,.wsf,linguist,secondary,XML,https://github.com/github-linguist/linguist/blob/master/lib/linguist/languages.yml
pl/xml,.wxi,linguist,secondary,XML,https://github.com/github-linguist/linguist/blob/master/lib/linguist/languages.yml
pl/xml,.wxl,linguist,secondary,XML,https://github.com/github-linguist/linguist/blob/master/lib/linguist/languages.yml
pl/xml,.wxs,linguist,secondary,XML,https://github.com/github-linguist/linguist/blob/master/lib/linguist/languages.yml
pl/xml,.x3d,linguist,secondary,XML,https://github.com/github-linguist/linguist/blob/master/lib/linguist/languages.yml
pl/xml,.xacro,linguist,secondary,XML,https://github.com/github-linguist/linguist/blob/master/lib/linguist/languages.yml
pl/xml,.xaml,linguist,secondary,XML,https://github.com/github-linguist/linguist/blob/master/lib/linguist/languages.yml
pl/xml,.xib,linguist,secondary,XML,https://github.com/github-linguist/linguist/blob/master/lib/linguist/languages.yml
pl/xml,.xlf,linguist,secondary,XML,https://github.com/github-linguist/linguist/blob/master/lib/linguist/languages.yml
pl/xml,.xliff,linguist,secondary,XML,https://github.com/github-linguist/linguist/blob/master/lib/linguist/languages.yml
pl/xml,.xmi,linguist,secondary,XML,https://github.com/github-linguist/linguist/blob/master/lib/linguist/languages.yml
pl/xml,.xmp,linguist,secondary,XML,https://github.com/github-linguist/linguist/blob/master/lib/linguist/languages.yml
pl/xml,.xproj,linguist,secondary,XML,https://github.com/github-linguist/linguist/blob/master/lib/linguist/languages.yml
pl/xml,.xsd,linguist,secondary,XML,https://github.com/github-linguist/linguist/blob/master/lib/linguist/languages.yml
pl/xml,.xspec,linguist,secondary,XML,https://github.com/github-linguist/linguist/blob/master/lib/linguist/languages.yml
pl/xml,.xul,linguist,secondary,XML,https://github.com/github-linguist/linguist/blob/master/lib/linguist/languages.yml
pl/xml,.zcml,linguist,secondary,XML,https://github.com/github-linguist/linguist/blob/master/lib/linguist/languages.yml
pl/xml,.xml,pygments,primary,XmlLexer,pygments.lexers._mapping.LEXERS (via master CSV)
pl/xml,.xsl,pygments,secondary,XmlLexer,pygments.lexers._mapping.LEXERS (via master CSV)
pl/xml,.rss,pygments,secondary,XmlLexer,pygments.lexers._mapping.LEXERS (via master CSV)
pl/xml,.xslt,pygments,secondary,XmlLexer,pygments.lexers._mapping.LEXERS (via master CSV)
pl/xml,.xsd,pygments,secondary,XmlLexer,pygments.lexers._mapping.LEXERS (via master CSV)
pl/xml,.wsdl,pygments,secondary,XmlLexer,pygments.lexers._mapping.LEXERS (via master CSV)
pl/xml,.wsf,pygments,secondary,XmlLexer,pygments.lexers._mapping.LEXERS (via master CSV)
pl/xml-property-list,.plist,linguist,primary,XML Property List,https://github.com/github-linguist/linguist/blob/master/lib/linguist/languages.yml
pl/xml-property-list,.sttheme,linguist,secondary,XML Property List,https://github.com/github-linguist/linguist/blob/master/lib/linguist/languages.yml
pl/xml-property-list,.tmcommand,linguist,secondary,XML Property List,https://github.com/github-linguist/linguist/blob/master/lib/linguist/languages.yml
pl/xml-property-list,.tmlanguage,linguist,secondary,XML Property List,https://github.com/github-linguist/linguist/blob/master/lib/linguist/languages.yml
pl/xml-property-list,.tmsnippet,linguist,secondary,XML Property List,https://github.com/github-linguist/linguist/blob/master/lib/linguist/languages.yml
pl/xml-property-list,.tmtheme,linguist,secondary,XML Property List,https://github.com/github-linguist/linguist/blob/master/lib/linguist/languages.yml
pl/xojo,.xojo_code,linguist,primary,Xojo,https://github.com/github-linguist/linguist/blob/master/lib/linguist/languages.yml
pl/xojo,.xojo_menu,linguist,secondary,Xojo,https://github.com/github-linguist/linguist/blob/master/lib/linguist/languages.yml
pl/xojo,.xojo_report,linguist,secondary,Xojo,https://github.com/github-linguist/linguist/blob/master/lib/linguist/languages.yml
pl/xojo,.xojo_script,linguist,secondary,Xojo,https://github.com/github-linguist/linguist/blob/master/lib/linguist/languages.yml
pl/xojo,.xojo_toolbar,linguist,secondary,Xojo,https://github.com/github-linguist/linguist/blob/master/lib/linguist/languages.yml
pl/xojo,.xojo_window,linguist,secondary,Xojo,https://github.com/github-linguist/linguist/blob/master/lib/linguist/languages.yml
pl/xonsh,.xsh,linguist,primary,Xonsh,https://github.com/github-linguist/linguist/blob/master/lib/linguist/languages.yml
pl/xpages,.xsp-config,linguist,primary,XPages,https://github.com/github-linguist/linguist/blob/master/lib/linguist/languages.yml
pl/xproc,.xpl,linguist,primary,XProc,https://github.com/github-linguist/linguist/blob/master/lib/linguist/languages.yml
pl/xproc,.xproc,linguist,secondary,XProc,https://github.com/github-linguist/linguist/blob/master/lib/linguist/languages.yml
pl/xproc,.xsl,pygments,primary,XsltLexer,pygments.lexers._mapping.LEXERS (via master CSV)
pl/xproc,.xslt,pygments,secondary,XsltLexer,pygments.lexers._mapping.LEXERS (via master CSV)
pl/xproc,.xpl,pygments,secondary,XsltLexer,pygments.lexers._mapping.LEXERS (via master CSV)
pl/xql,.xqy,pygments,primary,XQueryLexer,pygments.lexers._mapping.LEXERS (via master CSV)
pl/xql,.xquery,pygments,secondary,XQueryLexer,pygments.lexers._mapping.LEXERS (via master CSV)
pl/xql,.xq,pygments,secondary,XQueryLexer,pygments.lexers._mapping.LEXERS (via master CSV)
pl/xql,.xql,pygments,secondary,XQueryLexer,pygments.lexers._mapping.LEXERS (via master CSV)
pl/xql,.xqm,pygments,secondary,XQueryLexer,pygments.lexers._mapping.LEXERS (via master CSV)
pl/xquery,.xquery,linguist,primary,XQuery,https://github.com/github-linguist/linguist/blob/master/lib/linguist/languages.yml
pl/xquery,.xq,linguist,secondary,XQuery,https://github.com/github-linguist/linguist/blob/master/lib/linguist/languages.yml
pl/xquery,.xql,linguist,secondary,XQuery,https://github.com/github-linguist/linguist/blob/master/lib/linguist/languages.yml
pl/xquery,.xqm,linguist,secondary,XQuery,https://github.com/github-linguist/linguist/blob/master/lib/linguist/languages.yml
pl/xquery,.xqy,linguist,secondary,XQuery,https://github.com/github-linguist/linguist/blob/master/lib/linguist/languages.yml
pl/xquery,.xqy,pygments,primary,XQueryLexer,pygments.lexers._mapping.LEXERS (via master CSV)
pl/xquery,.xquery,pygments,secondary,XQueryLexer,pygments.lexers._mapping.LEXERS (via master CSV)
pl/xquery,.xq,pygments,secondary,XQueryLexer,pygments.lexers._mapping.LEXERS (via master CSV)
pl/xquery,.xql,pygments,secondary,XQueryLexer,pygments.lexers._mapping.LEXERS (via master CSV)
pl/xquery,.xqm,pygments,secondary,XQueryLexer,pygments.lexers._mapping.LEXERS (via master CSV)
pl/xs,.xs,linguist,primary,XS,https://github.com/github-linguist/linguist/blob/master/lib/linguist/languages.yml
pl/xslt,.xslt,linguist,primary,XSLT,https://github.com/github-linguist/linguist/blob/master/lib/linguist/languages.yml
pl/xslt,.xsl,linguist,secondary,XSLT,https://github.com/github-linguist/linguist/blob/master/lib/linguist/languages.yml
pl/xslt,.xsl,pygments,primary,XsltLexer,pygments.lexers._mapping.LEXERS (via master CSV)
pl/xslt,.xslt,pygments,secondary,XsltLexer,pygments.lexers._mapping.LEXERS (via master CSV)
pl/xslt,.xpl,pygments,secondary,XsltLexer,pygments.lexers._mapping.LEXERS (via master CSV)
pl/xtend,.xtend,linguist,primary,Xtend,https://github.com/github-linguist/linguist/blob/master/lib/linguist/languages.yml
pl/xtend,.xtend,pygments,primary,XtendLexer,pygments.lexers._mapping.LEXERS (via master CSV)
pl/yacc,.y,linguist,primary,Yacc,https://github.com/github-linguist/linguist/blob/master/lib/linguist/languages.yml
pl/yacc,.yacc,linguist,secondary,Yacc,https://github.com/github-linguist/linguist/blob/master/lib/linguist/languages.yml
pl/yacc,.yy,linguist,secondary,Yacc,https://github.com/github-linguist/linguist/blob/master/lib/linguist/languages.yml
pl/yaml,.yml,linguist,primary,YAML,https://github.com/github-linguist/linguist/blob/master/lib/linguist/languages.yml
pl/yaml,.mir,linguist,secondary,YAML,https://github.com/github-linguist/linguist/blob/master/lib/linguist/languages.yml
pl/yaml,.reek,linguist,secondary,YAML,https://github.com/github-linguist/linguist/blob/master/lib/linguist/languages.yml
pl/yaml,.rviz,linguist,secondary,YAML,https://github.com/github-linguist/linguist/blob/master/lib/linguist/languages.yml
pl/yaml,.syntax,linguist,secondary,YAML,https://github.com/github-linguist/linguist/blob/master/lib/linguist/languages.yml
pl/yaml,.yaml,linguist,secondary,YAML,https://github.com/github-linguist/linguist/blob/master/lib/linguist/languages.yml
pl/yaml,.yaml,pygments,primary,YamlLexer,pygments.lexers._mapping.LEXERS (via master CSV)
pl/yaml,.yml,pygments,secondary,YamlLexer,pygments.lexers._mapping.LEXERS (via master CSV)
pl/yang,.yang,linguist,primary,YANG,https://github.com/github-linguist/linguist/blob/master/lib/linguist/languages.yml
pl/yang,.yang,pygments,primary,YangLexer,pygments.lexers._mapping.LEXERS (via master CSV)
pl/yara,.yar,linguist,primary,YARA,https://github.com/github-linguist/linguist/blob/master/lib/linguist/languages.yml
pl/yara,.yara,linguist,secondary,YARA,https://github.com/github-linguist/linguist/blob/master/lib/linguist/languages.yml
pl/yara,.yar,pygments,primary,YaraLexer,pygments.lexers._mapping.LEXERS (via master CSV)
pl/yasnippet,.yasnippet,linguist,primary,YASnippet,https://github.com/github-linguist/linguist/blob/master/lib/linguist/languages.yml
pl/yul,.yul,linguist,primary,Yul,https://github.com/github-linguist/linguist/blob/master/lib/linguist/languages.yml
pl/zap,.zap,linguist,primary,ZAP,https://github.com/github-linguist/linguist/blob/master/lib/linguist/languages.yml
pl/zap,.xzap,linguist,secondary,ZAP,https://github.com/github-linguist/linguist/blob/master/lib/linguist/languages.yml
pl/zeek,.zeek,linguist,primary,Zeek,https://github.com/github-linguist/linguist/blob/master/lib/linguist/languages.yml
pl/zeek,.bro,linguist,secondary,Zeek,https://github.com/github-linguist/linguist/blob/master/lib/linguist/languages.yml
pl/zeek,.zeek,pygments,primary,ZeekLexer,pygments.lexers._mapping.LEXERS (via master CSV)
pl/zeek,.bro,pygments,secondary,ZeekLexer,pygments.lexers._mapping.LEXERS (via master CSV)
pl/zenscript,.zs,linguist,primary,ZenScript,https://github.com/github-linguist/linguist/blob/master/lib/linguist/languages.yml
pl/zephir,.zep,linguist,primary,Zephir,https://github.com/github-linguist/linguist/blob/master/lib/linguist/languages.yml
pl/zephir,.zep,pygments,primary,ZephirLexer,pygments.lexers._mapping.LEXERS (via master CSV)
pl/zig,.zig,linguist,primary,Zig,https://github.com/github-linguist/linguist/blob/master/lib/linguist/languages.yml
pl/zig,.zig,pygments,primary,ZigLexer,pygments.lexers._mapping.LEXERS (via master CSV)
pl/zig-programming-language,.zig,pygments,primary,ZigLexer,pygments.lexers._mapping.LEXERS (via master CSV)
pl/zil,.zil,linguist,primary,ZIL,https://github.com/github-linguist/linguist/blob/master/lib/linguist/languages.yml
pl/zil,.mud,linguist,secondary,ZIL,https://github.com/github-linguist/linguist/blob/master/lib/linguist/languages.yml
pl/zimpl,.zimpl,linguist,primary,Zimpl,https://github.com/github-linguist/linguist/blob/master/lib/linguist/languages.yml
pl/zimpl,.zmpl,linguist,secondary,Zimpl,https://github.com/github-linguist/linguist/blob/master/lib/linguist/languages.yml
pl/zimpl,.zpl,linguist,secondary,Zimpl,https://github.com/github-linguist/linguist/blob/master/lib/linguist/languages.yml
pl/zmodel,.zmodel,linguist,primary,Zmodel,https://github.com/github-linguist/linguist/blob/master/lib/linguist/languages.yml
pl/zone,.zone,pygments,primary,DnsZoneLexer,pygments.lexers._mapping.LEXERS (via master CSV)
pl/portable-game-notation,.pgn,manual_add:#16,primary,Portable Game Notation,https://github.com/acherm/PL-ultimate-llm/issues/16
pl/php,.phar,wikidata,primary,Q59,https://www.wikidata.org/wiki/Q59
pl/php,.phtml,wikidata,primary,Q59,https://www.wikidata.org/wiki/Q59
pl/php,.php4,wikidata,primary,Q59,https://www.wikidata.org/wiki/Q59
pl/php,.pht,wikidata,primary,Q59,https://www.wikidata.org/wiki/Q59
pl/php,.phps,wikidata,primary,Q59,https://www.wikidata.org/wiki/Q59
pl/php,.php7,wikidata,primary,Q59,https://www.wikidata.org/wiki/Q59
pl/php,.php,wikidata,primary,Q59,https://www.wikidata.org/wiki/Q59
pl/php,.php3,wikidata,primary,Q59,https://www.wikidata.org/wiki/Q59
pl/php,.php5,wikidata,primary,Q59,https://www.wikidata.org/wiki/Q59
pl/java,.class,wikidata,primary,Q251,https://www.wikidata.org/wiki/Q251
pl/java,.jad,wikidata,primary,Q251,https://www.wikidata.org/wiki/Q251
pl/java,.jar,wikidata,primary,Q251,https://www.wikidata.org/wiki/Q251
pl/java,.java,wikidata,primary,Q251,https://www.wikidata.org/wiki/Q251
pl/java,.jmod,wikidata,primary,Q251,https://www.wikidata.org/wiki/Q251
pl/java,.war,wikipedia,proposed,Q251,https://en.wikipedia.org/wiki/Java_(programming_language)
pl/javascript,.mjs,wikidata,primary,Q2005,https://www.wikidata.org/wiki/Q2005
pl/javascript,.js,wikidata,primary,Q2005,https://www.wikidata.org/wiki/Q2005
pl/xml,.xml,wikidata,primary,Q2115,https://www.wikidata.org/wiki/Q2115
pl/csharp,.cs,wikidata,primary,Q2370,https://www.wikidata.org/wiki/Q2370
pl/csharp,.csx,wikidata,primary,Q2370,https://www.wikidata.org/wiki/Q2370
pl/cpp,.h,wikidata,primary,Q2407,https://www.wikidata.org/wiki/Q2407
pl/cpp,.c,wikidata,primary,Q2407,https://www.wikidata.org/wiki/Q2407
pl/cpp,.cpp,wikidata,primary,Q2407,https://www.wikidata.org/wiki/Q2407
pl/cpp,.cc,wikidata,primary,Q2407,https://www.wikidata.org/wiki/Q2407
pl/cpp,.hh,wikidata,primary,Q2407,https://www.wikidata.org/wiki/Q2407
pl/cpp,.hxx,wikidata,primary,Q2407,https://www.wikidata.org/wiki/Q2407
pl/cpp,.hpp,wikidata,primary,Q2407,https://www.wikidata.org/wiki/Q2407
pl/cpp,.cxx,wikidata,primary,Q2407,https://www.wikidata.org/wiki/Q2407
pl/cpp,.h++,wikidata,primary,Q2407,https://www.wikidata.org/wiki/Q2407
pl/cpp,.c++,wikidata,primary,Q2407,https://www.wikidata.org/wiki/Q2407
pl/cpp,.ixx,wikipedia,proposed,Q2407,https://en.wikipedia.org/wiki/C++
pl/tcl,.tcl,wikidata,primary,Q5288,https://www.wikidata.org/wiki/Q5288
pl/tcl,.tbc,wikidata,primary,Q5288,https://www.wikidata.org/wiki/Q5288
pl/tex,.tex,wikidata,primary,Q5301,https://www.wikidata.org/wiki/Q5301
pl/latex,.tex,wikidata,primary,Q5310,https://www.wikidata.org/wiki/Q5310
pl/html,.html,wikidata,primary,Q8811,https://www.wikidata.org/wiki/Q8811
pl/html,.htm,wikidata,primary,Q8811,https://www.wikidata.org/wiki/Q8811
pl/vbscript,.vbs,wikidata,primary,Q13743,https://www.wikidata.org/wiki/Q13743
pl/vbscript,.vbe,wikipedia,proposed,Q13743,https://en.wikipedia.org/wiki/VBScript
pl/vbscript,.wsf,wikipedia,proposed,Q13743,https://en.wikipedia.org/wiki/VBScript
pl/vbscript,.wsc,wikipedia,proposed,Q13743|note:.asp,https://en.wikipedia.org/wiki/VBScript
pl/vbscript,.hta,wikipedia,proposed,Q13743,https://en.wikipedia.org/wiki/VBScript
pl/vbscript,.htm,wikipedia,proposed,Q13743,https://en.wikipedia.org/wiki/VBScript
pl/vbscript,.html,wikipedia,proposed,Q13743,https://en.wikipedia.org/wiki/VBScript
pl/c,.h,wikidata,primary,Q15777,https://www.wikidata.org/wiki/Q15777
pl/c,.c,wikidata,primary,Q15777,https://www.wikidata.org/wiki/Q15777
pl/agda,.lagda,wikidata,primary,Q20479,https://www.wikidata.org/wiki/Q20479
pl/agda,.agda,wikidata,primary,Q20479,https://www.wikidata.org/wiki/Q20479
pl/python,.pyi,wikidata,deprecated,Q28865,https://www.wikidata.org/wiki/Q28865
pl/python,.py,wikidata,deprecated,Q28865,https://www.wikidata.org/wiki/Q28865
pl/python,.pyd,wikidata,deprecated,Q28865,https://www.wikidata.org/wiki/Q28865
pl/python,.pyz,wikidata,deprecated,Q28865,https://www.wikidata.org/wiki/Q28865
pl/python,.pyc,wikidata,deprecated,Q28865,https://www.wikidata.org/wiki/Q28865
pl/python,.pyw,wikidata,deprecated,Q28865,https://www.wikidata.org/wiki/Q28865
pl/python,.pyo,wikidata,deprecated,Q28865,https://www.wikidata.org/wiki/Q28865
pl/xslt,.xsl,wikidata,primary,Q32110,https://www.wikidata.org/wiki/Q32110
pl/xslt,.xslt,wikidata,primary,Q32110,https://www.wikidata.org/wiki/Q32110
pl/haskell,.hs,wikidata,primary,Q34010,https://www.wikidata.org/wiki/Q34010
pl/haskell,.lhs,wikidata,primary,Q34010,https://www.wikidata.org/wiki/Q34010
pl/go,.go,wikidata,primary,Q37227,https://www.wikidata.org/wiki/Q37227
pl/perl,.pl,wikidata,deprecated,Q42478,https://www.wikidata.org/wiki/Q42478
pl/perl,.pm,wikidata,deprecated,Q42478,https://www.wikidata.org/wiki/Q42478
pl/perl,.plx,wikipedia,proposed,Q42478,https://en.wikipedia.org/wiki/Perl
pl/perl,.pls,wikipedia,proposed,Q42478,https://en.wikipedia.org/wiki/Perl
pl/perl,.xs,wikipedia,proposed,Q42478,https://en.wikipedia.org/wiki/Perl
pl/perl,.t,wikipedia,proposed,Q42478,https://en.wikipedia.org/wiki/Perl
pl/perl,.pod,wikipedia,proposed,Q42478,https://en.wikipedia.org/wiki/Perl
pl/perl,.cgi,wikipedia,proposed,Q42478,https://en.wikipedia.org/wiki/Perl
pl/perl,.psgi,wikipedia,proposed,Q42478,https://en.wikipedia.org/wiki/Perl
pl/basic,.bas,wikidata,primary,Q42979,https://www.wikidata.org/wiki/Q42979
pl/rss,.rss,wikidata,primary,Q45432,https://www.wikidata.org/wiki/Q45432
pl/rss,.xml,wikidata,primary,Q45432,https://www.wikidata.org/wiki/Q45432
pl/css,.css,wikidata,primary,Q46441,https://www.wikidata.org/wiki/Q46441
pl/sql,.sql,wikidata,primary,Q47607,https://www.wikidata.org/wiki/Q47607
pl/b4x,.vb,wikidata,primary,Q50077,https://www.wikidata.org/wiki/Q50077
pl/clojure,.edn,wikidata,primary,Q51798,https://www.wikidata.org/wiki/Q51798
pl/clojure,.cljc,wikidata,primary,Q51798,https://www.wikidata.org/wiki/Q51798
pl/clojure,.cljr,wikidata,primary,Q51798,https://www.wikidata.org/wiki/Q51798
pl/clojure,.cljs,wikidata,primary,Q51798,https://www.wikidata.org/wiki/Q51798
pl/clojure,.clj,wikidata,primary,Q51798,https://www.wikidata.org/wiki/Q51798
pl/pascal,.pp,wikidata,primary,Q81571,https://www.wikidata.org/wiki/Q81571
pl/pascal,.pas,wikidata,primary,Q81571,https://www.wikidata.org/wiki/Q81571
pl/pascal,.p,wikidata,primary,Q81571,https://www.wikidata.org/wiki/Q81571
pl/fortran,.f,wikidata,primary,Q83303,https://www.wikidata.org/wiki/Q83303
pl/fortran,.for,wikidata,primary,Q83303,https://www.wikidata.org/wiki/Q83303
pl/fortran,.f90,wikidata,primary,Q83303,https://www.wikidata.org/wiki/Q83303
pl/ceylon,.ceylon,wikidata,primary,Q93482,https://www.wikidata.org/wiki/Q93482
pl/applescript,.scpt,wikidata,primary,Q129137,https://www.wikidata.org/wiki/Q129137
pl/applescript,.applescript,wikidata,primary,Q129137,https://www.wikidata.org/wiki/Q129137
pl/applescript,.scptd,wikidata,primary,Q129137,https://www.wikidata.org/wiki/Q129137
pl/cobol,.cob,wikidata,primary,Q131140,https://www.wikidata.org/wiki/Q131140
pl/cobol,.cpy,wikidata,primary,Q131140,https://www.wikidata.org/wiki/Q131140
pl/cobol,.cbl,wikidata,primary,Q131140,https://www.wikidata.org/wiki/Q131140
pl/ruby,.rbw,wikidata,primary,Q161053,https://www.wikidata.org/wiki/Q161053
pl/ruby,.rb,wikidata,primary,Q161053,https://www.wikidata.org/wiki/Q161053
pl/ruby,.ru,wikipedia,proposed,Q161053,https://en.wikipedia.org/wiki/Ruby_(programming_language)
pl/prolog,.p,wikidata,primary,Q163468,https://www.wikidata.org/wiki/Q163468
pl/prolog,.pl,wikidata,primary,Q163468,https://www.wikidata.org/wiki/Q163468
pl/prolog,.pro,wikidata,primary,Q163468,https://www.wikidata.org/wiki/Q163468
pl/asm,.s,wikidata,primary,Q165436,https://www.wikidata.org/wiki/Q165436
pl/asm,.asm,wikidata,primary,Q165436,https://www.wikidata.org/wiki/Q165436
pl/asm,.inc,wikipedia,proposed,Q165436,https://en.wikipedia.org/wiki/Assembly_language
pl/asm,.wla,wikipedia,proposed,Q165436,https://en.wikipedia.org/wiki/Assembly_language
pl/asm,.src,wikipedia,proposed,Q165436|note:as well as several others depending on the assembler,https://en.wikipedia.org/wiki/Assembly_language
pl/matlab,.m,wikidata,primary,Q169478,https://www.wikidata.org/wiki/Q169478
pl/matlab,.mat,wikidata,primary,Q169478,https://www.wikidata.org/wiki/Q169478
pl/matlab,.p,wikidata,primary,Q169478,https://www.wikidata.org/wiki/Q169478
pl/matlab,.mlpkginstall,wikidata,primary,Q169478,https://www.wikidata.org/wiki/Q169478
pl/matlab,.mlappinstall,wikidata,primary,Q169478,https://www.wikidata.org/wiki/Q169478
pl/matlab,.mlx,wikidata,primary,Q169478,https://www.wikidata.org/wiki/Q169478
pl/matlab,.mlapp,wikidata,primary,Q169478,https://www.wikidata.org/wiki/Q169478
pl/matlab,.mltbx,wikidata,primary,Q169478,https://www.wikidata.org/wiki/Q169478
pl/matlab,.mex,wikipedia,proposed,Q169478|note:*,https://en.wikipedia.org/wiki/MATLAB
pl/matlab,.fig,wikipedia,proposed,Q169478,https://en.wikipedia.org/wiki/MATLAB
pl/scheme,.ss,wikidata,primary,Q187560,https://www.wikidata.org/wiki/Q187560
pl/scheme,.scm,wikidata,primary,Q187560,https://www.wikidata.org/wiki/Q187560
pl/objective-c,.c,wikidata,primary,Q188531,https://www.wikidata.org/wiki/Q188531
pl/objective-c,.h,wikidata,primary,Q188531,https://www.wikidata.org/wiki/Q188531
pl/objective-c,.m,wikidata,primary,Q188531,https://www.wikidata.org/wiki/Q188531
pl/objective-c,.mm,wikidata,primary,Q188531,https://www.wikidata.org/wiki/Q188531
pl/freebasic,.bas,wikidata,primary,Q195929,https://www.wikidata.org/wiki/Q195929
pl/freebasic,.bi,wikidata,primary,Q195929,https://www.wikidata.org/wiki/Q195929
pl/mercury,.m,wikidata,primary,Q206040,https://www.wikidata.org/wiki/Q206040
pl/lua,.lunaire,wikidata,primary,Q207316,https://www.wikidata.org/wiki/Q207316
pl/lua,.lua,wikidata,primary,Q207316,https://www.wikidata.org/wiki/Q207316
pl/lua,.luna,wikidata,primary,Q207316,https://www.wikidata.org/wiki/Q207316
pl/lua,.anair,wikidata,primary,Q207316,https://www.wikidata.org/wiki/Q207316
pl/sgml,.sgml,wikidata,primary,Q207819,https://www.wikidata.org/wiki/Q207819
pl/sgml,.sgm,wikipedia,proposed,Q207819,https://en.wikipedia.org/wiki/Standard_Generalized_Markup_Language
pl/ocaml,.ml,wikidata,primary,Q212587,https://www.wikidata.org/wiki/Q212587
pl/ocaml,.mli,wikidata,primary,Q212587,https://www.wikidata.org/wiki/Q212587
pl/postscript,.ps,wikidata,primary,Q218170,https://www.wikidata.org/wiki/Q218170
pl/smalltalk,.st,wikidata,primary,Q235086,https://www.wikidata.org/wiki/Q235086
pl/4d,.4db,wikidata,primary,Q238349,https://www.wikidata.org/wiki/Q238349
pl/4d,.4dc,wikidata,primary,Q238349,https://www.wikidata.org/wiki/Q238349
pl/brainfuck,.bf,wikidata,primary,Q244627,https://www.wikidata.org/wiki/Q244627
pl/brainfuck,.b,wikidata,primary,Q244627,https://www.wikidata.org/wiki/Q244627
pl/xaml,.xaml,wikidata,primary,Q258778,https://www.wikidata.org/wiki/Q258778
pl/wml,.wml,wikidata,primary,Q268201,https://www.wikidata.org/wiki/Q268201
pl/scratch,.sprite,wikidata,primary,Q275131,https://www.wikidata.org/wiki/Q275131
pl/scratch,.sb,wikidata,primary,Q275131,https://www.wikidata.org/wiki/Q275131
pl/scratch,.sb2,wikidata,primary,Q275131,https://www.wikidata.org/wiki/Q275131
pl/scratch,.sprite3,wikidata,primary,Q275131,https://www.wikidata.org/wiki/Q275131
pl/scratch,.sprite2,wikidata,primary,Q275131,https://www.wikidata.org/wiki/Q275131
pl/scratch,.sb3,wikidata,primary,Q275131,https://www.wikidata.org/wiki/Q275131
pl/forth,.fs,wikidata,primary,Q275472,https://www.wikidata.org/wiki/Q275472
pl/forth,.fb,wikidata,primary,Q275472,https://www.wikidata.org/wiki/Q275472
pl/forth,.f,wikidata,primary,Q275472,https://www.wikidata.org/wiki/Q275472
pl/forth,.forth,wikidata,primary,Q275472,https://www.wikidata.org/wiki/Q275472
pl/forth,.4th,wikidata,primary,Q275472,https://www.wikidata.org/wiki/Q275472
pl/forth,.fth,wikidata,primary,Q275472,https://www.wikidata.org/wiki/Q275472
pl/yaml,.yaml,wikidata,primary,Q281876,https://www.wikidata.org/wiki/Q281876
pl/yaml,.yml,wikidata,primary,Q281876,https://www.wikidata.org/wiki/Q281876
pl/ampl,.run,wikidata,primary,Q295250,https://www.wikidata.org/wiki/Q295250
pl/ampl,.dat,wikidata,primary,Q295250,https://www.wikidata.org/wiki/Q295250
pl/ampl,.mod,wikidata,primary,Q295250,https://www.wikidata.org/wiki/Q295250
pl/d,.di,wikidata,primary,Q319268,https://www.wikidata.org/wiki/Q319268
pl/d,.d,wikidata,primary,Q319268,https://www.wikidata.org/wiki/Q319268
pl/d,.def,wikidata,primary,Q319268,https://www.wikidata.org/wiki/Q319268
pl/d,.dd,wikidata,primary,Q319268,https://www.wikidata.org/wiki/Q319268
pl/erlang,.erl,wikidata,primary,Q334879,https://www.wikidata.org/wiki/Q334879
pl/erlang,.hrl,wikipedia,proposed,Q334879,https://en.wikipedia.org/wiki/Erlang_(programming_language)
pl/asp,.asp,wikidata,primary,Q344266,https://www.wikidata.org/wiki/Q344266
pl/asp,.aspx,wikidata,primary,Q344266,https://www.wikidata.org/wiki/Q344266
pl/j,.ijs,wikidata,primary,Q383994,https://www.wikidata.org/wiki/Q383994
pl/dart,.dart,wikidata,primary,Q406009,https://www.wikidata.org/wiki/Q406009
pl/sbml,.xml,wikidata,primary,Q452197,https://www.wikidata.org/wiki/Q452197
pl/sbml,.sbml,wikidata,primary,Q452197,https://www.wikidata.org/wiki/Q452197
pl/scala,.sc,wikidata,primary,Q460584,https://www.wikidata.org/wiki/Q460584
pl/scala,.scala,wikidata,primary,Q460584,https://www.wikidata.org/wiki/Q460584
pl/apache-groovy,.groovy,wikidata,primary,Q504453,https://www.wikidata.org/wiki/Q504453
pl/apache-groovy,.gy,wikidata,primary,Q504453,https://www.wikidata.org/wiki/Q504453
pl/apache-groovy,.gvy,wikidata,primary,Q504453,https://www.wikidata.org/wiki/Q504453
pl/apache-groovy,.gsh,wikidata,primary,Q504453,https://www.wikidata.org/wiki/Q504453
pl/lolcode,.lol,wikidata,primary,Q513238,https://www.wikidata.org/wiki/Q513238
pl/lolcode,.lols,wikidata,primary,Q513238,https://www.wikidata.org/wiki/Q513238
pl/inform,.z5,wikidata,primary,Q539268,https://www.wikidata.org/wiki/Q539268
pl/inform,.inf,wikidata,primary,Q539268,https://www.wikidata.org/wiki/Q539268
pl/inform,.z8,wikidata,primary,Q539268,https://www.wikidata.org/wiki/Q539268
pl/rust,.rs,wikidata,primary,Q575650,https://www.wikidata.org/wiki/Q575650
pl/rust,.rlib,wikidata,primary,Q575650,https://www.wikidata.org/wiki/Q575650
pl/sml,.sml,wikidata,primary,Q597330,https://www.wikidata.org/wiki/Q597330
pl/xbel,.xml,wikidata,primary,Q641213,https://www.wikidata.org/wiki/Q641213
pl/f-sharp,.fs,wikidata,primary,Q648619,https://www.wikidata.org/wiki/Q648619
pl/f-sharp,.fsscript,wikidata,primary,Q648619,https://www.wikidata.org/wiki/Q648619
pl/f-sharp,.fsi,wikidata,primary,Q648619,https://www.wikidata.org/wiki/Q648619
pl/f-sharp,.fsx,wikidata,primary,Q648619,https://www.wikidata.org/wiki/Q648619
pl/musicxml,.xml,wikidata,primary,Q653301,https://www.wikidata.org/wiki/Q653301
pl/musicxml,.mxl,wikidata,primary,Q653301,https://www.wikidata.org/wiki/Q653301
pl/musicxml,.musicxml,wikidata,primary,Q653301,https://www.wikidata.org/wiki/Q653301
pl/gap,.gd,wikidata,primary,Q677161,https://www.wikidata.org/wiki/Q677161
pl/gap,.gi,wikidata,primary,Q677161,https://www.wikidata.org/wiki/Q677161
pl/gap,.g,wikidata,primary,Q677161,https://www.wikidata.org/wiki/Q677161
pl/rexx,.bat,wikidata,primary,Q685820,https://www.wikidata.org/wiki/Q685820
pl/rexx,.rex,wikidata,primary,Q685820,https://www.wikidata.org/wiki/Q685820
pl/rexx,.cmd,wikidata,primary,Q685820,https://www.wikidata.org/wiki/Q685820
pl/rexx,.rexx,wikidata,primary,Q685820,https://www.wikidata.org/wiki/Q685820
pl/rexx,.exec,wikidata,primary,Q685820,https://www.wikidata.org/wiki/Q685820
pl/asciidoc,.txt,wikidata,primary,Q723030,https://www.wikidata.org/wiki/Q723030
pl/asciidoc,.adoc,wikidata,primary,Q723030,https://www.wikidata.org/wiki/Q723030
pl/asciidoc,.asciidoc,wikidata,primary,Q723030,https://www.wikidata.org/wiki/Q723030
pl/aspectj,.aj,wikidata,primary,Q735604,https://www.wikidata.org/wiki/Q735604
pl/autoit,.a3x,wikidata,primary,Q784845,https://www.wikidata.org/wiki/Q784845
pl/autoit,.au3,wikidata,primary,Q784845,https://www.wikidata.org/wiki/Q784845
pl/mathml,.mml,wikidata,primary,Q823982,https://www.wikidata.org/wiki/Q823982
pl/wmlscript,.wmls,wikidata,primary,Q924660,https://www.wikidata.org/wiki/Q924660
pl/gml,.gml,wikidata,primary,Q926165,https://www.wikidata.org/wiki/Q926165
pl/x3d,.x3dv,wikidata,primary,Q930428,https://www.wikidata.org/wiki/Q930428
pl/x3d,.x3dvz,wikidata,primary,Q930428,https://www.wikidata.org/wiki/Q930428
pl/x3d,.x3dbz,wikidata,primary,Q930428,https://www.wikidata.org/wiki/Q930428
pl/x3d,.x3dz,wikidata,primary,Q930428,https://www.wikidata.org/wiki/Q930428
pl/x3d,.x3d,wikidata,primary,Q930428,https://www.wikidata.org/wiki/Q930428
pl/qml,.qml,wikidata,primary,Q961543,https://www.wikidata.org/wiki/Q961543
pl/typescript,.ts,wikidata,primary,Q978185,https://www.wikidata.org/wiki/Q978185
pl/typescript,.tsx,wikidata,primary,Q978185,https://www.wikidata.org/wiki/Q978185
pl/typescript,.mts,wikipedia,proposed,Q978185,https://en.wikipedia.org/wiki/TypeScript
pl/typescript,.cts,wikipedia,proposed,Q978185,https://en.wikipedia.org/wiki/TypeScript
pl/cdf,.cdf,wikidata,primary,Q1062254,https://www.wikidata.org/wiki/Q1062254
pl/coffeescript,.coffee,wikidata,primary,Q1106819,https://www.wikidata.org/wiki/Q1106819
pl/coffeescript,.litcoffee,wikipedia,proposed,Q1106819,https://en.wikipedia.org/wiki/CoffeeScript
pl/vala,.vala,wikidata,primary,Q1138939,https://www.wikidata.org/wiki/Q1138939
pl/vala,.vapi,wikidata,primary,Q1138939,https://www.wikidata.org/wiki/Q1138939
pl/seed7,.sd7,wikidata,primary,Q1186348,https://www.wikidata.org/wiki/Q1186348
pl/seed7,.s7i,wikidata,primary,Q1186348,https://www.wikidata.org/wiki/Q1186348
pl/markdown,.md,wikidata,primary,Q1193600,https://www.wikidata.org/wiki/Q1193600
pl/markdown,.mdtxt,wikidata,primary,Q1193600,https://www.wikidata.org/wiki/Q1193600
pl/markdown,.markdown,wikidata,primary,Q1193600,https://www.wikidata.org/wiki/Q1193600
pl/markdown,.mkd,wikidata,primary,Q1193600,https://www.wikidata.org/wiki/Q1193600
pl/markdown,.mdown,wikidata,primary,Q1193600,https://www.wikidata.org/wiki/Q1193600
pl/markdown,.mdtext,wikidata,primary,Q1193600,https://www.wikidata.org/wiki/Q1193600
pl/mxml,.mxml,wikidata,primary,Q1196084,https://www.wikidata.org/wiki/Q1196084
pl/m3u,.m3u8,wikidata,primary,Q1241738,https://www.wikidata.org/wiki/Q1241738
pl/m3u,.m3u,wikidata,primary,Q1241738,https://www.wikidata.org/wiki/Q1241738
pl/racket,.ss,wikidata,primary,Q1254148,https://www.wikidata.org/wiki/Q1254148
pl/racket,.scm,wikidata,primary,Q1254148,https://www.wikidata.org/wiki/Q1254148
pl/racket,.plt,wikidata,primary,Q1254148,https://www.wikidata.org/wiki/Q1254148
pl/racket,.rktd,wikidata,primary,Q1254148,https://www.wikidata.org/wiki/Q1254148
pl/racket,.rktl,wikidata,primary,Q1254148,https://www.wikidata.org/wiki/Q1254148
pl/racket,.rkt,wikidata,primary,Q1254148,https://www.wikidata.org/wiki/Q1254148
pl/textile,.textile,wikidata,primary,Q1315657,https://www.wikidata.org/wiki/Q1315657
pl/emacs-lisp,.el,wikidata,primary,Q1334586,https://www.wikidata.org/wiki/Q1334586
pl/emacs-lisp,.elc,wikidata,primary,Q1334586,https://www.wikidata.org/wiki/Q1334586
pl/emacs-lisp,.eln,wikipedia,proposed,Q1334586,https://en.wikipedia.org/wiki/Emacs_Lisp
pl/rebol,.reb,wikidata,primary,Q1359171,https://www.wikidata.org/wiki/Q1359171
pl/rebol,.r,wikidata,deprecated,Q1359171,https://www.wikidata.org/wiki/Q1359171
pl/systemverilog,.sv,wikidata,primary,Q1387402,https://www.wikidata.org/wiki/Q1387402
pl/systemverilog,.svr,wikidata,primary,Q1387402,https://www.wikidata.org/wiki/Q1387402
pl/systemverilog,.svh,wikipedia,proposed,Q1387402,https://en.wikipedia.org/wiki/SystemVerilog
pl/kixtart,.kix,wikidata,primary,Q1477376,https://www.wikidata.org/wiki/Q1477376
pl/gml,.gml,wikidata,primary,Q1543319,https://www.wikidata.org/wiki/Q1543319
pl/xproc,.xpl,wikidata,primary,Q1571494,https://www.wikidata.org/wiki/Q1571494
pl/haml,.haml,wikidata,primary,Q1573599,https://www.wikidata.org/wiki/Q1573599
pl/nyquist,.sal,wikidata,primary,Q1788197,https://www.wikidata.org/wiki/Q1788197
pl/nyquist,.lsp,wikidata,primary,Q1788197,https://www.wikidata.org/wiki/Q1788197
pl/nyquist,.ny,wikipedia,proposed,Q1788197,https://en.wikipedia.org/wiki/Nyquist_(programming_language)
pl/x10,.x10,wikidata,primary,Q1852616,https://www.wikidata.org/wiki/Q1852616
pl/pawn,.pwn,wikidata,primary,Q1929075,https://www.wikidata.org/wiki/Q1929075
pl/pawn,.amx,wikidata,primary,Q1929075,https://www.wikidata.org/wiki/Q1929075
pl/pawn,.p,wikidata,primary,Q1929075,https://www.wikidata.org/wiki/Q1929075
pl/pawn,.inc,wikidata,primary,Q1929075,https://www.wikidata.org/wiki/Q1929075
pl/raku,.t,wikidata,primary,Q2052676,https://www.wikidata.org/wiki/Q2052676
pl/raku,.rakutest,wikidata,primary,Q2052676,https://www.wikidata.org/wiki/Q2052676
pl/raku,.rakumod,wikidata,primary,Q2052676,https://www.wikidata.org/wiki/Q2052676
pl/raku,.rakudoc,wikidata,primary,Q2052676,https://www.wikidata.org/wiki/Q2052676
pl/raku,.raku,wikidata,primary,Q2052676,https://www.wikidata.org/wiki/Q2052676
pl/raku,.nqp,wikipedia,proposed,Q2052676,https://en.wikipedia.org/wiki/Raku_(programming_language)
pl/arc,.arc,wikidata,primary,Q2438046,https://www.wikidata.org/wiki/Q2438046
pl/cfml,.cfml,wikidata,primary,Q2524362,https://www.wikidata.org/wiki/Q2524362
pl/cfml,.cfm,wikipedia,proposed,Q2524362,https://en.wikipedia.org/wiki/ColdFusion_Markup_Language
pl/cfml,.cfc,wikipedia,proposed,Q2524362,https://en.wikipedia.org/wiki/ColdFusion_Markup_Language
pl/julia,.jl,wikidata,primary,Q2613697,https://www.wikidata.org/wiki/Q2613697
pl/neko,.n,wikidata,primary,Q3337877,https://www.wikidata.org/wiki/Q3337877
pl/neko,.neko,wikidata,primary,Q3337877,https://www.wikidata.org/wiki/Q3337877
pl/fjolnir,.ein,wikidata,primary,Q3481158,https://www.wikidata.org/wiki/Q3481158
pl/fjolnir,.sma,wikidata,primary,Q3481158,https://www.wikidata.org/wiki/Q3481158
pl/fjolnir,.fjv,wikidata,primary,Q3481158,https://www.wikidata.org/wiki/Q3481158
pl/fjolnir,.fjo,wikidata,primary,Q3481158,https://www.wikidata.org/wiki/Q3481158
pl/kotlin,.kt,wikidata,primary,Q3816639,https://www.wikidata.org/wiki/Q3816639
pl/kotlin,.kts,wikidata,primary,Q3816639,https://www.wikidata.org/wiki/Q3816639
pl/kotlin,.kexe,wikipedia,proposed,Q3816639,https://en.wikipedia.org/wiki/Kotlin
pl/kotlin,.klib,wikipedia,proposed,Q3816639,https://en.wikipedia.org/wiki/Kotlin
pl/chapel,.chpl,wikidata,primary,Q4036051,https://www.wikidata.org/wiki/Q4036051
pl/delphi,.pp,wikidata,primary,Q4037189,https://www.wikidata.org/wiki/Q4037189
pl/delphi,.dpr,wikidata,primary,Q4037189,https://www.wikidata.org/wiki/Q4037189
pl/delphi,.pas,wikidata,primary,Q4037189,https://www.wikidata.org/wiki/Q4037189
pl/delphi,.dpk,wikidata,primary,Q4037189,https://www.wikidata.org/wiki/Q4037189
pl/pascal-abc-net,.pas,wikidata,primary,Q4046509,https://www.wikidata.org/wiki/Q4046509
pl/kumir,.kum,wikidata,primary,Q4243417,https://www.wikidata.org/wiki/Q4243417
pl/activevfp,.avfp,wikidata,primary,Q4677478,https://www.wikidata.org/wiki/Q4677478
pl/ambienttalk,.at,wikidata,primary,Q4741415,https://www.wikidata.org/wiki/Q4741415
pl/cweb,.w,wikidata,primary,Q5014842,https://www.wikidata.org/wiki/Q5014842
pl/easylanguage,.eld,wikidata,primary,Q5331070,https://www.wikidata.org/wiki/Q5331070
pl/elixir,.ex,wikidata,primary,Q5362035,https://www.wikidata.org/wiki/Q5362035
pl/elixir,.exs,wikidata,primary,Q5362035,https://www.wikidata.org/wiki/Q5362035
pl/elm,.elm,wikidata,primary,Q5366250,https://www.wikidata.org/wiki/Q5366250
pl/fxml,.fxml,wikidata,primary,Q5427382,https://www.wikidata.org/wiki/Q5427382
pl/frege,.fr,wikidata,primary,Q5501320,https://www.wikidata.org/wiki/Q5501320
pl/gift,.gift,wikidata,primary,Q5513478,https://www.wikidata.org/wiki/Q5513478
pl/sas,.sas,wikidata,primary,Q7388824,https://www.wikidata.org/wiki/Q7388824
pl/stylus,.styl,wikidata,primary,Q7629737,https://www.wikidata.org/wiki/Q7629737
pl/tom,.t,wikidata,primary,Q7670997,https://www.wikidata.org/wiki/Q7670997
pl/vim-script,.vim,wikidata,primary,Q7931258,https://www.wikidata.org/wiki/Q7931258
pl/xgmml,.xgmml,wikidata,primary,Q8041961,https://www.wikidata.org/wiki/Q8041961
pl/jsx,.jsx,wikidata,primary,Q11226532,https://www.wikidata.org/wiki/Q11226532
pl/wolfram-language,.nb,wikidata,primary,Q15241057,https://www.wikidata.org/wiki/Q15241057
pl/wolfram-language,.m,wikidata,primary,Q15241057,https://www.wikidata.org/wiki/Q15241057
pl/wolfram-language,.wls,wikidata,primary,Q15241057,https://www.wikidata.org/wiki/Q15241057
pl/wolfram-language,.cdf,wikidata,primary,Q15241057,https://www.wikidata.org/wiki/Q15241057
pl/wolfram-language,.wl,wikidata,primary,Q15241057,https://www.wikidata.org/wiki/Q15241057
pl/idris,.idr,wikidata,primary,Q15408477,https://www.wikidata.org/wiki/Q15408477
pl/idris,.lidr,wikidata,primary,Q15408477,https://www.wikidata.org/wiki/Q15408477
pl/cameleon-programming-language,.pa,wikidata,primary,Q16632358,https://www.wikidata.org/wiki/Q16632358
pl/cameleon-programming-language,.cm,wikidata,primary,Q16632358,https://www.wikidata.org/wiki/Q16632358
pl/raml,.raml,wikidata,primary,Q16909517,https://www.wikidata.org/wiki/Q16909517
pl/swift,.swift,wikidata,primary,Q17118377,https://www.wikidata.org/wiki/Q17118377
pl/nim,.nim,wikidata,primary,Q20080327,https://www.wikidata.org/wiki/Q20080327
pl/nim,.nims,wikidata,primary,Q20080327,https://www.wikidata.org/wiki/Q20080327
pl/nim,.nimble,wikipedia,proposed,Q20080327,https://en.wikipedia.org/wiki/Nim_(programming_language)
pl/webassembly,.wasm,wikidata,primary,Q20155677,https://www.wikidata.org/wiki/Q20155677
pl/webassembly,.wast,wikidata,primary,Q20155677,https://www.wikidata.org/wiki/Q20155677
pl/octave,.m,wikidata,primary,Q20870787,https://www.wikidata.org/wiki/Q20870787
pl/crystal,.cr,wikidata,primary,Q21921428,https://www.wikidata.org/wiki/Q21921428
pl/jsfuck,.js,wikidata,primary,Q25304718,https://www.wikidata.org/wiki/Q25304718
pl/citrine,.ctr,wikidata,primary,Q25345930,https://www.wikidata.org/wiki/Q25345930
pl/ring,.ring,wikidata,primary,Q25462748,https://www.wikidata.org/wiki/Q25462748
pl/toml,.toml,wikidata,primary,Q28449455,https://www.wikidata.org/wiki/Q28449455
pl/cuneiform,.cfl,wikidata,primary,Q28452212,https://www.wikidata.org/wiki/Q28452212
pl/kaitai-struct,.ksy,wikidata,primary,Q29053521,https://www.wikidata.org/wiki/Q29053521
pl/p,.p,wikidata,primary,Q30599213,https://www.wikidata.org/wiki/Q30599213
pl/arduino,.ino,wikidata,primary,Q31092740,https://www.wikidata.org/wiki/Q31092740
pl/q-sharp,.qs,wikidata,primary,Q45322975,https://www.wikidata.org/wiki/Q45322975
pl/darwin-programming-language,.drw,wikidata,primary,Q48987595,https://www.wikidata.org/wiki/Q48987595
pl/ballerina,.bal,wikidata,primary,Q51160183,https://www.wikidata.org/wiki/Q51160183
pl/zig,.zig,wikidata,primary,Q51885456,https://www.wikidata.org/wiki/Q51885456
pl/zig,.zon,wikidata,primary,Q51885456,https://www.wikidata.org/wiki/Q51885456
pl/zig,.zir,wikipedia,proposed,Q51885456,https://en.wikipedia.org/wiki/Zig_(programming_language)
pl/zig,.zigr,wikipedia,proposed,Q51885456,https://en.wikipedia.org/wiki/Zig_(programming_language)
pl/common-workflow-language,.cwl,wikidata,primary,Q56291707,https://www.wikidata.org/wiki/Q56291707
pl/satysfi,.saty,wikidata,primary,Q59641318,https://www.wikidata.org/wiki/Q59641318
pl/satysfi,.satyh,wikidata,primary,Q59641318,https://www.wikidata.org/wiki/Q59641318
pl/bel,.bel,wikidata,primary,Q61047486,https://www.wikidata.org/wiki/Q61047486
pl/reason,.re,wikidata,primary,Q63565848,https://www.wikidata.org/wiki/Q63565848
pl/reason,.rei,wikidata,primary,Q63565848,https://www.wikidata.org/wiki/Q63565848
pl/jspp,.jspp,wikidata,primary,Q65122282,https://www.wikidata.org/wiki/Q65122282
pl/jspp,.jpp,wikidata,primary,Q65122282,https://www.wikidata.org/wiki/Q65122282
pl/jspp,.js++,wikidata,primary,Q65122282,https://www.wikidata.org/wiki/Q65122282
pl/jspp,.js,wikipedia,proposed,Q65122282|note:++,https://en.wikipedia.org/wiki/JS++
pl/gleam,.gleam,wikidata,primary,Q66370905,https://www.wikidata.org/wiki/Q66370905
pl/sqf,.sqf,wikidata,primary,Q83790715,https://www.wikidata.org/wiki/Q83790715
pl/minizinc,.mzn,wikidata,primary,Q86358817,https://www.wikidata.org/wiki/Q86358817
pl/minizinc,.dzn,wikidata,primary,Q86358817,https://www.wikidata.org/wiki/Q86358817
pl/minizinc,.fzn,wikidata,primary,Q86358817,https://www.wikidata.org/wiki/Q86358817
pl/dragoon,.dgn,wikidata,primary,Q94279981,https://www.wikidata.org/wiki/Q94279981
pl/icml,.icml,wikidata,primary,Q94994568,https://www.wikidata.org/wiki/Q94994568
pl/aqasm,.aqasm,wikidata,primary,Q102344338,https://www.wikidata.org/wiki/Q102344338
pl/aqasm,.circ,wikidata,primary,Q102344338,https://www.wikidata.org/wiki/Q102344338
pl/drl,.drl,wikidata,primary,Q110946240,https://www.wikidata.org/wiki/Q110946240
pl/elvish,.elv,wikidata,primary,Q111520563,https://www.wikidata.org/wiki/Q111520563
pl/carbon,.carbon,wikidata,primary,Q113157814,https://www.wikidata.org/wiki/Q113157814
pl/carbon,.co2,wikidata,deprecated,Q113157814,https://www.wikidata.org/wiki/Q113157814
pl/djot,.dj,wikidata,primary,Q113487415,https://www.wikidata.org/wiki/Q113487415
pl/uxntal,.tal,wikidata,primary,Q116272390,https://www.wikidata.org/wiki/Q116272390
pl/uxntal,.rom,wikidata,primary,Q116272390,https://www.wikidata.org/wiki/Q116272390
pl/rescript,.res,wikidata,primary,Q116885321,https://www.wikidata.org/wiki/Q116885321
pl/rescript,.resi,wikidata,primary,Q116885321,https://www.wikidata.org/wiki/Q116885321
pl/mojo,.mojo,wikidata,primary,Q118152673,https://www.wikidata.org/wiki/Q118152673
pl/bqn,.bqn,wikidata,primary,Q124804711,https://www.wikidata.org/wiki/Q124804711
pl/nix,.nix,wikidata,primary,Q131136950,https://www.wikidata.org/wiki/Q131136950
pl/uiua,.ua,wikidata,primary,Q135551821,https://www.wikidata.org/wiki/Q135551821
pl/cpp,.h,manual_review:acherm,proposed,12,https://github.com/acherm/PL-ultimate-llm/issues/12
pl/objective-c,.h,manual_review:acherm,proposed,12,https://github.com/acherm/PL-ultimate-llm/issues/12
pl/c,.h,manual_review:acherm,proposed,12,https://github.com/acherm/PL-ultimate-llm/issues/12
