pl_id,field,value,source,evidence
pl/exe,designed_by,Microsoft,wikipedia,https://en.wikipedia.org/wiki/Windows_Executable_File
pl/3ds,designed_by,Autodesk Inc,wikipedia,https://en.wikipedia.org/wiki/.3ds
pl/3mf,designed_by,3MF Consortium,wikipedia,https://en.wikipedia.org/wiki/3D_Manufacturing_Format
pl/3mf,first_appeared,2015,wikipedia,https://en.wikipedia.org/wiki/3D_Manufacturing_Format
pl/3mf,homepage,https://3mf.io/spec/,wikipedia,https://en.wikipedia.org/wiki/3D_Manufacturing_Format
pl/4d,designed_by,4D SAS,wikipedia,https://en.wikipedia.org/wiki/4th_Dimension_(software)
pl/4d,designed_by,Laurent Ribardière,wikipedia,https://en.wikipedia.org/wiki/4th_Dimension_(software)
pl/4d,first_appeared,1993,wikipedia,https://en.wikipedia.org/wiki/4th_Dimension_(software)
pl/4d,license,Proprietary,wikipedia,https://en.wikipedia.org/wiki/4th_Dimension_(software)
pl/4d,implementation_languages,C,wikipedia,https://en.wikipedia.org/wiki/4th_Dimension_(software)
pl/4d,implementation_languages,C++,wikipedia,https://en.wikipedia.org/wiki/4th_Dimension_(software)
pl/4d,homepage,http://us.4d.com,wikipedia,https://en.wikipedia.org/wiki/4th_Dimension_(software)
pl/a-programming-language,paradigms,array,wikipedia,https://en.wikipedia.org/wiki/A%2B_(programming_language)
pl/a-programming-language,typing,"dynamic, strong",wikipedia,https://en.wikipedia.org/wiki/A%2B_(programming_language)
pl/a-programming-language,designed_by,Morgan Stanley,wikipedia,https://en.wikipedia.org/wiki/A%2B_(programming_language)
pl/a-programming-language,designed_by,Arthur Whitney,wikipedia,https://en.wikipedia.org/wiki/A%2B_(programming_language)
pl/a-programming-language,first_appeared,1988,wikipedia,https://en.wikipedia.org/wiki/A%2B_(programming_language)
pl/a-programming-language,influenced_by,APL,wikipedia,https://en.wikipedia.org/wiki/A%2B_(programming_language)
pl/a-programming-language,license,GNU General Public License,wikipedia,https://en.wikipedia.org/wiki/A%2B_(programming_language)
pl/a-programming-language,homepage,http://www.aplusdev.org/,wikipedia,https://en.wikipedia.org/wiki/A%2B_(programming_language)
pl/abap,paradigms,object-oriented,wikipedia,https://en.wikipedia.org/wiki/ABAP
pl/abap,paradigms,structured,wikipedia,https://en.wikipedia.org/wiki/ABAP
pl/abap,paradigms,imperative,wikipedia,https://en.wikipedia.org/wiki/ABAP
pl/abap,typing,"static, strong, safe, nominative",wikipedia,https://en.wikipedia.org/wiki/ABAP
pl/abap,designed_by,SAP SE,wikipedia,https://en.wikipedia.org/wiki/ABAP
pl/abap,first_appeared,1983,wikipedia,https://en.wikipedia.org/wiki/ABAP
pl/abap,influenced_by,Objective-C,wikipedia,https://en.wikipedia.org/wiki/ABAP
pl/abap,influenced_by,COBOL,wikipedia,https://en.wikipedia.org/wiki/ABAP
pl/abap,influenced_by,SQL,wikipedia,https://en.wikipedia.org/wiki/ABAP
pl/abap,homepage,https://community.sap.com/topics/abap,wikipedia,https://en.wikipedia.org/wiki/ABAP
pl/abc,paradigms,multi-paradigm: imperative,wikipedia,https://en.wikipedia.org/wiki/ABC_(programming_language)
pl/abc,paradigms,procedural,wikipedia,https://en.wikipedia.org/wiki/ABC_(programming_language)
pl/abc,paradigms,structured,wikipedia,https://en.wikipedia.org/wiki/ABC_(programming_language)
pl/abc,typing,"strong, polymorphic",wikipedia,https://en.wikipedia.org/wiki/ABC_(programming_language)
pl/abc,designed_by,Centrum Wiskunde,wikipedia,https://en.wikipedia.org/wiki/ABC_(programming_language)
pl/abc,designed_by,Informatica (CWI),wikipedia,https://en.wikipedia.org/wiki/ABC_(programming_language)
pl/abc,designed_by,Leo Geurts,wikipedia,https://en.wikipedia.org/wiki/ABC_(programming_language)
pl/abc,designed_by,Lambert Meertens,wikipedia,https://en.wikipedia.org/wiki/ABC_(programming_language)
pl/abc,designed_by,Steven Pemberton,wikipedia,https://en.wikipedia.org/wiki/ABC_(programming_language)
pl/abc,first_appeared,1987,wikipedia,https://en.wikipedia.org/wiki/ABC_(programming_language)
pl/abc,influenced_by,SETL,wikipedia,https://en.wikipedia.org/wiki/ABC_(programming_language)
pl/abc,influenced_by,ALGOL 68,wikipedia,https://en.wikipedia.org/wiki/ABC_(programming_language)
pl/abc,homepage,https://homepages.cwi.nl/~steven/abc/,wikipedia,https://en.wikipedia.org/wiki/ABC_(programming_language)
pl/absys,paradigms,logic,wikipedia,https://en.wikipedia.org/wiki/Absys
pl/absys,first_appeared,1967,wikipedia,https://en.wikipedia.org/wiki/Absys
pl/acl2,paradigms,functional,wikipedia,https://en.wikipedia.org/wiki/ACL2
pl/acl2,paradigms,meta,wikipedia,https://en.wikipedia.org/wiki/ACL2
pl/acl2,typing,dynamic,wikipedia,https://en.wikipedia.org/wiki/ACL2
pl/acl2,designed_by,Matt Kaufmann,wikipedia,https://en.wikipedia.org/wiki/ACL2
pl/acl2,designed_by,J Strother Moore,wikipedia,https://en.wikipedia.org/wiki/ACL2
pl/acl2,designed_by,Robert S. Boyer,wikipedia,https://en.wikipedia.org/wiki/ACL2
pl/acl2,first_appeared,1990,wikipedia,https://en.wikipedia.org/wiki/ACL2
pl/acl2,influenced_by,Common Lisp,wikipedia,https://en.wikipedia.org/wiki/ACL2
pl/acl2,influenced_by,Nqthm,wikipedia,https://en.wikipedia.org/wiki/ACL2
pl/acl2,license,BSD,wikipedia,https://en.wikipedia.org/wiki/ACL2
pl/acl2,homepage,http://www.cs.utexas.edu/users/moore/acl2,wikipedia,https://en.wikipedia.org/wiki/ACL2
pl/action,designed_by,Optimized Systems Software,wikipedia,https://en.wikipedia.org/wiki/Action!_(programming_language)
pl/action,first_appeared,1983,wikipedia,https://en.wikipedia.org/wiki/Action!_(programming_language)
pl/actionscript,paradigms,multi-paradigm: object-oriented (prototype-based),wikipedia,https://en.wikipedia.org/wiki/ActionScript
pl/actionscript,paradigms,functional,wikipedia,https://en.wikipedia.org/wiki/ActionScript
pl/actionscript,paradigms,imperative,wikipedia,https://en.wikipedia.org/wiki/ActionScript
pl/actionscript,paradigms,scripting,wikipedia,https://en.wikipedia.org/wiki/ActionScript
pl/actionscript,typing,"strong, static",wikipedia,https://en.wikipedia.org/wiki/ActionScript
pl/actionscript,designed_by,Macromedia (merged into Adobe Systems,wikipedia,https://en.wikipedia.org/wiki/ActionScript
pl/actionscript,designed_by,2005),wikipedia,https://en.wikipedia.org/wiki/ActionScript
pl/actionscript,designed_by,Gary Grossman,wikipedia,https://en.wikipedia.org/wiki/ActionScript
pl/actionscript,first_appeared,1998,wikipedia,https://en.wikipedia.org/wiki/ActionScript
pl/actionscript,influenced_by,HyperTalk,wikipedia,https://en.wikipedia.org/wiki/ActionScript
pl/actionscript,influenced_by,JavaScript,wikipedia,https://en.wikipedia.org/wiki/ActionScript
pl/actionscript,influenced_by,Java,wikipedia,https://en.wikipedia.org/wiki/ActionScript
pl/ada,paradigms,multi-paradigm: structured,wikipedia,https://en.wikipedia.org/wiki/Ada_(programming_language)
pl/ada,paradigms,imperative,wikipedia,https://en.wikipedia.org/wiki/Ada_(programming_language)
pl/ada,paradigms,object-oriented,wikipedia,https://en.wikipedia.org/wiki/Ada_(programming_language)
pl/ada,paradigms,aspect-oriented,wikipedia,https://en.wikipedia.org/wiki/Ada_(programming_language)
pl/ada,paradigms,concurrent,wikipedia,https://en.wikipedia.org/wiki/Ada_(programming_language)
pl/ada,paradigms,array,wikipedia,https://en.wikipedia.org/wiki/Ada_(programming_language)
pl/ada,paradigms,distributed,wikipedia,https://en.wikipedia.org/wiki/Ada_(programming_language)
pl/ada,paradigms,generic,wikipedia,https://en.wikipedia.org/wiki/Ada_(programming_language)
pl/ada,paradigms,procedural,wikipedia,https://en.wikipedia.org/wiki/Ada_(programming_language)
pl/ada,paradigms,meta,wikipedia,https://en.wikipedia.org/wiki/Ada_(programming_language)
pl/ada,typing,"static, strong, safe, nominal",wikipedia,https://en.wikipedia.org/wiki/Ada_(programming_language)
pl/ada,designed_by,MIL-STD-1815,wikipedia,https://en.wikipedia.org/wiki/Ada_(programming_language)
pl/ada,designed_by,Ada 83: Jean Ichbiah,wikipedia,https://en.wikipedia.org/wiki/Ada_(programming_language)
pl/ada,designed_by,Ada 95: Tucker Taft,wikipedia,https://en.wikipedia.org/wiki/Ada_(programming_language)
pl/ada,designed_by,Ada 2005: Tucker Taft,wikipedia,https://en.wikipedia.org/wiki/Ada_(programming_language)
pl/ada,designed_by,Ada 2012: Tucker Taft,wikipedia,https://en.wikipedia.org/wiki/Ada_(programming_language)
pl/ada,first_appeared,1980,wikipedia,https://en.wikipedia.org/wiki/Ada_(programming_language)
pl/ada,influenced_by,ALGOL 68,wikipedia,https://en.wikipedia.org/wiki/Ada_(programming_language)
pl/ada,influenced_by,Pascal,wikipedia,https://en.wikipedia.org/wiki/Ada_(programming_language)
pl/ada,influenced_by,Simula 67,wikipedia,https://en.wikipedia.org/wiki/Ada_(programming_language)
pl/ada,influenced_by,C++ (Ada 95),wikipedia,https://en.wikipedia.org/wiki/Ada_(programming_language)
pl/ada,influenced_by,Smalltalk (Ada 95),wikipedia,https://en.wikipedia.org/wiki/Ada_(programming_language)
pl/ada,influenced_by,Modula-2 (Ada 95) Java (Ada 2005),wikipedia,https://en.wikipedia.org/wiki/Ada_(programming_language)
pl/ada,influenced_by,Eiffel (Ada 2012),wikipedia,https://en.wikipedia.org/wiki/Ada_(programming_language)
pl/ada,homepage,https://www.adaic.org/,wikipedia,https://en.wikipedia.org/wiki/Ada_(programming_language)
pl/ada-programming-language,paradigms,multi-paradigm: structured,wikipedia,https://en.wikipedia.org/wiki/Ada_(programming_language)
pl/ada-programming-language,paradigms,imperative,wikipedia,https://en.wikipedia.org/wiki/Ada_(programming_language)
pl/ada-programming-language,paradigms,object-oriented,wikipedia,https://en.wikipedia.org/wiki/Ada_(programming_language)
pl/ada-programming-language,paradigms,aspect-oriented,wikipedia,https://en.wikipedia.org/wiki/Ada_(programming_language)
pl/ada-programming-language,paradigms,concurrent,wikipedia,https://en.wikipedia.org/wiki/Ada_(programming_language)
pl/ada-programming-language,paradigms,array,wikipedia,https://en.wikipedia.org/wiki/Ada_(programming_language)
pl/ada-programming-language,paradigms,distributed,wikipedia,https://en.wikipedia.org/wiki/Ada_(programming_language)
pl/ada-programming-language,paradigms,generic,wikipedia,https://en.wikipedia.org/wiki/Ada_(programming_language)
pl/ada-programming-language,paradigms,procedural,wikipedia,https://en.wikipedia.org/wiki/Ada_(programming_language)
pl/ada-programming-language,paradigms,meta,wikipedia,https://en.wikipedia.org/wiki/Ada_(programming_language)
pl/ada-programming-language,typing,"static, strong, safe, nominal",wikipedia,https://en.wikipedia.org/wiki/Ada_(programming_language)
pl/ada-programming-language,designed_by,MIL-STD-1815,wikipedia,https://en.wikipedia.org/wiki/Ada_(programming_language)
pl/ada-programming-language,designed_by,Ada 83: Jean Ichbiah,wikipedia,https://en.wikipedia.org/wiki/Ada_(programming_language)
pl/ada-programming-language,designed_by,Ada 95: Tucker Taft,wikipedia,https://en.wikipedia.org/wiki/Ada_(programming_language)
pl/ada-programming-language,designed_by,Ada 2005: Tucker Taft,wikipedia,https://en.wikipedia.org/wiki/Ada_(programming_language)
pl/ada-programming-language,designed_by,Ada 2012: Tucker Taft,wikipedia,https://en.wikipedia.org/wiki/Ada_(programming_language)
pl/ada-programming-language,first_appeared,1980,wikipedia,https://en.wikipedia.org/wiki/Ada_(programming_language)
pl/ada-programming-language,influenced_by,ALGOL 68,wikipedia,https://en.wikipedia.org/wiki/Ada_(programming_language)
pl/ada-programming-language,influenced_by,Pascal,wikipedia,https://en.wikipedia.org/wiki/Ada_(programming_language)
pl/ada-programming-language,influenced_by,Simula 67,wikipedia,https://en.wikipedia.org/wiki/Ada_(programming_language)
pl/ada-programming-language,influenced_by,C++ (Ada 95),wikipedia,https://en.wikipedia.org/wiki/Ada_(programming_language)
pl/ada-programming-language,influenced_by,Smalltalk (Ada 95),wikipedia,https://en.wikipedia.org/wiki/Ada_(programming_language)
pl/ada-programming-language,influenced_by,Modula-2 (Ada 95) Java (Ada 2005),wikipedia,https://en.wikipedia.org/wiki/Ada_(programming_language)
pl/ada-programming-language,influenced_by,Eiffel (Ada 2012),wikipedia,https://en.wikipedia.org/wiki/Ada_(programming_language)
pl/ada-programming-language,homepage,https://www.adaic.org/,wikipedia,https://en.wikipedia.org/wiki/Ada_(programming_language)
pl/agda,paradigms,total functional,wikipedia,https://en.wikipedia.org/wiki/Agda_(programming_language)
pl/agda,typing,"strong, static, dependent, nominal, manifest, inferred",wikipedia,https://en.wikipedia.org/wiki/Agda_(programming_language)
pl/agda,designed_by,Chalmers University of Technology,wikipedia,https://en.wikipedia.org/wiki/Agda_(programming_language)
pl/agda,designed_by,Ulf Norell,wikipedia,https://en.wikipedia.org/wiki/Agda_(programming_language)
pl/agda,designed_by,Catarina Coquand (1.0),wikipedia,https://en.wikipedia.org/wiki/Agda_(programming_language)
pl/agda,first_appeared,1999,wikipedia,https://en.wikipedia.org/wiki/Agda_(programming_language)
pl/agda,influenced_by,Rocq,wikipedia,https://en.wikipedia.org/wiki/Agda_(programming_language)
pl/agda,influenced_by,Epigram,wikipedia,https://en.wikipedia.org/wiki/Agda_(programming_language)
pl/agda,influenced_by,Haskell,wikipedia,https://en.wikipedia.org/wiki/Agda_(programming_language)
pl/agda,license,BSD-like,wikipedia,https://en.wikipedia.org/wiki/Agda_(programming_language)
pl/agda,implementation_languages,Haskell,wikipedia,https://en.wikipedia.org/wiki/Agda_(programming_language)
pl/agda,homepage,https://wiki.portal.chalmers.se/agda,wikipedia,https://en.wikipedia.org/wiki/Agda_(programming_language)
pl/agda-programming-language,paradigms,total functional,wikipedia,https://en.wikipedia.org/wiki/Agda_(programming_language)
pl/agda-programming-language,typing,"strong, static, dependent, nominal, manifest, inferred",wikipedia,https://en.wikipedia.org/wiki/Agda_(programming_language)
pl/agda-programming-language,designed_by,Chalmers University of Technology,wikipedia,https://en.wikipedia.org/wiki/Agda_(programming_language)
pl/agda-programming-language,designed_by,Ulf Norell,wikipedia,https://en.wikipedia.org/wiki/Agda_(programming_language)
pl/agda-programming-language,designed_by,Catarina Coquand (1.0),wikipedia,https://en.wikipedia.org/wiki/Agda_(programming_language)
pl/agda-programming-language,first_appeared,1999,wikipedia,https://en.wikipedia.org/wiki/Agda_(programming_language)
pl/agda-programming-language,influenced_by,Rocq,wikipedia,https://en.wikipedia.org/wiki/Agda_(programming_language)
pl/agda-programming-language,influenced_by,Epigram,wikipedia,https://en.wikipedia.org/wiki/Agda_(programming_language)
pl/agda-programming-language,influenced_by,Haskell,wikipedia,https://en.wikipedia.org/wiki/Agda_(programming_language)
pl/agda-programming-language,license,BSD-like,wikipedia,https://en.wikipedia.org/wiki/Agda_(programming_language)
pl/agda-programming-language,implementation_languages,Haskell,wikipedia,https://en.wikipedia.org/wiki/Agda_(programming_language)
pl/agda-programming-language,homepage,https://wiki.portal.chalmers.se/agda,wikipedia,https://en.wikipedia.org/wiki/Agda_(programming_language)
pl/agentspeak,paradigms,agent-oriented,wikipedia,https://en.wikipedia.org/wiki/AgentSpeak
pl/agentspeak,designed_by,Anand Rao,wikipedia,https://en.wikipedia.org/wiki/AgentSpeak
pl/agentspeak,first_appeared,1996,wikipedia,https://en.wikipedia.org/wiki/AgentSpeak
pl/aiml,designed_by,Dr. Richard S. Wallace,wikipedia,https://en.wikipedia.org/wiki/Artificial_Intelligence_Markup_Language
pl/aiml,first_appeared,2001,wikipedia,https://en.wikipedia.org/wiki/Artificial_Intelligence_Markup_Language
pl/aiml,homepage,http://www.aiml.foundation/doc.html,wikipedia,https://en.wikipedia.org/wiki/Artificial_Intelligence_Markup_Language
pl/aimms,designed_by,AIMMS B.V. (formerly named Paragon Decision Technology B.V.),wikipedia,https://en.wikipedia.org/wiki/AIMMS
pl/aimms,designed_by,Johannes J. Bisschop Marcel Roelofs,wikipedia,https://en.wikipedia.org/wiki/AIMMS
pl/aimms,first_appeared,1993,wikipedia,https://en.wikipedia.org/wiki/AIMMS
pl/aimms,homepage,https://www.aimms.com/,wikipedia,https://en.wikipedia.org/wiki/AIMMS
pl/aldor,paradigms,multi-paradigm: object-oriented,wikipedia,https://en.wikipedia.org/wiki/Aldor
pl/aldor,paradigms,functional,wikipedia,https://en.wikipedia.org/wiki/Aldor
pl/aldor,paradigms,imperative,wikipedia,https://en.wikipedia.org/wiki/Aldor
pl/aldor,paradigms,dependent typed,wikipedia,https://en.wikipedia.org/wiki/Aldor
pl/aldor,paradigms,logic,wikipedia,https://en.wikipedia.org/wiki/Aldor
pl/aldor,designed_by,Thomas J. Watson Research Center,wikipedia,https://en.wikipedia.org/wiki/Aldor
pl/aldor,designed_by,Richard Dimick Jenks,wikipedia,https://en.wikipedia.org/wiki/Aldor
pl/aldor,designed_by,Barry Trager,wikipedia,https://en.wikipedia.org/wiki/Aldor
pl/aldor,designed_by,Stephen Watt,wikipedia,https://en.wikipedia.org/wiki/Aldor
pl/aldor,designed_by,James Davenport,wikipedia,https://en.wikipedia.org/wiki/Aldor
pl/aldor,designed_by,Robert Sutor,wikipedia,https://en.wikipedia.org/wiki/Aldor
pl/aldor,designed_by,Scott Morrison,wikipedia,https://en.wikipedia.org/wiki/Aldor
pl/aldor,first_appeared,1990,wikipedia,https://en.wikipedia.org/wiki/Aldor
pl/aldor,influenced_by,A#,wikipedia,https://en.wikipedia.org/wiki/Aldor
pl/aldor,influenced_by,Pascal,wikipedia,https://en.wikipedia.org/wiki/Aldor
pl/aldor,influenced_by,Haskell,wikipedia,https://en.wikipedia.org/wiki/Aldor
pl/aldor,license,"Aldor Public 2.0, Apache 2.0",wikipedia,https://en.wikipedia.org/wiki/Aldor
pl/aldor,homepage,https://aldor.org,wikipedia,https://en.wikipedia.org/wiki/Aldor
pl/alef,paradigms,compiled,wikipedia,https://en.wikipedia.org/wiki/Alef_(programming_language)
pl/alef,paradigms,concurrent,wikipedia,https://en.wikipedia.org/wiki/Alef_(programming_language)
pl/alef,paradigms,structured,wikipedia,https://en.wikipedia.org/wiki/Alef_(programming_language)
pl/alef,typing,"static, strong",wikipedia,https://en.wikipedia.org/wiki/Alef_(programming_language)
pl/alef,designed_by,Phil Winterbottom,wikipedia,https://en.wikipedia.org/wiki/Alef_(programming_language)
pl/alef,first_appeared,1992,wikipedia,https://en.wikipedia.org/wiki/Alef_(programming_language)
pl/alef,influenced_by,C,wikipedia,https://en.wikipedia.org/wiki/Alef_(programming_language)
pl/alef,influenced_by,Newsqueak,wikipedia,https://en.wikipedia.org/wiki/Alef_(programming_language)
pl/alembic,designed_by,Sony Pictures Imageworks (Sony Pictures Entertainment) Industrial Light,wikipedia,https://en.wikipedia.org/wiki/Alembic_(computer_graphics)
pl/alembic,designed_by,Magic (Lucasfilm),wikipedia,https://en.wikipedia.org/wiki/Alembic_(computer_graphics)
pl/alembic,first_appeared,2011,wikipedia,https://en.wikipedia.org/wiki/Alembic_(computer_graphics)
pl/alembic,homepage,http://www.alembic.io/,wikipedia,https://en.wikipedia.org/wiki/Alembic_(computer_graphics)
pl/alf,paradigms,multi-paradigm: logic,wikipedia,https://en.wikipedia.org/wiki/Algebraic_Logic_Functional_programming_language
pl/alf,paradigms,functional,wikipedia,https://en.wikipedia.org/wiki/Algebraic_Logic_Functional_programming_language
pl/alf,influenced_by,Prolog,wikipedia,https://en.wikipedia.org/wiki/Algebraic_Logic_Functional_programming_language
pl/alf,homepage,http://www.informatik.uni-kiel.de/~mh/systems/ALF,wikipedia,https://en.wikipedia.org/wiki/Algebraic_Logic_Functional_programming_language
pl/algo,paradigms,procedural,wikipedia,https://en.wikipedia.org/wiki/ALGO
pl/algo,paradigms,imperative,wikipedia,https://en.wikipedia.org/wiki/ALGO
pl/algo,paradigms,structured,wikipedia,https://en.wikipedia.org/wiki/ALGO
pl/algo,typing,"static, strong",wikipedia,https://en.wikipedia.org/wiki/ALGO
pl/algo,designed_by,Bendix Corporation,wikipedia,https://en.wikipedia.org/wiki/ALGO
pl/algo,first_appeared,1961,wikipedia,https://en.wikipedia.org/wiki/ALGO
pl/algo,influenced_by,ALGOL 58,wikipedia,https://en.wikipedia.org/wiki/ALGO
pl/algo,implementation_languages,Assembly,wikipedia,https://en.wikipedia.org/wiki/ALGO
pl/algol,paradigms,procedural,wikipedia,https://en.wikipedia.org/wiki/ALGOL
pl/algol,paradigms,imperative,wikipedia,https://en.wikipedia.org/wiki/ALGOL
pl/algol,paradigms,structured,wikipedia,https://en.wikipedia.org/wiki/ALGOL
pl/algol,typing,"static, strong",wikipedia,https://en.wikipedia.org/wiki/ALGOL
pl/algol,designed_by,Bauer,wikipedia,https://en.wikipedia.org/wiki/ALGOL
pl/algol,designed_by,Bottenbruch,wikipedia,https://en.wikipedia.org/wiki/ALGOL
pl/algol,designed_by,Rutishauser,wikipedia,https://en.wikipedia.org/wiki/ALGOL
pl/algol,designed_by,Samelson,wikipedia,https://en.wikipedia.org/wiki/ALGOL
pl/algol,designed_by,Backus,wikipedia,https://en.wikipedia.org/wiki/ALGOL
pl/algol,designed_by,Katz,wikipedia,https://en.wikipedia.org/wiki/ALGOL
pl/algol,designed_by,Perlis,wikipedia,https://en.wikipedia.org/wiki/ALGOL
pl/algol,designed_by,Wegstein,wikipedia,https://en.wikipedia.org/wiki/ALGOL
pl/algol,designed_by,Naur,wikipedia,https://en.wikipedia.org/wiki/ALGOL
pl/algol,designed_by,Vauquois,wikipedia,https://en.wikipedia.org/wiki/ALGOL
pl/algol,designed_by,van Wijngaarden,wikipedia,https://en.wikipedia.org/wiki/ALGOL
pl/algol,designed_by,Woodger,wikipedia,https://en.wikipedia.org/wiki/ALGOL
pl/algol,designed_by,Green,wikipedia,https://en.wikipedia.org/wiki/ALGOL
pl/algol,designed_by,McCarthy,wikipedia,https://en.wikipedia.org/wiki/ALGOL
pl/algol,first_appeared,1958,wikipedia,https://en.wikipedia.org/wiki/ALGOL
pl/alice,paradigms,multi-paradigm: imperative,wikipedia,https://en.wikipedia.org/wiki/Alice_(programming_language)
pl/alice,paradigms,functional,wikipedia,https://en.wikipedia.org/wiki/Alice_(programming_language)
pl/alice,paradigms,distributed,wikipedia,https://en.wikipedia.org/wiki/Alice_(programming_language)
pl/alice,paradigms,concurrent,wikipedia,https://en.wikipedia.org/wiki/Alice_(programming_language)
pl/alice,paradigms,constraint,wikipedia,https://en.wikipedia.org/wiki/Alice_(programming_language)
pl/alice,typing,"strong, static, inferred",wikipedia,https://en.wikipedia.org/wiki/Alice_(programming_language)
pl/alice,designed_by,Saarland University,wikipedia,https://en.wikipedia.org/wiki/Alice_(programming_language)
pl/alice,first_appeared,2000,wikipedia,https://en.wikipedia.org/wiki/Alice_(programming_language)
pl/alice,influenced_by,ML,wikipedia,https://en.wikipedia.org/wiki/Alice_(programming_language)
pl/alice,influenced_by,Oz,wikipedia,https://en.wikipedia.org/wiki/Alice_(programming_language)
pl/alice,license,MIT,wikipedia,https://en.wikipedia.org/wiki/Alice_(programming_language)
pl/alice,homepage,http://www.ps.uni-saarland.de/alice,wikipedia,https://en.wikipedia.org/wiki/Alice_(programming_language)
pl/alma-0,paradigms,multi-paradigm: constraint,wikipedia,https://en.wikipedia.org/wiki/Alma-0
pl/alma-0,paradigms,imperative,wikipedia,https://en.wikipedia.org/wiki/Alma-0
pl/alma-0,paradigms,logic,wikipedia,https://en.wikipedia.org/wiki/Alma-0
pl/alma-0,typing,static,wikipedia,https://en.wikipedia.org/wiki/Alma-0
pl/alma-0,designed_by,Centrum Wiskunde,wikipedia,https://en.wikipedia.org/wiki/Alma-0
pl/alma-0,designed_by,Informatica,wikipedia,https://en.wikipedia.org/wiki/Alma-0
pl/alma-0,designed_by,Krzysztof Apt,wikipedia,https://en.wikipedia.org/wiki/Alma-0
pl/alma-0,designed_by,Marc Bezem,wikipedia,https://en.wikipedia.org/wiki/Alma-0
pl/alma-0,designed_by,Jacob Brunekreef,wikipedia,https://en.wikipedia.org/wiki/Alma-0
pl/alma-0,designed_by,Vincent Partington,wikipedia,https://en.wikipedia.org/wiki/Alma-0
pl/alma-0,designed_by,Andrea Schaerf,wikipedia,https://en.wikipedia.org/wiki/Alma-0
pl/alma-0,first_appeared,1997,wikipedia,https://en.wikipedia.org/wiki/Alma-0
pl/alma-0,influenced_by,Modula-2,wikipedia,https://en.wikipedia.org/wiki/Alma-0
pl/alma-0,homepage,http://www.cwi.nl/en/alma,wikipedia,https://en.wikipedia.org/wiki/Alma-0
pl/altran,designed_by,Bell Telephone Laboratories,wikipedia,https://en.wikipedia.org/wiki/ALTRAN
pl/altran,designed_by,W. Stanley Brown,wikipedia,https://en.wikipedia.org/wiki/ALTRAN
pl/altran,first_appeared,1965,wikipedia,https://en.wikipedia.org/wiki/ALTRAN
pl/altran,influenced_by,FORTRAN,wikipedia,https://en.wikipedia.org/wiki/ALTRAN
pl/altran,influenced_by,PL/I,wikipedia,https://en.wikipedia.org/wiki/ALTRAN
pl/ambienttalk,paradigms,object-oriented (prototype-based),wikipedia,https://en.wikipedia.org/wiki/AmbientTalk
pl/ambienttalk,paradigms,concurrent,wikipedia,https://en.wikipedia.org/wiki/AmbientTalk
pl/ambienttalk,paradigms,event-driven,wikipedia,https://en.wikipedia.org/wiki/AmbientTalk
pl/ambienttalk,paradigms,reflective,wikipedia,https://en.wikipedia.org/wiki/AmbientTalk
pl/ambienttalk,typing,"dynamic, strong",wikipedia,https://en.wikipedia.org/wiki/AmbientTalk
pl/ambienttalk,designed_by,Software Languages Lab,wikipedia,https://en.wikipedia.org/wiki/AmbientTalk
pl/ambienttalk,designed_by,University of Brussels,wikipedia,https://en.wikipedia.org/wiki/AmbientTalk
pl/ambienttalk,designed_by,Tom Van Cutsem,wikipedia,https://en.wikipedia.org/wiki/AmbientTalk
pl/ambienttalk,designed_by,Stijn Mostinckx,wikipedia,https://en.wikipedia.org/wiki/AmbientTalk
pl/ambienttalk,designed_by,Jessie Dedecker,wikipedia,https://en.wikipedia.org/wiki/AmbientTalk
pl/ambienttalk,designed_by,Wolfgang De Meuter,wikipedia,https://en.wikipedia.org/wiki/AmbientTalk
pl/ambienttalk,first_appeared,2006,wikipedia,https://en.wikipedia.org/wiki/AmbientTalk
pl/ambienttalk,influenced_by,Smalltalk,wikipedia,https://en.wikipedia.org/wiki/AmbientTalk
pl/ambienttalk,influenced_by,Self,wikipedia,https://en.wikipedia.org/wiki/AmbientTalk
pl/ambienttalk,influenced_by,Scheme,wikipedia,https://en.wikipedia.org/wiki/AmbientTalk
pl/ambienttalk,influenced_by,E,wikipedia,https://en.wikipedia.org/wiki/AmbientTalk
pl/ambienttalk,influenced_by,ABCL,wikipedia,https://en.wikipedia.org/wiki/AmbientTalk
pl/ambienttalk,license,MIT License,wikipedia,https://en.wikipedia.org/wiki/AmbientTalk
pl/ambienttalk,homepage,https://soft.vub.ac.be/amop,wikipedia,https://en.wikipedia.org/wiki/AmbientTalk
pl/ambit,designed_by,Carlos Christensen,wikipedia,https://en.wikipedia.org/wiki/AMBIT
pl/ambit,first_appeared,1964,wikipedia,https://en.wikipedia.org/wiki/AMBIT
pl/ambit,influenced_by,ALGOL 60,wikipedia,https://en.wikipedia.org/wiki/AMBIT
pl/amf,designed_by,ASTM / ISO,wikipedia,https://en.wikipedia.org/wiki/Additive_manufacturing_file_format
pl/amf,first_appeared,2011,wikipedia,https://en.wikipedia.org/wiki/Additive_manufacturing_file_format
pl/amigabasic,designed_by,Microsoft,wikipedia,https://en.wikipedia.org/wiki/Amiga_Basic
pl/amigabasic,first_appeared,1985,wikipedia,https://en.wikipedia.org/wiki/Amiga_Basic
pl/amos,paradigms,imperative,wikipedia,https://en.wikipedia.org/wiki/AMOS_(programming_language)
pl/amos,paradigms,procedural,wikipedia,https://en.wikipedia.org/wiki/AMOS_(programming_language)
pl/amos,typing,static,wikipedia,https://en.wikipedia.org/wiki/AMOS_(programming_language)
pl/amos,designed_by,François Lionet,wikipedia,https://en.wikipedia.org/wiki/AMOS_(programming_language)
pl/amos,designed_by,Constantin Sotiropoulos,wikipedia,https://en.wikipedia.org/wiki/AMOS_(programming_language)
pl/amos,first_appeared,1990,wikipedia,https://en.wikipedia.org/wiki/AMOS_(programming_language)
pl/amos,influenced_by,STOS BASIC,wikipedia,https://en.wikipedia.org/wiki/AMOS_(programming_language)
pl/amos,license,BSD style license,wikipedia,https://en.wikipedia.org/wiki/AMOS_(programming_language)
pl/amos,homepage,https://web.archive.org/web/20120204085705/http://www.clickteam.com/eng/downloadcenter.php?i=58,wikipedia,https://en.wikipedia.org/wiki/AMOS_(programming_language)
pl/ampl,paradigms,multi-paradigm: declarative,wikipedia,https://en.wikipedia.org/wiki/AMPL
pl/ampl,paradigms,imperative,wikipedia,https://en.wikipedia.org/wiki/AMPL
pl/ampl,designed_by,AMPL Optimization,wikipedia,https://en.wikipedia.org/wiki/AMPL
pl/ampl,designed_by,Inc,wikipedia,https://en.wikipedia.org/wiki/AMPL
pl/ampl,designed_by,Robert Fourer David Gay Brian Kernighan Bell Labs,wikipedia,https://en.wikipedia.org/wiki/AMPL
pl/ampl,first_appeared,1985,wikipedia,https://en.wikipedia.org/wiki/AMPL
pl/ampl,influenced_by,AWK,wikipedia,https://en.wikipedia.org/wiki/AMPL
pl/ampl,influenced_by,C,wikipedia,https://en.wikipedia.org/wiki/AMPL
pl/ampl,license,"Proprietary (translator), free and open-source (AMPL Solver Library)",wikipedia,https://en.wikipedia.org/wiki/AMPL
pl/ampl,homepage,http://www.ampl.com,wikipedia,https://en.wikipedia.org/wiki/AMPL
pl/angelscript,paradigms,multi-paradigm: scripting,wikipedia,https://en.wikipedia.org/wiki/AngelScript
pl/angelscript,paradigms,imperative (procedural,wikipedia,https://en.wikipedia.org/wiki/AngelScript
pl/angelscript,paradigms,object-oriented),wikipedia,https://en.wikipedia.org/wiki/AngelScript
pl/angelscript,typing,"static, strong",wikipedia,https://en.wikipedia.org/wiki/AngelScript
pl/angelscript,designed_by,Andreas Jönsson,wikipedia,https://en.wikipedia.org/wiki/AngelScript
pl/angelscript,first_appeared,2003,wikipedia,https://en.wikipedia.org/wiki/AngelScript
pl/angelscript,influenced_by,C++,wikipedia,https://en.wikipedia.org/wiki/AngelScript
pl/angelscript,license,zlib License,wikipedia,https://en.wikipedia.org/wiki/AngelScript
pl/angelscript,homepage,https://angelcode.com/angelscript/,wikipedia,https://en.wikipedia.org/wiki/AngelScript
pl/ant,designed_by,Apache Software Foundation,wikipedia,https://en.wikipedia.org/wiki/Apache_Ant
pl/ant,first_appeared,2000,wikipedia,https://en.wikipedia.org/wiki/Apache_Ant
pl/ant,license,Apache License 2.0,wikipedia,https://en.wikipedia.org/wiki/Apache_Ant
pl/ant,homepage,https://ant.apache.org/,wikipedia,https://en.wikipedia.org/wiki/Apache_Ant
pl/apache-groovy,paradigms,multi-paradigm: object-oriented,wikipedia,https://en.wikipedia.org/wiki/Apache_Groovy
pl/apache-groovy,paradigms,imperative,wikipedia,https://en.wikipedia.org/wiki/Apache_Groovy
pl/apache-groovy,paradigms,functional,wikipedia,https://en.wikipedia.org/wiki/Apache_Groovy
pl/apache-groovy,paradigms,aspect-oriented,wikipedia,https://en.wikipedia.org/wiki/Apache_Groovy
pl/apache-groovy,paradigms,scripting,wikipedia,https://en.wikipedia.org/wiki/Apache_Groovy
pl/apache-groovy,typing,"dynamic, static, strong, duck",wikipedia,https://en.wikipedia.org/wiki/Apache_Groovy
pl/apache-groovy,designed_by,Paul King (PMC Chair) Jochen Theodorou (Tech Lead) Guillaume Laforge Cedric Champeau Daniel Sun Eric Milles,wikipedia,https://en.wikipedia.org/wiki/Apache_Groovy
pl/apache-groovy,designed_by,James Strachan,wikipedia,https://en.wikipedia.org/wiki/Apache_Groovy
pl/apache-groovy,first_appeared,2003,wikipedia,https://en.wikipedia.org/wiki/Apache_Groovy
pl/apache-groovy,influenced_by,Java,wikipedia,https://en.wikipedia.org/wiki/Apache_Groovy
pl/apache-groovy,influenced_by,Python,wikipedia,https://en.wikipedia.org/wiki/Apache_Groovy
pl/apache-groovy,influenced_by,Ruby,wikipedia,https://en.wikipedia.org/wiki/Apache_Groovy
pl/apache-groovy,influenced_by,Smalltalk,wikipedia,https://en.wikipedia.org/wiki/Apache_Groovy
pl/apache-groovy,influenced_by,Perl,wikipedia,https://en.wikipedia.org/wiki/Apache_Groovy
pl/apache-groovy,license,Apache 2.0,wikipedia,https://en.wikipedia.org/wiki/Apache_Groovy
pl/apache-groovy,homepage,https://groovy-lang.org,wikipedia,https://en.wikipedia.org/wiki/Apache_Groovy
pl/apex,license,Proprietary,wikipedia,https://en.wikipedia.org/wiki/OpenEdge_Advanced_Business_Language
pl/apex,homepage,https://www.progress.com/openedge,wikipedia,https://en.wikipedia.org/wiki/OpenEdge_Advanced_Business_Language
pl/apl,paradigms,array,wikipedia,https://en.wikipedia.org/wiki/APL_(programming_language)
pl/apl,paradigms,functional,wikipedia,https://en.wikipedia.org/wiki/APL_(programming_language)
pl/apl,paradigms,structured,wikipedia,https://en.wikipedia.org/wiki/APL_(programming_language)
pl/apl,paradigms,modular,wikipedia,https://en.wikipedia.org/wiki/APL_(programming_language)
pl/apl,typing,dynamic,wikipedia,https://en.wikipedia.org/wiki/APL_(programming_language)
pl/apl,designed_by,Larry Breed,wikipedia,https://en.wikipedia.org/wiki/APL_(programming_language)
pl/apl,designed_by,Dick Lathwell,wikipedia,https://en.wikipedia.org/wiki/APL_(programming_language)
pl/apl,designed_by,Roger Moore,wikipedia,https://en.wikipedia.org/wiki/APL_(programming_language)
pl/apl,designed_by,others,wikipedia,https://en.wikipedia.org/wiki/APL_(programming_language)
pl/apl,designed_by,Kenneth E. Iverson,wikipedia,https://en.wikipedia.org/wiki/APL_(programming_language)
pl/apl,first_appeared,1966,wikipedia,https://en.wikipedia.org/wiki/APL_(programming_language)
pl/apl,influenced_by,Mathematical notation,wikipedia,https://en.wikipedia.org/wiki/APL_(programming_language)
pl/apl,license,"Proprietary, open source",wikipedia,https://en.wikipedia.org/wiki/APL_(programming_language)
pl/apl,homepage,https://aplwiki.com/,wikipedia,https://en.wikipedia.org/wiki/APL_(programming_language)
pl/apl-programming-language,paradigms,array,wikipedia,https://en.wikipedia.org/wiki/APL_(programming_language)
pl/apl-programming-language,paradigms,functional,wikipedia,https://en.wikipedia.org/wiki/APL_(programming_language)
pl/apl-programming-language,paradigms,structured,wikipedia,https://en.wikipedia.org/wiki/APL_(programming_language)
pl/apl-programming-language,paradigms,modular,wikipedia,https://en.wikipedia.org/wiki/APL_(programming_language)
pl/apl-programming-language,typing,dynamic,wikipedia,https://en.wikipedia.org/wiki/APL_(programming_language)
pl/apl-programming-language,designed_by,Larry Breed,wikipedia,https://en.wikipedia.org/wiki/APL_(programming_language)
pl/apl-programming-language,designed_by,Dick Lathwell,wikipedia,https://en.wikipedia.org/wiki/APL_(programming_language)
pl/apl-programming-language,designed_by,Roger Moore,wikipedia,https://en.wikipedia.org/wiki/APL_(programming_language)
pl/apl-programming-language,designed_by,others,wikipedia,https://en.wikipedia.org/wiki/APL_(programming_language)
pl/apl-programming-language,designed_by,Kenneth E. Iverson,wikipedia,https://en.wikipedia.org/wiki/APL_(programming_language)
pl/apl-programming-language,first_appeared,1966,wikipedia,https://en.wikipedia.org/wiki/APL_(programming_language)
pl/apl-programming-language,influenced_by,Mathematical notation,wikipedia,https://en.wikipedia.org/wiki/APL_(programming_language)
pl/apl-programming-language,license,"Proprietary, open source",wikipedia,https://en.wikipedia.org/wiki/APL_(programming_language)
pl/apl-programming-language,homepage,https://aplwiki.com/,wikipedia,https://en.wikipedia.org/wiki/APL_(programming_language)
pl/applescript,paradigms,natural language,wikipedia,https://en.wikipedia.org/wiki/AppleScript
pl/applescript,paradigms,scripting,wikipedia,https://en.wikipedia.org/wiki/AppleScript
pl/applescript,typing,"weak, dynamic",wikipedia,https://en.wikipedia.org/wiki/AppleScript
pl/applescript,designed_by,Apple Inc,wikipedia,https://en.wikipedia.org/wiki/AppleScript
pl/applescript,first_appeared,1993,wikipedia,https://en.wikipedia.org/wiki/AppleScript
pl/applescript,influenced_by,Natural language,wikipedia,https://en.wikipedia.org/wiki/AppleScript
pl/applescript,influenced_by,HyperTalk,wikipedia,https://en.wikipedia.org/wiki/AppleScript
pl/applescript,license,Proprietary (parts available under APSL),wikipedia,https://en.wikipedia.org/wiki/AppleScript
pl/applescript,homepage,https://developer.apple.com/library/archive/documentation/AppleScript/Conceptual/AppleScriptLangGuide,wikipedia,https://en.wikipedia.org/wiki/AppleScript
pl/applesoft-basic,first_appeared,1977,wikipedia,https://en.wikipedia.org/wiki/Applesoft_BASIC
pl/apt,paradigms,numerical control,wikipedia,https://en.wikipedia.org/wiki/APT_(programming_language)
pl/apt,designed_by,Douglas T. Ross,wikipedia,https://en.wikipedia.org/wiki/APT_(programming_language)
pl/apt,first_appeared,1956,wikipedia,https://en.wikipedia.org/wiki/APT_(programming_language)
pl/arc,paradigms,multi-paradigm: functional,wikipedia,https://en.wikipedia.org/wiki/Arc_(programming_language)
pl/arc,paradigms,meta,wikipedia,https://en.wikipedia.org/wiki/Arc_(programming_language)
pl/arc,paradigms,procedural,wikipedia,https://en.wikipedia.org/wiki/Arc_(programming_language)
pl/arc,typing,dynamic,wikipedia,https://en.wikipedia.org/wiki/Arc_(programming_language)
pl/arc,designed_by,Paul Graham,wikipedia,https://en.wikipedia.org/wiki/Arc_(programming_language)
pl/arc,designed_by,Robert Tappan Morris,wikipedia,https://en.wikipedia.org/wiki/Arc_(programming_language)
pl/arc,designed_by,Arc community,wikipedia,https://en.wikipedia.org/wiki/Arc_(programming_language)
pl/arc,first_appeared,2008,wikipedia,https://en.wikipedia.org/wiki/Arc_(programming_language)
pl/arc,influenced_by,Lisp,wikipedia,https://en.wikipedia.org/wiki/Arc_(programming_language)
pl/arc,influenced_by,Scheme,wikipedia,https://en.wikipedia.org/wiki/Arc_(programming_language)
pl/arc,license,Artistic License 2.0,wikipedia,https://en.wikipedia.org/wiki/Arc_(programming_language)
pl/arc,implementation_languages,Racket,wikipedia,https://en.wikipedia.org/wiki/Arc_(programming_language)
pl/arc,implementation_languages,Common Lisp,wikipedia,https://en.wikipedia.org/wiki/Arc_(programming_language)
pl/arc,homepage,http://arclanguage.org,wikipedia,https://en.wikipedia.org/wiki/Arc_(programming_language)
pl/arexx,paradigms,multiparadigm: procedural,wikipedia,https://en.wikipedia.org/wiki/Rexx
pl/arexx,paradigms,structured,wikipedia,https://en.wikipedia.org/wiki/Rexx
pl/arexx,typing,dynamic,wikipedia,https://en.wikipedia.org/wiki/Rexx
pl/arexx,designed_by,Mike Cowlishaw,wikipedia,https://en.wikipedia.org/wiki/Rexx
pl/arexx,designed_by,IBM,wikipedia,https://en.wikipedia.org/wiki/Rexx
pl/arexx,first_appeared,1979,wikipedia,https://en.wikipedia.org/wiki/Rexx
pl/arexx,influenced_by,PL/I,wikipedia,https://en.wikipedia.org/wiki/Rexx
pl/arexx,influenced_by,ALGOL,wikipedia,https://en.wikipedia.org/wiki/Rexx
pl/arexx,influenced_by,EXEC,wikipedia,https://en.wikipedia.org/wiki/Rexx
pl/arexx,influenced_by,EXEC 2,wikipedia,https://en.wikipedia.org/wiki/Rexx
pl/arturo,designed_by,America Online (AOL),wikipedia,https://en.wikipedia.org/wiki/ART_image_file_format
pl/asciidoc,designed_by,Matthew Peveler,wikipedia,https://en.wikipedia.org/wiki/AsciiDoc
pl/asciidoc,designed_by,Dan Allen,wikipedia,https://en.wikipedia.org/wiki/AsciiDoc
pl/asciidoc,designed_by,Michel Krämer,wikipedia,https://en.wikipedia.org/wiki/AsciiDoc
pl/asciidoc,designed_by,et al,wikipedia,https://en.wikipedia.org/wiki/AsciiDoc
pl/asciidoc,designed_by,Sarah White,wikipedia,https://en.wikipedia.org/wiki/AsciiDoc
pl/asciidoc,first_appeared,2002,wikipedia,https://en.wikipedia.org/wiki/AsciiDoc
pl/asciidoc,license,GPL v2,wikipedia,https://en.wikipedia.org/wiki/AsciiDoc
pl/asciidoc,homepage,http://asciidoc-py.github.io,wikipedia,https://en.wikipedia.org/wiki/AsciiDoc
pl/asic,first_appeared,1993,wikipedia,https://en.wikipedia.org/wiki/ASIC_programming_language
pl/asic,license,Shareware,wikipedia,https://en.wikipedia.org/wiki/ASIC_programming_language
pl/asm,paradigms,imperative,wikipedia,https://en.wikipedia.org/wiki/Assembly_language
pl/asm,paradigms,unstructured,wikipedia,https://en.wikipedia.org/wiki/Assembly_language
pl/asm,paradigms,often metaprogramming (through macros),wikipedia,https://en.wikipedia.org/wiki/Assembly_language
pl/asm,paradigms,certain assemblers are structured or object-oriented,wikipedia,https://en.wikipedia.org/wiki/Assembly_language
pl/asm,typing,none,wikipedia,https://en.wikipedia.org/wiki/Assembly_language
pl/asm,first_appeared,1947,wikipedia,https://en.wikipedia.org/wiki/Assembly_language
pl/asp,designed_by,Microsoft,wikipedia,https://en.wikipedia.org/wiki/Active_Server_Pages
pl/asp,license,Proprietary software,wikipedia,https://en.wikipedia.org/wiki/Active_Server_Pages
pl/asp,homepage,https://www.asp.net,wikipedia,https://en.wikipedia.org/wiki/Active_Server_Pages
pl/asp-net,designed_by,Microsoft,wikipedia,https://en.wikipedia.org/wiki/Active_Server_Pages
pl/asp-net,license,Proprietary software,wikipedia,https://en.wikipedia.org/wiki/Active_Server_Pages
pl/asp-net,homepage,https://www.asp.net,wikipedia,https://en.wikipedia.org/wiki/Active_Server_Pages
pl/aspectj,paradigms,aspect-oriented,wikipedia,https://en.wikipedia.org/wiki/AspectJ
pl/aspectj,designed_by,Eclipse Foundation,wikipedia,https://en.wikipedia.org/wiki/AspectJ
pl/aspectj,first_appeared,2001,wikipedia,https://en.wikipedia.org/wiki/AspectJ
pl/aspectj,license,Eclipse Public License,wikipedia,https://en.wikipedia.org/wiki/AspectJ
pl/aspectj,implementation_languages,Java,wikipedia,https://en.wikipedia.org/wiki/AspectJ
pl/aspectj,homepage,http://www.eclipse.org/aspectj/,wikipedia,https://en.wikipedia.org/wiki/AspectJ
pl/assembly,paradigms,imperative,wikipedia,https://en.wikipedia.org/wiki/Assembly_language
pl/assembly,paradigms,unstructured,wikipedia,https://en.wikipedia.org/wiki/Assembly_language
pl/assembly,paradigms,often metaprogramming (through macros),wikipedia,https://en.wikipedia.org/wiki/Assembly_language
pl/assembly,paradigms,certain assemblers are structured or object-oriented,wikipedia,https://en.wikipedia.org/wiki/Assembly_language
pl/assembly,typing,none,wikipedia,https://en.wikipedia.org/wiki/Assembly_language
pl/assembly,first_appeared,1947,wikipedia,https://en.wikipedia.org/wiki/Assembly_language
pl/assemblyscript,paradigms,multi-paradigm: functional,wikipedia,https://en.wikipedia.org/wiki/AssemblyScript
pl/assemblyscript,paradigms,generic,wikipedia,https://en.wikipedia.org/wiki/AssemblyScript
pl/assemblyscript,paradigms,imperative,wikipedia,https://en.wikipedia.org/wiki/AssemblyScript
pl/assemblyscript,paradigms,object-oriented,wikipedia,https://en.wikipedia.org/wiki/AssemblyScript
pl/assemblyscript,typing,static,wikipedia,https://en.wikipedia.org/wiki/AssemblyScript
pl/assemblyscript,designed_by,The AssemblyScript Project,wikipedia,https://en.wikipedia.org/wiki/AssemblyScript
pl/assemblyscript,designed_by,Daniel Wirtz,wikipedia,https://en.wikipedia.org/wiki/AssemblyScript
pl/assemblyscript,designed_by,Max Graey,wikipedia,https://en.wikipedia.org/wiki/AssemblyScript
pl/assemblyscript,first_appeared,2017,wikipedia,https://en.wikipedia.org/wiki/AssemblyScript
pl/assemblyscript,influenced_by,JavaScript,wikipedia,https://en.wikipedia.org/wiki/AssemblyScript
pl/assemblyscript,influenced_by,TypeScript,wikipedia,https://en.wikipedia.org/wiki/AssemblyScript
pl/assemblyscript,influenced_by,WebAssembly,wikipedia,https://en.wikipedia.org/wiki/AssemblyScript
pl/assemblyscript,license,Apache 2.0,wikipedia,https://en.wikipedia.org/wiki/AssemblyScript
pl/assemblyscript,homepage,http://www.assemblyscript.org,wikipedia,https://en.wikipedia.org/wiki/AssemblyScript
pl/asymptote,paradigms,imperative,wikipedia,https://en.wikipedia.org/wiki/Asymptote_(vector_graphics_language)
pl/asymptote,paradigms,typesetting,wikipedia,https://en.wikipedia.org/wiki/Asymptote_(vector_graphics_language)
pl/asymptote,typing,strong,wikipedia,https://en.wikipedia.org/wiki/Asymptote_(vector_graphics_language)
pl/asymptote,designed_by,Andy Hammerlindl,wikipedia,https://en.wikipedia.org/wiki/Asymptote_(vector_graphics_language)
pl/asymptote,designed_by,John C. Bowman,wikipedia,https://en.wikipedia.org/wiki/Asymptote_(vector_graphics_language)
pl/asymptote,designed_by,Tom Prince,wikipedia,https://en.wikipedia.org/wiki/Asymptote_(vector_graphics_language)
pl/asymptote,first_appeared,2004,wikipedia,https://en.wikipedia.org/wiki/Asymptote_(vector_graphics_language)
pl/asymptote,influenced_by,MetaPost,wikipedia,https://en.wikipedia.org/wiki/Asymptote_(vector_graphics_language)
pl/asymptote,license,LGPL,wikipedia,https://en.wikipedia.org/wiki/Asymptote_(vector_graphics_language)
pl/asymptote,implementation_languages,C++,wikipedia,https://en.wikipedia.org/wiki/Asymptote_(vector_graphics_language)
pl/asymptote,homepage,https://asymptote.sourceforge.io,wikipedia,https://en.wikipedia.org/wiki/Asymptote_(vector_graphics_language)
pl/at-2,paradigms,object-oriented (prototype-based),wikipedia,https://en.wikipedia.org/wiki/AmbientTalk
pl/at-2,paradigms,concurrent,wikipedia,https://en.wikipedia.org/wiki/AmbientTalk
pl/at-2,paradigms,event-driven,wikipedia,https://en.wikipedia.org/wiki/AmbientTalk
pl/at-2,paradigms,reflective,wikipedia,https://en.wikipedia.org/wiki/AmbientTalk
pl/at-2,typing,"dynamic, strong",wikipedia,https://en.wikipedia.org/wiki/AmbientTalk
pl/at-2,designed_by,Software Languages Lab,wikipedia,https://en.wikipedia.org/wiki/AmbientTalk
pl/at-2,designed_by,University of Brussels,wikipedia,https://en.wikipedia.org/wiki/AmbientTalk
pl/at-2,designed_by,Tom Van Cutsem,wikipedia,https://en.wikipedia.org/wiki/AmbientTalk
pl/at-2,designed_by,Stijn Mostinckx,wikipedia,https://en.wikipedia.org/wiki/AmbientTalk
pl/at-2,designed_by,Jessie Dedecker,wikipedia,https://en.wikipedia.org/wiki/AmbientTalk
pl/at-2,designed_by,Wolfgang De Meuter,wikipedia,https://en.wikipedia.org/wiki/AmbientTalk
pl/at-2,first_appeared,2006,wikipedia,https://en.wikipedia.org/wiki/AmbientTalk
pl/at-2,influenced_by,Smalltalk,wikipedia,https://en.wikipedia.org/wiki/AmbientTalk
pl/at-2,influenced_by,Self,wikipedia,https://en.wikipedia.org/wiki/AmbientTalk
pl/at-2,influenced_by,Scheme,wikipedia,https://en.wikipedia.org/wiki/AmbientTalk
pl/at-2,influenced_by,E,wikipedia,https://en.wikipedia.org/wiki/AmbientTalk
pl/at-2,influenced_by,ABCL,wikipedia,https://en.wikipedia.org/wiki/AmbientTalk
pl/at-2,license,MIT License,wikipedia,https://en.wikipedia.org/wiki/AmbientTalk
pl/at-2,homepage,https://soft.vub.ac.be/amop,wikipedia,https://en.wikipedia.org/wiki/AmbientTalk
pl/atlas,paradigms,multi-paradigm: structured,wikipedia,https://en.wikipedia.org/wiki/Abbreviated_Test_Language_for_All_Systems
pl/atlas,paradigms,imperative (procedural),wikipedia,https://en.wikipedia.org/wiki/Abbreviated_Test_Language_for_All_Systems
pl/atlas,paradigms,generic,wikipedia,https://en.wikipedia.org/wiki/Abbreviated_Test_Language_for_All_Systems
pl/atlas,paradigms,array,wikipedia,https://en.wikipedia.org/wiki/Abbreviated_Test_Language_for_All_Systems
pl/atlas,typing,"strong, static, manifest",wikipedia,https://en.wikipedia.org/wiki/Abbreviated_Test_Language_for_All_Systems
pl/atlas,designed_by,IEEE,wikipedia,https://en.wikipedia.org/wiki/Abbreviated_Test_Language_for_All_Systems
pl/atlas,designed_by,ARINC,wikipedia,https://en.wikipedia.org/wiki/Abbreviated_Test_Language_for_All_Systems
pl/atlas,first_appeared,1983,wikipedia,https://en.wikipedia.org/wiki/Abbreviated_Test_Language_for_All_Systems
pl/atlas,influenced_by,Fortran,wikipedia,https://en.wikipedia.org/wiki/Abbreviated_Test_Language_for_All_Systems
pl/atlas,license,None,wikipedia,https://en.wikipedia.org/wiki/Abbreviated_Test_Language_for_All_Systems
pl/atom,paradigms,functional,wikipedia,https://en.wikipedia.org/wiki/Atom_(programming_language)
pl/atom,paradigms,synchronous,wikipedia,https://en.wikipedia.org/wiki/Atom_(programming_language)
pl/atom,paradigms,reactive,wikipedia,https://en.wikipedia.org/wiki/Atom_(programming_language)
pl/atom,typing,"static, strong",wikipedia,https://en.wikipedia.org/wiki/Atom_(programming_language)
pl/atom,designed_by,Thomas Hawkins,wikipedia,https://en.wikipedia.org/wiki/Atom_(programming_language)
pl/atom,first_appeared,2007,wikipedia,https://en.wikipedia.org/wiki/Atom_(programming_language)
pl/atom,influenced_by,Bluespec,wikipedia,https://en.wikipedia.org/wiki/Atom_(programming_language)
pl/atom,influenced_by,Confluence,wikipedia,https://en.wikipedia.org/wiki/Atom_(programming_language)
pl/atom,influenced_by,Haskell,wikipedia,https://en.wikipedia.org/wiki/Atom_(programming_language)
pl/atom,license,BSD 3,wikipedia,https://en.wikipedia.org/wiki/Atom_(programming_language)
pl/atom,homepage,http://hackage.haskell.org/package/atom,wikipedia,https://en.wikipedia.org/wiki/Atom_(programming_language)
pl/ats,paradigms,multi-paradigm: functional,wikipedia,https://en.wikipedia.org/wiki/ATS_(programming_language)
pl/ats,paradigms,imperative,wikipedia,https://en.wikipedia.org/wiki/ATS_(programming_language)
pl/ats,paradigms,object-oriented,wikipedia,https://en.wikipedia.org/wiki/ATS_(programming_language)
pl/ats,paradigms,concurrent,wikipedia,https://en.wikipedia.org/wiki/ATS_(programming_language)
pl/ats,paradigms,modular,wikipedia,https://en.wikipedia.org/wiki/ATS_(programming_language)
pl/ats,typing,"static, dependent",wikipedia,https://en.wikipedia.org/wiki/ATS_(programming_language)
pl/ats,designed_by,Boston University,wikipedia,https://en.wikipedia.org/wiki/ATS_(programming_language)
pl/ats,designed_by,Hongwei Xi,wikipedia,https://en.wikipedia.org/wiki/ATS_(programming_language)
pl/ats,first_appeared,2006,wikipedia,https://en.wikipedia.org/wiki/ATS_(programming_language)
pl/ats,influenced_by,Dependent ML,wikipedia,https://en.wikipedia.org/wiki/ATS_(programming_language)
pl/ats,influenced_by,ML,wikipedia,https://en.wikipedia.org/wiki/ATS_(programming_language)
pl/ats,influenced_by,OCaml,wikipedia,https://en.wikipedia.org/wiki/ATS_(programming_language)
pl/ats,influenced_by,C++,wikipedia,https://en.wikipedia.org/wiki/ATS_(programming_language)
pl/ats,license,GPLv3,wikipedia,https://en.wikipedia.org/wiki/ATS_(programming_language)
pl/ats,homepage,http://www.ats-lang.org,wikipedia,https://en.wikipedia.org/wiki/ATS_(programming_language)
pl/autohotkey,designed_by,Chris Mallett,wikipedia,https://en.wikipedia.org/wiki/AutoHotkey
pl/autohotkey,designed_by,Steve Gray,wikipedia,https://en.wikipedia.org/wiki/AutoHotkey
pl/autohotkey,first_appeared,2003,wikipedia,https://en.wikipedia.org/wiki/AutoHotkey
pl/autohotkey,license,GPLv2,wikipedia,https://en.wikipedia.org/wiki/AutoHotkey
pl/autohotkey,homepage,https://www.autohotkey.com/,wikipedia,https://en.wikipedia.org/wiki/AutoHotkey
pl/autoit,paradigms,imperative,wikipedia,https://en.wikipedia.org/wiki/AutoIt
pl/autoit,paradigms,functional,wikipedia,https://en.wikipedia.org/wiki/AutoIt
pl/autoit,paradigms,procedural,wikipedia,https://en.wikipedia.org/wiki/AutoIt
pl/autoit,paradigms,reflective,wikipedia,https://en.wikipedia.org/wiki/AutoIt
pl/autoit,designed_by,AutoIt Consulting Ltd,wikipedia,https://en.wikipedia.org/wiki/AutoIt
pl/autoit,designed_by,Jonathan Bennett,wikipedia,https://en.wikipedia.org/wiki/AutoIt
pl/autoit,first_appeared,1999,wikipedia,https://en.wikipedia.org/wiki/AutoIt
pl/autoit,influenced_by,BASIC,wikipedia,https://en.wikipedia.org/wiki/AutoIt
pl/autoit,license,Freeware,wikipedia,https://en.wikipedia.org/wiki/AutoIt
pl/autoit,homepage,https://www.autoitscript.com,wikipedia,https://en.wikipedia.org/wiki/AutoIt
pl/autolisp,paradigms,multi-paradigm: functional,wikipedia,https://en.wikipedia.org/wiki/AutoLISP
pl/autolisp,paradigms,procedural,wikipedia,https://en.wikipedia.org/wiki/AutoLISP
pl/autolisp,paradigms,reflective,wikipedia,https://en.wikipedia.org/wiki/AutoLISP
pl/autolisp,paradigms,meta,wikipedia,https://en.wikipedia.org/wiki/AutoLISP
pl/autolisp,typing,dynamic,wikipedia,https://en.wikipedia.org/wiki/AutoLISP
pl/autolisp,designed_by,Autodesk,wikipedia,https://en.wikipedia.org/wiki/AutoLISP
pl/autolisp,designed_by,Basis Software,wikipedia,https://en.wikipedia.org/wiki/AutoLISP
pl/autolisp,designed_by,David Betz,wikipedia,https://en.wikipedia.org/wiki/AutoLISP
pl/autolisp,first_appeared,1986,wikipedia,https://en.wikipedia.org/wiki/AutoLISP
pl/autolisp,influenced_by,Lisp,wikipedia,https://en.wikipedia.org/wiki/AutoLISP
pl/autolisp,influenced_by,XLISP,wikipedia,https://en.wikipedia.org/wiki/AutoLISP
pl/awk,paradigms,scripting,wikipedia,https://en.wikipedia.org/wiki/AWK
pl/awk,paradigms,procedural,wikipedia,https://en.wikipedia.org/wiki/AWK
pl/awk,paradigms,data-driven,wikipedia,https://en.wikipedia.org/wiki/AWK
pl/awk,typing,"none; can handle strings, integers and floating-point numbers; regular expressions",wikipedia,https://en.wikipedia.org/wiki/AWK
pl/awk,designed_by,Alfred Aho,wikipedia,https://en.wikipedia.org/wiki/AWK
pl/awk,designed_by,Peter Weinberger,wikipedia,https://en.wikipedia.org/wiki/AWK
pl/awk,designed_by,and Brian Kernighan,wikipedia,https://en.wikipedia.org/wiki/AWK
pl/awk,first_appeared,1977,wikipedia,https://en.wikipedia.org/wiki/AWK
pl/awk,influenced_by,C,wikipedia,https://en.wikipedia.org/wiki/AWK
pl/awk,influenced_by,sed,wikipedia,https://en.wikipedia.org/wiki/AWK
pl/awk,influenced_by,SNOBOL,wikipedia,https://en.wikipedia.org/wiki/AWK
pl/b,typing,typeless (everything is a word),wikipedia,https://en.wikipedia.org/wiki/B_(programming_language)
pl/b,designed_by,Ken Thompson,wikipedia,https://en.wikipedia.org/wiki/B_(programming_language)
pl/b,designed_by,Dennis Ritchie,wikipedia,https://en.wikipedia.org/wiki/B_(programming_language)
pl/b,first_appeared,1969,wikipedia,https://en.wikipedia.org/wiki/B_(programming_language)
pl/b,influenced_by,Fortran,wikipedia,https://en.wikipedia.org/wiki/B_(programming_language)
pl/b,influenced_by,BCPL,wikipedia,https://en.wikipedia.org/wiki/B_(programming_language)
pl/b,influenced_by,PL/I,wikipedia,https://en.wikipedia.org/wiki/B_(programming_language)
pl/b,influenced_by,TMG,wikipedia,https://en.wikipedia.org/wiki/B_(programming_language)
pl/b-programming-language,typing,typeless (everything is a word),wikipedia,https://en.wikipedia.org/wiki/B_(programming_language)
pl/b-programming-language,designed_by,Ken Thompson,wikipedia,https://en.wikipedia.org/wiki/B_(programming_language)
pl/b-programming-language,designed_by,Dennis Ritchie,wikipedia,https://en.wikipedia.org/wiki/B_(programming_language)
pl/b-programming-language,first_appeared,1969,wikipedia,https://en.wikipedia.org/wiki/B_(programming_language)
pl/b-programming-language,influenced_by,Fortran,wikipedia,https://en.wikipedia.org/wiki/B_(programming_language)
pl/b-programming-language,influenced_by,BCPL,wikipedia,https://en.wikipedia.org/wiki/B_(programming_language)
pl/b-programming-language,influenced_by,PL/I,wikipedia,https://en.wikipedia.org/wiki/B_(programming_language)
pl/b-programming-language,influenced_by,TMG,wikipedia,https://en.wikipedia.org/wiki/B_(programming_language)
pl/b4x,paradigms,multi-paradigm: structured,wikipedia,https://en.wikipedia.org/wiki/Visual_Basic_(.NET)
pl/b4x,paradigms,imperative,wikipedia,https://en.wikipedia.org/wiki/Visual_Basic_(.NET)
pl/b4x,paradigms,object-oriented,wikipedia,https://en.wikipedia.org/wiki/Visual_Basic_(.NET)
pl/b4x,paradigms,declarative,wikipedia,https://en.wikipedia.org/wiki/Visual_Basic_(.NET)
pl/b4x,paradigms,generic,wikipedia,https://en.wikipedia.org/wiki/Visual_Basic_(.NET)
pl/b4x,paradigms,reflective,wikipedia,https://en.wikipedia.org/wiki/Visual_Basic_(.NET)
pl/b4x,paradigms,event-driven,wikipedia,https://en.wikipedia.org/wiki/Visual_Basic_(.NET)
pl/b4x,typing,"static, both strong and weak, both safe and unsafe, nominative",wikipedia,https://en.wikipedia.org/wiki/Visual_Basic_(.NET)
pl/b4x,designed_by,Microsoft,wikipedia,https://en.wikipedia.org/wiki/Visual_Basic_(.NET)
pl/b4x,first_appeared,2001,wikipedia,https://en.wikipedia.org/wiki/Visual_Basic_(.NET)
pl/b4x,influenced_by,Classic Visual Basic,wikipedia,https://en.wikipedia.org/wiki/Visual_Basic_(.NET)
pl/b4x,license,Roslyn compiler: MIT License,wikipedia,https://en.wikipedia.org/wiki/Visual_Basic_(.NET)
pl/b4x,homepage,https://docs.microsoft.com/dotnet/visual-basic/,wikipedia,https://en.wikipedia.org/wiki/Visual_Basic_(.NET)
pl/bag,designed_by,The Open Navigation Surface Working Group,wikipedia,https://en.wikipedia.org/wiki/Bathymetric_attributed_grid
pl/bag,homepage,http://www.opennavsurf.org/index.html,wikipedia,https://en.wikipedia.org/wiki/Bathymetric_attributed_grid
pl/ballerina,typing,"structural, strong, static, inferred",wikipedia,https://en.wikipedia.org/wiki/Ballerina_(programming_language)
pl/ballerina,designed_by,WSO2,wikipedia,https://en.wikipedia.org/wiki/Ballerina_(programming_language)
pl/ballerina,designed_by,Sanjiva Weerawarana,wikipedia,https://en.wikipedia.org/wiki/Ballerina_(programming_language)
pl/ballerina,designed_by,James Clark,wikipedia,https://en.wikipedia.org/wiki/Ballerina_(programming_language)
pl/ballerina,designed_by,Sameera Jayasoma,wikipedia,https://en.wikipedia.org/wiki/Ballerina_(programming_language)
pl/ballerina,designed_by,Hasitha Aravinda,wikipedia,https://en.wikipedia.org/wiki/Ballerina_(programming_language)
pl/ballerina,designed_by,Srinath Perera,wikipedia,https://en.wikipedia.org/wiki/Ballerina_(programming_language)
pl/ballerina,designed_by,Frank Leymann,wikipedia,https://en.wikipedia.org/wiki/Ballerina_(programming_language)
pl/ballerina,first_appeared,2019,wikipedia,https://en.wikipedia.org/wiki/Ballerina_(programming_language)
pl/ballerina,influenced_by,Java,wikipedia,https://en.wikipedia.org/wiki/Ballerina_(programming_language)
pl/ballerina,influenced_by,JavaScript,wikipedia,https://en.wikipedia.org/wiki/Ballerina_(programming_language)
pl/ballerina,influenced_by,Go,wikipedia,https://en.wikipedia.org/wiki/Ballerina_(programming_language)
pl/ballerina,influenced_by,Rust,wikipedia,https://en.wikipedia.org/wiki/Ballerina_(programming_language)
pl/ballerina,influenced_by,C#,wikipedia,https://en.wikipedia.org/wiki/Ballerina_(programming_language)
pl/ballerina,license,Apache 2.0,wikipedia,https://en.wikipedia.org/wiki/Ballerina_(programming_language)
pl/ballerina,implementation_languages,Java,wikipedia,https://en.wikipedia.org/wiki/Ballerina_(programming_language)
pl/ballerina,implementation_languages,Ballerina,wikipedia,https://en.wikipedia.org/wiki/Ballerina_(programming_language)
pl/ballerina,implementation_languages,TypeScript,wikipedia,https://en.wikipedia.org/wiki/Ballerina_(programming_language)
pl/ballerina,homepage,http://ballerina.io,wikipedia,https://en.wikipedia.org/wiki/Ballerina_(programming_language)
pl/bash,designed_by,Martijn Dekker,wikipedia,https://en.wikipedia.org/wiki/KornShell
pl/bash,designed_by,Johnothan King,wikipedia,https://en.wikipedia.org/wiki/KornShell
pl/bash,designed_by,hyenias,wikipedia,https://en.wikipedia.org/wiki/KornShell
pl/bash,designed_by,Kurtis Rader,wikipedia,https://en.wikipedia.org/wiki/KornShell
pl/bash,designed_by,Siteshwar Vashisht,wikipedia,https://en.wikipedia.org/wiki/KornShell
pl/bash,designed_by,community,wikipedia,https://en.wikipedia.org/wiki/KornShell
pl/bash,first_appeared,1983,wikipedia,https://en.wikipedia.org/wiki/KornShell
pl/bash,license,Eclipse Public License,wikipedia,https://en.wikipedia.org/wiki/KornShell
pl/bash,homepage,http://github.com/ksh93/ksh/wiki,wikipedia,https://en.wikipedia.org/wiki/KornShell
pl/basic,paradigms,non-structured,wikipedia,https://en.wikipedia.org/wiki/BASIC
pl/basic,paradigms,later procedural,wikipedia,https://en.wikipedia.org/wiki/BASIC
pl/basic,paradigms,later object-oriented,wikipedia,https://en.wikipedia.org/wiki/BASIC
pl/basic,designed_by,John G. Kemeny,wikipedia,https://en.wikipedia.org/wiki/BASIC
pl/basic,designed_by,Thomas E. Kurtz,wikipedia,https://en.wikipedia.org/wiki/BASIC
pl/basic,first_appeared,1964,wikipedia,https://en.wikipedia.org/wiki/BASIC
pl/basic,influenced_by,ALGOL 60,wikipedia,https://en.wikipedia.org/wiki/BASIC
pl/basic,influenced_by,FORTRAN II,wikipedia,https://en.wikipedia.org/wiki/BASIC
pl/basic,influenced_by,JOSS,wikipedia,https://en.wikipedia.org/wiki/BASIC
pl/basic-plus,paradigms,imperative,wikipedia,https://en.wikipedia.org/wiki/BASIC-PLUS
pl/basic-plus,first_appeared,1970,wikipedia,https://en.wikipedia.org/wiki/BASIC-PLUS
pl/basic-plus,influenced_by,Dartmouth BASIC,wikipedia,https://en.wikipedia.org/wiki/BASIC-PLUS
pl/basic-plus,influenced_by,Tymshare SUPER BASIC,wikipedia,https://en.wikipedia.org/wiki/BASIC-PLUS
pl/basic09,designed_by,Microware,wikipedia,https://en.wikipedia.org/wiki/BASIC09
pl/basic09,designed_by,Motorola,wikipedia,https://en.wikipedia.org/wiki/BASIC09
pl/basic09,first_appeared,1980,wikipedia,https://en.wikipedia.org/wiki/BASIC09
pl/basic4android,designed_by,Erel Uziel,wikipedia,https://en.wikipedia.org/wiki/Basic4android
pl/basic4android,license,Apache License 2.0,wikipedia,https://en.wikipedia.org/wiki/Basic4android
pl/basic4android,homepage,https://www.b4x.com/b4a.html,wikipedia,https://en.wikipedia.org/wiki/Basic4android
pl/basic4gl,paradigms,procedural,wikipedia,https://en.wikipedia.org/wiki/Basic4GL
pl/basic4gl,designed_by,Tom Mulgrew,wikipedia,https://en.wikipedia.org/wiki/Basic4GL
pl/basic4gl,first_appeared,2002,wikipedia,https://en.wikipedia.org/wiki/Basic4GL
pl/basic4gl,influenced_by,QuickBASIC,wikipedia,https://en.wikipedia.org/wiki/Basic4GL
pl/basic4gl,influenced_by,GW-BASIC,wikipedia,https://en.wikipedia.org/wiki/Basic4GL
pl/basic4gl,license,GPL (free software),wikipedia,https://en.wikipedia.org/wiki/Basic4GL
pl/basic4gl,homepage,https://basic4.sourceforge.net/,wikipedia,https://en.wikipedia.org/wiki/Basic4GL
pl/basic4ppc,paradigms,procedural,wikipedia,https://en.wikipedia.org/wiki/Basic4ppc
pl/basic4ppc,paradigms,event-driven,wikipedia,https://en.wikipedia.org/wiki/Basic4ppc
pl/basic4ppc,typing,"static, weak",wikipedia,https://en.wikipedia.org/wiki/Basic4ppc
pl/basic4ppc,designed_by,Anywhere Software,wikipedia,https://en.wikipedia.org/wiki/Basic4ppc
pl/basic4ppc,designed_by,Erel Uziel,wikipedia,https://en.wikipedia.org/wiki/Basic4ppc
pl/basic4ppc,designed_by,CEO,wikipedia,https://en.wikipedia.org/wiki/Basic4ppc
pl/basic4ppc,first_appeared,2005,wikipedia,https://en.wikipedia.org/wiki/Basic4ppc
pl/basic4ppc,influenced_by,Visual Basic,wikipedia,https://en.wikipedia.org/wiki/Basic4ppc
pl/basic4ppc,homepage,http://www.b4x.com,wikipedia,https://en.wikipedia.org/wiki/Basic4ppc
pl/batchfile,designed_by,Microsoft,wikipedia,https://en.wikipedia.org/wiki/Batch_file
pl/bazel,paradigms,multi-paradigm: object-oriented,wikipedia,https://en.wikipedia.org/wiki/Python_(programming_language)
pl/bazel,paradigms,procedural (imperative),wikipedia,https://en.wikipedia.org/wiki/Python_(programming_language)
pl/bazel,paradigms,functional,wikipedia,https://en.wikipedia.org/wiki/Python_(programming_language)
pl/bazel,paradigms,structured,wikipedia,https://en.wikipedia.org/wiki/Python_(programming_language)
pl/bazel,paradigms,reflective,wikipedia,https://en.wikipedia.org/wiki/Python_(programming_language)
pl/bazel,typing,"duck, dynamic, strong; optional type annotations",wikipedia,https://en.wikipedia.org/wiki/Python_(programming_language)
pl/bazel,designed_by,Python Software Foundation,wikipedia,https://en.wikipedia.org/wiki/Python_(programming_language)
pl/bazel,designed_by,Guido van Rossum,wikipedia,https://en.wikipedia.org/wiki/Python_(programming_language)
pl/bazel,first_appeared,1991,wikipedia,https://en.wikipedia.org/wiki/Python_(programming_language)
pl/bazel,influenced_by,ABC,wikipedia,https://en.wikipedia.org/wiki/Python_(programming_language)
pl/bazel,influenced_by,Ada,wikipedia,https://en.wikipedia.org/wiki/Python_(programming_language)
pl/bazel,influenced_by,ALGOL 68,wikipedia,https://en.wikipedia.org/wiki/Python_(programming_language)
pl/bazel,influenced_by,APL,wikipedia,https://en.wikipedia.org/wiki/Python_(programming_language)
pl/bazel,influenced_by,C,wikipedia,https://en.wikipedia.org/wiki/Python_(programming_language)
pl/bazel,influenced_by,C++,wikipedia,https://en.wikipedia.org/wiki/Python_(programming_language)
pl/bazel,influenced_by,CLU,wikipedia,https://en.wikipedia.org/wiki/Python_(programming_language)
pl/bazel,influenced_by,Dylan,wikipedia,https://en.wikipedia.org/wiki/Python_(programming_language)
pl/bazel,influenced_by,Haskell,wikipedia,https://en.wikipedia.org/wiki/Python_(programming_language)
pl/bazel,influenced_by,Icon,wikipedia,https://en.wikipedia.org/wiki/Python_(programming_language)
pl/bazel,influenced_by,Lisp,wikipedia,https://en.wikipedia.org/wiki/Python_(programming_language)
pl/bazel,influenced_by,Modula-3,wikipedia,https://en.wikipedia.org/wiki/Python_(programming_language)
pl/bazel,influenced_by,Perl,wikipedia,https://en.wikipedia.org/wiki/Python_(programming_language)
pl/bazel,influenced_by,Standard ML,wikipedia,https://en.wikipedia.org/wiki/Python_(programming_language)
pl/bazel,license,Python Software Foundation License,wikipedia,https://en.wikipedia.org/wiki/Python_(programming_language)
pl/bazel,homepage,https://www.python.org/,wikipedia,https://en.wikipedia.org/wiki/Python_(programming_language)
pl/bc,designed_by,Robert Morris,wikipedia,https://en.wikipedia.org/wiki/Bc_(programming_language)
pl/bc,designed_by,Lorinda Cherry of Bell Labs,wikipedia,https://en.wikipedia.org/wiki/Bc_(programming_language)
pl/bc,first_appeared,1975,wikipedia,https://en.wikipedia.org/wiki/Bc_(programming_language)
pl/bc,homepage,https://www.gnu.org/software/bc/,wikipedia,https://en.wikipedia.org/wiki/Bc_(programming_language)
pl/bcpl,paradigms,procedural,wikipedia,https://en.wikipedia.org/wiki/BCPL
pl/bcpl,paradigms,imperative,wikipedia,https://en.wikipedia.org/wiki/BCPL
pl/bcpl,paradigms,structured,wikipedia,https://en.wikipedia.org/wiki/BCPL
pl/bcpl,typing,typeless (everything is a word),wikipedia,https://en.wikipedia.org/wiki/BCPL
pl/bcpl,designed_by,Martin Richards,wikipedia,https://en.wikipedia.org/wiki/BCPL
pl/bcpl,first_appeared,1967,wikipedia,https://en.wikipedia.org/wiki/BCPL
pl/bcpl,influenced_by,CPL,wikipedia,https://en.wikipedia.org/wiki/BCPL
pl/beanshell,paradigms,object-oriented,wikipedia,https://en.wikipedia.org/wiki/BeanShell
pl/beanshell,paradigms,scripting,wikipedia,https://en.wikipedia.org/wiki/BeanShell
pl/beanshell,typing,"dynamic, strong",wikipedia,https://en.wikipedia.org/wiki/BeanShell
pl/beanshell,designed_by,JCP,wikipedia,https://en.wikipedia.org/wiki/BeanShell
pl/beanshell,first_appeared,1999,wikipedia,https://en.wikipedia.org/wiki/BeanShell
pl/beanshell,influenced_by,Java,wikipedia,https://en.wikipedia.org/wiki/BeanShell
pl/beanshell,influenced_by,JavaScript,wikipedia,https://en.wikipedia.org/wiki/BeanShell
pl/beanshell,influenced_by,Perl,wikipedia,https://en.wikipedia.org/wiki/BeanShell
pl/beanshell,license,2012: Apache-2.0 2001: SPL-1.0 or LGPL-2.1-only 1999: LGPL-2.1-only,wikipedia,https://en.wikipedia.org/wiki/BeanShell
pl/beanshell,implementation_languages,Java,wikipedia,https://en.wikipedia.org/wiki/BeanShell
pl/beanshell,homepage,https://github.com/beanshell/beanshell,wikipedia,https://en.wikipedia.org/wiki/BeanShell
pl/beatnik,paradigms,stack-oriented,wikipedia,https://en.wikipedia.org/wiki/Beatnik_(programming_language)
pl/beatnik,designed_by,Cliff L. Biffle,wikipedia,https://en.wikipedia.org/wiki/Beatnik_(programming_language)
pl/beatnik,first_appeared,2001,wikipedia,https://en.wikipedia.org/wiki/Beatnik_(programming_language)
pl/beatnik,homepage,http://cliffle.com/esoterica/beatnik.html,wikipedia,https://en.wikipedia.org/wiki/Beatnik_(programming_language)
pl/beef,paradigms,esoteric,wikipedia,https://en.wikipedia.org/wiki/Brainfuck
pl/beef,paradigms,imperative,wikipedia,https://en.wikipedia.org/wiki/Brainfuck
pl/beef,paradigms,structured,wikipedia,https://en.wikipedia.org/wiki/Brainfuck
pl/beef,typing,typeless,wikipedia,https://en.wikipedia.org/wiki/Brainfuck
pl/beef,designed_by,Urban Müller,wikipedia,https://en.wikipedia.org/wiki/Brainfuck
pl/beef,first_appeared,1993,wikipedia,https://en.wikipedia.org/wiki/Brainfuck
pl/beef,influenced_by,P′′,wikipedia,https://en.wikipedia.org/wiki/Brainfuck
pl/beef,influenced_by,FALSE,wikipedia,https://en.wikipedia.org/wiki/Brainfuck
pl/beef,homepage,https://brainfuck.org/,wikipedia,https://en.wikipedia.org/wiki/Brainfuck
pl/befunge,designed_by,Chris Pressey,wikipedia,https://en.wikipedia.org/wiki/Befunge
pl/befunge,first_appeared,1993,wikipedia,https://en.wikipedia.org/wiki/Befunge
pl/befunge,influenced_by,Forth,wikipedia,https://en.wikipedia.org/wiki/Befunge
pl/befunge,influenced_by,FALSE,wikipedia,https://en.wikipedia.org/wiki/Befunge
pl/befunge,homepage,http://catseye.tc/node/Befunge-93.html,wikipedia,https://en.wikipedia.org/wiki/Befunge
pl/beta,paradigms,object-oriented,wikipedia,https://en.wikipedia.org/wiki/BETA_(programming_language)
pl/beta,designed_by,Bent Bruun Kristensen,wikipedia,https://en.wikipedia.org/wiki/BETA_(programming_language)
pl/beta,designed_by,Ole Lehrmann Madsen,wikipedia,https://en.wikipedia.org/wiki/BETA_(programming_language)
pl/beta,designed_by,Birger Møller-Pedersen,wikipedia,https://en.wikipedia.org/wiki/BETA_(programming_language)
pl/beta,designed_by,Kristen Nygaard,wikipedia,https://en.wikipedia.org/wiki/BETA_(programming_language)
pl/beta,influenced_by,Simula,wikipedia,https://en.wikipedia.org/wiki/BETA_(programming_language)
pl/beta,homepage,http://beta.cs.au.dk,wikipedia,https://en.wikipedia.org/wiki/BETA_(programming_language)
pl/bliss,paradigms,structured,wikipedia,https://en.wikipedia.org/wiki/BLISS
pl/bliss,paradigms,imperative (procedural),wikipedia,https://en.wikipedia.org/wiki/BLISS
pl/bliss,typing,typeless,wikipedia,https://en.wikipedia.org/wiki/BLISS
pl/bliss,designed_by,Carnegie Mellon University,wikipedia,https://en.wikipedia.org/wiki/BLISS
pl/bliss,designed_by,W. A. Wulf,wikipedia,https://en.wikipedia.org/wiki/BLISS
pl/bliss,designed_by,D. B. Russell,wikipedia,https://en.wikipedia.org/wiki/BLISS
pl/bliss,designed_by,A. N. Habermann,wikipedia,https://en.wikipedia.org/wiki/BLISS
pl/bliss,first_appeared,1970,wikipedia,https://en.wikipedia.org/wiki/BLISS
pl/bliss,influenced_by,ALGOL,wikipedia,https://en.wikipedia.org/wiki/BLISS
pl/bliss,homepage,http://pdp-10.trailing-edge.com/bb-m836d-bm/,wikipedia,https://en.wikipedia.org/wiki/BLISS
pl/blitzbasic,paradigms,imperative,wikipedia,https://en.wikipedia.org/wiki/Blitz_BASIC
pl/blitzbasic,paradigms,object-oriented,wikipedia,https://en.wikipedia.org/wiki/Blitz_BASIC
pl/blitzbasic,paradigms,modular,wikipedia,https://en.wikipedia.org/wiki/Blitz_BASIC
pl/blitzbasic,paradigms,reflective,wikipedia,https://en.wikipedia.org/wiki/Blitz_BASIC
pl/blitzbasic,typing,"static, weak, strong (optional)",wikipedia,https://en.wikipedia.org/wiki/Blitz_BASIC
pl/blitzbasic,designed_by,Blitz Research,wikipedia,https://en.wikipedia.org/wiki/Blitz_BASIC
pl/blitzbasic,designed_by,Mark Sibly,wikipedia,https://en.wikipedia.org/wiki/Blitz_BASIC
pl/blitzbasic,first_appeared,2004,wikipedia,https://en.wikipedia.org/wiki/Blitz_BASIC
pl/blitzbasic,influenced_by,BlitzBasic,wikipedia,https://en.wikipedia.org/wiki/Blitz_BASIC
pl/blitzbasic,license,zlib License,wikipedia,https://en.wikipedia.org/wiki/Blitz_BASIC
pl/blitzbasic,homepage,http://www.blitzbasic.com/,wikipedia,https://en.wikipedia.org/wiki/Blitz_BASIC
pl/blitzmax,paradigms,imperative,wikipedia,https://en.wikipedia.org/wiki/Blitz_BASIC
pl/blitzmax,paradigms,object-oriented,wikipedia,https://en.wikipedia.org/wiki/Blitz_BASIC
pl/blitzmax,paradigms,modular,wikipedia,https://en.wikipedia.org/wiki/Blitz_BASIC
pl/blitzmax,paradigms,reflective,wikipedia,https://en.wikipedia.org/wiki/Blitz_BASIC
pl/blitzmax,typing,"static, weak, strong (optional)",wikipedia,https://en.wikipedia.org/wiki/Blitz_BASIC
pl/blitzmax,designed_by,Blitz Research,wikipedia,https://en.wikipedia.org/wiki/Blitz_BASIC
pl/blitzmax,designed_by,Mark Sibly,wikipedia,https://en.wikipedia.org/wiki/Blitz_BASIC
pl/blitzmax,first_appeared,2004,wikipedia,https://en.wikipedia.org/wiki/Blitz_BASIC
pl/blitzmax,influenced_by,BlitzBasic,wikipedia,https://en.wikipedia.org/wiki/Blitz_BASIC
pl/blitzmax,license,zlib License,wikipedia,https://en.wikipedia.org/wiki/Blitz_BASIC
pl/blitzmax,homepage,http://www.blitzbasic.com/,wikipedia,https://en.wikipedia.org/wiki/Blitz_BASIC
pl/blitzplus,paradigms,imperative,wikipedia,https://en.wikipedia.org/wiki/Blitz_BASIC
pl/blitzplus,paradigms,object-oriented,wikipedia,https://en.wikipedia.org/wiki/Blitz_BASIC
pl/blitzplus,paradigms,modular,wikipedia,https://en.wikipedia.org/wiki/Blitz_BASIC
pl/blitzplus,paradigms,reflective,wikipedia,https://en.wikipedia.org/wiki/Blitz_BASIC
pl/blitzplus,typing,"static, weak, strong (optional)",wikipedia,https://en.wikipedia.org/wiki/Blitz_BASIC
pl/blitzplus,designed_by,Blitz Research,wikipedia,https://en.wikipedia.org/wiki/Blitz_BASIC
pl/blitzplus,designed_by,Mark Sibly,wikipedia,https://en.wikipedia.org/wiki/Blitz_BASIC
pl/blitzplus,first_appeared,2004,wikipedia,https://en.wikipedia.org/wiki/Blitz_BASIC
pl/blitzplus,influenced_by,BlitzBasic,wikipedia,https://en.wikipedia.org/wiki/Blitz_BASIC
pl/blitzplus,license,zlib License,wikipedia,https://en.wikipedia.org/wiki/Blitz_BASIC
pl/blitzplus,homepage,http://www.blitzbasic.com/,wikipedia,https://en.wikipedia.org/wiki/Blitz_BASIC
pl/blockly,designed_by,Google,wikipedia,https://en.wikipedia.org/wiki/Blockly
pl/blockly,designed_by,MIT,wikipedia,https://en.wikipedia.org/wiki/Blockly
pl/blockly,first_appeared,2012,wikipedia,https://en.wikipedia.org/wiki/Blockly
pl/blockly,license,Apache License 2.0,wikipedia,https://en.wikipedia.org/wiki/Blockly
pl/blockly,homepage,http://developers.google.com/blockly,wikipedia,https://en.wikipedia.org/wiki/Blockly
pl/bluespec,paradigms,functional,wikipedia,https://en.wikipedia.org/wiki/Bluespec
pl/bluespec,designed_by,Bluespec Inc,wikipedia,https://en.wikipedia.org/wiki/Bluespec
pl/bluespec,homepage,http://bluespec.com,wikipedia,https://en.wikipedia.org/wiki/Bluespec
pl/bogus,designed_by,Adam Pohorecki,wikipedia,https://en.wikipedia.org/wiki/Bogus_(Ruby)
pl/bogus,designed_by,Paweł Pierzchała,wikipedia,https://en.wikipedia.org/wiki/Bogus_(Ruby)
pl/bogus,designed_by,Piotr Szotkowski,wikipedia,https://en.wikipedia.org/wiki/Bogus_(Ruby)
pl/bogus,designed_by,Marek Nowak,wikipedia,https://en.wikipedia.org/wiki/Bogus_(Ruby)
pl/bogus,first_appeared,2012,wikipedia,https://en.wikipedia.org/wiki/Bogus_(Ruby)
pl/bogus,license,The MIT License (MIT)Copyright (c) 2012-2013 Adam Pohorecki,wikipedia,https://en.wikipedia.org/wiki/Bogus_(Ruby)
pl/bogus,implementation_languages,Ruby,wikipedia,https://en.wikipedia.org/wiki/Bogus_(Ruby)
pl/bogus,homepage,https://rubygems.org/gems/bogus,wikipedia,https://en.wikipedia.org/wiki/Bogus_(Ruby)
pl/boo,paradigms,object oriented,wikipedia,https://en.wikipedia.org/wiki/Boo_(programming_language)
pl/boo,typing,"static, strong, inferred, duck",wikipedia,https://en.wikipedia.org/wiki/Boo_(programming_language)
pl/boo,designed_by,Mason Wheeler,wikipedia,https://en.wikipedia.org/wiki/Boo_(programming_language)
pl/boo,designed_by,Rodrigo B. De Oliveira,wikipedia,https://en.wikipedia.org/wiki/Boo_(programming_language)
pl/boo,first_appeared,2003,wikipedia,https://en.wikipedia.org/wiki/Boo_(programming_language)
pl/boo,influenced_by,C#,wikipedia,https://en.wikipedia.org/wiki/Boo_(programming_language)
pl/boo,influenced_by,Python,wikipedia,https://en.wikipedia.org/wiki/Boo_(programming_language)
pl/boo,license,BSD 3-Clause,wikipedia,https://en.wikipedia.org/wiki/Boo_(programming_language)
pl/boo,implementation_languages,C#,wikipedia,https://en.wikipedia.org/wiki/Boo_(programming_language)
pl/boo,homepage,https://github.com/boo-lang,wikipedia,https://en.wikipedia.org/wiki/Boo_(programming_language)
pl/boo-programming-language,paradigms,object oriented,wikipedia,https://en.wikipedia.org/wiki/Boo_(programming_language)
pl/boo-programming-language,typing,"static, strong, inferred, duck",wikipedia,https://en.wikipedia.org/wiki/Boo_(programming_language)
pl/boo-programming-language,designed_by,Mason Wheeler,wikipedia,https://en.wikipedia.org/wiki/Boo_(programming_language)
pl/boo-programming-language,designed_by,Rodrigo B. De Oliveira,wikipedia,https://en.wikipedia.org/wiki/Boo_(programming_language)
pl/boo-programming-language,first_appeared,2003,wikipedia,https://en.wikipedia.org/wiki/Boo_(programming_language)
pl/boo-programming-language,influenced_by,C#,wikipedia,https://en.wikipedia.org/wiki/Boo_(programming_language)
pl/boo-programming-language,influenced_by,Python,wikipedia,https://en.wikipedia.org/wiki/Boo_(programming_language)
pl/boo-programming-language,license,BSD 3-Clause,wikipedia,https://en.wikipedia.org/wiki/Boo_(programming_language)
pl/boo-programming-language,implementation_languages,C#,wikipedia,https://en.wikipedia.org/wiki/Boo_(programming_language)
pl/boo-programming-language,homepage,https://github.com/boo-lang,wikipedia,https://en.wikipedia.org/wiki/Boo_(programming_language)
pl/boomerang-programming-language,designed_by,Nate Foster,wikipedia,https://en.wikipedia.org/wiki/Boomerang_(programming_language)
pl/boomerang-programming-language,designed_by,Benjamin C. Pierce,wikipedia,https://en.wikipedia.org/wiki/Boomerang_(programming_language)
pl/boomerang-programming-language,designed_by,and Michael Greenberg88,wikipedia,https://en.wikipedia.org/wiki/Boomerang_(programming_language)
pl/boomerang-programming-language,first_appeared,2008,wikipedia,https://en.wikipedia.org/wiki/Boomerang_(programming_language)
pl/boomerang-programming-language,influenced_by,OCaml,wikipedia,https://en.wikipedia.org/wiki/Boomerang_(programming_language)
pl/boomerang-programming-language,homepage,http://www.seas.upenn.edu/~harmony/,wikipedia,https://en.wikipedia.org/wiki/Boomerang_(programming_language)
pl/bosque,paradigms,multi-paradigm: functional,wikipedia,https://en.wikipedia.org/wiki/Bosque_(programming_language)
pl/bosque,paradigms,typed,wikipedia,https://en.wikipedia.org/wiki/Bosque_(programming_language)
pl/bosque,designed_by,Microsoft,wikipedia,https://en.wikipedia.org/wiki/Bosque_(programming_language)
pl/bosque,designed_by,Mark Marron,wikipedia,https://en.wikipedia.org/wiki/Bosque_(programming_language)
pl/bosque,first_appeared,2019,wikipedia,https://en.wikipedia.org/wiki/Bosque_(programming_language)
pl/bosque,influenced_by,JavaScript,wikipedia,https://en.wikipedia.org/wiki/Bosque_(programming_language)
pl/bosque,influenced_by,TypeScript,wikipedia,https://en.wikipedia.org/wiki/Bosque_(programming_language)
pl/bosque,influenced_by,ML,wikipedia,https://en.wikipedia.org/wiki/Bosque_(programming_language)
pl/bosque,license,MIT,wikipedia,https://en.wikipedia.org/wiki/Bosque_(programming_language)
pl/bosque,homepage,https://www.microsoft.com/en-us/research/project/bosque-programming-language/,wikipedia,https://en.wikipedia.org/wiki/Bosque_(programming_language)
pl/bpel,homepage,http://docs.oasis-open.org/wsbpel/2.0/OS/wsbpel-v2.0-OS.html,wikipedia,https://en.wikipedia.org/wiki/Business_Process_Execution_Language
pl/brainfuck,paradigms,esoteric,wikipedia,https://en.wikipedia.org/wiki/Brainfuck
pl/brainfuck,paradigms,imperative,wikipedia,https://en.wikipedia.org/wiki/Brainfuck
pl/brainfuck,paradigms,structured,wikipedia,https://en.wikipedia.org/wiki/Brainfuck
pl/brainfuck,typing,typeless,wikipedia,https://en.wikipedia.org/wiki/Brainfuck
pl/brainfuck,designed_by,Urban Müller,wikipedia,https://en.wikipedia.org/wiki/Brainfuck
pl/brainfuck,first_appeared,1993,wikipedia,https://en.wikipedia.org/wiki/Brainfuck
pl/brainfuck,influenced_by,P′′,wikipedia,https://en.wikipedia.org/wiki/Brainfuck
pl/brainfuck,influenced_by,FALSE,wikipedia,https://en.wikipedia.org/wiki/Brainfuck
pl/brainfuck,homepage,https://brainfuck.org/,wikipedia,https://en.wikipedia.org/wiki/Brainfuck
pl/brainif,paradigms,esoteric,wikipedia,https://en.wikipedia.org/wiki/Brainfuck
pl/brainif,paradigms,imperative,wikipedia,https://en.wikipedia.org/wiki/Brainfuck
pl/brainif,paradigms,structured,wikipedia,https://en.wikipedia.org/wiki/Brainfuck
pl/brainif,typing,typeless,wikipedia,https://en.wikipedia.org/wiki/Brainfuck
pl/brainif,designed_by,Urban Müller,wikipedia,https://en.wikipedia.org/wiki/Brainfuck
pl/brainif,first_appeared,1993,wikipedia,https://en.wikipedia.org/wiki/Brainfuck
pl/brainif,influenced_by,P′′,wikipedia,https://en.wikipedia.org/wiki/Brainfuck
pl/brainif,influenced_by,FALSE,wikipedia,https://en.wikipedia.org/wiki/Brainfuck
pl/brainif,homepage,https://brainfuck.org/,wikipedia,https://en.wikipedia.org/wiki/Brainfuck
pl/bs,designed_by,Richard C. Haight,wikipedia,https://en.wikipedia.org/wiki/Bs_(programming_language)
pl/bs,first_appeared,1980,wikipedia,https://en.wikipedia.org/wiki/Bs_(programming_language)
pl/bs,influenced_by,BASIC,wikipedia,https://en.wikipedia.org/wiki/Bs_(programming_language)
pl/bs,influenced_by,SNOBOL4,wikipedia,https://en.wikipedia.org/wiki/Bs_(programming_language)
pl/bs,influenced_by,C,wikipedia,https://en.wikipedia.org/wiki/Bs_(programming_language)
pl/bs-programming-language,designed_by,Richard C. Haight,wikipedia,https://en.wikipedia.org/wiki/Bs_(programming_language)
pl/bs-programming-language,first_appeared,1980,wikipedia,https://en.wikipedia.org/wiki/Bs_(programming_language)
pl/bs-programming-language,influenced_by,BASIC,wikipedia,https://en.wikipedia.org/wiki/Bs_(programming_language)
pl/bs-programming-language,influenced_by,SNOBOL4,wikipedia,https://en.wikipedia.org/wiki/Bs_(programming_language)
pl/bs-programming-language,influenced_by,C,wikipedia,https://en.wikipedia.org/wiki/Bs_(programming_language)
pl/bucklescript,paradigms,multi-paradigm: functional,wikipedia,https://en.wikipedia.org/wiki/ReScript
pl/bucklescript,paradigms,imperative,wikipedia,https://en.wikipedia.org/wiki/ReScript
pl/bucklescript,paradigms,modular,wikipedia,https://en.wikipedia.org/wiki/ReScript
pl/bucklescript,paradigms,object-oriented,wikipedia,https://en.wikipedia.org/wiki/ReScript
pl/bucklescript,first_appeared,2020,wikipedia,https://en.wikipedia.org/wiki/ReScript
pl/bucklescript,influenced_by,OCaml,wikipedia,https://en.wikipedia.org/wiki/ReScript
pl/bucklescript,influenced_by,Reason,wikipedia,https://en.wikipedia.org/wiki/ReScript
pl/bucklescript,influenced_by,JavaScript,wikipedia,https://en.wikipedia.org/wiki/ReScript
pl/bucklescript,license,MIT,wikipedia,https://en.wikipedia.org/wiki/ReScript
pl/bucklescript,implementation_languages,OCaml,wikipedia,https://en.wikipedia.org/wiki/ReScript
pl/bucklescript,homepage,https://rescript-lang.org/,wikipedia,https://en.wikipedia.org/wiki/ReScript
pl/c,paradigms,multi-paradigm: imperative (procedural),wikipedia,https://en.wikipedia.org/wiki/C_(programming_language)
pl/c,paradigms,structured,wikipedia,https://en.wikipedia.org/wiki/C_(programming_language)
pl/c,typing,"static, weak, manifest, nominal",wikipedia,https://en.wikipedia.org/wiki/C_(programming_language)
pl/c,designed_by,ANSI X3J11 (ANSI C),wikipedia,https://en.wikipedia.org/wiki/C_(programming_language)
pl/c,designed_by,ISO/IEC JTC 1 (Joint Technical Committee 1) / SC 22 (Subcommittee 22) / WG 14 (Working Group 14) (ISO C),wikipedia,https://en.wikipedia.org/wiki/C_(programming_language)
pl/c,designed_by,Dennis Ritchie,wikipedia,https://en.wikipedia.org/wiki/C_(programming_language)
pl/c,first_appeared,1972,wikipedia,https://en.wikipedia.org/wiki/C_(programming_language)
pl/c,influenced_by,B,wikipedia,https://en.wikipedia.org/wiki/C_(programming_language)
pl/c,influenced_by,BCPL,wikipedia,https://en.wikipedia.org/wiki/C_(programming_language)
pl/c,influenced_by,CPL,wikipedia,https://en.wikipedia.org/wiki/C_(programming_language)
pl/c,influenced_by,ALGOL 68,wikipedia,https://en.wikipedia.org/wiki/C_(programming_language)
pl/c,influenced_by,PL/I,wikipedia,https://en.wikipedia.org/wiki/C_(programming_language)
pl/c,influenced_by,Fortran,wikipedia,https://en.wikipedia.org/wiki/C_(programming_language)
pl/cpp,paradigms,multi-paradigm: procedural,wikipedia,https://en.wikipedia.org/wiki/C%2B%2B
pl/cpp,paradigms,imperative,wikipedia,https://en.wikipedia.org/wiki/C%2B%2B
pl/cpp,paradigms,functional,wikipedia,https://en.wikipedia.org/wiki/C%2B%2B
pl/cpp,paradigms,object-oriented,wikipedia,https://en.wikipedia.org/wiki/C%2B%2B
pl/cpp,paradigms,generic,wikipedia,https://en.wikipedia.org/wiki/C%2B%2B
pl/cpp,paradigms,modular,wikipedia,https://en.wikipedia.org/wiki/C%2B%2B
pl/cpp,paradigms,reflective,wikipedia,https://en.wikipedia.org/wiki/C%2B%2B
pl/cpp,paradigms,design by contract,wikipedia,https://en.wikipedia.org/wiki/C%2B%2B
pl/cpp,typing,"static, strong, nominative, partially inferred",wikipedia,https://en.wikipedia.org/wiki/C%2B%2B
pl/cpp,designed_by,ISO/IEC JTC 1 (Joint Technical Committee 1) / SC 22 (Subcommittee 22) / WG 21 (Working Group 21),wikipedia,https://en.wikipedia.org/wiki/C%2B%2B
pl/cpp,designed_by,Bjarne Stroustrup,wikipedia,https://en.wikipedia.org/wiki/C%2B%2B
pl/cpp,first_appeared,1985,wikipedia,https://en.wikipedia.org/wiki/C%2B%2B
pl/cpp,influenced_by,Ada,wikipedia,https://en.wikipedia.org/wiki/C%2B%2B
pl/cpp,influenced_by,ALGOL 68,wikipedia,https://en.wikipedia.org/wiki/C%2B%2B
pl/cpp,influenced_by,BCPL,wikipedia,https://en.wikipedia.org/wiki/C%2B%2B
pl/cpp,influenced_by,C,wikipedia,https://en.wikipedia.org/wiki/C%2B%2B
pl/cpp,influenced_by,CLU,wikipedia,https://en.wikipedia.org/wiki/C%2B%2B
pl/cpp,influenced_by,F#,wikipedia,https://en.wikipedia.org/wiki/C%2B%2B
pl/cpp,influenced_by,ML,wikipedia,https://en.wikipedia.org/wiki/C%2B%2B
pl/cpp,influenced_by,Mesa,wikipedia,https://en.wikipedia.org/wiki/C%2B%2B
pl/cpp,influenced_by,Modula-2,wikipedia,https://en.wikipedia.org/wiki/C%2B%2B
pl/cpp,influenced_by,Simula,wikipedia,https://en.wikipedia.org/wiki/C%2B%2B
pl/cpp,influenced_by,Smalltalk,wikipedia,https://en.wikipedia.org/wiki/C%2B%2B
pl/cpp,homepage,https://isocpp.org/,wikipedia,https://en.wikipedia.org/wiki/C%2B%2B
pl/c-programming-language,paradigms,multi-paradigm: imperative (procedural),wikipedia,https://en.wikipedia.org/wiki/C_(programming_language)
pl/c-programming-language,paradigms,structured,wikipedia,https://en.wikipedia.org/wiki/C_(programming_language)
pl/c-programming-language,typing,"static, weak, manifest, nominal",wikipedia,https://en.wikipedia.org/wiki/C_(programming_language)
pl/c-programming-language,designed_by,ANSI X3J11 (ANSI C),wikipedia,https://en.wikipedia.org/wiki/C_(programming_language)
pl/c-programming-language,designed_by,ISO/IEC JTC 1 (Joint Technical Committee 1) / SC 22 (Subcommittee 22) / WG 14 (Working Group 14) (ISO C),wikipedia,https://en.wikipedia.org/wiki/C_(programming_language)
pl/c-programming-language,designed_by,Dennis Ritchie,wikipedia,https://en.wikipedia.org/wiki/C_(programming_language)
pl/c-programming-language,first_appeared,1972,wikipedia,https://en.wikipedia.org/wiki/C_(programming_language)
pl/c-programming-language,influenced_by,B,wikipedia,https://en.wikipedia.org/wiki/C_(programming_language)
pl/c-programming-language,influenced_by,BCPL,wikipedia,https://en.wikipedia.org/wiki/C_(programming_language)
pl/c-programming-language,influenced_by,CPL,wikipedia,https://en.wikipedia.org/wiki/C_(programming_language)
pl/c-programming-language,influenced_by,ALGOL 68,wikipedia,https://en.wikipedia.org/wiki/C_(programming_language)
pl/c-programming-language,influenced_by,PL/I,wikipedia,https://en.wikipedia.org/wiki/C_(programming_language)
pl/c-programming-language,influenced_by,Fortran,wikipedia,https://en.wikipedia.org/wiki/C_(programming_language)
pl/csharp,paradigms,multi-paradigm: structured,wikipedia,https://en.wikipedia.org/wiki/C_Sharp_(programming_language)
pl/csharp,paradigms,imperative,wikipedia,https://en.wikipedia.org/wiki/C_Sharp_(programming_language)
pl/csharp,paradigms,object-oriented,wikipedia,https://en.wikipedia.org/wiki/C_Sharp_(programming_language)
pl/csharp,paradigms,event-driven,wikipedia,https://en.wikipedia.org/wiki/C_Sharp_(programming_language)
pl/csharp,paradigms,task-driven,wikipedia,https://en.wikipedia.org/wiki/C_Sharp_(programming_language)
pl/csharp,paradigms,functional,wikipedia,https://en.wikipedia.org/wiki/C_Sharp_(programming_language)
pl/csharp,paradigms,generic,wikipedia,https://en.wikipedia.org/wiki/C_Sharp_(programming_language)
pl/csharp,paradigms,reflective,wikipedia,https://en.wikipedia.org/wiki/C_Sharp_(programming_language)
pl/csharp,paradigms,concurrent,wikipedia,https://en.wikipedia.org/wiki/C_Sharp_(programming_language)
pl/csharp,typing,"static, dynamic, strong, safe, nominative, partly inferred",wikipedia,https://en.wikipedia.org/wiki/C_Sharp_(programming_language)
pl/csharp,designed_by,Mads Torgersen (Microsoft),wikipedia,https://en.wikipedia.org/wiki/C_Sharp_(programming_language)
pl/csharp,designed_by,Anders Hejlsberg (Microsoft),wikipedia,https://en.wikipedia.org/wiki/C_Sharp_(programming_language)
pl/csharp,first_appeared,2000,wikipedia,https://en.wikipedia.org/wiki/C_Sharp_(programming_language)
pl/csharp,influenced_by,C++,wikipedia,https://en.wikipedia.org/wiki/C_Sharp_(programming_language)
pl/csharp,influenced_by,Cω,wikipedia,https://en.wikipedia.org/wiki/C_Sharp_(programming_language)
pl/csharp,influenced_by,Eiffel,wikipedia,https://en.wikipedia.org/wiki/C_Sharp_(programming_language)
pl/csharp,influenced_by,F#,wikipedia,https://en.wikipedia.org/wiki/C_Sharp_(programming_language)
pl/csharp,influenced_by,Haskell,wikipedia,https://en.wikipedia.org/wiki/C_Sharp_(programming_language)
pl/csharp,influenced_by,Scala,wikipedia,https://en.wikipedia.org/wiki/C_Sharp_(programming_language)
pl/csharp,influenced_by,Icon,wikipedia,https://en.wikipedia.org/wiki/C_Sharp_(programming_language)
pl/csharp,influenced_by,J#,wikipedia,https://en.wikipedia.org/wiki/C_Sharp_(programming_language)
pl/csharp,influenced_by,J++,wikipedia,https://en.wikipedia.org/wiki/C_Sharp_(programming_language)
pl/csharp,influenced_by,Java,wikipedia,https://en.wikipedia.org/wiki/C_Sharp_(programming_language)
pl/csharp,influenced_by,JavaScript,wikipedia,https://en.wikipedia.org/wiki/C_Sharp_(programming_language)
pl/csharp,influenced_by,ML,wikipedia,https://en.wikipedia.org/wiki/C_Sharp_(programming_language)
pl/csharp,influenced_by,Modula-3,wikipedia,https://en.wikipedia.org/wiki/C_Sharp_(programming_language)
pl/csharp,influenced_by,Object Pascal,wikipedia,https://en.wikipedia.org/wiki/C_Sharp_(programming_language)
pl/csharp,influenced_by,Visual Basic (VB),wikipedia,https://en.wikipedia.org/wiki/C_Sharp_(programming_language)
pl/csharp,license,Roslyn compiler: MIT/X11,wikipedia,https://en.wikipedia.org/wiki/C_Sharp_(programming_language)
pl/csharp,homepage,https://learn.microsoft.com/en-us/dotnet/csharp/,wikipedia,https://en.wikipedia.org/wiki/C_Sharp_(programming_language)
pl/c-sharp-programming-language,paradigms,multi-paradigm: structured,wikipedia,https://en.wikipedia.org/wiki/C_Sharp_(programming_language)
pl/c-sharp-programming-language,paradigms,imperative,wikipedia,https://en.wikipedia.org/wiki/C_Sharp_(programming_language)
pl/c-sharp-programming-language,paradigms,object-oriented,wikipedia,https://en.wikipedia.org/wiki/C_Sharp_(programming_language)
pl/c-sharp-programming-language,paradigms,event-driven,wikipedia,https://en.wikipedia.org/wiki/C_Sharp_(programming_language)
pl/c-sharp-programming-language,paradigms,task-driven,wikipedia,https://en.wikipedia.org/wiki/C_Sharp_(programming_language)
pl/c-sharp-programming-language,paradigms,functional,wikipedia,https://en.wikipedia.org/wiki/C_Sharp_(programming_language)
pl/c-sharp-programming-language,paradigms,generic,wikipedia,https://en.wikipedia.org/wiki/C_Sharp_(programming_language)
pl/c-sharp-programming-language,paradigms,reflective,wikipedia,https://en.wikipedia.org/wiki/C_Sharp_(programming_language)
pl/c-sharp-programming-language,paradigms,concurrent,wikipedia,https://en.wikipedia.org/wiki/C_Sharp_(programming_language)
pl/c-sharp-programming-language,typing,"static, dynamic, strong, safe, nominative, partly inferred",wikipedia,https://en.wikipedia.org/wiki/C_Sharp_(programming_language)
pl/c-sharp-programming-language,designed_by,Mads Torgersen (Microsoft),wikipedia,https://en.wikipedia.org/wiki/C_Sharp_(programming_language)
pl/c-sharp-programming-language,designed_by,Anders Hejlsberg (Microsoft),wikipedia,https://en.wikipedia.org/wiki/C_Sharp_(programming_language)
pl/c-sharp-programming-language,first_appeared,2000,wikipedia,https://en.wikipedia.org/wiki/C_Sharp_(programming_language)
pl/c-sharp-programming-language,influenced_by,C++,wikipedia,https://en.wikipedia.org/wiki/C_Sharp_(programming_language)
pl/c-sharp-programming-language,influenced_by,Cω,wikipedia,https://en.wikipedia.org/wiki/C_Sharp_(programming_language)
pl/c-sharp-programming-language,influenced_by,Eiffel,wikipedia,https://en.wikipedia.org/wiki/C_Sharp_(programming_language)
pl/c-sharp-programming-language,influenced_by,F#,wikipedia,https://en.wikipedia.org/wiki/C_Sharp_(programming_language)
pl/c-sharp-programming-language,influenced_by,Haskell,wikipedia,https://en.wikipedia.org/wiki/C_Sharp_(programming_language)
pl/c-sharp-programming-language,influenced_by,Scala,wikipedia,https://en.wikipedia.org/wiki/C_Sharp_(programming_language)
pl/c-sharp-programming-language,influenced_by,Icon,wikipedia,https://en.wikipedia.org/wiki/C_Sharp_(programming_language)
pl/c-sharp-programming-language,influenced_by,J#,wikipedia,https://en.wikipedia.org/wiki/C_Sharp_(programming_language)
pl/c-sharp-programming-language,influenced_by,J++,wikipedia,https://en.wikipedia.org/wiki/C_Sharp_(programming_language)
pl/c-sharp-programming-language,influenced_by,Java,wikipedia,https://en.wikipedia.org/wiki/C_Sharp_(programming_language)
pl/c-sharp-programming-language,influenced_by,JavaScript,wikipedia,https://en.wikipedia.org/wiki/C_Sharp_(programming_language)
pl/c-sharp-programming-language,influenced_by,ML,wikipedia,https://en.wikipedia.org/wiki/C_Sharp_(programming_language)
pl/c-sharp-programming-language,influenced_by,Modula-3,wikipedia,https://en.wikipedia.org/wiki/C_Sharp_(programming_language)
pl/c-sharp-programming-language,influenced_by,Object Pascal,wikipedia,https://en.wikipedia.org/wiki/C_Sharp_(programming_language)
pl/c-sharp-programming-language,influenced_by,Visual Basic (VB),wikipedia,https://en.wikipedia.org/wiki/C_Sharp_(programming_language)
pl/c-sharp-programming-language,license,Roslyn compiler: MIT/X11,wikipedia,https://en.wikipedia.org/wiki/C_Sharp_(programming_language)
pl/c-sharp-programming-language,homepage,https://learn.microsoft.com/en-us/dotnet/csharp/,wikipedia,https://en.wikipedia.org/wiki/C_Sharp_(programming_language)
pl/cache-objectscript,first_appeared,1997,wikipedia,https://en.wikipedia.org/wiki/Cach%C3%A9_ObjectScript
pl/cache-objectscript,influenced_by,MUMPS,wikipedia,https://en.wikipedia.org/wiki/Cach%C3%A9_ObjectScript
pl/calypso,designed_by,Daniel Diaz,wikipedia,https://en.wikipedia.org/wiki/GNU_Prolog
pl/calypso,license,GNU General Public License v2 (or above) or GNU Lesser General Public License v3 (or above) or both in parallel,wikipedia,https://en.wikipedia.org/wiki/GNU_Prolog
pl/calypso,homepage,http://www.gprolog.org/,wikipedia,https://en.wikipedia.org/wiki/GNU_Prolog
pl/cameleon-programming-language,paradigms,functional,wikipedia,https://en.wikipedia.org/wiki/Cameleon_(programming_language)
pl/cameleon-programming-language,typing,"static, dynamic",wikipedia,https://en.wikipedia.org/wiki/Cameleon_(programming_language)
pl/cameleon-programming-language,designed_by,Olivier Cugnon de Sévricourt,wikipedia,https://en.wikipedia.org/wiki/Cameleon_(programming_language)
pl/cameleon-programming-language,designed_by,Vincent Tariel,wikipedia,https://en.wikipedia.org/wiki/Cameleon_(programming_language)
pl/cameleon-programming-language,first_appeared,2009,wikipedia,https://en.wikipedia.org/wiki/Cameleon_(programming_language)
pl/cameleon-programming-language,influenced_by,YAWL,wikipedia,https://en.wikipedia.org/wiki/Cameleon_(programming_language)
pl/cameleon-programming-language,implementation_languages,C++,wikipedia,https://en.wikipedia.org/wiki/Cameleon_(programming_language)
pl/cameleon-programming-language,implementation_languages,Qt,wikipedia,https://en.wikipedia.org/wiki/Cameleon_(programming_language)
pl/cameleon-programming-language,homepage,https://www.shinoe.org/cameleon/,wikipedia,https://en.wikipedia.org/wiki/Cameleon_(programming_language)
pl/caml,paradigms,multi-paradigm: functional,wikipedia,https://en.wikipedia.org/wiki/Caml
pl/caml,paradigms,imperative,wikipedia,https://en.wikipedia.org/wiki/Caml
pl/caml,typing,"inferred, static, strong",wikipedia,https://en.wikipedia.org/wiki/Caml
pl/caml,designed_by,INRIA,wikipedia,https://en.wikipedia.org/wiki/Caml
pl/caml,designed_by,ENS,wikipedia,https://en.wikipedia.org/wiki/Caml
pl/caml,designed_by,Gérard Huet,wikipedia,https://en.wikipedia.org/wiki/Caml
pl/caml,designed_by,Guy Cousineau,wikipedia,https://en.wikipedia.org/wiki/Caml
pl/caml,designed_by,Ascánder Suárez,wikipedia,https://en.wikipedia.org/wiki/Caml
pl/caml,designed_by,Pierre Weis,wikipedia,https://en.wikipedia.org/wiki/Caml
pl/caml,designed_by,Michel Mauny (Heavy Caml),wikipedia,https://en.wikipedia.org/wiki/Caml
pl/caml,designed_by,Xavier Leroy (Caml Light),wikipedia,https://en.wikipedia.org/wiki/Caml
pl/caml,first_appeared,1985,wikipedia,https://en.wikipedia.org/wiki/Caml
pl/caml,influenced_by,ML,wikipedia,https://en.wikipedia.org/wiki/Caml
pl/caml,license,"QPL 1, LGPL 2 (Caml Light)",wikipedia,https://en.wikipedia.org/wiki/Caml
pl/caml,homepage,http://caml.inria.fr,wikipedia,https://en.wikipedia.org/wiki/Caml
pl/cangjie,paradigms,multi-paradigm: functional,wikipedia,https://en.wikipedia.org/wiki/Cangjie_(programming_language)
pl/cangjie,paradigms,generic,wikipedia,https://en.wikipedia.org/wiki/Cangjie_(programming_language)
pl/cangjie,paradigms,imperative,wikipedia,https://en.wikipedia.org/wiki/Cangjie_(programming_language)
pl/cangjie,paradigms,declarative,wikipedia,https://en.wikipedia.org/wiki/Cangjie_(programming_language)
pl/cangjie,paradigms,object-oriented,wikipedia,https://en.wikipedia.org/wiki/Cangjie_(programming_language)
pl/cangjie,typing,"duck, gradual, structural, static, strong, safe, nominative, manifest, strong, inferred",wikipedia,https://en.wikipedia.org/wiki/Cangjie_(programming_language)
pl/cangjie,designed_by,Huawei,wikipedia,https://en.wikipedia.org/wiki/Cangjie_(programming_language)
pl/cangjie,first_appeared,2024,wikipedia,https://en.wikipedia.org/wiki/Cangjie_(programming_language)
pl/cangjie,influenced_by,ArkTS,wikipedia,https://en.wikipedia.org/wiki/Cangjie_(programming_language)
pl/cangjie,influenced_by,TypeScript,wikipedia,https://en.wikipedia.org/wiki/Cangjie_(programming_language)
pl/cangjie,influenced_by,JavaScript,wikipedia,https://en.wikipedia.org/wiki/Cangjie_(programming_language)
pl/cangjie,influenced_by,Swift,wikipedia,https://en.wikipedia.org/wiki/Cangjie_(programming_language)
pl/cangjie,influenced_by,C#,wikipedia,https://en.wikipedia.org/wiki/Cangjie_(programming_language)
pl/cangjie,influenced_by,F#,wikipedia,https://en.wikipedia.org/wiki/Cangjie_(programming_language)
pl/cangjie,influenced_by,Java,wikipedia,https://en.wikipedia.org/wiki/Cangjie_(programming_language)
pl/cangjie,influenced_by,C++,wikipedia,https://en.wikipedia.org/wiki/Cangjie_(programming_language)
pl/cangjie,influenced_by,Go,wikipedia,https://en.wikipedia.org/wiki/Cangjie_(programming_language)
pl/cangjie,influenced_by,Python,wikipedia,https://en.wikipedia.org/wiki/Cangjie_(programming_language)
pl/cangjie,license,Open source,wikipedia,https://en.wikipedia.org/wiki/Cangjie_(programming_language)
pl/carbon,typing,"static, nominative, partly inferred",wikipedia,https://en.wikipedia.org/wiki/Carbon_(programming_language)
pl/carbon,designed_by,Google,wikipedia,https://en.wikipedia.org/wiki/Carbon_(programming_language)
pl/carbon,influenced_by,C++,wikipedia,https://en.wikipedia.org/wiki/Carbon_(programming_language)
pl/carbon,influenced_by,Rust,wikipedia,https://en.wikipedia.org/wiki/Carbon_(programming_language)
pl/carbon,influenced_by,Zig,wikipedia,https://en.wikipedia.org/wiki/Carbon_(programming_language)
pl/carbon,influenced_by,Haskell,wikipedia,https://en.wikipedia.org/wiki/Carbon_(programming_language)
pl/carbon,influenced_by,Kotlin,wikipedia,https://en.wikipedia.org/wiki/Carbon_(programming_language)
pl/carbon,influenced_by,Swift,wikipedia,https://en.wikipedia.org/wiki/Carbon_(programming_language)
pl/carbon,license,Apache-2.0-with-LLVM-Exception,wikipedia,https://en.wikipedia.org/wiki/Carbon_(programming_language)
pl/carbon,implementation_languages,C++,wikipedia,https://en.wikipedia.org/wiki/Carbon_(programming_language)
pl/carbon,homepage,https://github.com/carbon-language,wikipedia,https://en.wikipedia.org/wiki/Carbon_(programming_language)
pl/carbon-programming-language,typing,"static, nominative, partly inferred",wikipedia,https://en.wikipedia.org/wiki/Carbon_(programming_language)
pl/carbon-programming-language,designed_by,Google,wikipedia,https://en.wikipedia.org/wiki/Carbon_(programming_language)
pl/carbon-programming-language,influenced_by,C++,wikipedia,https://en.wikipedia.org/wiki/Carbon_(programming_language)
pl/carbon-programming-language,influenced_by,Rust,wikipedia,https://en.wikipedia.org/wiki/Carbon_(programming_language)
pl/carbon-programming-language,influenced_by,Zig,wikipedia,https://en.wikipedia.org/wiki/Carbon_(programming_language)
pl/carbon-programming-language,influenced_by,Haskell,wikipedia,https://en.wikipedia.org/wiki/Carbon_(programming_language)
pl/carbon-programming-language,influenced_by,Kotlin,wikipedia,https://en.wikipedia.org/wiki/Carbon_(programming_language)
pl/carbon-programming-language,influenced_by,Swift,wikipedia,https://en.wikipedia.org/wiki/Carbon_(programming_language)
pl/carbon-programming-language,license,Apache-2.0-with-LLVM-Exception,wikipedia,https://en.wikipedia.org/wiki/Carbon_(programming_language)
pl/carbon-programming-language,implementation_languages,C++,wikipedia,https://en.wikipedia.org/wiki/Carbon_(programming_language)
pl/carbon-programming-language,homepage,https://github.com/carbon-language,wikipedia,https://en.wikipedia.org/wiki/Carbon_(programming_language)
pl/cbasic,designed_by,Gordon Eubanks,wikipedia,https://en.wikipedia.org/wiki/CBASIC
pl/cbasic,first_appeared,1976,wikipedia,https://en.wikipedia.org/wiki/CBASIC
pl/cbasic,implementation_languages,PL/M,wikipedia,https://en.wikipedia.org/wiki/CBASIC
pl/cbor,homepage,https://cbor.io,wikipedia,https://en.wikipedia.org/wiki/CBOR
pl/cecil,paradigms,object-oriented,wikipedia,https://en.wikipedia.org/wiki/Cecil_(programming_language)
pl/cecil,typing,dynamic (optionally static),wikipedia,https://en.wikipedia.org/wiki/Cecil_(programming_language)
pl/cecil,designed_by,Craig Chambers,wikipedia,https://en.wikipedia.org/wiki/Cecil_(programming_language)
pl/cecil,first_appeared,1992,wikipedia,https://en.wikipedia.org/wiki/Cecil_(programming_language)
pl/ceemac,paradigms,visual composition language,wikipedia,https://en.wikipedia.org/wiki/CEEMAC
pl/ceemac,designed_by,Vagabondo Enterprises,wikipedia,https://en.wikipedia.org/wiki/CEEMAC
pl/ceemac,designed_by,Brooke Boering,wikipedia,https://en.wikipedia.org/wiki/CEEMAC
pl/c-u-programming-language,designed_by,Francisco Sant'Anna,wikipedia,https://en.wikipedia.org/wiki/C%C3%A9u_(programming_language)
pl/c-u-programming-language,first_appeared,2014,wikipedia,https://en.wikipedia.org/wiki/C%C3%A9u_(programming_language)
pl/c-u-programming-language,influenced_by,C,wikipedia,https://en.wikipedia.org/wiki/C%C3%A9u_(programming_language)
pl/c-u-programming-language,homepage,http://www.ceu-lang.org/,wikipedia,https://en.wikipedia.org/wiki/C%C3%A9u_(programming_language)
pl/ceylon,paradigms,object-oriented,wikipedia,https://en.wikipedia.org/wiki/Ceylon_(programming_language)
pl/ceylon,typing,"static, strong, safe",wikipedia,https://en.wikipedia.org/wiki/Ceylon_(programming_language)
pl/ceylon,designed_by,Eclipse Foundation,wikipedia,https://en.wikipedia.org/wiki/Ceylon_(programming_language)
pl/ceylon,designed_by,Gavin King,wikipedia,https://en.wikipedia.org/wiki/Ceylon_(programming_language)
pl/ceylon,first_appeared,2011,wikipedia,https://en.wikipedia.org/wiki/Ceylon_(programming_language)
pl/ceylon,influenced_by,Java,wikipedia,https://en.wikipedia.org/wiki/Ceylon_(programming_language)
pl/ceylon,influenced_by,Scala,wikipedia,https://en.wikipedia.org/wiki/Ceylon_(programming_language)
pl/ceylon,influenced_by,Smalltalk,wikipedia,https://en.wikipedia.org/wiki/Ceylon_(programming_language)
pl/ceylon,influenced_by,ML,wikipedia,https://en.wikipedia.org/wiki/Ceylon_(programming_language)
pl/ceylon,influenced_by,Lisp,wikipedia,https://en.wikipedia.org/wiki/Ceylon_(programming_language)
pl/ceylon,influenced_by,Whiley,wikipedia,https://en.wikipedia.org/wiki/Ceylon_(programming_language)
pl/ceylon,license,Apache License 2.0,wikipedia,https://en.wikipedia.org/wiki/Ceylon_(programming_language)
pl/ceylon,homepage,http://ceylon-lang.org,wikipedia,https://en.wikipedia.org/wiki/Ceylon_(programming_language)
pl/cfml,paradigms,imperative,wikipedia,https://en.wikipedia.org/wiki/ColdFusion_Markup_Language
pl/cfml,paradigms,object-oriented,wikipedia,https://en.wikipedia.org/wiki/ColdFusion_Markup_Language
pl/cfml,designed_by,Adobe Systems (ColdFusion),wikipedia,https://en.wikipedia.org/wiki/ColdFusion_Markup_Language
pl/cfml,designed_by,Lucee Association (Lucee),wikipedia,https://en.wikipedia.org/wiki/ColdFusion_Markup_Language
pl/cfml,designed_by,New Atlanta,wikipedia,https://en.wikipedia.org/wiki/ColdFusion_Markup_Language
pl/cfml,designed_by,aw2.0 (openBD),wikipedia,https://en.wikipedia.org/wiki/ColdFusion_Markup_Language
pl/cfml,designed_by,The Railo Company (Railo),wikipedia,https://en.wikipedia.org/wiki/ColdFusion_Markup_Language
pl/cfml,designed_by,Jeremy Allaire,wikipedia,https://en.wikipedia.org/wiki/ColdFusion_Markup_Language
pl/cfml,designed_by,Joseph J. Allaire,wikipedia,https://en.wikipedia.org/wiki/ColdFusion_Markup_Language
pl/cfml,first_appeared,1995,wikipedia,https://en.wikipedia.org/wiki/ColdFusion_Markup_Language
pl/cfml,license,"Depends on the implementation. Proprietary, LGPL, and GPL -licensed engines are all available",wikipedia,https://en.wikipedia.org/wiki/ColdFusion_Markup_Language
pl/cfml,implementation_languages,Java,wikipedia,https://en.wikipedia.org/wiki/ColdFusion_Markup_Language
pl/cfml,homepage,http://www.adobe.com/products/coldfusion,wikipedia,https://en.wikipedia.org/wiki/ColdFusion_Markup_Language
pl/cgol,paradigms,procedural,wikipedia,https://en.wikipedia.org/wiki/CGOL
pl/cgol,paradigms,imperative,wikipedia,https://en.wikipedia.org/wiki/CGOL
pl/cgol,paradigms,structured,wikipedia,https://en.wikipedia.org/wiki/CGOL
pl/cgol,designed_by,Vaughan Pratt,wikipedia,https://en.wikipedia.org/wiki/CGOL
pl/cgol,first_appeared,1973,wikipedia,https://en.wikipedia.org/wiki/CGOL
pl/cgol,influenced_by,ALGOL,wikipedia,https://en.wikipedia.org/wiki/CGOL
pl/cgol,influenced_by,FORTRAN,wikipedia,https://en.wikipedia.org/wiki/CGOL
pl/cgol,influenced_by,MLisp,wikipedia,https://en.wikipedia.org/wiki/CGOL
pl/ch,designed_by,SoftIntegration,wikipedia,https://en.wikipedia.org/wiki/Ch_(computer_programming)
pl/ch,designed_by,Inc,wikipedia,https://en.wikipedia.org/wiki/Ch_(computer_programming)
pl/ch,first_appeared,2001,wikipedia,https://en.wikipedia.org/wiki/Ch_(computer_programming)
pl/ch,license,Proprietary software Standard edition: freeware Student edition: freeware for students Professional edition: trialware for 30 days,wikipedia,https://en.wikipedia.org/wiki/Ch_(computer_programming)
pl/ch,homepage,http://www.softintegration.com,wikipedia,https://en.wikipedia.org/wiki/Ch_(computer_programming)
pl/chapel,paradigms,object-oriented partitioned global address space parallel,wikipedia,https://en.wikipedia.org/wiki/Chapel_(programming_language)
pl/chapel,typing,static inferred,wikipedia,https://en.wikipedia.org/wiki/Chapel_(programming_language)
pl/chapel,designed_by,Hewlett Packard Enterprise (previously Cray Inc.),wikipedia,https://en.wikipedia.org/wiki/Chapel_(programming_language)
pl/chapel,designed_by,David Callahan,wikipedia,https://en.wikipedia.org/wiki/Chapel_(programming_language)
pl/chapel,designed_by,Hans Zima,wikipedia,https://en.wikipedia.org/wiki/Chapel_(programming_language)
pl/chapel,designed_by,Brad Chamberlain,wikipedia,https://en.wikipedia.org/wiki/Chapel_(programming_language)
pl/chapel,designed_by,John Plevyak,wikipedia,https://en.wikipedia.org/wiki/Chapel_(programming_language)
pl/chapel,first_appeared,2009,wikipedia,https://en.wikipedia.org/wiki/Chapel_(programming_language)
pl/chapel,influenced_by,Ada,wikipedia,https://en.wikipedia.org/wiki/Chapel_(programming_language)
pl/chapel,influenced_by,C#,wikipedia,https://en.wikipedia.org/wiki/Chapel_(programming_language)
pl/chapel,influenced_by,C,wikipedia,https://en.wikipedia.org/wiki/Chapel_(programming_language)
pl/chapel,influenced_by,Fortran,wikipedia,https://en.wikipedia.org/wiki/Chapel_(programming_language)
pl/chapel,influenced_by,C++,wikipedia,https://en.wikipedia.org/wiki/Chapel_(programming_language)
pl/chapel,influenced_by,Java,wikipedia,https://en.wikipedia.org/wiki/Chapel_(programming_language)
pl/chapel,influenced_by,HPF,wikipedia,https://en.wikipedia.org/wiki/Chapel_(programming_language)
pl/chapel,influenced_by,ZPL,wikipedia,https://en.wikipedia.org/wiki/Chapel_(programming_language)
pl/chapel,influenced_by,Cray MTA / XMT extensions to C,wikipedia,https://en.wikipedia.org/wiki/Chapel_(programming_language)
pl/chapel,license,Apache License 2.0,wikipedia,https://en.wikipedia.org/wiki/Chapel_(programming_language)
pl/chapel,homepage,https://chapel-lang.org/,wikipedia,https://en.wikipedia.org/wiki/Chapel_(programming_language)
pl/charm,paradigms,structured,wikipedia,https://en.wikipedia.org/wiki/Charm_(programming_language)
pl/charm,designed_by,P. Nowosad,wikipedia,https://en.wikipedia.org/wiki/Charm_(programming_language)
pl/charm,first_appeared,1996,wikipedia,https://en.wikipedia.org/wiki/Charm_(programming_language)
pl/charm,influenced_by,RTL/2,wikipedia,https://en.wikipedia.org/wiki/Charm_(programming_language)
pl/charm,influenced_by,C,wikipedia,https://en.wikipedia.org/wiki/Charm_(programming_language)
pl/charm,influenced_by,Pascal,wikipedia,https://en.wikipedia.org/wiki/Charm_(programming_language)
pl/charm,homepage,http://charm.qu-bit.co.uk,wikipedia,https://en.wikipedia.org/wiki/Charm_(programming_language)
pl/charm-programming-language,paradigms,structured,wikipedia,https://en.wikipedia.org/wiki/Charm_(programming_language)
pl/charm-programming-language,designed_by,P. Nowosad,wikipedia,https://en.wikipedia.org/wiki/Charm_(programming_language)
pl/charm-programming-language,first_appeared,1996,wikipedia,https://en.wikipedia.org/wiki/Charm_(programming_language)
pl/charm-programming-language,influenced_by,RTL/2,wikipedia,https://en.wikipedia.org/wiki/Charm_(programming_language)
pl/charm-programming-language,influenced_by,C,wikipedia,https://en.wikipedia.org/wiki/Charm_(programming_language)
pl/charm-programming-language,influenced_by,Pascal,wikipedia,https://en.wikipedia.org/wiki/Charm_(programming_language)
pl/charm-programming-language,homepage,http://charm.qu-bit.co.uk,wikipedia,https://en.wikipedia.org/wiki/Charm_(programming_language)
pl/chicken,paradigms,multi-paradigm: functional,wikipedia,https://en.wikipedia.org/wiki/Chicken_(Scheme_implementation)
pl/chicken,paradigms,imperative,wikipedia,https://en.wikipedia.org/wiki/Chicken_(Scheme_implementation)
pl/chicken,paradigms,meta,wikipedia,https://en.wikipedia.org/wiki/Chicken_(Scheme_implementation)
pl/chicken,typing,"dynamic, latent, strong",wikipedia,https://en.wikipedia.org/wiki/Chicken_(Scheme_implementation)
pl/chicken,designed_by,The Chicken Team,wikipedia,https://en.wikipedia.org/wiki/Chicken_(Scheme_implementation)
pl/chicken,designed_by,Felix Winkelmann,wikipedia,https://en.wikipedia.org/wiki/Chicken_(Scheme_implementation)
pl/chicken,first_appeared,2000,wikipedia,https://en.wikipedia.org/wiki/Chicken_(Scheme_implementation)
pl/chicken,influenced_by,Lisp,wikipedia,https://en.wikipedia.org/wiki/Chicken_(Scheme_implementation)
pl/chicken,influenced_by,Scheme,wikipedia,https://en.wikipedia.org/wiki/Chicken_(Scheme_implementation)
pl/chicken,license,BSD,wikipedia,https://en.wikipedia.org/wiki/Chicken_(Scheme_implementation)
pl/chicken,implementation_languages,Scheme,wikipedia,https://en.wikipedia.org/wiki/Chicken_(Scheme_implementation)
pl/chicken,implementation_languages,C,wikipedia,https://en.wikipedia.org/wiki/Chicken_(Scheme_implementation)
pl/chicken,homepage,https://www.call-cc.org/,wikipedia,https://en.wikipedia.org/wiki/Chicken_(Scheme_implementation)
pl/chill,paradigms,procedural,wikipedia,https://en.wikipedia.org/wiki/CHILL
pl/chill,typing,"static, strong",wikipedia,https://en.wikipedia.org/wiki/CHILL
pl/chill,designed_by,CCITT,wikipedia,https://en.wikipedia.org/wiki/CHILL
pl/chill,first_appeared,1980,wikipedia,https://en.wikipedia.org/wiki/CHILL
pl/chill,influenced_by,COBOL,wikipedia,https://en.wikipedia.org/wiki/CHILL
pl/chill,influenced_by,PL/1,wikipedia,https://en.wikipedia.org/wiki/CHILL
pl/chr,paradigms,constraint logic,wikipedia,https://en.wikipedia.org/wiki/Constraint_Handling_Rules
pl/chr,paradigms,declarative,wikipedia,https://en.wikipedia.org/wiki/Constraint_Handling_Rules
pl/chr,designed_by,Thom Frühwirth,wikipedia,https://en.wikipedia.org/wiki/Constraint_Handling_Rules
pl/chr,first_appeared,1991,wikipedia,https://en.wikipedia.org/wiki/Constraint_Handling_Rules
pl/chr,influenced_by,Prolog,wikipedia,https://en.wikipedia.org/wiki/Constraint_Handling_Rules
pl/chuck,paradigms,multi-paradigm,wikipedia,https://en.wikipedia.org/wiki/ChucK
pl/chuck,typing,strong,wikipedia,https://en.wikipedia.org/wiki/ChucK
pl/chuck,designed_by,Ge Wang,wikipedia,https://en.wikipedia.org/wiki/ChucK
pl/chuck,first_appeared,2003,wikipedia,https://en.wikipedia.org/wiki/ChucK
pl/chuck,license,"Mac, Linux, Windows: GPL-2.0-or-later iOS: Proprietary",wikipedia,https://en.wikipedia.org/wiki/ChucK
pl/chuck,homepage,http://chuck.cs.princeton.edu,wikipedia,https://en.wikipedia.org/wiki/ChucK
pl/cilk,paradigms,imperative (procedural),wikipedia,https://en.wikipedia.org/wiki/Cilk
pl/cilk,paradigms,structured,wikipedia,https://en.wikipedia.org/wiki/Cilk
pl/cilk,paradigms,parallel,wikipedia,https://en.wikipedia.org/wiki/Cilk
pl/cilk,typing,"static, weak, manifest",wikipedia,https://en.wikipedia.org/wiki/Cilk
pl/cilk,designed_by,Intel,wikipedia,https://en.wikipedia.org/wiki/Cilk
pl/cilk,designed_by,MIT,wikipedia,https://en.wikipedia.org/wiki/Cilk
pl/cilk,designed_by,MIT Laboratory for Computer Science,wikipedia,https://en.wikipedia.org/wiki/Cilk
pl/cilk,first_appeared,2010,wikipedia,https://en.wikipedia.org/wiki/Cilk
pl/cilk,influenced_by,C,wikipedia,https://en.wikipedia.org/wiki/Cilk
pl/cilk,license,MIT,wikipedia,https://en.wikipedia.org/wiki/Cilk
pl/cilk,homepage,https://web.archive.org/web/20210117031010/http://cilkplus.org/,wikipedia,https://en.wikipedia.org/wiki/Cilk
pl/citrine,paradigms,object-oriented,wikipedia,https://en.wikipedia.org/wiki/Citrine_(programming_language)
pl/citrine,paradigms,prototype-based,wikipedia,https://en.wikipedia.org/wiki/Citrine_(programming_language)
pl/citrine,typing,dynamic,wikipedia,https://en.wikipedia.org/wiki/Citrine_(programming_language)
pl/citrine,designed_by,Gabor de Mooij,wikipedia,https://en.wikipedia.org/wiki/Citrine_(programming_language)
pl/citrine,designed_by,Aavesh Jilani,wikipedia,https://en.wikipedia.org/wiki/Citrine_(programming_language)
pl/citrine,first_appeared,2014,wikipedia,https://en.wikipedia.org/wiki/Citrine_(programming_language)
pl/citrine,influenced_by,Smalltalk,wikipedia,https://en.wikipedia.org/wiki/Citrine_(programming_language)
pl/citrine,influenced_by,Self,wikipedia,https://en.wikipedia.org/wiki/Citrine_(programming_language)
pl/citrine,license,BSD,wikipedia,https://en.wikipedia.org/wiki/Citrine_(programming_language)
pl/citrine,homepage,http://citrine-lang.org,wikipedia,https://en.wikipedia.org/wiki/Citrine_(programming_language)
pl/claire,paradigms,multi-paradigm: functional,wikipedia,https://en.wikipedia.org/wiki/Claire_(programming_language)
pl/claire,paradigms,object-oriented (class-based),wikipedia,https://en.wikipedia.org/wiki/Claire_(programming_language)
pl/claire,paradigms,rule processing,wikipedia,https://en.wikipedia.org/wiki/Claire_(programming_language)
pl/claire,paradigms,reflective,wikipedia,https://en.wikipedia.org/wiki/Claire_(programming_language)
pl/claire,typing,"strong, both static and dynamic",wikipedia,https://en.wikipedia.org/wiki/Claire_(programming_language)
pl/claire,designed_by,Yves Caseau,wikipedia,https://en.wikipedia.org/wiki/Claire_(programming_language)
pl/claire,first_appeared,1994,wikipedia,https://en.wikipedia.org/wiki/Claire_(programming_language)
pl/claire,influenced_by,Smalltalk,wikipedia,https://en.wikipedia.org/wiki/Claire_(programming_language)
pl/claire,influenced_by,SETL,wikipedia,https://en.wikipedia.org/wiki/Claire_(programming_language)
pl/claire,influenced_by,OPS5,wikipedia,https://en.wikipedia.org/wiki/Claire_(programming_language)
pl/claire,influenced_by,Lisp,wikipedia,https://en.wikipedia.org/wiki/Claire_(programming_language)
pl/claire,influenced_by,ML,wikipedia,https://en.wikipedia.org/wiki/Claire_(programming_language)
pl/claire,influenced_by,C,wikipedia,https://en.wikipedia.org/wiki/Claire_(programming_language)
pl/claire,influenced_by,LORE,wikipedia,https://en.wikipedia.org/wiki/Claire_(programming_language)
pl/claire,influenced_by,LAURE,wikipedia,https://en.wikipedia.org/wiki/Claire_(programming_language)
pl/claire,license,Apache 2.0,wikipedia,https://en.wikipedia.org/wiki/Claire_(programming_language)
pl/claire,homepage,http://www.claire-language.com,wikipedia,https://en.wikipedia.org/wiki/Claire_(programming_language)
pl/clarion,paradigms,imperative,wikipedia,https://en.wikipedia.org/wiki/Clarion_(programming_language)
pl/clarion,paradigms,structured,wikipedia,https://en.wikipedia.org/wiki/Clarion_(programming_language)
pl/clarion,paradigms,object-oriented,wikipedia,https://en.wikipedia.org/wiki/Clarion_(programming_language)
pl/clarion,designed_by,Jensen,wikipedia,https://en.wikipedia.org/wiki/Clarion_(programming_language)
pl/clarion,designed_by,Partners International (JPI),wikipedia,https://en.wikipedia.org/wiki/Clarion_(programming_language)
pl/clarion,designed_by,Clarion International,wikipedia,https://en.wikipedia.org/wiki/Clarion_(programming_language)
pl/clarion,designed_by,SoftVelocity,wikipedia,https://en.wikipedia.org/wiki/Clarion_(programming_language)
pl/clarion,first_appeared,1986,wikipedia,https://en.wikipedia.org/wiki/Clarion_(programming_language)
pl/clarion,license,Proprietary,wikipedia,https://en.wikipedia.org/wiki/Clarion_(programming_language)
pl/clarion,homepage,http://www.softvelocity.com,wikipedia,https://en.wikipedia.org/wiki/Clarion_(programming_language)
pl/clascal,paradigms,imperative,wikipedia,https://en.wikipedia.org/wiki/Clascal
pl/clascal,paradigms,structured,wikipedia,https://en.wikipedia.org/wiki/Clascal
pl/clascal,paradigms,object-oriented,wikipedia,https://en.wikipedia.org/wiki/Clascal
pl/clascal,typing,"static and dynamic (dynamic typing through variants, array of const, and rtti), strong, safe",wikipedia,https://en.wikipedia.org/wiki/Clascal
pl/clascal,designed_by,Apple Computer,wikipedia,https://en.wikipedia.org/wiki/Clascal
pl/clascal,first_appeared,1983,wikipedia,https://en.wikipedia.org/wiki/Clascal
pl/clascal,influenced_by,Pascal,wikipedia,https://en.wikipedia.org/wiki/Clascal
pl/clascal,influenced_by,Simula,wikipedia,https://en.wikipedia.org/wiki/Clascal
pl/clascal,influenced_by,Smalltalk,wikipedia,https://en.wikipedia.org/wiki/Clascal
pl/classic-asp,designed_by,Microsoft,wikipedia,https://en.wikipedia.org/wiki/Active_Server_Pages
pl/classic-asp,license,Proprietary software,wikipedia,https://en.wikipedia.org/wiki/Active_Server_Pages
pl/classic-asp,homepage,https://www.asp.net,wikipedia,https://en.wikipedia.org/wiki/Active_Server_Pages
pl/clean,paradigms,functional,wikipedia,https://en.wikipedia.org/wiki/Clean_(programming_language)
pl/clean,typing,"strong, static, dynamic",wikipedia,https://en.wikipedia.org/wiki/Clean_(programming_language)
pl/clean,designed_by,Software Technology Research Group of Radboud University Nijmegen,wikipedia,https://en.wikipedia.org/wiki/Clean_(programming_language)
pl/clean,first_appeared,1987,wikipedia,https://en.wikipedia.org/wiki/Clean_(programming_language)
pl/clean,influenced_by,Lean,wikipedia,https://en.wikipedia.org/wiki/Clean_(programming_language)
pl/clean,influenced_by,Miranda,wikipedia,https://en.wikipedia.org/wiki/Clean_(programming_language)
pl/clean,influenced_by,Haskell,wikipedia,https://en.wikipedia.org/wiki/Clean_(programming_language)
pl/clean,license,Simplified BSD,wikipedia,https://en.wikipedia.org/wiki/Clean_(programming_language)
pl/clean,homepage,https://clean.cs.ru.nl,wikipedia,https://en.wikipedia.org/wiki/Clean_(programming_language)
pl/clipper,designed_by,Nantucket Corporation Computer Associates,wikipedia,https://en.wikipedia.org/wiki/Clipper_(programming_language)
pl/clipper,first_appeared,1985,wikipedia,https://en.wikipedia.org/wiki/Clipper_(programming_language)
pl/clipper,influenced_by,dBase,wikipedia,https://en.wikipedia.org/wiki/Clipper_(programming_language)
pl/clipper,license,proprietary,wikipedia,https://en.wikipedia.org/wiki/Clipper_(programming_language)
pl/clipper,homepage,http://www.grafxsoft.com/clipper.htm,wikipedia,https://en.wikipedia.org/wiki/Clipper_(programming_language)
pl/clipper-programming-language,designed_by,Nantucket Corporation Computer Associates,wikipedia,https://en.wikipedia.org/wiki/Clipper_(programming_language)
pl/clipper-programming-language,first_appeared,1985,wikipedia,https://en.wikipedia.org/wiki/Clipper_(programming_language)
pl/clipper-programming-language,influenced_by,dBase,wikipedia,https://en.wikipedia.org/wiki/Clipper_(programming_language)
pl/clipper-programming-language,license,proprietary,wikipedia,https://en.wikipedia.org/wiki/Clipper_(programming_language)
pl/clipper-programming-language,homepage,http://www.grafxsoft.com/clipper.htm,wikipedia,https://en.wikipedia.org/wiki/Clipper_(programming_language)
pl/clips,paradigms,object-oriented,wikipedia,https://en.wikipedia.org/wiki/CLIPS
pl/clips,paradigms,expert system,wikipedia,https://en.wikipedia.org/wiki/CLIPS
pl/clips,designed_by,NASA Johnson Space Center,wikipedia,https://en.wikipedia.org/wiki/CLIPS
pl/clips,first_appeared,1985,wikipedia,https://en.wikipedia.org/wiki/CLIPS
pl/clips,influenced_by,OPS5,wikipedia,https://en.wikipedia.org/wiki/CLIPS
pl/clips,license,public domain,wikipedia,https://en.wikipedia.org/wiki/CLIPS
pl/clips,implementation_languages,C,wikipedia,https://en.wikipedia.org/wiki/CLIPS
pl/clips,homepage,http://clipsrules.net,wikipedia,https://en.wikipedia.org/wiki/CLIPS
pl/clisp,designed_by,Various,wikipedia,https://en.wikipedia.org/wiki/CLISP
pl/clisp,first_appeared,1987,wikipedia,https://en.wikipedia.org/wiki/CLISP
pl/clisp,license,GNU General Public License,wikipedia,https://en.wikipedia.org/wiki/CLISP
pl/clisp,homepage,https://www.gnu.org/software/clisp/,wikipedia,https://en.wikipedia.org/wiki/CLISP
pl/clojure,paradigms,agent-oriented,wikipedia,https://en.wikipedia.org/wiki/Clojure
pl/clojure,paradigms,concurrent,wikipedia,https://en.wikipedia.org/wiki/Clojure
pl/clojure,paradigms,functional,wikipedia,https://en.wikipedia.org/wiki/Clojure
pl/clojure,paradigms,logic,wikipedia,https://en.wikipedia.org/wiki/Clojure
pl/clojure,paradigms,macro,wikipedia,https://en.wikipedia.org/wiki/Clojure
pl/clojure,paradigms,pipeline,wikipedia,https://en.wikipedia.org/wiki/Clojure
pl/clojure,typing,dynamic,wikipedia,https://en.wikipedia.org/wiki/Clojure
pl/clojure,designed_by,Rich Hickey,wikipedia,https://en.wikipedia.org/wiki/Clojure
pl/clojure,first_appeared,2007,wikipedia,https://en.wikipedia.org/wiki/Clojure
pl/clojure,influenced_by,C#,wikipedia,https://en.wikipedia.org/wiki/Clojure
pl/clojure,influenced_by,C++,wikipedia,https://en.wikipedia.org/wiki/Clojure
pl/clojure,influenced_by,Common Lisp,wikipedia,https://en.wikipedia.org/wiki/Clojure
pl/clojure,influenced_by,Erlang,wikipedia,https://en.wikipedia.org/wiki/Clojure
pl/clojure,influenced_by,Haskell,wikipedia,https://en.wikipedia.org/wiki/Clojure
pl/clojure,influenced_by,Java,wikipedia,https://en.wikipedia.org/wiki/Clojure
pl/clojure,influenced_by,ML,wikipedia,https://en.wikipedia.org/wiki/Clojure
pl/clojure,influenced_by,Prolog,wikipedia,https://en.wikipedia.org/wiki/Clojure
pl/clojure,influenced_by,Racket,wikipedia,https://en.wikipedia.org/wiki/Clojure
pl/clojure,influenced_by,Ruby,wikipedia,https://en.wikipedia.org/wiki/Clojure
pl/clojure,influenced_by,Scheme,wikipedia,https://en.wikipedia.org/wiki/Clojure
pl/clojure,influenced_by,Wolfram Language,wikipedia,https://en.wikipedia.org/wiki/Clojure
pl/clojure,license,Eclipse Public,wikipedia,https://en.wikipedia.org/wiki/Clojure
pl/clojure,homepage,https://clojure.org,wikipedia,https://en.wikipedia.org/wiki/Clojure
pl/clu,paradigms,multi-paradigm: class-based,wikipedia,https://en.wikipedia.org/wiki/CLU_(programming_language)
pl/clu,paradigms,procedural,wikipedia,https://en.wikipedia.org/wiki/CLU_(programming_language)
pl/clu,typing,strong,wikipedia,https://en.wikipedia.org/wiki/CLU_(programming_language)
pl/clu,designed_by,Massachusetts Institute of Technology,wikipedia,https://en.wikipedia.org/wiki/CLU_(programming_language)
pl/clu,designed_by,Barbara Liskov,wikipedia,https://en.wikipedia.org/wiki/CLU_(programming_language)
pl/clu,designed_by,her students,wikipedia,https://en.wikipedia.org/wiki/CLU_(programming_language)
pl/clu,first_appeared,1975,wikipedia,https://en.wikipedia.org/wiki/CLU_(programming_language)
pl/clu,influenced_by,ALGOL 60,wikipedia,https://en.wikipedia.org/wiki/CLU_(programming_language)
pl/clu,influenced_by,Lisp,wikipedia,https://en.wikipedia.org/wiki/CLU_(programming_language)
pl/clu,influenced_by,Simula,wikipedia,https://en.wikipedia.org/wiki/CLU_(programming_language)
pl/clu,influenced_by,Alphard,wikipedia,https://en.wikipedia.org/wiki/CLU_(programming_language)
pl/clu,homepage,http://pmg.csail.mit.edu/CLU.html,wikipedia,https://en.wikipedia.org/wiki/CLU_(programming_language)
pl/cms-2,paradigms,imperative,wikipedia,https://en.wikipedia.org/wiki/CMS-2
pl/cms-2,designed_by,Computer Sciences Corporation,wikipedia,https://en.wikipedia.org/wiki/CMS-2
pl/cms-2,designed_by,RAND,wikipedia,https://en.wikipedia.org/wiki/CMS-2
pl/cms-2,designed_by,Intermetrics,wikipedia,https://en.wikipedia.org/wiki/CMS-2
pl/cms-2,first_appeared,1968,wikipedia,https://en.wikipedia.org/wiki/CMS-2
pl/cms-2,influenced_by,CS-1,wikipedia,https://en.wikipedia.org/wiki/CMS-2
pl/cms-2,influenced_by,Fortran,wikipedia,https://en.wikipedia.org/wiki/CMS-2
pl/cms-2,influenced_by,JOVIAL,wikipedia,https://en.wikipedia.org/wiki/CMS-2
pl/cms-2,influenced_by,PL/I,wikipedia,https://en.wikipedia.org/wiki/CMS-2
pl/cobol,paradigms,procedural,wikipedia,https://en.wikipedia.org/wiki/COBOL
pl/cobol,paradigms,imperative,wikipedia,https://en.wikipedia.org/wiki/COBOL
pl/cobol,paradigms,object-oriented,wikipedia,https://en.wikipedia.org/wiki/COBOL
pl/cobol,paradigms,generic,wikipedia,https://en.wikipedia.org/wiki/COBOL
pl/cobol,typing,"weak, static",wikipedia,https://en.wikipedia.org/wiki/COBOL
pl/cobol,designed_by,CODASYL,wikipedia,https://en.wikipedia.org/wiki/COBOL
pl/cobol,designed_by,ANSI,wikipedia,https://en.wikipedia.org/wiki/COBOL
pl/cobol,designed_by,ISO / IEC,wikipedia,https://en.wikipedia.org/wiki/COBOL
pl/cobol,designed_by,Howard Bromberg,wikipedia,https://en.wikipedia.org/wiki/COBOL
pl/cobol,designed_by,Norman Discount,wikipedia,https://en.wikipedia.org/wiki/COBOL
pl/cobol,designed_by,Vernon Reeves,wikipedia,https://en.wikipedia.org/wiki/COBOL
pl/cobol,designed_by,Jean E. Sammet,wikipedia,https://en.wikipedia.org/wiki/COBOL
pl/cobol,designed_by,William Selden,wikipedia,https://en.wikipedia.org/wiki/COBOL
pl/cobol,designed_by,Gertrude Tierney,wikipedia,https://en.wikipedia.org/wiki/COBOL
pl/cobol,designed_by,with indirect influence from Grace Hopper,wikipedia,https://en.wikipedia.org/wiki/COBOL
pl/cobol,first_appeared,1960,wikipedia,https://en.wikipedia.org/wiki/COBOL
pl/cobol,influenced_by,Initial: AIMACO,wikipedia,https://en.wikipedia.org/wiki/COBOL
pl/cobol,influenced_by,COMTRAN,wikipedia,https://en.wikipedia.org/wiki/COBOL
pl/cobol,influenced_by,FACT,wikipedia,https://en.wikipedia.org/wiki/COBOL
pl/cobol,influenced_by,FLOW-MATIC COBOL 2002: C++,wikipedia,https://en.wikipedia.org/wiki/COBOL
pl/cobol,influenced_by,Eiffel,wikipedia,https://en.wikipedia.org/wiki/COBOL
pl/cobol,influenced_by,Smalltalk,wikipedia,https://en.wikipedia.org/wiki/COBOL
pl/cobra,paradigms,multi-paradigm: object-oriented,wikipedia,https://en.wikipedia.org/wiki/Cobra_(programming_language)
pl/cobra,typing,"strong, static, dynamic, inferred",wikipedia,https://en.wikipedia.org/wiki/Cobra_(programming_language)
pl/cobra,designed_by,Cobra Language LLC,wikipedia,https://en.wikipedia.org/wiki/Cobra_(programming_language)
pl/cobra,designed_by,Charles Esterbrook,wikipedia,https://en.wikipedia.org/wiki/Cobra_(programming_language)
pl/cobra,first_appeared,2006,wikipedia,https://en.wikipedia.org/wiki/Cobra_(programming_language)
pl/cobra,influenced_by,Python,wikipedia,https://en.wikipedia.org/wiki/Cobra_(programming_language)
pl/cobra,influenced_by,Eiffel,wikipedia,https://en.wikipedia.org/wiki/Cobra_(programming_language)
pl/cobra,influenced_by,C#,wikipedia,https://en.wikipedia.org/wiki/Cobra_(programming_language)
pl/cobra,influenced_by,Objective-C,wikipedia,https://en.wikipedia.org/wiki/Cobra_(programming_language)
pl/cobra,license,MIT,wikipedia,https://en.wikipedia.org/wiki/Cobra_(programming_language)
pl/cobra,homepage,http://cobra-language.com/,wikipedia,https://en.wikipedia.org/wiki/Cobra_(programming_language)
pl/coff,designed_by,AT&T Corporation,wikipedia,https://en.wikipedia.org/wiki/COFF
pl/coffeescript,paradigms,multi-paradigm: prototype-based,wikipedia,https://en.wikipedia.org/wiki/CoffeeScript
pl/coffeescript,paradigms,functional,wikipedia,https://en.wikipedia.org/wiki/CoffeeScript
pl/coffeescript,paradigms,imperative,wikipedia,https://en.wikipedia.org/wiki/CoffeeScript
pl/coffeescript,paradigms,scripting,wikipedia,https://en.wikipedia.org/wiki/CoffeeScript
pl/coffeescript,typing,"dynamic, implicit",wikipedia,https://en.wikipedia.org/wiki/CoffeeScript
pl/coffeescript,designed_by,same,wikipedia,https://en.wikipedia.org/wiki/CoffeeScript
pl/coffeescript,designed_by,Jeremy Ashkenas,wikipedia,https://en.wikipedia.org/wiki/CoffeeScript
pl/coffeescript,first_appeared,2009,wikipedia,https://en.wikipedia.org/wiki/CoffeeScript
pl/coffeescript,influenced_by,Haskell,wikipedia,https://en.wikipedia.org/wiki/CoffeeScript
pl/coffeescript,influenced_by,JavaScript,wikipedia,https://en.wikipedia.org/wiki/CoffeeScript
pl/coffeescript,influenced_by,Perl,wikipedia,https://en.wikipedia.org/wiki/CoffeeScript
pl/coffeescript,influenced_by,Python,wikipedia,https://en.wikipedia.org/wiki/CoffeeScript
pl/coffeescript,influenced_by,Ruby,wikipedia,https://en.wikipedia.org/wiki/CoffeeScript
pl/coffeescript,influenced_by,YAML,wikipedia,https://en.wikipedia.org/wiki/CoffeeScript
pl/coffeescript,license,MIT,wikipedia,https://en.wikipedia.org/wiki/CoffeeScript
pl/coffeescript,implementation_languages,CoffeeScript,wikipedia,https://en.wikipedia.org/wiki/CoffeeScript
pl/coffeescript,homepage,https://coffeescript.org/,wikipedia,https://en.wikipedia.org/wiki/CoffeeScript
pl/collada,designed_by,Sony Computer Entertainment,wikipedia,https://en.wikipedia.org/wiki/COLLADA
pl/collada,designed_by,Khronos Group,wikipedia,https://en.wikipedia.org/wiki/COLLADA
pl/collada,first_appeared,2004,wikipedia,https://en.wikipedia.org/wiki/COLLADA
pl/collada,homepage,https://khronos.org/collada,wikipedia,https://en.wikipedia.org/wiki/COLLADA
pl/colorforth,paradigms,procedural,wikipedia,https://en.wikipedia.org/wiki/ColorForth
pl/colorforth,paradigms,stack-oriented,wikipedia,https://en.wikipedia.org/wiki/ColorForth
pl/colorforth,typing,typeless,wikipedia,https://en.wikipedia.org/wiki/ColorForth
pl/colorforth,designed_by,Charles H. Moore,wikipedia,https://en.wikipedia.org/wiki/ColorForth
pl/colorforth,first_appeared,1990s,wikipedia,https://en.wikipedia.org/wiki/ColorForth
pl/colorforth,influenced_by,Forth,wikipedia,https://en.wikipedia.org/wiki/ColorForth
pl/colorforth,license,Public domain,wikipedia,https://en.wikipedia.org/wiki/ColorForth
pl/colorforth,homepage,https://colorforth.github.io/,wikipedia,https://en.wikipedia.org/wiki/ColorForth
pl/comal,paradigms,structured,wikipedia,https://en.wikipedia.org/wiki/COMAL
pl/comal,typing,strong,wikipedia,https://en.wikipedia.org/wiki/COMAL
pl/comal,designed_by,Børge R. Christensen,wikipedia,https://en.wikipedia.org/wiki/COMAL
pl/comal,designed_by,Benedict Løfstedt,wikipedia,https://en.wikipedia.org/wiki/COMAL
pl/comal,first_appeared,1975,wikipedia,https://en.wikipedia.org/wiki/COMAL
pl/comal,influenced_by,BASIC,wikipedia,https://en.wikipedia.org/wiki/COMAL
pl/comal,influenced_by,Pascal,wikipedia,https://en.wikipedia.org/wiki/COMAL
pl/comit,designed_by,Victor Yngve,wikipedia,https://en.wikipedia.org/wiki/COMIT
pl/comit,first_appeared,1957,wikipedia,https://en.wikipedia.org/wiki/COMIT
pl/commodore-basic,designed_by,Microsoft,wikipedia,https://en.wikipedia.org/wiki/Commodore_BASIC
pl/commodore-basic,first_appeared,1977,wikipedia,https://en.wikipedia.org/wiki/Commodore_BASIC
pl/commodore-basic,implementation_languages,Assembly (6502),wikipedia,https://en.wikipedia.org/wiki/Commodore_BASIC
pl/common-lisp,paradigms,multi-paradigm: functional,wikipedia,https://en.wikipedia.org/wiki/Lisp_(programming_language)
pl/common-lisp,paradigms,procedural,wikipedia,https://en.wikipedia.org/wiki/Lisp_(programming_language)
pl/common-lisp,paradigms,reflective,wikipedia,https://en.wikipedia.org/wiki/Lisp_(programming_language)
pl/common-lisp,paradigms,meta,wikipedia,https://en.wikipedia.org/wiki/Lisp_(programming_language)
pl/common-lisp,typing,"dynamic, strong",wikipedia,https://en.wikipedia.org/wiki/Lisp_(programming_language)
pl/common-lisp,designed_by,Steve Russell,wikipedia,https://en.wikipedia.org/wiki/Lisp_(programming_language)
pl/common-lisp,designed_by,Timothy P. Hart,wikipedia,https://en.wikipedia.org/wiki/Lisp_(programming_language)
pl/common-lisp,designed_by,Mike Levin,wikipedia,https://en.wikipedia.org/wiki/Lisp_(programming_language)
pl/common-lisp,designed_by,John McCarthy,wikipedia,https://en.wikipedia.org/wiki/Lisp_(programming_language)
pl/common-lisp,first_appeared,1960,wikipedia,https://en.wikipedia.org/wiki/Lisp_(programming_language)
pl/common-lisp,influenced_by,Information Processing Language (IPL),wikipedia,https://en.wikipedia.org/wiki/Lisp_(programming_language)
pl/common-workflow-language,license,Apache 2.0,wikipedia,https://en.wikipedia.org/wiki/Common_Workflow_Language
pl/common-workflow-language,homepage,http://commonwl.org,wikipedia,https://en.wikipedia.org/wiki/Common_Workflow_Language
pl/component-pascal,paradigms,imperative,wikipedia,https://en.wikipedia.org/wiki/Component_Pascal
pl/component-pascal,paradigms,structured,wikipedia,https://en.wikipedia.org/wiki/Component_Pascal
pl/component-pascal,paradigms,modular,wikipedia,https://en.wikipedia.org/wiki/Component_Pascal
pl/component-pascal,paradigms,object-oriented,wikipedia,https://en.wikipedia.org/wiki/Component_Pascal
pl/component-pascal,typing,"strong, static",wikipedia,https://en.wikipedia.org/wiki/Component_Pascal
pl/component-pascal,designed_by,Oberon microsystems,wikipedia,https://en.wikipedia.org/wiki/Component_Pascal
pl/component-pascal,first_appeared,1997,wikipedia,https://en.wikipedia.org/wiki/Component_Pascal
pl/component-pascal,influenced_by,Pascal,wikipedia,https://en.wikipedia.org/wiki/Component_Pascal
pl/component-pascal,influenced_by,Oberon,wikipedia,https://en.wikipedia.org/wiki/Component_Pascal
pl/component-pascal,influenced_by,Oberon-2,wikipedia,https://en.wikipedia.org/wiki/Component_Pascal
pl/component-pascal,homepage,http://blackboxframework.org,wikipedia,https://en.wikipedia.org/wiki/Component_Pascal
pl/comtran,designed_by,Bob Bemer,wikipedia,https://en.wikipedia.org/wiki/COMTRAN
pl/comtran,first_appeared,1957,wikipedia,https://en.wikipedia.org/wiki/COMTRAN
pl/comtran,influenced_by,FLOW-MATIC,wikipedia,https://en.wikipedia.org/wiki/COMTRAN
pl/concurrent-haskell,designed_by,The Glasgow Haskell Team,wikipedia,https://en.wikipedia.org/wiki/Concurrent_Haskell
pl/concurrent-haskell,first_appeared,1996,wikipedia,https://en.wikipedia.org/wiki/Concurrent_Haskell
pl/concurrent-haskell,license,BSD 3-clause (new),wikipedia,https://en.wikipedia.org/wiki/Concurrent_Haskell
pl/concurrent-haskell,homepage,http://downloads.haskell.org/ghc/8.10.3/docs/html/users_guide/parallel.html,wikipedia,https://en.wikipedia.org/wiki/Concurrent_Haskell
pl/coq,designed_by,INRIA,wikipedia,https://en.wikipedia.org/wiki/Rocq
pl/coq,designed_by,École Polytechnique,wikipedia,https://en.wikipedia.org/wiki/Rocq
pl/coq,designed_by,University of Paris-Sud,wikipedia,https://en.wikipedia.org/wiki/Rocq
pl/coq,designed_by,Paris Diderot University,wikipedia,https://en.wikipedia.org/wiki/Rocq
pl/coq,designed_by,CNRS,wikipedia,https://en.wikipedia.org/wiki/Rocq
pl/coq,designed_by,ENS Lyon,wikipedia,https://en.wikipedia.org/wiki/Rocq
pl/coq,first_appeared,1989,wikipedia,https://en.wikipedia.org/wiki/Rocq
pl/coq,license,LGPLv2.1,wikipedia,https://en.wikipedia.org/wiki/Rocq
pl/coq,homepage,https://rocq-prover.org,wikipedia,https://en.wikipedia.org/wiki/Rocq
pl/coral,paradigms,procedural,wikipedia,https://en.wikipedia.org/wiki/CORAL
pl/coral,paradigms,imperative,wikipedia,https://en.wikipedia.org/wiki/CORAL
pl/coral,paradigms,structured,wikipedia,https://en.wikipedia.org/wiki/CORAL
pl/coral,typing,"static, strong",wikipedia,https://en.wikipedia.org/wiki/CORAL
pl/coral,designed_by,Royal Radar Establishment,wikipedia,https://en.wikipedia.org/wiki/CORAL
pl/coral,designed_by,Philip Woodward,wikipedia,https://en.wikipedia.org/wiki/CORAL
pl/coral,designed_by,I. F. Currie,wikipedia,https://en.wikipedia.org/wiki/CORAL
pl/coral,designed_by,M. Griffiths,wikipedia,https://en.wikipedia.org/wiki/CORAL
pl/coral,first_appeared,1964,wikipedia,https://en.wikipedia.org/wiki/CORAL
pl/coral,influenced_by,ALGOL,wikipedia,https://en.wikipedia.org/wiki/CORAL
pl/coral,influenced_by,JOVIAL,wikipedia,https://en.wikipedia.org/wiki/CORAL
pl/coral,influenced_by,Fortran,wikipedia,https://en.wikipedia.org/wiki/CORAL
pl/coral,implementation_languages,BCPL,wikipedia,https://en.wikipedia.org/wiki/CORAL
pl/corvision,designed_by,Cortex,wikipedia,https://en.wikipedia.org/wiki/CorVision
pl/corvision,first_appeared,1986,wikipedia,https://en.wikipedia.org/wiki/CorVision
pl/corvision,influenced_by,Inform,wikipedia,https://en.wikipedia.org/wiki/CorVision
pl/cowsel,paradigms,multi-paradigm: structured,wikipedia,https://en.wikipedia.org/wiki/COWSEL
pl/cowsel,paradigms,reflective,wikipedia,https://en.wikipedia.org/wiki/COWSEL
pl/cowsel,paradigms,procedural,wikipedia,https://en.wikipedia.org/wiki/COWSEL
pl/cowsel,typing,dynamic,wikipedia,https://en.wikipedia.org/wiki/COWSEL
pl/cowsel,designed_by,University of Leeds,wikipedia,https://en.wikipedia.org/wiki/COWSEL
pl/cowsel,designed_by,Bradford Institute of Technology,wikipedia,https://en.wikipedia.org/wiki/COWSEL
pl/cowsel,designed_by,University of Edinburgh,wikipedia,https://en.wikipedia.org/wiki/COWSEL
pl/cowsel,designed_by,Robin Popplestone,wikipedia,https://en.wikipedia.org/wiki/COWSEL
pl/cowsel,designed_by,Rod Burstall,wikipedia,https://en.wikipedia.org/wiki/COWSEL
pl/cowsel,first_appeared,1964,wikipedia,https://en.wikipedia.org/wiki/COWSEL
pl/cowsel,influenced_by,CPL,wikipedia,https://en.wikipedia.org/wiki/COWSEL
pl/cowsel,influenced_by,Lisp,wikipedia,https://en.wikipedia.org/wiki/COWSEL
pl/cowsel,license,Proprietary,wikipedia,https://en.wikipedia.org/wiki/COWSEL
pl/cowsel,implementation_languages,assembly,wikipedia,https://en.wikipedia.org/wiki/COWSEL
pl/cpl,paradigms,multi-paradigm: procedural,wikipedia,https://en.wikipedia.org/wiki/CPL_(programming_language)
pl/cpl,paradigms,imperative,wikipedia,https://en.wikipedia.org/wiki/CPL_(programming_language)
pl/cpl,paradigms,structured,wikipedia,https://en.wikipedia.org/wiki/CPL_(programming_language)
pl/cpl,paradigms,functional,wikipedia,https://en.wikipedia.org/wiki/CPL_(programming_language)
pl/cpl,designed_by,Christopher Strachey et al,wikipedia,https://en.wikipedia.org/wiki/CPL_(programming_language)
pl/cpl,first_appeared,1963,wikipedia,https://en.wikipedia.org/wiki/CPL_(programming_language)
pl/cpl,influenced_by,ALGOL 60,wikipedia,https://en.wikipedia.org/wiki/CPL_(programming_language)
pl/cpp-3,paradigms,multi-paradigm: procedural,wikipedia,https://en.wikipedia.org/wiki/C%2B%2B
pl/cpp-3,paradigms,imperative,wikipedia,https://en.wikipedia.org/wiki/C%2B%2B
pl/cpp-3,paradigms,functional,wikipedia,https://en.wikipedia.org/wiki/C%2B%2B
pl/cpp-3,paradigms,object-oriented,wikipedia,https://en.wikipedia.org/wiki/C%2B%2B
pl/cpp-3,paradigms,generic,wikipedia,https://en.wikipedia.org/wiki/C%2B%2B
pl/cpp-3,paradigms,modular,wikipedia,https://en.wikipedia.org/wiki/C%2B%2B
pl/cpp-3,paradigms,reflective,wikipedia,https://en.wikipedia.org/wiki/C%2B%2B
pl/cpp-3,paradigms,design by contract,wikipedia,https://en.wikipedia.org/wiki/C%2B%2B
pl/cpp-3,typing,"static, strong, nominative, partially inferred",wikipedia,https://en.wikipedia.org/wiki/C%2B%2B
pl/cpp-3,designed_by,ISO/IEC JTC 1 (Joint Technical Committee 1) / SC 22 (Subcommittee 22) / WG 21 (Working Group 21),wikipedia,https://en.wikipedia.org/wiki/C%2B%2B
pl/cpp-3,designed_by,Bjarne Stroustrup,wikipedia,https://en.wikipedia.org/wiki/C%2B%2B
pl/cpp-3,first_appeared,1985,wikipedia,https://en.wikipedia.org/wiki/C%2B%2B
pl/cpp-3,influenced_by,Ada,wikipedia,https://en.wikipedia.org/wiki/C%2B%2B
pl/cpp-3,influenced_by,ALGOL 68,wikipedia,https://en.wikipedia.org/wiki/C%2B%2B
pl/cpp-3,influenced_by,BCPL,wikipedia,https://en.wikipedia.org/wiki/C%2B%2B
pl/cpp-3,influenced_by,C,wikipedia,https://en.wikipedia.org/wiki/C%2B%2B
pl/cpp-3,influenced_by,CLU,wikipedia,https://en.wikipedia.org/wiki/C%2B%2B
pl/cpp-3,influenced_by,F#,wikipedia,https://en.wikipedia.org/wiki/C%2B%2B
pl/cpp-3,influenced_by,ML,wikipedia,https://en.wikipedia.org/wiki/C%2B%2B
pl/cpp-3,influenced_by,Mesa,wikipedia,https://en.wikipedia.org/wiki/C%2B%2B
pl/cpp-3,influenced_by,Modula-2,wikipedia,https://en.wikipedia.org/wiki/C%2B%2B
pl/cpp-3,influenced_by,Simula,wikipedia,https://en.wikipedia.org/wiki/C%2B%2B
pl/cpp-3,influenced_by,Smalltalk,wikipedia,https://en.wikipedia.org/wiki/C%2B%2B
pl/cpp-3,homepage,https://isocpp.org/,wikipedia,https://en.wikipedia.org/wiki/C%2B%2B
pl/cry,designed_by,Galois,wikipedia,https://en.wikipedia.org/wiki/Cryptol
pl/cry,designed_by,Inc,wikipedia,https://en.wikipedia.org/wiki/Cryptol
pl/cry,first_appeared,1980,wikipedia,https://en.wikipedia.org/wiki/Cryptol
pl/cry,license,BSD 3-clause,wikipedia,https://en.wikipedia.org/wiki/Cryptol
pl/cry,implementation_languages,Haskell,wikipedia,https://en.wikipedia.org/wiki/Cryptol
pl/cry,implementation_languages,Python,wikipedia,https://en.wikipedia.org/wiki/Cryptol
pl/cry,homepage,http://www.cryptol.net,wikipedia,https://en.wikipedia.org/wiki/Cryptol
pl/cryptol,designed_by,Galois,wikipedia,https://en.wikipedia.org/wiki/Cryptol
pl/cryptol,designed_by,Inc,wikipedia,https://en.wikipedia.org/wiki/Cryptol
pl/cryptol,first_appeared,1980,wikipedia,https://en.wikipedia.org/wiki/Cryptol
pl/cryptol,license,BSD 3-clause,wikipedia,https://en.wikipedia.org/wiki/Cryptol
pl/cryptol,implementation_languages,Haskell,wikipedia,https://en.wikipedia.org/wiki/Cryptol
pl/cryptol,implementation_languages,Python,wikipedia,https://en.wikipedia.org/wiki/Cryptol
pl/cryptol,homepage,http://www.cryptol.net,wikipedia,https://en.wikipedia.org/wiki/Cryptol
pl/crystal,paradigms,multi-paradigm: object-oriented,wikipedia,https://en.wikipedia.org/wiki/Crystal_(programming_language)
pl/crystal,paradigms,concurrent,wikipedia,https://en.wikipedia.org/wiki/Crystal_(programming_language)
pl/crystal,typing,"static, inferred, nominal, duck",wikipedia,https://en.wikipedia.org/wiki/Crystal_(programming_language)
pl/crystal,designed_by,Manas Technology Solutions,wikipedia,https://en.wikipedia.org/wiki/Crystal_(programming_language)
pl/crystal,designed_by,Ary Borenszweig,wikipedia,https://en.wikipedia.org/wiki/Crystal_(programming_language)
pl/crystal,designed_by,Juan Wajnerman,wikipedia,https://en.wikipedia.org/wiki/Crystal_(programming_language)
pl/crystal,designed_by,Brian Cardiff,wikipedia,https://en.wikipedia.org/wiki/Crystal_(programming_language)
pl/crystal,first_appeared,2014,wikipedia,https://en.wikipedia.org/wiki/Crystal_(programming_language)
pl/crystal,influenced_by,Ruby,wikipedia,https://en.wikipedia.org/wiki/Crystal_(programming_language)
pl/crystal,influenced_by,Go,wikipedia,https://en.wikipedia.org/wiki/Crystal_(programming_language)
pl/crystal,license,Apache License 2.0,wikipedia,https://en.wikipedia.org/wiki/Crystal_(programming_language)
pl/crystal,implementation_languages,Crystal,wikipedia,https://en.wikipedia.org/wiki/Crystal_(programming_language)
pl/crystal,homepage,https://crystal-lang.org/,wikipedia,https://en.wikipedia.org/wiki/Crystal_(programming_language)
pl/crystal-programming-language,paradigms,multi-paradigm: object-oriented,wikipedia,https://en.wikipedia.org/wiki/Crystal_(programming_language)
pl/crystal-programming-language,paradigms,concurrent,wikipedia,https://en.wikipedia.org/wiki/Crystal_(programming_language)
pl/crystal-programming-language,typing,"static, inferred, nominal, duck",wikipedia,https://en.wikipedia.org/wiki/Crystal_(programming_language)
pl/crystal-programming-language,designed_by,Manas Technology Solutions,wikipedia,https://en.wikipedia.org/wiki/Crystal_(programming_language)
pl/crystal-programming-language,designed_by,Ary Borenszweig,wikipedia,https://en.wikipedia.org/wiki/Crystal_(programming_language)
pl/crystal-programming-language,designed_by,Juan Wajnerman,wikipedia,https://en.wikipedia.org/wiki/Crystal_(programming_language)
pl/crystal-programming-language,designed_by,Brian Cardiff,wikipedia,https://en.wikipedia.org/wiki/Crystal_(programming_language)
pl/crystal-programming-language,first_appeared,2014,wikipedia,https://en.wikipedia.org/wiki/Crystal_(programming_language)
pl/crystal-programming-language,influenced_by,Ruby,wikipedia,https://en.wikipedia.org/wiki/Crystal_(programming_language)
pl/crystal-programming-language,influenced_by,Go,wikipedia,https://en.wikipedia.org/wiki/Crystal_(programming_language)
pl/crystal-programming-language,license,Apache License 2.0,wikipedia,https://en.wikipedia.org/wiki/Crystal_(programming_language)
pl/crystal-programming-language,implementation_languages,Crystal,wikipedia,https://en.wikipedia.org/wiki/Crystal_(programming_language)
pl/crystal-programming-language,homepage,https://crystal-lang.org/,wikipedia,https://en.wikipedia.org/wiki/Crystal_(programming_language)
pl/csharp-2,paradigms,multi-paradigm: structured,wikipedia,https://en.wikipedia.org/wiki/C_Sharp_(programming_language)
pl/csharp-2,paradigms,imperative,wikipedia,https://en.wikipedia.org/wiki/C_Sharp_(programming_language)
pl/csharp-2,paradigms,object-oriented,wikipedia,https://en.wikipedia.org/wiki/C_Sharp_(programming_language)
pl/csharp-2,paradigms,event-driven,wikipedia,https://en.wikipedia.org/wiki/C_Sharp_(programming_language)
pl/csharp-2,paradigms,task-driven,wikipedia,https://en.wikipedia.org/wiki/C_Sharp_(programming_language)
pl/csharp-2,paradigms,functional,wikipedia,https://en.wikipedia.org/wiki/C_Sharp_(programming_language)
pl/csharp-2,paradigms,generic,wikipedia,https://en.wikipedia.org/wiki/C_Sharp_(programming_language)
pl/csharp-2,paradigms,reflective,wikipedia,https://en.wikipedia.org/wiki/C_Sharp_(programming_language)
pl/csharp-2,paradigms,concurrent,wikipedia,https://en.wikipedia.org/wiki/C_Sharp_(programming_language)
pl/csharp-2,typing,"static, dynamic, strong, safe, nominative, partly inferred",wikipedia,https://en.wikipedia.org/wiki/C_Sharp_(programming_language)
pl/csharp-2,designed_by,Mads Torgersen (Microsoft),wikipedia,https://en.wikipedia.org/wiki/C_Sharp_(programming_language)
pl/csharp-2,designed_by,Anders Hejlsberg (Microsoft),wikipedia,https://en.wikipedia.org/wiki/C_Sharp_(programming_language)
pl/csharp-2,first_appeared,2000,wikipedia,https://en.wikipedia.org/wiki/C_Sharp_(programming_language)
pl/csharp-2,influenced_by,C++,wikipedia,https://en.wikipedia.org/wiki/C_Sharp_(programming_language)
pl/csharp-2,influenced_by,Cω,wikipedia,https://en.wikipedia.org/wiki/C_Sharp_(programming_language)
pl/csharp-2,influenced_by,Eiffel,wikipedia,https://en.wikipedia.org/wiki/C_Sharp_(programming_language)
pl/csharp-2,influenced_by,F#,wikipedia,https://en.wikipedia.org/wiki/C_Sharp_(programming_language)
pl/csharp-2,influenced_by,Haskell,wikipedia,https://en.wikipedia.org/wiki/C_Sharp_(programming_language)
pl/csharp-2,influenced_by,Scala,wikipedia,https://en.wikipedia.org/wiki/C_Sharp_(programming_language)
pl/csharp-2,influenced_by,Icon,wikipedia,https://en.wikipedia.org/wiki/C_Sharp_(programming_language)
pl/csharp-2,influenced_by,J#,wikipedia,https://en.wikipedia.org/wiki/C_Sharp_(programming_language)
pl/csharp-2,influenced_by,J++,wikipedia,https://en.wikipedia.org/wiki/C_Sharp_(programming_language)
pl/csharp-2,influenced_by,Java,wikipedia,https://en.wikipedia.org/wiki/C_Sharp_(programming_language)
pl/csharp-2,influenced_by,JavaScript,wikipedia,https://en.wikipedia.org/wiki/C_Sharp_(programming_language)
pl/csharp-2,influenced_by,ML,wikipedia,https://en.wikipedia.org/wiki/C_Sharp_(programming_language)
pl/csharp-2,influenced_by,Modula-3,wikipedia,https://en.wikipedia.org/wiki/C_Sharp_(programming_language)
pl/csharp-2,influenced_by,Object Pascal,wikipedia,https://en.wikipedia.org/wiki/C_Sharp_(programming_language)
pl/csharp-2,influenced_by,Visual Basic (VB),wikipedia,https://en.wikipedia.org/wiki/C_Sharp_(programming_language)
pl/csharp-2,license,Roslyn compiler: MIT/X11,wikipedia,https://en.wikipedia.org/wiki/C_Sharp_(programming_language)
pl/csharp-2,homepage,https://learn.microsoft.com/en-us/dotnet/csharp/,wikipedia,https://en.wikipedia.org/wiki/C_Sharp_(programming_language)
pl/csound,designed_by,John Fitch,wikipedia,https://en.wikipedia.org/wiki/Csound
pl/csound,designed_by,Steven Yi,wikipedia,https://en.wikipedia.org/wiki/Csound
pl/csound,designed_by,Victor Lazzarini,wikipedia,https://en.wikipedia.org/wiki/Csound
pl/csound,first_appeared,1986,wikipedia,https://en.wikipedia.org/wiki/Csound
pl/csound,license,LGPL 2.1 or later,wikipedia,https://en.wikipedia.org/wiki/Csound
pl/csound,homepage,http://csound.com,wikipedia,https://en.wikipedia.org/wiki/Csound
pl/css,designed_by,World Wide Web Consortium (W3C),wikipedia,https://en.wikipedia.org/wiki/CSS
pl/css,first_appeared,1996,wikipedia,https://en.wikipedia.org/wiki/CSS
pl/css,homepage,https://w3.org/TR/CSS/#css,wikipedia,https://en.wikipedia.org/wiki/CSS
pl/css-script,designed_by,World Wide Web Consortium (W3C),wikipedia,https://en.wikipedia.org/wiki/CSS
pl/css-script,first_appeared,1996,wikipedia,https://en.wikipedia.org/wiki/CSS
pl/css-script,homepage,https://w3.org/TR/CSS/#css,wikipedia,https://en.wikipedia.org/wiki/CSS
pl/cuneiform,paradigms,functional,wikipedia,https://en.wikipedia.org/wiki/Cuneiform_(programming_language)
pl/cuneiform,paradigms,scientific workflow,wikipedia,https://en.wikipedia.org/wiki/Cuneiform_(programming_language)
pl/cuneiform,typing,"static, simple types",wikipedia,https://en.wikipedia.org/wiki/Cuneiform_(programming_language)
pl/cuneiform,designed_by,Jörgen Brandt,wikipedia,https://en.wikipedia.org/wiki/Cuneiform_(programming_language)
pl/cuneiform,first_appeared,2013,wikipedia,https://en.wikipedia.org/wiki/Cuneiform_(programming_language)
pl/cuneiform,influenced_by,Swift (parallel scripting language),wikipedia,https://en.wikipedia.org/wiki/Cuneiform_(programming_language)
pl/cuneiform,license,Apache License 2.0,wikipedia,https://en.wikipedia.org/wiki/Cuneiform_(programming_language)
pl/cuneiform,implementation_languages,Erlang,wikipedia,https://en.wikipedia.org/wiki/Cuneiform_(programming_language)
pl/cuneiform,homepage,http://cuneiform-lang.org/,wikipedia,https://en.wikipedia.org/wiki/Cuneiform_(programming_language)
pl/cuneiform-programming-language,paradigms,functional,wikipedia,https://en.wikipedia.org/wiki/Cuneiform_(programming_language)
pl/cuneiform-programming-language,paradigms,scientific workflow,wikipedia,https://en.wikipedia.org/wiki/Cuneiform_(programming_language)
pl/cuneiform-programming-language,typing,"static, simple types",wikipedia,https://en.wikipedia.org/wiki/Cuneiform_(programming_language)
pl/cuneiform-programming-language,designed_by,Jörgen Brandt,wikipedia,https://en.wikipedia.org/wiki/Cuneiform_(programming_language)
pl/cuneiform-programming-language,first_appeared,2013,wikipedia,https://en.wikipedia.org/wiki/Cuneiform_(programming_language)
pl/cuneiform-programming-language,influenced_by,Swift (parallel scripting language),wikipedia,https://en.wikipedia.org/wiki/Cuneiform_(programming_language)
pl/cuneiform-programming-language,license,Apache License 2.0,wikipedia,https://en.wikipedia.org/wiki/Cuneiform_(programming_language)
pl/cuneiform-programming-language,implementation_languages,Erlang,wikipedia,https://en.wikipedia.org/wiki/Cuneiform_(programming_language)
pl/cuneiform-programming-language,homepage,http://cuneiform-lang.org/,wikipedia,https://en.wikipedia.org/wiki/Cuneiform_(programming_language)
pl/curl,paradigms,multi-paradigm: object-oriented,wikipedia,https://en.wikipedia.org/wiki/Curl_(programming_language)
pl/curl,paradigms,markup,wikipedia,https://en.wikipedia.org/wiki/Curl_(programming_language)
pl/curl,typing,strong,wikipedia,https://en.wikipedia.org/wiki/Curl_(programming_language)
pl/curl,designed_by,Curl,wikipedia,https://en.wikipedia.org/wiki/Curl_(programming_language)
pl/curl,designed_by,Inc,wikipedia,https://en.wikipedia.org/wiki/Curl_(programming_language)
pl/curl,designed_by,Sumisho Computer Systems Corp,wikipedia,https://en.wikipedia.org/wiki/Curl_(programming_language)
pl/curl,designed_by,SCSK Corporation,wikipedia,https://en.wikipedia.org/wiki/Curl_(programming_language)
pl/curl,designed_by,Steve Ward,wikipedia,https://en.wikipedia.org/wiki/Curl_(programming_language)
pl/curl,designed_by,MIT,wikipedia,https://en.wikipedia.org/wiki/Curl_(programming_language)
pl/curl,first_appeared,1998,wikipedia,https://en.wikipedia.org/wiki/Curl_(programming_language)
pl/curl,influenced_by,HTML,wikipedia,https://en.wikipedia.org/wiki/Curl_(programming_language)
pl/curl,influenced_by,JavaScript,wikipedia,https://en.wikipedia.org/wiki/Curl_(programming_language)
pl/curl,influenced_by,Lisp,wikipedia,https://en.wikipedia.org/wiki/Curl_(programming_language)
pl/curl,license,Curl license www.curl.com/products/license/,wikipedia,https://en.wikipedia.org/wiki/Curl_(programming_language)
pl/curl,homepage,https://www.curl.com,wikipedia,https://en.wikipedia.org/wiki/Curl_(programming_language)
pl/curry,paradigms,functional,wikipedia,https://en.wikipedia.org/wiki/Curry_(programming_language)
pl/curry,paradigms,logic,wikipedia,https://en.wikipedia.org/wiki/Curry_(programming_language)
pl/curry,paradigms,non-strict,wikipedia,https://en.wikipedia.org/wiki/Curry_(programming_language)
pl/curry,paradigms,modular,wikipedia,https://en.wikipedia.org/wiki/Curry_(programming_language)
pl/curry,typing,"static, strong, inferred",wikipedia,https://en.wikipedia.org/wiki/Curry_(programming_language)
pl/curry,designed_by,Kiel University LMU Munich University of Münster Portland State University Complutense University of Madrid Technical University of Madrid,wikipedia,https://en.wikipedia.org/wiki/Curry_(programming_language)
pl/curry,designed_by,Michael Hanus,wikipedia,https://en.wikipedia.org/wiki/Curry_(programming_language)
pl/curry,designed_by,Sergio Antoy,wikipedia,https://en.wikipedia.org/wiki/Curry_(programming_language)
pl/curry,designed_by,et al,wikipedia,https://en.wikipedia.org/wiki/Curry_(programming_language)
pl/curry,first_appeared,1995,wikipedia,https://en.wikipedia.org/wiki/Curry_(programming_language)
pl/curry,influenced_by,Haskell,wikipedia,https://en.wikipedia.org/wiki/Curry_(programming_language)
pl/curry,influenced_by,Prolog,wikipedia,https://en.wikipedia.org/wiki/Curry_(programming_language)
pl/curry,license,BSD 3-clause,wikipedia,https://en.wikipedia.org/wiki/Curry_(programming_language)
pl/curry,homepage,http://www.curry-lang.org,wikipedia,https://en.wikipedia.org/wiki/Curry_(programming_language)
pl/cyclone,designed_by,Cornell University,wikipedia,https://en.wikipedia.org/wiki/Cyclone_(programming_language)
pl/cyclone,designed_by,AT&T Labs,wikipedia,https://en.wikipedia.org/wiki/Cyclone_(programming_language)
pl/cyclone,first_appeared,2002,wikipedia,https://en.wikipedia.org/wiki/Cyclone_(programming_language)
pl/cyclone,influenced_by,C,wikipedia,https://en.wikipedia.org/wiki/Cyclone_(programming_language)
pl/cyclone,influenced_by,C++,wikipedia,https://en.wikipedia.org/wiki/Cyclone_(programming_language)
pl/cyclone,homepage,http://cyclone.thelanguage.org,wikipedia,https://en.wikipedia.org/wiki/Cyclone_(programming_language)
pl/cython,designed_by,Robert Bradshaw,wikipedia,https://en.wikipedia.org/wiki/Cython
pl/cython,designed_by,Stefan Behnel,wikipedia,https://en.wikipedia.org/wiki/Cython
pl/cython,designed_by,et al,wikipedia,https://en.wikipedia.org/wiki/Cython
pl/cython,first_appeared,2007,wikipedia,https://en.wikipedia.org/wiki/Cython
pl/cython,influenced_by,C,wikipedia,https://en.wikipedia.org/wiki/Cython
pl/cython,influenced_by,Python,wikipedia,https://en.wikipedia.org/wiki/Cython
pl/cython,license,Apache License 2.0,wikipedia,https://en.wikipedia.org/wiki/Cython
pl/cython,implementation_languages,Python,wikipedia,https://en.wikipedia.org/wiki/Cython
pl/cython,homepage,https://cython.org,wikipedia,https://en.wikipedia.org/wiki/Cython
pl/d,paradigms,multi-paradigm: functional,wikipedia,https://en.wikipedia.org/wiki/D_(programming_language)
pl/d,paradigms,imperative,wikipedia,https://en.wikipedia.org/wiki/D_(programming_language)
pl/d,paradigms,object-oriented,wikipedia,https://en.wikipedia.org/wiki/D_(programming_language)
pl/d,typing,"inferred, static, strong",wikipedia,https://en.wikipedia.org/wiki/D_(programming_language)
pl/d,designed_by,D Language Foundation,wikipedia,https://en.wikipedia.org/wiki/D_(programming_language)
pl/d,designed_by,Walter Bright,wikipedia,https://en.wikipedia.org/wiki/D_(programming_language)
pl/d,designed_by,Andrei Alexandrescu (since 2007),wikipedia,https://en.wikipedia.org/wiki/D_(programming_language)
pl/d,first_appeared,2001,wikipedia,https://en.wikipedia.org/wiki/D_(programming_language)
pl/d,influenced_by,BASIC,wikipedia,https://en.wikipedia.org/wiki/D_(programming_language)
pl/d,influenced_by,C,wikipedia,https://en.wikipedia.org/wiki/D_(programming_language)
pl/d,influenced_by,C++,wikipedia,https://en.wikipedia.org/wiki/D_(programming_language)
pl/d,influenced_by,C#,wikipedia,https://en.wikipedia.org/wiki/D_(programming_language)
pl/d,influenced_by,Eiffel,wikipedia,https://en.wikipedia.org/wiki/D_(programming_language)
pl/d,influenced_by,Java,wikipedia,https://en.wikipedia.org/wiki/D_(programming_language)
pl/d,influenced_by,Python,wikipedia,https://en.wikipedia.org/wiki/D_(programming_language)
pl/d,influenced_by,Ruby,wikipedia,https://en.wikipedia.org/wiki/D_(programming_language)
pl/d,license,Boost,wikipedia,https://en.wikipedia.org/wiki/D_(programming_language)
pl/d,homepage,http://dlang.org,wikipedia,https://en.wikipedia.org/wiki/D_(programming_language)
pl/d-programming-language,paradigms,multi-paradigm: functional,wikipedia,https://en.wikipedia.org/wiki/D_(programming_language)
pl/d-programming-language,paradigms,imperative,wikipedia,https://en.wikipedia.org/wiki/D_(programming_language)
pl/d-programming-language,paradigms,object-oriented,wikipedia,https://en.wikipedia.org/wiki/D_(programming_language)
pl/d-programming-language,typing,"inferred, static, strong",wikipedia,https://en.wikipedia.org/wiki/D_(programming_language)
pl/d-programming-language,designed_by,D Language Foundation,wikipedia,https://en.wikipedia.org/wiki/D_(programming_language)
pl/d-programming-language,designed_by,Walter Bright,wikipedia,https://en.wikipedia.org/wiki/D_(programming_language)
pl/d-programming-language,designed_by,Andrei Alexandrescu (since 2007),wikipedia,https://en.wikipedia.org/wiki/D_(programming_language)
pl/d-programming-language,first_appeared,2001,wikipedia,https://en.wikipedia.org/wiki/D_(programming_language)
pl/d-programming-language,influenced_by,BASIC,wikipedia,https://en.wikipedia.org/wiki/D_(programming_language)
pl/d-programming-language,influenced_by,C,wikipedia,https://en.wikipedia.org/wiki/D_(programming_language)
pl/d-programming-language,influenced_by,C++,wikipedia,https://en.wikipedia.org/wiki/D_(programming_language)
pl/d-programming-language,influenced_by,C#,wikipedia,https://en.wikipedia.org/wiki/D_(programming_language)
pl/d-programming-language,influenced_by,Eiffel,wikipedia,https://en.wikipedia.org/wiki/D_(programming_language)
pl/d-programming-language,influenced_by,Java,wikipedia,https://en.wikipedia.org/wiki/D_(programming_language)
pl/d-programming-language,influenced_by,Python,wikipedia,https://en.wikipedia.org/wiki/D_(programming_language)
pl/d-programming-language,influenced_by,Ruby,wikipedia,https://en.wikipedia.org/wiki/D_(programming_language)
pl/d-programming-language,license,Boost,wikipedia,https://en.wikipedia.org/wiki/D_(programming_language)
pl/d-programming-language,homepage,http://dlang.org,wikipedia,https://en.wikipedia.org/wiki/D_(programming_language)
pl/dafny,paradigms,imperative,wikipedia,https://en.wikipedia.org/wiki/Dafny
pl/dafny,paradigms,functional,wikipedia,https://en.wikipedia.org/wiki/Dafny
pl/dafny,typing,"static, strong, safe",wikipedia,https://en.wikipedia.org/wiki/Dafny
pl/dafny,designed_by,Microsoft Research,wikipedia,https://en.wikipedia.org/wiki/Dafny
pl/dafny,designed_by,K. Rustan M. Leino,wikipedia,https://en.wikipedia.org/wiki/Dafny
pl/dafny,first_appeared,2009,wikipedia,https://en.wikipedia.org/wiki/Dafny
pl/dafny,license,MIT,wikipedia,https://en.wikipedia.org/wiki/Dafny
pl/dafny,homepage,http://dafny.org,wikipedia,https://en.wikipedia.org/wiki/Dafny
pl/darsimco,paradigms,procedural,wikipedia,https://en.wikipedia.org/wiki/DARSIMCO
pl/darsimco,designed_by,Dartmouth College,wikipedia,https://en.wikipedia.org/wiki/DARSIMCO
pl/darsimco,designed_by,John G. Kemeny,wikipedia,https://en.wikipedia.org/wiki/DARSIMCO
pl/darsimco,first_appeared,1956,wikipedia,https://en.wikipedia.org/wiki/DARSIMCO
pl/darsimco,implementation_languages,Assembly,wikipedia,https://en.wikipedia.org/wiki/DARSIMCO
pl/dart,paradigms,multi-paradigm: functional,wikipedia,https://en.wikipedia.org/wiki/Dart_(programming_language)
pl/dart,paradigms,imperative,wikipedia,https://en.wikipedia.org/wiki/Dart_(programming_language)
pl/dart,paradigms,object-oriented,wikipedia,https://en.wikipedia.org/wiki/Dart_(programming_language)
pl/dart,paradigms,reflective,wikipedia,https://en.wikipedia.org/wiki/Dart_(programming_language)
pl/dart,typing,"1.x: optional 2.x: inferred (static, strong)",wikipedia,https://en.wikipedia.org/wiki/Dart_(programming_language)
pl/dart,designed_by,Google,wikipedia,https://en.wikipedia.org/wiki/Dart_(programming_language)
pl/dart,designed_by,Lars Bak,wikipedia,https://en.wikipedia.org/wiki/Dart_(programming_language)
pl/dart,designed_by,Kasper Lund,wikipedia,https://en.wikipedia.org/wiki/Dart_(programming_language)
pl/dart,first_appeared,2011,wikipedia,https://en.wikipedia.org/wiki/Dart_(programming_language)
pl/dart,influenced_by,C,wikipedia,https://en.wikipedia.org/wiki/Dart_(programming_language)
pl/dart,influenced_by,C++,wikipedia,https://en.wikipedia.org/wiki/Dart_(programming_language)
pl/dart,influenced_by,C#,wikipedia,https://en.wikipedia.org/wiki/Dart_(programming_language)
pl/dart,influenced_by,Erlang,wikipedia,https://en.wikipedia.org/wiki/Dart_(programming_language)
pl/dart,influenced_by,Java,wikipedia,https://en.wikipedia.org/wiki/Dart_(programming_language)
pl/dart,influenced_by,JavaScript,wikipedia,https://en.wikipedia.org/wiki/Dart_(programming_language)
pl/dart,influenced_by,Ruby,wikipedia,https://en.wikipedia.org/wiki/Dart_(programming_language)
pl/dart,influenced_by,Swift,wikipedia,https://en.wikipedia.org/wiki/Dart_(programming_language)
pl/dart,influenced_by,Smalltalk,wikipedia,https://en.wikipedia.org/wiki/Dart_(programming_language)
pl/dart,influenced_by,Strongtalk,wikipedia,https://en.wikipedia.org/wiki/Dart_(programming_language)
pl/dart,influenced_by,TypeScript,wikipedia,https://en.wikipedia.org/wiki/Dart_(programming_language)
pl/dart,license,BSD,wikipedia,https://en.wikipedia.org/wiki/Dart_(programming_language)
pl/dart,homepage,http://dart.dev,wikipedia,https://en.wikipedia.org/wiki/Dart_(programming_language)
pl/dartmouth-oversimplified-programming-experiment,paradigms,procedural,wikipedia,https://en.wikipedia.org/wiki/Dartmouth_Oversimplified_Programming_Experiment
pl/dartmouth-oversimplified-programming-experiment,designed_by,Sidney Marshall,wikipedia,https://en.wikipedia.org/wiki/Dartmouth_Oversimplified_Programming_Experiment
pl/dartmouth-oversimplified-programming-experiment,designed_by,John G. Kemeny,wikipedia,https://en.wikipedia.org/wiki/Dartmouth_Oversimplified_Programming_Experiment
pl/dartmouth-oversimplified-programming-experiment,first_appeared,1962,wikipedia,https://en.wikipedia.org/wiki/Dartmouth_Oversimplified_Programming_Experiment
pl/dartmouth-oversimplified-programming-experiment,influenced_by,DARSIMCO,wikipedia,https://en.wikipedia.org/wiki/Dartmouth_Oversimplified_Programming_Experiment
pl/dartmouth-oversimplified-programming-experiment,influenced_by,DART,wikipedia,https://en.wikipedia.org/wiki/Dartmouth_Oversimplified_Programming_Experiment
pl/dartmouth-oversimplified-programming-experiment,influenced_by,Dartmouth ALGOL 30,wikipedia,https://en.wikipedia.org/wiki/Dartmouth_Oversimplified_Programming_Experiment
pl/dartmouth-oversimplified-programming-experiment,influenced_by,Fortran,wikipedia,https://en.wikipedia.org/wiki/Dartmouth_Oversimplified_Programming_Experiment
pl/dartmouth-oversimplified-programming-experiment,implementation_languages,Assembly,wikipedia,https://en.wikipedia.org/wiki/Dartmouth_Oversimplified_Programming_Experiment
pl/darwin-programming-language,paradigms,imperative,wikipedia,https://en.wikipedia.org/wiki/Darwin_(programming_language)
pl/darwin-programming-language,paradigms,structured,wikipedia,https://en.wikipedia.org/wiki/Darwin_(programming_language)
pl/darwin-programming-language,paradigms,object-oriented,wikipedia,https://en.wikipedia.org/wiki/Darwin_(programming_language)
pl/darwin-programming-language,typing,"dynamic, strong",wikipedia,https://en.wikipedia.org/wiki/Darwin_(programming_language)
pl/darwin-programming-language,designed_by,Gaston Gonnet,wikipedia,https://en.wikipedia.org/wiki/Darwin_(programming_language)
pl/darwin-programming-language,first_appeared,1991,wikipedia,https://en.wikipedia.org/wiki/Darwin_(programming_language)
pl/darwin-programming-language,influenced_by,Maple,wikipedia,https://en.wikipedia.org/wiki/Darwin_(programming_language)
pl/dash,designed_by,Moving Picture Experts Group,wikipedia,https://en.wikipedia.org/wiki/Dynamic_Adaptive_Streaming_over_HTTP
pl/dash,first_appeared,2012,wikipedia,https://en.wikipedia.org/wiki/Dynamic_Adaptive_Streaming_over_HTTP
pl/dasl,designed_by,Gene Hughes,wikipedia,https://en.wikipedia.org/wiki/Datapoint%27s_Advanced_Systems_Language
pl/dasl,first_appeared,1983,wikipedia,https://en.wikipedia.org/wiki/Datapoint%27s_Advanced_Systems_Language
pl/dasl,influenced_by,C (programming language) Pascal (programming language),wikipedia,https://en.wikipedia.org/wiki/Datapoint%27s_Advanced_Systems_Language
pl/dataflex,designed_by,Data Access Worldwide,wikipedia,https://en.wikipedia.org/wiki/DataFlex
pl/dataflex,license,Commercial proprietary software,wikipedia,https://en.wikipedia.org/wiki/DataFlex
pl/dataflex,homepage,http://www.DataAccess.com/DataFlex,wikipedia,https://en.wikipedia.org/wiki/DataFlex
pl/datalog,paradigms,logic,wikipedia,https://en.wikipedia.org/wiki/Datalog
pl/datalog,paradigms,declarative,wikipedia,https://en.wikipedia.org/wiki/Datalog
pl/datalog,typing,weak,wikipedia,https://en.wikipedia.org/wiki/Datalog
pl/datalog,first_appeared,1977,wikipedia,https://en.wikipedia.org/wiki/Datalog
pl/datalog,influenced_by,Prolog,wikipedia,https://en.wikipedia.org/wiki/Datalog
pl/datalog,homepage,https://datalog-specs.info,wikipedia,https://en.wikipedia.org/wiki/Datalog
pl/dbase,paradigms,imperative,wikipedia,https://en.wikipedia.org/wiki/DBase
pl/dbase,paradigms,declarative,wikipedia,https://en.wikipedia.org/wiki/DBase
pl/dbase,designed_by,Cecil Wayne Ratliff,wikipedia,https://en.wikipedia.org/wiki/DBase
pl/dbase,first_appeared,1979,wikipedia,https://en.wikipedia.org/wiki/DBase
pl/dbase,influenced_by,RETRIEVE,wikipedia,https://en.wikipedia.org/wiki/DBase
pl/dbase,influenced_by,JPLDIS,wikipedia,https://en.wikipedia.org/wiki/DBase
pl/dbase,license,Proprietary,wikipedia,https://en.wikipedia.org/wiki/DBase
pl/dbase,implementation_languages,C,wikipedia,https://en.wikipedia.org/wiki/DBase
pl/dbase,homepage,http://www.dbase.com,wikipedia,https://en.wikipedia.org/wiki/DBase
pl/deb,designed_by,Debian,wikipedia,https://en.wikipedia.org/wiki/Deb_(file_format)
pl/deb,homepage,https://manpages.debian.org/unstable/deb.5,wikipedia,https://en.wikipedia.org/wiki/Deb_(file_format)
pl/delphi,paradigms,imperative,wikipedia,https://en.wikipedia.org/wiki/Pascal_(programming_language)
pl/delphi,paradigms,structured,wikipedia,https://en.wikipedia.org/wiki/Pascal_(programming_language)
pl/delphi,typing,static,wikipedia,https://en.wikipedia.org/wiki/Pascal_(programming_language)
pl/delphi,designed_by,Niklaus Wirth,wikipedia,https://en.wikipedia.org/wiki/Pascal_(programming_language)
pl/delphi,first_appeared,1970,wikipedia,https://en.wikipedia.org/wiki/Pascal_(programming_language)
pl/delphi,influenced_by,ALGOL W,wikipedia,https://en.wikipedia.org/wiki/Pascal_(programming_language)
pl/delphi,influenced_by,Simula 67,wikipedia,https://en.wikipedia.org/wiki/Pascal_(programming_language)
pl/dexterity,paradigms,procedural,wikipedia,https://en.wikipedia.org/wiki/Dexterity_(programming_language)
pl/dexterity,designed_by,Great Plains Software,wikipedia,https://en.wikipedia.org/wiki/Dexterity_(programming_language)
pl/dexterity,designed_by,Microsoft,wikipedia,https://en.wikipedia.org/wiki/Dexterity_(programming_language)
pl/dexterity,license,Proprietary software,wikipedia,https://en.wikipedia.org/wiki/Dexterity_(programming_language)
pl/dibol,paradigms,procedural,wikipedia,https://en.wikipedia.org/wiki/DIBOL
pl/dibol,paradigms,imperative,wikipedia,https://en.wikipedia.org/wiki/DIBOL
pl/dibol,paradigms,structured,wikipedia,https://en.wikipedia.org/wiki/DIBOL
pl/dibol,typing,static,wikipedia,https://en.wikipedia.org/wiki/DIBOL
pl/dibol,designed_by,DEC,wikipedia,https://en.wikipedia.org/wiki/DIBOL
pl/dibol,first_appeared,1970,wikipedia,https://en.wikipedia.org/wiki/DIBOL
pl/dibol,influenced_by,BASIC,wikipedia,https://en.wikipedia.org/wiki/DIBOL
pl/dibol,influenced_by,Fortran,wikipedia,https://en.wikipedia.org/wiki/DIBOL
pl/dibol,influenced_by,COBOL,wikipedia,https://en.wikipedia.org/wiki/DIBOL
pl/digital-command-language,paradigms,imperative,wikipedia,https://en.wikipedia.org/wiki/DIGITAL_Command_Language
pl/digital-command-language,designed_by,VMS Software Inc. (VSI),wikipedia,https://en.wikipedia.org/wiki/DIGITAL_Command_Language
pl/digital-command-language,designed_by,Digital Equipment Corporation,wikipedia,https://en.wikipedia.org/wiki/DIGITAL_Command_Language
pl/digital-command-language,influenced_by,CCL,wikipedia,https://en.wikipedia.org/wiki/DIGITAL_Command_Language
pl/digital-command-language,influenced_by,MCR,wikipedia,https://en.wikipedia.org/wiki/DIGITAL_Command_Language
pl/dirac,designed_by,BBC Research,wikipedia,https://en.wikipedia.org/wiki/Dirac_(video_compression_format)
pl/dirac,designed_by,Development,wikipedia,https://en.wikipedia.org/wiki/Dirac_(video_compression_format)
pl/dirac,first_appeared,2008,wikipedia,https://en.wikipedia.org/wiki/Dirac_(video_compression_format)
pl/dirac,license,MPL 1.1,wikipedia,https://en.wikipedia.org/wiki/Dirac_(video_compression_format)
pl/dirac,homepage,https://sourceforge.net/projects/dirac,wikipedia,https://en.wikipedia.org/wiki/Dirac_(video_compression_format)
pl/djvu,designed_by,AT&T Labs – Research,wikipedia,https://en.wikipedia.org/wiki/DjVu
pl/djvu,first_appeared,1998,wikipedia,https://en.wikipedia.org/wiki/DjVu
pl/do,designed_by,StataCorp,wikipedia,https://en.wikipedia.org/wiki/Stata
pl/do,first_appeared,1985,wikipedia,https://en.wikipedia.org/wiki/Stata
pl/do,license,Proprietary,wikipedia,https://en.wikipedia.org/wiki/Stata
pl/do,homepage,https://www.stata.com/,wikipedia,https://en.wikipedia.org/wiki/Stata
pl/dolittle,paradigms,multi-paradigm: object-oriented,wikipedia,https://en.wikipedia.org/wiki/Dolittle_(programming_language)
pl/dolittle,designed_by,Osaka Electro-Communication University,wikipedia,https://en.wikipedia.org/wiki/Dolittle_(programming_language)
pl/dolittle,designed_by,KANEMUNE Susumu (兼宗進),wikipedia,https://en.wikipedia.org/wiki/Dolittle_(programming_language)
pl/dolittle,influenced_by,LOGO,wikipedia,https://en.wikipedia.org/wiki/Dolittle_(programming_language)
pl/dot,homepage,https://graphviz.org/doc/info/lang.html,wikipedia,https://en.wikipedia.org/wiki/DOT_(graph_description_language)
pl/drakon,paradigms,visual,wikipedia,https://en.wikipedia.org/wiki/DRAKON
pl/drakon,designed_by,Academician Pilyugin Center,wikipedia,https://en.wikipedia.org/wiki/DRAKON
pl/drakon,designed_by,Ministry of General Machine Building,wikipedia,https://en.wikipedia.org/wiki/DRAKON
pl/drakon,first_appeared,1996,wikipedia,https://en.wikipedia.org/wiki/DRAKON
pl/drakon,influenced_by,PROL2,wikipedia,https://en.wikipedia.org/wiki/DRAKON
pl/drakon,influenced_by,DIPOL,wikipedia,https://en.wikipedia.org/wiki/DRAKON
pl/drakon,influenced_by,LAKS,wikipedia,https://en.wikipedia.org/wiki/DRAKON
pl/drakon,homepage,https://drakon.su/start,wikipedia,https://en.wikipedia.org/wiki/DRAKON
pl/dsd,designed_by,Sony,wikipedia,https://en.wikipedia.org/wiki/Direct_Stream_Digital
pl/dsd,designed_by,1-bit Audio Consortium,wikipedia,https://en.wikipedia.org/wiki/Direct_Stream_Digital
pl/dsd,designed_by,Philips,wikipedia,https://en.wikipedia.org/wiki/Direct_Stream_Digital
pl/dsd,first_appeared,1999,wikipedia,https://en.wikipedia.org/wiki/Direct_Stream_Digital
pl/dsd,homepage,https://dsd-guide.com/sonys-dsf-file-format-spec,wikipedia,https://en.wikipedia.org/wiki/Direct_Stream_Digital
pl/dxf,designed_by,Autodesk,wikipedia,https://en.wikipedia.org/wiki/AutoCAD_DXF
pl/dxf,first_appeared,1982,wikipedia,https://en.wikipedia.org/wiki/AutoCAD_DXF
pl/dylan,paradigms,multi-paradigm: functional,wikipedia,https://en.wikipedia.org/wiki/Dylan_(programming_language)
pl/dylan,paradigms,object-oriented,wikipedia,https://en.wikipedia.org/wiki/Dylan_(programming_language)
pl/dylan,typing,"strong, gradual",wikipedia,https://en.wikipedia.org/wiki/Dylan_(programming_language)
pl/dylan,designed_by,Open Source Community Apple Computer,wikipedia,https://en.wikipedia.org/wiki/Dylan_(programming_language)
pl/dylan,designed_by,Harlequin,wikipedia,https://en.wikipedia.org/wiki/Dylan_(programming_language)
pl/dylan,designed_by,Carnegie Mellon University,wikipedia,https://en.wikipedia.org/wiki/Dylan_(programming_language)
pl/dylan,first_appeared,1992,wikipedia,https://en.wikipedia.org/wiki/Dylan_(programming_language)
pl/dylan,influenced_by,Common Lisp,wikipedia,https://en.wikipedia.org/wiki/Dylan_(programming_language)
pl/dylan,influenced_by,ALGOL,wikipedia,https://en.wikipedia.org/wiki/Dylan_(programming_language)
pl/dylan,influenced_by,Scheme,wikipedia,https://en.wikipedia.org/wiki/Dylan_(programming_language)
pl/dylan,influenced_by,EuLisp,wikipedia,https://en.wikipedia.org/wiki/Dylan_(programming_language)
pl/dylan,homepage,https://opendylan.org/,wikipedia,https://en.wikipedia.org/wiki/Dylan_(programming_language)
pl/e,paradigms,multi-paradigm: object-oriented,wikipedia,https://en.wikipedia.org/wiki/E_(programming_language)
pl/e,paradigms,message passing,wikipedia,https://en.wikipedia.org/wiki/E_(programming_language)
pl/e,typing,"strong, dynamic",wikipedia,https://en.wikipedia.org/wiki/E_(programming_language)
pl/e,designed_by,Mark S. Miller,wikipedia,https://en.wikipedia.org/wiki/E_(programming_language)
pl/e,first_appeared,1997,wikipedia,https://en.wikipedia.org/wiki/E_(programming_language)
pl/e,influenced_by,Joule,wikipedia,https://en.wikipedia.org/wiki/E_(programming_language)
pl/e,influenced_by,Original-E,wikipedia,https://en.wikipedia.org/wiki/E_(programming_language)
pl/e,influenced_by,Java,wikipedia,https://en.wikipedia.org/wiki/E_(programming_language)
pl/e,license,Portions in different free licenses,wikipedia,https://en.wikipedia.org/wiki/E_(programming_language)
pl/e,homepage,http://erights.org,wikipedia,https://en.wikipedia.org/wiki/E_(programming_language)
pl/e-programming-language,paradigms,multi-paradigm: object-oriented,wikipedia,https://en.wikipedia.org/wiki/E_(programming_language)
pl/e-programming-language,paradigms,message passing,wikipedia,https://en.wikipedia.org/wiki/E_(programming_language)
pl/e-programming-language,typing,"strong, dynamic",wikipedia,https://en.wikipedia.org/wiki/E_(programming_language)
pl/e-programming-language,designed_by,Mark S. Miller,wikipedia,https://en.wikipedia.org/wiki/E_(programming_language)
pl/e-programming-language,first_appeared,1997,wikipedia,https://en.wikipedia.org/wiki/E_(programming_language)
pl/e-programming-language,influenced_by,Joule,wikipedia,https://en.wikipedia.org/wiki/E_(programming_language)
pl/e-programming-language,influenced_by,Original-E,wikipedia,https://en.wikipedia.org/wiki/E_(programming_language)
pl/e-programming-language,influenced_by,Java,wikipedia,https://en.wikipedia.org/wiki/E_(programming_language)
pl/e-programming-language,license,Portions in different free licenses,wikipedia,https://en.wikipedia.org/wiki/E_(programming_language)
pl/e-programming-language,homepage,http://erights.org,wikipedia,https://en.wikipedia.org/wiki/E_(programming_language)
pl/ease,paradigms,concurrent,wikipedia,https://en.wikipedia.org/wiki/Ease_(programming_language)
pl/ease,paradigms,communicating sequential processes,wikipedia,https://en.wikipedia.org/wiki/Ease_(programming_language)
pl/ease,typing,strong,wikipedia,https://en.wikipedia.org/wiki/Ease_(programming_language)
pl/ease,designed_by,Steven Ericsson-Zenith,wikipedia,https://en.wikipedia.org/wiki/Ease_(programming_language)
pl/ease,first_appeared,1991,wikipedia,https://en.wikipedia.org/wiki/Ease_(programming_language)
pl/ease,influenced_by,occam,wikipedia,https://en.wikipedia.org/wiki/Ease_(programming_language)
pl/easylanguage,influenced_by,Pascal,wikipedia,https://en.wikipedia.org/wiki/EasyLanguage
pl/ecl,paradigms,declarative,wikipedia,https://en.wikipedia.org/wiki/ECL_(data-centric_programming_language)
pl/ecl,paradigms,structured,wikipedia,https://en.wikipedia.org/wiki/ECL_(data-centric_programming_language)
pl/ecl,paradigms,data-centric,wikipedia,https://en.wikipedia.org/wiki/ECL_(data-centric_programming_language)
pl/ecl,typing,"static, strong, safe",wikipedia,https://en.wikipedia.org/wiki/ECL_(data-centric_programming_language)
pl/ecl,designed_by,HPCC Systems®,wikipedia,https://en.wikipedia.org/wiki/ECL_(data-centric_programming_language)
pl/ecl,designed_by,LexisNexis Risk Solutions,wikipedia,https://en.wikipedia.org/wiki/ECL_(data-centric_programming_language)
pl/ecl,first_appeared,2000,wikipedia,https://en.wikipedia.org/wiki/ECL_(data-centric_programming_language)
pl/ecl,influenced_by,Prolog,wikipedia,https://en.wikipedia.org/wiki/ECL_(data-centric_programming_language)
pl/ecl,influenced_by,Pascal,wikipedia,https://en.wikipedia.org/wiki/ECL_(data-centric_programming_language)
pl/ecl,influenced_by,SQL,wikipedia,https://en.wikipedia.org/wiki/ECL_(data-centric_programming_language)
pl/ecl,influenced_by,Snobol4,wikipedia,https://en.wikipedia.org/wiki/ECL_(data-centric_programming_language)
pl/ecl,influenced_by,C++,wikipedia,https://en.wikipedia.org/wiki/ECL_(data-centric_programming_language)
pl/ecl,influenced_by,Clarion,wikipedia,https://en.wikipedia.org/wiki/ECL_(data-centric_programming_language)
pl/ecl,homepage,http://hpccsystems.com/,wikipedia,https://en.wikipedia.org/wiki/ECL_(data-centric_programming_language)
pl/eclipse,paradigms,logic,wikipedia,https://en.wikipedia.org/wiki/Prolog
pl/eclipse,typing,"untyped (its single data type is ""term"")",wikipedia,https://en.wikipedia.org/wiki/Prolog
pl/eclipse,designed_by,Alain Colmerauer,wikipedia,https://en.wikipedia.org/wiki/Prolog
pl/eclipse,first_appeared,1972,wikipedia,https://en.wikipedia.org/wiki/Prolog
pl/eclipse,influenced_by,Planner,wikipedia,https://en.wikipedia.org/wiki/Prolog
pl/eclipse,homepage,https://www.iso.org/standard/21413.html,wikipedia,https://en.wikipedia.org/wiki/Prolog
pl/ecmarkup,designed_by,WHATWG,wikipedia,https://en.wikipedia.org/wiki/HTML
pl/ecmarkup,designed_by,World Wide Web Consortium (W3C,wikipedia,https://en.wikipedia.org/wiki/HTML
pl/ecmarkup,designed_by,formerly),wikipedia,https://en.wikipedia.org/wiki/HTML
pl/ecmarkup,first_appeared,1993,wikipedia,https://en.wikipedia.org/wiki/HTML
pl/ecmarkup,homepage,https://html.spec.whatwg.org/,wikipedia,https://en.wikipedia.org/wiki/HTML
pl/editorconfig,homepage,https://editorconfig.org/,wikipedia,https://en.wikipedia.org/wiki/EditorConfig
pl/eff,paradigms,multi-paradigm: functional,wikipedia,https://en.wikipedia.org/wiki/Eff_(programming_language)
pl/eff,paradigms,imperative,wikipedia,https://en.wikipedia.org/wiki/Eff_(programming_language)
pl/eff,designed_by,Andrej Bauer,wikipedia,https://en.wikipedia.org/wiki/Eff_(programming_language)
pl/eff,designed_by,Matija Pretnar,wikipedia,https://en.wikipedia.org/wiki/Eff_(programming_language)
pl/eff,first_appeared,2012,wikipedia,https://en.wikipedia.org/wiki/Eff_(programming_language)
pl/eff,influenced_by,OCaml,wikipedia,https://en.wikipedia.org/wiki/Eff_(programming_language)
pl/eff,license,BSD 2-clause,wikipedia,https://en.wikipedia.org/wiki/Eff_(programming_language)
pl/eff,implementation_languages,OCaml,wikipedia,https://en.wikipedia.org/wiki/Eff_(programming_language)
pl/eff,homepage,http://www.eff-lang.org,wikipedia,https://en.wikipedia.org/wiki/Eff_(programming_language)
pl/egl,designed_by,IBM,wikipedia,https://en.wikipedia.org/wiki/EGL_(programming_language)
pl/egl,license,Eclipse Public License,wikipedia,https://en.wikipedia.org/wiki/EGL_(programming_language)
pl/egl,homepage,https://www.eclipse.org/edt/,wikipedia,https://en.wikipedia.org/wiki/EGL_(programming_language)
pl/eiffel,paradigms,multi-paradigm: object-oriented,wikipedia,https://en.wikipedia.org/wiki/Eiffel_(programming_language)
pl/eiffel,paradigms,class-based,wikipedia,https://en.wikipedia.org/wiki/Eiffel_(programming_language)
pl/eiffel,paradigms,generic,wikipedia,https://en.wikipedia.org/wiki/Eiffel_(programming_language)
pl/eiffel,paradigms,concurrent,wikipedia,https://en.wikipedia.org/wiki/Eiffel_(programming_language)
pl/eiffel,typing,static,wikipedia,https://en.wikipedia.org/wiki/Eiffel_(programming_language)
pl/eiffel,designed_by,Eiffel Software,wikipedia,https://en.wikipedia.org/wiki/Eiffel_(programming_language)
pl/eiffel,designed_by,Bertrand Meyer,wikipedia,https://en.wikipedia.org/wiki/Eiffel_(programming_language)
pl/eiffel,first_appeared,1986,wikipedia,https://en.wikipedia.org/wiki/Eiffel_(programming_language)
pl/eiffel,influenced_by,Ada,wikipedia,https://en.wikipedia.org/wiki/Eiffel_(programming_language)
pl/eiffel,influenced_by,Simula,wikipedia,https://en.wikipedia.org/wiki/Eiffel_(programming_language)
pl/eiffel,influenced_by,Z,wikipedia,https://en.wikipedia.org/wiki/Eiffel_(programming_language)
pl/eiffel,license,dual and enterprise,wikipedia,https://en.wikipedia.org/wiki/Eiffel_(programming_language)
pl/eiffel,implementation_languages,Eiffel,wikipedia,https://en.wikipedia.org/wiki/Eiffel_(programming_language)
pl/eiffel,homepage,http://eiffel.org,wikipedia,https://en.wikipedia.org/wiki/Eiffel_(programming_language)
pl/elan,paradigms,procedural,wikipedia,https://en.wikipedia.org/wiki/ELAN_(programming_language)
pl/elan,paradigms,structured,wikipedia,https://en.wikipedia.org/wiki/ELAN_(programming_language)
pl/elan,typing,"static, strong",wikipedia,https://en.wikipedia.org/wiki/ELAN_(programming_language)
pl/elan,designed_by,Technische Universität Berlin,wikipedia,https://en.wikipedia.org/wiki/ELAN_(programming_language)
pl/elan,designed_by,C.H.A. Koster,wikipedia,https://en.wikipedia.org/wiki/ELAN_(programming_language)
pl/elan,designed_by,et al,wikipedia,https://en.wikipedia.org/wiki/ELAN_(programming_language)
pl/elan,first_appeared,1974,wikipedia,https://en.wikipedia.org/wiki/ELAN_(programming_language)
pl/elan,influenced_by,ALGOL 68,wikipedia,https://en.wikipedia.org/wiki/ELAN_(programming_language)
pl/elan,homepage,http://www.cs.ru.nl/elan,wikipedia,https://en.wikipedia.org/wiki/ELAN_(programming_language)
pl/elan-programming-language,paradigms,procedural,wikipedia,https://en.wikipedia.org/wiki/ELAN_(programming_language)
pl/elan-programming-language,paradigms,structured,wikipedia,https://en.wikipedia.org/wiki/ELAN_(programming_language)
pl/elan-programming-language,typing,"static, strong",wikipedia,https://en.wikipedia.org/wiki/ELAN_(programming_language)
pl/elan-programming-language,designed_by,Technische Universität Berlin,wikipedia,https://en.wikipedia.org/wiki/ELAN_(programming_language)
pl/elan-programming-language,designed_by,C.H.A. Koster,wikipedia,https://en.wikipedia.org/wiki/ELAN_(programming_language)
pl/elan-programming-language,designed_by,et al,wikipedia,https://en.wikipedia.org/wiki/ELAN_(programming_language)
pl/elan-programming-language,first_appeared,1974,wikipedia,https://en.wikipedia.org/wiki/ELAN_(programming_language)
pl/elan-programming-language,influenced_by,ALGOL 68,wikipedia,https://en.wikipedia.org/wiki/ELAN_(programming_language)
pl/elan-programming-language,homepage,http://www.cs.ru.nl/elan,wikipedia,https://en.wikipedia.org/wiki/ELAN_(programming_language)
pl/elf,designed_by,Unix System Laboratories: 3,wikipedia,https://en.wikipedia.org/wiki/Executable_and_Linkable_Format
pl/elf,first_appeared,1998,wikipedia,https://en.wikipedia.org/wiki/Executable_and_Linkable_Format
pl/elixir,paradigms,multi-paradigm: functional,wikipedia,https://en.wikipedia.org/wiki/Elixir_(programming_language)
pl/elixir,paradigms,concurrent,wikipedia,https://en.wikipedia.org/wiki/Elixir_(programming_language)
pl/elixir,paradigms,distributed,wikipedia,https://en.wikipedia.org/wiki/Elixir_(programming_language)
pl/elixir,paradigms,process-oriented,wikipedia,https://en.wikipedia.org/wiki/Elixir_(programming_language)
pl/elixir,typing,"dynamic, strong",wikipedia,https://en.wikipedia.org/wiki/Elixir_(programming_language)
pl/elixir,designed_by,José Valim,wikipedia,https://en.wikipedia.org/wiki/Elixir_(programming_language)
pl/elixir,first_appeared,2012,wikipedia,https://en.wikipedia.org/wiki/Elixir_(programming_language)
pl/elixir,influenced_by,Clojure,wikipedia,https://en.wikipedia.org/wiki/Elixir_(programming_language)
pl/elixir,influenced_by,Erlang,wikipedia,https://en.wikipedia.org/wiki/Elixir_(programming_language)
pl/elixir,influenced_by,Ruby,wikipedia,https://en.wikipedia.org/wiki/Elixir_(programming_language)
pl/elixir,license,Apache License 2.0,wikipedia,https://en.wikipedia.org/wiki/Elixir_(programming_language)
pl/elixir,homepage,https://elixir-lang.org,wikipedia,https://en.wikipedia.org/wiki/Elixir_(programming_language)
pl/elixir-programming-language,paradigms,multi-paradigm: functional,wikipedia,https://en.wikipedia.org/wiki/Elixir_(programming_language)
pl/elixir-programming-language,paradigms,concurrent,wikipedia,https://en.wikipedia.org/wiki/Elixir_(programming_language)
pl/elixir-programming-language,paradigms,distributed,wikipedia,https://en.wikipedia.org/wiki/Elixir_(programming_language)
pl/elixir-programming-language,paradigms,process-oriented,wikipedia,https://en.wikipedia.org/wiki/Elixir_(programming_language)
pl/elixir-programming-language,typing,"dynamic, strong",wikipedia,https://en.wikipedia.org/wiki/Elixir_(programming_language)
pl/elixir-programming-language,designed_by,José Valim,wikipedia,https://en.wikipedia.org/wiki/Elixir_(programming_language)
pl/elixir-programming-language,first_appeared,2012,wikipedia,https://en.wikipedia.org/wiki/Elixir_(programming_language)
pl/elixir-programming-language,influenced_by,Clojure,wikipedia,https://en.wikipedia.org/wiki/Elixir_(programming_language)
pl/elixir-programming-language,influenced_by,Erlang,wikipedia,https://en.wikipedia.org/wiki/Elixir_(programming_language)
pl/elixir-programming-language,influenced_by,Ruby,wikipedia,https://en.wikipedia.org/wiki/Elixir_(programming_language)
pl/elixir-programming-language,license,Apache License 2.0,wikipedia,https://en.wikipedia.org/wiki/Elixir_(programming_language)
pl/elixir-programming-language,homepage,https://elixir-lang.org,wikipedia,https://en.wikipedia.org/wiki/Elixir_(programming_language)
pl/elm,paradigms,functional,wikipedia,https://en.wikipedia.org/wiki/Elm_(programming_language)
pl/elm,typing,"static, strong, inferred",wikipedia,https://en.wikipedia.org/wiki/Elm_(programming_language)
pl/elm,designed_by,Evan Czaplicki,wikipedia,https://en.wikipedia.org/wiki/Elm_(programming_language)
pl/elm,first_appeared,2012,wikipedia,https://en.wikipedia.org/wiki/Elm_(programming_language)
pl/elm,influenced_by,Haskell,wikipedia,https://en.wikipedia.org/wiki/Elm_(programming_language)
pl/elm,influenced_by,Standard ML,wikipedia,https://en.wikipedia.org/wiki/Elm_(programming_language)
pl/elm,influenced_by,OCaml,wikipedia,https://en.wikipedia.org/wiki/Elm_(programming_language)
pl/elm,influenced_by,F#,wikipedia,https://en.wikipedia.org/wiki/Elm_(programming_language)
pl/elm,license,Permissive (Revised BSD),wikipedia,https://en.wikipedia.org/wiki/Elm_(programming_language)
pl/elm,homepage,https://elm-lang.org/,wikipedia,https://en.wikipedia.org/wiki/Elm_(programming_language)
pl/emacs-lisp,paradigms,functional,wikipedia,https://en.wikipedia.org/wiki/Emacs_Lisp
pl/emacs-lisp,paradigms,meta,wikipedia,https://en.wikipedia.org/wiki/Emacs_Lisp
pl/emacs-lisp,paradigms,reflective,wikipedia,https://en.wikipedia.org/wiki/Emacs_Lisp
pl/emacs-lisp,typing,"dynamic, strong",wikipedia,https://en.wikipedia.org/wiki/Emacs_Lisp
pl/emacs-lisp,designed_by,GNU Project,wikipedia,https://en.wikipedia.org/wiki/Emacs_Lisp
pl/emacs-lisp,designed_by,Richard Stallman,wikipedia,https://en.wikipedia.org/wiki/Emacs_Lisp
pl/emacs-lisp,designed_by,Guy L. Steele,wikipedia,https://en.wikipedia.org/wiki/Emacs_Lisp
pl/emacs-lisp,designed_by,Jr,wikipedia,https://en.wikipedia.org/wiki/Emacs_Lisp
pl/emacs-lisp,first_appeared,1985,wikipedia,https://en.wikipedia.org/wiki/Emacs_Lisp
pl/emacs-lisp,influenced_by,Common Lisp,wikipedia,https://en.wikipedia.org/wiki/Emacs_Lisp
pl/emacs-lisp,influenced_by,Maclisp,wikipedia,https://en.wikipedia.org/wiki/Emacs_Lisp
pl/emacs-lisp,license,GPLv3,wikipedia,https://en.wikipedia.org/wiki/Emacs_Lisp
pl/emacs-lisp,homepage,https://www.gnu.org/software/emacs/,wikipedia,https://en.wikipedia.org/wiki/Emacs_Lisp
pl/emerald,paradigms,object-oriented,wikipedia,https://en.wikipedia.org/wiki/Emerald_(programming_language)
pl/emerald,typing,"strong, static",wikipedia,https://en.wikipedia.org/wiki/Emerald_(programming_language)
pl/emerald,designed_by,Andrew P. Black,wikipedia,https://en.wikipedia.org/wiki/Emerald_(programming_language)
pl/emerald,designed_by,Norman C. Hutchinson,wikipedia,https://en.wikipedia.org/wiki/Emerald_(programming_language)
pl/emerald,designed_by,Eric B. Jul,wikipedia,https://en.wikipedia.org/wiki/Emerald_(programming_language)
pl/emerald,designed_by,Henry M. Levy,wikipedia,https://en.wikipedia.org/wiki/Emerald_(programming_language)
pl/emerald,first_appeared,1980s,wikipedia,https://en.wikipedia.org/wiki/Emerald_(programming_language)
pl/emerald,influenced_by,Pascal,wikipedia,https://en.wikipedia.org/wiki/Emerald_(programming_language)
pl/emerald,influenced_by,Simula,wikipedia,https://en.wikipedia.org/wiki/Emerald_(programming_language)
pl/emerald,influenced_by,Smalltalk,wikipedia,https://en.wikipedia.org/wiki/Emerald_(programming_language)
pl/emerald,homepage,http://www.emeraldprogramminglanguage.org,wikipedia,https://en.wikipedia.org/wiki/Emerald_(programming_language)
pl/epigram,paradigms,functional,wikipedia,https://en.wikipedia.org/wiki/Epigram_(programming_language)
pl/epigram,typing,"strong, static, dependent",wikipedia,https://en.wikipedia.org/wiki/Epigram_(programming_language)
pl/epigram,designed_by,Unmaintained,wikipedia,https://en.wikipedia.org/wiki/Epigram_(programming_language)
pl/epigram,designed_by,Conor McBride James McKinna,wikipedia,https://en.wikipedia.org/wiki/Epigram_(programming_language)
pl/epigram,first_appeared,2004,wikipedia,https://en.wikipedia.org/wiki/Epigram_(programming_language)
pl/epigram,influenced_by,ALF,wikipedia,https://en.wikipedia.org/wiki/Epigram_(programming_language)
pl/epigram,license,MIT,wikipedia,https://en.wikipedia.org/wiki/Epigram_(programming_language)
pl/epigram,homepage,https://web.archive.org/web/20120717070845/http://www.e-pig.org/darcs/Pig09/web/,wikipedia,https://en.wikipedia.org/wiki/Epigram_(programming_language)
pl/epub,designed_by,International Digital Publishing Forum (IDPF),wikipedia,https://en.wikipedia.org/wiki/EPUB
pl/epub,first_appeared,2007,wikipedia,https://en.wikipedia.org/wiki/EPUB
pl/epub,homepage,https://www.w3.org/publishing/epub3/,wikipedia,https://en.wikipedia.org/wiki/EPUB
pl/erlang,paradigms,multi-paradigm: concurrent,wikipedia,https://en.wikipedia.org/wiki/Erlang_(programming_language)
pl/erlang,paradigms,functional,wikipedia,https://en.wikipedia.org/wiki/Erlang_(programming_language)
pl/erlang,typing,"dynamic, strong",wikipedia,https://en.wikipedia.org/wiki/Erlang_(programming_language)
pl/erlang,designed_by,Ericsson,wikipedia,https://en.wikipedia.org/wiki/Erlang_(programming_language)
pl/erlang,designed_by,Joe Armstrong,wikipedia,https://en.wikipedia.org/wiki/Erlang_(programming_language)
pl/erlang,designed_by,Robert Virding,wikipedia,https://en.wikipedia.org/wiki/Erlang_(programming_language)
pl/erlang,designed_by,Mike Williams,wikipedia,https://en.wikipedia.org/wiki/Erlang_(programming_language)
pl/erlang,first_appeared,1986,wikipedia,https://en.wikipedia.org/wiki/Erlang_(programming_language)
pl/erlang,influenced_by,Lisp,wikipedia,https://en.wikipedia.org/wiki/Erlang_(programming_language)
pl/erlang,influenced_by,PLEX,wikipedia,https://en.wikipedia.org/wiki/Erlang_(programming_language)
pl/erlang,influenced_by,Prolog,wikipedia,https://en.wikipedia.org/wiki/Erlang_(programming_language)
pl/erlang,influenced_by,Smalltalk,wikipedia,https://en.wikipedia.org/wiki/Erlang_(programming_language)
pl/erlang,license,Apache License 2.0,wikipedia,https://en.wikipedia.org/wiki/Erlang_(programming_language)
pl/erlang,homepage,https://www.erlang.org,wikipedia,https://en.wikipedia.org/wiki/Erlang_(programming_language)
pl/erlang-programming-language,paradigms,multi-paradigm: concurrent,wikipedia,https://en.wikipedia.org/wiki/Erlang_(programming_language)
pl/erlang-programming-language,paradigms,functional,wikipedia,https://en.wikipedia.org/wiki/Erlang_(programming_language)
pl/erlang-programming-language,typing,"dynamic, strong",wikipedia,https://en.wikipedia.org/wiki/Erlang_(programming_language)
pl/erlang-programming-language,designed_by,Ericsson,wikipedia,https://en.wikipedia.org/wiki/Erlang_(programming_language)
pl/erlang-programming-language,designed_by,Joe Armstrong,wikipedia,https://en.wikipedia.org/wiki/Erlang_(programming_language)
pl/erlang-programming-language,designed_by,Robert Virding,wikipedia,https://en.wikipedia.org/wiki/Erlang_(programming_language)
pl/erlang-programming-language,designed_by,Mike Williams,wikipedia,https://en.wikipedia.org/wiki/Erlang_(programming_language)
pl/erlang-programming-language,first_appeared,1986,wikipedia,https://en.wikipedia.org/wiki/Erlang_(programming_language)
pl/erlang-programming-language,influenced_by,Lisp,wikipedia,https://en.wikipedia.org/wiki/Erlang_(programming_language)
pl/erlang-programming-language,influenced_by,PLEX,wikipedia,https://en.wikipedia.org/wiki/Erlang_(programming_language)
pl/erlang-programming-language,influenced_by,Prolog,wikipedia,https://en.wikipedia.org/wiki/Erlang_(programming_language)
pl/erlang-programming-language,influenced_by,Smalltalk,wikipedia,https://en.wikipedia.org/wiki/Erlang_(programming_language)
pl/erlang-programming-language,license,Apache License 2.0,wikipedia,https://en.wikipedia.org/wiki/Erlang_(programming_language)
pl/erlang-programming-language,homepage,https://www.erlang.org,wikipedia,https://en.wikipedia.org/wiki/Erlang_(programming_language)
pl/esterel,paradigms,imperative,wikipedia,https://en.wikipedia.org/wiki/Esterel
pl/esterel,paradigms,synchronous,wikipedia,https://en.wikipedia.org/wiki/Esterel
pl/esterel,designed_by,Inria,wikipedia,https://en.wikipedia.org/wiki/Esterel
pl/esterel,designed_by,Gérard Berry,wikipedia,https://en.wikipedia.org/wiki/Esterel
pl/esterel,first_appeared,1980s,wikipedia,https://en.wikipedia.org/wiki/Esterel
pl/esterel,homepage,http://www.esterel.org/,wikipedia,https://en.wikipedia.org/wiki/Esterel
pl/etoys,paradigms,object-oriented prototype-based,wikipedia,https://en.wikipedia.org/wiki/Etoys_(programming_language)
pl/etoys,paradigms,educational,wikipedia,https://en.wikipedia.org/wiki/Etoys_(programming_language)
pl/etoys,typing,dynamic,wikipedia,https://en.wikipedia.org/wiki/Etoys_(programming_language)
pl/etoys,designed_by,Scott Wallace,wikipedia,https://en.wikipedia.org/wiki/Etoys_(programming_language)
pl/etoys,designed_by,Ted Kaehler,wikipedia,https://en.wikipedia.org/wiki/Etoys_(programming_language)
pl/etoys,designed_by,John Maloney,wikipedia,https://en.wikipedia.org/wiki/Etoys_(programming_language)
pl/etoys,designed_by,Andreas Raab,wikipedia,https://en.wikipedia.org/wiki/Etoys_(programming_language)
pl/etoys,designed_by,Dan Ingalls,wikipedia,https://en.wikipedia.org/wiki/Etoys_(programming_language)
pl/etoys,designed_by,Alan Kay,wikipedia,https://en.wikipedia.org/wiki/Etoys_(programming_language)
pl/etoys,first_appeared,1996,wikipedia,https://en.wikipedia.org/wiki/Etoys_(programming_language)
pl/etoys,influenced_by,Logo,wikipedia,https://en.wikipedia.org/wiki/Etoys_(programming_language)
pl/etoys,influenced_by,Smalltalk,wikipedia,https://en.wikipedia.org/wiki/Etoys_(programming_language)
pl/etoys,influenced_by,HyperCard,wikipedia,https://en.wikipedia.org/wiki/Etoys_(programming_language)
pl/etoys,influenced_by,StarLogo,wikipedia,https://en.wikipedia.org/wiki/Etoys_(programming_language)
pl/etoys,influenced_by,AgentSheets,wikipedia,https://en.wikipedia.org/wiki/Etoys_(programming_language)
pl/etoys,license,MIT and Apache 2.0 licenses,wikipedia,https://en.wikipedia.org/wiki/Etoys_(programming_language)
pl/etoys,homepage,http://www.squeakland.org/,wikipedia,https://en.wikipedia.org/wiki/Etoys_(programming_language)
pl/euclid,paradigms,multi-paradigm: structured,wikipedia,https://en.wikipedia.org/wiki/Euclid_(programming_language)
pl/euclid,paradigms,imperative,wikipedia,https://en.wikipedia.org/wiki/Euclid_(programming_language)
pl/euclid,paradigms,functional,wikipedia,https://en.wikipedia.org/wiki/Euclid_(programming_language)
pl/euclid,typing,"strong, static",wikipedia,https://en.wikipedia.org/wiki/Euclid_(programming_language)
pl/euclid,designed_by,Ric Holt,wikipedia,https://en.wikipedia.org/wiki/Euclid_(programming_language)
pl/euclid,designed_by,James Cordy,wikipedia,https://en.wikipedia.org/wiki/Euclid_(programming_language)
pl/euclid,designed_by,Butler Lampson,wikipedia,https://en.wikipedia.org/wiki/Euclid_(programming_language)
pl/euclid,designed_by,James G. Mitchell,wikipedia,https://en.wikipedia.org/wiki/Euclid_(programming_language)
pl/euclid,designed_by,Jim Horning,wikipedia,https://en.wikipedia.org/wiki/Euclid_(programming_language)
pl/euclid,designed_by,Ralph L. London,wikipedia,https://en.wikipedia.org/wiki/Euclid_(programming_language)
pl/euclid,designed_by,Gerald J. Popek,wikipedia,https://en.wikipedia.org/wiki/Euclid_(programming_language)
pl/euclid,first_appeared,1970s,wikipedia,https://en.wikipedia.org/wiki/Euclid_(programming_language)
pl/euclid,influenced_by,Pascal,wikipedia,https://en.wikipedia.org/wiki/Euclid_(programming_language)
pl/euclid,influenced_by,Mesa,wikipedia,https://en.wikipedia.org/wiki/Euclid_(programming_language)
pl/euclid,influenced_by,Alphard,wikipedia,https://en.wikipedia.org/wiki/Euclid_(programming_language)
pl/euclid,influenced_by,CLU,wikipedia,https://en.wikipedia.org/wiki/Euclid_(programming_language)
pl/euclid,influenced_by,Gypsy,wikipedia,https://en.wikipedia.org/wiki/Euclid_(programming_language)
pl/euclid,influenced_by,BCPL,wikipedia,https://en.wikipedia.org/wiki/Euclid_(programming_language)
pl/euclid,influenced_by,Modula,wikipedia,https://en.wikipedia.org/wiki/Euclid_(programming_language)
pl/euclid,influenced_by,LIS,wikipedia,https://en.wikipedia.org/wiki/Euclid_(programming_language)
pl/euclid,influenced_by,SUE,wikipedia,https://en.wikipedia.org/wiki/Euclid_(programming_language)
pl/euler,paradigms,multi-paradigm: procedural,wikipedia,https://en.wikipedia.org/wiki/Euler_(programming_language)
pl/euler,paradigms,imperative,wikipedia,https://en.wikipedia.org/wiki/Euler_(programming_language)
pl/euler,paradigms,structured,wikipedia,https://en.wikipedia.org/wiki/Euler_(programming_language)
pl/euler,typing,dynamic,wikipedia,https://en.wikipedia.org/wiki/Euler_(programming_language)
pl/euler,designed_by,Stanford University ETH Zurich,wikipedia,https://en.wikipedia.org/wiki/Euler_(programming_language)
pl/euler,designed_by,Niklaus Wirth Helmut Weber,wikipedia,https://en.wikipedia.org/wiki/Euler_(programming_language)
pl/euler,first_appeared,1965,wikipedia,https://en.wikipedia.org/wiki/Euler_(programming_language)
pl/euler,influenced_by,ALGOL 60,wikipedia,https://en.wikipedia.org/wiki/Euler_(programming_language)
pl/eulisp,paradigms,multi-paradigm: functional,wikipedia,https://en.wikipedia.org/wiki/EuLisp
pl/eulisp,paradigms,procedural,wikipedia,https://en.wikipedia.org/wiki/EuLisp
pl/eulisp,paradigms,meta,wikipedia,https://en.wikipedia.org/wiki/EuLisp
pl/eulisp,paradigms,object-oriented,wikipedia,https://en.wikipedia.org/wiki/EuLisp
pl/eulisp,typing,"strong, dynamic",wikipedia,https://en.wikipedia.org/wiki/EuLisp
pl/eulisp,first_appeared,1990,wikipedia,https://en.wikipedia.org/wiki/EuLisp
pl/eulisp,influenced_by,Common Lisp,wikipedia,https://en.wikipedia.org/wiki/EuLisp
pl/eulisp,influenced_by,InterLisp,wikipedia,https://en.wikipedia.org/wiki/EuLisp
pl/eulisp,influenced_by,LeLisp,wikipedia,https://en.wikipedia.org/wiki/EuLisp
pl/eulisp,influenced_by,Lisp/VM,wikipedia,https://en.wikipedia.org/wiki/EuLisp
pl/eulisp,influenced_by,Scheme,wikipedia,https://en.wikipedia.org/wiki/EuLisp
pl/eulisp,influenced_by,T,wikipedia,https://en.wikipedia.org/wiki/EuLisp
pl/eulisp,influenced_by,CLOS,wikipedia,https://en.wikipedia.org/wiki/EuLisp
pl/eulisp,influenced_by,ObjVlisp,wikipedia,https://en.wikipedia.org/wiki/EuLisp
pl/eulisp,influenced_by,Oaklisp,wikipedia,https://en.wikipedia.org/wiki/EuLisp
pl/eulisp,influenced_by,MicroCeyx,wikipedia,https://en.wikipedia.org/wiki/EuLisp
pl/eulisp,influenced_by,MCS,wikipedia,https://en.wikipedia.org/wiki/EuLisp
pl/eulisp,influenced_by,Standard ML,wikipedia,https://en.wikipedia.org/wiki/EuLisp
pl/eulisp,influenced_by,Haskell,wikipedia,https://en.wikipedia.org/wiki/EuLisp
pl/euphoria,paradigms,multi-paradigm: functional,wikipedia,https://en.wikipedia.org/wiki/Elixir_(programming_language)
pl/euphoria,paradigms,concurrent,wikipedia,https://en.wikipedia.org/wiki/Elixir_(programming_language)
pl/euphoria,paradigms,distributed,wikipedia,https://en.wikipedia.org/wiki/Elixir_(programming_language)
pl/euphoria,paradigms,process-oriented,wikipedia,https://en.wikipedia.org/wiki/Elixir_(programming_language)
pl/euphoria,typing,"dynamic, strong",wikipedia,https://en.wikipedia.org/wiki/Elixir_(programming_language)
pl/euphoria,designed_by,José Valim,wikipedia,https://en.wikipedia.org/wiki/Elixir_(programming_language)
pl/euphoria,first_appeared,2012,wikipedia,https://en.wikipedia.org/wiki/Elixir_(programming_language)
pl/euphoria,influenced_by,Clojure,wikipedia,https://en.wikipedia.org/wiki/Elixir_(programming_language)
pl/euphoria,influenced_by,Erlang,wikipedia,https://en.wikipedia.org/wiki/Elixir_(programming_language)
pl/euphoria,influenced_by,Ruby,wikipedia,https://en.wikipedia.org/wiki/Elixir_(programming_language)
pl/euphoria,license,Apache License 2.0,wikipedia,https://en.wikipedia.org/wiki/Elixir_(programming_language)
pl/euphoria,homepage,https://elixir-lang.org,wikipedia,https://en.wikipedia.org/wiki/Elixir_(programming_language)
pl/expect,designed_by,Nils Carlson,wikipedia,https://en.wikipedia.org/wiki/Expect
pl/expect,license,Public domain,wikipedia,https://en.wikipedia.org/wiki/Expect
pl/expect,homepage,https://core.tcl-lang.org/expect/,wikipedia,https://en.wikipedia.org/wiki/Expect
pl/extempore,paradigms,functional,wikipedia,https://en.wikipedia.org/wiki/Extempore_(software)
pl/extempore,paradigms,multi-paradigm,wikipedia,https://en.wikipedia.org/wiki/Extempore_(software)
pl/extempore,typing,dynamic & static,wikipedia,https://en.wikipedia.org/wiki/Extempore_(software)
pl/extempore,designed_by,Andrew Sorensen,wikipedia,https://en.wikipedia.org/wiki/Extempore_(software)
pl/extempore,first_appeared,2011,wikipedia,https://en.wikipedia.org/wiki/Extempore_(software)
pl/extempore,influenced_by,Lisp,wikipedia,https://en.wikipedia.org/wiki/Extempore_(software)
pl/extempore,influenced_by,Impromptu,wikipedia,https://en.wikipedia.org/wiki/Extempore_(software)
pl/extempore,influenced_by,Scheme,wikipedia,https://en.wikipedia.org/wiki/Extempore_(software)
pl/extempore,license,3-clause BSD,wikipedia,https://en.wikipedia.org/wiki/Extempore_(software)
pl/extempore,homepage,https://github.com/digego/extempore,wikipedia,https://en.wikipedia.org/wiki/Extempore_(software)
pl/ezhil,paradigms,interpreted,wikipedia,https://en.wikipedia.org/wiki/Ezhil_(programming_language)
pl/ezhil,paradigms,imperative,wikipedia,https://en.wikipedia.org/wiki/Ezhil_(programming_language)
pl/ezhil,paradigms,structured,wikipedia,https://en.wikipedia.org/wiki/Ezhil_(programming_language)
pl/ezhil,typing,"strong, dynamic",wikipedia,https://en.wikipedia.org/wiki/Ezhil_(programming_language)
pl/ezhil,designed_by,Independent/Freelance,wikipedia,https://en.wikipedia.org/wiki/Ezhil_(programming_language)
pl/ezhil,designed_by,Muthiah Annamalai at Google scholar,wikipedia,https://en.wikipedia.org/wiki/Ezhil_(programming_language)
pl/ezhil,first_appeared,2007,wikipedia,https://en.wikipedia.org/wiki/Ezhil_(programming_language)
pl/ezhil,influenced_by,Logo,wikipedia,https://en.wikipedia.org/wiki/Ezhil_(programming_language)
pl/ezhil,influenced_by,BASIC,wikipedia,https://en.wikipedia.org/wiki/Ezhil_(programming_language)
pl/ezhil,influenced_by,Python,wikipedia,https://en.wikipedia.org/wiki/Ezhil_(programming_language)
pl/ezhil,license,GPLv3,wikipedia,https://en.wikipedia.org/wiki/Ezhil_(programming_language)
pl/ezhil,homepage,http://ezhillang.org,wikipedia,https://en.wikipedia.org/wiki/Ezhil_(programming_language)
pl/f,paradigms,multi-paradigm: functional,wikipedia,https://en.wikipedia.org/wiki/F*_(programming_language)
pl/f,paradigms,imperative,wikipedia,https://en.wikipedia.org/wiki/F*_(programming_language)
pl/f,typing,"dependent, inferred, static, strong",wikipedia,https://en.wikipedia.org/wiki/F*_(programming_language)
pl/f,designed_by,Microsoft Research,wikipedia,https://en.wikipedia.org/wiki/F*_(programming_language)
pl/f,designed_by,Inria,wikipedia,https://en.wikipedia.org/wiki/F*_(programming_language)
pl/f,designed_by,Nikhil Swamy,wikipedia,https://en.wikipedia.org/wiki/F*_(programming_language)
pl/f,designed_by,Juan Chen,wikipedia,https://en.wikipedia.org/wiki/F*_(programming_language)
pl/f,designed_by,Cédric Fournet,wikipedia,https://en.wikipedia.org/wiki/F*_(programming_language)
pl/f,designed_by,Pierre-Yves Strub,wikipedia,https://en.wikipedia.org/wiki/F*_(programming_language)
pl/f,designed_by,Karthikeyan Bhargavan,wikipedia,https://en.wikipedia.org/wiki/F*_(programming_language)
pl/f,designed_by,Jean Yang,wikipedia,https://en.wikipedia.org/wiki/F*_(programming_language)
pl/f,first_appeared,2011,wikipedia,https://en.wikipedia.org/wiki/F*_(programming_language)
pl/f,influenced_by,Dafny,wikipedia,https://en.wikipedia.org/wiki/F*_(programming_language)
pl/f,influenced_by,F#,wikipedia,https://en.wikipedia.org/wiki/F*_(programming_language)
pl/f,influenced_by,Lean,wikipedia,https://en.wikipedia.org/wiki/F*_(programming_language)
pl/f,influenced_by,OCaml,wikipedia,https://en.wikipedia.org/wiki/F*_(programming_language)
pl/f,influenced_by,Rocq,wikipedia,https://en.wikipedia.org/wiki/F*_(programming_language)
pl/f,influenced_by,Standard ML,wikipedia,https://en.wikipedia.org/wiki/F*_(programming_language)
pl/f,license,Apache 2.0,wikipedia,https://en.wikipedia.org/wiki/F*_(programming_language)
pl/f,implementation_languages,F*,wikipedia,https://en.wikipedia.org/wiki/F*_(programming_language)
pl/f,homepage,http://fstar-lang.org,wikipedia,https://en.wikipedia.org/wiki/F*_(programming_language)
pl/f-programming-language,paradigms,multi-paradigm: functional,wikipedia,https://en.wikipedia.org/wiki/F*_(programming_language)
pl/f-programming-language,paradigms,imperative,wikipedia,https://en.wikipedia.org/wiki/F*_(programming_language)
pl/f-programming-language,typing,"dependent, inferred, static, strong",wikipedia,https://en.wikipedia.org/wiki/F*_(programming_language)
pl/f-programming-language,designed_by,Microsoft Research,wikipedia,https://en.wikipedia.org/wiki/F*_(programming_language)
pl/f-programming-language,designed_by,Inria,wikipedia,https://en.wikipedia.org/wiki/F*_(programming_language)
pl/f-programming-language,designed_by,Nikhil Swamy,wikipedia,https://en.wikipedia.org/wiki/F*_(programming_language)
pl/f-programming-language,designed_by,Juan Chen,wikipedia,https://en.wikipedia.org/wiki/F*_(programming_language)
pl/f-programming-language,designed_by,Cédric Fournet,wikipedia,https://en.wikipedia.org/wiki/F*_(programming_language)
pl/f-programming-language,designed_by,Pierre-Yves Strub,wikipedia,https://en.wikipedia.org/wiki/F*_(programming_language)
pl/f-programming-language,designed_by,Karthikeyan Bhargavan,wikipedia,https://en.wikipedia.org/wiki/F*_(programming_language)
pl/f-programming-language,designed_by,Jean Yang,wikipedia,https://en.wikipedia.org/wiki/F*_(programming_language)
pl/f-programming-language,first_appeared,2011,wikipedia,https://en.wikipedia.org/wiki/F*_(programming_language)
pl/f-programming-language,influenced_by,Dafny,wikipedia,https://en.wikipedia.org/wiki/F*_(programming_language)
pl/f-programming-language,influenced_by,F#,wikipedia,https://en.wikipedia.org/wiki/F*_(programming_language)
pl/f-programming-language,influenced_by,Lean,wikipedia,https://en.wikipedia.org/wiki/F*_(programming_language)
pl/f-programming-language,influenced_by,OCaml,wikipedia,https://en.wikipedia.org/wiki/F*_(programming_language)
pl/f-programming-language,influenced_by,Rocq,wikipedia,https://en.wikipedia.org/wiki/F*_(programming_language)
pl/f-programming-language,influenced_by,Standard ML,wikipedia,https://en.wikipedia.org/wiki/F*_(programming_language)
pl/f-programming-language,license,Apache 2.0,wikipedia,https://en.wikipedia.org/wiki/F*_(programming_language)
pl/f-programming-language,implementation_languages,F*,wikipedia,https://en.wikipedia.org/wiki/F*_(programming_language)
pl/f-programming-language,homepage,http://fstar-lang.org,wikipedia,https://en.wikipedia.org/wiki/F*_(programming_language)
pl/f-sharp,paradigms,multi-paradigm: functional,wikipedia,https://en.wikipedia.org/wiki/F_Sharp_(programming_language)
pl/f-sharp,paradigms,imperative,wikipedia,https://en.wikipedia.org/wiki/F_Sharp_(programming_language)
pl/f-sharp,paradigms,object-oriented,wikipedia,https://en.wikipedia.org/wiki/F_Sharp_(programming_language)
pl/f-sharp,paradigms,agent-oriented,wikipedia,https://en.wikipedia.org/wiki/F_Sharp_(programming_language)
pl/f-sharp,paradigms,metaprogramming,wikipedia,https://en.wikipedia.org/wiki/F_Sharp_(programming_language)
pl/f-sharp,paradigms,reflective,wikipedia,https://en.wikipedia.org/wiki/F_Sharp_(programming_language)
pl/f-sharp,paradigms,concurrent,wikipedia,https://en.wikipedia.org/wiki/F_Sharp_(programming_language)
pl/f-sharp,typing,"static, strong, inferred",wikipedia,https://en.wikipedia.org/wiki/F_Sharp_(programming_language)
pl/f-sharp,designed_by,Microsoft,wikipedia,https://en.wikipedia.org/wiki/F_Sharp_(programming_language)
pl/f-sharp,designed_by,The F# Software Foundation,wikipedia,https://en.wikipedia.org/wiki/F_Sharp_(programming_language)
pl/f-sharp,designed_by,Don Syme,wikipedia,https://en.wikipedia.org/wiki/F_Sharp_(programming_language)
pl/f-sharp,designed_by,Microsoft Research,wikipedia,https://en.wikipedia.org/wiki/F_Sharp_(programming_language)
pl/f-sharp,first_appeared,2005,wikipedia,https://en.wikipedia.org/wiki/F_Sharp_(programming_language)
pl/f-sharp,influenced_by,C#,wikipedia,https://en.wikipedia.org/wiki/F_Sharp_(programming_language)
pl/f-sharp,influenced_by,Erlang,wikipedia,https://en.wikipedia.org/wiki/F_Sharp_(programming_language)
pl/f-sharp,influenced_by,Haskell,wikipedia,https://en.wikipedia.org/wiki/F_Sharp_(programming_language)
pl/f-sharp,influenced_by,ML,wikipedia,https://en.wikipedia.org/wiki/F_Sharp_(programming_language)
pl/f-sharp,influenced_by,OCaml,wikipedia,https://en.wikipedia.org/wiki/F_Sharp_(programming_language)
pl/f-sharp,influenced_by,Python,wikipedia,https://en.wikipedia.org/wiki/F_Sharp_(programming_language)
pl/f-sharp,influenced_by,Scala,wikipedia,https://en.wikipedia.org/wiki/F_Sharp_(programming_language)
pl/f-sharp,license,MIT,wikipedia,https://en.wikipedia.org/wiki/F_Sharp_(programming_language)
pl/f-sharp,homepage,https://fsharp.org/,wikipedia,https://en.wikipedia.org/wiki/F_Sharp_(programming_language)
pl/fact,paradigms,procedural,wikipedia,https://en.wikipedia.org/wiki/FACT_(computer_language)
pl/fact,paradigms,imperative,wikipedia,https://en.wikipedia.org/wiki/FACT_(computer_language)
pl/fact,designed_by,Computer Sciences Corporation,wikipedia,https://en.wikipedia.org/wiki/FACT_(computer_language)
pl/fact,designed_by,Honeywell,wikipedia,https://en.wikipedia.org/wiki/FACT_(computer_language)
pl/fact,first_appeared,1959,wikipedia,https://en.wikipedia.org/wiki/FACT_(computer_language)
pl/factor,paradigms,multi-paradigm: concatenative (stack-based),wikipedia,https://en.wikipedia.org/wiki/Factor_(programming_language)
pl/factor,paradigms,functional,wikipedia,https://en.wikipedia.org/wiki/Factor_(programming_language)
pl/factor,paradigms,object-oriented,wikipedia,https://en.wikipedia.org/wiki/Factor_(programming_language)
pl/factor,typing,"strong, dynamic",wikipedia,https://en.wikipedia.org/wiki/Factor_(programming_language)
pl/factor,designed_by,Slava Pestov,wikipedia,https://en.wikipedia.org/wiki/Factor_(programming_language)
pl/factor,first_appeared,2003,wikipedia,https://en.wikipedia.org/wiki/Factor_(programming_language)
pl/factor,influenced_by,Joy,wikipedia,https://en.wikipedia.org/wiki/Factor_(programming_language)
pl/factor,influenced_by,Forth,wikipedia,https://en.wikipedia.org/wiki/Factor_(programming_language)
pl/factor,influenced_by,Lisp,wikipedia,https://en.wikipedia.org/wiki/Factor_(programming_language)
pl/factor,influenced_by,Self,wikipedia,https://en.wikipedia.org/wiki/Factor_(programming_language)
pl/factor,license,BSD license,wikipedia,https://en.wikipedia.org/wiki/Factor_(programming_language)
pl/factor,homepage,http://factorcode.org/,wikipedia,https://en.wikipedia.org/wiki/Factor_(programming_language)
pl/factor-programming-language,paradigms,multi-paradigm: concatenative (stack-based),wikipedia,https://en.wikipedia.org/wiki/Factor_(programming_language)
pl/factor-programming-language,paradigms,functional,wikipedia,https://en.wikipedia.org/wiki/Factor_(programming_language)
pl/factor-programming-language,paradigms,object-oriented,wikipedia,https://en.wikipedia.org/wiki/Factor_(programming_language)
pl/factor-programming-language,typing,"strong, dynamic",wikipedia,https://en.wikipedia.org/wiki/Factor_(programming_language)
pl/factor-programming-language,designed_by,Slava Pestov,wikipedia,https://en.wikipedia.org/wiki/Factor_(programming_language)
pl/factor-programming-language,first_appeared,2003,wikipedia,https://en.wikipedia.org/wiki/Factor_(programming_language)
pl/factor-programming-language,influenced_by,Joy,wikipedia,https://en.wikipedia.org/wiki/Factor_(programming_language)
pl/factor-programming-language,influenced_by,Forth,wikipedia,https://en.wikipedia.org/wiki/Factor_(programming_language)
pl/factor-programming-language,influenced_by,Lisp,wikipedia,https://en.wikipedia.org/wiki/Factor_(programming_language)
pl/factor-programming-language,influenced_by,Self,wikipedia,https://en.wikipedia.org/wiki/Factor_(programming_language)
pl/factor-programming-language,license,BSD license,wikipedia,https://en.wikipedia.org/wiki/Factor_(programming_language)
pl/factor-programming-language,homepage,http://factorcode.org/,wikipedia,https://en.wikipedia.org/wiki/Factor_(programming_language)
pl/fantom,paradigms,multi-paradigm: object-oriented,wikipedia,https://en.wikipedia.org/wiki/Fantom_(programming_language)
pl/fantom,paradigms,actor,wikipedia,https://en.wikipedia.org/wiki/Fantom_(programming_language)
pl/fantom,paradigms,functional,wikipedia,https://en.wikipedia.org/wiki/Fantom_(programming_language)
pl/fantom,typing,"static, dynamic",wikipedia,https://en.wikipedia.org/wiki/Fantom_(programming_language)
pl/fantom,designed_by,Brian Frank,wikipedia,https://en.wikipedia.org/wiki/Fantom_(programming_language)
pl/fantom,designed_by,Andy Frank,wikipedia,https://en.wikipedia.org/wiki/Fantom_(programming_language)
pl/fantom,first_appeared,2005,wikipedia,https://en.wikipedia.org/wiki/Fantom_(programming_language)
pl/fantom,influenced_by,C#,wikipedia,https://en.wikipedia.org/wiki/Fantom_(programming_language)
pl/fantom,influenced_by,Java,wikipedia,https://en.wikipedia.org/wiki/Fantom_(programming_language)
pl/fantom,influenced_by,Scala,wikipedia,https://en.wikipedia.org/wiki/Fantom_(programming_language)
pl/fantom,influenced_by,Ruby,wikipedia,https://en.wikipedia.org/wiki/Fantom_(programming_language)
pl/fantom,influenced_by,Erlang,wikipedia,https://en.wikipedia.org/wiki/Fantom_(programming_language)
pl/fantom,license,Academic Free version 3.0,wikipedia,https://en.wikipedia.org/wiki/Fantom_(programming_language)
pl/fantom,homepage,http://www.fantom.org,wikipedia,https://en.wikipedia.org/wiki/Fantom_(programming_language)
pl/faust,paradigms,functional,wikipedia,https://en.wikipedia.org/wiki/FAUST_(programming_language)
pl/faust,paradigms,visual,wikipedia,https://en.wikipedia.org/wiki/FAUST_(programming_language)
pl/faust,designed_by,GRAME,wikipedia,https://en.wikipedia.org/wiki/FAUST_(programming_language)
pl/faust,designed_by,Centre National de Création Musicale,wikipedia,https://en.wikipedia.org/wiki/FAUST_(programming_language)
pl/faust,designed_by,Yann Orlarey,wikipedia,https://en.wikipedia.org/wiki/FAUST_(programming_language)
pl/faust,designed_by,Dominique Fober,wikipedia,https://en.wikipedia.org/wiki/FAUST_(programming_language)
pl/faust,designed_by,Stéphane Letz,wikipedia,https://en.wikipedia.org/wiki/FAUST_(programming_language)
pl/faust,first_appeared,2002,wikipedia,https://en.wikipedia.org/wiki/FAUST_(programming_language)
pl/faust,license,GPL,wikipedia,https://en.wikipedia.org/wiki/FAUST_(programming_language)
pl/faust,implementation_languages,C++,wikipedia,https://en.wikipedia.org/wiki/FAUST_(programming_language)
pl/faust,homepage,http://faust.grame.fr,wikipedia,https://en.wikipedia.org/wiki/FAUST_(programming_language)
pl/fbx,designed_by,Autodesk,wikipedia,https://en.wikipedia.org/wiki/FBX
pl/filterscript,paradigms,concatenative (stack-based),wikipedia,https://en.wikipedia.org/wiki/Forth_(programming_language)
pl/filterscript,paradigms,procedural,wikipedia,https://en.wikipedia.org/wiki/Forth_(programming_language)
pl/filterscript,paradigms,reflective,wikipedia,https://en.wikipedia.org/wiki/Forth_(programming_language)
pl/filterscript,typing,typeless,wikipedia,https://en.wikipedia.org/wiki/Forth_(programming_language)
pl/filterscript,designed_by,Charles H. Moore,wikipedia,https://en.wikipedia.org/wiki/Forth_(programming_language)
pl/filterscript,first_appeared,1970,wikipedia,https://en.wikipedia.org/wiki/Forth_(programming_language)
pl/filterscript,homepage,https://forth-standard.org,wikipedia,https://en.wikipedia.org/wiki/Forth_(programming_language)
pl/fjolnir,paradigms,procedural,wikipedia,https://en.wikipedia.org/wiki/Fj%C3%B6lnir_(programming_language)
pl/fjolnir,paradigms,object-oriented,wikipedia,https://en.wikipedia.org/wiki/Fj%C3%B6lnir_(programming_language)
pl/fjolnir,typing,"strong, dynamic",wikipedia,https://en.wikipedia.org/wiki/Fj%C3%B6lnir_(programming_language)
pl/fjolnir,designed_by,Snorri Agnarsson,wikipedia,https://en.wikipedia.org/wiki/Fj%C3%B6lnir_(programming_language)
pl/fjolnir,first_appeared,1980s,wikipedia,https://en.wikipedia.org/wiki/Fj%C3%B6lnir_(programming_language)
pl/fl,paradigms,function-level,wikipedia,https://en.wikipedia.org/wiki/FL_(programming_language)
pl/fl,paradigms,functional,wikipedia,https://en.wikipedia.org/wiki/FL_(programming_language)
pl/fl,typing,dynamic,wikipedia,https://en.wikipedia.org/wiki/FL_(programming_language)
pl/fl,designed_by,IBM Research,wikipedia,https://en.wikipedia.org/wiki/FL_(programming_language)
pl/fl,designed_by,John Backus John Williams Edward Wimmers,wikipedia,https://en.wikipedia.org/wiki/FL_(programming_language)
pl/fl,first_appeared,1989,wikipedia,https://en.wikipedia.org/wiki/FL_(programming_language)
pl/fl,influenced_by,FP,wikipedia,https://en.wikipedia.org/wiki/FL_(programming_language)
pl/flapjax,paradigms,multi-paradigm: event-driven,wikipedia,https://en.wikipedia.org/wiki/Flapjax
pl/flapjax,paradigms,reactive,wikipedia,https://en.wikipedia.org/wiki/Flapjax
pl/flapjax,paradigms,dataflow,wikipedia,https://en.wikipedia.org/wiki/Flapjax
pl/flapjax,paradigms,functional,wikipedia,https://en.wikipedia.org/wiki/Flapjax
pl/flapjax,paradigms,imperative,wikipedia,https://en.wikipedia.org/wiki/Flapjax
pl/flapjax,paradigms,object-oriented (prototype-based),wikipedia,https://en.wikipedia.org/wiki/Flapjax
pl/flapjax,typing,"dynamic, duck",wikipedia,https://en.wikipedia.org/wiki/Flapjax
pl/flapjax,designed_by,Leo Meyerovich,wikipedia,https://en.wikipedia.org/wiki/Flapjax
pl/flapjax,designed_by,Arjun Guha,wikipedia,https://en.wikipedia.org/wiki/Flapjax
pl/flapjax,designed_by,Jacob Baskin,wikipedia,https://en.wikipedia.org/wiki/Flapjax
pl/flapjax,designed_by,Gregory Cooper,wikipedia,https://en.wikipedia.org/wiki/Flapjax
pl/flapjax,designed_by,Michael Greenberg,wikipedia,https://en.wikipedia.org/wiki/Flapjax
pl/flapjax,designed_by,Aleks Bromfield,wikipedia,https://en.wikipedia.org/wiki/Flapjax
pl/flapjax,designed_by,Shriram Krishnamurthi,wikipedia,https://en.wikipedia.org/wiki/Flapjax
pl/flapjax,first_appeared,2006,wikipedia,https://en.wikipedia.org/wiki/Flapjax
pl/flapjax,license,BSD 3-clause,wikipedia,https://en.wikipedia.org/wiki/Flapjax
pl/flapjax,implementation_languages,JavaScript,wikipedia,https://en.wikipedia.org/wiki/Flapjax
pl/flapjax,homepage,http://www.flapjax-lang.org,wikipedia,https://en.wikipedia.org/wiki/Flapjax
pl/flatbuffers,first_appeared,2014,wikipedia,https://en.wikipedia.org/wiki/FlatBuffers
pl/flatbuffers,license,Apache License 2.0,wikipedia,https://en.wikipedia.org/wiki/FlatBuffers
pl/flatbuffers,homepage,https://flatbuffers.dev,wikipedia,https://en.wikipedia.org/wiki/FlatBuffers
pl/flix,paradigms,multi-paradigm: functional,wikipedia,https://en.wikipedia.org/wiki/Flix_(programming_language)
pl/flix,paradigms,imperative,wikipedia,https://en.wikipedia.org/wiki/Flix_(programming_language)
pl/flix,paradigms,logic,wikipedia,https://en.wikipedia.org/wiki/Flix_(programming_language)
pl/flix,typing,"inferred, static, strong, structural",wikipedia,https://en.wikipedia.org/wiki/Flix_(programming_language)
pl/flix,designed_by,Aarhus University,wikipedia,https://en.wikipedia.org/wiki/Flix_(programming_language)
pl/flix,designed_by,open-source contributors,wikipedia,https://en.wikipedia.org/wiki/Flix_(programming_language)
pl/flix,influenced_by,F#,wikipedia,https://en.wikipedia.org/wiki/Flix_(programming_language)
pl/flix,influenced_by,Go,wikipedia,https://en.wikipedia.org/wiki/Flix_(programming_language)
pl/flix,influenced_by,Haskell,wikipedia,https://en.wikipedia.org/wiki/Flix_(programming_language)
pl/flix,influenced_by,OCaml,wikipedia,https://en.wikipedia.org/wiki/Flix_(programming_language)
pl/flix,influenced_by,Scala,wikipedia,https://en.wikipedia.org/wiki/Flix_(programming_language)
pl/flix,license,Apache License 2.0,wikipedia,https://en.wikipedia.org/wiki/Flix_(programming_language)
pl/flix,homepage,https://flix.dev/,wikipedia,https://en.wikipedia.org/wiki/Flix_(programming_language)
pl/flow-chart-language,paradigms,imperative,wikipedia,https://en.wikipedia.org/wiki/Flow_chart_language
pl/flow-chart-language,designed_by,Carsten K. Gomard,wikipedia,https://en.wikipedia.org/wiki/Flow_chart_language
pl/flow-chart-language,designed_by,Neil D. Jones,wikipedia,https://en.wikipedia.org/wiki/Flow_chart_language
pl/flow-chart-language,designed_by,John Hatcliff,wikipedia,https://en.wikipedia.org/wiki/Flow_chart_language
pl/flow-chart-language,first_appeared,1989,wikipedia,https://en.wikipedia.org/wiki/Flow_chart_language
pl/flow-matic,paradigms,imperative,wikipedia,https://en.wikipedia.org/wiki/FLOW-MATIC
pl/flow-matic,designed_by,Remington Rand,wikipedia,https://en.wikipedia.org/wiki/FLOW-MATIC
pl/flow-matic,designed_by,Grace Hopper,wikipedia,https://en.wikipedia.org/wiki/FLOW-MATIC
pl/flow-matic,first_appeared,1955,wikipedia,https://en.wikipedia.org/wiki/FLOW-MATIC
pl/flow-matic,influenced_by,ARITH-MATIC,wikipedia,https://en.wikipedia.org/wiki/FLOW-MATIC
pl/flow-matic,influenced_by,Laning,wikipedia,https://en.wikipedia.org/wiki/FLOW-MATIC
pl/flow-matic,influenced_by,Zierler system,wikipedia,https://en.wikipedia.org/wiki/FLOW-MATIC
pl/flowcode,designed_by,Matrix TSL,wikipedia,https://en.wikipedia.org/wiki/Flowcode
pl/flowcode,license,Proprietary EULA,wikipedia,https://en.wikipedia.org/wiki/Flowcode
pl/flowcode,homepage,http://www.flowcode.co.uk/,wikipedia,https://en.wikipedia.org/wiki/Flowcode
pl/flowgorithm,paradigms,structured,wikipedia,https://en.wikipedia.org/wiki/Flowgorithm
pl/flowgorithm,paradigms,imperative,wikipedia,https://en.wikipedia.org/wiki/Flowgorithm
pl/flowgorithm,typing,"static, strong, safe",wikipedia,https://en.wikipedia.org/wiki/Flowgorithm
pl/flowgorithm,designed_by,Devin Cook,wikipedia,https://en.wikipedia.org/wiki/Flowgorithm
pl/flowgorithm,first_appeared,2014,wikipedia,https://en.wikipedia.org/wiki/Flowgorithm
pl/flowgorithm,influenced_by,Flowcharts,wikipedia,https://en.wikipedia.org/wiki/Flowgorithm
pl/flowgorithm,license,Freeware,wikipedia,https://en.wikipedia.org/wiki/Flowgorithm
pl/flowgorithm,implementation_languages,C#,wikipedia,https://en.wikipedia.org/wiki/Flowgorithm
pl/flowgorithm,homepage,http://flowgorithm.org/,wikipedia,https://en.wikipedia.org/wiki/Flowgorithm
pl/foaf,designed_by,Dan Brickley,wikipedia,https://en.wikipedia.org/wiki/FOAF
pl/foaf,designed_by,Libby Miller,wikipedia,https://en.wikipedia.org/wiki/FOAF
pl/foaf,license,CC BY 1.0,wikipedia,https://en.wikipedia.org/wiki/FOAF
pl/foaf,homepage,http://xmlns.com/foaf/spec/,wikipedia,https://en.wikipedia.org/wiki/FOAF
pl/forth,paradigms,concatenative (stack-based),wikipedia,https://en.wikipedia.org/wiki/Forth_(programming_language)
pl/forth,paradigms,procedural,wikipedia,https://en.wikipedia.org/wiki/Forth_(programming_language)
pl/forth,paradigms,reflective,wikipedia,https://en.wikipedia.org/wiki/Forth_(programming_language)
pl/forth,typing,typeless,wikipedia,https://en.wikipedia.org/wiki/Forth_(programming_language)
pl/forth,designed_by,Charles H. Moore,wikipedia,https://en.wikipedia.org/wiki/Forth_(programming_language)
pl/forth,first_appeared,1970,wikipedia,https://en.wikipedia.org/wiki/Forth_(programming_language)
pl/forth,homepage,https://forth-standard.org,wikipedia,https://en.wikipedia.org/wiki/Forth_(programming_language)
pl/forth-programming-language,paradigms,concatenative (stack-based),wikipedia,https://en.wikipedia.org/wiki/Forth_(programming_language)
pl/forth-programming-language,paradigms,procedural,wikipedia,https://en.wikipedia.org/wiki/Forth_(programming_language)
pl/forth-programming-language,paradigms,reflective,wikipedia,https://en.wikipedia.org/wiki/Forth_(programming_language)
pl/forth-programming-language,typing,typeless,wikipedia,https://en.wikipedia.org/wiki/Forth_(programming_language)
pl/forth-programming-language,designed_by,Charles H. Moore,wikipedia,https://en.wikipedia.org/wiki/Forth_(programming_language)
pl/forth-programming-language,first_appeared,1970,wikipedia,https://en.wikipedia.org/wiki/Forth_(programming_language)
pl/forth-programming-language,homepage,https://forth-standard.org,wikipedia,https://en.wikipedia.org/wiki/Forth_(programming_language)
pl/fortran,paradigms,multi-paradigm: structured,wikipedia,https://en.wikipedia.org/wiki/Fortran
pl/fortran,paradigms,imperative (procedural,wikipedia,https://en.wikipedia.org/wiki/Fortran
pl/fortran,paradigms,object-oriented),wikipedia,https://en.wikipedia.org/wiki/Fortran
pl/fortran,paradigms,generic,wikipedia,https://en.wikipedia.org/wiki/Fortran
pl/fortran,paradigms,array,wikipedia,https://en.wikipedia.org/wiki/Fortran
pl/fortran,typing,"strong, static, manifest",wikipedia,https://en.wikipedia.org/wiki/Fortran
pl/fortran,designed_by,John Backus,wikipedia,https://en.wikipedia.org/wiki/Fortran
pl/fortran,designed_by,IBM,wikipedia,https://en.wikipedia.org/wiki/Fortran
pl/fortran,first_appeared,1957,wikipedia,https://en.wikipedia.org/wiki/Fortran
pl/fortran,influenced_by,Speedcoding,wikipedia,https://en.wikipedia.org/wiki/Fortran
pl/fortran,homepage,https://fortran-lang.org,wikipedia,https://en.wikipedia.org/wiki/Fortran
pl/fortran-free-form,paradigms,multi-paradigm: structured,wikipedia,https://en.wikipedia.org/wiki/Fortran
pl/fortran-free-form,paradigms,imperative (procedural,wikipedia,https://en.wikipedia.org/wiki/Fortran
pl/fortran-free-form,paradigms,object-oriented),wikipedia,https://en.wikipedia.org/wiki/Fortran
pl/fortran-free-form,paradigms,generic,wikipedia,https://en.wikipedia.org/wiki/Fortran
pl/fortran-free-form,paradigms,array,wikipedia,https://en.wikipedia.org/wiki/Fortran
pl/fortran-free-form,typing,"strong, static, manifest",wikipedia,https://en.wikipedia.org/wiki/Fortran
pl/fortran-free-form,designed_by,John Backus,wikipedia,https://en.wikipedia.org/wiki/Fortran
pl/fortran-free-form,designed_by,IBM,wikipedia,https://en.wikipedia.org/wiki/Fortran
pl/fortran-free-form,first_appeared,1957,wikipedia,https://en.wikipedia.org/wiki/Fortran
pl/fortran-free-form,influenced_by,Speedcoding,wikipedia,https://en.wikipedia.org/wiki/Fortran
pl/fortran-free-form,homepage,https://fortran-lang.org,wikipedia,https://en.wikipedia.org/wiki/Fortran
pl/fortress,paradigms,multi-paradigm: structured,wikipedia,https://en.wikipedia.org/wiki/Fortress_(programming_language)
pl/fortress,paradigms,imperative,wikipedia,https://en.wikipedia.org/wiki/Fortress_(programming_language)
pl/fortress,paradigms,procedural,wikipedia,https://en.wikipedia.org/wiki/Fortress_(programming_language)
pl/fortress,typing,static,wikipedia,https://en.wikipedia.org/wiki/Fortress_(programming_language)
pl/fortress,designed_by,Sun Labs,wikipedia,https://en.wikipedia.org/wiki/Fortress_(programming_language)
pl/fortress,designed_by,Guy L. Steele Jr,wikipedia,https://en.wikipedia.org/wiki/Fortress_(programming_language)
pl/fortress,designed_by,others,wikipedia,https://en.wikipedia.org/wiki/Fortress_(programming_language)
pl/fortress,first_appeared,2006,wikipedia,https://en.wikipedia.org/wiki/Fortress_(programming_language)
pl/fortress,influenced_by,Fortran,wikipedia,https://en.wikipedia.org/wiki/Fortress_(programming_language)
pl/fortress,influenced_by,Scala,wikipedia,https://en.wikipedia.org/wiki/Fortress_(programming_language)
pl/fortress,influenced_by,Haskell,wikipedia,https://en.wikipedia.org/wiki/Fortress_(programming_language)
pl/fortress,license,BSD,wikipedia,https://en.wikipedia.org/wiki/Fortress_(programming_language)
pl/fortress,homepage,https://github.com/stokito/fortress-lang,wikipedia,https://en.wikipedia.org/wiki/Fortress_(programming_language)
pl/fossil,first_appeared,2006,wikipedia,https://en.wikipedia.org/wiki/Fossil_(software)
pl/fossil,license,2010: BSD-2-Clause 2007: GPL-2.0-only,wikipedia,https://en.wikipedia.org/wiki/Fossil_(software)
pl/fossil,homepage,https://www.fossil-scm.org,wikipedia,https://en.wikipedia.org/wiki/Fossil_(software)
pl/foxpro,designed_by,Nantucket Corporation Computer Associates,wikipedia,https://en.wikipedia.org/wiki/Clipper_(programming_language)
pl/foxpro,first_appeared,1985,wikipedia,https://en.wikipedia.org/wiki/Clipper_(programming_language)
pl/foxpro,influenced_by,dBase,wikipedia,https://en.wikipedia.org/wiki/Clipper_(programming_language)
pl/foxpro,license,proprietary,wikipedia,https://en.wikipedia.org/wiki/Clipper_(programming_language)
pl/foxpro,homepage,http://www.grafxsoft.com/clipper.htm,wikipedia,https://en.wikipedia.org/wiki/Clipper_(programming_language)
pl/fp,paradigms,function-level,wikipedia,https://en.wikipedia.org/wiki/FP_(programming_language)
pl/fp,designed_by,John Backus,wikipedia,https://en.wikipedia.org/wiki/FP_(programming_language)
pl/fp,first_appeared,1977,wikipedia,https://en.wikipedia.org/wiki/FP_(programming_language)
pl/fp,influenced_by,APL,wikipedia,https://en.wikipedia.org/wiki/FP_(programming_language)
pl/fpgac,designed_by,John Bass,wikipedia,https://en.wikipedia.org/wiki/FpgaC
pl/fpgac,first_appeared,2005,wikipedia,https://en.wikipedia.org/wiki/FpgaC
pl/fpgac,influenced_by,C Programming Language,wikipedia,https://en.wikipedia.org/wiki/FpgaC
pl/fpgac,influenced_by,Streams-C,wikipedia,https://en.wikipedia.org/wiki/FpgaC
pl/fpgac,license,BSD,wikipedia,https://en.wikipedia.org/wiki/FpgaC
pl/fpgac,homepage,http://sourceforge.net/projects/fpgac/,wikipedia,https://en.wikipedia.org/wiki/FpgaC
pl/freebasic,paradigms,multi-paradigm: structured,wikipedia,https://en.wikipedia.org/wiki/Visual_Basic_(.NET)
pl/freebasic,paradigms,imperative,wikipedia,https://en.wikipedia.org/wiki/Visual_Basic_(.NET)
pl/freebasic,paradigms,object-oriented,wikipedia,https://en.wikipedia.org/wiki/Visual_Basic_(.NET)
pl/freebasic,paradigms,declarative,wikipedia,https://en.wikipedia.org/wiki/Visual_Basic_(.NET)
pl/freebasic,paradigms,generic,wikipedia,https://en.wikipedia.org/wiki/Visual_Basic_(.NET)
pl/freebasic,paradigms,reflective,wikipedia,https://en.wikipedia.org/wiki/Visual_Basic_(.NET)
pl/freebasic,paradigms,event-driven,wikipedia,https://en.wikipedia.org/wiki/Visual_Basic_(.NET)
pl/freebasic,typing,"static, both strong and weak, both safe and unsafe, nominative",wikipedia,https://en.wikipedia.org/wiki/Visual_Basic_(.NET)
pl/freebasic,designed_by,Microsoft,wikipedia,https://en.wikipedia.org/wiki/Visual_Basic_(.NET)
pl/freebasic,first_appeared,2001,wikipedia,https://en.wikipedia.org/wiki/Visual_Basic_(.NET)
pl/freebasic,influenced_by,Classic Visual Basic,wikipedia,https://en.wikipedia.org/wiki/Visual_Basic_(.NET)
pl/freebasic,license,Roslyn compiler: MIT License,wikipedia,https://en.wikipedia.org/wiki/Visual_Basic_(.NET)
pl/freebasic,homepage,https://docs.microsoft.com/dotnet/visual-basic/,wikipedia,https://en.wikipedia.org/wiki/Visual_Basic_(.NET)
pl/frenetic,paradigms,domain-specific (software-defined networking),wikipedia,https://en.wikipedia.org/wiki/Frenetic_(programming_language)
pl/frenetic,paradigms,reactive,wikipedia,https://en.wikipedia.org/wiki/Frenetic_(programming_language)
pl/frenetic,paradigms,modular,wikipedia,https://en.wikipedia.org/wiki/Frenetic_(programming_language)
pl/frenetic,typing,dynamic,wikipedia,https://en.wikipedia.org/wiki/Frenetic_(programming_language)
pl/frenetic,influenced_by,OCaml,wikipedia,https://en.wikipedia.org/wiki/Frenetic_(programming_language)
pl/frenetic,homepage,http://www.frenetic-lang.org,wikipedia,https://en.wikipedia.org/wiki/Frenetic_(programming_language)
pl/frink,paradigms,multi-paradigm: object-oriented,wikipedia,https://en.wikipedia.org/wiki/Frink_(programming_language)
pl/frink,paradigms,imperative,wikipedia,https://en.wikipedia.org/wiki/Frink_(programming_language)
pl/frink,paradigms,functional,wikipedia,https://en.wikipedia.org/wiki/Frink_(programming_language)
pl/frink,designed_by,Eliasen,wikipedia,https://en.wikipedia.org/wiki/Frink_(programming_language)
pl/frink,designed_by,Alan,wikipedia,https://en.wikipedia.org/wiki/Frink_(programming_language)
pl/frink,first_appeared,2001,wikipedia,https://en.wikipedia.org/wiki/Frink_(programming_language)
pl/frink,influenced_by,Java,wikipedia,https://en.wikipedia.org/wiki/Frink_(programming_language)
pl/frink,homepage,https://frinklang.org,wikipedia,https://en.wikipedia.org/wiki/Frink_(programming_language)
pl/fstar,paradigms,multi-paradigm: functional,wikipedia,https://en.wikipedia.org/wiki/F*_(programming_language)
pl/fstar,paradigms,imperative,wikipedia,https://en.wikipedia.org/wiki/F*_(programming_language)
pl/fstar,typing,"dependent, inferred, static, strong",wikipedia,https://en.wikipedia.org/wiki/F*_(programming_language)
pl/fstar,designed_by,Microsoft Research,wikipedia,https://en.wikipedia.org/wiki/F*_(programming_language)
pl/fstar,designed_by,Inria,wikipedia,https://en.wikipedia.org/wiki/F*_(programming_language)
pl/fstar,designed_by,Nikhil Swamy,wikipedia,https://en.wikipedia.org/wiki/F*_(programming_language)
pl/fstar,designed_by,Juan Chen,wikipedia,https://en.wikipedia.org/wiki/F*_(programming_language)
pl/fstar,designed_by,Cédric Fournet,wikipedia,https://en.wikipedia.org/wiki/F*_(programming_language)
pl/fstar,designed_by,Pierre-Yves Strub,wikipedia,https://en.wikipedia.org/wiki/F*_(programming_language)
pl/fstar,designed_by,Karthikeyan Bhargavan,wikipedia,https://en.wikipedia.org/wiki/F*_(programming_language)
pl/fstar,designed_by,Jean Yang,wikipedia,https://en.wikipedia.org/wiki/F*_(programming_language)
pl/fstar,first_appeared,2011,wikipedia,https://en.wikipedia.org/wiki/F*_(programming_language)
pl/fstar,influenced_by,Dafny,wikipedia,https://en.wikipedia.org/wiki/F*_(programming_language)
pl/fstar,influenced_by,F#,wikipedia,https://en.wikipedia.org/wiki/F*_(programming_language)
pl/fstar,influenced_by,Lean,wikipedia,https://en.wikipedia.org/wiki/F*_(programming_language)
pl/fstar,influenced_by,OCaml,wikipedia,https://en.wikipedia.org/wiki/F*_(programming_language)
pl/fstar,influenced_by,Rocq,wikipedia,https://en.wikipedia.org/wiki/F*_(programming_language)
pl/fstar,influenced_by,Standard ML,wikipedia,https://en.wikipedia.org/wiki/F*_(programming_language)
pl/fstar,license,Apache 2.0,wikipedia,https://en.wikipedia.org/wiki/F*_(programming_language)
pl/fstar,implementation_languages,F*,wikipedia,https://en.wikipedia.org/wiki/F*_(programming_language)
pl/fstar,homepage,http://fstar-lang.org,wikipedia,https://en.wikipedia.org/wiki/F*_(programming_language)
pl/futhark,paradigms,array,wikipedia,https://en.wikipedia.org/wiki/Futhark_(programming_language)
pl/futhark,paradigms,functional,wikipedia,https://en.wikipedia.org/wiki/Futhark_(programming_language)
pl/futhark,typing,"inferred, static, strong, hindley-milner, uniqueness, dependent",wikipedia,https://en.wikipedia.org/wiki/Futhark_(programming_language)
pl/futhark,designed_by,University of Copenhagen,wikipedia,https://en.wikipedia.org/wiki/Futhark_(programming_language)
pl/futhark,designed_by,Troels Henriksen,wikipedia,https://en.wikipedia.org/wiki/Futhark_(programming_language)
pl/futhark,designed_by,Cosmin Oancea,wikipedia,https://en.wikipedia.org/wiki/Futhark_(programming_language)
pl/futhark,designed_by,Martin Elsman,wikipedia,https://en.wikipedia.org/wiki/Futhark_(programming_language)
pl/futhark,first_appeared,2014,wikipedia,https://en.wikipedia.org/wiki/Futhark_(programming_language)
pl/futhark,influenced_by,APL,wikipedia,https://en.wikipedia.org/wiki/Futhark_(programming_language)
pl/futhark,influenced_by,Haskell,wikipedia,https://en.wikipedia.org/wiki/Futhark_(programming_language)
pl/futhark,influenced_by,NESL,wikipedia,https://en.wikipedia.org/wiki/Futhark_(programming_language)
pl/futhark,influenced_by,Standard ML,wikipedia,https://en.wikipedia.org/wiki/Futhark_(programming_language)
pl/futhark,license,ISC,wikipedia,https://en.wikipedia.org/wiki/Futhark_(programming_language)
pl/futhark,homepage,http://futhark-lang.org,wikipedia,https://en.wikipedia.org/wiki/Futhark_(programming_language)
pl/futhark-programming-language,paradigms,array,wikipedia,https://en.wikipedia.org/wiki/Futhark_(programming_language)
pl/futhark-programming-language,paradigms,functional,wikipedia,https://en.wikipedia.org/wiki/Futhark_(programming_language)
pl/futhark-programming-language,typing,"inferred, static, strong, hindley-milner, uniqueness, dependent",wikipedia,https://en.wikipedia.org/wiki/Futhark_(programming_language)
pl/futhark-programming-language,designed_by,University of Copenhagen,wikipedia,https://en.wikipedia.org/wiki/Futhark_(programming_language)
pl/futhark-programming-language,designed_by,Troels Henriksen,wikipedia,https://en.wikipedia.org/wiki/Futhark_(programming_language)
pl/futhark-programming-language,designed_by,Cosmin Oancea,wikipedia,https://en.wikipedia.org/wiki/Futhark_(programming_language)
pl/futhark-programming-language,designed_by,Martin Elsman,wikipedia,https://en.wikipedia.org/wiki/Futhark_(programming_language)
pl/futhark-programming-language,first_appeared,2014,wikipedia,https://en.wikipedia.org/wiki/Futhark_(programming_language)
pl/futhark-programming-language,influenced_by,APL,wikipedia,https://en.wikipedia.org/wiki/Futhark_(programming_language)
pl/futhark-programming-language,influenced_by,Haskell,wikipedia,https://en.wikipedia.org/wiki/Futhark_(programming_language)
pl/futhark-programming-language,influenced_by,NESL,wikipedia,https://en.wikipedia.org/wiki/Futhark_(programming_language)
pl/futhark-programming-language,influenced_by,Standard ML,wikipedia,https://en.wikipedia.org/wiki/Futhark_(programming_language)
pl/futhark-programming-language,license,ISC,wikipedia,https://en.wikipedia.org/wiki/Futhark_(programming_language)
pl/futhark-programming-language,homepage,http://futhark-lang.org,wikipedia,https://en.wikipedia.org/wiki/Futhark_(programming_language)
pl/futurebasic,paradigms,procedural,wikipedia,https://en.wikipedia.org/wiki/FutureBASIC
pl/futurebasic,designed_by,Brilor Software,wikipedia,https://en.wikipedia.org/wiki/FutureBASIC
pl/futurebasic,first_appeared,mid 1980s,wikipedia,https://en.wikipedia.org/wiki/FutureBASIC
pl/futurebasic,license,Freeware,wikipedia,https://en.wikipedia.org/wiki/FutureBASIC
pl/futurebasic,homepage,http://www.brilorsoftware.com/fb/,wikipedia,https://en.wikipedia.org/wiki/FutureBASIC
pl/fxml,designed_by,Oracle Corporation,wikipedia,https://en.wikipedia.org/wiki/FXML
pl/fxml,first_appeared,2011,wikipedia,https://en.wikipedia.org/wiki/FXML
pl/g-code,paradigms,procedural,wikipedia,https://en.wikipedia.org/wiki/G-code
pl/g-code,paradigms,imperative,wikipedia,https://en.wikipedia.org/wiki/G-code
pl/g-code,designed_by,Electronic Industries Association (RS-274),wikipedia,https://en.wikipedia.org/wiki/G-code
pl/g-code,designed_by,International Organization for Standardization (ISO-6983),wikipedia,https://en.wikipedia.org/wiki/G-code
pl/g-code,designed_by,Massachusetts Institute of Technology,wikipedia,https://en.wikipedia.org/wiki/G-code
pl/g-code,first_appeared,1963,wikipedia,https://en.wikipedia.org/wiki/G-code
pl/gambas,designed_by,Benoît Minisini,wikipedia,https://en.wikipedia.org/wiki/Gambas
pl/gambas,first_appeared,1999,wikipedia,https://en.wikipedia.org/wiki/Gambas
pl/gambas,influenced_by,Visual Basic,wikipedia,https://en.wikipedia.org/wiki/Gambas
pl/gambas,influenced_by,Java,wikipedia,https://en.wikipedia.org/wiki/Gambas
pl/gambas,license,GNU GPLv2 +,wikipedia,https://en.wikipedia.org/wiki/Gambas
pl/gambas,homepage,https://gambaswiki.org/website,wikipedia,https://en.wikipedia.org/wiki/Gambas
pl/gams,designed_by,GAMS Development Corporation,wikipedia,https://en.wikipedia.org/wiki/General_algebraic_modeling_system
pl/gams,license,Proprietary,wikipedia,https://en.wikipedia.org/wiki/General_algebraic_modeling_system
pl/gams,homepage,https://www.gams.com,wikipedia,https://en.wikipedia.org/wiki/General_algebraic_modeling_system
pl/gap,designed_by,University of St Andrews,wikipedia,https://en.wikipedia.org/wiki/GAP_(computer_algebra_system)
pl/gap,designed_by,RWTH Aachen,wikipedia,https://en.wikipedia.org/wiki/GAP_(computer_algebra_system)
pl/gap,designed_by,TU Braunschweig,wikipedia,https://en.wikipedia.org/wiki/GAP_(computer_algebra_system)
pl/gap,designed_by,Colorado State University,wikipedia,https://en.wikipedia.org/wiki/GAP_(computer_algebra_system)
pl/gap,designed_by,TU Kaiserslautern,wikipedia,https://en.wikipedia.org/wiki/GAP_(computer_algebra_system)
pl/gap,first_appeared,1988,wikipedia,https://en.wikipedia.org/wiki/GAP_(computer_algebra_system)
pl/gap,license,GNU General Public License,wikipedia,https://en.wikipedia.org/wiki/GAP_(computer_algebra_system)
pl/gap,homepage,https://www.gap-system.org/,wikipedia,https://en.wikipedia.org/wiki/GAP_(computer_algebra_system)
pl/gas,paradigms,imperative,wikipedia,https://en.wikipedia.org/wiki/Assembly_language
pl/gas,paradigms,unstructured,wikipedia,https://en.wikipedia.org/wiki/Assembly_language
pl/gas,paradigms,often metaprogramming (through macros),wikipedia,https://en.wikipedia.org/wiki/Assembly_language
pl/gas,paradigms,certain assemblers are structured or object-oriented,wikipedia,https://en.wikipedia.org/wiki/Assembly_language
pl/gas,typing,none,wikipedia,https://en.wikipedia.org/wiki/Assembly_language
pl/gas,first_appeared,1947,wikipedia,https://en.wikipedia.org/wiki/Assembly_language
pl/gauche,designed_by,Shiro Kawai,wikipedia,https://en.wikipedia.org/wiki/Gauche_(Scheme_implementation)
pl/gauche,first_appeared,2001,wikipedia,https://en.wikipedia.org/wiki/Gauche_(Scheme_implementation)
pl/gauche,license,BSD License,wikipedia,https://en.wikipedia.org/wiki/Gauche_(Scheme_implementation)
pl/gauche,homepage,http://practical-scheme.net/gauche/,wikipedia,https://en.wikipedia.org/wiki/Gauche_(Scheme_implementation)
pl/gcc-machine-description,designed_by,John MacFarlane,wikipedia,https://en.wikipedia.org/wiki/Markdown
pl/gcc-machine-description,designed_by,open source,wikipedia,https://en.wikipedia.org/wiki/Markdown
pl/gcc-machine-description,designed_by,John Gruber,wikipedia,https://en.wikipedia.org/wiki/Markdown
pl/gcc-machine-description,first_appeared,2014,wikipedia,https://en.wikipedia.org/wiki/Markdown
pl/gcc-machine-description,homepage,https://commonmark.org/,wikipedia,https://en.wikipedia.org/wiki/Markdown
pl/gedcom,designed_by,LDS FHD,wikipedia,https://en.wikipedia.org/wiki/GEDCOM
pl/gedcom,first_appeared,1984,wikipedia,https://en.wikipedia.org/wiki/GEDCOM
pl/gedcom,homepage,https://gedcom.io,wikipedia,https://en.wikipedia.org/wiki/GEDCOM
pl/gel,designed_by,GNU Project,wikipedia,https://en.wikipedia.org/wiki/GNU_Guile
pl/gel,designed_by,Aubrey Jaffer,wikipedia,https://en.wikipedia.org/wiki/GNU_Guile
pl/gel,designed_by,Tom Lord,wikipedia,https://en.wikipedia.org/wiki/GNU_Guile
pl/gel,designed_by,Miles Bader,wikipedia,https://en.wikipedia.org/wiki/GNU_Guile
pl/gel,first_appeared,1993,wikipedia,https://en.wikipedia.org/wiki/GNU_Guile
pl/gel,influenced_by,Lisp,wikipedia,https://en.wikipedia.org/wiki/GNU_Guile
pl/gel,influenced_by,Scheme,wikipedia,https://en.wikipedia.org/wiki/GNU_Guile
pl/gel,influenced_by,SCM,wikipedia,https://en.wikipedia.org/wiki/GNU_Guile
pl/gel,license,LGPL-3.0-or-later,wikipedia,https://en.wikipedia.org/wiki/GNU_Guile
pl/gel,homepage,https://gnu.org/software/guile,wikipedia,https://en.wikipedia.org/wiki/GNU_Guile
pl/genexus,designed_by,GeneXus,wikipedia,https://en.wikipedia.org/wiki/GeneXus
pl/genexus,first_appeared,1988,wikipedia,https://en.wikipedia.org/wiki/GeneXus
pl/genexus,license,Proprietary,wikipedia,https://en.wikipedia.org/wiki/GeneXus
pl/genexus,homepage,http://www.genexus.com,wikipedia,https://en.wikipedia.org/wiki/GeneXus
pl/genie,typing,static,wikipedia,https://en.wikipedia.org/wiki/Gosu_(programming_language)
pl/genie,designed_by,Guidewire Software,wikipedia,https://en.wikipedia.org/wiki/Gosu_(programming_language)
pl/genie,designed_by,open source contributors,wikipedia,https://en.wikipedia.org/wiki/Gosu_(programming_language)
pl/genie,designed_by,Scott McKinney,wikipedia,https://en.wikipedia.org/wiki/Gosu_(programming_language)
pl/genie,first_appeared,2010,wikipedia,https://en.wikipedia.org/wiki/Gosu_(programming_language)
pl/genie,influenced_by,Java,wikipedia,https://en.wikipedia.org/wiki/Gosu_(programming_language)
pl/genie,influenced_by,C#,wikipedia,https://en.wikipedia.org/wiki/Gosu_(programming_language)
pl/genie,license,Apache 2.0,wikipedia,https://en.wikipedia.org/wiki/Gosu_(programming_language)
pl/genie,homepage,https://gosu-lang.github.io/,wikipedia,https://en.wikipedia.org/wiki/Gosu_(programming_language)
pl/gentoo-eclass,designed_by,Martijn Dekker,wikipedia,https://en.wikipedia.org/wiki/KornShell
pl/gentoo-eclass,designed_by,Johnothan King,wikipedia,https://en.wikipedia.org/wiki/KornShell
pl/gentoo-eclass,designed_by,hyenias,wikipedia,https://en.wikipedia.org/wiki/KornShell
pl/gentoo-eclass,designed_by,Kurtis Rader,wikipedia,https://en.wikipedia.org/wiki/KornShell
pl/gentoo-eclass,designed_by,Siteshwar Vashisht,wikipedia,https://en.wikipedia.org/wiki/KornShell
pl/gentoo-eclass,designed_by,community,wikipedia,https://en.wikipedia.org/wiki/KornShell
pl/gentoo-eclass,first_appeared,1983,wikipedia,https://en.wikipedia.org/wiki/KornShell
pl/gentoo-eclass,license,Eclipse Public License,wikipedia,https://en.wikipedia.org/wiki/KornShell
pl/gentoo-eclass,homepage,http://github.com/ksh93/ksh/wiki,wikipedia,https://en.wikipedia.org/wiki/KornShell
pl/gentoo-ebuild,designed_by,Martijn Dekker,wikipedia,https://en.wikipedia.org/wiki/KornShell
pl/gentoo-ebuild,designed_by,Johnothan King,wikipedia,https://en.wikipedia.org/wiki/KornShell
pl/gentoo-ebuild,designed_by,hyenias,wikipedia,https://en.wikipedia.org/wiki/KornShell
pl/gentoo-ebuild,designed_by,Kurtis Rader,wikipedia,https://en.wikipedia.org/wiki/KornShell
pl/gentoo-ebuild,designed_by,Siteshwar Vashisht,wikipedia,https://en.wikipedia.org/wiki/KornShell
pl/gentoo-ebuild,designed_by,community,wikipedia,https://en.wikipedia.org/wiki/KornShell
pl/gentoo-ebuild,first_appeared,1983,wikipedia,https://en.wikipedia.org/wiki/KornShell
pl/gentoo-ebuild,license,Eclipse Public License,wikipedia,https://en.wikipedia.org/wiki/KornShell
pl/gentoo-ebuild,homepage,http://github.com/ksh93/ksh/wiki,wikipedia,https://en.wikipedia.org/wiki/KornShell
pl/geojson,homepage,https://geojson.org,wikipedia,https://en.wikipedia.org/wiki/GeoJSON
pl/gerber-image,paradigms,imperative,wikipedia,https://en.wikipedia.org/wiki/Solidity
pl/gerber-image,paradigms,object-oriented,wikipedia,https://en.wikipedia.org/wiki/Solidity
pl/gerber-image,typing,static,wikipedia,https://en.wikipedia.org/wiki/Solidity
pl/gerber-image,designed_by,Christian Reitwiessner,wikipedia,https://en.wikipedia.org/wiki/Solidity
pl/gerber-image,designed_by,Alex Beregszaszi,wikipedia,https://en.wikipedia.org/wiki/Solidity
pl/gerber-image,designed_by,and several former Ethereum core contributors,wikipedia,https://en.wikipedia.org/wiki/Solidity
pl/gerber-image,designed_by,Gavin Wood,wikipedia,https://en.wikipedia.org/wiki/Solidity
pl/gerber-image,first_appeared,2014,wikipedia,https://en.wikipedia.org/wiki/Solidity
pl/gerber-image,influenced_by,JavaScript,wikipedia,https://en.wikipedia.org/wiki/Solidity
pl/gerber-image,influenced_by,C++,wikipedia,https://en.wikipedia.org/wiki/Solidity
pl/gerber-image,influenced_by,Python,wikipedia,https://en.wikipedia.org/wiki/Solidity
pl/gerber-image,license,GNU General Public License v3.0,wikipedia,https://en.wikipedia.org/wiki/Solidity
pl/gerber-image,implementation_languages,C++,wikipedia,https://en.wikipedia.org/wiki/Solidity
pl/gerber-image,homepage,http://soliditylang.org,wikipedia,https://en.wikipedia.org/wiki/Solidity
pl/gforth,first_appeared,1992,wikipedia,https://en.wikipedia.org/wiki/Gforth
pl/gforth,license,GNU GPLv3,wikipedia,https://en.wikipedia.org/wiki/Gforth
pl/gforth,homepage,http://gnu.org/s/gforth/,wikipedia,https://en.wikipedia.org/wiki/Gforth
pl/gif,designed_by,CompuServe,wikipedia,https://en.wikipedia.org/wiki/GIF
pl/gif,first_appeared,1987,wikipedia,https://en.wikipedia.org/wiki/GIF
pl/gif,homepage,https://www.w3.org/Graphics/GIF/spec-gif89a.txt,wikipedia,https://en.wikipedia.org/wiki/GIF
pl/gleam,paradigms,multi-paradigm: functional,wikipedia,https://en.wikipedia.org/wiki/Gleam_(programming_language)
pl/gleam,paradigms,concurrent,wikipedia,https://en.wikipedia.org/wiki/Gleam_(programming_language)
pl/gleam,typing,"type-safe, static, inferred",wikipedia,https://en.wikipedia.org/wiki/Gleam_(programming_language)
pl/gleam,designed_by,Louis Pilfold,wikipedia,https://en.wikipedia.org/wiki/Gleam_(programming_language)
pl/gleam,first_appeared,2016,wikipedia,https://en.wikipedia.org/wiki/Gleam_(programming_language)
pl/gleam,influenced_by,Alpaca,wikipedia,https://en.wikipedia.org/wiki/Gleam_(programming_language)
pl/gleam,influenced_by,Elm,wikipedia,https://en.wikipedia.org/wiki/Gleam_(programming_language)
pl/gleam,influenced_by,Erlang,wikipedia,https://en.wikipedia.org/wiki/Gleam_(programming_language)
pl/gleam,influenced_by,Elixir,wikipedia,https://en.wikipedia.org/wiki/Gleam_(programming_language)
pl/gleam,influenced_by,Go,wikipedia,https://en.wikipedia.org/wiki/Gleam_(programming_language)
pl/gleam,influenced_by,JavaScript,wikipedia,https://en.wikipedia.org/wiki/Gleam_(programming_language)
pl/gleam,influenced_by,OCaml,wikipedia,https://en.wikipedia.org/wiki/Gleam_(programming_language)
pl/gleam,influenced_by,Rust,wikipedia,https://en.wikipedia.org/wiki/Gleam_(programming_language)
pl/gleam,license,Apache License 2.0,wikipedia,https://en.wikipedia.org/wiki/Gleam_(programming_language)
pl/gleam,implementation_languages,Rust,wikipedia,https://en.wikipedia.org/wiki/Gleam_(programming_language)
pl/gleam,homepage,https://gleam.run/,wikipedia,https://en.wikipedia.org/wiki/Gleam_(programming_language)
pl/gleam-programming-language,paradigms,multi-paradigm: functional,wikipedia,https://en.wikipedia.org/wiki/Gleam_(programming_language)
pl/gleam-programming-language,paradigms,concurrent,wikipedia,https://en.wikipedia.org/wiki/Gleam_(programming_language)
pl/gleam-programming-language,typing,"type-safe, static, inferred",wikipedia,https://en.wikipedia.org/wiki/Gleam_(programming_language)
pl/gleam-programming-language,designed_by,Louis Pilfold,wikipedia,https://en.wikipedia.org/wiki/Gleam_(programming_language)
pl/gleam-programming-language,first_appeared,2016,wikipedia,https://en.wikipedia.org/wiki/Gleam_(programming_language)
pl/gleam-programming-language,influenced_by,Alpaca,wikipedia,https://en.wikipedia.org/wiki/Gleam_(programming_language)
pl/gleam-programming-language,influenced_by,Elm,wikipedia,https://en.wikipedia.org/wiki/Gleam_(programming_language)
pl/gleam-programming-language,influenced_by,Erlang,wikipedia,https://en.wikipedia.org/wiki/Gleam_(programming_language)
pl/gleam-programming-language,influenced_by,Elixir,wikipedia,https://en.wikipedia.org/wiki/Gleam_(programming_language)
pl/gleam-programming-language,influenced_by,Go,wikipedia,https://en.wikipedia.org/wiki/Gleam_(programming_language)
pl/gleam-programming-language,influenced_by,JavaScript,wikipedia,https://en.wikipedia.org/wiki/Gleam_(programming_language)
pl/gleam-programming-language,influenced_by,OCaml,wikipedia,https://en.wikipedia.org/wiki/Gleam_(programming_language)
pl/gleam-programming-language,influenced_by,Rust,wikipedia,https://en.wikipedia.org/wiki/Gleam_(programming_language)
pl/gleam-programming-language,license,Apache License 2.0,wikipedia,https://en.wikipedia.org/wiki/Gleam_(programming_language)
pl/gleam-programming-language,implementation_languages,Rust,wikipedia,https://en.wikipedia.org/wiki/Gleam_(programming_language)
pl/gleam-programming-language,homepage,https://gleam.run/,wikipedia,https://en.wikipedia.org/wiki/Gleam_(programming_language)
pl/glsl,designed_by,Khronos Group,wikipedia,https://en.wikipedia.org/wiki/OpenGL_Shading_Language
pl/glsl,first_appeared,2002,wikipedia,https://en.wikipedia.org/wiki/OpenGL_Shading_Language
pl/glsl,homepage,https://www.opengl.org/,wikipedia,https://en.wikipedia.org/wiki/OpenGL_Shading_Language
pl/gltf,designed_by,Khronos Group,wikipedia,https://en.wikipedia.org/wiki/GlTF
pl/gltf,first_appeared,2015,wikipedia,https://en.wikipedia.org/wiki/GlTF
pl/gltf,homepage,https://khronos.org/gltf,wikipedia,https://en.wikipedia.org/wiki/GlTF
pl/glyph-bitmap-distribution-format,designed_by,Adobe Inc,wikipedia,https://en.wikipedia.org/wiki/Glyph_Bitmap_Distribution_Format
pl/glyph-bitmap-distribution-format,first_appeared,1987,wikipedia,https://en.wikipedia.org/wiki/Glyph_Bitmap_Distribution_Format
pl/glyph-bitmap-distribution-format,homepage,https://www.adobe.com/content/dam/Adobe/en/devnet/font/pdfs/5005.BDF_Spec.pdf,wikipedia,https://en.wikipedia.org/wiki/Glyph_Bitmap_Distribution_Format
pl/gml,designed_by,Open Geospatial Consortium,wikipedia,https://en.wikipedia.org/wiki/Geography_Markup_Language
pl/gml,first_appeared,2000,wikipedia,https://en.wikipedia.org/wiki/Geography_Markup_Language
pl/go,paradigms,multi-paradigm: concurrent,wikipedia,https://en.wikipedia.org/wiki/Go_(programming_language)
pl/go,paradigms,imperative,wikipedia,https://en.wikipedia.org/wiki/Go_(programming_language)
pl/go,paradigms,functional,wikipedia,https://en.wikipedia.org/wiki/Go_(programming_language)
pl/go,paradigms,object-oriented,wikipedia,https://en.wikipedia.org/wiki/Go_(programming_language)
pl/go,typing,"inferred, static, strong, structural, nominal",wikipedia,https://en.wikipedia.org/wiki/Go_(programming_language)
pl/go,designed_by,The Go Authors,wikipedia,https://en.wikipedia.org/wiki/Go_(programming_language)
pl/go,designed_by,Robert Griesemer Rob Pike Ken Thompson,wikipedia,https://en.wikipedia.org/wiki/Go_(programming_language)
pl/go,first_appeared,2009,wikipedia,https://en.wikipedia.org/wiki/Go_(programming_language)
pl/go,influenced_by,C,wikipedia,https://en.wikipedia.org/wiki/Go_(programming_language)
pl/go,influenced_by,Oberon-2,wikipedia,https://en.wikipedia.org/wiki/Go_(programming_language)
pl/go,influenced_by,Limbo,wikipedia,https://en.wikipedia.org/wiki/Go_(programming_language)
pl/go,influenced_by,Active Oberon,wikipedia,https://en.wikipedia.org/wiki/Go_(programming_language)
pl/go,influenced_by,communicating sequential processes,wikipedia,https://en.wikipedia.org/wiki/Go_(programming_language)
pl/go,influenced_by,Pascal,wikipedia,https://en.wikipedia.org/wiki/Go_(programming_language)
pl/go,influenced_by,Oberon,wikipedia,https://en.wikipedia.org/wiki/Go_(programming_language)
pl/go,influenced_by,Smalltalk,wikipedia,https://en.wikipedia.org/wiki/Go_(programming_language)
pl/go,influenced_by,Newsqueak,wikipedia,https://en.wikipedia.org/wiki/Go_(programming_language)
pl/go,influenced_by,Modula-2,wikipedia,https://en.wikipedia.org/wiki/Go_(programming_language)
pl/go,influenced_by,Alef,wikipedia,https://en.wikipedia.org/wiki/Go_(programming_language)
pl/go,influenced_by,APL,wikipedia,https://en.wikipedia.org/wiki/Go_(programming_language)
pl/go,influenced_by,BCPL,wikipedia,https://en.wikipedia.org/wiki/Go_(programming_language)
pl/go,influenced_by,Modula,wikipedia,https://en.wikipedia.org/wiki/Go_(programming_language)
pl/go,influenced_by,occam,wikipedia,https://en.wikipedia.org/wiki/Go_(programming_language)
pl/go,license,3-clause BSD + patent grant,wikipedia,https://en.wikipedia.org/wiki/Go_(programming_language)
pl/go,implementation_languages,Go,wikipedia,https://en.wikipedia.org/wiki/Go_(programming_language)
pl/go,implementation_languages,Assembly language (gc),wikipedia,https://en.wikipedia.org/wiki/Go_(programming_language)
pl/go,implementation_languages,C++ (gofrontend),wikipedia,https://en.wikipedia.org/wiki/Go_(programming_language)
pl/go,homepage,https://go.dev,wikipedia,https://en.wikipedia.org/wiki/Go_(programming_language)
pl/go-programming-language,paradigms,multi-paradigm: concurrent,wikipedia,https://en.wikipedia.org/wiki/Go_(programming_language)
pl/go-programming-language,paradigms,imperative,wikipedia,https://en.wikipedia.org/wiki/Go_(programming_language)
pl/go-programming-language,paradigms,functional,wikipedia,https://en.wikipedia.org/wiki/Go_(programming_language)
pl/go-programming-language,paradigms,object-oriented,wikipedia,https://en.wikipedia.org/wiki/Go_(programming_language)
pl/go-programming-language,typing,"inferred, static, strong, structural, nominal",wikipedia,https://en.wikipedia.org/wiki/Go_(programming_language)
pl/go-programming-language,designed_by,The Go Authors,wikipedia,https://en.wikipedia.org/wiki/Go_(programming_language)
pl/go-programming-language,designed_by,Robert Griesemer Rob Pike Ken Thompson,wikipedia,https://en.wikipedia.org/wiki/Go_(programming_language)
pl/go-programming-language,first_appeared,2009,wikipedia,https://en.wikipedia.org/wiki/Go_(programming_language)
pl/go-programming-language,influenced_by,C,wikipedia,https://en.wikipedia.org/wiki/Go_(programming_language)
pl/go-programming-language,influenced_by,Oberon-2,wikipedia,https://en.wikipedia.org/wiki/Go_(programming_language)
pl/go-programming-language,influenced_by,Limbo,wikipedia,https://en.wikipedia.org/wiki/Go_(programming_language)
pl/go-programming-language,influenced_by,Active Oberon,wikipedia,https://en.wikipedia.org/wiki/Go_(programming_language)
pl/go-programming-language,influenced_by,communicating sequential processes,wikipedia,https://en.wikipedia.org/wiki/Go_(programming_language)
pl/go-programming-language,influenced_by,Pascal,wikipedia,https://en.wikipedia.org/wiki/Go_(programming_language)
pl/go-programming-language,influenced_by,Oberon,wikipedia,https://en.wikipedia.org/wiki/Go_(programming_language)
pl/go-programming-language,influenced_by,Smalltalk,wikipedia,https://en.wikipedia.org/wiki/Go_(programming_language)
pl/go-programming-language,influenced_by,Newsqueak,wikipedia,https://en.wikipedia.org/wiki/Go_(programming_language)
pl/go-programming-language,influenced_by,Modula-2,wikipedia,https://en.wikipedia.org/wiki/Go_(programming_language)
pl/go-programming-language,influenced_by,Alef,wikipedia,https://en.wikipedia.org/wiki/Go_(programming_language)
pl/go-programming-language,influenced_by,APL,wikipedia,https://en.wikipedia.org/wiki/Go_(programming_language)
pl/go-programming-language,influenced_by,BCPL,wikipedia,https://en.wikipedia.org/wiki/Go_(programming_language)
pl/go-programming-language,influenced_by,Modula,wikipedia,https://en.wikipedia.org/wiki/Go_(programming_language)
pl/go-programming-language,influenced_by,occam,wikipedia,https://en.wikipedia.org/wiki/Go_(programming_language)
pl/go-programming-language,license,3-clause BSD + patent grant,wikipedia,https://en.wikipedia.org/wiki/Go_(programming_language)
pl/go-programming-language,implementation_languages,Go,wikipedia,https://en.wikipedia.org/wiki/Go_(programming_language)
pl/go-programming-language,implementation_languages,Assembly language (gc),wikipedia,https://en.wikipedia.org/wiki/Go_(programming_language)
pl/go-programming-language,implementation_languages,C++ (gofrontend),wikipedia,https://en.wikipedia.org/wiki/Go_(programming_language)
pl/go-programming-language,homepage,https://go.dev,wikipedia,https://en.wikipedia.org/wiki/Go_(programming_language)
pl/golo,typing,"dynamic, weak",wikipedia,https://en.wikipedia.org/wiki/Golo_(programming_language)
pl/golo,designed_by,INSA Lyon,wikipedia,https://en.wikipedia.org/wiki/Golo_(programming_language)
pl/golo,first_appeared,2012,wikipedia,https://en.wikipedia.org/wiki/Golo_(programming_language)
pl/golo,license,Eclipse Public 2.0,wikipedia,https://en.wikipedia.org/wiki/Golo_(programming_language)
pl/golo,homepage,http://golo-lang.org,wikipedia,https://en.wikipedia.org/wiki/Golo_(programming_language)
pl/golo-programming-language,typing,"dynamic, weak",wikipedia,https://en.wikipedia.org/wiki/Golo_(programming_language)
pl/golo-programming-language,designed_by,INSA Lyon,wikipedia,https://en.wikipedia.org/wiki/Golo_(programming_language)
pl/golo-programming-language,first_appeared,2012,wikipedia,https://en.wikipedia.org/wiki/Golo_(programming_language)
pl/golo-programming-language,license,Eclipse Public 2.0,wikipedia,https://en.wikipedia.org/wiki/Golo_(programming_language)
pl/golo-programming-language,homepage,http://golo-lang.org,wikipedia,https://en.wikipedia.org/wiki/Golo_(programming_language)
pl/gosu,typing,static,wikipedia,https://en.wikipedia.org/wiki/Gosu_(programming_language)
pl/gosu,designed_by,Guidewire Software,wikipedia,https://en.wikipedia.org/wiki/Gosu_(programming_language)
pl/gosu,designed_by,open source contributors,wikipedia,https://en.wikipedia.org/wiki/Gosu_(programming_language)
pl/gosu,designed_by,Scott McKinney,wikipedia,https://en.wikipedia.org/wiki/Gosu_(programming_language)
pl/gosu,first_appeared,2010,wikipedia,https://en.wikipedia.org/wiki/Gosu_(programming_language)
pl/gosu,influenced_by,Java,wikipedia,https://en.wikipedia.org/wiki/Gosu_(programming_language)
pl/gosu,influenced_by,C#,wikipedia,https://en.wikipedia.org/wiki/Gosu_(programming_language)
pl/gosu,license,Apache 2.0,wikipedia,https://en.wikipedia.org/wiki/Gosu_(programming_language)
pl/gosu,homepage,https://gosu-lang.github.io/,wikipedia,https://en.wikipedia.org/wiki/Gosu_(programming_language)
pl/gosu-programming-language,typing,static,wikipedia,https://en.wikipedia.org/wiki/Gosu_(programming_language)
pl/gosu-programming-language,designed_by,Guidewire Software,wikipedia,https://en.wikipedia.org/wiki/Gosu_(programming_language)
pl/gosu-programming-language,designed_by,open source contributors,wikipedia,https://en.wikipedia.org/wiki/Gosu_(programming_language)
pl/gosu-programming-language,designed_by,Scott McKinney,wikipedia,https://en.wikipedia.org/wiki/Gosu_(programming_language)
pl/gosu-programming-language,first_appeared,2010,wikipedia,https://en.wikipedia.org/wiki/Gosu_(programming_language)
pl/gosu-programming-language,influenced_by,Java,wikipedia,https://en.wikipedia.org/wiki/Gosu_(programming_language)
pl/gosu-programming-language,influenced_by,C#,wikipedia,https://en.wikipedia.org/wiki/Gosu_(programming_language)
pl/gosu-programming-language,license,Apache 2.0,wikipedia,https://en.wikipedia.org/wiki/Gosu_(programming_language)
pl/gosu-programming-language,homepage,https://gosu-lang.github.io/,wikipedia,https://en.wikipedia.org/wiki/Gosu_(programming_language)
pl/gpss,designed_by,IBM,wikipedia,https://en.wikipedia.org/wiki/GPSS
pl/gpss,designed_by,Geoffrey Gordon,wikipedia,https://en.wikipedia.org/wiki/GPSS
pl/gpss,first_appeared,1961,wikipedia,https://en.wikipedia.org/wiki/GPSS
pl/graphql,designed_by,The GraphQL Foundation,wikipedia,https://en.wikipedia.org/wiki/GraphQL
pl/graphql,first_appeared,2015,wikipedia,https://en.wikipedia.org/wiki/GraphQL
pl/graphql,homepage,https://graphql.org,wikipedia,https://en.wikipedia.org/wiki/GraphQL
pl/gremlin,designed_by,Apache TinkerPop of the Apache Software Foundation,wikipedia,https://en.wikipedia.org/wiki/Gremlin_(query_language)
pl/gremlin,designed_by,Marko A. Rodriguez,wikipedia,https://en.wikipedia.org/wiki/Gremlin_(query_language)
pl/gremlin,first_appeared,2009,wikipedia,https://en.wikipedia.org/wiki/Gremlin_(query_language)
pl/gremlin,influenced_by,Regular expression,wikipedia,https://en.wikipedia.org/wiki/Gremlin_(query_language)
pl/gremlin,influenced_by,XPath,wikipedia,https://en.wikipedia.org/wiki/Gremlin_(query_language)
pl/gremlin,influenced_by,Ripple,wikipedia,https://en.wikipedia.org/wiki/Gremlin_(query_language)
pl/gremlin,influenced_by,SPARQL,wikipedia,https://en.wikipedia.org/wiki/Gremlin_(query_language)
pl/gremlin,influenced_by,SQL,wikipedia,https://en.wikipedia.org/wiki/Gremlin_(query_language)
pl/gremlin,influenced_by,Java / JVM,wikipedia,https://en.wikipedia.org/wiki/Gremlin_(query_language)
pl/gremlin,license,Apache License 2.0,wikipedia,https://en.wikipedia.org/wiki/Gremlin_(query_language)
pl/gremlin,homepage,http://tinkerpop.apache.org,wikipedia,https://en.wikipedia.org/wiki/Gremlin_(query_language)
pl/groovy-server-pages,typing,static,wikipedia,https://en.wikipedia.org/wiki/Gosu_(programming_language)
pl/groovy-server-pages,designed_by,Guidewire Software,wikipedia,https://en.wikipedia.org/wiki/Gosu_(programming_language)
pl/groovy-server-pages,designed_by,open source contributors,wikipedia,https://en.wikipedia.org/wiki/Gosu_(programming_language)
pl/groovy-server-pages,designed_by,Scott McKinney,wikipedia,https://en.wikipedia.org/wiki/Gosu_(programming_language)
pl/groovy-server-pages,first_appeared,2010,wikipedia,https://en.wikipedia.org/wiki/Gosu_(programming_language)
pl/groovy-server-pages,influenced_by,Java,wikipedia,https://en.wikipedia.org/wiki/Gosu_(programming_language)
pl/groovy-server-pages,influenced_by,C#,wikipedia,https://en.wikipedia.org/wiki/Gosu_(programming_language)
pl/groovy-server-pages,license,Apache 2.0,wikipedia,https://en.wikipedia.org/wiki/Gosu_(programming_language)
pl/groovy-server-pages,homepage,https://gosu-lang.github.io/,wikipedia,https://en.wikipedia.org/wiki/Gosu_(programming_language)
pl/guile,designed_by,GNU Project,wikipedia,https://en.wikipedia.org/wiki/GNU_Guile
pl/guile,designed_by,Aubrey Jaffer,wikipedia,https://en.wikipedia.org/wiki/GNU_Guile
pl/guile,designed_by,Tom Lord,wikipedia,https://en.wikipedia.org/wiki/GNU_Guile
pl/guile,designed_by,Miles Bader,wikipedia,https://en.wikipedia.org/wiki/GNU_Guile
pl/guile,first_appeared,1993,wikipedia,https://en.wikipedia.org/wiki/GNU_Guile
pl/guile,influenced_by,Lisp,wikipedia,https://en.wikipedia.org/wiki/GNU_Guile
pl/guile,influenced_by,Scheme,wikipedia,https://en.wikipedia.org/wiki/GNU_Guile
pl/guile,influenced_by,SCM,wikipedia,https://en.wikipedia.org/wiki/GNU_Guile
pl/guile,license,LGPL-3.0-or-later,wikipedia,https://en.wikipedia.org/wiki/GNU_Guile
pl/guile,homepage,https://gnu.org/software/guile,wikipedia,https://en.wikipedia.org/wiki/GNU_Guile
pl/gw-basic,designed_by,Microsoft,wikipedia,https://en.wikipedia.org/wiki/GW-BASIC
pl/gw-basic,first_appeared,1983,wikipedia,https://en.wikipedia.org/wiki/GW-BASIC
pl/gw-basic,influenced_by,IBM Cassette BASIC,wikipedia,https://en.wikipedia.org/wiki/GW-BASIC
pl/gw-basic,influenced_by,IBM Disk BASIC,wikipedia,https://en.wikipedia.org/wiki/GW-BASIC
pl/gw-basic,influenced_by,IBM BASICA,wikipedia,https://en.wikipedia.org/wiki/GW-BASIC
pl/gw-basic,license,Proprietary MIT License (v1.0),wikipedia,https://en.wikipedia.org/wiki/GW-BASIC
pl/hack,paradigms,multi-paradigm: imperative,wikipedia,https://en.wikipedia.org/wiki/PHP
pl/hack,paradigms,functional,wikipedia,https://en.wikipedia.org/wiki/PHP
pl/hack,paradigms,object-oriented,wikipedia,https://en.wikipedia.org/wiki/PHP
pl/hack,paradigms,procedural,wikipedia,https://en.wikipedia.org/wiki/PHP
pl/hack,paradigms,reflective,wikipedia,https://en.wikipedia.org/wiki/PHP
pl/hack,typing,"dynamic, weak, gradual",wikipedia,https://en.wikipedia.org/wiki/PHP
pl/hack,designed_by,The PHP Development Team,wikipedia,https://en.wikipedia.org/wiki/PHP
pl/hack,designed_by,Zend Technologies,wikipedia,https://en.wikipedia.org/wiki/PHP
pl/hack,designed_by,PHP Foundation,wikipedia,https://en.wikipedia.org/wiki/PHP
pl/hack,designed_by,Rasmus Lerdorf,wikipedia,https://en.wikipedia.org/wiki/PHP
pl/hack,first_appeared,1995,wikipedia,https://en.wikipedia.org/wiki/PHP
pl/hack,influenced_by,Perl,wikipedia,https://en.wikipedia.org/wiki/PHP
pl/hack,influenced_by,C,wikipedia,https://en.wikipedia.org/wiki/PHP
pl/hack,influenced_by,C++,wikipedia,https://en.wikipedia.org/wiki/PHP
pl/hack,influenced_by,Java,wikipedia,https://en.wikipedia.org/wiki/PHP
pl/hack,influenced_by,Tcl,wikipedia,https://en.wikipedia.org/wiki/PHP
pl/hack,influenced_by,JavaScript,wikipedia,https://en.wikipedia.org/wiki/PHP
pl/hack,license,Modified BSD License,wikipedia,https://en.wikipedia.org/wiki/PHP
pl/hack,implementation_languages,C (primarily,wikipedia,https://en.wikipedia.org/wiki/PHP
pl/hack,implementation_languages,some components in C++),wikipedia,https://en.wikipedia.org/wiki/PHP
pl/hack,homepage,https://thephp.foundation,wikipedia,https://en.wikipedia.org/wiki/PHP
pl/halide,paradigms,functional,wikipedia,https://en.wikipedia.org/wiki/Halide_(programming_language)
pl/halide,paradigms,parallel,wikipedia,https://en.wikipedia.org/wiki/Halide_(programming_language)
pl/halide,typing,static,wikipedia,https://en.wikipedia.org/wiki/Halide_(programming_language)
pl/halide,designed_by,MIT,wikipedia,https://en.wikipedia.org/wiki/Halide_(programming_language)
pl/halide,designed_by,(with help from Stanford,wikipedia,https://en.wikipedia.org/wiki/Halide_(programming_language)
pl/halide,designed_by,Google,wikipedia,https://en.wikipedia.org/wiki/Halide_(programming_language)
pl/halide,designed_by,Adobe),wikipedia,https://en.wikipedia.org/wiki/Halide_(programming_language)
pl/halide,designed_by,Jonathan Ragan-Kelley Andrew Adams,wikipedia,https://en.wikipedia.org/wiki/Halide_(programming_language)
pl/halide,first_appeared,2012,wikipedia,https://en.wikipedia.org/wiki/Halide_(programming_language)
pl/halide,license,MIT License,wikipedia,https://en.wikipedia.org/wiki/Halide_(programming_language)
pl/halide,implementation_languages,C++,wikipedia,https://en.wikipedia.org/wiki/Halide_(programming_language)
pl/halide,homepage,http://halide-lang.org,wikipedia,https://en.wikipedia.org/wiki/Halide_(programming_language)
pl/haml,paradigms,template engine,wikipedia,https://en.wikipedia.org/wiki/Haml
pl/haml,designed_by,Natalie Weizenbaum (past),wikipedia,https://en.wikipedia.org/wiki/Haml
pl/haml,designed_by,Norman Clarke,wikipedia,https://en.wikipedia.org/wiki/Haml
pl/haml,designed_by,Matt Wildig,wikipedia,https://en.wikipedia.org/wiki/Haml
pl/haml,designed_by,Akira Matsuda,wikipedia,https://en.wikipedia.org/wiki/Haml
pl/haml,designed_by,Tee Parham,wikipedia,https://en.wikipedia.org/wiki/Haml
pl/haml,designed_by,Hampton Catlin,wikipedia,https://en.wikipedia.org/wiki/Haml
pl/haml,license,MIT License and Unspace Interactive,wikipedia,https://en.wikipedia.org/wiki/Haml
pl/haml,implementation_languages,Ruby,wikipedia,https://en.wikipedia.org/wiki/Haml
pl/haml,homepage,http://haml.info/,wikipedia,https://en.wikipedia.org/wiki/Haml
pl/handel-c,paradigms,imperative (procedural,wikipedia,https://en.wikipedia.org/wiki/Handel-C
pl/handel-c,paradigms,structured),wikipedia,https://en.wikipedia.org/wiki/Handel-C
pl/handel-c,paradigms,concurrent,wikipedia,https://en.wikipedia.org/wiki/Handel-C
pl/handel-c,typing,"static, manifest, nominal, inferred",wikipedia,https://en.wikipedia.org/wiki/Handel-C
pl/handel-c,designed_by,ESL,wikipedia,https://en.wikipedia.org/wiki/Handel-C
pl/handel-c,designed_by,Celoxica,wikipedia,https://en.wikipedia.org/wiki/Handel-C
pl/handel-c,designed_by,Agility,wikipedia,https://en.wikipedia.org/wiki/Handel-C
pl/handel-c,designed_by,Mentor Graphics,wikipedia,https://en.wikipedia.org/wiki/Handel-C
pl/handel-c,designed_by,Siemens EDA,wikipedia,https://en.wikipedia.org/wiki/Handel-C
pl/handel-c,designed_by,Oxford University Computing Laboratory,wikipedia,https://en.wikipedia.org/wiki/Handel-C
pl/handel-c,first_appeared,1996,wikipedia,https://en.wikipedia.org/wiki/Handel-C
pl/handel-c,influenced_by,C,wikipedia,https://en.wikipedia.org/wiki/Handel-C
pl/handel-c,influenced_by,CSP,wikipedia,https://en.wikipedia.org/wiki/Handel-C
pl/handel-c,influenced_by,occam,wikipedia,https://en.wikipedia.org/wiki/Handel-C
pl/handel-c,homepage,https://eda.sw.siemens.com/en-US/ic/precision/,wikipedia,https://en.wikipedia.org/wiki/Handel-C
pl/harbour,paradigms,multi-paradigm: imperative,wikipedia,https://en.wikipedia.org/wiki/Harbour_(programming_language)
pl/harbour,paradigms,functional,wikipedia,https://en.wikipedia.org/wiki/Harbour_(programming_language)
pl/harbour,paradigms,object-oriented,wikipedia,https://en.wikipedia.org/wiki/Harbour_(programming_language)
pl/harbour,paradigms,reflective,wikipedia,https://en.wikipedia.org/wiki/Harbour_(programming_language)
pl/harbour,typing,"optionally duck, dynamic, safe, partly strong",wikipedia,https://en.wikipedia.org/wiki/Harbour_(programming_language)
pl/harbour,designed_by,Viktor Szakáts,wikipedia,https://en.wikipedia.org/wiki/Harbour_(programming_language)
pl/harbour,designed_by,community,wikipedia,https://en.wikipedia.org/wiki/Harbour_(programming_language)
pl/harbour,designed_by,Antonio Linares,wikipedia,https://en.wikipedia.org/wiki/Harbour_(programming_language)
pl/harbour,first_appeared,1999,wikipedia,https://en.wikipedia.org/wiki/Harbour_(programming_language)
pl/harbour,influenced_by,dBase,wikipedia,https://en.wikipedia.org/wiki/Harbour_(programming_language)
pl/harbour,influenced_by,Clipper,wikipedia,https://en.wikipedia.org/wiki/Harbour_(programming_language)
pl/harbour,license,Open-source GPL -compatible,wikipedia,https://en.wikipedia.org/wiki/Harbour_(programming_language)
pl/harbour,homepage,http://harbour.github.io,wikipedia,https://en.wikipedia.org/wiki/Harbour_(programming_language)
pl/haskell,paradigms,purely functional,wikipedia,https://en.wikipedia.org/wiki/Haskell
pl/haskell,typing,"inferred, static, strong",wikipedia,https://en.wikipedia.org/wiki/Haskell
pl/haskell,designed_by,Lennart Augustsson,wikipedia,https://en.wikipedia.org/wiki/Haskell
pl/haskell,designed_by,Dave Barton,wikipedia,https://en.wikipedia.org/wiki/Haskell
pl/haskell,designed_by,Brian Boutel,wikipedia,https://en.wikipedia.org/wiki/Haskell
pl/haskell,designed_by,Warren Burton,wikipedia,https://en.wikipedia.org/wiki/Haskell
pl/haskell,designed_by,Joseph Fasel,wikipedia,https://en.wikipedia.org/wiki/Haskell
pl/haskell,designed_by,Kevin Hammond,wikipedia,https://en.wikipedia.org/wiki/Haskell
pl/haskell,designed_by,Ralf Hinze,wikipedia,https://en.wikipedia.org/wiki/Haskell
pl/haskell,designed_by,Paul Hudak,wikipedia,https://en.wikipedia.org/wiki/Haskell
pl/haskell,designed_by,John Hughes,wikipedia,https://en.wikipedia.org/wiki/Haskell
pl/haskell,designed_by,Thomas Johnsson,wikipedia,https://en.wikipedia.org/wiki/Haskell
pl/haskell,designed_by,Mark Jones,wikipedia,https://en.wikipedia.org/wiki/Haskell
pl/haskell,designed_by,Simon Peyton Jones,wikipedia,https://en.wikipedia.org/wiki/Haskell
pl/haskell,designed_by,John Launchbury,wikipedia,https://en.wikipedia.org/wiki/Haskell
pl/haskell,designed_by,Erik Meijer,wikipedia,https://en.wikipedia.org/wiki/Haskell
pl/haskell,designed_by,John Peterson,wikipedia,https://en.wikipedia.org/wiki/Haskell
pl/haskell,designed_by,Alastair Reid,wikipedia,https://en.wikipedia.org/wiki/Haskell
pl/haskell,designed_by,Colin Runciman,wikipedia,https://en.wikipedia.org/wiki/Haskell
pl/haskell,designed_by,Philip Wadler,wikipedia,https://en.wikipedia.org/wiki/Haskell
pl/haskell,first_appeared,1990,wikipedia,https://en.wikipedia.org/wiki/Haskell
pl/haskell,influenced_by,Clean,wikipedia,https://en.wikipedia.org/wiki/Haskell
pl/haskell,influenced_by,FP,wikipedia,https://en.wikipedia.org/wiki/Haskell
pl/haskell,influenced_by,Gofer,wikipedia,https://en.wikipedia.org/wiki/Haskell
pl/haskell,influenced_by,Hope,wikipedia,https://en.wikipedia.org/wiki/Haskell
pl/haskell,influenced_by,Hope +,wikipedia,https://en.wikipedia.org/wiki/Haskell
pl/haskell,influenced_by,Id,wikipedia,https://en.wikipedia.org/wiki/Haskell
pl/haskell,influenced_by,ISWIM,wikipedia,https://en.wikipedia.org/wiki/Haskell
pl/haskell,influenced_by,KRC,wikipedia,https://en.wikipedia.org/wiki/Haskell
pl/haskell,influenced_by,Lisp,wikipedia,https://en.wikipedia.org/wiki/Haskell
pl/haskell,influenced_by,Miranda,wikipedia,https://en.wikipedia.org/wiki/Haskell
pl/haskell,influenced_by,ML,wikipedia,https://en.wikipedia.org/wiki/Haskell
pl/haskell,influenced_by,Standard ML,wikipedia,https://en.wikipedia.org/wiki/Haskell
pl/haskell,influenced_by,Orwell,wikipedia,https://en.wikipedia.org/wiki/Haskell
pl/haskell,influenced_by,SASL,wikipedia,https://en.wikipedia.org/wiki/Haskell
pl/haskell,influenced_by,Scheme,wikipedia,https://en.wikipedia.org/wiki/Haskell
pl/haskell,influenced_by,SISAL,wikipedia,https://en.wikipedia.org/wiki/Haskell
pl/haskell,homepage,http://haskell.org,wikipedia,https://en.wikipedia.org/wiki/Haskell
pl/haxe,paradigms,multi-paradigm: object-oriented,wikipedia,https://en.wikipedia.org/wiki/Haxe
pl/haxe,paradigms,functional,wikipedia,https://en.wikipedia.org/wiki/Haxe
pl/haxe,paradigms,generic,wikipedia,https://en.wikipedia.org/wiki/Haxe
pl/haxe,typing,"static, dynamic via annotations, nominal",wikipedia,https://en.wikipedia.org/wiki/Haxe
pl/haxe,designed_by,Haxe Foundation,wikipedia,https://en.wikipedia.org/wiki/Haxe
pl/haxe,designed_by,Nicolas Cannasse,wikipedia,https://en.wikipedia.org/wiki/Haxe
pl/haxe,first_appeared,2005,wikipedia,https://en.wikipedia.org/wiki/Haxe
pl/haxe,influenced_by,ECMAScript,wikipedia,https://en.wikipedia.org/wiki/Haxe
pl/haxe,influenced_by,JavaScript,wikipedia,https://en.wikipedia.org/wiki/Haxe
pl/haxe,influenced_by,ActionScript,wikipedia,https://en.wikipedia.org/wiki/Haxe
pl/haxe,influenced_by,OCaml,wikipedia,https://en.wikipedia.org/wiki/Haxe
pl/haxe,influenced_by,Java,wikipedia,https://en.wikipedia.org/wiki/Haxe
pl/haxe,influenced_by,C++,wikipedia,https://en.wikipedia.org/wiki/Haxe
pl/haxe,influenced_by,PHP,wikipedia,https://en.wikipedia.org/wiki/Haxe
pl/haxe,influenced_by,C#,wikipedia,https://en.wikipedia.org/wiki/Haxe
pl/haxe,influenced_by,Python,wikipedia,https://en.wikipedia.org/wiki/Haxe
pl/haxe,influenced_by,Lua,wikipedia,https://en.wikipedia.org/wiki/Haxe
pl/haxe,influenced_by,NekoVM,wikipedia,https://en.wikipedia.org/wiki/Haxe
pl/haxe,license,"GPL 2.0, library: MIT",wikipedia,https://en.wikipedia.org/wiki/Haxe
pl/haxe,implementation_languages,OCaml,wikipedia,https://en.wikipedia.org/wiki/Haxe
pl/haxe,homepage,https://haxe.org,wikipedia,https://en.wikipedia.org/wiki/Haxe
pl/hdf,designed_by,The HDF Group,wikipedia,https://en.wikipedia.org/wiki/Hierarchical_Data_Format
pl/hdf,homepage,https://www.hdfgroup.org/solutions/hdf5,wikipedia,https://en.wikipedia.org/wiki/Hierarchical_Data_Format
pl/hla,designed_by,Randall Hyde,wikipedia,https://en.wikipedia.org/wiki/High_Level_Assembly
pl/hla,license,Public domain,wikipedia,https://en.wikipedia.org/wiki/High_Level_Assembly
pl/hla,homepage,https://plantation-productions.com/Webster/HighLevelAsm/index.html,wikipedia,https://en.wikipedia.org/wiki/High_Level_Assembly
pl/hlsl,designed_by,NVIDIA,wikipedia,https://en.wikipedia.org/wiki/High-Level_Shader_Language
pl/hlsl,designed_by,Microsoft,wikipedia,https://en.wikipedia.org/wiki/High-Level_Shader_Language
pl/hlsl,influenced_by,C,wikipedia,https://en.wikipedia.org/wiki/High-Level_Shader_Language
pl/hlsl,influenced_by,RenderMan Shading Language,wikipedia,https://en.wikipedia.org/wiki/High-Level_Shader_Language
pl/hop,paradigms,multi-paradigm,wikipedia,https://en.wikipedia.org/wiki/Hop_(software)
pl/hop,typing,"strong, dynamic",wikipedia,https://en.wikipedia.org/wiki/Hop_(software)
pl/hop,designed_by,Manuel Serrano,wikipedia,https://en.wikipedia.org/wiki/Hop_(software)
pl/hop,first_appeared,2006,wikipedia,https://en.wikipedia.org/wiki/Hop_(software)
pl/hop,influenced_by,Scheme,wikipedia,https://en.wikipedia.org/wiki/Hop_(software)
pl/hop,license,GPL 2+,wikipedia,https://en.wikipedia.org/wiki/Hop_(software)
pl/hop,homepage,http://hop.inria.fr/,wikipedia,https://en.wikipedia.org/wiki/Hop_(software)
pl/hope,paradigms,functional,wikipedia,https://en.wikipedia.org/wiki/Hope_(programming_language)
pl/hope,designed_by,University of Edinburgh,wikipedia,https://en.wikipedia.org/wiki/Hope_(programming_language)
pl/hope,designed_by,Rod Burstall D. B. MacQueen Don Sannella,wikipedia,https://en.wikipedia.org/wiki/Hope_(programming_language)
pl/hope,first_appeared,1980,wikipedia,https://en.wikipedia.org/wiki/Hope_(programming_language)
pl/hope,influenced_by,NPL,wikipedia,https://en.wikipedia.org/wiki/Hope_(programming_language)
pl/hs,paradigms,purely functional,wikipedia,https://en.wikipedia.org/wiki/Haskell
pl/hs,typing,"inferred, static, strong",wikipedia,https://en.wikipedia.org/wiki/Haskell
pl/hs,designed_by,Lennart Augustsson,wikipedia,https://en.wikipedia.org/wiki/Haskell
pl/hs,designed_by,Dave Barton,wikipedia,https://en.wikipedia.org/wiki/Haskell
pl/hs,designed_by,Brian Boutel,wikipedia,https://en.wikipedia.org/wiki/Haskell
pl/hs,designed_by,Warren Burton,wikipedia,https://en.wikipedia.org/wiki/Haskell
pl/hs,designed_by,Joseph Fasel,wikipedia,https://en.wikipedia.org/wiki/Haskell
pl/hs,designed_by,Kevin Hammond,wikipedia,https://en.wikipedia.org/wiki/Haskell
pl/hs,designed_by,Ralf Hinze,wikipedia,https://en.wikipedia.org/wiki/Haskell
pl/hs,designed_by,Paul Hudak,wikipedia,https://en.wikipedia.org/wiki/Haskell
pl/hs,designed_by,John Hughes,wikipedia,https://en.wikipedia.org/wiki/Haskell
pl/hs,designed_by,Thomas Johnsson,wikipedia,https://en.wikipedia.org/wiki/Haskell
pl/hs,designed_by,Mark Jones,wikipedia,https://en.wikipedia.org/wiki/Haskell
pl/hs,designed_by,Simon Peyton Jones,wikipedia,https://en.wikipedia.org/wiki/Haskell
pl/hs,designed_by,John Launchbury,wikipedia,https://en.wikipedia.org/wiki/Haskell
pl/hs,designed_by,Erik Meijer,wikipedia,https://en.wikipedia.org/wiki/Haskell
pl/hs,designed_by,John Peterson,wikipedia,https://en.wikipedia.org/wiki/Haskell
pl/hs,designed_by,Alastair Reid,wikipedia,https://en.wikipedia.org/wiki/Haskell
pl/hs,designed_by,Colin Runciman,wikipedia,https://en.wikipedia.org/wiki/Haskell
pl/hs,designed_by,Philip Wadler,wikipedia,https://en.wikipedia.org/wiki/Haskell
pl/hs,first_appeared,1990,wikipedia,https://en.wikipedia.org/wiki/Haskell
pl/hs,influenced_by,Clean,wikipedia,https://en.wikipedia.org/wiki/Haskell
pl/hs,influenced_by,FP,wikipedia,https://en.wikipedia.org/wiki/Haskell
pl/hs,influenced_by,Gofer,wikipedia,https://en.wikipedia.org/wiki/Haskell
pl/hs,influenced_by,Hope,wikipedia,https://en.wikipedia.org/wiki/Haskell
pl/hs,influenced_by,Hope +,wikipedia,https://en.wikipedia.org/wiki/Haskell
pl/hs,influenced_by,Id,wikipedia,https://en.wikipedia.org/wiki/Haskell
pl/hs,influenced_by,ISWIM,wikipedia,https://en.wikipedia.org/wiki/Haskell
pl/hs,influenced_by,KRC,wikipedia,https://en.wikipedia.org/wiki/Haskell
pl/hs,influenced_by,Lisp,wikipedia,https://en.wikipedia.org/wiki/Haskell
pl/hs,influenced_by,Miranda,wikipedia,https://en.wikipedia.org/wiki/Haskell
pl/hs,influenced_by,ML,wikipedia,https://en.wikipedia.org/wiki/Haskell
pl/hs,influenced_by,Standard ML,wikipedia,https://en.wikipedia.org/wiki/Haskell
pl/hs,influenced_by,Orwell,wikipedia,https://en.wikipedia.org/wiki/Haskell
pl/hs,influenced_by,SASL,wikipedia,https://en.wikipedia.org/wiki/Haskell
pl/hs,influenced_by,Scheme,wikipedia,https://en.wikipedia.org/wiki/Haskell
pl/hs,influenced_by,SISAL,wikipedia,https://en.wikipedia.org/wiki/Haskell
pl/hs,homepage,http://haskell.org,wikipedia,https://en.wikipedia.org/wiki/Haskell
pl/html,designed_by,WHATWG,wikipedia,https://en.wikipedia.org/wiki/HTML
pl/html,designed_by,World Wide Web Consortium (W3C,wikipedia,https://en.wikipedia.org/wiki/HTML
pl/html,designed_by,formerly),wikipedia,https://en.wikipedia.org/wiki/HTML
pl/html,first_appeared,1993,wikipedia,https://en.wikipedia.org/wiki/HTML
pl/html,homepage,https://html.spec.whatwg.org/,wikipedia,https://en.wikipedia.org/wiki/HTML
pl/html-eex,paradigms,multi-paradigm: functional,wikipedia,https://en.wikipedia.org/wiki/Elixir_(programming_language)
pl/html-eex,paradigms,concurrent,wikipedia,https://en.wikipedia.org/wiki/Elixir_(programming_language)
pl/html-eex,paradigms,distributed,wikipedia,https://en.wikipedia.org/wiki/Elixir_(programming_language)
pl/html-eex,paradigms,process-oriented,wikipedia,https://en.wikipedia.org/wiki/Elixir_(programming_language)
pl/html-eex,typing,"dynamic, strong",wikipedia,https://en.wikipedia.org/wiki/Elixir_(programming_language)
pl/html-eex,designed_by,José Valim,wikipedia,https://en.wikipedia.org/wiki/Elixir_(programming_language)
pl/html-eex,first_appeared,2012,wikipedia,https://en.wikipedia.org/wiki/Elixir_(programming_language)
pl/html-eex,influenced_by,Clojure,wikipedia,https://en.wikipedia.org/wiki/Elixir_(programming_language)
pl/html-eex,influenced_by,Erlang,wikipedia,https://en.wikipedia.org/wiki/Elixir_(programming_language)
pl/html-eex,influenced_by,Ruby,wikipedia,https://en.wikipedia.org/wiki/Elixir_(programming_language)
pl/html-eex,license,Apache License 2.0,wikipedia,https://en.wikipedia.org/wiki/Elixir_(programming_language)
pl/html-eex,homepage,https://elixir-lang.org,wikipedia,https://en.wikipedia.org/wiki/Elixir_(programming_language)
pl/hy,paradigms,multi-paradigm: procedural,wikipedia,https://en.wikipedia.org/wiki/Hy_(programming_language)
pl/hy,paradigms,functional,wikipedia,https://en.wikipedia.org/wiki/Hy_(programming_language)
pl/hy,paradigms,object-oriented,wikipedia,https://en.wikipedia.org/wiki/Hy_(programming_language)
pl/hy,paradigms,meta,wikipedia,https://en.wikipedia.org/wiki/Hy_(programming_language)
pl/hy,paradigms,reflective,wikipedia,https://en.wikipedia.org/wiki/Hy_(programming_language)
pl/hy,paradigms,generic,wikipedia,https://en.wikipedia.org/wiki/Hy_(programming_language)
pl/hy,typing,"dynamic, strong",wikipedia,https://en.wikipedia.org/wiki/Hy_(programming_language)
pl/hy,designed_by,Core team,wikipedia,https://en.wikipedia.org/wiki/Hy_(programming_language)
pl/hy,designed_by,Paul Tagliamonte,wikipedia,https://en.wikipedia.org/wiki/Hy_(programming_language)
pl/hy,first_appeared,2013,wikipedia,https://en.wikipedia.org/wiki/Hy_(programming_language)
pl/hy,influenced_by,Kawa,wikipedia,https://en.wikipedia.org/wiki/Hy_(programming_language)
pl/hy,influenced_by,Clojure,wikipedia,https://en.wikipedia.org/wiki/Hy_(programming_language)
pl/hy,influenced_by,Common Lisp,wikipedia,https://en.wikipedia.org/wiki/Hy_(programming_language)
pl/hy,license,MIT -style,wikipedia,https://en.wikipedia.org/wiki/Hy_(programming_language)
pl/hy,homepage,http://hylang.org,wikipedia,https://en.wikipedia.org/wiki/Hy_(programming_language)
pl/hyperfun,license,The Common Good Public License BETA 1.0,wikipedia,https://en.wikipedia.org/wiki/HyperFun
pl/hyperfun,homepage,https://f-rep.org/hyperfun/main,wikipedia,https://en.wikipedia.org/wiki/HyperFun
pl/hypertalk,paradigms,procedural,wikipedia,https://en.wikipedia.org/wiki/HyperTalk
pl/hypertalk,paradigms,event-driven,wikipedia,https://en.wikipedia.org/wiki/HyperTalk
pl/hypertalk,designed_by,Apple Computer Inc,wikipedia,https://en.wikipedia.org/wiki/HyperTalk
pl/hypertalk,designed_by,Dan Winkler,wikipedia,https://en.wikipedia.org/wiki/HyperTalk
pl/hypertalk,first_appeared,1987,wikipedia,https://en.wikipedia.org/wiki/HyperTalk
pl/hypertalk,influenced_by,Natural language programming,wikipedia,https://en.wikipedia.org/wiki/HyperTalk
pl/hypertalk,influenced_by,Pascal,wikipedia,https://en.wikipedia.org/wiki/HyperTalk
pl/hyphy,paradigms,esoteric,wikipedia,https://en.wikipedia.org/wiki/Brainfuck
pl/hyphy,paradigms,imperative,wikipedia,https://en.wikipedia.org/wiki/Brainfuck
pl/hyphy,paradigms,structured,wikipedia,https://en.wikipedia.org/wiki/Brainfuck
pl/hyphy,typing,typeless,wikipedia,https://en.wikipedia.org/wiki/Brainfuck
pl/hyphy,designed_by,Urban Müller,wikipedia,https://en.wikipedia.org/wiki/Brainfuck
pl/hyphy,first_appeared,1993,wikipedia,https://en.wikipedia.org/wiki/Brainfuck
pl/hyphy,influenced_by,P′′,wikipedia,https://en.wikipedia.org/wiki/Brainfuck
pl/hyphy,influenced_by,FALSE,wikipedia,https://en.wikipedia.org/wiki/Brainfuck
pl/hyphy,homepage,https://brainfuck.org/,wikipedia,https://en.wikipedia.org/wiki/Brainfuck
pl/hytime,designed_by,Charles F. Goldfarb,wikipedia,https://en.wikipedia.org/wiki/HyTime
pl/hytime,designed_by,Steven R. Newcomb,wikipedia,https://en.wikipedia.org/wiki/HyTime
pl/hytime,license,ISO Sales Agreement,wikipedia,https://en.wikipedia.org/wiki/HyTime
pl/hytime,homepage,https://www.iso.org/standard/29303.html,wikipedia,https://en.wikipedia.org/wiki/HyTime
pl/icon,paradigms,multi-paradigm: structured,wikipedia,https://en.wikipedia.org/wiki/Icon_(programming_language)
pl/icon,paradigms,text-oriented,wikipedia,https://en.wikipedia.org/wiki/Icon_(programming_language)
pl/icon,typing,dynamic,wikipedia,https://en.wikipedia.org/wiki/Icon_(programming_language)
pl/icon,designed_by,Ralph Griswold,wikipedia,https://en.wikipedia.org/wiki/Icon_(programming_language)
pl/icon,first_appeared,1977,wikipedia,https://en.wikipedia.org/wiki/Icon_(programming_language)
pl/icon,influenced_by,SNOBOL,wikipedia,https://en.wikipedia.org/wiki/Icon_(programming_language)
pl/icon,influenced_by,SL5,wikipedia,https://en.wikipedia.org/wiki/Icon_(programming_language)
pl/icon,influenced_by,ALGOL,wikipedia,https://en.wikipedia.org/wiki/Icon_(programming_language)
pl/icon,homepage,http://www.cs.arizona.edu/icon,wikipedia,https://en.wikipedia.org/wiki/Icon_(programming_language)
pl/idl,paradigms,vector-oriented,wikipedia,https://en.wikipedia.org/wiki/IDL_(programming_language)
pl/idl,typing,dynamic,wikipedia,https://en.wikipedia.org/wiki/IDL_(programming_language)
pl/idl,designed_by,David Stern,wikipedia,https://en.wikipedia.org/wiki/IDL_(programming_language)
pl/idl,designed_by,ITT Visual Information Solutions (ITT VIS),wikipedia,https://en.wikipedia.org/wiki/IDL_(programming_language)
pl/idl,first_appeared,1977,wikipedia,https://en.wikipedia.org/wiki/IDL_(programming_language)
pl/idl,homepage,https://www.nv5geospatialsoftware.com/Products/IDL,wikipedia,https://en.wikipedia.org/wiki/IDL_(programming_language)
pl/idris,paradigms,functional,wikipedia,https://en.wikipedia.org/wiki/Idris_(programming_language)
pl/idris,typing,dependent,wikipedia,https://en.wikipedia.org/wiki/Idris_(programming_language)
pl/idris,designed_by,Edwin Brady,wikipedia,https://en.wikipedia.org/wiki/Idris_(programming_language)
pl/idris,first_appeared,2007,wikipedia,https://en.wikipedia.org/wiki/Idris_(programming_language)
pl/idris,influenced_by,Agda,wikipedia,https://en.wikipedia.org/wiki/Idris_(programming_language)
pl/idris,influenced_by,Clean,wikipedia,https://en.wikipedia.org/wiki/Idris_(programming_language)
pl/idris,influenced_by,Rocq (previously known as Coq),wikipedia,https://en.wikipedia.org/wiki/Idris_(programming_language)
pl/idris,influenced_by,Epigram,wikipedia,https://en.wikipedia.org/wiki/Idris_(programming_language)
pl/idris,influenced_by,F#,wikipedia,https://en.wikipedia.org/wiki/Idris_(programming_language)
pl/idris,influenced_by,Haskell,wikipedia,https://en.wikipedia.org/wiki/Idris_(programming_language)
pl/idris,influenced_by,ML,wikipedia,https://en.wikipedia.org/wiki/Idris_(programming_language)
pl/idris,influenced_by,Rust,wikipedia,https://en.wikipedia.org/wiki/Idris_(programming_language)
pl/idris,license,BSD,wikipedia,https://en.wikipedia.org/wiki/Idris_(programming_language)
pl/idris,homepage,http://www.idris-lang.org,wikipedia,https://en.wikipedia.org/wiki/Idris_(programming_language)
pl/ilbm,designed_by,Electronic Arts,wikipedia,https://en.wikipedia.org/wiki/ILBM
pl/ilbm,first_appeared,1985,wikipedia,https://en.wikipedia.org/wiki/ILBM
pl/imp,paradigms,multi-paradigm: procedural,wikipedia,https://en.wikipedia.org/wiki/IMP_(programming_language)
pl/imp,paradigms,imperative,wikipedia,https://en.wikipedia.org/wiki/IMP_(programming_language)
pl/imp,paradigms,structured,wikipedia,https://en.wikipedia.org/wiki/IMP_(programming_language)
pl/imp,paradigms,extensible,wikipedia,https://en.wikipedia.org/wiki/IMP_(programming_language)
pl/imp,typing,"static, strong",wikipedia,https://en.wikipedia.org/wiki/IMP_(programming_language)
pl/imp,designed_by,National Security Agency,wikipedia,https://en.wikipedia.org/wiki/IMP_(programming_language)
pl/imp,designed_by,Edgar T. Irons,wikipedia,https://en.wikipedia.org/wiki/IMP_(programming_language)
pl/imp,first_appeared,1965,wikipedia,https://en.wikipedia.org/wiki/IMP_(programming_language)
pl/imp,influenced_by,ALGOL 60,wikipedia,https://en.wikipedia.org/wiki/IMP_(programming_language)
pl/imp,license,Proprietary,wikipedia,https://en.wikipedia.org/wiki/IMP_(programming_language)
pl/imp,implementation_languages,ALGOL 60,wikipedia,https://en.wikipedia.org/wiki/IMP_(programming_language)
pl/inform,paradigms,natural-language,wikipedia,https://en.wikipedia.org/wiki/Inform
pl/inform,paradigms,declarative,wikipedia,https://en.wikipedia.org/wiki/Inform
pl/inform,paradigms,procedural,wikipedia,https://en.wikipedia.org/wiki/Inform
pl/inform,paradigms,object-oriented,wikipedia,https://en.wikipedia.org/wiki/Inform
pl/inform,designed_by,Graham Nelson,wikipedia,https://en.wikipedia.org/wiki/Inform
pl/inform,first_appeared,2006,wikipedia,https://en.wikipedia.org/wiki/Inform
pl/inform,influenced_by,Inform 6,wikipedia,https://en.wikipedia.org/wiki/Inform
pl/inform,influenced_by,Natural-language programming,wikipedia,https://en.wikipedia.org/wiki/Inform
pl/inform,influenced_by,Z-machine,wikipedia,https://en.wikipedia.org/wiki/Inform
pl/inform,influenced_by,C,wikipedia,https://en.wikipedia.org/wiki/Inform
pl/inform,license,Freeware (before 2022); Artistic License 2.0 (since 2022),wikipedia,https://en.wikipedia.org/wiki/Inform
pl/inform,homepage,http://inform7.com/,wikipedia,https://en.wikipedia.org/wiki/Inform
pl/inform-7,paradigms,natural-language,wikipedia,https://en.wikipedia.org/wiki/Inform
pl/inform-7,paradigms,declarative,wikipedia,https://en.wikipedia.org/wiki/Inform
pl/inform-7,paradigms,procedural,wikipedia,https://en.wikipedia.org/wiki/Inform
pl/inform-7,paradigms,object-oriented,wikipedia,https://en.wikipedia.org/wiki/Inform
pl/inform-7,designed_by,Graham Nelson,wikipedia,https://en.wikipedia.org/wiki/Inform
pl/inform-7,first_appeared,2006,wikipedia,https://en.wikipedia.org/wiki/Inform
pl/inform-7,influenced_by,Inform 6,wikipedia,https://en.wikipedia.org/wiki/Inform
pl/inform-7,influenced_by,Natural-language programming,wikipedia,https://en.wikipedia.org/wiki/Inform
pl/inform-7,influenced_by,Z-machine,wikipedia,https://en.wikipedia.org/wiki/Inform
pl/inform-7,influenced_by,C,wikipedia,https://en.wikipedia.org/wiki/Inform
pl/inform-7,license,Freeware (before 2022); Artistic License 2.0 (since 2022),wikipedia,https://en.wikipedia.org/wiki/Inform
pl/inform-7,homepage,http://inform7.com/,wikipedia,https://en.wikipedia.org/wiki/Inform
pl/integer-basic,designed_by,Steve Wozniak,wikipedia,https://en.wikipedia.org/wiki/Integer_BASIC
pl/integer-basic,first_appeared,1976,wikipedia,https://en.wikipedia.org/wiki/Integer_BASIC
pl/integer-basic,influenced_by,HP BASIC,wikipedia,https://en.wikipedia.org/wiki/Integer_BASIC
pl/interlisp,paradigms,multiparadigm: functional,wikipedia,https://en.wikipedia.org/wiki/Interlisp
pl/interlisp,paradigms,procedural,wikipedia,https://en.wikipedia.org/wiki/Interlisp
pl/interlisp,paradigms,object-oriented,wikipedia,https://en.wikipedia.org/wiki/Interlisp
pl/interlisp,paradigms,declarative,wikipedia,https://en.wikipedia.org/wiki/Interlisp
pl/interlisp,paradigms,reflective,wikipedia,https://en.wikipedia.org/wiki/Interlisp
pl/interlisp,paradigms,meta,wikipedia,https://en.wikipedia.org/wiki/Interlisp
pl/interlisp,first_appeared,1968,wikipedia,https://en.wikipedia.org/wiki/Interlisp
pl/interlisp,influenced_by,Lisp,wikipedia,https://en.wikipedia.org/wiki/Interlisp
pl/interlisp,influenced_by,BBN LISP,wikipedia,https://en.wikipedia.org/wiki/Interlisp
pl/interlisp,license,Proprietary,wikipedia,https://en.wikipedia.org/wiki/Interlisp
pl/interlisp,implementation_languages,C,wikipedia,https://en.wikipedia.org/wiki/Interlisp
pl/io,paradigms,object-oriented prototype-based,wikipedia,https://en.wikipedia.org/wiki/Io_(programming_language)
pl/io,typing,"dynamic, strong",wikipedia,https://en.wikipedia.org/wiki/Io_(programming_language)
pl/io,designed_by,Steve Dekorte,wikipedia,https://en.wikipedia.org/wiki/Io_(programming_language)
pl/io,designed_by,Jonathan Wright,wikipedia,https://en.wikipedia.org/wiki/Io_(programming_language)
pl/io,designed_by,Jeremy Tregunna,wikipedia,https://en.wikipedia.org/wiki/Io_(programming_language)
pl/io,first_appeared,2002,wikipedia,https://en.wikipedia.org/wiki/Io_(programming_language)
pl/io,influenced_by,Smalltalk,wikipedia,https://en.wikipedia.org/wiki/Io_(programming_language)
pl/io,influenced_by,NewtonScript,wikipedia,https://en.wikipedia.org/wiki/Io_(programming_language)
pl/io,influenced_by,Self,wikipedia,https://en.wikipedia.org/wiki/Io_(programming_language)
pl/io,influenced_by,Lua,wikipedia,https://en.wikipedia.org/wiki/Io_(programming_language)
pl/io,influenced_by,Lisp,wikipedia,https://en.wikipedia.org/wiki/Io_(programming_language)
pl/io,influenced_by,Python,wikipedia,https://en.wikipedia.org/wiki/Io_(programming_language)
pl/io,influenced_by,Act1,wikipedia,https://en.wikipedia.org/wiki/Io_(programming_language)
pl/io,license,BSD 3-clause,wikipedia,https://en.wikipedia.org/wiki/Io_(programming_language)
pl/io,homepage,https://iolanguage.org/,wikipedia,https://en.wikipedia.org/wiki/Io_(programming_language)
pl/io-programming-language,paradigms,object-oriented prototype-based,wikipedia,https://en.wikipedia.org/wiki/Io_(programming_language)
pl/io-programming-language,typing,"dynamic, strong",wikipedia,https://en.wikipedia.org/wiki/Io_(programming_language)
pl/io-programming-language,designed_by,Steve Dekorte,wikipedia,https://en.wikipedia.org/wiki/Io_(programming_language)
pl/io-programming-language,designed_by,Jonathan Wright,wikipedia,https://en.wikipedia.org/wiki/Io_(programming_language)
pl/io-programming-language,designed_by,Jeremy Tregunna,wikipedia,https://en.wikipedia.org/wiki/Io_(programming_language)
pl/io-programming-language,first_appeared,2002,wikipedia,https://en.wikipedia.org/wiki/Io_(programming_language)
pl/io-programming-language,influenced_by,Smalltalk,wikipedia,https://en.wikipedia.org/wiki/Io_(programming_language)
pl/io-programming-language,influenced_by,NewtonScript,wikipedia,https://en.wikipedia.org/wiki/Io_(programming_language)
pl/io-programming-language,influenced_by,Self,wikipedia,https://en.wikipedia.org/wiki/Io_(programming_language)
pl/io-programming-language,influenced_by,Lua,wikipedia,https://en.wikipedia.org/wiki/Io_(programming_language)
pl/io-programming-language,influenced_by,Lisp,wikipedia,https://en.wikipedia.org/wiki/Io_(programming_language)
pl/io-programming-language,influenced_by,Python,wikipedia,https://en.wikipedia.org/wiki/Io_(programming_language)
pl/io-programming-language,influenced_by,Act1,wikipedia,https://en.wikipedia.org/wiki/Io_(programming_language)
pl/io-programming-language,license,BSD 3-clause,wikipedia,https://en.wikipedia.org/wiki/Io_(programming_language)
pl/io-programming-language,homepage,https://iolanguage.org/,wikipedia,https://en.wikipedia.org/wiki/Io_(programming_language)
pl/iris,designed_by,Paul Haeberli,wikipedia,https://en.wikipedia.org/wiki/Silicon_Graphics_Image
pl/iris,first_appeared,1995,wikipedia,https://en.wikipedia.org/wiki/Silicon_Graphics_Image
pl/islisp,paradigms,multi-paradigm: functional,wikipedia,https://en.wikipedia.org/wiki/ISLISP
pl/islisp,paradigms,procedural,wikipedia,https://en.wikipedia.org/wiki/ISLISP
pl/islisp,paradigms,object-oriented,wikipedia,https://en.wikipedia.org/wiki/ISLISP
pl/islisp,paradigms,reflective,wikipedia,https://en.wikipedia.org/wiki/ISLISP
pl/islisp,paradigms,meta,wikipedia,https://en.wikipedia.org/wiki/ISLISP
pl/islisp,designed_by,Many,wikipedia,https://en.wikipedia.org/wiki/ISLISP
pl/islisp,influenced_by,Common Lisp,wikipedia,https://en.wikipedia.org/wiki/ISLISP
pl/islisp,influenced_by,EuLisp,wikipedia,https://en.wikipedia.org/wiki/ISLISP
pl/islisp,influenced_by,Le Lisp,wikipedia,https://en.wikipedia.org/wiki/ISLISP
pl/islisp,influenced_by,Scheme,wikipedia,https://en.wikipedia.org/wiki/ISLISP
pl/islisp,implementation_languages,C,wikipedia,https://en.wikipedia.org/wiki/ISLISP
pl/islisp,implementation_languages,C#,wikipedia,https://en.wikipedia.org/wiki/ISLISP
pl/islisp,implementation_languages,Go,wikipedia,https://en.wikipedia.org/wiki/ISLISP
pl/islisp,implementation_languages,Java,wikipedia,https://en.wikipedia.org/wiki/ISLISP
pl/islisp,implementation_languages,JavaScript,wikipedia,https://en.wikipedia.org/wiki/ISLISP
pl/islisp,implementation_languages,Lisp,wikipedia,https://en.wikipedia.org/wiki/ISLISP
pl/iswim,paradigms,imperative,wikipedia,https://en.wikipedia.org/wiki/ISWIM
pl/iswim,paradigms,functional,wikipedia,https://en.wikipedia.org/wiki/ISWIM
pl/iswim,designed_by,Peter Landin,wikipedia,https://en.wikipedia.org/wiki/ISWIM
pl/iswim,first_appeared,1966,wikipedia,https://en.wikipedia.org/wiki/ISWIM
pl/iswim,influenced_by,ALGOL 60,wikipedia,https://en.wikipedia.org/wiki/ISWIM
pl/iswim,influenced_by,Lisp,wikipedia,https://en.wikipedia.org/wiki/ISWIM
pl/j,paradigms,array,wikipedia,https://en.wikipedia.org/wiki/J_(programming_language)
pl/j,paradigms,functional,wikipedia,https://en.wikipedia.org/wiki/J_(programming_language)
pl/j,paradigms,object-oriented (class-based,wikipedia,https://en.wikipedia.org/wiki/J_(programming_language)
pl/j,paradigms,prototype-based),wikipedia,https://en.wikipedia.org/wiki/J_(programming_language)
pl/j,paradigms,function-level,wikipedia,https://en.wikipedia.org/wiki/J_(programming_language)
pl/j,paradigms,tacit,wikipedia,https://en.wikipedia.org/wiki/J_(programming_language)
pl/j,typing,dynamic,wikipedia,https://en.wikipedia.org/wiki/J_(programming_language)
pl/j,designed_by,JSoftware,wikipedia,https://en.wikipedia.org/wiki/J_(programming_language)
pl/j,designed_by,Kenneth E. Iverson Roger Hui,wikipedia,https://en.wikipedia.org/wiki/J_(programming_language)
pl/j,first_appeared,1990,wikipedia,https://en.wikipedia.org/wiki/J_(programming_language)
pl/j,influenced_by,APL,wikipedia,https://en.wikipedia.org/wiki/J_(programming_language)
pl/j,license,GPLv3,wikipedia,https://en.wikipedia.org/wiki/J_(programming_language)
pl/j,homepage,http://www.jsoftware.com,wikipedia,https://en.wikipedia.org/wiki/J_(programming_language)
pl/j-programming-language,paradigms,array,wikipedia,https://en.wikipedia.org/wiki/J_(programming_language)
pl/j-programming-language,paradigms,functional,wikipedia,https://en.wikipedia.org/wiki/J_(programming_language)
pl/j-programming-language,paradigms,object-oriented (class-based,wikipedia,https://en.wikipedia.org/wiki/J_(programming_language)
pl/j-programming-language,paradigms,prototype-based),wikipedia,https://en.wikipedia.org/wiki/J_(programming_language)
pl/j-programming-language,paradigms,function-level,wikipedia,https://en.wikipedia.org/wiki/J_(programming_language)
pl/j-programming-language,paradigms,tacit,wikipedia,https://en.wikipedia.org/wiki/J_(programming_language)
pl/j-programming-language,typing,dynamic,wikipedia,https://en.wikipedia.org/wiki/J_(programming_language)
pl/j-programming-language,designed_by,JSoftware,wikipedia,https://en.wikipedia.org/wiki/J_(programming_language)
pl/j-programming-language,designed_by,Kenneth E. Iverson Roger Hui,wikipedia,https://en.wikipedia.org/wiki/J_(programming_language)
pl/j-programming-language,first_appeared,1990,wikipedia,https://en.wikipedia.org/wiki/J_(programming_language)
pl/j-programming-language,influenced_by,APL,wikipedia,https://en.wikipedia.org/wiki/J_(programming_language)
pl/j-programming-language,license,GPLv3,wikipedia,https://en.wikipedia.org/wiki/J_(programming_language)
pl/j-programming-language,homepage,http://www.jsoftware.com,wikipedia,https://en.wikipedia.org/wiki/J_(programming_language)
pl/jade,license,GNU Lesser General Public License,wikipedia,https://en.wikipedia.org/wiki/Java_Agent_Development_Framework
pl/jade,homepage,https://jade-project.gitlab.io/,wikipedia,https://en.wikipedia.org/wiki/Java_Agent_Development_Framework
pl/janus,paradigms,concurrent constraint logic,wikipedia,https://en.wikipedia.org/wiki/Janus_(concurrent_constraint_programming_language)
pl/janus,designed_by,Ken Kahn,wikipedia,https://en.wikipedia.org/wiki/Janus_(concurrent_constraint_programming_language)
pl/janus,designed_by,Vijay A. Saraswat,wikipedia,https://en.wikipedia.org/wiki/Janus_(concurrent_constraint_programming_language)
pl/janus,first_appeared,1990,wikipedia,https://en.wikipedia.org/wiki/Janus_(concurrent_constraint_programming_language)
pl/janus-time-reversible-computing-programming-language,paradigms,imperative (procedural),wikipedia,https://en.wikipedia.org/wiki/Janus_(time-reversible_computing_programming_language)
pl/janus-time-reversible-computing-programming-language,paradigms,reversible,wikipedia,https://en.wikipedia.org/wiki/Janus_(time-reversible_computing_programming_language)
pl/janus-time-reversible-computing-programming-language,designed_by,Christopher Lutz,wikipedia,https://en.wikipedia.org/wiki/Janus_(time-reversible_computing_programming_language)
pl/janus-time-reversible-computing-programming-language,designed_by,Howard Derby,wikipedia,https://en.wikipedia.org/wiki/Janus_(time-reversible_computing_programming_language)
pl/janus-time-reversible-computing-programming-language,designed_by,Tetsuo Yokoyama,wikipedia,https://en.wikipedia.org/wiki/Janus_(time-reversible_computing_programming_language)
pl/janus-time-reversible-computing-programming-language,designed_by,and Robert Glück,wikipedia,https://en.wikipedia.org/wiki/Janus_(time-reversible_computing_programming_language)
pl/janus-time-reversible-computing-programming-language,first_appeared,1982,wikipedia,https://en.wikipedia.org/wiki/Janus_(time-reversible_computing_programming_language)
pl/janus-time-reversible-computing-programming-language,homepage,https://tetsuo.jp/ref/janus.html,wikipedia,https://en.wikipedia.org/wiki/Janus_(time-reversible_computing_programming_language)
pl/java,paradigms,multi-paradigm: generic,wikipedia,https://en.wikipedia.org/wiki/Java_(programming_language)
pl/java,paradigms,object-oriented (class-based),wikipedia,https://en.wikipedia.org/wiki/Java_(programming_language)
pl/java,paradigms,functional,wikipedia,https://en.wikipedia.org/wiki/Java_(programming_language)
pl/java,paradigms,imperative,wikipedia,https://en.wikipedia.org/wiki/Java_(programming_language)
pl/java,paradigms,reflective,wikipedia,https://en.wikipedia.org/wiki/Java_(programming_language)
pl/java,paradigms,concurrent,wikipedia,https://en.wikipedia.org/wiki/Java_(programming_language)
pl/java,typing,"static, strong, safe, nominative, manifest",wikipedia,https://en.wikipedia.org/wiki/Java_(programming_language)
pl/java,designed_by,Oracle Corporation,wikipedia,https://en.wikipedia.org/wiki/Java_(programming_language)
pl/java,designed_by,James Gosling,wikipedia,https://en.wikipedia.org/wiki/Java_(programming_language)
pl/java,first_appeared,1995,wikipedia,https://en.wikipedia.org/wiki/Java_(programming_language)
pl/java,influenced_by,CLU,wikipedia,https://en.wikipedia.org/wiki/Java_(programming_language)
pl/java,influenced_by,Simula67,wikipedia,https://en.wikipedia.org/wiki/Java_(programming_language)
pl/java,influenced_by,Lisp,wikipedia,https://en.wikipedia.org/wiki/Java_(programming_language)
pl/java,influenced_by,Smalltalk,wikipedia,https://en.wikipedia.org/wiki/Java_(programming_language)
pl/java,influenced_by,Ada 83,wikipedia,https://en.wikipedia.org/wiki/Java_(programming_language)
pl/java,influenced_by,C++,wikipedia,https://en.wikipedia.org/wiki/Java_(programming_language)
pl/java,influenced_by,C#,wikipedia,https://en.wikipedia.org/wiki/Java_(programming_language)
pl/java,influenced_by,Eiffel,wikipedia,https://en.wikipedia.org/wiki/Java_(programming_language)
pl/java,influenced_by,Mesa,wikipedia,https://en.wikipedia.org/wiki/Java_(programming_language)
pl/java,influenced_by,Modula-3,wikipedia,https://en.wikipedia.org/wiki/Java_(programming_language)
pl/java,influenced_by,Oberon,wikipedia,https://en.wikipedia.org/wiki/Java_(programming_language)
pl/java,influenced_by,Objective-C,wikipedia,https://en.wikipedia.org/wiki/Java_(programming_language)
pl/java,influenced_by,UCSD Pascal,wikipedia,https://en.wikipedia.org/wiki/Java_(programming_language)
pl/java,influenced_by,Object Pascal,wikipedia,https://en.wikipedia.org/wiki/Java_(programming_language)
pl/java-programming-language,paradigms,multi-paradigm: generic,wikipedia,https://en.wikipedia.org/wiki/Java_(programming_language)
pl/java-programming-language,paradigms,object-oriented (class-based),wikipedia,https://en.wikipedia.org/wiki/Java_(programming_language)
pl/java-programming-language,paradigms,functional,wikipedia,https://en.wikipedia.org/wiki/Java_(programming_language)
pl/java-programming-language,paradigms,imperative,wikipedia,https://en.wikipedia.org/wiki/Java_(programming_language)
pl/java-programming-language,paradigms,reflective,wikipedia,https://en.wikipedia.org/wiki/Java_(programming_language)
pl/java-programming-language,paradigms,concurrent,wikipedia,https://en.wikipedia.org/wiki/Java_(programming_language)
pl/java-programming-language,typing,"static, strong, safe, nominative, manifest",wikipedia,https://en.wikipedia.org/wiki/Java_(programming_language)
pl/java-programming-language,designed_by,Oracle Corporation,wikipedia,https://en.wikipedia.org/wiki/Java_(programming_language)
pl/java-programming-language,designed_by,James Gosling,wikipedia,https://en.wikipedia.org/wiki/Java_(programming_language)
pl/java-programming-language,first_appeared,1995,wikipedia,https://en.wikipedia.org/wiki/Java_(programming_language)
pl/java-programming-language,influenced_by,CLU,wikipedia,https://en.wikipedia.org/wiki/Java_(programming_language)
pl/java-programming-language,influenced_by,Simula67,wikipedia,https://en.wikipedia.org/wiki/Java_(programming_language)
pl/java-programming-language,influenced_by,Lisp,wikipedia,https://en.wikipedia.org/wiki/Java_(programming_language)
pl/java-programming-language,influenced_by,Smalltalk,wikipedia,https://en.wikipedia.org/wiki/Java_(programming_language)
pl/java-programming-language,influenced_by,Ada 83,wikipedia,https://en.wikipedia.org/wiki/Java_(programming_language)
pl/java-programming-language,influenced_by,C++,wikipedia,https://en.wikipedia.org/wiki/Java_(programming_language)
pl/java-programming-language,influenced_by,C#,wikipedia,https://en.wikipedia.org/wiki/Java_(programming_language)
pl/java-programming-language,influenced_by,Eiffel,wikipedia,https://en.wikipedia.org/wiki/Java_(programming_language)
pl/java-programming-language,influenced_by,Mesa,wikipedia,https://en.wikipedia.org/wiki/Java_(programming_language)
pl/java-programming-language,influenced_by,Modula-3,wikipedia,https://en.wikipedia.org/wiki/Java_(programming_language)
pl/java-programming-language,influenced_by,Oberon,wikipedia,https://en.wikipedia.org/wiki/Java_(programming_language)
pl/java-programming-language,influenced_by,Objective-C,wikipedia,https://en.wikipedia.org/wiki/Java_(programming_language)
pl/java-programming-language,influenced_by,UCSD Pascal,wikipedia,https://en.wikipedia.org/wiki/Java_(programming_language)
pl/java-programming-language,influenced_by,Object Pascal,wikipedia,https://en.wikipedia.org/wiki/Java_(programming_language)
pl/java-server-pages,designed_by,Eclipse Foundation,wikipedia,https://en.wikipedia.org/wiki/Jakarta_Server_Pages
pl/java-server-pages,first_appeared,1999,wikipedia,https://en.wikipedia.org/wiki/Jakarta_Server_Pages
pl/java-server-pages,homepage,https://projects.eclipse.org/projects/ee4j.jsp,wikipedia,https://en.wikipedia.org/wiki/Jakarta_Server_Pages
pl/javafx-script,designed_by,Sun Microsystems,wikipedia,https://en.wikipedia.org/wiki/JavaFX_Script
pl/javafx-script,license,GPL,wikipedia,https://en.wikipedia.org/wiki/JavaFX_Script
pl/javafx-script,homepage,http://javafx.com/,wikipedia,https://en.wikipedia.org/wiki/JavaFX_Script
pl/javascript,paradigms,multi-paradigm: event-driven,wikipedia,https://en.wikipedia.org/wiki/JavaScript
pl/javascript,paradigms,functional,wikipedia,https://en.wikipedia.org/wiki/JavaScript
pl/javascript,paradigms,imperative,wikipedia,https://en.wikipedia.org/wiki/JavaScript
pl/javascript,paradigms,procedural,wikipedia,https://en.wikipedia.org/wiki/JavaScript
pl/javascript,paradigms,object-oriented,wikipedia,https://en.wikipedia.org/wiki/JavaScript
pl/javascript,typing,"dynamic, weak, duck",wikipedia,https://en.wikipedia.org/wiki/JavaScript
pl/javascript,designed_by,Brendan Eich of Netscape first,wikipedia,https://en.wikipedia.org/wiki/JavaScript
pl/javascript,designed_by,then others contributed to ECMAScript standard,wikipedia,https://en.wikipedia.org/wiki/JavaScript
pl/javascript,first_appeared,1995,wikipedia,https://en.wikipedia.org/wiki/JavaScript
pl/javascript,influenced_by,Java,wikipedia,https://en.wikipedia.org/wiki/JavaScript
pl/javascript,influenced_by,Scheme,wikipedia,https://en.wikipedia.org/wiki/JavaScript
pl/javascript,influenced_by,Self,wikipedia,https://en.wikipedia.org/wiki/JavaScript
pl/javascript,influenced_by,AWK,wikipedia,https://en.wikipedia.org/wiki/JavaScript
pl/javascript,influenced_by,HyperTalk,wikipedia,https://en.wikipedia.org/wiki/JavaScript
pl/javascript,homepage,https://ecma-international.org/publications-and-standards/standards/ecma-262/,wikipedia,https://en.wikipedia.org/wiki/JavaScript
pl/jetbrains-mps,designed_by,Waterloo Maple (Maplesoft),wikipedia,https://en.wikipedia.org/wiki/Maple_(software)
pl/jetbrains-mps,first_appeared,1982,wikipedia,https://en.wikipedia.org/wiki/Maple_(software)
pl/jetbrains-mps,license,Proprietary commercial software,wikipedia,https://en.wikipedia.org/wiki/Maple_(software)
pl/jetbrains-mps,homepage,https://www.maplesoft.com/products/maple/,wikipedia,https://en.wikipedia.org/wiki/Maple_(software)
pl/joe-e,paradigms,object-capability,wikipedia,https://en.wikipedia.org/wiki/Joe-E
pl/joe-e,designed_by,David A. Wagner,wikipedia,https://en.wikipedia.org/wiki/Joe-E
pl/joe-e,designed_by,Adrian Mettler,wikipedia,https://en.wikipedia.org/wiki/Joe-E
pl/joe-e,designed_by,Chip Morningstar,wikipedia,https://en.wikipedia.org/wiki/Joe-E
pl/joe-e,designed_by,Mark S. Miller,wikipedia,https://en.wikipedia.org/wiki/Joe-E
pl/joe-e,first_appeared,2004,wikipedia,https://en.wikipedia.org/wiki/Joe-E
pl/joe-e,influenced_by,Java,wikipedia,https://en.wikipedia.org/wiki/Joe-E
pl/joe-e,influenced_by,E,wikipedia,https://en.wikipedia.org/wiki/Joe-E
pl/jolie,paradigms,microservices,wikipedia,https://en.wikipedia.org/wiki/Jolie_(programming_language)
pl/jolie,paradigms,soa,wikipedia,https://en.wikipedia.org/wiki/Jolie_(programming_language)
pl/jolie,designed_by,Fabrizio Montesi,wikipedia,https://en.wikipedia.org/wiki/Jolie_(programming_language)
pl/jolie,designed_by,Claudio Guidi,wikipedia,https://en.wikipedia.org/wiki/Jolie_(programming_language)
pl/jolie,first_appeared,2006,wikipedia,https://en.wikipedia.org/wiki/Jolie_(programming_language)
pl/jolie,license,LGPLv2,wikipedia,https://en.wikipedia.org/wiki/Jolie_(programming_language)
pl/jolie,implementation_languages,Java,wikipedia,https://en.wikipedia.org/wiki/Jolie_(programming_language)
pl/jolie,homepage,https://www.jolie-lang.org/,wikipedia,https://en.wikipedia.org/wiki/Jolie_(programming_language)
pl/jolie-programming-language,paradigms,microservices,wikipedia,https://en.wikipedia.org/wiki/Jolie_(programming_language)
pl/jolie-programming-language,paradigms,soa,wikipedia,https://en.wikipedia.org/wiki/Jolie_(programming_language)
pl/jolie-programming-language,designed_by,Fabrizio Montesi,wikipedia,https://en.wikipedia.org/wiki/Jolie_(programming_language)
pl/jolie-programming-language,designed_by,Claudio Guidi,wikipedia,https://en.wikipedia.org/wiki/Jolie_(programming_language)
pl/jolie-programming-language,first_appeared,2006,wikipedia,https://en.wikipedia.org/wiki/Jolie_(programming_language)
pl/jolie-programming-language,license,LGPLv2,wikipedia,https://en.wikipedia.org/wiki/Jolie_(programming_language)
pl/jolie-programming-language,implementation_languages,Java,wikipedia,https://en.wikipedia.org/wiki/Jolie_(programming_language)
pl/jolie-programming-language,homepage,https://www.jolie-lang.org/,wikipedia,https://en.wikipedia.org/wiki/Jolie_(programming_language)
pl/joss,paradigms,non-structured,wikipedia,https://en.wikipedia.org/wiki/JOSS
pl/joss,paradigms,procedural,wikipedia,https://en.wikipedia.org/wiki/JOSS
pl/joss,paradigms,imperative,wikipedia,https://en.wikipedia.org/wiki/JOSS
pl/joss,designed_by,RAND Corporation,wikipedia,https://en.wikipedia.org/wiki/JOSS
pl/joss,designed_by,Cliff Shaw,wikipedia,https://en.wikipedia.org/wiki/JOSS
pl/joss,first_appeared,1963,wikipedia,https://en.wikipedia.org/wiki/JOSS
pl/joss,implementation_languages,assembly language,wikipedia,https://en.wikipedia.org/wiki/JOSS
pl/joule,paradigms,multi-paradigm: object-oriented,wikipedia,https://en.wikipedia.org/wiki/Joule_(programming_language)
pl/joule,paradigms,distributed,wikipedia,https://en.wikipedia.org/wiki/Joule_(programming_language)
pl/joule,paradigms,dataflow,wikipedia,https://en.wikipedia.org/wiki/Joule_(programming_language)
pl/joule,typing,untyped,wikipedia,https://en.wikipedia.org/wiki/Joule_(programming_language)
pl/joule,designed_by,E. Dean Tribble,wikipedia,https://en.wikipedia.org/wiki/Joule_(programming_language)
pl/joule,first_appeared,1996,wikipedia,https://en.wikipedia.org/wiki/Joule_(programming_language)
pl/joule,influenced_by,Concurrent Logic Programming,wikipedia,https://en.wikipedia.org/wiki/Joule_(programming_language)
pl/joule,influenced_by,Actors,wikipedia,https://en.wikipedia.org/wiki/Joule_(programming_language)
pl/jovial,paradigms,procedural,wikipedia,https://en.wikipedia.org/wiki/JOVIAL
pl/jovial,paradigms,imperative,wikipedia,https://en.wikipedia.org/wiki/JOVIAL
pl/jovial,paradigms,structured,wikipedia,https://en.wikipedia.org/wiki/JOVIAL
pl/jovial,typing,"static, strong, safe, structural",wikipedia,https://en.wikipedia.org/wiki/JOVIAL
pl/jovial,designed_by,Software Engineering Associates,wikipedia,https://en.wikipedia.org/wiki/JOVIAL
pl/jovial,designed_by,System Development Corporation,wikipedia,https://en.wikipedia.org/wiki/JOVIAL
pl/jovial,first_appeared,1960,wikipedia,https://en.wikipedia.org/wiki/JOVIAL
pl/jovial,influenced_by,ALGOL,wikipedia,https://en.wikipedia.org/wiki/JOVIAL
pl/jovial,influenced_by,SAGE,wikipedia,https://en.wikipedia.org/wiki/JOVIAL
pl/joy,paradigms,multi-paradigm: functional,wikipedia,https://en.wikipedia.org/wiki/Joy_(programming_language)
pl/joy,paradigms,concatenative,wikipedia,https://en.wikipedia.org/wiki/Joy_(programming_language)
pl/joy,paradigms,stack-oriented,wikipedia,https://en.wikipedia.org/wiki/Joy_(programming_language)
pl/joy,typing,"strong, dynamic",wikipedia,https://en.wikipedia.org/wiki/Joy_(programming_language)
pl/joy,designed_by,Manfred von Thun John Cowan,wikipedia,https://en.wikipedia.org/wiki/Joy_(programming_language)
pl/joy,designed_by,Manfred von Thun,wikipedia,https://en.wikipedia.org/wiki/Joy_(programming_language)
pl/joy,first_appeared,2001,wikipedia,https://en.wikipedia.org/wiki/Joy_(programming_language)
pl/joy,influenced_by,Scheme,wikipedia,https://en.wikipedia.org/wiki/Joy_(programming_language)
pl/joy,influenced_by,FP,wikipedia,https://en.wikipedia.org/wiki/Joy_(programming_language)
pl/joy,influenced_by,Forth,wikipedia,https://en.wikipedia.org/wiki/Joy_(programming_language)
pl/joy-programming-language,paradigms,multi-paradigm: functional,wikipedia,https://en.wikipedia.org/wiki/Joy_(programming_language)
pl/joy-programming-language,paradigms,concatenative,wikipedia,https://en.wikipedia.org/wiki/Joy_(programming_language)
pl/joy-programming-language,paradigms,stack-oriented,wikipedia,https://en.wikipedia.org/wiki/Joy_(programming_language)
pl/joy-programming-language,typing,"strong, dynamic",wikipedia,https://en.wikipedia.org/wiki/Joy_(programming_language)
pl/joy-programming-language,designed_by,Manfred von Thun John Cowan,wikipedia,https://en.wikipedia.org/wiki/Joy_(programming_language)
pl/joy-programming-language,designed_by,Manfred von Thun,wikipedia,https://en.wikipedia.org/wiki/Joy_(programming_language)
pl/joy-programming-language,first_appeared,2001,wikipedia,https://en.wikipedia.org/wiki/Joy_(programming_language)
pl/joy-programming-language,influenced_by,Scheme,wikipedia,https://en.wikipedia.org/wiki/Joy_(programming_language)
pl/joy-programming-language,influenced_by,FP,wikipedia,https://en.wikipedia.org/wiki/Joy_(programming_language)
pl/joy-programming-language,influenced_by,Forth,wikipedia,https://en.wikipedia.org/wiki/Joy_(programming_language)
pl/joyce,paradigms,concurrent,wikipedia,https://en.wikipedia.org/wiki/Joyce_(programming_language)
pl/joyce,paradigms,imperative,wikipedia,https://en.wikipedia.org/wiki/Joyce_(programming_language)
pl/joyce,paradigms,structured,wikipedia,https://en.wikipedia.org/wiki/Joyce_(programming_language)
pl/joyce,typing,strong,wikipedia,https://en.wikipedia.org/wiki/Joyce_(programming_language)
pl/joyce,designed_by,Per Brinch Hansen,wikipedia,https://en.wikipedia.org/wiki/Joyce_(programming_language)
pl/joyce,first_appeared,1987,wikipedia,https://en.wikipedia.org/wiki/Joyce_(programming_language)
pl/joyce,influenced_by,Communicating sequential processes,wikipedia,https://en.wikipedia.org/wiki/Joyce_(programming_language)
pl/joyce,influenced_by,Pascal,wikipedia,https://en.wikipedia.org/wiki/Joyce_(programming_language)
pl/joyce,influenced_by,Concurrent Pascal,wikipedia,https://en.wikipedia.org/wiki/Joyce_(programming_language)
pl/jq,paradigms,purely functional,wikipedia,https://en.wikipedia.org/wiki/Jq_(programming_language)
pl/jq,paradigms,json -oriented processing,wikipedia,https://en.wikipedia.org/wiki/Jq_(programming_language)
pl/jq,paradigms,tacit,wikipedia,https://en.wikipedia.org/wiki/Jq_(programming_language)
pl/jq,typing,dynamic,wikipedia,https://en.wikipedia.org/wiki/Jq_(programming_language)
pl/jq,designed_by,Stephen Dolan,wikipedia,https://en.wikipedia.org/wiki/Jq_(programming_language)
pl/jq,first_appeared,2012,wikipedia,https://en.wikipedia.org/wiki/Jq_(programming_language)
pl/jq,influenced_by,sed,wikipedia,https://en.wikipedia.org/wiki/Jq_(programming_language)
pl/jq,license,MIT,wikipedia,https://en.wikipedia.org/wiki/Jq_(programming_language)
pl/jq,implementation_languages,Haskell (original) C (later),wikipedia,https://en.wikipedia.org/wiki/Jq_(programming_language)
pl/jq,homepage,http://jqlang.org,wikipedia,https://en.wikipedia.org/wiki/Jq_(programming_language)
pl/jq-programming-language,paradigms,purely functional,wikipedia,https://en.wikipedia.org/wiki/Jq_(programming_language)
pl/jq-programming-language,paradigms,json -oriented processing,wikipedia,https://en.wikipedia.org/wiki/Jq_(programming_language)
pl/jq-programming-language,paradigms,tacit,wikipedia,https://en.wikipedia.org/wiki/Jq_(programming_language)
pl/jq-programming-language,typing,dynamic,wikipedia,https://en.wikipedia.org/wiki/Jq_(programming_language)
pl/jq-programming-language,designed_by,Stephen Dolan,wikipedia,https://en.wikipedia.org/wiki/Jq_(programming_language)
pl/jq-programming-language,first_appeared,2012,wikipedia,https://en.wikipedia.org/wiki/Jq_(programming_language)
pl/jq-programming-language,influenced_by,sed,wikipedia,https://en.wikipedia.org/wiki/Jq_(programming_language)
pl/jq-programming-language,license,MIT,wikipedia,https://en.wikipedia.org/wiki/Jq_(programming_language)
pl/jq-programming-language,implementation_languages,Haskell (original) C (later),wikipedia,https://en.wikipedia.org/wiki/Jq_(programming_language)
pl/jq-programming-language,homepage,http://jqlang.org,wikipedia,https://en.wikipedia.org/wiki/Jq_(programming_language)
pl/jspp,paradigms,multi-paradigm: imperative,wikipedia,https://en.wikipedia.org/wiki/JS%2B%2B
pl/jspp,paradigms,structured,wikipedia,https://en.wikipedia.org/wiki/JS%2B%2B
pl/jspp,paradigms,object-oriented,wikipedia,https://en.wikipedia.org/wiki/JS%2B%2B
pl/jspp,paradigms,functional,wikipedia,https://en.wikipedia.org/wiki/JS%2B%2B
pl/jspp,paradigms,generic,wikipedia,https://en.wikipedia.org/wiki/JS%2B%2B
pl/jspp,typing,"gradual, static, dynamic",wikipedia,https://en.wikipedia.org/wiki/JS%2B%2B
pl/jspp,designed_by,Onux,wikipedia,https://en.wikipedia.org/wiki/JS%2B%2B
pl/jspp,designed_by,Roger Poon,wikipedia,https://en.wikipedia.org/wiki/JS%2B%2B
pl/jspp,designed_by,Anton Rapetov,wikipedia,https://en.wikipedia.org/wiki/JS%2B%2B
pl/jspp,first_appeared,2011,wikipedia,https://en.wikipedia.org/wiki/JS%2B%2B
pl/jspp,influenced_by,C,wikipedia,https://en.wikipedia.org/wiki/JS%2B%2B
pl/jspp,influenced_by,C++,wikipedia,https://en.wikipedia.org/wiki/JS%2B%2B
pl/jspp,influenced_by,C#,wikipedia,https://en.wikipedia.org/wiki/JS%2B%2B
pl/jspp,influenced_by,Java,wikipedia,https://en.wikipedia.org/wiki/JS%2B%2B
pl/jspp,influenced_by,JavaScript,wikipedia,https://en.wikipedia.org/wiki/JS%2B%2B
pl/jspp,license,BSD,wikipedia,https://en.wikipedia.org/wiki/JS%2B%2B
pl/jspp,homepage,http://www.onux.com/jspp,wikipedia,https://en.wikipedia.org/wiki/JS%2B%2B
pl/jscript,paradigms,multi-paradigm: object-oriented (prototype-based),wikipedia,https://en.wikipedia.org/wiki/JScript
pl/jscript,paradigms,functional,wikipedia,https://en.wikipedia.org/wiki/JScript
pl/jscript,paradigms,imperative,wikipedia,https://en.wikipedia.org/wiki/JScript
pl/jscript,paradigms,scripting,wikipedia,https://en.wikipedia.org/wiki/JScript
pl/jscript,typing,"dynamic, weak, duck",wikipedia,https://en.wikipedia.org/wiki/JScript
pl/jscript,designed_by,Microsoft,wikipedia,https://en.wikipedia.org/wiki/JScript
pl/jscript,first_appeared,1996,wikipedia,https://en.wikipedia.org/wiki/JScript
pl/jscript,influenced_by,JavaScript,wikipedia,https://en.wikipedia.org/wiki/JScript
pl/jscript,license,proprietary,wikipedia,https://en.wikipedia.org/wiki/JScript
pl/jscript,homepage,https://learn.microsoft.com/en-us/previous-versions/hbxc2t98(v=vs.85),wikipedia,https://en.wikipedia.org/wiki/JScript
pl/json,paradigms,multi-paradigm: imperative,wikipedia,https://en.wikipedia.org/wiki/ABC_(programming_language)
pl/json,paradigms,procedural,wikipedia,https://en.wikipedia.org/wiki/ABC_(programming_language)
pl/json,paradigms,structured,wikipedia,https://en.wikipedia.org/wiki/ABC_(programming_language)
pl/json,typing,"strong, polymorphic",wikipedia,https://en.wikipedia.org/wiki/ABC_(programming_language)
pl/json,designed_by,Centrum Wiskunde,wikipedia,https://en.wikipedia.org/wiki/ABC_(programming_language)
pl/json,designed_by,Informatica (CWI),wikipedia,https://en.wikipedia.org/wiki/ABC_(programming_language)
pl/json,designed_by,Leo Geurts,wikipedia,https://en.wikipedia.org/wiki/ABC_(programming_language)
pl/json,designed_by,Lambert Meertens,wikipedia,https://en.wikipedia.org/wiki/ABC_(programming_language)
pl/json,designed_by,Steven Pemberton,wikipedia,https://en.wikipedia.org/wiki/ABC_(programming_language)
pl/json,first_appeared,1987,wikipedia,https://en.wikipedia.org/wiki/ABC_(programming_language)
pl/json,influenced_by,SETL,wikipedia,https://en.wikipedia.org/wiki/ABC_(programming_language)
pl/json,influenced_by,ALGOL 68,wikipedia,https://en.wikipedia.org/wiki/ABC_(programming_language)
pl/json,homepage,https://homepages.cwi.nl/~steven/abc/,wikipedia,https://en.wikipedia.org/wiki/ABC_(programming_language)
pl/jsoniq,paradigms,declarative,wikipedia,https://en.wikipedia.org/wiki/JSONiq
pl/jsoniq,paradigms,functional,wikipedia,https://en.wikipedia.org/wiki/JSONiq
pl/jsoniq,paradigms,modular,wikipedia,https://en.wikipedia.org/wiki/JSONiq
pl/jsoniq,typing,"dynamic, strong",wikipedia,https://en.wikipedia.org/wiki/JSONiq
pl/jsoniq,influenced_by,XQuery,wikipedia,https://en.wikipedia.org/wiki/JSONiq
pl/jsoniq,influenced_by,SQL,wikipedia,https://en.wikipedia.org/wiki/JSONiq
pl/jsoniq,homepage,http://www.jsoniq.org/,wikipedia,https://en.wikipedia.org/wiki/JSONiq
pl/jsonld,designed_by,Manu Sporny,wikipedia,https://en.wikipedia.org/wiki/JSON-LD
pl/jsonld,designed_by,Dave Longley,wikipedia,https://en.wikipedia.org/wiki/JSON-LD
pl/jsonld,designed_by,Gregg Kellogg,wikipedia,https://en.wikipedia.org/wiki/JSON-LD
pl/jsonld,designed_by,Markus Lanthaler,wikipedia,https://en.wikipedia.org/wiki/JSON-LD
pl/jsonld,designed_by,Niklas Lindström,wikipedia,https://en.wikipedia.org/wiki/JSON-LD
pl/julia,paradigms,multi-paradigm: multiple dispatch (primary paradigm),wikipedia,https://en.wikipedia.org/wiki/Julia_(programming_language)
pl/julia,paradigms,functional,wikipedia,https://en.wikipedia.org/wiki/Julia_(programming_language)
pl/julia,paradigms,array,wikipedia,https://en.wikipedia.org/wiki/Julia_(programming_language)
pl/julia,paradigms,procedural (imperative),wikipedia,https://en.wikipedia.org/wiki/Julia_(programming_language)
pl/julia,paradigms,structured,wikipedia,https://en.wikipedia.org/wiki/Julia_(programming_language)
pl/julia,paradigms,reflective,wikipedia,https://en.wikipedia.org/wiki/Julia_(programming_language)
pl/julia,paradigms,meta,wikipedia,https://en.wikipedia.org/wiki/Julia_(programming_language)
pl/julia,paradigms,multistaged,wikipedia,https://en.wikipedia.org/wiki/Julia_(programming_language)
pl/julia,typing,"dynamic, inferred, optional, nominative, parametric, strong",wikipedia,https://en.wikipedia.org/wiki/Julia_(programming_language)
pl/julia,designed_by,Jeff Bezanson,wikipedia,https://en.wikipedia.org/wiki/Julia_(programming_language)
pl/julia,designed_by,Stefan Karpinski,wikipedia,https://en.wikipedia.org/wiki/Julia_(programming_language)
pl/julia,designed_by,Viral B. Shah,wikipedia,https://en.wikipedia.org/wiki/Julia_(programming_language)
pl/julia,designed_by,and other contributors,wikipedia,https://en.wikipedia.org/wiki/Julia_(programming_language)
pl/julia,designed_by,Alan Edelman,wikipedia,https://en.wikipedia.org/wiki/Julia_(programming_language)
pl/julia,first_appeared,2012,wikipedia,https://en.wikipedia.org/wiki/Julia_(programming_language)
pl/julia,influenced_by,Dylan,wikipedia,https://en.wikipedia.org/wiki/Julia_(programming_language)
pl/julia,influenced_by,Lisp,wikipedia,https://en.wikipedia.org/wiki/Julia_(programming_language)
pl/julia,influenced_by,Lua,wikipedia,https://en.wikipedia.org/wiki/Julia_(programming_language)
pl/julia,influenced_by,Mathematica,wikipedia,https://en.wikipedia.org/wiki/Julia_(programming_language)
pl/julia,influenced_by,MATLAB,wikipedia,https://en.wikipedia.org/wiki/Julia_(programming_language)
pl/julia,influenced_by,Perl,wikipedia,https://en.wikipedia.org/wiki/Julia_(programming_language)
pl/julia,influenced_by,Python,wikipedia,https://en.wikipedia.org/wiki/Julia_(programming_language)
pl/julia,influenced_by,R,wikipedia,https://en.wikipedia.org/wiki/Julia_(programming_language)
pl/julia,influenced_by,Ruby,wikipedia,https://en.wikipedia.org/wiki/Julia_(programming_language)
pl/julia,influenced_by,Fortress,wikipedia,https://en.wikipedia.org/wiki/Julia_(programming_language)
pl/julia,license,MIT,wikipedia,https://en.wikipedia.org/wiki/Julia_(programming_language)
pl/julia,implementation_languages,Julia,wikipedia,https://en.wikipedia.org/wiki/Julia_(programming_language)
pl/julia,implementation_languages,C,wikipedia,https://en.wikipedia.org/wiki/Julia_(programming_language)
pl/julia,implementation_languages,C++,wikipedia,https://en.wikipedia.org/wiki/Julia_(programming_language)
pl/julia,implementation_languages,LLVM,wikipedia,https://en.wikipedia.org/wiki/Julia_(programming_language)
pl/julia,implementation_languages,Scheme,wikipedia,https://en.wikipedia.org/wiki/Julia_(programming_language)
pl/julia,homepage,https://JuliaLang.org,wikipedia,https://en.wikipedia.org/wiki/Julia_(programming_language)
pl/julia-programming-language,paradigms,multi-paradigm: multiple dispatch (primary paradigm),wikipedia,https://en.wikipedia.org/wiki/Julia_(programming_language)
pl/julia-programming-language,paradigms,functional,wikipedia,https://en.wikipedia.org/wiki/Julia_(programming_language)
pl/julia-programming-language,paradigms,array,wikipedia,https://en.wikipedia.org/wiki/Julia_(programming_language)
pl/julia-programming-language,paradigms,procedural (imperative),wikipedia,https://en.wikipedia.org/wiki/Julia_(programming_language)
pl/julia-programming-language,paradigms,structured,wikipedia,https://en.wikipedia.org/wiki/Julia_(programming_language)
pl/julia-programming-language,paradigms,reflective,wikipedia,https://en.wikipedia.org/wiki/Julia_(programming_language)
pl/julia-programming-language,paradigms,meta,wikipedia,https://en.wikipedia.org/wiki/Julia_(programming_language)
pl/julia-programming-language,paradigms,multistaged,wikipedia,https://en.wikipedia.org/wiki/Julia_(programming_language)
pl/julia-programming-language,typing,"dynamic, inferred, optional, nominative, parametric, strong",wikipedia,https://en.wikipedia.org/wiki/Julia_(programming_language)
pl/julia-programming-language,designed_by,Jeff Bezanson,wikipedia,https://en.wikipedia.org/wiki/Julia_(programming_language)
pl/julia-programming-language,designed_by,Stefan Karpinski,wikipedia,https://en.wikipedia.org/wiki/Julia_(programming_language)
pl/julia-programming-language,designed_by,Viral B. Shah,wikipedia,https://en.wikipedia.org/wiki/Julia_(programming_language)
pl/julia-programming-language,designed_by,and other contributors,wikipedia,https://en.wikipedia.org/wiki/Julia_(programming_language)
pl/julia-programming-language,designed_by,Alan Edelman,wikipedia,https://en.wikipedia.org/wiki/Julia_(programming_language)
pl/julia-programming-language,first_appeared,2012,wikipedia,https://en.wikipedia.org/wiki/Julia_(programming_language)
pl/julia-programming-language,influenced_by,Dylan,wikipedia,https://en.wikipedia.org/wiki/Julia_(programming_language)
pl/julia-programming-language,influenced_by,Lisp,wikipedia,https://en.wikipedia.org/wiki/Julia_(programming_language)
pl/julia-programming-language,influenced_by,Lua,wikipedia,https://en.wikipedia.org/wiki/Julia_(programming_language)
pl/julia-programming-language,influenced_by,Mathematica,wikipedia,https://en.wikipedia.org/wiki/Julia_(programming_language)
pl/julia-programming-language,influenced_by,MATLAB,wikipedia,https://en.wikipedia.org/wiki/Julia_(programming_language)
pl/julia-programming-language,influenced_by,Perl,wikipedia,https://en.wikipedia.org/wiki/Julia_(programming_language)
pl/julia-programming-language,influenced_by,Python,wikipedia,https://en.wikipedia.org/wiki/Julia_(programming_language)
pl/julia-programming-language,influenced_by,R,wikipedia,https://en.wikipedia.org/wiki/Julia_(programming_language)
pl/julia-programming-language,influenced_by,Ruby,wikipedia,https://en.wikipedia.org/wiki/Julia_(programming_language)
pl/julia-programming-language,influenced_by,Fortress,wikipedia,https://en.wikipedia.org/wiki/Julia_(programming_language)
pl/julia-programming-language,license,MIT,wikipedia,https://en.wikipedia.org/wiki/Julia_(programming_language)
pl/julia-programming-language,implementation_languages,Julia,wikipedia,https://en.wikipedia.org/wiki/Julia_(programming_language)
pl/julia-programming-language,implementation_languages,C,wikipedia,https://en.wikipedia.org/wiki/Julia_(programming_language)
pl/julia-programming-language,implementation_languages,C++,wikipedia,https://en.wikipedia.org/wiki/Julia_(programming_language)
pl/julia-programming-language,implementation_languages,LLVM,wikipedia,https://en.wikipedia.org/wiki/Julia_(programming_language)
pl/julia-programming-language,implementation_languages,Scheme,wikipedia,https://en.wikipedia.org/wiki/Julia_(programming_language)
pl/julia-programming-language,homepage,https://JuliaLang.org,wikipedia,https://en.wikipedia.org/wiki/Julia_(programming_language)
pl/k,paradigms,array,wikipedia,https://en.wikipedia.org/wiki/K_(programming_language)
pl/k,paradigms,functional,wikipedia,https://en.wikipedia.org/wiki/K_(programming_language)
pl/k,typing,"dynamic, strong",wikipedia,https://en.wikipedia.org/wiki/K_(programming_language)
pl/k,designed_by,KX Systems,wikipedia,https://en.wikipedia.org/wiki/K_(programming_language)
pl/k,designed_by,Arthur Whitney,wikipedia,https://en.wikipedia.org/wiki/K_(programming_language)
pl/k,first_appeared,1993,wikipedia,https://en.wikipedia.org/wiki/K_(programming_language)
pl/k,influenced_by,A+,wikipedia,https://en.wikipedia.org/wiki/K_(programming_language)
pl/k,influenced_by,APL,wikipedia,https://en.wikipedia.org/wiki/K_(programming_language)
pl/k,influenced_by,Scheme,wikipedia,https://en.wikipedia.org/wiki/K_(programming_language)
pl/k,homepage,http://kx.com,wikipedia,https://en.wikipedia.org/wiki/K_(programming_language)
pl/k-programming-language,paradigms,array,wikipedia,https://en.wikipedia.org/wiki/K_(programming_language)
pl/k-programming-language,paradigms,functional,wikipedia,https://en.wikipedia.org/wiki/K_(programming_language)
pl/k-programming-language,typing,"dynamic, strong",wikipedia,https://en.wikipedia.org/wiki/K_(programming_language)
pl/k-programming-language,designed_by,KX Systems,wikipedia,https://en.wikipedia.org/wiki/K_(programming_language)
pl/k-programming-language,designed_by,Arthur Whitney,wikipedia,https://en.wikipedia.org/wiki/K_(programming_language)
pl/k-programming-language,first_appeared,1993,wikipedia,https://en.wikipedia.org/wiki/K_(programming_language)
pl/k-programming-language,influenced_by,A+,wikipedia,https://en.wikipedia.org/wiki/K_(programming_language)
pl/k-programming-language,influenced_by,APL,wikipedia,https://en.wikipedia.org/wiki/K_(programming_language)
pl/k-programming-language,influenced_by,Scheme,wikipedia,https://en.wikipedia.org/wiki/K_(programming_language)
pl/k-programming-language,homepage,http://kx.com,wikipedia,https://en.wikipedia.org/wiki/K_(programming_language)
pl/karel,paradigms,procedural,wikipedia,https://en.wikipedia.org/wiki/Karel_(programming_language)
pl/karel,designed_by,Richard E. Pattis,wikipedia,https://en.wikipedia.org/wiki/Karel_(programming_language)
pl/karel,first_appeared,1981,wikipedia,https://en.wikipedia.org/wiki/Karel_(programming_language)
pl/karel,influenced_by,Pascal,wikipedia,https://en.wikipedia.org/wiki/Karel_(programming_language)
pl/karel,homepage,https://xkarel.sourceforge.net/,wikipedia,https://en.wikipedia.org/wiki/Karel_(programming_language)
pl/kawa,designed_by,The Kawa Community,wikipedia,https://en.wikipedia.org/wiki/Kawa_(Scheme_implementation)
pl/kawa,designed_by,Per Bothner,wikipedia,https://en.wikipedia.org/wiki/Kawa_(Scheme_implementation)
pl/kawa,first_appeared,1996,wikipedia,https://en.wikipedia.org/wiki/Kawa_(Scheme_implementation)
pl/kawa,influenced_by,Lisp,wikipedia,https://en.wikipedia.org/wiki/Kawa_(Scheme_implementation)
pl/kawa,influenced_by,Scheme,wikipedia,https://en.wikipedia.org/wiki/Kawa_(Scheme_implementation)
pl/kawa,license,MIT,wikipedia,https://en.wikipedia.org/wiki/Kawa_(Scheme_implementation)
pl/kawa,implementation_languages,Java,wikipedia,https://en.wikipedia.org/wiki/Kawa_(Scheme_implementation)
pl/kawa,implementation_languages,Scheme,wikipedia,https://en.wikipedia.org/wiki/Kawa_(Scheme_implementation)
pl/kawa,homepage,https://www.gnu.org/software/kawa,wikipedia,https://en.wikipedia.org/wiki/Kawa_(Scheme_implementation)
pl/keykit,designed_by,AT&T / Tim Thompson,wikipedia,https://en.wikipedia.org/wiki/Keykit
pl/keykit,license,Free for non-commercial use,wikipedia,https://en.wikipedia.org/wiki/Keykit
pl/keykit,homepage,http://nosuch.com/keykit,wikipedia,https://en.wikipedia.org/wiki/Keykit
pl/kinetic-rule-language,paradigms,knowledge representation,wikipedia,https://en.wikipedia.org/wiki/KRL_(programming_language)
pl/kinetic-rule-language,designed_by,Daniel G. Bobrow,wikipedia,https://en.wikipedia.org/wiki/KRL_(programming_language)
pl/kinetic-rule-language,designed_by,Terry Winograd,wikipedia,https://en.wikipedia.org/wiki/KRL_(programming_language)
pl/kinetic-rule-language,first_appeared,1976,wikipedia,https://en.wikipedia.org/wiki/KRL_(programming_language)
pl/kixtart,designed_by,Ruud van Velsen,wikipedia,https://en.wikipedia.org/wiki/KiXtart
pl/kixtart,first_appeared,1991,wikipedia,https://en.wikipedia.org/wiki/KiXtart
pl/kixtart,license,Closed source Careware,wikipedia,https://en.wikipedia.org/wiki/KiXtart
pl/kixtart,homepage,http://www.kixtart.org/,wikipedia,https://en.wikipedia.org/wiki/KiXtart
pl/kml,designed_by,Keyhole,wikipedia,https://en.wikipedia.org/wiki/Keyhole_Markup_Language
pl/kml,designed_by,Inc,wikipedia,https://en.wikipedia.org/wiki/Keyhole_Markup_Language
pl/kml,designed_by,Google,wikipedia,https://en.wikipedia.org/wiki/Keyhole_Markup_Language
pl/kojo-learning-environment,paradigms,structured,wikipedia,https://en.wikipedia.org/wiki/Kojo_(learning_environment)
pl/kojo-learning-environment,paradigms,functional,wikipedia,https://en.wikipedia.org/wiki/Kojo_(learning_environment)
pl/kojo-learning-environment,paradigms,object-oriented,wikipedia,https://en.wikipedia.org/wiki/Kojo_(learning_environment)
pl/kojo-learning-environment,typing,strong,wikipedia,https://en.wikipedia.org/wiki/Kojo_(learning_environment)
pl/kojo-learning-environment,designed_by,Lalit Pant,wikipedia,https://en.wikipedia.org/wiki/Kojo_(learning_environment)
pl/kojo-learning-environment,first_appeared,2010,wikipedia,https://en.wikipedia.org/wiki/Kojo_(learning_environment)
pl/kojo-learning-environment,influenced_by,Logo,wikipedia,https://en.wikipedia.org/wiki/Kojo_(learning_environment)
pl/kojo-learning-environment,influenced_by,Processing,wikipedia,https://en.wikipedia.org/wiki/Kojo_(learning_environment)
pl/kojo-learning-environment,license,GPL,wikipedia,https://en.wikipedia.org/wiki/Kojo_(learning_environment)
pl/kojo-learning-environment,homepage,https://www.kogics.net/kojo,wikipedia,https://en.wikipedia.org/wiki/Kojo_(learning_environment)
pl/kotlin,paradigms,multi-paradigm: object-oriented,wikipedia,https://en.wikipedia.org/wiki/Kotlin
pl/kotlin,paradigms,functional,wikipedia,https://en.wikipedia.org/wiki/Kotlin
pl/kotlin,paradigms,imperative,wikipedia,https://en.wikipedia.org/wiki/Kotlin
pl/kotlin,paradigms,block structured,wikipedia,https://en.wikipedia.org/wiki/Kotlin
pl/kotlin,paradigms,generic,wikipedia,https://en.wikipedia.org/wiki/Kotlin
pl/kotlin,paradigms,reflective,wikipedia,https://en.wikipedia.org/wiki/Kotlin
pl/kotlin,paradigms,concurrent,wikipedia,https://en.wikipedia.org/wiki/Kotlin
pl/kotlin,typing,"inferred, static, strong",wikipedia,https://en.wikipedia.org/wiki/Kotlin
pl/kotlin,designed_by,JetBrains,wikipedia,https://en.wikipedia.org/wiki/Kotlin
pl/kotlin,first_appeared,2011,wikipedia,https://en.wikipedia.org/wiki/Kotlin
pl/kotlin,influenced_by,C#,wikipedia,https://en.wikipedia.org/wiki/Kotlin
pl/kotlin,influenced_by,Eiffel,wikipedia,https://en.wikipedia.org/wiki/Kotlin
pl/kotlin,influenced_by,Gosu,wikipedia,https://en.wikipedia.org/wiki/Kotlin
pl/kotlin,influenced_by,Groovy,wikipedia,https://en.wikipedia.org/wiki/Kotlin
pl/kotlin,influenced_by,Java,wikipedia,https://en.wikipedia.org/wiki/Kotlin
pl/kotlin,influenced_by,JavaScript,wikipedia,https://en.wikipedia.org/wiki/Kotlin
pl/kotlin,influenced_by,ML,wikipedia,https://en.wikipedia.org/wiki/Kotlin
pl/kotlin,influenced_by,Scala,wikipedia,https://en.wikipedia.org/wiki/Kotlin
pl/kotlin,license,Apache 2.0,wikipedia,https://en.wikipedia.org/wiki/Kotlin
pl/kotlin,homepage,https://kotlinlang.org/,wikipedia,https://en.wikipedia.org/wiki/Kotlin
pl/krc,paradigms,functional,wikipedia,https://en.wikipedia.org/wiki/Kent_Recursive_Calculator
pl/krc,designed_by,David Turner,wikipedia,https://en.wikipedia.org/wiki/Kent_Recursive_Calculator
pl/krc,first_appeared,1981,wikipedia,https://en.wikipedia.org/wiki/Kent_Recursive_Calculator
pl/krc,influenced_by,SASL,wikipedia,https://en.wikipedia.org/wiki/Kent_Recursive_Calculator
pl/krl,paradigms,knowledge representation,wikipedia,https://en.wikipedia.org/wiki/KRL_(programming_language)
pl/krl,designed_by,Daniel G. Bobrow,wikipedia,https://en.wikipedia.org/wiki/KRL_(programming_language)
pl/krl,designed_by,Terry Winograd,wikipedia,https://en.wikipedia.org/wiki/KRL_(programming_language)
pl/krl,first_appeared,1976,wikipedia,https://en.wikipedia.org/wiki/KRL_(programming_language)
pl/lambda-prolog,paradigms,logic,wikipedia,https://en.wikipedia.org/wiki/%CE%9BProlog
pl/lambda-prolog,typing,strongly typed,wikipedia,https://en.wikipedia.org/wiki/%CE%9BProlog
pl/lambda-prolog,designed_by,Dale Miller,wikipedia,https://en.wikipedia.org/wiki/%CE%9BProlog
pl/lambda-prolog,designed_by,Gopalan Nadathur,wikipedia,https://en.wikipedia.org/wiki/%CE%9BProlog
pl/lambda-prolog,first_appeared,1987,wikipedia,https://en.wikipedia.org/wiki/%CE%9BProlog
pl/lambda-prolog,influenced_by,Prolog,wikipedia,https://en.wikipedia.org/wiki/%CE%9BProlog
pl/lambda-prolog,license,GNU General Public License v3,wikipedia,https://en.wikipedia.org/wiki/%CE%9BProlog
pl/lambda-prolog,homepage,http://www.lix.polytechnique.fr/Labo/Dale.Miller/lProlog/,wikipedia,https://en.wikipedia.org/wiki/%CE%9BProlog
pl/lasso,paradigms,multi-paradigm: structured object-oriented (multi-dis),wikipedia,https://en.wikipedia.org/wiki/Lasso_(programming_language)
pl/lasso,paradigms,imperative: procedural,wikipedia,https://en.wikipedia.org/wiki/Lasso_(programming_language)
pl/lasso,paradigms,concurrent,wikipedia,https://en.wikipedia.org/wiki/Lasso_(programming_language)
pl/lasso,paradigms,exp-oriented,wikipedia,https://en.wikipedia.org/wiki/Lasso_(programming_language)
pl/lasso,paradigms,meta: reflective,wikipedia,https://en.wikipedia.org/wiki/Lasso_(programming_language)
pl/lasso,typing,"dynamic with constraints (strict-hybrid), nominative, duck (hybrid)",wikipedia,https://en.wikipedia.org/wiki/Lasso_(programming_language)
pl/lasso,designed_by,LassoSoft Inc,wikipedia,https://en.wikipedia.org/wiki/Lasso_(programming_language)
pl/lasso,designed_by,Kyle Jessup,wikipedia,https://en.wikipedia.org/wiki/Lasso_(programming_language)
pl/lasso,first_appeared,1995,wikipedia,https://en.wikipedia.org/wiki/Lasso_(programming_language)
pl/lasso,influenced_by,Dylan,wikipedia,https://en.wikipedia.org/wiki/Lasso_(programming_language)
pl/lasso,influenced_by,Smalltalk,wikipedia,https://en.wikipedia.org/wiki/Lasso_(programming_language)
pl/lasso,influenced_by,Scala,wikipedia,https://en.wikipedia.org/wiki/Lasso_(programming_language)
pl/lasso,license,Proprietary,wikipedia,https://en.wikipedia.org/wiki/Lasso_(programming_language)
pl/lasso,implementation_languages,C,wikipedia,https://en.wikipedia.org/wiki/Lasso_(programming_language)
pl/lasso,implementation_languages,Lasso,wikipedia,https://en.wikipedia.org/wiki/Lasso_(programming_language)
pl/lasso,homepage,http://www.lassosoft.com,wikipedia,https://en.wikipedia.org/wiki/Lasso_(programming_language)
pl/latex,designed_by,Donald Knuth,wikipedia,https://en.wikipedia.org/wiki/TeX
pl/latex,first_appeared,1978,wikipedia,https://en.wikipedia.org/wiki/TeX
pl/latex,license,Permissive free software,wikipedia,https://en.wikipedia.org/wiki/TeX
pl/latex,homepage,https://tug.org/,wikipedia,https://en.wikipedia.org/wiki/TeX
pl/lean,paradigms,strict purely functional,wikipedia,https://en.wikipedia.org/wiki/Lean_(proof_assistant)
pl/lean,paradigms,dependently typed,wikipedia,https://en.wikipedia.org/wiki/Lean_(proof_assistant)
pl/lean,typing,"static, strong, inferred",wikipedia,https://en.wikipedia.org/wiki/Lean_(proof_assistant)
pl/lean,designed_by,Lean FRO,wikipedia,https://en.wikipedia.org/wiki/Lean_(proof_assistant)
pl/lean,designed_by,Leonardo de Moura,wikipedia,https://en.wikipedia.org/wiki/Lean_(proof_assistant)
pl/lean,first_appeared,2013,wikipedia,https://en.wikipedia.org/wiki/Lean_(proof_assistant)
pl/lean,influenced_by,ML,wikipedia,https://en.wikipedia.org/wiki/Lean_(proof_assistant)
pl/lean,influenced_by,Rocq (formerly named Coq),wikipedia,https://en.wikipedia.org/wiki/Lean_(proof_assistant)
pl/lean,influenced_by,Haskell,wikipedia,https://en.wikipedia.org/wiki/Lean_(proof_assistant)
pl/lean,license,Apache 2.0,wikipedia,https://en.wikipedia.org/wiki/Lean_(proof_assistant)
pl/lean,implementation_languages,Lean,wikipedia,https://en.wikipedia.org/wiki/Lean_(proof_assistant)
pl/lean,implementation_languages,C++,wikipedia,https://en.wikipedia.org/wiki/Lean_(proof_assistant)
pl/lean,homepage,http://lean-lang.org,wikipedia,https://en.wikipedia.org/wiki/Lean_(proof_assistant)
pl/lean-4,paradigms,strict purely functional,wikipedia,https://en.wikipedia.org/wiki/Lean_(proof_assistant)
pl/lean-4,paradigms,dependently typed,wikipedia,https://en.wikipedia.org/wiki/Lean_(proof_assistant)
pl/lean-4,typing,"static, strong, inferred",wikipedia,https://en.wikipedia.org/wiki/Lean_(proof_assistant)
pl/lean-4,designed_by,Lean FRO,wikipedia,https://en.wikipedia.org/wiki/Lean_(proof_assistant)
pl/lean-4,designed_by,Leonardo de Moura,wikipedia,https://en.wikipedia.org/wiki/Lean_(proof_assistant)
pl/lean-4,first_appeared,2013,wikipedia,https://en.wikipedia.org/wiki/Lean_(proof_assistant)
pl/lean-4,influenced_by,ML,wikipedia,https://en.wikipedia.org/wiki/Lean_(proof_assistant)
pl/lean-4,influenced_by,Rocq (formerly named Coq),wikipedia,https://en.wikipedia.org/wiki/Lean_(proof_assistant)
pl/lean-4,influenced_by,Haskell,wikipedia,https://en.wikipedia.org/wiki/Lean_(proof_assistant)
pl/lean-4,license,Apache 2.0,wikipedia,https://en.wikipedia.org/wiki/Lean_(proof_assistant)
pl/lean-4,implementation_languages,Lean,wikipedia,https://en.wikipedia.org/wiki/Lean_(proof_assistant)
pl/lean-4,implementation_languages,C++,wikipedia,https://en.wikipedia.org/wiki/Lean_(proof_assistant)
pl/lean-4,homepage,http://lean-lang.org,wikipedia,https://en.wikipedia.org/wiki/Lean_(proof_assistant)
pl/lfe,paradigms,multi-paradigm: concurrent,wikipedia,https://en.wikipedia.org/wiki/LFE_(programming_language)
pl/lfe,paradigms,functional,wikipedia,https://en.wikipedia.org/wiki/LFE_(programming_language)
pl/lfe,typing,"dynamic, strong",wikipedia,https://en.wikipedia.org/wiki/LFE_(programming_language)
pl/lfe,designed_by,Robert Virding,wikipedia,https://en.wikipedia.org/wiki/LFE_(programming_language)
pl/lfe,first_appeared,2008,wikipedia,https://en.wikipedia.org/wiki/LFE_(programming_language)
pl/lfe,influenced_by,Erlang,wikipedia,https://en.wikipedia.org/wiki/LFE_(programming_language)
pl/lfe,influenced_by,Common Lisp,wikipedia,https://en.wikipedia.org/wiki/LFE_(programming_language)
pl/lfe,influenced_by,Maclisp,wikipedia,https://en.wikipedia.org/wiki/LFE_(programming_language)
pl/lfe,influenced_by,Scheme,wikipedia,https://en.wikipedia.org/wiki/LFE_(programming_language)
pl/lfe,influenced_by,Elixir,wikipedia,https://en.wikipedia.org/wiki/LFE_(programming_language)
pl/lfe,influenced_by,Clojure,wikipedia,https://en.wikipedia.org/wiki/LFE_(programming_language)
pl/lfe,influenced_by,Hy,wikipedia,https://en.wikipedia.org/wiki/LFE_(programming_language)
pl/lfe,license,Apache 2.0,wikipedia,https://en.wikipedia.org/wiki/LFE_(programming_language)
pl/lfe,implementation_languages,Erlang,wikipedia,https://en.wikipedia.org/wiki/LFE_(programming_language)
pl/lfe,homepage,http://lfe.io,wikipedia,https://en.wikipedia.org/wiki/LFE_(programming_language)
pl/lfe-programming-language,paradigms,multi-paradigm: concurrent,wikipedia,https://en.wikipedia.org/wiki/LFE_(programming_language)
pl/lfe-programming-language,paradigms,functional,wikipedia,https://en.wikipedia.org/wiki/LFE_(programming_language)
pl/lfe-programming-language,typing,"dynamic, strong",wikipedia,https://en.wikipedia.org/wiki/LFE_(programming_language)
pl/lfe-programming-language,designed_by,Robert Virding,wikipedia,https://en.wikipedia.org/wiki/LFE_(programming_language)
pl/lfe-programming-language,first_appeared,2008,wikipedia,https://en.wikipedia.org/wiki/LFE_(programming_language)
pl/lfe-programming-language,influenced_by,Erlang,wikipedia,https://en.wikipedia.org/wiki/LFE_(programming_language)
pl/lfe-programming-language,influenced_by,Common Lisp,wikipedia,https://en.wikipedia.org/wiki/LFE_(programming_language)
pl/lfe-programming-language,influenced_by,Maclisp,wikipedia,https://en.wikipedia.org/wiki/LFE_(programming_language)
pl/lfe-programming-language,influenced_by,Scheme,wikipedia,https://en.wikipedia.org/wiki/LFE_(programming_language)
pl/lfe-programming-language,influenced_by,Elixir,wikipedia,https://en.wikipedia.org/wiki/LFE_(programming_language)
pl/lfe-programming-language,influenced_by,Clojure,wikipedia,https://en.wikipedia.org/wiki/LFE_(programming_language)
pl/lfe-programming-language,influenced_by,Hy,wikipedia,https://en.wikipedia.org/wiki/LFE_(programming_language)
pl/lfe-programming-language,license,Apache 2.0,wikipedia,https://en.wikipedia.org/wiki/LFE_(programming_language)
pl/lfe-programming-language,implementation_languages,Erlang,wikipedia,https://en.wikipedia.org/wiki/LFE_(programming_language)
pl/lfe-programming-language,homepage,http://lfe.io,wikipedia,https://en.wikipedia.org/wiki/LFE_(programming_language)
pl/liberty-basic,paradigms,event-driven,wikipedia,https://en.wikipedia.org/wiki/Liberty_BASIC
pl/liberty-basic,paradigms,procedural,wikipedia,https://en.wikipedia.org/wiki/Liberty_BASIC
pl/liberty-basic,typing,"dynamic, weak",wikipedia,https://en.wikipedia.org/wiki/Liberty_BASIC
pl/liberty-basic,designed_by,Shoptalk Systems,wikipedia,https://en.wikipedia.org/wiki/Liberty_BASIC
pl/liberty-basic,designed_by,Carl Gundel,wikipedia,https://en.wikipedia.org/wiki/Liberty_BASIC
pl/liberty-basic,first_appeared,1992,wikipedia,https://en.wikipedia.org/wiki/Liberty_BASIC
pl/liberty-basic,influenced_by,QuickBASIC,wikipedia,https://en.wikipedia.org/wiki/Liberty_BASIC
pl/liberty-basic,license,proprietary,wikipedia,https://en.wikipedia.org/wiki/Liberty_BASIC
pl/liberty-basic,homepage,http://libertybasic.com,wikipedia,https://en.wikipedia.org/wiki/Liberty_BASIC
pl/limbo,paradigms,concurrent,wikipedia,https://en.wikipedia.org/wiki/Limbo_(programming_language)
pl/limbo,typing,strong,wikipedia,https://en.wikipedia.org/wiki/Limbo_(programming_language)
pl/limbo,designed_by,Bell Labs / Vita Nuova Holdings,wikipedia,https://en.wikipedia.org/wiki/Limbo_(programming_language)
pl/limbo,designed_by,Sean Dorward,wikipedia,https://en.wikipedia.org/wiki/Limbo_(programming_language)
pl/limbo,designed_by,Phil Winterbottom,wikipedia,https://en.wikipedia.org/wiki/Limbo_(programming_language)
pl/limbo,designed_by,Rob Pike,wikipedia,https://en.wikipedia.org/wiki/Limbo_(programming_language)
pl/limbo,first_appeared,1995,wikipedia,https://en.wikipedia.org/wiki/Limbo_(programming_language)
pl/limbo,influenced_by,C,wikipedia,https://en.wikipedia.org/wiki/Limbo_(programming_language)
pl/limbo,influenced_by,Pascal,wikipedia,https://en.wikipedia.org/wiki/Limbo_(programming_language)
pl/limbo,influenced_by,CSP,wikipedia,https://en.wikipedia.org/wiki/Limbo_(programming_language)
pl/limbo,influenced_by,Alef,wikipedia,https://en.wikipedia.org/wiki/Limbo_(programming_language)
pl/limbo,influenced_by,Newsqueak,wikipedia,https://en.wikipedia.org/wiki/Limbo_(programming_language)
pl/limbo,license,"GNU GPL v2, see NOTICE in limbo subfolder of the tarball",wikipedia,https://en.wikipedia.org/wiki/Limbo_(programming_language)
pl/limbo,homepage,https://web.archive.org/web/20250207231314/http://www.vitanuova.com/inferno/limbo.html,wikipedia,https://en.wikipedia.org/wiki/Limbo_(programming_language)
pl/linda,paradigms,multi-paradigm,wikipedia,https://en.wikipedia.org/wiki/Linda_(coordination_language)
pl/linda,designed_by,Scientific Computing Associates,wikipedia,https://en.wikipedia.org/wiki/Linda_(coordination_language)
pl/linda,designed_by,David Gelernter,wikipedia,https://en.wikipedia.org/wiki/Linda_(coordination_language)
pl/linda,first_appeared,1986,wikipedia,https://en.wikipedia.org/wiki/Linda_(coordination_language)
pl/linda,homepage,http://lindaspaces.com,wikipedia,https://en.wikipedia.org/wiki/Linda_(coordination_language)
pl/linda-coordination-language,paradigms,multi-paradigm,wikipedia,https://en.wikipedia.org/wiki/Linda_(coordination_language)
pl/linda-coordination-language,designed_by,Scientific Computing Associates,wikipedia,https://en.wikipedia.org/wiki/Linda_(coordination_language)
pl/linda-coordination-language,designed_by,David Gelernter,wikipedia,https://en.wikipedia.org/wiki/Linda_(coordination_language)
pl/linda-coordination-language,first_appeared,1986,wikipedia,https://en.wikipedia.org/wiki/Linda_(coordination_language)
pl/linda-coordination-language,homepage,http://lindaspaces.com,wikipedia,https://en.wikipedia.org/wiki/Linda_(coordination_language)
pl/linotte,paradigms,object-oriented (prototype-based),wikipedia,https://en.wikipedia.org/wiki/Linotte
pl/linotte,paradigms,structured,wikipedia,https://en.wikipedia.org/wiki/Linotte
pl/linotte,paradigms,and imperative,wikipedia,https://en.wikipedia.org/wiki/Linotte
pl/linotte,first_appeared,2005,wikipedia,https://en.wikipedia.org/wiki/Linotte
pl/linotte,license,GNU GPL,wikipedia,https://en.wikipedia.org/wiki/Linotte
pl/linotte,homepage,http://langagelinotte.free.fr/,wikipedia,https://en.wikipedia.org/wiki/Linotte
pl/liquidsoap,designed_by,Romain Beauxis,wikipedia,https://en.wikipedia.org/wiki/Liquidsoap
pl/liquidsoap,designed_by,Samuel Mimram,wikipedia,https://en.wikipedia.org/wiki/Liquidsoap
pl/liquidsoap,first_appeared,2004,wikipedia,https://en.wikipedia.org/wiki/Liquidsoap
pl/liquidsoap,license,GPL-2.0-or-later,wikipedia,https://en.wikipedia.org/wiki/Liquidsoap
pl/liquidsoap,homepage,https://www.liquidsoap.info/,wikipedia,https://en.wikipedia.org/wiki/Liquidsoap
pl/lisp,paradigms,multi-paradigm: functional,wikipedia,https://en.wikipedia.org/wiki/Lisp_(programming_language)
pl/lisp,paradigms,procedural,wikipedia,https://en.wikipedia.org/wiki/Lisp_(programming_language)
pl/lisp,paradigms,reflective,wikipedia,https://en.wikipedia.org/wiki/Lisp_(programming_language)
pl/lisp,paradigms,meta,wikipedia,https://en.wikipedia.org/wiki/Lisp_(programming_language)
pl/lisp,typing,"dynamic, strong",wikipedia,https://en.wikipedia.org/wiki/Lisp_(programming_language)
pl/lisp,designed_by,Steve Russell,wikipedia,https://en.wikipedia.org/wiki/Lisp_(programming_language)
pl/lisp,designed_by,Timothy P. Hart,wikipedia,https://en.wikipedia.org/wiki/Lisp_(programming_language)
pl/lisp,designed_by,Mike Levin,wikipedia,https://en.wikipedia.org/wiki/Lisp_(programming_language)
pl/lisp,designed_by,John McCarthy,wikipedia,https://en.wikipedia.org/wiki/Lisp_(programming_language)
pl/lisp,first_appeared,1960,wikipedia,https://en.wikipedia.org/wiki/Lisp_(programming_language)
pl/lisp,influenced_by,Information Processing Language (IPL),wikipedia,https://en.wikipedia.org/wiki/Lisp_(programming_language)
pl/lisp-programming-language,paradigms,multi-paradigm: functional,wikipedia,https://en.wikipedia.org/wiki/Lisp_(programming_language)
pl/lisp-programming-language,paradigms,procedural,wikipedia,https://en.wikipedia.org/wiki/Lisp_(programming_language)
pl/lisp-programming-language,paradigms,reflective,wikipedia,https://en.wikipedia.org/wiki/Lisp_(programming_language)
pl/lisp-programming-language,paradigms,meta,wikipedia,https://en.wikipedia.org/wiki/Lisp_(programming_language)
pl/lisp-programming-language,typing,"dynamic, strong",wikipedia,https://en.wikipedia.org/wiki/Lisp_(programming_language)
pl/lisp-programming-language,designed_by,Steve Russell,wikipedia,https://en.wikipedia.org/wiki/Lisp_(programming_language)
pl/lisp-programming-language,designed_by,Timothy P. Hart,wikipedia,https://en.wikipedia.org/wiki/Lisp_(programming_language)
pl/lisp-programming-language,designed_by,Mike Levin,wikipedia,https://en.wikipedia.org/wiki/Lisp_(programming_language)
pl/lisp-programming-language,designed_by,John McCarthy,wikipedia,https://en.wikipedia.org/wiki/Lisp_(programming_language)
pl/lisp-programming-language,first_appeared,1960,wikipedia,https://en.wikipedia.org/wiki/Lisp_(programming_language)
pl/lisp-programming-language,influenced_by,Information Processing Language (IPL),wikipedia,https://en.wikipedia.org/wiki/Lisp_(programming_language)
pl/lispworks,paradigms,multi-paradigm: procedural,wikipedia,https://en.wikipedia.org/wiki/LispWorks
pl/lispworks,paradigms,functional,wikipedia,https://en.wikipedia.org/wiki/LispWorks
pl/lispworks,paradigms,object-oriented,wikipedia,https://en.wikipedia.org/wiki/LispWorks
pl/lispworks,paradigms,meta,wikipedia,https://en.wikipedia.org/wiki/LispWorks
pl/lispworks,paradigms,reflective,wikipedia,https://en.wikipedia.org/wiki/LispWorks
pl/lispworks,paradigms,generic,wikipedia,https://en.wikipedia.org/wiki/LispWorks
pl/lispworks,typing,"dynamic, strong",wikipedia,https://en.wikipedia.org/wiki/LispWorks
pl/lispworks,designed_by,Harlequin Ltd. (1987–2000) Xanalys Ltd. (2001–2005) LispWorks Ltd. (2005–),wikipedia,https://en.wikipedia.org/wiki/LispWorks
pl/lispworks,first_appeared,1989,wikipedia,https://en.wikipedia.org/wiki/LispWorks
pl/lispworks,influenced_by,Lisp,wikipedia,https://en.wikipedia.org/wiki/LispWorks
pl/lispworks,influenced_by,Common Lisp,wikipedia,https://en.wikipedia.org/wiki/LispWorks
pl/lispworks,license,Proprietary,wikipedia,https://en.wikipedia.org/wiki/LispWorks
pl/lispworks,implementation_languages,Common Lisp,wikipedia,https://en.wikipedia.org/wiki/LispWorks
pl/lispworks,homepage,http://lispworks.com,wikipedia,https://en.wikipedia.org/wiki/LispWorks
pl/little-b-programming-language,paradigms,functional,wikipedia,https://en.wikipedia.org/wiki/Little_b_(programming_language)
pl/little-b-programming-language,typing,"dynamic, strong",wikipedia,https://en.wikipedia.org/wiki/Little_b_(programming_language)
pl/little-b-programming-language,designed_by,Harvard Medical School Department of Systems Biology,wikipedia,https://en.wikipedia.org/wiki/Little_b_(programming_language)
pl/little-b-programming-language,designed_by,Aneil Mallavarapu,wikipedia,https://en.wikipedia.org/wiki/Little_b_(programming_language)
pl/little-b-programming-language,first_appeared,2004,wikipedia,https://en.wikipedia.org/wiki/Little_b_(programming_language)
pl/little-b-programming-language,influenced_by,Lisp,wikipedia,https://en.wikipedia.org/wiki/Little_b_(programming_language)
pl/little-b-programming-language,homepage,https://web.archive.org/web/20051102195348/http://www.littleb.org/,wikipedia,https://en.wikipedia.org/wiki/Little_b_(programming_language)
pl/livecode,paradigms,object-oriented,wikipedia,https://en.wikipedia.org/wiki/LiveCode
pl/livecode,designed_by,LiveCode,wikipedia,https://en.wikipedia.org/wiki/LiveCode
pl/livecode,designed_by,Ltd,wikipedia,https://en.wikipedia.org/wiki/LiveCode
pl/livecode,designed_by,LiveCode Ltd,wikipedia,https://en.wikipedia.org/wiki/LiveCode
pl/livecode,first_appeared,1993,wikipedia,https://en.wikipedia.org/wiki/LiveCode
pl/livecode,influenced_by,HyperTalk,wikipedia,https://en.wikipedia.org/wiki/LiveCode
pl/livecode,license,"Proprietary, GPL",wikipedia,https://en.wikipedia.org/wiki/LiveCode
pl/livecode,homepage,https://livecode.com/,wikipedia,https://en.wikipedia.org/wiki/LiveCode
pl/livecode-script,paradigms,object-oriented,wikipedia,https://en.wikipedia.org/wiki/LiveCode
pl/livecode-script,designed_by,LiveCode,wikipedia,https://en.wikipedia.org/wiki/LiveCode
pl/livecode-script,designed_by,Ltd,wikipedia,https://en.wikipedia.org/wiki/LiveCode
pl/livecode-script,designed_by,LiveCode Ltd,wikipedia,https://en.wikipedia.org/wiki/LiveCode
pl/livecode-script,first_appeared,1993,wikipedia,https://en.wikipedia.org/wiki/LiveCode
pl/livecode-script,influenced_by,HyperTalk,wikipedia,https://en.wikipedia.org/wiki/LiveCode
pl/livecode-script,license,"Proprietary, GPL",wikipedia,https://en.wikipedia.org/wiki/LiveCode
pl/livecode-script,homepage,https://livecode.com/,wikipedia,https://en.wikipedia.org/wiki/LiveCode
pl/livescript,paradigms,multi-paradigm,wikipedia,https://en.wikipedia.org/wiki/LiveScript_(programming_language)
pl/livescript,paradigms,functional,wikipedia,https://en.wikipedia.org/wiki/LiveScript_(programming_language)
pl/livescript,paradigms,object-oriented,wikipedia,https://en.wikipedia.org/wiki/LiveScript_(programming_language)
pl/livescript,typing,"dynamic, weak",wikipedia,https://en.wikipedia.org/wiki/LiveScript_(programming_language)
pl/livescript,designed_by,(same),wikipedia,https://en.wikipedia.org/wiki/LiveScript_(programming_language)
pl/livescript,designed_by,Jeremy Ashkenas,wikipedia,https://en.wikipedia.org/wiki/LiveScript_(programming_language)
pl/livescript,designed_by,Satoshi Murakami,wikipedia,https://en.wikipedia.org/wiki/LiveScript_(programming_language)
pl/livescript,designed_by,George Zahariev,wikipedia,https://en.wikipedia.org/wiki/LiveScript_(programming_language)
pl/livescript,first_appeared,2011,wikipedia,https://en.wikipedia.org/wiki/LiveScript_(programming_language)
pl/livescript,influenced_by,JavaScript,wikipedia,https://en.wikipedia.org/wiki/LiveScript_(programming_language)
pl/livescript,influenced_by,Haskell,wikipedia,https://en.wikipedia.org/wiki/LiveScript_(programming_language)
pl/livescript,influenced_by,CoffeeScript,wikipedia,https://en.wikipedia.org/wiki/LiveScript_(programming_language)
pl/livescript,influenced_by,F#,wikipedia,https://en.wikipedia.org/wiki/LiveScript_(programming_language)
pl/livescript,license,MIT,wikipedia,https://en.wikipedia.org/wiki/LiveScript_(programming_language)
pl/livescript,homepage,https://livescript.net,wikipedia,https://en.wikipedia.org/wiki/LiveScript_(programming_language)
pl/locomotive-basic,first_appeared,1984,wikipedia,https://en.wikipedia.org/wiki/Locomotive_BASIC
pl/locomotive-basic,influenced_by,Mallard BASIC,wikipedia,https://en.wikipedia.org/wiki/Locomotive_BASIC
pl/locomotive-basic,influenced_by,BBC BASIC,wikipedia,https://en.wikipedia.org/wiki/Locomotive_BASIC
pl/locomotive-basic,license,Proprietary,wikipedia,https://en.wikipedia.org/wiki/Locomotive_BASIC
pl/logo,paradigms,multi-paradigm: functional,wikipedia,https://en.wikipedia.org/wiki/Logo_(programming_language)
pl/logo,paradigms,educational,wikipedia,https://en.wikipedia.org/wiki/Logo_(programming_language)
pl/logo,paradigms,procedural,wikipedia,https://en.wikipedia.org/wiki/Logo_(programming_language)
pl/logo,paradigms,reflective,wikipedia,https://en.wikipedia.org/wiki/Logo_(programming_language)
pl/logo,typing,dynamic,wikipedia,https://en.wikipedia.org/wiki/Logo_(programming_language)
pl/logo,designed_by,Bolt,wikipedia,https://en.wikipedia.org/wiki/Logo_(programming_language)
pl/logo,designed_by,Beranek,wikipedia,https://en.wikipedia.org/wiki/Logo_(programming_language)
pl/logo,designed_by,Newman,wikipedia,https://en.wikipedia.org/wiki/Logo_(programming_language)
pl/logo,designed_by,Wally Feurzeig,wikipedia,https://en.wikipedia.org/wiki/Logo_(programming_language)
pl/logo,designed_by,Seymour Papert,wikipedia,https://en.wikipedia.org/wiki/Logo_(programming_language)
pl/logo,designed_by,Cynthia Solomon,wikipedia,https://en.wikipedia.org/wiki/Logo_(programming_language)
pl/logo,first_appeared,1967,wikipedia,https://en.wikipedia.org/wiki/Logo_(programming_language)
pl/logo,influenced_by,Lisp,wikipedia,https://en.wikipedia.org/wiki/Logo_(programming_language)
pl/logo-programming-language,paradigms,multi-paradigm: functional,wikipedia,https://en.wikipedia.org/wiki/Logo_(programming_language)
pl/logo-programming-language,paradigms,educational,wikipedia,https://en.wikipedia.org/wiki/Logo_(programming_language)
pl/logo-programming-language,paradigms,procedural,wikipedia,https://en.wikipedia.org/wiki/Logo_(programming_language)
pl/logo-programming-language,paradigms,reflective,wikipedia,https://en.wikipedia.org/wiki/Logo_(programming_language)
pl/logo-programming-language,typing,dynamic,wikipedia,https://en.wikipedia.org/wiki/Logo_(programming_language)
pl/logo-programming-language,designed_by,Bolt,wikipedia,https://en.wikipedia.org/wiki/Logo_(programming_language)
pl/logo-programming-language,designed_by,Beranek,wikipedia,https://en.wikipedia.org/wiki/Logo_(programming_language)
pl/logo-programming-language,designed_by,Newman,wikipedia,https://en.wikipedia.org/wiki/Logo_(programming_language)
pl/logo-programming-language,designed_by,Wally Feurzeig,wikipedia,https://en.wikipedia.org/wiki/Logo_(programming_language)
pl/logo-programming-language,designed_by,Seymour Papert,wikipedia,https://en.wikipedia.org/wiki/Logo_(programming_language)
pl/logo-programming-language,designed_by,Cynthia Solomon,wikipedia,https://en.wikipedia.org/wiki/Logo_(programming_language)
pl/logo-programming-language,first_appeared,1967,wikipedia,https://en.wikipedia.org/wiki/Logo_(programming_language)
pl/logo-programming-language,influenced_by,Lisp,wikipedia,https://en.wikipedia.org/wiki/Logo_(programming_language)
pl/logtalk,paradigms,logic,wikipedia,https://en.wikipedia.org/wiki/Logtalk
pl/logtalk,paradigms,object-oriented,wikipedia,https://en.wikipedia.org/wiki/Logtalk
pl/logtalk,paradigms,prototype-based,wikipedia,https://en.wikipedia.org/wiki/Logtalk
pl/logtalk,designed_by,Paulo Moura,wikipedia,https://en.wikipedia.org/wiki/Logtalk
pl/logtalk,first_appeared,1998,wikipedia,https://en.wikipedia.org/wiki/Logtalk
pl/logtalk,influenced_by,Prolog,wikipedia,https://en.wikipedia.org/wiki/Logtalk
pl/logtalk,influenced_by,Smalltalk,wikipedia,https://en.wikipedia.org/wiki/Logtalk
pl/logtalk,influenced_by,Objective-C,wikipedia,https://en.wikipedia.org/wiki/Logtalk
pl/logtalk,license,Artistic License 2.0 (2.x) / Apache License 2.0 (3.01.x),wikipedia,https://en.wikipedia.org/wiki/Logtalk
pl/logtalk,homepage,https://logtalk.org,wikipedia,https://en.wikipedia.org/wiki/Logtalk
pl/lolcode,paradigms,esoteric,wikipedia,https://en.wikipedia.org/wiki/LOLCODE
pl/lolcode,designed_by,Adam Lindsay,wikipedia,https://en.wikipedia.org/wiki/LOLCODE
pl/lolcode,first_appeared,2007,wikipedia,https://en.wikipedia.org/wiki/LOLCODE
pl/lolcode,influenced_by,Lolcats,wikipedia,https://en.wikipedia.org/wiki/LOLCODE
pl/lolcode,homepage,https://web.archive.org/web/20250512215003/http://www.lolcode.org/,wikipedia,https://en.wikipedia.org/wiki/LOLCODE
pl/loom,paradigms,knowledge representation,wikipedia,https://en.wikipedia.org/wiki/LOOM_(ontology)
pl/loom,influenced_by,KIF,wikipedia,https://en.wikipedia.org/wiki/LOOM_(ontology)
pl/loomscript,paradigms,multi-paradigm,wikipedia,https://en.wikipedia.org/wiki/LiveScript_(programming_language)
pl/loomscript,paradigms,functional,wikipedia,https://en.wikipedia.org/wiki/LiveScript_(programming_language)
pl/loomscript,paradigms,object-oriented,wikipedia,https://en.wikipedia.org/wiki/LiveScript_(programming_language)
pl/loomscript,typing,"dynamic, weak",wikipedia,https://en.wikipedia.org/wiki/LiveScript_(programming_language)
pl/loomscript,designed_by,(same),wikipedia,https://en.wikipedia.org/wiki/LiveScript_(programming_language)
pl/loomscript,designed_by,Jeremy Ashkenas,wikipedia,https://en.wikipedia.org/wiki/LiveScript_(programming_language)
pl/loomscript,designed_by,Satoshi Murakami,wikipedia,https://en.wikipedia.org/wiki/LiveScript_(programming_language)
pl/loomscript,designed_by,George Zahariev,wikipedia,https://en.wikipedia.org/wiki/LiveScript_(programming_language)
pl/loomscript,first_appeared,2011,wikipedia,https://en.wikipedia.org/wiki/LiveScript_(programming_language)
pl/loomscript,influenced_by,JavaScript,wikipedia,https://en.wikipedia.org/wiki/LiveScript_(programming_language)
pl/loomscript,influenced_by,Haskell,wikipedia,https://en.wikipedia.org/wiki/LiveScript_(programming_language)
pl/loomscript,influenced_by,CoffeeScript,wikipedia,https://en.wikipedia.org/wiki/LiveScript_(programming_language)
pl/loomscript,influenced_by,F#,wikipedia,https://en.wikipedia.org/wiki/LiveScript_(programming_language)
pl/loomscript,license,MIT,wikipedia,https://en.wikipedia.org/wiki/LiveScript_(programming_language)
pl/loomscript,homepage,https://livescript.net,wikipedia,https://en.wikipedia.org/wiki/LiveScript_(programming_language)
pl/ltspice-symbol,paradigms,imperative,wikipedia,https://en.wikipedia.org/wiki/Asymptote_(vector_graphics_language)
pl/ltspice-symbol,paradigms,typesetting,wikipedia,https://en.wikipedia.org/wiki/Asymptote_(vector_graphics_language)
pl/ltspice-symbol,typing,strong,wikipedia,https://en.wikipedia.org/wiki/Asymptote_(vector_graphics_language)
pl/ltspice-symbol,designed_by,Andy Hammerlindl,wikipedia,https://en.wikipedia.org/wiki/Asymptote_(vector_graphics_language)
pl/ltspice-symbol,designed_by,John C. Bowman,wikipedia,https://en.wikipedia.org/wiki/Asymptote_(vector_graphics_language)
pl/ltspice-symbol,designed_by,Tom Prince,wikipedia,https://en.wikipedia.org/wiki/Asymptote_(vector_graphics_language)
pl/ltspice-symbol,first_appeared,2004,wikipedia,https://en.wikipedia.org/wiki/Asymptote_(vector_graphics_language)
pl/ltspice-symbol,influenced_by,MetaPost,wikipedia,https://en.wikipedia.org/wiki/Asymptote_(vector_graphics_language)
pl/ltspice-symbol,license,LGPL,wikipedia,https://en.wikipedia.org/wiki/Asymptote_(vector_graphics_language)
pl/ltspice-symbol,implementation_languages,C++,wikipedia,https://en.wikipedia.org/wiki/Asymptote_(vector_graphics_language)
pl/ltspice-symbol,homepage,https://asymptote.sourceforge.io,wikipedia,https://en.wikipedia.org/wiki/Asymptote_(vector_graphics_language)
pl/lua,paradigms,multi-paradigm: scripting,wikipedia,https://en.wikipedia.org/wiki/Lua
pl/lua,paradigms,imperative (procedural,wikipedia,https://en.wikipedia.org/wiki/Lua
pl/lua,paradigms,prototype-based,wikipedia,https://en.wikipedia.org/wiki/Lua
pl/lua,paradigms,object-oriented),wikipedia,https://en.wikipedia.org/wiki/Lua
pl/lua,paradigms,functional,wikipedia,https://en.wikipedia.org/wiki/Lua
pl/lua,paradigms,meta,wikipedia,https://en.wikipedia.org/wiki/Lua
pl/lua,paradigms,reflective,wikipedia,https://en.wikipedia.org/wiki/Lua
pl/lua,typing,"dynamic, strong, duck",wikipedia,https://en.wikipedia.org/wiki/Lua
pl/lua,designed_by,Roberto Ierusalimschy Waldemar Celes Luiz Henrique de Figueiredo,wikipedia,https://en.wikipedia.org/wiki/Lua
pl/lua,first_appeared,1993,wikipedia,https://en.wikipedia.org/wiki/Lua
pl/lua,influenced_by,C++,wikipedia,https://en.wikipedia.org/wiki/Lua
pl/lua,influenced_by,CLU,wikipedia,https://en.wikipedia.org/wiki/Lua
pl/lua,influenced_by,Scheme,wikipedia,https://en.wikipedia.org/wiki/Lua
pl/lua,influenced_by,SNOBOL,wikipedia,https://en.wikipedia.org/wiki/Lua
pl/lua,license,MIT,wikipedia,https://en.wikipedia.org/wiki/Lua
pl/lua,implementation_languages,ANSI C,wikipedia,https://en.wikipedia.org/wiki/Lua
pl/lua,homepage,https://lua.org,wikipedia,https://en.wikipedia.org/wiki/Lua
pl/lucid,paradigms,dataflow,wikipedia,https://en.wikipedia.org/wiki/Lucid_(programming_language)
pl/lucid,typing,typeless,wikipedia,https://en.wikipedia.org/wiki/Lucid_(programming_language)
pl/lucid,designed_by,Edward A. Ashcroft William W. Wadge,wikipedia,https://en.wikipedia.org/wiki/Lucid_(programming_language)
pl/lucid,first_appeared,1976,wikipedia,https://en.wikipedia.org/wiki/Lucid_(programming_language)
pl/lucid,influenced_by,ISWIM,wikipedia,https://en.wikipedia.org/wiki/Lucid_(programming_language)
pl/lustre,paradigms,dataflow,wikipedia,https://en.wikipedia.org/wiki/Lustre_(programming_language)
pl/lustre,paradigms,declarative,wikipedia,https://en.wikipedia.org/wiki/Lustre_(programming_language)
pl/lustre,paradigms,synchronous,wikipedia,https://en.wikipedia.org/wiki/Lustre_(programming_language)
pl/lustre,first_appeared,1980s,wikipedia,https://en.wikipedia.org/wiki/Lustre_(programming_language)
pl/lyapas,paradigms,functional,wikipedia,https://en.wikipedia.org/wiki/LYaPAS
pl/lyapas,paradigms,structured,wikipedia,https://en.wikipedia.org/wiki/LYaPAS
pl/lyapas,paradigms,modular,wikipedia,https://en.wikipedia.org/wiki/LYaPAS
pl/lyapas,typing,dynamic,wikipedia,https://en.wikipedia.org/wiki/LYaPAS
pl/lyapas,designed_by,Arkady D.Zakrevskij,wikipedia,https://en.wikipedia.org/wiki/LYaPAS
pl/lyapas,first_appeared,1964,wikipedia,https://en.wikipedia.org/wiki/LYaPAS
pl/m,paradigms,imperative,wikipedia,https://en.wikipedia.org/wiki/MUMPS
pl/m,paradigms,procedural,wikipedia,https://en.wikipedia.org/wiki/MUMPS
pl/m,typing,typeless,wikipedia,https://en.wikipedia.org/wiki/MUMPS
pl/m,designed_by,Neil Pappalardo,wikipedia,https://en.wikipedia.org/wiki/MUMPS
pl/m,designed_by,Curt Marble,wikipedia,https://en.wikipedia.org/wiki/MUMPS
pl/m,designed_by,Robert A. Greenes,wikipedia,https://en.wikipedia.org/wiki/MUMPS
pl/m,first_appeared,1966,wikipedia,https://en.wikipedia.org/wiki/MUMPS
pl/m,influenced_by,JOSS,wikipedia,https://en.wikipedia.org/wiki/MUMPS
pl/m3u,first_appeared,1996,wikipedia,https://en.wikipedia.org/wiki/M3U
pl/m4,paradigms,macro,wikipedia,https://en.wikipedia.org/wiki/M4_(computer_language)
pl/m4,designed_by,Brian Kernighan,wikipedia,https://en.wikipedia.org/wiki/M4_(computer_language)
pl/m4,designed_by,Dennis Ritchie,wikipedia,https://en.wikipedia.org/wiki/M4_(computer_language)
pl/m4,first_appeared,1977,wikipedia,https://en.wikipedia.org/wiki/M4_(computer_language)
pl/maclisp,paradigms,multi-paradigm: functional,wikipedia,https://en.wikipedia.org/wiki/Maclisp
pl/maclisp,paradigms,procedural,wikipedia,https://en.wikipedia.org/wiki/Maclisp
pl/maclisp,paradigms,reflective,wikipedia,https://en.wikipedia.org/wiki/Maclisp
pl/maclisp,paradigms,meta,wikipedia,https://en.wikipedia.org/wiki/Maclisp
pl/maclisp,typing,"dynamic, strong",wikipedia,https://en.wikipedia.org/wiki/Maclisp
pl/maclisp,designed_by,MIT: Project MAC,wikipedia,https://en.wikipedia.org/wiki/Maclisp
pl/maclisp,designed_by,Richard Greenblatt Jon L. White,wikipedia,https://en.wikipedia.org/wiki/Maclisp
pl/maclisp,first_appeared,1966,wikipedia,https://en.wikipedia.org/wiki/Maclisp
pl/maclisp,influenced_by,Lisp 1.5,wikipedia,https://en.wikipedia.org/wiki/Maclisp
pl/maclisp,implementation_languages,Assembly language,wikipedia,https://en.wikipedia.org/wiki/Maclisp
pl/maclisp,implementation_languages,PL/I,wikipedia,https://en.wikipedia.org/wiki/Maclisp
pl/mad,paradigms,procedural,wikipedia,https://en.wikipedia.org/wiki/MAD_(programming_language)
pl/mad,paradigms,imperative,wikipedia,https://en.wikipedia.org/wiki/MAD_(programming_language)
pl/mad,paradigms,structured,wikipedia,https://en.wikipedia.org/wiki/MAD_(programming_language)
pl/mad,typing,"static, strong",wikipedia,https://en.wikipedia.org/wiki/MAD_(programming_language)
pl/mad,designed_by,University of Michigan,wikipedia,https://en.wikipedia.org/wiki/MAD_(programming_language)
pl/mad,designed_by,Bernard Galler,wikipedia,https://en.wikipedia.org/wiki/MAD_(programming_language)
pl/mad,designed_by,Bruce Arden,wikipedia,https://en.wikipedia.org/wiki/MAD_(programming_language)
pl/mad,designed_by,Robert M. Graham,wikipedia,https://en.wikipedia.org/wiki/MAD_(programming_language)
pl/mad,first_appeared,1959,wikipedia,https://en.wikipedia.org/wiki/MAD_(programming_language)
pl/mad,influenced_by,IAL,wikipedia,https://en.wikipedia.org/wiki/MAD_(programming_language)
pl/mad,influenced_by,ALGOL 58,wikipedia,https://en.wikipedia.org/wiki/MAD_(programming_language)
pl/make,paradigms,macro,wikipedia,https://en.wikipedia.org/wiki/Make_(software)
pl/make,paradigms,declarative,wikipedia,https://en.wikipedia.org/wiki/Make_(software)
pl/make,designed_by,Stuart Feldman,wikipedia,https://en.wikipedia.org/wiki/Make_(software)
pl/make,first_appeared,1976,wikipedia,https://en.wikipedia.org/wiki/Make_(software)
pl/make,implementation_languages,C,wikipedia,https://en.wikipedia.org/wiki/Make_(software)
pl/makefile,paradigms,macro,wikipedia,https://en.wikipedia.org/wiki/Make_(software)
pl/makefile,paradigms,declarative,wikipedia,https://en.wikipedia.org/wiki/Make_(software)
pl/makefile,designed_by,Stuart Feldman,wikipedia,https://en.wikipedia.org/wiki/Make_(software)
pl/makefile,first_appeared,1976,wikipedia,https://en.wikipedia.org/wiki/Make_(software)
pl/makefile,implementation_languages,C,wikipedia,https://en.wikipedia.org/wiki/Make_(software)
pl/malbolge,paradigms,esoteric,wikipedia,https://en.wikipedia.org/wiki/Malbolge
pl/malbolge,paradigms,imperative,wikipedia,https://en.wikipedia.org/wiki/Malbolge
pl/malbolge,paradigms,scalar,wikipedia,https://en.wikipedia.org/wiki/Malbolge
pl/malbolge,paradigms,value-level,wikipedia,https://en.wikipedia.org/wiki/Malbolge
pl/malbolge,typing,untyped,wikipedia,https://en.wikipedia.org/wiki/Malbolge
pl/malbolge,designed_by,Ben Olmstead,wikipedia,https://en.wikipedia.org/wiki/Malbolge
pl/malbolge,first_appeared,1998,wikipedia,https://en.wikipedia.org/wiki/Malbolge
pl/malbolge,influenced_by,Brainfuck,wikipedia,https://en.wikipedia.org/wiki/Malbolge
pl/malbolge,influenced_by,INTERCAL (Tri-INTERCAL),wikipedia,https://en.wikipedia.org/wiki/Malbolge
pl/malbolge,influenced_by,Befunge,wikipedia,https://en.wikipedia.org/wiki/Malbolge
pl/mama,license,Freeware,wikipedia,https://en.wikipedia.org/wiki/Mama_(software)
pl/mama,homepage,http://eytam.com/mama,wikipedia,https://en.wikipedia.org/wiki/Mama_(software)
pl/mapbasic,license,Proprietary,wikipedia,https://en.wikipedia.org/wiki/MapBasic
pl/mapbasic,homepage,https://support.precisely.com/product-downloads/,wikipedia,https://en.wikipedia.org/wiki/MapBasic
pl/maple,designed_by,Waterloo Maple (Maplesoft),wikipedia,https://en.wikipedia.org/wiki/Maple_(software)
pl/maple,first_appeared,1982,wikipedia,https://en.wikipedia.org/wiki/Maple_(software)
pl/maple,license,Proprietary commercial software,wikipedia,https://en.wikipedia.org/wiki/Maple_(software)
pl/maple,homepage,https://www.maplesoft.com/products/maple/,wikipedia,https://en.wikipedia.org/wiki/Maple_(software)
pl/markdown,designed_by,John MacFarlane,wikipedia,https://en.wikipedia.org/wiki/Markdown
pl/markdown,designed_by,open source,wikipedia,https://en.wikipedia.org/wiki/Markdown
pl/markdown,designed_by,John Gruber,wikipedia,https://en.wikipedia.org/wiki/Markdown
pl/markdown,first_appeared,2014,wikipedia,https://en.wikipedia.org/wiki/Markdown
pl/markdown,homepage,https://commonmark.org/,wikipedia,https://en.wikipedia.org/wiki/Markdown
pl/mary,paradigms,imperative,wikipedia,https://en.wikipedia.org/wiki/Mary_(programming_language)
pl/mary,typing,"static, strong",wikipedia,https://en.wikipedia.org/wiki/Mary_(programming_language)
pl/mary,designed_by,RUNIT,wikipedia,https://en.wikipedia.org/wiki/Mary_(programming_language)
pl/mary,first_appeared,1971,wikipedia,https://en.wikipedia.org/wiki/Mary_(programming_language)
pl/mary,influenced_by,ALGOL 68,wikipedia,https://en.wikipedia.org/wiki/Mary_(programming_language)
pl/masm,first_appeared,1981,wikipedia,https://en.wikipedia.org/wiki/Microsoft_Macro_Assembler
pl/masm,license,Commercial proprietary software,wikipedia,https://en.wikipedia.org/wiki/Microsoft_Macro_Assembler
pl/masm,homepage,https://docs.microsoft.com/en-us/cpp/assembler/masm/microsoft-macro-assembler-reference,wikipedia,https://en.wikipedia.org/wiki/Microsoft_Macro_Assembler
pl/math-matic,paradigms,imperative,wikipedia,https://en.wikipedia.org/wiki/MATH-MATIC
pl/math-matic,designed_by,Remington Rand,wikipedia,https://en.wikipedia.org/wiki/MATH-MATIC
pl/math-matic,first_appeared,1957,wikipedia,https://en.wikipedia.org/wiki/MATH-MATIC
pl/math-matic,influenced_by,FLOW-MATIC,wikipedia,https://en.wikipedia.org/wiki/MATH-MATIC
pl/mathcad,designed_by,Mathsoft,wikipedia,https://en.wikipedia.org/wiki/Mathcad
pl/mathcad,designed_by,PTC,wikipedia,https://en.wikipedia.org/wiki/Mathcad
pl/mathcad,first_appeared,1986,wikipedia,https://en.wikipedia.org/wiki/Mathcad
pl/mathcad,license,Proprietary,wikipedia,https://en.wikipedia.org/wiki/Mathcad
pl/mathcad,homepage,https://www.mathcad.com/,wikipedia,https://en.wikipedia.org/wiki/Mathcad
pl/mathematica,paradigms,multi-paradigm: term-rewriting,wikipedia,https://en.wikipedia.org/wiki/Wolfram_Language
pl/mathematica,paradigms,functional,wikipedia,https://en.wikipedia.org/wiki/Wolfram_Language
pl/mathematica,paradigms,procedural,wikipedia,https://en.wikipedia.org/wiki/Wolfram_Language
pl/mathematica,paradigms,array,wikipedia,https://en.wikipedia.org/wiki/Wolfram_Language
pl/mathematica,typing,"dynamic, strong",wikipedia,https://en.wikipedia.org/wiki/Wolfram_Language
pl/mathematica,designed_by,Wolfram Research,wikipedia,https://en.wikipedia.org/wiki/Wolfram_Language
pl/mathematica,designed_by,Stephen Wolfram,wikipedia,https://en.wikipedia.org/wiki/Wolfram_Language
pl/mathematica,first_appeared,1988,wikipedia,https://en.wikipedia.org/wiki/Wolfram_Language
pl/mathematica,influenced_by,APL,wikipedia,https://en.wikipedia.org/wiki/Wolfram_Language
pl/mathematica,influenced_by,C,wikipedia,https://en.wikipedia.org/wiki/Wolfram_Language
pl/mathematica,influenced_by,C++,wikipedia,https://en.wikipedia.org/wiki/Wolfram_Language
pl/mathematica,influenced_by,FORTRAN,wikipedia,https://en.wikipedia.org/wiki/Wolfram_Language
pl/mathematica,influenced_by,Lisp,wikipedia,https://en.wikipedia.org/wiki/Wolfram_Language
pl/mathematica,influenced_by,Pascal,wikipedia,https://en.wikipedia.org/wiki/Wolfram_Language
pl/mathematica,influenced_by,Prolog,wikipedia,https://en.wikipedia.org/wiki/Wolfram_Language
pl/mathematica,influenced_by,Schoonschip,wikipedia,https://en.wikipedia.org/wiki/Wolfram_Language
pl/mathematica,influenced_by,Simula,wikipedia,https://en.wikipedia.org/wiki/Wolfram_Language
pl/mathematica,influenced_by,Smalltalk,wikipedia,https://en.wikipedia.org/wiki/Wolfram_Language
pl/mathematica,influenced_by,SMP,wikipedia,https://en.wikipedia.org/wiki/Wolfram_Language
pl/mathematica,license,Proprietary,wikipedia,https://en.wikipedia.org/wiki/Wolfram_Language
pl/mathematica,homepage,https://www.wolfram.com/language/,wikipedia,https://en.wikipedia.org/wiki/Wolfram_Language
pl/mathml,designed_by,World Wide Web Consortium,wikipedia,https://en.wikipedia.org/wiki/MathML
pl/mathml,designed_by,Principal authors,wikipedia,https://en.wikipedia.org/wiki/MathML
pl/matlab,paradigms,multi-paradigm: functional,wikipedia,https://en.wikipedia.org/wiki/MATLAB
pl/matlab,paradigms,imperative,wikipedia,https://en.wikipedia.org/wiki/MATLAB
pl/matlab,paradigms,procedural,wikipedia,https://en.wikipedia.org/wiki/MATLAB
pl/matlab,paradigms,object-oriented,wikipedia,https://en.wikipedia.org/wiki/MATLAB
pl/matlab,paradigms,array,wikipedia,https://en.wikipedia.org/wiki/MATLAB
pl/matlab,typing,"dynamic, weak",wikipedia,https://en.wikipedia.org/wiki/MATLAB
pl/matlab,designed_by,MathWorks,wikipedia,https://en.wikipedia.org/wiki/MATLAB
pl/matlab,designed_by,Cleve Moler,wikipedia,https://en.wikipedia.org/wiki/MATLAB
pl/matlab,first_appeared,late 1970s,wikipedia,https://en.wikipedia.org/wiki/MATLAB
pl/matlab,influenced_by,APL,wikipedia,https://en.wikipedia.org/wiki/MATLAB
pl/matlab,influenced_by,EISPACK,wikipedia,https://en.wikipedia.org/wiki/MATLAB
pl/matlab,influenced_by,Fortran,wikipedia,https://en.wikipedia.org/wiki/MATLAB
pl/matlab,influenced_by,LINPACK,wikipedia,https://en.wikipedia.org/wiki/MATLAB
pl/matlab,influenced_by,PL/0,wikipedia,https://en.wikipedia.org/wiki/MATLAB
pl/matlab,influenced_by,Speakeasy,wikipedia,https://en.wikipedia.org/wiki/MATLAB
pl/matlab,license,Proprietary commercial software,wikipedia,https://en.wikipedia.org/wiki/MATLAB
pl/matlab,homepage,https://www.mathworks.com/products/matlab.html,wikipedia,https://en.wikipedia.org/wiki/MATLAB
pl/matroska,first_appeared,2002,wikipedia,https://en.wikipedia.org/wiki/Matroska
pl/matroska,homepage,https://matroska.org/,wikipedia,https://en.wikipedia.org/wiki/Matroska
pl/mawk,paradigms,scripting,wikipedia,https://en.wikipedia.org/wiki/AWK
pl/mawk,paradigms,procedural,wikipedia,https://en.wikipedia.org/wiki/AWK
pl/mawk,paradigms,data-driven,wikipedia,https://en.wikipedia.org/wiki/AWK
pl/mawk,typing,"none; can handle strings, integers and floating-point numbers; regular expressions",wikipedia,https://en.wikipedia.org/wiki/AWK
pl/mawk,designed_by,Alfred Aho,wikipedia,https://en.wikipedia.org/wiki/AWK
pl/mawk,designed_by,Peter Weinberger,wikipedia,https://en.wikipedia.org/wiki/AWK
pl/mawk,designed_by,and Brian Kernighan,wikipedia,https://en.wikipedia.org/wiki/AWK
pl/mawk,first_appeared,1977,wikipedia,https://en.wikipedia.org/wiki/AWK
pl/mawk,influenced_by,C,wikipedia,https://en.wikipedia.org/wiki/AWK
pl/mawk,influenced_by,sed,wikipedia,https://en.wikipedia.org/wiki/AWK
pl/mawk,influenced_by,SNOBOL,wikipedia,https://en.wikipedia.org/wiki/AWK
pl/max,designed_by,Cycling '74,wikipedia,https://en.wikipedia.org/wiki/Max_(software)
pl/max,license,Proprietary,wikipedia,https://en.wikipedia.org/wiki/Max_(software)
pl/max,homepage,https://cycling74.com/products/max,wikipedia,https://en.wikipedia.org/wiki/Max_(software)
pl/mbasic,paradigms,imperative,wikipedia,https://en.wikipedia.org/wiki/MBASIC
pl/mbasic,designed_by,Microsoft,wikipedia,https://en.wikipedia.org/wiki/MBASIC
pl/mbasic,influenced_by,BASIC,wikipedia,https://en.wikipedia.org/wiki/MBASIC
pl/mbasic,homepage,http://www.microsoft.com,wikipedia,https://en.wikipedia.org/wiki/MBASIC
pl/mdl,paradigms,multi-paradigm: functional,wikipedia,https://en.wikipedia.org/wiki/MDL_(programming_language)
pl/mdl,paradigms,procedural,wikipedia,https://en.wikipedia.org/wiki/MDL_(programming_language)
pl/mdl,paradigms,reflective,wikipedia,https://en.wikipedia.org/wiki/MDL_(programming_language)
pl/mdl,paradigms,meta,wikipedia,https://en.wikipedia.org/wiki/MDL_(programming_language)
pl/mdl,typing,"dynamic, strong",wikipedia,https://en.wikipedia.org/wiki/MDL_(programming_language)
pl/mdl,designed_by,MIT Project MAC,wikipedia,https://en.wikipedia.org/wiki/MDL_(programming_language)
pl/mdl,designed_by,Gerald Sussman,wikipedia,https://en.wikipedia.org/wiki/MDL_(programming_language)
pl/mdl,designed_by,Carl Hewitt,wikipedia,https://en.wikipedia.org/wiki/MDL_(programming_language)
pl/mdl,designed_by,Chris Reeve,wikipedia,https://en.wikipedia.org/wiki/MDL_(programming_language)
pl/mdl,designed_by,Bruce Daniels,wikipedia,https://en.wikipedia.org/wiki/MDL_(programming_language)
pl/mdl,first_appeared,1971,wikipedia,https://en.wikipedia.org/wiki/MDL_(programming_language)
pl/mdl,influenced_by,Lisp,wikipedia,https://en.wikipedia.org/wiki/MDL_(programming_language)
pl/mdl,license,Open-source,wikipedia,https://en.wikipedia.org/wiki/MDL_(programming_language)
pl/mdl,implementation_languages,MDL,wikipedia,https://en.wikipedia.org/wiki/MDL_(programming_language)
pl/mercury,paradigms,logic,wikipedia,https://en.wikipedia.org/wiki/Mercury_(programming_language)
pl/mercury,paradigms,functional,wikipedia,https://en.wikipedia.org/wiki/Mercury_(programming_language)
pl/mercury,paradigms,object-oriented,wikipedia,https://en.wikipedia.org/wiki/Mercury_(programming_language)
pl/mercury,typing,"strong, static, polymorphic",wikipedia,https://en.wikipedia.org/wiki/Mercury_(programming_language)
pl/mercury,designed_by,University of Melbourne,wikipedia,https://en.wikipedia.org/wiki/Mercury_(programming_language)
pl/mercury,designed_by,Zoltan Somogyi,wikipedia,https://en.wikipedia.org/wiki/Mercury_(programming_language)
pl/mercury,first_appeared,1995,wikipedia,https://en.wikipedia.org/wiki/Mercury_(programming_language)
pl/mercury,influenced_by,Prolog,wikipedia,https://en.wikipedia.org/wiki/Mercury_(programming_language)
pl/mercury,influenced_by,Hope,wikipedia,https://en.wikipedia.org/wiki/Mercury_(programming_language)
pl/mercury,influenced_by,Haskell,wikipedia,https://en.wikipedia.org/wiki/Mercury_(programming_language)
pl/mercury,license,"GPL compiler, LGPL standard library",wikipedia,https://en.wikipedia.org/wiki/Mercury_(programming_language)
pl/mercury,implementation_languages,Mercury,wikipedia,https://en.wikipedia.org/wiki/Mercury_(programming_language)
pl/mercury,homepage,http://www.mercurylang.org,wikipedia,https://en.wikipedia.org/wiki/Mercury_(programming_language)
pl/mesa,typing,"strong, static",wikipedia,https://en.wikipedia.org/wiki/Mesa_(programming_language)
pl/mesa,designed_by,Xerox PARC,wikipedia,https://en.wikipedia.org/wiki/Mesa_(programming_language)
pl/mesa,designed_by,Computer Systems Laboratory (CSL),wikipedia,https://en.wikipedia.org/wiki/Mesa_(programming_language)
pl/mesa,first_appeared,1976,wikipedia,https://en.wikipedia.org/wiki/Mesa_(programming_language)
pl/mesa,influenced_by,ALGOL,wikipedia,https://en.wikipedia.org/wiki/Mesa_(programming_language)
pl/metafont,designed_by,Donald Knuth,wikipedia,https://en.wikipedia.org/wiki/Metafont
pl/metafont,license,Permissive,wikipedia,https://en.wikipedia.org/wiki/Metafont
pl/metafont,homepage,https://ctan.org/pkg/metafont,wikipedia,https://en.wikipedia.org/wiki/Metafont
pl/metapost,paradigms,imperative,wikipedia,https://en.wikipedia.org/wiki/MetaPost
pl/metapost,paradigms,typesetting,wikipedia,https://en.wikipedia.org/wiki/MetaPost
pl/metapost,typing,"duck, dynamic, strong",wikipedia,https://en.wikipedia.org/wiki/MetaPost
pl/metapost,designed_by,Taco Hoekwater,wikipedia,https://en.wikipedia.org/wiki/MetaPost
pl/metapost,designed_by,Luigi Scarso,wikipedia,https://en.wikipedia.org/wiki/MetaPost
pl/metapost,designed_by,John D. Hobby,wikipedia,https://en.wikipedia.org/wiki/MetaPost
pl/metapost,first_appeared,1994,wikipedia,https://en.wikipedia.org/wiki/MetaPost
pl/metapost,influenced_by,Metafont,wikipedia,https://en.wikipedia.org/wiki/MetaPost
pl/metapost,license,LGPL,wikipedia,https://en.wikipedia.org/wiki/MetaPost
pl/metapost,homepage,http://tug.org/metapost,wikipedia,https://en.wikipedia.org/wiki/MetaPost
pl/miis,paradigms,procedural,wikipedia,https://en.wikipedia.org/wiki/MIIS_(programming_language)
pl/miis,paradigms,database-oriented,wikipedia,https://en.wikipedia.org/wiki/MIIS_(programming_language)
pl/miis,typing,"dynamic, weak",wikipedia,https://en.wikipedia.org/wiki/MIIS_(programming_language)
pl/miis,designed_by,A. Neil Pappalardo,wikipedia,https://en.wikipedia.org/wiki/MIIS_(programming_language)
pl/miis,designed_by,Curt W. Marble,wikipedia,https://en.wikipedia.org/wiki/MIIS_(programming_language)
pl/miis,influenced_by,MUMPS,wikipedia,https://en.wikipedia.org/wiki/MIIS_(programming_language)
pl/miis,license,Proprietary,wikipedia,https://en.wikipedia.org/wiki/MIIS_(programming_language)
pl/miniyaml,first_appeared,2001,wikipedia,https://en.wikipedia.org/wiki/YAML
pl/miniyaml,homepage,https://yaml.org/,wikipedia,https://en.wikipedia.org/wiki/YAML
pl/minizinc,paradigms,constraint,wikipedia,https://en.wikipedia.org/wiki/MiniZinc
pl/minizinc,paradigms,logic,wikipedia,https://en.wikipedia.org/wiki/MiniZinc
pl/minizinc,typing,strong,wikipedia,https://en.wikipedia.org/wiki/MiniZinc
pl/minizinc,designed_by,Monash University,wikipedia,https://en.wikipedia.org/wiki/MiniZinc
pl/minizinc,first_appeared,2009,wikipedia,https://en.wikipedia.org/wiki/MiniZinc
pl/minizinc,influenced_by,Zinc,wikipedia,https://en.wikipedia.org/wiki/MiniZinc
pl/minizinc,license,Mozilla Public License 2.0,wikipedia,https://en.wikipedia.org/wiki/MiniZinc
pl/minizinc,implementation_languages,C++,wikipedia,https://en.wikipedia.org/wiki/MiniZinc
pl/minizinc,homepage,https://www.minizinc.org/,wikipedia,https://en.wikipedia.org/wiki/MiniZinc
pl/mirah,paradigms,multi-paradigm: functional,wikipedia,https://en.wikipedia.org/wiki/Ruby_(programming_language)
pl/mirah,paradigms,imperative,wikipedia,https://en.wikipedia.org/wiki/Ruby_(programming_language)
pl/mirah,paradigms,object-oriented,wikipedia,https://en.wikipedia.org/wiki/Ruby_(programming_language)
pl/mirah,paradigms,reflective,wikipedia,https://en.wikipedia.org/wiki/Ruby_(programming_language)
pl/mirah,typing,"duck, dynamic, strong",wikipedia,https://en.wikipedia.org/wiki/Ruby_(programming_language)
pl/mirah,designed_by,Yukihiro Matsumoto,wikipedia,https://en.wikipedia.org/wiki/Ruby_(programming_language)
pl/mirah,designed_by,et al,wikipedia,https://en.wikipedia.org/wiki/Ruby_(programming_language)
pl/mirah,first_appeared,1995,wikipedia,https://en.wikipedia.org/wiki/Ruby_(programming_language)
pl/mirah,influenced_by,Ada,wikipedia,https://en.wikipedia.org/wiki/Ruby_(programming_language)
pl/mirah,influenced_by,BASIC,wikipedia,https://en.wikipedia.org/wiki/Ruby_(programming_language)
pl/mirah,influenced_by,C++,wikipedia,https://en.wikipedia.org/wiki/Ruby_(programming_language)
pl/mirah,influenced_by,CLU,wikipedia,https://en.wikipedia.org/wiki/Ruby_(programming_language)
pl/mirah,influenced_by,Dylan,wikipedia,https://en.wikipedia.org/wiki/Ruby_(programming_language)
pl/mirah,influenced_by,Eiffel,wikipedia,https://en.wikipedia.org/wiki/Ruby_(programming_language)
pl/mirah,influenced_by,Lisp,wikipedia,https://en.wikipedia.org/wiki/Ruby_(programming_language)
pl/mirah,influenced_by,Lua,wikipedia,https://en.wikipedia.org/wiki/Ruby_(programming_language)
pl/mirah,influenced_by,Perl,wikipedia,https://en.wikipedia.org/wiki/Ruby_(programming_language)
pl/mirah,influenced_by,Python,wikipedia,https://en.wikipedia.org/wiki/Ruby_(programming_language)
pl/mirah,influenced_by,Smalltalk,wikipedia,https://en.wikipedia.org/wiki/Ruby_(programming_language)
pl/mirah,license,Ruby,wikipedia,https://en.wikipedia.org/wiki/Ruby_(programming_language)
pl/mirah,implementation_languages,C,wikipedia,https://en.wikipedia.org/wiki/Ruby_(programming_language)
pl/mirah,homepage,https://www.ruby-lang.org/en/,wikipedia,https://en.wikipedia.org/wiki/Ruby_(programming_language)
pl/miranda,paradigms,lazy,wikipedia,https://en.wikipedia.org/wiki/Miranda_(programming_language)
pl/miranda,paradigms,functional,wikipedia,https://en.wikipedia.org/wiki/Miranda_(programming_language)
pl/miranda,paradigms,declarative,wikipedia,https://en.wikipedia.org/wiki/Miranda_(programming_language)
pl/miranda,typing,"strong, static",wikipedia,https://en.wikipedia.org/wiki/Miranda_(programming_language)
pl/miranda,designed_by,Research Software Ltd,wikipedia,https://en.wikipedia.org/wiki/Miranda_(programming_language)
pl/miranda,designed_by,David Turner,wikipedia,https://en.wikipedia.org/wiki/Miranda_(programming_language)
pl/miranda,first_appeared,1985,wikipedia,https://en.wikipedia.org/wiki/Miranda_(programming_language)
pl/miranda,influenced_by,KRC,wikipedia,https://en.wikipedia.org/wiki/Miranda_(programming_language)
pl/miranda,influenced_by,ML,wikipedia,https://en.wikipedia.org/wiki/Miranda_(programming_language)
pl/miranda,influenced_by,SASL,wikipedia,https://en.wikipedia.org/wiki/Miranda_(programming_language)
pl/miranda,influenced_by,Hope,wikipedia,https://en.wikipedia.org/wiki/Miranda_(programming_language)
pl/miranda,license,2-clause BSD License,wikipedia,https://en.wikipedia.org/wiki/Miranda_(programming_language)
pl/miranda,homepage,http://miranda.org.uk,wikipedia,https://en.wikipedia.org/wiki/Miranda_(programming_language)
pl/mirc,paradigms,event-driven,wikipedia,https://en.wikipedia.org/wiki/MIRC_scripting_language
pl/mirc,paradigms,procedural,wikipedia,https://en.wikipedia.org/wiki/MIRC_scripting_language
pl/mirc,typing,dynamic typing,wikipedia,https://en.wikipedia.org/wiki/MIRC_scripting_language
pl/mirc,designed_by,Khaled Mardam-Bey,wikipedia,https://en.wikipedia.org/wiki/MIRC_scripting_language
pl/mirc,first_appeared,1995,wikipedia,https://en.wikipedia.org/wiki/MIRC_scripting_language
pl/mirc,license,Proprietary software,wikipedia,https://en.wikipedia.org/wiki/MIRC_scripting_language
pl/mirc,homepage,https://www.mirc.com/,wikipedia,https://en.wikipedia.org/wiki/MIRC_scripting_language
pl/mirc-script,paradigms,event-driven,wikipedia,https://en.wikipedia.org/wiki/MIRC_scripting_language
pl/mirc-script,paradigms,procedural,wikipedia,https://en.wikipedia.org/wiki/MIRC_scripting_language
pl/mirc-script,typing,dynamic typing,wikipedia,https://en.wikipedia.org/wiki/MIRC_scripting_language
pl/mirc-script,designed_by,Khaled Mardam-Bey,wikipedia,https://en.wikipedia.org/wiki/MIRC_scripting_language
pl/mirc-script,first_appeared,1995,wikipedia,https://en.wikipedia.org/wiki/MIRC_scripting_language
pl/mirc-script,license,Proprietary software,wikipedia,https://en.wikipedia.org/wiki/MIRC_scripting_language
pl/mirc-script,homepage,https://www.mirc.com/,wikipedia,https://en.wikipedia.org/wiki/MIRC_scripting_language
pl/mizar,paradigms,declarative,wikipedia,https://en.wikipedia.org/wiki/Mizar_system
pl/mizar,typing,"weak, static",wikipedia,https://en.wikipedia.org/wiki/Mizar_system
pl/mizar,designed_by,Andrzej Trybulec,wikipedia,https://en.wikipedia.org/wiki/Mizar_system
pl/mizar,first_appeared,1973,wikipedia,https://en.wikipedia.org/wiki/Mizar_system
pl/mizar,homepage,http://mizar.uwb.edu.pl/,wikipedia,https://en.wikipedia.org/wiki/Mizar_system
pl/ml,paradigms,multi-paradigm: functional,wikipedia,https://en.wikipedia.org/wiki/ML_(programming_language)
pl/ml,paradigms,generic,wikipedia,https://en.wikipedia.org/wiki/ML_(programming_language)
pl/ml,paradigms,imperative,wikipedia,https://en.wikipedia.org/wiki/ML_(programming_language)
pl/ml,paradigms,interactive,wikipedia,https://en.wikipedia.org/wiki/ML_(programming_language)
pl/ml,typing,"inferred, static, strong",wikipedia,https://en.wikipedia.org/wiki/ML_(programming_language)
pl/ml,designed_by,Robin Milner,wikipedia,https://en.wikipedia.org/wiki/ML_(programming_language)
pl/ml,designed_by,others at the University of Edinburgh,wikipedia,https://en.wikipedia.org/wiki/ML_(programming_language)
pl/ml,first_appeared,1973,wikipedia,https://en.wikipedia.org/wiki/ML_(programming_language)
pl/ml,influenced_by,ISWIM,wikipedia,https://en.wikipedia.org/wiki/ML_(programming_language)
pl/ml,influenced_by,POP-2,wikipedia,https://en.wikipedia.org/wiki/ML_(programming_language)
pl/ml,influenced_by,PAL,wikipedia,https://en.wikipedia.org/wiki/ML_(programming_language)
pl/ml,influenced_by,GEDANKEN,wikipedia,https://en.wikipedia.org/wiki/ML_(programming_language)
pl/mlab,paradigms,multi-paradigm: functional,wikipedia,https://en.wikipedia.org/wiki/MLAB
pl/mlab,paradigms,imperative,wikipedia,https://en.wikipedia.org/wiki/MLAB
pl/mlab,paradigms,procedural,wikipedia,https://en.wikipedia.org/wiki/MLAB
pl/mlab,paradigms,array,wikipedia,https://en.wikipedia.org/wiki/MLAB
pl/mlab,typing,"dynamic, weak",wikipedia,https://en.wikipedia.org/wiki/MLAB
pl/mlab,designed_by,Civilized Software,wikipedia,https://en.wikipedia.org/wiki/MLAB
pl/mlab,designed_by,Gary D. Knott,wikipedia,https://en.wikipedia.org/wiki/MLAB
pl/mlab,designed_by,Daniel R. Kerner,wikipedia,https://en.wikipedia.org/wiki/MLAB
pl/mlab,designed_by,and Barry Bunow,wikipedia,https://en.wikipedia.org/wiki/MLAB
pl/mlab,designed_by,Civilized Software Inc,wikipedia,https://en.wikipedia.org/wiki/MLAB
pl/mlab,first_appeared,late 1970s,wikipedia,https://en.wikipedia.org/wiki/MLAB
pl/mlab,license,Proprietary commercial software,wikipedia,https://en.wikipedia.org/wiki/MLAB
pl/mlab,homepage,http://www.civilized.com,wikipedia,https://en.wikipedia.org/wiki/MLAB
pl/mmcif,designed_by,International Union of Crystallography (IUCr),wikipedia,https://en.wikipedia.org/wiki/Macromolecular_Crystallographic_Information_File
pl/mmcif,designed_by,Protein Data Bank,wikipedia,https://en.wikipedia.org/wiki/Macromolecular_Crystallographic_Information_File
pl/mmcif,homepage,https://mmcif.wwpdb.org/,wikipedia,https://en.wikipedia.org/wiki/Macromolecular_Crystallographic_Information_File
pl/modelica,paradigms,declarative language,wikipedia,https://en.wikipedia.org/wiki/Modelica
pl/modelica,designed_by,Modelica Association Project (MAP),wikipedia,https://en.wikipedia.org/wiki/Modelica
pl/modelica,first_appeared,1997,wikipedia,https://en.wikipedia.org/wiki/Modelica
pl/modelica,license,CC-BY-SA,wikipedia,https://en.wikipedia.org/wiki/Modelica
pl/modelica,homepage,https://www.modelica.org/,wikipedia,https://en.wikipedia.org/wiki/Modelica
pl/modula,paradigms,imperative,wikipedia,https://en.wikipedia.org/wiki/Modula
pl/modula,paradigms,structured,wikipedia,https://en.wikipedia.org/wiki/Modula
pl/modula,paradigms,modular,wikipedia,https://en.wikipedia.org/wiki/Modula
pl/modula,typing,"static, strong, safe",wikipedia,https://en.wikipedia.org/wiki/Modula
pl/modula,designed_by,Niklaus Wirth,wikipedia,https://en.wikipedia.org/wiki/Modula
pl/modula,first_appeared,1975,wikipedia,https://en.wikipedia.org/wiki/Modula
pl/modula,influenced_by,Pascal,wikipedia,https://en.wikipedia.org/wiki/Modula
pl/modula-2,paradigms,imperative,wikipedia,https://en.wikipedia.org/wiki/Modula-2
pl/modula-2,paradigms,structured,wikipedia,https://en.wikipedia.org/wiki/Modula-2
pl/modula-2,paradigms,modular,wikipedia,https://en.wikipedia.org/wiki/Modula-2
pl/modula-2,paradigms,data,wikipedia,https://en.wikipedia.org/wiki/Modula-2
pl/modula-2,paradigms,procedure hiding,wikipedia,https://en.wikipedia.org/wiki/Modula-2
pl/modula-2,paradigms,concurrent,wikipedia,https://en.wikipedia.org/wiki/Modula-2
pl/modula-2,typing,"static, strong, safe",wikipedia,https://en.wikipedia.org/wiki/Modula-2
pl/modula-2,designed_by,Niklaus Wirth,wikipedia,https://en.wikipedia.org/wiki/Modula-2
pl/modula-2,first_appeared,1978,wikipedia,https://en.wikipedia.org/wiki/Modula-2
pl/modula-2,influenced_by,Modula,wikipedia,https://en.wikipedia.org/wiki/Modula-2
pl/modula-2,influenced_by,Mesa,wikipedia,https://en.wikipedia.org/wiki/Modula-2
pl/modula-2,influenced_by,Pascal,wikipedia,https://en.wikipedia.org/wiki/Modula-2
pl/modula-2,influenced_by,ALGOL W,wikipedia,https://en.wikipedia.org/wiki/Modula-2
pl/modula-2,influenced_by,Euclid,wikipedia,https://en.wikipedia.org/wiki/Modula-2
pl/modula-2,homepage,http://www.modula2.org,wikipedia,https://en.wikipedia.org/wiki/Modula-2
pl/modula-3,paradigms,imperative,wikipedia,https://en.wikipedia.org/wiki/Modula-3
pl/modula-3,paradigms,structured,wikipedia,https://en.wikipedia.org/wiki/Modula-3
pl/modula-3,paradigms,procedural,wikipedia,https://en.wikipedia.org/wiki/Modula-3
pl/modula-3,paradigms,modular,wikipedia,https://en.wikipedia.org/wiki/Modula-3
pl/modula-3,paradigms,concurrent,wikipedia,https://en.wikipedia.org/wiki/Modula-3
pl/modula-3,paradigms,object-oriented,wikipedia,https://en.wikipedia.org/wiki/Modula-3
pl/modula-3,paradigms,generic,wikipedia,https://en.wikipedia.org/wiki/Modula-3
pl/modula-3,typing,"strong, static, safe or if unsafe explicitly safe isolated",wikipedia,https://en.wikipedia.org/wiki/Modula-3
pl/modula-3,designed_by,DEC Olivetti elego Software Solutions GmbH,wikipedia,https://en.wikipedia.org/wiki/Modula-3
pl/modula-3,designed_by,Luca Cardelli,wikipedia,https://en.wikipedia.org/wiki/Modula-3
pl/modula-3,designed_by,James Donahue,wikipedia,https://en.wikipedia.org/wiki/Modula-3
pl/modula-3,designed_by,Lucille Glassman,wikipedia,https://en.wikipedia.org/wiki/Modula-3
pl/modula-3,designed_by,Mick Jordan,wikipedia,https://en.wikipedia.org/wiki/Modula-3
pl/modula-3,designed_by,Bill Kalsow,wikipedia,https://en.wikipedia.org/wiki/Modula-3
pl/modula-3,designed_by,Greg Nelson,wikipedia,https://en.wikipedia.org/wiki/Modula-3
pl/modula-3,first_appeared,1988,wikipedia,https://en.wikipedia.org/wiki/Modula-3
pl/modula-3,influenced_by,ALGOL,wikipedia,https://en.wikipedia.org/wiki/Modula-3
pl/modula-3,influenced_by,Euclid,wikipedia,https://en.wikipedia.org/wiki/Modula-3
pl/modula-3,influenced_by,Mesa,wikipedia,https://en.wikipedia.org/wiki/Modula-3
pl/modula-3,influenced_by,Modula-2,wikipedia,https://en.wikipedia.org/wiki/Modula-3
pl/modula-3,influenced_by,Modula-2+,wikipedia,https://en.wikipedia.org/wiki/Modula-3
pl/modula-3,influenced_by,Oberon,wikipedia,https://en.wikipedia.org/wiki/Modula-3
pl/modula-3,influenced_by,Pascal,wikipedia,https://en.wikipedia.org/wiki/Modula-3
pl/modula-3,homepage,http://www.modula3.org,wikipedia,https://en.wikipedia.org/wiki/Modula-3
pl/mojo,paradigms,multi-paradigm:,wikipedia,https://en.wikipedia.org/wiki/Mojo_(programming_language)
pl/mojo,paradigms,imperative (primary),wikipedia,https://en.wikipedia.org/wiki/Mojo_(programming_language)
pl/mojo,paradigms,functional,wikipedia,https://en.wikipedia.org/wiki/Mojo_(programming_language)
pl/mojo,paradigms,generic,wikipedia,https://en.wikipedia.org/wiki/Mojo_(programming_language)
pl/mojo,typing,affine,wikipedia,https://en.wikipedia.org/wiki/Mojo_(programming_language)
pl/mojo,designed_by,Modular Inc,wikipedia,https://en.wikipedia.org/wiki/Mojo_(programming_language)
pl/mojo,designed_by,Chris Lattner,wikipedia,https://en.wikipedia.org/wiki/Mojo_(programming_language)
pl/mojo,first_appeared,2023,wikipedia,https://en.wikipedia.org/wiki/Mojo_(programming_language)
pl/mojo,influenced_by,Python,wikipedia,https://en.wikipedia.org/wiki/Mojo_(programming_language)
pl/mojo,influenced_by,Cython,wikipedia,https://en.wikipedia.org/wiki/Mojo_(programming_language)
pl/mojo,influenced_by,C,wikipedia,https://en.wikipedia.org/wiki/Mojo_(programming_language)
pl/mojo,influenced_by,C++,wikipedia,https://en.wikipedia.org/wiki/Mojo_(programming_language)
pl/mojo,influenced_by,Rust,wikipedia,https://en.wikipedia.org/wiki/Mojo_(programming_language)
pl/mojo,influenced_by,Swift,wikipedia,https://en.wikipedia.org/wiki/Mojo_(programming_language)
pl/mojo,influenced_by,Zig,wikipedia,https://en.wikipedia.org/wiki/Mojo_(programming_language)
pl/mojo,influenced_by,CUDA,wikipedia,https://en.wikipedia.org/wiki/Mojo_(programming_language)
pl/mojo,influenced_by,MLIR,wikipedia,https://en.wikipedia.org/wiki/Mojo_(programming_language)
pl/mojo,license,Mojo language: Modular Community License; Mojo standard library: Apache License 2.0 with LLVM exceptions,wikipedia,https://en.wikipedia.org/wiki/Mojo_(programming_language)
pl/mojo,homepage,https://mojolang.org/,wikipedia,https://en.wikipedia.org/wiki/Mojo_(programming_language)
pl/mojo-programming-language,paradigms,multi-paradigm:,wikipedia,https://en.wikipedia.org/wiki/Mojo_(programming_language)
pl/mojo-programming-language,paradigms,imperative (primary),wikipedia,https://en.wikipedia.org/wiki/Mojo_(programming_language)
pl/mojo-programming-language,paradigms,functional,wikipedia,https://en.wikipedia.org/wiki/Mojo_(programming_language)
pl/mojo-programming-language,paradigms,generic,wikipedia,https://en.wikipedia.org/wiki/Mojo_(programming_language)
pl/mojo-programming-language,typing,affine,wikipedia,https://en.wikipedia.org/wiki/Mojo_(programming_language)
pl/mojo-programming-language,designed_by,Modular Inc,wikipedia,https://en.wikipedia.org/wiki/Mojo_(programming_language)
pl/mojo-programming-language,designed_by,Chris Lattner,wikipedia,https://en.wikipedia.org/wiki/Mojo_(programming_language)
pl/mojo-programming-language,first_appeared,2023,wikipedia,https://en.wikipedia.org/wiki/Mojo_(programming_language)
pl/mojo-programming-language,influenced_by,Python,wikipedia,https://en.wikipedia.org/wiki/Mojo_(programming_language)
pl/mojo-programming-language,influenced_by,Cython,wikipedia,https://en.wikipedia.org/wiki/Mojo_(programming_language)
pl/mojo-programming-language,influenced_by,C,wikipedia,https://en.wikipedia.org/wiki/Mojo_(programming_language)
pl/mojo-programming-language,influenced_by,C++,wikipedia,https://en.wikipedia.org/wiki/Mojo_(programming_language)
pl/mojo-programming-language,influenced_by,Rust,wikipedia,https://en.wikipedia.org/wiki/Mojo_(programming_language)
pl/mojo-programming-language,influenced_by,Swift,wikipedia,https://en.wikipedia.org/wiki/Mojo_(programming_language)
pl/mojo-programming-language,influenced_by,Zig,wikipedia,https://en.wikipedia.org/wiki/Mojo_(programming_language)
pl/mojo-programming-language,influenced_by,CUDA,wikipedia,https://en.wikipedia.org/wiki/Mojo_(programming_language)
pl/mojo-programming-language,influenced_by,MLIR,wikipedia,https://en.wikipedia.org/wiki/Mojo_(programming_language)
pl/mojo-programming-language,license,Mojo language: Modular Community License; Mojo standard library: Apache License 2.0 with LLVM exceptions,wikipedia,https://en.wikipedia.org/wiki/Mojo_(programming_language)
pl/mojo-programming-language,homepage,https://mojolang.org/,wikipedia,https://en.wikipedia.org/wiki/Mojo_(programming_language)
pl/monkey,paradigms,imperative,wikipedia,https://en.wikipedia.org/wiki/Blitz_BASIC
pl/monkey,paradigms,object-oriented,wikipedia,https://en.wikipedia.org/wiki/Blitz_BASIC
pl/monkey,paradigms,modular,wikipedia,https://en.wikipedia.org/wiki/Blitz_BASIC
pl/monkey,paradigms,reflective,wikipedia,https://en.wikipedia.org/wiki/Blitz_BASIC
pl/monkey,typing,"static, weak, strong (optional)",wikipedia,https://en.wikipedia.org/wiki/Blitz_BASIC
pl/monkey,designed_by,Blitz Research,wikipedia,https://en.wikipedia.org/wiki/Blitz_BASIC
pl/monkey,designed_by,Mark Sibly,wikipedia,https://en.wikipedia.org/wiki/Blitz_BASIC
pl/monkey,first_appeared,2004,wikipedia,https://en.wikipedia.org/wiki/Blitz_BASIC
pl/monkey,influenced_by,BlitzBasic,wikipedia,https://en.wikipedia.org/wiki/Blitz_BASIC
pl/monkey,license,zlib License,wikipedia,https://en.wikipedia.org/wiki/Blitz_BASIC
pl/monkey,homepage,http://www.blitzbasic.com/,wikipedia,https://en.wikipedia.org/wiki/Blitz_BASIC
pl/motoko,paradigms,declarative language,wikipedia,https://en.wikipedia.org/wiki/Modelica
pl/motoko,designed_by,Modelica Association Project (MAP),wikipedia,https://en.wikipedia.org/wiki/Modelica
pl/motoko,first_appeared,1997,wikipedia,https://en.wikipedia.org/wiki/Modelica
pl/motoko,license,CC-BY-SA,wikipedia,https://en.wikipedia.org/wiki/Modelica
pl/motoko,homepage,https://www.modelica.org/,wikipedia,https://en.wikipedia.org/wiki/Modelica
pl/mov,designed_by,Apple Inc,wikipedia,https://en.wikipedia.org/wiki/QuickTime_File_Format
pl/mov,first_appeared,1991,wikipedia,https://en.wikipedia.org/wiki/QuickTime_File_Format
pl/mp3,designed_by,Moving Picture Experts Group,wikipedia,https://en.wikipedia.org/wiki/MP3
pl/mp3,first_appeared,1991,wikipedia,https://en.wikipedia.org/wiki/MP3
pl/mp4,designed_by,International Organization for Standardization,wikipedia,https://en.wikipedia.org/wiki/MP4_file_format
pl/mp4,designed_by,International Electrotechnical Commission,wikipedia,https://en.wikipedia.org/wiki/MP4_file_format
pl/mp4,first_appeared,2001,wikipedia,https://en.wikipedia.org/wiki/MP4_file_format
pl/muddle,paradigms,multi-paradigm: functional,wikipedia,https://en.wikipedia.org/wiki/MDL_(programming_language)
pl/muddle,paradigms,procedural,wikipedia,https://en.wikipedia.org/wiki/MDL_(programming_language)
pl/muddle,paradigms,reflective,wikipedia,https://en.wikipedia.org/wiki/MDL_(programming_language)
pl/muddle,paradigms,meta,wikipedia,https://en.wikipedia.org/wiki/MDL_(programming_language)
pl/muddle,typing,"dynamic, strong",wikipedia,https://en.wikipedia.org/wiki/MDL_(programming_language)
pl/muddle,designed_by,MIT Project MAC,wikipedia,https://en.wikipedia.org/wiki/MDL_(programming_language)
pl/muddle,designed_by,Gerald Sussman,wikipedia,https://en.wikipedia.org/wiki/MDL_(programming_language)
pl/muddle,designed_by,Carl Hewitt,wikipedia,https://en.wikipedia.org/wiki/MDL_(programming_language)
pl/muddle,designed_by,Chris Reeve,wikipedia,https://en.wikipedia.org/wiki/MDL_(programming_language)
pl/muddle,designed_by,Bruce Daniels,wikipedia,https://en.wikipedia.org/wiki/MDL_(programming_language)
pl/muddle,first_appeared,1971,wikipedia,https://en.wikipedia.org/wiki/MDL_(programming_language)
pl/muddle,influenced_by,Lisp,wikipedia,https://en.wikipedia.org/wiki/MDL_(programming_language)
pl/muddle,license,Open-source,wikipedia,https://en.wikipedia.org/wiki/MDL_(programming_language)
pl/muddle,implementation_languages,MDL,wikipedia,https://en.wikipedia.org/wiki/MDL_(programming_language)
pl/mumps,paradigms,imperative,wikipedia,https://en.wikipedia.org/wiki/MUMPS
pl/mumps,paradigms,procedural,wikipedia,https://en.wikipedia.org/wiki/MUMPS
pl/mumps,typing,typeless,wikipedia,https://en.wikipedia.org/wiki/MUMPS
pl/mumps,designed_by,Neil Pappalardo,wikipedia,https://en.wikipedia.org/wiki/MUMPS
pl/mumps,designed_by,Curt Marble,wikipedia,https://en.wikipedia.org/wiki/MUMPS
pl/mumps,designed_by,Robert A. Greenes,wikipedia,https://en.wikipedia.org/wiki/MUMPS
pl/mumps,first_appeared,1966,wikipedia,https://en.wikipedia.org/wiki/MUMPS
pl/mumps,influenced_by,JOSS,wikipedia,https://en.wikipedia.org/wiki/MUMPS
pl/musicxml,designed_by,W3C Music Notation Community Group,wikipedia,https://en.wikipedia.org/wiki/MusicXML
pl/musicxml,homepage,https://www.musicxml.com,wikipedia,https://en.wikipedia.org/wiki/MusicXML
pl/n-triples,designed_by,W3C,wikipedia,https://en.wikipedia.org/wiki/N-Triples
pl/n-triples,homepage,https://www.w3.org/TR/n-quads/,wikipedia,https://en.wikipedia.org/wiki/N-Triples
pl/napier88,paradigms,multi-paradigm: procedural,wikipedia,https://en.wikipedia.org/wiki/Napier88
pl/napier88,paradigms,imperative,wikipedia,https://en.wikipedia.org/wiki/Napier88
pl/napier88,paradigms,structured,wikipedia,https://en.wikipedia.org/wiki/Napier88
pl/napier88,designed_by,University of St Andrews,wikipedia,https://en.wikipedia.org/wiki/Napier88
pl/napier88,designed_by,Ron Morrison,wikipedia,https://en.wikipedia.org/wiki/Napier88
pl/napier88,designed_by,Fred Brown,wikipedia,https://en.wikipedia.org/wiki/Napier88
pl/napier88,designed_by,Richard Connor,wikipedia,https://en.wikipedia.org/wiki/Napier88
pl/napier88,designed_by,Al Dearle,wikipedia,https://en.wikipedia.org/wiki/Napier88
pl/napier88,first_appeared,1988,wikipedia,https://en.wikipedia.org/wiki/Napier88
pl/napier88,influenced_by,ALGOL 60,wikipedia,https://en.wikipedia.org/wiki/Napier88
pl/napier88,influenced_by,S-algol,wikipedia,https://en.wikipedia.org/wiki/Napier88
pl/napier88,influenced_by,PS-algol,wikipedia,https://en.wikipedia.org/wiki/Napier88
pl/napier88,implementation_languages,S-algol,wikipedia,https://en.wikipedia.org/wiki/Napier88
pl/nasm,designed_by,H. Peter Anvin,wikipedia,https://en.wikipedia.org/wiki/Netwide_Assembler
pl/nasm,designed_by,Chang Seok Bae,wikipedia,https://en.wikipedia.org/wiki/Netwide_Assembler
pl/nasm,designed_by,Jim Kukunas,wikipedia,https://en.wikipedia.org/wiki/Netwide_Assembler
pl/nasm,designed_by,Frank B. Kotler,wikipedia,https://en.wikipedia.org/wiki/Netwide_Assembler
pl/nasm,designed_by,Cyrill Gorcunov,wikipedia,https://en.wikipedia.org/wiki/Netwide_Assembler
pl/nasm,first_appeared,1996,wikipedia,https://en.wikipedia.org/wiki/Netwide_Assembler
pl/nasm,license,BSD 2-clause,wikipedia,https://en.wikipedia.org/wiki/Netwide_Assembler
pl/nasm,homepage,https://www.nasm.us/,wikipedia,https://en.wikipedia.org/wiki/Netwide_Assembler
pl/nawk,paradigms,scripting,wikipedia,https://en.wikipedia.org/wiki/AWK
pl/nawk,paradigms,procedural,wikipedia,https://en.wikipedia.org/wiki/AWK
pl/nawk,paradigms,data-driven,wikipedia,https://en.wikipedia.org/wiki/AWK
pl/nawk,typing,"none; can handle strings, integers and floating-point numbers; regular expressions",wikipedia,https://en.wikipedia.org/wiki/AWK
pl/nawk,designed_by,Alfred Aho,wikipedia,https://en.wikipedia.org/wiki/AWK
pl/nawk,designed_by,Peter Weinberger,wikipedia,https://en.wikipedia.org/wiki/AWK
pl/nawk,designed_by,and Brian Kernighan,wikipedia,https://en.wikipedia.org/wiki/AWK
pl/nawk,first_appeared,1977,wikipedia,https://en.wikipedia.org/wiki/AWK
pl/nawk,influenced_by,C,wikipedia,https://en.wikipedia.org/wiki/AWK
pl/nawk,influenced_by,sed,wikipedia,https://en.wikipedia.org/wiki/AWK
pl/nawk,influenced_by,SNOBOL,wikipedia,https://en.wikipedia.org/wiki/AWK
pl/nb,paradigms,multi-paradigm: term-rewriting,wikipedia,https://en.wikipedia.org/wiki/Wolfram_Language
pl/nb,paradigms,functional,wikipedia,https://en.wikipedia.org/wiki/Wolfram_Language
pl/nb,paradigms,procedural,wikipedia,https://en.wikipedia.org/wiki/Wolfram_Language
pl/nb,paradigms,array,wikipedia,https://en.wikipedia.org/wiki/Wolfram_Language
pl/nb,typing,"dynamic, strong",wikipedia,https://en.wikipedia.org/wiki/Wolfram_Language
pl/nb,designed_by,Wolfram Research,wikipedia,https://en.wikipedia.org/wiki/Wolfram_Language
pl/nb,designed_by,Stephen Wolfram,wikipedia,https://en.wikipedia.org/wiki/Wolfram_Language
pl/nb,first_appeared,1988,wikipedia,https://en.wikipedia.org/wiki/Wolfram_Language
pl/nb,influenced_by,APL,wikipedia,https://en.wikipedia.org/wiki/Wolfram_Language
pl/nb,influenced_by,C,wikipedia,https://en.wikipedia.org/wiki/Wolfram_Language
pl/nb,influenced_by,C++,wikipedia,https://en.wikipedia.org/wiki/Wolfram_Language
pl/nb,influenced_by,FORTRAN,wikipedia,https://en.wikipedia.org/wiki/Wolfram_Language
pl/nb,influenced_by,Lisp,wikipedia,https://en.wikipedia.org/wiki/Wolfram_Language
pl/nb,influenced_by,Pascal,wikipedia,https://en.wikipedia.org/wiki/Wolfram_Language
pl/nb,influenced_by,Prolog,wikipedia,https://en.wikipedia.org/wiki/Wolfram_Language
pl/nb,influenced_by,Schoonschip,wikipedia,https://en.wikipedia.org/wiki/Wolfram_Language
pl/nb,influenced_by,Simula,wikipedia,https://en.wikipedia.org/wiki/Wolfram_Language
pl/nb,influenced_by,Smalltalk,wikipedia,https://en.wikipedia.org/wiki/Wolfram_Language
pl/nb,influenced_by,SMP,wikipedia,https://en.wikipedia.org/wiki/Wolfram_Language
pl/nb,license,Proprietary,wikipedia,https://en.wikipedia.org/wiki/Wolfram_Language
pl/nb,homepage,https://www.wolfram.com/language/,wikipedia,https://en.wikipedia.org/wiki/Wolfram_Language
pl/neko,paradigms,multi-paradigm: object-oriented,wikipedia,https://en.wikipedia.org/wiki/NekoVM
pl/neko,paradigms,structured,wikipedia,https://en.wikipedia.org/wiki/NekoVM
pl/neko,paradigms,prototype-based,wikipedia,https://en.wikipedia.org/wiki/NekoVM
pl/neko,paradigms,scripting,wikipedia,https://en.wikipedia.org/wiki/NekoVM
pl/neko,typing,dynamic,wikipedia,https://en.wikipedia.org/wiki/NekoVM
pl/neko,designed_by,Haxe Foundation,wikipedia,https://en.wikipedia.org/wiki/NekoVM
pl/neko,designed_by,Shiro Games,wikipedia,https://en.wikipedia.org/wiki/NekoVM
pl/neko,designed_by,Motion Twin,wikipedia,https://en.wikipedia.org/wiki/NekoVM
pl/neko,designed_by,Nicolas Cannasse,wikipedia,https://en.wikipedia.org/wiki/NekoVM
pl/neko,first_appeared,2005,wikipedia,https://en.wikipedia.org/wiki/NekoVM
pl/neko,license,MIT,wikipedia,https://en.wikipedia.org/wiki/NekoVM
pl/neko,implementation_languages,OCaml,wikipedia,https://en.wikipedia.org/wiki/NekoVM
pl/neko,homepage,http://nekovm.org/specs/syntax,wikipedia,https://en.wikipedia.org/wiki/NekoVM
pl/nemerle,paradigms,multi-paradigm: aspect-oriented,wikipedia,https://en.wikipedia.org/wiki/Nemerle
pl/nemerle,paradigms,event-driven,wikipedia,https://en.wikipedia.org/wiki/Nemerle
pl/nemerle,paradigms,functional,wikipedia,https://en.wikipedia.org/wiki/Nemerle
pl/nemerle,paradigms,generic,wikipedia,https://en.wikipedia.org/wiki/Nemerle
pl/nemerle,paradigms,imperative,wikipedia,https://en.wikipedia.org/wiki/Nemerle
pl/nemerle,paradigms,meta,wikipedia,https://en.wikipedia.org/wiki/Nemerle
pl/nemerle,paradigms,object-oriented,wikipedia,https://en.wikipedia.org/wiki/Nemerle
pl/nemerle,paradigms,reflective,wikipedia,https://en.wikipedia.org/wiki/Nemerle
pl/nemerle,typing,"inferred, nominal, static, strong",wikipedia,https://en.wikipedia.org/wiki/Nemerle
pl/nemerle,designed_by,JetBrains (formerly) RSDN,wikipedia,https://en.wikipedia.org/wiki/Nemerle
pl/nemerle,designed_by,Kamil Skalski,wikipedia,https://en.wikipedia.org/wiki/Nemerle
pl/nemerle,designed_by,Michał Moskal,wikipedia,https://en.wikipedia.org/wiki/Nemerle
pl/nemerle,designed_by,Prof. Leszek Pacholski,wikipedia,https://en.wikipedia.org/wiki/Nemerle
pl/nemerle,designed_by,Paweł Olszta at Wrocław University,wikipedia,https://en.wikipedia.org/wiki/Nemerle
pl/nemerle,first_appeared,2003,wikipedia,https://en.wikipedia.org/wiki/Nemerle
pl/nemerle,influenced_by,C#,wikipedia,https://en.wikipedia.org/wiki/Nemerle
pl/nemerle,influenced_by,Lisp,wikipedia,https://en.wikipedia.org/wiki/Nemerle
pl/nemerle,influenced_by,ML,wikipedia,https://en.wikipedia.org/wiki/Nemerle
pl/nemerle,homepage,http://nemerle.org,wikipedia,https://en.wikipedia.org/wiki/Nemerle
pl/nesc,paradigms,event-driven,wikipedia,https://en.wikipedia.org/wiki/NesC
pl/nesc,paradigms,component-based software engineering,wikipedia,https://en.wikipedia.org/wiki/NesC
pl/nesc,typing,static typing,wikipedia,https://en.wikipedia.org/wiki/NesC
pl/nesc,designed_by,TinyOS community,wikipedia,https://en.wikipedia.org/wiki/NesC
pl/nesc,influenced_by,C,wikipedia,https://en.wikipedia.org/wiki/NesC
pl/nesc,license,Open-source,wikipedia,https://en.wikipedia.org/wiki/NesC
pl/nesc,implementation_languages,C,wikipedia,https://en.wikipedia.org/wiki/NesC
pl/nesc,homepage,http://nescc.sourceforge.net,wikipedia,https://en.wikipedia.org/wiki/NesC
pl/nesl,paradigms,parallel,wikipedia,https://en.wikipedia.org/wiki/NESL
pl/nesl,paradigms,functional,wikipedia,https://en.wikipedia.org/wiki/NESL
pl/nesl,paradigms,array,wikipedia,https://en.wikipedia.org/wiki/NESL
pl/nesl,designed_by,SCandAL project,wikipedia,https://en.wikipedia.org/wiki/NESL
pl/nesl,first_appeared,1993,wikipedia,https://en.wikipedia.org/wiki/NESL
pl/nesl,license,permissive license similar to the ISC and X11 licenses,wikipedia,https://en.wikipedia.org/wiki/NESL
pl/netlogo,paradigms,multi-paradigm: educational,wikipedia,https://en.wikipedia.org/wiki/NetLogo
pl/netlogo,paradigms,procedural,wikipedia,https://en.wikipedia.org/wiki/NetLogo
pl/netlogo,paradigms,agent-based,wikipedia,https://en.wikipedia.org/wiki/NetLogo
pl/netlogo,paradigms,simulation,wikipedia,https://en.wikipedia.org/wiki/NetLogo
pl/netlogo,typing,"dynamic, strong",wikipedia,https://en.wikipedia.org/wiki/NetLogo
pl/netlogo,designed_by,Northwestern University Center for Connected Learning,wikipedia,https://en.wikipedia.org/wiki/NetLogo
pl/netlogo,designed_by,Computer-Based Modeling (CCL),wikipedia,https://en.wikipedia.org/wiki/NetLogo
pl/netlogo,designed_by,Uri Wilensky,wikipedia,https://en.wikipedia.org/wiki/NetLogo
pl/netlogo,first_appeared,1999,wikipedia,https://en.wikipedia.org/wiki/NetLogo
pl/netlogo,influenced_by,Logo,wikipedia,https://en.wikipedia.org/wiki/NetLogo
pl/netlogo,influenced_by,StarLogo,wikipedia,https://en.wikipedia.org/wiki/NetLogo
pl/netlogo,license,GPL,wikipedia,https://en.wikipedia.org/wiki/NetLogo
pl/netlogo,implementation_languages,Scala,wikipedia,https://en.wikipedia.org/wiki/NetLogo
pl/netlogo,implementation_languages,Java,wikipedia,https://en.wikipedia.org/wiki/NetLogo
pl/netlogo,homepage,http://www.netlogo.org,wikipedia,https://en.wikipedia.org/wiki/NetLogo
pl/netrexx,paradigms,multiparadigm: object-oriented,wikipedia,https://en.wikipedia.org/wiki/NetRexx
pl/netrexx,paradigms,procedural,wikipedia,https://en.wikipedia.org/wiki/NetRexx
pl/netrexx,paradigms,structured,wikipedia,https://en.wikipedia.org/wiki/NetRexx
pl/netrexx,typing,"static, strong, safe, partly dynamic, everything is a string (for the rexx data type, which handles strings and numbers)",wikipedia,https://en.wikipedia.org/wiki/NetRexx
pl/netrexx,designed_by,Mike Cowlishaw,wikipedia,https://en.wikipedia.org/wiki/NetRexx
pl/netrexx,first_appeared,1996,wikipedia,https://en.wikipedia.org/wiki/NetRexx
pl/netrexx,influenced_by,PL/I,wikipedia,https://en.wikipedia.org/wiki/NetRexx
pl/netrexx,influenced_by,REXX,wikipedia,https://en.wikipedia.org/wiki/NetRexx
pl/netrexx,influenced_by,ooREXX,wikipedia,https://en.wikipedia.org/wiki/NetRexx
pl/netrexx,influenced_by,Java,wikipedia,https://en.wikipedia.org/wiki/NetRexx
pl/netrexx,license,ICU License,wikipedia,https://en.wikipedia.org/wiki/NetRexx
pl/netrexx,homepage,https://www.netrexx.org/,wikipedia,https://en.wikipedia.org/wiki/NetRexx
pl/newlisp,paradigms,multi-paradigm,wikipedia,https://en.wikipedia.org/wiki/NewLISP
pl/newlisp,designed_by,Lutz Mueller,wikipedia,https://en.wikipedia.org/wiki/NewLISP
pl/newlisp,first_appeared,1991,wikipedia,https://en.wikipedia.org/wiki/NewLISP
pl/newlisp,influenced_by,C,wikipedia,https://en.wikipedia.org/wiki/NewLISP
pl/newlisp,influenced_by,Common Lisp,wikipedia,https://en.wikipedia.org/wiki/NewLISP
pl/newlisp,influenced_by,Perl,wikipedia,https://en.wikipedia.org/wiki/NewLISP
pl/newlisp,influenced_by,Scheme,wikipedia,https://en.wikipedia.org/wiki/NewLISP
pl/newlisp,license,GPLv3+,wikipedia,https://en.wikipedia.org/wiki/NewLISP
pl/newlisp,homepage,http://www.newlisp.org,wikipedia,https://en.wikipedia.org/wiki/NewLISP
pl/newspeak,paradigms,object-oriented,wikipedia,https://en.wikipedia.org/wiki/Newspeak_(programming_language)
pl/newspeak,paradigms,functional,wikipedia,https://en.wikipedia.org/wiki/Newspeak_(programming_language)
pl/newspeak,typing,"dynamic, optional",wikipedia,https://en.wikipedia.org/wiki/Newspeak_(programming_language)
pl/newspeak,designed_by,Gilad Bracha,wikipedia,https://en.wikipedia.org/wiki/Newspeak_(programming_language)
pl/newspeak,designed_by,Peter von der Ahé,wikipedia,https://en.wikipedia.org/wiki/Newspeak_(programming_language)
pl/newspeak,designed_by,Vassili Bykov,wikipedia,https://en.wikipedia.org/wiki/Newspeak_(programming_language)
pl/newspeak,designed_by,Yaron Kashai,wikipedia,https://en.wikipedia.org/wiki/Newspeak_(programming_language)
pl/newspeak,designed_by,Ryan Macnak,wikipedia,https://en.wikipedia.org/wiki/Newspeak_(programming_language)
pl/newspeak,designed_by,William Maddox,wikipedia,https://en.wikipedia.org/wiki/Newspeak_(programming_language)
pl/newspeak,designed_by,Eliot Miranda,wikipedia,https://en.wikipedia.org/wiki/Newspeak_(programming_language)
pl/newspeak,first_appeared,2006,wikipedia,https://en.wikipedia.org/wiki/Newspeak_(programming_language)
pl/newspeak,influenced_by,Smalltalk,wikipedia,https://en.wikipedia.org/wiki/Newspeak_(programming_language)
pl/newspeak,influenced_by,Self,wikipedia,https://en.wikipedia.org/wiki/Newspeak_(programming_language)
pl/newspeak,influenced_by,BETA,wikipedia,https://en.wikipedia.org/wiki/Newspeak_(programming_language)
pl/newspeak,influenced_by,E,wikipedia,https://en.wikipedia.org/wiki/Newspeak_(programming_language)
pl/newspeak,license,Apache,wikipedia,https://en.wikipedia.org/wiki/Newspeak_(programming_language)
pl/newspeak,implementation_languages,C++,wikipedia,https://en.wikipedia.org/wiki/Newspeak_(programming_language)
pl/newspeak,implementation_languages,Newspeak,wikipedia,https://en.wikipedia.org/wiki/Newspeak_(programming_language)
pl/newspeak,implementation_languages,JavaScript,wikipedia,https://en.wikipedia.org/wiki/Newspeak_(programming_language)
pl/newspeak,homepage,http://newspeaklanguage.org,wikipedia,https://en.wikipedia.org/wiki/Newspeak_(programming_language)
pl/newsqueak,paradigms,concurrent,wikipedia,https://en.wikipedia.org/wiki/Newsqueak
pl/newsqueak,typing,strong,wikipedia,https://en.wikipedia.org/wiki/Newsqueak
pl/newsqueak,designed_by,Bell Labs,wikipedia,https://en.wikipedia.org/wiki/Newsqueak
pl/newsqueak,designed_by,Rob Pike,wikipedia,https://en.wikipedia.org/wiki/Newsqueak
pl/newsqueak,influenced_by,C,wikipedia,https://en.wikipedia.org/wiki/Newsqueak
pl/newsqueak,influenced_by,CSP,wikipedia,https://en.wikipedia.org/wiki/Newsqueak
pl/newtonscript,paradigms,prototype object-oriented,wikipedia,https://en.wikipedia.org/wiki/NewtonScript
pl/newtonscript,typing,dynamic,wikipedia,https://en.wikipedia.org/wiki/NewtonScript
pl/newtonscript,designed_by,Apple Computer,wikipedia,https://en.wikipedia.org/wiki/NewtonScript
pl/newtonscript,designed_by,Walter Smith,wikipedia,https://en.wikipedia.org/wiki/NewtonScript
pl/newtonscript,first_appeared,1993,wikipedia,https://en.wikipedia.org/wiki/NewtonScript
pl/newtonscript,influenced_by,Self,wikipedia,https://en.wikipedia.org/wiki/NewtonScript
pl/newtonscript,influenced_by,Dylan,wikipedia,https://en.wikipedia.org/wiki/NewtonScript
pl/nexml,designed_by,Rutger A. Vos,wikipedia,https://en.wikipedia.org/wiki/NeXML_format
pl/nexml,designed_by,et al,wikipedia,https://en.wikipedia.org/wiki/NeXML_format
pl/nexml,first_appeared,2012,wikipedia,https://en.wikipedia.org/wiki/NeXML_format
pl/nexml,homepage,http://nexml.org,wikipedia,https://en.wikipedia.org/wiki/NeXML_format
pl/nial,paradigms,array,wikipedia,https://en.wikipedia.org/wiki/Nial
pl/nial,typing,dynamic,wikipedia,https://en.wikipedia.org/wiki/Nial
pl/nial,designed_by,Nial Systems Ltd,wikipedia,https://en.wikipedia.org/wiki/Nial
pl/nial,designed_by,Mike Jenkins,wikipedia,https://en.wikipedia.org/wiki/Nial
pl/nial,first_appeared,1981,wikipedia,https://en.wikipedia.org/wiki/Nial
pl/nial,influenced_by,APL,wikipedia,https://en.wikipedia.org/wiki/Nial
pl/nial,influenced_by,Lisp,wikipedia,https://en.wikipedia.org/wiki/Nial
pl/nial,license,GNU GPLv3,wikipedia,https://en.wikipedia.org/wiki/Nial
pl/nial,homepage,https://www.nial-array-language.org/,wikipedia,https://en.wikipedia.org/wiki/Nial
pl/nil,paradigms,multiparadigm: functional,wikipedia,https://en.wikipedia.org/wiki/NIL_(programming_language)
pl/nil,paradigms,procedural,wikipedia,https://en.wikipedia.org/wiki/NIL_(programming_language)
pl/nil,typing,"dynamic, strong",wikipedia,https://en.wikipedia.org/wiki/NIL_(programming_language)
pl/nil,designed_by,Jon L White,wikipedia,https://en.wikipedia.org/wiki/NIL_(programming_language)
pl/nil,designed_by,Guy L. Steele Jr,wikipedia,https://en.wikipedia.org/wiki/NIL_(programming_language)
pl/nil,designed_by,Richard P. Gabriel,wikipedia,https://en.wikipedia.org/wiki/NIL_(programming_language)
pl/nil,first_appeared,1979,wikipedia,https://en.wikipedia.org/wiki/NIL_(programming_language)
pl/nil,influenced_by,Lisp,wikipedia,https://en.wikipedia.org/wiki/NIL_(programming_language)
pl/nil,influenced_by,Maclisp,wikipedia,https://en.wikipedia.org/wiki/NIL_(programming_language)
pl/nil,implementation_languages,VAX assembly,wikipedia,https://en.wikipedia.org/wiki/NIL_(programming_language)
pl/nim,paradigms,multi-paradigm: compiled,wikipedia,https://en.wikipedia.org/wiki/Nim_(programming_language)
pl/nim,paradigms,concurrent,wikipedia,https://en.wikipedia.org/wiki/Nim_(programming_language)
pl/nim,paradigms,procedural,wikipedia,https://en.wikipedia.org/wiki/Nim_(programming_language)
pl/nim,paradigms,imperative,wikipedia,https://en.wikipedia.org/wiki/Nim_(programming_language)
pl/nim,paradigms,functional,wikipedia,https://en.wikipedia.org/wiki/Nim_(programming_language)
pl/nim,paradigms,object-oriented,wikipedia,https://en.wikipedia.org/wiki/Nim_(programming_language)
pl/nim,paradigms,meta,wikipedia,https://en.wikipedia.org/wiki/Nim_(programming_language)
pl/nim,typing,"static, strong, inferred, structural",wikipedia,https://en.wikipedia.org/wiki/Nim_(programming_language)
pl/nim,designed_by,Nim Lang Team,wikipedia,https://en.wikipedia.org/wiki/Nim_(programming_language)
pl/nim,designed_by,Andreas Rumpf,wikipedia,https://en.wikipedia.org/wiki/Nim_(programming_language)
pl/nim,first_appeared,2008,wikipedia,https://en.wikipedia.org/wiki/Nim_(programming_language)
pl/nim,influenced_by,Ada,wikipedia,https://en.wikipedia.org/wiki/Nim_(programming_language)
pl/nim,influenced_by,Modula-3,wikipedia,https://en.wikipedia.org/wiki/Nim_(programming_language)
pl/nim,influenced_by,Lisp,wikipedia,https://en.wikipedia.org/wiki/Nim_(programming_language)
pl/nim,influenced_by,C++,wikipedia,https://en.wikipedia.org/wiki/Nim_(programming_language)
pl/nim,influenced_by,Object Pascal,wikipedia,https://en.wikipedia.org/wiki/Nim_(programming_language)
pl/nim,influenced_by,Python,wikipedia,https://en.wikipedia.org/wiki/Nim_(programming_language)
pl/nim,influenced_by,Oberon,wikipedia,https://en.wikipedia.org/wiki/Nim_(programming_language)
pl/nim,influenced_by,Rust,wikipedia,https://en.wikipedia.org/wiki/Nim_(programming_language)
pl/nim,influenced_by,ParaSail,wikipedia,https://en.wikipedia.org/wiki/Nim_(programming_language)
pl/nim,license,MIT License,wikipedia,https://en.wikipedia.org/wiki/Nim_(programming_language)
pl/nim,implementation_languages,Pascal (2005–2008) Nim (2008–present,wikipedia,https://en.wikipedia.org/wiki/Nim_(programming_language)
pl/nim,implementation_languages,self-hosted),wikipedia,https://en.wikipedia.org/wiki/Nim_(programming_language)
pl/nim,homepage,http://nim-lang.org,wikipedia,https://en.wikipedia.org/wiki/Nim_(programming_language)
pl/nim-programming-language,paradigms,multi-paradigm: compiled,wikipedia,https://en.wikipedia.org/wiki/Nim_(programming_language)
pl/nim-programming-language,paradigms,concurrent,wikipedia,https://en.wikipedia.org/wiki/Nim_(programming_language)
pl/nim-programming-language,paradigms,procedural,wikipedia,https://en.wikipedia.org/wiki/Nim_(programming_language)
pl/nim-programming-language,paradigms,imperative,wikipedia,https://en.wikipedia.org/wiki/Nim_(programming_language)
pl/nim-programming-language,paradigms,functional,wikipedia,https://en.wikipedia.org/wiki/Nim_(programming_language)
pl/nim-programming-language,paradigms,object-oriented,wikipedia,https://en.wikipedia.org/wiki/Nim_(programming_language)
pl/nim-programming-language,paradigms,meta,wikipedia,https://en.wikipedia.org/wiki/Nim_(programming_language)
pl/nim-programming-language,typing,"static, strong, inferred, structural",wikipedia,https://en.wikipedia.org/wiki/Nim_(programming_language)
pl/nim-programming-language,designed_by,Nim Lang Team,wikipedia,https://en.wikipedia.org/wiki/Nim_(programming_language)
pl/nim-programming-language,designed_by,Andreas Rumpf,wikipedia,https://en.wikipedia.org/wiki/Nim_(programming_language)
pl/nim-programming-language,first_appeared,2008,wikipedia,https://en.wikipedia.org/wiki/Nim_(programming_language)
pl/nim-programming-language,influenced_by,Ada,wikipedia,https://en.wikipedia.org/wiki/Nim_(programming_language)
pl/nim-programming-language,influenced_by,Modula-3,wikipedia,https://en.wikipedia.org/wiki/Nim_(programming_language)
pl/nim-programming-language,influenced_by,Lisp,wikipedia,https://en.wikipedia.org/wiki/Nim_(programming_language)
pl/nim-programming-language,influenced_by,C++,wikipedia,https://en.wikipedia.org/wiki/Nim_(programming_language)
pl/nim-programming-language,influenced_by,Object Pascal,wikipedia,https://en.wikipedia.org/wiki/Nim_(programming_language)
pl/nim-programming-language,influenced_by,Python,wikipedia,https://en.wikipedia.org/wiki/Nim_(programming_language)
pl/nim-programming-language,influenced_by,Oberon,wikipedia,https://en.wikipedia.org/wiki/Nim_(programming_language)
pl/nim-programming-language,influenced_by,Rust,wikipedia,https://en.wikipedia.org/wiki/Nim_(programming_language)
pl/nim-programming-language,influenced_by,ParaSail,wikipedia,https://en.wikipedia.org/wiki/Nim_(programming_language)
pl/nim-programming-language,license,MIT License,wikipedia,https://en.wikipedia.org/wiki/Nim_(programming_language)
pl/nim-programming-language,implementation_languages,Pascal (2005–2008) Nim (2008–present,wikipedia,https://en.wikipedia.org/wiki/Nim_(programming_language)
pl/nim-programming-language,implementation_languages,self-hosted),wikipedia,https://en.wikipedia.org/wiki/Nim_(programming_language)
pl/nim-programming-language,homepage,http://nim-lang.org,wikipedia,https://en.wikipedia.org/wiki/Nim_(programming_language)
pl/nimrod,paradigms,multi-paradigm: compiled,wikipedia,https://en.wikipedia.org/wiki/Nim_(programming_language)
pl/nimrod,paradigms,concurrent,wikipedia,https://en.wikipedia.org/wiki/Nim_(programming_language)
pl/nimrod,paradigms,procedural,wikipedia,https://en.wikipedia.org/wiki/Nim_(programming_language)
pl/nimrod,paradigms,imperative,wikipedia,https://en.wikipedia.org/wiki/Nim_(programming_language)
pl/nimrod,paradigms,functional,wikipedia,https://en.wikipedia.org/wiki/Nim_(programming_language)
pl/nimrod,paradigms,object-oriented,wikipedia,https://en.wikipedia.org/wiki/Nim_(programming_language)
pl/nimrod,paradigms,meta,wikipedia,https://en.wikipedia.org/wiki/Nim_(programming_language)
pl/nimrod,typing,"static, strong, inferred, structural",wikipedia,https://en.wikipedia.org/wiki/Nim_(programming_language)
pl/nimrod,designed_by,Nim Lang Team,wikipedia,https://en.wikipedia.org/wiki/Nim_(programming_language)
pl/nimrod,designed_by,Andreas Rumpf,wikipedia,https://en.wikipedia.org/wiki/Nim_(programming_language)
pl/nimrod,first_appeared,2008,wikipedia,https://en.wikipedia.org/wiki/Nim_(programming_language)
pl/nimrod,influenced_by,Ada,wikipedia,https://en.wikipedia.org/wiki/Nim_(programming_language)
pl/nimrod,influenced_by,Modula-3,wikipedia,https://en.wikipedia.org/wiki/Nim_(programming_language)
pl/nimrod,influenced_by,Lisp,wikipedia,https://en.wikipedia.org/wiki/Nim_(programming_language)
pl/nimrod,influenced_by,C++,wikipedia,https://en.wikipedia.org/wiki/Nim_(programming_language)
pl/nimrod,influenced_by,Object Pascal,wikipedia,https://en.wikipedia.org/wiki/Nim_(programming_language)
pl/nimrod,influenced_by,Python,wikipedia,https://en.wikipedia.org/wiki/Nim_(programming_language)
pl/nimrod,influenced_by,Oberon,wikipedia,https://en.wikipedia.org/wiki/Nim_(programming_language)
pl/nimrod,influenced_by,Rust,wikipedia,https://en.wikipedia.org/wiki/Nim_(programming_language)
pl/nimrod,influenced_by,ParaSail,wikipedia,https://en.wikipedia.org/wiki/Nim_(programming_language)
pl/nimrod,license,MIT License,wikipedia,https://en.wikipedia.org/wiki/Nim_(programming_language)
pl/nimrod,implementation_languages,Pascal (2005–2008) Nim (2008–present,wikipedia,https://en.wikipedia.org/wiki/Nim_(programming_language)
pl/nimrod,implementation_languages,self-hosted),wikipedia,https://en.wikipedia.org/wiki/Nim_(programming_language)
pl/nimrod,homepage,http://nim-lang.org,wikipedia,https://en.wikipedia.org/wiki/Nim_(programming_language)
pl/nl,paradigms,multi-paradigm,wikipedia,https://en.wikipedia.org/wiki/NewLISP
pl/nl,designed_by,Lutz Mueller,wikipedia,https://en.wikipedia.org/wiki/NewLISP
pl/nl,first_appeared,1991,wikipedia,https://en.wikipedia.org/wiki/NewLISP
pl/nl,influenced_by,C,wikipedia,https://en.wikipedia.org/wiki/NewLISP
pl/nl,influenced_by,Common Lisp,wikipedia,https://en.wikipedia.org/wiki/NewLISP
pl/nl,influenced_by,Perl,wikipedia,https://en.wikipedia.org/wiki/NewLISP
pl/nl,influenced_by,Scheme,wikipedia,https://en.wikipedia.org/wiki/NewLISP
pl/nl,license,GPLv3+,wikipedia,https://en.wikipedia.org/wiki/NewLISP
pl/nl,homepage,http://www.newlisp.org,wikipedia,https://en.wikipedia.org/wiki/NewLISP
pl/notation3,designed_by,Tim Berners-Lee,wikipedia,https://en.wikipedia.org/wiki/Notation3
pl/notation3,homepage,https://www.w3.org/TeamSubmission/n3/,wikipedia,https://en.wikipedia.org/wiki/Notation3
pl/nu,paradigms,structured,wikipedia,https://en.wikipedia.org/wiki/Nu_(programming_language)
pl/nu,paradigms,imperative,wikipedia,https://en.wikipedia.org/wiki/Nu_(programming_language)
pl/nu,paradigms,functional,wikipedia,https://en.wikipedia.org/wiki/Nu_(programming_language)
pl/nu,paradigms,object-oriented,wikipedia,https://en.wikipedia.org/wiki/Nu_(programming_language)
pl/nu,typing,dynamic,wikipedia,https://en.wikipedia.org/wiki/Nu_(programming_language)
pl/nu,designed_by,Tim Burks,wikipedia,https://en.wikipedia.org/wiki/Nu_(programming_language)
pl/nu,first_appeared,2007,wikipedia,https://en.wikipedia.org/wiki/Nu_(programming_language)
pl/nu,influenced_by,Lisp,wikipedia,https://en.wikipedia.org/wiki/Nu_(programming_language)
pl/nu,influenced_by,Objective-C,wikipedia,https://en.wikipedia.org/wiki/Nu_(programming_language)
pl/nu,influenced_by,Ruby,wikipedia,https://en.wikipedia.org/wiki/Nu_(programming_language)
pl/nu,license,"Apache, v. 2.0",wikipedia,https://en.wikipedia.org/wiki/Nu_(programming_language)
pl/nu,homepage,http://programming-nu.github.io,wikipedia,https://en.wikipedia.org/wiki/Nu_(programming_language)
pl/nyquist,designed_by,Roger Dannenberg,wikipedia,https://en.wikipedia.org/wiki/Nyquist_(programming_language)
pl/nyquist,influenced_by,Lisp,wikipedia,https://en.wikipedia.org/wiki/Nyquist_(programming_language)
pl/nyquist,homepage,https://www.cs.cmu.edu/~music/cmp/nyquist/index.html,wikipedia,https://en.wikipedia.org/wiki/Nyquist_(programming_language)
pl/oaklisp,paradigms,multi-paradigm: object-oriented,wikipedia,https://en.wikipedia.org/wiki/Oaklisp
pl/oaklisp,paradigms,functional,wikipedia,https://en.wikipedia.org/wiki/Oaklisp
pl/oaklisp,paradigms,procedural,wikipedia,https://en.wikipedia.org/wiki/Oaklisp
pl/oaklisp,typing,"dynamic, strong",wikipedia,https://en.wikipedia.org/wiki/Oaklisp
pl/oaklisp,designed_by,Kevin J. Lang,wikipedia,https://en.wikipedia.org/wiki/Oaklisp
pl/oaklisp,designed_by,Barak A. Pearlmutter,wikipedia,https://en.wikipedia.org/wiki/Oaklisp
pl/oaklisp,first_appeared,1986,wikipedia,https://en.wikipedia.org/wiki/Oaklisp
pl/oaklisp,influenced_by,Scheme,wikipedia,https://en.wikipedia.org/wiki/Oaklisp
pl/oaklisp,influenced_by,T,wikipedia,https://en.wikipedia.org/wiki/Oaklisp
pl/oaklisp,influenced_by,Smalltalk,wikipedia,https://en.wikipedia.org/wiki/Oaklisp
pl/oasv2-json,paradigms,multi-paradigm: imperative,wikipedia,https://en.wikipedia.org/wiki/ABC_(programming_language)
pl/oasv2-json,paradigms,procedural,wikipedia,https://en.wikipedia.org/wiki/ABC_(programming_language)
pl/oasv2-json,paradigms,structured,wikipedia,https://en.wikipedia.org/wiki/ABC_(programming_language)
pl/oasv2-json,typing,"strong, polymorphic",wikipedia,https://en.wikipedia.org/wiki/ABC_(programming_language)
pl/oasv2-json,designed_by,Centrum Wiskunde,wikipedia,https://en.wikipedia.org/wiki/ABC_(programming_language)
pl/oasv2-json,designed_by,Informatica (CWI),wikipedia,https://en.wikipedia.org/wiki/ABC_(programming_language)
pl/oasv2-json,designed_by,Leo Geurts,wikipedia,https://en.wikipedia.org/wiki/ABC_(programming_language)
pl/oasv2-json,designed_by,Lambert Meertens,wikipedia,https://en.wikipedia.org/wiki/ABC_(programming_language)
pl/oasv2-json,designed_by,Steven Pemberton,wikipedia,https://en.wikipedia.org/wiki/ABC_(programming_language)
pl/oasv2-json,first_appeared,1987,wikipedia,https://en.wikipedia.org/wiki/ABC_(programming_language)
pl/oasv2-json,influenced_by,SETL,wikipedia,https://en.wikipedia.org/wiki/ABC_(programming_language)
pl/oasv2-json,influenced_by,ALGOL 68,wikipedia,https://en.wikipedia.org/wiki/ABC_(programming_language)
pl/oasv2-json,homepage,https://homepages.cwi.nl/~steven/abc/,wikipedia,https://en.wikipedia.org/wiki/ABC_(programming_language)
pl/oasv2-yaml,first_appeared,2001,wikipedia,https://en.wikipedia.org/wiki/YAML
pl/oasv2-yaml,homepage,https://yaml.org/,wikipedia,https://en.wikipedia.org/wiki/YAML
pl/oasv3-json,paradigms,multi-paradigm: imperative,wikipedia,https://en.wikipedia.org/wiki/ABC_(programming_language)
pl/oasv3-json,paradigms,procedural,wikipedia,https://en.wikipedia.org/wiki/ABC_(programming_language)
pl/oasv3-json,paradigms,structured,wikipedia,https://en.wikipedia.org/wiki/ABC_(programming_language)
pl/oasv3-json,typing,"strong, polymorphic",wikipedia,https://en.wikipedia.org/wiki/ABC_(programming_language)
pl/oasv3-json,designed_by,Centrum Wiskunde,wikipedia,https://en.wikipedia.org/wiki/ABC_(programming_language)
pl/oasv3-json,designed_by,Informatica (CWI),wikipedia,https://en.wikipedia.org/wiki/ABC_(programming_language)
pl/oasv3-json,designed_by,Leo Geurts,wikipedia,https://en.wikipedia.org/wiki/ABC_(programming_language)
pl/oasv3-json,designed_by,Lambert Meertens,wikipedia,https://en.wikipedia.org/wiki/ABC_(programming_language)
pl/oasv3-json,designed_by,Steven Pemberton,wikipedia,https://en.wikipedia.org/wiki/ABC_(programming_language)
pl/oasv3-json,first_appeared,1987,wikipedia,https://en.wikipedia.org/wiki/ABC_(programming_language)
pl/oasv3-json,influenced_by,SETL,wikipedia,https://en.wikipedia.org/wiki/ABC_(programming_language)
pl/oasv3-json,influenced_by,ALGOL 68,wikipedia,https://en.wikipedia.org/wiki/ABC_(programming_language)
pl/oasv3-json,homepage,https://homepages.cwi.nl/~steven/abc/,wikipedia,https://en.wikipedia.org/wiki/ABC_(programming_language)
pl/oasv3-yaml,first_appeared,2001,wikipedia,https://en.wikipedia.org/wiki/YAML
pl/oasv3-yaml,homepage,https://yaml.org/,wikipedia,https://en.wikipedia.org/wiki/YAML
pl/oberon,paradigms,imperative,wikipedia,https://en.wikipedia.org/wiki/Oberon_(programming_language)
pl/oberon,paradigms,structured,wikipedia,https://en.wikipedia.org/wiki/Oberon_(programming_language)
pl/oberon,paradigms,modular,wikipedia,https://en.wikipedia.org/wiki/Oberon_(programming_language)
pl/oberon,paradigms,object-oriented,wikipedia,https://en.wikipedia.org/wiki/Oberon_(programming_language)
pl/oberon,typing,"strong, hybrid (static and dynamic)",wikipedia,https://en.wikipedia.org/wiki/Oberon_(programming_language)
pl/oberon,designed_by,Niklaus Wirth,wikipedia,https://en.wikipedia.org/wiki/Oberon_(programming_language)
pl/oberon,first_appeared,1987,wikipedia,https://en.wikipedia.org/wiki/Oberon_(programming_language)
pl/oberon,influenced_by,Modula-2,wikipedia,https://en.wikipedia.org/wiki/Oberon_(programming_language)
pl/oberon,homepage,https://projectoberon.net,wikipedia,https://en.wikipedia.org/wiki/Oberon_(programming_language)
pl/oberon-2,paradigms,imperative,wikipedia,https://en.wikipedia.org/wiki/Oberon-2
pl/oberon-2,paradigms,structured,wikipedia,https://en.wikipedia.org/wiki/Oberon-2
pl/oberon-2,paradigms,modular,wikipedia,https://en.wikipedia.org/wiki/Oberon-2
pl/oberon-2,paradigms,object-oriented,wikipedia,https://en.wikipedia.org/wiki/Oberon-2
pl/oberon-2,typing,"strong, hybrid (static and dynamic)",wikipedia,https://en.wikipedia.org/wiki/Oberon-2
pl/oberon-2,designed_by,ETH Zurich,wikipedia,https://en.wikipedia.org/wiki/Oberon-2
pl/oberon-2,designed_by,Niklaus Wirth Hanspeter Mössenböck,wikipedia,https://en.wikipedia.org/wiki/Oberon-2
pl/oberon-2,first_appeared,1991,wikipedia,https://en.wikipedia.org/wiki/Oberon-2
pl/oberon-2,influenced_by,Oberon,wikipedia,https://en.wikipedia.org/wiki/Oberon-2
pl/oberon-2,influenced_by,Modula-2,wikipedia,https://en.wikipedia.org/wiki/Oberon-2
pl/oberon-2,influenced_by,Object Oberon,wikipedia,https://en.wikipedia.org/wiki/Oberon-2
pl/oberon-2,homepage,http://www.ethoberon.ethz.ch,wikipedia,https://en.wikipedia.org/wiki/Oberon-2
pl/objective-c,paradigms,reflective,wikipedia,https://en.wikipedia.org/wiki/Objective-C
pl/objective-c,paradigms,class-based object-oriented,wikipedia,https://en.wikipedia.org/wiki/Objective-C
pl/objective-c,typing,"static, dynamic, weak",wikipedia,https://en.wikipedia.org/wiki/Objective-C
pl/objective-c,designed_by,Brad Cox,wikipedia,https://en.wikipedia.org/wiki/Objective-C
pl/objective-c,designed_by,Tom Love,wikipedia,https://en.wikipedia.org/wiki/Objective-C
pl/objective-c,first_appeared,1984,wikipedia,https://en.wikipedia.org/wiki/Objective-C
pl/objective-c,influenced_by,C,wikipedia,https://en.wikipedia.org/wiki/Objective-C
pl/objective-c,influenced_by,Smalltalk,wikipedia,https://en.wikipedia.org/wiki/Objective-C
pl/objective-c,homepage,https://developer.apple.com/library/archive/documentation/Cocoa/Conceptual/ProgrammingWithObjectiveC/Introduction/Introduction.html,wikipedia,https://en.wikipedia.org/wiki/Objective-C
pl/objectscript,license,Proprietary,wikipedia,https://en.wikipedia.org/wiki/OpenEdge_Advanced_Business_Language
pl/objectscript,homepage,https://www.progress.com/openedge,wikipedia,https://en.wikipedia.org/wiki/OpenEdge_Advanced_Business_Language
pl/obliq,paradigms,multi-paradigm: imperative,wikipedia,https://en.wikipedia.org/wiki/Obliq
pl/obliq,paradigms,structured,wikipedia,https://en.wikipedia.org/wiki/Obliq
pl/obliq,paradigms,modular,wikipedia,https://en.wikipedia.org/wiki/Obliq
pl/obliq,paradigms,object-oriented,wikipedia,https://en.wikipedia.org/wiki/Obliq
pl/obliq,paradigms,prototype-based,wikipedia,https://en.wikipedia.org/wiki/Obliq
pl/obliq,paradigms,parallel,wikipedia,https://en.wikipedia.org/wiki/Obliq
pl/obliq,typing,"strong, dynamic",wikipedia,https://en.wikipedia.org/wiki/Obliq
pl/obliq,designed_by,Krishna Bharat Marc H. Brown Luca Cardelli,wikipedia,https://en.wikipedia.org/wiki/Obliq
pl/obliq,first_appeared,1993,wikipedia,https://en.wikipedia.org/wiki/Obliq
pl/obliq,influenced_by,Modula-3,wikipedia,https://en.wikipedia.org/wiki/Obliq
pl/obliq,influenced_by,Self,wikipedia,https://en.wikipedia.org/wiki/Obliq
pl/obliq,influenced_by,Oberon,wikipedia,https://en.wikipedia.org/wiki/Obliq
pl/obliq,implementation_languages,Modula-3,wikipedia,https://en.wikipedia.org/wiki/Obliq
pl/obliq,homepage,http://www.cc.gatech.edu/gvu/people/Phd/Krishna/VO/VOHome.html,wikipedia,https://en.wikipedia.org/wiki/Obliq
pl/ocaml,paradigms,multi-paradigm: functional,wikipedia,https://en.wikipedia.org/wiki/OCaml
pl/ocaml,paradigms,imperative,wikipedia,https://en.wikipedia.org/wiki/OCaml
pl/ocaml,paradigms,modular,wikipedia,https://en.wikipedia.org/wiki/OCaml
pl/ocaml,paradigms,object-oriented,wikipedia,https://en.wikipedia.org/wiki/OCaml
pl/ocaml,typing,"inferred, static, strong, structural",wikipedia,https://en.wikipedia.org/wiki/OCaml
pl/ocaml,designed_by,Inria,wikipedia,https://en.wikipedia.org/wiki/OCaml
pl/ocaml,designed_by,Xavier Leroy,wikipedia,https://en.wikipedia.org/wiki/OCaml
pl/ocaml,designed_by,Jérôme Vouillon,wikipedia,https://en.wikipedia.org/wiki/OCaml
pl/ocaml,designed_by,Damien Doligez,wikipedia,https://en.wikipedia.org/wiki/OCaml
pl/ocaml,designed_by,Didier Rémy,wikipedia,https://en.wikipedia.org/wiki/OCaml
pl/ocaml,designed_by,Ascánder Suárez,wikipedia,https://en.wikipedia.org/wiki/OCaml
pl/ocaml,first_appeared,1996,wikipedia,https://en.wikipedia.org/wiki/OCaml
pl/ocaml,influenced_by,C,wikipedia,https://en.wikipedia.org/wiki/OCaml
pl/ocaml,influenced_by,Caml,wikipedia,https://en.wikipedia.org/wiki/OCaml
pl/ocaml,influenced_by,Modula-3,wikipedia,https://en.wikipedia.org/wiki/OCaml
pl/ocaml,influenced_by,Pascal,wikipedia,https://en.wikipedia.org/wiki/OCaml
pl/ocaml,influenced_by,Standard ML,wikipedia,https://en.wikipedia.org/wiki/OCaml
pl/ocaml,license,LGPLv2.1,wikipedia,https://en.wikipedia.org/wiki/OCaml
pl/ocaml,implementation_languages,OCaml,wikipedia,https://en.wikipedia.org/wiki/OCaml
pl/ocaml,implementation_languages,C,wikipedia,https://en.wikipedia.org/wiki/OCaml
pl/ocaml,homepage,https://ocaml.org/,wikipedia,https://en.wikipedia.org/wiki/OCaml
pl/occam,paradigms,imperative,wikipedia,https://en.wikipedia.org/wiki/Occam_(programming_language)
pl/occam,paradigms,procedural,wikipedia,https://en.wikipedia.org/wiki/Occam_(programming_language)
pl/occam,paradigms,concurrent,wikipedia,https://en.wikipedia.org/wiki/Occam_(programming_language)
pl/occam,designed_by,Inmos,wikipedia,https://en.wikipedia.org/wiki/Occam_(programming_language)
pl/occam,designed_by,David May,wikipedia,https://en.wikipedia.org/wiki/Occam_(programming_language)
pl/occam,first_appeared,1983,wikipedia,https://en.wikipedia.org/wiki/Occam_(programming_language)
pl/occam,influenced_by,Communicating sequential processes,wikipedia,https://en.wikipedia.org/wiki/Occam_(programming_language)
pl/occam-pi,paradigms,imperative,wikipedia,https://en.wikipedia.org/wiki/Occam-%CF%80
pl/occam-pi,paradigms,procedural,wikipedia,https://en.wikipedia.org/wiki/Occam-%CF%80
pl/occam-pi,paradigms,concurrent,wikipedia,https://en.wikipedia.org/wiki/Occam-%CF%80
pl/occam-pi,designed_by,occam for all,wikipedia,https://en.wikipedia.org/wiki/Occam-%CF%80
pl/occam-pi,designed_by,University of Kent,wikipedia,https://en.wikipedia.org/wiki/Occam-%CF%80
pl/occam-pi,designed_by,Fred Barnes,wikipedia,https://en.wikipedia.org/wiki/Occam-%CF%80
pl/occam-pi,designed_by,Peter Welch,wikipedia,https://en.wikipedia.org/wiki/Occam-%CF%80
pl/occam-pi,influenced_by,occam,wikipedia,https://en.wikipedia.org/wiki/Occam-%CF%80
pl/ofx,designed_by,Microsoft,wikipedia,https://en.wikipedia.org/wiki/Open_Financial_Exchange
pl/ofx,designed_by,Intuit,wikipedia,https://en.wikipedia.org/wiki/Open_Financial_Exchange
pl/ofx,designed_by,CheckFree,wikipedia,https://en.wikipedia.org/wiki/Open_Financial_Exchange
pl/ofx,first_appeared,1997,wikipedia,https://en.wikipedia.org/wiki/Open_Financial_Exchange
pl/ometa,paradigms,object-oriented,wikipedia,https://en.wikipedia.org/wiki/OMeta
pl/ometa,designed_by,Viewpoints Research Institute,wikipedia,https://en.wikipedia.org/wiki/OMeta
pl/ometa,designed_by,Alessandro Warth Ian Piumarta,wikipedia,https://en.wikipedia.org/wiki/OMeta
pl/ometa,first_appeared,2007,wikipedia,https://en.wikipedia.org/wiki/OMeta
pl/ometa,influenced_by,META II,wikipedia,https://en.wikipedia.org/wiki/OMeta
pl/ometa,influenced_by,TREE-META,wikipedia,https://en.wikipedia.org/wiki/OMeta
pl/ometa,implementation_languages,Combined Object Lambda Architecture (COLA),wikipedia,https://en.wikipedia.org/wiki/OMeta
pl/ometa,implementation_languages,Squeak Smalltalk,wikipedia,https://en.wikipedia.org/wiki/OMeta
pl/ooxml,designed_by,Microsoft,wikipedia,https://en.wikipedia.org/wiki/Office_Open_XML
pl/ooxml,designed_by,Ecma,wikipedia,https://en.wikipedia.org/wiki/Office_Open_XML
pl/ooxml,designed_by,ISO,wikipedia,https://en.wikipedia.org/wiki/Office_Open_XML
pl/ooxml,designed_by,IEC,wikipedia,https://en.wikipedia.org/wiki/Office_Open_XML
pl/ooxml,first_appeared,2006,wikipedia,https://en.wikipedia.org/wiki/Office_Open_XML
pl/ooxml,homepage,https://www.ecma-international.org/publications-and-standards/standards/ecma-376,wikipedia,https://en.wikipedia.org/wiki/Office_Open_XML
pl/opa,paradigms,multi-paradigm: functional,wikipedia,https://en.wikipedia.org/wiki/Opa_(programming_language)
pl/opa,paradigms,imperative,wikipedia,https://en.wikipedia.org/wiki/Opa_(programming_language)
pl/opa,typing,"static, strong, inferred",wikipedia,https://en.wikipedia.org/wiki/Opa_(programming_language)
pl/opa,designed_by,MLstate,wikipedia,https://en.wikipedia.org/wiki/Opa_(programming_language)
pl/opa,first_appeared,2011,wikipedia,https://en.wikipedia.org/wiki/Opa_(programming_language)
pl/opa,influenced_by,OCaml,wikipedia,https://en.wikipedia.org/wiki/Opa_(programming_language)
pl/opa,influenced_by,Erlang,wikipedia,https://en.wikipedia.org/wiki/Opa_(programming_language)
pl/opa,influenced_by,JavaScript,wikipedia,https://en.wikipedia.org/wiki/Opa_(programming_language)
pl/opa,license,"AGPLv3, MIT",wikipedia,https://en.wikipedia.org/wiki/Opa_(programming_language)
pl/opa,implementation_languages,OCaml,wikipedia,https://en.wikipedia.org/wiki/Opa_(programming_language)
pl/opa,implementation_languages,Opa,wikipedia,https://en.wikipedia.org/wiki/Opa_(programming_language)
pl/opa,implementation_languages,JavaScript,wikipedia,https://en.wikipedia.org/wiki/Opa_(programming_language)
pl/opa,implementation_languages,Shell,wikipedia,https://en.wikipedia.org/wiki/Opa_(programming_language)
pl/opa,implementation_languages,C,wikipedia,https://en.wikipedia.org/wiki/Opa_(programming_language)
pl/opa,implementation_languages,Standard ML,wikipedia,https://en.wikipedia.org/wiki/Opa_(programming_language)
pl/opa,homepage,http://opalang.org,wikipedia,https://en.wikipedia.org/wiki/Opa_(programming_language)
pl/opencl,paradigms,imperative (procedural),wikipedia,https://en.wikipedia.org/wiki/OpenCL
pl/opencl,paradigms,structured,wikipedia,https://en.wikipedia.org/wiki/OpenCL
pl/opencl,paradigms,object-oriented,wikipedia,https://en.wikipedia.org/wiki/OpenCL
pl/opencl,paradigms,generic,wikipedia,https://en.wikipedia.org/wiki/OpenCL
pl/opencl,typing,"static, weak, manifest, nominal",wikipedia,https://en.wikipedia.org/wiki/OpenCL
pl/opencl,designed_by,Khronos Group,wikipedia,https://en.wikipedia.org/wiki/OpenCL
pl/opencl,first_appeared,2009,wikipedia,https://en.wikipedia.org/wiki/OpenCL
pl/opencl,influenced_by,C99,wikipedia,https://en.wikipedia.org/wiki/OpenCL
pl/opencl,influenced_by,CUDA,wikipedia,https://en.wikipedia.org/wiki/OpenCL
pl/opencl,license,OpenCL specification license,wikipedia,https://en.wikipedia.org/wiki/OpenCL
pl/opencl,homepage,https://www.khronos.org/opencl,wikipedia,https://en.wikipedia.org/wiki/OpenCL
pl/openedge-abl,license,Proprietary,wikipedia,https://en.wikipedia.org/wiki/OpenEdge_Advanced_Business_Language
pl/openedge-abl,homepage,https://www.progress.com/openedge,wikipedia,https://en.wikipedia.org/wiki/OpenEdge_Advanced_Business_Language
pl/openlisp,paradigms,multi-paradigm: functional,wikipedia,https://en.wikipedia.org/wiki/OpenLisp
pl/openlisp,paradigms,procedural,wikipedia,https://en.wikipedia.org/wiki/OpenLisp
pl/openlisp,paradigms,object-oriented,wikipedia,https://en.wikipedia.org/wiki/OpenLisp
pl/openlisp,paradigms,reflective,wikipedia,https://en.wikipedia.org/wiki/OpenLisp
pl/openlisp,paradigms,meta,wikipedia,https://en.wikipedia.org/wiki/OpenLisp
pl/openlisp,typing,"dynamic, strong",wikipedia,https://en.wikipedia.org/wiki/OpenLisp
pl/openlisp,designed_by,Christian Jullien,wikipedia,https://en.wikipedia.org/wiki/OpenLisp
pl/openlisp,first_appeared,1988,wikipedia,https://en.wikipedia.org/wiki/OpenLisp
pl/openlisp,influenced_by,Lisp,wikipedia,https://en.wikipedia.org/wiki/OpenLisp
pl/openlisp,influenced_by,ISLISP,wikipedia,https://en.wikipedia.org/wiki/OpenLisp
pl/openlisp,license,Proprietary,wikipedia,https://en.wikipedia.org/wiki/OpenLisp
pl/openlisp,implementation_languages,C,wikipedia,https://en.wikipedia.org/wiki/OpenLisp
pl/openlisp,implementation_languages,OpenLisp,wikipedia,https://en.wikipedia.org/wiki/OpenLisp
pl/openlisp,homepage,http://christian.jullien.free.fr,wikipedia,https://en.wikipedia.org/wiki/OpenLisp
pl/openmusic,license,GPLv3,wikipedia,https://en.wikipedia.org/wiki/OpenMusic
pl/openmusic,homepage,http://repmus.ircam.fr/openmusic/home,wikipedia,https://en.wikipedia.org/wiki/OpenMusic
pl/openqasm,license,Apache License 2.0,wikipedia,https://en.wikipedia.org/wiki/OpenQASM
pl/openqasm,implementation_languages,Python,wikipedia,https://en.wikipedia.org/wiki/OpenQASM
pl/openqasm,homepage,https://openqasm.com/,wikipedia,https://en.wikipedia.org/wiki/OpenQASM
pl/openrc-runscript,designed_by,Martijn Dekker,wikipedia,https://en.wikipedia.org/wiki/KornShell
pl/openrc-runscript,designed_by,Johnothan King,wikipedia,https://en.wikipedia.org/wiki/KornShell
pl/openrc-runscript,designed_by,hyenias,wikipedia,https://en.wikipedia.org/wiki/KornShell
pl/openrc-runscript,designed_by,Kurtis Rader,wikipedia,https://en.wikipedia.org/wiki/KornShell
pl/openrc-runscript,designed_by,Siteshwar Vashisht,wikipedia,https://en.wikipedia.org/wiki/KornShell
pl/openrc-runscript,designed_by,community,wikipedia,https://en.wikipedia.org/wiki/KornShell
pl/openrc-runscript,first_appeared,1983,wikipedia,https://en.wikipedia.org/wiki/KornShell
pl/openrc-runscript,license,Eclipse Public License,wikipedia,https://en.wikipedia.org/wiki/KornShell
pl/openrc-runscript,homepage,http://github.com/ksh93/ksh/wiki,wikipedia,https://en.wikipedia.org/wiki/KornShell
pl/openroad,designed_by,Actian Corporation,wikipedia,https://en.wikipedia.org/wiki/OpenROAD
pl/openroad,license,Proprietary,wikipedia,https://en.wikipedia.org/wiki/OpenROAD
pl/openroad,implementation_languages,C,wikipedia,https://en.wikipedia.org/wiki/OpenROAD
pl/openroad,implementation_languages,C++,wikipedia,https://en.wikipedia.org/wiki/OpenROAD
pl/openroad,homepage,https://www.actian.com/data-management/openroad-rad-4gl-ide/,wikipedia,https://en.wikipedia.org/wiki/OpenROAD
pl/opf,designed_by,Open eBook Forum,wikipedia,https://en.wikipedia.org/wiki/Open_eBook
pl/opf,first_appeared,1999,wikipedia,https://en.wikipedia.org/wiki/Open_eBook
pl/opf,homepage,http://www.idpf.org/,wikipedia,https://en.wikipedia.org/wiki/Open_eBook
pl/opl,paradigms,imperative,wikipedia,https://en.wikipedia.org/wiki/Open_Programming_Language
pl/opl,paradigms,structured,wikipedia,https://en.wikipedia.org/wiki/Open_Programming_Language
pl/opl,paradigms,embedded,wikipedia,https://en.wikipedia.org/wiki/Open_Programming_Language
pl/opl,typing,"static, strong",wikipedia,https://en.wikipedia.org/wiki/Open_Programming_Language
pl/opl,designed_by,Psion Ltd opl-dev project,wikipedia,https://en.wikipedia.org/wiki/Open_Programming_Language
pl/opl,designed_by,Colly Myers,wikipedia,https://en.wikipedia.org/wiki/Open_Programming_Language
pl/opl,designed_by,Richard Harrison,wikipedia,https://en.wikipedia.org/wiki/Open_Programming_Language
pl/opl,designed_by,Martin Stamp,wikipedia,https://en.wikipedia.org/wiki/Open_Programming_Language
pl/opl,first_appeared,1984,wikipedia,https://en.wikipedia.org/wiki/Open_Programming_Language
pl/opl,license,GNU Lesser Public License,wikipedia,https://en.wikipedia.org/wiki/Open_Programming_Language
pl/opl,homepage,http://opl-dev.sourceforge.net,wikipedia,https://en.wikipedia.org/wiki/Open_Programming_Language
pl/opml,designed_by,UserLand,wikipedia,https://en.wikipedia.org/wiki/OPML
pl/opml,homepage,http://dev.opml.org/,wikipedia,https://en.wikipedia.org/wiki/OPML
pl/optimj,paradigms,object-oriented,wikipedia,https://en.wikipedia.org/wiki/OptimJ
pl/optimj,designed_by,Ateji,wikipedia,https://en.wikipedia.org/wiki/OptimJ
pl/optimj,first_appeared,2006,wikipedia,https://en.wikipedia.org/wiki/OptimJ
pl/optimj,influenced_by,Java,wikipedia,https://en.wikipedia.org/wiki/OptimJ
pl/optimj,homepage,http://www.ateji.com/,wikipedia,https://en.wikipedia.org/wiki/OptimJ
pl/osis,homepage,https://crosswire.org/osis/,wikipedia,https://en.wikipedia.org/wiki/Open_Scripture_Information_Standard
pl/ox,license,proprietary (console version free for academic use),wikipedia,https://en.wikipedia.org/wiki/Ox_(programming_language)
pl/ox,homepage,http://www.doornik.com/,wikipedia,https://en.wikipedia.org/wiki/Ox_(programming_language)
pl/oxygene,paradigms,object-oriented,wikipedia,https://en.wikipedia.org/wiki/Oxygene_(programming_language)
pl/oxygene,designed_by,RemObjects Software,wikipedia,https://en.wikipedia.org/wiki/Oxygene_(programming_language)
pl/oxygene,first_appeared,2005,wikipedia,https://en.wikipedia.org/wiki/Oxygene_(programming_language)
pl/oxygene,influenced_by,Delphi 's Object Pascal,wikipedia,https://en.wikipedia.org/wiki/Oxygene_(programming_language)
pl/oxygene,influenced_by,C#,wikipedia,https://en.wikipedia.org/wiki/Oxygene_(programming_language)
pl/oxygene,license,Trialware,wikipedia,https://en.wikipedia.org/wiki/Oxygene_(programming_language)
pl/oxygene,homepage,https://elementscompiler.com/elements/oxygene/,wikipedia,https://en.wikipedia.org/wiki/Oxygene_(programming_language)
pl/oz,paradigms,multi-paradigm: logic,wikipedia,https://en.wikipedia.org/wiki/Oz_(programming_language)
pl/oz,paradigms,functional,wikipedia,https://en.wikipedia.org/wiki/Oz_(programming_language)
pl/oz,paradigms,imperative,wikipedia,https://en.wikipedia.org/wiki/Oz_(programming_language)
pl/oz,paradigms,object-oriented,wikipedia,https://en.wikipedia.org/wiki/Oz_(programming_language)
pl/oz,paradigms,constraint,wikipedia,https://en.wikipedia.org/wiki/Oz_(programming_language)
pl/oz,paradigms,distributed,wikipedia,https://en.wikipedia.org/wiki/Oz_(programming_language)
pl/oz,paradigms,concurrent,wikipedia,https://en.wikipedia.org/wiki/Oz_(programming_language)
pl/oz,typing,dynamic,wikipedia,https://en.wikipedia.org/wiki/Oz_(programming_language)
pl/oz,designed_by,Mozart Consortium,wikipedia,https://en.wikipedia.org/wiki/Oz_(programming_language)
pl/oz,designed_by,Gert Smolka,wikipedia,https://en.wikipedia.org/wiki/Oz_(programming_language)
pl/oz,designed_by,his students,wikipedia,https://en.wikipedia.org/wiki/Oz_(programming_language)
pl/oz,first_appeared,1991,wikipedia,https://en.wikipedia.org/wiki/Oz_(programming_language)
pl/oz,influenced_by,Erlang,wikipedia,https://en.wikipedia.org/wiki/Oz_(programming_language)
pl/oz,influenced_by,Lisp,wikipedia,https://en.wikipedia.org/wiki/Oz_(programming_language)
pl/oz,influenced_by,Prolog,wikipedia,https://en.wikipedia.org/wiki/Oz_(programming_language)
pl/oz,license,MIT X11,wikipedia,https://en.wikipedia.org/wiki/Oz_(programming_language)
pl/oz,homepage,http://mozart2.org,wikipedia,https://en.wikipedia.org/wiki/Oz_(programming_language)
pl/p,designed_by,Ankush Desai,wikipedia,https://en.wikipedia.org/wiki/P_(programming_language)
pl/p,designed_by,Vivek Gupta,wikipedia,https://en.wikipedia.org/wiki/P_(programming_language)
pl/p,designed_by,Ethan Jackson,wikipedia,https://en.wikipedia.org/wiki/P_(programming_language)
pl/p,designed_by,Shaz Qadeer,wikipedia,https://en.wikipedia.org/wiki/P_(programming_language)
pl/p,designed_by,Sriram Rajamani,wikipedia,https://en.wikipedia.org/wiki/P_(programming_language)
pl/p,designed_by,Microsoft,wikipedia,https://en.wikipedia.org/wiki/P_(programming_language)
pl/p,first_appeared,2012,wikipedia,https://en.wikipedia.org/wiki/P_(programming_language)
pl/p,license,MIT License,wikipedia,https://en.wikipedia.org/wiki/P_(programming_language)
pl/p,homepage,https://p-org.github.io/P/,wikipedia,https://en.wikipedia.org/wiki/P_(programming_language)
pl/p4,paradigms,compiled,wikipedia,https://en.wikipedia.org/wiki/P4_(programming_language)
pl/p4,paradigms,domain-specific,wikipedia,https://en.wikipedia.org/wiki/P4_(programming_language)
pl/p4,paradigms,imperative,wikipedia,https://en.wikipedia.org/wiki/P4_(programming_language)
pl/p4,designed_by,Open Networking Foundation,wikipedia,https://en.wikipedia.org/wiki/P4_(programming_language)
pl/p4,first_appeared,2013,wikipedia,https://en.wikipedia.org/wiki/P4_(programming_language)
pl/p4,license,Apache -style,wikipedia,https://en.wikipedia.org/wiki/P4_(programming_language)
pl/p4,homepage,https://p4.org,wikipedia,https://en.wikipedia.org/wiki/P4_(programming_language)
pl/pan,paradigms,declarative language,wikipedia,https://en.wikipedia.org/wiki/Pan_(programming_language)
pl/pan,typing,"strong, dynamic",wikipedia,https://en.wikipedia.org/wiki/Pan_(programming_language)
pl/pan,license,Apache License 2.0,wikipedia,https://en.wikipedia.org/wiki/Pan_(programming_language)
pl/pan,homepage,http://www.quattor.org/,wikipedia,https://en.wikipedia.org/wiki/Pan_(programming_language)
pl/parasail,paradigms,compiled,wikipedia,https://en.wikipedia.org/wiki/ParaSail_(programming_language)
pl/parasail,paradigms,concurrent,wikipedia,https://en.wikipedia.org/wiki/ParaSail_(programming_language)
pl/parasail,paradigms,imperative,wikipedia,https://en.wikipedia.org/wiki/ParaSail_(programming_language)
pl/parasail,paradigms,structured,wikipedia,https://en.wikipedia.org/wiki/ParaSail_(programming_language)
pl/parasail,paradigms,object-oriented,wikipedia,https://en.wikipedia.org/wiki/ParaSail_(programming_language)
pl/parasail,typing,"strong, static",wikipedia,https://en.wikipedia.org/wiki/ParaSail_(programming_language)
pl/parasail,designed_by,AdaCore,wikipedia,https://en.wikipedia.org/wiki/ParaSail_(programming_language)
pl/parasail,designed_by,S. Tucker Taft,wikipedia,https://en.wikipedia.org/wiki/ParaSail_(programming_language)
pl/parasail,first_appeared,2009,wikipedia,https://en.wikipedia.org/wiki/ParaSail_(programming_language)
pl/parasail,influenced_by,Modula,wikipedia,https://en.wikipedia.org/wiki/ParaSail_(programming_language)
pl/parasail,influenced_by,Ada,wikipedia,https://en.wikipedia.org/wiki/ParaSail_(programming_language)
pl/parasail,influenced_by,Pascal,wikipedia,https://en.wikipedia.org/wiki/ParaSail_(programming_language)
pl/parasail,influenced_by,ML,wikipedia,https://en.wikipedia.org/wiki/ParaSail_(programming_language)
pl/parasail,license,GPL v3,wikipedia,https://en.wikipedia.org/wiki/ParaSail_(programming_language)
pl/parasail,homepage,http://parasail-lang.org,wikipedia,https://en.wikipedia.org/wiki/ParaSail_(programming_language)
pl/parquet,first_appeared,2013,wikipedia,https://en.wikipedia.org/wiki/Apache_Parquet
pl/parquet,license,Apache License 2.0,wikipedia,https://en.wikipedia.org/wiki/Apache_Parquet
pl/parquet,homepage,https://parquet.apache.org,wikipedia,https://en.wikipedia.org/wiki/Apache_Parquet
pl/parser,paradigms,multiparadigm - macro,wikipedia,https://en.wikipedia.org/wiki/Parser_(programming_language)
pl/parser,paradigms,object-oriented,wikipedia,https://en.wikipedia.org/wiki/Parser_(programming_language)
pl/parser,typing,dynamic,wikipedia,https://en.wikipedia.org/wiki/Parser_(programming_language)
pl/parser,designed_by,Alexander Petrosyan (Art. Lebedev Studio),wikipedia,https://en.wikipedia.org/wiki/Parser_(programming_language)
pl/parser,designed_by,Konstantin Morshnev (Art. Lebedev Studio),wikipedia,https://en.wikipedia.org/wiki/Parser_(programming_language)
pl/parser,first_appeared,1997,wikipedia,https://en.wikipedia.org/wiki/Parser_(programming_language)
pl/parser,influenced_by,Perl,wikipedia,https://en.wikipedia.org/wiki/Parser_(programming_language)
pl/parser,license,GPL,wikipedia,https://en.wikipedia.org/wiki/Parser_(programming_language)
pl/parser,homepage,https://www.parser.ru/en/,wikipedia,https://en.wikipedia.org/wiki/Parser_(programming_language)
pl/pascal,paradigms,imperative,wikipedia,https://en.wikipedia.org/wiki/Pascal_(programming_language)
pl/pascal,paradigms,structured,wikipedia,https://en.wikipedia.org/wiki/Pascal_(programming_language)
pl/pascal,typing,static,wikipedia,https://en.wikipedia.org/wiki/Pascal_(programming_language)
pl/pascal,designed_by,Niklaus Wirth,wikipedia,https://en.wikipedia.org/wiki/Pascal_(programming_language)
pl/pascal,first_appeared,1970,wikipedia,https://en.wikipedia.org/wiki/Pascal_(programming_language)
pl/pascal,influenced_by,ALGOL W,wikipedia,https://en.wikipedia.org/wiki/Pascal_(programming_language)
pl/pascal,influenced_by,Simula 67,wikipedia,https://en.wikipedia.org/wiki/Pascal_(programming_language)
pl/pascal-abc-net,paradigms,multi-paradigm: procedural,wikipedia,https://en.wikipedia.org/wiki/PascalABC.NET
pl/pascal-abc-net,paradigms,functional,wikipedia,https://en.wikipedia.org/wiki/PascalABC.NET
pl/pascal-abc-net,paradigms,object-oriented,wikipedia,https://en.wikipedia.org/wiki/PascalABC.NET
pl/pascal-abc-net,paradigms,generic,wikipedia,https://en.wikipedia.org/wiki/PascalABC.NET
pl/pascal-abc-net,typing,"static, partially inferred",wikipedia,https://en.wikipedia.org/wiki/PascalABC.NET
pl/pascal-abc-net,designed_by,PascalABC.NET Compiler Team,wikipedia,https://en.wikipedia.org/wiki/PascalABC.NET
pl/pascal-abc-net,first_appeared,2007,wikipedia,https://en.wikipedia.org/wiki/PascalABC.NET
pl/pascal-abc-net,influenced_by,Delphi,wikipedia,https://en.wikipedia.org/wiki/PascalABC.NET
pl/pascal-abc-net,influenced_by,Pascal,wikipedia,https://en.wikipedia.org/wiki/PascalABC.NET
pl/pascal-abc-net,influenced_by,Oxygene,wikipedia,https://en.wikipedia.org/wiki/PascalABC.NET
pl/pascal-abc-net,influenced_by,C#,wikipedia,https://en.wikipedia.org/wiki/PascalABC.NET
pl/pascal-abc-net,influenced_by,Python,wikipedia,https://en.wikipedia.org/wiki/PascalABC.NET
pl/pascal-abc-net,influenced_by,Kotlin,wikipedia,https://en.wikipedia.org/wiki/PascalABC.NET
pl/pascal-abc-net,influenced_by,Haskell,wikipedia,https://en.wikipedia.org/wiki/PascalABC.NET
pl/pascal-abc-net,license,LGPLv3,wikipedia,https://en.wikipedia.org/wiki/PascalABC.NET
pl/pascal-abc-net,implementation_languages,PascalABC.NET,wikipedia,https://en.wikipedia.org/wiki/PascalABC.NET
pl/pascal-abc-net,homepage,http://pascalabc.net/en,wikipedia,https://en.wikipedia.org/wiki/PascalABC.NET
pl/pascal-xsc,paradigms,imperative,wikipedia,https://en.wikipedia.org/wiki/Pascal_(programming_language)
pl/pascal-xsc,paradigms,structured,wikipedia,https://en.wikipedia.org/wiki/Pascal_(programming_language)
pl/pascal-xsc,typing,static,wikipedia,https://en.wikipedia.org/wiki/Pascal_(programming_language)
pl/pascal-xsc,designed_by,Niklaus Wirth,wikipedia,https://en.wikipedia.org/wiki/Pascal_(programming_language)
pl/pascal-xsc,first_appeared,1970,wikipedia,https://en.wikipedia.org/wiki/Pascal_(programming_language)
pl/pascal-xsc,influenced_by,ALGOL W,wikipedia,https://en.wikipedia.org/wiki/Pascal_(programming_language)
pl/pascal-xsc,influenced_by,Simula 67,wikipedia,https://en.wikipedia.org/wiki/Pascal_(programming_language)
pl/pdf,designed_by,Adobe Inc. (1991–2008) ISO (2008–),wikipedia,https://en.wikipedia.org/wiki/PDF
pl/pdf,first_appeared,1993,wikipedia,https://en.wikipedia.org/wiki/PDF
pl/pdf,homepage,https://iso.org/standard/75839.html,wikipedia,https://en.wikipedia.org/wiki/PDF
pl/pdl,paradigms,array,wikipedia,https://en.wikipedia.org/wiki/Perl_Data_Language
pl/pdl,designed_by,Karl Glazebrook,wikipedia,https://en.wikipedia.org/wiki/Perl_Data_Language
pl/pdl,designed_by,Jarle Brinchmann,wikipedia,https://en.wikipedia.org/wiki/Perl_Data_Language
pl/pdl,designed_by,Tuomas Lukka,wikipedia,https://en.wikipedia.org/wiki/Perl_Data_Language
pl/pdl,designed_by,and Christian Soeller,wikipedia,https://en.wikipedia.org/wiki/Perl_Data_Language
pl/pdl,first_appeared,1996,wikipedia,https://en.wikipedia.org/wiki/Perl_Data_Language
pl/pdl,influenced_by,APL,wikipedia,https://en.wikipedia.org/wiki/Perl_Data_Language
pl/pdl,influenced_by,IDL,wikipedia,https://en.wikipedia.org/wiki/Perl_Data_Language
pl/pdl,influenced_by,Perl,wikipedia,https://en.wikipedia.org/wiki/Perl_Data_Language
pl/pdl,license,"GNU General Public License, Artistic License",wikipedia,https://en.wikipedia.org/wiki/Perl_Data_Language
pl/pdl,homepage,https://pdl.perl.org/,wikipedia,https://en.wikipedia.org/wiki/Perl_Data_Language
pl/pe,designed_by,Currently: Microsoft,wikipedia,https://en.wikipedia.org/wiki/Portable_Executable
pl/pearl,paradigms,multi-paradigm,wikipedia,https://en.wikipedia.org/wiki/Perl
pl/pearl,typing,dynamic,wikipedia,https://en.wikipedia.org/wiki/Perl
pl/pearl,designed_by,Larry Wall,wikipedia,https://en.wikipedia.org/wiki/Perl
pl/pearl,first_appeared,1987,wikipedia,https://en.wikipedia.org/wiki/Perl
pl/pearl,influenced_by,AWK,wikipedia,https://en.wikipedia.org/wiki/Perl
pl/pearl,influenced_by,BASIC,wikipedia,https://en.wikipedia.org/wiki/Perl
pl/pearl,influenced_by,C,wikipedia,https://en.wikipedia.org/wiki/Perl
pl/pearl,influenced_by,C++,wikipedia,https://en.wikipedia.org/wiki/Perl
pl/pearl,influenced_by,Lisp,wikipedia,https://en.wikipedia.org/wiki/Perl
pl/pearl,influenced_by,sed,wikipedia,https://en.wikipedia.org/wiki/Perl
pl/pearl,influenced_by,Unix shell,wikipedia,https://en.wikipedia.org/wiki/Perl
pl/pearl,license,Artistic 1.0 or GNU General Public License version 1 or any later version,wikipedia,https://en.wikipedia.org/wiki/Perl
pl/pearl,implementation_languages,C,wikipedia,https://en.wikipedia.org/wiki/Perl
pl/pearl,homepage,https://www.perl.org/,wikipedia,https://en.wikipedia.org/wiki/Perl
pl/peoplecode,paradigms,multi-paradigm: object-oriented,wikipedia,https://en.wikipedia.org/wiki/PeopleCode
pl/peoplecode,paradigms,imperative,wikipedia,https://en.wikipedia.org/wiki/PeopleCode
pl/peoplecode,designed_by,Oracle Corporation,wikipedia,https://en.wikipedia.org/wiki/PeopleCode
pl/perl,paradigms,multi-paradigm,wikipedia,https://en.wikipedia.org/wiki/Perl
pl/perl,typing,dynamic,wikipedia,https://en.wikipedia.org/wiki/Perl
pl/perl,designed_by,Larry Wall,wikipedia,https://en.wikipedia.org/wiki/Perl
pl/perl,first_appeared,1987,wikipedia,https://en.wikipedia.org/wiki/Perl
pl/perl,influenced_by,AWK,wikipedia,https://en.wikipedia.org/wiki/Perl
pl/perl,influenced_by,BASIC,wikipedia,https://en.wikipedia.org/wiki/Perl
pl/perl,influenced_by,C,wikipedia,https://en.wikipedia.org/wiki/Perl
pl/perl,influenced_by,C++,wikipedia,https://en.wikipedia.org/wiki/Perl
pl/perl,influenced_by,Lisp,wikipedia,https://en.wikipedia.org/wiki/Perl
pl/perl,influenced_by,sed,wikipedia,https://en.wikipedia.org/wiki/Perl
pl/perl,influenced_by,Unix shell,wikipedia,https://en.wikipedia.org/wiki/Perl
pl/perl,license,Artistic 1.0 or GNU General Public License version 1 or any later version,wikipedia,https://en.wikipedia.org/wiki/Perl
pl/perl,implementation_languages,C,wikipedia,https://en.wikipedia.org/wiki/Perl
pl/perl,homepage,https://www.perl.org/,wikipedia,https://en.wikipedia.org/wiki/Perl
pl/pharo,paradigms,object-oriented,wikipedia,https://en.wikipedia.org/wiki/Pharo
pl/pharo,typing,dynamic,wikipedia,https://en.wikipedia.org/wiki/Pharo
pl/pharo,designed_by,Pharo community,wikipedia,https://en.wikipedia.org/wiki/Pharo
pl/pharo,first_appeared,2008,wikipedia,https://en.wikipedia.org/wiki/Pharo
pl/pharo,influenced_by,Smalltalk (Squeak),wikipedia,https://en.wikipedia.org/wiki/Pharo
pl/pharo,license,"MIT, partly Apache 2.0",wikipedia,https://en.wikipedia.org/wiki/Pharo
pl/pharo,implementation_languages,Smalltalk,wikipedia,https://en.wikipedia.org/wiki/Pharo
pl/pharo,homepage,https://pharo.org/,wikipedia,https://en.wikipedia.org/wiki/Pharo
pl/php,paradigms,multi-paradigm: imperative,wikipedia,https://en.wikipedia.org/wiki/PHP
pl/php,paradigms,functional,wikipedia,https://en.wikipedia.org/wiki/PHP
pl/php,paradigms,object-oriented,wikipedia,https://en.wikipedia.org/wiki/PHP
pl/php,paradigms,procedural,wikipedia,https://en.wikipedia.org/wiki/PHP
pl/php,paradigms,reflective,wikipedia,https://en.wikipedia.org/wiki/PHP
pl/php,typing,"dynamic, weak, gradual",wikipedia,https://en.wikipedia.org/wiki/PHP
pl/php,designed_by,The PHP Development Team,wikipedia,https://en.wikipedia.org/wiki/PHP
pl/php,designed_by,Zend Technologies,wikipedia,https://en.wikipedia.org/wiki/PHP
pl/php,designed_by,PHP Foundation,wikipedia,https://en.wikipedia.org/wiki/PHP
pl/php,designed_by,Rasmus Lerdorf,wikipedia,https://en.wikipedia.org/wiki/PHP
pl/php,first_appeared,1995,wikipedia,https://en.wikipedia.org/wiki/PHP
pl/php,influenced_by,Perl,wikipedia,https://en.wikipedia.org/wiki/PHP
pl/php,influenced_by,C,wikipedia,https://en.wikipedia.org/wiki/PHP
pl/php,influenced_by,C++,wikipedia,https://en.wikipedia.org/wiki/PHP
pl/php,influenced_by,Java,wikipedia,https://en.wikipedia.org/wiki/PHP
pl/php,influenced_by,Tcl,wikipedia,https://en.wikipedia.org/wiki/PHP
pl/php,influenced_by,JavaScript,wikipedia,https://en.wikipedia.org/wiki/PHP
pl/php,license,Modified BSD License,wikipedia,https://en.wikipedia.org/wiki/PHP
pl/php,implementation_languages,C (primarily,wikipedia,https://en.wikipedia.org/wiki/PHP
pl/php,implementation_languages,some components in C++),wikipedia,https://en.wikipedia.org/wiki/PHP
pl/php,homepage,https://thephp.foundation,wikipedia,https://en.wikipedia.org/wiki/PHP
pl/pic,designed_by,Various,wikipedia,https://en.wikipedia.org/wiki/PIC_(markup_language)
pl/pic,first_appeared,1988,wikipedia,https://en.wikipedia.org/wiki/PIC_(markup_language)
pl/pic-markup-language,designed_by,Various,wikipedia,https://en.wikipedia.org/wiki/PIC_(markup_language)
pl/pic-markup-language,first_appeared,1988,wikipedia,https://en.wikipedia.org/wiki/PIC_(markup_language)
pl/picolisp,paradigms,functional,wikipedia,https://en.wikipedia.org/wiki/PicoLisp
pl/picolisp,paradigms,procedural,wikipedia,https://en.wikipedia.org/wiki/PicoLisp
pl/picolisp,paradigms,object-oriented,wikipedia,https://en.wikipedia.org/wiki/PicoLisp
pl/picolisp,paradigms,declarative,wikipedia,https://en.wikipedia.org/wiki/PicoLisp
pl/picolisp,paradigms,reflective,wikipedia,https://en.wikipedia.org/wiki/PicoLisp
pl/picolisp,paradigms,meta,wikipedia,https://en.wikipedia.org/wiki/PicoLisp
pl/picolisp,typing,"duck, dynamic, strong",wikipedia,https://en.wikipedia.org/wiki/PicoLisp
pl/picolisp,designed_by,Alexander Burger,wikipedia,https://en.wikipedia.org/wiki/PicoLisp
pl/picolisp,first_appeared,1988,wikipedia,https://en.wikipedia.org/wiki/PicoLisp
pl/picolisp,license,MIT,wikipedia,https://en.wikipedia.org/wiki/PicoLisp
pl/picolisp,implementation_languages,LLVM,wikipedia,https://en.wikipedia.org/wiki/PicoLisp
pl/picolisp,implementation_languages,PicoLisp,wikipedia,https://en.wikipedia.org/wiki/PicoLisp
pl/picolisp,homepage,http://picolisp.com,wikipedia,https://en.wikipedia.org/wiki/PicoLisp
pl/pict,paradigms,concurrent,wikipedia,https://en.wikipedia.org/wiki/Pict_(programming_language)
pl/pict,typing,static,wikipedia,https://en.wikipedia.org/wiki/Pict_(programming_language)
pl/pict,designed_by,Benjamin C. Pierce,wikipedia,https://en.wikipedia.org/wiki/Pict_(programming_language)
pl/pict,designed_by,David N. Turner,wikipedia,https://en.wikipedia.org/wiki/Pict_(programming_language)
pl/pict,influenced_by,ML,wikipedia,https://en.wikipedia.org/wiki/Pict_(programming_language)
pl/pict,license,GNU General Public License,wikipedia,https://en.wikipedia.org/wiki/Pict_(programming_language)
pl/pict,homepage,https://www.cis.upenn.edu/~bcpierce/papers/pict/Html/Pict.html,wikipedia,https://en.wikipedia.org/wiki/Pict_(programming_language)
pl/pike,paradigms,multi-paradigm: object-oriented,wikipedia,https://en.wikipedia.org/wiki/Pike_(programming_language)
pl/pike,paradigms,functional,wikipedia,https://en.wikipedia.org/wiki/Pike_(programming_language)
pl/pike,paradigms,procedural,wikipedia,https://en.wikipedia.org/wiki/Pike_(programming_language)
pl/pike,typing,"static, dynamic, manifest",wikipedia,https://en.wikipedia.org/wiki/Pike_(programming_language)
pl/pike,designed_by,Pike development team supported by the Software,wikipedia,https://en.wikipedia.org/wiki/Pike_(programming_language)
pl/pike,designed_by,Systems division of the Department of Computer,wikipedia,https://en.wikipedia.org/wiki/Pike_(programming_language)
pl/pike,designed_by,Information Science (IDA) at Linköping University,wikipedia,https://en.wikipedia.org/wiki/Pike_(programming_language)
pl/pike,designed_by,Fredrik Hübinette,wikipedia,https://en.wikipedia.org/wiki/Pike_(programming_language)
pl/pike,first_appeared,1994,wikipedia,https://en.wikipedia.org/wiki/Pike_(programming_language)
pl/pike,influenced_by,LPC,wikipedia,https://en.wikipedia.org/wiki/Pike_(programming_language)
pl/pike,influenced_by,C,wikipedia,https://en.wikipedia.org/wiki/Pike_(programming_language)
pl/pike,influenced_by,C++,wikipedia,https://en.wikipedia.org/wiki/Pike_(programming_language)
pl/pike,license,GPL / LGPL / MPL,wikipedia,https://en.wikipedia.org/wiki/Pike_(programming_language)
pl/pike,homepage,https://pike.lysator.liu.se/,wikipedia,https://en.wikipedia.org/wiki/Pike_(programming_language)
pl/pizza,paradigms,generics,wikipedia,https://en.wikipedia.org/wiki/Pizza_(programming_language)
pl/pizza,paradigms,algebraic types,wikipedia,https://en.wikipedia.org/wiki/Pizza_(programming_language)
pl/pizza,influenced_by,Java,wikipedia,https://en.wikipedia.org/wiki/Pizza_(programming_language)
pl/pizza,homepage,http://pizzacompiler.sourceforge.net,wikipedia,https://en.wikipedia.org/wiki/Pizza_(programming_language)
pl/pl360,paradigms,procedural,wikipedia,https://en.wikipedia.org/wiki/PL360
pl/pl360,paradigms,imperative,wikipedia,https://en.wikipedia.org/wiki/PL360
pl/pl360,paradigms,structured,wikipedia,https://en.wikipedia.org/wiki/PL360
pl/pl360,typing,"static, strong",wikipedia,https://en.wikipedia.org/wiki/PL360
pl/pl360,designed_by,Stanford University,wikipedia,https://en.wikipedia.org/wiki/PL360
pl/pl360,designed_by,Niklaus Wirth,wikipedia,https://en.wikipedia.org/wiki/PL360
pl/pl360,designed_by,Joseph W. Wells Jr,wikipedia,https://en.wikipedia.org/wiki/PL360
pl/pl360,designed_by,Edwin Satterthwaite Jr,wikipedia,https://en.wikipedia.org/wiki/PL360
pl/pl360,first_appeared,1966,wikipedia,https://en.wikipedia.org/wiki/PL360
pl/pl360,influenced_by,ALGOL,wikipedia,https://en.wikipedia.org/wiki/PL360
pl/pl360,influenced_by,Executive Systems Problem Oriented Language (ESPOL),wikipedia,https://en.wikipedia.org/wiki/PL360
pl/pl360,implementation_languages,ALGOL,wikipedia,https://en.wikipedia.org/wiki/PL360
pl/pl360,implementation_languages,then PL360,wikipedia,https://en.wikipedia.org/wiki/PL360
pl/planner,paradigms,multi-paradigm: logic,wikipedia,https://en.wikipedia.org/wiki/Planner_(programming_language)
pl/planner,paradigms,procedural,wikipedia,https://en.wikipedia.org/wiki/Planner_(programming_language)
pl/planner,designed_by,Carl Hewitt,wikipedia,https://en.wikipedia.org/wiki/Planner_(programming_language)
pl/planner,first_appeared,1969,wikipedia,https://en.wikipedia.org/wiki/Planner_(programming_language)
pl/plex,paradigms,procedural,wikipedia,https://en.wikipedia.org/wiki/PLEX_(programming_language)
pl/plex,paradigms,imperative,wikipedia,https://en.wikipedia.org/wiki/PLEX_(programming_language)
pl/plex,paradigms,concurrent,wikipedia,https://en.wikipedia.org/wiki/PLEX_(programming_language)
pl/plex,designed_by,Göran Hemdahl,wikipedia,https://en.wikipedia.org/wiki/PLEX_(programming_language)
pl/plex,first_appeared,1970s,wikipedia,https://en.wikipedia.org/wiki/PLEX_(programming_language)
pl/plex,license,Proprietary,wikipedia,https://en.wikipedia.org/wiki/PLEX_(programming_language)
pl/plexil,paradigms,multi-paradigm,wikipedia,https://en.wikipedia.org/wiki/PLEXIL
pl/plexil,typing,"static, unsafe, nominative",wikipedia,https://en.wikipedia.org/wiki/PLEXIL
pl/plexil,designed_by,NASA,wikipedia,https://en.wikipedia.org/wiki/PLEXIL
pl/plexil,first_appeared,2005,wikipedia,https://en.wikipedia.org/wiki/PLEXIL
pl/plexil,license,Open source,wikipedia,https://en.wikipedia.org/wiki/PLEXIL
pl/plexil,homepage,https://github.com/plexil-group/plexil,wikipedia,https://en.wikipedia.org/wiki/PLEXIL
pl/plpgsql,designed_by,PostgreSQL Global Development Group,wikipedia,https://en.wikipedia.org/wiki/PL/pgSQL
pl/plpgsql,designed_by,Jan Wieck,wikipedia,https://en.wikipedia.org/wiki/PL/pgSQL
pl/plpgsql,first_appeared,1998,wikipedia,https://en.wikipedia.org/wiki/PL/pgSQL
pl/plpgsql,influenced_by,PL/SQL,wikipedia,https://en.wikipedia.org/wiki/PL/pgSQL
pl/plpgsql,influenced_by,Ada,wikipedia,https://en.wikipedia.org/wiki/PL/pgSQL
pl/plpgsql,homepage,https://www.postgresql.org/docs/current/static/plpgsql.html,wikipedia,https://en.wikipedia.org/wiki/PL/pgSQL
pl/plus,paradigms,imperative,wikipedia,https://en.wikipedia.org/wiki/Plus_(programming_language)
pl/plus,paradigms,structured,wikipedia,https://en.wikipedia.org/wiki/Plus_(programming_language)
pl/plus,typing,"static, strong, safe",wikipedia,https://en.wikipedia.org/wiki/Plus_(programming_language)
pl/plus,designed_by,Alan Ballard,wikipedia,https://en.wikipedia.org/wiki/Plus_(programming_language)
pl/plus,designed_by,Paul Whaley at UBC,wikipedia,https://en.wikipedia.org/wiki/Plus_(programming_language)
pl/plus,first_appeared,1976,wikipedia,https://en.wikipedia.org/wiki/Plus_(programming_language)
pl/plus,influenced_by,SUE,wikipedia,https://en.wikipedia.org/wiki/Plus_(programming_language)
pl/plus,influenced_by,Pascal,wikipedia,https://en.wikipedia.org/wiki/Plus_(programming_language)
pl/ply,designed_by,Greg Turk,wikipedia,https://en.wikipedia.org/wiki/PLY_(file_format)
pl/ply,designed_by,Stanford University,wikipedia,https://en.wikipedia.org/wiki/PLY_(file_format)
pl/ply,first_appeared,1994,wikipedia,https://en.wikipedia.org/wiki/PLY_(file_format)
pl/png,designed_by,PNG Development Group (donated to W3C),wikipedia,https://en.wikipedia.org/wiki/PNG
pl/png,first_appeared,1996,wikipedia,https://en.wikipedia.org/wiki/PNG
pl/pnuts,paradigms,object-oriented,wikipedia,https://en.wikipedia.org/wiki/Pnuts
pl/pnuts,paradigms,scripting,wikipedia,https://en.wikipedia.org/wiki/Pnuts
pl/pnuts,typing,"static, dynamic, duck",wikipedia,https://en.wikipedia.org/wiki/Pnuts
pl/pnuts,designed_by,Toyokazu Tomatsu (Sun Japan),wikipedia,https://en.wikipedia.org/wiki/Pnuts
pl/pnuts,first_appeared,1997,wikipedia,https://en.wikipedia.org/wiki/Pnuts
pl/pnuts,influenced_by,Java,wikipedia,https://en.wikipedia.org/wiki/Pnuts
pl/pnuts,license,Sun Public License,wikipedia,https://en.wikipedia.org/wiki/Pnuts
pl/pnuts,homepage,https://web.archive.org/web/20170410015234/http://java.net/projects/pnuts/,wikipedia,https://en.wikipedia.org/wiki/Pnuts
pl/pony,paradigms,actor model,wikipedia,https://en.wikipedia.org/wiki/Pony_(programming_language)
pl/pony,paradigms,object-oriented,wikipedia,https://en.wikipedia.org/wiki/Pony_(programming_language)
pl/pony,paradigms,imperative,wikipedia,https://en.wikipedia.org/wiki/Pony_(programming_language)
pl/pony,typing,"strong, static, inferred, nominal, structural",wikipedia,https://en.wikipedia.org/wiki/Pony_(programming_language)
pl/pony,designed_by,Sylvan Clebsch,wikipedia,https://en.wikipedia.org/wiki/Pony_(programming_language)
pl/pony,first_appeared,2015,wikipedia,https://en.wikipedia.org/wiki/Pony_(programming_language)
pl/pony,influenced_by,E,wikipedia,https://en.wikipedia.org/wiki/Pony_(programming_language)
pl/pony,license,BSD 2-clause,wikipedia,https://en.wikipedia.org/wiki/Pony_(programming_language)
pl/pony,implementation_languages,C,wikipedia,https://en.wikipedia.org/wiki/Pony_(programming_language)
pl/pony,homepage,http://www.ponylang.org,wikipedia,https://en.wikipedia.org/wiki/Pony_(programming_language)
pl/pony-programming-language,paradigms,actor model,wikipedia,https://en.wikipedia.org/wiki/Pony_(programming_language)
pl/pony-programming-language,paradigms,object-oriented,wikipedia,https://en.wikipedia.org/wiki/Pony_(programming_language)
pl/pony-programming-language,paradigms,imperative,wikipedia,https://en.wikipedia.org/wiki/Pony_(programming_language)
pl/pony-programming-language,typing,"strong, static, inferred, nominal, structural",wikipedia,https://en.wikipedia.org/wiki/Pony_(programming_language)
pl/pony-programming-language,designed_by,Sylvan Clebsch,wikipedia,https://en.wikipedia.org/wiki/Pony_(programming_language)
pl/pony-programming-language,first_appeared,2015,wikipedia,https://en.wikipedia.org/wiki/Pony_(programming_language)
pl/pony-programming-language,influenced_by,E,wikipedia,https://en.wikipedia.org/wiki/Pony_(programming_language)
pl/pony-programming-language,license,BSD 2-clause,wikipedia,https://en.wikipedia.org/wiki/Pony_(programming_language)
pl/pony-programming-language,implementation_languages,C,wikipedia,https://en.wikipedia.org/wiki/Pony_(programming_language)
pl/pony-programming-language,homepage,http://www.ponylang.org,wikipedia,https://en.wikipedia.org/wiki/Pony_(programming_language)
pl/pop-11,paradigms,multi-paradigm: structured,wikipedia,https://en.wikipedia.org/wiki/POP-11
pl/pop-11,paradigms,reflective,wikipedia,https://en.wikipedia.org/wiki/POP-11
pl/pop-11,paradigms,procedural,wikipedia,https://en.wikipedia.org/wiki/POP-11
pl/pop-11,paradigms,functional,wikipedia,https://en.wikipedia.org/wiki/POP-11
pl/pop-11,paradigms,declarative,wikipedia,https://en.wikipedia.org/wiki/POP-11
pl/pop-11,typing,dynamic,wikipedia,https://en.wikipedia.org/wiki/POP-11
pl/pop-11,designed_by,University of Sussex Systems Designers Ltd. Integral Solutions Ltd. University of Birmingham,wikipedia,https://en.wikipedia.org/wiki/POP-11
pl/pop-11,designed_by,Robin Popplestone,wikipedia,https://en.wikipedia.org/wiki/POP-11
pl/pop-11,designed_by,Steve Hardy,wikipedia,https://en.wikipedia.org/wiki/POP-11
pl/pop-11,designed_by,Chris Mellish,wikipedia,https://en.wikipedia.org/wiki/POP-11
pl/pop-11,designed_by,Aaron Sloman,wikipedia,https://en.wikipedia.org/wiki/POP-11
pl/pop-11,designed_by,John Williams,wikipedia,https://en.wikipedia.org/wiki/POP-11
pl/pop-11,designed_by,Robert Duncan,wikipedia,https://en.wikipedia.org/wiki/POP-11
pl/pop-11,designed_by,Simon Nichols,wikipedia,https://en.wikipedia.org/wiki/POP-11
pl/pop-11,designed_by,John Gibson,wikipedia,https://en.wikipedia.org/wiki/POP-11
pl/pop-11,first_appeared,1975,wikipedia,https://en.wikipedia.org/wiki/POP-11
pl/pop-11,influenced_by,POP-2,wikipedia,https://en.wikipedia.org/wiki/POP-11
pl/pop-11,license,Proprietary (1975–1999) Open-source (1999–present): MIT – XFree86,wikipedia,https://en.wikipedia.org/wiki/POP-11
pl/pop-11,implementation_languages,POP-11,wikipedia,https://en.wikipedia.org/wiki/POP-11
pl/pop-11,homepage,http://www.cs.bham.ac.uk/research/projects/poplog/poplog.info.html,wikipedia,https://en.wikipedia.org/wiki/POP-11
pl/pop-2,paradigms,multi-paradigm: structured,wikipedia,https://en.wikipedia.org/wiki/POP-2
pl/pop-2,paradigms,reflective,wikipedia,https://en.wikipedia.org/wiki/POP-2
pl/pop-2,paradigms,procedural,wikipedia,https://en.wikipedia.org/wiki/POP-2
pl/pop-2,typing,dynamic,wikipedia,https://en.wikipedia.org/wiki/POP-2
pl/pop-2,designed_by,University of Edinburgh University of Sussex,wikipedia,https://en.wikipedia.org/wiki/POP-2
pl/pop-2,designed_by,Robin Popplestone,wikipedia,https://en.wikipedia.org/wiki/POP-2
pl/pop-2,designed_by,Rod Burstall,wikipedia,https://en.wikipedia.org/wiki/POP-2
pl/pop-2,designed_by,Steve Hardy,wikipedia,https://en.wikipedia.org/wiki/POP-2
pl/pop-2,designed_by,Robert Rae,wikipedia,https://en.wikipedia.org/wiki/POP-2
pl/pop-2,designed_by,Allan Ramsay,wikipedia,https://en.wikipedia.org/wiki/POP-2
pl/pop-2,first_appeared,1970,wikipedia,https://en.wikipedia.org/wiki/POP-2
pl/pop-2,influenced_by,Lisp,wikipedia,https://en.wikipedia.org/wiki/POP-2
pl/pop-2,influenced_by,ALGOL 60,wikipedia,https://en.wikipedia.org/wiki/POP-2
pl/pop-2,influenced_by,COWSEL (renamed POP-1),wikipedia,https://en.wikipedia.org/wiki/POP-2
pl/pop-2,license,Proprietary,wikipedia,https://en.wikipedia.org/wiki/POP-2
pl/pop-2,implementation_languages,assembly,wikipedia,https://en.wikipedia.org/wiki/POP-2
pl/poplog,designed_by,University of Sussex Systems Designers Ltd. Integral Solutions Ltd. University of Birmingham,wikipedia,https://en.wikipedia.org/wiki/Poplog
pl/poplog,first_appeared,1982,wikipedia,https://en.wikipedia.org/wiki/Poplog
pl/poplog,license,Proprietary (1982–1999) Open-source (1999–present): MIT – XFree86,wikipedia,https://en.wikipedia.org/wiki/Poplog
pl/poplog,homepage,http://www.cs.bham.ac.uk/research/projects/poplog/poplog.info.html,wikipedia,https://en.wikipedia.org/wiki/Poplog
pl/postscript,paradigms,multi-paradigm: concatenative (stack-based),wikipedia,https://en.wikipedia.org/wiki/PostScript
pl/postscript,paradigms,procedural,wikipedia,https://en.wikipedia.org/wiki/PostScript
pl/postscript,typing,"dynamic, weak",wikipedia,https://en.wikipedia.org/wiki/PostScript
pl/postscript,designed_by,Adobe Systems,wikipedia,https://en.wikipedia.org/wiki/PostScript
pl/postscript,designed_by,John Warnock,wikipedia,https://en.wikipedia.org/wiki/PostScript
pl/postscript,designed_by,Chuck Geschke,wikipedia,https://en.wikipedia.org/wiki/PostScript
pl/postscript,designed_by,Doug Brotz,wikipedia,https://en.wikipedia.org/wiki/PostScript
pl/postscript,designed_by,Ed Taft,wikipedia,https://en.wikipedia.org/wiki/PostScript
pl/postscript,designed_by,Bill Paxton,wikipedia,https://en.wikipedia.org/wiki/PostScript
pl/postscript,first_appeared,1982,wikipedia,https://en.wikipedia.org/wiki/PostScript
pl/postscript,influenced_by,Mesa,wikipedia,https://en.wikipedia.org/wiki/PostScript
pl/postscript,influenced_by,Interpress,wikipedia,https://en.wikipedia.org/wiki/PostScript
pl/postscript,influenced_by,Lisp,wikipedia,https://en.wikipedia.org/wiki/PostScript
pl/postscript,influenced_by,FORTH,wikipedia,https://en.wikipedia.org/wiki/PostScript
pl/powershell,paradigms,imperative,wikipedia,https://en.wikipedia.org/wiki/PowerShell
pl/powershell,paradigms,pipeline,wikipedia,https://en.wikipedia.org/wiki/PowerShell
pl/powershell,paradigms,object-oriented,wikipedia,https://en.wikipedia.org/wiki/PowerShell
pl/powershell,paradigms,functional,wikipedia,https://en.wikipedia.org/wiki/PowerShell
pl/powershell,paradigms,reflective,wikipedia,https://en.wikipedia.org/wiki/PowerShell
pl/powershell,typing,"strong, safe, implicit and dynamic",wikipedia,https://en.wikipedia.org/wiki/PowerShell
pl/powershell,designed_by,Microsoft,wikipedia,https://en.wikipedia.org/wiki/PowerShell
pl/powershell,designed_by,Jeffrey Snover,wikipedia,https://en.wikipedia.org/wiki/PowerShell
pl/powershell,designed_by,Bruce Payette,wikipedia,https://en.wikipedia.org/wiki/PowerShell
pl/powershell,designed_by,James Truher (et al.),wikipedia,https://en.wikipedia.org/wiki/PowerShell
pl/powershell,first_appeared,2006,wikipedia,https://en.wikipedia.org/wiki/PowerShell
pl/powershell,influenced_by,Python,wikipedia,https://en.wikipedia.org/wiki/PowerShell
pl/powershell,influenced_by,Shell script,wikipedia,https://en.wikipedia.org/wiki/PowerShell
pl/powershell,influenced_by,Perl,wikipedia,https://en.wikipedia.org/wiki/PowerShell
pl/powershell,influenced_by,C#,wikipedia,https://en.wikipedia.org/wiki/PowerShell
pl/powershell,influenced_by,CL,wikipedia,https://en.wikipedia.org/wiki/PowerShell
pl/powershell,influenced_by,DCL,wikipedia,https://en.wikipedia.org/wiki/PowerShell
pl/powershell,influenced_by,SQL,wikipedia,https://en.wikipedia.org/wiki/PowerShell
pl/powershell,influenced_by,Tcl,wikipedia,https://en.wikipedia.org/wiki/PowerShell
pl/powershell,influenced_by,Tk,wikipedia,https://en.wikipedia.org/wiki/PowerShell
pl/powershell,influenced_by,Chef,wikipedia,https://en.wikipedia.org/wiki/PowerShell
pl/powershell,influenced_by,Puppet,wikipedia,https://en.wikipedia.org/wiki/PowerShell
pl/powershell,license,MIT License (but the Windows component remains proprietary),wikipedia,https://en.wikipedia.org/wiki/PowerShell
pl/powershell,implementation_languages,C#,wikipedia,https://en.wikipedia.org/wiki/PowerShell
pl/powershell,homepage,https://microsoft.com/powershell,wikipedia,https://en.wikipedia.org/wiki/PowerShell
pl/processing,paradigms,object-oriented,wikipedia,https://en.wikipedia.org/wiki/Processing
pl/processing,designed_by,Casey Reas,wikipedia,https://en.wikipedia.org/wiki/Processing
pl/processing,designed_by,Ben Fry,wikipedia,https://en.wikipedia.org/wiki/Processing
pl/processing,first_appeared,2001,wikipedia,https://en.wikipedia.org/wiki/Processing
pl/processing,license,"GPL, LGPL",wikipedia,https://en.wikipedia.org/wiki/Processing
pl/processing,homepage,https://processing.org,wikipedia,https://en.wikipedia.org/wiki/Processing
pl/progol,homepage,https://www.doc.ic.ac.uk/~shm/progol.html,wikipedia,https://en.wikipedia.org/wiki/Progol
pl/prograph,paradigms,multi-paradigm: object-oriented,wikipedia,https://en.wikipedia.org/wiki/Prograph
pl/prograph,paradigms,visual,wikipedia,https://en.wikipedia.org/wiki/Prograph
pl/prograph,paradigms,dataflow,wikipedia,https://en.wikipedia.org/wiki/Prograph
pl/prograph,designed_by,Various,wikipedia,https://en.wikipedia.org/wiki/Prograph
pl/prograph,designed_by,Acadia University,wikipedia,https://en.wikipedia.org/wiki/Prograph
pl/prograph,first_appeared,1983,wikipedia,https://en.wikipedia.org/wiki/Prograph
pl/prograph,influenced_by,functional programming,wikipedia,https://en.wikipedia.org/wiki/Prograph
pl/prograph,influenced_by,dataflow diagrams,wikipedia,https://en.wikipedia.org/wiki/Prograph
pl/prograph,license,Proprietary,wikipedia,https://en.wikipedia.org/wiki/Prograph
pl/prolog,paradigms,logic,wikipedia,https://en.wikipedia.org/wiki/Prolog
pl/prolog,typing,"untyped (its single data type is ""term"")",wikipedia,https://en.wikipedia.org/wiki/Prolog
pl/prolog,designed_by,Alain Colmerauer,wikipedia,https://en.wikipedia.org/wiki/Prolog
pl/prolog,first_appeared,1972,wikipedia,https://en.wikipedia.org/wiki/Prolog
pl/prolog,influenced_by,Planner,wikipedia,https://en.wikipedia.org/wiki/Prolog
pl/prolog,homepage,https://www.iso.org/standard/21413.html,wikipedia,https://en.wikipedia.org/wiki/Prolog
pl/promal,paradigms,imperative (procedural),wikipedia,https://en.wikipedia.org/wiki/PROMAL
pl/promal,paradigms,structured,wikipedia,https://en.wikipedia.org/wiki/PROMAL
pl/promal,designed_by,Systems Management Associates,wikipedia,https://en.wikipedia.org/wiki/PROMAL
pl/promal,first_appeared,1984,wikipedia,https://en.wikipedia.org/wiki/PROMAL
pl/promal,influenced_by,C,wikipedia,https://en.wikipedia.org/wiki/PROMAL
pl/protobuf,designed_by,Google,wikipedia,https://en.wikipedia.org/wiki/Protocol_Buffers
pl/protobuf,first_appeared,2001,wikipedia,https://en.wikipedia.org/wiki/Protocol_Buffers
pl/protobuf,license,BSD,wikipedia,https://en.wikipedia.org/wiki/Protocol_Buffers
pl/protobuf,homepage,https://protobuf.dev,wikipedia,https://en.wikipedia.org/wiki/Protocol_Buffers
pl/ps-algol,paradigms,multi-paradigm: procedural,wikipedia,https://en.wikipedia.org/wiki/PS-algol
pl/ps-algol,paradigms,imperative,wikipedia,https://en.wikipedia.org/wiki/PS-algol
pl/ps-algol,paradigms,structured,wikipedia,https://en.wikipedia.org/wiki/PS-algol
pl/ps-algol,designed_by,University of St Andrews University of Edinburgh,wikipedia,https://en.wikipedia.org/wiki/PS-algol
pl/ps-algol,designed_by,Ron Morrison,wikipedia,https://en.wikipedia.org/wiki/PS-algol
pl/ps-algol,designed_by,Pete Bailey,wikipedia,https://en.wikipedia.org/wiki/PS-algol
pl/ps-algol,designed_by,Fred Brown,wikipedia,https://en.wikipedia.org/wiki/PS-algol
pl/ps-algol,designed_by,Paul Cockshott,wikipedia,https://en.wikipedia.org/wiki/PS-algol
pl/ps-algol,designed_by,Ken Chisholm,wikipedia,https://en.wikipedia.org/wiki/PS-algol
pl/ps-algol,designed_by,Al Dearle,wikipedia,https://en.wikipedia.org/wiki/PS-algol
pl/ps-algol,first_appeared,1983,wikipedia,https://en.wikipedia.org/wiki/PS-algol
pl/ps-algol,influenced_by,ALGOL 60,wikipedia,https://en.wikipedia.org/wiki/PS-algol
pl/ps-algol,influenced_by,S-algol,wikipedia,https://en.wikipedia.org/wiki/PS-algol
pl/ps-algol,implementation_languages,S-algol,wikipedia,https://en.wikipedia.org/wiki/PS-algol
pl/psl,paradigms,multi-paradigm: functional,wikipedia,https://en.wikipedia.org/wiki/Portable_Standard_Lisp
pl/psl,paradigms,procedural,wikipedia,https://en.wikipedia.org/wiki/Portable_Standard_Lisp
pl/psl,paradigms,object-oriented,wikipedia,https://en.wikipedia.org/wiki/Portable_Standard_Lisp
pl/psl,paradigms,reflective,wikipedia,https://en.wikipedia.org/wiki/Portable_Standard_Lisp
pl/psl,paradigms,meta,wikipedia,https://en.wikipedia.org/wiki/Portable_Standard_Lisp
pl/psl,typing,"dynamic, strong",wikipedia,https://en.wikipedia.org/wiki/Portable_Standard_Lisp
pl/psl,designed_by,University of Utah Hewlett-Packard Zuse Institute Berlin,wikipedia,https://en.wikipedia.org/wiki/Portable_Standard_Lisp
pl/psl,first_appeared,1980,wikipedia,https://en.wikipedia.org/wiki/Portable_Standard_Lisp
pl/psl,influenced_by,Lisp,wikipedia,https://en.wikipedia.org/wiki/Portable_Standard_Lisp
pl/psl,influenced_by,Standard Lisp,wikipedia,https://en.wikipedia.org/wiki/Portable_Standard_Lisp
pl/psl,influenced_by,Portable Lisp Compiler,wikipedia,https://en.wikipedia.org/wiki/Portable_Standard_Lisp
pl/psl,license,BSD,wikipedia,https://en.wikipedia.org/wiki/Portable_Standard_Lisp
pl/psl,implementation_languages,Lisp,wikipedia,https://en.wikipedia.org/wiki/Portable_Standard_Lisp
pl/psl,implementation_languages,assembly language,wikipedia,https://en.wikipedia.org/wiki/Portable_Standard_Lisp
pl/psl,homepage,http://user.ceng.metu.edu.tr/~ucoluk/research/lisp/generalinfo.html,wikipedia,https://en.wikipedia.org/wiki/Portable_Standard_Lisp
pl/pug,license,GNU Lesser General Public License,wikipedia,https://en.wikipedia.org/wiki/Java_Agent_Development_Framework
pl/pug,homepage,https://jade-project.gitlab.io/,wikipedia,https://en.wikipedia.org/wiki/Java_Agent_Development_Framework
pl/pure,paradigms,functional,wikipedia,https://en.wikipedia.org/wiki/Pure_(programming_language)
pl/pure,paradigms,declarative,wikipedia,https://en.wikipedia.org/wiki/Pure_(programming_language)
pl/pure,paradigms,term rewriting,wikipedia,https://en.wikipedia.org/wiki/Pure_(programming_language)
pl/pure,typing,"strong, dynamic",wikipedia,https://en.wikipedia.org/wiki/Pure_(programming_language)
pl/pure,designed_by,Albert Gräf,wikipedia,https://en.wikipedia.org/wiki/Pure_(programming_language)
pl/pure,first_appeared,2008,wikipedia,https://en.wikipedia.org/wiki/Pure_(programming_language)
pl/pure,influenced_by,Q (equational language),wikipedia,https://en.wikipedia.org/wiki/Pure_(programming_language)
pl/pure,influenced_by,Haskell,wikipedia,https://en.wikipedia.org/wiki/Pure_(programming_language)
pl/pure,influenced_by,Lisp,wikipedia,https://en.wikipedia.org/wiki/Pure_(programming_language)
pl/pure,influenced_by,Alice,wikipedia,https://en.wikipedia.org/wiki/Pure_(programming_language)
pl/pure,influenced_by,MATLAB,wikipedia,https://en.wikipedia.org/wiki/Pure_(programming_language)
pl/pure,license,GNU Lesser General Public License,wikipedia,https://en.wikipedia.org/wiki/Pure_(programming_language)
pl/pure,homepage,http://agraef.github.io/pure-lang,wikipedia,https://en.wikipedia.org/wiki/Pure_(programming_language)
pl/pure-data,paradigms,dataflow,wikipedia,https://en.wikipedia.org/wiki/Pure_Data
pl/pure-data,designed_by,Miller S. Puckette,wikipedia,https://en.wikipedia.org/wiki/Pure_Data
pl/pure-data,first_appeared,1996,wikipedia,https://en.wikipedia.org/wiki/Pure_Data
pl/pure-data,influenced_by,Patcher,wikipedia,https://en.wikipedia.org/wiki/Pure_Data
pl/pure-data,license,BSD-3-Clause,wikipedia,https://en.wikipedia.org/wiki/Pure_Data
pl/pure-data,homepage,http://puredata.info,wikipedia,https://en.wikipedia.org/wiki/Pure_Data
pl/purebasic,paradigms,structured,wikipedia,https://en.wikipedia.org/wiki/PureBasic
pl/purebasic,paradigms,imperative,wikipedia,https://en.wikipedia.org/wiki/PureBasic
pl/purebasic,paradigms,procedural,wikipedia,https://en.wikipedia.org/wiki/PureBasic
pl/purebasic,designed_by,Fantaisie Software,wikipedia,https://en.wikipedia.org/wiki/PureBasic
pl/purebasic,first_appeared,1998,wikipedia,https://en.wikipedia.org/wiki/PureBasic
pl/purebasic,license,Trialware,wikipedia,https://en.wikipedia.org/wiki/PureBasic
pl/purebasic,homepage,http://www.purebasic.com,wikipedia,https://en.wikipedia.org/wiki/PureBasic
pl/puredata,paradigms,dataflow,wikipedia,https://en.wikipedia.org/wiki/Pure_Data
pl/puredata,designed_by,Miller S. Puckette,wikipedia,https://en.wikipedia.org/wiki/Pure_Data
pl/puredata,first_appeared,1996,wikipedia,https://en.wikipedia.org/wiki/Pure_Data
pl/puredata,influenced_by,Patcher,wikipedia,https://en.wikipedia.org/wiki/Pure_Data
pl/puredata,license,BSD-3-Clause,wikipedia,https://en.wikipedia.org/wiki/Pure_Data
pl/puredata,homepage,http://puredata.info,wikipedia,https://en.wikipedia.org/wiki/Pure_Data
pl/purescript,paradigms,functional,wikipedia,https://en.wikipedia.org/wiki/PureScript
pl/purescript,typing,"inferred, static, strong",wikipedia,https://en.wikipedia.org/wiki/PureScript
pl/purescript,designed_by,Phil Freeman,wikipedia,https://en.wikipedia.org/wiki/PureScript
pl/purescript,first_appeared,2013,wikipedia,https://en.wikipedia.org/wiki/PureScript
pl/purescript,influenced_by,Haskell,wikipedia,https://en.wikipedia.org/wiki/PureScript
pl/purescript,influenced_by,JavaScript,wikipedia,https://en.wikipedia.org/wiki/PureScript
pl/purescript,license,BSD 3-clause,wikipedia,https://en.wikipedia.org/wiki/PureScript
pl/purescript,homepage,https://www.purescript.org/,wikipedia,https://en.wikipedia.org/wiki/PureScript
pl/pv-wave,designed_by,Perforce,wikipedia,https://en.wikipedia.org/wiki/PV-Wave
pl/pv-wave,designed_by,Precision Visuals,wikipedia,https://en.wikipedia.org/wiki/PV-Wave
pl/py,paradigms,multi-paradigm: object-oriented,wikipedia,https://en.wikipedia.org/wiki/Python_(programming_language)
pl/py,paradigms,procedural (imperative),wikipedia,https://en.wikipedia.org/wiki/Python_(programming_language)
pl/py,paradigms,functional,wikipedia,https://en.wikipedia.org/wiki/Python_(programming_language)
pl/py,paradigms,structured,wikipedia,https://en.wikipedia.org/wiki/Python_(programming_language)
pl/py,paradigms,reflective,wikipedia,https://en.wikipedia.org/wiki/Python_(programming_language)
pl/py,typing,"duck, dynamic, strong; optional type annotations",wikipedia,https://en.wikipedia.org/wiki/Python_(programming_language)
pl/py,designed_by,Python Software Foundation,wikipedia,https://en.wikipedia.org/wiki/Python_(programming_language)
pl/py,designed_by,Guido van Rossum,wikipedia,https://en.wikipedia.org/wiki/Python_(programming_language)
pl/py,first_appeared,1991,wikipedia,https://en.wikipedia.org/wiki/Python_(programming_language)
pl/py,influenced_by,ABC,wikipedia,https://en.wikipedia.org/wiki/Python_(programming_language)
pl/py,influenced_by,Ada,wikipedia,https://en.wikipedia.org/wiki/Python_(programming_language)
pl/py,influenced_by,ALGOL 68,wikipedia,https://en.wikipedia.org/wiki/Python_(programming_language)
pl/py,influenced_by,APL,wikipedia,https://en.wikipedia.org/wiki/Python_(programming_language)
pl/py,influenced_by,C,wikipedia,https://en.wikipedia.org/wiki/Python_(programming_language)
pl/py,influenced_by,C++,wikipedia,https://en.wikipedia.org/wiki/Python_(programming_language)
pl/py,influenced_by,CLU,wikipedia,https://en.wikipedia.org/wiki/Python_(programming_language)
pl/py,influenced_by,Dylan,wikipedia,https://en.wikipedia.org/wiki/Python_(programming_language)
pl/py,influenced_by,Haskell,wikipedia,https://en.wikipedia.org/wiki/Python_(programming_language)
pl/py,influenced_by,Icon,wikipedia,https://en.wikipedia.org/wiki/Python_(programming_language)
pl/py,influenced_by,Lisp,wikipedia,https://en.wikipedia.org/wiki/Python_(programming_language)
pl/py,influenced_by,Modula-3,wikipedia,https://en.wikipedia.org/wiki/Python_(programming_language)
pl/py,influenced_by,Perl,wikipedia,https://en.wikipedia.org/wiki/Python_(programming_language)
pl/py,influenced_by,Standard ML,wikipedia,https://en.wikipedia.org/wiki/Python_(programming_language)
pl/py,license,Python Software Foundation License,wikipedia,https://en.wikipedia.org/wiki/Python_(programming_language)
pl/py,homepage,https://www.python.org/,wikipedia,https://en.wikipedia.org/wiki/Python_(programming_language)
pl/pyrex,designed_by,Robert Bradshaw,wikipedia,https://en.wikipedia.org/wiki/Cython
pl/pyrex,designed_by,Stefan Behnel,wikipedia,https://en.wikipedia.org/wiki/Cython
pl/pyrex,designed_by,et al,wikipedia,https://en.wikipedia.org/wiki/Cython
pl/pyrex,first_appeared,2007,wikipedia,https://en.wikipedia.org/wiki/Cython
pl/pyrex,influenced_by,C,wikipedia,https://en.wikipedia.org/wiki/Cython
pl/pyrex,influenced_by,Python,wikipedia,https://en.wikipedia.org/wiki/Cython
pl/pyrex,license,Apache License 2.0,wikipedia,https://en.wikipedia.org/wiki/Cython
pl/pyrex,implementation_languages,Python,wikipedia,https://en.wikipedia.org/wiki/Cython
pl/pyrex,homepage,https://cython.org,wikipedia,https://en.wikipedia.org/wiki/Cython
pl/python,paradigms,multi-paradigm: object-oriented,wikipedia,https://en.wikipedia.org/wiki/Python_(programming_language)
pl/python,paradigms,procedural (imperative),wikipedia,https://en.wikipedia.org/wiki/Python_(programming_language)
pl/python,paradigms,functional,wikipedia,https://en.wikipedia.org/wiki/Python_(programming_language)
pl/python,paradigms,structured,wikipedia,https://en.wikipedia.org/wiki/Python_(programming_language)
pl/python,paradigms,reflective,wikipedia,https://en.wikipedia.org/wiki/Python_(programming_language)
pl/python,typing,"duck, dynamic, strong; optional type annotations",wikipedia,https://en.wikipedia.org/wiki/Python_(programming_language)
pl/python,designed_by,Python Software Foundation,wikipedia,https://en.wikipedia.org/wiki/Python_(programming_language)
pl/python,designed_by,Guido van Rossum,wikipedia,https://en.wikipedia.org/wiki/Python_(programming_language)
pl/python,first_appeared,1991,wikipedia,https://en.wikipedia.org/wiki/Python_(programming_language)
pl/python,influenced_by,ABC,wikipedia,https://en.wikipedia.org/wiki/Python_(programming_language)
pl/python,influenced_by,Ada,wikipedia,https://en.wikipedia.org/wiki/Python_(programming_language)
pl/python,influenced_by,ALGOL 68,wikipedia,https://en.wikipedia.org/wiki/Python_(programming_language)
pl/python,influenced_by,APL,wikipedia,https://en.wikipedia.org/wiki/Python_(programming_language)
pl/python,influenced_by,C,wikipedia,https://en.wikipedia.org/wiki/Python_(programming_language)
pl/python,influenced_by,C++,wikipedia,https://en.wikipedia.org/wiki/Python_(programming_language)
pl/python,influenced_by,CLU,wikipedia,https://en.wikipedia.org/wiki/Python_(programming_language)
pl/python,influenced_by,Dylan,wikipedia,https://en.wikipedia.org/wiki/Python_(programming_language)
pl/python,influenced_by,Haskell,wikipedia,https://en.wikipedia.org/wiki/Python_(programming_language)
pl/python,influenced_by,Icon,wikipedia,https://en.wikipedia.org/wiki/Python_(programming_language)
pl/python,influenced_by,Lisp,wikipedia,https://en.wikipedia.org/wiki/Python_(programming_language)
pl/python,influenced_by,Modula-3,wikipedia,https://en.wikipedia.org/wiki/Python_(programming_language)
pl/python,influenced_by,Perl,wikipedia,https://en.wikipedia.org/wiki/Python_(programming_language)
pl/python,influenced_by,Standard ML,wikipedia,https://en.wikipedia.org/wiki/Python_(programming_language)
pl/python,license,Python Software Foundation License,wikipedia,https://en.wikipedia.org/wiki/Python_(programming_language)
pl/python,homepage,https://www.python.org/,wikipedia,https://en.wikipedia.org/wiki/Python_(programming_language)
pl/python-programming-language,paradigms,multi-paradigm: object-oriented,wikipedia,https://en.wikipedia.org/wiki/Python_(programming_language)
pl/python-programming-language,paradigms,procedural (imperative),wikipedia,https://en.wikipedia.org/wiki/Python_(programming_language)
pl/python-programming-language,paradigms,functional,wikipedia,https://en.wikipedia.org/wiki/Python_(programming_language)
pl/python-programming-language,paradigms,structured,wikipedia,https://en.wikipedia.org/wiki/Python_(programming_language)
pl/python-programming-language,paradigms,reflective,wikipedia,https://en.wikipedia.org/wiki/Python_(programming_language)
pl/python-programming-language,typing,"duck, dynamic, strong; optional type annotations",wikipedia,https://en.wikipedia.org/wiki/Python_(programming_language)
pl/python-programming-language,designed_by,Python Software Foundation,wikipedia,https://en.wikipedia.org/wiki/Python_(programming_language)
pl/python-programming-language,designed_by,Guido van Rossum,wikipedia,https://en.wikipedia.org/wiki/Python_(programming_language)
pl/python-programming-language,first_appeared,1991,wikipedia,https://en.wikipedia.org/wiki/Python_(programming_language)
pl/python-programming-language,influenced_by,ABC,wikipedia,https://en.wikipedia.org/wiki/Python_(programming_language)
pl/python-programming-language,influenced_by,Ada,wikipedia,https://en.wikipedia.org/wiki/Python_(programming_language)
pl/python-programming-language,influenced_by,ALGOL 68,wikipedia,https://en.wikipedia.org/wiki/Python_(programming_language)
pl/python-programming-language,influenced_by,APL,wikipedia,https://en.wikipedia.org/wiki/Python_(programming_language)
pl/python-programming-language,influenced_by,C,wikipedia,https://en.wikipedia.org/wiki/Python_(programming_language)
pl/python-programming-language,influenced_by,C++,wikipedia,https://en.wikipedia.org/wiki/Python_(programming_language)
pl/python-programming-language,influenced_by,CLU,wikipedia,https://en.wikipedia.org/wiki/Python_(programming_language)
pl/python-programming-language,influenced_by,Dylan,wikipedia,https://en.wikipedia.org/wiki/Python_(programming_language)
pl/python-programming-language,influenced_by,Haskell,wikipedia,https://en.wikipedia.org/wiki/Python_(programming_language)
pl/python-programming-language,influenced_by,Icon,wikipedia,https://en.wikipedia.org/wiki/Python_(programming_language)
pl/python-programming-language,influenced_by,Lisp,wikipedia,https://en.wikipedia.org/wiki/Python_(programming_language)
pl/python-programming-language,influenced_by,Modula-3,wikipedia,https://en.wikipedia.org/wiki/Python_(programming_language)
pl/python-programming-language,influenced_by,Perl,wikipedia,https://en.wikipedia.org/wiki/Python_(programming_language)
pl/python-programming-language,influenced_by,Standard ML,wikipedia,https://en.wikipedia.org/wiki/Python_(programming_language)
pl/python-programming-language,license,Python Software Foundation License,wikipedia,https://en.wikipedia.org/wiki/Python_(programming_language)
pl/python-programming-language,homepage,https://www.python.org/,wikipedia,https://en.wikipedia.org/wiki/Python_(programming_language)
pl/q-sharp,paradigms,quantum,wikipedia,https://en.wikipedia.org/wiki/Q_Sharp
pl/q-sharp,paradigms,functional,wikipedia,https://en.wikipedia.org/wiki/Q_Sharp
pl/q-sharp,paradigms,imperative,wikipedia,https://en.wikipedia.org/wiki/Q_Sharp
pl/q-sharp,typing,"static, strong",wikipedia,https://en.wikipedia.org/wiki/Q_Sharp
pl/q-sharp,designed_by,Microsoft,wikipedia,https://en.wikipedia.org/wiki/Q_Sharp
pl/q-sharp,designed_by,Microsoft Research (quantum architectures,wikipedia,https://en.wikipedia.org/wiki/Q_Sharp
pl/q-sharp,designed_by,computation group,wikipedia,https://en.wikipedia.org/wiki/Q_Sharp
pl/q-sharp,designed_by,QuArC),wikipedia,https://en.wikipedia.org/wiki/Q_Sharp
pl/q-sharp,first_appeared,2017,wikipedia,https://en.wikipedia.org/wiki/Q_Sharp
pl/q-sharp,influenced_by,C#,wikipedia,https://en.wikipedia.org/wiki/Q_Sharp
pl/q-sharp,influenced_by,F#,wikipedia,https://en.wikipedia.org/wiki/Q_Sharp
pl/q-sharp,influenced_by,Python,wikipedia,https://en.wikipedia.org/wiki/Q_Sharp
pl/q-sharp,license,MIT License,wikipedia,https://en.wikipedia.org/wiki/Q_Sharp
pl/q-sharp,homepage,https://learn.microsoft.com/en-us/azure/quantum/,wikipedia,https://en.wikipedia.org/wiki/Q_Sharp
pl/qalb,paradigms,functional,wikipedia,https://en.wikipedia.org/wiki/Qalb_(programming_language)
pl/qalb,designed_by,Ramsey Nasser,wikipedia,https://en.wikipedia.org/wiki/Qalb_(programming_language)
pl/qalb,first_appeared,2012,wikipedia,https://en.wikipedia.org/wiki/Qalb_(programming_language)
pl/qalb,influenced_by,Scheme,wikipedia,https://en.wikipedia.org/wiki/Qalb_(programming_language)
pl/qalb,homepage,https://nas.sr/%D9%82%D9%84%D8%A8,wikipedia,https://en.wikipedia.org/wiki/Qalb_(programming_language)
pl/qb64,designed_by,Rob Galleon,wikipedia,https://en.wikipedia.org/wiki/QB64
pl/qb64,designed_by,QB64Team,wikipedia,https://en.wikipedia.org/wiki/QB64
pl/qb64,first_appeared,2007,wikipedia,https://en.wikipedia.org/wiki/QB64
pl/qb64,influenced_by,QuickBASIC,wikipedia,https://en.wikipedia.org/wiki/QB64
pl/qb64,influenced_by,QBASIC,wikipedia,https://en.wikipedia.org/wiki/QB64
pl/qb64,license,MIT,wikipedia,https://en.wikipedia.org/wiki/QB64
pl/qb64,homepage,https://qb64.com/,wikipedia,https://en.wikipedia.org/wiki/QB64
pl/qbasic,paradigms,non-structured,wikipedia,https://en.wikipedia.org/wiki/BASIC
pl/qbasic,paradigms,later procedural,wikipedia,https://en.wikipedia.org/wiki/BASIC
pl/qbasic,paradigms,later object-oriented,wikipedia,https://en.wikipedia.org/wiki/BASIC
pl/qbasic,designed_by,John G. Kemeny,wikipedia,https://en.wikipedia.org/wiki/BASIC
pl/qbasic,designed_by,Thomas E. Kurtz,wikipedia,https://en.wikipedia.org/wiki/BASIC
pl/qbasic,first_appeared,1964,wikipedia,https://en.wikipedia.org/wiki/BASIC
pl/qbasic,influenced_by,ALGOL 60,wikipedia,https://en.wikipedia.org/wiki/BASIC
pl/qbasic,influenced_by,FORTRAN II,wikipedia,https://en.wikipedia.org/wiki/BASIC
pl/qbasic,influenced_by,JOSS,wikipedia,https://en.wikipedia.org/wiki/BASIC
pl/qfx,designed_by,Intuit,wikipedia,https://en.wikipedia.org/wiki/QFX_(file_format)
pl/qif,designed_by,Intuit,wikipedia,https://en.wikipedia.org/wiki/Quicken_Interchange_Format
pl/qml,paradigms,multi-paradigm: declarative,wikipedia,https://en.wikipedia.org/wiki/QML
pl/qml,paradigms,reactive,wikipedia,https://en.wikipedia.org/wiki/QML
pl/qml,paradigms,scripting,wikipedia,https://en.wikipedia.org/wiki/QML
pl/qml,typing,"dynamic, strong",wikipedia,https://en.wikipedia.org/wiki/QML
pl/qml,designed_by,Qt Project,wikipedia,https://en.wikipedia.org/wiki/QML
pl/qml,first_appeared,2009,wikipedia,https://en.wikipedia.org/wiki/QML
pl/qml,influenced_by,XAML,wikipedia,https://en.wikipedia.org/wiki/QML
pl/qml,influenced_by,JSON,wikipedia,https://en.wikipedia.org/wiki/QML
pl/qml,influenced_by,JavaScript,wikipedia,https://en.wikipedia.org/wiki/QML
pl/qml,influenced_by,Qt,wikipedia,https://en.wikipedia.org/wiki/QML
pl/qml,homepage,https://doc.qt.io/qt/qmlapplications.html,wikipedia,https://en.wikipedia.org/wiki/QML
pl/qore,paradigms,multi-paradigm: thread safe / parallel / shared memory,wikipedia,https://en.wikipedia.org/wiki/Qore_(programming_language)
pl/qore,paradigms,functional,wikipedia,https://en.wikipedia.org/wiki/Qore_(programming_language)
pl/qore,paradigms,imperative,wikipedia,https://en.wikipedia.org/wiki/Qore_(programming_language)
pl/qore,paradigms,object-oriented (class-based),wikipedia,https://en.wikipedia.org/wiki/Qore_(programming_language)
pl/qore,paradigms,procedural,wikipedia,https://en.wikipedia.org/wiki/Qore_(programming_language)
pl/qore,typing,"dynamic, optionally strong",wikipedia,https://en.wikipedia.org/wiki/Qore_(programming_language)
pl/qore,designed_by,David Nichols,wikipedia,https://en.wikipedia.org/wiki/Qore_(programming_language)
pl/qore,influenced_by,Perl,wikipedia,https://en.wikipedia.org/wiki/Qore_(programming_language)
pl/qore,influenced_by,D,wikipedia,https://en.wikipedia.org/wiki/Qore_(programming_language)
pl/qore,influenced_by,C++,wikipedia,https://en.wikipedia.org/wiki/Qore_(programming_language)
pl/qore,influenced_by,Java,wikipedia,https://en.wikipedia.org/wiki/Qore_(programming_language)
pl/qore,license,"MIT License, GNU General Public License, GNU Lesser General Public License",wikipedia,https://en.wikipedia.org/wiki/Qore_(programming_language)
pl/qore,implementation_languages,C++,wikipedia,https://en.wikipedia.org/wiki/Qore_(programming_language)
pl/qore,implementation_languages,Pthreads,wikipedia,https://en.wikipedia.org/wiki/Qore_(programming_language)
pl/qore,homepage,http://www.qore.org,wikipedia,https://en.wikipedia.org/wiki/Qore_(programming_language)
pl/qore-programming-language,paradigms,multi-paradigm: thread safe / parallel / shared memory,wikipedia,https://en.wikipedia.org/wiki/Qore_(programming_language)
pl/qore-programming-language,paradigms,functional,wikipedia,https://en.wikipedia.org/wiki/Qore_(programming_language)
pl/qore-programming-language,paradigms,imperative,wikipedia,https://en.wikipedia.org/wiki/Qore_(programming_language)
pl/qore-programming-language,paradigms,object-oriented (class-based),wikipedia,https://en.wikipedia.org/wiki/Qore_(programming_language)
pl/qore-programming-language,paradigms,procedural,wikipedia,https://en.wikipedia.org/wiki/Qore_(programming_language)
pl/qore-programming-language,typing,"dynamic, optionally strong",wikipedia,https://en.wikipedia.org/wiki/Qore_(programming_language)
pl/qore-programming-language,designed_by,David Nichols,wikipedia,https://en.wikipedia.org/wiki/Qore_(programming_language)
pl/qore-programming-language,influenced_by,Perl,wikipedia,https://en.wikipedia.org/wiki/Qore_(programming_language)
pl/qore-programming-language,influenced_by,D,wikipedia,https://en.wikipedia.org/wiki/Qore_(programming_language)
pl/qore-programming-language,influenced_by,C++,wikipedia,https://en.wikipedia.org/wiki/Qore_(programming_language)
pl/qore-programming-language,influenced_by,Java,wikipedia,https://en.wikipedia.org/wiki/Qore_(programming_language)
pl/qore-programming-language,license,"MIT License, GNU General Public License, GNU Lesser General Public License",wikipedia,https://en.wikipedia.org/wiki/Qore_(programming_language)
pl/qore-programming-language,implementation_languages,C++,wikipedia,https://en.wikipedia.org/wiki/Qore_(programming_language)
pl/qore-programming-language,implementation_languages,Pthreads,wikipedia,https://en.wikipedia.org/wiki/Qore_(programming_language)
pl/qore-programming-language,homepage,http://www.qore.org,wikipedia,https://en.wikipedia.org/wiki/Qore_(programming_language)
pl/quakec,paradigms,imperative (procedural),wikipedia,https://en.wikipedia.org/wiki/QuakeC
pl/quakec,paradigms,structured,wikipedia,https://en.wikipedia.org/wiki/QuakeC
pl/quakec,typing,"static, strong",wikipedia,https://en.wikipedia.org/wiki/QuakeC
pl/quakec,designed_by,id Software,wikipedia,https://en.wikipedia.org/wiki/QuakeC
pl/quakec,designed_by,John Carmack,wikipedia,https://en.wikipedia.org/wiki/QuakeC
pl/quakec,first_appeared,1996,wikipedia,https://en.wikipedia.org/wiki/QuakeC
pl/quakec,influenced_by,C,wikipedia,https://en.wikipedia.org/wiki/QuakeC
pl/quel,designed_by,Michael Stonebraker,wikipedia,https://en.wikipedia.org/wiki/QUEL_query_languages
pl/quel,first_appeared,1976,wikipedia,https://en.wikipedia.org/wiki/QUEL_query_languages
pl/quel,influenced_by,Alpha,wikipedia,https://en.wikipedia.org/wiki/QUEL_query_languages
pl/quickbasic,paradigms,multi-paradigm: structured,wikipedia,https://en.wikipedia.org/wiki/Visual_Basic_(.NET)
pl/quickbasic,paradigms,imperative,wikipedia,https://en.wikipedia.org/wiki/Visual_Basic_(.NET)
pl/quickbasic,paradigms,object-oriented,wikipedia,https://en.wikipedia.org/wiki/Visual_Basic_(.NET)
pl/quickbasic,paradigms,declarative,wikipedia,https://en.wikipedia.org/wiki/Visual_Basic_(.NET)
pl/quickbasic,paradigms,generic,wikipedia,https://en.wikipedia.org/wiki/Visual_Basic_(.NET)
pl/quickbasic,paradigms,reflective,wikipedia,https://en.wikipedia.org/wiki/Visual_Basic_(.NET)
pl/quickbasic,paradigms,event-driven,wikipedia,https://en.wikipedia.org/wiki/Visual_Basic_(.NET)
pl/quickbasic,typing,"static, both strong and weak, both safe and unsafe, nominative",wikipedia,https://en.wikipedia.org/wiki/Visual_Basic_(.NET)
pl/quickbasic,designed_by,Microsoft,wikipedia,https://en.wikipedia.org/wiki/Visual_Basic_(.NET)
pl/quickbasic,first_appeared,2001,wikipedia,https://en.wikipedia.org/wiki/Visual_Basic_(.NET)
pl/quickbasic,influenced_by,Classic Visual Basic,wikipedia,https://en.wikipedia.org/wiki/Visual_Basic_(.NET)
pl/quickbasic,license,Roslyn compiler: MIT License,wikipedia,https://en.wikipedia.org/wiki/Visual_Basic_(.NET)
pl/quickbasic,homepage,https://docs.microsoft.com/dotnet/visual-basic/,wikipedia,https://en.wikipedia.org/wiki/Visual_Basic_(.NET)
pl/r,paradigms,multi-paradigm: procedural,wikipedia,https://en.wikipedia.org/wiki/R_(programming_language)
pl/r,paradigms,object-oriented,wikipedia,https://en.wikipedia.org/wiki/R_(programming_language)
pl/r,paradigms,functional,wikipedia,https://en.wikipedia.org/wiki/R_(programming_language)
pl/r,paradigms,reflective,wikipedia,https://en.wikipedia.org/wiki/R_(programming_language)
pl/r,paradigms,imperative,wikipedia,https://en.wikipedia.org/wiki/R_(programming_language)
pl/r,paradigms,array,wikipedia,https://en.wikipedia.org/wiki/R_(programming_language)
pl/r,typing,dynamic,wikipedia,https://en.wikipedia.org/wiki/R_(programming_language)
pl/r,designed_by,R Core Team,wikipedia,https://en.wikipedia.org/wiki/R_(programming_language)
pl/r,designed_by,Ross Ihaka,wikipedia,https://en.wikipedia.org/wiki/R_(programming_language)
pl/r,designed_by,Robert Gentleman,wikipedia,https://en.wikipedia.org/wiki/R_(programming_language)
pl/r,first_appeared,1993,wikipedia,https://en.wikipedia.org/wiki/R_(programming_language)
pl/r,influenced_by,Lisp,wikipedia,https://en.wikipedia.org/wiki/R_(programming_language)
pl/r,influenced_by,S,wikipedia,https://en.wikipedia.org/wiki/R_(programming_language)
pl/r,influenced_by,Scheme,wikipedia,https://en.wikipedia.org/wiki/R_(programming_language)
pl/r,license,GPL-2.0-or-later,wikipedia,https://en.wikipedia.org/wiki/R_(programming_language)
pl/r,homepage,https://www.r-project.org/,wikipedia,https://en.wikipedia.org/wiki/R_(programming_language)
pl/r-programming-language,paradigms,multi-paradigm: procedural,wikipedia,https://en.wikipedia.org/wiki/R_(programming_language)
pl/r-programming-language,paradigms,object-oriented,wikipedia,https://en.wikipedia.org/wiki/R_(programming_language)
pl/r-programming-language,paradigms,functional,wikipedia,https://en.wikipedia.org/wiki/R_(programming_language)
pl/r-programming-language,paradigms,reflective,wikipedia,https://en.wikipedia.org/wiki/R_(programming_language)
pl/r-programming-language,paradigms,imperative,wikipedia,https://en.wikipedia.org/wiki/R_(programming_language)
pl/r-programming-language,paradigms,array,wikipedia,https://en.wikipedia.org/wiki/R_(programming_language)
pl/r-programming-language,typing,dynamic,wikipedia,https://en.wikipedia.org/wiki/R_(programming_language)
pl/r-programming-language,designed_by,R Core Team,wikipedia,https://en.wikipedia.org/wiki/R_(programming_language)
pl/r-programming-language,designed_by,Ross Ihaka,wikipedia,https://en.wikipedia.org/wiki/R_(programming_language)
pl/r-programming-language,designed_by,Robert Gentleman,wikipedia,https://en.wikipedia.org/wiki/R_(programming_language)
pl/r-programming-language,first_appeared,1993,wikipedia,https://en.wikipedia.org/wiki/R_(programming_language)
pl/r-programming-language,influenced_by,Lisp,wikipedia,https://en.wikipedia.org/wiki/R_(programming_language)
pl/r-programming-language,influenced_by,S,wikipedia,https://en.wikipedia.org/wiki/R_(programming_language)
pl/r-programming-language,influenced_by,Scheme,wikipedia,https://en.wikipedia.org/wiki/R_(programming_language)
pl/r-programming-language,license,GPL-2.0-or-later,wikipedia,https://en.wikipedia.org/wiki/R_(programming_language)
pl/r-programming-language,homepage,https://www.r-project.org/,wikipedia,https://en.wikipedia.org/wiki/R_(programming_language)
pl/ra,first_appeared,1995,wikipedia,https://en.wikipedia.org/wiki/RealAudio
pl/ra,homepage,https://web.archive.org/web/20040404115218/http://www.realnetworks.com/products/codecs/realaudio.html,wikipedia,https://en.wikipedia.org/wiki/RealAudio
pl/racket,paradigms,multi-paradigm: functional,wikipedia,https://en.wikipedia.org/wiki/Racket_(programming_language)
pl/racket,paradigms,imperative,wikipedia,https://en.wikipedia.org/wiki/Racket_(programming_language)
pl/racket,paradigms,logic,wikipedia,https://en.wikipedia.org/wiki/Racket_(programming_language)
pl/racket,paradigms,meta,wikipedia,https://en.wikipedia.org/wiki/Racket_(programming_language)
pl/racket,paradigms,modular,wikipedia,https://en.wikipedia.org/wiki/Racket_(programming_language)
pl/racket,paradigms,object-oriented,wikipedia,https://en.wikipedia.org/wiki/Racket_(programming_language)
pl/racket,paradigms,reflective,wikipedia,https://en.wikipedia.org/wiki/Racket_(programming_language)
pl/racket,typing,"dynamic, static, strong",wikipedia,https://en.wikipedia.org/wiki/Racket_(programming_language)
pl/racket,designed_by,PLT Inc,wikipedia,https://en.wikipedia.org/wiki/Racket_(programming_language)
pl/racket,first_appeared,1995,wikipedia,https://en.wikipedia.org/wiki/Racket_(programming_language)
pl/racket,influenced_by,Eiffel,wikipedia,https://en.wikipedia.org/wiki/Racket_(programming_language)
pl/racket,influenced_by,Scheme,wikipedia,https://en.wikipedia.org/wiki/Racket_(programming_language)
pl/racket,license,MIT or Apache 2.0,wikipedia,https://en.wikipedia.org/wiki/Racket_(programming_language)
pl/racket,homepage,https://racket-lang.org/,wikipedia,https://en.wikipedia.org/wiki/Racket_(programming_language)
pl/raku,paradigms,multi-paradigm,wikipedia,https://en.wikipedia.org/wiki/Raku_(programming_language)
pl/raku,typing,"dynamic, gradual",wikipedia,https://en.wikipedia.org/wiki/Raku_(programming_language)
pl/raku,designed_by,Raku community,wikipedia,https://en.wikipedia.org/wiki/Raku_(programming_language)
pl/raku,designed_by,Larry Wall,wikipedia,https://en.wikipedia.org/wiki/Raku_(programming_language)
pl/raku,first_appeared,2015,wikipedia,https://en.wikipedia.org/wiki/Raku_(programming_language)
pl/raku,influenced_by,Perl,wikipedia,https://en.wikipedia.org/wiki/Raku_(programming_language)
pl/raku,influenced_by,Ruby,wikipedia,https://en.wikipedia.org/wiki/Raku_(programming_language)
pl/raku,influenced_by,Smalltalk,wikipedia,https://en.wikipedia.org/wiki/Raku_(programming_language)
pl/raku,influenced_by,Haskell,wikipedia,https://en.wikipedia.org/wiki/Raku_(programming_language)
pl/raku,influenced_by,JavaScript,wikipedia,https://en.wikipedia.org/wiki/Raku_(programming_language)
pl/raku,license,GNU General Public or Artistic 2,wikipedia,https://en.wikipedia.org/wiki/Raku_(programming_language)
pl/raku,homepage,https://raku.org/,wikipedia,https://en.wikipedia.org/wiki/Raku_(programming_language)
pl/raku-programming-language,paradigms,multi-paradigm,wikipedia,https://en.wikipedia.org/wiki/Raku_(programming_language)
pl/raku-programming-language,typing,"dynamic, gradual",wikipedia,https://en.wikipedia.org/wiki/Raku_(programming_language)
pl/raku-programming-language,designed_by,Raku community,wikipedia,https://en.wikipedia.org/wiki/Raku_(programming_language)
pl/raku-programming-language,designed_by,Larry Wall,wikipedia,https://en.wikipedia.org/wiki/Raku_(programming_language)
pl/raku-programming-language,first_appeared,2015,wikipedia,https://en.wikipedia.org/wiki/Raku_(programming_language)
pl/raku-programming-language,influenced_by,Perl,wikipedia,https://en.wikipedia.org/wiki/Raku_(programming_language)
pl/raku-programming-language,influenced_by,Ruby,wikipedia,https://en.wikipedia.org/wiki/Raku_(programming_language)
pl/raku-programming-language,influenced_by,Smalltalk,wikipedia,https://en.wikipedia.org/wiki/Raku_(programming_language)
pl/raku-programming-language,influenced_by,Haskell,wikipedia,https://en.wikipedia.org/wiki/Raku_(programming_language)
pl/raku-programming-language,influenced_by,JavaScript,wikipedia,https://en.wikipedia.org/wiki/Raku_(programming_language)
pl/raku-programming-language,license,GNU General Public or Artistic 2,wikipedia,https://en.wikipedia.org/wiki/Raku_(programming_language)
pl/raku-programming-language,homepage,https://raku.org/,wikipedia,https://en.wikipedia.org/wiki/Raku_(programming_language)
pl/raml,designed_by,RAML Workgroup,wikipedia,https://en.wikipedia.org/wiki/RAML_(software)
pl/raml,homepage,https://raml.org/,wikipedia,https://en.wikipedia.org/wiki/RAML_(software)
pl/rapid,designed_by,ABB Group,wikipedia,https://en.wikipedia.org/wiki/RAPID
pl/rapid,first_appeared,1994,wikipedia,https://en.wikipedia.org/wiki/RAPID
pl/rapid,influenced_by,ARLA,wikipedia,https://en.wikipedia.org/wiki/RAPID
pl/rapid,influenced_by,C,wikipedia,https://en.wikipedia.org/wiki/RAPID
pl/rapira,paradigms,procedural,wikipedia,https://en.wikipedia.org/wiki/Rapira
pl/rapira,paradigms,structured,wikipedia,https://en.wikipedia.org/wiki/Rapira
pl/rapira,typing,dynamic,wikipedia,https://en.wikipedia.org/wiki/Rapira
pl/rapira,designed_by,Andrey Ershov,wikipedia,https://en.wikipedia.org/wiki/Rapira
pl/rapira,first_appeared,1982,wikipedia,https://en.wikipedia.org/wiki/Rapira
pl/rapira,influenced_by,ALGOL,wikipedia,https://en.wikipedia.org/wiki/Rapira
pl/rapira,influenced_by,POP-2,wikipedia,https://en.wikipedia.org/wiki/Rapira
pl/rapira,influenced_by,SETL,wikipedia,https://en.wikipedia.org/wiki/Rapira
pl/raptor,paradigms,structured,wikipedia,https://en.wikipedia.org/wiki/Raptor_(programming_language)
pl/raptor,paradigms,imperative,wikipedia,https://en.wikipedia.org/wiki/Raptor_(programming_language)
pl/raptor,typing,weak,wikipedia,https://en.wikipedia.org/wiki/Raptor_(programming_language)
pl/raptor,designed_by,Martin Carlisle,wikipedia,https://en.wikipedia.org/wiki/Raptor_(programming_language)
pl/raptor,influenced_by,Flowcharts,wikipedia,https://en.wikipedia.org/wiki/Raptor_(programming_language)
pl/raptor,license,GNU General Public License (free software),wikipedia,https://en.wikipedia.org/wiki/Raptor_(programming_language)
pl/raptor,homepage,http://raptor.martincarlisle.com,wikipedia,https://en.wikipedia.org/wiki/Raptor_(programming_language)
pl/rascalmpl,designed_by,SWAT group at the CWI,wikipedia,https://en.wikipedia.org/wiki/RascalMPL
pl/rascalmpl,license,"BSD, EPL",wikipedia,https://en.wikipedia.org/wiki/RascalMPL
pl/rascalmpl,homepage,http://www.rascal-mpl.org,wikipedia,https://en.wikipedia.org/wiki/RascalMPL
pl/ratfor,designed_by,Brian Kernighan,wikipedia,https://en.wikipedia.org/wiki/Ratfor
pl/ratfor,first_appeared,1976,wikipedia,https://en.wikipedia.org/wiki/Ratfor
pl/ratfor,influenced_by,Fortran,wikipedia,https://en.wikipedia.org/wiki/Ratfor
pl/ratfor,influenced_by,C,wikipedia,https://en.wikipedia.org/wiki/Ratfor
pl/ratfor,homepage,http://sepwww.stanford.edu/doku.php?id=sep:software:ratfor,wikipedia,https://en.wikipedia.org/wiki/Ratfor
pl/rc,paradigms,imperative,wikipedia,https://en.wikipedia.org/wiki/Rc_(Unix_shell)
pl/rc,paradigms,pipeline,wikipedia,https://en.wikipedia.org/wiki/Rc_(Unix_shell)
pl/rc,typing,weak,wikipedia,https://en.wikipedia.org/wiki/Rc_(Unix_shell)
pl/rc,designed_by,Bell Labs,wikipedia,https://en.wikipedia.org/wiki/Rc_(Unix_shell)
pl/rc,designed_by,Tom Duff,wikipedia,https://en.wikipedia.org/wiki/Rc_(Unix_shell)
pl/rc,first_appeared,1989,wikipedia,https://en.wikipedia.org/wiki/Rc_(Unix_shell)
pl/rc,influenced_by,Bourne shell,wikipedia,https://en.wikipedia.org/wiki/Rc_(Unix_shell)
pl/rc,homepage,http://doc.cat-v.org/plan_9/4th_edition/papers/rc,wikipedia,https://en.wikipedia.org/wiki/Rc_(Unix_shell)
pl/reason,paradigms,multi-paradigm: functional,wikipedia,https://en.wikipedia.org/wiki/Reason_(programming_language)
pl/reason,paradigms,imperative,wikipedia,https://en.wikipedia.org/wiki/Reason_(programming_language)
pl/reason,paradigms,modular,wikipedia,https://en.wikipedia.org/wiki/Reason_(programming_language)
pl/reason,paradigms,object-oriented,wikipedia,https://en.wikipedia.org/wiki/Reason_(programming_language)
pl/reason,designed_by,Jordan Walke,wikipedia,https://en.wikipedia.org/wiki/Reason_(programming_language)
pl/reason,first_appeared,2016,wikipedia,https://en.wikipedia.org/wiki/Reason_(programming_language)
pl/reason,influenced_by,OCaml,wikipedia,https://en.wikipedia.org/wiki/Reason_(programming_language)
pl/reason,influenced_by,JavaScript,wikipedia,https://en.wikipedia.org/wiki/Reason_(programming_language)
pl/reason,license,MIT,wikipedia,https://en.wikipedia.org/wiki/Reason_(programming_language)
pl/reason,homepage,https://reasonml.github.io/,wikipedia,https://en.wikipedia.org/wiki/Reason_(programming_language)
pl/rebol,paradigms,language oriented,wikipedia,https://en.wikipedia.org/wiki/Rebol
pl/rebol,paradigms,data exchange,wikipedia,https://en.wikipedia.org/wiki/Rebol
pl/rebol,paradigms,functional,wikipedia,https://en.wikipedia.org/wiki/Rebol
pl/rebol,paradigms,prototype-based,wikipedia,https://en.wikipedia.org/wiki/Rebol
pl/rebol,paradigms,imperative,wikipedia,https://en.wikipedia.org/wiki/Rebol
pl/rebol,typing,"dynamic, strong",wikipedia,https://en.wikipedia.org/wiki/Rebol
pl/rebol,designed_by,REBOL Technologies,wikipedia,https://en.wikipedia.org/wiki/Rebol
pl/rebol,designed_by,Carl Sassenrath,wikipedia,https://en.wikipedia.org/wiki/Rebol
pl/rebol,first_appeared,1997,wikipedia,https://en.wikipedia.org/wiki/Rebol
pl/rebol,influenced_by,Self,wikipedia,https://en.wikipedia.org/wiki/Rebol
pl/rebol,influenced_by,Forth,wikipedia,https://en.wikipedia.org/wiki/Rebol
pl/rebol,influenced_by,Lisp,wikipedia,https://en.wikipedia.org/wiki/Rebol
pl/rebol,influenced_by,Logo,wikipedia,https://en.wikipedia.org/wiki/Rebol
pl/rebol,license,"2.7.8 is Freely redistributable software, 2.101.0 has Apache 2.0 license",wikipedia,https://en.wikipedia.org/wiki/Rebol
pl/rebol,homepage,http://www.rebol.com,wikipedia,https://en.wikipedia.org/wiki/Rebol
pl/red,paradigms,multi-paradigm: imperative,wikipedia,https://en.wikipedia.org/wiki/Red_(programming_language)
pl/red,paradigms,functional,wikipedia,https://en.wikipedia.org/wiki/Red_(programming_language)
pl/red,paradigms,symbolic,wikipedia,https://en.wikipedia.org/wiki/Red_(programming_language)
pl/red,designed_by,Nenad Rakočević,wikipedia,https://en.wikipedia.org/wiki/Red_(programming_language)
pl/red,first_appeared,2011,wikipedia,https://en.wikipedia.org/wiki/Red_(programming_language)
pl/red,influenced_by,Rebol,wikipedia,https://en.wikipedia.org/wiki/Red_(programming_language)
pl/red,influenced_by,Lisp,wikipedia,https://en.wikipedia.org/wiki/Red_(programming_language)
pl/red,influenced_by,Scala,wikipedia,https://en.wikipedia.org/wiki/Red_(programming_language)
pl/red,influenced_by,Lua,wikipedia,https://en.wikipedia.org/wiki/Red_(programming_language)
pl/red,license,modified BSD and Boost,wikipedia,https://en.wikipedia.org/wiki/Red_(programming_language)
pl/red,homepage,https://www.red-lang.org/,wikipedia,https://en.wikipedia.org/wiki/Red_(programming_language)
pl/red-programming-language,paradigms,multi-paradigm: imperative,wikipedia,https://en.wikipedia.org/wiki/Red_(programming_language)
pl/red-programming-language,paradigms,functional,wikipedia,https://en.wikipedia.org/wiki/Red_(programming_language)
pl/red-programming-language,paradigms,symbolic,wikipedia,https://en.wikipedia.org/wiki/Red_(programming_language)
pl/red-programming-language,designed_by,Nenad Rakočević,wikipedia,https://en.wikipedia.org/wiki/Red_(programming_language)
pl/red-programming-language,first_appeared,2011,wikipedia,https://en.wikipedia.org/wiki/Red_(programming_language)
pl/red-programming-language,influenced_by,Rebol,wikipedia,https://en.wikipedia.org/wiki/Red_(programming_language)
pl/red-programming-language,influenced_by,Lisp,wikipedia,https://en.wikipedia.org/wiki/Red_(programming_language)
pl/red-programming-language,influenced_by,Scala,wikipedia,https://en.wikipedia.org/wiki/Red_(programming_language)
pl/red-programming-language,influenced_by,Lua,wikipedia,https://en.wikipedia.org/wiki/Red_(programming_language)
pl/red-programming-language,license,modified BSD and Boost,wikipedia,https://en.wikipedia.org/wiki/Red_(programming_language)
pl/red-programming-language,homepage,https://www.red-lang.org/,wikipedia,https://en.wikipedia.org/wiki/Red_(programming_language)
pl/refal,paradigms,pattern-matching,wikipedia,https://en.wikipedia.org/wiki/Refal
pl/refal,paradigms,term-rewriting,wikipedia,https://en.wikipedia.org/wiki/Refal
pl/refal,typing,"strong, dynamic",wikipedia,https://en.wikipedia.org/wiki/Refal
pl/refal,designed_by,Valentin Turchin,wikipedia,https://en.wikipedia.org/wiki/Refal
pl/refal,designed_by,S. Florentsev,wikipedia,https://en.wikipedia.org/wiki/Refal
pl/refal,designed_by,V. Olyunin,wikipedia,https://en.wikipedia.org/wiki/Refal
pl/refal,designed_by,et al,wikipedia,https://en.wikipedia.org/wiki/Refal
pl/refal,first_appeared,1968,wikipedia,https://en.wikipedia.org/wiki/Refal
pl/refal,homepage,http://www.refal.net,wikipedia,https://en.wikipedia.org/wiki/Refal
pl/renpy,designed_by,"Tom ""PyTom"" Rothamel",wikipedia,https://en.wikipedia.org/wiki/Ren%27Py
pl/renpy,first_appeared,2004,wikipedia,https://en.wikipedia.org/wiki/Ren%27Py
pl/renpy,license,MIT,wikipedia,https://en.wikipedia.org/wiki/Ren%27Py
pl/renpy,homepage,https://www.renpy.org/,wikipedia,https://en.wikipedia.org/wiki/Ren%27Py
pl/renderscript,paradigms,concurrent,wikipedia,https://en.wikipedia.org/wiki/Rust_(programming_language)
pl/renderscript,paradigms,functional,wikipedia,https://en.wikipedia.org/wiki/Rust_(programming_language)
pl/renderscript,paradigms,generic,wikipedia,https://en.wikipedia.org/wiki/Rust_(programming_language)
pl/renderscript,paradigms,imperative,wikipedia,https://en.wikipedia.org/wiki/Rust_(programming_language)
pl/renderscript,paradigms,structured,wikipedia,https://en.wikipedia.org/wiki/Rust_(programming_language)
pl/renderscript,typing,affine,wikipedia,https://en.wikipedia.org/wiki/Rust_(programming_language)
pl/renderscript,designed_by,The Rust Team,wikipedia,https://en.wikipedia.org/wiki/Rust_(programming_language)
pl/renderscript,first_appeared,2012,wikipedia,https://en.wikipedia.org/wiki/Rust_(programming_language)
pl/renderscript,influenced_by,Alef,wikipedia,https://en.wikipedia.org/wiki/Rust_(programming_language)
pl/renderscript,influenced_by,BETA,wikipedia,https://en.wikipedia.org/wiki/Rust_(programming_language)
pl/renderscript,influenced_by,CLU,wikipedia,https://en.wikipedia.org/wiki/Rust_(programming_language)
pl/renderscript,influenced_by,C#,wikipedia,https://en.wikipedia.org/wiki/Rust_(programming_language)
pl/renderscript,influenced_by,C++,wikipedia,https://en.wikipedia.org/wiki/Rust_(programming_language)
pl/renderscript,influenced_by,Cyclone,wikipedia,https://en.wikipedia.org/wiki/Rust_(programming_language)
pl/renderscript,influenced_by,Elm,wikipedia,https://en.wikipedia.org/wiki/Rust_(programming_language)
pl/renderscript,influenced_by,Erlang,wikipedia,https://en.wikipedia.org/wiki/Rust_(programming_language)
pl/renderscript,influenced_by,Haskell,wikipedia,https://en.wikipedia.org/wiki/Rust_(programming_language)
pl/renderscript,influenced_by,Hermes,wikipedia,https://en.wikipedia.org/wiki/Rust_(programming_language)
pl/renderscript,influenced_by,Limbo,wikipedia,https://en.wikipedia.org/wiki/Rust_(programming_language)
pl/renderscript,influenced_by,Mesa,wikipedia,https://en.wikipedia.org/wiki/Rust_(programming_language)
pl/renderscript,influenced_by,Napier,wikipedia,https://en.wikipedia.org/wiki/Rust_(programming_language)
pl/renderscript,influenced_by,Newsqueak,wikipedia,https://en.wikipedia.org/wiki/Rust_(programming_language)
pl/renderscript,influenced_by,NIL,wikipedia,https://en.wikipedia.org/wiki/Rust_(programming_language)
pl/renderscript,influenced_by,OCaml,wikipedia,https://en.wikipedia.org/wiki/Rust_(programming_language)
pl/renderscript,influenced_by,Ruby,wikipedia,https://en.wikipedia.org/wiki/Rust_(programming_language)
pl/renderscript,influenced_by,Sather,wikipedia,https://en.wikipedia.org/wiki/Rust_(programming_language)
pl/renderscript,influenced_by,Scheme,wikipedia,https://en.wikipedia.org/wiki/Rust_(programming_language)
pl/renderscript,influenced_by,Standard ML,wikipedia,https://en.wikipedia.org/wiki/Rust_(programming_language)
pl/renderscript,influenced_by,Swift,wikipedia,https://en.wikipedia.org/wiki/Rust_(programming_language)
pl/renderscript,license,"MIT, Apache 2.0",wikipedia,https://en.wikipedia.org/wiki/Rust_(programming_language)
pl/renderscript,implementation_languages,OCaml (2006–2011) Rust (2012–present),wikipedia,https://en.wikipedia.org/wiki/Rust_(programming_language)
pl/renderscript,homepage,http://foundation.rust-lang.org,wikipedia,https://en.wikipedia.org/wiki/Rust_(programming_language)
pl/renpy-2,designed_by,"Tom ""PyTom"" Rothamel",wikipedia,https://en.wikipedia.org/wiki/Ren%27Py
pl/renpy-2,first_appeared,2004,wikipedia,https://en.wikipedia.org/wiki/Ren%27Py
pl/renpy-2,license,MIT,wikipedia,https://en.wikipedia.org/wiki/Ren%27Py
pl/renpy-2,homepage,https://www.renpy.org/,wikipedia,https://en.wikipedia.org/wiki/Ren%27Py
pl/rescript,paradigms,multi-paradigm: functional,wikipedia,https://en.wikipedia.org/wiki/ReScript
pl/rescript,paradigms,imperative,wikipedia,https://en.wikipedia.org/wiki/ReScript
pl/rescript,paradigms,modular,wikipedia,https://en.wikipedia.org/wiki/ReScript
pl/rescript,paradigms,object-oriented,wikipedia,https://en.wikipedia.org/wiki/ReScript
pl/rescript,first_appeared,2020,wikipedia,https://en.wikipedia.org/wiki/ReScript
pl/rescript,influenced_by,OCaml,wikipedia,https://en.wikipedia.org/wiki/ReScript
pl/rescript,influenced_by,Reason,wikipedia,https://en.wikipedia.org/wiki/ReScript
pl/rescript,influenced_by,JavaScript,wikipedia,https://en.wikipedia.org/wiki/ReScript
pl/rescript,license,MIT,wikipedia,https://en.wikipedia.org/wiki/ReScript
pl/rescript,implementation_languages,OCaml,wikipedia,https://en.wikipedia.org/wiki/ReScript
pl/rescript,homepage,https://rescript-lang.org/,wikipedia,https://en.wikipedia.org/wiki/ReScript
pl/rest,designed_by,David Goodger,wikipedia,https://en.wikipedia.org/wiki/ReStructuredText
pl/rest,first_appeared,2001,wikipedia,https://en.wikipedia.org/wiki/ReStructuredText
pl/rest,homepage,https://docutils.sourceforge.io/rst.html,wikipedia,https://en.wikipedia.org/wiki/ReStructuredText
pl/restructuredtext,designed_by,David Goodger,wikipedia,https://en.wikipedia.org/wiki/ReStructuredText
pl/restructuredtext,first_appeared,2001,wikipedia,https://en.wikipedia.org/wiki/ReStructuredText
pl/restructuredtext,homepage,https://docutils.sourceforge.io/rst.html,wikipedia,https://en.wikipedia.org/wiki/ReStructuredText
pl/rexx,paradigms,multiparadigm: procedural,wikipedia,https://en.wikipedia.org/wiki/Rexx
pl/rexx,paradigms,structured,wikipedia,https://en.wikipedia.org/wiki/Rexx
pl/rexx,typing,dynamic,wikipedia,https://en.wikipedia.org/wiki/Rexx
pl/rexx,designed_by,Mike Cowlishaw,wikipedia,https://en.wikipedia.org/wiki/Rexx
pl/rexx,designed_by,IBM,wikipedia,https://en.wikipedia.org/wiki/Rexx
pl/rexx,first_appeared,1979,wikipedia,https://en.wikipedia.org/wiki/Rexx
pl/rexx,influenced_by,PL/I,wikipedia,https://en.wikipedia.org/wiki/Rexx
pl/rexx,influenced_by,ALGOL,wikipedia,https://en.wikipedia.org/wiki/Rexx
pl/rexx,influenced_by,EXEC,wikipedia,https://en.wikipedia.org/wiki/Rexx
pl/rexx,influenced_by,EXEC 2,wikipedia,https://en.wikipedia.org/wiki/Rexx
pl/rich-text-format,designed_by,Microsoft,wikipedia,https://en.wikipedia.org/wiki/Rich_Text_Format
pl/rich-text-format,first_appeared,1987,wikipedia,https://en.wikipedia.org/wiki/Rich_Text_Format
pl/riff,first_appeared,1991,wikipedia,https://en.wikipedia.org/wiki/Resource_Interchange_File_Format
pl/robic,designed_by,"NPO ""Rotor""",wikipedia,https://en.wikipedia.org/wiki/Robik
pl/robic,first_appeared,1989,wikipedia,https://en.wikipedia.org/wiki/Robik
pl/rocq-prover,designed_by,INRIA,wikipedia,https://en.wikipedia.org/wiki/Rocq
pl/rocq-prover,designed_by,École Polytechnique,wikipedia,https://en.wikipedia.org/wiki/Rocq
pl/rocq-prover,designed_by,University of Paris-Sud,wikipedia,https://en.wikipedia.org/wiki/Rocq
pl/rocq-prover,designed_by,Paris Diderot University,wikipedia,https://en.wikipedia.org/wiki/Rocq
pl/rocq-prover,designed_by,CNRS,wikipedia,https://en.wikipedia.org/wiki/Rocq
pl/rocq-prover,designed_by,ENS Lyon,wikipedia,https://en.wikipedia.org/wiki/Rocq
pl/rocq-prover,first_appeared,1989,wikipedia,https://en.wikipedia.org/wiki/Rocq
pl/rocq-prover,license,LGPLv2.1,wikipedia,https://en.wikipedia.org/wiki/Rocq
pl/rocq-prover,homepage,https://rocq-prover.org,wikipedia,https://en.wikipedia.org/wiki/Rocq
pl/roff,designed_by,AT&T Bell Laboratories,wikipedia,https://en.wikipedia.org/wiki/Roff_(software)
pl/roff,first_appeared,1971,wikipedia,https://en.wikipedia.org/wiki/Roff_(software)
pl/rpg,paradigms,multi-paradigm,wikipedia,https://en.wikipedia.org/wiki/IBM_RPG
pl/rpg,typing,"strong, static",wikipedia,https://en.wikipedia.org/wiki/IBM_RPG
pl/rpg,designed_by,IBM,wikipedia,https://en.wikipedia.org/wiki/IBM_RPG
pl/rpg,first_appeared,1959,wikipedia,https://en.wikipedia.org/wiki/IBM_RPG
pl/rpg,influenced_by,9PAC,wikipedia,https://en.wikipedia.org/wiki/IBM_RPG
pl/rpg,influenced_by,FARGO,wikipedia,https://en.wikipedia.org/wiki/IBM_RPG
pl/rpl,paradigms,concatenative (stack-based),wikipedia,https://en.wikipedia.org/wiki/RPL_(programming_language)
pl/rpl,paradigms,structured,wikipedia,https://en.wikipedia.org/wiki/RPL_(programming_language)
pl/rpl,designed_by,Hewlett-Packard,wikipedia,https://en.wikipedia.org/wiki/RPL_(programming_language)
pl/rpl,first_appeared,1984,wikipedia,https://en.wikipedia.org/wiki/RPL_(programming_language)
pl/rpl,influenced_by,RPN,wikipedia,https://en.wikipedia.org/wiki/RPL_(programming_language)
pl/rpl,influenced_by,Forth,wikipedia,https://en.wikipedia.org/wiki/RPL_(programming_language)
pl/rpl,influenced_by,Lisp,wikipedia,https://en.wikipedia.org/wiki/RPL_(programming_language)
pl/rs,paradigms,concurrent,wikipedia,https://en.wikipedia.org/wiki/Rust_(programming_language)
pl/rs,paradigms,functional,wikipedia,https://en.wikipedia.org/wiki/Rust_(programming_language)
pl/rs,paradigms,generic,wikipedia,https://en.wikipedia.org/wiki/Rust_(programming_language)
pl/rs,paradigms,imperative,wikipedia,https://en.wikipedia.org/wiki/Rust_(programming_language)
pl/rs,paradigms,structured,wikipedia,https://en.wikipedia.org/wiki/Rust_(programming_language)
pl/rs,typing,affine,wikipedia,https://en.wikipedia.org/wiki/Rust_(programming_language)
pl/rs,designed_by,The Rust Team,wikipedia,https://en.wikipedia.org/wiki/Rust_(programming_language)
pl/rs,first_appeared,2012,wikipedia,https://en.wikipedia.org/wiki/Rust_(programming_language)
pl/rs,influenced_by,Alef,wikipedia,https://en.wikipedia.org/wiki/Rust_(programming_language)
pl/rs,influenced_by,BETA,wikipedia,https://en.wikipedia.org/wiki/Rust_(programming_language)
pl/rs,influenced_by,CLU,wikipedia,https://en.wikipedia.org/wiki/Rust_(programming_language)
pl/rs,influenced_by,C#,wikipedia,https://en.wikipedia.org/wiki/Rust_(programming_language)
pl/rs,influenced_by,C++,wikipedia,https://en.wikipedia.org/wiki/Rust_(programming_language)
pl/rs,influenced_by,Cyclone,wikipedia,https://en.wikipedia.org/wiki/Rust_(programming_language)
pl/rs,influenced_by,Elm,wikipedia,https://en.wikipedia.org/wiki/Rust_(programming_language)
pl/rs,influenced_by,Erlang,wikipedia,https://en.wikipedia.org/wiki/Rust_(programming_language)
pl/rs,influenced_by,Haskell,wikipedia,https://en.wikipedia.org/wiki/Rust_(programming_language)
pl/rs,influenced_by,Hermes,wikipedia,https://en.wikipedia.org/wiki/Rust_(programming_language)
pl/rs,influenced_by,Limbo,wikipedia,https://en.wikipedia.org/wiki/Rust_(programming_language)
pl/rs,influenced_by,Mesa,wikipedia,https://en.wikipedia.org/wiki/Rust_(programming_language)
pl/rs,influenced_by,Napier,wikipedia,https://en.wikipedia.org/wiki/Rust_(programming_language)
pl/rs,influenced_by,Newsqueak,wikipedia,https://en.wikipedia.org/wiki/Rust_(programming_language)
pl/rs,influenced_by,NIL,wikipedia,https://en.wikipedia.org/wiki/Rust_(programming_language)
pl/rs,influenced_by,OCaml,wikipedia,https://en.wikipedia.org/wiki/Rust_(programming_language)
pl/rs,influenced_by,Ruby,wikipedia,https://en.wikipedia.org/wiki/Rust_(programming_language)
pl/rs,influenced_by,Sather,wikipedia,https://en.wikipedia.org/wiki/Rust_(programming_language)
pl/rs,influenced_by,Scheme,wikipedia,https://en.wikipedia.org/wiki/Rust_(programming_language)
pl/rs,influenced_by,Standard ML,wikipedia,https://en.wikipedia.org/wiki/Rust_(programming_language)
pl/rs,influenced_by,Swift,wikipedia,https://en.wikipedia.org/wiki/Rust_(programming_language)
pl/rs,license,"MIT, Apache 2.0",wikipedia,https://en.wikipedia.org/wiki/Rust_(programming_language)
pl/rs,implementation_languages,OCaml (2006–2011) Rust (2012–present),wikipedia,https://en.wikipedia.org/wiki/Rust_(programming_language)
pl/rs,homepage,http://foundation.rust-lang.org,wikipedia,https://en.wikipedia.org/wiki/Rust_(programming_language)
pl/rss,designed_by,RSS Advisory Board,wikipedia,https://en.wikipedia.org/wiki/RSS
pl/rss,first_appeared,1999,wikipedia,https://en.wikipedia.org/wiki/RSS
pl/rss,homepage,http://rssboard.org/rss-specification,wikipedia,https://en.wikipedia.org/wiki/RSS
pl/ruby,paradigms,multi-paradigm: functional,wikipedia,https://en.wikipedia.org/wiki/Ruby_(programming_language)
pl/ruby,paradigms,imperative,wikipedia,https://en.wikipedia.org/wiki/Ruby_(programming_language)
pl/ruby,paradigms,object-oriented,wikipedia,https://en.wikipedia.org/wiki/Ruby_(programming_language)
pl/ruby,paradigms,reflective,wikipedia,https://en.wikipedia.org/wiki/Ruby_(programming_language)
pl/ruby,typing,"duck, dynamic, strong",wikipedia,https://en.wikipedia.org/wiki/Ruby_(programming_language)
pl/ruby,designed_by,Yukihiro Matsumoto,wikipedia,https://en.wikipedia.org/wiki/Ruby_(programming_language)
pl/ruby,designed_by,et al,wikipedia,https://en.wikipedia.org/wiki/Ruby_(programming_language)
pl/ruby,first_appeared,1995,wikipedia,https://en.wikipedia.org/wiki/Ruby_(programming_language)
pl/ruby,influenced_by,Ada,wikipedia,https://en.wikipedia.org/wiki/Ruby_(programming_language)
pl/ruby,influenced_by,BASIC,wikipedia,https://en.wikipedia.org/wiki/Ruby_(programming_language)
pl/ruby,influenced_by,C++,wikipedia,https://en.wikipedia.org/wiki/Ruby_(programming_language)
pl/ruby,influenced_by,CLU,wikipedia,https://en.wikipedia.org/wiki/Ruby_(programming_language)
pl/ruby,influenced_by,Dylan,wikipedia,https://en.wikipedia.org/wiki/Ruby_(programming_language)
pl/ruby,influenced_by,Eiffel,wikipedia,https://en.wikipedia.org/wiki/Ruby_(programming_language)
pl/ruby,influenced_by,Lisp,wikipedia,https://en.wikipedia.org/wiki/Ruby_(programming_language)
pl/ruby,influenced_by,Lua,wikipedia,https://en.wikipedia.org/wiki/Ruby_(programming_language)
pl/ruby,influenced_by,Perl,wikipedia,https://en.wikipedia.org/wiki/Ruby_(programming_language)
pl/ruby,influenced_by,Python,wikipedia,https://en.wikipedia.org/wiki/Ruby_(programming_language)
pl/ruby,influenced_by,Smalltalk,wikipedia,https://en.wikipedia.org/wiki/Ruby_(programming_language)
pl/ruby,license,Ruby,wikipedia,https://en.wikipedia.org/wiki/Ruby_(programming_language)
pl/ruby,implementation_languages,C,wikipedia,https://en.wikipedia.org/wiki/Ruby_(programming_language)
pl/ruby,homepage,https://www.ruby-lang.org/en/,wikipedia,https://en.wikipedia.org/wiki/Ruby_(programming_language)
pl/rust,paradigms,concurrent,wikipedia,https://en.wikipedia.org/wiki/Rust_(programming_language)
pl/rust,paradigms,functional,wikipedia,https://en.wikipedia.org/wiki/Rust_(programming_language)
pl/rust,paradigms,generic,wikipedia,https://en.wikipedia.org/wiki/Rust_(programming_language)
pl/rust,paradigms,imperative,wikipedia,https://en.wikipedia.org/wiki/Rust_(programming_language)
pl/rust,paradigms,structured,wikipedia,https://en.wikipedia.org/wiki/Rust_(programming_language)
pl/rust,typing,affine,wikipedia,https://en.wikipedia.org/wiki/Rust_(programming_language)
pl/rust,designed_by,The Rust Team,wikipedia,https://en.wikipedia.org/wiki/Rust_(programming_language)
pl/rust,first_appeared,2012,wikipedia,https://en.wikipedia.org/wiki/Rust_(programming_language)
pl/rust,influenced_by,Alef,wikipedia,https://en.wikipedia.org/wiki/Rust_(programming_language)
pl/rust,influenced_by,BETA,wikipedia,https://en.wikipedia.org/wiki/Rust_(programming_language)
pl/rust,influenced_by,CLU,wikipedia,https://en.wikipedia.org/wiki/Rust_(programming_language)
pl/rust,influenced_by,C#,wikipedia,https://en.wikipedia.org/wiki/Rust_(programming_language)
pl/rust,influenced_by,C++,wikipedia,https://en.wikipedia.org/wiki/Rust_(programming_language)
pl/rust,influenced_by,Cyclone,wikipedia,https://en.wikipedia.org/wiki/Rust_(programming_language)
pl/rust,influenced_by,Elm,wikipedia,https://en.wikipedia.org/wiki/Rust_(programming_language)
pl/rust,influenced_by,Erlang,wikipedia,https://en.wikipedia.org/wiki/Rust_(programming_language)
pl/rust,influenced_by,Haskell,wikipedia,https://en.wikipedia.org/wiki/Rust_(programming_language)
pl/rust,influenced_by,Hermes,wikipedia,https://en.wikipedia.org/wiki/Rust_(programming_language)
pl/rust,influenced_by,Limbo,wikipedia,https://en.wikipedia.org/wiki/Rust_(programming_language)
pl/rust,influenced_by,Mesa,wikipedia,https://en.wikipedia.org/wiki/Rust_(programming_language)
pl/rust,influenced_by,Napier,wikipedia,https://en.wikipedia.org/wiki/Rust_(programming_language)
pl/rust,influenced_by,Newsqueak,wikipedia,https://en.wikipedia.org/wiki/Rust_(programming_language)
pl/rust,influenced_by,NIL,wikipedia,https://en.wikipedia.org/wiki/Rust_(programming_language)
pl/rust,influenced_by,OCaml,wikipedia,https://en.wikipedia.org/wiki/Rust_(programming_language)
pl/rust,influenced_by,Ruby,wikipedia,https://en.wikipedia.org/wiki/Rust_(programming_language)
pl/rust,influenced_by,Sather,wikipedia,https://en.wikipedia.org/wiki/Rust_(programming_language)
pl/rust,influenced_by,Scheme,wikipedia,https://en.wikipedia.org/wiki/Rust_(programming_language)
pl/rust,influenced_by,Standard ML,wikipedia,https://en.wikipedia.org/wiki/Rust_(programming_language)
pl/rust,influenced_by,Swift,wikipedia,https://en.wikipedia.org/wiki/Rust_(programming_language)
pl/rust,license,"MIT, Apache 2.0",wikipedia,https://en.wikipedia.org/wiki/Rust_(programming_language)
pl/rust,implementation_languages,OCaml (2006–2011) Rust (2012–present),wikipedia,https://en.wikipedia.org/wiki/Rust_(programming_language)
pl/rust,homepage,http://foundation.rust-lang.org,wikipedia,https://en.wikipedia.org/wiki/Rust_(programming_language)
pl/s,paradigms,multi-paradigm: procedural,wikipedia,https://en.wikipedia.org/wiki/R_(programming_language)
pl/s,paradigms,object-oriented,wikipedia,https://en.wikipedia.org/wiki/R_(programming_language)
pl/s,paradigms,functional,wikipedia,https://en.wikipedia.org/wiki/R_(programming_language)
pl/s,paradigms,reflective,wikipedia,https://en.wikipedia.org/wiki/R_(programming_language)
pl/s,paradigms,imperative,wikipedia,https://en.wikipedia.org/wiki/R_(programming_language)
pl/s,paradigms,array,wikipedia,https://en.wikipedia.org/wiki/R_(programming_language)
pl/s,typing,dynamic,wikipedia,https://en.wikipedia.org/wiki/R_(programming_language)
pl/s,designed_by,R Core Team,wikipedia,https://en.wikipedia.org/wiki/R_(programming_language)
pl/s,designed_by,Ross Ihaka,wikipedia,https://en.wikipedia.org/wiki/R_(programming_language)
pl/s,designed_by,Robert Gentleman,wikipedia,https://en.wikipedia.org/wiki/R_(programming_language)
pl/s,first_appeared,1993,wikipedia,https://en.wikipedia.org/wiki/R_(programming_language)
pl/s,influenced_by,Lisp,wikipedia,https://en.wikipedia.org/wiki/R_(programming_language)
pl/s,influenced_by,S,wikipedia,https://en.wikipedia.org/wiki/R_(programming_language)
pl/s,influenced_by,Scheme,wikipedia,https://en.wikipedia.org/wiki/R_(programming_language)
pl/s,license,GPL-2.0-or-later,wikipedia,https://en.wikipedia.org/wiki/R_(programming_language)
pl/s,homepage,https://www.r-project.org/,wikipedia,https://en.wikipedia.org/wiki/R_(programming_language)
pl/s-programming-language,paradigms,multi-paradigm: imperative,wikipedia,https://en.wikipedia.org/wiki/S_(programming_language)
pl/s-programming-language,paradigms,object oriented,wikipedia,https://en.wikipedia.org/wiki/S_(programming_language)
pl/s-programming-language,typing,"dynamic, strong",wikipedia,https://en.wikipedia.org/wiki/S_(programming_language)
pl/s-programming-language,designed_by,Rick Becker,wikipedia,https://en.wikipedia.org/wiki/S_(programming_language)
pl/s-programming-language,designed_by,Allan Wilks,wikipedia,https://en.wikipedia.org/wiki/S_(programming_language)
pl/s-programming-language,designed_by,John Chambers,wikipedia,https://en.wikipedia.org/wiki/S_(programming_language)
pl/s-programming-language,designed_by,William S. Cleveland,wikipedia,https://en.wikipedia.org/wiki/S_(programming_language)
pl/s-programming-language,designed_by,Trevor Hastie,wikipedia,https://en.wikipedia.org/wiki/S_(programming_language)
pl/s-programming-language,first_appeared,1976,wikipedia,https://en.wikipedia.org/wiki/S_(programming_language)
pl/s-programming-language,influenced_by,C,wikipedia,https://en.wikipedia.org/wiki/S_(programming_language)
pl/s-programming-language,influenced_by,APL,wikipedia,https://en.wikipedia.org/wiki/S_(programming_language)
pl/s-programming-language,influenced_by,PPL,wikipedia,https://en.wikipedia.org/wiki/S_(programming_language)
pl/s-programming-language,influenced_by,Fortran,wikipedia,https://en.wikipedia.org/wiki/S_(programming_language)
pl/s-programming-language,license,depends on implementation,wikipedia,https://en.wikipedia.org/wiki/S_(programming_language)
pl/s-programming-language,homepage,https://web.archive.org/web/20181014111802/http://ect.bell-labs.com/sl/S/,wikipedia,https://en.wikipedia.org/wiki/S_(programming_language)
pl/s-algol,paradigms,multi-paradigm: procedural,wikipedia,https://en.wikipedia.org/wiki/S-algol
pl/s-algol,paradigms,imperative,wikipedia,https://en.wikipedia.org/wiki/S-algol
pl/s-algol,paradigms,structured,wikipedia,https://en.wikipedia.org/wiki/S-algol
pl/s-algol,designed_by,University of St Andrews,wikipedia,https://en.wikipedia.org/wiki/S-algol
pl/s-algol,designed_by,Ron Morrison,wikipedia,https://en.wikipedia.org/wiki/S-algol
pl/s-algol,designed_by,Tony Davie,wikipedia,https://en.wikipedia.org/wiki/S-algol
pl/s-algol,first_appeared,1979,wikipedia,https://en.wikipedia.org/wiki/S-algol
pl/s-algol,influenced_by,ALGOL 60,wikipedia,https://en.wikipedia.org/wiki/S-algol
pl/s-algol,implementation_languages,S-algol,wikipedia,https://en.wikipedia.org/wiki/S-algol
pl/s-plus,designed_by,TIBCO Software Inc,wikipedia,https://en.wikipedia.org/wiki/S-PLUS
pl/s-plus,license,Proprietary,wikipedia,https://en.wikipedia.org/wiki/S-PLUS
pl/s3,paradigms,structured,wikipedia,https://en.wikipedia.org/wiki/S3_(programming_language)
pl/s3,paradigms,imperative,wikipedia,https://en.wikipedia.org/wiki/S3_(programming_language)
pl/s3,typing,"static, strong, safe, structural",wikipedia,https://en.wikipedia.org/wiki/S3_(programming_language)
pl/s3,designed_by,International Computers Limited,wikipedia,https://en.wikipedia.org/wiki/S3_(programming_language)
pl/s3,first_appeared,1975,wikipedia,https://en.wikipedia.org/wiki/S3_(programming_language)
pl/s3,influenced_by,ALGOL 68,wikipedia,https://en.wikipedia.org/wiki/S3_(programming_language)
pl/sage,paradigms,multi-paradigm: object-oriented,wikipedia,https://en.wikipedia.org/wiki/Python_(programming_language)
pl/sage,paradigms,procedural (imperative),wikipedia,https://en.wikipedia.org/wiki/Python_(programming_language)
pl/sage,paradigms,functional,wikipedia,https://en.wikipedia.org/wiki/Python_(programming_language)
pl/sage,paradigms,structured,wikipedia,https://en.wikipedia.org/wiki/Python_(programming_language)
pl/sage,paradigms,reflective,wikipedia,https://en.wikipedia.org/wiki/Python_(programming_language)
pl/sage,typing,"duck, dynamic, strong; optional type annotations",wikipedia,https://en.wikipedia.org/wiki/Python_(programming_language)
pl/sage,designed_by,Python Software Foundation,wikipedia,https://en.wikipedia.org/wiki/Python_(programming_language)
pl/sage,designed_by,Guido van Rossum,wikipedia,https://en.wikipedia.org/wiki/Python_(programming_language)
pl/sage,first_appeared,1991,wikipedia,https://en.wikipedia.org/wiki/Python_(programming_language)
pl/sage,influenced_by,ABC,wikipedia,https://en.wikipedia.org/wiki/Python_(programming_language)
pl/sage,influenced_by,Ada,wikipedia,https://en.wikipedia.org/wiki/Python_(programming_language)
pl/sage,influenced_by,ALGOL 68,wikipedia,https://en.wikipedia.org/wiki/Python_(programming_language)
pl/sage,influenced_by,APL,wikipedia,https://en.wikipedia.org/wiki/Python_(programming_language)
pl/sage,influenced_by,C,wikipedia,https://en.wikipedia.org/wiki/Python_(programming_language)
pl/sage,influenced_by,C++,wikipedia,https://en.wikipedia.org/wiki/Python_(programming_language)
pl/sage,influenced_by,CLU,wikipedia,https://en.wikipedia.org/wiki/Python_(programming_language)
pl/sage,influenced_by,Dylan,wikipedia,https://en.wikipedia.org/wiki/Python_(programming_language)
pl/sage,influenced_by,Haskell,wikipedia,https://en.wikipedia.org/wiki/Python_(programming_language)
pl/sage,influenced_by,Icon,wikipedia,https://en.wikipedia.org/wiki/Python_(programming_language)
pl/sage,influenced_by,Lisp,wikipedia,https://en.wikipedia.org/wiki/Python_(programming_language)
pl/sage,influenced_by,Modula-3,wikipedia,https://en.wikipedia.org/wiki/Python_(programming_language)
pl/sage,influenced_by,Perl,wikipedia,https://en.wikipedia.org/wiki/Python_(programming_language)
pl/sage,influenced_by,Standard ML,wikipedia,https://en.wikipedia.org/wiki/Python_(programming_language)
pl/sage,license,Python Software Foundation License,wikipedia,https://en.wikipedia.org/wiki/Python_(programming_language)
pl/sage,homepage,https://www.python.org/,wikipedia,https://en.wikipedia.org/wiki/Python_(programming_language)
pl/sail,designed_by,Stanford University,wikipedia,https://en.wikipedia.org/wiki/SAIL_(programming_language)
pl/sail,designed_by,Dan Swinehart Robert Sproull,wikipedia,https://en.wikipedia.org/wiki/SAIL_(programming_language)
pl/sail,first_appeared,1969,wikipedia,https://en.wikipedia.org/wiki/SAIL_(programming_language)
pl/sail,influenced_by,ALGOL-60,wikipedia,https://en.wikipedia.org/wiki/SAIL_(programming_language)
pl/sako,paradigms,multi-paradigm: structured,wikipedia,https://en.wikipedia.org/wiki/SAKO_(programming_language)
pl/sako,paradigms,imperative (procedural),wikipedia,https://en.wikipedia.org/wiki/SAKO_(programming_language)
pl/sako,paradigms,array,wikipedia,https://en.wikipedia.org/wiki/SAKO_(programming_language)
pl/sako,designed_by,Polish Academy of Sciences,wikipedia,https://en.wikipedia.org/wiki/SAKO_(programming_language)
pl/sako,designed_by,Leon Łukaszewicz,wikipedia,https://en.wikipedia.org/wiki/SAKO_(programming_language)
pl/sako,designed_by,Antoni Mazurkiewicz,wikipedia,https://en.wikipedia.org/wiki/SAKO_(programming_language)
pl/sako,designed_by,Jan Borowiec,wikipedia,https://en.wikipedia.org/wiki/SAKO_(programming_language)
pl/sako,designed_by,Jowita Koncewicz,wikipedia,https://en.wikipedia.org/wiki/SAKO_(programming_language)
pl/sako,designed_by,Maria Łącka,wikipedia,https://en.wikipedia.org/wiki/SAKO_(programming_language)
pl/sako,designed_by,Stefan Sawicki,wikipedia,https://en.wikipedia.org/wiki/SAKO_(programming_language)
pl/sako,designed_by,Jerzy Swianiewicz,wikipedia,https://en.wikipedia.org/wiki/SAKO_(programming_language)
pl/sako,designed_by,Piotr Szorc,wikipedia,https://en.wikipedia.org/wiki/SAKO_(programming_language)
pl/sako,designed_by,Alfred Szurman,wikipedia,https://en.wikipedia.org/wiki/SAKO_(programming_language)
pl/sako,designed_by,Andrzej Wiśniewski,wikipedia,https://en.wikipedia.org/wiki/SAKO_(programming_language)
pl/sako,first_appeared,1960,wikipedia,https://en.wikipedia.org/wiki/SAKO_(programming_language)
pl/sako,influenced_by,Fortran,wikipedia,https://en.wikipedia.org/wiki/SAKO_(programming_language)
pl/sas,paradigms,multi-paradigm: data-driven,wikipedia,https://en.wikipedia.org/wiki/SAS_language
pl/sas,paradigms,procedural,wikipedia,https://en.wikipedia.org/wiki/SAS_language
pl/sas,designed_by,SAS Institute,wikipedia,https://en.wikipedia.org/wiki/SAS_language
pl/sas,designed_by,Anthony James Barr,wikipedia,https://en.wikipedia.org/wiki/SAS_language
pl/sas,first_appeared,1976,wikipedia,https://en.wikipedia.org/wiki/SAS_language
pl/sas,license,Proprietary commercial software,wikipedia,https://en.wikipedia.org/wiki/SAS_language
pl/sas,homepage,http://sas.com/en_us/software/base-sas.html,wikipedia,https://en.wikipedia.org/wiki/SAS_language
pl/sasl,paradigms,functional,wikipedia,https://en.wikipedia.org/wiki/SASL_(programming_language)
pl/sasl,designed_by,David Turner,wikipedia,https://en.wikipedia.org/wiki/SASL_(programming_language)
pl/sasl,first_appeared,1972,wikipedia,https://en.wikipedia.org/wiki/SASL_(programming_language)
pl/sasl,influenced_by,ISWIM,wikipedia,https://en.wikipedia.org/wiki/SASL_(programming_language)
pl/sass,typing,dynamic,wikipedia,https://en.wikipedia.org/wiki/Sass_(style_sheet_language)
pl/sass,designed_by,Natalie Weizenbaum,wikipedia,https://en.wikipedia.org/wiki/Sass_(style_sheet_language)
pl/sass,designed_by,Chris Eppstein,wikipedia,https://en.wikipedia.org/wiki/Sass_(style_sheet_language)
pl/sass,designed_by,Hampton Catlin,wikipedia,https://en.wikipedia.org/wiki/Sass_(style_sheet_language)
pl/sass,first_appeared,2006,wikipedia,https://en.wikipedia.org/wiki/Sass_(style_sheet_language)
pl/sass,influenced_by,"CSS (both ""indented""",wikipedia,https://en.wikipedia.org/wiki/Sass_(style_sheet_language)
pl/sass,influenced_by,SCSS) YAML,wikipedia,https://en.wikipedia.org/wiki/Sass_(style_sheet_language)
pl/sass,influenced_by,Haml (indented syntax) Less (SCSS),wikipedia,https://en.wikipedia.org/wiki/Sass_(style_sheet_language)
pl/sass,license,MIT License,wikipedia,https://en.wikipedia.org/wiki/Sass_(style_sheet_language)
pl/sass,homepage,https://sass-lang.com/,wikipedia,https://en.wikipedia.org/wiki/Sass_(style_sheet_language)
pl/sather,paradigms,object-oriented,wikipedia,https://en.wikipedia.org/wiki/Sather
pl/sather,paradigms,functional,wikipedia,https://en.wikipedia.org/wiki/Sather
pl/sather,typing,"static, strong",wikipedia,https://en.wikipedia.org/wiki/Sather
pl/sather,designed_by,University of California,wikipedia,https://en.wikipedia.org/wiki/Sather
pl/sather,designed_by,Berkeley,wikipedia,https://en.wikipedia.org/wiki/Sather
pl/sather,designed_by,University of Waikato,wikipedia,https://en.wikipedia.org/wiki/Sather
pl/sather,designed_by,GNU project,wikipedia,https://en.wikipedia.org/wiki/Sather
pl/sather,designed_by,Steve Omohundro,wikipedia,https://en.wikipedia.org/wiki/Sather
pl/sather,first_appeared,1990,wikipedia,https://en.wikipedia.org/wiki/Sather
pl/sather,influenced_by,Eiffel,wikipedia,https://en.wikipedia.org/wiki/Sather
pl/sather,influenced_by,CLU,wikipedia,https://en.wikipedia.org/wiki/Sather
pl/sather,influenced_by,Common Lisp,wikipedia,https://en.wikipedia.org/wiki/Sather
pl/sather,influenced_by,Scheme,wikipedia,https://en.wikipedia.org/wiki/Sather
pl/sather,homepage,https://www.gnu.org/software/sather/,wikipedia,https://en.wikipedia.org/wiki/Sather
pl/sawzall,designed_by,Google,wikipedia,https://en.wikipedia.org/wiki/Sawzall_(programming_language)
pl/sawzall,first_appeared,2003,wikipedia,https://en.wikipedia.org/wiki/Sawzall_(programming_language)
pl/sawzall,license,Apache License 2.0,wikipedia,https://en.wikipedia.org/wiki/Sawzall_(programming_language)
pl/sawzall,homepage,https://code.google.com/archive/p/szl/,wikipedia,https://en.wikipedia.org/wiki/Sawzall_(programming_language)
pl/sbml,first_appeared,2001,wikipedia,https://en.wikipedia.org/wiki/SBML
pl/sbml,homepage,http://sbml.org/,wikipedia,https://en.wikipedia.org/wiki/SBML
pl/scala,paradigms,multi-paradigm: concurrent,wikipedia,https://en.wikipedia.org/wiki/Scala_(programming_language)
pl/scala,paradigms,functional,wikipedia,https://en.wikipedia.org/wiki/Scala_(programming_language)
pl/scala,paradigms,imperative,wikipedia,https://en.wikipedia.org/wiki/Scala_(programming_language)
pl/scala,paradigms,object-oriented,wikipedia,https://en.wikipedia.org/wiki/Scala_(programming_language)
pl/scala,typing,"inferred, static, strong, structural",wikipedia,https://en.wikipedia.org/wiki/Scala_(programming_language)
pl/scala,designed_by,Programming Methods Laboratory of École Polytechnique Fédérale de Lausanne,wikipedia,https://en.wikipedia.org/wiki/Scala_(programming_language)
pl/scala,designed_by,Martin Odersky,wikipedia,https://en.wikipedia.org/wiki/Scala_(programming_language)
pl/scala,first_appeared,2004,wikipedia,https://en.wikipedia.org/wiki/Scala_(programming_language)
pl/scala,influenced_by,Common Lisp,wikipedia,https://en.wikipedia.org/wiki/Scala_(programming_language)
pl/scala,influenced_by,Eiffel,wikipedia,https://en.wikipedia.org/wiki/Scala_(programming_language)
pl/scala,influenced_by,Erlang,wikipedia,https://en.wikipedia.org/wiki/Scala_(programming_language)
pl/scala,influenced_by,Haskell,wikipedia,https://en.wikipedia.org/wiki/Scala_(programming_language)
pl/scala,influenced_by,Java,wikipedia,https://en.wikipedia.org/wiki/Scala_(programming_language)
pl/scala,influenced_by,OCaml,wikipedia,https://en.wikipedia.org/wiki/Scala_(programming_language)
pl/scala,influenced_by,Oz,wikipedia,https://en.wikipedia.org/wiki/Scala_(programming_language)
pl/scala,influenced_by,Pizza,wikipedia,https://en.wikipedia.org/wiki/Scala_(programming_language)
pl/scala,influenced_by,Scheme,wikipedia,https://en.wikipedia.org/wiki/Scala_(programming_language)
pl/scala,influenced_by,Smalltalk,wikipedia,https://en.wikipedia.org/wiki/Scala_(programming_language)
pl/scala,influenced_by,Standard ML,wikipedia,https://en.wikipedia.org/wiki/Scala_(programming_language)
pl/scala,license,Apache 2.0,wikipedia,https://en.wikipedia.org/wiki/Scala_(programming_language)
pl/scala,implementation_languages,Scala,wikipedia,https://en.wikipedia.org/wiki/Scala_(programming_language)
pl/scala,homepage,http://www.scala-lang.org,wikipedia,https://en.wikipedia.org/wiki/Scala_(programming_language)
pl/scala-programming-language,paradigms,multi-paradigm: concurrent,wikipedia,https://en.wikipedia.org/wiki/Scala_(programming_language)
pl/scala-programming-language,paradigms,functional,wikipedia,https://en.wikipedia.org/wiki/Scala_(programming_language)
pl/scala-programming-language,paradigms,imperative,wikipedia,https://en.wikipedia.org/wiki/Scala_(programming_language)
pl/scala-programming-language,paradigms,object-oriented,wikipedia,https://en.wikipedia.org/wiki/Scala_(programming_language)
pl/scala-programming-language,typing,"inferred, static, strong, structural",wikipedia,https://en.wikipedia.org/wiki/Scala_(programming_language)
pl/scala-programming-language,designed_by,Programming Methods Laboratory of École Polytechnique Fédérale de Lausanne,wikipedia,https://en.wikipedia.org/wiki/Scala_(programming_language)
pl/scala-programming-language,designed_by,Martin Odersky,wikipedia,https://en.wikipedia.org/wiki/Scala_(programming_language)
pl/scala-programming-language,first_appeared,2004,wikipedia,https://en.wikipedia.org/wiki/Scala_(programming_language)
pl/scala-programming-language,influenced_by,Common Lisp,wikipedia,https://en.wikipedia.org/wiki/Scala_(programming_language)
pl/scala-programming-language,influenced_by,Eiffel,wikipedia,https://en.wikipedia.org/wiki/Scala_(programming_language)
pl/scala-programming-language,influenced_by,Erlang,wikipedia,https://en.wikipedia.org/wiki/Scala_(programming_language)
pl/scala-programming-language,influenced_by,Haskell,wikipedia,https://en.wikipedia.org/wiki/Scala_(programming_language)
pl/scala-programming-language,influenced_by,Java,wikipedia,https://en.wikipedia.org/wiki/Scala_(programming_language)
pl/scala-programming-language,influenced_by,OCaml,wikipedia,https://en.wikipedia.org/wiki/Scala_(programming_language)
pl/scala-programming-language,influenced_by,Oz,wikipedia,https://en.wikipedia.org/wiki/Scala_(programming_language)
pl/scala-programming-language,influenced_by,Pizza,wikipedia,https://en.wikipedia.org/wiki/Scala_(programming_language)
pl/scala-programming-language,influenced_by,Scheme,wikipedia,https://en.wikipedia.org/wiki/Scala_(programming_language)
pl/scala-programming-language,influenced_by,Smalltalk,wikipedia,https://en.wikipedia.org/wiki/Scala_(programming_language)
pl/scala-programming-language,influenced_by,Standard ML,wikipedia,https://en.wikipedia.org/wiki/Scala_(programming_language)
pl/scala-programming-language,license,Apache 2.0,wikipedia,https://en.wikipedia.org/wiki/Scala_(programming_language)
pl/scala-programming-language,implementation_languages,Scala,wikipedia,https://en.wikipedia.org/wiki/Scala_(programming_language)
pl/scala-programming-language,homepage,http://www.scala-lang.org,wikipedia,https://en.wikipedia.org/wiki/Scala_(programming_language)
pl/scheme,paradigms,multi-paradigm: functional,wikipedia,https://en.wikipedia.org/wiki/Scheme_(programming_language)
pl/scheme,paradigms,imperative,wikipedia,https://en.wikipedia.org/wiki/Scheme_(programming_language)
pl/scheme,paradigms,meta,wikipedia,https://en.wikipedia.org/wiki/Scheme_(programming_language)
pl/scheme,typing,"dynamic, latent, strong",wikipedia,https://en.wikipedia.org/wiki/Scheme_(programming_language)
pl/scheme,designed_by,Guy L. Steele Gerald Jay Sussman,wikipedia,https://en.wikipedia.org/wiki/Scheme_(programming_language)
pl/scheme,first_appeared,1975,wikipedia,https://en.wikipedia.org/wiki/Scheme_(programming_language)
pl/scheme,influenced_by,ALGOL,wikipedia,https://en.wikipedia.org/wiki/Scheme_(programming_language)
pl/scheme,influenced_by,Lisp,wikipedia,https://en.wikipedia.org/wiki/Scheme_(programming_language)
pl/scheme,influenced_by,MDL,wikipedia,https://en.wikipedia.org/wiki/Scheme_(programming_language)
pl/scheme,homepage,https://www.scheme.org/,wikipedia,https://en.wikipedia.org/wiki/Scheme_(programming_language)
pl/scientific-vector-language,paradigms,multi-paradigm,wikipedia,https://en.wikipedia.org/wiki/Scientific_Vector_Language
pl/scientific-vector-language,typing,dynamic,wikipedia,https://en.wikipedia.org/wiki/Scientific_Vector_Language
pl/scientific-vector-language,first_appeared,1994,wikipedia,https://en.wikipedia.org/wiki/Scientific_Vector_Language
pl/scientific-vector-language,license,Proprietary software,wikipedia,https://en.wikipedia.org/wiki/Scientific_Vector_Language
pl/scientific-vector-language,homepage,http://www.chemcomp.com/,wikipedia,https://en.wikipedia.org/wiki/Scientific_Vector_Language
pl/scilab,designed_by,Dassault Systèmes,wikipedia,https://en.wikipedia.org/wiki/Scilab
pl/scilab,license,"GPLv2, previously CeCILL",wikipedia,https://en.wikipedia.org/wiki/Scilab
pl/scilab,homepage,https://www.scilab.org,wikipedia,https://en.wikipedia.org/wiki/Scilab
pl/scm,paradigms,multi-paradigm: functional,wikipedia,https://en.wikipedia.org/wiki/Scheme_(programming_language)
pl/scm,paradigms,imperative,wikipedia,https://en.wikipedia.org/wiki/Scheme_(programming_language)
pl/scm,paradigms,meta,wikipedia,https://en.wikipedia.org/wiki/Scheme_(programming_language)
pl/scm,typing,"dynamic, latent, strong",wikipedia,https://en.wikipedia.org/wiki/Scheme_(programming_language)
pl/scm,designed_by,Guy L. Steele Gerald Jay Sussman,wikipedia,https://en.wikipedia.org/wiki/Scheme_(programming_language)
pl/scm,first_appeared,1975,wikipedia,https://en.wikipedia.org/wiki/Scheme_(programming_language)
pl/scm,influenced_by,ALGOL,wikipedia,https://en.wikipedia.org/wiki/Scheme_(programming_language)
pl/scm,influenced_by,Lisp,wikipedia,https://en.wikipedia.org/wiki/Scheme_(programming_language)
pl/scm,influenced_by,MDL,wikipedia,https://en.wikipedia.org/wiki/Scheme_(programming_language)
pl/scm,homepage,https://www.scheme.org/,wikipedia,https://en.wikipedia.org/wiki/Scheme_(programming_language)
pl/scratch,paradigms,event-driven,wikipedia,https://en.wikipedia.org/wiki/Scratch_(programming_language)
pl/scratch,paradigms,block-based language,wikipedia,https://en.wikipedia.org/wiki/Scratch_(programming_language)
pl/scratch,designed_by,Scratch Foundation,wikipedia,https://en.wikipedia.org/wiki/Scratch_(programming_language)
pl/scratch,first_appeared,2003,wikipedia,https://en.wikipedia.org/wiki/Scratch_(programming_language)
pl/scratch,influenced_by,Logo,wikipedia,https://en.wikipedia.org/wiki/Scratch_(programming_language)
pl/scratch,influenced_by,Smalltalk,wikipedia,https://en.wikipedia.org/wiki/Scratch_(programming_language)
pl/scratch,influenced_by,HyperCard,wikipedia,https://en.wikipedia.org/wiki/Scratch_(programming_language)
pl/scratch,influenced_by,StarLogo,wikipedia,https://en.wikipedia.org/wiki/Scratch_(programming_language)
pl/scratch,influenced_by,AgentSheets,wikipedia,https://en.wikipedia.org/wiki/Scratch_(programming_language)
pl/scratch,influenced_by,AgentCubes,wikipedia,https://en.wikipedia.org/wiki/Scratch_(programming_language)
pl/scratch,influenced_by,Etoys,wikipedia,https://en.wikipedia.org/wiki/Scratch_(programming_language)
pl/scratch,influenced_by,Snap !,wikipedia,https://en.wikipedia.org/wiki/Scratch_(programming_language)
pl/scratch,license,"BSD 3-Clause (earlier versions of 3.0),",wikipedia,https://en.wikipedia.org/wiki/Scratch_(programming_language)
pl/scratch,implementation_languages,Squeak (Scratch 1.x) ActionScript (Scratch 2.0) HTML5,wikipedia,https://en.wikipedia.org/wiki/Scratch_(programming_language)
pl/scratch,implementation_languages,JavaScript (Scratch 3.0),wikipedia,https://en.wikipedia.org/wiki/Scratch_(programming_language)
pl/scratch,homepage,https://scratch.mit.edu/,wikipedia,https://en.wikipedia.org/wiki/Scratch_(programming_language)
pl/scribe,designed_by,Brian Reid,wikipedia,https://en.wikipedia.org/wiki/Scribe_(markup_language)
pl/scribe,designed_by,Scribe Systems,wikipedia,https://en.wikipedia.org/wiki/Scribe_(markup_language)
pl/sed,paradigms,scripting,wikipedia,https://en.wikipedia.org/wiki/Sed
pl/sed,designed_by,Lee E. McMahon,wikipedia,https://en.wikipedia.org/wiki/Sed
pl/sed,first_appeared,1974,wikipedia,https://en.wikipedia.org/wiki/Sed
pl/sed,influenced_by,ed,wikipedia,https://en.wikipedia.org/wiki/Sed
pl/sed,implementation_languages,C,wikipedia,https://en.wikipedia.org/wiki/Sed
pl/seed7,paradigms,multi-paradigm: extensible,wikipedia,https://en.wikipedia.org/wiki/Seed7
pl/seed7,paradigms,object-oriented,wikipedia,https://en.wikipedia.org/wiki/Seed7
pl/seed7,paradigms,imperative,wikipedia,https://en.wikipedia.org/wiki/Seed7
pl/seed7,paradigms,structured,wikipedia,https://en.wikipedia.org/wiki/Seed7
pl/seed7,paradigms,generic,wikipedia,https://en.wikipedia.org/wiki/Seed7
pl/seed7,paradigms,reflective,wikipedia,https://en.wikipedia.org/wiki/Seed7
pl/seed7,typing,"static, strong, safe, nominative, manifest",wikipedia,https://en.wikipedia.org/wiki/Seed7
pl/seed7,designed_by,Thomas Mertes,wikipedia,https://en.wikipedia.org/wiki/Seed7
pl/seed7,first_appeared,2005,wikipedia,https://en.wikipedia.org/wiki/Seed7
pl/seed7,influenced_by,Pascal,wikipedia,https://en.wikipedia.org/wiki/Seed7
pl/seed7,influenced_by,Modula-2,wikipedia,https://en.wikipedia.org/wiki/Seed7
pl/seed7,influenced_by,Ada,wikipedia,https://en.wikipedia.org/wiki/Seed7
pl/seed7,influenced_by,ALGOL 68,wikipedia,https://en.wikipedia.org/wiki/Seed7
pl/seed7,influenced_by,C,wikipedia,https://en.wikipedia.org/wiki/Seed7
pl/seed7,influenced_by,C++,wikipedia,https://en.wikipedia.org/wiki/Seed7
pl/seed7,influenced_by,Java,wikipedia,https://en.wikipedia.org/wiki/Seed7
pl/seed7,license,"GPL, LGPL (for the runtime library)",wikipedia,https://en.wikipedia.org/wiki/Seed7
pl/seed7,homepage,https://seed7.sourceforge.net/,wikipedia,https://en.wikipedia.org/wiki/Seed7
pl/self,paradigms,object-oriented (prototype-based),wikipedia,https://en.wikipedia.org/wiki/Self_(programming_language)
pl/self,typing,"dynamic, strong",wikipedia,https://en.wikipedia.org/wiki/Self_(programming_language)
pl/self,designed_by,David Ungar,wikipedia,https://en.wikipedia.org/wiki/Self_(programming_language)
pl/self,designed_by,Randall Smith,wikipedia,https://en.wikipedia.org/wiki/Self_(programming_language)
pl/self,designed_by,Stanford University,wikipedia,https://en.wikipedia.org/wiki/Self_(programming_language)
pl/self,designed_by,Sun Microsystems,wikipedia,https://en.wikipedia.org/wiki/Self_(programming_language)
pl/self,first_appeared,1987,wikipedia,https://en.wikipedia.org/wiki/Self_(programming_language)
pl/self,influenced_by,Smalltalk,wikipedia,https://en.wikipedia.org/wiki/Self_(programming_language)
pl/self,influenced_by,APL,wikipedia,https://en.wikipedia.org/wiki/Self_(programming_language)
pl/self,license,BSD -like,wikipedia,https://en.wikipedia.org/wiki/Self_(programming_language)
pl/self,homepage,http://www.selflanguage.org,wikipedia,https://en.wikipedia.org/wiki/Self_(programming_language)
pl/self-programming-language,paradigms,object-oriented (prototype-based),wikipedia,https://en.wikipedia.org/wiki/Self_(programming_language)
pl/self-programming-language,typing,"dynamic, strong",wikipedia,https://en.wikipedia.org/wiki/Self_(programming_language)
pl/self-programming-language,designed_by,David Ungar,wikipedia,https://en.wikipedia.org/wiki/Self_(programming_language)
pl/self-programming-language,designed_by,Randall Smith,wikipedia,https://en.wikipedia.org/wiki/Self_(programming_language)
pl/self-programming-language,designed_by,Stanford University,wikipedia,https://en.wikipedia.org/wiki/Self_(programming_language)
pl/self-programming-language,designed_by,Sun Microsystems,wikipedia,https://en.wikipedia.org/wiki/Self_(programming_language)
pl/self-programming-language,first_appeared,1987,wikipedia,https://en.wikipedia.org/wiki/Self_(programming_language)
pl/self-programming-language,influenced_by,Smalltalk,wikipedia,https://en.wikipedia.org/wiki/Self_(programming_language)
pl/self-programming-language,influenced_by,APL,wikipedia,https://en.wikipedia.org/wiki/Self_(programming_language)
pl/self-programming-language,license,BSD -like,wikipedia,https://en.wikipedia.org/wiki/Self_(programming_language)
pl/self-programming-language,homepage,http://www.selflanguage.org,wikipedia,https://en.wikipedia.org/wiki/Self_(programming_language)
pl/sensetalk,paradigms,"""people-oriented """,wikipedia,https://en.wikipedia.org/wiki/SenseTalk
pl/sensetalk,paradigms,multi-paradigm,wikipedia,https://en.wikipedia.org/wiki/SenseTalk
pl/sensetalk,paradigms,object-oriented,wikipedia,https://en.wikipedia.org/wiki/SenseTalk
pl/sensetalk,typing,duck,wikipedia,https://en.wikipedia.org/wiki/SenseTalk
pl/sensetalk,designed_by,Eggplant Software,wikipedia,https://en.wikipedia.org/wiki/SenseTalk
pl/sensetalk,designed_by,Douglas Simons,wikipedia,https://en.wikipedia.org/wiki/SenseTalk
pl/sensetalk,first_appeared,1992,wikipedia,https://en.wikipedia.org/wiki/SenseTalk
pl/sensetalk,influenced_by,xTalk,wikipedia,https://en.wikipedia.org/wiki/SenseTalk
pl/sensetalk,influenced_by,HyperTalk,wikipedia,https://en.wikipedia.org/wiki/SenseTalk
pl/sensetalk,license,Proprietary,wikipedia,https://en.wikipedia.org/wiki/SenseTalk
pl/sensetalk,homepage,https://www.sensetalk.com/,wikipedia,https://en.wikipedia.org/wiki/SenseTalk
pl/sequencel,paradigms,parallel,wikipedia,https://en.wikipedia.org/wiki/SequenceL
pl/sequencel,paradigms,functional,wikipedia,https://en.wikipedia.org/wiki/SequenceL
pl/sequencel,paradigms,purely functional,wikipedia,https://en.wikipedia.org/wiki/SequenceL
pl/sequencel,paradigms,declarative,wikipedia,https://en.wikipedia.org/wiki/SequenceL
pl/sequencel,typing,"static, type inference",wikipedia,https://en.wikipedia.org/wiki/SequenceL
pl/sequencel,designed_by,Texas Tech University,wikipedia,https://en.wikipedia.org/wiki/SequenceL
pl/sequencel,designed_by,Texas Multicore Technologies,wikipedia,https://en.wikipedia.org/wiki/SequenceL
pl/sequencel,designed_by,Daniel Cooke,wikipedia,https://en.wikipedia.org/wiki/SequenceL
pl/sequencel,designed_by,Nelson Rushton,wikipedia,https://en.wikipedia.org/wiki/SequenceL
pl/sequencel,designed_by,Brad Nemanich,wikipedia,https://en.wikipedia.org/wiki/SequenceL
pl/sequencel,first_appeared,1989,wikipedia,https://en.wikipedia.org/wiki/SequenceL
pl/sequencel,license,proprietary,wikipedia,https://en.wikipedia.org/wiki/SequenceL
pl/sequencel,homepage,http://texasmulticore.com,wikipedia,https://en.wikipedia.org/wiki/SequenceL
pl/setl,paradigms,multi-paradigm: imperative,wikipedia,https://en.wikipedia.org/wiki/SETL
pl/setl,paradigms,procedural,wikipedia,https://en.wikipedia.org/wiki/SETL
pl/setl,paradigms,structured,wikipedia,https://en.wikipedia.org/wiki/SETL
pl/setl,paradigms,object-oriented,wikipedia,https://en.wikipedia.org/wiki/SETL
pl/setl,typing,dynamic,wikipedia,https://en.wikipedia.org/wiki/SETL
pl/setl,designed_by,Courant Institute of Mathematical Sciences,wikipedia,https://en.wikipedia.org/wiki/SETL
pl/setl,designed_by,(Jack) Jacob T. Schwartz,wikipedia,https://en.wikipedia.org/wiki/SETL
pl/setl,first_appeared,1969,wikipedia,https://en.wikipedia.org/wiki/SETL
pl/setl,influenced_by,ALGOL 60,wikipedia,https://en.wikipedia.org/wiki/SETL
pl/setl,homepage,http://setl.org,wikipedia,https://en.wikipedia.org/wiki/SETL
pl/sgml,designed_by,ISO,wikipedia,https://en.wikipedia.org/wiki/Standard_Generalized_Markup_Language
pl/sh,designed_by,Martijn Dekker,wikipedia,https://en.wikipedia.org/wiki/KornShell
pl/sh,designed_by,Johnothan King,wikipedia,https://en.wikipedia.org/wiki/KornShell
pl/sh,designed_by,hyenias,wikipedia,https://en.wikipedia.org/wiki/KornShell
pl/sh,designed_by,Kurtis Rader,wikipedia,https://en.wikipedia.org/wiki/KornShell
pl/sh,designed_by,Siteshwar Vashisht,wikipedia,https://en.wikipedia.org/wiki/KornShell
pl/sh,designed_by,community,wikipedia,https://en.wikipedia.org/wiki/KornShell
pl/sh,first_appeared,1983,wikipedia,https://en.wikipedia.org/wiki/KornShell
pl/sh,license,Eclipse Public License,wikipedia,https://en.wikipedia.org/wiki/KornShell
pl/sh,homepage,http://github.com/ksh93/ksh/wiki,wikipedia,https://en.wikipedia.org/wiki/KornShell
pl/shapefile,designed_by,Esri,wikipedia,https://en.wikipedia.org/wiki/Shapefile
pl/shell,designed_by,Martijn Dekker,wikipedia,https://en.wikipedia.org/wiki/KornShell
pl/shell,designed_by,Johnothan King,wikipedia,https://en.wikipedia.org/wiki/KornShell
pl/shell,designed_by,hyenias,wikipedia,https://en.wikipedia.org/wiki/KornShell
pl/shell,designed_by,Kurtis Rader,wikipedia,https://en.wikipedia.org/wiki/KornShell
pl/shell,designed_by,Siteshwar Vashisht,wikipedia,https://en.wikipedia.org/wiki/KornShell
pl/shell,designed_by,community,wikipedia,https://en.wikipedia.org/wiki/KornShell
pl/shell,first_appeared,1983,wikipedia,https://en.wikipedia.org/wiki/KornShell
pl/shell,license,Eclipse Public License,wikipedia,https://en.wikipedia.org/wiki/KornShell
pl/shell,homepage,http://github.com/ksh93/ksh/wiki,wikipedia,https://en.wikipedia.org/wiki/KornShell
pl/shex,paradigms,data validation,wikipedia,https://en.wikipedia.org/wiki/ShEx
pl/shex,designed_by,Eric Prud'hommeaux,wikipedia,https://en.wikipedia.org/wiki/ShEx
pl/shex,designed_by,Iovka Boneva,wikipedia,https://en.wikipedia.org/wiki/ShEx
pl/shex,designed_by,Jose Emilio Labra Gayo,wikipedia,https://en.wikipedia.org/wiki/ShEx
pl/shex,designed_by,Gregg Kellogg,wikipedia,https://en.wikipedia.org/wiki/ShEx
pl/shex,designed_by,Shape Expressions W3C Community Group,wikipedia,https://en.wikipedia.org/wiki/ShEx
pl/shex,influenced_by,Turtle,wikipedia,https://en.wikipedia.org/wiki/ShEx
pl/shex,influenced_by,SPARQL,wikipedia,https://en.wikipedia.org/wiki/ShEx
pl/shex,influenced_by,RelaxNG,wikipedia,https://en.wikipedia.org/wiki/ShEx
pl/shex,implementation_languages,JavaScript,wikipedia,https://en.wikipedia.org/wiki/ShEx
pl/shex,implementation_languages,Scala,wikipedia,https://en.wikipedia.org/wiki/ShEx
pl/shex,homepage,https://www.w3.org/community/shex/,wikipedia,https://en.wikipedia.org/wiki/ShEx
pl/shockwave-flash,designed_by,FutureWave Software,wikipedia,https://en.wikipedia.org/wiki/SWF
pl/shockwave-flash,designed_by,later taken over by Macromedia,wikipedia,https://en.wikipedia.org/wiki/SWF
pl/shockwave-flash,designed_by,Adobe Systems,wikipedia,https://en.wikipedia.org/wiki/SWF
pl/sieve,first_appeared,1999,wikipedia,https://en.wikipedia.org/wiki/Sieve_(mail_filtering_language)
pl/sieve,homepage,http://sieve.info,wikipedia,https://en.wikipedia.org/wiki/Sieve_(mail_filtering_language)
pl/signal,paradigms,dataflow,wikipedia,https://en.wikipedia.org/wiki/SIGNAL_(programming_language)
pl/signal,paradigms,declarative,wikipedia,https://en.wikipedia.org/wiki/SIGNAL_(programming_language)
pl/signal,paradigms,synchronous,wikipedia,https://en.wikipedia.org/wiki/SIGNAL_(programming_language)
pl/signal,designed_by,Inria (Espresso team),wikipedia,https://en.wikipedia.org/wiki/SIGNAL_(programming_language)
pl/signal,first_appeared,1980s,wikipedia,https://en.wikipedia.org/wiki/SIGNAL_(programming_language)
pl/silk,designed_by,Skype Limited,wikipedia,https://en.wikipedia.org/wiki/SILK
pl/silk,designed_by,Microsoft,wikipedia,https://en.wikipedia.org/wiki/SILK
pl/silk,first_appeared,2009,wikipedia,https://en.wikipedia.org/wiki/SILK
pl/silk,license,BSD 2-Clause License,wikipedia,https://en.wikipedia.org/wiki/SILK
pl/simul,first_appeared,3.2,wikipedia,https://en.wikipedia.org/wiki/SIMUL
pl/simul,license,proprietary,wikipedia,https://en.wikipedia.org/wiki/SIMUL
pl/simul,homepage,http://econpapers.repec.org/software/dgeqmrbcd/187.htm,wikipedia,https://en.wikipedia.org/wiki/SIMUL
pl/simula,paradigms,multi-paradigm: procedural,wikipedia,https://en.wikipedia.org/wiki/Simula
pl/simula,paradigms,imperative,wikipedia,https://en.wikipedia.org/wiki/Simula
pl/simula,paradigms,structured,wikipedia,https://en.wikipedia.org/wiki/Simula
pl/simula,paradigms,object-oriented,wikipedia,https://en.wikipedia.org/wiki/Simula
pl/simula,typing,"static, nominative",wikipedia,https://en.wikipedia.org/wiki/Simula
pl/simula,designed_by,Kristen Nygaard,wikipedia,https://en.wikipedia.org/wiki/Simula
pl/simula,designed_by,Ole-Johan Dahl,wikipedia,https://en.wikipedia.org/wiki/Simula
pl/simula,first_appeared,1962,wikipedia,https://en.wikipedia.org/wiki/Simula
pl/simula,influenced_by,ALGOL 60,wikipedia,https://en.wikipedia.org/wiki/Simula
pl/simula,influenced_by,SIMSCRIPT,wikipedia,https://en.wikipedia.org/wiki/Simula
pl/simula,implementation_languages,ALGOL 60 (mostly) SIMSCRIPT (some parts),wikipedia,https://en.wikipedia.org/wiki/Simula
pl/simula,homepage,http://www.simula67.info,wikipedia,https://en.wikipedia.org/wiki/Simula
pl/simulink,designed_by,MathWorks,wikipedia,https://en.wikipedia.org/wiki/Simulink
pl/simulink,first_appeared,1984,wikipedia,https://en.wikipedia.org/wiki/Simulink
pl/simulink,license,Proprietary,wikipedia,https://en.wikipedia.org/wiki/Simulink
pl/simulink,homepage,https://www.mathworks.com/products/simulink.html,wikipedia,https://en.wikipedia.org/wiki/Simulink
pl/singularity,designed_by,Microsoft Research (Microsoft Corporation),wikipedia,https://en.wikipedia.org/wiki/Singularity_(operating_system)
pl/singularity,first_appeared,2008,wikipedia,https://en.wikipedia.org/wiki/Singularity_(operating_system)
pl/singularity,license,Microsoft Research License,wikipedia,https://en.wikipedia.org/wiki/Singularity_(operating_system)
pl/singularity,homepage,http://research.microsoft.com/en-us/projects/singularity,wikipedia,https://en.wikipedia.org/wiki/Singularity_(operating_system)
pl/sisal,paradigms,functional,wikipedia,https://en.wikipedia.org/wiki/SISAL
pl/sisal,paradigms,dataflow,wikipedia,https://en.wikipedia.org/wiki/SISAL
pl/sisal,typing,"static, strong",wikipedia,https://en.wikipedia.org/wiki/SISAL
pl/sisal,designed_by,James McGraw et al,wikipedia,https://en.wikipedia.org/wiki/SISAL
pl/sisal,designed_by,at University of Manchester,wikipedia,https://en.wikipedia.org/wiki/SISAL
pl/sisal,designed_by,LLNL,wikipedia,https://en.wikipedia.org/wiki/SISAL
pl/sisal,designed_by,Colorado State University,wikipedia,https://en.wikipedia.org/wiki/SISAL
pl/sisal,designed_by,DEC,wikipedia,https://en.wikipedia.org/wiki/SISAL
pl/sisal,designed_by,James McGraw,wikipedia,https://en.wikipedia.org/wiki/SISAL
pl/sisal,first_appeared,1983,wikipedia,https://en.wikipedia.org/wiki/SISAL
pl/sisal,influenced_by,VAL,wikipedia,https://en.wikipedia.org/wiki/SISAL
pl/sisal,influenced_by,Pascal,wikipedia,https://en.wikipedia.org/wiki/SISAL
pl/sisal,influenced_by,C,wikipedia,https://en.wikipedia.org/wiki/SISAL
pl/sisal,influenced_by,Fortran,wikipedia,https://en.wikipedia.org/wiki/SISAL
pl/sk8,paradigms,object-oriented,wikipedia,https://en.wikipedia.org/wiki/SK8_(programming_language)
pl/sk8,typing,"strong, dynamic",wikipedia,https://en.wikipedia.org/wiki/SK8_(programming_language)
pl/sk8,designed_by,Apple Computer,wikipedia,https://en.wikipedia.org/wiki/SK8_(programming_language)
pl/sk8,first_appeared,Mid-1990s,wikipedia,https://en.wikipedia.org/wiki/SK8_(programming_language)
pl/sk8,license,open source,wikipedia,https://en.wikipedia.org/wiki/SK8_(programming_language)
pl/small,paradigms,procedural,wikipedia,https://en.wikipedia.org/wiki/SMALL
pl/small,paradigms,imperative,wikipedia,https://en.wikipedia.org/wiki/SMALL
pl/small,paradigms,structured,wikipedia,https://en.wikipedia.org/wiki/SMALL
pl/small,paradigms,object-oriented,wikipedia,https://en.wikipedia.org/wiki/SMALL
pl/small,designed_by,University of Auckland,wikipedia,https://en.wikipedia.org/wiki/SMALL
pl/small,designed_by,Nevil Brownlee,wikipedia,https://en.wikipedia.org/wiki/SMALL
pl/small,first_appeared,1980,wikipedia,https://en.wikipedia.org/wiki/SMALL
pl/small,influenced_by,ALGOL,wikipedia,https://en.wikipedia.org/wiki/SMALL
pl/small,implementation_languages,Fortran IV,wikipedia,https://en.wikipedia.org/wiki/SMALL
pl/small,implementation_languages,SMALL,wikipedia,https://en.wikipedia.org/wiki/SMALL
pl/smallbasic,license,GPL 3,wikipedia,https://en.wikipedia.org/wiki/SmallBASIC
pl/smallbasic,implementation_languages,BASIC,wikipedia,https://en.wikipedia.org/wiki/SmallBASIC
pl/smallbasic,homepage,https://smallbasic.github.io,wikipedia,https://en.wikipedia.org/wiki/SmallBASIC
pl/smalltalk,paradigms,object-oriented,wikipedia,https://en.wikipedia.org/wiki/Smalltalk
pl/smalltalk,typing,"objects, but in some implementations, strong or dynamic",wikipedia,https://en.wikipedia.org/wiki/Smalltalk
pl/smalltalk,designed_by,Peter Deutsch,wikipedia,https://en.wikipedia.org/wiki/Smalltalk
pl/smalltalk,designed_by,Adele Goldberg,wikipedia,https://en.wikipedia.org/wiki/Smalltalk
pl/smalltalk,designed_by,Dan Ingalls,wikipedia,https://en.wikipedia.org/wiki/Smalltalk
pl/smalltalk,designed_by,Ted Kaehler,wikipedia,https://en.wikipedia.org/wiki/Smalltalk
pl/smalltalk,designed_by,Alan Kay,wikipedia,https://en.wikipedia.org/wiki/Smalltalk
pl/smalltalk,designed_by,Diana Merry,wikipedia,https://en.wikipedia.org/wiki/Smalltalk
pl/smalltalk,designed_by,Scott Wallace,wikipedia,https://en.wikipedia.org/wiki/Smalltalk
pl/smalltalk,designed_by,Xerox PARC,wikipedia,https://en.wikipedia.org/wiki/Smalltalk
pl/smalltalk,first_appeared,1972,wikipedia,https://en.wikipedia.org/wiki/Smalltalk
pl/smalltalk,influenced_by,Lisp,wikipedia,https://en.wikipedia.org/wiki/Smalltalk
pl/smalltalk,influenced_by,Simula,wikipedia,https://en.wikipedia.org/wiki/Smalltalk
pl/smalltalk,influenced_by,Euler,wikipedia,https://en.wikipedia.org/wiki/Smalltalk
pl/smalltalk,influenced_by,IMP,wikipedia,https://en.wikipedia.org/wiki/Smalltalk
pl/smalltalk,influenced_by,Planner,wikipedia,https://en.wikipedia.org/wiki/Smalltalk
pl/smalltalk,influenced_by,Logo,wikipedia,https://en.wikipedia.org/wiki/Smalltalk
pl/smalltalk,influenced_by,Sketchpad,wikipedia,https://en.wikipedia.org/wiki/Smalltalk
pl/smalltalk,influenced_by,ARPAnet,wikipedia,https://en.wikipedia.org/wiki/Smalltalk
pl/smalltalk,influenced_by,Burroughs B5000,wikipedia,https://en.wikipedia.org/wiki/Smalltalk
pl/smalltalk,implementation_languages,Smalltalk,wikipedia,https://en.wikipedia.org/wiki/Smalltalk
pl/smartgameformat,designed_by,Anders Kierulf (1987,wikipedia,https://en.wikipedia.org/wiki/Smart_Game_Format
pl/smartgameformat,designed_by,FF1),wikipedia,https://en.wikipedia.org/wiki/Smart_Game_Format
pl/smartgameformat,designed_by,Martin Mueller (1993,wikipedia,https://en.wikipedia.org/wiki/Smart_Game_Format
pl/smartgameformat,designed_by,FF3),wikipedia,https://en.wikipedia.org/wiki/Smart_Game_Format
pl/smartgameformat,designed_by,Arno Hollosi (1997,wikipedia,https://en.wikipedia.org/wiki/Smart_Game_Format
pl/smartgameformat,designed_by,FF4),wikipedia,https://en.wikipedia.org/wiki/Smart_Game_Format
pl/smartgameformat,first_appeared,1987,wikipedia,https://en.wikipedia.org/wiki/Smart_Game_Format
pl/smartgameformat,homepage,https://red-bean.com/sgf/,wikipedia,https://en.wikipedia.org/wiki/Smart_Game_Format
pl/smile,homepage,https://github.com/FasterXML/smile-format-specification,wikipedia,https://en.wikipedia.org/wiki/Smile_(data_interchange_format)
pl/sml,paradigms,multi-paradigm: functional,wikipedia,https://en.wikipedia.org/wiki/Standard_ML
pl/sml,paradigms,imperative,wikipedia,https://en.wikipedia.org/wiki/Standard_ML
pl/sml,paradigms,modular,wikipedia,https://en.wikipedia.org/wiki/Standard_ML
pl/sml,typing,"inferred, static, strong",wikipedia,https://en.wikipedia.org/wiki/Standard_ML
pl/sml,first_appeared,1983,wikipedia,https://en.wikipedia.org/wiki/Standard_ML
pl/sml,influenced_by,ML,wikipedia,https://en.wikipedia.org/wiki/Standard_ML
pl/sml,influenced_by,Hope,wikipedia,https://en.wikipedia.org/wiki/Standard_ML
pl/sml,influenced_by,Pascal,wikipedia,https://en.wikipedia.org/wiki/Standard_ML
pl/sml,homepage,https://smlfamily.github.io/,wikipedia,https://en.wikipedia.org/wiki/Standard_ML
pl/snap,paradigms,imperative,wikipedia,https://en.wikipedia.org/wiki/SNAP_(programming_language)
pl/snap,designed_by,Michael Barnett,wikipedia,https://en.wikipedia.org/wiki/SNAP_(programming_language)
pl/snap,designed_by,William Ruhsam,wikipedia,https://en.wikipedia.org/wiki/SNAP_(programming_language)
pl/snap,first_appeared,1970,wikipedia,https://en.wikipedia.org/wiki/SNAP_(programming_language)
pl/snobol,paradigms,imperative,wikipedia,https://en.wikipedia.org/wiki/SNOBOL
pl/snobol,paradigms,procedural,wikipedia,https://en.wikipedia.org/wiki/SNOBOL
pl/snobol,paradigms,unstructured,wikipedia,https://en.wikipedia.org/wiki/SNOBOL
pl/snobol,designed_by,David J. Farber,wikipedia,https://en.wikipedia.org/wiki/SNOBOL
pl/snobol,designed_by,Ralph E. Griswold,wikipedia,https://en.wikipedia.org/wiki/SNOBOL
pl/snobol,designed_by,Ivan P. Polonsky,wikipedia,https://en.wikipedia.org/wiki/SNOBOL
pl/snobol,designed_by,and Bell Labs,wikipedia,https://en.wikipedia.org/wiki/SNOBOL
pl/snobol,designed_by,Ralph Griswold,wikipedia,https://en.wikipedia.org/wiki/SNOBOL
pl/snobol,first_appeared,1962,wikipedia,https://en.wikipedia.org/wiki/SNOBOL
pl/snobol,influenced_by,COMIT,wikipedia,https://en.wikipedia.org/wiki/SNOBOL
pl/snobol,homepage,https://www.regressive.org/snobol4/,wikipedia,https://en.wikipedia.org/wiki/SNOBOL
pl/solidity,paradigms,imperative,wikipedia,https://en.wikipedia.org/wiki/Solidity
pl/solidity,paradigms,object-oriented,wikipedia,https://en.wikipedia.org/wiki/Solidity
pl/solidity,typing,static,wikipedia,https://en.wikipedia.org/wiki/Solidity
pl/solidity,designed_by,Christian Reitwiessner,wikipedia,https://en.wikipedia.org/wiki/Solidity
pl/solidity,designed_by,Alex Beregszaszi,wikipedia,https://en.wikipedia.org/wiki/Solidity
pl/solidity,designed_by,and several former Ethereum core contributors,wikipedia,https://en.wikipedia.org/wiki/Solidity
pl/solidity,designed_by,Gavin Wood,wikipedia,https://en.wikipedia.org/wiki/Solidity
pl/solidity,first_appeared,2014,wikipedia,https://en.wikipedia.org/wiki/Solidity
pl/solidity,influenced_by,JavaScript,wikipedia,https://en.wikipedia.org/wiki/Solidity
pl/solidity,influenced_by,C++,wikipedia,https://en.wikipedia.org/wiki/Solidity
pl/solidity,influenced_by,Python,wikipedia,https://en.wikipedia.org/wiki/Solidity
pl/solidity,license,GNU General Public License v3.0,wikipedia,https://en.wikipedia.org/wiki/Solidity
pl/solidity,implementation_languages,C++,wikipedia,https://en.wikipedia.org/wiki/Solidity
pl/solidity,homepage,http://soliditylang.org,wikipedia,https://en.wikipedia.org/wiki/Solidity
pl/source-programming-language,paradigms,multi-paradigm: scripting,wikipedia,https://en.wikipedia.org/wiki/Source_(programming_language)
pl/source-programming-language,paradigms,imperative,wikipedia,https://en.wikipedia.org/wiki/Source_(programming_language)
pl/source-programming-language,paradigms,procedural,wikipedia,https://en.wikipedia.org/wiki/Source_(programming_language)
pl/source-programming-language,paradigms,functional,wikipedia,https://en.wikipedia.org/wiki/Source_(programming_language)
pl/source-programming-language,typing,"dynamic, duck",wikipedia,https://en.wikipedia.org/wiki/Source_(programming_language)
pl/source-programming-language,first_appeared,2017,wikipedia,https://en.wikipedia.org/wiki/Source_(programming_language)
pl/source-programming-language,influenced_by,JavaScript,wikipedia,https://en.wikipedia.org/wiki/Source_(programming_language)
pl/source-programming-language,influenced_by,Scheme,wikipedia,https://en.wikipedia.org/wiki/Source_(programming_language)
pl/source-programming-language,license,Apache,wikipedia,https://en.wikipedia.org/wiki/Source_(programming_language)
pl/source-programming-language,homepage,http://docs.sourceacademy.org,wikipedia,https://en.wikipedia.org/wiki/Source_(programming_language)
pl/spark,paradigms,multi-paradigm: structured,wikipedia,https://en.wikipedia.org/wiki/SPARK_(programming_language)
pl/spark,paradigms,imperative,wikipedia,https://en.wikipedia.org/wiki/SPARK_(programming_language)
pl/spark,paradigms,object-oriented,wikipedia,https://en.wikipedia.org/wiki/SPARK_(programming_language)
pl/spark,paradigms,aspect-oriented,wikipedia,https://en.wikipedia.org/wiki/SPARK_(programming_language)
pl/spark,paradigms,concurrent,wikipedia,https://en.wikipedia.org/wiki/SPARK_(programming_language)
pl/spark,paradigms,array,wikipedia,https://en.wikipedia.org/wiki/SPARK_(programming_language)
pl/spark,paradigms,distributed,wikipedia,https://en.wikipedia.org/wiki/SPARK_(programming_language)
pl/spark,paradigms,generic,wikipedia,https://en.wikipedia.org/wiki/SPARK_(programming_language)
pl/spark,paradigms,procedural,wikipedia,https://en.wikipedia.org/wiki/SPARK_(programming_language)
pl/spark,paradigms,meta,wikipedia,https://en.wikipedia.org/wiki/SPARK_(programming_language)
pl/spark,typing,"static, strong, safe, nominative",wikipedia,https://en.wikipedia.org/wiki/SPARK_(programming_language)
pl/spark,designed_by,Altran,wikipedia,https://en.wikipedia.org/wiki/SPARK_(programming_language)
pl/spark,designed_by,AdaCore,wikipedia,https://en.wikipedia.org/wiki/SPARK_(programming_language)
pl/spark,first_appeared,2009,wikipedia,https://en.wikipedia.org/wiki/SPARK_(programming_language)
pl/spark,influenced_by,Ada,wikipedia,https://en.wikipedia.org/wiki/SPARK_(programming_language)
pl/spark,influenced_by,Eiffel,wikipedia,https://en.wikipedia.org/wiki/SPARK_(programming_language)
pl/spark,license,GPLv3,wikipedia,https://en.wikipedia.org/wiki/SPARK_(programming_language)
pl/spark,homepage,http://www.adacore.com/about-spark,wikipedia,https://en.wikipedia.org/wiki/SPARK_(programming_language)
pl/sparql,paradigms,query language,wikipedia,https://en.wikipedia.org/wiki/SPARQL
pl/sparql,designed_by,W3C,wikipedia,https://en.wikipedia.org/wiki/SPARQL
pl/sparql,first_appeared,2008,wikipedia,https://en.wikipedia.org/wiki/SPARQL
pl/sparql,homepage,http://www.w3.org/TR/sparql11-query/,wikipedia,https://en.wikipedia.org/wiki/SPARQL
pl/speakeasy,paradigms,imperative,wikipedia,https://en.wikipedia.org/wiki/Speakeasy_(computational_environment)
pl/speakeasy,typing,dynamic,wikipedia,https://en.wikipedia.org/wiki/Speakeasy_(computational_environment)
pl/speakeasy,designed_by,Speakeasy Computing Corporation,wikipedia,https://en.wikipedia.org/wiki/Speakeasy_(computational_environment)
pl/speakeasy,designed_by,Stanley Cohen,wikipedia,https://en.wikipedia.org/wiki/Speakeasy_(computational_environment)
pl/speakeasy,first_appeared,1964,wikipedia,https://en.wikipedia.org/wiki/Speakeasy_(computational_environment)
pl/speakeasy,influenced_by,APL,wikipedia,https://en.wikipedia.org/wiki/Speakeasy_(computational_environment)
pl/speakeasy,license,Trialware,wikipedia,https://en.wikipedia.org/wiki/Speakeasy_(computational_environment)
pl/speedcoding,paradigms,structured,wikipedia,https://en.wikipedia.org/wiki/Speedcoding
pl/speedcoding,paradigms,generic,wikipedia,https://en.wikipedia.org/wiki/Speedcoding
pl/speedcoding,typing,"strong, static, manifest",wikipedia,https://en.wikipedia.org/wiki/Speedcoding
pl/speedcoding,designed_by,John Backus,wikipedia,https://en.wikipedia.org/wiki/Speedcoding
pl/speedcoding,designed_by,IBM,wikipedia,https://en.wikipedia.org/wiki/Speedcoding
pl/speedcoding,first_appeared,1953,wikipedia,https://en.wikipedia.org/wiki/Speedcoding
pl/speedcoding,influenced_by,Assembly language,wikipedia,https://en.wikipedia.org/wiki/Speedcoding
pl/speedcoding,influenced_by,machine code,wikipedia,https://en.wikipedia.org/wiki/Speedcoding
pl/split-c,paradigms,imperative (procedural),wikipedia,https://en.wikipedia.org/wiki/Split-C
pl/split-c,paradigms,structured,wikipedia,https://en.wikipedia.org/wiki/Split-C
pl/split-c,paradigms,parallel,wikipedia,https://en.wikipedia.org/wiki/Split-C
pl/split-c,typing,"static, weak, manifest",wikipedia,https://en.wikipedia.org/wiki/Split-C
pl/split-c,influenced_by,C,wikipedia,https://en.wikipedia.org/wiki/Split-C
pl/split-c,homepage,http://www.eecs.berkeley.edu/Research/Projects/CS/parallel/castle/split-c/,wikipedia,https://en.wikipedia.org/wiki/Split-C
pl/sql,paradigms,declarative,wikipedia,https://en.wikipedia.org/wiki/SQL
pl/sql,typing,"static, strong",wikipedia,https://en.wikipedia.org/wiki/SQL
pl/sql,designed_by,ISO / IEC,wikipedia,https://en.wikipedia.org/wiki/SQL
pl/sql,designed_by,ISO/IEC JTC 1 (Joint Technical Committee 1) / SC 32 (Subcommittee 32) / WG 3 (Working Group 3),wikipedia,https://en.wikipedia.org/wiki/SQL
pl/sql,designed_by,Donald D. Chamberlin Raymond F. Boyce,wikipedia,https://en.wikipedia.org/wiki/SQL
pl/sql,first_appeared,1986,wikipedia,https://en.wikipedia.org/wiki/SQL
pl/sql,influenced_by,Datalog,wikipedia,https://en.wikipedia.org/wiki/SQL
pl/sql,homepage,https://www.iso.org/standard/76583.html,wikipedia,https://en.wikipedia.org/wiki/SQL
pl/sqlite,designed_by,D. Richard Hipp,wikipedia,https://en.wikipedia.org/wiki/SQLite
pl/sqlite,first_appeared,2004,wikipedia,https://en.wikipedia.org/wiki/SQLite
pl/sqlite,license,Public domain,wikipedia,https://en.wikipedia.org/wiki/SQLite
pl/sqlite,homepage,https://sqlite.org/fileformat.html,wikipedia,https://en.wikipedia.org/wiki/SQLite
pl/squeak,paradigms,object-oriented,wikipedia,https://en.wikipedia.org/wiki/Smalltalk
pl/squeak,typing,"objects, but in some implementations, strong or dynamic",wikipedia,https://en.wikipedia.org/wiki/Smalltalk
pl/squeak,designed_by,Peter Deutsch,wikipedia,https://en.wikipedia.org/wiki/Smalltalk
pl/squeak,designed_by,Adele Goldberg,wikipedia,https://en.wikipedia.org/wiki/Smalltalk
pl/squeak,designed_by,Dan Ingalls,wikipedia,https://en.wikipedia.org/wiki/Smalltalk
pl/squeak,designed_by,Ted Kaehler,wikipedia,https://en.wikipedia.org/wiki/Smalltalk
pl/squeak,designed_by,Alan Kay,wikipedia,https://en.wikipedia.org/wiki/Smalltalk
pl/squeak,designed_by,Diana Merry,wikipedia,https://en.wikipedia.org/wiki/Smalltalk
pl/squeak,designed_by,Scott Wallace,wikipedia,https://en.wikipedia.org/wiki/Smalltalk
pl/squeak,designed_by,Xerox PARC,wikipedia,https://en.wikipedia.org/wiki/Smalltalk
pl/squeak,first_appeared,1972,wikipedia,https://en.wikipedia.org/wiki/Smalltalk
pl/squeak,influenced_by,Lisp,wikipedia,https://en.wikipedia.org/wiki/Smalltalk
pl/squeak,influenced_by,Simula,wikipedia,https://en.wikipedia.org/wiki/Smalltalk
pl/squeak,influenced_by,Euler,wikipedia,https://en.wikipedia.org/wiki/Smalltalk
pl/squeak,influenced_by,IMP,wikipedia,https://en.wikipedia.org/wiki/Smalltalk
pl/squeak,influenced_by,Planner,wikipedia,https://en.wikipedia.org/wiki/Smalltalk
pl/squeak,influenced_by,Logo,wikipedia,https://en.wikipedia.org/wiki/Smalltalk
pl/squeak,influenced_by,Sketchpad,wikipedia,https://en.wikipedia.org/wiki/Smalltalk
pl/squeak,influenced_by,ARPAnet,wikipedia,https://en.wikipedia.org/wiki/Smalltalk
pl/squeak,influenced_by,Burroughs B5000,wikipedia,https://en.wikipedia.org/wiki/Smalltalk
pl/squeak,implementation_languages,Smalltalk,wikipedia,https://en.wikipedia.org/wiki/Smalltalk
pl/squirrel,paradigms,multi-paradigm: scripting,wikipedia,https://en.wikipedia.org/wiki/Squirrel_(programming_language)
pl/squirrel,paradigms,imperative,wikipedia,https://en.wikipedia.org/wiki/Squirrel_(programming_language)
pl/squirrel,paradigms,functional,wikipedia,https://en.wikipedia.org/wiki/Squirrel_(programming_language)
pl/squirrel,paradigms,object-oriented,wikipedia,https://en.wikipedia.org/wiki/Squirrel_(programming_language)
pl/squirrel,typing,dynamic,wikipedia,https://en.wikipedia.org/wiki/Squirrel_(programming_language)
pl/squirrel,designed_by,Alberto Demichelis,wikipedia,https://en.wikipedia.org/wiki/Squirrel_(programming_language)
pl/squirrel,first_appeared,2003,wikipedia,https://en.wikipedia.org/wiki/Squirrel_(programming_language)
pl/squirrel,influenced_by,C++,wikipedia,https://en.wikipedia.org/wiki/Squirrel_(programming_language)
pl/squirrel,influenced_by,JavaScript,wikipedia,https://en.wikipedia.org/wiki/Squirrel_(programming_language)
pl/squirrel,influenced_by,Lua,wikipedia,https://en.wikipedia.org/wiki/Squirrel_(programming_language)
pl/squirrel,influenced_by,Python,wikipedia,https://en.wikipedia.org/wiki/Squirrel_(programming_language)
pl/squirrel,license,MIT license,wikipedia,https://en.wikipedia.org/wiki/Squirrel_(programming_language)
pl/squirrel,homepage,http://squirrel-lang.org/,wikipedia,https://en.wikipedia.org/wiki/Squirrel_(programming_language)
pl/squirrel-programming-language,paradigms,multi-paradigm: scripting,wikipedia,https://en.wikipedia.org/wiki/Squirrel_(programming_language)
pl/squirrel-programming-language,paradigms,imperative,wikipedia,https://en.wikipedia.org/wiki/Squirrel_(programming_language)
pl/squirrel-programming-language,paradigms,functional,wikipedia,https://en.wikipedia.org/wiki/Squirrel_(programming_language)
pl/squirrel-programming-language,paradigms,object-oriented,wikipedia,https://en.wikipedia.org/wiki/Squirrel_(programming_language)
pl/squirrel-programming-language,typing,dynamic,wikipedia,https://en.wikipedia.org/wiki/Squirrel_(programming_language)
pl/squirrel-programming-language,designed_by,Alberto Demichelis,wikipedia,https://en.wikipedia.org/wiki/Squirrel_(programming_language)
pl/squirrel-programming-language,first_appeared,2003,wikipedia,https://en.wikipedia.org/wiki/Squirrel_(programming_language)
pl/squirrel-programming-language,influenced_by,C++,wikipedia,https://en.wikipedia.org/wiki/Squirrel_(programming_language)
pl/squirrel-programming-language,influenced_by,JavaScript,wikipedia,https://en.wikipedia.org/wiki/Squirrel_(programming_language)
pl/squirrel-programming-language,influenced_by,Lua,wikipedia,https://en.wikipedia.org/wiki/Squirrel_(programming_language)
pl/squirrel-programming-language,influenced_by,Python,wikipedia,https://en.wikipedia.org/wiki/Squirrel_(programming_language)
pl/squirrel-programming-language,license,MIT license,wikipedia,https://en.wikipedia.org/wiki/Squirrel_(programming_language)
pl/squirrel-programming-language,homepage,http://squirrel-lang.org/,wikipedia,https://en.wikipedia.org/wiki/Squirrel_(programming_language)
pl/stadyn-programming-language,paradigms,object oriented,wikipedia,https://en.wikipedia.org/wiki/StaDyn_(programming_language)
pl/stadyn-programming-language,typing,"hybrid static and dynamic typing, gradual typing, strong, inferred",wikipedia,https://en.wikipedia.org/wiki/StaDyn_(programming_language)
pl/stadyn-programming-language,designed_by,Computational Reflection research group of the University of Oviedo,wikipedia,https://en.wikipedia.org/wiki/StaDyn_(programming_language)
pl/stadyn-programming-language,designed_by,Francisco Ortin,wikipedia,https://en.wikipedia.org/wiki/StaDyn_(programming_language)
pl/stadyn-programming-language,first_appeared,2007,wikipedia,https://en.wikipedia.org/wiki/StaDyn_(programming_language)
pl/stadyn-programming-language,influenced_by,C#,wikipedia,https://en.wikipedia.org/wiki/StaDyn_(programming_language)
pl/stadyn-programming-language,influenced_by,OCaml,wikipedia,https://en.wikipedia.org/wiki/StaDyn_(programming_language)
pl/stadyn-programming-language,influenced_by,StrongTalk,wikipedia,https://en.wikipedia.org/wiki/StaDyn_(programming_language)
pl/stadyn-programming-language,influenced_by,Boo,wikipedia,https://en.wikipedia.org/wiki/StaDyn_(programming_language)
pl/stadyn-programming-language,license,MIT License,wikipedia,https://en.wikipedia.org/wiki/StaDyn_(programming_language)
pl/stadyn-programming-language,implementation_languages,C#,wikipedia,https://en.wikipedia.org/wiki/StaDyn_(programming_language)
pl/stadyn-programming-language,homepage,https://reflection.uniovi.es/stadyn,wikipedia,https://en.wikipedia.org/wiki/StaDyn_(programming_language)
pl/stan,first_appeared,2012,wikipedia,https://en.wikipedia.org/wiki/Stan_(software)
pl/stan,license,New BSD License,wikipedia,https://en.wikipedia.org/wiki/Stan_(software)
pl/stan,homepage,https://mc-stan.org/,wikipedia,https://en.wikipedia.org/wiki/Stan_(software)
pl/standard-ml,paradigms,multi-paradigm: functional,wikipedia,https://en.wikipedia.org/wiki/Standard_ML
pl/standard-ml,paradigms,imperative,wikipedia,https://en.wikipedia.org/wiki/Standard_ML
pl/standard-ml,paradigms,modular,wikipedia,https://en.wikipedia.org/wiki/Standard_ML
pl/standard-ml,typing,"inferred, static, strong",wikipedia,https://en.wikipedia.org/wiki/Standard_ML
pl/standard-ml,first_appeared,1983,wikipedia,https://en.wikipedia.org/wiki/Standard_ML
pl/standard-ml,influenced_by,ML,wikipedia,https://en.wikipedia.org/wiki/Standard_ML
pl/standard-ml,influenced_by,Hope,wikipedia,https://en.wikipedia.org/wiki/Standard_ML
pl/standard-ml,influenced_by,Pascal,wikipedia,https://en.wikipedia.org/wiki/Standard_ML
pl/standard-ml,homepage,https://smlfamily.github.io/,wikipedia,https://en.wikipedia.org/wiki/Standard_ML
pl/starlark,paradigms,multi-paradigm: object-oriented,wikipedia,https://en.wikipedia.org/wiki/Python_(programming_language)
pl/starlark,paradigms,procedural (imperative),wikipedia,https://en.wikipedia.org/wiki/Python_(programming_language)
pl/starlark,paradigms,functional,wikipedia,https://en.wikipedia.org/wiki/Python_(programming_language)
pl/starlark,paradigms,structured,wikipedia,https://en.wikipedia.org/wiki/Python_(programming_language)
pl/starlark,paradigms,reflective,wikipedia,https://en.wikipedia.org/wiki/Python_(programming_language)
pl/starlark,typing,"duck, dynamic, strong; optional type annotations",wikipedia,https://en.wikipedia.org/wiki/Python_(programming_language)
pl/starlark,designed_by,Python Software Foundation,wikipedia,https://en.wikipedia.org/wiki/Python_(programming_language)
pl/starlark,designed_by,Guido van Rossum,wikipedia,https://en.wikipedia.org/wiki/Python_(programming_language)
pl/starlark,first_appeared,1991,wikipedia,https://en.wikipedia.org/wiki/Python_(programming_language)
pl/starlark,influenced_by,ABC,wikipedia,https://en.wikipedia.org/wiki/Python_(programming_language)
pl/starlark,influenced_by,Ada,wikipedia,https://en.wikipedia.org/wiki/Python_(programming_language)
pl/starlark,influenced_by,ALGOL 68,wikipedia,https://en.wikipedia.org/wiki/Python_(programming_language)
pl/starlark,influenced_by,APL,wikipedia,https://en.wikipedia.org/wiki/Python_(programming_language)
pl/starlark,influenced_by,C,wikipedia,https://en.wikipedia.org/wiki/Python_(programming_language)
pl/starlark,influenced_by,C++,wikipedia,https://en.wikipedia.org/wiki/Python_(programming_language)
pl/starlark,influenced_by,CLU,wikipedia,https://en.wikipedia.org/wiki/Python_(programming_language)
pl/starlark,influenced_by,Dylan,wikipedia,https://en.wikipedia.org/wiki/Python_(programming_language)
pl/starlark,influenced_by,Haskell,wikipedia,https://en.wikipedia.org/wiki/Python_(programming_language)
pl/starlark,influenced_by,Icon,wikipedia,https://en.wikipedia.org/wiki/Python_(programming_language)
pl/starlark,influenced_by,Lisp,wikipedia,https://en.wikipedia.org/wiki/Python_(programming_language)
pl/starlark,influenced_by,Modula-3,wikipedia,https://en.wikipedia.org/wiki/Python_(programming_language)
pl/starlark,influenced_by,Perl,wikipedia,https://en.wikipedia.org/wiki/Python_(programming_language)
pl/starlark,influenced_by,Standard ML,wikipedia,https://en.wikipedia.org/wiki/Python_(programming_language)
pl/starlark,license,Python Software Foundation License,wikipedia,https://en.wikipedia.org/wiki/Python_(programming_language)
pl/starlark,homepage,https://www.python.org/,wikipedia,https://en.wikipedia.org/wiki/Python_(programming_language)
pl/starlogo,paradigms,multi-paradigm: educational,wikipedia,https://en.wikipedia.org/wiki/StarLogo
pl/starlogo,paradigms,procedural,wikipedia,https://en.wikipedia.org/wiki/StarLogo
pl/starlogo,paradigms,agent-based,wikipedia,https://en.wikipedia.org/wiki/StarLogo
pl/starlogo,paradigms,simulation,wikipedia,https://en.wikipedia.org/wiki/StarLogo
pl/starlogo,typing,"duck, dynamic, strong",wikipedia,https://en.wikipedia.org/wiki/StarLogo
pl/starlogo,designed_by,MIT: Media Lab,wikipedia,https://en.wikipedia.org/wiki/StarLogo
pl/starlogo,designed_by,Scheller Teacher Education Program,wikipedia,https://en.wikipedia.org/wiki/StarLogo
pl/starlogo,designed_by,Mitchel Resnick,wikipedia,https://en.wikipedia.org/wiki/StarLogo
pl/starlogo,designed_by,Eric Klopfer,wikipedia,https://en.wikipedia.org/wiki/StarLogo
pl/starlogo,designed_by,Daniel Wendel,wikipedia,https://en.wikipedia.org/wiki/StarLogo
pl/starlogo,first_appeared,2001,wikipedia,https://en.wikipedia.org/wiki/StarLogo
pl/starlogo,influenced_by,Logo,wikipedia,https://en.wikipedia.org/wiki/StarLogo
pl/starlogo,license,Various,wikipedia,https://en.wikipedia.org/wiki/StarLogo
pl/starlogo,implementation_languages,Java,wikipedia,https://en.wikipedia.org/wiki/StarLogo
pl/starlogo,implementation_languages,C,wikipedia,https://en.wikipedia.org/wiki/StarLogo
pl/starlogo,homepage,http://www.slnova.org,wikipedia,https://en.wikipedia.org/wiki/StarLogo
pl/stata,designed_by,StataCorp,wikipedia,https://en.wikipedia.org/wiki/Stata
pl/stata,first_appeared,1985,wikipedia,https://en.wikipedia.org/wiki/Stata
pl/stata,license,Proprietary,wikipedia,https://en.wikipedia.org/wiki/Stata
pl/stata,homepage,https://www.stata.com/,wikipedia,https://en.wikipedia.org/wiki/Stata
pl/stella,paradigms,visual,wikipedia,https://en.wikipedia.org/wiki/STELLA_(programming_language)
pl/stella,paradigms,simulation language,wikipedia,https://en.wikipedia.org/wiki/STELLA_(programming_language)
pl/stella,designed_by,isee systems (formerly High Performance Systems),wikipedia,https://en.wikipedia.org/wiki/STELLA_(programming_language)
pl/stella,designed_by,Barry Richmond,wikipedia,https://en.wikipedia.org/wiki/STELLA_(programming_language)
pl/stella,first_appeared,1985,wikipedia,https://en.wikipedia.org/wiki/STELLA_(programming_language)
pl/stella,influenced_by,DYNAMO,wikipedia,https://en.wikipedia.org/wiki/STELLA_(programming_language)
pl/stella,license,Proprietary,wikipedia,https://en.wikipedia.org/wiki/STELLA_(programming_language)
pl/stella,homepage,http://www.iseesystems.com/,wikipedia,https://en.wikipedia.org/wiki/STELLA_(programming_language)
pl/stl,designed_by,3D Systems,wikipedia,https://en.wikipedia.org/wiki/STL_(file_format)
pl/stl,first_appeared,1987,wikipedia,https://en.wikipedia.org/wiki/STL_(file_format)
pl/stringcomp,designed_by,BBN,wikipedia,https://en.wikipedia.org/wiki/STRINGCOMP
pl/stringcomp,influenced_by,JOSS,wikipedia,https://en.wikipedia.org/wiki/STRINGCOMP
pl/stringtemplate,paradigms,object-oriented,wikipedia,https://en.wikipedia.org/wiki/Smalltalk
pl/stringtemplate,typing,"objects, but in some implementations, strong or dynamic",wikipedia,https://en.wikipedia.org/wiki/Smalltalk
pl/stringtemplate,designed_by,Peter Deutsch,wikipedia,https://en.wikipedia.org/wiki/Smalltalk
pl/stringtemplate,designed_by,Adele Goldberg,wikipedia,https://en.wikipedia.org/wiki/Smalltalk
pl/stringtemplate,designed_by,Dan Ingalls,wikipedia,https://en.wikipedia.org/wiki/Smalltalk
pl/stringtemplate,designed_by,Ted Kaehler,wikipedia,https://en.wikipedia.org/wiki/Smalltalk
pl/stringtemplate,designed_by,Alan Kay,wikipedia,https://en.wikipedia.org/wiki/Smalltalk
pl/stringtemplate,designed_by,Diana Merry,wikipedia,https://en.wikipedia.org/wiki/Smalltalk
pl/stringtemplate,designed_by,Scott Wallace,wikipedia,https://en.wikipedia.org/wiki/Smalltalk
pl/stringtemplate,designed_by,Xerox PARC,wikipedia,https://en.wikipedia.org/wiki/Smalltalk
pl/stringtemplate,first_appeared,1972,wikipedia,https://en.wikipedia.org/wiki/Smalltalk
pl/stringtemplate,influenced_by,Lisp,wikipedia,https://en.wikipedia.org/wiki/Smalltalk
pl/stringtemplate,influenced_by,Simula,wikipedia,https://en.wikipedia.org/wiki/Smalltalk
pl/stringtemplate,influenced_by,Euler,wikipedia,https://en.wikipedia.org/wiki/Smalltalk
pl/stringtemplate,influenced_by,IMP,wikipedia,https://en.wikipedia.org/wiki/Smalltalk
pl/stringtemplate,influenced_by,Planner,wikipedia,https://en.wikipedia.org/wiki/Smalltalk
pl/stringtemplate,influenced_by,Logo,wikipedia,https://en.wikipedia.org/wiki/Smalltalk
pl/stringtemplate,influenced_by,Sketchpad,wikipedia,https://en.wikipedia.org/wiki/Smalltalk
pl/stringtemplate,influenced_by,ARPAnet,wikipedia,https://en.wikipedia.org/wiki/Smalltalk
pl/stringtemplate,influenced_by,Burroughs B5000,wikipedia,https://en.wikipedia.org/wiki/Smalltalk
pl/stringtemplate,implementation_languages,Smalltalk,wikipedia,https://en.wikipedia.org/wiki/Smalltalk
pl/strongtalk,paradigms,object-oriented,wikipedia,https://en.wikipedia.org/wiki/Strongtalk
pl/strongtalk,typing,"dynamic, optional static (strong)",wikipedia,https://en.wikipedia.org/wiki/Strongtalk
pl/strongtalk,designed_by,Animorphic Systems,wikipedia,https://en.wikipedia.org/wiki/Strongtalk
pl/strongtalk,designed_by,Sun Microsystems,wikipedia,https://en.wikipedia.org/wiki/Strongtalk
pl/strongtalk,designed_by,Gilad Bracha,wikipedia,https://en.wikipedia.org/wiki/Strongtalk
pl/strongtalk,designed_by,David Griswold,wikipedia,https://en.wikipedia.org/wiki/Strongtalk
pl/strongtalk,first_appeared,2002,wikipedia,https://en.wikipedia.org/wiki/Strongtalk
pl/strongtalk,influenced_by,Smalltalk,wikipedia,https://en.wikipedia.org/wiki/Strongtalk
pl/strongtalk,influenced_by,Self,wikipedia,https://en.wikipedia.org/wiki/Strongtalk
pl/strongtalk,license,BSD revised,wikipedia,https://en.wikipedia.org/wiki/Strongtalk
pl/strongtalk,implementation_languages,Smalltalk,wikipedia,https://en.wikipedia.org/wiki/Strongtalk
pl/strongtalk,homepage,http://www.strongtalk.org,wikipedia,https://en.wikipedia.org/wiki/Strongtalk
pl/stylus,typing,dynamic,wikipedia,https://en.wikipedia.org/wiki/Stylus_(style_sheet_language)
pl/stylus,designed_by,LearnBoost (March 29,wikipedia,https://en.wikipedia.org/wiki/Stylus_(style_sheet_language)
pl/stylus,designed_by,2011 (2011-03-29) - March 26,wikipedia,https://en.wikipedia.org/wiki/Stylus_(style_sheet_language)
pl/stylus,designed_by,2015 (2015-03-26)) / Automattic (March 26,wikipedia,https://en.wikipedia.org/wiki/Stylus_(style_sheet_language)
pl/stylus,designed_by,2015 (2015-03-26) - Present),wikipedia,https://en.wikipedia.org/wiki/Stylus_(style_sheet_language)
pl/stylus,designed_by,TJ Holowaychuk,wikipedia,https://en.wikipedia.org/wiki/Stylus_(style_sheet_language)
pl/stylus,first_appeared,2010,wikipedia,https://en.wikipedia.org/wiki/Stylus_(style_sheet_language)
pl/stylus,influenced_by,CSS,wikipedia,https://en.wikipedia.org/wiki/Stylus_(style_sheet_language)
pl/stylus,influenced_by,Sass,wikipedia,https://en.wikipedia.org/wiki/Stylus_(style_sheet_language)
pl/stylus,influenced_by,Less,wikipedia,https://en.wikipedia.org/wiki/Stylus_(style_sheet_language)
pl/stylus,license,MIT License,wikipedia,https://en.wikipedia.org/wiki/Stylus_(style_sheet_language)
pl/stylus,homepage,https://stylus-lang.com/,wikipedia,https://en.wikipedia.org/wiki/Stylus_(style_sheet_language)
pl/superbasic,first_appeared,1984,wikipedia,https://en.wikipedia.org/wiki/SuperBASIC
pl/superbasic,license,Proprietary,wikipedia,https://en.wikipedia.org/wiki/SuperBASIC
pl/supercollider,first_appeared,1996,wikipedia,https://en.wikipedia.org/wiki/SuperCollider
pl/supercollider,license,GPL-3.0-or-later,wikipedia,https://en.wikipedia.org/wiki/SuperCollider
pl/supercollider,implementation_languages,C++,wikipedia,https://en.wikipedia.org/wiki/SuperCollider
pl/supercollider,homepage,http://supercollider.github.io,wikipedia,https://en.wikipedia.org/wiki/SuperCollider
pl/superplan,designed_by,Heinz Rutishauser,wikipedia,https://en.wikipedia.org/wiki/Superplan
pl/superplan,first_appeared,1951,wikipedia,https://en.wikipedia.org/wiki/Superplan
pl/superplan,influenced_by,Plankalkül,wikipedia,https://en.wikipedia.org/wiki/Superplan
pl/svelte,designed_by,The Svelte maintainers,wikipedia,https://en.wikipedia.org/wiki/Svelte
pl/svelte,designed_by,and various contributors. Includes Rich Harris,wikipedia,https://en.wikipedia.org/wiki/Svelte
pl/svelte,designed_by,Conduitry,wikipedia,https://en.wikipedia.org/wiki/Svelte
pl/svelte,designed_by,Tan Li Hau,wikipedia,https://en.wikipedia.org/wiki/Svelte
pl/svelte,designed_by,Ben McCann,wikipedia,https://en.wikipedia.org/wiki/Svelte
pl/svelte,designed_by,and Simon Holthausen,wikipedia,https://en.wikipedia.org/wiki/Svelte
pl/svelte,first_appeared,Initial release,wikipedia,https://en.wikipedia.org/wiki/Svelte
pl/svelte,license,MIT License,wikipedia,https://en.wikipedia.org/wiki/Svelte
pl/svelte,homepage,https://svelte.dev/docs/kit,wikipedia,https://en.wikipedia.org/wiki/Svelte
pl/svg,designed_by,W3C,wikipedia,https://en.wikipedia.org/wiki/SVG
pl/svg,first_appeared,2001,wikipedia,https://en.wikipedia.org/wiki/SVG
pl/svg,homepage,https://www.w3.org/Graphics/SVG/,wikipedia,https://en.wikipedia.org/wiki/SVG
pl/svl,paradigms,multi-paradigm,wikipedia,https://en.wikipedia.org/wiki/Scientific_Vector_Language
pl/svl,typing,dynamic,wikipedia,https://en.wikipedia.org/wiki/Scientific_Vector_Language
pl/svl,first_appeared,1994,wikipedia,https://en.wikipedia.org/wiki/Scientific_Vector_Language
pl/svl,license,Proprietary software,wikipedia,https://en.wikipedia.org/wiki/Scientific_Vector_Language
pl/svl,homepage,http://www.chemcomp.com/,wikipedia,https://en.wikipedia.org/wiki/Scientific_Vector_Language
pl/swi-prolog,designed_by,Jan Wielemaker,wikipedia,https://en.wikipedia.org/wiki/SWI-Prolog
pl/swi-prolog,designed_by,Anjo Anjewierden,wikipedia,https://en.wikipedia.org/wiki/SWI-Prolog
pl/swi-prolog,designed_by,etc,wikipedia,https://en.wikipedia.org/wiki/SWI-Prolog
pl/swi-prolog,first_appeared,1987,wikipedia,https://en.wikipedia.org/wiki/SWI-Prolog
pl/swi-prolog,license,"Simplified BSD, LGPL prior to version 7.3.33",wikipedia,https://en.wikipedia.org/wiki/SWI-Prolog
pl/swi-prolog,homepage,https://www.swi-prolog.org/,wikipedia,https://en.wikipedia.org/wiki/SWI-Prolog
pl/swift,paradigms,multi-paradigm: protocol-oriented,wikipedia,https://en.wikipedia.org/wiki/Swift_(programming_language)
pl/swift,paradigms,object-oriented,wikipedia,https://en.wikipedia.org/wiki/Swift_(programming_language)
pl/swift,paradigms,functional,wikipedia,https://en.wikipedia.org/wiki/Swift_(programming_language)
pl/swift,paradigms,imperative,wikipedia,https://en.wikipedia.org/wiki/Swift_(programming_language)
pl/swift,paradigms,block structured,wikipedia,https://en.wikipedia.org/wiki/Swift_(programming_language)
pl/swift,paradigms,declarative,wikipedia,https://en.wikipedia.org/wiki/Swift_(programming_language)
pl/swift,paradigms,concurrent,wikipedia,https://en.wikipedia.org/wiki/Swift_(programming_language)
pl/swift,typing,"static, strong, inferred",wikipedia,https://en.wikipedia.org/wiki/Swift_(programming_language)
pl/swift,designed_by,Apple Inc,wikipedia,https://en.wikipedia.org/wiki/Swift_(programming_language)
pl/swift,designed_by,open-source contributors,wikipedia,https://en.wikipedia.org/wiki/Swift_(programming_language)
pl/swift,designed_by,Chris Lattner,wikipedia,https://en.wikipedia.org/wiki/Swift_(programming_language)
pl/swift,designed_by,Doug Gregor,wikipedia,https://en.wikipedia.org/wiki/Swift_(programming_language)
pl/swift,designed_by,John McCall,wikipedia,https://en.wikipedia.org/wiki/Swift_(programming_language)
pl/swift,designed_by,Ted Kremenek,wikipedia,https://en.wikipedia.org/wiki/Swift_(programming_language)
pl/swift,designed_by,Joe Groff,wikipedia,https://en.wikipedia.org/wiki/Swift_(programming_language)
pl/swift,designed_by,and Apple Inc,wikipedia,https://en.wikipedia.org/wiki/Swift_(programming_language)
pl/swift,first_appeared,2014,wikipedia,https://en.wikipedia.org/wiki/Swift_(programming_language)
pl/swift,influenced_by,Objective-C,wikipedia,https://en.wikipedia.org/wiki/Swift_(programming_language)
pl/swift,influenced_by,Rust,wikipedia,https://en.wikipedia.org/wiki/Swift_(programming_language)
pl/swift,influenced_by,Haskell,wikipedia,https://en.wikipedia.org/wiki/Swift_(programming_language)
pl/swift,influenced_by,Ruby,wikipedia,https://en.wikipedia.org/wiki/Swift_(programming_language)
pl/swift,influenced_by,Python,wikipedia,https://en.wikipedia.org/wiki/Swift_(programming_language)
pl/swift,influenced_by,C#,wikipedia,https://en.wikipedia.org/wiki/Swift_(programming_language)
pl/swift,influenced_by,CLU,wikipedia,https://en.wikipedia.org/wiki/Swift_(programming_language)
pl/swift,influenced_by,D,wikipedia,https://en.wikipedia.org/wiki/Swift_(programming_language)
pl/swift,license,Apache License 2.0 (Swift 2.2 and later) Proprietary (up to Swift 2.2),wikipedia,https://en.wikipedia.org/wiki/Swift_(programming_language)
pl/swift-parallel-scripting-language,paradigms,dataflow,wikipedia,https://en.wikipedia.org/wiki/Swift_(parallel_scripting_language)
pl/swift-parallel-scripting-language,paradigms,distributed,wikipedia,https://en.wikipedia.org/wiki/Swift_(parallel_scripting_language)
pl/swift-parallel-scripting-language,paradigms,grid,wikipedia,https://en.wikipedia.org/wiki/Swift_(parallel_scripting_language)
pl/swift-parallel-scripting-language,paradigms,concurrent,wikipedia,https://en.wikipedia.org/wiki/Swift_(parallel_scripting_language)
pl/swift-parallel-scripting-language,paradigms,scientific workflow,wikipedia,https://en.wikipedia.org/wiki/Swift_(parallel_scripting_language)
pl/swift-parallel-scripting-language,paradigms,scripting,wikipedia,https://en.wikipedia.org/wiki/Swift_(parallel_scripting_language)
pl/swift-parallel-scripting-language,typing,strong,wikipedia,https://en.wikipedia.org/wiki/Swift_(parallel_scripting_language)
pl/swift-parallel-scripting-language,designed_by,University of Chicago,wikipedia,https://en.wikipedia.org/wiki/Swift_(parallel_scripting_language)
pl/swift-parallel-scripting-language,designed_by,Argonne National Laboratory,wikipedia,https://en.wikipedia.org/wiki/Swift_(parallel_scripting_language)
pl/swift-parallel-scripting-language,first_appeared,2007,wikipedia,https://en.wikipedia.org/wiki/Swift_(parallel_scripting_language)
pl/swift-parallel-scripting-language,influenced_by,C syntax,wikipedia,https://en.wikipedia.org/wiki/Swift_(parallel_scripting_language)
pl/swift-parallel-scripting-language,influenced_by,functional programming,wikipedia,https://en.wikipedia.org/wiki/Swift_(parallel_scripting_language)
pl/swift-parallel-scripting-language,license,Apache 2.0,wikipedia,https://en.wikipedia.org/wiki/Swift_(parallel_scripting_language)
pl/swift-parallel-scripting-language,homepage,http://swift-lang.org,wikipedia,https://en.wikipedia.org/wiki/Swift_(parallel_scripting_language)
pl/swift-programming-language,paradigms,multi-paradigm: protocol-oriented,wikipedia,https://en.wikipedia.org/wiki/Swift_(programming_language)
pl/swift-programming-language,paradigms,object-oriented,wikipedia,https://en.wikipedia.org/wiki/Swift_(programming_language)
pl/swift-programming-language,paradigms,functional,wikipedia,https://en.wikipedia.org/wiki/Swift_(programming_language)
pl/swift-programming-language,paradigms,imperative,wikipedia,https://en.wikipedia.org/wiki/Swift_(programming_language)
pl/swift-programming-language,paradigms,block structured,wikipedia,https://en.wikipedia.org/wiki/Swift_(programming_language)
pl/swift-programming-language,paradigms,declarative,wikipedia,https://en.wikipedia.org/wiki/Swift_(programming_language)
pl/swift-programming-language,paradigms,concurrent,wikipedia,https://en.wikipedia.org/wiki/Swift_(programming_language)
pl/swift-programming-language,typing,"static, strong, inferred",wikipedia,https://en.wikipedia.org/wiki/Swift_(programming_language)
pl/swift-programming-language,designed_by,Apple Inc,wikipedia,https://en.wikipedia.org/wiki/Swift_(programming_language)
pl/swift-programming-language,designed_by,open-source contributors,wikipedia,https://en.wikipedia.org/wiki/Swift_(programming_language)
pl/swift-programming-language,designed_by,Chris Lattner,wikipedia,https://en.wikipedia.org/wiki/Swift_(programming_language)
pl/swift-programming-language,designed_by,Doug Gregor,wikipedia,https://en.wikipedia.org/wiki/Swift_(programming_language)
pl/swift-programming-language,designed_by,John McCall,wikipedia,https://en.wikipedia.org/wiki/Swift_(programming_language)
pl/swift-programming-language,designed_by,Ted Kremenek,wikipedia,https://en.wikipedia.org/wiki/Swift_(programming_language)
pl/swift-programming-language,designed_by,Joe Groff,wikipedia,https://en.wikipedia.org/wiki/Swift_(programming_language)
pl/swift-programming-language,designed_by,and Apple Inc,wikipedia,https://en.wikipedia.org/wiki/Swift_(programming_language)
pl/swift-programming-language,first_appeared,2014,wikipedia,https://en.wikipedia.org/wiki/Swift_(programming_language)
pl/swift-programming-language,influenced_by,Objective-C,wikipedia,https://en.wikipedia.org/wiki/Swift_(programming_language)
pl/swift-programming-language,influenced_by,Rust,wikipedia,https://en.wikipedia.org/wiki/Swift_(programming_language)
pl/swift-programming-language,influenced_by,Haskell,wikipedia,https://en.wikipedia.org/wiki/Swift_(programming_language)
pl/swift-programming-language,influenced_by,Ruby,wikipedia,https://en.wikipedia.org/wiki/Swift_(programming_language)
pl/swift-programming-language,influenced_by,Python,wikipedia,https://en.wikipedia.org/wiki/Swift_(programming_language)
pl/swift-programming-language,influenced_by,C#,wikipedia,https://en.wikipedia.org/wiki/Swift_(programming_language)
pl/swift-programming-language,influenced_by,CLU,wikipedia,https://en.wikipedia.org/wiki/Swift_(programming_language)
pl/swift-programming-language,influenced_by,D,wikipedia,https://en.wikipedia.org/wiki/Swift_(programming_language)
pl/swift-programming-language,license,Apache License 2.0 (Swift 2.2 and later) Proprietary (up to Swift 2.2),wikipedia,https://en.wikipedia.org/wiki/Swift_(programming_language)
pl/systemverilog,paradigms,structured (design) object-oriented (verification),wikipedia,https://en.wikipedia.org/wiki/SystemVerilog
pl/systemverilog,typing,"static, weak",wikipedia,https://en.wikipedia.org/wiki/SystemVerilog
pl/systemverilog,designed_by,Synopsys,wikipedia,https://en.wikipedia.org/wiki/SystemVerilog
pl/systemverilog,designed_by,later IEEE,wikipedia,https://en.wikipedia.org/wiki/SystemVerilog
pl/systemverilog,first_appeared,2002,wikipedia,https://en.wikipedia.org/wiki/SystemVerilog
pl/systemverilog,influenced_by,Verilog,wikipedia,https://en.wikipedia.org/wiki/SystemVerilog
pl/systemverilog,influenced_by,VHDL,wikipedia,https://en.wikipedia.org/wiki/SystemVerilog
pl/systemverilog,influenced_by,C++ (design) OpenVera,wikipedia,https://en.wikipedia.org/wiki/SystemVerilog
pl/systemverilog,influenced_by,Java (verification),wikipedia,https://en.wikipedia.org/wiki/SystemVerilog
pl/t,paradigms,multi-paradigm: object-oriented,wikipedia,https://en.wikipedia.org/wiki/T_(programming_language)
pl/t,paradigms,imperative,wikipedia,https://en.wikipedia.org/wiki/T_(programming_language)
pl/t,paradigms,functional,wikipedia,https://en.wikipedia.org/wiki/T_(programming_language)
pl/t,paradigms,meta,wikipedia,https://en.wikipedia.org/wiki/T_(programming_language)
pl/t,typing,"dynamic, strong",wikipedia,https://en.wikipedia.org/wiki/T_(programming_language)
pl/t,designed_by,same,wikipedia,https://en.wikipedia.org/wiki/T_(programming_language)
pl/t,designed_by,Jonathan A. Rees Norman I. Adams,wikipedia,https://en.wikipedia.org/wiki/T_(programming_language)
pl/t,first_appeared,1982,wikipedia,https://en.wikipedia.org/wiki/T_(programming_language)
pl/t,influenced_by,Scheme,wikipedia,https://en.wikipedia.org/wiki/T_(programming_language)
pl/t,homepage,http://mumble.net/~jar/tproject,wikipedia,https://en.wikipedia.org/wiki/T_(programming_language)
pl/tacl,first_appeared,1970s,wikipedia,https://en.wikipedia.org/wiki/TACL_(programming_language)
pl/tacl,license,Proprietary,wikipedia,https://en.wikipedia.org/wiki/TACL_(programming_language)
pl/tads,paradigms,prototype-based,wikipedia,https://en.wikipedia.org/wiki/Text_Adventure_Development_System
pl/tads,paradigms,domain-specific,wikipedia,https://en.wikipedia.org/wiki/Text_Adventure_Development_System
pl/tads,typing,"strong typing, type inference",wikipedia,https://en.wikipedia.org/wiki/Text_Adventure_Development_System
pl/tads,designed_by,Michael J. Roberts,wikipedia,https://en.wikipedia.org/wiki/Text_Adventure_Development_System
pl/tads,first_appeared,1988,wikipedia,https://en.wikipedia.org/wiki/Text_Adventure_Development_System
pl/tads,license,TADS 2 Freeware source code,wikipedia,https://en.wikipedia.org/wiki/Text_Adventure_Development_System
pl/tads,homepage,http://www.tads.org,wikipedia,https://en.wikipedia.org/wiki/Text_Adventure_Development_System
pl/tcc,designed_by,Borland,wikipedia,https://en.wikipedia.org/wiki/Turbo_C%2B%2B
pl/tcc,first_appeared,1990,wikipedia,https://en.wikipedia.org/wiki/Turbo_C%2B%2B
pl/tcc,license,Freeware (Explorer) Proprietary (Professional),wikipedia,https://en.wikipedia.org/wiki/Turbo_C%2B%2B
pl/tcc,homepage,https://web.archive.org/web/20081206030925/http://www.turboexplorer.com/cpp,wikipedia,https://en.wikipedia.org/wiki/Turbo_C%2B%2B
pl/tcl,paradigms,multi-paradigm: event-driven,wikipedia,https://en.wikipedia.org/wiki/Tcl_(programming_language)
pl/tcl,paradigms,functional,wikipedia,https://en.wikipedia.org/wiki/Tcl_(programming_language)
pl/tcl,paradigms,imperative,wikipedia,https://en.wikipedia.org/wiki/Tcl_(programming_language)
pl/tcl,paradigms,object-oriented,wikipedia,https://en.wikipedia.org/wiki/Tcl_(programming_language)
pl/tcl,typing,"dynamic typing, everything is a string",wikipedia,https://en.wikipedia.org/wiki/Tcl_(programming_language)
pl/tcl,designed_by,Tcl Core Team,wikipedia,https://en.wikipedia.org/wiki/Tcl_(programming_language)
pl/tcl,designed_by,John Ousterhout,wikipedia,https://en.wikipedia.org/wiki/Tcl_(programming_language)
pl/tcl,first_appeared,1988,wikipedia,https://en.wikipedia.org/wiki/Tcl_(programming_language)
pl/tcl,influenced_by,AWK,wikipedia,https://en.wikipedia.org/wiki/Tcl_(programming_language)
pl/tcl,influenced_by,Lisp,wikipedia,https://en.wikipedia.org/wiki/Tcl_(programming_language)
pl/tcl,license,BSD -style,wikipedia,https://en.wikipedia.org/wiki/Tcl_(programming_language)
pl/tcl,implementation_languages,C,wikipedia,https://en.wikipedia.org/wiki/Tcl_(programming_language)
pl/tcl,implementation_languages,Tcl,wikipedia,https://en.wikipedia.org/wiki/Tcl_(programming_language)
pl/tcl,homepage,https://www.tcl-lang.org,wikipedia,https://en.wikipedia.org/wiki/Tcl_(programming_language)
pl/tcsh,first_appeared,1978,wikipedia,https://en.wikipedia.org/wiki/C_shell
pl/tcsh,license,BSD license,wikipedia,https://en.wikipedia.org/wiki/C_shell
pl/tea,paradigms,multi-paradigm: functional,wikipedia,https://en.wikipedia.org/wiki/Tea_(programming_language)
pl/tea,paradigms,object-oriented (class-based),wikipedia,https://en.wikipedia.org/wiki/Tea_(programming_language)
pl/tea,designed_by,Jorge Nunes,wikipedia,https://en.wikipedia.org/wiki/Tea_(programming_language)
pl/tea,first_appeared,1997,wikipedia,https://en.wikipedia.org/wiki/Tea_(programming_language)
pl/tea,influenced_by,Tcl,wikipedia,https://en.wikipedia.org/wiki/Tea_(programming_language)
pl/tea,influenced_by,Java,wikipedia,https://en.wikipedia.org/wiki/Tea_(programming_language)
pl/tea,influenced_by,Scheme,wikipedia,https://en.wikipedia.org/wiki/Tea_(programming_language)
pl/tea,homepage,https://github.com/jorgefranconunes/tea,wikipedia,https://en.wikipedia.org/wiki/Tea_(programming_language)
pl/tea-programming-language,paradigms,multi-paradigm: functional,wikipedia,https://en.wikipedia.org/wiki/Tea_(programming_language)
pl/tea-programming-language,paradigms,object-oriented (class-based),wikipedia,https://en.wikipedia.org/wiki/Tea_(programming_language)
pl/tea-programming-language,designed_by,Jorge Nunes,wikipedia,https://en.wikipedia.org/wiki/Tea_(programming_language)
pl/tea-programming-language,first_appeared,1997,wikipedia,https://en.wikipedia.org/wiki/Tea_(programming_language)
pl/tea-programming-language,influenced_by,Tcl,wikipedia,https://en.wikipedia.org/wiki/Tea_(programming_language)
pl/tea-programming-language,influenced_by,Java,wikipedia,https://en.wikipedia.org/wiki/Tea_(programming_language)
pl/tea-programming-language,influenced_by,Scheme,wikipedia,https://en.wikipedia.org/wiki/Tea_(programming_language)
pl/tea-programming-language,homepage,https://github.com/jorgefranconunes/tea,wikipedia,https://en.wikipedia.org/wiki/Tea_(programming_language)
pl/teco,first_appeared,1962,wikipedia,https://en.wikipedia.org/wiki/TECO_(text_editor)
pl/telcomp,designed_by,BBN,wikipedia,https://en.wikipedia.org/wiki/TELCOMP
pl/telcomp,first_appeared,1965,wikipedia,https://en.wikipedia.org/wiki/TELCOMP
pl/telcomp,influenced_by,JOSS,wikipedia,https://en.wikipedia.org/wiki/TELCOMP
pl/terse,designed_by,IBM,wikipedia,https://en.wikipedia.org/wiki/Terse
pl/terse,first_appeared,1984,wikipedia,https://en.wikipedia.org/wiki/Terse
pl/tex,designed_by,Donald Knuth,wikipedia,https://en.wikipedia.org/wiki/TeX
pl/tex,first_appeared,1978,wikipedia,https://en.wikipedia.org/wiki/TeX
pl/tex,license,Permissive free software,wikipedia,https://en.wikipedia.org/wiki/TeX
pl/tex,homepage,https://tug.org/,wikipedia,https://en.wikipedia.org/wiki/TeX
pl/texinfo,first_appeared,1986,wikipedia,https://en.wikipedia.org/wiki/Texinfo
pl/texinfo,license,GPL-3.0-or-later,wikipedia,https://en.wikipedia.org/wiki/Texinfo
pl/texinfo,homepage,https://www.gnu.org/s/texinfo,wikipedia,https://en.wikipedia.org/wiki/Texinfo
pl/textile,designed_by,Dean Allen,wikipedia,https://en.wikipedia.org/wiki/Textile_(markup_language)
pl/textile,first_appeared,2002,wikipedia,https://en.wikipedia.org/wiki/Textile_(markup_language)
pl/textile,homepage,https://textile-lang.com,wikipedia,https://en.wikipedia.org/wiki/Textile_(markup_language)
pl/ti-basic-83,paradigms,procedural,wikipedia,https://en.wikipedia.org/wiki/TI-BASIC_83
pl/ti-basic-83,typing,"strong, static (see data types and variables)",wikipedia,https://en.wikipedia.org/wiki/TI-BASIC_83
pl/tmg,designed_by,Douglas McIlroy,wikipedia,https://en.wikipedia.org/wiki/TMG_(language)
pl/tmg,designed_by,Robert M. McClure,wikipedia,https://en.wikipedia.org/wiki/TMG_(language)
pl/tmg,first_appeared,1969,wikipedia,https://en.wikipedia.org/wiki/TMG_(language)
pl/tmg,influenced_by,ALGOL 68,wikipedia,https://en.wikipedia.org/wiki/TMG_(language)
pl/tmg,influenced_by,B,wikipedia,https://en.wikipedia.org/wiki/TMG_(language)
pl/tmg,influenced_by,PL/I,wikipedia,https://en.wikipedia.org/wiki/TMG_(language)
pl/tmg,influenced_by,SNOBOL,wikipedia,https://en.wikipedia.org/wiki/TMG_(language)
pl/toml,designed_by,Tom Preston-Werner,wikipedia,https://en.wikipedia.org/wiki/TOML
pl/toml,designed_by,Community,wikipedia,https://en.wikipedia.org/wiki/TOML
pl/toml,first_appeared,2013,wikipedia,https://en.wikipedia.org/wiki/TOML
pl/toml,homepage,https://toml.io/,wikipedia,https://en.wikipedia.org/wiki/TOML
pl/toontalk,paradigms,concurrent constraint logic,wikipedia,https://en.wikipedia.org/wiki/ToonTalk
pl/toontalk,designed_by,Ken Kahn,wikipedia,https://en.wikipedia.org/wiki/ToonTalk
pl/toontalk,first_appeared,1995,wikipedia,https://en.wikipedia.org/wiki/ToonTalk
pl/toontalk,influenced_by,Janus,wikipedia,https://en.wikipedia.org/wiki/ToonTalk
pl/toontalk,influenced_by,Actor model,wikipedia,https://en.wikipedia.org/wiki/ToonTalk
pl/toontalk,license,"Versions 1.0 and 2.0 had commercial licenses from several different publishers worldwide, but version 3.0 is now free. ToonTalk Reborn is BSD 3.0",wikipedia,https://en.wikipedia.org/wiki/ToonTalk
pl/toontalk,homepage,https://www.toontalk.com/,wikipedia,https://en.wikipedia.org/wiki/ToonTalk
pl/touchdesigner,designed_by,Derivative,wikipedia,https://en.wikipedia.org/wiki/TouchDesigner
pl/touchdesigner,license,Proprietary,wikipedia,https://en.wikipedia.org/wiki/TouchDesigner
pl/touchdesigner,homepage,http://derivative.ca/,wikipedia,https://en.wikipedia.org/wiki/TouchDesigner
pl/trac,paradigms,general-purpose macro processor,wikipedia,https://en.wikipedia.org/wiki/TRAC_(programming_language)
pl/trac,designed_by,Calvin Mooers,wikipedia,https://en.wikipedia.org/wiki/TRAC_(programming_language)
pl/trac,first_appeared,1964,wikipedia,https://en.wikipedia.org/wiki/TRAC_(programming_language)
pl/trac,influenced_by,Macro SAP,wikipedia,https://en.wikipedia.org/wiki/TRAC_(programming_language)
pl/tree-meta,first_appeared,1968,wikipedia,https://en.wikipedia.org/wiki/TREE-META
pl/tree-sitter-query,paradigms,multi-paradigm: functional,wikipedia,https://en.wikipedia.org/wiki/Scheme_(programming_language)
pl/tree-sitter-query,paradigms,imperative,wikipedia,https://en.wikipedia.org/wiki/Scheme_(programming_language)
pl/tree-sitter-query,paradigms,meta,wikipedia,https://en.wikipedia.org/wiki/Scheme_(programming_language)
pl/tree-sitter-query,typing,"dynamic, latent, strong",wikipedia,https://en.wikipedia.org/wiki/Scheme_(programming_language)
pl/tree-sitter-query,designed_by,Guy L. Steele Gerald Jay Sussman,wikipedia,https://en.wikipedia.org/wiki/Scheme_(programming_language)
pl/tree-sitter-query,first_appeared,1975,wikipedia,https://en.wikipedia.org/wiki/Scheme_(programming_language)
pl/tree-sitter-query,influenced_by,ALGOL,wikipedia,https://en.wikipedia.org/wiki/Scheme_(programming_language)
pl/tree-sitter-query,influenced_by,Lisp,wikipedia,https://en.wikipedia.org/wiki/Scheme_(programming_language)
pl/tree-sitter-query,influenced_by,MDL,wikipedia,https://en.wikipedia.org/wiki/Scheme_(programming_language)
pl/tree-sitter-query,homepage,https://www.scheme.org/,wikipedia,https://en.wikipedia.org/wiki/Scheme_(programming_language)
pl/tritium-programming-language,designed_by,Hampton Catlin,wikipedia,https://en.wikipedia.org/wiki/Tritium_(programming_language)
pl/tritium-programming-language,influenced_by,XSLT,wikipedia,https://en.wikipedia.org/wiki/Tritium_(programming_language)
pl/tritium-programming-language,influenced_by,Sass (stylesheet language),wikipedia,https://en.wikipedia.org/wiki/Tritium_(programming_language)
pl/tritium-programming-language,homepage,http://tritium.io/,wikipedia,https://en.wikipedia.org/wiki/Tritium_(programming_language)
pl/ts,paradigms,multi-paradigm: functional,wikipedia,https://en.wikipedia.org/wiki/TypeScript
pl/ts,paradigms,generic,wikipedia,https://en.wikipedia.org/wiki/TypeScript
pl/ts,paradigms,imperative,wikipedia,https://en.wikipedia.org/wiki/TypeScript
pl/ts,paradigms,object-oriented,wikipedia,https://en.wikipedia.org/wiki/TypeScript
pl/ts,typing,"duck, gradual, strong, structural",wikipedia,https://en.wikipedia.org/wiki/TypeScript
pl/ts,designed_by,Microsoft,wikipedia,https://en.wikipedia.org/wiki/TypeScript
pl/ts,designed_by,Anders Hejlsberg,wikipedia,https://en.wikipedia.org/wiki/TypeScript
pl/ts,designed_by,Luke Hoban,wikipedia,https://en.wikipedia.org/wiki/TypeScript
pl/ts,first_appeared,2012,wikipedia,https://en.wikipedia.org/wiki/TypeScript
pl/ts,influenced_by,C#,wikipedia,https://en.wikipedia.org/wiki/TypeScript
pl/ts,influenced_by,F#,wikipedia,https://en.wikipedia.org/wiki/TypeScript
pl/ts,influenced_by,Java,wikipedia,https://en.wikipedia.org/wiki/TypeScript
pl/ts,influenced_by,JavaScript,wikipedia,https://en.wikipedia.org/wiki/TypeScript
pl/ts,influenced_by,ActionScript,wikipedia,https://en.wikipedia.org/wiki/TypeScript
pl/ts,license,Apache 2.0,wikipedia,https://en.wikipedia.org/wiki/TypeScript
pl/ts,homepage,https://www.typescriptlang.org/,wikipedia,https://en.wikipedia.org/wiki/TypeScript
pl/tsv,designed_by,University of Minnesota Internet Gopher Team Internet Assigned Numbers Authority,wikipedia,https://en.wikipedia.org/wiki/Tab-separated_values
pl/tsv,first_appeared,1993,wikipedia,https://en.wikipedia.org/wiki/Tab-separated_values
pl/ttm,paradigms,general-purpose macro processor,wikipedia,https://en.wikipedia.org/wiki/TTM_(programming_language)
pl/ttm,designed_by,Steven M. Caine,wikipedia,https://en.wikipedia.org/wiki/TTM_(programming_language)
pl/ttm,designed_by,E. Kent Gordon,wikipedia,https://en.wikipedia.org/wiki/TTM_(programming_language)
pl/ttm,first_appeared,1968,wikipedia,https://en.wikipedia.org/wiki/TTM_(programming_language)
pl/ttm,influenced_by,GAP,wikipedia,https://en.wikipedia.org/wiki/TTM_(programming_language)
pl/ttm,influenced_by,GPM,wikipedia,https://en.wikipedia.org/wiki/TTM_(programming_language)
pl/ttm,influenced_by,TRAC,wikipedia,https://en.wikipedia.org/wiki/TTM_(programming_language)
pl/ttm,license,MIT,wikipedia,https://en.wikipedia.org/wiki/TTM_(programming_language)
pl/ttml,designed_by,W3C,wikipedia,https://en.wikipedia.org/wiki/Timed_Text_Markup_Language
pl/ttml,first_appeared,2004,wikipedia,https://en.wikipedia.org/wiki/Timed_Text_Markup_Language
pl/turbo-basic-xl,first_appeared,1985,wikipedia,https://en.wikipedia.org/wiki/Turbo-BASIC_XL
pl/turing,paradigms,multi-paradigm: procedural,wikipedia,https://en.wikipedia.org/wiki/Turing_(programming_language)
pl/turing,paradigms,object-oriented,wikipedia,https://en.wikipedia.org/wiki/Turing_(programming_language)
pl/turing,paradigms,concurrent,wikipedia,https://en.wikipedia.org/wiki/Turing_(programming_language)
pl/turing,typing,"static, manifest",wikipedia,https://en.wikipedia.org/wiki/Turing_(programming_language)
pl/turing,designed_by,Ric Holt,wikipedia,https://en.wikipedia.org/wiki/Turing_(programming_language)
pl/turing,designed_by,James Cordy,wikipedia,https://en.wikipedia.org/wiki/Turing_(programming_language)
pl/turing,designed_by,Holt Software Associates,wikipedia,https://en.wikipedia.org/wiki/Turing_(programming_language)
pl/turing,first_appeared,1991,wikipedia,https://en.wikipedia.org/wiki/Turing_(programming_language)
pl/turing,influenced_by,Turing,wikipedia,https://en.wikipedia.org/wiki/Turing_(programming_language)
pl/turing,influenced_by,Concurrent Euclid,wikipedia,https://en.wikipedia.org/wiki/Turing_(programming_language)
pl/turing,influenced_by,Euclid,wikipedia,https://en.wikipedia.org/wiki/Turing_(programming_language)
pl/turing,influenced_by,Pascal,wikipedia,https://en.wikipedia.org/wiki/Turing_(programming_language)
pl/turing,influenced_by,SP/k,wikipedia,https://en.wikipedia.org/wiki/Turing_(programming_language)
pl/turing-script,paradigms,multi-paradigm: procedural,wikipedia,https://en.wikipedia.org/wiki/Turing_(programming_language)
pl/turing-script,paradigms,object-oriented,wikipedia,https://en.wikipedia.org/wiki/Turing_(programming_language)
pl/turing-script,paradigms,concurrent,wikipedia,https://en.wikipedia.org/wiki/Turing_(programming_language)
pl/turing-script,typing,"static, manifest",wikipedia,https://en.wikipedia.org/wiki/Turing_(programming_language)
pl/turing-script,designed_by,Ric Holt,wikipedia,https://en.wikipedia.org/wiki/Turing_(programming_language)
pl/turing-script,designed_by,James Cordy,wikipedia,https://en.wikipedia.org/wiki/Turing_(programming_language)
pl/turing-script,designed_by,Holt Software Associates,wikipedia,https://en.wikipedia.org/wiki/Turing_(programming_language)
pl/turing-script,first_appeared,1991,wikipedia,https://en.wikipedia.org/wiki/Turing_(programming_language)
pl/turing-script,influenced_by,Turing,wikipedia,https://en.wikipedia.org/wiki/Turing_(programming_language)
pl/turing-script,influenced_by,Concurrent Euclid,wikipedia,https://en.wikipedia.org/wiki/Turing_(programming_language)
pl/turing-script,influenced_by,Euclid,wikipedia,https://en.wikipedia.org/wiki/Turing_(programming_language)
pl/turing-script,influenced_by,Pascal,wikipedia,https://en.wikipedia.org/wiki/Turing_(programming_language)
pl/turing-script,influenced_by,SP/k,wikipedia,https://en.wikipedia.org/wiki/Turing_(programming_language)
pl/turtle,designed_by,Dave Beckett,wikipedia,https://en.wikipedia.org/wiki/Turtle_(syntax)
pl/turtle,homepage,https://www.w3.org/TR/turtle/,wikipedia,https://en.wikipedia.org/wiki/Turtle_(syntax)
pl/tutor,paradigms,imperative (procedural),wikipedia,https://en.wikipedia.org/wiki/TUTOR
pl/tutor,typing,none,wikipedia,https://en.wikipedia.org/wiki/TUTOR
pl/tutor,designed_by,Paul Tenczar,wikipedia,https://en.wikipedia.org/wiki/TUTOR
pl/tutor,designed_by,University of Illinois at Urbana-Champaign,wikipedia,https://en.wikipedia.org/wiki/TUTOR
pl/tutor,designed_by,Richard Blomme,wikipedia,https://en.wikipedia.org/wiki/TUTOR
pl/tutor,first_appeared,1969,wikipedia,https://en.wikipedia.org/wiki/TUTOR
pl/twig,designed_by,Symfony SAS,wikipedia,https://en.wikipedia.org/wiki/Twig_(template_engine)
pl/twig,first_appeared,2009,wikipedia,https://en.wikipedia.org/wiki/Twig_(template_engine)
pl/twig,license,BSD License,wikipedia,https://en.wikipedia.org/wiki/Twig_(template_engine)
pl/twig,homepage,https://twig.symfony.com,wikipedia,https://en.wikipedia.org/wiki/Twig_(template_engine)
pl/txl,paradigms,pattern-matching,wikipedia,https://en.wikipedia.org/wiki/TXL_(programming_language)
pl/txl,paradigms,term-rewriting,wikipedia,https://en.wikipedia.org/wiki/TXL_(programming_language)
pl/txl,designed_by,James Cordy Charles Halpern-Hamu Ian Carmichael Eric Promislow,wikipedia,https://en.wikipedia.org/wiki/TXL_(programming_language)
pl/txl,designed_by,Charles Halpern-Hamu James Cordy,wikipedia,https://en.wikipedia.org/wiki/TXL_(programming_language)
pl/txl,homepage,https://www.txl.ca/,wikipedia,https://en.wikipedia.org/wiki/TXL_(programming_language)
pl/txt2tags,designed_by,txt2tags Team,wikipedia,https://en.wikipedia.org/wiki/Txt2tags
pl/txt2tags,first_appeared,2001,wikipedia,https://en.wikipedia.org/wiki/Txt2tags
pl/txt2tags,license,GNU General Public License,wikipedia,https://en.wikipedia.org/wiki/Txt2tags
pl/txt2tags,homepage,https://txt2tags.org/,wikipedia,https://en.wikipedia.org/wiki/Txt2tags
pl/typescript,paradigms,multi-paradigm: functional,wikipedia,https://en.wikipedia.org/wiki/TypeScript
pl/typescript,paradigms,generic,wikipedia,https://en.wikipedia.org/wiki/TypeScript
pl/typescript,paradigms,imperative,wikipedia,https://en.wikipedia.org/wiki/TypeScript
pl/typescript,paradigms,object-oriented,wikipedia,https://en.wikipedia.org/wiki/TypeScript
pl/typescript,typing,"duck, gradual, strong, structural",wikipedia,https://en.wikipedia.org/wiki/TypeScript
pl/typescript,designed_by,Microsoft,wikipedia,https://en.wikipedia.org/wiki/TypeScript
pl/typescript,designed_by,Anders Hejlsberg,wikipedia,https://en.wikipedia.org/wiki/TypeScript
pl/typescript,designed_by,Luke Hoban,wikipedia,https://en.wikipedia.org/wiki/TypeScript
pl/typescript,first_appeared,2012,wikipedia,https://en.wikipedia.org/wiki/TypeScript
pl/typescript,influenced_by,C#,wikipedia,https://en.wikipedia.org/wiki/TypeScript
pl/typescript,influenced_by,F#,wikipedia,https://en.wikipedia.org/wiki/TypeScript
pl/typescript,influenced_by,Java,wikipedia,https://en.wikipedia.org/wiki/TypeScript
pl/typescript,influenced_by,JavaScript,wikipedia,https://en.wikipedia.org/wiki/TypeScript
pl/typescript,influenced_by,ActionScript,wikipedia,https://en.wikipedia.org/wiki/TypeScript
pl/typescript,license,Apache 2.0,wikipedia,https://en.wikipedia.org/wiki/TypeScript
pl/typescript,homepage,https://www.typescriptlang.org/,wikipedia,https://en.wikipedia.org/wiki/TypeScript
pl/ubjson,license,Apache 2.0,wikipedia,https://en.wikipedia.org/wiki/UBJSON
pl/ubjson,homepage,http://ubjson.org/,wikipedia,https://en.wikipedia.org/wiki/UBJSON
pl/umple,paradigms,object-oriented,wikipedia,https://en.wikipedia.org/wiki/Umple
pl/umple,typing,static,wikipedia,https://en.wikipedia.org/wiki/Umple
pl/umple,designed_by,Cruise Group in the Department of Electrical Engineering,wikipedia,https://en.wikipedia.org/wiki/Umple
pl/umple,designed_by,Computer Science,wikipedia,https://en.wikipedia.org/wiki/Umple
pl/umple,designed_by,Led by Timothy Lethbridge at University of Ottawa,wikipedia,https://en.wikipedia.org/wiki/Umple
pl/umple,designed_by,University of Ottawa,wikipedia,https://en.wikipedia.org/wiki/Umple
pl/umple,first_appeared,2008,wikipedia,https://en.wikipedia.org/wiki/Umple
pl/umple,influenced_by,Java,wikipedia,https://en.wikipedia.org/wiki/Umple
pl/umple,influenced_by,C++,wikipedia,https://en.wikipedia.org/wiki/Umple
pl/umple,influenced_by,UML,wikipedia,https://en.wikipedia.org/wiki/Umple
pl/umple,influenced_by,Ruby,wikipedia,https://en.wikipedia.org/wiki/Umple
pl/umple,influenced_by,PHP,wikipedia,https://en.wikipedia.org/wiki/Umple
pl/umple,license,MIT License,wikipedia,https://en.wikipedia.org/wiki/Umple
pl/umple,homepage,https://www.umple.org/,wikipedia,https://en.wikipedia.org/wiki/Umple
pl/unicon,paradigms,object-oriented,wikipedia,https://en.wikipedia.org/wiki/Unicon_(programming_language)
pl/unicon,paradigms,procedural,wikipedia,https://en.wikipedia.org/wiki/Unicon_(programming_language)
pl/unicon,designed_by,Clint Jeffery,wikipedia,https://en.wikipedia.org/wiki/Unicon_(programming_language)
pl/unicon,influenced_by,Icon,wikipedia,https://en.wikipedia.org/wiki/Unicon_(programming_language)
pl/unicon,license,GNU General Public License,wikipedia,https://en.wikipedia.org/wiki/Unicon_(programming_language)
pl/unicon,homepage,https://unicon.sourceforge.net/,wikipedia,https://en.wikipedia.org/wiki/Unicon_(programming_language)
pl/uniface,license,Commercial,wikipedia,https://en.wikipedia.org/wiki/Uniface_(programming_language)
pl/uniface,homepage,https://www.rocketsoftware.com/welcome-uniface,wikipedia,https://en.wikipedia.org/wiki/Uniface_(programming_language)
pl/unified-parallel-c,paradigms,parallel,wikipedia,https://en.wikipedia.org/wiki/Unified_Parallel_C
pl/unified-parallel-c,paradigms,message passing,wikipedia,https://en.wikipedia.org/wiki/Unified_Parallel_C
pl/unified-parallel-c,paradigms,imperative (procedural),wikipedia,https://en.wikipedia.org/wiki/Unified_Parallel_C
pl/unified-parallel-c,paradigms,structured,wikipedia,https://en.wikipedia.org/wiki/Unified_Parallel_C
pl/unified-parallel-c,typing,"static, weak, manifest",wikipedia,https://en.wikipedia.org/wiki/Unified_Parallel_C
pl/unified-parallel-c,designed_by,UPC Consortium,wikipedia,https://en.wikipedia.org/wiki/Unified_Parallel_C
pl/unified-parallel-c,influenced_by,C,wikipedia,https://en.wikipedia.org/wiki/Unified_Parallel_C
pl/unified-parallel-c,influenced_by,AC,wikipedia,https://en.wikipedia.org/wiki/Unified_Parallel_C
pl/unified-parallel-c,influenced_by,Split-C,wikipedia,https://en.wikipedia.org/wiki/Unified_Parallel_C
pl/unified-parallel-c,influenced_by,Parallel C Preprocessor,wikipedia,https://en.wikipedia.org/wiki/Unified_Parallel_C
pl/unified-parallel-c,homepage,http://upc-lang.org,wikipedia,https://en.wikipedia.org/wiki/Unified_Parallel_C
pl/unlambda,paradigms,nearly pure functional,wikipedia,https://en.wikipedia.org/wiki/Unlambda
pl/unlambda,typing,untyped,wikipedia,https://en.wikipedia.org/wiki/Unlambda
pl/unlambda,designed_by,David Madore,wikipedia,https://en.wikipedia.org/wiki/Unlambda
pl/unlambda,first_appeared,1999,wikipedia,https://en.wikipedia.org/wiki/Unlambda
pl/unlambda,license,GPL 2.0 or later,wikipedia,https://en.wikipedia.org/wiki/Unlambda
pl/unlambda,implementation_languages,Scheme,wikipedia,https://en.wikipedia.org/wiki/Unlambda
pl/unlambda,implementation_languages,C,wikipedia,https://en.wikipedia.org/wiki/Unlambda
pl/unlambda,implementation_languages,Java,wikipedia,https://en.wikipedia.org/wiki/Unlambda
pl/unlambda,homepage,http://www.madore.org/~david/programs/unlambda,wikipedia,https://en.wikipedia.org/wiki/Unlambda
pl/urbiscript,paradigms,multi-paradigm: object-oriented,wikipedia,https://en.wikipedia.org/wiki/Urbiscript
pl/urbiscript,paradigms,event-driven,wikipedia,https://en.wikipedia.org/wiki/Urbiscript
pl/urbiscript,paradigms,imperative,wikipedia,https://en.wikipedia.org/wiki/Urbiscript
pl/urbiscript,paradigms,functional,wikipedia,https://en.wikipedia.org/wiki/Urbiscript
pl/urbiscript,paradigms,procedural,wikipedia,https://en.wikipedia.org/wiki/Urbiscript
pl/urbiscript,paradigms,reflective,wikipedia,https://en.wikipedia.org/wiki/Urbiscript
pl/urbiscript,typing,"duck, dynamic",wikipedia,https://en.wikipedia.org/wiki/Urbiscript
pl/urbiscript,designed_by,Gostai et al,wikipedia,https://en.wikipedia.org/wiki/Urbiscript
pl/urbiscript,designed_by,Jean-Christophe Baillie,wikipedia,https://en.wikipedia.org/wiki/Urbiscript
pl/urbiscript,first_appeared,2003,wikipedia,https://en.wikipedia.org/wiki/Urbiscript
pl/urbiscript,influenced_by,C++,wikipedia,https://en.wikipedia.org/wiki/Urbiscript
pl/urbiscript,influenced_by,Self,wikipedia,https://en.wikipedia.org/wiki/Urbiscript
pl/urbiscript,influenced_by,Io,wikipedia,https://en.wikipedia.org/wiki/Urbiscript
pl/urbiscript,license,BSD licenses,wikipedia,https://en.wikipedia.org/wiki/Urbiscript
pl/urbiscript,homepage,http://github.com/urbiforge/urbi,wikipedia,https://en.wikipedia.org/wiki/Urbiscript
pl/v,paradigms,multi-paradigm: functional,wikipedia,https://en.wikipedia.org/wiki/V_(programming_language)
pl/v,paradigms,imperative,wikipedia,https://en.wikipedia.org/wiki/V_(programming_language)
pl/v,paradigms,structured,wikipedia,https://en.wikipedia.org/wiki/V_(programming_language)
pl/v,paradigms,concurrent,wikipedia,https://en.wikipedia.org/wiki/V_(programming_language)
pl/v,typing,"static, strong, inferred",wikipedia,https://en.wikipedia.org/wiki/V_(programming_language)
pl/v,designed_by,Alexander Medvednikov,wikipedia,https://en.wikipedia.org/wiki/V_(programming_language)
pl/v,first_appeared,2019,wikipedia,https://en.wikipedia.org/wiki/V_(programming_language)
pl/v,influenced_by,Go,wikipedia,https://en.wikipedia.org/wiki/V_(programming_language)
pl/v,influenced_by,Kotlin,wikipedia,https://en.wikipedia.org/wiki/V_(programming_language)
pl/v,influenced_by,Oberon,wikipedia,https://en.wikipedia.org/wiki/V_(programming_language)
pl/v,influenced_by,Python,wikipedia,https://en.wikipedia.org/wiki/V_(programming_language)
pl/v,influenced_by,Rust,wikipedia,https://en.wikipedia.org/wiki/V_(programming_language)
pl/v,influenced_by,Swift,wikipedia,https://en.wikipedia.org/wiki/V_(programming_language)
pl/v,license,MIT,wikipedia,https://en.wikipedia.org/wiki/V_(programming_language)
pl/v,implementation_languages,V,wikipedia,https://en.wikipedia.org/wiki/V_(programming_language)
pl/v,homepage,http://vlang.io,wikipedia,https://en.wikipedia.org/wiki/V_(programming_language)
pl/v-programming-language,paradigms,multi-paradigm: functional,wikipedia,https://en.wikipedia.org/wiki/V_(programming_language)
pl/v-programming-language,paradigms,imperative,wikipedia,https://en.wikipedia.org/wiki/V_(programming_language)
pl/v-programming-language,paradigms,structured,wikipedia,https://en.wikipedia.org/wiki/V_(programming_language)
pl/v-programming-language,paradigms,concurrent,wikipedia,https://en.wikipedia.org/wiki/V_(programming_language)
pl/v-programming-language,typing,"static, strong, inferred",wikipedia,https://en.wikipedia.org/wiki/V_(programming_language)
pl/v-programming-language,designed_by,Alexander Medvednikov,wikipedia,https://en.wikipedia.org/wiki/V_(programming_language)
pl/v-programming-language,first_appeared,2019,wikipedia,https://en.wikipedia.org/wiki/V_(programming_language)
pl/v-programming-language,influenced_by,Go,wikipedia,https://en.wikipedia.org/wiki/V_(programming_language)
pl/v-programming-language,influenced_by,Kotlin,wikipedia,https://en.wikipedia.org/wiki/V_(programming_language)
pl/v-programming-language,influenced_by,Oberon,wikipedia,https://en.wikipedia.org/wiki/V_(programming_language)
pl/v-programming-language,influenced_by,Python,wikipedia,https://en.wikipedia.org/wiki/V_(programming_language)
pl/v-programming-language,influenced_by,Rust,wikipedia,https://en.wikipedia.org/wiki/V_(programming_language)
pl/v-programming-language,influenced_by,Swift,wikipedia,https://en.wikipedia.org/wiki/V_(programming_language)
pl/v-programming-language,license,MIT,wikipedia,https://en.wikipedia.org/wiki/V_(programming_language)
pl/v-programming-language,implementation_languages,V,wikipedia,https://en.wikipedia.org/wiki/V_(programming_language)
pl/v-programming-language,homepage,http://vlang.io,wikipedia,https://en.wikipedia.org/wiki/V_(programming_language)
pl/vala,paradigms,multi-paradigm: imperative,wikipedia,https://en.wikipedia.org/wiki/Vala_(programming_language)
pl/vala,paradigms,structured,wikipedia,https://en.wikipedia.org/wiki/Vala_(programming_language)
pl/vala,paradigms,object-oriented,wikipedia,https://en.wikipedia.org/wiki/Vala_(programming_language)
pl/vala,typing,"static, strong, inferred, structural",wikipedia,https://en.wikipedia.org/wiki/Vala_(programming_language)
pl/vala,designed_by,Jürg Billeter,wikipedia,https://en.wikipedia.org/wiki/Vala_(programming_language)
pl/vala,designed_by,Raffaele Sandrini,wikipedia,https://en.wikipedia.org/wiki/Vala_(programming_language)
pl/vala,designed_by,Rico Tzschichholz,wikipedia,https://en.wikipedia.org/wiki/Vala_(programming_language)
pl/vala,first_appeared,2006,wikipedia,https://en.wikipedia.org/wiki/Vala_(programming_language)
pl/vala,influenced_by,C,wikipedia,https://en.wikipedia.org/wiki/Vala_(programming_language)
pl/vala,influenced_by,C++,wikipedia,https://en.wikipedia.org/wiki/Vala_(programming_language)
pl/vala,influenced_by,C#,wikipedia,https://en.wikipedia.org/wiki/Vala_(programming_language)
pl/vala,influenced_by,D,wikipedia,https://en.wikipedia.org/wiki/Vala_(programming_language)
pl/vala,influenced_by,Java,wikipedia,https://en.wikipedia.org/wiki/Vala_(programming_language)
pl/vala,influenced_by,Boo,wikipedia,https://en.wikipedia.org/wiki/Vala_(programming_language)
pl/vala,license,LGPL 2.1+,wikipedia,https://en.wikipedia.org/wiki/Vala_(programming_language)
pl/vala,homepage,https://vala.dev,wikipedia,https://en.wikipedia.org/wiki/Vala_(programming_language)
pl/vala-programming-language,paradigms,multi-paradigm: imperative,wikipedia,https://en.wikipedia.org/wiki/Vala_(programming_language)
pl/vala-programming-language,paradigms,structured,wikipedia,https://en.wikipedia.org/wiki/Vala_(programming_language)
pl/vala-programming-language,paradigms,object-oriented,wikipedia,https://en.wikipedia.org/wiki/Vala_(programming_language)
pl/vala-programming-language,typing,"static, strong, inferred, structural",wikipedia,https://en.wikipedia.org/wiki/Vala_(programming_language)
pl/vala-programming-language,designed_by,Jürg Billeter,wikipedia,https://en.wikipedia.org/wiki/Vala_(programming_language)
pl/vala-programming-language,designed_by,Raffaele Sandrini,wikipedia,https://en.wikipedia.org/wiki/Vala_(programming_language)
pl/vala-programming-language,designed_by,Rico Tzschichholz,wikipedia,https://en.wikipedia.org/wiki/Vala_(programming_language)
pl/vala-programming-language,first_appeared,2006,wikipedia,https://en.wikipedia.org/wiki/Vala_(programming_language)
pl/vala-programming-language,influenced_by,C,wikipedia,https://en.wikipedia.org/wiki/Vala_(programming_language)
pl/vala-programming-language,influenced_by,C++,wikipedia,https://en.wikipedia.org/wiki/Vala_(programming_language)
pl/vala-programming-language,influenced_by,C#,wikipedia,https://en.wikipedia.org/wiki/Vala_(programming_language)
pl/vala-programming-language,influenced_by,D,wikipedia,https://en.wikipedia.org/wiki/Vala_(programming_language)
pl/vala-programming-language,influenced_by,Java,wikipedia,https://en.wikipedia.org/wiki/Vala_(programming_language)
pl/vala-programming-language,influenced_by,Boo,wikipedia,https://en.wikipedia.org/wiki/Vala_(programming_language)
pl/vala-programming-language,license,LGPL 2.1+,wikipedia,https://en.wikipedia.org/wiki/Vala_(programming_language)
pl/vala-programming-language,homepage,https://vala.dev,wikipedia,https://en.wikipedia.org/wiki/Vala_(programming_language)
pl/vba,paradigms,multi-paradigm: structured,wikipedia,https://en.wikipedia.org/wiki/Visual_Basic_(.NET)
pl/vba,paradigms,imperative,wikipedia,https://en.wikipedia.org/wiki/Visual_Basic_(.NET)
pl/vba,paradigms,object-oriented,wikipedia,https://en.wikipedia.org/wiki/Visual_Basic_(.NET)
pl/vba,paradigms,declarative,wikipedia,https://en.wikipedia.org/wiki/Visual_Basic_(.NET)
pl/vba,paradigms,generic,wikipedia,https://en.wikipedia.org/wiki/Visual_Basic_(.NET)
pl/vba,paradigms,reflective,wikipedia,https://en.wikipedia.org/wiki/Visual_Basic_(.NET)
pl/vba,paradigms,event-driven,wikipedia,https://en.wikipedia.org/wiki/Visual_Basic_(.NET)
pl/vba,typing,"static, both strong and weak, both safe and unsafe, nominative",wikipedia,https://en.wikipedia.org/wiki/Visual_Basic_(.NET)
pl/vba,designed_by,Microsoft,wikipedia,https://en.wikipedia.org/wiki/Visual_Basic_(.NET)
pl/vba,first_appeared,2001,wikipedia,https://en.wikipedia.org/wiki/Visual_Basic_(.NET)
pl/vba,influenced_by,Classic Visual Basic,wikipedia,https://en.wikipedia.org/wiki/Visual_Basic_(.NET)
pl/vba,license,Roslyn compiler: MIT License,wikipedia,https://en.wikipedia.org/wiki/Visual_Basic_(.NET)
pl/vba,homepage,https://docs.microsoft.com/dotnet/visual-basic/,wikipedia,https://en.wikipedia.org/wiki/Visual_Basic_(.NET)
pl/vbscript,designed_by,Microsoft,wikipedia,https://en.wikipedia.org/wiki/VBScript
pl/vbscript,first_appeared,1996,wikipedia,https://en.wikipedia.org/wiki/VBScript
pl/vbscript,influenced_by,Visual Basic,wikipedia,https://en.wikipedia.org/wiki/VBScript
pl/vbscript,homepage,https://learn.microsoft.com/previous-versions/t0aew7h6(v=vs.85),wikipedia,https://en.wikipedia.org/wiki/VBScript
pl/vcard,designed_by,Created by Versit Consortium,wikipedia,https://en.wikipedia.org/wiki/VCard
pl/vcard,designed_by,all rights transferred in 1996 to Internet Mail Consortium,wikipedia,https://en.wikipedia.org/wiki/VCard
pl/vcard,designed_by,all rights transferred in 2004 to CalConnect,wikipedia,https://en.wikipedia.org/wiki/VCard
pl/verilog,paradigms,multi-paradigm: functional,wikipedia,https://en.wikipedia.org/wiki/V_(programming_language)
pl/verilog,paradigms,imperative,wikipedia,https://en.wikipedia.org/wiki/V_(programming_language)
pl/verilog,paradigms,structured,wikipedia,https://en.wikipedia.org/wiki/V_(programming_language)
pl/verilog,paradigms,concurrent,wikipedia,https://en.wikipedia.org/wiki/V_(programming_language)
pl/verilog,typing,"static, strong, inferred",wikipedia,https://en.wikipedia.org/wiki/V_(programming_language)
pl/verilog,designed_by,Alexander Medvednikov,wikipedia,https://en.wikipedia.org/wiki/V_(programming_language)
pl/verilog,first_appeared,2019,wikipedia,https://en.wikipedia.org/wiki/V_(programming_language)
pl/verilog,influenced_by,Go,wikipedia,https://en.wikipedia.org/wiki/V_(programming_language)
pl/verilog,influenced_by,Kotlin,wikipedia,https://en.wikipedia.org/wiki/V_(programming_language)
pl/verilog,influenced_by,Oberon,wikipedia,https://en.wikipedia.org/wiki/V_(programming_language)
pl/verilog,influenced_by,Python,wikipedia,https://en.wikipedia.org/wiki/V_(programming_language)
pl/verilog,influenced_by,Rust,wikipedia,https://en.wikipedia.org/wiki/V_(programming_language)
pl/verilog,influenced_by,Swift,wikipedia,https://en.wikipedia.org/wiki/V_(programming_language)
pl/verilog,license,MIT,wikipedia,https://en.wikipedia.org/wiki/V_(programming_language)
pl/verilog,implementation_languages,V,wikipedia,https://en.wikipedia.org/wiki/V_(programming_language)
pl/verilog,homepage,http://vlang.io,wikipedia,https://en.wikipedia.org/wiki/V_(programming_language)
pl/visicalc,designed_by,Software Arts,wikipedia,https://en.wikipedia.org/wiki/VisiCalc
pl/visicalc,designed_by,published by VisiCorp,wikipedia,https://en.wikipedia.org/wiki/VisiCalc
pl/visicalc,first_appeared,1979,wikipedia,https://en.wikipedia.org/wiki/VisiCalc
pl/visicalc,license,Commercial proprietary software,wikipedia,https://en.wikipedia.org/wiki/VisiCalc
pl/visicalc,homepage,http://danbricklin.com/visicalc.htm,wikipedia,https://en.wikipedia.org/wiki/VisiCalc
pl/vissim,paradigms,modular,wikipedia,https://en.wikipedia.org/wiki/VisSim
pl/vissim,paradigms,visual,wikipedia,https://en.wikipedia.org/wiki/VisSim
pl/vissim,paradigms,simulation language,wikipedia,https://en.wikipedia.org/wiki/VisSim
pl/vissim,designed_by,Visual Solutions / Altair,wikipedia,https://en.wikipedia.org/wiki/VisSim
pl/vissim,first_appeared,1989,wikipedia,https://en.wikipedia.org/wiki/VisSim
pl/vissim,influenced_by,C,wikipedia,https://en.wikipedia.org/wiki/VisSim
pl/vissim,influenced_by,Laboratory Workbench,wikipedia,https://en.wikipedia.org/wiki/VisSim
pl/vissim,influenced_by,AVS (Advanced Visualization System),wikipedia,https://en.wikipedia.org/wiki/VisSim
pl/vissim,license,Proprietary software,wikipedia,https://en.wikipedia.org/wiki/VisSim
pl/vissim,homepage,http://www.vissim.com,wikipedia,https://en.wikipedia.org/wiki/VisSim
pl/visual-basic-net,paradigms,multi-paradigm: structured,wikipedia,https://en.wikipedia.org/wiki/Visual_Basic_(.NET)
pl/visual-basic-net,paradigms,imperative,wikipedia,https://en.wikipedia.org/wiki/Visual_Basic_(.NET)
pl/visual-basic-net,paradigms,object-oriented,wikipedia,https://en.wikipedia.org/wiki/Visual_Basic_(.NET)
pl/visual-basic-net,paradigms,declarative,wikipedia,https://en.wikipedia.org/wiki/Visual_Basic_(.NET)
pl/visual-basic-net,paradigms,generic,wikipedia,https://en.wikipedia.org/wiki/Visual_Basic_(.NET)
pl/visual-basic-net,paradigms,reflective,wikipedia,https://en.wikipedia.org/wiki/Visual_Basic_(.NET)
pl/visual-basic-net,paradigms,event-driven,wikipedia,https://en.wikipedia.org/wiki/Visual_Basic_(.NET)
pl/visual-basic-net,typing,"static, both strong and weak, both safe and unsafe, nominative",wikipedia,https://en.wikipedia.org/wiki/Visual_Basic_(.NET)
pl/visual-basic-net,designed_by,Microsoft,wikipedia,https://en.wikipedia.org/wiki/Visual_Basic_(.NET)
pl/visual-basic-net,first_appeared,2001,wikipedia,https://en.wikipedia.org/wiki/Visual_Basic_(.NET)
pl/visual-basic-net,influenced_by,Classic Visual Basic,wikipedia,https://en.wikipedia.org/wiki/Visual_Basic_(.NET)
pl/visual-basic-net,license,Roslyn compiler: MIT License,wikipedia,https://en.wikipedia.org/wiki/Visual_Basic_(.NET)
pl/visual-basic-net,homepage,https://docs.microsoft.com/dotnet/visual-basic/,wikipedia,https://en.wikipedia.org/wiki/Visual_Basic_(.NET)
pl/visual-basic-6-0,paradigms,multi-paradigm: structured,wikipedia,https://en.wikipedia.org/wiki/Visual_Basic_(.NET)
pl/visual-basic-6-0,paradigms,imperative,wikipedia,https://en.wikipedia.org/wiki/Visual_Basic_(.NET)
pl/visual-basic-6-0,paradigms,object-oriented,wikipedia,https://en.wikipedia.org/wiki/Visual_Basic_(.NET)
pl/visual-basic-6-0,paradigms,declarative,wikipedia,https://en.wikipedia.org/wiki/Visual_Basic_(.NET)
pl/visual-basic-6-0,paradigms,generic,wikipedia,https://en.wikipedia.org/wiki/Visual_Basic_(.NET)
pl/visual-basic-6-0,paradigms,reflective,wikipedia,https://en.wikipedia.org/wiki/Visual_Basic_(.NET)
pl/visual-basic-6-0,paradigms,event-driven,wikipedia,https://en.wikipedia.org/wiki/Visual_Basic_(.NET)
pl/visual-basic-6-0,typing,"static, both strong and weak, both safe and unsafe, nominative",wikipedia,https://en.wikipedia.org/wiki/Visual_Basic_(.NET)
pl/visual-basic-6-0,designed_by,Microsoft,wikipedia,https://en.wikipedia.org/wiki/Visual_Basic_(.NET)
pl/visual-basic-6-0,first_appeared,2001,wikipedia,https://en.wikipedia.org/wiki/Visual_Basic_(.NET)
pl/visual-basic-6-0,influenced_by,Classic Visual Basic,wikipedia,https://en.wikipedia.org/wiki/Visual_Basic_(.NET)
pl/visual-basic-6-0,license,Roslyn compiler: MIT License,wikipedia,https://en.wikipedia.org/wiki/Visual_Basic_(.NET)
pl/visual-basic-6-0,homepage,https://docs.microsoft.com/dotnet/visual-basic/,wikipedia,https://en.wikipedia.org/wiki/Visual_Basic_(.NET)
pl/visual-basic-classic,paradigms,object-based,wikipedia,https://en.wikipedia.org/wiki/Visual_Basic_(classic)
pl/visual-basic-classic,paradigms,event-driven,wikipedia,https://en.wikipedia.org/wiki/Visual_Basic_(classic)
pl/visual-basic-classic,typing,"static, strong",wikipedia,https://en.wikipedia.org/wiki/Visual_Basic_(classic)
pl/visual-basic-classic,designed_by,Microsoft,wikipedia,https://en.wikipedia.org/wiki/Visual_Basic_(classic)
pl/visual-basic-classic,first_appeared,1991,wikipedia,https://en.wikipedia.org/wiki/Visual_Basic_(classic)
pl/visual-basic-classic,influenced_by,BASIC,wikipedia,https://en.wikipedia.org/wiki/Visual_Basic_(classic)
pl/visual-basic-classic,influenced_by,Microsoft BASIC,wikipedia,https://en.wikipedia.org/wiki/Visual_Basic_(classic)
pl/visual-basic-classic,influenced_by,QBasic,wikipedia,https://en.wikipedia.org/wiki/Visual_Basic_(classic)
pl/visual-basic-classic,homepage,https://learn.microsoft.com/en-us/previous-versions/visualstudio/visual-basic-6/visual-basic-6.0-documentation,wikipedia,https://en.wikipedia.org/wiki/Visual_Basic_(classic)
pl/visual-basic,paradigms,multi-paradigm: structured,wikipedia,https://en.wikipedia.org/wiki/Visual_Basic_(.NET)
pl/visual-basic,paradigms,imperative,wikipedia,https://en.wikipedia.org/wiki/Visual_Basic_(.NET)
pl/visual-basic,paradigms,object-oriented,wikipedia,https://en.wikipedia.org/wiki/Visual_Basic_(.NET)
pl/visual-basic,paradigms,declarative,wikipedia,https://en.wikipedia.org/wiki/Visual_Basic_(.NET)
pl/visual-basic,paradigms,generic,wikipedia,https://en.wikipedia.org/wiki/Visual_Basic_(.NET)
pl/visual-basic,paradigms,reflective,wikipedia,https://en.wikipedia.org/wiki/Visual_Basic_(.NET)
pl/visual-basic,paradigms,event-driven,wikipedia,https://en.wikipedia.org/wiki/Visual_Basic_(.NET)
pl/visual-basic,typing,"static, both strong and weak, both safe and unsafe, nominative",wikipedia,https://en.wikipedia.org/wiki/Visual_Basic_(.NET)
pl/visual-basic,designed_by,Microsoft,wikipedia,https://en.wikipedia.org/wiki/Visual_Basic_(.NET)
pl/visual-basic,first_appeared,2001,wikipedia,https://en.wikipedia.org/wiki/Visual_Basic_(.NET)
pl/visual-basic,influenced_by,Classic Visual Basic,wikipedia,https://en.wikipedia.org/wiki/Visual_Basic_(.NET)
pl/visual-basic,license,Roslyn compiler: MIT License,wikipedia,https://en.wikipedia.org/wiki/Visual_Basic_(.NET)
pl/visual-basic,homepage,https://docs.microsoft.com/dotnet/visual-basic/,wikipedia,https://en.wikipedia.org/wiki/Visual_Basic_(.NET)
pl/visual-foxpro,designed_by,Microsoft,wikipedia,https://en.wikipedia.org/wiki/Visual_FoxPro
pl/visual-foxpro,license,Commercial proprietary software,wikipedia,https://en.wikipedia.org/wiki/Visual_FoxPro
pl/visual-foxpro,homepage,http://msdn.microsoft.com/vfoxpro,wikipedia,https://en.wikipedia.org/wiki/Visual_FoxPro
pl/visual-prolog,paradigms,multi-paradigm: logical,wikipedia,https://en.wikipedia.org/wiki/Visual_Prolog
pl/visual-prolog,paradigms,functional,wikipedia,https://en.wikipedia.org/wiki/Visual_Prolog
pl/visual-prolog,paradigms,object-oriented,wikipedia,https://en.wikipedia.org/wiki/Visual_Prolog
pl/visual-prolog,paradigms,imperative,wikipedia,https://en.wikipedia.org/wiki/Visual_Prolog
pl/visual-prolog,paradigms,declarative,wikipedia,https://en.wikipedia.org/wiki/Visual_Prolog
pl/visual-prolog,paradigms,generic,wikipedia,https://en.wikipedia.org/wiki/Visual_Prolog
pl/visual-prolog,paradigms,concurrent,wikipedia,https://en.wikipedia.org/wiki/Visual_Prolog
pl/visual-prolog,typing,"static, strong, inferred",wikipedia,https://en.wikipedia.org/wiki/Visual_Prolog
pl/visual-prolog,designed_by,PDC A/S,wikipedia,https://en.wikipedia.org/wiki/Visual_Prolog
pl/visual-prolog,license,Proprietary,wikipedia,https://en.wikipedia.org/wiki/Visual_Prolog
pl/visual-prolog,homepage,https://www.visual-prolog.com/,wikipedia,https://en.wikipedia.org/wiki/Visual_Prolog
pl/vml,designed_by,Microsoft,wikipedia,https://en.wikipedia.org/wiki/Vector_Markup_Language
pl/vml,homepage,https://www.ecma-international.org/publications-and-standards/standards/ecma-376/,wikipedia,https://en.wikipedia.org/wiki/Vector_Markup_Language
pl/vrml,homepage,http://www.web3d.org,wikipedia,https://en.wikipedia.org/wiki/VRML
pl/vvvv,paradigms,visual,wikipedia,https://en.wikipedia.org/wiki/Vvvv
pl/vvvv,typing,strong,wikipedia,https://en.wikipedia.org/wiki/Vvvv
pl/vvvv,designed_by,vvvv group (Joreg,wikipedia,https://en.wikipedia.org/wiki/Vvvv
pl/vvvv,designed_by,Max Wolf,wikipedia,https://en.wikipedia.org/wiki/Vvvv
pl/vvvv,designed_by,Sebastian Gregor,wikipedia,https://en.wikipedia.org/wiki/Vvvv
pl/vvvv,designed_by,Sebastian Oschatz),wikipedia,https://en.wikipedia.org/wiki/Vvvv
pl/vvvv,first_appeared,1998,wikipedia,https://en.wikipedia.org/wiki/Vvvv
pl/vvvv,influenced_by,APL,wikipedia,https://en.wikipedia.org/wiki/Vvvv
pl/vvvv,influenced_by,Max/MSP,wikipedia,https://en.wikipedia.org/wiki/Vvvv
pl/vvvv,influenced_by,DirectShow,wikipedia,https://en.wikipedia.org/wiki/Vvvv
pl/vvvv,influenced_by,Pure Data,wikipedia,https://en.wikipedia.org/wiki/Vvvv
pl/vvvv,influenced_by,DirectX,wikipedia,https://en.wikipedia.org/wiki/Vvvv
pl/vvvv,license,"free for noncommercial and educational use, commercial use requires a licence",wikipedia,https://en.wikipedia.org/wiki/Vvvv
pl/vvvv,homepage,http://www.vvvv.org/,wikipedia,https://en.wikipedia.org/wiki/Vvvv
pl/wasm,paradigms,structured,wikipedia,https://en.wikipedia.org/wiki/WebAssembly
pl/wasm,paradigms,stack machine,wikipedia,https://en.wikipedia.org/wiki/WebAssembly
pl/wasm,designed_by,W3C,wikipedia,https://en.wikipedia.org/wiki/WebAssembly
pl/wasm,designed_by,Mozilla,wikipedia,https://en.wikipedia.org/wiki/WebAssembly
pl/wasm,designed_by,Microsoft,wikipedia,https://en.wikipedia.org/wiki/WebAssembly
pl/wasm,designed_by,Google,wikipedia,https://en.wikipedia.org/wiki/WebAssembly
pl/wasm,designed_by,Apple,wikipedia,https://en.wikipedia.org/wiki/WebAssembly
pl/wasm,first_appeared,2017,wikipedia,https://en.wikipedia.org/wiki/WebAssembly
pl/wasm,influenced_by,asm.js,wikipedia,https://en.wikipedia.org/wiki/WebAssembly
pl/wasm,influenced_by,PNaCl,wikipedia,https://en.wikipedia.org/wiki/WebAssembly
pl/wasm,influenced_by,Lisp,wikipedia,https://en.wikipedia.org/wiki/WebAssembly
pl/wasm,license,Apache License 2.0,wikipedia,https://en.wikipedia.org/wiki/WebAssembly
pl/wasm,homepage,https://webassembly.org/,wikipedia,https://en.wikipedia.org/wiki/WebAssembly
pl/wave,designed_by,IBM,wikipedia,https://en.wikipedia.org/wiki/WAV
pl/wave,designed_by,Microsoft,wikipedia,https://en.wikipedia.org/wiki/WAV
pl/wave,first_appeared,1991,wikipedia,https://en.wikipedia.org/wiki/WAV
pl/web-ontology-language,designed_by,World Wide Web Consortium,wikipedia,https://en.wikipedia.org/wiki/Web_Ontology_Language
pl/web-ontology-language,homepage,https://www.w3.org/TR/owl2-overview/,wikipedia,https://en.wikipedia.org/wiki/Web_Ontology_Language
pl/webassembly,paradigms,structured,wikipedia,https://en.wikipedia.org/wiki/WebAssembly
pl/webassembly,paradigms,stack machine,wikipedia,https://en.wikipedia.org/wiki/WebAssembly
pl/webassembly,designed_by,W3C,wikipedia,https://en.wikipedia.org/wiki/WebAssembly
pl/webassembly,designed_by,Mozilla,wikipedia,https://en.wikipedia.org/wiki/WebAssembly
pl/webassembly,designed_by,Microsoft,wikipedia,https://en.wikipedia.org/wiki/WebAssembly
pl/webassembly,designed_by,Google,wikipedia,https://en.wikipedia.org/wiki/WebAssembly
pl/webassembly,designed_by,Apple,wikipedia,https://en.wikipedia.org/wiki/WebAssembly
pl/webassembly,first_appeared,2017,wikipedia,https://en.wikipedia.org/wiki/WebAssembly
pl/webassembly,influenced_by,asm.js,wikipedia,https://en.wikipedia.org/wiki/WebAssembly
pl/webassembly,influenced_by,PNaCl,wikipedia,https://en.wikipedia.org/wiki/WebAssembly
pl/webassembly,influenced_by,Lisp,wikipedia,https://en.wikipedia.org/wiki/WebAssembly
pl/webassembly,license,Apache License 2.0,wikipedia,https://en.wikipedia.org/wiki/WebAssembly
pl/webassembly,homepage,https://webassembly.org/,wikipedia,https://en.wikipedia.org/wiki/WebAssembly
pl/webgl,designed_by,Khronos WebGL Working Group,wikipedia,https://en.wikipedia.org/wiki/WebGL
pl/webgl,first_appeared,2011,wikipedia,https://en.wikipedia.org/wiki/WebGL
pl/webgl,homepage,https://www.khronos.org/webgl/,wikipedia,https://en.wikipedia.org/wiki/WebGL
pl/webm,designed_by,Initially On2,wikipedia,https://en.wikipedia.org/wiki/WebM
pl/webm,designed_by,Xiph,wikipedia,https://en.wikipedia.org/wiki/WebM
pl/webm,designed_by,and Matroska,wikipedia,https://en.wikipedia.org/wiki/WebM
pl/webm,designed_by,later Google,wikipedia,https://en.wikipedia.org/wiki/WebM
pl/webm,first_appeared,2010,wikipedia,https://en.wikipedia.org/wiki/WebM
pl/webm,homepage,https://www.webmproject.org/,wikipedia,https://en.wikipedia.org/wiki/WebM
pl/webp,designed_by,Google,wikipedia,https://en.wikipedia.org/wiki/WebP
pl/webp,first_appeared,2011,wikipedia,https://en.wikipedia.org/wiki/WebP
pl/webp,license,BSD license,wikipedia,https://en.wikipedia.org/wiki/WebP
pl/webp,homepage,https://developers.google.com/speed/webp,wikipedia,https://en.wikipedia.org/wiki/WebP
pl/webvtt,designed_by,World Wide Web Consortium (W3C),wikipedia,https://en.wikipedia.org/wiki/WebVTT
pl/webvtt,first_appeared,2010,wikipedia,https://en.wikipedia.org/wiki/WebVTT
pl/whiley,paradigms,imperative,wikipedia,https://en.wikipedia.org/wiki/Whiley_(programming_language)
pl/whiley,paradigms,functional,wikipedia,https://en.wikipedia.org/wiki/Whiley_(programming_language)
pl/whiley,typing,"strong, safe, structural, flow-sensitive",wikipedia,https://en.wikipedia.org/wiki/Whiley_(programming_language)
pl/whiley,designed_by,David J. Pearce,wikipedia,https://en.wikipedia.org/wiki/Whiley_(programming_language)
pl/whiley,first_appeared,2010,wikipedia,https://en.wikipedia.org/wiki/Whiley_(programming_language)
pl/whiley,influenced_by,Java,wikipedia,https://en.wikipedia.org/wiki/Whiley_(programming_language)
pl/whiley,influenced_by,C,wikipedia,https://en.wikipedia.org/wiki/Whiley_(programming_language)
pl/whiley,influenced_by,Python,wikipedia,https://en.wikipedia.org/wiki/Whiley_(programming_language)
pl/whiley,influenced_by,Rust,wikipedia,https://en.wikipedia.org/wiki/Whiley_(programming_language)
pl/whiley,license,BSD,wikipedia,https://en.wikipedia.org/wiki/Whiley_(programming_language)
pl/whiley,homepage,http://whiley.org,wikipedia,https://en.wikipedia.org/wiki/Whiley_(programming_language)
pl/wolfram,paradigms,multi-paradigm: term-rewriting,wikipedia,https://en.wikipedia.org/wiki/Wolfram_Language
pl/wolfram,paradigms,functional,wikipedia,https://en.wikipedia.org/wiki/Wolfram_Language
pl/wolfram,paradigms,procedural,wikipedia,https://en.wikipedia.org/wiki/Wolfram_Language
pl/wolfram,paradigms,array,wikipedia,https://en.wikipedia.org/wiki/Wolfram_Language
pl/wolfram,typing,"dynamic, strong",wikipedia,https://en.wikipedia.org/wiki/Wolfram_Language
pl/wolfram,designed_by,Wolfram Research,wikipedia,https://en.wikipedia.org/wiki/Wolfram_Language
pl/wolfram,designed_by,Stephen Wolfram,wikipedia,https://en.wikipedia.org/wiki/Wolfram_Language
pl/wolfram,first_appeared,1988,wikipedia,https://en.wikipedia.org/wiki/Wolfram_Language
pl/wolfram,influenced_by,APL,wikipedia,https://en.wikipedia.org/wiki/Wolfram_Language
pl/wolfram,influenced_by,C,wikipedia,https://en.wikipedia.org/wiki/Wolfram_Language
pl/wolfram,influenced_by,C++,wikipedia,https://en.wikipedia.org/wiki/Wolfram_Language
pl/wolfram,influenced_by,FORTRAN,wikipedia,https://en.wikipedia.org/wiki/Wolfram_Language
pl/wolfram,influenced_by,Lisp,wikipedia,https://en.wikipedia.org/wiki/Wolfram_Language
pl/wolfram,influenced_by,Pascal,wikipedia,https://en.wikipedia.org/wiki/Wolfram_Language
pl/wolfram,influenced_by,Prolog,wikipedia,https://en.wikipedia.org/wiki/Wolfram_Language
pl/wolfram,influenced_by,Schoonschip,wikipedia,https://en.wikipedia.org/wiki/Wolfram_Language
pl/wolfram,influenced_by,Simula,wikipedia,https://en.wikipedia.org/wiki/Wolfram_Language
pl/wolfram,influenced_by,Smalltalk,wikipedia,https://en.wikipedia.org/wiki/Wolfram_Language
pl/wolfram,influenced_by,SMP,wikipedia,https://en.wikipedia.org/wiki/Wolfram_Language
pl/wolfram,license,Proprietary,wikipedia,https://en.wikipedia.org/wiki/Wolfram_Language
pl/wolfram,homepage,https://www.wolfram.com/language/,wikipedia,https://en.wikipedia.org/wiki/Wolfram_Language
pl/wolfram-language,paradigms,multi-paradigm: term-rewriting,wikipedia,https://en.wikipedia.org/wiki/Wolfram_Language
pl/wolfram-language,paradigms,functional,wikipedia,https://en.wikipedia.org/wiki/Wolfram_Language
pl/wolfram-language,paradigms,procedural,wikipedia,https://en.wikipedia.org/wiki/Wolfram_Language
pl/wolfram-language,paradigms,array,wikipedia,https://en.wikipedia.org/wiki/Wolfram_Language
pl/wolfram-language,typing,"dynamic, strong",wikipedia,https://en.wikipedia.org/wiki/Wolfram_Language
pl/wolfram-language,designed_by,Wolfram Research,wikipedia,https://en.wikipedia.org/wiki/Wolfram_Language
pl/wolfram-language,designed_by,Stephen Wolfram,wikipedia,https://en.wikipedia.org/wiki/Wolfram_Language
pl/wolfram-language,first_appeared,1988,wikipedia,https://en.wikipedia.org/wiki/Wolfram_Language
pl/wolfram-language,influenced_by,APL,wikipedia,https://en.wikipedia.org/wiki/Wolfram_Language
pl/wolfram-language,influenced_by,C,wikipedia,https://en.wikipedia.org/wiki/Wolfram_Language
pl/wolfram-language,influenced_by,C++,wikipedia,https://en.wikipedia.org/wiki/Wolfram_Language
pl/wolfram-language,influenced_by,FORTRAN,wikipedia,https://en.wikipedia.org/wiki/Wolfram_Language
pl/wolfram-language,influenced_by,Lisp,wikipedia,https://en.wikipedia.org/wiki/Wolfram_Language
pl/wolfram-language,influenced_by,Pascal,wikipedia,https://en.wikipedia.org/wiki/Wolfram_Language
pl/wolfram-language,influenced_by,Prolog,wikipedia,https://en.wikipedia.org/wiki/Wolfram_Language
pl/wolfram-language,influenced_by,Schoonschip,wikipedia,https://en.wikipedia.org/wiki/Wolfram_Language
pl/wolfram-language,influenced_by,Simula,wikipedia,https://en.wikipedia.org/wiki/Wolfram_Language
pl/wolfram-language,influenced_by,Smalltalk,wikipedia,https://en.wikipedia.org/wiki/Wolfram_Language
pl/wolfram-language,influenced_by,SMP,wikipedia,https://en.wikipedia.org/wiki/Wolfram_Language
pl/wolfram-language,license,Proprietary,wikipedia,https://en.wikipedia.org/wiki/Wolfram_Language
pl/wolfram-language,homepage,https://www.wolfram.com/language/,wikipedia,https://en.wikipedia.org/wiki/Wolfram_Language
pl/wsdl,designed_by,World Wide Web Consortium,wikipedia,https://en.wikipedia.org/wiki/Web_Services_Description_Language
pl/wxbasic,designed_by,David Cuny,wikipedia,https://en.wikipedia.org/wiki/WxBasic
pl/wxbasic,first_appeared,2002,wikipedia,https://en.wikipedia.org/wiki/WxBasic
pl/wxbasic,license,GNU Lesser General Public License,wikipedia,https://en.wikipedia.org/wiki/WxBasic
pl/wxbasic,homepage,http://wxbasic.net,wikipedia,https://en.wikipedia.org/wiki/WxBasic
pl/x-pixmap,designed_by,BULL Research,wikipedia,https://en.wikipedia.org/wiki/X_PixMap
pl/x10,paradigms,object-oriented,wikipedia,https://en.wikipedia.org/wiki/X10_(programming_language)
pl/x10,typing,"static, strong, safe, constrained",wikipedia,https://en.wikipedia.org/wiki/X10_(programming_language)
pl/x10,designed_by,IBM,wikipedia,https://en.wikipedia.org/wiki/X10_(programming_language)
pl/x10,designed_by,Kemal Ebcioğlu,wikipedia,https://en.wikipedia.org/wiki/X10_(programming_language)
pl/x10,designed_by,Saravanan Arumugam,wikipedia,https://en.wikipedia.org/wiki/X10_(programming_language)
pl/x10,designed_by,Vijay Saraswat,wikipedia,https://en.wikipedia.org/wiki/X10_(programming_language)
pl/x10,designed_by,and Vivek Sarkar,wikipedia,https://en.wikipedia.org/wiki/X10_(programming_language)
pl/x10,first_appeared,2004,wikipedia,https://en.wikipedia.org/wiki/X10_(programming_language)
pl/x10,influenced_by,C++,wikipedia,https://en.wikipedia.org/wiki/X10_(programming_language)
pl/x10,influenced_by,Java,wikipedia,https://en.wikipedia.org/wiki/X10_(programming_language)
pl/x10,license,Eclipse Public License 1.0,wikipedia,https://en.wikipedia.org/wiki/X10_(programming_language)
pl/x10,homepage,http://x10-lang.org,wikipedia,https://en.wikipedia.org/wiki/X10_(programming_language)
pl/x3d,first_appeared,1997,wikipedia,https://en.wikipedia.org/wiki/X3D
pl/x3d,homepage,http://www.web3d.org/x3d/what-x3d/,wikipedia,https://en.wikipedia.org/wiki/X3D
pl/xaml,designed_by,Microsoft,wikipedia,https://en.wikipedia.org/wiki/Extensible_Application_Markup_Language
pl/xaml,first_appeared,2006,wikipedia,https://en.wikipedia.org/wiki/Extensible_Application_Markup_Language
pl/xbase,designed_by,Nantucket Corporation Computer Associates,wikipedia,https://en.wikipedia.org/wiki/Clipper_(programming_language)
pl/xbase,first_appeared,1985,wikipedia,https://en.wikipedia.org/wiki/Clipper_(programming_language)
pl/xbase,influenced_by,dBase,wikipedia,https://en.wikipedia.org/wiki/Clipper_(programming_language)
pl/xbase,license,proprietary,wikipedia,https://en.wikipedia.org/wiki/Clipper_(programming_language)
pl/xbase,homepage,http://www.grafxsoft.com/clipper.htm,wikipedia,https://en.wikipedia.org/wiki/Clipper_(programming_language)
pl/xbasic,designed_by,Max Reason,wikipedia,https://en.wikipedia.org/wiki/XBasic
pl/xbasic,designed_by,Eddie Penninkhof,wikipedia,https://en.wikipedia.org/wiki/XBasic
pl/xbasic,first_appeared,late 1980s,wikipedia,https://en.wikipedia.org/wiki/XBasic
pl/xbasic,influenced_by,BASIC,wikipedia,https://en.wikipedia.org/wiki/XBasic
pl/xbasic,influenced_by,C (programming language),wikipedia,https://en.wikipedia.org/wiki/XBasic
pl/xbasic,license,GNU LGPL,wikipedia,https://en.wikipedia.org/wiki/XBasic
pl/xbasic,homepage,https://xbasic.sourceforge.net/,wikipedia,https://en.wikipedia.org/wiki/XBasic
pl/xblite,paradigms,procedural,wikipedia,https://en.wikipedia.org/wiki/XBLite
pl/xblite,typing,static,wikipedia,https://en.wikipedia.org/wiki/XBLite
pl/xblite,designed_by,David Szafranski,wikipedia,https://en.wikipedia.org/wiki/XBLite
pl/xblite,first_appeared,2001,wikipedia,https://en.wikipedia.org/wiki/XBLite
pl/xblite,influenced_by,XBasic,wikipedia,https://en.wikipedia.org/wiki/XBLite
pl/xblite,influenced_by,QuickBASIC,wikipedia,https://en.wikipedia.org/wiki/XBLite
pl/xblite,license,"GNU GPL, Standard libraries licensed under the GNU LGPL",wikipedia,https://en.wikipedia.org/wiki/XBLite
pl/xblite,homepage,http://www.xblite.org,wikipedia,https://en.wikipedia.org/wiki/XBLite
pl/xbrl,designed_by,XBRL International,wikipedia,https://en.wikipedia.org/wiki/XBRL
pl/xbrl,first_appeared,2003,wikipedia,https://en.wikipedia.org/wiki/XBRL
pl/xhtml,designed_by,WHATWG,wikipedia,https://en.wikipedia.org/wiki/XHTML
pl/xhtml,first_appeared,2000,wikipedia,https://en.wikipedia.org/wiki/XHTML
pl/xmi,designed_by,Object Management Group,wikipedia,https://en.wikipedia.org/wiki/XML_Metadata_Interchange
pl/xmi,homepage,http://www.omg.org/spec/XMI,wikipedia,https://en.wikipedia.org/wiki/XML_Metadata_Interchange
pl/xml,designed_by,World Wide Web Consortium,wikipedia,https://en.wikipedia.org/wiki/XML
pl/xojo,designed_by,Xojo,wikipedia,https://en.wikipedia.org/wiki/Xojo
pl/xojo,designed_by,Inc,wikipedia,https://en.wikipedia.org/wiki/Xojo
pl/xojo,license,Freemium,wikipedia,https://en.wikipedia.org/wiki/Xojo
pl/xojo,homepage,https://xojo.com/,wikipedia,https://en.wikipedia.org/wiki/Xojo
pl/xotcl,paradigms,multi-paradigm: object-oriented,wikipedia,https://en.wikipedia.org/wiki/XOTcl
pl/xotcl,paradigms,functional,wikipedia,https://en.wikipedia.org/wiki/XOTcl
pl/xotcl,paradigms,imperative,wikipedia,https://en.wikipedia.org/wiki/XOTcl
pl/xotcl,paradigms,event-driven,wikipedia,https://en.wikipedia.org/wiki/XOTcl
pl/xotcl,typing,"dynamic typing, everything can be treated as a string",wikipedia,https://en.wikipedia.org/wiki/XOTcl
pl/xotcl,designed_by,Gustaf Neumann,wikipedia,https://en.wikipedia.org/wiki/XOTcl
pl/xotcl,designed_by,Uwe Zdun,wikipedia,https://en.wikipedia.org/wiki/XOTcl
pl/xotcl,first_appeared,2000,wikipedia,https://en.wikipedia.org/wiki/XOTcl
pl/xotcl,influenced_by,Tcl,wikipedia,https://en.wikipedia.org/wiki/XOTcl
pl/xotcl,influenced_by,OTcl,wikipedia,https://en.wikipedia.org/wiki/XOTcl
pl/xotcl,homepage,http://media.wu-wien.ac.at/,wikipedia,https://en.wikipedia.org/wiki/XOTcl
pl/xpath,paradigms,query language,wikipedia,https://en.wikipedia.org/wiki/XPath
pl/xpath,designed_by,W3C,wikipedia,https://en.wikipedia.org/wiki/XPath
pl/xpath,first_appeared,1998,wikipedia,https://en.wikipedia.org/wiki/XPath
pl/xpath,influenced_by,XSLT,wikipedia,https://en.wikipedia.org/wiki/XPath
pl/xpath,influenced_by,XPointer,wikipedia,https://en.wikipedia.org/wiki/XPath
pl/xproc,paradigms,declarative,wikipedia,https://en.wikipedia.org/wiki/XSLT
pl/xproc,designed_by,World Wide Web Consortium (W3C),wikipedia,https://en.wikipedia.org/wiki/XSLT
pl/xproc,first_appeared,1998,wikipedia,https://en.wikipedia.org/wiki/XSLT
pl/xproc,influenced_by,DSSSL,wikipedia,https://en.wikipedia.org/wiki/XSLT
pl/xproc,homepage,https://www.w3.org/TR/xslt-30/,wikipedia,https://en.wikipedia.org/wiki/XSLT
pl/xql,paradigms,declarative,wikipedia,https://en.wikipedia.org/wiki/XQuery
pl/xql,paradigms,functional,wikipedia,https://en.wikipedia.org/wiki/XQuery
pl/xql,paradigms,modular,wikipedia,https://en.wikipedia.org/wiki/XQuery
pl/xql,typing,"dynamic or static, strong",wikipedia,https://en.wikipedia.org/wiki/XQuery
pl/xql,designed_by,W3C,wikipedia,https://en.wikipedia.org/wiki/XQuery
pl/xql,first_appeared,2007,wikipedia,https://en.wikipedia.org/wiki/XQuery
pl/xql,influenced_by,XPath,wikipedia,https://en.wikipedia.org/wiki/XQuery
pl/xql,influenced_by,SQL,wikipedia,https://en.wikipedia.org/wiki/XQuery
pl/xql,influenced_by,XSLT,wikipedia,https://en.wikipedia.org/wiki/XQuery
pl/xql,homepage,http://www.w3.org/XML/Query/,wikipedia,https://en.wikipedia.org/wiki/XQuery
pl/xquery,paradigms,declarative,wikipedia,https://en.wikipedia.org/wiki/XQuery
pl/xquery,paradigms,functional,wikipedia,https://en.wikipedia.org/wiki/XQuery
pl/xquery,paradigms,modular,wikipedia,https://en.wikipedia.org/wiki/XQuery
pl/xquery,typing,"dynamic or static, strong",wikipedia,https://en.wikipedia.org/wiki/XQuery
pl/xquery,designed_by,W3C,wikipedia,https://en.wikipedia.org/wiki/XQuery
pl/xquery,first_appeared,2007,wikipedia,https://en.wikipedia.org/wiki/XQuery
pl/xquery,influenced_by,XPath,wikipedia,https://en.wikipedia.org/wiki/XQuery
pl/xquery,influenced_by,SQL,wikipedia,https://en.wikipedia.org/wiki/XQuery
pl/xquery,influenced_by,XSLT,wikipedia,https://en.wikipedia.org/wiki/XQuery
pl/xquery,homepage,http://www.w3.org/XML/Query/,wikipedia,https://en.wikipedia.org/wiki/XQuery
pl/xsd,designed_by,World Wide Web Consortium,wikipedia,https://en.wikipedia.org/wiki/XML_Schema_(W3C)
pl/xslt,paradigms,declarative,wikipedia,https://en.wikipedia.org/wiki/XSLT
pl/xslt,designed_by,World Wide Web Consortium (W3C),wikipedia,https://en.wikipedia.org/wiki/XSLT
pl/xslt,first_appeared,1998,wikipedia,https://en.wikipedia.org/wiki/XSLT
pl/xslt,influenced_by,DSSSL,wikipedia,https://en.wikipedia.org/wiki/XSLT
pl/xslt,homepage,https://www.w3.org/TR/xslt-30/,wikipedia,https://en.wikipedia.org/wiki/XSLT
pl/xtend,paradigms,object-oriented,wikipedia,https://en.wikipedia.org/wiki/Xtend
pl/xtend,paradigms,imperative,wikipedia,https://en.wikipedia.org/wiki/Xtend
pl/xtend,paradigms,functional,wikipedia,https://en.wikipedia.org/wiki/Xtend
pl/xtend,typing,"static, strong, inferred",wikipedia,https://en.wikipedia.org/wiki/Xtend
pl/xtend,designed_by,typefox,wikipedia,https://en.wikipedia.org/wiki/Xtend
pl/xtend,designed_by,Sven Efftinge,wikipedia,https://en.wikipedia.org/wiki/Xtend
pl/xtend,designed_by,Sebastian Zarnekow,wikipedia,https://en.wikipedia.org/wiki/Xtend
pl/xtend,first_appeared,2011,wikipedia,https://en.wikipedia.org/wiki/Xtend
pl/xtend,influenced_by,Java,wikipedia,https://en.wikipedia.org/wiki/Xtend
pl/xtend,influenced_by,Scala,wikipedia,https://en.wikipedia.org/wiki/Xtend
pl/xtend,influenced_by,Groovy,wikipedia,https://en.wikipedia.org/wiki/Xtend
pl/xtend,influenced_by,Smalltalk,wikipedia,https://en.wikipedia.org/wiki/Xtend
pl/xtend,influenced_by,Xpand,wikipedia,https://en.wikipedia.org/wiki/Xtend
pl/xtend,license,Eclipse Public License,wikipedia,https://en.wikipedia.org/wiki/Xtend
pl/xtend,homepage,https://eclipse.dev/Xtext/xtend/,wikipedia,https://en.wikipedia.org/wiki/Xtend
pl/yaml,first_appeared,2001,wikipedia,https://en.wikipedia.org/wiki/YAML
pl/yaml,homepage,https://yaml.org/,wikipedia,https://en.wikipedia.org/wiki/YAML
pl/yorick,designed_by,David H. Munro,wikipedia,https://en.wikipedia.org/wiki/Yorick_(programming_language)
pl/yorick,first_appeared,1996,wikipedia,https://en.wikipedia.org/wiki/Yorick_(programming_language)
pl/yorick,license,BSD,wikipedia,https://en.wikipedia.org/wiki/Yorick_(programming_language)
pl/yorick,homepage,https://github.com/LLNL/yorick,wikipedia,https://en.wikipedia.org/wiki/Yorick_(programming_language)
pl/zig,paradigms,multi-paradigm: imperative,wikipedia,https://en.wikipedia.org/wiki/Zig_(programming_language)
pl/zig,paradigms,concurrent,wikipedia,https://en.wikipedia.org/wiki/Zig_(programming_language)
pl/zig,paradigms,procedural,wikipedia,https://en.wikipedia.org/wiki/Zig_(programming_language)
pl/zig,paradigms,functional,wikipedia,https://en.wikipedia.org/wiki/Zig_(programming_language)
pl/zig,typing,"static, strong, inferred, nominal, generic",wikipedia,https://en.wikipedia.org/wiki/Zig_(programming_language)
pl/zig,designed_by,Andrew Kelley,wikipedia,https://en.wikipedia.org/wiki/Zig_(programming_language)
pl/zig,first_appeared,2016,wikipedia,https://en.wikipedia.org/wiki/Zig_(programming_language)
pl/zig,influenced_by,C,wikipedia,https://en.wikipedia.org/wiki/Zig_(programming_language)
pl/zig,influenced_by,C++,wikipedia,https://en.wikipedia.org/wiki/Zig_(programming_language)
pl/zig,influenced_by,LLVM IR,wikipedia,https://en.wikipedia.org/wiki/Zig_(programming_language)
pl/zig,influenced_by,Go,wikipedia,https://en.wikipedia.org/wiki/Zig_(programming_language)
pl/zig,influenced_by,Rust,wikipedia,https://en.wikipedia.org/wiki/Zig_(programming_language)
pl/zig,license,MIT,wikipedia,https://en.wikipedia.org/wiki/Zig_(programming_language)
pl/zig,implementation_languages,Zig,wikipedia,https://en.wikipedia.org/wiki/Zig_(programming_language)
pl/zig,homepage,https://ziglang.org/,wikipedia,https://en.wikipedia.org/wiki/Zig_(programming_language)
pl/zig-programming-language,paradigms,multi-paradigm: imperative,wikipedia,https://en.wikipedia.org/wiki/Zig_(programming_language)
pl/zig-programming-language,paradigms,concurrent,wikipedia,https://en.wikipedia.org/wiki/Zig_(programming_language)
pl/zig-programming-language,paradigms,procedural,wikipedia,https://en.wikipedia.org/wiki/Zig_(programming_language)
pl/zig-programming-language,paradigms,functional,wikipedia,https://en.wikipedia.org/wiki/Zig_(programming_language)
pl/zig-programming-language,typing,"static, strong, inferred, nominal, generic",wikipedia,https://en.wikipedia.org/wiki/Zig_(programming_language)
pl/zig-programming-language,designed_by,Andrew Kelley,wikipedia,https://en.wikipedia.org/wiki/Zig_(programming_language)
pl/zig-programming-language,first_appeared,2016,wikipedia,https://en.wikipedia.org/wiki/Zig_(programming_language)
pl/zig-programming-language,influenced_by,C,wikipedia,https://en.wikipedia.org/wiki/Zig_(programming_language)
pl/zig-programming-language,influenced_by,C++,wikipedia,https://en.wikipedia.org/wiki/Zig_(programming_language)
pl/zig-programming-language,influenced_by,LLVM IR,wikipedia,https://en.wikipedia.org/wiki/Zig_(programming_language)
pl/zig-programming-language,influenced_by,Go,wikipedia,https://en.wikipedia.org/wiki/Zig_(programming_language)
pl/zig-programming-language,influenced_by,Rust,wikipedia,https://en.wikipedia.org/wiki/Zig_(programming_language)
pl/zig-programming-language,license,MIT,wikipedia,https://en.wikipedia.org/wiki/Zig_(programming_language)
pl/zig-programming-language,implementation_languages,Zig,wikipedia,https://en.wikipedia.org/wiki/Zig_(programming_language)
pl/zig-programming-language,homepage,https://ziglang.org/,wikipedia,https://en.wikipedia.org/wiki/Zig_(programming_language)
pl/zonnon,paradigms,imperative,wikipedia,https://en.wikipedia.org/wiki/Zonnon
pl/zonnon,paradigms,structured,wikipedia,https://en.wikipedia.org/wiki/Zonnon
pl/zonnon,paradigms,modular,wikipedia,https://en.wikipedia.org/wiki/Zonnon
pl/zonnon,paradigms,object-oriented,wikipedia,https://en.wikipedia.org/wiki/Zonnon
pl/zonnon,typing,"strong, hybrid (static and dynamic)",wikipedia,https://en.wikipedia.org/wiki/Zonnon
pl/zonnon,designed_by,ETH Zurich,wikipedia,https://en.wikipedia.org/wiki/Zonnon
pl/zonnon,designed_by,Jürg Gutknecht,wikipedia,https://en.wikipedia.org/wiki/Zonnon
pl/zonnon,first_appeared,2013,wikipedia,https://en.wikipedia.org/wiki/Zonnon
pl/zonnon,influenced_by,Oberon,wikipedia,https://en.wikipedia.org/wiki/Zonnon
pl/zonnon,influenced_by,Pascal,wikipedia,https://en.wikipedia.org/wiki/Zonnon
pl/zpl,designed_by,Zebra Technologies,wikipedia,https://en.wikipedia.org/wiki/Zebra_Programming_Language
pl/zpl,influenced_by,ANSI BASIC,wikipedia,https://en.wikipedia.org/wiki/Zebra_Programming_Language
pl/portable-game-notation,designed_by,Steven J. Edwards,wikipedia,https://en.wikipedia.org/wiki/Portable_Game_Notation
pl/portable-game-notation,first_appeared,1993,wikipedia,https://en.wikipedia.org/wiki/Portable_Game_Notation
pl/html5,designed_by,WHATWG,wikipedia,https://en.wikipedia.org/wiki/HTML5
pl/html5,designed_by,World Wide Web Consortium (W3C,wikipedia,https://en.wikipedia.org/wiki/HTML5
pl/html5,designed_by,formerly),wikipedia,https://en.wikipedia.org/wiki/HTML5
pl/html5,first_appeared,2008,wikipedia,https://en.wikipedia.org/wiki/HTML5
pl/c-3,paradigms,imperative,wikipedia,https://en.wikipedia.org/wiki/C--
pl/c-3,typing,"static, weak",wikipedia,https://en.wikipedia.org/wiki/C--
pl/c-3,designed_by,Simon Peyton Jones,wikipedia,https://en.wikipedia.org/wiki/C--
pl/c-3,designed_by,Norman Ramsey,wikipedia,https://en.wikipedia.org/wiki/C--
pl/c-3,first_appeared,1998,wikipedia,https://en.wikipedia.org/wiki/C--
pl/c-3,influenced_by,C,wikipedia,https://en.wikipedia.org/wiki/C--
pl/c-3,homepage,http://www.cs.tufts.edu/~nr/c--/,wikipedia,https://en.wikipedia.org/wiki/C--
pl/4dos,designed_by,JP Software,wikipedia,https://en.wikipedia.org/wiki/4DOS
pl/4dos,license,modified MIT License that does not qualify as open source by Open Source Initiative or Free Software Foundation standards,wikipedia,https://en.wikipedia.org/wiki/4DOS
pl/4dos,homepage,http://www.4dos.info/,wikipedia,https://en.wikipedia.org/wiki/4DOS
pl/turbo-pascal,designed_by,Borland,wikipedia,https://en.wikipedia.org/wiki/Turbo_Pascal
pl/turbo-pascal,first_appeared,1983,wikipedia,https://en.wikipedia.org/wiki/Turbo_Pascal
pl/object-pascal-2,paradigms,imperative,wikipedia,https://en.wikipedia.org/wiki/Object_Pascal
pl/object-pascal-2,paradigms,structured,wikipedia,https://en.wikipedia.org/wiki/Object_Pascal
pl/object-pascal-2,paradigms,object-oriented,wikipedia,https://en.wikipedia.org/wiki/Object_Pascal
pl/object-pascal-2,paradigms,functional (delphi dialect only),wikipedia,https://en.wikipedia.org/wiki/Object_Pascal
pl/object-pascal-2,paradigms,component-based,wikipedia,https://en.wikipedia.org/wiki/Object_Pascal
pl/object-pascal-2,paradigms,event-driven,wikipedia,https://en.wikipedia.org/wiki/Object_Pascal
pl/object-pascal-2,paradigms,generic,wikipedia,https://en.wikipedia.org/wiki/Object_Pascal
pl/object-pascal-2,typing,"static and dynamic (dynamic typing through variants, array of const, and rtti), strong, safe",wikipedia,https://en.wikipedia.org/wiki/Object_Pascal
pl/object-pascal-2,designed_by,Apple Computer (initial) Borland International,wikipedia,https://en.wikipedia.org/wiki/Object_Pascal
pl/object-pascal-2,designed_by,Larry Tesler (Apple) Niklaus Wirth (for Apple) Anders Hejlsberg (Borland),wikipedia,https://en.wikipedia.org/wiki/Object_Pascal
pl/object-pascal-2,first_appeared,1986,wikipedia,https://en.wikipedia.org/wiki/Object_Pascal
pl/object-pascal-2,influenced_by,Pascal,wikipedia,https://en.wikipedia.org/wiki/Object_Pascal
pl/object-pascal-2,influenced_by,Simula,wikipedia,https://en.wikipedia.org/wiki/Object_Pascal
pl/object-pascal-2,influenced_by,Smalltalk,wikipedia,https://en.wikipedia.org/wiki/Object_Pascal
pl/xml-user-interface-language,paradigms,declarative (markup language),wikipedia,https://en.wikipedia.org/wiki/XUL
pl/xml-user-interface-language,designed_by,Mozilla Foundation,wikipedia,https://en.wikipedia.org/wiki/XUL
pl/xml-user-interface-language,influenced_by,HTML,wikipedia,https://en.wikipedia.org/wiki/XUL
pl/xml-user-interface-language,influenced_by,XML,wikipedia,https://en.wikipedia.org/wiki/XUL
pl/xml-user-interface-language,license,MPL,wikipedia,https://en.wikipedia.org/wiki/XUL
pl/xml-user-interface-language,implementation_languages,C++,wikipedia,https://en.wikipedia.org/wiki/XUL
pl/xml-user-interface-language,homepage,https://wiki.mozilla.org/XUL:Home_Page,wikipedia,https://en.wikipedia.org/wiki/XUL
pl/docbook,designed_by,OASIS,wikipedia,https://en.wikipedia.org/wiki/DocBook
pl/snapbang,paradigms,object-oriented,wikipedia,https://en.wikipedia.org/wiki/Snap!_(programming_language)
pl/snapbang,paradigms,educational,wikipedia,https://en.wikipedia.org/wiki/Snap!_(programming_language)
pl/snapbang,paradigms,event-driven,wikipedia,https://en.wikipedia.org/wiki/Snap!_(programming_language)
pl/snapbang,typing,dynamic,wikipedia,https://en.wikipedia.org/wiki/Snap!_(programming_language)
pl/snapbang,designed_by,Jens Mönig,wikipedia,https://en.wikipedia.org/wiki/Snap!_(programming_language)
pl/snapbang,designed_by,Brian Harvey,wikipedia,https://en.wikipedia.org/wiki/Snap!_(programming_language)
pl/snapbang,first_appeared,2011,wikipedia,https://en.wikipedia.org/wiki/Snap!_(programming_language)
pl/snapbang,influenced_by,Scratch,wikipedia,https://en.wikipedia.org/wiki/Snap!_(programming_language)
pl/snapbang,influenced_by,Scheme,wikipedia,https://en.wikipedia.org/wiki/Snap!_(programming_language)
pl/snapbang,influenced_by,Logo,wikipedia,https://en.wikipedia.org/wiki/Snap!_(programming_language)
pl/snapbang,influenced_by,Smalltalk,wikipedia,https://en.wikipedia.org/wiki/Snap!_(programming_language)
pl/snapbang,influenced_by,APL,wikipedia,https://en.wikipedia.org/wiki/Snap!_(programming_language)
pl/snapbang,license,AGPL,wikipedia,https://en.wikipedia.org/wiki/Snap!_(programming_language)
pl/snapbang,implementation_languages,Morphic.js (written in JavaScript),wikipedia,https://en.wikipedia.org/wiki/Snap!_(programming_language)
pl/snapbang,homepage,http://snap.berkeley.edu,wikipedia,https://en.wikipedia.org/wiki/Snap!_(programming_language)
pl/synchronized-multimedia-integration-language-2,designed_by,World Wide Web Consortium,wikipedia,https://en.wikipedia.org/wiki/Synchronized_Multimedia_Integration_Language
pl/synchronized-multimedia-integration-language-2,homepage,https://www.w3.org/TR/2008/REC-SMIL3-20081201/,wikipedia,https://en.wikipedia.org/wiki/Synchronized_Multimedia_Integration_Language
pl/web,paradigms,literate,wikipedia,https://en.wikipedia.org/wiki/Web_(programming_system)
pl/web,paradigms,imperative (procedural),wikipedia,https://en.wikipedia.org/wiki/Web_(programming_system)
pl/web,paradigms,structured,wikipedia,https://en.wikipedia.org/wiki/Web_(programming_system)
pl/web,typing,"static, weak, manifest, nominal",wikipedia,https://en.wikipedia.org/wiki/Web_(programming_system)
pl/web,designed_by,Donald Knuth,wikipedia,https://en.wikipedia.org/wiki/Web_(programming_system)
pl/web,designed_by,Silvio Levy,wikipedia,https://en.wikipedia.org/wiki/Web_(programming_system)
pl/web,first_appeared,1987,wikipedia,https://en.wikipedia.org/wiki/Web_(programming_system)
pl/web,influenced_by,WEB,wikipedia,https://en.wikipedia.org/wiki/Web_(programming_system)
pl/web,influenced_by,TeX,wikipedia,https://en.wikipedia.org/wiki/Web_(programming_system)
pl/web,license,custom free-software license,wikipedia,https://en.wikipedia.org/wiki/Web_(programming_system)
pl/web,homepage,http://www-cs-faculty.stanford.edu/~uno/cweb.html,wikipedia,https://en.wikipedia.org/wiki/Web_(programming_system)
pl/darwin-information-typing-architecture,homepage,https://dita-lang.org/,wikipedia,https://en.wikipedia.org/wiki/Darwin_Information_Typing_Architecture
pl/stos-basic-2,designed_by,François Lionet,wikipedia,https://en.wikipedia.org/wiki/STOS_BASIC
pl/stos-basic-2,designed_by,Constantin Sotiropoulos,wikipedia,https://en.wikipedia.org/wiki/STOS_BASIC
pl/stos-basic-2,first_appeared,1988,wikipedia,https://en.wikipedia.org/wiki/STOS_BASIC
pl/stos-basic-2,influenced_by,BASIC,wikipedia,https://en.wikipedia.org/wiki/STOS_BASIC
pl/inkml,first_appeared,2008,wikipedia,https://en.wikipedia.org/wiki/InkML
pl/inkml,license,MIT License,wikipedia,https://en.wikipedia.org/wiki/InkML
pl/inkml,homepage,https://inkmltk.sourceforge.net/,wikipedia,https://en.wikipedia.org/wiki/InkML
pl/extensible-forms-description-language,designed_by,World Wide Web Consortium,wikipedia,https://en.wikipedia.org/wiki/Extensible_Forms_Description_Language
pl/jscript-net,paradigms,multi-paradigm: object-oriented (prototype-based),wikipedia,https://en.wikipedia.org/wiki/JScript_.NET
pl/jscript-net,paradigms,functional,wikipedia,https://en.wikipedia.org/wiki/JScript_.NET
pl/jscript-net,paradigms,imperative,wikipedia,https://en.wikipedia.org/wiki/JScript_.NET
pl/jscript-net,paradigms,scripting,wikipedia,https://en.wikipedia.org/wiki/JScript_.NET
pl/jscript-net,typing,"duck, weak, dynamic",wikipedia,https://en.wikipedia.org/wiki/JScript_.NET
pl/jscript-net,designed_by,Microsoft Corporation,wikipedia,https://en.wikipedia.org/wiki/JScript_.NET
pl/jscript-net,influenced_by,JavaScript,wikipedia,https://en.wikipedia.org/wiki/JScript_.NET
pl/jscript-net,influenced_by,JScript,wikipedia,https://en.wikipedia.org/wiki/JScript_.NET
pl/jscript-net,influenced_by,ECMAScript,wikipedia,https://en.wikipedia.org/wiki/JScript_.NET
pl/jscript-net,license,proprietary,wikipedia,https://en.wikipedia.org/wiki/JScript_.NET
pl/precision-graphics-markup-language,designed_by,Nabeel Al-Shamma,wikipedia,https://en.wikipedia.org/wiki/Precision_Graphics_Markup_Language
pl/precision-graphics-markup-language,designed_by,Robert Ayers,wikipedia,https://en.wikipedia.org/wiki/Precision_Graphics_Markup_Language
pl/precision-graphics-markup-language,designed_by,Richard Cohn,wikipedia,https://en.wikipedia.org/wiki/Precision_Graphics_Markup_Language
pl/precision-graphics-markup-language,designed_by,Jon Ferraiolo,wikipedia,https://en.wikipedia.org/wiki/Precision_Graphics_Markup_Language
pl/precision-graphics-markup-language,designed_by,Martin Newell,wikipedia,https://en.wikipedia.org/wiki/Precision_Graphics_Markup_Language
pl/precision-graphics-markup-language,designed_by,Roger K. de Bry,wikipedia,https://en.wikipedia.org/wiki/Precision_Graphics_Markup_Language
pl/precision-graphics-markup-language,designed_by,Kevin McCluskey,wikipedia,https://en.wikipedia.org/wiki/Precision_Graphics_Markup_Language
pl/precision-graphics-markup-language,designed_by,Jerry Evans,wikipedia,https://en.wikipedia.org/wiki/Precision_Graphics_Markup_Language
pl/precision-graphics-markup-language,homepage,https://www.w3.org/TR/1998/NOTE-PGML,wikipedia,https://en.wikipedia.org/wiki/Precision_Graphics_Markup_Language
pl/railway-markup-language,designed_by,railML.org,wikipedia,https://en.wikipedia.org/wiki/RailML
pl/railway-markup-language,designed_by,Dresden / Germany,wikipedia,https://en.wikipedia.org/wiki/RailML
pl/railway-markup-language,first_appeared,2005,wikipedia,https://en.wikipedia.org/wiki/RailML
pl/railway-markup-language,homepage,http://www.railml.org,wikipedia,https://en.wikipedia.org/wiki/RailML
pl/object-rexx-2,paradigms,multi-paradigm: object-oriented (class-based),wikipedia,https://en.wikipedia.org/wiki/Object_REXX
pl/object-rexx-2,paradigms,procedural (imperative),wikipedia,https://en.wikipedia.org/wiki/Object_REXX
pl/object-rexx-2,paradigms,structured,wikipedia,https://en.wikipedia.org/wiki/Object_REXX
pl/object-rexx-2,typing,dynamic,wikipedia,https://en.wikipedia.org/wiki/Object_REXX
pl/object-rexx-2,designed_by,Simon C. Nash (IBM),wikipedia,https://en.wikipedia.org/wiki/Object_REXX
pl/object-rexx-2,designed_by,Rick McGuire (IBM),wikipedia,https://en.wikipedia.org/wiki/Object_REXX
pl/object-rexx-2,first_appeared,1988,wikipedia,https://en.wikipedia.org/wiki/Object_REXX
pl/object-rexx-2,influenced_by,Rexx,wikipedia,https://en.wikipedia.org/wiki/Object_REXX
pl/object-rexx-2,influenced_by,Smalltalk,wikipedia,https://en.wikipedia.org/wiki/Object_REXX
pl/object-rexx-2,license,"CPL 1.0, GPLv2",wikipedia,https://en.wikipedia.org/wiki/Object_REXX
pl/object-rexx-2,implementation_languages,C++,wikipedia,https://en.wikipedia.org/wiki/Object_REXX
pl/object-rexx-2,homepage,https://www.rexxla.org/,wikipedia,https://en.wikipedia.org/wiki/Object_REXX
pl/business-intelligence-markup-language,designed_by,Varigence,wikipedia,https://en.wikipedia.org/wiki/Business_Intelligence_Markup_Language
pl/business-intelligence-markup-language,designed_by,Scott Currie,wikipedia,https://en.wikipedia.org/wiki/Business_Intelligence_Markup_Language
pl/business-intelligence-markup-language,first_appeared,2008,wikipedia,https://en.wikipedia.org/wiki/Business_Intelligence_Markup_Language
pl/business-intelligence-markup-language,homepage,http://www.bimlscript.com/,wikipedia,https://en.wikipedia.org/wiki/Business_Intelligence_Markup_Language
pl/state-chart-xml,designed_by,World Wide Web Consortium,wikipedia,https://en.wikipedia.org/wiki/SCXML
pl/state-chart-xml,homepage,http://www.w3.org/TR/scxml/,wikipedia,https://en.wikipedia.org/wiki/SCXML
pl/xsb,paradigms,logic,wikipedia,https://en.wikipedia.org/wiki/XSB
pl/xsb,designed_by,David S. Warren,wikipedia,https://en.wikipedia.org/wiki/XSB
pl/xsb,designed_by,Theresa Swift,wikipedia,https://en.wikipedia.org/wiki/XSB
pl/xsb,designed_by,Kostis Sagonas,wikipedia,https://en.wikipedia.org/wiki/XSB
pl/xsb,influenced_by,Prolog,wikipedia,https://en.wikipedia.org/wiki/XSB
pl/xsb,influenced_by,PSB-Prolog,wikipedia,https://en.wikipedia.org/wiki/XSB
pl/xsb,influenced_by,SB-Prolog,wikipedia,https://en.wikipedia.org/wiki/XSB
pl/xsb,homepage,http://xsb.sf.net,wikipedia,https://en.wikipedia.org/wiki/XSB
pl/extendscript,paradigms,object-oriented,wikipedia,https://en.wikipedia.org/wiki/ExtendScript
pl/extendscript,paradigms,scripting,wikipedia,https://en.wikipedia.org/wiki/ExtendScript
pl/extendscript,designed_by,Adobe Systems,wikipedia,https://en.wikipedia.org/wiki/ExtendScript
pl/ur-web,paradigms,functional,wikipedia,https://en.wikipedia.org/wiki/Ur_(programming_language)
pl/ur-web,paradigms,reactive,wikipedia,https://en.wikipedia.org/wiki/Ur_(programming_language)
pl/ur-web,typing,"static, row",wikipedia,https://en.wikipedia.org/wiki/Ur_(programming_language)
pl/ur-web,designed_by,Adam Chlipala,wikipedia,https://en.wikipedia.org/wiki/Ur_(programming_language)
pl/ur-web,first_appeared,2014,wikipedia,https://en.wikipedia.org/wiki/Ur_(programming_language)
pl/ur-web,influenced_by,ML,wikipedia,https://en.wikipedia.org/wiki/Ur_(programming_language)
pl/ur-web,influenced_by,Haskell,wikipedia,https://en.wikipedia.org/wiki/Ur_(programming_language)
pl/ur-web,license,MIT,wikipedia,https://en.wikipedia.org/wiki/Ur_(programming_language)
pl/ur-web,homepage,http://impredicative.com/ur,wikipedia,https://en.wikipedia.org/wiki/Ur_(programming_language)
pl/accelerated-mobile-pages,designed_by,Google,wikipedia,https://en.wikipedia.org/wiki/Accelerated_Mobile_Pages
pl/accelerated-mobile-pages,homepage,https://amp.dev/,wikipedia,https://en.wikipedia.org/wiki/Accelerated_Mobile_Pages
pl/fricas,designed_by,Waldek Hebisch + independent group of people,wikipedia,https://en.wikipedia.org/wiki/FriCAS
pl/fricas,license,Modified BSD License,wikipedia,https://en.wikipedia.org/wiki/FriCAS
pl/fricas,implementation_languages,SPAD,wikipedia,https://en.wikipedia.org/wiki/FriCAS
pl/fricas,implementation_languages,Aldor,wikipedia,https://en.wikipedia.org/wiki/FriCAS
pl/fricas,implementation_languages,Boot,wikipedia,https://en.wikipedia.org/wiki/FriCAS
pl/fricas,implementation_languages,Common Lisp,wikipedia,https://en.wikipedia.org/wiki/FriCAS
pl/fricas,homepage,https://fricas.github.io/,wikipedia,https://en.wikipedia.org/wiki/FriCAS
pl/plankalk-l,paradigms,procedural,wikipedia,https://en.wikipedia.org/wiki/Plankalk%C3%BCl
pl/plankalk-l,designed_by,Konrad Zuse,wikipedia,https://en.wikipedia.org/wiki/Plankalk%C3%BCl
pl/plankalk-l,first_appeared,1948,wikipedia,https://en.wikipedia.org/wiki/Plankalk%C3%BCl
pl/ajax,first_appeared,1999,wikipedia,https://en.wikipedia.org/wiki/Ajax_(programming)
pl/ajax,influenced_by,JavaScript + XML,wikipedia,https://en.wikipedia.org/wiki/Ajax_(programming)
pl/ibm-basic-2,designed_by,Microsoft (for IBM),wikipedia,https://en.wikipedia.org/wiki/IBM_BASIC
pl/ibm-basic-2,first_appeared,1981,wikipedia,https://en.wikipedia.org/wiki/IBM_BASIC
pl/ibm-basic-2,influenced_by,IBM Cassette BASIC,wikipedia,https://en.wikipedia.org/wiki/IBM_BASIC
pl/ibm-basic-2,influenced_by,IBM Disk BASIC,wikipedia,https://en.wikipedia.org/wiki/IBM_BASIC
pl/ucsd-pascal-2,designed_by,University of California,wikipedia,https://en.wikipedia.org/wiki/UCSD_Pascal
pl/ucsd-pascal-2,designed_by,San Diego,wikipedia,https://en.wikipedia.org/wiki/UCSD_Pascal
pl/ucsd-pascal-2,designed_by,SofTech,wikipedia,https://en.wikipedia.org/wiki/UCSD_Pascal
pl/ucsd-pascal-2,designed_by,Pecan,wikipedia,https://en.wikipedia.org/wiki/UCSD_Pascal
pl/ucsd-pascal-2,first_appeared,1977,wikipedia,https://en.wikipedia.org/wiki/UCSD_Pascal
pl/pl-i-2,paradigms,procedural,wikipedia,https://en.wikipedia.org/wiki/PL/I
pl/pl-i-2,paradigms,imperative,wikipedia,https://en.wikipedia.org/wiki/PL/I
pl/pl-i-2,paradigms,structured,wikipedia,https://en.wikipedia.org/wiki/PL/I
pl/pl-i-2,designed_by,IBM,wikipedia,https://en.wikipedia.org/wiki/PL/I
pl/pl-i-2,designed_by,SHARE Language Development Committee,wikipedia,https://en.wikipedia.org/wiki/PL/I
pl/pl-i-2,designed_by,ISO,wikipedia,https://en.wikipedia.org/wiki/PL/I
pl/pl-i-2,first_appeared,1964,wikipedia,https://en.wikipedia.org/wiki/PL/I
pl/pl-i-2,influenced_by,COBOL,wikipedia,https://en.wikipedia.org/wiki/PL/I
pl/pl-i-2,influenced_by,Fortran,wikipedia,https://en.wikipedia.org/wiki/PL/I
pl/pl-i-2,influenced_by,ALGOL 60,wikipedia,https://en.wikipedia.org/wiki/PL/I
pl/pl-i-2,homepage,https://www.ibm.com/products/pli-compiler-zos,wikipedia,https://en.wikipedia.org/wiki/PL/I
pl/standard-ml-of-new-jersey,paradigms,multi-paradigm: functional,wikipedia,https://en.wikipedia.org/wiki/Standard_ML_of_New_Jersey
pl/standard-ml-of-new-jersey,paradigms,imperative,wikipedia,https://en.wikipedia.org/wiki/Standard_ML_of_New_Jersey
pl/standard-ml-of-new-jersey,typing,"strong, static, inferred",wikipedia,https://en.wikipedia.org/wiki/Standard_ML_of_New_Jersey
pl/standard-ml-of-new-jersey,designed_by,Bell Laboratories,wikipedia,https://en.wikipedia.org/wiki/Standard_ML_of_New_Jersey
pl/standard-ml-of-new-jersey,designed_by,Princeton University Lucent Technologies,wikipedia,https://en.wikipedia.org/wiki/Standard_ML_of_New_Jersey
pl/standard-ml-of-new-jersey,designed_by,Yale University (FLINT Project),wikipedia,https://en.wikipedia.org/wiki/Standard_ML_of_New_Jersey
pl/standard-ml-of-new-jersey,designed_by,AT&T Research,wikipedia,https://en.wikipedia.org/wiki/Standard_ML_of_New_Jersey
pl/standard-ml-of-new-jersey,first_appeared,1988,wikipedia,https://en.wikipedia.org/wiki/Standard_ML_of_New_Jersey
pl/standard-ml-of-new-jersey,influenced_by,Standard ML,wikipedia,https://en.wikipedia.org/wiki/Standard_ML_of_New_Jersey
pl/standard-ml-of-new-jersey,license,BSD-like,wikipedia,https://en.wikipedia.org/wiki/Standard_ML_of_New_Jersey
pl/standard-ml-of-new-jersey,implementation_languages,Standard ML,wikipedia,https://en.wikipedia.org/wiki/Standard_ML_of_New_Jersey
pl/standard-ml-of-new-jersey,implementation_languages,C,wikipedia,https://en.wikipedia.org/wiki/Standard_ML_of_New_Jersey
pl/standard-ml-of-new-jersey,homepage,http://www.smlnj.org,wikipedia,https://en.wikipedia.org/wiki/Standard_ML_of_New_Jersey
pl/msx-basic-2,paradigms,imperative,wikipedia,https://en.wikipedia.org/wiki/MSX_BASIC
pl/msx-basic-2,designed_by,Microsoft Corporation,wikipedia,https://en.wikipedia.org/wiki/MSX_BASIC
pl/msx-basic-2,first_appeared,1983,wikipedia,https://en.wikipedia.org/wiki/MSX_BASIC
pl/msx-basic-2,influenced_by,GW-BASIC,wikipedia,https://en.wikipedia.org/wiki/MSX_BASIC
pl/msx-basic-2,license,MS - EULA,wikipedia,https://en.wikipedia.org/wiki/MSX_BASIC
pl/msx-basic-2,homepage,http://www.microsoft.com,wikipedia,https://en.wikipedia.org/wiki/MSX_BASIC
pl/3dmlw,license,GPLv2,wikipedia,https://en.wikipedia.org/wiki/3DMLW
pl/3dmlw,homepage,https://web.archive.org/web/20090827072954/http://www.3dmlw.com/,wikipedia,https://en.wikipedia.org/wiki/3DMLW
pl/incr-tcl,paradigms,multi-paradigm: object-oriented,wikipedia,https://en.wikipedia.org/wiki/Incr_Tcl
pl/incr-tcl,paradigms,functional,wikipedia,https://en.wikipedia.org/wiki/Incr_Tcl
pl/incr-tcl,paradigms,imperative,wikipedia,https://en.wikipedia.org/wiki/Incr_Tcl
pl/incr-tcl,paradigms,event-driven,wikipedia,https://en.wikipedia.org/wiki/Incr_Tcl
pl/incr-tcl,typing,"dynamic typing, everything can be treated as a string",wikipedia,https://en.wikipedia.org/wiki/Incr_Tcl
pl/incr-tcl,designed_by,Michael McLennan,wikipedia,https://en.wikipedia.org/wiki/Incr_Tcl
pl/incr-tcl,first_appeared,1993,wikipedia,https://en.wikipedia.org/wiki/Incr_Tcl
pl/incr-tcl,influenced_by,Tcl,wikipedia,https://en.wikipedia.org/wiki/Incr_Tcl
pl/incr-tcl,influenced_by,C++,wikipedia,https://en.wikipedia.org/wiki/Incr_Tcl
pl/incr-tcl,license,BSD-style,wikipedia,https://en.wikipedia.org/wiki/Incr_Tcl
pl/incr-tcl,homepage,https://sourceforge.net/projects/incrtcl/,wikipedia,https://en.wikipedia.org/wiki/Incr_Tcl
pl/altair-basic-2,designed_by,Bill Gates,wikipedia,https://en.wikipedia.org/wiki/Altair_BASIC
pl/altair-basic-2,designed_by,Paul Allen,wikipedia,https://en.wikipedia.org/wiki/Altair_BASIC
pl/altair-basic-2,designed_by,Monte Davidoff,wikipedia,https://en.wikipedia.org/wiki/Altair_BASIC
pl/altair-basic-2,first_appeared,1975,wikipedia,https://en.wikipedia.org/wiki/Altair_BASIC
pl/xacml,paradigms,declarative,wikipedia,https://en.wikipedia.org/wiki/XACML
pl/xacml,designed_by,Organization for the Advancement of Structured Information Standards (OASIS),wikipedia,https://en.wikipedia.org/wiki/XACML
pl/xacml,first_appeared,2001,wikipedia,https://en.wikipedia.org/wiki/XACML
pl/xacml,influenced_by,XML,wikipedia,https://en.wikipedia.org/wiki/XACML
pl/xacml,influenced_by,SAML,wikipedia,https://en.wikipedia.org/wiki/XACML
pl/xacml,license,OASIS,wikipedia,https://en.wikipedia.org/wiki/XACML
pl/xacml,homepage,https://www.oasis-open.org/committees/tc_home.php?wg_abbrev=xacml,wikipedia,https://en.wikipedia.org/wiki/XACML
pl/a-manufacturing-language,paradigms,imperative (procedural),wikipedia,https://en.wikipedia.org/wiki/A_Manufacturing_Language
pl/a-manufacturing-language,designed_by,Russell H. Taylor,wikipedia,https://en.wikipedia.org/wiki/A_Manufacturing_Language
pl/a-manufacturing-language,first_appeared,1978,wikipedia,https://en.wikipedia.org/wiki/A_Manufacturing_Language
pl/a-manufacturing-language,influenced_by,ALGOL 68,wikipedia,https://en.wikipedia.org/wiki/A_Manufacturing_Language
pl/a-manufacturing-language,influenced_by,SAIL,wikipedia,https://en.wikipedia.org/wiki/A_Manufacturing_Language
pl/a-manufacturing-language,influenced_by,AL,wikipedia,https://en.wikipedia.org/wiki/A_Manufacturing_Language
pl/active-oberon,paradigms,imperative,wikipedia,https://en.wikipedia.org/wiki/Active_Oberon
pl/active-oberon,paradigms,structured,wikipedia,https://en.wikipedia.org/wiki/Active_Oberon
pl/active-oberon,paradigms,modular,wikipedia,https://en.wikipedia.org/wiki/Active_Oberon
pl/active-oberon,paradigms,object-oriented,wikipedia,https://en.wikipedia.org/wiki/Active_Oberon
pl/active-oberon,paradigms,concurrent,wikipedia,https://en.wikipedia.org/wiki/Active_Oberon
pl/active-oberon,typing,"strong, hybrid (static and dynamic)",wikipedia,https://en.wikipedia.org/wiki/Active_Oberon
pl/active-oberon,designed_by,ETH Zurich,wikipedia,https://en.wikipedia.org/wiki/Active_Oberon
pl/active-oberon,designed_by,Niklaus Wirth,wikipedia,https://en.wikipedia.org/wiki/Active_Oberon
pl/active-oberon,designed_by,Jürg Gutknecht,wikipedia,https://en.wikipedia.org/wiki/Active_Oberon
pl/active-oberon,designed_by,Patrik Reali,wikipedia,https://en.wikipedia.org/wiki/Active_Oberon
pl/active-oberon,designed_by,A. Radenski,wikipedia,https://en.wikipedia.org/wiki/Active_Oberon
pl/active-oberon,first_appeared,1998,wikipedia,https://en.wikipedia.org/wiki/Active_Oberon
pl/active-oberon,influenced_by,Oberon,wikipedia,https://en.wikipedia.org/wiki/Active_Oberon
pl/active-oberon,influenced_by,Object Oberon,wikipedia,https://en.wikipedia.org/wiki/Active_Oberon
pl/active-oberon,influenced_by,Oberon-2,wikipedia,https://en.wikipedia.org/wiki/Active_Oberon
pl/active-oberon,implementation_languages,Oberon,wikipedia,https://en.wikipedia.org/wiki/Active_Oberon
pl/keysight-vee-2,designed_by,Keysight Technologies,wikipedia,https://en.wikipedia.org/wiki/Keysight_VEE
pl/keysight-vee-2,license,Proprietary commercial software,wikipedia,https://en.wikipedia.org/wiki/Keysight_VEE
pl/keysight-vee-2,homepage,https://www.keysight.com/us/en/product/W4000D/vee-pro-9-33.html,wikipedia,https://en.wikipedia.org/wiki/Keysight_VEE
pl/bbc-basic-2,designed_by,Acorn Computers Ltd,wikipedia,https://en.wikipedia.org/wiki/BBC_BASIC
pl/bbc-basic-2,first_appeared,1981,wikipedia,https://en.wikipedia.org/wiki/BBC_BASIC
pl/basic-a,first_appeared,1983,wikipedia,https://en.wikipedia.org/wiki/BASIC_A%2B
pl/basic-a,license,Copyright © 1983 Optimized Systems Software Proprietary,wikipedia,https://en.wikipedia.org/wiki/BASIC_A%2B
pl/amiga-e-2,paradigms,multi-paradigm: functional,wikipedia,https://en.wikipedia.org/wiki/Amiga_E
pl/amiga-e-2,paradigms,object-oriented,wikipedia,https://en.wikipedia.org/wiki/Amiga_E
pl/amiga-e-2,paradigms,procedural,wikipedia,https://en.wikipedia.org/wiki/Amiga_E
pl/amiga-e-2,designed_by,Wouter van Oortmerssen,wikipedia,https://en.wikipedia.org/wiki/Amiga_E
pl/amiga-e-2,first_appeared,1993,wikipedia,https://en.wikipedia.org/wiki/Amiga_E
pl/amiga-e-2,influenced_by,Ada,wikipedia,https://en.wikipedia.org/wiki/Amiga_E
pl/amiga-e-2,influenced_by,C++,wikipedia,https://en.wikipedia.org/wiki/Amiga_E
pl/amiga-e-2,influenced_by,Lisp,wikipedia,https://en.wikipedia.org/wiki/Amiga_E
pl/amiga-e-2,license,freeware,wikipedia,https://en.wikipedia.org/wiki/Amiga_E
pl/amiga-e-2,homepage,https://aminet.net/package/dev/e/amigae33a,wikipedia,https://en.wikipedia.org/wiki/Amiga_E
pl/true-basic-2,designed_by,True BASIC,wikipedia,https://en.wikipedia.org/wiki/True_BASIC
pl/true-basic-2,designed_by,Inc,wikipedia,https://en.wikipedia.org/wiki/True_BASIC
pl/true-basic-2,designed_by,John G. Kemeny Thomas E. Kurtz,wikipedia,https://en.wikipedia.org/wiki/True_BASIC
pl/true-basic-2,first_appeared,1983,wikipedia,https://en.wikipedia.org/wiki/True_BASIC
pl/true-basic-2,influenced_by,BASIC,wikipedia,https://en.wikipedia.org/wiki/True_BASIC
pl/true-basic-2,homepage,http://www.truebasic.com,wikipedia,https://en.wikipedia.org/wiki/True_BASIC
pl/wiring,designed_by,Hernando Barragán,wikipedia,https://en.wikipedia.org/wiki/Wiring_(software)
pl/wiring,designed_by,Brett Hagman,wikipedia,https://en.wikipedia.org/wiki/Wiring_(software)
pl/wiring,designed_by,and Alexander Brevig,wikipedia,https://en.wikipedia.org/wiki/Wiring_(software)
pl/wiring,license,LGPL or GPL license,wikipedia,https://en.wikipedia.org/wiki/Wiring_(software)
pl/wiring,homepage,http://wiring.org.co,wikipedia,https://en.wikipedia.org/wiki/Wiring_(software)
pl/tiny-basic-2,designed_by,Li Chen Wang,wikipedia,https://en.wikipedia.org/wiki/Tiny_BASIC
pl/tiny-basic-2,designed_by,Dennis Allison,wikipedia,https://en.wikipedia.org/wiki/Tiny_BASIC
pl/tiny-basic-2,first_appeared,1976,wikipedia,https://en.wikipedia.org/wiki/Tiny_BASIC
pl/tiny-basic-2,influenced_by,Tiny BASIC Design Note,wikipedia,https://en.wikipedia.org/wiki/Tiny_BASIC
pl/tiny-basic-2,influenced_by,Tiny BASIC Extended,wikipedia,https://en.wikipedia.org/wiki/Tiny_BASIC
pl/tiny-basic-2,influenced_by,Dartmouth BASIC,wikipedia,https://en.wikipedia.org/wiki/Tiny_BASIC
pl/tiny-basic-2,influenced_by,8008 BASIC,wikipedia,https://en.wikipedia.org/wiki/Tiny_BASIC
pl/tiny-basic-2,license,Public domain,wikipedia,https://en.wikipedia.org/wiki/Tiny_BASIC
pl/tiny-basic-2,implementation_languages,IL (Interpretive Language),wikipedia,https://en.wikipedia.org/wiki/Tiny_BASIC
pl/quartz-composer,designed_by,Apple Computer,wikipedia,https://en.wikipedia.org/wiki/Quartz_Composer
pl/quartz-composer,license,Proprietary,wikipedia,https://en.wikipedia.org/wiki/Quartz_Composer
pl/quartz-composer,homepage,https://developer.apple.com/library/content/documentation/GraphicsImaging/Conceptual/QuartzComposerUserGuide/qc_intro/qc_intro.html,wikipedia,https://en.wikipedia.org/wiki/Quartz_Composer
pl/atari-microsoft-basic-2,designed_by,Microsoft,wikipedia,https://en.wikipedia.org/wiki/Atari_Microsoft_BASIC
pl/atari-microsoft-basic-2,designed_by,Atari,wikipedia,https://en.wikipedia.org/wiki/Atari_Microsoft_BASIC
pl/atari-microsoft-basic-2,designed_by,Inc,wikipedia,https://en.wikipedia.org/wiki/Atari_Microsoft_BASIC
pl/atari-microsoft-basic-2,first_appeared,1981,wikipedia,https://en.wikipedia.org/wiki/Atari_Microsoft_BASIC
pl/atari-microsoft-basic-2,license,"Copyright © 1981, 1982 Microsoft Corp. Proprietary",wikipedia,https://en.wikipedia.org/wiki/Atari_Microsoft_BASIC
pl/visual-basic-for-applications,paradigms,multi-paradigm,wikipedia,https://en.wikipedia.org/wiki/Visual_Basic_for_Applications
pl/visual-basic-for-applications,typing,"static/dynamic hybrid, strong/weak hybrid",wikipedia,https://en.wikipedia.org/wiki/Visual_Basic_for_Applications
pl/visual-basic-for-applications,designed_by,Microsoft,wikipedia,https://en.wikipedia.org/wiki/Visual_Basic_for_Applications
pl/visual-basic-for-applications,first_appeared,1993,wikipedia,https://en.wikipedia.org/wiki/Visual_Basic_for_Applications
pl/visual-basic-for-applications,influenced_by,QuickBASIC,wikipedia,https://en.wikipedia.org/wiki/Visual_Basic_for_Applications
pl/visual-basic-for-applications,influenced_by,Visual Basic,wikipedia,https://en.wikipedia.org/wiki/Visual_Basic_for_Applications
pl/visual-basic-for-applications,license,Commercial proprietary software,wikipedia,https://en.wikipedia.org/wiki/Visual_Basic_for_Applications
pl/visual-basic-for-applications,homepage,https://learn.microsoft.com/en-us/office/vba/library-reference/concepts/getting-started-with-vba-in-office,wikipedia,https://en.wikipedia.org/wiki/Visual_Basic_for_Applications
pl/atlas-transformation-language,designed_by,OBEO,wikipedia,https://en.wikipedia.org/wiki/ATLAS_Transformation_Language
pl/atlas-transformation-language,designed_by,INRIA Free software community,wikipedia,https://en.wikipedia.org/wiki/ATLAS_Transformation_Language
pl/atlas-transformation-language,license,Eclipse Public License,wikipedia,https://en.wikipedia.org/wiki/ATLAS_Transformation_Language
pl/atlas-transformation-language,homepage,http://www.eclipse.org/atl,wikipedia,https://en.wikipedia.org/wiki/ATLAS_Transformation_Language
pl/lisp-machine-lisp-2,designed_by,MIT,wikipedia,https://en.wikipedia.org/wiki/Lisp_Machine_Lisp
pl/lisp-machine-lisp-2,designed_by,Symbolics,wikipedia,https://en.wikipedia.org/wiki/Lisp_Machine_Lisp
pl/lisp-machine-lisp-2,designed_by,Lisp Machines,wikipedia,https://en.wikipedia.org/wiki/Lisp_Machine_Lisp
pl/lisp-machine-lisp-2,designed_by,Texas Instruments,wikipedia,https://en.wikipedia.org/wiki/Lisp_Machine_Lisp
pl/lisp-machine-lisp-2,designed_by,David A. Moon,wikipedia,https://en.wikipedia.org/wiki/Lisp_Machine_Lisp
pl/lisp-machine-lisp-2,designed_by,Richard Stallman,wikipedia,https://en.wikipedia.org/wiki/Lisp_Machine_Lisp
pl/lisp-machine-lisp-2,designed_by,Daniel Weinreb,wikipedia,https://en.wikipedia.org/wiki/Lisp_Machine_Lisp
pl/lisp-machine-lisp-2,first_appeared,1976,wikipedia,https://en.wikipedia.org/wiki/Lisp_Machine_Lisp
pl/lisp-machine-lisp-2,influenced_by,Lisp,wikipedia,https://en.wikipedia.org/wiki/Lisp_Machine_Lisp
pl/lisp-machine-lisp-2,influenced_by,Maclisp,wikipedia,https://en.wikipedia.org/wiki/Lisp_Machine_Lisp
pl/lisp-machine-lisp-2,influenced_by,Interlisp,wikipedia,https://en.wikipedia.org/wiki/Lisp_Machine_Lisp
pl/lisp-machine-lisp-2,implementation_languages,Lisp,wikipedia,https://en.wikipedia.org/wiki/Lisp_Machine_Lisp
pl/atari-basic-2,designed_by,Shepardson Microsystems,wikipedia,https://en.wikipedia.org/wiki/Atari_BASIC
pl/atari-basic-2,designed_by,Paul Laughton Kathleen O'Brien Carol Shaw (manual) Keith Brewster (manual),wikipedia,https://en.wikipedia.org/wiki/Atari_BASIC
pl/atari-basic-2,first_appeared,1979,wikipedia,https://en.wikipedia.org/wiki/Atari_BASIC
pl/atari-basic-2,influenced_by,Data General Business Basic,wikipedia,https://en.wikipedia.org/wiki/Atari_BASIC
pl/atari-basic-2,license,Commercial proprietary software,wikipedia,https://en.wikipedia.org/wiki/Atari_BASIC
pl/tinyscheme,designed_by,Dimitrios Souflis,wikipedia,https://en.wikipedia.org/wiki/TinyScheme
pl/tinyscheme,designed_by,Kevin Cozens,wikipedia,https://en.wikipedia.org/wiki/TinyScheme
pl/tinyscheme,designed_by,Jonathan S. Shapiro,wikipedia,https://en.wikipedia.org/wiki/TinyScheme
pl/tinyscheme,license,BSD License,wikipedia,https://en.wikipedia.org/wiki/TinyScheme
pl/tinyscheme,homepage,http://tinyscheme.sourceforge.net,wikipedia,https://en.wikipedia.org/wiki/TinyScheme
pl/microsoft-small-basic-2,paradigms,structured,wikipedia,https://en.wikipedia.org/wiki/Microsoft_Small_Basic
pl/microsoft-small-basic-2,paradigms,imperative,wikipedia,https://en.wikipedia.org/wiki/Microsoft_Small_Basic
pl/microsoft-small-basic-2,paradigms,object-oriented,wikipedia,https://en.wikipedia.org/wiki/Microsoft_Small_Basic
pl/microsoft-small-basic-2,typing,"dynamic, weak",wikipedia,https://en.wikipedia.org/wiki/Microsoft_Small_Basic
pl/microsoft-small-basic-2,designed_by,Microsoft,wikipedia,https://en.wikipedia.org/wiki/Microsoft_Small_Basic
pl/microsoft-small-basic-2,designed_by,Vijaye Raji,wikipedia,https://en.wikipedia.org/wiki/Microsoft_Small_Basic
pl/microsoft-small-basic-2,first_appeared,2008,wikipedia,https://en.wikipedia.org/wiki/Microsoft_Small_Basic
pl/microsoft-small-basic-2,influenced_by,Logo,wikipedia,https://en.wikipedia.org/wiki/Microsoft_Small_Basic
pl/microsoft-small-basic-2,influenced_by,QBasic,wikipedia,https://en.wikipedia.org/wiki/Microsoft_Small_Basic
pl/microsoft-small-basic-2,influenced_by,Visual Basic .NET,wikipedia,https://en.wikipedia.org/wiki/Microsoft_Small_Basic
pl/microsoft-small-basic-2,license,MIT License,wikipedia,https://en.wikipedia.org/wiki/Microsoft_Small_Basic
pl/microsoft-small-basic-2,homepage,https://smallbasic-publicwebsite.azurewebsites.net/,wikipedia,https://en.wikipedia.org/wiki/Microsoft_Small_Basic
pl/mit-gnu-scheme,paradigms,multi-paradigm: functional,wikipedia,https://en.wikipedia.org/wiki/MIT/GNU_Scheme
pl/mit-gnu-scheme,paradigms,imperative,wikipedia,https://en.wikipedia.org/wiki/MIT/GNU_Scheme
pl/mit-gnu-scheme,paradigms,meta,wikipedia,https://en.wikipedia.org/wiki/MIT/GNU_Scheme
pl/mit-gnu-scheme,typing,"dynamic, latent, strong",wikipedia,https://en.wikipedia.org/wiki/MIT/GNU_Scheme
pl/mit-gnu-scheme,designed_by,MIT,wikipedia,https://en.wikipedia.org/wiki/MIT/GNU_Scheme
pl/mit-gnu-scheme,designed_by,Chris Hanson,wikipedia,https://en.wikipedia.org/wiki/MIT/GNU_Scheme
pl/mit-gnu-scheme,designed_by,Guillermo J. Rozas,wikipedia,https://en.wikipedia.org/wiki/MIT/GNU_Scheme
pl/mit-gnu-scheme,designed_by,Taylor R. Campbell,wikipedia,https://en.wikipedia.org/wiki/MIT/GNU_Scheme
pl/mit-gnu-scheme,designed_by,Stephen Adams,wikipedia,https://en.wikipedia.org/wiki/MIT/GNU_Scheme
pl/mit-gnu-scheme,designed_by,Matt Birkholz,wikipedia,https://en.wikipedia.org/wiki/MIT/GNU_Scheme
pl/mit-gnu-scheme,designed_by,Arthur A. Gleckler,wikipedia,https://en.wikipedia.org/wiki/MIT/GNU_Scheme
pl/mit-gnu-scheme,designed_by,Joe Marshall,wikipedia,https://en.wikipedia.org/wiki/MIT/GNU_Scheme
pl/mit-gnu-scheme,designed_by,Brian A. LaMacchia,wikipedia,https://en.wikipedia.org/wiki/MIT/GNU_Scheme
pl/mit-gnu-scheme,designed_by,Mark Friedman,wikipedia,https://en.wikipedia.org/wiki/MIT/GNU_Scheme
pl/mit-gnu-scheme,designed_by,Henry M. Wu,wikipedia,https://en.wikipedia.org/wiki/MIT/GNU_Scheme
pl/mit-gnu-scheme,first_appeared,1979,wikipedia,https://en.wikipedia.org/wiki/MIT/GNU_Scheme
pl/mit-gnu-scheme,influenced_by,Lisp,wikipedia,https://en.wikipedia.org/wiki/MIT/GNU_Scheme
pl/mit-gnu-scheme,influenced_by,Scheme,wikipedia,https://en.wikipedia.org/wiki/MIT/GNU_Scheme
pl/mit-gnu-scheme,license,GPL,wikipedia,https://en.wikipedia.org/wiki/MIT/GNU_Scheme
pl/mit-gnu-scheme,homepage,http://www.gnu.org/software/mit-scheme,wikipedia,https://en.wikipedia.org/wiki/MIT/GNU_Scheme
pl/information-processing-language-2,paradigms,assembly,wikipedia,https://en.wikipedia.org/wiki/Information_Processing_Language
pl/information-processing-language-2,designed_by,Allen Newell,wikipedia,https://en.wikipedia.org/wiki/Information_Processing_Language
pl/information-processing-language-2,designed_by,Cliff Shaw,wikipedia,https://en.wikipedia.org/wiki/Information_Processing_Language
pl/information-processing-language-2,designed_by,Herbert A. Simon,wikipedia,https://en.wikipedia.org/wiki/Information_Processing_Language
pl/information-processing-language-2,first_appeared,1956,wikipedia,https://en.wikipedia.org/wiki/Information_Processing_Language
pl/script-net,paradigms,imperative,wikipedia,https://en.wikipedia.org/wiki/Script.NET
pl/script-net,paradigms,meta,wikipedia,https://en.wikipedia.org/wiki/Script.NET
pl/script-net,paradigms,scripting,wikipedia,https://en.wikipedia.org/wiki/Script.NET
pl/script-net,typing,dynamic,wikipedia,https://en.wikipedia.org/wiki/Script.NET
pl/script-net,designed_by,Microsoft,wikipedia,https://en.wikipedia.org/wiki/Script.NET
pl/script-net,influenced_by,JavaScript,wikipedia,https://en.wikipedia.org/wiki/Script.NET
pl/script-net,license,Free,wikipedia,https://en.wikipedia.org/wiki/Script.NET
pl/script-net,homepage,http://www.protsyk.com/scriptdotnet,wikipedia,https://en.wikipedia.org/wiki/Script.NET
pl/scumm,designed_by,Lucasfilm Games,wikipedia,https://en.wikipedia.org/wiki/SCUMM
pl/scumm,designed_by,Aric Wilmunder,wikipedia,https://en.wikipedia.org/wiki/SCUMM
pl/scumm,designed_by,Chip Morningstar,wikipedia,https://en.wikipedia.org/wiki/SCUMM
pl/scumm,designed_by,Ron Gilbert,wikipedia,https://en.wikipedia.org/wiki/SCUMM
pl/scumm,designed_by,Brad P. Taylor,wikipedia,https://en.wikipedia.org/wiki/SCUMM
pl/scumm,first_appeared,1987,wikipedia,https://en.wikipedia.org/wiki/SCUMM
pl/torque-game-engine,designed_by,GarageGames,wikipedia,https://en.wikipedia.org/wiki/Torque_(game_engine)
pl/torque-game-engine,first_appeared,2009,wikipedia,https://en.wikipedia.org/wiki/Torque_(game_engine)
pl/torque-game-engine,license,Before 1.2 : Proprietary_software Since 1.2 : MIT_License,wikipedia,https://en.wikipedia.org/wiki/Torque_(game_engine)
pl/torque-game-engine,homepage,https://torque3d.org/torque2d/,wikipedia,https://en.wikipedia.org/wiki/Torque_(game_engine)
pl/predictive-model-markup-language,designed_by,Robert Lee Grossman,wikipedia,https://en.wikipedia.org/wiki/Predictive_Model_Markup_Language
pl/root,designed_by,CERN,wikipedia,https://en.wikipedia.org/wiki/ROOT
pl/root,license,LGPL / GPL,wikipedia,https://en.wikipedia.org/wiki/ROOT
pl/root,homepage,http://root.cern,wikipedia,https://en.wikipedia.org/wiki/ROOT
pl/gauss,designed_by,Aptech Systems,wikipedia,https://en.wikipedia.org/wiki/GAUSS_(software)
pl/gauss,first_appeared,1984,wikipedia,https://en.wikipedia.org/wiki/GAUSS_(software)
pl/gauss,license,proprietary,wikipedia,https://en.wikipedia.org/wiki/GAUSS_(software)
pl/gauss,homepage,http://www.aptech.com,wikipedia,https://en.wikipedia.org/wiki/GAUSS_(software)
pl/visual-jpp,paradigms,multi-paradigm: generic,wikipedia,https://en.wikipedia.org/wiki/Visual_J%2B%2B
pl/visual-jpp,paradigms,object-oriented (class-based),wikipedia,https://en.wikipedia.org/wiki/Visual_J%2B%2B
pl/visual-jpp,paradigms,imperative,wikipedia,https://en.wikipedia.org/wiki/Visual_J%2B%2B
pl/visual-jpp,typing,"static, strong",wikipedia,https://en.wikipedia.org/wiki/Visual_J%2B%2B
pl/visual-jpp,designed_by,Microsoft,wikipedia,https://en.wikipedia.org/wiki/Visual_J%2B%2B
pl/visual-jpp,first_appeared,1996,wikipedia,https://en.wikipedia.org/wiki/Visual_J%2B%2B
pl/visual-jpp,influenced_by,Java,wikipedia,https://en.wikipedia.org/wiki/Visual_J%2B%2B
pl/visual-jpp,homepage,https://msdn.microsoft.com/en-us/library/ms950413.aspx,wikipedia,https://en.wikipedia.org/wiki/Visual_J%2B%2B
pl/cpp-cli,paradigms,structured,wikipedia,https://en.wikipedia.org/wiki/C%2B%2B/CLI
pl/cpp-cli,paradigms,imperative,wikipedia,https://en.wikipedia.org/wiki/C%2B%2B/CLI
pl/cpp-cli,paradigms,object-oriented,wikipedia,https://en.wikipedia.org/wiki/C%2B%2B/CLI
pl/cpp-cli,designed_by,Microsoft,wikipedia,https://en.wikipedia.org/wiki/C%2B%2B/CLI
pl/cpp-cli,first_appeared,2005,wikipedia,https://en.wikipedia.org/wiki/C%2B%2B/CLI
pl/cpp-cli,influenced_by,C++,wikipedia,https://en.wikipedia.org/wiki/C%2B%2B/CLI
pl/cpp-cli,influenced_by,Managed Extensions for C++,wikipedia,https://en.wikipedia.org/wiki/C%2B%2B/CLI
pl/cpp-cli,influenced_by,C#,wikipedia,https://en.wikipedia.org/wiki/C%2B%2B/CLI
pl/cpp-cli,homepage,https://docs.microsoft.com/en-us/cpp/dotnet/dotnet-programming-with-cpp-cli-visual-cpp,wikipedia,https://en.wikipedia.org/wiki/C%2B%2B/CLI
pl/cmu-common-lisp-2,designed_by,Various,wikipedia,https://en.wikipedia.org/wiki/CMU_Common_Lisp
pl/cmu-common-lisp-2,first_appeared,1980,wikipedia,https://en.wikipedia.org/wiki/CMU_Common_Lisp
pl/cmu-common-lisp-2,license,Public domain,wikipedia,https://en.wikipedia.org/wiki/CMU_Common_Lisp
pl/cmu-common-lisp-2,homepage,http://cmucl.org,wikipedia,https://en.wikipedia.org/wiki/CMU_Common_Lisp
pl/asharp,designed_by,AdaCore,wikipedia,https://en.wikipedia.org/wiki/A_Sharp_(.NET)
pl/asharp,designed_by,Dr. Martin C. Carlisle,wikipedia,https://en.wikipedia.org/wiki/A_Sharp_(.NET)
pl/asharp,designed_by,Lt Col Ricky Sward,wikipedia,https://en.wikipedia.org/wiki/A_Sharp_(.NET)
pl/asharp,designed_by,Maj Jeff Humphries,wikipedia,https://en.wikipedia.org/wiki/A_Sharp_(.NET)
pl/asharp,first_appeared,2004,wikipedia,https://en.wikipedia.org/wiki/A_Sharp_(.NET)
pl/asharp,license,GNU General Public License,wikipedia,https://en.wikipedia.org/wiki/A_Sharp_(.NET)
pl/asharp,homepage,http://www.asharp.martincarlisle.com,wikipedia,https://en.wikipedia.org/wiki/A_Sharp_(.NET)
pl/charmpp-2,paradigms,message-driven parallel,wikipedia,https://en.wikipedia.org/wiki/Charm%2B%2B
pl/charmpp-2,paradigms,migratable objects,wikipedia,https://en.wikipedia.org/wiki/Charm%2B%2B
pl/charmpp-2,paradigms,object-oriented,wikipedia,https://en.wikipedia.org/wiki/Charm%2B%2B
pl/charmpp-2,paradigms,asynchronous many-tasking,wikipedia,https://en.wikipedia.org/wiki/Charm%2B%2B
pl/charmpp-2,designed_by,Parallel Programming Laboratory,wikipedia,https://en.wikipedia.org/wiki/Charm%2B%2B
pl/charmpp-2,designed_by,Laxmikant Kale,wikipedia,https://en.wikipedia.org/wiki/Charm%2B%2B
pl/charmpp-2,first_appeared,late 1980s,wikipedia,https://en.wikipedia.org/wiki/Charm%2B%2B
pl/charmpp-2,implementation_languages,C++,wikipedia,https://en.wikipedia.org/wiki/Charm%2B%2B
pl/charmpp-2,implementation_languages,Python,wikipedia,https://en.wikipedia.org/wiki/Charm%2B%2B
pl/charmpp-2,homepage,http://charmplusplus.org,wikipedia,https://en.wikipedia.org/wiki/Charm%2B%2B
pl/algol-58-2,paradigms,procedural,wikipedia,https://en.wikipedia.org/wiki/ALGOL_58
pl/algol-58-2,paradigms,imperative,wikipedia,https://en.wikipedia.org/wiki/ALGOL_58
pl/algol-58-2,paradigms,structured,wikipedia,https://en.wikipedia.org/wiki/ALGOL_58
pl/algol-58-2,typing,"static, strong",wikipedia,https://en.wikipedia.org/wiki/ALGOL_58
pl/algol-58-2,designed_by,Friedrich L. Bauer,wikipedia,https://en.wikipedia.org/wiki/ALGOL_58
pl/algol-58-2,designed_by,Hermann Bottenbruch,wikipedia,https://en.wikipedia.org/wiki/ALGOL_58
pl/algol-58-2,designed_by,Heinz Rutishauser,wikipedia,https://en.wikipedia.org/wiki/ALGOL_58
pl/algol-58-2,designed_by,Klaus Samelson,wikipedia,https://en.wikipedia.org/wiki/ALGOL_58
pl/algol-58-2,designed_by,John Backus,wikipedia,https://en.wikipedia.org/wiki/ALGOL_58
pl/algol-58-2,designed_by,Charles Katz,wikipedia,https://en.wikipedia.org/wiki/ALGOL_58
pl/algol-58-2,designed_by,Alan Perlis,wikipedia,https://en.wikipedia.org/wiki/ALGOL_58
pl/algol-58-2,designed_by,Joseph Henry Wegstein,wikipedia,https://en.wikipedia.org/wiki/ALGOL_58
pl/algol-58-2,first_appeared,1958,wikipedia,https://en.wikipedia.org/wiki/ALGOL_58
pl/algol-58-2,influenced_by,FORTRAN,wikipedia,https://en.wikipedia.org/wiki/ALGOL_58
pl/algol-58-2,influenced_by,IT,wikipedia,https://en.wikipedia.org/wiki/ALGOL_58
pl/algol-58-2,influenced_by,Plankalkül,wikipedia,https://en.wikipedia.org/wiki/ALGOL_58
pl/algol-58-2,influenced_by,Superplan,wikipedia,https://en.wikipedia.org/wiki/ALGOL_58
pl/algol-58-2,influenced_by,Sequentielle Formelübersetzung,wikipedia,https://en.wikipedia.org/wiki/ALGOL_58
pl/coarray-fortran,paradigms,multi-paradigm: parallel,wikipedia,https://en.wikipedia.org/wiki/Coarray_Fortran
pl/coarray-fortran,paradigms,message passing,wikipedia,https://en.wikipedia.org/wiki/Coarray_Fortran
pl/coarray-fortran,paradigms,imperative (procedural,wikipedia,https://en.wikipedia.org/wiki/Coarray_Fortran
pl/coarray-fortran,paradigms,object-oriented),wikipedia,https://en.wikipedia.org/wiki/Coarray_Fortran
pl/coarray-fortran,paradigms,structured,wikipedia,https://en.wikipedia.org/wiki/Coarray_Fortran
pl/coarray-fortran,typing,"strong, static",wikipedia,https://en.wikipedia.org/wiki/Coarray_Fortran
pl/coarray-fortran,designed_by,PL22.3 Fortran Committee,wikipedia,https://en.wikipedia.org/wiki/Coarray_Fortran
pl/coarray-fortran,designed_by,Robert Numrich,wikipedia,https://en.wikipedia.org/wiki/Coarray_Fortran
pl/coarray-fortran,designed_by,John Reid,wikipedia,https://en.wikipedia.org/wiki/Coarray_Fortran
pl/coarray-fortran,influenced_by,Fortran,wikipedia,https://en.wikipedia.org/wiki/Coarray_Fortran
pl/cics,first_appeared,1969,wikipedia,https://en.wikipedia.org/wiki/CICS
pl/cics,license,Proprietary,wikipedia,https://en.wikipedia.org/wiki/CICS
pl/cics,homepage,https://www.ibm.com/it-infrastructure/z/cics,wikipedia,https://en.wikipedia.org/wiki/CICS
pl/intersystems-cach,designed_by,InterSystems,wikipedia,https://en.wikipedia.org/wiki/InterSystems_Cach%C3%A9
pl/intersystems-cach,first_appeared,1997,wikipedia,https://en.wikipedia.org/wiki/InterSystems_Cach%C3%A9
pl/intersystems-cach,license,Proprietary,wikipedia,https://en.wikipedia.org/wiki/InterSystems_Cach%C3%A9
pl/intersystems-cach,homepage,http://www.intersystems.com/cache,wikipedia,https://en.wikipedia.org/wiki/InterSystems_Cach%C3%A9
pl/jsharp-2,paradigms,object-oriented,wikipedia,https://en.wikipedia.org/wiki/Visual_J_Sharp
pl/jsharp-2,paradigms,structured,wikipedia,https://en.wikipedia.org/wiki/Visual_J_Sharp
pl/jsharp-2,paradigms,imperative,wikipedia,https://en.wikipedia.org/wiki/Visual_J_Sharp
pl/jsharp-2,designed_by,Microsoft,wikipedia,https://en.wikipedia.org/wiki/Visual_J_Sharp
pl/jsharp-2,first_appeared,2002,wikipedia,https://en.wikipedia.org/wiki/Visual_J_Sharp
pl/jsharp-2,influenced_by,C#,wikipedia,https://en.wikipedia.org/wiki/Visual_J_Sharp
pl/jsharp-2,influenced_by,Java,wikipedia,https://en.wikipedia.org/wiki/Visual_J_Sharp
pl/jsharp-2,influenced_by,Visual J++,wikipedia,https://en.wikipedia.org/wiki/Visual_J_Sharp
pl/jsharp-2,homepage,http://msdn2.microsoft.com/en-us/vjsharp/default.aspx,wikipedia,https://en.wikipedia.org/wiki/Visual_J_Sharp
pl/microsoft-basic-2,designed_by,Microsoft,wikipedia,https://en.wikipedia.org/wiki/Microsoft_BASIC
pl/microsoft-basic-2,first_appeared,1975,wikipedia,https://en.wikipedia.org/wiki/Microsoft_BASIC
pl/algol-60-2,paradigms,procedural,wikipedia,https://en.wikipedia.org/wiki/ALGOL_60
pl/algol-60-2,paradigms,imperative,wikipedia,https://en.wikipedia.org/wiki/ALGOL_60
pl/algol-60-2,paradigms,structured,wikipedia,https://en.wikipedia.org/wiki/ALGOL_60
pl/algol-60-2,typing,"static, strong",wikipedia,https://en.wikipedia.org/wiki/ALGOL_60
pl/algol-60-2,designed_by,Backus,wikipedia,https://en.wikipedia.org/wiki/ALGOL_60
pl/algol-60-2,designed_by,Bauer,wikipedia,https://en.wikipedia.org/wiki/ALGOL_60
pl/algol-60-2,designed_by,Green,wikipedia,https://en.wikipedia.org/wiki/ALGOL_60
pl/algol-60-2,designed_by,Katz,wikipedia,https://en.wikipedia.org/wiki/ALGOL_60
pl/algol-60-2,designed_by,McCarthy,wikipedia,https://en.wikipedia.org/wiki/ALGOL_60
pl/algol-60-2,designed_by,Naur,wikipedia,https://en.wikipedia.org/wiki/ALGOL_60
pl/algol-60-2,designed_by,Perlis,wikipedia,https://en.wikipedia.org/wiki/ALGOL_60
pl/algol-60-2,designed_by,Rutishauser,wikipedia,https://en.wikipedia.org/wiki/ALGOL_60
pl/algol-60-2,designed_by,Samelson,wikipedia,https://en.wikipedia.org/wiki/ALGOL_60
pl/algol-60-2,designed_by,van Wijngaarden,wikipedia,https://en.wikipedia.org/wiki/ALGOL_60
pl/algol-60-2,designed_by,Vauquois,wikipedia,https://en.wikipedia.org/wiki/ALGOL_60
pl/algol-60-2,designed_by,Wegstein,wikipedia,https://en.wikipedia.org/wiki/ALGOL_60
pl/algol-60-2,designed_by,Woodger,wikipedia,https://en.wikipedia.org/wiki/ALGOL_60
pl/algol-60-2,first_appeared,1960,wikipedia,https://en.wikipedia.org/wiki/ALGOL_60
pl/algol-60-2,influenced_by,ALGOL 58,wikipedia,https://en.wikipedia.org/wiki/ALGOL_60
pl/graphics-layout-engine,license,BSD / GPL,wikipedia,https://en.wikipedia.org/wiki/Graphics_Layout_Engine
pl/graphics-layout-engine,homepage,http://glx.sourceforge.io,wikipedia,https://en.wikipedia.org/wiki/Graphics_Layout_Engine
pl/stateflow,designed_by,MathWorks,wikipedia,https://en.wikipedia.org/wiki/Stateflow
pl/stateflow,license,Proprietary,wikipedia,https://en.wikipedia.org/wiki/Stateflow
pl/stateflow,homepage,http://www.mathworks.com/products/stateflow?s_cid=wiki_stateflow_2,wikipedia,https://en.wikipedia.org/wiki/Stateflow
pl/gt-m,designed_by,FIS,wikipedia,https://en.wikipedia.org/wiki/GT.M
pl/gt-m,first_appeared,1986,wikipedia,https://en.wikipedia.org/wiki/GT.M
pl/gt-m,license,"AGPLv3, proprietary",wikipedia,https://en.wikipedia.org/wiki/GT.M
pl/gt-m,homepage,https://sourceforge.net/projects/fis-gtm/,wikipedia,https://en.wikipedia.org/wiki/GT.M
pl/reaktor,designed_by,Native Instruments,wikipedia,https://en.wikipedia.org/wiki/Reaktor
pl/reaktor,license,Proprietary,wikipedia,https://en.wikipedia.org/wiki/Reaktor
pl/reaktor,homepage,https://www.native-instruments.com/en/products/komplete/synths/reaktor-6/,wikipedia,https://en.wikipedia.org/wiki/Reaktor
pl/gnu-common-lisp,license,LGPLv2,wikipedia,https://en.wikipedia.org/wiki/GNU_Common_Lisp
pl/gnu-common-lisp,homepage,https://www.gnu.org/software/gcl/,wikipedia,https://en.wikipedia.org/wiki/GNU_Common_Lisp
pl/stackless-python-2,first_appeared,1998,wikipedia,https://en.wikipedia.org/wiki/Stackless_Python
pl/stackless-python-2,license,Python Software Foundation License,wikipedia,https://en.wikipedia.org/wiki/Stackless_Python
pl/stackless-python-2,homepage,https://github.com/stackless-dev/stackless/wiki/,wikipedia,https://en.wikipedia.org/wiki/Stackless_Python
pl/gfa-basic-2,first_appeared,1986,wikipedia,https://en.wikipedia.org/wiki/GFA_BASIC
pl/project-builder,designed_by,NeXT,wikipedia,https://en.wikipedia.org/wiki/Project_Builder
pl/project-builder,designed_by,Apple Inc,wikipedia,https://en.wikipedia.org/wiki/Project_Builder
pl/project-builder,first_appeared,1992,wikipedia,https://en.wikipedia.org/wiki/Project_Builder
pl/project-builder,license,Freeware with open-source components,wikipedia,https://en.wikipedia.org/wiki/Project_Builder
pl/ilnumerics-net,designed_by,ILNumerics GmbH,wikipedia,https://en.wikipedia.org/wiki/ILNumerics
pl/ilnumerics-net,license,Proprietary,wikipedia,https://en.wikipedia.org/wiki/ILNumerics
pl/ilnumerics-net,homepage,http://ilnumerics.net,wikipedia,https://en.wikipedia.org/wiki/ILNumerics
pl/algol-w-2,paradigms,multi-paradigm: procedural,wikipedia,https://en.wikipedia.org/wiki/ALGOL_W
pl/algol-w-2,paradigms,imperative,wikipedia,https://en.wikipedia.org/wiki/ALGOL_W
pl/algol-w-2,paradigms,structured,wikipedia,https://en.wikipedia.org/wiki/ALGOL_W
pl/algol-w-2,typing,"static, strong",wikipedia,https://en.wikipedia.org/wiki/ALGOL_W
pl/algol-w-2,designed_by,Niklaus Wirth,wikipedia,https://en.wikipedia.org/wiki/ALGOL_W
pl/algol-w-2,designed_by,Tony Hoare,wikipedia,https://en.wikipedia.org/wiki/ALGOL_W
pl/algol-w-2,first_appeared,1966,wikipedia,https://en.wikipedia.org/wiki/ALGOL_W
pl/algol-w-2,influenced_by,ALGOL 60,wikipedia,https://en.wikipedia.org/wiki/ALGOL_W
pl/algol-w-2,implementation_languages,PL360,wikipedia,https://en.wikipedia.org/wiki/ALGOL_W
pl/grgen,paradigms,multi-paradigm: declarative,wikipedia,https://en.wikipedia.org/wiki/GrGen
pl/grgen,paradigms,imperative,wikipedia,https://en.wikipedia.org/wiki/GrGen
pl/grgen,paradigms,object-oriented,wikipedia,https://en.wikipedia.org/wiki/GrGen
pl/grgen,typing,"static, partly dynamic, strong, safe, nominative",wikipedia,https://en.wikipedia.org/wiki/GrGen
pl/grgen,designed_by,Sebastian Hack,wikipedia,https://en.wikipedia.org/wiki/GrGen
pl/grgen,designed_by,Rubino Geiss,wikipedia,https://en.wikipedia.org/wiki/GrGen
pl/grgen,designed_by,Moritz Kroll,wikipedia,https://en.wikipedia.org/wiki/GrGen
pl/grgen,designed_by,Edgar Jakumeit,wikipedia,https://en.wikipedia.org/wiki/GrGen
pl/grgen,designed_by,and others,wikipedia,https://en.wikipedia.org/wiki/GrGen
pl/grgen,first_appeared,2003,wikipedia,https://en.wikipedia.org/wiki/GrGen
pl/grgen,license,GNU Lesser General Public License,wikipedia,https://en.wikipedia.org/wiki/GrGen
pl/grgen,homepage,https://grgen.de/,wikipedia,https://en.wikipedia.org/wiki/GrGen
pl/rocky-mountain-basic-2,paradigms,imperative,wikipedia,https://en.wikipedia.org/wiki/Rocky_Mountain_BASIC
pl/rocky-mountain-basic-2,designed_by,Hewlett-Packard,wikipedia,https://en.wikipedia.org/wiki/Rocky_Mountain_BASIC
pl/rocky-mountain-basic-2,homepage,http://www.techsoft.de/german/documents/htbasic.html,wikipedia,https://en.wikipedia.org/wiki/Rocky_Mountain_BASIC
pl/hollywood,designed_by,Andreas Falkenhahn,wikipedia,https://en.wikipedia.org/wiki/Hollywood_(programming_language)
pl/hollywood,first_appeared,2002,wikipedia,https://en.wikipedia.org/wiki/Hollywood_(programming_language)
pl/hollywood,license,Proprietary,wikipedia,https://en.wikipedia.org/wiki/Hollywood_(programming_language)
pl/hollywood,homepage,http://www.hollywood-mal.com,wikipedia,https://en.wikipedia.org/wiki/Hollywood_(programming_language)
pl/mallard,designed_by,Shaun McCance,wikipedia,https://en.wikipedia.org/wiki/Mallard_(documentation)
pl/c-al-2,paradigms,imperative,wikipedia,https://en.wikipedia.org/wiki/C/AL
pl/c-al-2,designed_by,Microsoft,wikipedia,https://en.wikipedia.org/wiki/C/AL
pl/c-al-2,designed_by,Michael Nielsen,wikipedia,https://en.wikipedia.org/wiki/C/AL
pl/c-al-2,influenced_by,Pascal,wikipedia,https://en.wikipedia.org/wiki/C/AL
pl/modula-2-2,paradigms,imperative,wikipedia,https://en.wikipedia.org/wiki/Modula-2%2B
pl/modula-2-2,paradigms,structured,wikipedia,https://en.wikipedia.org/wiki/Modula-2%2B
pl/modula-2-2,paradigms,modular,wikipedia,https://en.wikipedia.org/wiki/Modula-2%2B
pl/modula-2-2,paradigms,data,wikipedia,https://en.wikipedia.org/wiki/Modula-2%2B
pl/modula-2-2,paradigms,procedure hiding,wikipedia,https://en.wikipedia.org/wiki/Modula-2%2B
pl/modula-2-2,paradigms,concurrent,wikipedia,https://en.wikipedia.org/wiki/Modula-2%2B
pl/modula-2-2,typing,"static, strong, safe",wikipedia,https://en.wikipedia.org/wiki/Modula-2%2B
pl/modula-2-2,designed_by,DEC Systems Research Center (SRC) Acorn Research Center,wikipedia,https://en.wikipedia.org/wiki/Modula-2%2B
pl/modula-2-2,designed_by,Paul Rovner,wikipedia,https://en.wikipedia.org/wiki/Modula-2%2B
pl/modula-2-2,designed_by,Roy Levin,wikipedia,https://en.wikipedia.org/wiki/Modula-2%2B
pl/modula-2-2,designed_by,John Wick,wikipedia,https://en.wikipedia.org/wiki/Modula-2%2B
pl/modula-2-2,first_appeared,1984,wikipedia,https://en.wikipedia.org/wiki/Modula-2%2B
pl/modula-2-2,influenced_by,Pascal,wikipedia,https://en.wikipedia.org/wiki/Modula-2%2B
pl/modula-2-2,influenced_by,ALGOL,wikipedia,https://en.wikipedia.org/wiki/Modula-2%2B
pl/modula-2-2,influenced_by,Modula-2,wikipedia,https://en.wikipedia.org/wiki/Modula-2%2B
pl/modula-2-2,license,Proprietary,wikipedia,https://en.wikipedia.org/wiki/Modula-2%2B
pl/microsoft-pascal,first_appeared,1980,wikipedia,https://en.wikipedia.org/wiki/Microsoft_Pascal
pl/microsoft-pascal,license,Commercial,wikipedia,https://en.wikipedia.org/wiki/Microsoft_Pascal
pl/p-3,paradigms,imperative,wikipedia,https://en.wikipedia.org/wiki/P%E2%80%B2%E2%80%B2
pl/p-3,paradigms,structured,wikipedia,https://en.wikipedia.org/wiki/P%E2%80%B2%E2%80%B2
pl/p-3,typing,untyped,wikipedia,https://en.wikipedia.org/wiki/P%E2%80%B2%E2%80%B2
pl/p-3,designed_by,Corrado Böhm,wikipedia,https://en.wikipedia.org/wiki/P%E2%80%B2%E2%80%B2
pl/p-3,first_appeared,1964,wikipedia,https://en.wikipedia.org/wiki/P%E2%80%B2%E2%80%B2
pl/sinclair-basic-2,paradigms,imperative,wikipedia,https://en.wikipedia.org/wiki/Sinclair_BASIC
pl/sinclair-basic-2,designed_by,Nine Tiles Networks,wikipedia,https://en.wikipedia.org/wiki/Sinclair_BASIC
pl/sinclair-basic-2,designed_by,Sinclair Research,wikipedia,https://en.wikipedia.org/wiki/Sinclair_BASIC
pl/sinclair-basic-2,designed_by,John Grant,wikipedia,https://en.wikipedia.org/wiki/Sinclair_BASIC
pl/sinclair-basic-2,designed_by,Steve Vickers,wikipedia,https://en.wikipedia.org/wiki/Sinclair_BASIC
pl/sinclair-basic-2,first_appeared,1980,wikipedia,https://en.wikipedia.org/wiki/Sinclair_BASIC
pl/sinclair-basic-2,license,Proprietary,wikipedia,https://en.wikipedia.org/wiki/Sinclair_BASIC
pl/urbi,designed_by,Gostai,wikipedia,https://en.wikipedia.org/wiki/URBI
pl/urbi,designed_by,Aldebaran Robotics,wikipedia,https://en.wikipedia.org/wiki/URBI
pl/urbi,first_appeared,2003,wikipedia,https://en.wikipedia.org/wiki/URBI
pl/urbi,license,BSD,wikipedia,https://en.wikipedia.org/wiki/URBI
pl/pl-m-2,designed_by,Gary Kildall at Microcomputer Applications Associates,wikipedia,https://en.wikipedia.org/wiki/PL/M
pl/pl-m-2,first_appeared,1973,wikipedia,https://en.wikipedia.org/wiki/PL/M
pl/pl-m-2,influenced_by,PL/I,wikipedia,https://en.wikipedia.org/wiki/PL/M
pl/pl-m-2,influenced_by,XPL,wikipedia,https://en.wikipedia.org/wiki/PL/M
pl/algol-68-2,paradigms,multi-paradigm: concurrent,wikipedia,https://en.wikipedia.org/wiki/ALGOL_68
pl/algol-68-2,paradigms,imperative,wikipedia,https://en.wikipedia.org/wiki/ALGOL_68
pl/algol-68-2,typing,"static, strong, safe, structural",wikipedia,https://en.wikipedia.org/wiki/ALGOL_68
pl/algol-68-2,designed_by,A. van Wijngaarden,wikipedia,https://en.wikipedia.org/wiki/ALGOL_68
pl/algol-68-2,designed_by,B. J. Mailloux,wikipedia,https://en.wikipedia.org/wiki/ALGOL_68
pl/algol-68-2,designed_by,J. E. L. Peck,wikipedia,https://en.wikipedia.org/wiki/ALGOL_68
pl/algol-68-2,designed_by,C. H. A. Koster,wikipedia,https://en.wikipedia.org/wiki/ALGOL_68
pl/algol-68-2,designed_by,et al,wikipedia,https://en.wikipedia.org/wiki/ALGOL_68
pl/algol-68-2,first_appeared,1968,wikipedia,https://en.wikipedia.org/wiki/ALGOL_68
pl/algol-68-2,influenced_by,ALGOL 60,wikipedia,https://en.wikipedia.org/wiki/ALGOL_68
pl/algol-68-2,influenced_by,ALGOL Y,wikipedia,https://en.wikipedia.org/wiki/ALGOL_68
pl/algol-68-2,homepage,http://algol68-lang.org,wikipedia,https://en.wikipedia.org/wiki/ALGOL_68
pl/smil-timesheets,designed_by,SYMM Working Group,wikipedia,https://en.wikipedia.org/wiki/SMIL_Timesheets
pl/smil-timesheets,homepage,https://www.w3.org/TR/timesheets/,wikipedia,https://en.wikipedia.org/wiki/SMIL_Timesheets
pl/dartmouth-basic-2,paradigms,imperative,wikipedia,https://en.wikipedia.org/wiki/Dartmouth_BASIC
pl/dartmouth-basic-2,paradigms,array,wikipedia,https://en.wikipedia.org/wiki/Dartmouth_BASIC
pl/dartmouth-basic-2,designed_by,John G. Kemeny,wikipedia,https://en.wikipedia.org/wiki/Dartmouth_BASIC
pl/dartmouth-basic-2,designed_by,Thomas E. Kurtz,wikipedia,https://en.wikipedia.org/wiki/Dartmouth_BASIC
pl/dartmouth-basic-2,first_appeared,1964,wikipedia,https://en.wikipedia.org/wiki/Dartmouth_BASIC
pl/dartmouth-basic-2,influenced_by,FORTRAN,wikipedia,https://en.wikipedia.org/wiki/Dartmouth_BASIC
pl/dartmouth-basic-2,influenced_by,ALGOL,wikipedia,https://en.wikipedia.org/wiki/Dartmouth_BASIC
pl/jess,designed_by,Sandia National Laboratories,wikipedia,https://en.wikipedia.org/wiki/Jess_(programming_language)
pl/jess,first_appeared,1995,wikipedia,https://en.wikipedia.org/wiki/Jess_(programming_language)
pl/jess,license,"Proprietary, public domain",wikipedia,https://en.wikipedia.org/wiki/Jess_(programming_language)
pl/superbase-database,designed_by,Superbase Software Ltd,wikipedia,https://en.wikipedia.org/wiki/Superbase_(database)
pl/superbase-database,first_appeared,1983,wikipedia,https://en.wikipedia.org/wiki/Superbase_(database)
pl/superbase-database,license,Proprietary,wikipedia,https://en.wikipedia.org/wiki/Superbase_(database)
pl/superbase-database,homepage,http://www.superbase.com,wikipedia,https://en.wikipedia.org/wiki/Superbase_(database)
pl/ti-basic-2,paradigms,imperative,wikipedia,https://en.wikipedia.org/wiki/TI_BASIC_(TI_99/4A)
pl/ti-basic-2,typing,"static, strong",wikipedia,https://en.wikipedia.org/wiki/TI_BASIC_(TI_99/4A)
pl/ti-basic-2,first_appeared,1979,wikipedia,https://en.wikipedia.org/wiki/TI_BASIC_(TI_99/4A)
pl/ti-basic-2,license,Proprietary,wikipedia,https://en.wikipedia.org/wiki/TI_BASIC_(TI_99/4A)
pl/noop,typing,static,wikipedia,https://en.wikipedia.org/wiki/Noop
pl/noop,designed_by,Alex Eagle,wikipedia,https://en.wikipedia.org/wiki/Noop
pl/noop,designed_by,Christian Gruber,wikipedia,https://en.wikipedia.org/wiki/Noop
pl/noop,first_appeared,2009,wikipedia,https://en.wikipedia.org/wiki/Noop
pl/noop,license,Apache License 2.0,wikipedia,https://en.wikipedia.org/wiki/Noop
pl/noop,homepage,https://code.google.com/p/noop,wikipedia,https://en.wikipedia.org/wiki/Noop
pl/short-code,designed_by,William F Schmitt,wikipedia,https://en.wikipedia.org/wiki/Short_Code_(computer_language)
pl/short-code,designed_by,A. B. Tonik,wikipedia,https://en.wikipedia.org/wiki/Short_Code_(computer_language)
pl/short-code,designed_by,J. R. Logan,wikipedia,https://en.wikipedia.org/wiki/Short_Code_(computer_language)
pl/short-code,first_appeared,1950,wikipedia,https://en.wikipedia.org/wiki/Short_Code_(computer_language)
pl/short-code,influenced_by,ENIAC Short Code,wikipedia,https://en.wikipedia.org/wiki/Short_Code_(computer_language)
pl/wordbasic,designed_by,Microsoft,wikipedia,https://en.wikipedia.org/wiki/WordBASIC
pl/wordbasic,first_appeared,1989,wikipedia,https://en.wikipedia.org/wiki/WordBASIC
pl/wordbasic,influenced_by,QuickBASIC,wikipedia,https://en.wikipedia.org/wiki/WordBASIC
pl/wordbasic,license,Commercial proprietary software,wikipedia,https://en.wikipedia.org/wiki/WordBASIC
pl/ibm-informix-4gl,paradigms,multi-paradigm: procedural (imperative),wikipedia,https://en.wikipedia.org/wiki/Informix-4GL
pl/ibm-informix-4gl,paradigms,structured,wikipedia,https://en.wikipedia.org/wiki/Informix-4GL
pl/ibm-informix-4gl,paradigms,database-oriented (4gl) with declarative sql elements,wikipedia,https://en.wikipedia.org/wiki/Informix-4GL
pl/ibm-informix-4gl,typing,"static, strong",wikipedia,https://en.wikipedia.org/wiki/Informix-4GL
pl/ibm-informix-4gl,designed_by,IBM,wikipedia,https://en.wikipedia.org/wiki/Informix-4GL
pl/ibm-informix-4gl,designed_by,HCLSoftware,wikipedia,https://en.wikipedia.org/wiki/Informix-4GL
pl/ibm-informix-4gl,designed_by,Chris Maloney,wikipedia,https://en.wikipedia.org/wiki/Informix-4GL
pl/ibm-informix-4gl,first_appeared,1986,wikipedia,https://en.wikipedia.org/wiki/Informix-4GL
pl/ibm-informix-4gl,influenced_by,C,wikipedia,https://en.wikipedia.org/wiki/Informix-4GL
pl/ibm-informix-4gl,influenced_by,COBOL,wikipedia,https://en.wikipedia.org/wiki/Informix-4GL
pl/ibm-informix-4gl,influenced_by,SQL,wikipedia,https://en.wikipedia.org/wiki/Informix-4GL
pl/ibm-informix-4gl,influenced_by,ISQL,wikipedia,https://en.wikipedia.org/wiki/Informix-4GL
pl/ibm-informix-4gl,influenced_by,Perform,wikipedia,https://en.wikipedia.org/wiki/Informix-4GL
pl/ibm-informix-4gl,influenced_by,Ace,wikipedia,https://en.wikipedia.org/wiki/Informix-4GL
pl/ibm-informix-4gl,license,Commercial proprietary software,wikipedia,https://en.wikipedia.org/wiki/Informix-4GL
pl/ibm-informix-4gl,implementation_languages,C,wikipedia,https://en.wikipedia.org/wiki/Informix-4GL
pl/ibm-informix-4gl,homepage,https://help.hcl-software.com/hclinformix/15.0/1infocenter/4gl.html,wikipedia,https://en.wikipedia.org/wiki/Informix-4GL
pl/ateji-px,paradigms,object-oriented,wikipedia,https://en.wikipedia.org/wiki/Ateji_PX
pl/ateji-px,paradigms,pi calculus,wikipedia,https://en.wikipedia.org/wiki/Ateji_PX
pl/ateji-px,typing,"strong, static",wikipedia,https://en.wikipedia.org/wiki/Ateji_PX
pl/ateji-px,influenced_by,Java,wikipedia,https://en.wikipedia.org/wiki/Ateji_PX
pl/ateji-px,license,"commercial, free 30-day Premium Trial & free Edition",wikipedia,https://en.wikipedia.org/wiki/Ateji_PX
pl/ateji-px,homepage,http://www.ateji.com/,wikipedia,https://en.wikipedia.org/wiki/Ateji_PX
pl/programming-language-for-business,paradigms,procedural,wikipedia,https://en.wikipedia.org/wiki/Programming_Language_for_Business
pl/programming-language-for-business,paradigms,imperative,wikipedia,https://en.wikipedia.org/wiki/Programming_Language_for_Business
pl/programming-language-for-business,typing,"strong, static",wikipedia,https://en.wikipedia.org/wiki/Programming_Language_for_Business
pl/programming-language-for-business,first_appeared,1972,wikipedia,https://en.wikipedia.org/wiki/Programming_Language_for_Business
pl/programming-language-for-business,influenced_by,COBOL,wikipedia,https://en.wikipedia.org/wiki/Programming_Language_for_Business
pl/concurrent-ml-2,paradigms,multi-paradigm: functional,wikipedia,https://en.wikipedia.org/wiki/Concurrent_ML
pl/concurrent-ml-2,paradigms,imperative,wikipedia,https://en.wikipedia.org/wiki/Concurrent_ML
pl/concurrent-ml-2,paradigms,modular,wikipedia,https://en.wikipedia.org/wiki/Concurrent_ML
pl/concurrent-ml-2,paradigms,concurrent,wikipedia,https://en.wikipedia.org/wiki/Concurrent_ML
pl/concurrent-ml-2,first_appeared,1991,wikipedia,https://en.wikipedia.org/wiki/Concurrent_ML
pl/concurrent-ml-2,influenced_by,ML,wikipedia,https://en.wikipedia.org/wiki/Concurrent_ML
pl/concurrent-ml-2,influenced_by,Standard ML,wikipedia,https://en.wikipedia.org/wiki/Concurrent_ML
pl/concurrent-ml-2,homepage,http://cml.cs.uchicago.edu,wikipedia,https://en.wikipedia.org/wiki/Concurrent_ML
pl/miva-script,paradigms,imperative,wikipedia,https://en.wikipedia.org/wiki/MIVA_Script
pl/miva-script,typing,"dynamic, loose",wikipedia,https://en.wikipedia.org/wiki/MIVA_Script
pl/miva-script,designed_by,Miva Merchant,wikipedia,https://en.wikipedia.org/wiki/MIVA_Script
pl/miva-script,first_appeared,1996,wikipedia,https://en.wikipedia.org/wiki/MIVA_Script
pl/miva-script,influenced_by,C,wikipedia,https://en.wikipedia.org/wiki/MIVA_Script
pl/miva-script,influenced_by,Perl,wikipedia,https://en.wikipedia.org/wiki/MIVA_Script
pl/miva-script,influenced_by,Java,wikipedia,https://en.wikipedia.org/wiki/MIVA_Script
pl/miva-script,influenced_by,C++,wikipedia,https://en.wikipedia.org/wiki/MIVA_Script
pl/miva-script,license,Empresa,wikipedia,https://en.wikipedia.org/wiki/MIVA_Script
pl/miva-script,homepage,http://www.mivascript.com,wikipedia,https://en.wikipedia.org/wiki/MIVA_Script
pl/geosciml,designed_by,Marcus Sen,wikipedia,https://en.wikipedia.org/wiki/GeoSciML
pl/geosciml,designed_by,Tim Duffy,wikipedia,https://en.wikipedia.org/wiki/GeoSciML
pl/geosciml,designed_by,et al,wikipedia,https://en.wikipedia.org/wiki/GeoSciML
pl/geosciml,license,Open (or specify if proprietary),wikipedia,https://en.wikipedia.org/wiki/GeoSciML
pl/iota-and-jot-2,paradigms,formal language,wikipedia,https://en.wikipedia.org/wiki/Iota_and_Jot
pl/iota-and-jot-2,paradigms,turing tarpit,wikipedia,https://en.wikipedia.org/wiki/Iota_and_Jot
pl/iota-and-jot-2,paradigms,esoteric,wikipedia,https://en.wikipedia.org/wiki/Iota_and_Jot
pl/iota-and-jot-2,designed_by,Chris Barker,wikipedia,https://en.wikipedia.org/wiki/Iota_and_Jot
pl/iota-and-jot-2,first_appeared,2001,wikipedia,https://en.wikipedia.org/wiki/Iota_and_Jot
pl/iota-and-jot-2,license,Public domain,wikipedia,https://en.wikipedia.org/wiki/Iota_and_Jot
pl/iota-and-jot-2,implementation_languages,Scheme,wikipedia,https://en.wikipedia.org/wiki/Iota_and_Jot
pl/iota-and-jot-2,implementation_languages,JavaScript,wikipedia,https://en.wikipedia.org/wiki/Iota_and_Jot
pl/iota-and-jot-2,homepage,https://web.archive.org/web/20181024173237/http://www.nyu.edu/projects/barker/Iota/,wikipedia,https://en.wikipedia.org/wiki/Iota_and_Jot
pl/ironscheme,designed_by,Llewellyn Pritchard,wikipedia,https://en.wikipedia.org/wiki/IronScheme
pl/ironscheme,license,Ms-PL,wikipedia,https://en.wikipedia.org/wiki/IronScheme
pl/ironscheme,homepage,https://github.com/IronScheme/IronScheme,wikipedia,https://en.wikipedia.org/wiki/IronScheme
pl/g-del,paradigms,declarative,wikipedia,https://en.wikipedia.org/wiki/G%C3%B6del_(programming_language)
pl/g-del,paradigms,logic,wikipedia,https://en.wikipedia.org/wiki/G%C3%B6del_(programming_language)
pl/g-del,typing,strong,wikipedia,https://en.wikipedia.org/wiki/G%C3%B6del_(programming_language)
pl/g-del,designed_by,John Lloyd,wikipedia,https://en.wikipedia.org/wiki/G%C3%B6del_(programming_language)
pl/g-del,designed_by,Patricia Hill,wikipedia,https://en.wikipedia.org/wiki/G%C3%B6del_(programming_language)
pl/g-del,first_appeared,1992,wikipedia,https://en.wikipedia.org/wiki/G%C3%B6del_(programming_language)
pl/g-del,license,Non-commercial research/educational use only,wikipedia,https://en.wikipedia.org/wiki/G%C3%B6del_(programming_language)
pl/g-del,homepage,https://www.cs.unipr.it/~hill/GOEDEL/expgoedel.html,wikipedia,https://en.wikipedia.org/wiki/G%C3%B6del_(programming_language)
pl/microsoft-visual-programming-language,paradigms,visual,wikipedia,https://en.wikipedia.org/wiki/Microsoft_Visual_Programming_Language
pl/microsoft-visual-programming-language,paradigms,dataflow,wikipedia,https://en.wikipedia.org/wiki/Microsoft_Visual_Programming_Language
pl/microsoft-visual-programming-language,designed_by,Microsoft,wikipedia,https://en.wikipedia.org/wiki/Microsoft_Visual_Programming_Language
pl/microsoft-visual-programming-language,homepage,https://docs.microsoft.com/en-us/previous-versions/microsoft-robotics/bb483088(v=msdn.10),wikipedia,https://en.wikipedia.org/wiki/Microsoft_Visual_Programming_Language
pl/pari-gp-2,license,GNU General Public License,wikipedia,https://en.wikipedia.org/wiki/PARI/GP
pl/pari-gp-2,homepage,http://pari.math.u-bordeaux.fr/,wikipedia,https://en.wikipedia.org/wiki/PARI/GP
pl/praspel,paradigms,contract,wikipedia,https://en.wikipedia.org/wiki/Praspel
pl/praspel,designed_by,Ivan Enderlin,wikipedia,https://en.wikipedia.org/wiki/Praspel
pl/praspel,designed_by,Frédéric Dadeau,wikipedia,https://en.wikipedia.org/wiki/Praspel
pl/praspel,designed_by,Abdallah Ben Othman,wikipedia,https://en.wikipedia.org/wiki/Praspel
pl/praspel,designed_by,Alain Giorgetti,wikipedia,https://en.wikipedia.org/wiki/Praspel
pl/praspel,designed_by,Fabrice Bouquet,wikipedia,https://en.wikipedia.org/wiki/Praspel
pl/praspel,influenced_by,JML,wikipedia,https://en.wikipedia.org/wiki/Praspel
pl/praspel,influenced_by,ACSL,wikipedia,https://en.wikipedia.org/wiki/Praspel
pl/praspel,license,New BSD License,wikipedia,https://en.wikipedia.org/wiki/Praspel
pl/praspel,homepage,http://hoa-project.net,wikipedia,https://en.wikipedia.org/wiki/Praspel
pl/rur-ple,first_appeared,2004,wikipedia,https://en.wikipedia.org/wiki/RUR-PLE
pl/rur-ple,license,GNU General Public License,wikipedia,https://en.wikipedia.org/wiki/RUR-PLE
pl/rur-ple,homepage,http://code.google.com/p/rur-ple,wikipedia,https://en.wikipedia.org/wiki/RUR-PLE
pl/spice-lisp-2,paradigms,multi-paradigm: procedural,wikipedia,https://en.wikipedia.org/wiki/Spice_Lisp
pl/spice-lisp-2,paradigms,functional,wikipedia,https://en.wikipedia.org/wiki/Spice_Lisp
pl/spice-lisp-2,paradigms,object-oriented,wikipedia,https://en.wikipedia.org/wiki/Spice_Lisp
pl/spice-lisp-2,paradigms,meta,wikipedia,https://en.wikipedia.org/wiki/Spice_Lisp
pl/spice-lisp-2,paradigms,reflective,wikipedia,https://en.wikipedia.org/wiki/Spice_Lisp
pl/spice-lisp-2,paradigms,generic,wikipedia,https://en.wikipedia.org/wiki/Spice_Lisp
pl/spice-lisp-2,typing,"dynamic, strong",wikipedia,https://en.wikipedia.org/wiki/Spice_Lisp
pl/spice-lisp-2,designed_by,Carnegie Mellon University (CMU) Spice Lisp Group,wikipedia,https://en.wikipedia.org/wiki/Spice_Lisp
pl/spice-lisp-2,designed_by,Scott E. Fahlman,wikipedia,https://en.wikipedia.org/wiki/Spice_Lisp
pl/spice-lisp-2,first_appeared,1980,wikipedia,https://en.wikipedia.org/wiki/Spice_Lisp
pl/spice-lisp-2,influenced_by,Lisp,wikipedia,https://en.wikipedia.org/wiki/Spice_Lisp
pl/spice-lisp-2,influenced_by,Common Lisp,wikipedia,https://en.wikipedia.org/wiki/Spice_Lisp
pl/spice-lisp-2,implementation_languages,Spice Lisp,wikipedia,https://en.wikipedia.org/wiki/Spice_Lisp
pl/spice-lisp-2,homepage,http://cmucl.org,wikipedia,https://en.wikipedia.org/wiki/Spice_Lisp
pl/kodu-game-lab-2,first_appeared,2009,wikipedia,https://en.wikipedia.org/wiki/Kodu_Game_Lab
pl/kodu-game-lab-2,homepage,http://kodugamelab.com,wikipedia,https://en.wikipedia.org/wiki/Kodu_Game_Lab
pl/synthedit,first_appeared,2005,wikipedia,https://en.wikipedia.org/wiki/SynthEdit
pl/synthedit,license,Proprietary,wikipedia,https://en.wikipedia.org/wiki/SynthEdit
pl/synthedit,homepage,https://www.synthedit.com/,wikipedia,https://en.wikipedia.org/wiki/SynthEdit
pl/ucblogo,paradigms,multi-paradigm: functional educational,wikipedia,https://en.wikipedia.org/wiki/UCBLogo
pl/ucblogo,paradigms,procedural,wikipedia,https://en.wikipedia.org/wiki/UCBLogo
pl/ucblogo,paradigms,reflective,wikipedia,https://en.wikipedia.org/wiki/UCBLogo
pl/ucblogo,typing,dynamic,wikipedia,https://en.wikipedia.org/wiki/UCBLogo
pl/ucblogo,designed_by,Dan van Blerkom,wikipedia,https://en.wikipedia.org/wiki/UCBLogo
pl/ucblogo,designed_by,Michael Katz,wikipedia,https://en.wikipedia.org/wiki/UCBLogo
pl/ucblogo,designed_by,Doug Orleans. Substantial contributions: Freeman Deutsch,wikipedia,https://en.wikipedia.org/wiki/UCBLogo
pl/ucblogo,designed_by,Khang Dao,wikipedia,https://en.wikipedia.org/wiki/UCBLogo
pl/ucblogo,designed_by,Fred Gilham,wikipedia,https://en.wikipedia.org/wiki/UCBLogo
pl/ucblogo,designed_by,Yehuda Katz,wikipedia,https://en.wikipedia.org/wiki/UCBLogo
pl/ucblogo,designed_by,George Mills,wikipedia,https://en.wikipedia.org/wiki/UCBLogo
pl/ucblogo,designed_by,Sanford Owings,wikipedia,https://en.wikipedia.org/wiki/UCBLogo
pl/ucblogo,designed_by,Randy Sargent,wikipedia,https://en.wikipedia.org/wiki/UCBLogo
pl/ucblogo,designed_by,Brian Harvey,wikipedia,https://en.wikipedia.org/wiki/UCBLogo
pl/ucblogo,first_appeared,1992,wikipedia,https://en.wikipedia.org/wiki/UCBLogo
pl/ucblogo,influenced_by,Lisp,wikipedia,https://en.wikipedia.org/wiki/UCBLogo
pl/ucblogo,license,GPL,wikipedia,https://en.wikipedia.org/wiki/UCBLogo
pl/ucblogo,implementation_languages,C,wikipedia,https://en.wikipedia.org/wiki/UCBLogo
pl/ucblogo,homepage,http://people.eecs.berkeley.edu/~bh/logo.html,wikipedia,https://en.wikipedia.org/wiki/UCBLogo
pl/multilisp,paradigms,multi-paradigm: functional,wikipedia,https://en.wikipedia.org/wiki/MultiLisp
pl/multilisp,paradigms,imperative,wikipedia,https://en.wikipedia.org/wiki/MultiLisp
pl/multilisp,paradigms,concurrent,wikipedia,https://en.wikipedia.org/wiki/MultiLisp
pl/multilisp,paradigms,meta,wikipedia,https://en.wikipedia.org/wiki/MultiLisp
pl/multilisp,typing,"dynamic, latent, strong",wikipedia,https://en.wikipedia.org/wiki/MultiLisp
pl/multilisp,designed_by,Massachusetts Institute of Technology (MIT,wikipedia,https://en.wikipedia.org/wiki/MultiLisp
pl/multilisp,designed_by,Robert H. Halstead Jr,wikipedia,https://en.wikipedia.org/wiki/MultiLisp
pl/multilisp,first_appeared,1980,wikipedia,https://en.wikipedia.org/wiki/MultiLisp
pl/multilisp,influenced_by,Lisp,wikipedia,https://en.wikipedia.org/wiki/MultiLisp
pl/multilisp,influenced_by,Scheme,wikipedia,https://en.wikipedia.org/wiki/MultiLisp
pl/multilisp,license,Proprietary,wikipedia,https://en.wikipedia.org/wiki/MultiLisp
pl/multilisp,implementation_languages,Interlisp,wikipedia,https://en.wikipedia.org/wiki/MultiLisp
pl/wql,designed_by,Microsoft,wikipedia,https://en.wikipedia.org/wiki/WQL
pl/wql,influenced_by,SQL,wikipedia,https://en.wikipedia.org/wiki/WQL
pl/atari-logo,designed_by,LCSI,wikipedia,https://en.wikipedia.org/wiki/Atari_Logo
pl/atari-logo,first_appeared,1983,wikipedia,https://en.wikipedia.org/wiki/Atari_Logo
pl/atari-logo,license,"Copyright © 1983 LCSI, Proprietary",wikipedia,https://en.wikipedia.org/wiki/Atari_Logo
pl/atari-st-basic-2,first_appeared,1985,wikipedia,https://en.wikipedia.org/wiki/Atari_ST_BASIC
pl/hot-soup-processor,paradigms,procedural,wikipedia,https://en.wikipedia.org/wiki/Hot_Soup_Processor
pl/hot-soup-processor,paradigms,imperative,wikipedia,https://en.wikipedia.org/wiki/Hot_Soup_Processor
pl/hot-soup-processor,designed_by,ONION software(),wikipedia,https://en.wikipedia.org/wiki/Hot_Soup_Processor
pl/hot-soup-processor,first_appeared,1996,wikipedia,https://en.wikipedia.org/wiki/Hot_Soup_Processor
pl/hot-soup-processor,influenced_by,BASIC,wikipedia,https://en.wikipedia.org/wiki/Hot_Soup_Processor
pl/hot-soup-processor,influenced_by,C,wikipedia,https://en.wikipedia.org/wiki/Hot_Soup_Processor
pl/hot-soup-processor,license,BSD licenses,wikipedia,https://en.wikipedia.org/wiki/Hot_Soup_Processor
pl/hot-soup-processor,homepage,https://hsp.tv/,wikipedia,https://en.wikipedia.org/wiki/Hot_Soup_Processor
pl/ms-basic-for-macintosh,first_appeared,1984,wikipedia,https://en.wikipedia.org/wiki/MS_BASIC_for_Macintosh
pl/ms-basic-for-macintosh,license,Proprietary,wikipedia,https://en.wikipedia.org/wiki/MS_BASIC_for_Macintosh
pl/proteus,designed_by,Simone Zanella,wikipedia,https://en.wikipedia.org/wiki/Proteus_(programming_language)
pl/proteus,first_appeared,1998,wikipedia,https://en.wikipedia.org/wiki/Proteus_(programming_language)
pl/proteus,influenced_by,C,wikipedia,https://en.wikipedia.org/wiki/Proteus_(programming_language)
pl/proteus,influenced_by,BASIC,wikipedia,https://en.wikipedia.org/wiki/Proteus_(programming_language)
pl/proteus,influenced_by,Assembly,wikipedia,https://en.wikipedia.org/wiki/Proteus_(programming_language)
pl/proteus,influenced_by,Clipper,wikipedia,https://en.wikipedia.org/wiki/Proteus_(programming_language)
pl/proteus,homepage,http://www.szp.co/proteus_eng/,wikipedia,https://en.wikipedia.org/wiki/Proteus_(programming_language)
pl/allegro-common-lisp-2,paradigms,multi-paradigm: procedural,wikipedia,https://en.wikipedia.org/wiki/Allegro_Common_Lisp
pl/allegro-common-lisp-2,paradigms,functional,wikipedia,https://en.wikipedia.org/wiki/Allegro_Common_Lisp
pl/allegro-common-lisp-2,paradigms,object-oriented,wikipedia,https://en.wikipedia.org/wiki/Allegro_Common_Lisp
pl/allegro-common-lisp-2,paradigms,meta,wikipedia,https://en.wikipedia.org/wiki/Allegro_Common_Lisp
pl/allegro-common-lisp-2,paradigms,reflective,wikipedia,https://en.wikipedia.org/wiki/Allegro_Common_Lisp
pl/allegro-common-lisp-2,paradigms,generic,wikipedia,https://en.wikipedia.org/wiki/Allegro_Common_Lisp
pl/allegro-common-lisp-2,typing,"dynamic, strong",wikipedia,https://en.wikipedia.org/wiki/Allegro_Common_Lisp
pl/allegro-common-lisp-2,designed_by,Franz Inc,wikipedia,https://en.wikipedia.org/wiki/Allegro_Common_Lisp
pl/allegro-common-lisp-2,designed_by,John Foderaro,wikipedia,https://en.wikipedia.org/wiki/Allegro_Common_Lisp
pl/allegro-common-lisp-2,first_appeared,1986,wikipedia,https://en.wikipedia.org/wiki/Allegro_Common_Lisp
pl/allegro-common-lisp-2,influenced_by,Lisp,wikipedia,https://en.wikipedia.org/wiki/Allegro_Common_Lisp
pl/allegro-common-lisp-2,influenced_by,Maclisp,wikipedia,https://en.wikipedia.org/wiki/Allegro_Common_Lisp
pl/allegro-common-lisp-2,influenced_by,Macsyma,wikipedia,https://en.wikipedia.org/wiki/Allegro_Common_Lisp
pl/allegro-common-lisp-2,influenced_by,Franz Lisp,wikipedia,https://en.wikipedia.org/wiki/Allegro_Common_Lisp
pl/allegro-common-lisp-2,license,"Proprietary, some freeware",wikipedia,https://en.wikipedia.org/wiki/Allegro_Common_Lisp
pl/allegro-common-lisp-2,implementation_languages,Common Lisp,wikipedia,https://en.wikipedia.org/wiki/Allegro_Common_Lisp
pl/allegro-common-lisp-2,homepage,http://franz.com/products/allegro-common-lisp,wikipedia,https://en.wikipedia.org/wiki/Allegro_Common_Lisp
pl/global-arrays,paradigms,parallel,wikipedia,https://en.wikipedia.org/wiki/Global_Arrays
pl/global-arrays,paradigms,one-sided message passing,wikipedia,https://en.wikipedia.org/wiki/Global_Arrays
pl/global-arrays,paradigms,imperative (procedural),wikipedia,https://en.wikipedia.org/wiki/Global_Arrays
pl/global-arrays,paradigms,structured,wikipedia,https://en.wikipedia.org/wiki/Global_Arrays
pl/global-arrays,typing,"static, weak",wikipedia,https://en.wikipedia.org/wiki/Global_Arrays
pl/global-arrays,first_appeared,1994,wikipedia,https://en.wikipedia.org/wiki/Global_Arrays
pl/global-arrays,homepage,http://hpc.pnl.gov/globalarrays/,wikipedia,https://en.wikipedia.org/wiki/Global_Arrays
pl/hiasm,designed_by,Dilma (Dmitriy Vlasov),wikipedia,https://en.wikipedia.org/wiki/HiAsm
pl/hiasm,license,Freeware,wikipedia,https://en.wikipedia.org/wiki/HiAsm
pl/hiasm,homepage,http://www.hiasm.com,wikipedia,https://en.wikipedia.org/wiki/HiAsm
pl/jocaml,paradigms,multi-paradigm: functional,wikipedia,https://en.wikipedia.org/wiki/JoCaml
pl/jocaml,paradigms,imperative,wikipedia,https://en.wikipedia.org/wiki/JoCaml
pl/jocaml,designed_by,Inria,wikipedia,https://en.wikipedia.org/wiki/JoCaml
pl/jocaml,first_appeared,1999,wikipedia,https://en.wikipedia.org/wiki/JoCaml
pl/jocaml,license,LGPL,wikipedia,https://en.wikipedia.org/wiki/JoCaml
pl/jocaml,homepage,http://jocaml.inria.fr,wikipedia,https://en.wikipedia.org/wiki/JoCaml
pl/sql-psm-2,paradigms,multi-paradigm,wikipedia,https://en.wikipedia.org/wiki/SQL/PSM
pl/sql-psm-2,first_appeared,1996,wikipedia,https://en.wikipedia.org/wiki/SQL/PSM
pl/sql-psm-2,influenced_by,PL/SQL Ada,wikipedia,https://en.wikipedia.org/wiki/SQL/PSM
pl/think-c-2,designed_by,Think Technologies,wikipedia,https://en.wikipedia.org/wiki/THINK_C
pl/think-c-2,designed_by,Symantec,wikipedia,https://en.wikipedia.org/wiki/THINK_C
pl/think-c-2,license,Proprietary,wikipedia,https://en.wikipedia.org/wiki/THINK_C
pl/turbo51,designed_by,Igor Funa,wikipedia,https://en.wikipedia.org/wiki/Turbo51
pl/turbo51,license,Freeware,wikipedia,https://en.wikipedia.org/wiki/Turbo51
pl/turbo51,homepage,http://turbo51.com,wikipedia,https://en.wikipedia.org/wiki/Turbo51
pl/analitik,paradigms,a distinctive feature of the language are abstract data types,wikipedia,https://en.wikipedia.org/wiki/Analitik
pl/analitik,paradigms,calculations in arbitrary algebras,wikipedia,https://en.wikipedia.org/wiki/Analitik
pl/analitik,paradigms,and analytic transformations,wikipedia,https://en.wikipedia.org/wiki/Analitik
pl/analitik,designed_by,Poltava National Technical University,wikipedia,https://en.wikipedia.org/wiki/Analitik
pl/analitik,designed_by,Victor Glushkov,wikipedia,https://en.wikipedia.org/wiki/Analitik
pl/analitik,designed_by,Co,wikipedia,https://en.wikipedia.org/wiki/Analitik
pl/analitik,first_appeared,1968,wikipedia,https://en.wikipedia.org/wiki/Analitik
pl/analitik,influenced_by,ALMIR-65,wikipedia,https://en.wikipedia.org/wiki/Analitik
pl/analitik,homepage,http://dspace.nbuv.gov.ua/bitstream/handle/123456789/771/2-morozov.pdf,wikipedia,https://en.wikipedia.org/wiki/Analitik
pl/vilnius-basic-2,paradigms,imperative,wikipedia,https://en.wikipedia.org/wiki/Vilnius_BASIC
pl/vilnius-basic-2,paradigms,algorithmic,wikipedia,https://en.wikipedia.org/wiki/Vilnius_BASIC
pl/vilnius-basic-2,first_appeared,1986,wikipedia,https://en.wikipedia.org/wiki/Vilnius_BASIC
pl/vilnius-basic-2,influenced_by,MSX BASIC,wikipedia,https://en.wikipedia.org/wiki/Vilnius_BASIC
pl/atlas-autocode-2,paradigms,procedural,wikipedia,https://en.wikipedia.org/wiki/Atlas_Autocode
pl/atlas-autocode-2,paradigms,imperative,wikipedia,https://en.wikipedia.org/wiki/Atlas_Autocode
pl/atlas-autocode-2,paradigms,structured,wikipedia,https://en.wikipedia.org/wiki/Atlas_Autocode
pl/atlas-autocode-2,typing,"static, strong",wikipedia,https://en.wikipedia.org/wiki/Atlas_Autocode
pl/atlas-autocode-2,designed_by,University of Manchester,wikipedia,https://en.wikipedia.org/wiki/Atlas_Autocode
pl/atlas-autocode-2,designed_by,Tony Brooker,wikipedia,https://en.wikipedia.org/wiki/Atlas_Autocode
pl/atlas-autocode-2,designed_by,Derrick Morris,wikipedia,https://en.wikipedia.org/wiki/Atlas_Autocode
pl/atlas-autocode-2,first_appeared,1963,wikipedia,https://en.wikipedia.org/wiki/Atlas_Autocode
pl/atlas-autocode-2,influenced_by,ALGOL 60,wikipedia,https://en.wikipedia.org/wiki/Atlas_Autocode
pl/atlas-autocode-2,implementation_languages,ALGOL 60,wikipedia,https://en.wikipedia.org/wiki/Atlas_Autocode
pl/starlisp,paradigms,multi-paradigm: functional,wikipedia,https://en.wikipedia.org/wiki/*Lisp
pl/starlisp,paradigms,procedural,wikipedia,https://en.wikipedia.org/wiki/*Lisp
pl/starlisp,paradigms,reflective,wikipedia,https://en.wikipedia.org/wiki/*Lisp
pl/starlisp,paradigms,meta,wikipedia,https://en.wikipedia.org/wiki/*Lisp
pl/starlisp,paradigms,parallel,wikipedia,https://en.wikipedia.org/wiki/*Lisp
pl/starlisp,typing,"dynamic, strong",wikipedia,https://en.wikipedia.org/wiki/*Lisp
pl/starlisp,designed_by,Thinking Machines Corporation,wikipedia,https://en.wikipedia.org/wiki/*Lisp
pl/starlisp,designed_by,Cliff Lasser,wikipedia,https://en.wikipedia.org/wiki/*Lisp
pl/starlisp,designed_by,Steve Omohundro,wikipedia,https://en.wikipedia.org/wiki/*Lisp
pl/starlisp,first_appeared,1986,wikipedia,https://en.wikipedia.org/wiki/*Lisp
pl/starlisp,influenced_by,Lisp,wikipedia,https://en.wikipedia.org/wiki/*Lisp
pl/starlisp,influenced_by,Common Lisp,wikipedia,https://en.wikipedia.org/wiki/*Lisp
pl/starlisp,implementation_languages,Common Lisp,wikipedia,https://en.wikipedia.org/wiki/*Lisp
pl/ql,paradigms,multi-paradigm,wikipedia,https://en.wikipedia.org/wiki/.QL
pl/ql,paradigms,logic-paradigm,wikipedia,https://en.wikipedia.org/wiki/.QL
pl/ql,paradigms,object-oriented-paradigm,wikipedia,https://en.wikipedia.org/wiki/.QL
pl/ql,typing,"static, strong",wikipedia,https://en.wikipedia.org/wiki/.QL
pl/ql,designed_by,Semmle,wikipedia,https://en.wikipedia.org/wiki/.QL
pl/ql,first_appeared,2007,wikipedia,https://en.wikipedia.org/wiki/.QL
pl/ql,influenced_by,Datalog,wikipedia,https://en.wikipedia.org/wiki/.QL
pl/admb,designed_by,ADMB Core Team,wikipedia,https://en.wikipedia.org/wiki/ADMB
pl/admb,designed_by,David Fournier,wikipedia,https://en.wikipedia.org/wiki/ADMB
pl/admb,license,BSD,wikipedia,https://en.wikipedia.org/wiki/ADMB
pl/admb,homepage,http://www.admb-project.org/,wikipedia,https://en.wikipedia.org/wiki/ADMB
pl/algol-68c,designed_by,Stephen Bourne,wikipedia,https://en.wikipedia.org/wiki/ALGOL_68C
pl/algol-68c,designed_by,Michael Guy,wikipedia,https://en.wikipedia.org/wiki/ALGOL_68C
pl/algol-68c,designed_by,Andrew D. Birrell,wikipedia,https://en.wikipedia.org/wiki/ALGOL_68C
pl/algol-68c,designed_by,Ian Walker,wikipedia,https://en.wikipedia.org/wiki/ALGOL_68C
pl/algol-68c,designed_by,Chris Cheney,wikipedia,https://en.wikipedia.org/wiki/ALGOL_68C
pl/algol-68c,designed_by,et al,wikipedia,https://en.wikipedia.org/wiki/ALGOL_68C
pl/algol-68c,first_appeared,1970,wikipedia,https://en.wikipedia.org/wiki/ALGOL_68C
pl/algol-68c,homepage,http://bitbucket.org/algol68c/dl,wikipedia,https://en.wikipedia.org/wiki/ALGOL_68C
pl/algol-68r,first_appeared,1970,wikipedia,https://en.wikipedia.org/wiki/ALGOL_68-R
pl/algol-68r,license,Freeware,wikipedia,https://en.wikipedia.org/wiki/ALGOL_68-R
pl/algol-68r,homepage,http://sw.ccs.bcs.org/CCs/g3,wikipedia,https://en.wikipedia.org/wiki/ALGOL_68-R
pl/algol-68rs,first_appeared,1977,wikipedia,https://en.wikipedia.org/wiki/ALGOL_68RS
pl/algol-68rs,license,"Freeware, public domain (parts)",wikipedia,https://en.wikipedia.org/wiki/ALGOL_68RS
pl/algol-68rs,homepage,http://algol68.sf.net,wikipedia,https://en.wikipedia.org/wiki/ALGOL_68RS
pl/algol-68s,paradigms,multi-paradigm: concurrent,wikipedia,https://en.wikipedia.org/wiki/ALGOL_68S
pl/algol-68s,paradigms,imperative,wikipedia,https://en.wikipedia.org/wiki/ALGOL_68S
pl/algol-68s,typing,"static, strong, safe, structural",wikipedia,https://en.wikipedia.org/wiki/ALGOL_68S
pl/algol-68s,designed_by,Charles H. Lindsey,wikipedia,https://en.wikipedia.org/wiki/ALGOL_68S
pl/algol-68s,first_appeared,1977,wikipedia,https://en.wikipedia.org/wiki/ALGOL_68S
pl/algol-68s,implementation_languages,BLISS,wikipedia,https://en.wikipedia.org/wiki/ALGOL_68S
pl/algol-n-2,paradigms,multi-paradigm: procedural,wikipedia,https://en.wikipedia.org/wiki/ALGOL_N
pl/algol-n-2,paradigms,imperative,wikipedia,https://en.wikipedia.org/wiki/ALGOL_N
pl/algol-n-2,paradigms,structured,wikipedia,https://en.wikipedia.org/wiki/ALGOL_N
pl/algol-n-2,typing,"static, strong",wikipedia,https://en.wikipedia.org/wiki/ALGOL_N
pl/algol-n-2,designed_by,Nobuo Yoneda,wikipedia,https://en.wikipedia.org/wiki/ALGOL_N
pl/algol-n-2,designed_by,Eiiti Wada,wikipedia,https://en.wikipedia.org/wiki/ALGOL_N
pl/algol-n-2,designed_by,S. Igarashi,wikipedia,https://en.wikipedia.org/wiki/ALGOL_N
pl/algol-n-2,designed_by,T. lwamura,wikipedia,https://en.wikipedia.org/wiki/ALGOL_N
pl/algol-n-2,designed_by,K. Sakuma,wikipedia,https://en.wikipedia.org/wiki/ALGOL_N
pl/algol-n-2,designed_by,T. Shimauti,wikipedia,https://en.wikipedia.org/wiki/ALGOL_N
pl/algol-n-2,designed_by,T. Shimuzu,wikipedia,https://en.wikipedia.org/wiki/ALGOL_N
pl/algol-n-2,designed_by,S. Takasu,wikipedia,https://en.wikipedia.org/wiki/ALGOL_N
pl/algol-n-2,first_appeared,1969,wikipedia,https://en.wikipedia.org/wiki/ALGOL_N
pl/algol-n-2,influenced_by,ALGOL 60,wikipedia,https://en.wikipedia.org/wiki/ALGOL_N
pl/algol-n-2,influenced_by,ALGOL 68,wikipedia,https://en.wikipedia.org/wiki/ALGOL_N
pl/apmonitor,license,"Proprietary, BSD",wikipedia,https://en.wikipedia.org/wiki/APMonitor
pl/apmonitor,homepage,http://www.apmonitor.com,wikipedia,https://en.wikipedia.org/wiki/APMonitor
pl/ascend,designed_by,the ASCEND team,wikipedia,https://en.wikipedia.org/wiki/ASCEND
pl/ascend,license,GPL (free software),wikipedia,https://en.wikipedia.org/wiki/ASCEND
pl/ascend,homepage,https://ascend4.org,wikipedia,https://en.wikipedia.org/wiki/ASCEND
pl/a,paradigms,multi-paradigm: object-oriented,wikipedia,https://en.wikipedia.org/wiki/A_Sharp_(Axiom)
pl/a,paradigms,functional,wikipedia,https://en.wikipedia.org/wiki/A_Sharp_(Axiom)
pl/a,designed_by,Thomas J. Watson Research Center,wikipedia,https://en.wikipedia.org/wiki/A_Sharp_(Axiom)
pl/a,designed_by,Richard Dimick Jenks,wikipedia,https://en.wikipedia.org/wiki/A_Sharp_(Axiom)
pl/a,designed_by,Barry Trager,wikipedia,https://en.wikipedia.org/wiki/A_Sharp_(Axiom)
pl/a,designed_by,Stephen M. Watt,wikipedia,https://en.wikipedia.org/wiki/A_Sharp_(Axiom)
pl/a,designed_by,James Davenport,wikipedia,https://en.wikipedia.org/wiki/A_Sharp_(Axiom)
pl/a,designed_by,Robert Sutor,wikipedia,https://en.wikipedia.org/wiki/A_Sharp_(Axiom)
pl/a,designed_by,Scott Morrison,wikipedia,https://en.wikipedia.org/wiki/A_Sharp_(Axiom)
pl/a,first_appeared,1971,wikipedia,https://en.wikipedia.org/wiki/A_Sharp_(Axiom)
pl/a,influenced_by,Pascal,wikipedia,https://en.wikipedia.org/wiki/A_Sharp_(Axiom)
pl/a,influenced_by,Haskell,wikipedia,https://en.wikipedia.org/wiki/A_Sharp_(Axiom)
pl/a,license,BSD -like,wikipedia,https://en.wikipedia.org/wiki/A_Sharp_(Axiom)
pl/a,homepage,http://axiom-developer.org,wikipedia,https://en.wikipedia.org/wiki/A_Sharp_(Axiom)
pl/abstract-state-machine-language-2,paradigms,functional,wikipedia,https://en.wikipedia.org/wiki/Abstract_State_Machine_Language
pl/abstract-state-machine-language-2,designed_by,Microsoft Corporation,wikipedia,https://en.wikipedia.org/wiki/Abstract_State_Machine_Language
pl/agentsheets,paradigms,object-oriented,wikipedia,https://en.wikipedia.org/wiki/AgentSheets
pl/agentsheets,designed_by,Alexander Repenning,wikipedia,https://en.wikipedia.org/wiki/AgentSheets
pl/agentsheets,first_appeared,1991,wikipedia,https://en.wikipedia.org/wiki/AgentSheets
pl/agentsheets,influenced_by,Lisp,wikipedia,https://en.wikipedia.org/wiki/AgentSheets
pl/agentsheets,influenced_by,Logo,wikipedia,https://en.wikipedia.org/wiki/AgentSheets
pl/agentsheets,influenced_by,Smalltalk,wikipedia,https://en.wikipedia.org/wiki/AgentSheets
pl/agentsheets,license,proprietary,wikipedia,https://en.wikipedia.org/wiki/AgentSheets
pl/agentsheets,homepage,http://www.agentsheets.com,wikipedia,https://en.wikipedia.org/wiki/AgentSheets
pl/analytica,designed_by,Lumina Decision Systems,wikipedia,https://en.wikipedia.org/wiki/Analytica_(software)
pl/analytica,first_appeared,1992,wikipedia,https://en.wikipedia.org/wiki/Analytica_(software)
pl/analytica,license,Commercial proprietary,wikipedia,https://en.wikipedia.org/wiki/Analytica_(software)
pl/analytica,homepage,http://analytica.com,wikipedia,https://en.wikipedia.org/wiki/Analytica_(software)
pl/apple-dylan,paradigms,multi-paradigm: functional,wikipedia,https://en.wikipedia.org/wiki/Apple_Dylan
pl/apple-dylan,paradigms,object-oriented,wikipedia,https://en.wikipedia.org/wiki/Apple_Dylan
pl/apple-dylan,typing,"strong, dynamic",wikipedia,https://en.wikipedia.org/wiki/Apple_Dylan
pl/apple-dylan,designed_by,Apple Computer,wikipedia,https://en.wikipedia.org/wiki/Apple_Dylan
pl/apple-dylan,first_appeared,1992,wikipedia,https://en.wikipedia.org/wiki/Apple_Dylan
pl/apple-dylan,influenced_by,Macintosh Common Lisp,wikipedia,https://en.wikipedia.org/wiki/Apple_Dylan
pl/apple-dylan,influenced_by,Smalltalk,wikipedia,https://en.wikipedia.org/wiki/Apple_Dylan
pl/apple-dylan,influenced_by,Think C,wikipedia,https://en.wikipedia.org/wiki/Apple_Dylan
pl/apple-dylan,license,Proprietary,wikipedia,https://en.wikipedia.org/wiki/Apple_Dylan
pl/apple-dylan,implementation_languages,Macintosh Common Lisp (MCL),wikipedia,https://en.wikipedia.org/wiki/Apple_Dylan
pl/apple-dylan,implementation_languages,Dylan,wikipedia,https://en.wikipedia.org/wiki/Apple_Dylan
pl/aspectcpp-2,designed_by,Olaf Spinczyk (project leader),wikipedia,https://en.wikipedia.org/wiki/AspectC%2B%2B
pl/aspectcpp-2,designed_by,Georg Blaschke,wikipedia,https://en.wikipedia.org/wiki/AspectC%2B%2B
pl/aspectcpp-2,designed_by,Christoph Borchert,wikipedia,https://en.wikipedia.org/wiki/AspectC%2B%2B
pl/aspectcpp-2,designed_by,Benjamin Kramer,wikipedia,https://en.wikipedia.org/wiki/AspectC%2B%2B
pl/aspectcpp-2,designed_by,Daniel Lohmann,wikipedia,https://en.wikipedia.org/wiki/AspectC%2B%2B
pl/aspectcpp-2,designed_by,Horst Schirmeier,wikipedia,https://en.wikipedia.org/wiki/AspectC%2B%2B
pl/aspectcpp-2,designed_by,Ute Spinczyk,wikipedia,https://en.wikipedia.org/wiki/AspectC%2B%2B
pl/aspectcpp-2,designed_by,Reinhard Tartler,wikipedia,https://en.wikipedia.org/wiki/AspectC%2B%2B
pl/aspectcpp-2,designed_by,Matthias Urban,wikipedia,https://en.wikipedia.org/wiki/AspectC%2B%2B
pl/aspectcpp-2,first_appeared,2001,wikipedia,https://en.wikipedia.org/wiki/AspectC%2B%2B
pl/aspectcpp-2,license,GPL 2+,wikipedia,https://en.wikipedia.org/wiki/AspectC%2B%2B
pl/aspectcpp-2,homepage,http://www.aspectc.org,wikipedia,https://en.wikipedia.org/wiki/AspectC%2B%2B
pl/axum,designed_by,Microsoft,wikipedia,https://en.wikipedia.org/wiki/Axum_(programming_language)
pl/axum,first_appeared,2009,wikipedia,https://en.wikipedia.org/wiki/Axum_(programming_language)
pl/axum,license,Closed source,wikipedia,https://en.wikipedia.org/wiki/Axum_(programming_language)
pl/axum,homepage,http://msdn.microsoft.com/en-us/devlabs/dd795202.aspx,wikipedia,https://en.wikipedia.org/wiki/Axum_(programming_language)
pl/cstar,paradigms,multi-paradigm: imperative,wikipedia,https://en.wikipedia.org/wiki/C*
pl/cstar,paradigms,parallel,wikipedia,https://en.wikipedia.org/wiki/C*
pl/cstar,typing,"static, weak, manifest",wikipedia,https://en.wikipedia.org/wiki/C*
pl/cstar,designed_by,Thinking Machines,wikipedia,https://en.wikipedia.org/wiki/C*
pl/cstar,first_appeared,1987,wikipedia,https://en.wikipedia.org/wiki/C*
pl/cstar,influenced_by,ANSI C,wikipedia,https://en.wikipedia.org/wiki/C*
pl/cstar,influenced_by,*Lisp,wikipedia,https://en.wikipedia.org/wiki/C*
pl/cal-actor-language,paradigms,dataflow,wikipedia,https://en.wikipedia.org/wiki/CAL_Actor_Language
pl/cal-actor-language,designed_by,University of California,wikipedia,https://en.wikipedia.org/wiki/CAL_Actor_Language
pl/cal-actor-language,designed_by,Berkeley,wikipedia,https://en.wikipedia.org/wiki/CAL_Actor_Language
pl/cal-actor-language,designed_by,Johan Eker,wikipedia,https://en.wikipedia.org/wiki/CAL_Actor_Language
pl/cal-actor-language,designed_by,Jörn W. Janneck,wikipedia,https://en.wikipedia.org/wiki/CAL_Actor_Language
pl/cal-actor-language,first_appeared,2001,wikipedia,https://en.wikipedia.org/wiki/CAL_Actor_Language
pl/cal-actor-language,homepage,http://github.com/orcc,wikipedia,https://en.wikipedia.org/wiki/CAL_Actor_Language
pl/cadence-skill-2,paradigms,functional,wikipedia,https://en.wikipedia.org/wiki/Cadence_SKILL
pl/cadence-skill-2,paradigms,object-oriented,wikipedia,https://en.wikipedia.org/wiki/Cadence_SKILL
pl/cadence-skill-2,typing,dynamic,wikipedia,https://en.wikipedia.org/wiki/Cadence_SKILL
pl/cadence-skill-2,designed_by,Cadence Design Systems,wikipedia,https://en.wikipedia.org/wiki/Cadence_SKILL
pl/cadence-skill-2,first_appeared,1990,wikipedia,https://en.wikipedia.org/wiki/Cadence_SKILL
pl/cadence-skill-2,influenced_by,Scheme,wikipedia,https://en.wikipedia.org/wiki/Cadence_SKILL
pl/cadence-skill-2,influenced_by,Common Lisp,wikipedia,https://en.wikipedia.org/wiki/Cadence_SKILL
pl/cadence-skill-2,influenced_by,CLOS,wikipedia,https://en.wikipedia.org/wiki/Cadence_SKILL
pl/chez-scheme,paradigms,multi-paradigm: functional,wikipedia,https://en.wikipedia.org/wiki/Chez_Scheme
pl/chez-scheme,paradigms,imperative,wikipedia,https://en.wikipedia.org/wiki/Chez_Scheme
pl/chez-scheme,paradigms,meta,wikipedia,https://en.wikipedia.org/wiki/Chez_Scheme
pl/chez-scheme,typing,"dynamic, latent, strong",wikipedia,https://en.wikipedia.org/wiki/Chez_Scheme
pl/chez-scheme,designed_by,Cadence Research Systems,wikipedia,https://en.wikipedia.org/wiki/Chez_Scheme
pl/chez-scheme,designed_by,R. Kent Dybvig,wikipedia,https://en.wikipedia.org/wiki/Chez_Scheme
pl/chez-scheme,first_appeared,1985,wikipedia,https://en.wikipedia.org/wiki/Chez_Scheme
pl/chez-scheme,influenced_by,Lisp,wikipedia,https://en.wikipedia.org/wiki/Chez_Scheme
pl/chez-scheme,influenced_by,Scheme,wikipedia,https://en.wikipedia.org/wiki/Chez_Scheme
pl/chez-scheme,license,Apache License 2.0,wikipedia,https://en.wikipedia.org/wiki/Chez_Scheme
pl/chez-scheme,homepage,http://www.scheme.com,wikipedia,https://en.wikipedia.org/wiki/Chez_Scheme
pl/ciao,paradigms,logic,wikipedia,https://en.wikipedia.org/wiki/Ciao_(programming_language)
pl/ciao,paradigms,functional,wikipedia,https://en.wikipedia.org/wiki/Ciao_(programming_language)
pl/ciao,paradigms,modular,wikipedia,https://en.wikipedia.org/wiki/Ciao_(programming_language)
pl/ciao,paradigms,object-oriented,wikipedia,https://en.wikipedia.org/wiki/Ciao_(programming_language)
pl/ciao,first_appeared,1984,wikipedia,https://en.wikipedia.org/wiki/Ciao_(programming_language)
pl/ciao,influenced_by,Prolog,wikipedia,https://en.wikipedia.org/wiki/Ciao_(programming_language)
pl/ciao,license,"GPL, LGPL",wikipedia,https://en.wikipedia.org/wiki/Ciao_(programming_language)
pl/ciao,homepage,http://www.ciao-lang.org,wikipedia,https://en.wikipedia.org/wiki/Ciao_(programming_language)
pl/color-basic-2,designed_by,Microsoft,wikipedia,https://en.wikipedia.org/wiki/Color_BASIC
pl/color-basic-2,designed_by,Bill Gates,wikipedia,https://en.wikipedia.org/wiki/Color_BASIC
pl/color-basic-2,first_appeared,1980,wikipedia,https://en.wikipedia.org/wiki/Color_BASIC
pl/concurrent-euclid,paradigms,multi-paradigm: structured,wikipedia,https://en.wikipedia.org/wiki/Concurrent_Euclid
pl/concurrent-euclid,paradigms,imperative,wikipedia,https://en.wikipedia.org/wiki/Concurrent_Euclid
pl/concurrent-euclid,paradigms,functional,wikipedia,https://en.wikipedia.org/wiki/Concurrent_Euclid
pl/concurrent-euclid,typing,"strong, static",wikipedia,https://en.wikipedia.org/wiki/Concurrent_Euclid
pl/concurrent-euclid,designed_by,James Cordy,wikipedia,https://en.wikipedia.org/wiki/Concurrent_Euclid
pl/concurrent-euclid,designed_by,Ric Holt,wikipedia,https://en.wikipedia.org/wiki/Concurrent_Euclid
pl/concurrent-euclid,first_appeared,1980,wikipedia,https://en.wikipedia.org/wiki/Concurrent_Euclid
pl/concurrent-euclid,influenced_by,Euclid,wikipedia,https://en.wikipedia.org/wiki/Concurrent_Euclid
pl/concurrent-euclid,influenced_by,Communicating Sequential Processes,wikipedia,https://en.wikipedia.org/wiki/Concurrent_Euclid
pl/concurrent-pascal-2,paradigms,imperative,wikipedia,https://en.wikipedia.org/wiki/Concurrent_Pascal
pl/concurrent-pascal-2,paradigms,structured,wikipedia,https://en.wikipedia.org/wiki/Concurrent_Pascal
pl/concurrent-pascal-2,paradigms,concurrent,wikipedia,https://en.wikipedia.org/wiki/Concurrent_Pascal
pl/concurrent-pascal-2,typing,"static and dynamic, strong, safe",wikipedia,https://en.wikipedia.org/wiki/Concurrent_Pascal
pl/concurrent-pascal-2,designed_by,Per Brinch Hansen,wikipedia,https://en.wikipedia.org/wiki/Concurrent_Pascal
pl/concurrent-pascal-2,first_appeared,1974,wikipedia,https://en.wikipedia.org/wiki/Concurrent_Pascal
pl/concurrent-pascal-2,influenced_by,ALGOL 60,wikipedia,https://en.wikipedia.org/wiki/Concurrent_Pascal
pl/concurrent-pascal-2,influenced_by,Simula 67,wikipedia,https://en.wikipedia.org/wiki/Concurrent_Pascal
pl/concurrent-pascal-2,influenced_by,Pascal,wikipedia,https://en.wikipedia.org/wiki/Concurrent_Pascal
pl/dg-l,paradigms,multi-paradigm: procedural,wikipedia,https://en.wikipedia.org/wiki/DG/L
pl/dg-l,paradigms,imperative,wikipedia,https://en.wikipedia.org/wiki/DG/L
pl/dg-l,paradigms,structured,wikipedia,https://en.wikipedia.org/wiki/DG/L
pl/dg-l,designed_by,Data General,wikipedia,https://en.wikipedia.org/wiki/DG/L
pl/dg-l,first_appeared,1977,wikipedia,https://en.wikipedia.org/wiki/DG/L
pl/dg-l,influenced_by,ALGOL 60,wikipedia,https://en.wikipedia.org/wiki/DG/L
pl/data-general-business-basic-2,designed_by,Data General,wikipedia,https://en.wikipedia.org/wiki/Data_General_Business_Basic
pl/data-general-business-basic-2,influenced_by,MAI Basic Four,wikipedia,https://en.wikipedia.org/wiki/Data_General_Business_Basic
pl/data-general-business-basic-2,license,Commercial proprietary software,wikipedia,https://en.wikipedia.org/wiki/Data_General_Business_Basic
pl/design-by-numbers,paradigms,procedural,wikipedia,https://en.wikipedia.org/wiki/Design_By_Numbers
pl/design-by-numbers,typing,strong,wikipedia,https://en.wikipedia.org/wiki/Design_By_Numbers
pl/design-by-numbers,designed_by,Ben Fry,wikipedia,https://en.wikipedia.org/wiki/Design_By_Numbers
pl/design-by-numbers,designed_by,Tom White,wikipedia,https://en.wikipedia.org/wiki/Design_By_Numbers
pl/design-by-numbers,designed_by,John Maeda,wikipedia,https://en.wikipedia.org/wiki/Design_By_Numbers
pl/design-by-numbers,first_appeared,1999,wikipedia,https://en.wikipedia.org/wiki/Design_By_Numbers
pl/design-by-numbers,license,Proprietary,wikipedia,https://en.wikipedia.org/wiki/Design_By_Numbers
pl/design-by-numbers,homepage,https://dbn.media.mit.edu,wikipedia,https://en.wikipedia.org/wiki/Design_By_Numbers
pl/draco,paradigms,imperative (procedural),wikipedia,https://en.wikipedia.org/wiki/Draco_(programming_language)
pl/draco,paradigms,structured,wikipedia,https://en.wikipedia.org/wiki/Draco_(programming_language)
pl/draco,typing,"static, strong, manifest",wikipedia,https://en.wikipedia.org/wiki/Draco_(programming_language)
pl/draco,designed_by,Chris Gray,wikipedia,https://en.wikipedia.org/wiki/Draco_(programming_language)
pl/draco,first_appeared,1990,wikipedia,https://en.wikipedia.org/wiki/Draco_(programming_language)
pl/draco,influenced_by,ALGOL 68,wikipedia,https://en.wikipedia.org/wiki/Draco_(programming_language)
pl/draco,influenced_by,Pascal,wikipedia,https://en.wikipedia.org/wiki/Draco_(programming_language)
pl/draco,influenced_by,C,wikipedia,https://en.wikipedia.org/wiki/Draco_(programming_language)
pl/draco,license,copyrighted shareware,wikipedia,https://en.wikipedia.org/wiki/Draco_(programming_language)
pl/edinburgh-imp-2,paradigms,procedural,wikipedia,https://en.wikipedia.org/wiki/Edinburgh_IMP
pl/edinburgh-imp-2,paradigms,imperative,wikipedia,https://en.wikipedia.org/wiki/Edinburgh_IMP
pl/edinburgh-imp-2,paradigms,structured,wikipedia,https://en.wikipedia.org/wiki/Edinburgh_IMP
pl/edinburgh-imp-2,typing,"static, strong",wikipedia,https://en.wikipedia.org/wiki/Edinburgh_IMP
pl/edinburgh-imp-2,designed_by,University of Edinburgh,wikipedia,https://en.wikipedia.org/wiki/Edinburgh_IMP
pl/edinburgh-imp-2,designed_by,Bratley,wikipedia,https://en.wikipedia.org/wiki/Edinburgh_IMP
pl/edinburgh-imp-2,designed_by,Whitfield,wikipedia,https://en.wikipedia.org/wiki/Edinburgh_IMP
pl/edinburgh-imp-2,designed_by,M. M. Barritt,wikipedia,https://en.wikipedia.org/wiki/Edinburgh_IMP
pl/edinburgh-imp-2,designed_by,David Rees,wikipedia,https://en.wikipedia.org/wiki/Edinburgh_IMP
pl/edinburgh-imp-2,designed_by,Peter D. Schofield,wikipedia,https://en.wikipedia.org/wiki/Edinburgh_IMP
pl/edinburgh-imp-2,designed_by,Roderick McLeod,wikipedia,https://en.wikipedia.org/wiki/Edinburgh_IMP
pl/edinburgh-imp-2,designed_by,Hamish Dewar,wikipedia,https://en.wikipedia.org/wiki/Edinburgh_IMP
pl/edinburgh-imp-2,designed_by,Peter D. Stephens,wikipedia,https://en.wikipedia.org/wiki/Edinburgh_IMP
pl/edinburgh-imp-2,designed_by,Peter Robertson,wikipedia,https://en.wikipedia.org/wiki/Edinburgh_IMP
pl/edinburgh-imp-2,first_appeared,1966,wikipedia,https://en.wikipedia.org/wiki/Edinburgh_IMP
pl/edinburgh-imp-2,influenced_by,ALGOL 60,wikipedia,https://en.wikipedia.org/wiki/Edinburgh_IMP
pl/edinburgh-imp-2,influenced_by,Atlas Autocode,wikipedia,https://en.wikipedia.org/wiki/Edinburgh_IMP
pl/edinburgh-imp-2,implementation_languages,Atlas Autocode,wikipedia,https://en.wikipedia.org/wiki/Edinburgh_IMP
pl/edinburgh-imp-2,implementation_languages,IMP,wikipedia,https://en.wikipedia.org/wiki/Edinburgh_IMP
pl/elliott-algol-2,paradigms,multi-paradigm: procedural,wikipedia,https://en.wikipedia.org/wiki/Elliott_ALGOL
pl/elliott-algol-2,paradigms,imperative,wikipedia,https://en.wikipedia.org/wiki/Elliott_ALGOL
pl/elliott-algol-2,paradigms,structured,wikipedia,https://en.wikipedia.org/wiki/Elliott_ALGOL
pl/elliott-algol-2,typing,"static, strong",wikipedia,https://en.wikipedia.org/wiki/Elliott_ALGOL
pl/elliott-algol-2,designed_by,Elliott Brothers,wikipedia,https://en.wikipedia.org/wiki/Elliott_ALGOL
pl/elliott-algol-2,designed_by,Tony Hoare,wikipedia,https://en.wikipedia.org/wiki/Elliott_ALGOL
pl/elliott-algol-2,designed_by,Jill Hoare,wikipedia,https://en.wikipedia.org/wiki/Elliott_ALGOL
pl/elliott-algol-2,designed_by,others,wikipedia,https://en.wikipedia.org/wiki/Elliott_ALGOL
pl/elliott-algol-2,first_appeared,1962,wikipedia,https://en.wikipedia.org/wiki/Elliott_ALGOL
pl/elliott-algol-2,influenced_by,ALGOL 60,wikipedia,https://en.wikipedia.org/wiki/Elliott_ALGOL
pl/elliott-algol-2,implementation_languages,Assembly,wikipedia,https://en.wikipedia.org/wiki/Elliott_ALGOL
pl/escher,paradigms,declarative: functional,wikipedia,https://en.wikipedia.org/wiki/Escher_(programming_language)
pl/escher,paradigms,logic,wikipedia,https://en.wikipedia.org/wiki/Escher_(programming_language)
pl/escher,typing,"static, manifest",wikipedia,https://en.wikipedia.org/wiki/Escher_(programming_language)
pl/escher,designed_by,J.W. Lloyd,wikipedia,https://en.wikipedia.org/wiki/Escher_(programming_language)
pl/escher,first_appeared,mid-1990s,wikipedia,https://en.wikipedia.org/wiki/Escher_(programming_language)
pl/escher,influenced_by,simple theory of types,wikipedia,https://en.wikipedia.org/wiki/Escher_(programming_language)
pl/franz-lisp,paradigms,multi-paradigm: functional,wikipedia,https://en.wikipedia.org/wiki/Franz_Lisp
pl/franz-lisp,paradigms,procedural,wikipedia,https://en.wikipedia.org/wiki/Franz_Lisp
pl/franz-lisp,paradigms,reflective,wikipedia,https://en.wikipedia.org/wiki/Franz_Lisp
pl/franz-lisp,paradigms,meta,wikipedia,https://en.wikipedia.org/wiki/Franz_Lisp
pl/franz-lisp,typing,"dynamic, strong",wikipedia,https://en.wikipedia.org/wiki/Franz_Lisp
pl/franz-lisp,designed_by,University of California,wikipedia,https://en.wikipedia.org/wiki/Franz_Lisp
pl/franz-lisp,designed_by,Berkeley,wikipedia,https://en.wikipedia.org/wiki/Franz_Lisp
pl/franz-lisp,designed_by,Richard Fateman,wikipedia,https://en.wikipedia.org/wiki/Franz_Lisp
pl/franz-lisp,designed_by,John Foderaro,wikipedia,https://en.wikipedia.org/wiki/Franz_Lisp
pl/franz-lisp,designed_by,Kevin Layer,wikipedia,https://en.wikipedia.org/wiki/Franz_Lisp
pl/franz-lisp,designed_by,Keith Sklower,wikipedia,https://en.wikipedia.org/wiki/Franz_Lisp
pl/franz-lisp,first_appeared,1980,wikipedia,https://en.wikipedia.org/wiki/Franz_Lisp
pl/franz-lisp,influenced_by,Lisp,wikipedia,https://en.wikipedia.org/wiki/Franz_Lisp
pl/franz-lisp,influenced_by,Maclisp,wikipedia,https://en.wikipedia.org/wiki/Franz_Lisp
pl/franz-lisp,influenced_by,Common Lisp,wikipedia,https://en.wikipedia.org/wiki/Franz_Lisp
pl/franz-lisp,license,"Proprietary, freeware",wikipedia,https://en.wikipedia.org/wiki/Franz_Lisp
pl/franz-lisp,implementation_languages,C,wikipedia,https://en.wikipedia.org/wiki/Franz_Lisp
pl/franz-lisp,implementation_languages,Franz Lisp,wikipedia,https://en.wikipedia.org/wiki/Franz_Lisp
pl/freefempp,designed_by,Université Pierre et Marie Curie,wikipedia,https://en.wikipedia.org/wiki/FreeFem%2B%2B
pl/freefempp,designed_by,Laboratoire Jacques-Louis Lions,wikipedia,https://en.wikipedia.org/wiki/FreeFem%2B%2B
pl/freefempp,first_appeared,1987,wikipedia,https://en.wikipedia.org/wiki/FreeFem%2B%2B
pl/freefempp,license,LGPL version 2.1 or later,wikipedia,https://en.wikipedia.org/wiki/FreeFem%2B%2B
pl/freefempp,homepage,https://freefem.org,wikipedia,https://en.wikipedia.org/wiki/FreeFem%2B%2B
pl/fril,paradigms,logic,wikipedia,https://en.wikipedia.org/wiki/Fril
pl/fril,designed_by,Trevor Martin,wikipedia,https://en.wikipedia.org/wiki/Fril
pl/fril,first_appeared,1980,wikipedia,https://en.wikipedia.org/wiki/Fril
pl/fril,influenced_by,micro-PROLOG,wikipedia,https://en.wikipedia.org/wiki/Fril
pl/fril,license,Proprietary software,wikipedia,https://en.wikipedia.org/wiki/Fril
pl/gnu-e-2,paradigms,object-oriented,wikipedia,https://en.wikipedia.org/wiki/GNU_E
pl/gnu-e-2,typing,strong,wikipedia,https://en.wikipedia.org/wiki/GNU_E
pl/gnu-e-2,first_appeared,1991,wikipedia,https://en.wikipedia.org/wiki/GNU_E
pl/gnu-e-2,influenced_by,C++,wikipedia,https://en.wikipedia.org/wiki/GNU_E
pl/gnu-e-2,license,GNU General Public License Version 2,wikipedia,https://en.wikipedia.org/wiki/GNU_E
pl/gambit,paradigms,multi-paradigm: functional,wikipedia,https://en.wikipedia.org/wiki/Gambit_(Scheme_implementation)
pl/gambit,paradigms,imperative,wikipedia,https://en.wikipedia.org/wiki/Gambit_(Scheme_implementation)
pl/gambit,paradigms,meta,wikipedia,https://en.wikipedia.org/wiki/Gambit_(Scheme_implementation)
pl/gambit,typing,"dynamic, latent, strong",wikipedia,https://en.wikipedia.org/wiki/Gambit_(Scheme_implementation)
pl/gambit,designed_by,Marc Feeley,wikipedia,https://en.wikipedia.org/wiki/Gambit_(Scheme_implementation)
pl/gambit,first_appeared,1988,wikipedia,https://en.wikipedia.org/wiki/Gambit_(Scheme_implementation)
pl/gambit,influenced_by,Lisp,wikipedia,https://en.wikipedia.org/wiki/Gambit_(Scheme_implementation)
pl/gambit,influenced_by,Scheme,wikipedia,https://en.wikipedia.org/wiki/Gambit_(Scheme_implementation)
pl/gambit,license,"LGPL 2.1, Apache 2.0",wikipedia,https://en.wikipedia.org/wiki/Gambit_(Scheme_implementation)
pl/gambit,homepage,http://gambitscheme.org,wikipedia,https://en.wikipedia.org/wiki/Gambit_(Scheme_implementation)
pl/grasshopper-3d,paradigms,visual,wikipedia,https://en.wikipedia.org/wiki/Grasshopper_3D
pl/grasshopper-3d,designed_by,Robert McNeel,wikipedia,https://en.wikipedia.org/wiki/Grasshopper_3D
pl/grasshopper-3d,designed_by,Associates (TLM,wikipedia,https://en.wikipedia.org/wiki/Grasshopper_3D
pl/grasshopper-3d,designed_by,Inc.),wikipedia,https://en.wikipedia.org/wiki/Grasshopper_3D
pl/grasshopper-3d,designed_by,David Rutten,wikipedia,https://en.wikipedia.org/wiki/Grasshopper_3D
pl/grasshopper-3d,first_appeared,2007,wikipedia,https://en.wikipedia.org/wiki/Grasshopper_3D
pl/grasshopper-3d,license,Proprietary,wikipedia,https://en.wikipedia.org/wiki/Grasshopper_3D
pl/grasshopper-3d,homepage,http://grasshopper3d.com,wikipedia,https://en.wikipedia.org/wiki/Grasshopper_3D
pl/hpcc,designed_by,HPCC Systems,wikipedia,https://en.wikipedia.org/wiki/HPCC
pl/hpcc,designed_by,LexisNexis Risk Solutions,wikipedia,https://en.wikipedia.org/wiki/HPCC
pl/hpcc,first_appeared,2011,wikipedia,https://en.wikipedia.org/wiki/HPCC
pl/hpcc,license,Apache License 2.0,wikipedia,https://en.wikipedia.org/wiki/HPCC
pl/hpcc,homepage,http://hpccsystems.com,wikipedia,https://en.wikipedia.org/wiki/HPCC
pl/hp-time-shared-basic-2,paradigms,imperative,wikipedia,https://en.wikipedia.org/wiki/HP_Time-Shared_BASIC
pl/hp-time-shared-basic-2,designed_by,Mike Green,wikipedia,https://en.wikipedia.org/wiki/HP_Time-Shared_BASIC
pl/hp-time-shared-basic-2,first_appeared,1968,wikipedia,https://en.wikipedia.org/wiki/HP_Time-Shared_BASIC
pl/hp-time-shared-basic-2,influenced_by,Dartmouth BASIC,wikipedia,https://en.wikipedia.org/wiki/HP_Time-Shared_BASIC
pl/hamilton-c-shell,first_appeared,1988,wikipedia,https://en.wikipedia.org/wiki/Hamilton_C_shell
pl/hamilton-c-shell,license,Commercial proprietary software,wikipedia,https://en.wikipedia.org/wiki/Hamilton_C_shell
pl/hamilton-c-shell,homepage,https://hamiltonlabs.com/Cshell.htm,wikipedia,https://en.wikipedia.org/wiki/Hamilton_C_shell
pl/hartmann-pipeline,paradigms,dataflow,wikipedia,https://en.wikipedia.org/wiki/CMS_Pipelines
pl/hartmann-pipeline,designed_by,IBM,wikipedia,https://en.wikipedia.org/wiki/CMS_Pipelines
pl/hartmann-pipeline,designed_by,John P. Hartmann (IBM),wikipedia,https://en.wikipedia.org/wiki/CMS_Pipelines
pl/hartmann-pipeline,first_appeared,1986,wikipedia,https://en.wikipedia.org/wiki/CMS_Pipelines
pl/hartmann-pipeline,influenced_by,Pipeline (Unix),wikipedia,https://en.wikipedia.org/wiki/CMS_Pipelines
pl/hartmann-pipeline,license,proprietary software,wikipedia,https://en.wikipedia.org/wiki/CMS_Pipelines
pl/hartmann-pipeline,homepage,http://vm.marist.edu/~pipeline,wikipedia,https://en.wikipedia.org/wiki/CMS_Pipelines
pl/hoc,first_appeared,1984,wikipedia,https://en.wikipedia.org/wiki/Hoc_(programming_language)
pl/hoc,license,Plan 9: MIT License,wikipedia,https://en.wikipedia.org/wiki/Hoc_(programming_language)
pl/hume,paradigms,functional,wikipedia,https://en.wikipedia.org/wiki/Hume_(programming_language)
pl/hume,typing,"inferred, static, strong",wikipedia,https://en.wikipedia.org/wiki/Hume_(programming_language)
pl/hume,designed_by,University of St Andrews Heriot-Watt University,wikipedia,https://en.wikipedia.org/wiki/Hume_(programming_language)
pl/hume,designed_by,Kevin Hammond Greg Michaelson,wikipedia,https://en.wikipedia.org/wiki/Hume_(programming_language)
pl/hume,first_appeared,2000,wikipedia,https://en.wikipedia.org/wiki/Hume_(programming_language)
pl/hume,influenced_by,Haskell,wikipedia,https://en.wikipedia.org/wiki/Hume_(programming_language)
pl/ibm-system-36-basic,first_appeared,1983,wikipedia,https://en.wikipedia.org/wiki/IBM_System/36_BASIC
pl/illumination-software-creator,license,GPL,wikipedia,https://en.wikipedia.org/wiki/Illumination_Software_Creator
pl/illumination-software-creator,homepage,https://web.archive.org/web/20130115000142/http://lunduke.com/?page_id=3454,wikipedia,https://en.wikipedia.org/wiki/Illumination_Software_Creator
pl/impromptu,paradigms,functional,wikipedia,https://en.wikipedia.org/wiki/Impromptu_(programming_environment)
pl/impromptu,paradigms,multi-paradigm,wikipedia,https://en.wikipedia.org/wiki/Impromptu_(programming_environment)
pl/impromptu,typing,dynamic & static,wikipedia,https://en.wikipedia.org/wiki/Impromptu_(programming_environment)
pl/impromptu,designed_by,Andrew Sorensen,wikipedia,https://en.wikipedia.org/wiki/Impromptu_(programming_environment)
pl/impromptu,first_appeared,2005,wikipedia,https://en.wikipedia.org/wiki/Impromptu_(programming_environment)
pl/impromptu,influenced_by,Lisp,wikipedia,https://en.wikipedia.org/wiki/Impromptu_(programming_environment)
pl/impromptu,influenced_by,Scheme,wikipedia,https://en.wikipedia.org/wiki/Impromptu_(programming_environment)
pl/impromptu,homepage,http://impromptu.moso.com.au,wikipedia,https://en.wikipedia.org/wiki/Impromptu_(programming_environment)
pl/impulse-c,designed_by,Impulse Accelerated Technologies,wikipedia,https://en.wikipedia.org/wiki/Impulse_C
pl/impulse-c,first_appeared,2003,wikipedia,https://en.wikipedia.org/wiki/Impulse_C
pl/impulse-c,influenced_by,C Programming Language,wikipedia,https://en.wikipedia.org/wiki/Impulse_C
pl/impulse-c,influenced_by,Streams-C,wikipedia,https://en.wikipedia.org/wiki/Impulse_C
pl/impulse-c,license,FPGA compiler sold and distributed by Impulse Accelerated Technologies,wikipedia,https://en.wikipedia.org/wiki/Impulse_C
pl/impulse-c,homepage,http://www.ImpulseC.com,wikipedia,https://en.wikipedia.org/wiki/Impulse_C
pl/intel-parallel-building-blocks,paradigms,imperative (procedural),wikipedia,https://en.wikipedia.org/wiki/Intel_Parallel_Building_Blocks
pl/intel-parallel-building-blocks,paradigms,structured,wikipedia,https://en.wikipedia.org/wiki/Intel_Parallel_Building_Blocks
pl/intel-parallel-building-blocks,paradigms,parallel,wikipedia,https://en.wikipedia.org/wiki/Intel_Parallel_Building_Blocks
pl/intel-parallel-building-blocks,typing,"static, weak, manifest",wikipedia,https://en.wikipedia.org/wiki/Intel_Parallel_Building_Blocks
pl/intel-parallel-building-blocks,designed_by,Intel,wikipedia,https://en.wikipedia.org/wiki/Intel_Parallel_Building_Blocks
pl/intel-parallel-building-blocks,first_appeared,2010,wikipedia,https://en.wikipedia.org/wiki/Intel_Parallel_Building_Blocks
pl/intel-parallel-building-blocks,influenced_by,Cilk Plus,wikipedia,https://en.wikipedia.org/wiki/Intel_Parallel_Building_Blocks
pl/intel-parallel-building-blocks,influenced_by,Threading Building Blocks,wikipedia,https://en.wikipedia.org/wiki/Intel_Parallel_Building_Blocks
pl/intel-parallel-building-blocks,influenced_by,Intel Array Building Blocks,wikipedia,https://en.wikipedia.org/wiki/Intel_Parallel_Building_Blocks
pl/intel-parallel-building-blocks,homepage,http://software.intel.com/en-us/articles/intel-parallel-building-blocks,wikipedia,https://en.wikipedia.org/wiki/Intel_Parallel_Building_Blocks
pl/interactive-c,first_appeared,1997,wikipedia,https://en.wikipedia.org/wiki/Interactive_C
pl/interactive-c,influenced_by,C,wikipedia,https://en.wikipedia.org/wiki/Interactive_C
pl/interactive-c,license,"Distributed without charge by KISS Institute for Practical Robotics, a 501(c)3 nonprofit organization",wikipedia,https://en.wikipedia.org/wiki/Interactive_C
pl/interactive-c,homepage,"http://www.botball.org/ic/,%20http://www.newtonlabs.com/ic/",wikipedia,https://en.wikipedia.org/wiki/Interactive_C
pl/jmodelica-org,license,Proprietary,wikipedia,https://en.wikipedia.org/wiki/JModelica.org
pl/jmodelica-org,homepage,http://www.jmodelica.org,wikipedia,https://en.wikipedia.org/wiki/JModelica.org
pl/join-pattern,paradigms,concurrent computing,wikipedia,https://en.wikipedia.org/wiki/Join-pattern
pl/join-pattern,paradigms,distributed,wikipedia,https://en.wikipedia.org/wiki/Join-pattern
pl/join-pattern,designed_by,INRIA Inria,wikipedia,https://en.wikipedia.org/wiki/Join-pattern
pl/join-pattern,homepage,http://join.inria.fr/,wikipedia,https://en.wikipedia.org/wiki/Join-pattern
pl/knitro,designed_by,Artelys,wikipedia,https://en.wikipedia.org/wiki/Artelys_Knitro
pl/knitro,first_appeared,2001,wikipedia,https://en.wikipedia.org/wiki/Artelys_Knitro
pl/knitro,license,Proprietary,wikipedia,https://en.wikipedia.org/wiki/Artelys_Knitro
pl/knitro,homepage,https://www.artelys.com/en/optimization-tools/knitro,wikipedia,https://en.wikipedia.org/wiki/Artelys_Knitro
pl/lisa,designed_by,Vojin Zivojnovic,wikipedia,https://en.wikipedia.org/wiki/Language_for_Instruction_Set_Architecture
pl/lisa,designed_by,Stefan Pees,wikipedia,https://en.wikipedia.org/wiki/Language_for_Instruction_Set_Architecture
pl/lisa,designed_by,version 1.0,wikipedia,https://en.wikipedia.org/wiki/Language_for_Instruction_Set_Architecture
pl/lisa,first_appeared,1997,wikipedia,https://en.wikipedia.org/wiki/Language_for_Instruction_Set_Architecture
pl/lisa,homepage,https://www.ice.rwth-aachen.de/cms/ice/Forschung/Abgeschlossene-Projekte/~bjxdmd/LISA/lidx/1/,wikipedia,https://en.wikipedia.org/wiki/Language_for_Instruction_Set_Architecture
pl/le-lisp-2,paradigms,multi-paradigm: functional,wikipedia,https://en.wikipedia.org/wiki/Le_Lisp
pl/le-lisp-2,paradigms,procedural,wikipedia,https://en.wikipedia.org/wiki/Le_Lisp
pl/le-lisp-2,paradigms,reflective,wikipedia,https://en.wikipedia.org/wiki/Le_Lisp
pl/le-lisp-2,paradigms,meta,wikipedia,https://en.wikipedia.org/wiki/Le_Lisp
pl/le-lisp-2,designed_by,French Institute for Research in Computer Science,wikipedia,https://en.wikipedia.org/wiki/Le_Lisp
pl/le-lisp-2,designed_by,Automation (INRIA),wikipedia,https://en.wikipedia.org/wiki/Le_Lisp
pl/le-lisp-2,designed_by,Jérôme Chailloux Emmanuel St. James Matthieu Devin Jean-Marie Hullot,wikipedia,https://en.wikipedia.org/wiki/Le_Lisp
pl/le-lisp-2,first_appeared,1981,wikipedia,https://en.wikipedia.org/wiki/Le_Lisp
pl/le-lisp-2,influenced_by,Lisp,wikipedia,https://en.wikipedia.org/wiki/Le_Lisp
pl/le-lisp-2,license,"Proprietary until 2020, 2-clause BSD License since 2020",wikipedia,https://en.wikipedia.org/wiki/Le_Lisp
pl/le-lisp-2,implementation_languages,C,wikipedia,https://en.wikipedia.org/wiki/Le_Lisp
pl/le-lisp-2,implementation_languages,LLM3,wikipedia,https://en.wikipedia.org/wiki/Le_Lisp
pl/le-lisp-2,implementation_languages,Le Lisp,wikipedia,https://en.wikipedia.org/wiki/Le_Lisp
pl/le-lisp-2,homepage,https://web.archive.org/web/20240516052328/www.eligis.com/lelisp,wikipedia,https://en.wikipedia.org/wiki/Le_Lisp
pl/mark-iv-2,designed_by,Informatics,wikipedia,https://en.wikipedia.org/wiki/Mark_IV_(software)
pl/mark-iv-2,designed_by,Inc,wikipedia,https://en.wikipedia.org/wiki/Mark_IV_(software)
pl/mark-iv-2,first_appeared,1967,wikipedia,https://en.wikipedia.org/wiki/Mark_IV_(software)
pl/mexscript,paradigms,domain-specific: functional: structured: end-user,wikipedia,https://en.wikipedia.org/wiki/MexScript
pl/mexscript,typing,dynamic,wikipedia,https://en.wikipedia.org/wiki/MexScript
pl/mexscript,designed_by,Mike Zuurman,wikipedia,https://en.wikipedia.org/wiki/MexScript
pl/mexscript,first_appeared,1997,wikipedia,https://en.wikipedia.org/wiki/MexScript
pl/mondrian,designed_by,Martin Theus,wikipedia,https://en.wikipedia.org/wiki/Mondrian_(software)
pl/mondrian,first_appeared,1997,wikipedia,https://en.wikipedia.org/wiki/Mondrian_(software)
pl/mondrian,license,GNU GPL 3+,wikipedia,https://en.wikipedia.org/wiki/Mondrian_(software)
pl/mondrian,homepage,http://www.theusrus.de/Mondrian/,wikipedia,https://en.wikipedia.org/wiki/Mondrian_(software)
pl/multimarkdown,designed_by,Fletcher T. Penney,wikipedia,https://en.wikipedia.org/wiki/MultiMarkdown
pl/multimarkdown,first_appeared,2007,wikipedia,https://en.wikipedia.org/wiki/MultiMarkdown
pl/multimarkdown,homepage,https://rawgit.com/fletcher/MultiMarkdown-6-Syntax-Guide/master/index.html,wikipedia,https://en.wikipedia.org/wiki/MultiMarkdown
pl/ns-basic-2,designed_by,NSB Corporation,wikipedia,https://en.wikipedia.org/wiki/NS_Basic
pl/ns-basic-2,license,Proprietary,wikipedia,https://en.wikipedia.org/wiki/NS_Basic
pl/ns-basic-2,homepage,https://www.appstudio.dev/,wikipedia,https://en.wikipedia.org/wiki/NS_Basic
pl/nato-0-55-3d,designed_by,Netochka Nezvanova,wikipedia,https://en.wikipedia.org/wiki/Nato.0%2B55%2B3d
pl/nato-0-55-3d,first_appeared,1999,wikipedia,https://en.wikipedia.org/wiki/Nato.0%2B55%2B3d
pl/nato-0-55-3d,license,Proprietary,wikipedia,https://en.wikipedia.org/wiki/Nato.0%2B55%2B3d
pl/nato-0-55-3d,homepage,https://web.archive.org/web/20050412000821/http://www.eusocial.org/nato.0+55+3d/242.0000.html,wikipedia,https://en.wikipedia.org/wiki/Nato.0%2B55%2B3d
pl/net-data,homepage,http://www-306.ibm.com/software/data/net.data/,wikipedia,https://en.wikipedia.org/wiki/Net.Data
pl/orca-modula-2,first_appeared,1994,wikipedia,https://en.wikipedia.org/wiki/ORCA/Modula-2
pl/object-oberon-2,paradigms,imperative,wikipedia,https://en.wikipedia.org/wiki/Object_Oberon
pl/object-oberon-2,paradigms,structured,wikipedia,https://en.wikipedia.org/wiki/Object_Oberon
pl/object-oberon-2,paradigms,modular,wikipedia,https://en.wikipedia.org/wiki/Object_Oberon
pl/object-oberon-2,paradigms,object-oriented,wikipedia,https://en.wikipedia.org/wiki/Object_Oberon
pl/object-oberon-2,typing,"strong, hybrid (static and dynamic)",wikipedia,https://en.wikipedia.org/wiki/Object_Oberon
pl/object-oberon-2,designed_by,Hanspeter Mössenböck Josef Templ Robert Griesemer,wikipedia,https://en.wikipedia.org/wiki/Object_Oberon
pl/object-oberon-2,first_appeared,1989,wikipedia,https://en.wikipedia.org/wiki/Object_Oberon
pl/object-oberon-2,influenced_by,Modula-2,wikipedia,https://en.wikipedia.org/wiki/Object_Oberon
pl/object-oberon-2,influenced_by,Oberon,wikipedia,https://en.wikipedia.org/wiki/Object_Oberon
pl/object-oberon-2,implementation_languages,Oberon,wikipedia,https://en.wikipedia.org/wiki/Object_Oberon
pl/object-oberon-2,homepage,http://www.projectoberon.com,wikipedia,https://en.wikipedia.org/wiki/Object_Oberon
pl/gnucobol,designed_by,Edward Hart,wikipedia,https://en.wikipedia.org/wiki/GnuCOBOL
pl/gnucobol,designed_by,Sergey Kashyrin,wikipedia,https://en.wikipedia.org/wiki/GnuCOBOL
pl/gnucobol,designed_by,Ron Norman,wikipedia,https://en.wikipedia.org/wiki/GnuCOBOL
pl/gnucobol,designed_by,Simon Sobisch,wikipedia,https://en.wikipedia.org/wiki/GnuCOBOL
pl/gnucobol,designed_by,many others,wikipedia,https://en.wikipedia.org/wiki/GnuCOBOL
pl/gnucobol,first_appeared,2002,wikipedia,https://en.wikipedia.org/wiki/GnuCOBOL
pl/gnucobol,license,GPL with runtime libraries under LGPL,wikipedia,https://en.wikipedia.org/wiki/GnuCOBOL
pl/gnucobol,homepage,https://gnu.org/s/gnucobol,wikipedia,https://en.wikipedia.org/wiki/GnuCOBOL
pl/openmx,paradigms,structural equation modeling,wikipedia,https://en.wikipedia.org/wiki/OpenMx
pl/openmx,typing,dynamic,wikipedia,https://en.wikipedia.org/wiki/OpenMx
pl/openmx,designed_by,The OpenMx Development Core Team,wikipedia,https://en.wikipedia.org/wiki/OpenMx
pl/openmx,designed_by,OpenMx Team,wikipedia,https://en.wikipedia.org/wiki/OpenMx
pl/openmx,first_appeared,2010,wikipedia,https://en.wikipedia.org/wiki/OpenMx
pl/openmx,influenced_by,Mx,wikipedia,https://en.wikipedia.org/wiki/OpenMx
pl/openmx,influenced_by,R,wikipedia,https://en.wikipedia.org/wiki/OpenMx
pl/openmx,license,"Apache License, Version 2.0",wikipedia,https://en.wikipedia.org/wiki/OpenMx
pl/openmx,homepage,http://openmx.ssri.psu.edu,wikipedia,https://en.wikipedia.org/wiki/OpenMx
pl/orc,paradigms,concurrent,wikipedia,https://en.wikipedia.org/wiki/Orc_(programming_language)
pl/orc,paradigms,nondeterministic,wikipedia,https://en.wikipedia.org/wiki/Orc_(programming_language)
pl/orc,designed_by,Jayadev Misra,wikipedia,https://en.wikipedia.org/wiki/Orc_(programming_language)
pl/orc,designed_by,William R. Cook,wikipedia,https://en.wikipedia.org/wiki/Orc_(programming_language)
pl/orc,designed_by,David Kitchin,wikipedia,https://en.wikipedia.org/wiki/Orc_(programming_language)
pl/orc,designed_by,Adrian Quark,wikipedia,https://en.wikipedia.org/wiki/Orc_(programming_language)
pl/orc,designed_by,John Thywissen,wikipedia,https://en.wikipedia.org/wiki/Orc_(programming_language)
pl/orc,designed_by,Arthur Peters,wikipedia,https://en.wikipedia.org/wiki/Orc_(programming_language)
pl/orc,designed_by,and others,wikipedia,https://en.wikipedia.org/wiki/Orc_(programming_language)
pl/orc,first_appeared,2004,wikipedia,https://en.wikipedia.org/wiki/Orc_(programming_language)
pl/orc,influenced_by,Haskell,wikipedia,https://en.wikipedia.org/wiki/Orc_(programming_language)
pl/orc,influenced_by,ML,wikipedia,https://en.wikipedia.org/wiki/Orc_(programming_language)
pl/orc,influenced_by,Oz,wikipedia,https://en.wikipedia.org/wiki/Orc_(programming_language)
pl/orc,influenced_by,Smalltalk,wikipedia,https://en.wikipedia.org/wiki/Orc_(programming_language)
pl/orc,influenced_by,Pict,wikipedia,https://en.wikipedia.org/wiki/Orc_(programming_language)
pl/orc,license,New BSD License,wikipedia,https://en.wikipedia.org/wiki/Orc_(programming_language)
pl/orc,homepage,https://orc.csres.utexas.edu/,wikipedia,https://en.wikipedia.org/wiki/Orc_(programming_language)
pl/oriel,paradigms,imperative,wikipedia,https://en.wikipedia.org/wiki/Oriel_(scripting_language)
pl/oriel,paradigms,procedural,wikipedia,https://en.wikipedia.org/wiki/Oriel_(scripting_language)
pl/oriel,designed_by,The LeBlond Group,wikipedia,https://en.wikipedia.org/wiki/Oriel_(scripting_language)
pl/oriel,designed_by,Inc,wikipedia,https://en.wikipedia.org/wiki/Oriel_(scripting_language)
pl/oriel,first_appeared,1991,wikipedia,https://en.wikipedia.org/wiki/Oriel_(scripting_language)
pl/orwell,paradigms,lazy,wikipedia,https://en.wikipedia.org/wiki/Orwell_(programming_language)
pl/orwell,paradigms,functional,wikipedia,https://en.wikipedia.org/wiki/Orwell_(programming_language)
pl/orwell,designed_by,Martin Raskovsky,wikipedia,https://en.wikipedia.org/wiki/Orwell_(programming_language)
pl/orwell,designed_by,Philip Wadler,wikipedia,https://en.wikipedia.org/wiki/Orwell_(programming_language)
pl/orwell,first_appeared,1984,wikipedia,https://en.wikipedia.org/wiki/Orwell_(programming_language)
pl/orwell,influenced_by,Miranda,wikipedia,https://en.wikipedia.org/wiki/Orwell_(programming_language)
pl/pcastl,paradigms,imperative,wikipedia,https://en.wikipedia.org/wiki/PCASTL
pl/pcastl,paradigms,reflective,wikipedia,https://en.wikipedia.org/wiki/PCASTL
pl/pcastl,designed_by,Philippe Choquette,wikipedia,https://en.wikipedia.org/wiki/PCASTL
pl/pcastl,first_appeared,2008,wikipedia,https://en.wikipedia.org/wiki/PCASTL
pl/pcastl,influenced_by,C,wikipedia,https://en.wikipedia.org/wiki/PCASTL
pl/pcastl,influenced_by,R,wikipedia,https://en.wikipedia.org/wiki/PCASTL
pl/pcastl,license,GNU Lesser General Public License,wikipedia,https://en.wikipedia.org/wiki/PCASTL
pl/pcastl,homepage,http://www.pcosmos.ca/pcastl/,wikipedia,https://en.wikipedia.org/wiki/PCASTL
pl/pl-c-2,paradigms,procedural,wikipedia,https://en.wikipedia.org/wiki/PL/C
pl/pl-c-2,paradigms,imperative,wikipedia,https://en.wikipedia.org/wiki/PL/C
pl/pl-c-2,paradigms,structured,wikipedia,https://en.wikipedia.org/wiki/PL/C
pl/pl-c-2,paradigms,educational,wikipedia,https://en.wikipedia.org/wiki/PL/C
pl/pl-c-2,typing,strong,wikipedia,https://en.wikipedia.org/wiki/PL/C
pl/pl-c-2,designed_by,Cornell University,wikipedia,https://en.wikipedia.org/wiki/PL/C
pl/pl-c-2,first_appeared,1970,wikipedia,https://en.wikipedia.org/wiki/PL/C
pl/pl-c-2,influenced_by,PL/I,wikipedia,https://en.wikipedia.org/wiki/PL/C
pl/pl-c-2,influenced_by,CUPL,wikipedia,https://en.wikipedia.org/wiki/PL/C
pl/planc,paradigms,procedural,wikipedia,https://en.wikipedia.org/wiki/PLANC
pl/planc,paradigms,imperative,wikipedia,https://en.wikipedia.org/wiki/PLANC
pl/planc,paradigms,structured,wikipedia,https://en.wikipedia.org/wiki/PLANC
pl/planc,typing,"static, strong",wikipedia,https://en.wikipedia.org/wiki/PLANC
pl/planc,designed_by,Norsk Data,wikipedia,https://en.wikipedia.org/wiki/PLANC
pl/planc,influenced_by,Nord Programming Language,wikipedia,https://en.wikipedia.org/wiki/PLANC
pl/planc,license,Proprietary,wikipedia,https://en.wikipedia.org/wiki/PLANC
pl/pforth,license,Public domain software,wikipedia,https://en.wikipedia.org/wiki/PForth
pl/pforth,homepage,http://www.softsynth.com/pforth/,wikipedia,https://en.wikipedia.org/wiki/PForth
pl/php4delphi,designed_by,Serhiy Perevoznyk,wikipedia,https://en.wikipedia.org/wiki/Php4delphi
pl/php4delphi,first_appeared,2002,wikipedia,https://en.wikipedia.org/wiki/Php4delphi
pl/php4delphi,influenced_by,PHP,wikipedia,https://en.wikipedia.org/wiki/Php4delphi
pl/php4delphi,influenced_by,Delphi,wikipedia,https://en.wikipedia.org/wiki/Php4delphi
pl/php4delphi,license,PHP,wikipedia,https://en.wikipedia.org/wiki/Php4delphi
pl/php4delphi,homepage,http://github.com/perevoznyk/php4delphi,wikipedia,https://en.wikipedia.org/wiki/Php4delphi
pl/pic-micro-pascal,designed_by,Philippe Paternotte,wikipedia,https://en.wikipedia.org/wiki/Pic_Micro_Pascal
pl/pic-micro-pascal,license,Freeware,wikipedia,https://en.wikipedia.org/wiki/Pic_Micro_Pascal
pl/pic-micro-pascal,homepage,http://www.pmpcomp.fr,wikipedia,https://en.wikipedia.org/wiki/Pic_Micro_Pascal
pl/pipeline-pilot,first_appeared,1999,wikipedia,https://en.wikipedia.org/wiki/Pipeline_Pilot
pl/pipeline-pilot,license,Proprietary,wikipedia,https://en.wikipedia.org/wiki/Pipeline_Pilot
pl/pipeline-pilot,homepage,https://www.3ds.com/products/biovia/pipeline-pilot,wikipedia,https://en.wikipedia.org/wiki/Pipeline_Pilot
pl/powerhouse,designed_by,UNICOM Systems,wikipedia,https://en.wikipedia.org/wiki/PowerHouse_(programming_language)
pl/powerhouse,designed_by,a division of UNICOM Global,wikipedia,https://en.wikipedia.org/wiki/PowerHouse_(programming_language)
pl/powerhouse,license,Proprietary software,wikipedia,https://en.wikipedia.org/wiki/PowerHouse_(programming_language)
pl/powerhouse,homepage,https://teamblue.unicomsi.com/products/powerhouse-4gl/,wikipedia,https://en.wikipedia.org/wiki/PowerHouse_(programming_language)
pl/programming-computable-functions,paradigms,functional,wikipedia,https://en.wikipedia.org/wiki/Programming_Computable_Functions
pl/programming-computable-functions,designed_by,Dana Scott,wikipedia,https://en.wikipedia.org/wiki/Programming_Computable_Functions
pl/programming-computable-functions,designed_by,Robin Milner,wikipedia,https://en.wikipedia.org/wiki/Programming_Computable_Functions
pl/programming-computable-functions,designed_by,Gordon Plotkin,wikipedia,https://en.wikipedia.org/wiki/Programming_Computable_Functions
pl/programming-computable-functions,first_appeared,1977,wikipedia,https://en.wikipedia.org/wiki/Programming_Computable_Functions
pl/ptolemy-project,designed_by,University of California,wikipedia,https://en.wikipedia.org/wiki/Ptolemy_Project
pl/ptolemy-project,designed_by,Berkeley,wikipedia,https://en.wikipedia.org/wiki/Ptolemy_Project
pl/ptolemy-project,license,BSD License,wikipedia,https://en.wikipedia.org/wiki/Ptolemy_Project
pl/ptolemy-project,homepage,http://ptolemy.berkeley.edu/,wikipedia,https://en.wikipedia.org/wiki/Ptolemy_Project
pl/python-for-s60-2,paradigms,multi-paradigm: object-oriented,wikipedia,https://en.wikipedia.org/wiki/Python_for_S60
pl/python-for-s60-2,paradigms,imperative,wikipedia,https://en.wikipedia.org/wiki/Python_for_S60
pl/python-for-s60-2,paradigms,functional,wikipedia,https://en.wikipedia.org/wiki/Python_for_S60
pl/python-for-s60-2,designed_by,Python Software Foundation,wikipedia,https://en.wikipedia.org/wiki/Python_for_S60
pl/python-for-s60-2,designed_by,Guido van Rossum,wikipedia,https://en.wikipedia.org/wiki/Python_for_S60
pl/python-for-s60-2,first_appeared,2006,wikipedia,https://en.wikipedia.org/wiki/Python_for_S60
pl/python-for-s60-2,license,"Apache license, Python Software Foundation License",wikipedia,https://en.wikipedia.org/wiki/Python_for_S60
pl/python-for-s60-2,implementation_languages,C++,wikipedia,https://en.wikipedia.org/wiki/Python_for_S60
pl/python-for-s60-2,implementation_languages,Python,wikipedia,https://en.wikipedia.org/wiki/Python_for_S60
pl/python-for-s60-2,homepage,https://garage.maemo.org/projects/pys60/,wikipedia,https://en.wikipedia.org/wiki/Python_for_S60
pl/rtl-2-2,paradigms,multi-paradigm: imperative,wikipedia,https://en.wikipedia.org/wiki/RTL/2
pl/rtl-2-2,paradigms,structured,wikipedia,https://en.wikipedia.org/wiki/RTL/2
pl/rtl-2-2,paradigms,real-time,wikipedia,https://en.wikipedia.org/wiki/RTL/2
pl/rtl-2-2,typing,"static, strong, safe, structural",wikipedia,https://en.wikipedia.org/wiki/RTL/2
pl/rtl-2-2,designed_by,Imperial Chemical Industries,wikipedia,https://en.wikipedia.org/wiki/RTL/2
pl/rtl-2-2,designed_by,J.G.P. Barnes,wikipedia,https://en.wikipedia.org/wiki/RTL/2
pl/rtl-2-2,first_appeared,1972,wikipedia,https://en.wikipedia.org/wiki/RTL/2
pl/rtl-2-2,influenced_by,ALGOL 68,wikipedia,https://en.wikipedia.org/wiki/RTL/2
pl/risclua,paradigms,scripting language,wikipedia,https://en.wikipedia.org/wiki/RiscLua
pl/risclua,designed_by,Gavin Wraith,wikipedia,https://en.wikipedia.org/wiki/RiscLua
pl/risclua,first_appeared,2002,wikipedia,https://en.wikipedia.org/wiki/RiscLua
pl/risclua,homepage,http://www.wra1th.plus.com/lua/risclua.html,wikipedia,https://en.wikipedia.org/wiki/RiscLua
pl/rpal,paradigms,functional,wikipedia,https://en.wikipedia.org/wiki/PAL_(programming_language)
pl/rpal,paradigms,imperative,wikipedia,https://en.wikipedia.org/wiki/PAL_(programming_language)
pl/rpal,typing,dynamic,wikipedia,https://en.wikipedia.org/wiki/PAL_(programming_language)
pl/rpal,designed_by,Massachusetts Institute of Technology,wikipedia,https://en.wikipedia.org/wiki/PAL_(programming_language)
pl/rpal,designed_by,Original: Peter Landin,wikipedia,https://en.wikipedia.org/wiki/PAL_(programming_language)
pl/rpal,designed_by,James H. Morris,wikipedia,https://en.wikipedia.org/wiki/PAL_(programming_language)
pl/rpal,designed_by,Jr. Redesign: Martin Richards,wikipedia,https://en.wikipedia.org/wiki/PAL_(programming_language)
pl/rpal,designed_by,Thomas J. Barkalow,wikipedia,https://en.wikipedia.org/wiki/PAL_(programming_language)
pl/rpal,designed_by,Arthur Evans,wikipedia,https://en.wikipedia.org/wiki/PAL_(programming_language)
pl/rpal,designed_by,Jr,wikipedia,https://en.wikipedia.org/wiki/PAL_(programming_language)
pl/rpal,designed_by,Robert M. Graham,wikipedia,https://en.wikipedia.org/wiki/PAL_(programming_language)
pl/rpal,designed_by,James Morris,wikipedia,https://en.wikipedia.org/wiki/PAL_(programming_language)
pl/rpal,designed_by,John Wozencraft,wikipedia,https://en.wikipedia.org/wiki/PAL_(programming_language)
pl/rpal,first_appeared,1967,wikipedia,https://en.wikipedia.org/wiki/PAL_(programming_language)
pl/rpal,influenced_by,ISWIM,wikipedia,https://en.wikipedia.org/wiki/PAL_(programming_language)
pl/rpal,implementation_languages,Original: Lisp Redesign: BCPL,wikipedia,https://en.wikipedia.org/wiki/PAL_(programming_language)
pl/rpal,homepage,http://rpal.sourceforge.net,wikipedia,https://en.wikipedia.org/wiki/PAL_(programming_language)
pl/sac-programming-language-2,paradigms,array,wikipedia,https://en.wikipedia.org/wiki/SAC_programming_language
pl/sac-programming-language-2,paradigms,functional,wikipedia,https://en.wikipedia.org/wiki/SAC_programming_language
pl/sac-programming-language-2,typing,"static, strong",wikipedia,https://en.wikipedia.org/wiki/SAC_programming_language
pl/sac-programming-language-2,designed_by,SaC Research Group,wikipedia,https://en.wikipedia.org/wiki/SAC_programming_language
pl/sac-programming-language-2,designed_by,Sven-Bodo Scholz,wikipedia,https://en.wikipedia.org/wiki/SAC_programming_language
pl/sac-programming-language-2,designed_by,Clemens Grelck,wikipedia,https://en.wikipedia.org/wiki/SAC_programming_language
pl/sac-programming-language-2,designed_by,et al,wikipedia,https://en.wikipedia.org/wiki/SAC_programming_language
pl/sac-programming-language-2,first_appeared,1994,wikipedia,https://en.wikipedia.org/wiki/SAC_programming_language
pl/sac-programming-language-2,influenced_by,APL,wikipedia,https://en.wikipedia.org/wiki/SAC_programming_language
pl/sac-programming-language-2,influenced_by,SISAL,wikipedia,https://en.wikipedia.org/wiki/SAC_programming_language
pl/sac-programming-language-2,influenced_by,C,wikipedia,https://en.wikipedia.org/wiki/SAC_programming_language
pl/sac-programming-language-2,license,Free software,wikipedia,https://en.wikipedia.org/wiki/SAC_programming_language
pl/sac-programming-language-2,implementation_languages,C,wikipedia,https://en.wikipedia.org/wiki/SAC_programming_language
pl/sac-programming-language-2,implementation_languages,SAC,wikipedia,https://en.wikipedia.org/wiki/SAC_programming_language
pl/sac-programming-language-2,homepage,http://www.sac-home.org,wikipedia,https://en.wikipedia.org/wiki/SAC_programming_language
pl/sicstus-prolog,designed_by,RISE SICS,wikipedia,https://en.wikipedia.org/wiki/SICStus_Prolog
pl/sicstus-prolog,first_appeared,1986,wikipedia,https://en.wikipedia.org/wiki/SICStus_Prolog
pl/sicstus-prolog,license,Proprietary,wikipedia,https://en.wikipedia.org/wiki/SICStus_Prolog
pl/sicstus-prolog,homepage,https://sicstus.sics.se/,wikipedia,https://en.wikipedia.org/wiki/SICStus_Prolog
pl/sp-k-2,paradigms,structured,wikipedia,https://en.wikipedia.org/wiki/SP/k
pl/sp-k-2,paradigms,imperative,wikipedia,https://en.wikipedia.org/wiki/SP/k
pl/sp-k-2,typing,"static, strong",wikipedia,https://en.wikipedia.org/wiki/SP/k
pl/sp-k-2,designed_by,R.C. Holt,wikipedia,https://en.wikipedia.org/wiki/SP/k
pl/sp-k-2,designed_by,D.B. Wortman,wikipedia,https://en.wikipedia.org/wiki/SP/k
pl/sp-k-2,designed_by,D.T. Barnard,wikipedia,https://en.wikipedia.org/wiki/SP/k
pl/sp-k-2,designed_by,J.R. Cordy,wikipedia,https://en.wikipedia.org/wiki/SP/k
pl/sp-k-2,first_appeared,1974,wikipedia,https://en.wikipedia.org/wiki/SP/k
pl/sp-k-2,influenced_by,PL/I,wikipedia,https://en.wikipedia.org/wiki/SP/k
pl/sense,paradigms,object-oriented,wikipedia,https://en.wikipedia.org/wiki/Sense_(programming)
pl/sense,paradigms,educational,wikipedia,https://en.wikipedia.org/wiki/Sense_(programming)
pl/sense,paradigms,event-driven,wikipedia,https://en.wikipedia.org/wiki/Sense_(programming)
pl/sense,typing,dynamic,wikipedia,https://en.wikipedia.org/wiki/Sense_(programming)
pl/sense,designed_by,The Open University,wikipedia,https://en.wikipedia.org/wiki/Sense_(programming)
pl/sense,first_appeared,2008,wikipedia,https://en.wikipedia.org/wiki/Sense_(programming)
pl/sense,influenced_by,Scratch,wikipedia,https://en.wikipedia.org/wiki/Sense_(programming)
pl/sense,implementation_languages,Squeak,wikipedia,https://en.wikipedia.org/wiki/Sense_(programming)
pl/sense,homepage,http://sense.open.ac.uk,wikipedia,https://en.wikipedia.org/wiki/Sense_(programming)
pl/superpascal,paradigms,concurrent,wikipedia,https://en.wikipedia.org/wiki/SuperPascal
pl/superpascal,paradigms,imperative,wikipedia,https://en.wikipedia.org/wiki/SuperPascal
pl/superpascal,paradigms,structured,wikipedia,https://en.wikipedia.org/wiki/SuperPascal
pl/superpascal,typing,strong,wikipedia,https://en.wikipedia.org/wiki/SuperPascal
pl/superpascal,designed_by,Per Brinch Hansen,wikipedia,https://en.wikipedia.org/wiki/SuperPascal
pl/superpascal,first_appeared,1993,wikipedia,https://en.wikipedia.org/wiki/SuperPascal
pl/superpascal,influenced_by,Communicating sequential processes,wikipedia,https://en.wikipedia.org/wiki/SuperPascal
pl/superpascal,influenced_by,Pascal,wikipedia,https://en.wikipedia.org/wiki/SuperPascal
pl/superpascal,influenced_by,Concurrent Pascal,wikipedia,https://en.wikipedia.org/wiki/SuperPascal
pl/superpascal,influenced_by,Joyce,wikipedia,https://en.wikipedia.org/wiki/SuperPascal
pl/superpascal,influenced_by,occam,wikipedia,https://en.wikipedia.org/wiki/SuperPascal
pl/superpascal,homepage,http://brinch-hansen.net,wikipedia,https://en.wikipedia.org/wiki/SuperPascal
pl/stencyl,designed_by,Jonathan Chung,wikipedia,https://en.wikipedia.org/wiki/Stencyl
pl/stencyl,first_appeared,2011,wikipedia,https://en.wikipedia.org/wiki/Stencyl
pl/stencyl,license,Proprietary commercial software (tool) / MIT License (engine),wikipedia,https://en.wikipedia.org/wiki/Stencyl
pl/stencyl,homepage,http://stencyl.com,wikipedia,https://en.wikipedia.org/wiki/Stencyl
pl/systembuilder-sb,first_appeared,1985,wikipedia,https://en.wikipedia.org/wiki/SystemBuilder/SB%2B
pl/systembuilder-sb,license,Proprietary software,wikipedia,https://en.wikipedia.org/wiki/SystemBuilder/SB%2B
pl/systembuilder-sb,homepage,http://www.rocketsoftware.com/u2/products/sbxa,wikipedia,https://en.wikipedia.org/wiki/SystemBuilder/SB%2B
pl/tomview,license,Proprietary,wikipedia,https://en.wikipedia.org/wiki/TOMVIEW
pl/tomview,homepage,http://tomopt.com/tomview/,wikipedia,https://en.wikipedia.org/wiki/TOMVIEW
pl/trade-space-visualizer,designed_by,Mike Yukish,wikipedia,https://en.wikipedia.org/wiki/Trade_Space_Visualizer
pl/trade-space-visualizer,designed_by,Gary Stump,wikipedia,https://en.wikipedia.org/wiki/Trade_Space_Visualizer
pl/trade-space-visualizer,designed_by,Tim Simpson,wikipedia,https://en.wikipedia.org/wiki/Trade_Space_Visualizer
pl/trade-space-visualizer,designed_by,Sara Lego,wikipedia,https://en.wikipedia.org/wiki/Trade_Space_Visualizer
pl/trade-space-visualizer,designed_by,John O'Hara,wikipedia,https://en.wikipedia.org/wiki/Trade_Space_Visualizer
pl/trade-space-visualizer,first_appeared,2010,wikipedia,https://en.wikipedia.org/wiki/Trade_Space_Visualizer
pl/trade-space-visualizer,homepage,http://www.atsv.psu.edu/,wikipedia,https://en.wikipedia.org/wiki/Trade_Space_Visualizer
pl/udo,paradigms,lightweight markup language,wikipedia,https://en.wikipedia.org/wiki/UDO_(markup_language)
pl/udo,license,GNU General Public License,wikipedia,https://en.wikipedia.org/wiki/UDO_(markup_language)
pl/udo,homepage,http://www.udo-open-source.org/index.php?lan=en,wikipedia,https://en.wikipedia.org/wiki/UDO_(markup_language)
pl/vax-macro,paradigms,non-structured,wikipedia,https://en.wikipedia.org/wiki/VAX_MACRO
pl/vax-macro,paradigms,imperative,wikipedia,https://en.wikipedia.org/wiki/VAX_MACRO
pl/vax-macro,typing,untyped,wikipedia,https://en.wikipedia.org/wiki/VAX_MACRO
pl/vax-macro,designed_by,Digital Equipment Corporation,wikipedia,https://en.wikipedia.org/wiki/VAX_MACRO
pl/vax-macro,first_appeared,1977,wikipedia,https://en.wikipedia.org/wiki/VAX_MACRO
pl/vax-macro,influenced_by,MACRO-11,wikipedia,https://en.wikipedia.org/wiki/VAX_MACRO
pl/vax-macro,implementation_languages,assembly language,wikipedia,https://en.wikipedia.org/wiki/VAX_MACRO
pl/extensible-hypertext-markup-language-resource-description-framework-in-attributes,designed_by,World Wide Web Consortium,wikipedia,https://en.wikipedia.org/wiki/XHTML%2BRDFa
pl/extensible-hypertext-markup-language-resource-description-framework-in-attributes,first_appeared,2008,wikipedia,https://en.wikipedia.org/wiki/XHTML%2BRDFa
pl/ys-megabasic,designed_by,Mike Leaman,wikipedia,https://en.wikipedia.org/wiki/YS_MegaBasic
pl/ys-megabasic,first_appeared,1984,wikipedia,https://en.wikipedia.org/wiki/YS_MegaBasic
pl/ys-megabasic,license,Proprietary,wikipedia,https://en.wikipedia.org/wiki/YS_MegaBasic
pl/advpl,designed_by,TOTVS,wikipedia,https://en.wikipedia.org/wiki/AdvPL
pl/advpl,influenced_by,xBase,wikipedia,https://en.wikipedia.org/wiki/AdvPL
pl/easy-programming-language,paradigms,multi-paradigm: compiled,wikipedia,https://en.wikipedia.org/wiki/Easy_Programming_Language
pl/easy-programming-language,paradigms,imperative,wikipedia,https://en.wikipedia.org/wiki/Easy_Programming_Language
pl/easy-programming-language,paradigms,procedural,wikipedia,https://en.wikipedia.org/wiki/Easy_Programming_Language
pl/easy-programming-language,paradigms,object-oriented,wikipedia,https://en.wikipedia.org/wiki/Easy_Programming_Language
pl/easy-programming-language,paradigms,functional,wikipedia,https://en.wikipedia.org/wiki/Easy_Programming_Language
pl/easy-programming-language,designed_by,The Easy Programming Language Company,wikipedia,https://en.wikipedia.org/wiki/Easy_Programming_Language
pl/easy-programming-language,first_appeared,2004,wikipedia,https://en.wikipedia.org/wiki/Easy_Programming_Language
pl/easy-programming-language,license,Proprietary software,wikipedia,https://en.wikipedia.org/wiki/Easy_Programming_Language
pl/easy-programming-language,homepage,http://epl.eyuyan.com/,wikipedia,https://en.wikipedia.org/wiki/Easy_Programming_Language
pl/asm-js,designed_by,Mozilla,wikipedia,https://en.wikipedia.org/wiki/Asm.js
pl/asm-js,first_appeared,2013,wikipedia,https://en.wikipedia.org/wiki/Asm.js
pl/asm-js,influenced_by,JavaScript,wikipedia,https://en.wikipedia.org/wiki/Asm.js
pl/asm-js,homepage,http://asmjs.org,wikipedia,https://en.wikipedia.org/wiki/Asm.js
pl/sampl,paradigms,multi-paradigm: declarative,wikipedia,https://en.wikipedia.org/wiki/SAMPL
pl/sampl,paradigms,imperative,wikipedia,https://en.wikipedia.org/wiki/SAMPL
pl/sampl,designed_by,Gautam Mitra,wikipedia,https://en.wikipedia.org/wiki/SAMPL
pl/sampl,designed_by,Enza Messina,wikipedia,https://en.wikipedia.org/wiki/SAMPL
pl/sampl,designed_by,Valente Patrick,wikipedia,https://en.wikipedia.org/wiki/SAMPL
pl/sampl,first_appeared,2001,wikipedia,https://en.wikipedia.org/wiki/SAMPL
pl/sampl,influenced_by,AMPL,wikipedia,https://en.wikipedia.org/wiki/SAMPL
pl/sampl,license,Proprietary,wikipedia,https://en.wikipedia.org/wiki/SAMPL
pl/sampl,homepage,http://www.optirisk-systems.com,wikipedia,https://en.wikipedia.org/wiki/SAMPL
pl/pascal-script-2,paradigms,procedural,wikipedia,https://en.wikipedia.org/wiki/Pascal_Script
pl/pascal-script-2,paradigms,object-oriented,wikipedia,https://en.wikipedia.org/wiki/Pascal_Script
pl/pascal-script-2,paradigms,scripting,wikipedia,https://en.wikipedia.org/wiki/Pascal_Script
pl/pascal-script-2,typing,strong,wikipedia,https://en.wikipedia.org/wiki/Pascal_Script
pl/pascal-script-2,designed_by,Carlo Kok,wikipedia,https://en.wikipedia.org/wiki/Pascal_Script
pl/pascal-script-2,designed_by,Innerfuse,wikipedia,https://en.wikipedia.org/wiki/Pascal_Script
pl/pascal-script-2,designed_by,RemObjects,wikipedia,https://en.wikipedia.org/wiki/Pascal_Script
pl/pascal-script-2,designed_by,Lazarus,wikipedia,https://en.wikipedia.org/wiki/Pascal_Script
pl/pascal-script-2,designed_by,Free Pascal teams,wikipedia,https://en.wikipedia.org/wiki/Pascal_Script
pl/pascal-script-2,first_appeared,2000,wikipedia,https://en.wikipedia.org/wiki/Pascal_Script
pl/pascal-script-2,influenced_by,Pascal,wikipedia,https://en.wikipedia.org/wiki/Pascal_Script
pl/pascal-script-2,influenced_by,Object Pascal,wikipedia,https://en.wikipedia.org/wiki/Pascal_Script
pl/pascal-script-2,license,Custom open-source license,wikipedia,https://en.wikipedia.org/wiki/Pascal_Script
pl/programming-with-big-data-in-r,paradigms,spmd,wikipedia,https://en.wikipedia.org/wiki/Programming_with_Big_Data_in_R
pl/programming-with-big-data-in-r,paradigms,mpmd,wikipedia,https://en.wikipedia.org/wiki/Programming_with_Big_Data_in_R
pl/programming-with-big-data-in-r,typing,dynamic,wikipedia,https://en.wikipedia.org/wiki/Programming_with_Big_Data_in_R
pl/programming-with-big-data-in-r,designed_by,pbdR Core Team,wikipedia,https://en.wikipedia.org/wiki/Programming_with_Big_Data_in_R
pl/programming-with-big-data-in-r,designed_by,Wei-Chen Chen,wikipedia,https://en.wikipedia.org/wiki/Programming_with_Big_Data_in_R
pl/programming-with-big-data-in-r,designed_by,George Ostrouchov,wikipedia,https://en.wikipedia.org/wiki/Programming_with_Big_Data_in_R
pl/programming-with-big-data-in-r,designed_by,Pragneshkumar Patel,wikipedia,https://en.wikipedia.org/wiki/Programming_with_Big_Data_in_R
pl/programming-with-big-data-in-r,designed_by,and Drew Schmidt,wikipedia,https://en.wikipedia.org/wiki/Programming_with_Big_Data_in_R
pl/programming-with-big-data-in-r,first_appeared,2012,wikipedia,https://en.wikipedia.org/wiki/Programming_with_Big_Data_in_R
pl/programming-with-big-data-in-r,influenced_by,R,wikipedia,https://en.wikipedia.org/wiki/Programming_with_Big_Data_in_R
pl/programming-with-big-data-in-r,influenced_by,C,wikipedia,https://en.wikipedia.org/wiki/Programming_with_Big_Data_in_R
pl/programming-with-big-data-in-r,influenced_by,Fortran,wikipedia,https://en.wikipedia.org/wiki/Programming_with_Big_Data_in_R
pl/programming-with-big-data-in-r,influenced_by,MPI,wikipedia,https://en.wikipedia.org/wiki/Programming_with_Big_Data_in_R
pl/programming-with-big-data-in-r,influenced_by,and ØMQ,wikipedia,https://en.wikipedia.org/wiki/Programming_with_Big_Data_in_R
pl/programming-with-big-data-in-r,license,General Public License and Mozilla Public License,wikipedia,https://en.wikipedia.org/wiki/Programming_with_Big_Data_in_R
pl/programming-with-big-data-in-r,homepage,http://www.r-pbd.org,wikipedia,https://en.wikipedia.org/wiki/Programming_with_Big_Data_in_R
pl/potterswheel,first_appeared,2006,wikipedia,https://en.wikipedia.org/wiki/PottersWheel
pl/potterswheel,license,Free trial license,wikipedia,https://en.wikipedia.org/wiki/PottersWheel
pl/potterswheel,homepage,http://www.potterswheel.de/,wikipedia,https://en.wikipedia.org/wiki/PottersWheel
pl/pyomo,designed_by,Gabriel Hackebeil William E. Hart Carl Laird Bethany Nicholson John Siirola Jean-Paul Watson David Woodruff,wikipedia,https://en.wikipedia.org/wiki/Pyomo
pl/pyomo,first_appeared,2008,wikipedia,https://en.wikipedia.org/wiki/Pyomo
pl/pyomo,influenced_by,Python,wikipedia,https://en.wikipedia.org/wiki/Pyomo
pl/pyomo,influenced_by,AMPL,wikipedia,https://en.wikipedia.org/wiki/Pyomo
pl/pyomo,influenced_by,General Algebraic Modeling System,wikipedia,https://en.wikipedia.org/wiki/Pyomo
pl/pyomo,license,BSD license,wikipedia,https://en.wikipedia.org/wiki/Pyomo
pl/pyomo,homepage,https://www.pyomo.org,wikipedia,https://en.wikipedia.org/wiki/Pyomo
pl/dadisp,paradigms,multi-paradigm: imperative,wikipedia,https://en.wikipedia.org/wiki/DADiSP
pl/dadisp,paradigms,procedural,wikipedia,https://en.wikipedia.org/wiki/DADiSP
pl/dadisp,paradigms,object-oriented,wikipedia,https://en.wikipedia.org/wiki/DADiSP
pl/dadisp,paradigms,array,wikipedia,https://en.wikipedia.org/wiki/DADiSP
pl/dadisp,typing,"dynamic, weak",wikipedia,https://en.wikipedia.org/wiki/DADiSP
pl/dadisp,designed_by,DSP Development Corporation,wikipedia,https://en.wikipedia.org/wiki/DADiSP
pl/dadisp,designed_by,Randy Race,wikipedia,https://en.wikipedia.org/wiki/DADiSP
pl/dadisp,first_appeared,late 1990s,wikipedia,https://en.wikipedia.org/wiki/DADiSP
pl/dadisp,influenced_by,APL,wikipedia,https://en.wikipedia.org/wiki/DADiSP
pl/dadisp,influenced_by,C,wikipedia,https://en.wikipedia.org/wiki/DADiSP
pl/dadisp,influenced_by,C++,wikipedia,https://en.wikipedia.org/wiki/DADiSP
pl/dadisp,license,Proprietary commercial software,wikipedia,https://en.wikipedia.org/wiki/DADiSP
pl/dadisp,homepage,http://www.dadisp.com,wikipedia,https://en.wikipedia.org/wiki/DADiSP
pl/beerxml,homepage,http://www.beerxml.com,wikipedia,https://en.wikipedia.org/wiki/BeerXML
pl/journal-article-tag-suite,designed_by,National Center for Biotechnology Information,wikipedia,https://en.wikipedia.org/wiki/Journal_Article_Tag_Suite
pl/journal-article-tag-suite,designed_by,National Information Standards Organization,wikipedia,https://en.wikipedia.org/wiki/Journal_Article_Tag_Suite
pl/journal-article-tag-suite,homepage,http://jats.nlm.nih.gov,wikipedia,https://en.wikipedia.org/wiki/Journal_Article_Tag_Suite
pl/eli,paradigms,array,wikipedia,https://en.wikipedia.org/wiki/ELI_(programming_language)
pl/eli,typing,dynamic,wikipedia,https://en.wikipedia.org/wiki/ELI_(programming_language)
pl/eli,designed_by,Hanfeng Chen (Rapidsoft),wikipedia,https://en.wikipedia.org/wiki/ELI_(programming_language)
pl/eli,designed_by,Wai-Mee Ching,wikipedia,https://en.wikipedia.org/wiki/ELI_(programming_language)
pl/eli,first_appeared,2011,wikipedia,https://en.wikipedia.org/wiki/ELI_(programming_language)
pl/eli,influenced_by,APL,wikipedia,https://en.wikipedia.org/wiki/ELI_(programming_language)
pl/eli,influenced_by,Q,wikipedia,https://en.wikipedia.org/wiki/ELI_(programming_language)
pl/eli,license,Freeware,wikipedia,https://en.wikipedia.org/wiki/ELI_(programming_language)
pl/eli,implementation_languages,C++,wikipedia,https://en.wikipedia.org/wiki/ELI_(programming_language)
pl/eli,implementation_languages,Qt,wikipedia,https://en.wikipedia.org/wiki/ELI_(programming_language)
pl/eli,homepage,http://fastarray.appspot.com,wikipedia,https://en.wikipedia.org/wiki/ELI_(programming_language)
pl/windows-app-studio,designed_by,Microsoft,wikipedia,https://en.wikipedia.org/wiki/Windows_App_Studio
pl/windows-app-studio,homepage,https://appstudio.windows.com,wikipedia,https://en.wikipedia.org/wiki/Windows_App_Studio
pl/structured-audio-orchestra-language,paradigms,imperative,wikipedia,https://en.wikipedia.org/wiki/Structured_Audio_Orchestra_Language
pl/structured-audio-orchestra-language,first_appeared,1999,wikipedia,https://en.wikipedia.org/wiki/Structured_Audio_Orchestra_Language
pl/structured-audio-orchestra-language,homepage,http://www.saol.net/,wikipedia,https://en.wikipedia.org/wiki/Structured_Audio_Orchestra_Language
pl/simulation-experiment-description-markup-language,first_appeared,2011,wikipedia,https://en.wikipedia.org/wiki/SED-ML
pl/simulation-experiment-description-markup-language,homepage,http://sed-ml.org/,wikipedia,https://en.wikipedia.org/wiki/SED-ML
pl/scratchjr,designed_by,MIT Media Lab,wikipedia,https://en.wikipedia.org/wiki/ScratchJr
pl/scratchjr,first_appeared,2014,wikipedia,https://en.wikipedia.org/wiki/ScratchJr
pl/scratchjr,homepage,http://www.scratchjr.org,wikipedia,https://en.wikipedia.org/wiki/ScratchJr
pl/visual-logic-2,paradigms,structured,wikipedia,https://en.wikipedia.org/wiki/Visual_Logic
pl/visual-logic-2,paradigms,imperative,wikipedia,https://en.wikipedia.org/wiki/Visual_Logic
pl/visual-logic-2,typing,weak,wikipedia,https://en.wikipedia.org/wiki/Visual_Logic
pl/visual-logic-2,influenced_by,Flowcharts,wikipedia,https://en.wikipedia.org/wiki/Visual_Logic
pl/visual-logic-2,license,Proprietary license,wikipedia,https://en.wikipedia.org/wiki/Visual_Logic
pl/visual-logic-2,homepage,http://www.visuallogic.org,wikipedia,https://en.wikipedia.org/wiki/Visual_Logic
pl/open-shading-language-2,designed_by,Academy Software Foundation,wikipedia,https://en.wikipedia.org/wiki/Open_Shading_Language
pl/open-shading-language-2,license,BSD license 3-clause,wikipedia,https://en.wikipedia.org/wiki/Open_Shading_Language
pl/open-shading-language-2,homepage,https://github.com/AcademySoftwareFoundation/OpenShadingLanguage,wikipedia,https://en.wikipedia.org/wiki/Open_Shading_Language
pl/pl-6,paradigms,procedural,wikipedia,https://en.wikipedia.org/wiki/PL-6
pl/pl-6,designed_by,Honeywell,wikipedia,https://en.wikipedia.org/wiki/PL-6
pl/pl-6,designed_by,Inc,wikipedia,https://en.wikipedia.org/wiki/PL-6
pl/pl-6,influenced_by,PL/I,wikipedia,https://en.wikipedia.org/wiki/PL-6
pl/open-roberta,paradigms,event-driven,wikipedia,https://en.wikipedia.org/wiki/Open_Roberta
pl/open-roberta,paradigms,imperative,wikipedia,https://en.wikipedia.org/wiki/Open_Roberta
pl/open-roberta,typing,dynamic,wikipedia,https://en.wikipedia.org/wiki/Open_Roberta
pl/open-roberta,designed_by,Fraunhofer IAIS,wikipedia,https://en.wikipedia.org/wiki/Open_Roberta
pl/open-roberta,designed_by,Media Engineering Department,wikipedia,https://en.wikipedia.org/wiki/Open_Roberta
pl/open-roberta,designed_by,Beate Jost,wikipedia,https://en.wikipedia.org/wiki/Open_Roberta
pl/open-roberta,designed_by,Reinhard Budde,wikipedia,https://en.wikipedia.org/wiki/Open_Roberta
pl/open-roberta,designed_by,Thorsten Leimbach,wikipedia,https://en.wikipedia.org/wiki/Open_Roberta
pl/open-roberta,designed_by,Achim Kapusta,wikipedia,https://en.wikipedia.org/wiki/Open_Roberta
pl/open-roberta,first_appeared,2013,wikipedia,https://en.wikipedia.org/wiki/Open_Roberta
pl/open-roberta,influenced_by,Scratch,wikipedia,https://en.wikipedia.org/wiki/Open_Roberta
pl/open-roberta,influenced_by,Blockly,wikipedia,https://en.wikipedia.org/wiki/Open_Roberta
pl/open-roberta,license,Apache License 2,wikipedia,https://en.wikipedia.org/wiki/Open_Roberta
pl/open-roberta,implementation_languages,Java,wikipedia,https://en.wikipedia.org/wiki/Open_Roberta
pl/open-roberta,implementation_languages,JavaScript,wikipedia,https://en.wikipedia.org/wiki/Open_Roberta
pl/open-roberta,implementation_languages,HTML (NEPO),wikipedia,https://en.wikipedia.org/wiki/Open_Roberta
pl/open-roberta,homepage,http://www.open-roberta.org,wikipedia,https://en.wikipedia.org/wiki/Open_Roberta
pl/optimization-programming-language-2,paradigms,algebraic modeling,wikipedia,https://en.wikipedia.org/wiki/Optimization_Programming_Language
pl/optimization-programming-language-2,paradigms,constraint,wikipedia,https://en.wikipedia.org/wiki/Optimization_Programming_Language
pl/optimization-programming-language-2,paradigms,constraint logic,wikipedia,https://en.wikipedia.org/wiki/Optimization_Programming_Language
pl/optimization-programming-language-2,typing,"strong, static",wikipedia,https://en.wikipedia.org/wiki/Optimization_Programming_Language
pl/optimization-programming-language-2,designed_by,IBM (originally ILOG),wikipedia,https://en.wikipedia.org/wiki/Optimization_Programming_Language
pl/optimization-programming-language-2,designed_by,Pascal Van Hentenryck,wikipedia,https://en.wikipedia.org/wiki/Optimization_Programming_Language
pl/optimization-programming-language-2,first_appeared,1998,wikipedia,https://en.wikipedia.org/wiki/Optimization_Programming_Language
pl/optimization-programming-language-2,license,Proprietary,wikipedia,https://en.wikipedia.org/wiki/Optimization_Programming_Language
pl/optimization-programming-language-2,homepage,https://www.ibm.com/products/ilog-cplex-optimization-studio,wikipedia,https://en.wikipedia.org/wiki/Optimization_Programming_Language
pl/abbreviated-language-for-authorization,paradigms,declarative,wikipedia,https://en.wikipedia.org/wiki/Abbreviated_Language_for_Authorization
pl/abbreviated-language-for-authorization,designed_by,Axiomatics,wikipedia,https://en.wikipedia.org/wiki/Abbreviated_Language_for_Authorization
pl/abbreviated-language-for-authorization,designed_by,Pablo Giambiagi,wikipedia,https://en.wikipedia.org/wiki/Abbreviated_Language_for_Authorization
pl/abbreviated-language-for-authorization,designed_by,David Brossard,wikipedia,https://en.wikipedia.org/wiki/Abbreviated_Language_for_Authorization
pl/abbreviated-language-for-authorization,first_appeared,2012,wikipedia,https://en.wikipedia.org/wiki/Abbreviated_Language_for_Authorization
pl/abbreviated-language-for-authorization,influenced_by,XML,wikipedia,https://en.wikipedia.org/wiki/Abbreviated_Language_for_Authorization
pl/abbreviated-language-for-authorization,influenced_by,XACML,wikipedia,https://en.wikipedia.org/wiki/Abbreviated_Language_for_Authorization
pl/abbreviated-language-for-authorization,homepage,https://alfa.guide,wikipedia,https://en.wikipedia.org/wiki/Abbreviated_Language_for_Authorization
pl/dup-programming-language,paradigms,functional,wikipedia,https://en.wikipedia.org/wiki/DUP_programming_language
pl/dup-programming-language,paradigms,interpreted,wikipedia,https://en.wikipedia.org/wiki/DUP_programming_language
pl/dup-programming-language,first_appeared,1990s,wikipedia,https://en.wikipedia.org/wiki/DUP_programming_language
pl/dup-programming-language,license,Proprietary,wikipedia,https://en.wikipedia.org/wiki/DUP_programming_language
pl/waterml,designed_by,Open Geospatial Consortium,wikipedia,https://en.wikipedia.org/wiki/WaterML
pl/quakeml,designed_by,Swiss Seismological Service,wikipedia,https://en.wikipedia.org/wiki/QuakeML
pl/quakeml,designed_by,GFZ,wikipedia,https://en.wikipedia.org/wiki/QuakeML
pl/quakeml,designed_by,USGS,wikipedia,https://en.wikipedia.org/wiki/QuakeML
pl/quakeml,designed_by,University of Washington,wikipedia,https://en.wikipedia.org/wiki/QuakeML
pl/quakeml,designed_by,KNMI,wikipedia,https://en.wikipedia.org/wiki/QuakeML
pl/quakeml,designed_by,EMSC,wikipedia,https://en.wikipedia.org/wiki/QuakeML
pl/quakeml,first_appeared,2004,wikipedia,https://en.wikipedia.org/wiki/QuakeML
pl/pl-8,designed_by,IBM,wikipedia,https://en.wikipedia.org/wiki/PL.8
pl/openmodelica,designed_by,Open Source Modelica Consortium (OSMC),wikipedia,https://en.wikipedia.org/wiki/OpenModelica
pl/openmodelica,license,"OSMC Public License, EPL, GPL (free software)",wikipedia,https://en.wikipedia.org/wiki/OpenModelica
pl/openmodelica,homepage,https://www.openmodelica.org,wikipedia,https://en.wikipedia.org/wiki/OpenModelica
pl/xlnt,designed_by,Advanced Systems Concepts,wikipedia,https://en.wikipedia.org/wiki/XLNT
pl/xlnt,designed_by,Inc,wikipedia,https://en.wikipedia.org/wiki/XLNT
pl/xlnt,first_appeared,1997,wikipedia,https://en.wikipedia.org/wiki/XLNT
pl/xlnt,influenced_by,DCL,wikipedia,https://en.wikipedia.org/wiki/XLNT
pl/disk-extended-color-basic,designed_by,Microsoft,wikipedia,https://en.wikipedia.org/wiki/Disk_Extended_Color_BASIC
pl/cs-4,typing,unknown,wikipedia,https://en.wikipedia.org/wiki/CS-4_(programming_language)
pl/cs-4,designed_by,Intermetrics,wikipedia,https://en.wikipedia.org/wiki/CS-4_(programming_language)
pl/cs-4,designed_by,Inc,wikipedia,https://en.wikipedia.org/wiki/CS-4_(programming_language)
pl/cs-4,first_appeared,1973,wikipedia,https://en.wikipedia.org/wiki/CS-4_(programming_language)
pl/cs-4,influenced_by,unknown,wikipedia,https://en.wikipedia.org/wiki/CS-4_(programming_language)
pl/earsketch,designed_by,Georgia Institute of Technology,wikipedia,https://en.wikipedia.org/wiki/EarSketch
pl/earsketch,homepage,https://earsketch.gatech.edu,wikipedia,https://en.wikipedia.org/wiki/EarSketch
pl/tla-2,paradigms,action,wikipedia,https://en.wikipedia.org/wiki/TLA%2B
pl/tla-2,designed_by,Hewlett-Packard,wikipedia,https://en.wikipedia.org/wiki/TLA%2B
pl/tla-2,designed_by,Microsoft,wikipedia,https://en.wikipedia.org/wiki/TLA%2B
pl/tla-2,designed_by,Leslie Lamport,wikipedia,https://en.wikipedia.org/wiki/TLA%2B
pl/tla-2,first_appeared,2010,wikipedia,https://en.wikipedia.org/wiki/TLA%2B
pl/tla-2,license,MIT License,wikipedia,https://en.wikipedia.org/wiki/TLA%2B
pl/tla-2,implementation_languages,Java,wikipedia,https://en.wikipedia.org/wiki/TLA%2B
pl/tla-2,homepage,http://research.microsoft.com/en-us/um/people/lamport/tla/toolbox.html,wikipedia,https://en.wikipedia.org/wiki/TLA%2B
pl/ixi-lang,homepage,http://www.ixi-software.net/,wikipedia,https://en.wikipedia.org/wiki/Ixi_lang
pl/viple,paradigms,service oriented,wikipedia,https://en.wikipedia.org/wiki/VIPLE
pl/viple,paradigms,visual,wikipedia,https://en.wikipedia.org/wiki/VIPLE
pl/viple,paradigms,workflow application,wikipedia,https://en.wikipedia.org/wiki/VIPLE
pl/viple,designed_by,Arizona State University,wikipedia,https://en.wikipedia.org/wiki/VIPLE
pl/viple,first_appeared,2014,wikipedia,https://en.wikipedia.org/wiki/VIPLE
pl/viple,influenced_by,Microsoft Visual Programming Language,wikipedia,https://en.wikipedia.org/wiki/VIPLE
pl/aimaco,paradigms,imperative,wikipedia,https://en.wikipedia.org/wiki/AIMACO
pl/aimaco,first_appeared,1959,wikipedia,https://en.wikipedia.org/wiki/AIMACO
pl/aimaco,influenced_by,FLOW-MATIC,wikipedia,https://en.wikipedia.org/wiki/AIMACO
pl/aimaco,influenced_by,COMTRAN,wikipedia,https://en.wikipedia.org/wiki/AIMACO
pl/level-i-basic,designed_by,Steve Leininger,wikipedia,https://en.wikipedia.org/wiki/Level_I_BASIC
pl/level-i-basic,first_appeared,1977,wikipedia,https://en.wikipedia.org/wiki/Level_I_BASIC
pl/level-i-basic,influenced_by,Tiny BASIC,wikipedia,https://en.wikipedia.org/wiki/Level_I_BASIC
pl/level-i-basic,influenced_by,Palo Alto Tiny BASIC,wikipedia,https://en.wikipedia.org/wiki/Level_I_BASIC
pl/sycl,designed_by,Khronos Group,wikipedia,https://en.wikipedia.org/wiki/SYCL
pl/sycl,first_appeared,2014,wikipedia,https://en.wikipedia.org/wiki/SYCL
pl/sycl,homepage,https://www.khronos.org/sycl/,wikipedia,https://en.wikipedia.org/wiki/SYCL
pl/catrobat,typing,dynamic,wikipedia,https://en.wikipedia.org/wiki/Catrobat
pl/catrobat,designed_by,Wolfgang Slany,wikipedia,https://en.wikipedia.org/wiki/Catrobat
pl/catrobat,first_appeared,2010,wikipedia,https://en.wikipedia.org/wiki/Catrobat
pl/catrobat,influenced_by,Scratch (programming language),wikipedia,https://en.wikipedia.org/wiki/Catrobat
pl/catrobat,license,GNU Affero General Public License,wikipedia,https://en.wikipedia.org/wiki/Catrobat
pl/catrobat,homepage,https://catrobat.org,wikipedia,https://en.wikipedia.org/wiki/Catrobat
pl/google-forms,designed_by,Google,wikipedia,https://en.wikipedia.org/wiki/Google_Forms
pl/google-forms,homepage,https://docs.google.com/forms,wikipedia,https://en.wikipedia.org/wiki/Google_Forms
pl/agentcubes,paradigms,object-oriented,wikipedia,https://en.wikipedia.org/wiki/AgentCubes
pl/agentcubes,paradigms,educational,wikipedia,https://en.wikipedia.org/wiki/AgentCubes
pl/agentcubes,paradigms,conversational,wikipedia,https://en.wikipedia.org/wiki/AgentCubes
pl/agentcubes,designed_by,Alexander Repenning,wikipedia,https://en.wikipedia.org/wiki/AgentCubes
pl/agentcubes,first_appeared,2006,wikipedia,https://en.wikipedia.org/wiki/AgentCubes
pl/agentcubes,influenced_by,AgentSheets,wikipedia,https://en.wikipedia.org/wiki/AgentCubes
pl/agentcubes,influenced_by,Lisp,wikipedia,https://en.wikipedia.org/wiki/AgentCubes
pl/agentcubes,influenced_by,Logo,wikipedia,https://en.wikipedia.org/wiki/AgentCubes
pl/agentcubes,influenced_by,Smalltalk,wikipedia,https://en.wikipedia.org/wiki/AgentCubes
pl/agentcubes,license,proprietary,wikipedia,https://en.wikipedia.org/wiki/AgentCubes
pl/agentcubes,homepage,http://agentsheets.com,wikipedia,https://en.wikipedia.org/wiki/AgentCubes
pl/el-76,paradigms,applied,wikipedia,https://en.wikipedia.org/wiki/El-76
pl/el-76,paradigms,structured,wikipedia,https://en.wikipedia.org/wiki/El-76
pl/el-76,paradigms,task management,wikipedia,https://en.wikipedia.org/wiki/El-76
pl/el-76,paradigms,system,wikipedia,https://en.wikipedia.org/wiki/El-76
pl/el-76,designed_by,Lebedev Institute of Precision Mechanics,wikipedia,https://en.wikipedia.org/wiki/El-76
pl/el-76,designed_by,Computer Engineering,wikipedia,https://en.wikipedia.org/wiki/El-76
pl/el-76,designed_by,Boris Babayan,wikipedia,https://en.wikipedia.org/wiki/El-76
pl/el-76,designed_by,Co,wikipedia,https://en.wikipedia.org/wiki/El-76
pl/el-76,first_appeared,1972,wikipedia,https://en.wikipedia.org/wiki/El-76
pl/el-76,influenced_by,ALMIR-65,wikipedia,https://en.wikipedia.org/wiki/El-76
pl/el-76,influenced_by,Analitik,wikipedia,https://en.wikipedia.org/wiki/El-76
pl/el-76,homepage,https://io89.pl.tl/%26%231059%3B%26%231089%3B%26%231090%3B%26%231072%3B%26%231074%3B%26%231099%3B-%26%231085%3B%26%231072%3B-%26%231082%3B%26%231110%3B%26%231088%3B%26%231099%3B%26%231083%3B%26%231110%3B%26%231094%3B%26%231099%3B.htm#eli,wikipedia,https://en.wikipedia.org/wiki/El-76
pl/xod,paradigms,declarative,wikipedia,https://en.wikipedia.org/wiki/XOD_(programming_language)
pl/xod,paradigms,dataflow,wikipedia,https://en.wikipedia.org/wiki/XOD_(programming_language)
pl/xod,paradigms,functional reactive,wikipedia,https://en.wikipedia.org/wiki/XOD_(programming_language)
pl/xod,paradigms,visual,wikipedia,https://en.wikipedia.org/wiki/XOD_(programming_language)
pl/xod,designed_by,XOD Inc,wikipedia,https://en.wikipedia.org/wiki/XOD_(programming_language)
pl/xod,first_appeared,2016,wikipedia,https://en.wikipedia.org/wiki/XOD_(programming_language)
pl/xod,license,GNU Affero General Public License 3.0,wikipedia,https://en.wikipedia.org/wiki/XOD_(programming_language)
pl/xod,homepage,http://xod.io,wikipedia,https://en.wikipedia.org/wiki/XOD_(programming_language)
pl/cirq,designed_by,quantumlib,wikipedia,https://en.wikipedia.org/wiki/Cirq
pl/cirq,license,Apache license,wikipedia,https://en.wikipedia.org/wiki/Cirq
pl/cirq,implementation_languages,Python,wikipedia,https://en.wikipedia.org/wiki/Cirq
pl/cirq,homepage,https://github.com/quantumlib/Cirq,wikipedia,https://en.wikipedia.org/wiki/Cirq
pl/language-h-2,paradigms,procedural,wikipedia,https://en.wikipedia.org/wiki/Language_H
pl/language-h-2,first_appeared,1962,wikipedia,https://en.wikipedia.org/wiki/Language_H
pl/language-h-2,influenced_by,COBOL,wikipedia,https://en.wikipedia.org/wiki/Language_H
pl/project-verona,paradigms,safe infrastructure,wikipedia,https://en.wikipedia.org/wiki/Project_Verona
pl/project-verona,designed_by,Microsoft Research,wikipedia,https://en.wikipedia.org/wiki/Project_Verona
pl/project-verona,designed_by,Imperial College London,wikipedia,https://en.wikipedia.org/wiki/Project_Verona
pl/project-verona,first_appeared,2019,wikipedia,https://en.wikipedia.org/wiki/Project_Verona
pl/project-verona,influenced_by,Rust,wikipedia,https://en.wikipedia.org/wiki/Project_Verona
pl/project-verona,influenced_by,Cyclone,wikipedia,https://en.wikipedia.org/wiki/Project_Verona
pl/project-verona,influenced_by,Pony,wikipedia,https://en.wikipedia.org/wiki/Project_Verona
pl/project-verona,license,MIT License,wikipedia,https://en.wikipedia.org/wiki/Project_Verona
pl/project-verona,homepage,https://www.microsoft.com/en-us/research/project/project-verona,wikipedia,https://en.wikipedia.org/wiki/Project_Verona
pl/power-fx,paradigms,low-code,wikipedia,https://en.wikipedia.org/wiki/Microsoft_Power_Fx
pl/power-fx,paradigms,general-purpose,wikipedia,https://en.wikipedia.org/wiki/Microsoft_Power_Fx
pl/power-fx,paradigms,imperative,wikipedia,https://en.wikipedia.org/wiki/Microsoft_Power_Fx
pl/power-fx,paradigms,strongly typed,wikipedia,https://en.wikipedia.org/wiki/Microsoft_Power_Fx
pl/power-fx,paradigms,declarative,wikipedia,https://en.wikipedia.org/wiki/Microsoft_Power_Fx
pl/power-fx,paradigms,functional,wikipedia,https://en.wikipedia.org/wiki/Microsoft_Power_Fx
pl/power-fx,typing,strong,wikipedia,https://en.wikipedia.org/wiki/Microsoft_Power_Fx
pl/power-fx,designed_by,Microsoft,wikipedia,https://en.wikipedia.org/wiki/Microsoft_Power_Fx
pl/power-fx,designed_by,Vijay Mital,wikipedia,https://en.wikipedia.org/wiki/Microsoft_Power_Fx
pl/power-fx,designed_by,Robin Abraham,wikipedia,https://en.wikipedia.org/wiki/Microsoft_Power_Fx
pl/power-fx,designed_by,Shon Katzenberger,wikipedia,https://en.wikipedia.org/wiki/Microsoft_Power_Fx
pl/power-fx,designed_by,Darryl Rubin,wikipedia,https://en.wikipedia.org/wiki/Microsoft_Power_Fx
pl/power-fx,designed_by,Greg Lindhorst,wikipedia,https://en.wikipedia.org/wiki/Microsoft_Power_Fx
pl/power-fx,designed_by,Mike Stall,wikipedia,https://en.wikipedia.org/wiki/Microsoft_Power_Fx
pl/power-fx,first_appeared,2021,wikipedia,https://en.wikipedia.org/wiki/Microsoft_Power_Fx
pl/power-fx,influenced_by,Excel functions,wikipedia,https://en.wikipedia.org/wiki/Microsoft_Power_Fx
pl/power-fx,influenced_by,Excel macros,wikipedia,https://en.wikipedia.org/wiki/Microsoft_Power_Fx
pl/power-fx,influenced_by,Pascal,wikipedia,https://en.wikipedia.org/wiki/Microsoft_Power_Fx
pl/power-fx,influenced_by,Mathematica,wikipedia,https://en.wikipedia.org/wiki/Microsoft_Power_Fx
pl/power-fx,influenced_by,Miranda,wikipedia,https://en.wikipedia.org/wiki/Microsoft_Power_Fx
pl/power-fx,license,MIT License,wikipedia,https://en.wikipedia.org/wiki/Microsoft_Power_Fx
pl/power-fx,homepage,https://docs.microsoft.com/en-us/power-platform/power-fx/overview,wikipedia,https://en.wikipedia.org/wiki/Microsoft_Power_Fx
pl/basic-8-2,paradigms,imperative,wikipedia,https://en.wikipedia.org/wiki/BASIC-8
pl/basic-8-2,designed_by,DEC,wikipedia,https://en.wikipedia.org/wiki/BASIC-8
pl/basic-8-2,first_appeared,1969,wikipedia,https://en.wikipedia.org/wiki/BASIC-8
pl/basic-8-2,influenced_by,Dartmouth BASIC,wikipedia,https://en.wikipedia.org/wiki/BASIC-8
pl/jr-basic,paradigms,imperative,wikipedia,https://en.wikipedia.org/wiki/JR-BASIC
pl/jr-basic,paradigms,algorithmic,wikipedia,https://en.wikipedia.org/wiki/JR-BASIC
pl/jr-basic,designed_by,Matsushita Communication Industrial Co,wikipedia,https://en.wikipedia.org/wiki/JR-BASIC
pl/jr-basic,designed_by,Ltd,wikipedia,https://en.wikipedia.org/wiki/JR-BASIC
pl/jr-basic,first_appeared,1981,wikipedia,https://en.wikipedia.org/wiki/JR-BASIC
pl/jr-basic,influenced_by,Microsoft BASIC,wikipedia,https://en.wikipedia.org/wiki/JR-BASIC
pl/pyscript,designed_by,Anaconda,wikipedia,https://en.wikipedia.org/wiki/PyScript
pl/pyscript,designed_by,Inc,wikipedia,https://en.wikipedia.org/wiki/PyScript
pl/pyscript,influenced_by,Python,wikipedia,https://en.wikipedia.org/wiki/PyScript
pl/pyscript,license,Apache Software License 2.0,wikipedia,https://en.wikipedia.org/wiki/PyScript
pl/pyscript,homepage,https://pyscript.net/,wikipedia,https://en.wikipedia.org/wiki/PyScript
pl/acorn-system-basic,designed_by,Acorn Computers,wikipedia,https://en.wikipedia.org/wiki/Acorn_System_BASIC
pl/acorn-system-basic,first_appeared,1979,wikipedia,https://en.wikipedia.org/wiki/Acorn_System_BASIC
pl/acorn-system-basic,license,Proprietary,wikipedia,https://en.wikipedia.org/wiki/Acorn_System_BASIC
pl/arkts,paradigms,multi-paradigm: functional,wikipedia,https://en.wikipedia.org/wiki/ArkTS
pl/arkts,paradigms,generic,wikipedia,https://en.wikipedia.org/wiki/ArkTS
pl/arkts,paradigms,declarative,wikipedia,https://en.wikipedia.org/wiki/ArkTS
pl/arkts,paradigms,object-oriented,wikipedia,https://en.wikipedia.org/wiki/ArkTS
pl/arkts,typing,"static, duck, gradual, structural",wikipedia,https://en.wikipedia.org/wiki/ArkTS
pl/arkts,designed_by,Huawei,wikipedia,https://en.wikipedia.org/wiki/ArkTS
pl/arkts,designed_by,OpenAtom Foundation,wikipedia,https://en.wikipedia.org/wiki/ArkTS
pl/arkts,designed_by,Eclipse Foundation open-source contributors,wikipedia,https://en.wikipedia.org/wiki/ArkTS
pl/arkts,first_appeared,2021,wikipedia,https://en.wikipedia.org/wiki/ArkTS
pl/arkts,influenced_by,TypeScript,wikipedia,https://en.wikipedia.org/wiki/ArkTS
pl/arkts,influenced_by,Swift,wikipedia,https://en.wikipedia.org/wiki/ArkTS
pl/arkts,influenced_by,Objective-C,wikipedia,https://en.wikipedia.org/wiki/ArkTS
pl/arkts,influenced_by,JavaScript,wikipedia,https://en.wikipedia.org/wiki/ArkTS
pl/arkts,influenced_by,C#,wikipedia,https://en.wikipedia.org/wiki/ArkTS
pl/arkts,influenced_by,F#,wikipedia,https://en.wikipedia.org/wiki/ArkTS
pl/arkts,influenced_by,Java,wikipedia,https://en.wikipedia.org/wiki/ArkTS
pl/arkts,influenced_by,ActionScript,wikipedia,https://en.wikipedia.org/wiki/ArkTS
pl/arkts,influenced_by,AtScript,wikipedia,https://en.wikipedia.org/wiki/ArkTS
pl/arkts,influenced_by,AssemblyScript,wikipedia,https://en.wikipedia.org/wiki/ArkTS
pl/arkts,license,Apache proprietary (up to HarmonyOS 3.1),wikipedia,https://en.wikipedia.org/wiki/ArkTS
pl/arkts,homepage,http://developer.huawei.com/consumer/cn/arkts,wikipedia,https://en.wikipedia.org/wiki/ArkTS
pl/ecmascript,paradigms,multi-paradigm: prototype-based,wikipedia,https://en.wikipedia.org/wiki/ECMAScript
pl/ecmascript,paradigms,functional,wikipedia,https://en.wikipedia.org/wiki/ECMAScript
pl/ecmascript,paradigms,imperative,wikipedia,https://en.wikipedia.org/wiki/ECMAScript
pl/ecmascript,typing,"weak, dynamic",wikipedia,https://en.wikipedia.org/wiki/ECMAScript
pl/ecmascript,designed_by,Sun Microsystems,wikipedia,https://en.wikipedia.org/wiki/ECMAScript
pl/ecmascript,designed_by,Ecma International,wikipedia,https://en.wikipedia.org/wiki/ECMAScript
pl/ecmascript,designed_by,Brendan Eich,wikipedia,https://en.wikipedia.org/wiki/ECMAScript
pl/ecmascript,first_appeared,1997,wikipedia,https://en.wikipedia.org/wiki/ECMAScript
pl/ecmascript,influenced_by,Self,wikipedia,https://en.wikipedia.org/wiki/ECMAScript
pl/ecmascript,influenced_by,HyperTalk,wikipedia,https://en.wikipedia.org/wiki/ECMAScript
pl/ecmascript,influenced_by,AWK,wikipedia,https://en.wikipedia.org/wiki/ECMAScript
pl/ecmascript,influenced_by,C,wikipedia,https://en.wikipedia.org/wiki/ECMAScript
pl/ecmascript,influenced_by,CoffeeScript,wikipedia,https://en.wikipedia.org/wiki/ECMAScript
pl/ecmascript,influenced_by,Perl,wikipedia,https://en.wikipedia.org/wiki/ECMAScript
pl/ecmascript,influenced_by,Python,wikipedia,https://en.wikipedia.org/wiki/ECMAScript
pl/ecmascript,influenced_by,Java,wikipedia,https://en.wikipedia.org/wiki/ECMAScript
pl/ecmascript,influenced_by,Scheme,wikipedia,https://en.wikipedia.org/wiki/ECMAScript
pl/ecmascript,homepage,https://www.ecma-international.org/publications-and-standards/standards/,wikipedia,https://en.wikipedia.org/wiki/ECMAScript
pl/property-list,designed_by,Apple Computer,wikipedia,https://en.wikipedia.org/wiki/Property_list
pl/property-list,designed_by,GNUstep,wikipedia,https://en.wikipedia.org/wiki/Property_list
pl/property-list,designed_by,formerly NeXT,wikipedia,https://en.wikipedia.org/wiki/Property_list
pl/javascript-style-sheets,designed_by,Netscape Communications Corporation,wikipedia,https://en.wikipedia.org/wiki/JavaScript_Style_Sheets
pl/bson,homepage,https://bsonspec.org/,wikipedia,https://en.wikipedia.org/wiki/BSON
pl/trig,designed_by,Freie Universität Berlin,wikipedia,https://en.wikipedia.org/wiki/TriG_(syntax)
pl/ion,designed_by,Amazon,wikipedia,https://en.wikipedia.org/wiki/Ion_(serialization_format)
pl/ion,homepage,https://amzn.github.io/ion-docs/,wikipedia,https://en.wikipedia.org/wiki/Ion_(serialization_format)
pl/apache-orc,first_appeared,2013,wikipedia,https://en.wikipedia.org/wiki/Apache_ORC
pl/apache-orc,license,Apache License 2.0,wikipedia,https://en.wikipedia.org/wiki/Apache_ORC
pl/apache-orc,homepage,https://orc.apache.org/,wikipedia,https://en.wikipedia.org/wiki/Apache_ORC
