swhid,sha1_git,name,origin,forge,in_uniform,in_diverse
swh:1:cnt:000ef5730e318142821ffd13811eb160c854e481,000ef5730e318142821ffd13811eb160c854e481,/1257_run-1.fsf,https://git.mpib-berlin.mpg.de/LNDG/stateswitchage/stsw-stsw_fmri_task-0_preproc-data-preproc-1257.git,git.mpib-berlin.mpg.de,1,1
swh:1:cnt:0014c381dc9c4da4d56895e151bbfa8ec8ba5f9b,0014c381dc9c4da4d56895e151bbfa8ec8ba5f9b,/Interaction.fsf,https://github.com/egarza/sudmex_tms_main,github.com,0,1
swh:1:cnt:003a9bbf391f910ac5d70f7bc6ef5f5ced15bc74,003a9bbf391f910ac5d70f7bc6ef5f5ced15bc74,/wb1_melodic_Unlearnable_Run2_4mm_iter1.fsf,https://bitbucket.org/dpat/tools.git,bitbucket.org,1,0
swh:1:cnt:005fb9e680419d3fe70f2b05efadff6cba7fae41,005fb9e680419d3fe70f2b05efadff6cba7fae41,/omt024s01.fmri.taskFT.run4.melodicFixNone_design.fsf,https://github.com/kmcgregor123456/proj.mh.cda2,github.com,1,0
swh:1:cnt:006cc3ee16f8ae6d17436b32350a55e65e74af87,006cc3ee16f8ae6d17436b32350a55e65e74af87,/melodic_defaults.fsf,https://doi.org/10.5281/zenodo.15107755,doi.org,0,1
swh:1:cnt:0078bc7193e7628b27e3ce6f59b24b1b043c1474,0078bc7193e7628b27e3ce6f59b24b1b043c1474,/single_test_ISR18_run2_set1_T4.fsf,https://github.com/QQXiao/ISR_2015,github.com,1,0
swh:1:cnt:007c773d3a8ba6891c740a26a7942d9308efcfad,007c773d3a8ba6891c740a26a7942d9308efcfad,/OneSampleTtest_GroupSize20.fsf,https://github.com/wanderine/ParametricMultisubjectfMRI,github.com,1,0
swh:1:cnt:007e9396d0a2492cd2d6e17d42f359655dfe0b5e,007e9396d0a2492cd2d6e17d42f359655dfe0b5e,/INSTALL.fsf,https://github.com/LeekingWeng/breakpad,github.com,0,1
swh:1:cnt:00c0a0f4f4df6c4abffdfe5d080a1b8db829a10c,00c0a0f4f4df6c4abffdfe5d080a1b8db829a10c,/ssica_task_02_run-22.fsf,https://github.com/DiedrichsenLab/Functional_Fusion,github.com,1,0
swh:1:cnt:00c4b5c511aebcdd4a5baa1c5249e645b1c2b34c,00c4b5c511aebcdd4a5baa1c5249e645b1c2b34c,/design_sub-G18S06_runD.fsf,https://github.com/OpenNeuroDatasets/ds005731.git,github.com,0,1
swh:1:cnt:00c8e648b1d5fc63aacc6f1e6543b15af87525c9,00c8e648b1d5fc63aacc6f1e6543b15af87525c9,/input-053.fsf,https://github.com/dreibh/rsplib,github.com,1,0
swh:1:cnt:00f86a62104c7f781d7de358870499174789342c,00f86a62104c7f781d7de358870499174789342c,/design.fsf,https://github.com/lpxsc16/squad-organised-hub,github.com,0,1
swh:1:cnt:0108a240d7f3126328a47bf124e8e0689b0120d1,0108a240d7f3126328a47bf124e8e0689b0120d1,/ds008_group_level.fsf,https://github.com/justbennet/psych808,github.com,0,1
swh:1:cnt:01279e3f8b5653956c7073da384242a020ba9f90,01279e3f8b5653956c7073da384242a020ba9f90,/single_test_ISR16_run1_set1_T5.fsf,https://github.com/QQXiao/ISR_2015,github.com,1,0
swh:1:cnt:0131b8a5234e95f2e338d6bafdaf51441f4f31e8,0131b8a5234e95f2e338d6bafdaf51441f4f31e8,/ssica_task_21_run-03.fsf,https://github.com/DiedrichsenLab/Functional_Fusion,github.com,1,0
swh:1:cnt:0134ce9a07e06646caf53e3714a2ba7566709900,0134ce9a07e06646caf53e3714a2ba7566709900,/FuturisticCar.fsf,https://github.com/Unarmed1000/gtec-demo-framework,github.com,0,1
swh:1:cnt:014e7c49bfd6ff656be8e72959c41c1e046eefc2,014e7c49bfd6ff656be8e72959c41c1e046eefc2,/sub-study032_after_task-probe_level2_design.fsf,https://github.com/OpenNeuroDatasets/ds001417.git,github.com,1,0
swh:1:cnt:015c6a70a5ee4d4732fcec5ec003477ee1121fc6,015c6a70a5ee4d4732fcec5ec003477ee1121fc6,/single_test_ISR20_run1_set1_T8.fsf,https://github.com/QQXiao/ISR_2015,github.com,1,0
swh:1:cnt:01662ce760e36880324ffbc5edec58460cb2c2ba,01662ce760e36880324ffbc5edec58460cb2c2ba,/L2_task-mid_model-1_type-ppi.fsf,https://github.com/KanshaNambi/istart-mid,github.com,0,1
swh:1:cnt:017084ad4a9abca67b27662480db5b67afea10ed,017084ad4a9abca67b27662480db5b67afea10ed,/melodicTestForFix-fsl5.0.8-structBBR-mni2mmNonlinear.fsf,https://github.com/kmcgregor123456/brainwhere,github.com,0,1
swh:1:cnt:020706ea4c586fe1b94a6bf8f60fe5ca62bfd929,020706ea4c586fe1b94a6bf8f60fe5ca62bfd929,/single_encoding_ISR17_run2_set2_T15.fsf,https://github.com/QQXiao/ISR_2015,github.com,1,0
swh:1:cnt:02187ad943daa5158def2a3a4f95640b488cc35f,02187ad943daa5158def2a3a4f95640b488cc35f,/design.fsf,https://github.com/wardah838/Brain-imaging-Assignments,github.com,0,1
swh:1:cnt:026b04477c75a7e30e5381f8375998c7cd87f7e0,026b04477c75a7e30e5381f8375998c7cd87f7e0,/single_test_ISR16_run2_set1_T16.fsf,https://github.com/QQXiao/ISR_2015,github.com,1,0
swh:1:cnt:02c22a45e406089ce339a7c328d81e58c3d9bca4,02c22a45e406089ce339a7c328d81e58c3d9bca4,/tmpl.fsf,https://github.com/Jinglei-Lv/Resting_state_fMRI_Preprocessing,github.com,0,1
swh:1:cnt:032677d6ad6c5f9b375bb4bebcc441f53ed6b890,032677d6ad6c5f9b375bb4bebcc441f53ed6b890,/ICA.fsf,https://github.com/munoztd0/VS_AffectiveResponse,github.com,0,1
swh:1:cnt:0340e387b8f93772ffc0c69a3508c271b0908c2c,0340e387b8f93772ffc0c69a3508c271b0908c2c,/grplvl_design.fsf,https://github.com/austinboroshok/frontoparietal-plasticity,github.com,0,1
swh:1:cnt:035d86531ae6403f0913d1e8e1f83298213f9fbb,035d86531ae6403f0913d1e8e1f83298213f9fbb,/design.fsf,https://git.mpib-berlin.mpg.de/LNDG/stateswitchage/stsw-stsw_fmri_task-0_preproc-data-preproc-2120.git,git.mpib-berlin.mpg.de,0,1
swh:1:cnt:0360065af1539a8c2c04df780edc91b4e89569c6,0360065af1539a8c2c04df780edc91b4e89569c6,/design.fsf,https://github.com/pederisager/Opioid_Reward_fMRI,github.com,1,0
swh:1:cnt:03ae4aec9ac5a75e2a915fd24164a36ac92753c8,03ae4aec9ac5a75e2a915fd24164a36ac92753c8,/template.fsf,https://github.com/oesteban/misc,github.com,0,1
swh:1:cnt:03bae7a5463547893dcbcb4e12622c09496be1b8,03bae7a5463547893dcbcb4e12622c09496be1b8,/single_test_ISR13_run2_set1_T24.fsf,https://github.com/QQXiao/ISR_2015,github.com,1,0
swh:1:cnt:03c0accfadc6c82c3520a6678b6efce436ec63c3,03c0accfadc6c82c3520a6678b6efce436ec63c3,/design.fsf,https://github.com/StevenM1/flashtask,github.com,1,0
swh:1:cnt:046b244fa6563015d70b5ab177cb024b3db62ffe,046b244fa6563015d70b5ab177cb024b3db62ffe,/design.fsf,https://github.com/pederisager/Opioid_Reward_fMRI,github.com,1,0
swh:1:cnt:04b136dbd5405cb42caeef83b56e192eeeee69f9,04b136dbd5405cb42caeef83b56e192eeeee69f9,/run_feat_RUN_05_Melanopsin_series_10.fsf,https://github.com/bock42/UPennProjects,github.com,1,0
swh:1:cnt:04b37fcc0f1685aedea7775aadacdadb29102bf1,04b37fcc0f1685aedea7775aadacdadb29102bf1,/sample_design.fsf,https://github.com/HumanNeuroscienceLab/gunther,github.com,0,1
swh:1:cnt:04b4e301bd0c37d758c0e8457bef4f130c75dccf,04b4e301bd0c37d758c0e8457bef4f130c75dccf,/single_encoding_ISR03_run2_set2_T10.fsf,https://github.com/QQXiao/ISR_2015,github.com,1,0
swh:1:cnt:04cd15e3e296a462f338fbeb0fd3379f11f401ee,04cd15e3e296a462f338fbeb0fd3379f11f401ee,/Design.fsf,https://github.com/jeeva97573/Assignment-4,github.com,0,1
swh:1:cnt:04e7762b53114b9a53cd09f8aad4ffc1be44c665,04e7762b53114b9a53cd09f8aad4ffc1be44c665,/tfMRI_MID2_hp200_s4_level1.fsf,https://gitlab.com/ericearlpdx/HCP_generic.git,gitlab.com,0,1
swh:1:cnt:04e8a4d1c0b6dff614c1b9a7b08e79c0722d1543,04e8a4d1c0b6dff614c1b9a7b08e79c0722d1543,/FieldSetFile.fsf,https://github.com/brunoe90/ProyectoFinalUTN,github.com,0,1
swh:1:cnt:04fb0a645181fb794e21292f6627968f55b24ebf,04fb0a645181fb794e21292f6627968f55b24ebf,/sub-study028_ses-followup_task-responsetosnacks_run-02_design.fsf,https://github.com/OpenNeuroDatasets/ds001417.git,github.com,1,0
swh:1:cnt:050296811358794ccc3b05778a818edd5de6aab5,050296811358794ccc3b05778a818edd5de6aab5,/single_encoding_ISR09_run1_set1_T4.fsf,https://github.com/QQXiao/ISR_2015,github.com,1,0
swh:1:cnt:055e7caef9e6b3c9b05253ea9328bfe8eb7a34cf,055e7caef9e6b3c9b05253ea9328bfe8eb7a34cf,/template_DCAN_version_MID_level1_UPDATED_FINAL.fsf,https://github.com/DCAN-Labs/abcd-bids-tfmri-pipeline,github.com,0,1
swh:1:cnt:05700ec06fd65ca2af6183c40e9293b4be9b2db4,05700ec06fd65ca2af6183c40e9293b4be9b2db4,/design.fsf,https://git.mpib-berlin.mpg.de/LNDG/stateswitchage/stsw-stsw_fmri_task-0_preproc-data-preproc-1234.git,git.mpib-berlin.mpg.de,0,1
swh:1:cnt:05781f9af1e7b009ca70b6f0d46745a40bd6cfad,05781f9af1e7b009ca70b6f0d46745a40bd6cfad,/sub-43_level2_afni_drift.fsf,https://github.com/AlexBowring/SC2,github.com,1,0
swh:1:cnt:057accc70c8abb583af1759d8388ff3bdf83f9d2,057accc70c8abb583af1759d8388ff3bdf83f9d2,/feat_impr_template.fsf,https://github.com/mlnguyen/impression_proj,github.com,0,1
swh:1:cnt:057aefd2f7454ff9e49ef86883fd8511323978ff,057aefd2f7454ff9e49ef86883fd8511323978ff,/bbx_design.fsf,https://github.com/NikkiBytes/NIBL,github.com,0,1
swh:1:cnt:057d359ff49031e317123fbdf8196cd0b44b5bb4,057d359ff49031e317123fbdf8196cd0b44b5bb4,/ViceVersa GET SOME CODE ACROSS - GETCOMPUTERNAME -- FILE.fsf,https://github.com/qimiao032/Matthew-Lancaster,github.com,1,0
swh:1:cnt:0590669789cb5a6541858329a9ef8191258d8db5,0590669789cb5a6541858329a9ef8191258d8db5,/Release.fsf,https://github.com/dglo/dom-fpga,github.com,0,1
swh:1:cnt:05afd91d31f3f73e3d73866a47512144dbb7a2a3,05afd91d31f3f73e3d73866a47512144dbb7a2a3,/design_run1.fsf,https://github.com/97dankos/psych808,github.com,0,1
swh:1:cnt:05e976764c15f7a51b1b975eda4ea0909c15a413,05e976764c15f7a51b1b975eda4ea0909c15a413,/single_encoding_ISR15_run2_set2_T4.fsf,https://github.com/QQXiao/ISR_2015,github.com,1,0
swh:1:cnt:060b118a5c594c0790bf5ef155ddd0b1516b0786,060b118a5c594c0790bf5ef155ddd0b1516b0786,/thirdlevel_AT_design_RiskVAmbig_GM_asOneGroup_wGroupsAlone_wResponse.fsf,https://github.com/shanaahall/Ambiguity-Tolerance,github.com,1,0
swh:1:cnt:063b980cbbc2579c321492eb3fa13d324e9bbf98,063b980cbbc2579c321492eb3fa13d324e9bbf98,/sub-study028_ses-followup_task-responsetosnacks_run-01_design.fsf,https://github.com/OpenNeuroDatasets/ds001417.git,github.com,1,0
swh:1:cnt:0666596db067a9ed5baffafdc5ad95d6799bb7e9,0666596db067a9ed5baffafdc5ad95d6799bb7e9,/feat_higher_level_example.fsf,https://github.com/gkaguirrelab/MRlyze,github.com,0,1
swh:1:cnt:06746384867c8c4e35e7084e13065c0a7649b205,06746384867c8c4e35e7084e13065c0a7649b205,/single_encoding_ISR19_run1_set2_T20.fsf,https://github.com/QQXiao/ISR_2015,github.com,1,0
swh:1:cnt:0686954173d2aef7b1c1c438fa1ae6cb504b6cd5,0686954173d2aef7b1c1c438fa1ae6cb504b6cd5,/template_preprocBOLD.fsf,https://github.com/dead2eer/FSL-scripts,github.com,0,1
swh:1:cnt:068f0855b94094c83b8e2d551850e76fbc41956c,068f0855b94094c83b8e2d551850e76fbc41956c,/p14_s2.fsf,https://github.com/sohaamir/aamir_vs_chris,github.com,0,1
swh:1:cnt:06ab11ec3c242ac5e43609b015dce4dfb47096a4,06ab11ec3c242ac5e43609b015dce4dfb47096a4,/design.fsf,https://git.mpib-berlin.mpg.de/LNDG/stateswitchage/stsw-stsw_fmri_task-0_preproc-data-preproc-1164.git,git.mpib-berlin.mpg.de,0,1
swh:1:cnt:06b2091837059828f363658e7cf63cea69025974,06b2091837059828f363658e7cf63cea69025974,/sub-27_run-01_level1_afni_design.fsf,https://github.com/AlexBowring/SC2,github.com,1,0
swh:1:cnt:06b245c5730cfe5e53b5e949ab03ec4d2dad1489,06b245c5730cfe5e53b5e949ab03ec4d2dad1489,/ssica_task_26_run-09.fsf,https://github.com/DiedrichsenLab/Functional_Fusion,github.com,1,0
swh:1:cnt:06bc4567c1987905141f28ab903ed54bc289fdea,06bc4567c1987905141f28ab903ed54bc289fdea,/design.fsf,https://github.com/Abhinanda-Dash/Assignment4,github.com,0,1
swh:1:cnt:06f675d7ae04bb72925d1a7345e914fcaaa9bd90,06f675d7ae04bb72925d1a7345e914fcaaa9bd90,/L1_template.fsf,https://github.com/DVSneuro/lab-testing,github.com,0,1
swh:1:cnt:0716057316cfcda09844c6fd7d5bdf9447b9881d,0716057316cfcda09844c6fd7d5bdf9447b9881d,/design.fsf,https://github.com/StevenM1/flashtask,github.com,1,0
swh:1:cnt:0721afb0ad97f7ffca1d401fb8f13d4a5f11007e,0721afb0ad97f7ffca1d401fb8f13d4a5f11007e,/design.fsf,https://github.com/beenishh/Assignment_4,github.com,0,1
swh:1:cnt:074038f1869f90177a09bd2cff9e4a02a4755067,074038f1869f90177a09bd2cff9e4a02a4755067,/single_encoding_ISR12_run2_set2_T24.fsf,https://github.com/QQXiao/ISR_2015,github.com,1,0
swh:1:cnt:07a97c1cc167bf7b942c93df9231ec9998625585,07a97c1cc167bf7b942c93df9231ec9998625585,/tom_template.fsf,https://github.com/uscbci/affint-feat,github.com,0,1
swh:1:cnt:07d1ac019d0e26ea571528ceb567950a20e04f9f,07d1ac019d0e26ea571528ceb567950a20e04f9f,/cda004pre.fmri.taskCMG.run4.melodicFixNone_design.fsf,https://github.com/CVNRni/proj.jn.cda2,github.com,1,0
swh:1:cnt:07d34abfc075c99b6d6406d62b13d7622e31c006,07d34abfc075c99b6d6406d62b13d7622e31c006,/visual_power_analysis_design.fsf,https://github.com/NBCLab/power-replication,github.com,0,1
swh:1:cnt:07e320de9447a3469f22ac2f2a834436db7377be,07e320de9447a3469f22ac2f2a834436db7377be,/ANOVA.fsf,https://github.com/vinferrer/EuskalIBUR_dataproc,github.com,1,1
swh:1:cnt:08182ae24015ba9bd6705f6893b04786b6bab38a,08182ae24015ba9bd6705f6893b04786b6bab38a,/design_sub-G03S02_runC.fsf,https://github.com/OpenNeuroDatasets/ds005731.git,github.com,1,0
swh:1:cnt:084d89369d8e5b903b65fdcff3685b9800343954,084d89369d8e5b903b65fdcff3685b9800343954,/sub-30_run-02_level1_amended.fsf,https://github.com/AlexBowring/Software_Comparison,github.com,1,0
swh:1:cnt:084e63ce9dc434aade154fb53b806bd60800266c,084e63ce9dc434aade154fb53b806bd60800266c,/GLM1_thirdlevel_Du_design.fsf,https://github.com/QunjunLIANG/subway_navigation_task,github.com,0,1
swh:1:cnt:0861c6554549d8bd1dc9110d1482f24f8730face,0861c6554549d8bd1dc9110d1482f24f8730face,/design.fsf,https://github.com/AlexBowring/nidmresults-examples,github.com,0,1
swh:1:cnt:0869d977cf1cf21958e91bc51ee70f9f72b27778,0869d977cf1cf21958e91bc51ee70f9f72b27778,/FEAT_template.fsf,https://github.com/LNDG/Garrett_etal_2021_CerebralCortex,github.com,0,1
swh:1:cnt:088353588c2c62c873bda88e548de15cb7c183bc,088353588c2c62c873bda88e548de15cb7c183bc,/TFCE.fsf,https://github.com/steffejr/ProcessModelsNeuroImage,github.com,0,1
swh:1:cnt:08a7c0e2b40f7891060e0cb1ad83f47ec7854f0c,08a7c0e2b40f7891060e0cb1ad83f47ec7854f0c,/single_encoding_ISR08_run2_set2_T15.fsf,https://github.com/QQXiao/ISR_2015,github.com,1,0
swh:1:cnt:0930f55669d7175e5f47a30063043d27645aaa2f,0930f55669d7175e5f47a30063043d27645aaa2f,/._ppi_feat_template.fsf,https://github.com/johneusebio/brain_state_proj,github.com,1,0
swh:1:cnt:096c41bf35af3ebe9689756812f3d740d849e19d,096c41bf35af3ebe9689756812f3d740d849e19d,/sub-13_run-02_level1.fsf,https://github.com/AlexBowring/SC2,github.com,1,0
swh:1:cnt:09dc2dab5d377d2e9937eeed35f0c139aac5534e,09dc2dab5d377d2e9937eeed35f0c139aac5534e,/sub-11_level2.fsf,https://github.com/AlexBowring/SC2,github.com,1,0
swh:1:cnt:0a0e9c9e69d815927a808a4b26c14cf5f75f4693,0a0e9c9e69d815927a808a4b26c14cf5f75f4693,/design.fsf,https://github.com/StevenM1/flashtask,github.com,1,0
swh:1:cnt:0a30ad1e7d7e332d7f57cfc7d069dd498dc143d5,0a30ad1e7d7e332d7f57cfc7d069dd498dc143d5,/design.fsf,https://github.com/StevenM1/flashtask,github.com,1,0
swh:1:cnt:0a332638a26916414f981fa2557046b79c7d7750,0a332638a26916414f981fa2557046b79c7d7750,/ypsilon01.fsf,deb://Debian/packages/fractgen,Debian,0,1
swh:1:cnt:0a37431a408aefaf634ab28316e21554a6c8601c,0a37431a408aefaf634ab28316e21554a6c8601c,/single_test_ISR01_run1_set2_T16.fsf,https://github.com/QQXiao/ISR_2015,github.com,1,0
swh:1:cnt:0a43e2ca97b9a043303838273028db631d9f4e7d,0a43e2ca97b9a043303838273028db631d9f4e7d,/single_encoding_ISR03_run1_set1_T7.fsf,https://github.com/QQXiao/ISR_2015,github.com,1,0
swh:1:cnt:0a5a9937a60af486629941b358c1454d3c8128f2,0a5a9937a60af486629941b358c1454d3c8128f2,/design_sub-G02S01_runD.fsf,https://github.com/OpenNeuroDatasets/ds005731.git,github.com,1,0
swh:1:cnt:0a7aaca8d1a0a33672e256625d0e01dd3ce9a6bd,0a7aaca8d1a0a33672e256625d0e01dd3ce9a6bd,/sub-study006_ses-after_task-responsetosnacks_run-02_design.fsf,https://github.com/OpenNeuroDatasets/ds001417.git,github.com,1,0
swh:1:cnt:0abf61e9db772e4aa96f13e706ee650d45e03541,0abf61e9db772e4aa96f13e706ee650d45e03541,/single_test_ISR12_run1_set2_T5.fsf,https://github.com/QQXiao/ISR_2015,github.com,1,0
swh:1:cnt:0acd32aaff37c8e3f38d14c98fe650f6f45b98e3,0acd32aaff37c8e3f38d14c98fe650f6f45b98e3,/sample_setup.fsf,https://github.com/racheldenison/megavista,github.com,0,1
swh:1:cnt:0ade7893f6d601ffc9c0ef0f00793e332164b040,0ade7893f6d601ffc9c0ef0f00793e332164b040,/nback.fsf,https://github.com/PennBBL/distortioncorrection,github.com,0,1
swh:1:cnt:0aeae8591aa44bd2c71eb65c2466a79c363a093b,0aeae8591aa44bd2c71eb65c2466a79c363a093b,/design.fsf,https://github.com/StevenM1/flashtask,github.com,1,0
swh:1:cnt:0b4311bcd8f380e8a3fd5426294f53c375395c43,0b4311bcd8f380e8a3fd5426294f53c375395c43,/single_encoding_ISR01_run1_set1_t390.fsf,https://github.com/QQXiao/ISR_2015,github.com,1,0
swh:1:cnt:0bea8db5a0db08110896103e11d2840967e1a003,0bea8db5a0db08110896103e11d2840967e1a003,/cope19.fsf,https://github.com/dunsmoorlab/gPPI,github.com,1,0
swh:1:cnt:0bfcb4c3f9bdb52b2791c2b3ee3d7bbce02f7232,0bfcb4c3f9bdb52b2791c2b3ee3d7bbce02f7232,/stats_e2_doublegamma.fsf,https://github.com/erinmaz/repeatability,github.com,1,0
swh:1:cnt:0c4800d08736abf63a3a091b8da0f8dff080bf8d,0c4800d08736abf63a3a091b8da0f8dff080bf8d,/single_test_ISR20_run2_set1_T7.fsf,https://github.com/QQXiao/ISR_2015,github.com,1,0
swh:1:cnt:0c5177565eaddf9a966e86ea08c32da8b3c2aafa,0c5177565eaddf9a966e86ea08c32da8b3c2aafa,/tzm.fsf,https://github.com/shawnpinciara/VST_SP,github.com,0,1
swh:1:cnt:0c52f50bce89795f4839966c613696d7d0780499,0c52f50bce89795f4839966c613696d7d0780499,/design.fsf,https://github.com/yarikoptic/demo1,github.com,1,0
swh:1:cnt:0c6a2c851153c6a54532ed692512bb9b38765ee1,0c6a2c851153c6a54532ed692512bb9b38765ee1,/R4211_S1_Run_4_N60_elapsed_time.fsf,https://github.com/adamgeorgeturnbull/elapsed_time,github.com,1,0
swh:1:cnt:0c7804412a0e11d8af42f4fd953daa4c18f62286,0c7804412a0e11d8af42f4fd953daa4c18f62286,/design.fsf,https://github.com/StevenM1/flashtask,github.com,1,0
swh:1:cnt:0c8c20b699e4c07cc471eb4f993b897a192b8490,0c8c20b699e4c07cc471eb4f993b897a192b8490,/single_test_ISR13_run2_set2_T10.fsf,https://github.com/QQXiao/ISR_2015,github.com,1,0
swh:1:cnt:0c9a891bfe46d95d208cd96283f38cf2c3fd89fc,0c9a891bfe46d95d208cd96283f38cf2c3fd89fc,/tupelo-water_fruit.fsf,https://svn.code.sf.net/p/glscene/code,svn.code.sf.net,0,1
swh:1:cnt:0cb751f3c5b2b6831ec24d35993b48b968e5d314,0cb751f3c5b2b6831ec24d35993b48b968e5d314,/run_feat_RUN_04_Isochromatic_series_10.fsf,https://github.com/bock42/UPennProjects,github.com,1,0
swh:1:cnt:0cbd383b168847bbbf94d7aaa5886c672f537916,0cbd383b168847bbbf94d7aaa5886c672f537916,/replicate-to-github-mirror.fsf,https://github.com/jessepav/meterman2,github.com,0,1
swh:1:cnt:0ccc69955d5f9101b8da71e9ebdbe5001e053e5d,0ccc69955d5f9101b8da71e9ebdbe5001e053e5d,/single_test_ISR20_run1_set1_T22.fsf,https://github.com/QQXiao/ISR_2015,github.com,1,0
swh:1:cnt:0cd5a3bd4ed43154f1e210545d13cc2c86e02ecb,0cd5a3bd4ed43154f1e210545d13cc2c86e02ecb,/model5_029.fsf,https://github.com/sarabergman/Stanford,github.com,0,1
swh:1:cnt:0d3d212298217b0cdd882e34604f8d8aa90c3ad0,0d3d212298217b0cdd882e34604f8d8aa90c3ad0,/single_encoding_ISR18_run1_set2_T8.fsf,https://github.com/QQXiao/ISR_2015,github.com,1,0
swh:1:cnt:0d4f6237abe3f3e468c5486627c5805863460b42,0d4f6237abe3f3e468c5486627c5805863460b42,/design_TASK.fsf,https://github.com/fabsarah/tvb-ukbb-Music,github.com,0,1
swh:1:cnt:0d5191d35ef0225c50f5e5e2062c6ee62d5d0424,0d5191d35ef0225c50f5e5e2062c6ee62d5d0424,/ssica_task_03_run-21.fsf,https://github.com/DiedrichsenLab/Functional_Fusion,github.com,1,0
swh:1:cnt:0d638b283074a551e66fcade3f51edefe91a2bae,0d638b283074a551e66fcade3f51edefe91a2bae,/sub-study004_ses-before_task-responsetosnacks_run-01_design.fsf,https://github.com/OpenNeuroDatasets/ds001417.git,github.com,1,0
swh:1:cnt:0d71ea1d48b3bb11f785353e621cbd8af1087ff6,0d71ea1d48b3bb11f785353e621cbd8af1087ff6,/single_test_ISR15_run1_set2_T22.fsf,https://github.com/QQXiao/ISR_2015,github.com,1,0
swh:1:cnt:0d85b57336e0c1ffc3432d07709abe713b76004b,0d85b57336e0c1ffc3432d07709abe713b76004b,/kappa06.fsf,https://github.com/dreibh/fractgen,github.com,1,0
swh:1:cnt:0d898aef5b7c190968277a6094e9d7f382c5901c,0d898aef5b7c190968277a6094e9d7f382c5901c,/design.fsf,https://git.fmrib.ox.ac.uk/fsl/pyfeeds.git,git.fmrib.ox.ac.uk,0,1
swh:1:cnt:0d94cb36a49b3b1dbbf4c1104bde4526a11f6c86,0d94cb36a49b3b1dbbf4c1104bde4526a11f6c86,/run_feat_RUN_14_LMS_series_20.fsf,https://github.com/bock42/UPennProjects,github.com,1,0
swh:1:cnt:0da40f424353e32e65366caed41d5b3c31fd82d3,0da40f424353e32e65366caed41d5b3c31fd82d3,/single_test_ISR19_run2_set2_T11.fsf,https://github.com/QQXiao/ISR_2015,github.com,1,0
swh:1:cnt:0dc2dfac4fc5a150c544b31b02fce3a17df5ed50,0dc2dfac4fc5a150c544b31b02fce3a17df5ed50,/level1.fsf,https://bitbucket.org/nidllab/td-maketargets.git,bitbucket.org,0,1
swh:1:cnt:0dc5b2c82e7be7a8785a9c77353f3b5610def958,0dc5b2c82e7be7a8785a9c77353f3b5610def958,/design_ICA_nonSmoothed.fsf,https://git.fmrib.ox.ac.uk/fsl/bip.git,git.fmrib.ox.ac.uk,0,1
swh:1:cnt:0dc90287a370df4dcdddea8b40adb33b32815c5d,0dc90287a370df4dcdddea8b40adb33b32815c5d,/single_encoding_ISR04_run2_set2_T9.fsf,https://github.com/QQXiao/ISR_2015,github.com,1,0
swh:1:cnt:0e01edb5f7b2048b7a91d8b1d14fa0b3a9f043a3,0e01edb5f7b2048b7a91d8b1d14fa0b3a9f043a3,/TwoCol22_BDI_AAI_1.fsf,http://att-program.googlecode.com/svn/,att-program.googlecode.com,1,0
swh:1:cnt:0e1b6e87ee8cc26c4170323dfd39f887aa75ce2d,0e1b6e87ee8cc26c4170323dfd39f887aa75ce2d,/55_R4538_N60_elapsed_time.fsf,https://github.com/adamgeorgeturnbull/elapsed_time,github.com,1,0
swh:1:cnt:0e20816aa1bbaa7eadfe1ffa4deba8f762777b7a,0e20816aa1bbaa7eadfe1ffa4deba8f762777b7a,/preproc_template.fsf,https://github.com/rithwikrg/A-reproducibility-study-Anticipation-of-temporally-structured-events,github.com,1,0
swh:1:cnt:0e8abaf8ba7ee164bbe02ea73bbc5eca71319387,0e8abaf8ba7ee164bbe02ea73bbc5eca71319387,/2131_run-2.fsf,https://git.mpib-berlin.mpg.de/LNDG/stateswitchage/stsw-stsw_fmri_task-0_preproc-data-preproc-2131.git,git.mpib-berlin.mpg.de,0,1
swh:1:cnt:0eae77227cc1b5cf211c10decd7a3c41ae80111f,0eae77227cc1b5cf211c10decd7a3c41ae80111f,/default.fsf,https://github.com/boudl004/RoboTest,github.com,0,1
swh:1:cnt:0eba0ec521d167e2286f3ddd2b5e68e76396631f,0eba0ec521d167e2286f3ddd2b5e68e76396631f,/input-33.fsf,https://github.com/dreibh/rsplib,github.com,1,0
swh:1:cnt:0eee5a5771b5252f699c0b2cca421ee3c7d77032,0eee5a5771b5252f699c0b2cca421ee3c7d77032,/R4487_S1_Run_1_N60_elapsed_time.fsf,https://github.com/adamgeorgeturnbull/elapsed_time,github.com,1,0
swh:1:cnt:0fc034956daf976ea23af745927861f2be67a375,0fc034956daf976ea23af745927861f2be67a375,/sub-study003_ses-followup_task-probe_run-04_design.fsf,https://github.com/OpenNeuroDatasets/ds001417.git,github.com,1,0
swh:1:cnt:1089c6dafd0d34fcce656a5e1331c9989359c65a,1089c6dafd0d34fcce656a5e1331c9989359c65a,/design_sub-G12S01_runD.fsf,https://github.com/OpenNeuroDatasets/ds005731.git,github.com,1,0
swh:1:cnt:10a673ee9f8cc32a478aa2cff1caf83364a5b304,10a673ee9f8cc32a478aa2cff1caf83364a5b304,/feat_level_2_PacMan_Dynamic_minus_PacMan_Static_sed.fsf,https://github.com/zw1989/PacManStim,github.com,1,0
swh:1:cnt:10dde684b32efb7c46ea0b4beb859ab237d69927,10dde684b32efb7c46ea0b4beb859ab237d69927,/tfMRI_VISMOTOR_PA_hp200_s4_level1.fsf,https://github.com/Washington-University/HCPpipelines,github.com,0,1
swh:1:cnt:11051bc202fd51fd4f969a5c726618e35ade7d78,11051bc202fd51fd4f969a5c726618e35ade7d78,/L2_Gam_ActE.fsf,https://github.com/DVS-Lab/hcp-clinical,github.com,0,1
swh:1:cnt:110e8e32b67f93ca234a916499dc563b361f4162,110e8e32b67f93ca234a916499dc563b361f4162,/single_test_ISR07_run2_set2_T1.fsf,https://github.com/QQXiao/ISR_2015,github.com,1,0
swh:1:cnt:113278f29ebcbdccf62bba3945bd5110b1961788,113278f29ebcbdccf62bba3945bd5110b1961788,/default.fsf,https://github.com/JohnWangDataAnalyst/TVB_pipeline_68_ROI,github.com,0,1
swh:1:cnt:11bc97d5f31c441243c3335b0de214bdd1713117,11bc97d5f31c441243c3335b0de214bdd1713117,/single_encoding_ISR07_run1_set1_T17.fsf,https://github.com/QQXiao/ISR_2015,github.com,1,0
swh:1:cnt:11c523dffb8b1bcf73702c211960b0f61eb56a78,11c523dffb8b1bcf73702c211960b0f61eb56a78,/design3-checkpoint.fsf,https://github.com/niblunc/NIBL-1,github.com,0,1
swh:1:cnt:11f2cf765d0df2884e87d98ae8ae7d2d8a86ffb1,11f2cf765d0df2884e87d98ae8ae7d2d8a86ffb1,/sub-13_run-1_level1.fsf,https://github.com/pab2163/danl_mri_workshop,github.com,1,0
swh:1:cnt:12237e338e834290884a4dfd3b3823602105dda8,12237e338e834290884a4dfd3b3823602105dda8,/template_srCO2.e01_CVR.fsf,https://github.com/erinmaz/qfMRI_MS,github.com,0,1
swh:1:cnt:1250b70984abee43e80b433ee0dfd6f089f4d7b0,1250b70984abee43e80b433ee0dfd6f089f4d7b0,/group-avg-rest.fsf,https://github.com/NBCLab/PACE,github.com,1,1
swh:1:cnt:125cefd30781e1bf78339ea9f35ea04af3a94117,125cefd30781e1bf78339ea9f35ea04af3a94117,/1132_run-1.fsf,https://git.mpib-berlin.mpg.de/LNDG/stateswitchage/stsw-stsw_fmri_task-0_preproc-data-preproc-1132.git,git.mpib-berlin.mpg.de,1,0
swh:1:cnt:128129133b28bd3468a89ddb0fc985ede1b45930,128129133b28bd3468a89ddb0fc985ede1b45930,/ssica_task_22_run-14.fsf,https://github.com/DiedrichsenLab/Functional_Fusion,github.com,1,0
swh:1:cnt:1289246a6c117f3ba8c89c5f8191bc90d1003f4f,1289246a6c117f3ba8c89c5f8191bc90d1003f4f,/AndroidLDark.fsf,https://github.com/zdzichs/DelphiMikolaj,github.com,0,1
swh:1:cnt:128ca068c783d3ee9960a248a3742c54c0b5ba49,128ca068c783d3ee9960a248a3742c54c0b5ba49,/design.fsf,https://github.com/StevenM1/flashtask,github.com,1,0
swh:1:cnt:128e8ecb588851c26b236ea58053975382d62171,128e8ecb588851c26b236ea58053975382d62171,/omt203s01.fmri.taskFT.run4.melodicFixNone_design.fsf,https://github.com/CVNRni/proj.mh.cda1,github.com,1,0
swh:1:cnt:12a762f46dd47bbc5f0c8f1b3fd5dcfdac217802,12a762f46dd47bbc5f0c8f1b3fd5dcfdac217802,/omt318s01.fmri.taskFT.run4.melodicFixNone_design.fsf,https://github.com/CVNRni/proj.mh.cda1,github.com,1,0
swh:1:cnt:12c2608674a5f80e190ff7bcc905d683958c5c7f,12c2608674a5f80e190ff7bcc905d683958c5c7f,/int_16.fsf,https://github.com/Moddus/lucino,github.com,0,1
swh:1:cnt:12e1ad466b66e7bc283f789e48d74f311182ab8e,12e1ad466b66e7bc283f789e48d74f311182ab8e,/design.fsf,https://gitlab.com/kytk/shell-basic.git,gitlab.com,0,1
swh:1:cnt:1354cf3a3918d315a254995e8bfa4b535755c8d3,1354cf3a3918d315a254995e8bfa4b535755c8d3,/single_test_ISR15_run1_set2_T14.fsf,https://github.com/QQXiao/ISR_2015,github.com,1,0
swh:1:cnt:13556024d49d271bdb0af451fdfd547cfc116cae,13556024d49d271bdb0af451fdfd547cfc116cae,/design.fsf,https://git.mpib-berlin.mpg.de/LNDG/stateswitchage/stsw-stsw_fmri_task-0_preproc-data-preproc-1266.git,git.mpib-berlin.mpg.de,0,1
swh:1:cnt:1362c4e03c8e57bf2aec3901e79755ef69c028e2,1362c4e03c8e57bf2aec3901e79755ef69c028e2,/feat_template.fsf,https://github.com/cdla-archive/murfi2,github.com,1,0
swh:1:cnt:1389dec23dc41cd0b4dc743c59fdaf0ac4b1dbaf,1389dec23dc41cd0b4dc743c59fdaf0ac4b1dbaf,/._nuisance.fsf,https://github.com/glemaitre/autism,github.com,0,1
swh:1:cnt:13b9792c1a892da8128bb852ff6790227b94571e,13b9792c1a892da8128bb852ff6790227b94571e,/L2_task-sharedreward_model-02_type-ppi.fsf,https://github.com/jameswyngaarden/istart-sharedreward,github.com,1,1
swh:1:cnt:1406acef486c97a55afc6ecbccf281da345bab93,1406acef486c97a55afc6ecbccf281da345bab93,/single_test_ISR21_run2_set2_T2.fsf,https://github.com/QQXiao/ISR_2015,github.com,1,0
swh:1:cnt:140d481bbd3c14fc06c938cb9f0827f3eec45515,140d481bbd3c14fc06c938cb9f0827f3eec45515,/z2.fsf,https://github.com/dreibh/rsplib,github.com,0,1
swh:1:cnt:1425c7bbd20e87254966b9b8afa42735bcbb362b,1425c7bbd20e87254966b9b8afa42735bcbb362b,/sub-03_level2_spm_drift.fsf,https://github.com/AlexBowring/SC2,github.com,1,0
swh:1:cnt:146530f7d69c7d20a6d80675b1091b20d2454e0b,146530f7d69c7d20a6d80675b1091b20d2454e0b,/design_taste_lev2template.fsf,https://github.com/grace-shearrer/fsf_templates,github.com,0,1
swh:1:cnt:1484e17d68cc34133ee461dcf2e2058bc9f33302,1484e17d68cc34133ee461dcf2e2058bc9f33302,/design.fsf,https://github.com/datalad/hcp-100307-test,github.com,1,0
swh:1:cnt:148c273269cf75a3a5c5f6acff102ea50e6a4136,148c273269cf75a3a5c5f6acff102ea50e6a4136,/FieldSetFile.fsf,https://github.com/WIEQLI/DRAArrayDesign,github.com,0,1
swh:1:cnt:148eef85f6312e6c970c79c082f96402cb37738b,148eef85f6312e6c970c79c082f96402cb37738b,/sub-study023_followup_before_task-responsetosnacks_level2_design.fsf,https://github.com/OpenNeuroDatasets/ds001417.git,github.com,1,0
swh:1:cnt:14cf4d422ff3a377b9c26a0d2259b9025023509a,14cf4d422ff3a377b9c26a0d2259b9025023509a,/feat_level_1_func_04.fsf,https://github.com/zw1989/PacManStim,github.com,1,0
swh:1:cnt:15641c476c85984d062c03775f565b877d1a2798,15641c476c85984d062c03775f565b877d1a2798,/L1_task-ugdg_model-16_type-ppi.fsf,https://github.com/DVS-Lab/istart-ugdg,github.com,1,0
swh:1:cnt:15687a874df7f920ec43885cf8b6fd7e2defe11d,15687a874df7f920ec43885cf8b6fd7e2defe11d,/subj1023_task_run3.fsf,https://github.com/rrodriguezbarron/YC-Polarization,github.com,1,0
swh:1:cnt:159a0b46936bd19d4def4231317736040c8dfd19,159a0b46936bd19d4def4231317736040c8dfd19,/DSP.fsf,https://bitbucket.org/gataninc/software_4x35_genesis521.git,bitbucket.org,0,1
swh:1:cnt:15d2ac3b95bec63f9523135be0b7711b173dd3ec,15d2ac3b95bec63f9523135be0b7711b173dd3ec,/sub-study003_followup_before_task-responsetosnacks_level2_design.fsf,https://github.com/OpenNeuroDatasets/ds001417.git,github.com,1,0
swh:1:cnt:160a2196ceab521e55469793581c8e2be948efd5,160a2196ceab521e55469793581c8e2be948efd5,/design.fsf,https://git.mpib-berlin.mpg.de/LNDG/stateswitchage/stsw-stsw_fmri_task-0_preproc.git,git.mpib-berlin.mpg.de,1,0
swh:1:cnt:167d68a0824fa513df633ebef8d0470d4011ded6,167d68a0824fa513df633ebef8d0470d4011ded6,/level2_group.fsf,https://github.com/czarrar/DN-Regulation-Grant,github.com,0,1
swh:1:cnt:16a1c88ae5f1b28225a2bddad44f3a9e007ca867,16a1c88ae5f1b28225a2bddad44f3a9e007ca867,/single_test_ISR20_run2_set2_T9.fsf,https://github.com/QQXiao/ISR_2015,github.com,1,0
swh:1:cnt:16ac359d4fe2962d9780ad19541d980a5328565c,16ac359d4fe2962d9780ad19541d980a5328565c,/cda012pre.fmri.taskCMG.run3.melodicFixNone_design.fsf,https://github.com/CVNRni/proj.jn.cda2,github.com,1,0
swh:1:cnt:1726f620e38c33206da01f982cd46f99a8f0b72d,1726f620e38c33206da01f982cd46f99a8f0b72d,/design.fsf,https://git.mpib-berlin.mpg.de/LNDG/stateswitchage/stsw-stsw_fmri_task-0_preproc-data-preproc-1131.git,git.mpib-berlin.mpg.de,1,0
swh:1:cnt:1741e72c00e0904a89c8fb872b21b6b7bce410a7,1741e72c00e0904a89c8fb872b21b6b7bce410a7,/design.fsf,https://github.com/TomMaullin/nidmresults-examples,github.com,0,1
swh:1:cnt:176d791c965bc6e8066ad80f7b0e45e55a43f258,176d791c965bc6e8066ad80f7b0e45e55a43f258,/ChangeLog.fsf,https://github.com/rdebath/cvs,github.com,1,1
swh:1:cnt:178290f217717f00ddeb05d4a50c2bd474e59b3f,178290f217717f00ddeb05d4a50c2bd474e59b3f,/omt113s01.fmri.taskFT.run4.melodicFixNone_design.fsf,https://github.com/kmcgregor123456/proj.mh.cda2,github.com,1,0
swh:1:cnt:179890d0f14d871392f974841e52fbb24708bb21,179890d0f14d871392f974841e52fbb24708bb21,/cda007pst.fmri.rest.run1.melodicFixNone_design.fsf,https://github.com/CVNRni/proj.jn.cda2,github.com,1,0
swh:1:cnt:17a2dd01a70c326bbfc5b207fe04253d511a7d13,17a2dd01a70c326bbfc5b207fe04253d511a7d13,/cda004pre.fmri.taskCMG.run2.melodicFixNone_design.fsf,https://github.com/CVNRni/proj.jn.cda2,github.com,1,0
swh:1:cnt:17ada0e7ee9c0bc0998984ad22719b52458ffe3a,17ada0e7ee9c0bc0998984ad22719b52458ffe3a,/pbihb_FSLpreproc_template_task.fsf,https://gitlab.ethz.ch/tnu/code/harrison_breathing_anxiety_code.git,gitlab.ethz.ch,0,1
swh:1:cnt:17cb70fa4f7666161522b409d32522eb9cd644b5,17cb70fa4f7666161522b409d32522eb9cd644b5,/design.fsf,https://github.com/adswa/localizer,github.com,0,1
swh:1:cnt:17dcd23c42efef2645394684ccb74ab1ab81e97a,17dcd23c42efef2645394684ccb74ab1ab81e97a,/single_encoding_ISR05_run2_set2_T23.fsf,https://github.com/QQXiao/ISR_2015,github.com,1,0
swh:1:cnt:1806606d1024cd01810efc282d3c1c88482665ab,1806606d1024cd01810efc282d3c1c88482665ab,/sub-09_ses-002_task-eventStimVisOnly_run-003_VASO_conv.fsf,https://github.com/OpenNeuroDatasets/ds004539.git,github.com,1,0
swh:1:cnt:182c04a72460f4c75e58e47c499f904a97cbf347,182c04a72460f4c75e58e47c499f904a97cbf347,/12_2_spectest.fsf,https://bitbucket.org/vmacbuche/f-safe.git,bitbucket.org,1,0
swh:1:cnt:1847c5fbe477adba18118e4dbf55f964e2a278e9,1847c5fbe477adba18118e4dbf55f964e2a278e9,/sub-study041_ses-after_task-responsetosnacks_run-02_design.fsf,https://github.com/OpenNeuroDatasets/ds001417.git,github.com,1,0
swh:1:cnt:184956e176edd4083804774e8bc4eabaaa4cb0d6,184956e176edd4083804774e8bc4eabaaa4cb0d6,/L1_task-sonet_model-01.fsf,https://github.com/Ruimin-Kochi/Social_Habituation,github.com,0,1
swh:1:cnt:18573a13db47aac70d68f4d7be6e82dfb03c1cfc,18573a13db47aac70d68f4d7be6e82dfb03c1cfc,/single_encoding_ISR15_run2_set2_T1.fsf,https://github.com/QQXiao/ISR_2015,github.com,1,0
swh:1:cnt:1862f1d4a32e7c59783ab64245a69d3c60212375,1862f1d4a32e7c59783ab64245a69d3c60212375,/ssica_task_31_run-29.fsf,https://github.com/DiedrichsenLab/Functional_Fusion,github.com,1,0
swh:1:cnt:1875bbcf27c21e894bed43f7fe6cb6977cfafdea,1875bbcf27c21e894bed43f7fe6cb6977cfafdea,/omt030s01.fmri.taskFT.run4.melodicFixNone_design.fsf,https://github.com/CVNRni/proj.mh.cda1,github.com,1,0
swh:1:cnt:18eb9d3b81d8e432fc938c1a2e5bcdac45eca699,18eb9d3b81d8e432fc938c1a2e5bcdac45eca699,/STARTMENU.fsf,https://github.com/qimiao032/Matthew-Lancaster,github.com,0,1
swh:1:cnt:19195c2259fdd59ef66e522145c1e29066cbdf0a,19195c2259fdd59ef66e522145c1e29066cbdf0a,/design_ICA_nonSmoothed.fsf,https://github.com/yilewang/tvb-ukbb,github.com,0,1
swh:1:cnt:19260590cec526d39b40deb147fac69c5513f6b5,19260590cec526d39b40deb147fac69c5513f6b5,/db.fsf,https://github.com/Cross22/Thermostat,github.com,1,0
swh:1:cnt:192653038de3ea43354468dd4da8da1371f053a4,192653038de3ea43354468dd4da8da1371f053a4,/iOSBlack.fsf,https://github.com/C-Medical/appmethod,github.com,0,1
swh:1:cnt:1960a9d2adfedf909b67500a6ff2d736625959e7,1960a9d2adfedf909b67500a6ff2d736625959e7,/cda010pst.fmri.taskCMG.run5.melodicFixNone_design.fsf,https://github.com/CVNRni/proj.jn.cda2,github.com,1,0
swh:1:cnt:196885fc48fe924cc37003c59a38da9153218dbb,196885fc48fe924cc37003c59a38da9153218dbb,/64_R4258_N60_elapsed_time.fsf,https://github.com/adamgeorgeturnbull/elapsed_time,github.com,1,0
swh:1:cnt:1968e420fb2432813ecb9154c46ad661db871a8e,1968e420fb2432813ecb9154c46ad661db871a8e,/sub-10_run-1_level1.fsf,https://github.com/pab2163/danl_mri_workshop,github.com,1,0
swh:1:cnt:19a5f13ed5c7bf33d7ddbcb9a1639a43cfbfb275,19a5f13ed5c7bf33d7ddbcb9a1639a43cfbfb275,/heart_wrt_note_level_1.fsf,https://github.com/htwangtw/depersonalisation,github.com,1,1
swh:1:cnt:19aba6211a6623ccbae62e88cdd1e8c004fc32aa,19aba6211a6623ccbae62e88cdd1e8c004fc32aa,/facesContrast.fsf,https://github.com/rhernandez00/MVPA,github.com,0,1
swh:1:cnt:19ce9adabddc0fbdef711c5a7cb182be7b06f514,19ce9adabddc0fbdef711c5a7cb182be7b06f514,/ssica_task_24_run-21.fsf,https://github.com/DiedrichsenLab/Functional_Fusion,github.com,1,0
swh:1:cnt:1a39e6610d6687da212d5d8916d5e11ffcdf68cf,1a39e6610d6687da212d5d8916d5e11ffcdf68cf,/design.fsf,https://github.com/StevenM1/flashtask,github.com,1,0
swh:1:cnt:1a4fc546b1f32a8b1ce0a9552256715777c1da20,1a4fc546b1f32a8b1ce0a9552256715777c1da20,/z15.fsf,https://github.com/dreibh/rsplib,github.com,1,0
swh:1:cnt:1a6b5b7d57c4b0702924c30fd78db105c774b5af,1a6b5b7d57c4b0702924c30fd78db105c774b5af,/template.fsf,https://github.com/Figsandcitrus/xcpEngine,github.com,0,1
swh:1:cnt:1ab535b70602a4d684b9bb69f107cdbf6939746e,1ab535b70602a4d684b9bb69f107cdbf6939746e,/design.template.fsf,https://github.com/tpankaj/kzpy3.0,github.com,0,1
swh:1:cnt:1ae44aec8b39fdd036985964171e45c5be3e6fee,1ae44aec8b39fdd036985964171e45c5be3e6fee,/preproc_5mm_5del_100s_mc.fsf,https://github.com/rgerraty/reversal_learning_pd,github.com,0,1
swh:1:cnt:1b3ab932ec76265d991704b3913ff598a76d9b62,1b3ab932ec76265d991704b3913ff598a76d9b62,/design.fsf,https://github.com/datalad/hcp-100307-test,github.com,0,1
swh:1:cnt:1b5af4927c1ca55dcdd9961d288123ccc38d7e99,1b5af4927c1ca55dcdd9961d288123ccc38d7e99,/single_test_ISR15_run2_set2_T9.fsf,https://github.com/QQXiao/ISR_2015,github.com,1,0
swh:1:cnt:1b5d69bd4045a3289de38bb4f717947ae407bcad,1b5d69bd4045a3289de38bb4f717947ae407bcad,/design.fsf,https://github.com/pederisager/Opioid_Reward_fMRI,github.com,1,0
swh:1:cnt:1b60da554f0229273a814b24f63dd1091f1cb3aa,1b60da554f0229273a814b24f63dd1091f1cb3aa,/default.fsf,https://github.com/BrainModes/TVB-Pypeline,github.com,0,1
swh:1:cnt:1b76b602ad21536640362d92b71dc4accb787707,1b76b602ad21536640362d92b71dc4accb787707,/design_template.fsf,https://github.com/LNDG/Mansson_etal_2022_BiolPsychiatry,github.com,0,1
swh:1:cnt:1b9fd4d06fc362d21664a4555a8a4a51e7504c51,1b9fd4d06fc362d21664a4555a8a4a51e7504c51,/single_test_ISR05_run1_set2_T2.fsf,https://github.com/QQXiao/ISR_2015,github.com,1,0
swh:1:cnt:1ba3159ab26d0e23c042f9d8e123949911ed37c9,1ba3159ab26d0e23c042f9d8e123949911ed37c9,/single_test_ISR20_run2_set1_T16.fsf,https://github.com/QQXiao/ISR_2015,github.com,1,0
swh:1:cnt:1ba36031f610d7a1fb8c66f24e31ebbec08be16f,1ba36031f610d7a1fb8c66f24e31ebbec08be16f,/design.fsf,https://github.com/pederisager/Opioid_Reward_fMRI,github.com,1,0
swh:1:cnt:1ba81c3bd0370bc1aa3c27dd1752fcfafcb41c25,1ba81c3bd0370bc1aa3c27dd1752fcfafcb41c25,/single_test_ISR04_run1_set1_T19.fsf,https://github.com/QQXiao/ISR_2015,github.com,1,0
swh:1:cnt:1ba8e0f52b036ff5a4b37414c024bee103e0a874,1ba8e0f52b036ff5a4b37414c024bee103e0a874,/design.fsf,https://git.mpib-berlin.mpg.de/LNDG/stateswitchage/stsw-stsw_fmri_rest-0_preproc.git,git.mpib-berlin.mpg.de,1,0
swh:1:cnt:1bd3c33787f2b52717b462f1ed70f0ffa4ac14a0,1bd3c33787f2b52717b462f1ed70f0ffa4ac14a0,/design.fsf,https://github.com/lukassnoek/ReligiosityVBM,github.com,0,1
swh:1:cnt:1be4446caf8fa5864bc48d8baba146309f69063a,1be4446caf8fa5864bc48d8baba146309f69063a,/input-024.fsf,https://github.com/dreibh/rsplib,github.com,1,0
swh:1:cnt:1bfa5beb3ed3574f884018fed9469c43a6455719,1bfa5beb3ed3574f884018fed9469c43a6455719,/debug.fsf,https://github.com/rflab/fpga_ramen_timer,github.com,0,1
swh:1:cnt:1c93b04f3d964a6baab4d485ff1b858beb4140d8,1c93b04f3d964a6baab4d485ff1b858beb4140d8,/melodic_design_template.fsf,https://github.com/seeleylab/SeeleyToolbox,github.com,0,1
swh:1:cnt:1cc1602278e166087853a8f8866a8250c4284b89,1cc1602278e166087853a8f8866a8250c4284b89,/design.fsf,https://github.com/psych251/mortazavi2019,github.com,0,1
swh:1:cnt:1d073bab72123a3c1aa10cbe3ef31b7f2a3fa065,1d073bab72123a3c1aa10cbe3ef31b7f2a3fa065,/design.fsf,https://git.mpib-berlin.mpg.de/LNDG/stateswitchage/stsw-stsw_fmri_task-0_preproc-data-preproc-1245.git,git.mpib-berlin.mpg.de,0,1
swh:1:cnt:1d0b626183f9339958b10ffd13f05270f1e77c40,1d0b626183f9339958b10ffd13f05270f1e77c40,/ica_tfMRI_MID1_hp200_s4_level1.fsf,https://github.com/DCAN-Labs/abcd_task_prep,github.com,1,0
swh:1:cnt:1d276d93a59d9e88593eea819601aa2885c9ffe8,1d276d93a59d9e88593eea819601aa2885c9ffe8,/feat_template_b2b.fsf,https://github.com/LiuLisha-BNU/proj-teacher-student-isc,github.com,0,1
swh:1:cnt:1d5c22753bbc7f79356c18f15c536b5de78c296b,1d5c22753bbc7f79356c18f15c536b5de78c296b,/feat_level_1_func_06_sed.fsf,https://github.com/ingo-m/surface,github.com,1,0
swh:1:cnt:1d97ec6c53435525fb3da39d00a4b1a5afa4b8a4,1d97ec6c53435525fb3da39d00a4b1a5afa4b8a4,/run_feat_RUN_06_Melanopsin_series_11.fsf,https://github.com/bock42/UPennProjects,github.com,1,0
swh:1:cnt:1da78b6ff09142cdc468b09e90642e85f047332a,1da78b6ff09142cdc468b09e90642e85f047332a,/glm5.fsf,https://github.com/juhuntenburg/getwell,github.com,0,1
swh:1:cnt:1dd8247f0684387d5ae4e9a355054ebcfe27a594,1dd8247f0684387d5ae4e9a355054ebcfe27a594,/design.fsf,https://git.mpib-berlin.mpg.de/LNDG/stateswitchage/stsw-stsw_fmri_task-0_preproc-data-preproc-2214.git,git.mpib-berlin.mpg.de,0,1
swh:1:cnt:1ded8e2a2bb8126dce7e6ddde96ede992f36cf49,1ded8e2a2bb8126dce7e6ddde96ede992f36cf49,/preprocess_template.fsf,https://github.com/monagarvert/preprocessing_fsl,github.com,0,1
swh:1:cnt:1df85aab7528fc6e418ac83e2900c190ea19059a,1df85aab7528fc6e418ac83e2900c190ea19059a,/design.fsf,https://github.com/StevenM1/flashtask,github.com,1,0
swh:1:cnt:1e11ab1f29d9c40b58511dd0b24c85082bd45f0e,1e11ab1f29d9c40b58511dd0b24c85082bd45f0e,/k16.fsf,https://github.com/dreibh/rsplib,github.com,1,0
swh:1:cnt:1e2b0d8bb5a830c796ef2a5c6d9a983d840beb0f,1e2b0d8bb5a830c796ef2a5c6d9a983d840beb0f,/design.fsf,https://github.com/yarikoptic/demo1,github.com,1,0
swh:1:cnt:1e2ee604f92f64207146206187bae15e1c5f22ff,1e2ee604f92f64207146206187bae15e1c5f22ff,/level3_group_stats.fsf,https://github.com/394481125/fmri_proc,github.com,0,1
swh:1:cnt:1e5c58b8479c4009641bbe3e7da813494abc62aa,1e5c58b8479c4009641bbe3e7da813494abc62aa,/fdt_script_close.fsf,https://github.com/miguelangelo78/My-Uni-Assignments,github.com,1,0
swh:1:cnt:1f0ad7276323d8466e6cc6ab7b8c78a53faa6d13,1f0ad7276323d8466e6cc6ab7b8c78a53faa6d13,/template.fsf,https://github.com/flywheel-apps/fsl-feat,github.com,0,1
swh:1:cnt:1f45bedce81c8139ee6044fd074537b771087f45,1f45bedce81c8139ee6044fd074537b771087f45,/design.fsf,https://github.com/StevenM1/flashtask,github.com,1,0
swh:1:cnt:1f5b4d62475118b882bdc9799a2ffa8584cddd4d,1f5b4d62475118b882bdc9799a2ffa8584cddd4d,/template_regress.fsf,https://github.com/munsellb/MUSC_fMRI_PIPELINE,github.com,0,1
swh:1:cnt:1f7e78fb7be97f7eb888e0c45e02849f69827793,1f7e78fb7be97f7eb888e0c45e02849f69827793,/preprocessing.fsf,https://github.com/AleksHerm/FSL_Cluster_Template,github.com,0,1
swh:1:cnt:1f987c78a677056a48172b0920f8f305a217946b,1f987c78a677056a48172b0920f8f305a217946b,/cda006pst.fmri.taskCMG.run6.melodicFixNone_design.fsf,https://github.com/CVNRni/proj.jn.cda2,github.com,1,0
swh:1:cnt:2025b5305a2c883b1bcf7fd4f1c87d0c610ae109,2025b5305a2c883b1bcf7fd4f1c87d0c610ae109,/L1_template-m01_ppi_wPaths.fsf,https://github.com/DVS-Lab/rutgers-r21,github.com,0,1
swh:1:cnt:2052137bc294fd89375caf23350ad31a6d0f0e69,2052137bc294fd89375caf23350ad31a6d0f0e69,/design.fsf,https://git.mpib-berlin.mpg.de/LNDG/stateswitchage/stsw-stsw_fmri_task-0_preproc.git,git.mpib-berlin.mpg.de,1,0
swh:1:cnt:20638ae5ac7eefdb84c2de77a3d68862e2af583a,20638ae5ac7eefdb84c2de77a3d68862e2af583a,/LVL1.fsf,https://github.com/allisonjack/ACE_girls,github.com,0,1
swh:1:cnt:2085e74b225467666e60b26c5ec3f3f762e983b9,2085e74b225467666e60b26c5ec3f3f762e983b9,/design.fsf,https://github.com/StevenM1/flashtask,github.com,1,0
swh:1:cnt:208ab4b729860c88d7b0af0a2e3f6322f94a0552,208ab4b729860c88d7b0af0a2e3f6322f94a0552,/single_encoding_ISR18_run2_set1_T23.fsf,https://github.com/QQXiao/ISR_2015,github.com,1,0
swh:1:cnt:208d45d6540b2d69f0a290532cdab295edfc9639,208d45d6540b2d69f0a290532cdab295edfc9639,/single_test_ISR20_run1_set2_T18.fsf,https://github.com/QQXiao/ISR_2015,github.com,1,0
swh:1:cnt:20b0e550d072af039a6610a30bd1be3b551121df,20b0e550d072af039a6610a30bd1be3b551121df,/template_source_memory_lvl2.fsf,https://github.com/dunsmoorlab/gPPI,github.com,0,1
swh:1:cnt:20d31eaf4406af59f7ff26fb23659dec6fd32ae6,20d31eaf4406af59f7ff26fb23659dec6fd32ae6,/design_template.fsf,https://github.com/UMCU-RIBS/grvx,github.com,0,1
swh:1:cnt:20d3494946c4544cc9955317bfac973cccbd2112,20d3494946c4544cc9955317bfac973cccbd2112,/group_design.fsf,https://github.com/m-anand/mrans,github.com,0,1
swh:1:cnt:20dc87ec5c75c736d82fc3ae34361884e9098134,20dc87ec5c75c736d82fc3ae34361884e9098134,/WM-template.fsf,https://github.com/kellyuw/STAR-pipeline,github.com,0,1
swh:1:cnt:20e8925379b893acb5cbd1127bf3372f7b912251,20e8925379b893acb5cbd1127bf3372f7b912251,/sub-43_run-01_level1.fsf,https://github.com/AlexBowring/SC2,github.com,1,0
swh:1:cnt:20eba014d3f7d6206fd1d906faa704b41e61f9a3,20eba014d3f7d6206fd1d906faa704b41e61f9a3,/design_sub-G18S02_runE.fsf,https://github.com/OpenNeuroDatasets/ds005731.git,github.com,1,0
swh:1:cnt:20ef6cf97d5e3b2bbe62ab17b8a6702c8caef655,20ef6cf97d5e3b2bbe62ab17b8a6702c8caef655,/impact.fsf,https://github.com/th3crack3n/Image-Manipulation,github.com,0,1
swh:1:cnt:213602df70fa4bcfd0075f44158bdf0052f8333d,213602df70fa4bcfd0075f44158bdf0052f8333d,/ppi_feat_template.fsf,https://github.com/johneusebio/brain_state_proj,github.com,0,1
swh:1:cnt:21474c556e74e688160ceee515bbb42a98272284,21474c556e74e688160ceee515bbb42a98272284,/sub-PXX_DurXX_analysis-2ndSeedDefTarFalseFont_space-SXX.fsf,https://github.com/david-rtr/cogitate-msp1,github.com,0,1
swh:1:cnt:2179ba0d1dfbd8043d81d35df75e19e3f46f2159,2179ba0d1dfbd8043d81d35df75e19e3f46f2159,/single_test_ISR04_run1_set1_T3.fsf,https://github.com/QQXiao/ISR_2015,github.com,1,0
swh:1:cnt:21a721c1148103a1af056f8d748b5079867d5cbe,21a721c1148103a1af056f8d748b5079867d5cbe,/sub-study003_ses-followup_task-probe_run-02_design.fsf,https://github.com/OpenNeuroDatasets/ds001417.git,github.com,1,0
swh:1:cnt:21d1b3a11b104452aba94644ed98790f576d5434,21d1b3a11b104452aba94644ed98790f576d5434,/single_encoding_ISR08_run2_set1_T10.fsf,https://github.com/QQXiao/ISR_2015,github.com,1,0
swh:1:cnt:21d4e60ee4816f34e7d4c181687881fd09ec4e79,21d4e60ee4816f34e7d4c181687881fd09ec4e79,/test.fsf,https://github.com/shyzik93/ManSPy,github.com,0,1
swh:1:cnt:22018019d151350b6cf753b376db875646e6913b,22018019d151350b6cf753b376db875646e6913b,/eingabe014.fsf,https://github.com/dreibh/rsplib,github.com,1,0
swh:1:cnt:221341ef47f4c2381375e2d712ec05aca5f5f5aa,221341ef47f4c2381375e2d712ec05aca5f5f5aa,/ptjfxhzf.fsf,https://github.com/NicoBaumann454/alps.net.api,github.com,0,1
swh:1:cnt:22383adac5d8fe43dd7b00009fa7fb6c39333b39,22383adac5d8fe43dd7b00009fa7fb6c39333b39,/test.fsf,https://github.com/Ra93POL/ManSPy,github.com,0,1
swh:1:cnt:2252f8a9167ac8ccb714b63f547d26ddd484575c,2252f8a9167ac8ccb714b63f547d26ddd484575c,/sub-11_ses-002_task-eventStimRandom_run-001_VASO_fir.fsf,https://github.com/OpenNeuroDatasets/ds004539.git,github.com,1,0
swh:1:cnt:231e1fac3167787568b88c585d5ab13f1f5e42c4,231e1fac3167787568b88c585d5ab13f1f5e42c4,/group_cope6.fsf,https://github.com/dunsmoorlab/gPPI,github.com,1,0
swh:1:cnt:23414f3327e878e3d3085f0810738e07dab638d6,23414f3327e878e3d3085f0810738e07dab638d6,/DZ.fsf,https://github.com/niblunc/twin_HCP_paper,github.com,1,0
swh:1:cnt:23484e432f1fc1809e3d4ab4758a8e40790abda6,23484e432f1fc1809e3d4ab4758a8e40790abda6,/OneSampleTtest_GroupSize40.fsf,https://github.com/PAmcconnell/ParametricMultisubjectfMRI,github.com,1,0
swh:1:cnt:235a87ad6a50d2e766eb7c69a84849d5b32dcd9c,235a87ad6a50d2e766eb7c69a84849d5b32dcd9c,/1169_run-3.fsf,https://git.mpib-berlin.mpg.de/LNDG/stateswitchage/stsw-stsw_fmri_task-0_preproc-data-preproc-1169.git,git.mpib-berlin.mpg.de,1,0
swh:1:cnt:2383cbee1ff87f82e8bbd6d869cbebb91d384ca4,2383cbee1ff87f82e8bbd6d869cbebb91d384ca4,/preproc_template_design.fsf,https://github.com/NPDL/NPDL-scripts,github.com,0,1
swh:1:cnt:238c30d7c955339ef0335128b3e22620393912e2,238c30d7c955339ef0335128b3e22620393912e2,/design.fsf,https://github.com/StevenM1/flashtask,github.com,1,0
swh:1:cnt:23951fe2aad216abd223c8e53bc8de73cb5df3c2,23951fe2aad216abd223c8e53bc8de73cb5df3c2,/run_feat_RUN_13_LMS_series_18.fsf,https://github.com/bock42/UPennProjects,github.com,1,0
swh:1:cnt:23bf119e2c0cdbdfb93631f048b180eaea627810,23bf119e2c0cdbdfb93631f048b180eaea627810,/test_fsl_feat.fsf,https://github.com/TommyClausner/laminarfMRI,github.com,0,1
swh:1:cnt:23f53fa0e891d587b06ab5814fdd7b20a41c18b9,23f53fa0e891d587b06ab5814fdd7b20a41c18b9,/designWithContrasts.fsf,https://git.fmrib.ox.ac.uk/lhunt/WIN-grad-programme-model.git,git.fmrib.ox.ac.uk,0,1
swh:1:cnt:2414f1ca620be3e1f1c831fc9a8da7244777a0fd,2414f1ca620be3e1f1c831fc9a8da7244777a0fd,/FEATpreproc_MB-checkpoint.fsf,https://github.com/bhismalab/GutBrain,github.com,0,1
swh:1:cnt:241a5a289f110e31c45a907ea5983794abf38a74,241a5a289f110e31c45a907ea5983794abf38a74,/ChangeLog.fsf,https://github.com/modula3/pm3,github.com,0,1
swh:1:cnt:24502495a54362b74c3d345c8c03912b896daa67,24502495a54362b74c3d345c8c03912b896daa67,/design.fsf,https://git.mpib-berlin.mpg.de/LNDG/stateswitchage/stsw-stsw_fmri_task-0_preproc-data-preproc-2132.git,git.mpib-berlin.mpg.de,1,0
swh:1:cnt:24526c5590161a5fb9bd4bc9de4301c36a653c01,24526c5590161a5fb9bd4bc9de4301c36a653c01,/feat_GLM3_Sample_Scripts_neg.fsf,https://github.com/denOudenLab/Algermissen2021CerCor,github.com,0,1
swh:1:cnt:24528ec4d49b9327c98041d926a1ec69ebeffbd9,24528ec4d49b9327c98041d926a1ec69ebeffbd9,/design_sub-G05S06.fsf,https://github.com/OpenNeuroDatasets/ds005731.git,github.com,1,0
swh:1:cnt:2499d7ed7ce6f38f3adb7442f506fac4d54e5da2,2499d7ed7ce6f38f3adb7442f506fac4d54e5da2,/design_ICA_nonSmoothed.fsf,https://github.com/pmahon3/tvb-ukbb-music,github.com,0,1
swh:1:cnt:24af64552b5e0ef7c8acbcc480f98948f8d2a3b3,24af64552b5e0ef7c8acbcc480f98948f8d2a3b3,/run_feat_RUN_12_Isochromatic_series_17.fsf,https://github.com/bock42/UPennProjects,github.com,1,0
swh:1:cnt:24d84f2e1ba9c729c601c250176eeee8485e043d,24d84f2e1ba9c729c601c250176eeee8485e043d,/sub-13_run-01_level1_afni_drift.fsf,https://github.com/AlexBowring/SC2,github.com,1,0
swh:1:cnt:24fc389883b19b2e5611226361af2288c211205f,24fc389883b19b2e5611226361af2288c211205f,/2133_run-4.fsf,https://git.mpib-berlin.mpg.de/LNDG/stateswitchage/stsw-stsw_fmri_task-0_preproc-data-preproc-2133.git,git.mpib-berlin.mpg.de,0,1
swh:1:cnt:25a2b1280bf8b4dc860c1911991809f73649801b,25a2b1280bf8b4dc860c1911991809f73649801b,/11_3_spectest.fsf,https://bitbucket.org/vmacbuche/f-safe.git,bitbucket.org,1,0
swh:1:cnt:2607361b3c5a7b2ae15e23d545434362d98417d9,2607361b3c5a7b2ae15e23d545434362d98417d9,/newdesign.fsf,https://github.com/bbfrederick/ukbb_processing,github.com,0,1
swh:1:cnt:262119f2772ce364ce8619b9f26eaccfef06c6c1,262119f2772ce364ce8619b9f26eaccfef06c6c1,/design.fsf,https://github.com/jacek257/Project-Chocolate,github.com,0,1
swh:1:cnt:2627a6e1bc39b0f10488da73af94e4c62f3ef83a,2627a6e1bc39b0f10488da73af94e4c62f3ef83a,/br4.fsf,https://github.com/Cross22/Thermostat,github.com,0,1
swh:1:cnt:263d9e50fa0eb478a71ff81f0d0af2dae46c3506,263d9e50fa0eb478a71ff81f0d0af2dae46c3506,/feat_level_1_func_04.fsf,https://github.com/zw1989/PacManStim,github.com,1,0
swh:1:cnt:2655790aa4857646930e69eddf0d486cf66496c6,2655790aa4857646930e69eddf0d486cf66496c6,/feat_level_1_func_01_sed.fsf,https://github.com/zw1989/PacManStim,github.com,1,0
swh:1:cnt:26b58e63db13d60f5535946f17355826c5670243,26b58e63db13d60f5535946f17355826c5670243,/001_2_2.fsf,https://github.com/pederisager/ABEL,github.com,1,0
swh:1:cnt:26cd3dced75e69c1697e1400ee048a1d2bfbe359,26cd3dced75e69c1697e1400ee048a1d2bfbe359,/L1_task-mid_model-2_type-ppi.fsf,https://github.com/KanshaNambi/istart-mid,github.com,1,0
swh:1:cnt:27678c24fa4c1e0402bb72c4f3ecaa87acde5b1d,27678c24fa4c1e0402bb72c4f3ecaa87acde5b1d,/within_subj_design.fsf,https://github.com/Isaiah-Silverstein/CAED_fMRI,github.com,0,1
swh:1:cnt:2781ae9802808db384f589b8ffd0ba873a7c026b,2781ae9802808db384f589b8ffd0ba873a7c026b,/feat_level_1_func_06_sed.fsf,https://github.com/zw1989/PacManStim,github.com,0,1
swh:1:cnt:278ce0fdfe558aad4c8fc21f33d3a7dfe81cc885,278ce0fdfe558aad4c8fc21f33d3a7dfe81cc885,/N60_elapsed_time_4_31.fsf,https://github.com/adamgeorgeturnbull/elapsed_time,github.com,1,0
swh:1:cnt:2790c5c4531585b4f2f053c381d3a9f70420ff18,2790c5c4531585b4f2f053c381d3a9f70420ff18,/motor_template.fsf,https://github.com/DavidAbramian/CENIIT,github.com,0,1
swh:1:cnt:27a2abdbf1cb1ef2fb9eb59fc8761733b9ff5ab4,27a2abdbf1cb1ef2fb9eb59fc8761733b9ff5ab4,/TwoCol18_BDI_AAI_2.fsf,http://att-program.googlecode.com/svn/,att-program.googlecode.com,1,0
swh:1:cnt:27ef645a109d5913722290cf5cc5f2e13f5296b6,27ef645a109d5913722290cf5cc5f2e13f5296b6,/ffa_design.fsf,https://github.com/dr-xenia/ohbm2018-training,github.com,0,1
swh:1:cnt:27fb38a15f25b3ae69c24634bb66c9b6783bba9e,27fb38a15f25b3ae69c24634bb66c9b6783bba9e,/design.fsf,https://git.mpib-berlin.mpg.de/LNDG/stateswitchage/stsw-stsw_fmri_task-0_preproc-data-preproc-1261.git,git.mpib-berlin.mpg.de,0,1
swh:1:cnt:28215090cc3d80fa327b4057fd5d2737cfbd8c14,28215090cc3d80fa327b4057fd5d2737cfbd8c14,/ssica_task_23_run-15.fsf,https://github.com/DiedrichsenLab/Functional_Fusion,github.com,1,0
swh:1:cnt:2824780926fc69d93429c4d4c2a982d777ee9e41,2824780926fc69d93429c4d4c2a982d777ee9e41,/design.fsf,https://github.com/pederisager/Opioid_Reward_fMRI,github.com,1,0
swh:1:cnt:287f03a43086f99754a419de2e84abd341c34e1b,287f03a43086f99754a419de2e84abd341c34e1b,/design.fsf,https://github.com/GalKepler/django_mri,github.com,0,1
swh:1:cnt:2884b0fd98e11fc6e85fa7cc1ec160f838422ce2,2884b0fd98e11fc6e85fa7cc1ec160f838422ce2,/template_task_retr.fsf,https://github.com/62442katieb/IDConn,github.com,0,1
swh:1:cnt:289e0297dc75e9f08bb610669af2c4b8ff0c9ca1,289e0297dc75e9f08bb610669af2c4b8ff0c9ca1,/run0.fsf,https://gitlab.inria.fr/ageffroy/reproduction_chen_al_2022,gitlab.inria.fr,0,1
swh:1:cnt:28b6a11d60027aae85e313802bfee0abca7a76b4,28b6a11d60027aae85e313802bfee0abca7a76b4,/design_tem_1_5_120_o.fsf,https://github.com/catalinabustam/rubyfmri,github.com,0,1
swh:1:cnt:28ffa9421a77ff100c403df6b1059fdeaba99f77,28ffa9421a77ff100c403df6b1059fdeaba99f77,/feat_mc_template.fsf,https://github.com/ntardiff/MRklar,github.com,0,1
swh:1:cnt:291a3e3fc897f3b24288327907f0cc3a1306b759,291a3e3fc897f3b24288327907f0cc3a1306b759,/1131_run-2.fsf,https://git.mpib-berlin.mpg.de/LNDG/stateswitchage/stsw-stsw_fmri_task-0_preproc-data-preproc-1131.git,git.mpib-berlin.mpg.de,0,1
swh:1:cnt:293fe1a78cc9a57c13cc41dd68dbf3c32f587f8c,293fe1a78cc9a57c13cc41dd68dbf3c32f587f8c,/single_encoding_ISR04_run1_set1_T12.fsf,https://github.com/QQXiao/ISR_2015,github.com,1,0
swh:1:cnt:294b1f8b02cd47a730bca6ad7e4f6008a4decf55,294b1f8b02cd47a730bca6ad7e4f6008a4decf55,/z13.fsf,https://github.com/dreibh/rsplib,github.com,1,0
swh:1:cnt:295a0fd4b48623a2d772aef908209f78bcd591fa,295a0fd4b48623a2d772aef908209f78bcd591fa,/test.fsf,https://github.com/BlackBindy/neuroevolution-ai-on-danurivr,github.com,0,1
swh:1:cnt:295e4e1ffcb82da750e6d100dc680d3dde4671ce,295e4e1ffcb82da750e6d100dc680d3dde4671ce,/template_gfeat2.fsf,https://github.com/KokilaP/fMRI_Analysis,github.com,0,1
swh:1:cnt:297c116baac3f7e0daeb9aa11639e46daba60645,297c116baac3f7e0daeb9aa11639e46daba60645,/luna_compile.fsf,https://github.com/s2sprodotti/SDS,github.com,0,1
swh:1:cnt:2984341a4465c6a7ba339d48e36f8cdcf5b531f9,2984341a4465c6a7ba339d48e36f8cdcf5b531f9,/design_lev2_model-003_sub-251_within_day_effects.fsf,https://github.com/YifeiCAO/MultiModalMRI_Habits,github.com,1,0
swh:1:cnt:2984ea29a29c793a73bf0407de0adba3699f0706,2984ea29a29c793a73bf0407de0adba3699f0706,/single_test_ISR09_run1_set1_T18.fsf,https://github.com/QQXiao/ISR_2015,github.com,1,0
swh:1:cnt:29a665c034c423cecf72ce43f4de4d5171d1c706,29a665c034c423cecf72ce43f4de4d5171d1c706,/2250_rest.fsf,https://git.mpib-berlin.mpg.de/LNDG/stateswitchage/stsw-stsw_fmri_rest-0_preproc.git,git.mpib-berlin.mpg.de,1,0
swh:1:cnt:29a880d9041e148fc4de4c24a09be6b2ae0114b0,29a880d9041e148fc4de4c24a09be6b2ae0114b0,/single_test_ISR18_run2_set2_T10.fsf,https://github.com/QQXiao/ISR_2015,github.com,1,0
swh:1:cnt:29aea29cd64c9be43843904806732b60ca7c2ebe,29aea29cd64c9be43843904806732b60ca7c2ebe,/sub-03_run-01_level1.fsf,https://github.com/AlexBowring/Software_Comparison,github.com,1,0
swh:1:cnt:29c193a8c71d7165d71fc6544d34aee5e6083807,29c193a8c71d7165d71fc6544d34aee5e6083807,/sub-08_run-02_level1_spm_drift.fsf,https://github.com/AlexBowring/SC2,github.com,1,0
swh:1:cnt:2a06c6458af3931adaab93f210bb648ffc825a0a,2a06c6458af3931adaab93f210bb648ffc825a0a,/design.fsf,https://github.com/TomMaullin/nidmresults-examples,github.com,1,0
swh:1:cnt:2a098ba29f9e4e6a88a8ed152482e5f6e7126c38,2a098ba29f9e4e6a88a8ed152482e5f6e7126c38,/3_design_template_Z3.1.fsf,https://github.com/shvherck/CAED,github.com,0,1
swh:1:cnt:2a0edeeebc31e99278fc2a19d58c1aa5ddea7ade,2a0edeeebc31e99278fc2a19d58c1aa5ddea7ade,/xmqq1qi5na64.fsf,https://github.com/dyrone/git-community-replies,github.com,0,1
swh:1:cnt:2a8f51f5aef20e12e5e39182a41c8b894b44965c,2a8f51f5aef20e12e5e39182a41c8b894b44965c,/sub-03_run-02_level1.fsf,https://github.com/oesteban/Software_Comparison,github.com,0,1
swh:1:cnt:2a9634d4b85906c2c441ac340e1bcd649be10a2b,2a9634d4b85906c2c441ac340e1bcd649be10a2b,/sub-study008_followup_task-probe_level2_design.fsf,https://github.com/OpenNeuroDatasets/ds001417.git,github.com,1,0
swh:1:cnt:2ad7ee2e40721a1c9cdc53bf7df161b2465a1704,2ad7ee2e40721a1c9cdc53bf7df161b2465a1704,/design.fsf,https://github.com/pederisager/Opioid_Reward_fMRI,github.com,1,0
swh:1:cnt:2aff56cd5679795e5c6cf18fd5e46bf2798e0f58,2aff56cd5679795e5c6cf18fd5e46bf2798e0f58,/design.fsf,https://github.com/StevenM1/flashtask,github.com,1,0
swh:1:cnt:2b23a75433527a6c1a36bc88138d94c6c88f5f99,2b23a75433527a6c1a36bc88138d94c6c88f5f99,/dither.fsf,https://github.com/semarsip/osghimmel,github.com,0,1
swh:1:cnt:2b5a91dbb2027ee3ebbc2404946db6d1a1048df5,2b5a91dbb2027ee3ebbc2404946db6d1a1048df5,/2107_run-1.fsf,https://git.mpib-berlin.mpg.de/LNDG/stateswitchage/stsw-stsw_fmri_task-0_preproc-data-preproc-2107.git,git.mpib-berlin.mpg.de,0,1
swh:1:cnt:2b5de8db0be100e0badc0b73adee7613b46dc024,2b5de8db0be100e0badc0b73adee7613b46dc024,/high_discord.fsf,https://github.com/jennyrgilb/twin,github.com,0,1
swh:1:cnt:2b6382d32a97dc457837a9fc3f18742423ba9067,2b6382d32a97dc457837a9fc3f18742423ba9067,/TwoSampleTtest_GroupSize30.fsf,https://github.com/wanderine/ParametricMultisubjectfMRI,github.com,0,1
swh:1:cnt:2b9cf239a90398096b9104a1619e27296e0bfc21,2b9cf239a90398096b9104a1619e27296e0bfc21,/sub-09_ses-002_task-eventStimVisOnly_run-002_BOLD_conv.fsf,https://github.com/OpenNeuroDatasets/ds004539.git,github.com,1,0
swh:1:cnt:2bcbd83b8077ca2a423125b076cd64750b8cf881,2bcbd83b8077ca2a423125b076cd64750b8cf881,/example_P1R1_un005_noCoReg.fsf,https://github.com/pclasen/imaging,github.com,0,1
swh:1:cnt:2bd9386a548ba3425fec38f7a8e4a3d5ad0c7ca7,2bd9386a548ba3425fec38f7a8e4a3d5ad0c7ca7,/~temp.fsf,https://github.com/newhar/InteractiveVisualization,github.com,0,1
swh:1:cnt:2be9bdc5273976bb2a0a1c964733de3729214166,2be9bdc5273976bb2a0a1c964733de3729214166,/design.fsf,https://github.com/StevenM1/flashtask,github.com,1,0
swh:1:cnt:2bf1e00c158c4a40ef768d89e4f6baacad0afcf7,2bf1e00c158c4a40ef768d89e4f6baacad0afcf7,/design.fsf,https://github.com/pypi-data/pypi-mirror-50,github.com,0,1
swh:1:cnt:2c37f9d8bfc20b8481cdd8add57d8a4cad9e560c,2c37f9d8bfc20b8481cdd8add57d8a4cad9e560c,/fmri.fsf,https://github.com/bkraft4257/infinite,github.com,0,1
swh:1:cnt:2cab66a47cf02747c3ce4c88f72be7d219b5452b,2cab66a47cf02747c3ce4c88f72be7d219b5452b,/single_encoding_ISR08_run2_set1_T17.fsf,https://github.com/QQXiao/ISR_2015,github.com,1,0
swh:1:cnt:2cd4809497ff7ff9bcf76f9da06f71c1e05ddde1,2cd4809497ff7ff9bcf76f9da06f71c1e05ddde1,/cda002pre.fmri.taskCMG.run2.melodicFixNone_design.fsf,https://github.com/CVNRni/proj.jn.cda2,github.com,1,0
swh:1:cnt:2ce04290e579ea95176339cab42925e3b3bea3b9,2ce04290e579ea95176339cab42925e3b3bea3b9,/sub-06_run-02_level1_afni_design.fsf,https://github.com/AlexBowring/SC2,github.com,1,0
swh:1:cnt:2cf63abc6b711ba1c54ee4450ccf87845758cee3,2cf63abc6b711ba1c54ee4450ccf87845758cee3,/design.fsf,https://github.com/mrinalmanu/random_code_snippets,github.com,0,1
swh:1:cnt:2d020f8e3238d2357db9628023f853895e7e29db,2d020f8e3238d2357db9628023f853895e7e29db,/ssica_task_20_run-23.fsf,https://github.com/DiedrichsenLab/Functional_Fusion,github.com,1,0
swh:1:cnt:2dd00333e09a4e2e1a1b2cad9f5c613179064d97,2dd00333e09a4e2e1a1b2cad9f5c613179064d97,/design.fsf,https://github.com/incf-nidash/nidmresults-examples,github.com,1,0
swh:1:cnt:2de2db3819a599f729b313d7c5df99a9a3a45c87,2de2db3819a599f729b313d7c5df99a9a3a45c87,/melodic.fsf,https://github.com/VB6Hobbyst7/ANALYSIS,github.com,0,1
swh:1:cnt:2de5093229effecb32df48180a66bc236e6cc99a,2de5093229effecb32df48180a66bc236e6cc99a,/design.fsf,https://github.com/pederisager/Opioid_Reward_fMRI,github.com,1,0
swh:1:cnt:2deeea6c1e9f5255270a4aa314ebd6c2c42dfe7d,2deeea6c1e9f5255270a4aa314ebd6c2c42dfe7d,/single_test_ISR13_run1_set2_T23.fsf,https://github.com/QQXiao/ISR_2015,github.com,1,0
swh:1:cnt:2df88a017a8801ad56bf21d723280337ac1e6192,2df88a017a8801ad56bf21d723280337ac1e6192,/L2_WM_PPI.fsf,https://github.com/DVS-Lab/ppi-effect-sizes,github.com,0,1
swh:1:cnt:2e00d20e2e2c9ba6dea84440dd1c5dcb9791cb8c,2e00d20e2e2c9ba6dea84440dd1c5dcb9791cb8c,/design.fsf,https://github.com/StevenM1/flashtask,github.com,1,0
swh:1:cnt:2e17cb2e509e69be938f1fa67462210918effedd,2e17cb2e509e69be938f1fa67462210918effedd,/design_template.fsf,https://github.com/katrivdn/CAED,github.com,0,1
swh:1:cnt:2e3cf4cbd7d7e49259099bb8f5d0daf131a5843d,2e3cf4cbd7d7e49259099bb8f5d0daf131a5843d,/fsl_only.fsf,https://github.com/084/afni_script,github.com,1,0
swh:1:cnt:2e684dfb461b4329ffebba7c15804a5d0ed68a75,2e684dfb461b4329ffebba7c15804a5d0ed68a75,/ds008_2runs.fsf,https://github.com/KevinConstante/psych808,github.com,0,1
swh:1:cnt:2ec0200b760ef71717ce3893ab2c2887591f7451,2ec0200b760ef71717ce3893ab2c2887591f7451,/2129_run-2.fsf,https://git.mpib-berlin.mpg.de/LNDG/stateswitchage/stsw-stsw_fmri_task-0_preproc-data-preproc-2129.git,git.mpib-berlin.mpg.de,0,1
swh:1:cnt:2ee7490a32f9490c89c153eafdf2575976e61e65,2ee7490a32f9490c89c153eafdf2575976e61e65,/design_sub-G13S01_runE.fsf,https://github.com/OpenNeuroDatasets/ds005731.git,github.com,1,0
swh:1:cnt:2f140999caf3d65a26c00658c28b26978e05019b,2f140999caf3d65a26c00658c28b26978e05019b,/ChangeLog.fsf,https://github.com/pombredanne/src,github.com,0,1
swh:1:cnt:2f26fb815464b7aab339745dda1f1f3f22245d09,2f26fb815464b7aab339745dda1f1f3f22245d09,/design.fsf,https://github.com/pederisager/Opioid_Reward_fMRI,github.com,1,0
swh:1:cnt:2f32230b41a81a50023194a9391c07401866d6d0,2f32230b41a81a50023194a9391c07401866d6d0,/design.fsf,https://github.com/StevenM1/flashtask,github.com,1,0
swh:1:cnt:2f6a6007db20f037040bbd69ba7aa101904d36d7,2f6a6007db20f037040bbd69ba7aa101904d36d7,/cope18.fsf,https://github.com/dunsmoorlab/gPPI,github.com,1,0
swh:1:cnt:2f7f2b1bc96b97d0f17dd79c3481f9eea60e4318,2f7f2b1bc96b97d0f17dd79c3481f9eea60e4318,/design.fsf,https://github.com/DVS-Lab/srndna-test,github.com,0,1
swh:1:cnt:2faa1083880f4443b4bdb37abb95f0488a5fc7e5,2faa1083880f4443b4bdb37abb95f0488a5fc7e5,/3rdlvl_cope.fsf,https://github.com/Ruimin-Kochi/studyforrest-paper-pandoradata,github.com,0,1
swh:1:cnt:2fd91b1d89186df521ee55203a708f74cd1753de,2fd91b1d89186df521ee55203a708f74cd1753de,/sub-05_level2.fsf,https://github.com/AlexBowring/SC2,github.com,1,0
swh:1:cnt:2ff7f9114ef9693e5f136cab3618b12f7979db37,2ff7f9114ef9693e5f136cab3618b12f7979db37,/design.fsf,https://github.com/grace-shearrer/risky_business,github.com,0,1
swh:1:cnt:2ffec86a2c3a47947e126036a5b4b09d61bb7558,2ffec86a2c3a47947e126036a5b4b09d61bb7558,/task-rest_level1.fsf,https://github.com/tjhendrickson/CORTADO,github.com,0,1
swh:1:cnt:30066d7f1d8e9471fa7db3a3e69ed0434be60f85,30066d7f1d8e9471fa7db3a3e69ed0434be60f85,/BOLD_level1_Sentences_UCLA.fsf,https://bitbucket.org/grlee77/cmind-py.git,bitbucket.org,0,1
swh:1:cnt:30638704bbf2c84d1218039a3b98ebea5d5c3d07,30638704bbf2c84d1218039a3b98ebea5d5c3d07,/sub-02_run-03_level1.fsf,https://github.com/AlexBowring/SC2,github.com,1,0
swh:1:cnt:309a70b77f6324921c0b36ad52410e7beeba152b,309a70b77f6324921c0b36ad52410e7beeba152b,/design.fsf,https://github.com/OpenNeuroDatasets/ds005978.git,github.com,1,0
swh:1:cnt:30ca5f2b4e4a82ab0267009015015e0903489a53,30ca5f2b4e4a82ab0267009015015e0903489a53,/design_template.fsf,https://github.com/tectronics/cdfitools,github.com,0,1
swh:1:cnt:30caa6922cb7b630637ccb7ee78989eacbcc497f,30caa6922cb7b630637ccb7ee78989eacbcc497f,/design.fsf,https://github.com/katrinleinweber/PC_Cat_imaging,github.com,0,1
swh:1:cnt:30e46f15b13cc887e2a02bc494b77ceb3ca686ac,30e46f15b13cc887e2a02bc494b77ceb3ca686ac,/cda104pst.fmri.taskCMG.run4.melodicFixNone_design.fsf,https://github.com/CVNRni/proj.jn.cda2,github.com,1,0
swh:1:cnt:3130d371867ae7ab6c01bc0292d5610ae7d06725,3130d371867ae7ab6c01bc0292d5610ae7d06725,/WORD_LOCALIZERS.fsf,https://github.com/ElPiloto/directed_forgetting,github.com,1,0
swh:1:cnt:313e4723e086a496c2d4f6e6d8b6fb72febf0b15,313e4723e086a496c2d4f6e6d8b6fb72febf0b15,/single_test_ISR12_run2_set1_T11.fsf,https://github.com/QQXiao/ISR_2015,github.com,1,0
swh:1:cnt:31950d4765561cf2c2065d84698d792cab32a871,31950d4765561cf2c2065d84698d792cab32a871,/typetest11.fsf,https://gitlab.inria.fr/skeletons/necro.git,gitlab.inria.fr,0,1
swh:1:cnt:31be973743d7b8abacadd7eab40076b817192dc6,31be973743d7b8abacadd7eab40076b817192dc6,/design.fsf,https://git.mpib-berlin.mpg.de/LNDG/stateswitchage/stsw-stsw_fmri_task-0_preproc-data-preproc-2123.git,git.mpib-berlin.mpg.de,0,1
swh:1:cnt:31d0ca99f20bcbdd6ecda78f63fd3eea2988a61b,31d0ca99f20bcbdd6ecda78f63fd3eea2988a61b,/design.fsf,https://github.com/mikbuch/fmri-data-analysis,github.com,0,1
swh:1:cnt:322d28e1d1d176b6df953c71796ca6adff703521,322d28e1d1d176b6df953c71796ca6adff703521,/design.fsf,https://github.com/StevenM1/flashtask,github.com,1,0
swh:1:cnt:324f18a8ab558edfe0d2fb221c2865420d2189ad,324f18a8ab558edfe0d2fb221c2865420d2189ad,/new_lev1_stub.fsf,https://github.com/churchlabUT/ldrc,github.com,0,1
swh:1:cnt:325820a21fd59ebdbfbbfe0dc332998861f23d16,325820a21fd59ebdbfbbfe0dc332998861f23d16,/single_test_ISR10_run2_set1_T6.fsf,https://github.com/QQXiao/ISR_2015,github.com,1,0
swh:1:cnt:327c4fd859e0914c2959cb9e12a0bc338fe8e469,327c4fd859e0914c2959cb9e12a0bc338fe8e469,/design.fsf,https://github.com/StevenM1/flashtask,github.com,1,0
swh:1:cnt:32858f1fb0b1e8b8eac3e17cb057c1a38f64f897,32858f1fb0b1e8b8eac3e17cb057c1a38f64f897,/feat_level_1_func_08.fsf,https://github.com/zw1989/PacManStim,github.com,1,0
swh:1:cnt:3299460516285985e1a9fa93489dcef8c6eb3ec5,3299460516285985e1a9fa93489dcef8c6eb3ec5,/ssica_task_29_run-13.fsf,https://github.com/DiedrichsenLab/Functional_Fusion,github.com,1,0
swh:1:cnt:32a16a3cc95a0e2a50a3b15172f5541557fe4985,32a16a3cc95a0e2a50a3b15172f5541557fe4985,/lvl3_task-fribBids_template_n42_3.1_vmPFC.fsf,https://github.com/GabrielPelletier/fribblesFMRI_object-value-construction,github.com,0,1
swh:1:cnt:32d1ee825986cbeeb2a621826d0c78c9295b4879,32d1ee825986cbeeb2a621826d0c78c9295b4879,/design.fsf,https://github.com/StevenM1/flashtask,github.com,1,0
swh:1:cnt:32ec6c372334440a49c20cdd4bac4c2f47bcfc14,32ec6c372334440a49c20cdd4bac4c2f47bcfc14,/single_encoding_ISR11_run2_set2_T23.fsf,https://github.com/QQXiao/ISR_2015,github.com,1,0
swh:1:cnt:32ff50de46acecdecd997a7838342dad69b2b2b9,32ff50de46acecdecd997a7838342dad69b2b2b9,/sub_02_task_1_run_1.fsf,https://github.com/ldeangelisphys/layerfMRI,github.com,0,1
swh:1:cnt:3329268fb4ba83a94acf9d9889e7b90c3072300d,3329268fb4ba83a94acf9d9889e7b90c3072300d,/design.fsf,https://github.com/pederisager/Opioid_Reward_fMRI,github.com,1,0
swh:1:cnt:333b73002f7d94fb2e6968093846667ef1bf9147,333b73002f7d94fb2e6968093846667ef1bf9147,/design.fsf,https://github.com/StevenM1/flashtask,github.com,1,0
swh:1:cnt:334313d3792a5695eb313b2fb785e075d3e44ae1,334313d3792a5695eb313b2fb785e075d3e44ae1,/nuisance.fsf,https://github.com/KirstenHilger/ADHD-Modularity,github.com,0,1
swh:1:cnt:334a5cdf247bcaef08bc133835fa23649dae2dcc,334a5cdf247bcaef08bc133835fa23649dae2dcc,/design_sub-G14S02_runA.fsf,https://github.com/OpenNeuroDatasets/ds005731.git,github.com,1,0
swh:1:cnt:334e74be604e8c54867212af78e05a13627396ca,334e74be604e8c54867212af78e05a13627396ca,/single_test_ISR07_run1_set2_T5.fsf,https://github.com/QQXiao/ISR_2015,github.com,1,0
swh:1:cnt:33519e33e0aad02cc6834544de94c050b59b1bbd,33519e33e0aad02cc6834544de94c050b59b1bbd,/q6.fsf,https://github.com/dreibh/rsplib,github.com,1,0
swh:1:cnt:335e55288d5238f214254ae867e17ed03599f9b1,335e55288d5238f214254ae867e17ed03599f9b1,/sub-study034_ses-before_task-responsetosnacks_run-01_design.fsf,https://github.com/OpenNeuroDatasets/ds001417.git,github.com,1,0
swh:1:cnt:33a1b05f2580396f4ce67af1f16e4959b1447a7a,33a1b05f2580396f4ce67af1f16e4959b1447a7a,/impact_duplicatecahracter.fsf,https://git.ece.iastate.edu/ajlende/cs229_p1a.git,git.ece.iastate.edu,0,1
swh:1:cnt:33aaa00e126812d440d0aa8f3c53a0de47b8550d,33aaa00e126812d440d0aa8f3c53a0de47b8550d,/sub-study023_ses-followup_task-responsetosnacks_run-01_design.fsf,https://github.com/OpenNeuroDatasets/ds001417.git,github.com,1,0
swh:1:cnt:33c1e7ee8d6e5b6e53a38a03c4a51ce97ba2fcdd,33c1e7ee8d6e5b6e53a38a03c4a51ce97ba2fcdd,/single_test_ISR15_run1_set1_T4.fsf,https://github.com/QQXiao/ISR_2015,github.com,1,0
swh:1:cnt:33e8a61ed9fa34699d9731d4dd1b720b33a278fc,33e8a61ed9fa34699d9731d4dd1b720b33a278fc,/ICA.fsf,https://github.com/VB6Hobbyst7/REWOD,github.com,0,1
swh:1:cnt:34072b48f6e68ad710cd8e62fc4f50b701103d5d,34072b48f6e68ad710cd8e62fc4f50b701103d5d,/feat_level_1_func_08.fsf,https://github.com/zw1989/PacManStim,github.com,1,0
swh:1:cnt:3412ec5493af6d8e94d755735d7eb467ced02efc,3412ec5493af6d8e94d755735d7eb467ced02efc,/Days.Day1.Part1.fsf,https://github.com/worms618/AoC2023,github.com,0,1
swh:1:cnt:341d7ed961440ec1640750cbb533850952459f88,341d7ed961440ec1640750cbb533850952459f88,/omt312s01.fmri.rest.run1.melodicFixNone_design.fsf,https://github.com/kmcgregor123456/proj.mh.cda2,github.com,1,0
swh:1:cnt:3432a6ffd7dc5b2648dddfff4764d25322115efb,3432a6ffd7dc5b2648dddfff4764d25322115efb,/nuisance_noGlobal.fsf,https://github.com/NeuroanatomyAndConnectivity/vlpfc_preprocessing_scripts,github.com,0,1
swh:1:cnt:34698fcbaa09856cc89c56a87b20accc8646d868,34698fcbaa09856cc89c56a87b20accc8646d868,/design.fsf,https://github.com/don-tpanic/betaextract_lsa,github.com,0,1
swh:1:cnt:346e9f28120b61343cc20ef3ad7f40c12bc6fd40,346e9f28120b61343cc20ef3ad7f40c12bc6fd40,/default.fsf,https://github.com/yadavpushp/test,github.com,0,1
swh:1:cnt:34d6cc9db5b8a30fd01a7d89b4ca99a92947fea9,34d6cc9db5b8a30fd01a7d89b4ca99a92947fea9,/cda003pst.fmri.taskCMG.run5.melodicFixNone_design.fsf,https://github.com/CVNRni/proj.jn.cda2,github.com,1,0
swh:1:cnt:34df7d894a7571e16a0c7eccff7cba421b987514,34df7d894a7571e16a0c7eccff7cba421b987514,/template.fsf,https://github.com/uscbci/affint-higherlevel,github.com,0,1
swh:1:cnt:351bfaec29350d790cf386cedff6bda1df2fc3b9,351bfaec29350d790cf386cedff6bda1df2fc3b9,/FIR_run02_raw.fsf,https://github.com/gkaguirrelab/fmriMelanopsinMRIAnalysis,github.com,1,0
swh:1:cnt:35290b488bdaa08b2b78984a9cd384b4cfa80a44,35290b488bdaa08b2b78984a9cd384b4cfa80a44,/design.fsf,https://git.mpib-berlin.mpg.de/LNDG/stateswitchage/stsw-stsw_fmri_task-0_preproc-data-preproc-1223.git,git.mpib-berlin.mpg.de,0,1
swh:1:cnt:353f36b928f2278eb5860842766e2322040551a4,353f36b928f2278eb5860842766e2322040551a4,/single_test_ISR04_run1_set2_T18.fsf,https://github.com/QQXiao/ISR_2015,github.com,1,0
swh:1:cnt:354a8dc83a904d3a5e07ba03c4e6e064394da15e,354a8dc83a904d3a5e07ba03c4e6e064394da15e,/FirstLevel_ENC_UNIVAR_GROUP_SPACE_BALANCED.fsf,https://github.com/zs-nemecz/miniTRK,github.com,0,1
swh:1:cnt:355e4990649b8817da4f581da2be7b6ae7f488f7,355e4990649b8817da4f581da2be7b6ae7f488f7,/design.fsf,https://github.com/pederisager/Opioid_Reward_fMRI,github.com,1,0
swh:1:cnt:35609462635704aa582eacc480e255a72b7ad9f1,35609462635704aa582eacc480e255a72b7ad9f1,/2216_run-2.fsf,https://git.mpib-berlin.mpg.de/LNDG/stateswitchage/stsw-stsw_fmri_task-0_preproc-data-preproc-2216.git,git.mpib-berlin.mpg.de,0,1
swh:1:cnt:35903c151865456dcb18264f097b1182bb1248c1,35903c151865456dcb18264f097b1182bb1248c1,/ssica_task_15_run-19.fsf,https://github.com/DiedrichsenLab/Functional_Fusion,github.com,1,0
swh:1:cnt:3592023fdddcec8557bc3483f7b04ec4f25b07d3,3592023fdddcec8557bc3483f7b04ec4f25b07d3,/single_test_ISR20_run2_set2_T13.fsf,https://github.com/QQXiao/ISR_2015,github.com,1,0
swh:1:cnt:35faa0b0230f6f664f7a05e72389306496f971c7,35faa0b0230f6f664f7a05e72389306496f971c7,/design.fsf,https://github.com/pederisager/Opioid_Reward_fMRI,github.com,1,0
swh:1:cnt:364cb22e6615e07e08f29c5391719bfc605d9cf2,364cb22e6615e07e08f29c5391719bfc605d9cf2,/R4544_S1_Run_3_N60_elapsed_time.fsf,https://github.com/adamgeorgeturnbull/elapsed_time,github.com,1,0
swh:1:cnt:368a9791059403c7db4ab1586b887e4d6c6c1abc,368a9791059403c7db4ab1586b887e4d6c6c1abc,/sub-11_ses-001_task-blockStimLongTR_run-001_BOLD_conv.fsf,https://github.com/OpenNeuroDatasets/ds004539.git,github.com,1,0
swh:1:cnt:36c8b8fc60a22689da5dda0af9081607faf292a4,36c8b8fc60a22689da5dda0af9081607faf292a4,/._tfMRI_LANGUAGE_hp200_s4_level2.fsf,https://github.com/huppertt/HCP_pipeline,github.com,0,1
swh:1:cnt:36c9736154947b8f1b8e036de3e32a7d1578a04d,36c9736154947b8f1b8e036de3e32a7d1578a04d,/omt023s01.fmri.taskFT.run2.melodicFixNone_design.fsf,https://github.com/CVNRni/proj.mh.cda1,github.com,1,0
swh:1:cnt:36ddf58cb39bb266fb2e80f9f94de7fda3d7585e,36ddf58cb39bb266fb2e80f9f94de7fda3d7585e,/feat_level_1_func_08.fsf,https://gitlab.com/ingo-m/texture.git,gitlab.com,1,0
swh:1:cnt:370addb2aa586ddbcc5eefe8acf80718ba2f3849,370addb2aa586ddbcc5eefe8acf80718ba2f3849,/run_feat_RUN_10_LMS_series_16.fsf,https://github.com/bock42/UPennProjects,github.com,1,0
swh:1:cnt:3718d2a34b5e5852f8bbe5ce19b5d334e14d2f13,3718d2a34b5e5852f8bbe5ce19b5d334e14d2f13,/sub-03_run-01_level1.fsf,https://github.com/AlexBowring/SC2,github.com,1,0
swh:1:cnt:372e07afab243f298c07d27cb5ce3f8d1b5dbcfa,372e07afab243f298c07d27cb5ce3f8d1b5dbcfa,/design.fsf,https://github.com/StevenM1/flashtask,github.com,1,0
swh:1:cnt:3748d080ca97f4bf0c860f6137f0f00014c00746,3748d080ca97f4bf0c860f6137f0f00014c00746,/input-144.fsf,https://github.com/dreibh/rsplib,github.com,1,0
swh:1:cnt:375d0fb44ab463a492a46ec9eb5cf8fa8faabd7c,375d0fb44ab463a492a46ec9eb5cf8fa8faabd7c,/design.fsf,https://github.com/StevenM1/flashtask,github.com,1,0
swh:1:cnt:37907de41c01f03852c42836d7b1789558ecc8af,37907de41c01f03852c42836d7b1789558ecc8af,/single_encoding_ISR17_run2_set1_T14.fsf,https://github.com/QQXiao/ISR_2015,github.com,1,0
swh:1:cnt:37eb6fc698e7edbc14a6869be955087f7ca37e5a,37eb6fc698e7edbc14a6869be955087f7ca37e5a,/test.fsf,https://github.com/wwwshwww/FurnitureSimulator,github.com,0,1
swh:1:cnt:3818a16a020adaa793f42f099268a636df2ec28a,3818a16a020adaa793f42f099268a636df2ec28a,/subj1022_task_run3.fsf,https://github.com/rrodriguezbarron/YC-Polarization,github.com,1,0
swh:1:cnt:38207c22d1bea99c80adf631a50af49a695410d6,38207c22d1bea99c80adf631a50af49a695410d6,/ssica_task_26_run-12.fsf,https://github.com/DiedrichsenLab/Functional_Fusion,github.com,1,0
swh:1:cnt:383288bd069078ceb33b9cf636179c1d3cb2c930,383288bd069078ceb33b9cf636179c1d3cb2c930,/ds114_sub009_t2r1_design.fsf,https://github.com/matthew-brett/fbi2018,github.com,0,1
swh:1:cnt:386dd7580cc0a49122a6f0a2492dd70aaba88232,386dd7580cc0a49122a6f0a2492dd70aaba88232,/feat_L1_Aud_template_flex.fsf,https://github.com/molaruna/Language_laterality,github.com,0,1
swh:1:cnt:3893a9a9d056a4e986467c4f4ecbed892fc10910,3893a9a9d056a4e986467c4f4ecbed892fc10910,/Model5.1_antnongainPPI_empty086.fsf,https://github.com/sarabergman/Stanford,github.com,1,0
swh:1:cnt:389766ef822e091e0c9d661ac110a10fca9bbac2,389766ef822e091e0c9d661ac110a10fca9bbac2,/feat_level_2_PacMan_Dynamic.fsf,https://github.com/zw1989/PacManStim,github.com,1,0
swh:1:cnt:3924a4c5144a363b09edb8798b09d9e2a7c2a138,3924a4c5144a363b09edb8798b09d9e2a7c2a138,/sub-10_run-02_level1_afni_design.fsf,https://github.com/AlexBowring/SC2,github.com,1,0
swh:1:cnt:3961ba0dc699214e1428d9dee5ea929603298643,3961ba0dc699214e1428d9dee5ea929603298643,/1_design_template.fsf,https://github.com/shvherck/CAED,github.com,1,0
swh:1:cnt:397f6ee35dc2cc174b9301b2c8eb1bba4bad630e,397f6ee35dc2cc174b9301b2c8eb1bba4bad630e,/sub-13_run-01_level1.fsf,https://github.com/AlexBowring/SC2,github.com,1,0
swh:1:cnt:3983e8ae9ba101a582fe0e1707b465b9b3ccac39,3983e8ae9ba101a582fe0e1707b465b9b3ccac39,/cda008pre.fmri.rest.run1.melodicFixNone_design.fsf,https://github.com/CVNRni/proj.jn.cda2,github.com,1,0
swh:1:cnt:39c1267a59ee7e60fb99d3964d007a06b1d1fcfe,39c1267a59ee7e60fb99d3964d007a06b1d1fcfe,/L1_template-m01.fsf,https://github.com/DVS-Lab/rutgers-r21,github.com,1,0
swh:1:cnt:39dc36e538fa52687a21171ed810b6eab74d4479,39dc36e538fa52687a21171ed810b6eab74d4479,/debug.fsf,https://alice.physi.uni-heidelberg.de/svn/trd,alice.physi.uni-heidelberg.de,0,1
swh:1:cnt:3a1bf4010ed1f6b7731f839d2c9fedfe14641250,3a1bf4010ed1f6b7731f839d2c9fedfe14641250,/tfMRI_WM_LR_hp200_s4_level1.fsf,https://github.com/OpenNeuroDatasets/ds004078.git,github.com,1,0
swh:1:cnt:3a3d25bb392a0e82b3ffc32486bffd3d9d0b035f,3a3d25bb392a0e82b3ffc32486bffd3d9d0b035f,/design_sub-G03S06_loc.fsf,https://github.com/OpenNeuroDatasets/ds005731.git,github.com,1,0
swh:1:cnt:3a958e0443ebd8442a5f6c3b5d94862529463534,3a958e0443ebd8442a5f6c3b5d94862529463534,/design_subj2.fsf,https://github.com/hmelo/fMRI_Pipeline,github.com,1,1
swh:1:cnt:3ab4a7ac75fbdc3fe709e0c02d56329201c564fc,3ab4a7ac75fbdc3fe709e0c02d56329201c564fc,/design.fsf,https://git.mpib-berlin.mpg.de/LNDG/stateswitchage/stsw-stsw_fmri_task-0_preproc-data-preproc-1227.git,git.mpib-berlin.mpg.de,0,1
swh:1:cnt:3ac07976c3ac631bdeab97167dc0dac85bc15735,3ac07976c3ac631bdeab97167dc0dac85bc15735,/rs-sbfc_group_mwfs.fsf,https://github.com/willstrawson/ViBE_fmri_analysis,github.com,0,1
swh:1:cnt:3ac2e626de4913f7bc79850e5332c3904eee7252,3ac2e626de4913f7bc79850e5332c3904eee7252,/m2_rt.fsf,https://github.com/Ruimin-Kochi/DevStudy_ServerScripts,github.com,0,1
swh:1:cnt:3b282f6d1719effcb059d303564d5e15514ef8eb,3b282f6d1719effcb059d303564d5e15514ef8eb,/single_test_ISR20_run1_set2_T7.fsf,https://github.com/QQXiao/ISR_2015,github.com,1,0
swh:1:cnt:3b8e5199eb9901bded4757d72733d905d0f1763f,3b8e5199eb9901bded4757d72733d905d0f1763f,/feat_level_2_kanizsa_rotated_sst_sed.fsf,https://github.com/ingo-m/surface,github.com,1,0
swh:1:cnt:3b9425d401e8c0deed24bb7f6f8779b1c4013255,3b9425d401e8c0deed24bb7f6f8779b1c4013255,/single_encoding_ISR11_run1_set1_T8.fsf,https://github.com/QQXiao/ISR_2015,github.com,1,0
swh:1:cnt:3ba2c15b96af120e91d8a820267d7de29a29b181,3ba2c15b96af120e91d8a820267d7de29a29b181,/2222_run-1.fsf,https://git.mpib-berlin.mpg.de/LNDG/stateswitchage/stsw-stsw_fmri_task-0_preproc-data-preproc-2222.git,git.mpib-berlin.mpg.de,0,1
swh:1:cnt:3c0ea9d32036847c17e1d4bc99f15b9d5c43174d,3c0ea9d32036847c17e1d4bc99f15b9d5c43174d,/rest_20_run-02.fsf,https://github.com/DiedrichsenLab/Functional_Fusion,github.com,1,0
swh:1:cnt:3c56eb10489acd1a5595be340e32a4ec5c94a530,3c56eb10489acd1a5595be340e32a4ec5c94a530,/L3_n279_withCovs.fsf,https://github.com/DVS-Lab/ppi-effect-sizes,github.com,1,0
swh:1:cnt:3c5cbbf40123e17e7f90f0dfa89c7109ccbf572c,3c5cbbf40123e17e7f90f0dfa89c7109ccbf572c,/feat_template_GLM1C_block.fsf,https://github.com/denOudenLab/Algermissen2023NatComms,github.com,1,0
swh:1:cnt:3c90b34054f4c68eb7c49d20b5bb6730ac163026,3c90b34054f4c68eb7c49d20b5bb6730ac163026,/file.fsf,https://github.com/G4te-Keep3r/HowdyHackers,github.com,0,1
swh:1:cnt:3ca82ea07371516dfbda73ccd503741d7b5b24a8,3ca82ea07371516dfbda73ccd503741d7b5b24a8,/1120_run-4.fsf,https://git.mpib-berlin.mpg.de/LNDG/stateswitchage/stsw-stsw_fmri_task-0_preproc-data-preproc-1120.git,git.mpib-berlin.mpg.de,0,1
swh:1:cnt:3d5c9f9ffdde6aa9fb3088d2653787b4d40e726a,3d5c9f9ffdde6aa9fb3088d2653787b4d40e726a,/level2_template_GLM-MF-09-reward-1run.fsf,https://github.com/munoztd0/OBIWAN,github.com,1,0
swh:1:cnt:3d759c683b275eafe4d41a013768c3f13287083b,3d759c683b275eafe4d41a013768c3f13287083b,/melodic_template.fsf,https://github.com/grace-shearrer/ctrlroom,github.com,0,1
swh:1:cnt:3d7c2ee8da971772ec712c13d971424e8e8b137d,3d7c2ee8da971772ec712c13d971424e8e8b137d,/design_template_rest.fsf,https://github.com/umich-tpolk-lab/DynamicRecoveryPaper,github.com,0,1
swh:1:cnt:3d7f3ced2a2a9e4f887fb0ed648573a26160c90b,3d7f3ced2a2a9e4f887fb0ed648573a26160c90b,/Feat_single_trial_template.fsf,https://github.com/iancharest/skbold,github.com,1,1
swh:1:cnt:3d871334a2d19846ce3d128a5e441c59881467ff,3d871334a2d19846ce3d128a5e441c59881467ff,/Excel-Adv-SessionFile.fsf,https://github.com/IMPACT2016/DataCorner,github.com,0,1
swh:1:cnt:3da3a48a9386e6140a62a83022951419548049fc,3da3a48a9386e6140a62a83022951419548049fc,/level1.fsf,https://bitbucket.org/nidllab/td-maketargets.git,bitbucket.org,1,0
swh:1:cnt:3dd0460c6246bd3969bc57538368619ec19eece3,3dd0460c6246bd3969bc57538368619ec19eece3,/Archive.fsf,https://github.com/Planet-Source-Code/coenrad-fsf-archiver__1-66667,github.com,0,1
swh:1:cnt:3dd6c96a90ac3b6706d3626067f8cf507fd7b682,3dd6c96a90ac3b6706d3626067f8cf507fd7b682,/ppFragment.fsf,https://github.com/aurumian/PortalRenderingOpenGL,github.com,1,0
swh:1:cnt:3dd89619fa9e0f060b5245b8e187068c19cf48c5,3dd89619fa9e0f060b5245b8e187068c19cf48c5,/ds114_sub009_t2r1_simple.fsf,https://github.com/matthew-brett/msc_imaging,github.com,0,1
swh:1:cnt:3dde066b45854a7545c4afc95a810ec6221b7d61,3dde066b45854a7545c4afc95a810ec6221b7d61,/level1_stats_20130904.fsf,https://github.com/PennBBL/itcImaging,github.com,0,1
swh:1:cnt:3e05dbdb3044c6372bec48270e1bf2829ebf5b56,3e05dbdb3044c6372bec48270e1bf2829ebf5b56,/single_encoding_ISR03_run1_set1_T21.fsf,https://github.com/QQXiao/ISR_2015,github.com,1,0
swh:1:cnt:3e1daaf5e4b6dc84a27b9b4b18c74f18bcce97a8,3e1daaf5e4b6dc84a27b9b4b18c74f18bcce97a8,/2123_run-1.fsf,https://git.mpib-berlin.mpg.de/LNDG/stateswitchage/stsw-stsw_fmri_task-0_preproc-data-preproc-2123.git,git.mpib-berlin.mpg.de,1,0
swh:1:cnt:3e1ffb257a62c912f1f13693317e0b01c01a7436,3e1ffb257a62c912f1f13693317e0b01c01a7436,/single_encoding_ISR06_run1_set2_T20.fsf,https://github.com/QQXiao/ISR_2015,github.com,1,0
swh:1:cnt:3e423b9805e96114ffdc0d33e89f3eae0fcc9a24,3e423b9805e96114ffdc0d33e89f3eae0fcc9a24,/omt108s01.fmri.taskFT.run4.melodicFixNone_design.fsf,https://github.com/CVNRni/proj.mh.cda1,github.com,1,0
swh:1:cnt:3e4539c77bc45ff5fb6cfac951cdab3906100a9b,3e4539c77bc45ff5fb6cfac951cdab3906100a9b,/AndroidLight.fsf,https://github.com/sax15/Racunaj,github.com,0,1
swh:1:cnt:3eaf983857f4f3251f421982c63e57bda3fccb82,3eaf983857f4f3251f421982c63e57bda3fccb82,/rest_26_run-01.fsf,https://github.com/DiedrichsenLab/Functional_Fusion,github.com,1,0
swh:1:cnt:3eb768af6b9050ac1b2399d5d5a2c17c46c5f01d,3eb768af6b9050ac1b2399d5d5a2c17c46c5f01d,/design.fsf,https://github.com/fahaxiki1234/Protocol-rsfmri-analysis,github.com,1,0
swh:1:cnt:3ebb78b90664ea0142cf9d64337129ab895e013a,3ebb78b90664ea0142cf9d64337129ab895e013a,/single_encoding_ISR07_run2_set2_T3.fsf,https://github.com/QQXiao/ISR_2015,github.com,1,0
swh:1:cnt:3ebf384872388119fa5e8e168659520dd1ea03c1,3ebf384872388119fa5e8e168659520dd1ea03c1,/run_feat_RUN_16_Isochromatic_series_22.fsf,https://github.com/bock42/UPennProjects,github.com,1,0
swh:1:cnt:3fa7f0129f0460892a26de7c173d6b9374759cce,3fa7f0129f0460892a26de7c173d6b9374759cce,/Wave3.fsf,https://github.com/ercgrat/MLProject,github.com,0,1
swh:1:cnt:3fa8518b38d33bfb7c02bb2a9363af9cef85a085,3fa8518b38d33bfb7c02bb2a9363af9cef85a085,/design.fsf,https://github.com/StevenM1/flashtask,github.com,1,0
swh:1:cnt:3fb2e0d0884bceadc67c88dc0164ab5bc7580aa8,3fb2e0d0884bceadc67c88dc0164ab5bc7580aa8,/nuisance.fsf,https://github.com/amrka/NKI_NYU_Nipype,github.com,0,1
swh:1:cnt:3fbe09ddfb05dd416109de833b3612acc761dae5,3fbe09ddfb05dd416109de833b3612acc761dae5,/design_master.fsf,https://github.com/kristinasabaroedin/multibandPrepro,github.com,0,1
swh:1:cnt:3fc8f3e103bbbe0378acd3b4b1e85e8a96a9f505,3fc8f3e103bbbe0378acd3b4b1e85e8a96a9f505,/ssica_task_27_run-18.fsf,https://github.com/DiedrichsenLab/Functional_Fusion,github.com,1,0
swh:1:cnt:3fcd9770341fdebe04b1d355754be1188696cb5b,3fcd9770341fdebe04b1d355754be1188696cb5b,/design.fsf,https://github.com/StevenM1/flashtask,github.com,1,0
swh:1:cnt:3fe6b4e0e81fb9d12ab66521352ec97fa788b68a,3fe6b4e0e81fb9d12ab66521352ec97fa788b68a,/zeta06.fsf,https://github.com/dreibh/fractgen,github.com,1,0
swh:1:cnt:3ff5144981ab5cf5f0c3c0cb4e1a0097a568af89,3ff5144981ab5cf5f0c3c0cb4e1a0097a568af89,/single_encoding_ISR11_run1_set1_T13.fsf,https://github.com/QQXiao/ISR_2015,github.com,1,0
swh:1:cnt:400e576a6399005509a9035234faf05997a05d79,400e576a6399005509a9035234faf05997a05d79,/design_sub-G18S02.fsf,https://github.com/OpenNeuroDatasets/ds005731.git,github.com,1,0
swh:1:cnt:401a595ad5f4250a2b1c4a9fbbd718663d29111d,401a595ad5f4250a2b1c4a9fbbd718663d29111d,/2201_run-2.fsf,https://git.mpib-berlin.mpg.de/LNDG/stateswitchage/stsw-stsw_fmri_task-0_preproc-data-preproc-2201.git,git.mpib-berlin.mpg.de,0,1
swh:1:cnt:405b8e0cbfa51e7a8f6a334024394fbf758f6f52,405b8e0cbfa51e7a8f6a334024394fbf758f6f52,/acrossRuns.fsf,https://github.com/VU-Cog-Sci/analysis_tools,github.com,0,1
swh:1:cnt:407588ec7b2203d0e8239633ed6535d2f607e319,407588ec7b2203d0e8239633ed6535d2f607e319,/fci-pre-MvsF_phys-cntrl.fsf,https://github.com/SOFTowaha/PhysicsLearning,github.com,0,1
swh:1:cnt:4076e0a0d8373973ea00bff8b1f1ecf6c6c901c5,4076e0a0d8373973ea00bff8b1f1ecf6c6c901c5,/single_test_ISR10_run1_set1_T19.fsf,https://github.com/QQXiao/ISR_2015,github.com,1,0
swh:1:cnt:408628e7e91fa2296b03350f6372e3736185506e,408628e7e91fa2296b03350f6372e3736185506e,/feat_level_1_func_01_sed.fsf,https://gitlab.com/ingo-m/PacMan.git,gitlab.com,0,1
swh:1:cnt:40dc1e4aa326ad78e633856209a760c3592de9d3,40dc1e4aa326ad78e633856209a760c3592de9d3,/template.fsf,https://github.com/kdestasio/my_fmriworkshop,github.com,0,1
swh:1:cnt:40ef73e7f07935e8dbe2f2ce65f1d2e432574c07,40ef73e7f07935e8dbe2f2ce65f1d2e432574c07,/L1_sub-1301_task-socialdoors_model-1_type-act_run-1.fsf,https://github.com/DVS-Lab/istart-melanie,github.com,1,0
swh:1:cnt:4127a88e8baf25a85edca60fe4106bbbb7cb8c2a,4127a88e8baf25a85edca60fe4106bbbb7cb8c2a,/design.fsf,https://git.mpib-berlin.mpg.de/LNDG/stateswitchage/stsw-stsw_fmri_task-0_preproc-data-preproc-1228.git,git.mpib-berlin.mpg.de,1,0
swh:1:cnt:412b77ea2df55b6a44f7d9e621f5f5d52b95abae,412b77ea2df55b6a44f7d9e621f5f5d52b95abae,/design.fsf,https://github.com/StevenM1/flashtask,github.com,1,0
swh:1:cnt:414d79f49482d1053832590a0224d16b673c4514,414d79f49482d1053832590a0224d16b673c4514,/run_feat_RUN_13_LMS_series_18.fsf,https://github.com/bock42/UPennProjects,github.com,1,0
swh:1:cnt:4159e4993d3b6eb936c261ca014f093b5d546258,4159e4993d3b6eb936c261ca014f093b5d546258,/ICV.fsf,https://github.com/alffajardo/proyecto_RS,github.com,1,0
swh:1:cnt:419468f550edfc39512a9531f55306b747063a77,419468f550edfc39512a9531f55306b747063a77,/L2GamPPI.fsf,https://github.com/DVS-Lab/HCP_gambling,github.com,0,1
swh:1:cnt:41d90b38b73eec447644229779fd5a6ac70c5da0,41d90b38b73eec447644229779fd5a6ac70c5da0,/design_ICA_nonSmoothed.fsf,https://github.com/cab79/toolboxes_custom,github.com,0,1
swh:1:cnt:41e952e19174a21e76f2d411db40d455f03a623f,41e952e19174a21e76f2d411db40d455f03a623f,/FieldSetFile.fsf,https://github.com/Brace-orange/cst_biye,github.com,0,1
swh:1:cnt:41fd56d7eaca42e31fece5a943d4c75f2c86f834,41fd56d7eaca42e31fece5a943d4c75f2c86f834,/design.fsf,https://github.com/StevenM1/flashtask,github.com,1,0
swh:1:cnt:42174804428f5e768367c051ce01d3404d6d92a7,42174804428f5e768367c051ce01d3404d6d92a7,/auto_max_smooth4.fsf,https://github.com/OpenNeuroDatasets/ds004386.git,github.com,1,0
swh:1:cnt:4223f12721b90e5031fa5fa509b9c8a2f6aef935,4223f12721b90e5031fa5fa509b9c8a2f6aef935,/PreProc_sub-001.fsf,https://github.com/nivtik/schizPredict,github.com,0,1
swh:1:cnt:423262abc5eae7fbe168252ee77bc7bbcc166fb4,423262abc5eae7fbe168252ee77bc7bbcc166fb4,/FIR_run07_raw.fsf,https://github.com/gkaguirrelab/fmriMelanopsinMRIAnalysis,github.com,1,0
swh:1:cnt:423975f7bc03be07cca1bee75f83eb2ee468dc23,423975f7bc03be07cca1bee75f83eb2ee468dc23,/11_6_spectest.fsf,https://bitbucket.org/vmacbuche/f-safe.git,bitbucket.org,0,1
swh:1:cnt:426bddfb25bfa92870d36ec706b37515601d8fe3,426bddfb25bfa92870d36ec706b37515601d8fe3,/design.fsf,https://github.com/StevenM1/flashtask,github.com,1,0
swh:1:cnt:42d3715dafb79678e1ca0b72620d005236f65e7e,42d3715dafb79678e1ca0b72620d005236f65e7e,/input.fsf,http://fmri-tools.googlecode.com/svn/,fmri-tools.googlecode.com,0,1
swh:1:cnt:42efa4d52196b924925c8f065f6f074835ef52b6,42efa4d52196b924925c8f065f6f074835ef52b6,/template_precon.fsf,https://github.com/ltirrell/nipype,github.com,0,1
swh:1:cnt:437374f35ef95d31a66fc69bc7677ad5b7c6dc71,437374f35ef95d31a66fc69bc7677ad5b7c6dc71,/blockStimLongTRTemplate_convBOLD.fsf,https://github.com/OpenNeuroDatasets/ds004539.git,github.com,1,0
swh:1:cnt:43ac3ef7e59178b5727eb49e36151963f34d3fe0,43ac3ef7e59178b5727eb49e36151963f34d3fe0,/single_test_ISR03_run1_set2_T20.fsf,https://github.com/QQXiao/ISR_2015,github.com,1,0
swh:1:cnt:4460309e946ffb9e62d4655640c4df2ff4133f31,4460309e946ffb9e62d4655640c4df2ff4133f31,/feat_level_2_rotated_flicker_sst_sed.fsf,https://gitlab.com/ingo-m/texture.git,gitlab.com,1,0
swh:1:cnt:449c7f39a06390d1119eed10a17569edf6650e16,449c7f39a06390d1119eed10a17569edf6650e16,/design.fsf,https://github.com/pederisager/Opioid_Reward_fMRI,github.com,1,0
swh:1:cnt:44ba6f0f180b0a5c6a909705f87f5a7059208c7e,44ba6f0f180b0a5c6a909705f87f5a7059208c7e,/group_cope1.fsf,https://github.com/dunsmoorlab/gPPI,github.com,1,0
swh:1:cnt:44c539140ff666e62d9a5e8e9bfb8f5124784b6a,44c539140ff666e62d9a5e8e9bfb8f5124784b6a,/Documents.fsf,https://github.com/YueFelixYang/Utilities,github.com,0,1
swh:1:cnt:44e556409bb29396244ba5a4f75f1668f7d732e9,44e556409bb29396244ba5a4f75f1668f7d732e9,/._R42_design.fsf,https://github.com/BrainNetworkModeling/MultiState,github.com,0,1
swh:1:cnt:44e762c97199a802cce0431f8d5b3f0c42fa77db,44e762c97199a802cce0431f8d5b3f0c42fa77db,/sub-03-run-02-analysis.fsf,https://github.com/AlexBowring/Software_Comparison,github.com,1,0
swh:1:cnt:44ed105b10efbe072eb0a858cce40c1a4a680ecd,44ed105b10efbe072eb0a858cce40c1a4a680ecd,/omt302s02.fmri.taskFT.run3.melodicFixNone_design.fsf,https://github.com/kmcgregor123456/proj.mh.cda2,github.com,1,0
swh:1:cnt:45290c3323b61f2333aaf024f59f71145793b7a3,45290c3323b61f2333aaf024f59f71145793b7a3,/design.fsf,https://github.com/DVS-Lab/istart-melanie,github.com,1,0
swh:1:cnt:4529e968352b56cb2f71bf000d814bf835888635,4529e968352b56cb2f71bf000d814bf835888635,/design.fsf,https://github.com/incf-nidash/nidmresults-examples,github.com,0,1
swh:1:cnt:454d2155c4428c5a3ef2e1ba2e27f3d735971655,454d2155c4428c5a3ef2e1ba2e27f3d735971655,/design.fsf,https://github.com/StevenM1/flashtask,github.com,1,0
swh:1:cnt:454eb36872f6d219fb7dba3e429542d27297f5f4,454eb36872f6d219fb7dba3e429542d27297f5f4,/design.fsf,https://git.mpib-berlin.mpg.de/LNDG/stateswitchage/stsw-stsw_fmri_task-0_preproc-data-preproc-1136.git,git.mpib-berlin.mpg.de,0,1
swh:1:cnt:456520ae7d56208008d508e0c3be9f7d34072a47,456520ae7d56208008d508e0c3be9f7d34072a47,/single_test_ISR11_run1_set1_T14.fsf,https://github.com/QQXiao/ISR_2015,github.com,1,0
swh:1:cnt:456ca6dc052544ccb59fa0ab4b03dc3983beac91,456ca6dc052544ccb59fa0ab4b03dc3983beac91,/design_sub-G17S04_runC.fsf,https://github.com/OpenNeuroDatasets/ds005731.git,github.com,1,0
swh:1:cnt:45aac23fc287aada401426d1d7be7b5c99192fc7,45aac23fc287aada401426d1d7be7b5c99192fc7,/sub-12_run-01_level1.fsf,https://github.com/AlexBowring/SC2,github.com,1,0
swh:1:cnt:45b90d074a7d6709e3a9fd47427f943783f3405c,45b90d074a7d6709e3a9fd47427f943783f3405c,/design_template.fsf,https://github.com/uhck/BatchCVRTools,github.com,0,1
swh:1:cnt:45bc00744c0d95a629da24c50fb1027076118d21,45bc00744c0d95a629da24c50fb1027076118d21,/single_encoding_ISR01_run1_set2_T23.fsf,https://github.com/QQXiao/ISR_2015,github.com,1,0
swh:1:cnt:45eab58e3409b73c83d967eace3f75ac7b0e2879,45eab58e3409b73c83d967eace3f75ac7b0e2879,/sub-07_level2_spm_drift.fsf,https://github.com/AlexBowring/SC2,github.com,1,0
swh:1:cnt:464ec00fc0712ce06ef7cf78fba3ac61bd21d584,464ec00fc0712ce06ef7cf78fba3ac61bd21d584,/example_facePCA.fsf,https://github.com/schluppeck/fsl-glm,github.com,0,1
swh:1:cnt:465ccb09426412eff78cc92cd6f59e9dc9c86722,465ccb09426412eff78cc92cd6f59e9dc9c86722,/single_encoding_ISR09_run1_set2_T19.fsf,https://github.com/QQXiao/ISR_2015,github.com,1,0
swh:1:cnt:46885e58ee8e25cc78cb4f87dd7a1c2f79b60702,46885e58ee8e25cc78cb4f87dd7a1c2f79b60702,/3_seconds_removed.fsf,https://github.com/dowdlelt/snippets,github.com,0,1
swh:1:cnt:46a7a83317c78e2f123de287911e182382cc1e9f,46a7a83317c78e2f123de287911e182382cc1e9f,/cda101pst.fmri.taskCMG.run5.melodicFixNone_design.fsf,https://github.com/CVNRni/proj.jn.cda2,github.com,1,0
swh:1:cnt:46dc18f15e5b81f720ffa665a40c9d14442f263c,46dc18f15e5b81f720ffa665a40c9d14442f263c,/ssica_task_12_run-27.fsf,https://github.com/DiedrichsenLab/Functional_Fusion,github.com,1,0
swh:1:cnt:46f205abf5037143cdeca0672f1a3b554efc3a36,46f205abf5037143cdeca0672f1a3b554efc3a36,/L1_S_TRIAL.fsf,https://github.com/DVS-Lab/abcd-mid,github.com,0,1
swh:1:cnt:46f8e6e82bd6393942395932a2c6d087dc71068e,46f8e6e82bd6393942395932a2c6d087dc71068e,/7211_design.fsf,https://github.com/PennBBL/utils,github.com,0,1
swh:1:cnt:46f9caabffc6f35ead6c949598fd115f97649542,46f9caabffc6f35ead6c949598fd115f97649542,/single_test_ISR01_run1_set1_T22.fsf,https://github.com/QQXiao/ISR_2015,github.com,1,0
swh:1:cnt:46fbc3fd8853270e77647125176cacc5d4d45792,46fbc3fd8853270e77647125176cacc5d4d45792,/single_encoding_ISR03_run2_set1_T1.fsf,https://github.com/QQXiao/ISR_2015,github.com,1,0
swh:1:cnt:472995dc8d678d791365bd04dc4feeb378cb2a9c,472995dc8d678d791365bd04dc4feeb378cb2a9c,/design.fsf,https://github.com/pederisager/Opioid_Reward_fMRI,github.com,1,0
swh:1:cnt:473438afb592e3119417971da715c890904ee110,473438afb592e3119417971da715c890904ee110,/ViceVersa VB NT CODE - NETWORK.fsf,https://github.com/qimiao032/Matthew-Lancaster,github.com,1,0
swh:1:cnt:476b99f76f643e3f661e43ac13a23740e9020494,476b99f76f643e3f661e43ac13a23740e9020494,/template.fsf,https://github.com/amclean1980/MapLabTools,github.com,0,1
swh:1:cnt:477fa6d690bc42df486d62ca7a07d00e44be419a,477fa6d690bc42df486d62ca7a07d00e44be419a,/single_test_ISR10_run2_set2_T15.fsf,https://github.com/QQXiao/ISR_2015,github.com,1,0
swh:1:cnt:47d4caece695512fb2df3a44d40a88d9144aab90,47d4caece695512fb2df3a44d40a88d9144aab90,/single_test_ISR13_run1_set2_T16.fsf,https://github.com/QQXiao/ISR_2015,github.com,1,0
swh:1:cnt:47d7eeb6ce192e65308bf37f719c09b447b69d89,47d7eeb6ce192e65308bf37f719c09b447b69d89,/design.fsf,https://github.com/Aarthi-02/Python-Imaging,github.com,0,1
swh:1:cnt:47ef44dfeb1026a178c74722ddb45bbc0800baee,47ef44dfeb1026a178c74722ddb45bbc0800baee,/ChangeLog.fsf,https://github.com/drt24/openbsd-import,github.com,0,1
swh:1:cnt:48171f54c1676b7f7702f9a559e9fac44f3ed782,48171f54c1676b7f7702f9a559e9fac44f3ed782,/k19.fsf,https://github.com/dreibh/rsplib,github.com,1,0
swh:1:cnt:481adb25e192e950bd4b944796c2b3a2e3b4125d,481adb25e192e950bd4b944796c2b3a2e3b4125d,/sub-study028_after_task-probe_level2_design.fsf,https://github.com/OpenNeuroDatasets/ds001417.git,github.com,0,1
swh:1:cnt:4867e5e4272ccb1a69577886b1e8754de1d1be41,4867e5e4272ccb1a69577886b1e8754de1d1be41,/mfx_ab2cd_valid_invalid.fsf,https://github.com/njchiang/analogy-fmri,github.com,0,1
swh:1:cnt:48a2131a3a513184ca7f3d2350a8a32d12027491,48a2131a3a513184ca7f3d2350a8a32d12027491,/290116_AbsDiff_Fix.fsf,https://github.com/pederisager/ABEL,github.com,1,0
swh:1:cnt:48a7bbb48ac9301ef8a6ba0035250d4c83638564,48a7bbb48ac9301ef8a6ba0035250d4c83638564,/template_ds109_FSL_level1_amended.fsf,https://github.com/NISOx-BDI/Software_Comparison,github.com,0,1
swh:1:cnt:48ff263eb805b2f1c89a175d1cd3d96f12c80ec4,48ff263eb805b2f1c89a175d1cd3d96f12c80ec4,/L3_Model4_68subs_ELScats.fsf,https://github.com/sarabergman/Stanford,github.com,1,0
swh:1:cnt:4955e97e716b69a4f7d19f537c13e147d17d66a3,4955e97e716b69a4f7d19f537c13e147d17d66a3,/sub-26_run-01_level1.fsf,https://github.com/AlexBowring/Software_Comparison,github.com,1,0
swh:1:cnt:4977fc1a35a0ac998a77225bd2377030c66e5f02,4977fc1a35a0ac998a77225bd2377030c66e5f02,/cda010pre.fmri.taskCMG.run1.melodicFixNone_design.fsf,https://github.com/CVNRni/proj.jn.cda2,github.com,1,0
swh:1:cnt:49b3f51a9a489d70c7690afaeaf119ad696b88df,49b3f51a9a489d70c7690afaeaf119ad696b88df,/Calm_GT_Scramble_N149_p01.fsf,https://github.com/dgweissman/neural-threat-pfactor,github.com,0,1
swh:1:cnt:49c3a380a6d190be1494b6a7f621414a4ef5846b,49c3a380a6d190be1494b6a7f621414a4ef5846b,/level1.fsf,https://github.com/Blink621/HAD-fmri,github.com,0,1
swh:1:cnt:4a0fd8585598f81fb127c1e8442b7f7c9d6bffc8,4a0fd8585598f81fb127c1e8442b7f7c9d6bffc8,/design.fsf,https://github.com/myyoda/demo-dataset-glmanalysis,github.com,0,1
swh:1:cnt:4a3783a3dcf59cd0a34acaecd86e859879bfa8c2,4a3783a3dcf59cd0a34acaecd86e859879bfa8c2,/input-28.fsf,https://github.com/dreibh/rsplib,github.com,1,0
swh:1:cnt:4aa7c94bfadfb2ba6aa1dbce08ce375d0c2eff52,4aa7c94bfadfb2ba6aa1dbce08ce375d0c2eff52,/sub-10_run-01_level1_afni_design.fsf,https://github.com/AlexBowring/SC2,github.com,1,0
swh:1:cnt:4b2e63be24c4bf509d008211e44da96884b78b54,4b2e63be24c4bf509d008211e44da96884b78b54,/design_sub-G11S01_runC.fsf,https://github.com/OpenNeuroDatasets/ds005731.git,github.com,1,0
swh:1:cnt:4b7a8fbcbbf39458a9bbd6655b420f652a160780,4b7a8fbcbbf39458a9bbd6655b420f652a160780,/feat_template_full_model_hard-easy_choice.fsf,https://github.com/mvantieghem/effort_reward_analysis_scripts,github.com,1,0
swh:1:cnt:4b7d03a8ec2294b64d6dcd5c767ab4c22e5cf954,4b7d03a8ec2294b64d6dcd5c767ab4c22e5cf954,/single_encoding_ISR20_run1_set1_T7.fsf,https://github.com/QQXiao/ISR_2015,github.com,1,0
swh:1:cnt:4b8fa9961b36ab47617c32444af51ece6f426fce,4b8fa9961b36ab47617c32444af51ece6f426fce,/single_test_ISR16_run2_set1_T13.fsf,https://github.com/QQXiao/ISR_2015,github.com,1,0
swh:1:cnt:4bbd75db3c10122d88d23a0bcc96a00ff86d32c3,4bbd75db3c10122d88d23a0bcc96a00ff86d32c3,/crossrun.ffx.fsf,https://github.com/freesurfer/freesurfer,github.com,0,1
swh:1:cnt:4bdf54f42e29724e74b6cb8853dd355c2f308a43,4bdf54f42e29724e74b6cb8853dd355c2f308a43,/Template_L2.fsf,https://github.com/TUCARD/SHOP,github.com,0,1
swh:1:cnt:4bfce450ecdbb383cb82eeb5a2ea4877a13e4d56,4bfce450ecdbb383cb82eeb5a2ea4877a13e4d56,/feat_GLM1B_sample_pos_cope5.fsf,https://github.com/denOudenLab/Algermissen2023NatComms,github.com,0,1
swh:1:cnt:4c1ef652e0cb813d165867e9f526975b27b13557,4c1ef652e0cb813d165867e9f526975b27b13557,/design.fsf,https://github.com/DushyantSahoo/Preprocessing_of_fMRI_data,github.com,0,1
swh:1:cnt:4c480835c6fe4d60600e17ad7ce2f0ac21035c25,4c480835c6fe4d60600e17ad7ce2f0ac21035c25,/single_test_ISR09_run1_set2_T13.fsf,https://github.com/QQXiao/ISR_2015,github.com,1,0
swh:1:cnt:4c5f13d8929828baf8aa27a8fd4840ad830d2f8b,4c5f13d8929828baf8aa27a8fd4840ad830d2f8b,/feat_level_2_bright_square_txtr_sst_sed.fsf,https://gitlab.com/ingo-m/texture.git,gitlab.com,1,0
swh:1:cnt:4c72814c4f9714b54ab912531bf81368a4b296f0,4c72814c4f9714b54ab912531bf81368a4b296f0,/design.fsf,https://github.com/StevenM1/flashtask,github.com,1,0
swh:1:cnt:4c7f0425dc0c2818f60032e37e305820bb4e8b59,4c7f0425dc0c2818f60032e37e305820bb4e8b59,/single_test_ISR05_run1_set2_T11.fsf,https://github.com/QQXiao/ISR_2015,github.com,1,0
swh:1:cnt:4c848deaefeb1e197fca8f50d5e75b2c90802090,4c848deaefeb1e197fca8f50d5e75b2c90802090,/FIR_run11_5mm.fsf,https://github.com/gkaguirrelab/fmriMelanopsinMRIAnalysis,github.com,0,1
swh:1:cnt:4c91deb86c661a388796a0726d4456a16c9d15a0,4c91deb86c661a388796a0726d4456a16c9d15a0,/design.fsf,https://github.com/StevenM1/flashtask,github.com,1,0
swh:1:cnt:4ca98a88910e7cdd1705cf79d18145785b283653,4ca98a88910e7cdd1705cf79d18145785b283653,/langloc_order2_design.fsf,https://github.com/Qlab-UDel/qlab,github.com,0,1
swh:1:cnt:4cce919450f44f7c00e65c62c20a84d12be9899f,4cce919450f44f7c00e65c62c20a84d12be9899f,/sub-04_run-02_level1_afni_design.fsf,https://github.com/AlexBowring/SC2,github.com,1,0
swh:1:cnt:4cf29284961ad2250796c5cdee4312d47bc6079c,4cf29284961ad2250796c5cdee4312d47bc6079c,/ChangeLog.fsf,https://ftp.gnu.org/old-gnu/gnu-0.2/,ftp.gnu.org,0,1
swh:1:cnt:4d0219916db9cdce5a9d3d061c075752a0dcb166,4d0219916db9cdce5a9d3d061c075752a0dcb166,/design.fsf,https://github.com/pederisager/ABEL,github.com,0,1
swh:1:cnt:4d381b3c2693b85de6696fcee4d3fb69b0745309,4d381b3c2693b85de6696fcee4d3fb69b0745309,/cda005pst.fmri.taskCMG.run5.melodicFixNone_design.fsf,https://github.com/CVNRni/proj.jn.cda2,github.com,1,0
swh:1:cnt:4d46a57af3a56ca5ce1e234025d5da60e30dcfc0,4d46a57af3a56ca5ce1e234025d5da60e30dcfc0,/design.fsf,https://github.com/TomMaullin/nidmresults-examples,github.com,1,0
swh:1:cnt:4d47236f9a9c0b879bfedbb4a00f48c2ee7292fc,4d47236f9a9c0b879bfedbb4a00f48c2ee7292fc,/single_test_ISR19_run1_set1_T7.fsf,https://github.com/QQXiao/ISR_2015,github.com,1,0
swh:1:cnt:4d5278bbf0c3251ba7ad6e0cc10b778c783f9772,4d5278bbf0c3251ba7ad6e0cc10b778c783f9772,/11_7_spectest.fsf,https://bitbucket.org/vmacbuche/f-safe.git,bitbucket.org,1,0
swh:1:cnt:4d5ca769757bf615eab973ace7b699d328a34080,4d5ca769757bf615eab973ace7b699d328a34080,/L1_task-trust_model-01_type-ppi.fsf,https://github.com/DVS-Lab/srndna-trustgame,github.com,0,1
swh:1:cnt:4d6cef7ce49c5aea7f47d1169aeb738071a28a77,4d6cef7ce49c5aea7f47d1169aeb738071a28a77,/1270_run-3.fsf,https://git.mpib-berlin.mpg.de/LNDG/stateswitchage/stsw-stsw_fmri_task-0_preproc-data-preproc-1270.git,git.mpib-berlin.mpg.de,0,1
swh:1:cnt:4dac0e8b8f9e5367577c2ea4b42293d992602850,4dac0e8b8f9e5367577c2ea4b42293d992602850,/ViceVersa PHOTO CAMERA - GOOD.fsf,https://github.com/qimiao032/Matthew-Lancaster,github.com,1,0
swh:1:cnt:4e00fc5beae44c7a0630e1b6edda50fbcbf155fd,4e00fc5beae44c7a0630e1b6edda50fbcbf155fd,/debug.fsf,https://github.com/thamada/pgpg,github.com,0,1
swh:1:cnt:4e8d2326d046dee2fead7726387b14aa6f98beea,4e8d2326d046dee2fead7726387b14aa6f98beea,/feat_level_2_Control_Dynamic.fsf,https://github.com/zw1989/PacManStim,github.com,1,0
swh:1:cnt:4eb8ac30aa57eacf1fd742ae951d5e03c181dad5,4eb8ac30aa57eacf1fd742ae951d5e03c181dad5,/design.fsf,https://github.com/StevenM1/flashtask,github.com,1,0
swh:1:cnt:4ef0501ef926808f651b063110fd7f5d2b1a0bed,4ef0501ef926808f651b063110fd7f5d2b1a0bed,/2209_run-3.fsf,https://git.mpib-berlin.mpg.de/LNDG/stateswitchage/stsw-stsw_fmri_task-0_preproc-data-preproc-2209.git,git.mpib-berlin.mpg.de,0,1
swh:1:cnt:4f482015a7a7187317f797fb8e8eb602a564b5b5,4f482015a7a7187317f797fb8e8eb602a564b5b5,/design.fsf,https://github.com/isacdaavid/emotion-perception-mvpa,github.com,0,1
swh:1:cnt:4f66fb822b872a2d58f90ce70f81c824ef267b7d,4f66fb822b872a2d58f90ce70f81c824ef267b7d,/melodic_config.fsf,https://github.com/Chao-Jiang/MrCat,github.com,0,1
swh:1:cnt:4f9a8f16c63b715e1e18abe9bc092c20f4dd1c1c,4f9a8f16c63b715e1e18abe9bc092c20f4dd1c1c,/template_stroop_RT-True_fsl.fsf,https://github.com/henrymj/Self_Regulation_Ontology_fMRI,github.com,1,0
swh:1:cnt:4fa8562219ed81b9c29018f8b322533de866b1b2,4fa8562219ed81b9c29018f8b322533de866b1b2,/shader.fsf,https://github.com/tv/cg,github.com,0,1
swh:1:cnt:4fbe58cffa6bf163702168569a5093060b562a1b,4fbe58cffa6bf163702168569a5093060b562a1b,/design.fsf,https://github.com/pederisager/Opioid_Reward_fMRI,github.com,1,0
swh:1:cnt:4fd03c5e1f6c7949defc85caca7905448df2aa01,4fd03c5e1f6c7949defc85caca7905448df2aa01,/sub-study007_ses-followup_task-probe_run-01_design.fsf,https://github.com/OpenNeuroDatasets/ds001417.git,github.com,1,0
swh:1:cnt:4ffe271135615e8564dcffc3bc3f64a6581a5622,4ffe271135615e8564dcffc3bc3f64a6581a5622,/new_lev1_stub_2_scrub.fsf,https://github.com/churchlabUT/ldrc,github.com,1,0
swh:1:cnt:501f8d3a64d6f94314e39e25885e00b5b2186dc8,501f8d3a64d6f94314e39e25885e00b5b2186dc8,/template_one_subj2.fsf,https://github.com/CMilbourn/LabRotation2,github.com,0,1
swh:1:cnt:50433841863f07fb884501580b9980caa2030932,50433841863f07fb884501580b9980caa2030932,/design.fsf,https://github.com/StevenM1/flashtask,github.com,0,1
swh:1:cnt:504dccb3e14c96ee4d6ad7ed5658134e2b351cc6,504dccb3e14c96ee4d6ad7ed5658134e2b351cc6,/p10_design.fsf,https://github.com/sohaamir/aamir_vs_chris,github.com,1,0
swh:1:cnt:5050d2e179d4ba963f213d5f8167ca0ce92f2731,5050d2e179d4ba963f213d5f8167ca0ce92f2731,/level3_group_stats.fsf,https://github.com/BMHLab/DiCER,github.com,0,1
swh:1:cnt:50647f6efb13383f8962dea6f5d46b4130927503,50647f6efb13383f8962dea6f5d46b4130927503,/no_reg_design.fsf,https://github.com/niblunc/fmri_workshop,github.com,0,1
swh:1:cnt:50660778874c794ef1b80beeb19f4551be53233c,50660778874c794ef1b80beeb19f4551be53233c,/feat_level_1_func_05.fsf,https://github.com/ingo-m/surface,github.com,1,0
swh:1:cnt:509b7607710a1d425025748dafd8e6b1ff831a6d,509b7607710a1d425025748dafd8e6b1ff831a6d,/default.fsf,https://github.com/Daywer/shorttutorial,github.com,0,1
swh:1:cnt:50a653227f17bd0849e3daa205f29485ac544235,50a653227f17bd0849e3daa205f29485ac544235,/single_encoding_ISR04_run2_set2_T24.fsf,https://github.com/QQXiao/ISR_2015,github.com,1,0
swh:1:cnt:516835a629ecfeaa643e67cc0e87996e40942752,516835a629ecfeaa643e67cc0e87996e40942752,/MOR_simple_zthresh3p1.fsf,https://github.com/pederisager/Opioid_Reward_fMRI,github.com,1,0
swh:1:cnt:51dc80d1a75b53b79b45c28a026ff6c06db4f0d1,51dc80d1a75b53b79b45c28a026ff6c06db4f0d1,/feat_design-1st_level_reg_and_8par_CAM.fsf,https://bitbucket.org/andrewddavis/cbn01-faces_task.git,bitbucket.org,1,0
swh:1:cnt:51ff2d7452d5cba8a2b0e1df58bc58959107ad88,51ff2d7452d5cba8a2b0e1df58bc58959107ad88,/sub-01_task-friend_run-1.fsf,https://github.com/bernicecheung/socialContext,github.com,0,1
swh:1:cnt:52093c75aa8ca6f5bfb1c46daed07bf21952a2a0,52093c75aa8ca6f5bfb1c46daed07bf21952a2a0,/L3_Model5_71subs_V2_gender_lossoutcomes.fsf,https://github.com/sarabergman/Stanford,github.com,1,0
swh:1:cnt:52121332f7241f1c186d761eb59c5dc9c1a0c59e,52121332f7241f1c186d761eb59c5dc9c1a0c59e,/design.fsf,https://github.com/curiousTauseef/b2b,github.com,0,1
swh:1:cnt:524cfb31e71c5331cd030f345f7cffd681d28cf9,524cfb31e71c5331cd030f345f7cffd681d28cf9,/feat.fsf,https://github.com/inhuszar/csfmri,github.com,0,1
swh:1:cnt:525caa6d8d956be0a9ef354d968dcac4bf5d683b,525caa6d8d956be0a9ef354d968dcac4bf5d683b,/PS.fsf,https://github.com/alffajardo/proyecto_RS,github.com,0,1
swh:1:cnt:52846b763e98a3159e826bac44cb47b3a1513537,52846b763e98a3159e826bac44cb47b3a1513537,/sub-15_run-01_level1.fsf,https://github.com/oesteban/Software_Comparison,github.com,1,0
swh:1:cnt:52b6e05bb81b74d928a7b44bf14102a35201a466,52b6e05bb81b74d928a7b44bf14102a35201a466,/GLMCambridge.fsf,https://github.com/wanderine/ParametricSinglesubjectfMRI,github.com,1,0
swh:1:cnt:52daddfe1faa8bb2609c0127127281107970f11f,52daddfe1faa8bb2609c0127127281107970f11f,/Car.fsf,https://github.com/mrmiguu/Minimalist-GPS,github.com,0,1
swh:1:cnt:52e12fe71e548208a150a19127a6520954e3503a,52e12fe71e548208a150a19127a6520954e3503a,/melodic_config.fsf,https://github.com/jmschabdach/SPECTr,github.com,0,1
swh:1:cnt:52ee8976844f9865d707ea1903b4492621a93fa2,52ee8976844f9865d707ea1903b4492621a93fa2,/2132_run-3.fsf,https://git.mpib-berlin.mpg.de/LNDG/stateswitchage/stsw-stsw_fmri_task-0_preproc-data-preproc-2132.git,git.mpib-berlin.mpg.de,0,1
swh:1:cnt:5304a0907677c25df6876bd84f1014b922999dac,5304a0907677c25df6876bd84f1014b922999dac,/sub-16_run-01_level1.fsf,https://github.com/AlexBowring/Software_Comparison,github.com,1,0
swh:1:cnt:5318c61f1e4966c300dd7a1c59a40be785052ad8,5318c61f1e4966c300dd7a1c59a40be785052ad8,/design.fsf,https://github.com/OpenNeuroDatasets/ds005978.git,github.com,1,0
swh:1:cnt:536e4f49b84d455f52c0ecbd2c04dc869a610e7e,536e4f49b84d455f52c0ecbd2c04dc869a610e7e,/Epochs_design.fsf,https://github.com/ntblab/infant_neuropipe,github.com,0,1
swh:1:cnt:53958483919a595c1ffde9b9dcf7128e59b5ddef,53958483919a595c1ffde9b9dcf7128e59b5ddef,/feat_level_1_func_02.fsf,https://github.com/zw1989/PacManStim,github.com,1,0
swh:1:cnt:53cf5e0676f817ba7e4f2cb022657eb3f88d28d3,53cf5e0676f817ba7e4f2cb022657eb3f88d28d3,/feat_design_no_fix.fsf,https://github.com/YujianDiao/PIRACY,github.com,0,1
swh:1:cnt:53d0035195c110b0762340e8ac1b795072a38ec3,53d0035195c110b0762340e8ac1b795072a38ec3,/dummy_nuisance_compcor_nofmap_5.0.10.fsf,https://github.com/jdkent/RestingState,github.com,0,1
swh:1:cnt:53ee2b850131ec634f377219f84a36f13593ed01,53ee2b850131ec634f377219f84a36f13593ed01,/feat_level_2_PacMan_Static.fsf,https://github.com/ingo-m/PacMan,github.com,0,1
swh:1:cnt:5405b80bcf87805a47d992f59ef8f5b1054e6833,5405b80bcf87805a47d992f59ef8f5b1054e6833,/b0_correct.fsf,https://github.com/084/afni_script,github.com,0,1
swh:1:cnt:5425425432d905fc5e4bcb2086a42d7a9d2068f5,5425425432d905fc5e4bcb2086a42d7a9d2068f5,/design.fsf,https://github.com/EstebanMa12/PISIII_FSL,github.com,0,1
swh:1:cnt:5430dcf5deef60c813a5c70501e0f15ba714ae00,5430dcf5deef60c813a5c70501e0f15ba714ae00,/FieldSetFile.fsf,https://github.com/Brace-orange/cst_biye,github.com,1,0
swh:1:cnt:544286efb377afcf41e90f7f8eae183721956f7c,544286efb377afcf41e90f7f8eae183721956f7c,/cda010pre.fmri.taskCMG.run1.melodicFixNone_design.fsf,https://github.com/CVNRni/proj.jn.cda2,github.com,1,0
swh:1:cnt:545fa828f09f6f8c6baa2ff349987d682a1c89e6,545fa828f09f6f8c6baa2ff349987d682a1c89e6,/session_feat.fsf,https://github.com/axcentique/Real-Time-fMRI,github.com,0,1
swh:1:cnt:54717eff0ddae2654bacacacd21027e87ea31359,54717eff0ddae2654bacacacd21027e87ea31359,/L2_ppi_full.fsf,https://github.com/DVS-Lab/yin-conn,github.com,0,1
swh:1:cnt:549b633d63e0271c2ce8cf7b4ec5eb1bda79a749,549b633d63e0271c2ce8cf7b4ec5eb1bda79a749,/cda008pst.fmri.rest.run1.melodicFixNone_design.fsf,https://github.com/CVNRni/proj.jn.cda2,github.com,0,1
swh:1:cnt:54e1b0e4d7da7f20ba26fea79fcd02a4186f4ed7,54e1b0e4d7da7f20ba26fea79fcd02a4186f4ed7,/omt994s01.fmri.taskFT.run4.melodicFixNone_design.fsf,https://github.com/CVNRni/proj.mh.cda1,github.com,1,0
swh:1:cnt:54e8133ed5503daf18da14bd3e7bdd3a874e3c91,54e8133ed5503daf18da14bd3e7bdd3a874e3c91,/default.fsf,https://github.com/Artanemus/FES_RoboHelp,github.com,0,1
swh:1:cnt:555da47e33fee0cf81c38d83fc19fd69219f6e99,555da47e33fee0cf81c38d83fc19fd69219f6e99,/sme.fsf,https://github.com/QQXiao/EV,github.com,0,1
swh:1:cnt:5562b061d462a76c7b2ac06e6eda0414671a60c1,5562b061d462a76c7b2ac06e6eda0414671a60c1,/skeleton.fsf,https://github.com/m2aenad/fmri_practice,github.com,0,1
swh:1:cnt:5577403ee8ef60dd16f22591832b01faef7af812,5577403ee8ef60dd16f22591832b01faef7af812,/license.fsf,https://code.launchpad.net/~vcs-imports/axiom/trunk,code.launchpad.net,0,1
swh:1:cnt:5581aa11d38ed8d82442a7a77f1908681291a335,5581aa11d38ed8d82442a7a77f1908681291a335,/single_trial_image_model.fsf,https://github.com/odedbein/Ticky_public,github.com,0,1
swh:1:cnt:55ebb7a33a4575960152a0403f3cec8ee676a6f0,55ebb7a33a4575960152a0403f3cec8ee676a6f0,/ICA.fsf,https://github.com/VB6Hobbyst7/REWOD,github.com,1,0
swh:1:cnt:565da6e2770685d624771c128b1e2fc0f7743824,565da6e2770685d624771c128b1e2fc0f7743824,/R4140_S1_Run_1_N60_elapsed_time.fsf,https://github.com/adamgeorgeturnbull/elapsed_time,github.com,1,0
swh:1:cnt:56a71bb89e459e7ebb7310e8a2f7c24e7de91de5,56a71bb89e459e7ebb7310e8a2f7c24e7de91de5,/single_test_ISR08_run2_set1_T19.fsf,https://github.com/QQXiao/ISR_2015,github.com,1,0
swh:1:cnt:56ef07f8e3af2f6f0a294f31e83e8c12a8364d42,56ef07f8e3af2f6f0a294f31e83e8c12a8364d42,/GICA_custom_template.fsf,https://github.com/glatard/cbrain-tests-fsl-melodic,github.com,0,1
swh:1:cnt:56f644a1c8142d89982f885ecbf3a7d360bf4682,56f644a1c8142d89982f885ecbf3a7d360bf4682,/test.fsf,https://github.com/ksmonkey123/FormSys,github.com,0,1
swh:1:cnt:56fd2c3efafc591f5923ef01f252d839e3aa7a76,56fd2c3efafc591f5923ef01f252d839e3aa7a76,/design_gamma2_D.fsf,https://github.com/Remi-Gau/fMRI_temporal_autocorrelation,github.com,0,1
swh:1:cnt:5716bccd44af90893e176f5bbb95ae71335b5614,5716bccd44af90893e176f5bbb95ae71335b5614,/single_test_ISR16_run1_set2_T20.fsf,https://github.com/QQXiao/ISR_2015,github.com,1,0
swh:1:cnt:571ff5d993e95e44624fd36757cfc6cefaf9cb49,571ff5d993e95e44624fd36757cfc6cefaf9cb49,/feat_level_2_bright_square_trn_sed.fsf,https://github.com/ingo-m/surface,github.com,1,0
swh:1:cnt:5785c76e8145f6cf88e36368f3c0bb9bb26719f9,5785c76e8145f6cf88e36368f3c0bb9bb26719f9,/Backdoor.Win32.PcClient.fsf,https://github.com/fanmcgrady/graduation,github.com,0,1
swh:1:cnt:57b460561e92a0a5fc35f3395f3db52ab27358cb,57b460561e92a0a5fc35f3395f3db52ab27358cb,/preproc_28_2.fsf,https://bitbucket.org/sffeng/combray.git,bitbucket.org,0,1
swh:1:cnt:57d3bd981c9b753d3f7240d67a46c574f2bce4de,57d3bd981c9b753d3f7240d67a46c574f2bce4de,/design.fsf,https://github.com/pederisager/Opioid_Reward_fMRI,github.com,1,0
swh:1:cnt:586444c848cd6e013fada8c80dd7dde9f3078c60,586444c848cd6e013fada8c80dd7dde9f3078c60,/single_test_ISR11_run2_set2_T6.fsf,https://github.com/QQXiao/ISR_2015,github.com,1,0
swh:1:cnt:5883fe50f402d164b7bd77746ce5612f98833af1,5883fe50f402d164b7bd77746ce5612f98833af1,/design.fsf,https://github.com/StevenM1/flashtask,github.com,1,0
swh:1:cnt:58a8bb8730fe405ea1ae71624badb9aec013b8e9,58a8bb8730fe405ea1ae71624badb9aec013b8e9,/design.fsf,https://git.mpib-berlin.mpg.de/LNDG/stateswitchage/stsw-stsw_fmri_task-0_preproc-data-preproc-1250.git,git.mpib-berlin.mpg.de,1,0
swh:1:cnt:58daa82a619578cafaed54c24683e21ce9d5653a,58daa82a619578cafaed54c24683e21ce9d5653a,/ssica_task_07_run-19.fsf,https://github.com/DiedrichsenLab/Functional_Fusion,github.com,1,0
swh:1:cnt:58e66aaf412a391cf6dfd1f47ed4ef3845037b6a,58e66aaf412a391cf6dfd1f47ed4ef3845037b6a,/tfMRI_facematching_AP_hp200_s4_level1.fsf,https://github.com/yeunkim/HCPPipelines,github.com,0,1
swh:1:cnt:58e78c2aaa2e423852ae8908852d69beb186899b,58e78c2aaa2e423852ae8908852d69beb186899b,/melodic_design.fsf,https://github.com/CVNR/nic_functional,github.com,0,1
swh:1:cnt:590c7001ede27d620a1aefdee45031ca36594c83,590c7001ede27d620a1aefdee45031ca36594c83,/FieldSetFile.fsf,https://github.com/tbh111/Matlab-simulation,github.com,0,1
swh:1:cnt:59b410261ec175fc797f10d91216130a3c2e19af,59b410261ec175fc797f10d91216130a3c2e19af,/1125_run-2.fsf,https://git.mpib-berlin.mpg.de/LNDG/stateswitchage/stsw-stsw_fmri_task-0_preproc-data-preproc-1125.git,git.mpib-berlin.mpg.de,0,1
swh:1:cnt:59f65d99a6f3e8798e7ddc8a44c112f417a1c55a,59f65d99a6f3e8798e7ddc8a44c112f417a1c55a,/single_encoding_ISR06_run1_set2_T5.fsf,https://github.com/QQXiao/ISR_2015,github.com,1,0
swh:1:cnt:59f99746476aa9664e844bbc8c5c99cc874e3ead,59f99746476aa9664e844bbc8c5c99cc874e3ead,/aamod_tensorica_template.fsf,https://github.com/silcol/automaticanalysis-dynmem,github.com,0,1
swh:1:cnt:5a310e44d0284a57200f025f931c07547eb7490e,5a310e44d0284a57200f025f931c07547eb7490e,/template.fsf,https://github.com/gpiantoni/efsl,github.com,0,1
swh:1:cnt:5a4e1a061e83411f8b9393e5a2512267cf3c39fb,5a4e1a061e83411f8b9393e5a2512267cf3c39fb,/single_test_ISR07_run2_set1_T13.fsf,https://github.com/QQXiao/ISR_2015,github.com,1,0
swh:1:cnt:5a515593d1e3883c3880bb95ed580af4a61b5985,5a515593d1e3883c3880bb95ed580af4a61b5985,/preproc.fsf,https://github.com/Dartmouth-Social-Neuroscience-Lab/FSL-rest-pipeline-BIDS,github.com,0,1
swh:1:cnt:5a7bd17fa044c39ee951d0f70bb670cf4c34ae18,5a7bd17fa044c39ee951d0f70bb670cf4c34ae18,/template_lev1.fsf,https://github.com/nrajamani3/fMRI-preprocessing-pipelines,github.com,0,1
swh:1:cnt:5aa837d4296d9c5d92272b45277792d9522b752b,5aa837d4296d9c5d92272b45277792d9522b752b,/FIR_run03_raw.fsf,https://github.com/gkaguirrelab/fmriMelanopsinMRIAnalysis,github.com,1,0
swh:1:cnt:5ab334ad50d301c3e7bf7182f0ddeb0b7b771ef0,5ab334ad50d301c3e7bf7182f0ddeb0b7b771ef0,/design.fsf,https://github.com/StevenM1/flashtask,github.com,1,0
swh:1:cnt:5ad29a7956a66a569c3ea7f1db8af727ac62970b,5ad29a7956a66a569c3ea7f1db8af727ac62970b,/design_sub-G18S06_loc.fsf,https://github.com/OpenNeuroDatasets/ds005731.git,github.com,1,0
swh:1:cnt:5adec713bfa74befcd6ffcefc48253c131d18435,5adec713bfa74befcd6ffcefc48253c131d18435,/pre_process47541.fsf,https://pymvpa-pipe.googlecode.com/hg/,pymvpa-pipe.googlecode.com,0,1
swh:1:cnt:5ae885c1bd47b6fd4a3baf33b250367674890f0e,5ae885c1bd47b6fd4a3baf33b250367674890f0e,/sub-14_run-02_level1.fsf,https://github.com/oesteban/Software_Comparison,github.com,1,0
swh:1:cnt:5b3c9bd4f282b36d48bb9b33229bc36456f17dc6,5b3c9bd4f282b36d48bb9b33229bc36456f17dc6,/preprocessingNoMCNoSmoothingNonLinearDOF12.fsf,https://github.com/donakand/EmotionalMemory,github.com,0,1
swh:1:cnt:5b508baf015f47772539a9c231bd4ebe165a848b,5b508baf015f47772539a9c231bd4ebe165a848b,/design.fsf,https://git.mpib-berlin.mpg.de/LNDG/stateswitchage/stsw-stsw_fmri_task-0_preproc-data-preproc-2157.git,git.mpib-berlin.mpg.de,0,1
swh:1:cnt:5b5975bd2605d9bb70a9065099978890e6f156e1,5b5975bd2605d9bb70a9065099978890e6f156e1,/sub-27_run-02_level1.fsf,https://github.com/AlexBowring/SC2,github.com,1,0
swh:1:cnt:5b80e34612927c973122aadf8f416f01078491df,5b80e34612927c973122aadf8f416f01078491df,/input-130.fsf,https://github.com/dreibh/rsplib,github.com,1,0
swh:1:cnt:5ba642a373fe10607fa3ff67af710dcc7dfd59fb,5ba642a373fe10607fa3ff67af710dcc7dfd59fb,/design.fsf,https://git.mpib-berlin.mpg.de/LNDG/stateswitchage/stsw-stsw_fmri_task-0_preproc-data-preproc-1228.git,git.mpib-berlin.mpg.de,0,1
swh:1:cnt:5bb494516bddcb84f389f39456f4c274c3162267,5bb494516bddcb84f389f39456f4c274c3162267,/single_test_ISR13_run2_set1_T11.fsf,https://github.com/QQXiao/ISR_2015,github.com,1,0
swh:1:cnt:5be60f5051c654eb331d0b2c97ae99558d19cf34,5be60f5051c654eb331d0b2c97ae99558d19cf34,/L1_task-sharedreward_model-02_type-ppi_wPaths.fsf,https://github.com/jameswyngaarden/istart-sharedreward,github.com,1,0
swh:1:cnt:5bfe15f1d7de8bcccc24e75a42c0a27dfc79154c,5bfe15f1d7de8bcccc24e75a42c0a27dfc79154c,/design.fsf,https://github.com/adswa/localizer,github.com,1,0
swh:1:cnt:5c3ac7f30e7683949ec54bf196bb83de0a7130ef,5c3ac7f30e7683949ec54bf196bb83de0a7130ef,/sub-01_run-02_level1.fsf,https://github.com/AlexBowring/SC2,github.com,1,0
swh:1:cnt:5c812ceb62f3d8c616abcb5556e5dcd199393f88,5c812ceb62f3d8c616abcb5556e5dcd199393f88,/R4222_S1_Run_1_N60_elapsed_time.fsf,https://github.com/adamgeorgeturnbull/elapsed_time,github.com,1,0
swh:1:cnt:5cb544041b2423faee060748912c6a082c92c184,5cb544041b2423faee060748912c6a082c92c184,/ssica_task_18_run-09.fsf,https://github.com/DiedrichsenLab/Functional_Fusion,github.com,1,0
swh:1:cnt:5cb911fdaf92c6237cf2f876739f5e5dec4eea5c,5cb911fdaf92c6237cf2f876739f5e5dec4eea5c,/Anticipation.fsf,https://github.com/zanderso13/acnlab_repo,github.com,0,1
swh:1:cnt:5d1ee057ed1763e52fa9c67d4f43ea625cf37d09,5d1ee057ed1763e52fa9c67d4f43ea625cf37d09,/ssica_task_06_run-31.fsf,https://github.com/DiedrichsenLab/Functional_Fusion,github.com,1,0
swh:1:cnt:5dd64fb541203adab8521eccfab72e76067f0c2f,5dd64fb541203adab8521eccfab72e76067f0c2f,/psi12.fsf,https://github.com/dreibh/fractgen,github.com,1,0
swh:1:cnt:5dda53257001118d0c609946e52d2c76d0ff078c,5dda53257001118d0c609946e52d2c76d0ff078c,/design.fsf,https://git.mpib-berlin.mpg.de/LNDG/stateswitchage/stsw-stsw_fmri_task-0_preproc-data-preproc-1219.git,git.mpib-berlin.mpg.de,1,0
swh:1:cnt:5e35ef20ae992013828992989de18856e3bccbf5,5e35ef20ae992013828992989de18856e3bccbf5,/xi03.fsf,https://github.com/dreibh/fractgen,github.com,1,0
swh:1:cnt:5e380347e7048fe83e086f0834566558427af49f,5e380347e7048fe83e086f0834566558427af49f,/0.fsf,https://github.com/seharanul1/Korean_bow_VR,github.com,0,1
swh:1:cnt:5e628f76e13ae78eb7dd2127becded26ce53f654,5e628f76e13ae78eb7dd2127becded26ce53f654,/design.fsf,https://github.com/StevenM1/flashtask,github.com,1,0
swh:1:cnt:5e67743e2d9f4d10b393d839a6d12cb8378b12b8,5e67743e2d9f4d10b393d839a6d12cb8378b12b8,/design.fsf,https://github.com/OpenNeuroDatasets/ds004073.git,github.com,0,1
swh:1:cnt:5e923dd02ea30b2105c301e400cf0c136ed222e1,5e923dd02ea30b2105c301e400cf0c136ed222e1,/design.fsf,https://github.com/pederisager/Opioid_Reward_fMRI,github.com,1,0
swh:1:cnt:5e9dbbc7a5c90d2c2de0bd19d25fc25888cdf739,5e9dbbc7a5c90d2c2de0bd19d25fc25888cdf739,/design.fsf,https://github.com/StevenM1/flashtask,github.com,1,0
swh:1:cnt:5ea92cd22eddd1d911225c6b2dd0a1c27f68162f,5ea92cd22eddd1d911225c6b2dd0a1c27f68162f,/cda106pre.fmri.taskCMG.run4.melodicFixNone_design.fsf,https://github.com/CVNRni/proj.jn.cda2,github.com,1,0
swh:1:cnt:5ec17afe732130885a49492c497044e1a57a8349,5ec17afe732130885a49492c497044e1a57a8349,/cda002pre.fmri.taskCMG.run3.melodicFixNone_design.fsf,https://github.com/CVNRni/proj.jn.cda2,github.com,1,0
swh:1:cnt:5ec286080ff1d7b7449a6c3992cb3c149e15ffc0,5ec286080ff1d7b7449a6c3992cb3c149e15ffc0,/MASTER_BIPOLAR_design.fsf,https://github.com/ethancdraper/BA_WM_Thesis,github.com,0,1
swh:1:cnt:5ee7c4ad7d8ad5559d7b3775b9eae1c6b6371126,5ee7c4ad7d8ad5559d7b3775b9eae1c6b6371126,/2131_rest.fsf,https://git.mpib-berlin.mpg.de/LNDG/stateswitchage/stsw-stsw_fmri_rest-0_preproc.git,git.mpib-berlin.mpg.de,1,0
swh:1:cnt:5f655516bb813d299f9210a2ad59da611eb547d7,5f655516bb813d299f9210a2ad59da611eb547d7,/tone_design.fsf,https://github.com/juliagoolia28/sllip,github.com,0,1
swh:1:cnt:5f96314ac3244e4c9ad16ced35b0c87154b5c038,5f96314ac3244e4c9ad16ced35b0c87154b5c038,/design.fsf,https://github.com/StevenM1/flashtask,github.com,1,0
swh:1:cnt:5fd22a406ef626edd0ae0de5cce7025effa1f26d,5fd22a406ef626edd0ae0de5cce7025effa1f26d,/cda103pre.fmri.taskCMG.run5.melodicFixNone_design.fsf,https://github.com/CVNRni/proj.jn.cda2,github.com,1,0
swh:1:cnt:5fd8b187b2d56d2b214760c6c9c3b90b361c38c6,5fd8b187b2d56d2b214760c6c9c3b90b361c38c6,/FieldSetFile.fsf,https://github.com/Brace-orange/more,github.com,0,1
swh:1:cnt:5fed863e3fcd5f5fdf4c64916d74f8983ea05e03,5fed863e3fcd5f5fdf4c64916d74f8983ea05e03,/template_memory_run-01_gPPI.fsf,https://github.com/dunsmoorlab/gPPI,github.com,1,0
swh:1:cnt:5ff4775666c7c428962ffab1233c1a2d6c8a97c8,5ff4775666c7c428962ffab1233c1a2d6c8a97c8,/input-114.fsf,https://github.com/dreibh/rsplib,github.com,1,0
swh:1:cnt:60109b55b7351405982e4dc5f1fc52b4824050a0,60109b55b7351405982e4dc5f1fc52b4824050a0,/432672_avhruns.fsf,https://github.com/willstrawson/ViBE_fmri_analysis,github.com,1,0
swh:1:cnt:60603827d7db235d75f6e00bf46265668a7ad8da,60603827d7db235d75f6e00bf46265668a7ad8da,/model.fsf,https://github.com/gaultierB/frmi_bpd,github.com,0,1
swh:1:cnt:606f7dc3a48998326ed2b5caeec537d79ccfef8c,606f7dc3a48998326ed2b5caeec537d79ccfef8c,/sub-43_run-02_level1_amended.fsf,https://github.com/AlexBowring/Software_Comparison,github.com,1,0
swh:1:cnt:609f461e78888a9e576ff8968694cb2c8b9d7846,609f461e78888a9e576ff8968694cb2c8b9d7846,/single_encoding_ISR14_run2_set1_T16.fsf,https://github.com/QQXiao/ISR_2015,github.com,1,0
swh:1:cnt:60c28449c3a492df4b41d2f2d14b311dcf4294cd,60c28449c3a492df4b41d2f2d14b311dcf4294cd,/ssica_task_21_run-09.fsf,https://github.com/DiedrichsenLab/Functional_Fusion,github.com,1,0
swh:1:cnt:60c45f0f121555288e457ad09563d4a389924ca8,60c45f0f121555288e457ad09563d4a389924ca8,/design_mid.fsf,https://github.com/sreevalsansmenon/ABCD_Neighborhood,github.com,0,1
swh:1:cnt:60cc1a82bde0d53fd5260d162fc4db97de0df10b,60cc1a82bde0d53fd5260d162fc4db97de0df10b,/sub-study011_ses-after_task-probe_run-01_design.fsf,https://github.com/OpenNeuroDatasets/ds001417.git,github.com,1,0
swh:1:cnt:60f4faa8af897ca3a20bc0871d23349374f31194,60f4faa8af897ca3a20bc0871d23349374f31194,/design.fsf,https://github.com/yarikoptic/demo1,github.com,0,1
swh:1:cnt:6141a5b0a29fb8ba9a178cb141bc8fb017be34b8,6141a5b0a29fb8ba9a178cb141bc8fb017be34b8,/rs_prep_origin.fsf,https://github.com/fahaxiki1234/Protocol-rsfmri-analysis,github.com,0,1
swh:1:cnt:6167974c4369e6f859737297bd069697735c77b9,6167974c4369e6f859737297bd069697735c77b9,/p02_s1.fsf,https://github.com/sohaamir/aamir_vs_chris,github.com,1,0
swh:1:cnt:61f76733a5b3b4a14865a39bbc93c308e08ed9f0,61f76733a5b3b4a14865a39bbc93c308e08ed9f0,/template.fsf,https://github.com/DeSistoNV/MUSC-Stuff,github.com,0,1
swh:1:cnt:6210f1b4b066c2725f3262066e894cd1682a6a84,6210f1b4b066c2725f3262066e894cd1682a6a84,/p15_s2.fsf,https://github.com/sohaamir/aamir_vs_chris,github.com,1,0
swh:1:cnt:6211ebf4186c647fe6e70ead811cedcc47802e4c,6211ebf4186c647fe6e70ead811cedcc47802e4c,/design_template.fsf,https://github.com/SNeuroble/cluster_power_failure,github.com,0,1
swh:1:cnt:621bbfa7436daef4bd797df5a53ea7cad7506490,621bbfa7436daef4bd797df5a53ea7cad7506490,/fdt_script_close.fsf,https://github.com/miguelangelo78/My-Uni-Assignments,github.com,1,0
swh:1:cnt:6229e224dc2d1909540877603077601075f9ef0b,6229e224dc2d1909540877603077601075f9ef0b,/design.fsf,https://github.com/TheLabbingProject/django_mri,github.com,0,1
swh:1:cnt:623465afd577d81733ff66064cc5466c4bf9076c,623465afd577d81733ff66064cc5466c4bf9076c,/1276_run-4.fsf,https://git.mpib-berlin.mpg.de/LNDG/stateswitchage/stsw-stsw_fmri_task-0_preproc-data-preproc-1276.git,git.mpib-berlin.mpg.de,0,1
swh:1:cnt:628b8e6a97f093a954bcbf21c3911eab28024b44,628b8e6a97f093a954bcbf21c3911eab28024b44,/design.fsf,https://github.com/StevenM1/flashtask,github.com,1,0
swh:1:cnt:628d17339f0df433f670baccfb82a9bf3606a937,628d17339f0df433f670baccfb82a9bf3606a937,/rs-sbfc_group_avhf1_f2_template.fsf,https://github.com/willstrawson/ViBE_fmri_analysis,github.com,1,0
swh:1:cnt:6293e5ef09ee9aa4ef9fab67b5b3705080254622,6293e5ef09ee9aa4ef9fab67b5b3705080254622,/lev2_sacfix.fsf,https://github.com/dunsmoorlab/fearcon,github.com,0,1
swh:1:cnt:62bd6d97055bfc5affc356744552d1465021862f,62bd6d97055bfc5affc356744552d1465021862f,/L3_task-ugdg_COMPOSITE_noINT_n54_flame1.fsf,https://github.com/DVS-Lab/istart-ugdg,github.com,0,1
swh:1:cnt:62c79af7150daa9afa8512501b0883feb63b14cd,62c79af7150daa9afa8512501b0883feb63b14cd,/R4659_S1_Run_1_N60_elapsed_time.fsf,https://github.com/adamgeorgeturnbull/elapsed_time,github.com,1,0
swh:1:cnt:639cf42c748612dc0356848474f6f7f800dfecba,639cf42c748612dc0356848474f6f7f800dfecba,/cda001pre.fmri.taskCMG.run3.melodicFixNone_design.fsf,https://github.com/CVNRni/proj.jn.cda2,github.com,1,0
swh:1:cnt:64055eacd783fa0af43e82377c07de4968e738ef,64055eacd783fa0af43e82377c07de4968e738ef,/unwarp.fsf,https://github.com/haitaoge/Color_connectivity_script,github.com,0,1
swh:1:cnt:641cf14bad6808cdcce26a98d23cf7257dc3b885,641cf14bad6808cdcce26a98d23cf7257dc3b885,/dxvhs05n.fsf,https://github.com/kavaldeep/DocFxUnituy,github.com,0,1
swh:1:cnt:644167788fe0378fcfe1e9f17bb3843761cf420d,644167788fe0378fcfe1e9f17bb3843761cf420d,/Spec.fsf,deb://Ubuntu-Legacy/packages/paul,Ubuntu-Legacy,0,1
swh:1:cnt:6446f2660e1fe8ee7381ce98d0c926eaf588a612,6446f2660e1fe8ee7381ce98d0c926eaf588a612,/preproc_17_5.fsf,https://bitbucket.org/sffeng/combray.git,bitbucket.org,1,0
swh:1:cnt:646e0ac59215f05119e2c7074bf31f08e26d6460,646e0ac59215f05119e2c7074bf31f08e26d6460,/hsFEAT.fsf,https://github.com/rjpolk/OT_Aging_Server_Pipeline,github.com,0,1
swh:1:cnt:649dab60eb5e5a4f52a58c082ec5bd5e9070836e,649dab60eb5e5a4f52a58c082ec5bd5e9070836e,/firstlevel_phase2.fsf,https://github.com/yebiny/Prime-Reconstruction,github.com,0,1
swh:1:cnt:6527899289d0eb5c67894aa8264c565806d11feb,6527899289d0eb5c67894aa8264c565806d11feb,/1215_run-3.fsf,https://git.mpib-berlin.mpg.de/LNDG/stateswitchage/stsw-stsw_fmri_task-0_preproc-data-preproc-1215.git,git.mpib-berlin.mpg.de,0,1
swh:1:cnt:654feb7c818cb9152d6dd87a9b524a37016756fd,654feb7c818cb9152d6dd87a9b524a37016756fd,/sub-11_run-03_level1.fsf,https://github.com/oesteban/Software_Comparison,github.com,1,0
swh:1:cnt:65dba3d4db2088e23005ed421852327024afec29,65dba3d4db2088e23005ed421852327024afec29,/design.fsf,https://github.com/StevenM1/flashtask,github.com,1,0
swh:1:cnt:65e5bd4b78168dbdaa487227a9657033957cd432,65e5bd4b78168dbdaa487227a9657033957cd432,/rs_fMRI.fsf,https://gitlab.com/bbmri/pipelines/fastr-resources.git,gitlab.com,0,1
swh:1:cnt:65f2100964e782ca630fad3eea4af07dca507e06,65f2100964e782ca630fad3eea4af07dca507e06,/single_encoding_ISR15_run1_set2_T12.fsf,https://github.com/QQXiao/ISR_2015,github.com,1,0
swh:1:cnt:66144394cfea926901c8c484727b8ef4f1f27963,66144394cfea926901c8c484727b8ef4f1f27963,/single_test_ISR04_run1_set2_T16.fsf,https://github.com/QQXiao/ISR_2015,github.com,1,0
swh:1:cnt:66169dbe46f987bfffae91947e36ea0ac033977b,66169dbe46f987bfffae91947e36ea0ac033977b,/registration_with_fmap.fsf,https://github.com/bearsun/fieldmap_correction,github.com,0,1
swh:1:cnt:6647e6a261c042e6b43db28e200ae8437250bf45,6647e6a261c042e6b43db28e200ae8437250bf45,/custom_design.fsf,https://github.com/josepman/CNIC,github.com,0,1
swh:1:cnt:6666eda8278ff922704d506bf3bd4993bc2fcecf,6666eda8278ff922704d506bf3bd4993bc2fcecf,/subj1043_task_run1.fsf,https://github.com/rrodriguezbarron/YC-Polarization,github.com,0,1
swh:1:cnt:666c87fb196e98ede401f7d38d09430d1aee8a07,666c87fb196e98ede401f7d38d09430d1aee8a07,/single_encoding_ISR18_run2_set2_T12.fsf,https://github.com/QQXiao/ISR_2015,github.com,1,0
swh:1:cnt:676b154cc0b28d22312495b441a039f392ae70ba,676b154cc0b28d22312495b441a039f392ae70ba,/single_test_ISR21_run1_set1_T3.fsf,https://github.com/QQXiao/ISR_2015,github.com,1,0
swh:1:cnt:676b6b2edb80a0ed2e653ef84934a850af293220,676b6b2edb80a0ed2e653ef84934a850af293220,/fsl_ssfeat_general_adaptive_template_R.fsf,https://github.com/DecisionNeurosciencePsychopathology/shark,github.com,0,1
swh:1:cnt:6780649354d56deec8405cf28f22ebc870e32848,6780649354d56deec8405cf28f22ebc870e32848,/feat_level_2_Control_Dynamic_sed.fsf,https://github.com/zw1989/PacManStim,github.com,1,0
swh:1:cnt:678f1ec59f3e8829a11739f3bfec1d42796eb340,678f1ec59f3e8829a11739f3bfec1d42796eb340,/design_sub-G15S02_runE.fsf,https://github.com/OpenNeuroDatasets/ds005731.git,github.com,1,0
swh:1:cnt:67bb055b7100c794401360272f4001c6da50632e,67bb055b7100c794401360272f4001c6da50632e,/design_sub-G16S05_runA.fsf,https://github.com/OpenNeuroDatasets/ds005731.git,github.com,1,0
swh:1:cnt:67c717e796917fb72ff2044f272c999ba587aede,67c717e796917fb72ff2044f272c999ba587aede,/second_level_condensed.fsf,https://github.com/ngdeshetler/fMRI-handling,github.com,0,1
swh:1:cnt:682950b307e8ec36bd2095034ddb97bd223ed7b4,682950b307e8ec36bd2095034ddb97bd223ed7b4,/fj.fsf,https://github.com/torgil01/base_tools,github.com,0,1
swh:1:cnt:68553e8a80835802c4774e7cac532e6755e0dee3,68553e8a80835802c4774e7cac532e6755e0dee3,/design.fsf,https://github.com/grik/tmp,github.com,0,1
swh:1:cnt:68ca440c08496cd64cf6681b137994fcb46d5ecf,68ca440c08496cd64cf6681b137994fcb46d5ecf,/Days.Day2.GameRoundCanBePlayed.fsf,https://github.com/worms618/AoC2023,github.com,1,0
swh:1:cnt:68d05241ef05ac5121cda5226ee957e8cfef1a22,68d05241ef05ac5121cda5226ee957e8cfef1a22,/13jkkse4.fsf,https://github.com/togoAIO/V0_DOKUD365,github.com,0,1
swh:1:cnt:6913d62dba1fe1045ef38acb0c76e095b9bde2a7,6913d62dba1fe1045ef38acb0c76e095b9bde2a7,/design.fsf,https://github.com/matteomancini/neurosnippets,github.com,0,1
swh:1:cnt:693761e737fc97cdfa6f85882f662e37b9ba18c6,693761e737fc97cdfa6f85882f662e37b9ba18c6,/tfMRI_EMOTION_hp200_s4_level2.fsf,https://github.com/TobiasKadelka/HCP_example_crawler,github.com,0,1
swh:1:cnt:694719e885c1e00bcd4c7acc7eebc6d3596e048d,694719e885c1e00bcd4c7acc7eebc6d3596e048d,/design_mid_level_feat.fsf,https://github.com/MJMSerlie/SPIN-Study,github.com,0,1
swh:1:cnt:695a8871def5d02d269ae2f61e46372558ee324f,695a8871def5d02d269ae2f61e46372558ee324f,/sub-01_run-01_level1.fsf,https://github.com/AlexBowring/SC2,github.com,1,0
swh:1:cnt:6a18620dce8d49892852990e6790afcae6782620,6a18620dce8d49892852990e6790afcae6782620,/R3891_S1_Run_2_N60_elapsed_time.fsf,https://github.com/adamgeorgeturnbull/elapsed_time,github.com,1,0
swh:1:cnt:6a2075b70f84cfbcff8371530693f4a84329fadd,6a2075b70f84cfbcff8371530693f4a84329fadd,/._level2_template_GLM-MF-09-reward-noaction.fsf,https://github.com/munoztd0/OBIWAN,github.com,1,0
swh:1:cnt:6a23a9d4bbff09c2eeb5432971b72725eb61ff43,6a23a9d4bbff09c2eeb5432971b72725eb61ff43,/2nd.fsf,https://github.com/henrymj/Self_Regulation_Ontology_fMRI,github.com,1,0
swh:1:cnt:6a2a92ba585f0eb33ba2c46b1bc98c8e0c0f3791,6a2a92ba585f0eb33ba2c46b1bc98c8e0c0f3791,/junk.fsf,https://github.com/Ruimin-Kochi/DevStudy_ServerScripts,github.com,1,0
swh:1:cnt:6a67aa7dbd7239bbec1de5b431979282b0e13cb3,6a67aa7dbd7239bbec1de5b431979282b0e13cb3,/feat_level_1_prf_02.fsf,https://github.com/ingo-m/surface,github.com,1,0
swh:1:cnt:6abfb01434e02790d3089775ecc2ae608a133a7d,6abfb01434e02790d3089775ecc2ae608a133a7d,/design.fsf,https://github.com/StevenM1/flashtask,github.com,1,0
swh:1:cnt:6ad310db50cf8b0b665729cdb7fad8aa588a2766,6ad310db50cf8b0b665729cdb7fad8aa588a2766,/R4085_S1_Run_4_N60_elapsed_time.fsf,https://github.com/adamgeorgeturnbull/elapsed_time,github.com,1,0
swh:1:cnt:6ad430b91ae72c7f6117356749353c5a2a3853a8,6ad430b91ae72c7f6117356749353c5a2a3853a8,/nuisance.fsf,https://github.com/conge/Fcon_bash_enhanced,github.com,0,1
swh:1:cnt:6b4727d3cf5747c9683e0bd8380310011bf3be93,6b4727d3cf5747c9683e0bd8380310011bf3be93,/sub-08-run-03-analysis.fsf,https://github.com/AlexBowring/Software_Comparison,github.com,1,0
swh:1:cnt:6b4b7d70f1dc9cca7e514562b0b917878f2b8a16,6b4b7d70f1dc9cca7e514562b0b917878f2b8a16,/AcuteVsControl.fsf,https://github.com/ComaRecoveryLab/LongitudinalLanguagefMRI,github.com,0,1
swh:1:cnt:6b743969ab88da74ad3164b0256b82a3ab22b64a,6b743969ab88da74ad3164b0256b82a3ab22b64a,/design.fsf,https://github.com/pederisager/Opioid_Reward_fMRI,github.com,1,0
swh:1:cnt:6b89a0efa57127e0507b236fa5881d2e452474f5,6b89a0efa57127e0507b236fa5881d2e452474f5,/design.fsf,https://git.mpib-berlin.mpg.de/LNDG/stateswitchage/stsw-stsw_fmri_task-0_preproc-data-preproc-1219.git,git.mpib-berlin.mpg.de,0,1
swh:1:cnt:6b8f99032dab49458b3f98bf25c351ad47e7d8a8,6b8f99032dab49458b3f98bf25c351ad47e7d8a8,/dummy_nuisance_5.0.10.fsf,https://github.com/mukeshmakwana/RestingState,github.com,0,1
swh:1:cnt:6bd181930f29256d8e63890041f6897d76eac298,6bd181930f29256d8e63890041f6897d76eac298,/single_test_ISR19_run1_set1_T8.fsf,https://github.com/QQXiao/ISR_2015,github.com,1,0
swh:1:cnt:6bf6e78e98edf31cc06e786ac7201ee6af6c90e0,6bf6e78e98edf31cc06e786ac7201ee6af6c90e0,/design.fsf,https://gitlab.com/Antonia_H/language_fmri.git,gitlab.com,0,1
swh:1:cnt:6c163d788551abc5d121b09b79490c40dbcc80e3,6c163d788551abc5d121b09b79490c40dbcc80e3,/sub-17_run-02_level1.fsf,https://github.com/AlexBowring/SC2,github.com,1,0
swh:1:cnt:6c26aa911fcc8f07ea6210e64b71fa477d0f9c22,6c26aa911fcc8f07ea6210e64b71fa477d0f9c22,/design.fsf,https://github.com/pederisager/Opioid_Reward_fMRI,github.com,1,0
swh:1:cnt:6c73da749c35d024e378445888692e4a1dc2629b,6c73da749c35d024e378445888692e4a1dc2629b,/sub-17_run-02_level1.fsf,https://github.com/AlexBowring/SC2,github.com,1,0
swh:1:cnt:6c7b60087b210d6f4880d51c069332a4ccbbe1e1,6c7b60087b210d6f4880d51c069332a4ccbbe1e1,/template_lss_acquisition.fsf,https://github.com/dunsmoorlab/gPPI,github.com,1,0
swh:1:cnt:6cb8b2832bdb1c95c2ed0cef6aded8d6d171e22e,6cb8b2832bdb1c95c2ed0cef6aded8d6d171e22e,/sub-09_run-01_level1_spm_drift.fsf,https://github.com/AlexBowring/SC2,github.com,1,0
swh:1:cnt:6cfc7791adb0917363f1a6b578662b5fc453e171,6cfc7791adb0917363f1a6b578662b5fc453e171,/ChangeLog.fsf,https://github.com/dmgerman/unix-history-token,github.com,0,1
swh:1:cnt:6d32dbcf4c26098039692b1004749ff39d172b57,6d32dbcf4c26098039692b1004749ff39d172b57,/design.fsf,https://github.com/StevenM1/flashtask,github.com,1,0
swh:1:cnt:6d5d2947abb102feaac7f3276671b53ba246688b,6d5d2947abb102feaac7f3276671b53ba246688b,/feat_template_GLM1_sample.fsf,https://github.com/denOudenLab/Algermissen2023NatComms,github.com,1,0
swh:1:cnt:6d6e6eb69c102f69a92555486de2e13c1c33dafb,6d6e6eb69c102f69a92555486de2e13c1c33dafb,/design.fsf,https://github.com/StevenM1/flashtask,github.com,1,0
swh:1:cnt:6d7ebb0d417467256adca800149b1f495b3564ba,6d7ebb0d417467256adca800149b1f495b3564ba,/group_mwfs_avhfs_avhonly_cope4.fsf,https://github.com/willstrawson/ViBE_fmri_analysis,github.com,1,0
swh:1:cnt:6dc3a9a6f0a0255a321d1c629851789f0d888875,6dc3a9a6f0a0255a321d1c629851789f0d888875,/Spec.fsf,https://code.launchpad.net/~ubuntu-branches/ubuntu/hardy/paul/hardy,code.launchpad.net,0,1
swh:1:cnt:6dcb64ff6d3945421df0a8ff2d5d69e87816dd1d,6dcb64ff6d3945421df0a8ff2d5d69e87816dd1d,/design.fsf,https://github.com/StevenM1/flashtask,github.com,1,0
swh:1:cnt:6df03b18928e0640bcd78ef09ca7c44b760a80f6,6df03b18928e0640bcd78ef09ca7c44b760a80f6,/designsecond_template.fsf,https://github.com/demidenm/AHRB,github.com,0,1
swh:1:cnt:6dff1f5d87abbb34e402cb945883ccf2f1ffc237,6dff1f5d87abbb34e402cb945883ccf2f1ffc237,/design.fsf,https://bitbucket.org/jjhbarkeywolf/cold_bold.git,bitbucket.org,0,1
swh:1:cnt:6e3c86bec61d2bcd58aeb95e705ddf402471f4fa,6e3c86bec61d2bcd58aeb95e705ddf402471f4fa,/FIR_run09_raw.fsf,https://github.com/gkaguirrelab/fmriMelanopsinMRIAnalysis,github.com,1,0
swh:1:cnt:6e5425000b3b3906ef1033ed0591358bac885fc0,6e5425000b3b3906ef1033ed0591358bac885fc0,/R4132_S1_Run_3_N60_elapsed_time.fsf,https://github.com/adamgeorgeturnbull/elapsed_time,github.com,1,0
swh:1:cnt:6e686e37212f805454224bb087323b80ad3f6515,6e686e37212f805454224bb087323b80ad3f6515,/single_test_ISR17_run1_set1_T8.fsf,https://github.com/QQXiao/ISR_2015,github.com,1,0
swh:1:cnt:6e7eea0b1aee3e14dc49bba144b102dc486784ee,6e7eea0b1aee3e14dc49bba144b102dc486784ee,/single_encoding_ISR07_run1_set2_T18.fsf,https://github.com/QQXiao/ISR_2015,github.com,1,0
swh:1:cnt:6e9aad6e8dea9d162d117d05b1b120946fdb1d5b,6e9aad6e8dea9d162d117d05b1b120946fdb1d5b,/design_sub-G08S06.fsf,https://github.com/OpenNeuroDatasets/ds005731.git,github.com,1,0
swh:1:cnt:6e9e86abb4efb62157eaa32e5e7c383025e0daa4,6e9e86abb4efb62157eaa32e5e7c383025e0daa4,/sub-study024_ses-after_task-probe_run-01_design.fsf,https://github.com/OpenNeuroDatasets/ds001417.git,github.com,1,0
swh:1:cnt:6ec0ea12fb76dc1c220708e6690f29fcc62cebf0,6ec0ea12fb76dc1c220708e6690f29fcc62cebf0,/l2_design.fsf,https://github.com/jameswyngaarden/analysis_college,github.com,0,1
swh:1:cnt:6ed0d8f80ec44f44da8d2b16a9348f2a8a5ed27e,6ed0d8f80ec44f44da8d2b16a9348f2a8a5ed27e,/single_test_ISR08_run2_set1_T17.fsf,https://github.com/QQXiao/ISR_2015,github.com,1,0
swh:1:cnt:6eeedc7afba6abcd62debaa87e33785fbbb3d782,6eeedc7afba6abcd62debaa87e33785fbbb3d782,/design.fsf,https://github.com/OpenNeuroDatasets/ds003965.git,github.com,0,1
swh:1:cnt:6f873fa267f18bdac380858dbfb759166ac6bf07,6f873fa267f18bdac380858dbfb759166ac6bf07,/feat_level_2_PacMan_Dynamic_minus_Control_Dynamic_sed.fsf,https://github.com/zw1989/PacManStim,github.com,1,0
swh:1:cnt:6fa0a50b12cc80622d9a871a5516aafcf483e4d1,6fa0a50b12cc80622d9a871a5516aafcf483e4d1,/single_test_ISR06_run1_set2_T16.fsf,https://github.com/QQXiao/ISR_2015,github.com,1,0
swh:1:cnt:6fab189026c4f1f81f96d7725f8e50c0e6bc1490,6fab189026c4f1f81f96d7725f8e50c0e6bc1490,/Debug.fsf,https://github.com/LittlePangpang/myComputer,github.com,0,1
swh:1:cnt:6fd25bfcf9da8d496303c2b6d08b6fa92be89e8e,6fd25bfcf9da8d496303c2b6d08b6fa92be89e8e,/design.fsf,https://github.com/pederisager/Opioid_Reward_fMRI,github.com,1,0
swh:1:cnt:6fea06cc417d4a50f288018e929e0e77bd181a36,6fea06cc417d4a50f288018e929e0e77bd181a36,/ffa_design.fsf,https://github.com/ReproNim/ohbm2018-training,github.com,0,1
swh:1:cnt:6ffdbb17665e96b90ec59cb75f7d6d2e148e7368,6ffdbb17665e96b90ec59cb75f7d6d2e148e7368,/L1_task-trust_model-01_seed-VS_run-05.fsf,https://github.com/DVS-Lab/srndna-test,github.com,1,0
swh:1:cnt:70036cb21cc004689bf36d79962ac67b34460765,70036cb21cc004689bf36d79962ac67b34460765,/design.fsf,https://github.com/DVS-Lab/istart-analyses,github.com,0,1
swh:1:cnt:7028c0045255cda4aae018f57ef1c5f455639520,7028c0045255cda4aae018f57ef1c5f455639520,/feat_lvl1_clock_sceptic_5param_preconvolve_template.fsf,https://github.com/DecisionNeurosciencePsychopathology/clock_analysis,github.com,0,1
swh:1:cnt:7059722447c947eff217cecfae27898841b0c1a6,7059722447c947eff217cecfae27898841b0c1a6,/omt206s01.fmri.taskFT.run1.melodicFixNone_design.fsf,https://github.com/CVNRni/proj.mh.cda1,github.com,1,0
swh:1:cnt:70654601c681387f9ed275882cfd5c4ef1e4b209,70654601c681387f9ed275882cfd5c4ef1e4b209,/sub-study021_after_task-probe_level2_design.fsf,https://github.com/OpenNeuroDatasets/ds001417.git,github.com,1,0
swh:1:cnt:70825de3cf8613c0d4f9abe8d99e355546d703e5,70825de3cf8613c0d4f9abe8d99e355546d703e5,/single_test_ISR09_run2_set1_T21.fsf,https://github.com/QQXiao/ISR_2015,github.com,1,0
swh:1:cnt:70d94ebad08b512d81db0f2b18806d6451bb57ae,70d94ebad08b512d81db0f2b18806d6451bb57ae,/single_encoding_ISR15_run1_set1_T13.fsf,https://github.com/QQXiao/ISR_2015,github.com,1,0
swh:1:cnt:7109d64f6089cee8b333c20d70ab7208544b2277,7109d64f6089cee8b333c20d70ab7208544b2277,/first_level_template.fsf,https://github.com/adamgeorgeturnbull/BEEM,github.com,0,1
swh:1:cnt:711004d3a68443b5a373e2020d9df0a09e18b12f,711004d3a68443b5a373e2020d9df0a09e18b12f,/omt001s01.fmri.taskFT.run1.melodicFixNone_design.fsf,https://github.com/CVNRni/proj.mh.cda1,github.com,1,0
swh:1:cnt:7115234cab2ab3c4181ef3a8f15d5255835372ab,7115234cab2ab3c4181ef3a8f15d5255835372ab,/sub-09_run-02_level1.fsf,https://github.com/AlexBowring/SC2,github.com,1,0
swh:1:cnt:713ac1ad1f6f606360c440cc82dba34cb5abdf7f,713ac1ad1f6f606360c440cc82dba34cb5abdf7f,/sub-13_run-03_level1.fsf,https://github.com/oesteban/Software_Comparison,github.com,1,0
swh:1:cnt:713f377cb7bdc43b1826c9f22564c9739e613adb,713f377cb7bdc43b1826c9f22564c9739e613adb,/preproc_7_6.fsf,https://bitbucket.org/sffeng/combray.git,bitbucket.org,1,0
swh:1:cnt:7177b355d9c79ab2403a026ce47c7b8def26536f,7177b355d9c79ab2403a026ce47c7b8def26536f,/omt308s02.fmri.taskFT.run3.melodicFixNone_design.fsf,https://github.com/kmcgregor123456/proj.mh.cda2,github.com,0,1
swh:1:cnt:71ad7278173304149d5a88d90b63f8f46ad911cf,71ad7278173304149d5a88d90b63f8f46ad911cf,/single_test_ISR17_run2_set1_T4.fsf,https://github.com/QQXiao/ISR_2015,github.com,1,0
swh:1:cnt:71b9d407e86d988079f94ac4f2bac7cfcbf1d0fa,71b9d407e86d988079f94ac4f2bac7cfcbf1d0fa,/design_sub-G06S04_runA.fsf,https://github.com/OpenNeuroDatasets/ds005731.git,github.com,1,0
swh:1:cnt:71f1171c501120fc25312ca6a953c202be8e1ecd,71f1171c501120fc25312ca6a953c202be8e1ecd,/L1_WM_Act.fsf,https://github.com/DVS-Lab/ppi-effect-sizes,github.com,1,0
swh:1:cnt:7206302b41986092776f34ff64243f27febb798f,7206302b41986092776f34ff64243f27febb798f,/ssica_task_03_run-25.fsf,https://github.com/DiedrichsenLab/Functional_Fusion,github.com,1,0
swh:1:cnt:720ffe06c5d412af5254d98b8bd23c3d81660f9d,720ffe06c5d412af5254d98b8bd23c3d81660f9d,/design.fsf,https://github.com/StevenM1/flashtask,github.com,1,0
swh:1:cnt:721b4c040bcf5717028eafcf617f230d8c9533ef,721b4c040bcf5717028eafcf617f230d8c9533ef,/design.fsf,https://github.com/pederisager/Opioid_Reward_fMRI,github.com,1,0
swh:1:cnt:7259954158c58a78a568cc568271b4d76c7dd4b2,7259954158c58a78a568cc568271b4d76c7dd4b2,/single_encoding_ISR05_run1_set1_T23.fsf,https://github.com/QQXiao/ISR_2015,github.com,1,0
swh:1:cnt:727059aaeb94a2ad6756189dc7b8f05ba4afd87c,727059aaeb94a2ad6756189dc7b8f05ba4afd87c,/design.fsf,https://github.com/abondrn/notebooks,github.com,0,1
swh:1:cnt:727122458fe5f03a20d222724dd163110e2a56c5,727122458fe5f03a20d222724dd163110e2a56c5,/Design_File.fsf,https://github.com/co-op/Master_Pipe,github.com,0,1
swh:1:cnt:727e826be20723d69a0c80da972e2d17a9bb4126,727e826be20723d69a0c80da972e2d17a9bb4126,/sub-01_run-02_level1.fsf,https://github.com/AlexBowring/Software_Comparison,github.com,1,0
swh:1:cnt:72c69d06e72376824542b12c7b77d757fa08b439,72c69d06e72376824542b12c7b77d757fa08b439,/PifTree.fsf,https://github.com/dbr176/LSystems-2,github.com,0,1
swh:1:cnt:73431ca18967281bacd1ac010efb406544dfa247,73431ca18967281bacd1ac010efb406544dfa247,/single_encoding_ISR09_run1_set2_T2.fsf,https://github.com/QQXiao/ISR_2015,github.com,1,0
swh:1:cnt:740b5e95662fd928477bd1f9320ce47c9e1c5301,740b5e95662fd928477bd1f9320ce47c9e1c5301,/design.fsf,https://github.com/pederisager/Opioid_Reward_fMRI,github.com,1,0
swh:1:cnt:740be6aa18057bdd84afccc6c5a265800759004c,740be6aa18057bdd84afccc6c5a265800759004c,/nemcovi.fsf,https://github.com/vlasticz/tasker,github.com,1,0
swh:1:cnt:741850ad3e72c28f0ef9c76533a11427a56e42c0,741850ad3e72c28f0ef9c76533a11427a56e42c0,/sub-31_run-01_level1.fsf,https://github.com/AlexBowring/SC2,github.com,1,0
swh:1:cnt:741d66ecbef7130ac9a329599075eefa6a4c1e3c,741d66ecbef7130ac9a329599075eefa6a4c1e3c,/ssica_task_30_run-06.fsf,https://github.com/DiedrichsenLab/Functional_Fusion,github.com,1,0
swh:1:cnt:7457af10601615c3f98f5235e1280562d6fe779a,7457af10601615c3f98f5235e1280562d6fe779a,/single_test_ISR10_run2_set2_T21.fsf,https://github.com/QQXiao/ISR_2015,github.com,1,0
swh:1:cnt:745a3f2843e75febf9ca4022fe3a18fae58d6a9d,745a3f2843e75febf9ca4022fe3a18fae58d6a9d,/R4065_S1_Run_3_N60_elapsed_time.fsf,https://github.com/adamgeorgeturnbull/elapsed_time,github.com,1,0
swh:1:cnt:74ad62182fa0c3ff745761668d6995cd303e3f79,74ad62182fa0c3ff745761668d6995cd303e3f79,/L1_task-trust_model-01_type-ppi_wPaths.fsf,https://github.com/DVS-Lab/srndna-test,github.com,1,0
swh:1:cnt:74d77c4944fbf048755dfe968c5d589fe226518b,74d77c4944fbf048755dfe968c5d589fe226518b,/PPI_level1.fsf,https://github.com/htwangtw/depersonalisation,github.com,1,0
swh:1:cnt:75237208f47732b0a81feaedac6c418471c72af8,75237208f47732b0a81feaedac6c418471c72af8,/sub-09_run-01_level1_afni_drift.fsf,https://github.com/AlexBowring/SC2,github.com,1,0
swh:1:cnt:753a307cd0747bd670ba80f30c8ad45dba3dd6ba,753a307cd0747bd670ba80f30c8ad45dba3dd6ba,/BOLD_EMOTION_PA_hp200_s4_level1.fsf,https://github.com/lennartverhagen/Pipelines,github.com,0,1
swh:1:cnt:755b6e967680c00fc5736eefada301a6b8c89f2f,755b6e967680c00fc5736eefada301a6b8c89f2f,/eingabe021.fsf,https://github.com/dreibh/rsplib,github.com,1,0
swh:1:cnt:760cd286d84c8fe802ace868fa1e2966cfddc628,760cd286d84c8fe802ace868fa1e2966cfddc628,/preproc_11_1.fsf,https://bitbucket.org/sffeng/combray.git,bitbucket.org,1,0
swh:1:cnt:762264bfd44e20e7fc49f48690b925d3662452d6,762264bfd44e20e7fc49f48690b925d3662452d6,/single_encoding_ISR01_run1_set1_T22.fsf,https://github.com/QQXiao/ISR_2015,github.com,1,0
swh:1:cnt:76378abd1d659256c8cc4daf9058729be2b2ed3d,76378abd1d659256c8cc4daf9058729be2b2ed3d,/input-216.fsf,deb://Ubuntu-Legacy/packages/rsplib,Ubuntu-Legacy,1,0
swh:1:cnt:7649e0380991b2b98b7f4080790394ba325a4ae9,7649e0380991b2b98b7f4080790394ba325a4ae9,/feat_level_2_kanizsa_rotated_sst_sed.fsf,https://github.com/ingo-m/surface,github.com,1,0
swh:1:cnt:765767787a6846ef2f9ef54e7670fb521bf2e10f,765767787a6846ef2f9ef54e7670fb521bf2e10f,/design_sub-G06S04_runB.fsf,https://github.com/OpenNeuroDatasets/ds005731.git,github.com,1,0
swh:1:cnt:766eb9a94200f421ab55a65e5466470475ef3c8b,766eb9a94200f421ab55a65e5466470475ef3c8b,/design_template.fsf,https://github.com/gkaguirrelab/mriLDOGAnalysis,github.com,1,0
swh:1:cnt:7698cca3137c150cacf2d7a69e9283354fd32a4d,7698cca3137c150cacf2d7a69e9283354fd32a4d,/design_r5.fsf,https://github.com/afamiliar/fmri_analysis,github.com,1,0
swh:1:cnt:76b2e480be87d17f480bec746557a1f17191168b,76b2e480be87d17f480bec746557a1f17191168b,/design.fsf,https://github.com/rfcasseb/FSL-scripts,github.com,0,1
swh:1:cnt:76c3da9272a93c79b40928100c0071362bbcb6c3,76c3da9272a93c79b40928100c0071362bbcb6c3,/2130_run-1.fsf,https://git.mpib-berlin.mpg.de/LNDG/stateswitchage/stsw-stsw_fmri_task-0_preproc-data-preproc-2130.git,git.mpib-berlin.mpg.de,0,1
swh:1:cnt:76d0c105f27dde6f5301b7a62ca5396a02ebe6aa,76d0c105f27dde6f5301b7a62ca5396a02ebe6aa,/ssica_task_12_run-04.fsf,https://github.com/DiedrichsenLab/Functional_Fusion,github.com,1,0
swh:1:cnt:76dd5a58af20006aee7c09c754fb41b6bdd51e36,76dd5a58af20006aee7c09c754fb41b6bdd51e36,/sub-study025_ses-before_task-responsetosnacks_run-01_design.fsf,https://github.com/OpenNeuroDatasets/ds001417.git,github.com,1,0
swh:1:cnt:76ed04a2e28f8d4464a6918e72b7546064fd043c,76ed04a2e28f8d4464a6918e72b7546064fd043c,/L2_rest.fsf,https://github.com/OpenXJL/onion,github.com,0,1
swh:1:cnt:770bfd620fe83ce3db4b2bd34a52d2bab44cf77f,770bfd620fe83ce3db4b2bd34a52d2bab44cf77f,/input.fsf,https://github.com/tectronics/fmri-tools,github.com,0,1
swh:1:cnt:774036a1af2ed2dbe2e6799801e667ef5446e4f4,774036a1af2ed2dbe2e6799801e667ef5446e4f4,/melodic_single_run_template.fsf,https://github.com/giogen/fMRI-preprocessing-pipeline,github.com,0,1
swh:1:cnt:7756a6a4a31d1758ca257b0c4bf7150fa5ed8f0d,7756a6a4a31d1758ca257b0c4bf7150fa5ed8f0d,/design.fsf,https://git.mpib-berlin.mpg.de/LNDG/stateswitchage/stsw-stsw_fmri_task-0_preproc-data-preproc-1126.git,git.mpib-berlin.mpg.de,0,1
swh:1:cnt:77a0cb05276e39411bd862ce62d86b926486c5ac,77a0cb05276e39411bd862ce62d86b926486c5ac,/single_test_ISR14_run2_set1_T19.fsf,https://github.com/QQXiao/ISR_2015,github.com,1,0
swh:1:cnt:77d68e2783ee80e124c884ab66d7b528d206f355,77d68e2783ee80e124c884ab66d7b528d206f355,/design.fsf,https://github.com/StevenM1/flashtask,github.com,1,0
swh:1:cnt:78211e8fb35edd71ca83c28735a1978533613fed,78211e8fb35edd71ca83c28735a1978533613fed,/cda013pre.fmri.rest.run1.melodicFixNone_design.fsf,https://github.com/CVNRni/proj.jn.cda2,github.com,1,0
swh:1:cnt:787d5c5a6e34d0d26fef911146e5f0dffc886899,787d5c5a6e34d0d26fef911146e5f0dffc886899,/preproc_template.fsf,https://github.com/uscbci/affint-fsl-preprocessing,github.com,0,1
swh:1:cnt:787e2d3eace9c7f79e9a334b5fb78bea7bc83889,787e2d3eace9c7f79e9a334b5fb78bea7bc83889,/sub-09_run-03_level1_afni_drift.fsf,https://github.com/AlexBowring/SC2,github.com,1,0
swh:1:cnt:7884787f88e1d321555114d439bbb87ef3ee878f,7884787f88e1d321555114d439bbb87ef3ee878f,/single_encoding_ISR20_run1_set1_T17.fsf,https://github.com/QQXiao/ISR_2015,github.com,1,0
swh:1:cnt:788e0ed2ffabe1115e6ec450f4e17ac53069981a,788e0ed2ffabe1115e6ec450f4e17ac53069981a,/12.happy-angry.fsf,https://github.com/isacdaavid/np-mvpa,github.com,1,0
swh:1:cnt:78aa3be2c84d1e55221eb587712e161d2ead2bd7,78aa3be2c84d1e55221eb587712e161d2ead2bd7,/design.fsf,https://git.mpib-berlin.mpg.de/LNDG/stateswitchage/stsw-stsw_fmri_task-0_preproc-data-preproc-1182.git,git.mpib-berlin.mpg.de,0,1
swh:1:cnt:78b200cdb8a8b869b98c1a9965f747c98b658fad,78b200cdb8a8b869b98c1a9965f747c98b658fad,/single_test_ISR13_run2_set2_T6.fsf,https://github.com/QQXiao/ISR_2015,github.com,1,0
swh:1:cnt:78d79534880350486f71e1232207c34df90146bc,78d79534880350486f71e1232207c34df90146bc,/single_test_ISR21_run1_set2_T9.fsf,https://github.com/QQXiao/ISR_2015,github.com,1,0
swh:1:cnt:792fc91a871d57ca3b16885990103539c309d80a,792fc91a871d57ca3b16885990103539c309d80a,/single_test_ISR07_run2_set2_T5.fsf,https://github.com/QQXiao/ISR_2015,github.com,1,0
swh:1:cnt:794b830476516c5d828ae923961c14dc5e9bccdd,794b830476516c5d828ae923961c14dc5e9bccdd,/design_sub-G09S04_runC.fsf,https://github.com/OpenNeuroDatasets/ds005731.git,github.com,1,0
swh:1:cnt:794e146820b8f632f7bd03510c2094a839d31f62,794e146820b8f632f7bd03510c2094a839d31f62,/cope5.fsf,https://github.com/dunsmoorlab/gPPI,github.com,1,0
swh:1:cnt:797fca23a0a07662f1776931f94207164654a78e,797fca23a0a07662f1776931f94207164654a78e,/single_test_ISR06_run2_set1_T6.fsf,https://github.com/QQXiao/ISR_2015,github.com,1,0
swh:1:cnt:79ae385e2d4fd208acde43cbe127e20f59c248ee,79ae385e2d4fd208acde43cbe127e20f59c248ee,/PreProcess_NoHP_with_fieldmap.fsf,https://github.com/jandrushko/fMRI-preprocessing-Pipeline,github.com,0,1
swh:1:cnt:79ec5e28cbdf89e30facd914bed5e87943630a65,79ec5e28cbdf89e30facd914bed5e87943630a65,/c3fnz04u.fsf,https://github.com/HoloLabInc/MixedRealityToolkit-Unity,github.com,0,1
swh:1:cnt:79f0072e3757d9496530a5d7e07bc4cdb867a1c2,79f0072e3757d9496530a5d7e07bc4cdb867a1c2,/design.fsf,https://git.mpib-berlin.mpg.de/LNDG/stateswitchage/stsw-stsw_fmri_task-0_preproc-data-preproc-2205.git,git.mpib-berlin.mpg.de,0,1
swh:1:cnt:79ff8ae99523355d8e839de01e6abd9ce07d1bb9,79ff8ae99523355d8e839de01e6abd9ce07d1bb9,/feat_level_1_func_05_sed.fsf,https://github.com/ingo-m/surface,github.com,1,0
swh:1:cnt:7a295b8c1a22f874e3c7cae4fca61cbd9380c551,7a295b8c1a22f874e3c7cae4fca61cbd9380c551,/sub-03_run-02_level1.fsf,https://github.com/AlexBowring/Software_Comparison,github.com,1,0
swh:1:cnt:7a723ff2232624ee8b09f980e370efebbf439a4d,7a723ff2232624ee8b09f980e370efebbf439a4d,/design.fsf,https://github.com/StevenM1/flashtask,github.com,1,0
swh:1:cnt:7a80771db3e4cfbcfd4f0ebb66fe43cf0087d70f,7a80771db3e4cfbcfd4f0ebb66fe43cf0087d70f,/design_sub-G09S01_runE.fsf,https://github.com/OpenNeuroDatasets/ds005731.git,github.com,1,0
swh:1:cnt:7a8a9c97397d2478d3bb0e1ba477669e8b9f44c3,7a8a9c97397d2478d3bb0e1ba477669e8b9f44c3,/chi11.fsf,https://github.com/dreibh/fractgen,github.com,1,0
swh:1:cnt:7a985b031ec35161c29e6325a7c623462c4e4206,7a985b031ec35161c29e6325a7c623462c4e4206,/ssica_task_06_run-21.fsf,https://github.com/DiedrichsenLab/Functional_Fusion,github.com,1,0
swh:1:cnt:7abf6c4a1323765c5878fb16d61bc8c323f6254e,7abf6c4a1323765c5878fb16d61bc8c323f6254e,/single_test_ISR11_run2_set1_T19.fsf,https://github.com/QQXiao/ISR_2015,github.com,1,0
swh:1:cnt:7b05ea51fa4069eecbd16e8f3b694242541b1d65,7b05ea51fa4069eecbd16e8f3b694242541b1d65,/design.fsf,https://github.com/StevenM1/flashtask,github.com,1,0
swh:1:cnt:7b3c305f415c3bf6185a840ada51ff18af7d9cc0,7b3c305f415c3bf6185a840ada51ff18af7d9cc0,/singleSubj_prestats.fsf,https://github.com/akhanf/vasst-dev,github.com,0,1
swh:1:cnt:7b4fdf2a516383ccdf9ef7669d300ef553186a82,7b4fdf2a516383ccdf9ef7669d300ef553186a82,/QA_32ch.fsf,https://github.com/erinmaz/MRGFUS_QA,github.com,0,1
swh:1:cnt:7b516e975becf1a044774535b089f237d6b388cb,7b516e975becf1a044774535b089f237d6b388cb,/1117_rest.fsf,https://git.mpib-berlin.mpg.de/LNDG/stateswitchage/stsw-stsw_fmri_rest-0_preproc.git,git.mpib-berlin.mpg.de,0,1
swh:1:cnt:7b548dd894747de38f3c5cbd6a3d24339eb6617c,7b548dd894747de38f3c5cbd6a3d24339eb6617c,/enclikxfbpay_ch_fb.fsf,https://github.com/rgerraty/hybrid_reinforcement_learning,github.com,1,0
swh:1:cnt:7bd68475de54bb8e63e01f6afc6a2116db690b83,7bd68475de54bb8e63e01f6afc6a2116db690b83,/desc-fpptemplate_design.fsf,https://github.com/bmdeen/fmriPermPipe,github.com,0,1
swh:1:cnt:7c2a6088825b5be34a68f6dd4b208e119f60c6af,7c2a6088825b5be34a68f6dd4b208e119f60c6af,/FieldSetFile.fsf,https://github.com/nawas5/CST,github.com,0,1
swh:1:cnt:7c3e088d3897f727d276be0366ce5ecd655cbcf8,7c3e088d3897f727d276be0366ce5ecd655cbcf8,/single_test_ISR12_run1_set1_T24.fsf,https://github.com/QQXiao/ISR_2015,github.com,1,0
swh:1:cnt:7c5331155230dcf22ba1bf7c2c5f1db387b9dbc2,7c5331155230dcf22ba1bf7c2c5f1db387b9dbc2,/eventStimRandomSecondLevelTemplate3Inputs_fir.fsf,https://github.com/OpenNeuroDatasets/ds004539.git,github.com,1,0
swh:1:cnt:7d1b7a8cd43ba9bfb9e56e4901df605e82de920e,7d1b7a8cd43ba9bfb9e56e4901df605e82de920e,/2226_rest.fsf,https://git.mpib-berlin.mpg.de/LNDG/stateswitchage/stsw-stsw_fmri_rest-0_preproc.git,git.mpib-berlin.mpg.de,1,0
swh:1:cnt:7d1c323beae76333f523f6df31c47a87f5597edb,7d1c323beae76333f523f6df31c47a87f5597edb,/INSTALL.fsf,https://github.com/Alburtams/PrisonBreak,github.com,1,1
swh:1:cnt:7d1cccf830db552a4c0db4c2aae90d7be1c1cc76,7d1cccf830db552a4c0db4c2aae90d7be1c1cc76,/single_encoding_ISR20_run2_set2_T9.fsf,https://github.com/QQXiao/ISR_2015,github.com,1,0
swh:1:cnt:7d6f33e439ae52fdff5e6182d0ac320e41db3333,7d6f33e439ae52fdff5e6182d0ac320e41db3333,/affectivepictures_template.fsf,https://github.com/uscbci/affint-feat,github.com,1,0
swh:1:cnt:7d7a24506229ed9c70fbe7954f0379a3e23ff929,7d7a24506229ed9c70fbe7954f0379a3e23ff929,/lvl-3_flame1.fsf,https://github.com/yassalab/ConteCenterScripts,github.com,1,1
swh:1:cnt:7d841f008706fb5ff3e7c4a5eb47984f6d5af919,7d841f008706fb5ff3e7c4a5eb47984f6d5af919,/sub-18_run-01_level1_spm_drift.fsf,https://github.com/AlexBowring/SC2,github.com,1,0
swh:1:cnt:7dd5366ff85685e5bbe451cdb649cd07b8b96515,7dd5366ff85685e5bbe451cdb649cd07b8b96515,/Now_Later_First_Level.fsf,https://github.com/ryanfalck/Now_and_Later,github.com,0,1
swh:1:cnt:7dee588eb9f7cc59c7b7afc69fce2936819660e0,7dee588eb9f7cc59c7b7afc69fce2936819660e0,/ds008_3runs.fsf,https://github.com/cphaneuf/psych808,github.com,0,1
swh:1:cnt:7deebedc35829632d25e37faf3c58da85fdf970f,7deebedc35829632d25e37faf3c58da85fdf970f,/single_encoding_ISR16_run1_set1_T8.fsf,https://github.com/QQXiao/ISR_2015,github.com,1,0
swh:1:cnt:7e25f89617d544d563778188de168ae0a9868a38,7e25f89617d544d563778188de168ae0a9868a38,/omt027s01.fmri.rest.run1.melodicFixNone_design.fsf,https://github.com/kmcgregor123456/proj.mh.cda2,github.com,1,0
swh:1:cnt:7e334b14371663c7871aa2b5c1ae0444fdcd375e,7e334b14371663c7871aa2b5c1ae0444fdcd375e,/design.fsf,https://github.com/pederisager/Opioid_Reward_fMRI,github.com,1,0
swh:1:cnt:7e335f69b4a85c4d049fee1cdce075b483712ca4,7e335f69b4a85c4d049fee1cdce075b483712ca4,/sub-09_run-03_level1.fsf,https://github.com/AlexBowring/SC2,github.com,1,0
swh:1:cnt:7eb6fd81e51fee7f9ba2dd7fdf387d3f175fc36b,7eb6fd81e51fee7f9ba2dd7fdf387d3f175fc36b,/simptet00001.fsf,https://github.com/felipemontefuscolo/FEPiCpp,github.com,0,1
swh:1:cnt:7ec15360e0d87bc0c9ebd684f2694dfeef873b86,7ec15360e0d87bc0c9ebd684f2694dfeef873b86,/beta_design.fsf,https://github.com/niblunc/chocolate_milkshake,github.com,0,1
swh:1:cnt:7f39e78622d0b6d14dc2b1fc79cc548e4099a228,7f39e78622d0b6d14dc2b1fc79cc548e4099a228,/design.fsf,https://git.mpib-berlin.mpg.de/LNDG/stateswitchage/stsw-stsw_fmri_task-0_preproc-data-preproc-2125.git,git.mpib-berlin.mpg.de,0,1
swh:1:cnt:7f7e156c0867059adc40d2edc913628e3eeba36f,7f7e156c0867059adc40d2edc913628e3eeba36f,/AndroidLDarkBlue.fsf,https://github.com/Loop80/PNHS-Rooster,github.com,0,1
swh:1:cnt:7fa96cf31e140bd4a8e577c397b0309ea0be2283,7fa96cf31e140bd4a8e577c397b0309ea0be2283,/single_test_ISR03_run2_set2_T17.fsf,https://github.com/QQXiao/ISR_2015,github.com,1,0
swh:1:cnt:7fb74bf35f9d1c9b9e4717fb23b5534dba672fbd,7fb74bf35f9d1c9b9e4717fb23b5534dba672fbd,/single_encoding_ISR03_run2_set1_T21.fsf,https://github.com/QQXiao/ISR_2015,github.com,1,0
swh:1:cnt:7fce3dd57de80660345fe4988c27b10834eb62d9,7fce3dd57de80660345fe4988c27b10834eb62d9,/sub-11_run-02_level1.fsf,https://github.com/oesteban/Software_Comparison,github.com,1,0
swh:1:cnt:7fcfb73ff027ea50f9ce31f7dc59a03932ea140c,7fcfb73ff027ea50f9ce31f7dc59a03932ea140c,/template.fsf,https://github.com/HumanNeuroscienceLab/gunther,github.com,1,0
swh:1:cnt:801959eeecb78bc8b49e837b0e44a173fb25e21b,801959eeecb78bc8b49e837b0e44a173fb25e21b,/sub-02_ses-03_run_07.fsf,https://github.com/ingo-m/lgn_prf,github.com,0,1
swh:1:cnt:803ca595c27957fd24eb5db340324a43cb52a55b,803ca595c27957fd24eb5db340324a43cb52a55b,/motor.fsf,https://github.com/wanderine/CENIIT,github.com,0,1
swh:1:cnt:8040711444c5523dfbad185db56074415b79b4d1,8040711444c5523dfbad185db56074415b79b4d1,/sub-study028_ses-before_task-responsetosnacks_run-01_design.fsf,https://github.com/OpenNeuroDatasets/ds001417.git,github.com,1,0
swh:1:cnt:809bdb49ec395f82e5a964b1688ada5c5cb904f1,809bdb49ec395f82e5a964b1688ada5c5cb904f1,/melodic_template.fsf,https://github.com/grace-shearrer/fix_backups,github.com,0,1
swh:1:cnt:80ba7af6c1f07cd89132aac20cb01d61238bb158,80ba7af6c1f07cd89132aac20cb01d61238bb158,/single_encoding_ISR20_run2_set2_T1.fsf,https://github.com/QQXiao/ISR_2015,github.com,1,0
swh:1:cnt:80dac56fe848ceaf1df1fee5c8df0a8232d01693,80dac56fe848ceaf1df1fee5c8df0a8232d01693,/design_sub-G01S05.fsf,https://github.com/OpenNeuroDatasets/ds005731.git,github.com,1,0
swh:1:cnt:80e3a5c1be1686d0a076b468e0491501f7ccf2e9,80e3a5c1be1686d0a076b468e0491501f7ccf2e9,/1216_run-2.fsf,https://git.mpib-berlin.mpg.de/LNDG/stateswitchage/stsw-stsw_fmri_task-0_preproc-data-preproc-1216.git,git.mpib-berlin.mpg.de,0,1
swh:1:cnt:80ee274dd4fb0493c2c5830c3d721c905e05d617,80ee274dd4fb0493c2c5830c3d721c905e05d617,/N60_elapsed_time_20_31.fsf,https://github.com/adamgeorgeturnbull/elapsed_time,github.com,1,0
swh:1:cnt:81026aba3977f780a9f9afe8f9f3347ebe0bd2be,81026aba3977f780a9f9afe8f9f3347ebe0bd2be,/template_floc_runlevel2.fsf,https://github.com/lukassnoek/NI-edu-data,github.com,0,1
swh:1:cnt:813be342fe0961385c6ef354d3741ce22ae139e9,813be342fe0961385c6ef354d3741ce22ae139e9,/run_feat_RUN_10_LMS_series_15.fsf,https://github.com/bock42/UPennProjects,github.com,1,0
swh:1:cnt:8144f0c7230842f03cf63412f2b679e4979f5d6d,8144f0c7230842f03cf63412f2b679e4979f5d6d,/design.fsf,https://github.com/StevenM1/flashtask,github.com,1,0
swh:1:cnt:818cc1967578eb7f5715b34e539191fc2c80296a,818cc1967578eb7f5715b34e539191fc2c80296a,/design3_93subs-checkpoint.fsf,https://github.com/niblunc/ChocolateData,github.com,0,1
swh:1:cnt:820668a324ce8d7c09ac0fab4ba75a802dad8454,820668a324ce8d7c09ac0fab4ba75a802dad8454,/1215_run-2.fsf,https://git.mpib-berlin.mpg.de/LNDG/stateswitchage/stsw-stsw_fmri_task-0_preproc-data-preproc-1215.git,git.mpib-berlin.mpg.de,1,0
swh:1:cnt:823d568e07be15d97d969214024bf4f8ac60b490,823d568e07be15d97d969214024bf4f8ac60b490,/default.fsf,https://bitbucket.org/arteeshekhawat/repost1.git,bitbucket.org,0,1
swh:1:cnt:827343246bbaa5cb9e703c76b11f054235748e98,827343246bbaa5cb9e703c76b11f054235748e98,/debug.fsf,https://github.com/hryshtk/uec,github.com,0,1
swh:1:cnt:828b3ffc375df2cea502a40e447d8bbc145df645,828b3ffc375df2cea502a40e447d8bbc145df645,/WORD_LOCALIZERS.fsf,https://github.com/ElPiloto/directed_forgetting,github.com,0,1
swh:1:cnt:82915dc9966c6f829fec06bcafbae0c179e258ed,82915dc9966c6f829fec06bcafbae0c179e258ed,/design_sub-G15S03_loc.fsf,https://github.com/OpenNeuroDatasets/ds005731.git,github.com,1,0
swh:1:cnt:82c51a4c9bfaf9584cfb8daf2387e991e2822ecf,82c51a4c9bfaf9584cfb8daf2387e991e2822ecf,/cda102pre.fmri.rest.run1.melodicFixNone_design.fsf,https://github.com/CVNRni/proj.jn.cda2,github.com,1,0
swh:1:cnt:82d01b586f173d74b71442f086b327994b7b102a,82d01b586f173d74b71442f086b327994b7b102a,/single_test_ISR17_run2_set1_T10.fsf,https://github.com/QQXiao/ISR_2015,github.com,0,1
swh:1:cnt:82fae90b73d44ecfabbc148ab7ea9d5c6d8202d9,82fae90b73d44ecfabbc148ab7ea9d5c6d8202d9,/rough_match.fsf,https://github.com/me-sh/think_like_an_expert_paper,github.com,0,1
swh:1:cnt:831659f14b29081a62e94db2c2da7e4c36b1c36d,831659f14b29081a62e94db2c2da7e4c36b1c36d,/design_sub-G06S03_runE.fsf,https://github.com/OpenNeuroDatasets/ds005731.git,github.com,1,0
swh:1:cnt:833e739bed49b9e272e32898079740f3b03c21fe,833e739bed49b9e272e32898079740f3b03c21fe,/single_encoding_ISR05_run1_set1_T18.fsf,https://github.com/QQXiao/ISR_2015,github.com,1,0
swh:1:cnt:834f451ae59a9fb6b35ec7c0db2481335d1781fe,834f451ae59a9fb6b35ec7c0db2481335d1781fe,/k28.fsf,https://github.com/dreibh/rsplib,github.com,1,0
swh:1:cnt:835eb890cbb74eb65f84b6f63be94d8752f151c1,835eb890cbb74eb65f84b6f63be94d8752f151c1,/2112_run-4.fsf,https://git.mpib-berlin.mpg.de/LNDG/stateswitchage/stsw-stsw_fmri_task-0_preproc-data-preproc-2112.git,git.mpib-berlin.mpg.de,0,1
swh:1:cnt:83819076133e1fcf1e31ddc02cf1d813477d892d,83819076133e1fcf1e31ddc02cf1d813477d892d,/template_l3_model1.fsf,https://github.com/Ruimin-Kochi/DevStudy_ServerScripts,github.com,1,0
swh:1:cnt:83e4d429fadec3bd53cd09a875d02718aab71973,83e4d429fadec3bd53cd09a875d02718aab71973,/Race-Sex-Salary-Hisp-Citizen-WAOB-InfoTechOccupations-AllStates-PersonalWeight-PUMS-2010-DataFerret.fsf,https://github.com/Archimedes2kxx/USTECH,github.com,0,1
swh:1:cnt:83e6bc3a023ad15cf105e4995349f16e3d33d101,83e6bc3a023ad15cf105e4995349f16e3d33d101,/design.fsf,https://github.com/StevenM1/flashtask,github.com,1,0
swh:1:cnt:84113118911604532f5b121447c95f63e0361850,84113118911604532f5b121447c95f63e0361850,/single_test_ISR15_run1_set1_T20.fsf,https://github.com/QQXiao/ISR_2015,github.com,1,0
swh:1:cnt:8425148b7d83e43fc479e31d55e124058de3a46e,8425148b7d83e43fc479e31d55e124058de3a46e,/compose.fsf,https://github.com/helsing72/osghimmel,github.com,0,1
swh:1:cnt:84864477ce041954f2762d8986bf1f2e0e8bcd4f,84864477ce041954f2762d8986bf1f2e0e8bcd4f,/FB_BigWhit_V_BigLhit.fsf,https://github.com/demidenm/MIDContrasts,github.com,0,1
swh:1:cnt:848a9d8879890f0c2b5adeb890cff44bbe4fa0bf,848a9d8879890f0c2b5adeb890cff44bbe4fa0bf,/sub-26_run-01_level1.fsf,https://github.com/AlexBowring/SC2,github.com,0,1
swh:1:cnt:84ba23bb6760822b3851f696fa9c1b5d7eae6343,84ba23bb6760822b3851f696fa9c1b5d7eae6343,/template_con.fsf,http://gunther-mri.googlecode.com/svn/,gunther-mri.googlecode.com,0,1
swh:1:cnt:84e5ff03227a6478725b5d0dbbd17e2dd9df3b61,84e5ff03227a6478725b5d0dbbd17e2dd9df3b61,/release.fsf,https://alice.physi.uni-heidelberg.de/svn/trd,alice.physi.uni-heidelberg.de,1,0
swh:1:cnt:852353cb026503a802912193283d6ce24acc95db,852353cb026503a802912193283d6ce24acc95db,/single_encoding_ISR16_run1_set1_T12.fsf,https://github.com/QQXiao/ISR_2015,github.com,1,0
swh:1:cnt:852edd0d3fce99201261deeb897a76f6c4a68736,852edd0d3fce99201261deeb897a76f6c4a68736,/tfMRI_SOCIAL_RL_hp200_s4_level1.fsf,https://github.com/yarikoptic/demo1,github.com,1,0
swh:1:cnt:855553374303d8e6c34acde6341d6f49c55852be,855553374303d8e6c34acde6341d6f49c55852be,/37.fsf,https://github.com/michelprojets/ensimag2,github.com,0,1
swh:1:cnt:85706c4ecd850646538365a9e648f2c97359b0ba,85706c4ecd850646538365a9e648f2c97359b0ba,/DepThreat_Fear_GT_Calm_income3.fsf,https://github.com/dgweissman/depthreat,github.com,0,1
swh:1:cnt:85958544efb43db5ab5c6469c2ccacd1e811aac6,85958544efb43db5ab5c6469c2ccacd1e811aac6,/correct_cope3_design.fsf,https://github.com/grace-shearrer/feat_scripts,github.com,0,1
swh:1:cnt:85b3b85e579d716d3a8b5f4a78c4ad4cf4843d12,85b3b85e579d716d3a8b5f4a78c4ad4cf4843d12,/langloc_order1_design.fsf,https://github.com/juliagoolia28/manuscripts,github.com,0,1
swh:1:cnt:85b69f09422836fd25c074f67d0b431ac75bb83d,85b69f09422836fd25c074f67d0b431ac75bb83d,/run_feat_RUN_09_LMS_series_15.fsf,https://github.com/bock42/UPennProjects,github.com,1,0
swh:1:cnt:85e1f0e1849209fce67c8d79bdff7464d34b5718,85e1f0e1849209fce67c8d79bdff7464d34b5718,/fslglm.fsf,https://github.com/barendregt/Attention_fMRI_analysis,github.com,0,1
swh:1:cnt:85facbaef182847c98dd483fb5e7b495de077034,85facbaef182847c98dd483fb5e7b495de077034,/Prestats_run1.fsf,https://github.com/akucyi/rsfMRI_preproc_pipeline,github.com,0,1
swh:1:cnt:85fc16f79c2f219f0b10cc3760ab1e5a7c00d7ec,85fc16f79c2f219f0b10cc3760ab1e5a7c00d7ec,/sub-40_run-1_MVPA.fsf,https://github.com/bernicecheung/MVPA_Prep,github.com,0,1
swh:1:cnt:8678184cd6e9e00d08292f170e039ade079faba2,8678184cd6e9e00d08292f170e039ade079faba2,/2203_run-2.fsf,https://git.mpib-berlin.mpg.de/LNDG/stateswitchage/stsw-stsw_fmri_task-0_preproc-data-preproc-2203.git,git.mpib-berlin.mpg.de,0,1
swh:1:cnt:86abbb78975fb03a48bfb0f00c845af920d6962c,86abbb78975fb03a48bfb0f00c845af920d6962c,/dummy_nuisance_classic_aroma_regFix.fsf,https://github.com/mwvoss/RestingState,github.com,0,1
swh:1:cnt:86bad85dfb891546115370bd1582f28fc46941b8,86bad85dfb891546115370bd1582f28fc46941b8,/single_trial_cue_model_JGsess1.fsf,https://github.com/odedbein/Ticky_public,github.com,1,0
swh:1:cnt:86ff64116011a25e98ee88d393d7137ed786f5a9,86ff64116011a25e98ee88d393d7137ed786f5a9,/~temp.fsf,https://github.com/bazinga94/VR_Danuri,github.com,1,0
swh:1:cnt:870ded06eb73261864645da885cc663cf0afa27c,870ded06eb73261864645da885cc663cf0afa27c,/sub-study015_after_before_task-responsetosnacks_level2_design.fsf,https://github.com/OpenNeuroDatasets/ds001417.git,github.com,1,0
swh:1:cnt:873a69b74db7ce5e0b39d0621292638368ddcc9d,873a69b74db7ce5e0b39d0621292638368ddcc9d,/design.fsf,https://github.com/StevenM1/flashtask,github.com,1,0
swh:1:cnt:875800b376e0147e3ea37a0d5b98863a3c92c691,875800b376e0147e3ea37a0d5b98863a3c92c691,/B_0_design_NKI.fsf,https://github.com/LNDG/local-variability-network-integration-garrett-2018-neuroimage,github.com,0,1
swh:1:cnt:876211f313d950432bd4fc19a504999ce10b6f42,876211f313d950432bd4fc19a504999ce10b6f42,/affectivepictures_template.fsf,https://github.com/uscbci/affectivepics-bytrial,github.com,0,1
swh:1:cnt:8781628d1512ddb8fd909b9b545cd15f8f6543af,8781628d1512ddb8fd909b9b545cd15f8f6543af,/single_test_ISR13_run2_set1_T12.fsf,https://github.com/QQXiao/ISR_2015,github.com,1,0
swh:1:cnt:8792d4708b73502cec5987374497105e0bb7a77c,8792d4708b73502cec5987374497105e0bb7a77c,/feat_level_2_bright_square_txtr_trn_sed.fsf,https://github.com/ingo-m/surface,github.com,1,0
swh:1:cnt:8793cbb33366dfea26fd97ce59126898283cb8b3,8793cbb33366dfea26fd97ce59126898283cb8b3,/dither.fsf,http://osghimmel.googlecode.com/svn/,osghimmel.googlecode.com,1,0
swh:1:cnt:87b674b7af35899a95fd1b5e678669f2e5c96a89,87b674b7af35899a95fd1b5e678669f2e5c96a89,/design_sub-G20S04_runB.fsf,https://github.com/OpenNeuroDatasets/ds005731.git,github.com,1,0
swh:1:cnt:87ea7241bc799029223934b47fd5e2d71b75b7c6,87ea7241bc799029223934b47fd5e2d71b75b7c6,/design.fsf,https://git.mpib-berlin.mpg.de/LNDG/stateswitchage/stsw-stsw_fmri_task-0_preproc-data-preproc-1160.git,git.mpib-berlin.mpg.de,1,0
swh:1:cnt:87edf6d062deb9b4cb4c550f78b9a6273ad64ddc,87edf6d062deb9b4cb4c550f78b9a6273ad64ddc,/sub-14_ses-001_task-eventStimRandom_secondLevel_BOLD_fir.fsf,https://github.com/OpenNeuroDatasets/ds004539.git,github.com,1,0
swh:1:cnt:8804dd2dada912a1fe028279f6aebde02a033f10,8804dd2dada912a1fe028279f6aebde02a033f10,/preproc_21_2.fsf,https://bitbucket.org/sffeng/combray.git,bitbucket.org,1,0
swh:1:cnt:880808db620bfb15632864d809da7586545014a8,880808db620bfb15632864d809da7586545014a8,/2139_run-3.fsf,https://git.mpib-berlin.mpg.de/LNDG/stateswitchage/stsw-stsw_fmri_task-0_preproc-data-preproc-2139.git,git.mpib-berlin.mpg.de,0,1
swh:1:cnt:881a6448550e2c0245079681976e4d265fc2eb7b,881a6448550e2c0245079681976e4d265fc2eb7b,/single_encoding_ISR21_run1_set1_T12.fsf,https://github.com/QQXiao/ISR_2015,github.com,1,0
swh:1:cnt:882eaa8222bfe3c58a611007c926bbb587e1e4f4,882eaa8222bfe3c58a611007c926bbb587e1e4f4,/single_encoding_ISR15_run2_set1_T8.fsf,https://github.com/QQXiao/ISR_2015,github.com,1,0
swh:1:cnt:8898eba4fceccfd4da65cbda400853efc3d202fb,8898eba4fceccfd4da65cbda400853efc3d202fb,/template.fsf,https://github.com/mehdibehroozi/sleeping_pigeon_fMRI,github.com,0,1
swh:1:cnt:889cb66742a0673d8b2d275db3d93966ead5a669,889cb66742a0673d8b2d275db3d93966ead5a669,/fdt_script.fsf,https://github.com/miguelangelo78/My-Uni-Assignments,github.com,0,1
swh:1:cnt:88c29e941660415da318e6df5d3876f0aaab0162,88c29e941660415da318e6df5d3876f0aaab0162,/design.fsf,https://github.com/pederisager/Opioid_Reward_fMRI,github.com,1,0
swh:1:cnt:88f6eb08880b90e404599d25cffcd17d6666c794,88f6eb08880b90e404599d25cffcd17d6666c794,/Berlin_fMRI.fsf,https://github.com/benjamingarzon/LHconnectivity,github.com,0,1
swh:1:cnt:8918b24f27e721e9bda8147e075b2dcf782daa1a,8918b24f27e721e9bda8147e075b2dcf782daa1a,/wb1_melodic_Unlearnable_Run3_4mm_iter1.fsf,https://bitbucket.org/dpat/tools.git,bitbucket.org,0,1
swh:1:cnt:891fbbdc9c79e4a460a57a05d1c5d42e09ecacb1,891fbbdc9c79e4a460a57a05d1c5d42e09ecacb1,/27_BDI_AAI_1.fsf,http://att-program.googlecode.com/svn/,att-program.googlecode.com,1,0
swh:1:cnt:8949a2e1518d43f7906cdadbd68c68854bc4413e,8949a2e1518d43f7906cdadbd68c68854bc4413e,/single_test_ISR20_run2_set1_T20.fsf,https://github.com/QQXiao/ISR_2015,github.com,1,0
swh:1:cnt:895bc0c702fd17a4a0ae826b76528179e38e5fa6,895bc0c702fd17a4a0ae826b76528179e38e5fa6,/2121_run-4.fsf,https://git.mpib-berlin.mpg.de/LNDG/stateswitchage/stsw-stsw_fmri_task-0_preproc-data-preproc-2121.git,git.mpib-berlin.mpg.de,0,1
swh:1:cnt:8991a13402ce7b0653843f6b9e3b760c0d8c9449,8991a13402ce7b0653843f6b9e3b760c0d8c9449,/q2.fsf,https://github.com/dreibh/rsplib,github.com,1,0
swh:1:cnt:8994f842847c7ca5791cad2418bad6fd09338032,8994f842847c7ca5791cad2418bad6fd09338032,/7d_fmri_sub_modelbased_final.fsf,https://github.com/hogeveen-lab/exploreExploit_fmri_distrib,github.com,0,1
swh:1:cnt:89bc27edd8f899d1e7f6c749d889554bedd87b19,89bc27edd8f899d1e7f6c749d889554bedd87b19,/omt308s01.fmri.taskFT.run4.melodicFixNone_design.fsf,https://github.com/CVNRni/proj.mh.cda1,github.com,1,0
swh:1:cnt:89cdae59926b6fc4ce2f4f2a062312a765665fe1,89cdae59926b6fc4ce2f4f2a062312a765665fe1,/single_encoding_ISR04_run1_set1_T3.fsf,https://github.com/QQXiao/ISR_2015,github.com,1,0
swh:1:cnt:8a24e8862ae57ef685f138c1ae475a097b391cc5,8a24e8862ae57ef685f138c1ae475a097b391cc5,/design.fsf,https://github.com/TobiasKadelka/HCP_example_crawler,github.com,1,0
swh:1:cnt:8a38e6a3a6cab830bbe9bf79f59e82efef0a4303,8a38e6a3a6cab830bbe9bf79f59e82efef0a4303,/firstlevel.fsf,https://github.com/lukassnoek/Emotion_Expression,github.com,0,1
swh:1:cnt:8a3fdf53ed2b7b191763c8a0f9801917ba4baed7,8a3fdf53ed2b7b191763c8a0f9801917ba4baed7,/single_encoding_ISR18_run1_set1_T4.fsf,https://github.com/QQXiao/ISR_2015,github.com,1,0
swh:1:cnt:8a480a59696cdcf9ad319f3d0f83098cd0b8678d,8a480a59696cdcf9ad319f3d0f83098cd0b8678d,/sub-02_level2.fsf,https://github.com/AlexBowring/SC2,github.com,1,0
swh:1:cnt:8a7ebe1288b52215548c39a87283706e85082e6c,8a7ebe1288b52215548c39a87283706e85082e6c,/design.fsf,https://github.com/StevenM1/flashtask,github.com,1,0
swh:1:cnt:8a80cc5076e9e5960329b703a8902c4e30bde715,8a80cc5076e9e5960329b703a8902c4e30bde715,/cda001pst.fmri.taskCMG.run1.melodicFixNone_design.fsf,https://github.com/CVNRni/proj.jn.cda2,github.com,1,0
swh:1:cnt:8ab0c9cb91ddff20dcf25580efd605fffa1f2b09,8ab0c9cb91ddff20dcf25580efd605fffa1f2b09,/omt111s01.fmri.taskFT.run4.melodicFixNone_design.fsf,https://github.com/kmcgregor123456/proj.mh.cda2,github.com,1,0
swh:1:cnt:8ab99bee66b6c3779df8cfaf99eeaaf1dcc842d7,8ab99bee66b6c3779df8cfaf99eeaaf1dcc842d7,/omt207s02.fmri.taskFT.run1.melodicFixNone_design.fsf,https://github.com/CVNRni/proj.mh.cda1,github.com,1,0
swh:1:cnt:8ac507375d8d6a7e768d3f7d66d17b7ad79e8e72,8ac507375d8d6a7e768d3f7d66d17b7ad79e8e72,/design.fsf,https://git.mpib-berlin.mpg.de/LNDG/stateswitchage/stsw-stsw_fmri_task-0_preproc-data-preproc-2145.git,git.mpib-berlin.mpg.de,0,1
swh:1:cnt:8ada576d7bb230d838e69455d7d6546876af5ff0,8ada576d7bb230d838e69455d7d6546876af5ff0,/2ndlvl_FIR7.fsf,https://github.com/eort/nideconv,github.com,1,1
swh:1:cnt:8ade8a86d40cb6fb8a87f875d58dbeea14941042,8ade8a86d40cb6fb8a87f875d58dbeea14941042,/FieldSetFile.fsf,https://github.com/JuanCabre/WCS_9th_Semester,github.com,0,1
swh:1:cnt:8af01035c5c9443e7bacf03301a32251567cdaa7,8af01035c5c9443e7bacf03301a32251567cdaa7,/RS_preproc.fsf,https://doi.org/10.5281/zenodo.16579437,doi.org,0,1
swh:1:cnt:8b137891791fe96927ad78e64b0aad7bded08bdc,8b137891791fe96927ad78e64b0aad7bded08bdc,/cj.fsf,rsync://a.cvs.sourceforge.net/cvsroot/gamedesk/code,a.cvs.sourceforge.net,0,1
swh:1:cnt:8b28fccf565f1de94267e5960538c21530044031,8b28fccf565f1de94267e5960538c21530044031,/1135_run-4.fsf,https://git.mpib-berlin.mpg.de/LNDG/stateswitchage/stsw-stsw_fmri_task-0_preproc-data-preproc-1135.git,git.mpib-berlin.mpg.de,0,1
swh:1:cnt:8b6044dec5fdd176dac0da4d1ab87bf87d75a1ac,8b6044dec5fdd176dac0da4d1ab87bf87d75a1ac,/fieldmap_default.fsf,https://github.com/BioinformaticsArchive/TVB-empirical-data-pipeline,github.com,0,1
swh:1:cnt:8bb0e849c74ec5554ab68d750eafc45820c7caf0,8bb0e849c74ec5554ab68d750eafc45820c7caf0,/template.fsf,https://bitbucket.org/masauburn/disconica.git,bitbucket.org,0,1
swh:1:cnt:8bd769b05e6420696500dd4ac17c40dc925305cc,8bd769b05e6420696500dd4ac17c40dc925305cc,/sub-06_ses-001_task-blockStim_secondLevel_BOLD_conv.fsf,https://github.com/OpenNeuroDatasets/ds004539.git,github.com,1,0
swh:1:cnt:8be71dd1b8dcbc694faf875ace865700fc578e9a,8be71dd1b8dcbc694faf875ace865700fc578e9a,/tfMRI_SST2_hp200_s4_level1.fsf,https://github.com/DCAN-Labs/abcd_task_prep,github.com,1,0
swh:1:cnt:8bebb4a26b84f78f41b4dde942d1b74cc36dd1db,8bebb4a26b84f78f41b4dde942d1b74cc36dd1db,/single_test_ISR09_run1_set1_T14.fsf,https://github.com/QQXiao/ISR_2015,github.com,1,0
swh:1:cnt:8bf7331d48639163d7a8adfc88e85e3298e73428,8bf7331d48639163d7a8adfc88e85e3298e73428,/design.fsf,https://github.com/pederisager/Opioid_Reward_fMRI,github.com,1,0
swh:1:cnt:8c0cea00a01ae8622eba12f42016398ee1d81675,8c0cea00a01ae8622eba12f42016398ee1d81675,/preprocessing_design_sm5.fsf,https://github.com/OpenNeuroDatasets/ds001769,github.com,0,1
swh:1:cnt:8c3807f45bf38709b31e687529bb84638ab05cf6,8c3807f45bf38709b31e687529bb84638ab05cf6,/hsFEAT.fsf,https://github.com/dllussier/Server_Pipeline,github.com,0,1
swh:1:cnt:8c40d2380249044eeff21da81d36d20cc55e9cd8,8c40d2380249044eeff21da81d36d20cc55e9cd8,/L1_sub-1302_task-doors_model-1_type-act_run-1.fsf,https://github.com/DVS-Lab/istart-melanie,github.com,1,0
swh:1:cnt:8c4adb9d743af3c2f587a848bb0b2eb7bfe76b11,8c4adb9d743af3c2f587a848bb0b2eb7bfe76b11,/R3262_S1_Run_3_N60_elapsed_time.fsf,https://github.com/adamgeorgeturnbull/elapsed_time,github.com,1,0
swh:1:cnt:8c503581c7e3151ba14579d57b8cbb804d66d928,8c503581c7e3151ba14579d57b8cbb804d66d928,/grouplevel.fsf,https://github.com/lukassnoek/MorbidCuriosityFMRI,github.com,0,1
swh:1:cnt:8c588d286d3c829598fc2e4f2a68289cc6f09117,8c588d286d3c829598fc2e4f2a68289cc6f09117,/design_sub-G16S05_runB.fsf,https://github.com/OpenNeuroDatasets/ds005731.git,github.com,1,0
swh:1:cnt:8c6d9944e36b3ac4add976a19819f565149ce378,8c6d9944e36b3ac4add976a19819f565149ce378,/design_lev2_model-003_sub-251_within_day_effects.fsf,https://github.com/YifeiCAO/MultiModalMRI_Habits,github.com,1,0
swh:1:cnt:8c8ea37909ad408c0a9c5cde871be449ed713ee0,8c8ea37909ad408c0a9c5cde871be449ed713ee0,/ssica_task_08_run-11.fsf,https://github.com/DiedrichsenLab/Functional_Fusion,github.com,1,0
swh:1:cnt:8cdcca2947b6eb99d92560c5b264f7f98790c426,8cdcca2947b6eb99d92560c5b264f7f98790c426,/design_sub-G16S02_runE.fsf,https://github.com/OpenNeuroDatasets/ds005731.git,github.com,1,0
swh:1:cnt:8d0efd277c1ca41c7a43a8942013ff9e57298d97,8d0efd277c1ca41c7a43a8942013ff9e57298d97,/feat_template.fsf,https://github.com/cdla-archive/murfi2,github.com,0,1
swh:1:cnt:8d308777d137de77b138a61daeea1d1943f5bd27,8d308777d137de77b138a61daeea1d1943f5bd27,/single_encoding_ISR15_run1_set1_T18.fsf,https://github.com/QQXiao/ISR_2015,github.com,1,0
swh:1:cnt:8d3171e9511ee8414b9b3211dccbb41b9cd13f1f,8d3171e9511ee8414b9b3211dccbb41b9cd13f1f,/sub-14_run-02_level1_afni_drift.fsf,https://github.com/AlexBowring/SC2,github.com,1,0
swh:1:cnt:8d5db1d07d570a3f32106c6b9c7156949d6278a8,8d5db1d07d570a3f32106c6b9c7156949d6278a8,/design.fsf,https://github.com/ia3003/Brain_Imaging_Methods,github.com,0,1
swh:1:cnt:8d8ad1e69728a6858c2667241c5e9a371a5771ac,8d8ad1e69728a6858c2667241c5e9a371a5771ac,/iOSBlack.fsf,https://github.com/SteveCorbett/Blot,github.com,0,1
swh:1:cnt:8dbb1668592f1e19135f8b3d5168437892d7a87b,8dbb1668592f1e19135f8b3d5168437892d7a87b,/first_level_test_analysis_using_331r1.fsf,https://github.com/bjsmith/lin_habit_study_fsl_feat_analysis,github.com,0,1
swh:1:cnt:8dc473d20fcc7fe13edd763debd577e544440824,8dc473d20fcc7fe13edd763debd577e544440824,/stats_e2.fsf,https://github.com/erinmaz/repeatability,github.com,0,1
swh:1:cnt:8dd41de8f8c158e70f6ccd19267a712a81e09e03,8dd41de8f8c158e70f6ccd19267a712a81e09e03,/ChangeLog.fsf,rsync://ftp.gnu.org/gnu/non-gnu/cvs/source/feature/1.12.13,ftp.gnu.org,0,1
swh:1:cnt:8dd9a8ba3361fe6fbf3357bb0de0fd0aa6bd7f63,8dd9a8ba3361fe6fbf3357bb0de0fd0aa6bd7f63,/main.fsf,https://github.com/Whooshy/Ludum-Dare-42-The-Chamber,github.com,0,1
swh:1:cnt:8e04b218d1293b24a0105744ad707dff286c0c7d,8e04b218d1293b24a0105744ad707dff286c0c7d,/single_encoding_ISR01_run1_set2_T3.fsf,https://github.com/QQXiao/ISR_2015,github.com,1,0
swh:1:cnt:8e1e65c237279a536ebbb2514f2b7a41a32be0f5,8e1e65c237279a536ebbb2514f2b7a41a32be0f5,/design.fsf,https://pypi.org/project/fslpy/,pypi.org,0,1
swh:1:cnt:8e35a8cdf9e6e3cec31d7b00a2b4fcd1340553bb,8e35a8cdf9e6e3cec31d7b00a2b4fcd1340553bb,/L1_Act_template.fsf,https://github.com/DVS-Lab/abcd-mid,github.com,1,0
swh:1:cnt:8e567b7926e788bbb915ac2dd57db43564e7c401,8e567b7926e788bbb915ac2dd57db43564e7c401,/design.fsf,https://github.com/apoorvas980/Practice-BI,github.com,0,1
swh:1:cnt:8e9e2539b661a36dfb96f9f5ad920461b1c7478b,8e9e2539b661a36dfb96f9f5ad920461b1c7478b,/._tfMRI_EMOTION_hp200_s4_level2.fsf,https://github.com/huppertt/HCP_pipeline,github.com,1,0
swh:1:cnt:8ea1e8cfed5988c92c08cf9016a2946563b0b241,8ea1e8cfed5988c92c08cf9016a2946563b0b241,/conf_reg_design.fsf,https://github.com/chelseamharmon/rl_flexibility,github.com,0,1
swh:1:cnt:8f12c35040fc777b96d484ab5c48274714638bc4,8f12c35040fc777b96d484ab5c48274714638bc4,/tfMRI_EMOTION_LR_hp200_s4_level1.fsf,https://github.com/argyelan/Pipelines,github.com,0,1
swh:1:cnt:8f3ef8b9f3084457df2e37f96a811a24cb24a5eb,8f3ef8b9f3084457df2e37f96a811a24cb24a5eb,/R2595_S1_Run_2_N60_elapsed_time.fsf,https://github.com/adamgeorgeturnbull/elapsed_time,github.com,1,0
swh:1:cnt:8f573ebbaf1fdf0d74a51deb2dd9a7ccdb65f1b0,8f573ebbaf1fdf0d74a51deb2dd9a7ccdb65f1b0,/gonogo_design.fsf,https://github.com/NPDL/Go-NoGo,github.com,0,1
swh:1:cnt:8f67941cf5f676f6f664c7a8613cd7f5fb66338e,8f67941cf5f676f6f664c7a8613cd7f5fb66338e,/design.fsf,https://github.com/StevenM1/flashtask,github.com,1,0
swh:1:cnt:8f9e12f9e5660a3b90eb931d9b736151300e4b02,8f9e12f9e5660a3b90eb931d9b736151300e4b02,/inclik_eplik_encfbxpe_ch_fb_oldt_nofbval.fsf,https://github.com/rgerraty/hybrid_reinforcement_learning,github.com,0,1
swh:1:cnt:8fac7e9cf4c08bcdb2e041da57922f16830e63bf,8fac7e9cf4c08bcdb2e041da57922f16830e63bf,/design.fsf,https://git.mpib-berlin.mpg.de/LNDG/stateswitchage/stsw-stsw_fmri_task-0_preproc-data-preproc-2142.git,git.mpib-berlin.mpg.de,0,1
swh:1:cnt:8ff74623c498237a5f4ebe12341515926a52af58,8ff74623c498237a5f4ebe12341515926a52af58,/template_lvl1_acq.fsf,https://github.com/dunsmoorlab/gPPI,github.com,1,0
swh:1:cnt:903b8e76d9cc344bac3c3bdbcb4a09a5fe8256b7,903b8e76d9cc344bac3c3bdbcb4a09a5fe8256b7,/sub-14_run-02_level1.fsf,https://github.com/AlexBowring/SC2,github.com,1,0
swh:1:cnt:904a45fc2d66906ab34eea120fa58e5ced4e29aa,904a45fc2d66906ab34eea120fa58e5ced4e29aa,/FieldSetFile.fsf,https://github.com/ThusoTR/EMM-Assigment-TWO-Git,github.com,0,1
swh:1:cnt:9071cb7859830082a9611e0fc2bce641bf44b0c7,9071cb7859830082a9611e0fc2bce641bf44b0c7,/PTN.fsf,https://github.com/jennyrsadler/HCP_sugar,github.com,0,1
swh:1:cnt:9097a1f35f54f7be8ce87ae0a7cfc5984bdb2b52,9097a1f35f54f7be8ce87ae0a7cfc5984bdb2b52,/design_pp.fsf,https://github.com/OpenNeuroDatasets/ds005613.git,github.com,0,1
swh:1:cnt:90b2b1b8eecdce39ffbe5edba2b0e034f7e61749,90b2b1b8eecdce39ffbe5edba2b0e034f7e61749,/subj1022_task_run1.fsf,https://github.com/rrodriguezbarron/YC-Polarization,github.com,1,0
swh:1:cnt:90f5242bb349775f1046b7d4db5cc37bbdfb7f7e,90f5242bb349775f1046b7d4db5cc37bbdfb7f7e,/feat_level_2_target_sed.fsf,https://gitlab.com/ingo-m/texture.git,gitlab.com,1,0
swh:1:cnt:90fa42b13ae3e47334649e2be17e49bb765168b6,90fa42b13ae3e47334649e2be17e49bb765168b6,/design.fsf,https://github.com/StevenM1/flashtask,github.com,1,0
swh:1:cnt:91041e931cd21b7f120ba0d442566300e7eeb711,91041e931cd21b7f120ba0d442566300e7eeb711,/R4519_S1_Run_4_N60_elapsed_time.fsf,https://github.com/adamgeorgeturnbull/elapsed_time,github.com,1,0
swh:1:cnt:9114de463c3912b8f09c84693f58707b0af8072e,9114de463c3912b8f09c84693f58707b0af8072e,/feat_level_1_func_07.fsf,https://github.com/zw1989/PacManStim,github.com,1,0
swh:1:cnt:91403f1aefba02866daf4e47b1b1799e61deb7ea,91403f1aefba02866daf4e47b1b1799e61deb7ea,/sub-study033_followup_task-probe_level2_design.fsf,https://github.com/OpenNeuroDatasets/ds001417.git,github.com,1,0
swh:1:cnt:91bde164f979ca9f30d2f204a2bdeb732697ae4e,91bde164f979ca9f30d2f204a2bdeb732697ae4e,/L1_task-sharedreward_model-01_type-act.fsf,https://github.com/DVS-Lab/istart-analyses,github.com,1,0
swh:1:cnt:91c1bd605d5e8cbdf047eb171eafba9c0680a421,91c1bd605d5e8cbdf047eb171eafba9c0680a421,/sub-15_run-02_level1_spm_drift.fsf,https://github.com/AlexBowring/SC2,github.com,1,0
swh:1:cnt:91fab341dc05fe86aed031ea0a8fb8d28bb100d3,91fab341dc05fe86aed031ea0a8fb8d28bb100d3,/single_test_ISR13_run1_set1_T1.fsf,https://github.com/QQXiao/ISR_2015,github.com,1,0
swh:1:cnt:920338ab0a8a4e45779e1407de34158f3c4b1436,920338ab0a8a4e45779e1407de34158f3c4b1436,/preproc_26_4.fsf,https://bitbucket.org/sffeng/combray.git,bitbucket.org,1,0
swh:1:cnt:920b8efbd6e96252f7d3914485f1905cb8414820,920b8efbd6e96252f7d3914485f1905cb8414820,/feat_level_2_transient_sed.fsf,https://github.com/zw1989/PacManStim,github.com,1,0
swh:1:cnt:922aca40ca727c8766ffc1a64350486827e48c7c,922aca40ca727c8766ffc1a64350486827e48c7c,/HOBM Extended File.fsf,https://github.com/fhurtado/Compass_Build,github.com,1,1
swh:1:cnt:922b75970171b52289baae9fed5a5a35fb4b770f,922b75970171b52289baae9fed5a5a35fb4b770f,/design_template.fsf,https://github.com/gkaguirrelab/mriLDOGAnalysis,github.com,0,1
swh:1:cnt:927a405c96f2f57bde1b0a8a815e3fe4c5c938dd,927a405c96f2f57bde1b0a8a815e3fe4c5c938dd,/MORvsPLA_simple.fsf,https://github.com/pederisager/Opioid_Reward_fMRI,github.com,1,0
swh:1:cnt:9288195183a3fe5dc04f33a4077a113331a5119a,9288195183a3fe5dc04f33a4077a113331a5119a,/design.fsf,https://github.com/StevenM1/flashtask,github.com,1,0
swh:1:cnt:929146c8b94e80d5917622b89b2a380c7329e14c,929146c8b94e80d5917622b89b2a380c7329e14c,/preprocessing_design_unsm.fsf,https://github.com/xingyu-liu/studyforrest_denoise,github.com,0,1
swh:1:cnt:92da2b96e17d36bc12092603fc89f5dbff05bb48,92da2b96e17d36bc12092603fc89f5dbff05bb48,/p05_s2.fsf,https://github.com/sohaamir/aamir_vs_chris,github.com,1,0
swh:1:cnt:930357ab654f089525de47d2740c8b66f61f5436,930357ab654f089525de47d2740c8b66f61f5436,/fish_move.fsf,https://github.com/syleLim/danu_fish,github.com,0,1
swh:1:cnt:931c70440e229e445a132125564c71d1a323f6d4,931c70440e229e445a132125564c71d1a323f6d4,/reg_32ch.fsf,https://github.com/erinmaz/MRGFUS_QA,github.com,1,0
swh:1:cnt:932aa1967a60ca10f40be18cd6f4331b851f4277,932aa1967a60ca10f40be18cd6f4331b851f4277,/Anticipation.fsf,https://github.com/zanderso13/acnlab_repo,github.com,1,0
swh:1:cnt:9348c3bf558e404df9b75f5758f87732e754b410,9348c3bf558e404df9b75f5758f87732e754b410,/design_gamma2_T.fsf,https://github.com/wiktorolszowy/fMRI_HRFs_comparison,github.com,0,1
swh:1:cnt:935ec893178a5d731b49b2eaffbefbca196d4c69,935ec893178a5d731b49b2eaffbefbca196d4c69,/template_lss_memory_run-02.fsf,https://github.com/dunsmoorlab/gPPI,github.com,1,0
swh:1:cnt:937bdcf018d2009d63e33cce7bd68cd7bffa0152,937bdcf018d2009d63e33cce7bd68cd7bffa0152,/AcceptSuppress_fullreg_PPI.fsf,https://github.com/ceciwestbrook/WorryMindfulness,github.com,1,0
swh:1:cnt:93870a06d6fc3936cdec93deab68f0b42c11e9df,93870a06d6fc3936cdec93deab68f0b42c11e9df,/design.fsf,https://github.com/pwighton/rtfmri-autoLoc,github.com,0,1
swh:1:cnt:93bfe835c63638e98da8849d08fc9d45c963eabf,93bfe835c63638e98da8849d08fc9d45c963eabf,/single_encoding_ISR16_run2_set2_T10.fsf,https://github.com/QQXiao/ISR_2015,github.com,1,0
swh:1:cnt:93e5fd7605768b8e7f9ef27e173a2a54e03e5764,93e5fd7605768b8e7f9ef27e173a2a54e03e5764,/single_test_ISR11_run1_set2_T22.fsf,https://github.com/QQXiao/ISR_2015,github.com,1,0
swh:1:cnt:940f99eedea1b9c9aacca2919f9aa62666dbfdea,940f99eedea1b9c9aacca2919f9aa62666dbfdea,/2157_run-2.fsf,https://git.mpib-berlin.mpg.de/LNDG/stateswitchage/stsw-stsw_fmri_task-0_preproc-data-preproc-2157.git,git.mpib-berlin.mpg.de,1,0
swh:1:cnt:943b6fc2529cbce9c77b30d9921f0e319dab9710,943b6fc2529cbce9c77b30d9921f0e319dab9710,/L1_task-socialdoors_model-1_type-nppi.fsf,https://github.com/DVS-Lab/istart-melanie,github.com,1,0
swh:1:cnt:943cfdd8fb981440a054f265a4162c06bd1836a3,943cfdd8fb981440a054f265a4162c06bd1836a3,/R4053_S1_Run_3_N60_elapsed_time.fsf,https://github.com/adamgeorgeturnbull/elapsed_time,github.com,1,0
swh:1:cnt:94643f2652af2d13bbf692ae3860c2400dae5727,94643f2652af2d13bbf692ae3860c2400dae5727,/cda107pre.fmri.taskCMG.run4.melodicFixNone_design.fsf,https://github.com/CVNRni/proj.jn.cda2,github.com,1,0
swh:1:cnt:9493ef40a6dd3e270c3fae4f73ff150ddcc1392f,9493ef40a6dd3e270c3fae4f73ff150ddcc1392f,/template_source_memory.fsf,https://github.com/dunsmoorlab/gPPI,github.com,1,0
swh:1:cnt:94a1c511b75c49fd43a4188da2d7a4c160d97a53,94a1c511b75c49fd43a4188da2d7a4c160d97a53,/cda006pre.fmri.taskCMG.run2.melodicFixNone_design.fsf,https://github.com/CVNRni/proj.jn.cda2,github.com,1,0
swh:1:cnt:94dd32047e6299615db2f0ccdbe44d454785d61a,94dd32047e6299615db2f0ccdbe44d454785d61a,/sub-study040_after_before_task-responsetosnacks_level2_design.fsf,https://github.com/OpenNeuroDatasets/ds001417.git,github.com,1,0
swh:1:cnt:95419f7a58855275b63adcd95ebf35fbc9f37490,95419f7a58855275b63adcd95ebf35fbc9f37490,/single_encoding_ISR20_run2_set1_T7.fsf,https://github.com/QQXiao/ISR_2015,github.com,1,0
swh:1:cnt:95515723bc794fa6a95a47697775cf418d3f3075,95515723bc794fa6a95a47697775cf418d3f3075,/Release.fsf,https://github.com/mvv-project/Aeon-Lite,github.com,0,1
swh:1:cnt:9554ef393a8219678a6b3a861af1204763d52090,9554ef393a8219678a6b3a861af1204763d52090,/cda101pst.fmri.taskCMG.run3.melodicFixNone_design.fsf,https://github.com/CVNRni/proj.jn.cda2,github.com,1,0
swh:1:cnt:9559fd88f7bb956d742431c2b28b63d6e90b66c3,9559fd88f7bb956d742431c2b28b63d6e90b66c3,/design.fsf,https://github.com/StevenM1/flashtask,github.com,1,0
swh:1:cnt:95bdaad07be813c915f6c1977e64f5f1cf3fd8f5,95bdaad07be813c915f6c1977e64f5f1cf3fd8f5,/omt203s02.fmri.taskFT.run3.melodicFixNone_design.fsf,https://github.com/kmcgregor123456/proj.mh.cda2,github.com,1,0
swh:1:cnt:95f176f5b4bbc9e504c8624dfeec437e26ffbf12,95f176f5b4bbc9e504c8624dfeec437e26ffbf12,/template_level2_ppi_mindfulnessconditions_norun2.fsf,https://github.com/ceciwestbrook/WorryMindfulness,github.com,0,1
swh:1:cnt:9635c8b97ec340560c2acbd462dec39fb3537510,9635c8b97ec340560c2acbd462dec39fb3537510,/1233_run-1.fsf,https://git.mpib-berlin.mpg.de/LNDG/stateswitchage/stsw-stsw_fmri_task-0_preproc-data-preproc-1233.git,git.mpib-berlin.mpg.de,0,1
swh:1:cnt:9674430ce5a69715224211732977658be30c256d,9674430ce5a69715224211732977658be30c256d,/BOLD_preproc_template.fsf,https://github.com/bbfrederick/cvrprocessing,github.com,0,1
swh:1:cnt:96a0738e8db3576f371a21a40e127181aaa37945,96a0738e8db3576f371a21a40e127181aaa37945,/FEAT_preprocessing2_design.fsf,https://github.com/tklam28/neural_correlates_MATB,github.com,0,1
swh:1:cnt:96adc5cb1431fad8e387d28af86e49fc191e4d53,96adc5cb1431fad8e387d28af86e49fc191e4d53,/template_l3.fsf,https://github.com/Ruimin-Kochi/DevStudy_ServerScripts,github.com,1,0
swh:1:cnt:96bc851dac6324061aa32333df55dd965651cbe8,96bc851dac6324061aa32333df55dd965651cbe8,/omt116s01.fmri.taskFT.run4.melodicFixNone_design.fsf,https://github.com/kmcgregor123456/proj.mh.cda2,github.com,1,0
swh:1:cnt:96c5ec0d7cd33e2a1ac2ebd625d597552dc96292,96c5ec0d7cd33e2a1ac2ebd625d597552dc96292,/design_ICA_nonSmoothed.fsf,https://github.com/lrokos/tvb-ukbb,github.com,0,1
swh:1:cnt:96dad5fbbd56a3cd64236f4a461812e27fe66469,96dad5fbbd56a3cd64236f4a461812e27fe66469,/single_test_ISR21_run1_set1_T2.fsf,https://github.com/QQXiao/ISR_2015,github.com,1,0
swh:1:cnt:96ef051651615eb34f36a01e4d3fefa36e564267,96ef051651615eb34f36a01e4d3fefa36e564267,/design.fsf,https://github.com/pederisager/Opioid_Reward_fMRI,github.com,1,0
swh:1:cnt:97102efb73dcb03291da9e8f0bf860b74b933bb2,97102efb73dcb03291da9e8f0bf860b74b933bb2,/feat_level_1_func_06.fsf,https://github.com/zw1989/PacManStim,github.com,1,0
swh:1:cnt:971809cbc8c6a9683c7bb213330fcd0d5fb9e703,971809cbc8c6a9683c7bb213330fcd0d5fb9e703,/preproc_smth0.fsf,https://github.com/alonbaram2/reducedTwoStep,github.com,0,1
swh:1:cnt:976ee9fb82dd3c0e4783c28f669ca92d65cf6648,976ee9fb82dd3c0e4783c28f669ca92d65cf6648,/impact.fsf,https://github.com/pgerlich/CS229,github.com,0,1
swh:1:cnt:97d33331287ccef748058f6ece625f11e27e8795,97d33331287ccef748058f6ece625f11e27e8795,/design.fsf,https://git.mpib-berlin.mpg.de/LNDG/stateswitchage/stsw-stsw_fmri_task-0_preproc-data-preproc-1132.git,git.mpib-berlin.mpg.de,0,1
swh:1:cnt:97e94d912cf09a8b8375ebb186907aa790ac479b,97e94d912cf09a8b8375ebb186907aa790ac479b,/cda007pst.fmri.taskCMG.run2.melodicFixNone_design.fsf,https://github.com/CVNRni/proj.jn.cda2,github.com,1,0
swh:1:cnt:9805ee7e9b4c3ba68936e7f9b2cd327f96250467,9805ee7e9b4c3ba68936e7f9b2cd327f96250467,/group_cope8.fsf,https://github.com/dunsmoorlab/gPPI,github.com,1,0
swh:1:cnt:982dfa09b5300f5f7c4e3128cda887f237cf610d,982dfa09b5300f5f7c4e3128cda887f237cf610d,/feat_level_2_PacMan_Static.fsf,https://github.com/zw1989/PacManStim,github.com,1,0
swh:1:cnt:986c9132eb9e32480e3974043ad6efc3e276b535,986c9132eb9e32480e3974043ad6efc3e276b535,/template.fsf,https://github.com/PennBBL/xcpEngine,github.com,0,1
swh:1:cnt:987088ac5f1c6d3b16db9557390ce2432058329e,987088ac5f1c6d3b16db9557390ce2432058329e,/2201_run-4.fsf,https://git.mpib-berlin.mpg.de/LNDG/stateswitchage/stsw-stsw_fmri_task-0_preproc-data-preproc-2201.git,git.mpib-berlin.mpg.de,1,0
swh:1:cnt:98722d5130d3978bf9bebebbff558000a3e7f0f5,98722d5130d3978bf9bebebbff558000a3e7f0f5,/ilocalizer_design.fsf,https://github.com/XiaoqianXiao/SleeplessInSeattle,github.com,0,1
swh:1:cnt:991fbf2d710069519890758d6469c9c8203ebe1e,991fbf2d710069519890758d6469c9c8203ebe1e,/theta08.fsf,https://github.com/dreibh/fractgen,github.com,0,1
swh:1:cnt:9922a2aee083145a7690e8a54399ee0d174169db,9922a2aee083145a7690e8a54399ee0d174169db,/design.fsf,https://github.com/neurodebian/fslpy,github.com,1,1
swh:1:cnt:99b6bc694c2da7cc5868100c2b393495b7ff4c1c,99b6bc694c2da7cc5868100c2b393495b7ff4c1c,/design.fsf,https://github.com/pederisager/Opioid_Reward_fMRI,github.com,1,0
swh:1:cnt:99e2c3d3fdfcea1cd29ffd7e7ae848dbbcb5a1f4,99e2c3d3fdfcea1cd29ffd7e7ae848dbbcb5a1f4,/feat_design-1st_level_reg_and_8par_CAM.fsf,https://bitbucket.org/andrewddavis/cbn01-faces_task.git,bitbucket.org,0,1
swh:1:cnt:99f4526aeeac7e555b473c22821e1ff15e6deb96,99f4526aeeac7e555b473c22821e1ff15e6deb96,/single_test_ISR06_run1_set1_T24.fsf,https://github.com/QQXiao/ISR_2015,github.com,1,0
swh:1:cnt:9a2d62c5b34fd177b49c6a3b3d7751689d97443c,9a2d62c5b34fd177b49c6a3b3d7751689d97443c,/design.fsf,https://git.mpib-berlin.mpg.de/LNDG/stateswitchage/stsw-stsw_fmri_task-0_preproc-data-preproc-1167.git,git.mpib-berlin.mpg.de,0,1
swh:1:cnt:9a333bf7b93c6722d153fcfd63d589cfefcd9fef,9a333bf7b93c6722d153fcfd63d589cfefcd9fef,/design.fsf,https://github.com/smjbashacs/BrainImaging_Assignment4,github.com,0,1
swh:1:cnt:9a34238fca64ca46837eaaf6211269e1d862a3af,9a34238fca64ca46837eaaf6211269e1d862a3af,/design_fla.fsf,https://github.com/grik/neuroimaging,github.com,0,1
swh:1:cnt:9a5ee385003381b91d875315466ee310c4a61585,9a5ee385003381b91d875315466ee310c4a61585,/rest_s02_run-02_withreg.fsf,https://github.com/DiedrichsenLab/Functional_Fusion,github.com,1,0
swh:1:cnt:9aa90ac51365618636d5352c86703df1d9e302c5,9aa90ac51365618636d5352c86703df1d9e302c5,/L1_task-srSocial_model-01_seed-0_run-01_variant-dctAROMAnonaggr.fsf,https://github.com/DVS-Lab/istart-analyses,github.com,1,0
swh:1:cnt:9abcfa6f6e3272bfca9f554f6a3507d0dc9c99d9,9abcfa6f6e3272bfca9f554f6a3507d0dc9c99d9,/design.fsf,https://github.com/DVS-Lab/istart-melanie,github.com,0,1
swh:1:cnt:9b5aabe6e0ddb0b8cfde183ad2d7b5e6786cfbbf,9b5aabe6e0ddb0b8cfde183ad2d7b5e6786cfbbf,/sub-27_level2.fsf,https://github.com/AlexBowring/SC2,github.com,1,0
swh:1:cnt:9b613c9270be5f6708ed68c88f74594f15dfd8e7,9b613c9270be5f6708ed68c88f74594f15dfd8e7,/ssica_task_09_run-31.fsf,https://github.com/DiedrichsenLab/Functional_Fusion,github.com,1,0
swh:1:cnt:9be0d3bb03cbae0a3ce59d3e27f1e336d0407b47,9be0d3bb03cbae0a3ce59d3e27f1e336d0407b47,/design_fir.fsf,https://github.com/jdkent/fMRI_Processing,github.com,0,1
swh:1:cnt:9bec456237ec91ef15296f8472c91fead9705d8b,9bec456237ec91ef15296f8472c91fead9705d8b,/design.fsf,https://github.com/StevenM1/flashtask,github.com,1,0
swh:1:cnt:9c27ce604962875ef2d5b0d16f28bd744fe0eed1,9c27ce604962875ef2d5b0d16f28bd744fe0eed1,/L1WMAct.fsf,https://github.com/DVS-Lab/PPI_ES_Testing,github.com,1,0
swh:1:cnt:9c3ecfd3c5aa811746be77da5dbab82e14edc62c,9c3ecfd3c5aa811746be77da5dbab82e14edc62c,/design.fsf,https://git.mpib-berlin.mpg.de/LNDG/stateswitchage/stsw-stsw_fmri_task-0_preproc-data-preproc-2104.git,git.mpib-berlin.mpg.de,0,1
swh:1:cnt:9c7b8b69ed909f44a36d52cc113abadfa0c5504f,9c7b8b69ed909f44a36d52cc113abadfa0c5504f,/80cm_WhiteTarget_LT.fsf,https://github.com/Acarling-adi/ToF,github.com,0,1
swh:1:cnt:9c8eaacef315a970e29e988e20d3dfd3e8b3dbd5,9c8eaacef315a970e29e988e20d3dfd3e8b3dbd5,/sub-17_run-02_level1_amended.fsf,https://github.com/AlexBowring/Software_Comparison,github.com,1,0
swh:1:cnt:9cc11deef99134100156773611ce141c54e7308c,9cc11deef99134100156773611ce141c54e7308c,/L1_SOC_NetworkPPI.fsf,https://github.com/DVS-Lab/PPI_ES_Testing,github.com,1,0
swh:1:cnt:9d220eb9d5321b4f292b6adda917d304272d87ea,9d220eb9d5321b4f292b6adda917d304272d87ea,/single_test_ISR21_run2_set1_T2.fsf,https://github.com/QQXiao/ISR_2015,github.com,1,0
swh:1:cnt:9d27d326a502da96952b2edddf3629667070bb98,9d27d326a502da96952b2edddf3629667070bb98,/design.fsf,https://github.com/StevenM1/flashtask,github.com,1,0
swh:1:cnt:9d28ad9ff9a47e552d4cd4647f5dbd04fac0e608,9d28ad9ff9a47e552d4cd4647f5dbd04fac0e608,/design.fsf,https://git.mpib-berlin.mpg.de/LNDG/stateswitchage/stsw-stsw_fmri_task-0_preproc-data-preproc-2210.git,git.mpib-berlin.mpg.de,0,1
swh:1:cnt:9d2c634b7ef36ebc6340f872f884dd20d3f5f4ff,9d2c634b7ef36ebc6340f872f884dd20d3f5f4ff,/08.angry-sad.fsf,https://github.com/isacdaavid/np-mvpa,github.com,0,1
swh:1:cnt:9d37124460eb421cf000069317224b3d82fe7a2d,9d37124460eb421cf000069317224b3d82fe7a2d,/sub-0003_stats.fsf,https://github.com/QTAB-STUDY/pre-processing,github.com,0,1
swh:1:cnt:9d56f678adb3724f377ac9db00866065434f70db,9d56f678adb3724f377ac9db00866065434f70db,/design.fsf,https://github.com/StevenM1/flashtask,github.com,1,0
swh:1:cnt:9dbc9b45403abf2d25026bae473fb050c916e4a3,9dbc9b45403abf2d25026bae473fb050c916e4a3,/feat_2_postAROMA_2021_07_06_MixedDesign.fsf,https://github.com/raytut/LSNs-and-Real-Life-Stress,github.com,1,0
swh:1:cnt:9de791adcf5dae1d31e20807d929e097deeb6676,9de791adcf5dae1d31e20807d929e097deeb6676,/debug.fsf,https://github.com/glennlopez/DIGI-2224,github.com,1,0
swh:1:cnt:9e259edfc5d162d3a80bf5305150ba148f8fb3b8,9e259edfc5d162d3a80bf5305150ba148f8fb3b8,/design.fsf,https://github.com/StevenM1/flashtask,github.com,1,0
swh:1:cnt:9e34af132357be74be2f89b06847481444ddbf8c,9e34af132357be74be2f89b06847481444ddbf8c,/design.fsf,https://github.com/iam-sr13/Brain-Imaging-Methods,github.com,0,1
swh:1:cnt:9e395fbd0b4a142adf3b9d223306887ffe961959,9e395fbd0b4a142adf3b9d223306887ffe961959,/sub-30_run-02_level1.fsf,https://github.com/AlexBowring/SC2,github.com,1,0
swh:1:cnt:9e49d57f1f9a01c0ee3a4ae1dca1fe1fb8944346,9e49d57f1f9a01c0ee3a4ae1dca1fe1fb8944346,/default.fsf,https://github.com/Linux-Tech-Tips/shell_emulator,github.com,0,1
swh:1:cnt:9e8a67eed1121699245fbf6cee19f938f425a5f7,9e8a67eed1121699245fbf6cee19f938f425a5f7,/design_ICA.fsf,https://github.com/cab79/toolboxes_custom,github.com,1,0
swh:1:cnt:9eea68d2e29b2b443910602ba7bffbeaeb024054,9eea68d2e29b2b443910602ba7bffbeaeb024054,/single_test_ISR21_run1_set1_T23.fsf,https://github.com/QQXiao/ISR_2015,github.com,1,0
swh:1:cnt:9ef7f6494457addda8164cbe4887e5712489474a,9ef7f6494457addda8164cbe4887e5712489474a,/feat_level_2_combined_sed.fsf,https://github.com/zw1989/PacManStim,github.com,1,0
swh:1:cnt:9effb01caf709163f180e9846bfa791de6dd5b31,9effb01caf709163f180e9846bfa791de6dd5b31,/biru.fsf,https://github.com/NicholasGeraldo/Sample-Template-Android-with-Delphi-RIO-FMX,github.com,0,1
swh:1:cnt:9f6199bb8aa48e35ddc0b62dc3c62cbf95d4025a,9f6199bb8aa48e35ddc0b62dc3c62cbf95d4025a,/feat_lvl2_clock_template.fsf,https://github.com/LabNeuroCogDevel/clock_analysis,github.com,0,1
swh:1:cnt:9f6f9ea2f1085a137a194bb3feb972c236cd1a8b,9f6f9ea2f1085a137a194bb3feb972c236cd1a8b,/tmpDesign.fsf,https://github.com/CristianaDim/Preprocessing,github.com,0,1
swh:1:cnt:9f86255d48362efaad9e1ebbdc4c99eaefbd7aa3,9f86255d48362efaad9e1ebbdc4c99eaefbd7aa3,/fsl_gfeat_general_adaptive_template.fsf,https://github.com/tnnlab/fMRI_R,github.com,0,1
swh:1:cnt:9f98172efa196e7e88b44ca4da9744f4fe59ad12,9f98172efa196e7e88b44ca4da9744f4fe59ad12,/tfMRI_FACENAME_PA_new_3EV_template.fsf,https://github.com/HAM-lab-Otago-University/HCP-Aging_commonality,github.com,0,1
swh:1:cnt:9fd32f5c6018401245d1bcac461c312ffa21f569,9fd32f5c6018401245d1bcac461c312ffa21f569,/sub-26_run-01_level1_amended.fsf,https://github.com/AlexBowring/Software_Comparison,github.com,1,0
swh:1:cnt:9fd841d45facc6e04f3d6ba654b10db99896827f,9fd841d45facc6e04f3d6ba654b10db99896827f,/single_test_ISR12_run1_set1_T17.fsf,https://github.com/QQXiao/ISR_2015,github.com,1,0
swh:1:cnt:a0282bfb0e52ca6b9e1cf26703164671c44f4288,a0282bfb0e52ca6b9e1cf26703164671c44f4288,/sub-11_run-02_level1.fsf,https://github.com/AlexBowring/Software_Comparison,github.com,1,0
swh:1:cnt:a032a1d73b1b35915fd7c0ced970ca26fabbd940,a032a1d73b1b35915fd7c0ced970ca26fabbd940,/design.fsf,https://github.com/StevenM1/flashtask,github.com,1,0
swh:1:cnt:a0a24c6eb78762366c49146e3608917cb9e98643,a0a24c6eb78762366c49146e3608917cb9e98643,/Model5.1_genderV.fsf,https://github.com/sarabergman/Stanford,github.com,1,0
swh:1:cnt:a0c05b61553cd3419ec0a83fa2f5705b0e9b739e,a0c05b61553cd3419ec0a83fa2f5705b0e9b739e,/tfMRI_SST1_hp200_s4_level1.fsf,https://github.com/DCAN-Labs/abcd_task_prep,github.com,0,1
swh:1:cnt:a0e58bff735478b90fa0691c7c451dc45955440a,a0e58bff735478b90fa0691c7c451dc45955440a,/cda104pst.fmri.taskCMG.run1.melodicFixNone_design.fsf,https://github.com/CVNRni/proj.jn.cda2,github.com,1,0
swh:1:cnt:a12f243a01be51533474637e4953ee8d26e6371b,a12f243a01be51533474637e4953ee8d26e6371b,/omt120s01.fmri.taskFT.run2.melodicFixNone_design.fsf,https://github.com/CVNRni/proj.mh.cda1,github.com,0,1
swh:1:cnt:a142e4c7a35142fd261830fed167424feca605c4,a142e4c7a35142fd261830fed167424feca605c4,/input-232.fsf,deb://Ubuntu-Legacy/packages/rsplib,Ubuntu-Legacy,0,1
swh:1:cnt:a151acb119edd10217f481545cbd326d56512aca,a151acb119edd10217f481545cbd326d56512aca,/omicron08.fsf,https://github.com/dreibh/fractgen,github.com,1,0
swh:1:cnt:a155f8b738f526e79094694b436b3740c0449bb0,a155f8b738f526e79094694b436b3740c0449bb0,/MOR_simple.fsf,https://github.com/pederisager/Opioid_Reward_fMRI,github.com,1,0
swh:1:cnt:a1624d97b663a633bbe3ef3f58c4e3bb4c8fb782,a1624d97b663a633bbe3ef3f58c4e3bb4c8fb782,/10.happy-scrambled.fsf,https://github.com/isacdaavid/emotion-perception-mvpa-2,github.com,0,1
swh:1:cnt:a1625be93d1f56aee694040ba0680c5f37f8343a,a1625be93d1f56aee694040ba0680c5f37f8343a,/R4222_S1_Run_4_N60_elapsed_time.fsf,https://github.com/adamgeorgeturnbull/elapsed_time,github.com,1,0
swh:1:cnt:a16524fcc46349c43fd37cb2cb855e09b3ac0c2d,a16524fcc46349c43fd37cb2cb855e09b3ac0c2d,/2217_run-3.fsf,https://git.mpib-berlin.mpg.de/LNDG/stateswitchage/stsw-stsw_fmri_task-0_preproc-data-preproc-2217.git,git.mpib-berlin.mpg.de,0,1
swh:1:cnt:a1b32a4b6bfcac921b766b77e13624ae09fe2551,a1b32a4b6bfcac921b766b77e13624ae09fe2551,/l40rwjl5.fsf,https://github.com/sandrine-biot/Edge-Data-Store-Docs,github.com,0,1
swh:1:cnt:a1f1de672e895f6c89d409d0dae84a228066f647,a1f1de672e895f6c89d409d0dae84a228066f647,/single_encoding_ISR01_run2_set1_T3.fsf,https://github.com/QQXiao/ISR_2015,github.com,1,0
swh:1:cnt:a20ef3a8bdb0776189395b468f51898f991fb6aa,a20ef3a8bdb0776189395b468f51898f991fb6aa,/1268_run-1.fsf,https://git.mpib-berlin.mpg.de/LNDG/stateswitchage/stsw-stsw_fmri_task-0_preproc-data-preproc-1268.git,git.mpib-berlin.mpg.de,0,1
swh:1:cnt:a2213fa57acb3dd764698f824ec1bd1685a2bd89,a2213fa57acb3dd764698f824ec1bd1685a2bd89,/master_preproc.fsf,https://github.com/petereliyoo/OPFAP,github.com,0,1
swh:1:cnt:a223a424f2e1f7b5f3fba6dfc0198b1c92faa4bb,a223a424f2e1f7b5f3fba6dfc0198b1c92faa4bb,/single_test_ISR15_run1_set1_T15.fsf,https://github.com/QQXiao/ISR_2015,github.com,1,0
swh:1:cnt:a22444c79b53e1971b05b9d26f2ee402a7cb5607,a22444c79b53e1971b05b9d26f2ee402a7cb5607,/template.fsf,https://github.com/johneusebio/glm_on_oppni,github.com,0,1
swh:1:cnt:a22ed7aa56ea198ccab77210ca5dc2d78c81f407,a22ed7aa56ea198ccab77210ca5dc2d78c81f407,/template_l3_model2.fsf,https://github.com/Ruimin-Kochi/DevStudy_ServerScripts,github.com,1,0
swh:1:cnt:a25612a200278ac870b40efb4fde36922c97ba64,a25612a200278ac870b40efb4fde36922c97ba64,/design_sub-G19S01_loc.fsf,https://github.com/OpenNeuroDatasets/ds005731.git,github.com,1,0
swh:1:cnt:a2bffeaf57b8a63ab511048e922a5ad73660cf11,a2bffeaf57b8a63ab511048e922a5ad73660cf11,/single_encoding_ISR05_run2_set2_T22.fsf,https://github.com/QQXiao/ISR_2015,github.com,1,0
swh:1:cnt:a2cd2ac3bbdf7d2c38ddbc67dc39349f8c2fb054,a2cd2ac3bbdf7d2c38ddbc67dc39349f8c2fb054,/design.fsf,https://github.com/StevenM1/flashtask,github.com,1,0
swh:1:cnt:a2e5ff6d8523569746ce3874159e7ce8b145d99b,a2e5ff6d8523569746ce3874159e7ce8b145d99b,/omt225s01.fmri.taskFT.run3.melodicFixNone_design.fsf,https://github.com/CVNRni/proj.mh.cda1,github.com,1,0
swh:1:cnt:a30599c39f1a79cb3909a87e30b3cc3c61af9290,a30599c39f1a79cb3909a87e30b3cc3c61af9290,/design_6DOFreg.fsf,https://gitlab.developers.cam.ac.uk/djw216/synaptic-pet-fmri.git,gitlab.developers.cam.ac.uk,0,1
swh:1:cnt:a36ecffa8bfaa7efd34275095c9e0ca07369c8c0,a36ecffa8bfaa7efd34275095c9e0ca07369c8c0,/ssica_task_25_run-08.fsf,https://github.com/DiedrichsenLab/Functional_Fusion,github.com,1,0
swh:1:cnt:a373ca68f9f76b1f942fc154269e289722b40a0e,a373ca68f9f76b1f942fc154269e289722b40a0e,/omt310s02.fmri.taskFT.run1.melodicFixNone_design.fsf,https://github.com/CVNRni/proj.mh.cda1,github.com,1,0
swh:1:cnt:a3b418cc901a51ac4a9bb358bae0cb5ca5fed3d0,a3b418cc901a51ac4a9bb358bae0cb5ca5fed3d0,/firstlevel_template.fsf,https://github.com/mehdibehroozi/spynoza,github.com,0,1
swh:1:cnt:a3dbdad455c02e5c6d04e837f2f10b6e8697b63c,a3dbdad455c02e5c6d04e837f2f10b6e8697b63c,/input-190.fsf,deb://Ubuntu-Legacy/packages/rsplib,Ubuntu-Legacy,1,0
swh:1:cnt:a404e8761f14a41b5b910bb0d4a57051c23f239b,a404e8761f14a41b5b910bb0d4a57051c23f239b,/design.fsf,https://github.com/OpenNeuroDatasets/ds005978.git,github.com,1,0
swh:1:cnt:a49c5f9d1bacde4922948472680fba61f2777a08,a49c5f9d1bacde4922948472680fba61f2777a08,/RETICAjob.fsf,https://github.com/allanhummer/RETPipeline,github.com,0,1
swh:1:cnt:a4d7b964fc6e1ae268175f902e543aaf6d7b188f,a4d7b964fc6e1ae268175f902e543aaf6d7b188f,/design.fsf,https://github.com/StevenM1/flashtask,github.com,1,0
swh:1:cnt:a4ff412c0ac9b3e4c6162732e88dffc602f83e73,a4ff412c0ac9b3e4c6162732e88dffc602f83e73,/single_test_ISR12_run2_set1_T4.fsf,https://github.com/QQXiao/ISR_2015,github.com,1,0
swh:1:cnt:a59a16ed196bf264a7598d2af0b8b4d96670adf4,a59a16ed196bf264a7598d2af0b8b4d96670adf4,/design.fsf,https://git.mpib-berlin.mpg.de/LNDG/stateswitchage/stsw-stsw_fmri_task-0_preproc-data-preproc-1117.git,git.mpib-berlin.mpg.de,0,1
swh:1:cnt:a59d8581c3cb009e4516203c554e2c239eb9d0ea,a59d8581c3cb009e4516203c554e2c239eb9d0ea,/design.fsf,https://github.com/StevenM1/flashtask,github.com,1,0
swh:1:cnt:a5db26373b98121b86a36232179b7652111cbaf2,a5db26373b98121b86a36232179b7652111cbaf2,/xi06.fsf,https://github.com/dreibh/fractgen,github.com,1,0
swh:1:cnt:a5e0c519d7bcb62944184af58aefb60fc9676b01,a5e0c519d7bcb62944184af58aefb60fc9676b01,/design.fsf,https://github.com/pederisager/Opioid_Reward_fMRI,github.com,1,0
swh:1:cnt:a63815689d9b768452680ba42e82b20613e19450,a63815689d9b768452680ba42e82b20613e19450,/sub-08_run-03_level1_afni_design.fsf,https://github.com/AlexBowring/SC2,github.com,1,0
swh:1:cnt:a63bd0809b282abfae516e987c7d9d8549e44e6d,a63bd0809b282abfae516e987c7d9d8549e44e6d,/single_encoding_ISR01_run1_set1_t379.fsf,https://github.com/QQXiao/ISR_2015,github.com,1,0
swh:1:cnt:a65cb5f4a04b38ff8c87a8de3cbce60cc3efa57d,a65cb5f4a04b38ff8c87a8de3cbce60cc3efa57d,/single_encoding_ISR03_run1_set2_T18.fsf,https://github.com/QQXiao/ISR_2015,github.com,1,0
swh:1:cnt:a672432299aba4cb2ecf8159a57ceff872462d83,a672432299aba4cb2ecf8159a57ceff872462d83,/CARIT_Run_2-template.fsf,https://github.com/stressdev/STAR-pipeline,github.com,1,0
swh:1:cnt:a67fcec32793084f1fee9740c662be5af5cdaad0,a67fcec32793084f1fee9740c662be5af5cdaad0,/design.fsf,https://github.com/DVS-Lab/istart-melanie,github.com,1,0
swh:1:cnt:a68b796aff1f8b3071fc73f22e637c773b791009,a68b796aff1f8b3071fc73f22e637c773b791009,/sub-01_run-02_level1.fsf,https://github.com/AlexBowring/SC2,github.com,1,0
swh:1:cnt:a6a92912a071a545ddfdaddbb350bb6ccb966eec,a6a92912a071a545ddfdaddbb350bb6ccb966eec,/design_r4.fsf,https://github.com/afamiliar/fmri_analysis,github.com,1,0
swh:1:cnt:a6c5f6f58585cd1f2d00f46176d1d41c4fcb8093,a6c5f6f58585cd1f2d00f46176d1d41c4fcb8093,/singlesubj_melodic.fsf,https://github.com/mmantho/bash-fsl-pipeline,github.com,0,1
swh:1:cnt:a709fb44d2254ce22e3bce226510f75e27f6c34a,a709fb44d2254ce22e3bce226510f75e27f6c34a,/single_test_ISR11_run2_set2_T3.fsf,https://github.com/QQXiao/ISR_2015,github.com,1,0
swh:1:cnt:a736324f4624e7af0a892654f0a804e853f1d23c,a736324f4624e7af0a892654f0a804e853f1d23c,/impact.fsf,https://github.com/amsunderman/229,github.com,0,1
swh:1:cnt:a764940c34c6284e19fb4b7ca25d9a4ddd5d459d,a764940c34c6284e19fb4b7ca25d9a4ddd5d459d,/design.fsf,https://github.com/pederisager/Opioid_Reward_fMRI,github.com,1,0
swh:1:cnt:a7676c215046a55cdcab4b652ac7625cf9c24498,a7676c215046a55cdcab4b652ac7625cf9c24498,/L1GamAct.fsf,https://github.com/DVS-Lab/HCP_gambling,github.com,1,0
swh:1:cnt:a767a9d78c50a457299e541465d55f5973e0ca62,a767a9d78c50a457299e541465d55f5973e0ca62,/design_preproc_TEMPLATE.fsf,https://github.com/nimlab/BCBToolKit,github.com,0,1
swh:1:cnt:a7cfc5425ca5480abf0585e83d5747b905edc964,a7cfc5425ca5480abf0585e83d5747b905edc964,/MORvsPLA_persubject.fsf,https://github.com/pederisager/Opioid_Reward_fMRI,github.com,1,0
swh:1:cnt:a7d149ed7a4af543a9ff3062f75c4aa9ba5389fb,a7d149ed7a4af543a9ff3062f75c4aa9ba5389fb,/2DShader.fsf,https://github.com/AdmiralSam/ARena,github.com,0,1
swh:1:cnt:a7d9c4f9cfa8268d7f6a05ac28de0816920056e8,a7d9c4f9cfa8268d7f6a05ac28de0816920056e8,/single_encoding_ISR14_run1_set1_T1.fsf,https://github.com/QQXiao/ISR_2015,github.com,1,0
swh:1:cnt:a7f52b000184a50d93acf576f477c3bcbbc173f0,a7f52b000184a50d93acf576f477c3bcbbc173f0,/design.fsf,https://github.com/StevenM1/flashtask,github.com,1,0
swh:1:cnt:a83463e176e39b2738d1cd0a6aa8d52e54028ed5,a83463e176e39b2738d1cd0a6aa8d52e54028ed5,/single_test_ISR10_run2_set2_T19.fsf,https://github.com/QQXiao/ISR_2015,github.com,1,0
swh:1:cnt:a851f0d13966737095e5fee2c3234cc25ea9f488,a851f0d13966737095e5fee2c3234cc25ea9f488,/template_lss_extinction.fsf,https://github.com/dunsmoorlab/gPPI,github.com,1,0
swh:1:cnt:a85cabb3965b6b01f2775df6d239f0e240dfbcd0,a85cabb3965b6b01f2775df6d239f0e240dfbcd0,/design.fsf,https://github.com/ValHayot/sea-slurm-scripts,github.com,0,1
swh:1:cnt:a8724c7813abf64b8a7419e0187a929d9a4270d9,a8724c7813abf64b8a7419e0187a929d9a4270d9,/design.fsf,https://github.com/StevenM1/flashtask,github.com,1,0
swh:1:cnt:a8e7f446660911bb0f86e032d1c8a65d2ad2ce55,a8e7f446660911bb0f86e032d1c8a65d2ad2ce55,/tmpDesignLG.fsf,https://github.com/lgoetschius/GIMME_Preprocessing,github.com,0,1
swh:1:cnt:a8f2c0bd729d10bdd08af4203089e049fb347707,a8f2c0bd729d10bdd08af4203089e049fb347707,/design.fsf,https://github.com/AlexBowring/Software_Comparison,github.com,1,0
swh:1:cnt:a968932b2daa4fabf66c2578ce819bf63af9c3b8,a968932b2daa4fabf66c2578ce819bf63af9c3b8,/design.fsf,https://github.com/cyril-data/nidmresults-examples,github.com,0,1
swh:1:cnt:a9a93ac8b1cd17947b946ba7c46613a6583f2a8d,a9a93ac8b1cd17947b946ba7c46613a6583f2a8d,/反编译升级.fsf,https://github.com/3bDjrvHs50kiZIJb5/renzhex2,github.com,0,1
swh:1:cnt:a9c40d891372f797ef29ec443b9c94c70ce87f3b,a9c40d891372f797ef29ec443b9c94c70ce87f3b,/sub-11_level2.fsf,https://github.com/AlexBowring/SC2,github.com,1,0
swh:1:cnt:aa054825caf284167c2a6ab076110ee96dddb163,aa054825caf284167c2a6ab076110ee96dddb163,/sample_design.fsf,https://github.com/alokkumary2j/PyMVPA,github.com,0,1
swh:1:cnt:aa8135d3195e7b711d52e5cf070708d28b143b92,aa8135d3195e7b711d52e5cf070708d28b143b92,/L1_task-trust_model-01_type-ppi_wPaths.fsf,https://github.com/victoriaakelly/NeuroeconLab_Practice_Folder,github.com,0,1
swh:1:cnt:aa90851ec25069c2156e3e2c8f08289a30557025,aa90851ec25069c2156e3e2c8f08289a30557025,/design.fsf,https://github.com/singlakdeepak/fMRIAssignments,github.com,0,1
swh:1:cnt:aa98b15fd95a76e770894b3718c37bc7ac5bb521,aa98b15fd95a76e770894b3718c37bc7ac5bb521,/design.fsf,https://github.com/StevenM1/flashtask,github.com,1,0
swh:1:cnt:aaa01235a7fa678dfb742ea4f4a768a5120ca6fb,aaa01235a7fa678dfb742ea4f4a768a5120ca6fb,/secondlevel_AT_design_EVRiskAmbig_shana_2runs_wResponse_singleCope.fsf,https://github.com/shanaahall/Ambiguity-Tolerance,github.com,1,0
swh:1:cnt:aabc50ea413e587f713d09553e87e2cfa7a576c4,aabc50ea413e587f713d09553e87e2cfa7a576c4,/single_encoding_ISR20_run2_set2_T13.fsf,https://github.com/QQXiao/ISR_2015,github.com,1,0
swh:1:cnt:aafff9a5473779d9ab699df53548d5177d31c3c3,aafff9a5473779d9ab699df53548d5177d31c3c3,/L1_task-sharedreward_model-01_type-act.fsf,https://github.com/DVS-Lab/srndna-test,github.com,1,0
swh:1:cnt:ab17a95998d5f5d8f01e9085e365363f0207fa81,ab17a95998d5f5d8f01e9085e365363f0207fa81,/feat_preprocessing.fsf,https://github.com/Supat/fsl-topup-script,github.com,0,1
swh:1:cnt:ab5109aa0ecaa891a1db9a29c8c54f2a087d86d0,ab5109aa0ecaa891a1db9a29c8c54f2a087d86d0,/FSL_2ndLevel_Evoked_by_prestim_GLM_template.fsf,https://github.com/BiyuHeLab/Prestim_fMRI_Wu_2024,github.com,0,1
swh:1:cnt:ab565d413c750c2aa37a285b093e510be83675f0,ab565d413c750c2aa37a285b093e510be83675f0,/design_lev2_model-002_sub-251_within_day_effects.fsf,https://github.com/YifeiCAO/MultiModalMRI_Habits,github.com,0,1
swh:1:cnt:ab65126c0fa1c5953a10cd3d72438387d03ce11b,ab65126c0fa1c5953a10cd3d72438387d03ce11b,/subj1006_task_run4.fsf,https://github.com/rrodriguezbarron/YC-Polarization,github.com,1,0
swh:1:cnt:ab93a015ba117233b5f94b27a811be8c397ff244,ab93a015ba117233b5f94b27a811be8c397ff244,/dist.fsf,https://github.com/andreiw/ode4linux,github.com,0,1
swh:1:cnt:ab9d1f8f6483dd665c4ed9490d920915b651697e,ab9d1f8f6483dd665c4ed9490d920915b651697e,/rfmri_design.fsf,https://github.com/sreevalsansmenon/Multimodal_Ensemble,github.com,0,1
swh:1:cnt:abbd137c7754530549b166a1624c45329a367b02,abbd137c7754530549b166a1624c45329a367b02,/preproc_template.fsf,https://github.com/rithwikrg/A-reproducibility-study-Anticipation-of-temporally-structured-events,github.com,0,1
swh:1:cnt:abc9cf5ab0495691d2d97cc354c1ef980ffb5f76,abc9cf5ab0495691d2d97cc354c1ef980ffb5f76,/sub-12_run-01_level1.fsf,https://github.com/AlexBowring/SC2,github.com,1,0
swh:1:cnt:ac375feabe9b63ff77158ff2102fa35dbdb5e388,ac375feabe9b63ff77158ff2102fa35dbdb5e388,/2216_run-4.fsf,https://git.mpib-berlin.mpg.de/LNDG/stateswitchage/stsw-stsw_fmri_task-0_preproc-data-preproc-2216.git,git.mpib-berlin.mpg.de,1,0
swh:1:cnt:ac3ca28ded704e58655438400574e4c1db28dd36,ac3ca28ded704e58655438400574e4c1db28dd36,/design.fsf,https://git.mpib-berlin.mpg.de/LNDG/stateswitchage/stsw-stsw_fmri_rest-0_preproc.git,git.mpib-berlin.mpg.de,1,0
swh:1:cnt:ac6a556b33e8e405eaf6fab2d6f47fe84952ae02,ac6a556b33e8e405eaf6fab2d6f47fe84952ae02,/design.fsf,https://github.com/pederisager/Opioid_Reward_fMRI,github.com,1,0
swh:1:cnt:acda0c50a831fa08079616c85fb9dd598fc2931e,acda0c50a831fa08079616c85fb9dd598fc2931e,/L1_task-sharedreward_model-01.fsf,https://github.com/Ruimin-Kochi/srndna,github.com,0,1
swh:1:cnt:ad1db6275857db2113995631e3fede8621869d89,ad1db6275857db2113995631e3fede8621869d89,/NR.fsf,https://github.com/niblunc/twin_HCP_paper,github.com,0,1
swh:1:cnt:ad5549b034ece6f5b0ebc265b72e991ef3070a54,ad5549b034ece6f5b0ebc265b72e991ef3070a54,/design.fsf,https://git.mpib-berlin.mpg.de/LNDG/stateswitchage/stsw-stsw_fmri_task-0_preproc-data-preproc-2206.git,git.mpib-berlin.mpg.de,0,1
swh:1:cnt:ad686ef194b182e8fe888887409b7821373d0eaf,ad686ef194b182e8fe888887409b7821373d0eaf,/design_1.fsf,https://github.com/layerfMRI/repository,github.com,0,1
swh:1:cnt:ada893d0e965ae26fd0b6e530a5da8a7b8de4267,ada893d0e965ae26fd0b6e530a5da8a7b8de4267,/CodeBook.txt.fsf,https://github.com/betsyrosalen/DATA_607_Data_Acquisition_and_Management,github.com,0,1
swh:1:cnt:adabb73ec6b354d5d8472ca2715245d2b571cb10,adabb73ec6b354d5d8472ca2715245d2b571cb10,/omt102s01.fmri.taskFT.run3.melodicFixNone_design.fsf,https://github.com/kmcgregor123456/proj.mh.cda2,github.com,1,0
swh:1:cnt:add15c374fc0a911bed7ac48c40bcbcc6b0fe7be,add15c374fc0a911bed7ac48c40bcbcc6b0fe7be,/singleTrialGLM.fsf,https://github.com/jeffmacinnes/TDLS_classify,github.com,0,1
swh:1:cnt:addb71c8bd77b156ae620deaba08b1f04b20af03,addb71c8bd77b156ae620deaba08b1f04b20af03,/R4087_S1_Run_3_N60_elapsed_time.fsf,https://github.com/adamgeorgeturnbull/elapsed_time,github.com,1,0
swh:1:cnt:adde9182f9d8e971b48c154b54fc7c9767e05450,adde9182f9d8e971b48c154b54fc7c9767e05450,/cope27.fsf,https://github.com/dunsmoorlab/gPPI,github.com,1,0
swh:1:cnt:aded4b4bda05e098e2b0afdd9cd872ddbcf6d244,aded4b4bda05e098e2b0afdd9cd872ddbcf6d244,/design_lev3_ss.fsf,https://github.com/laurabravo97/fMRI-data-analysis-replication,github.com,0,1
swh:1:cnt:adfd75370d901a401adea511ed7700141a311542,adfd75370d901a401adea511ed7700141a311542,/FL1136r04_design.fsf,https://github.com/mattnassar/beadstask,github.com,0,1
swh:1:cnt:adffed6c184fe351e6a222abc16defea1626d99c,adffed6c184fe351e6a222abc16defea1626d99c,/design.fsf,https://github.com/robertoostenveld/dccn.DSC_3011152.03_586_v1,github.com,0,1
swh:1:cnt:ae5bbd9afdc13dca210c2b37bb8c9191e2dfa019,ae5bbd9afdc13dca210c2b37bb8c9191e2dfa019,/template.fsf,https://github.com/dangom/neuroimaging-scripts,github.com,0,1
swh:1:cnt:ae5f5bbb53684991726d6efad56c5daebcecdfbd,ae5f5bbb53684991726d6efad56c5daebcecdfbd,/2213_run-4.fsf,https://git.mpib-berlin.mpg.de/LNDG/stateswitchage/stsw-stsw_fmri_task-0_preproc-data-preproc-2213.git,git.mpib-berlin.mpg.de,0,1
swh:1:cnt:ae6375b87ba492e5d6b49870bbbaa2ade601e761,ae6375b87ba492e5d6b49870bbbaa2ade601e761,/main_SinQsSamDiff_secondlevel.fsf,https://github.com/Ghootae/fBGRED_0102-copy,github.com,0,1
swh:1:cnt:aeb51b0724a6c95aa8111b31ac8c1fb1f9158b2d,aeb51b0724a6c95aa8111b31ac8c1fb1f9158b2d,/design_preproc_TEMPLATE.fsf,https://github.com/PaulZhutovsky/rs-fMRI-Preprocessing,github.com,0,1
swh:1:cnt:aec7a30def8b4cbd5711460c7bd7b3cb9b69b217,aec7a30def8b4cbd5711460c7bd7b3cb9b69b217,/design_sub-G19S01_runA.fsf,https://github.com/OpenNeuroDatasets/ds005731.git,github.com,1,0
swh:1:cnt:aecd2e6d6452c063c216eaa352b1ecfa7e76b468,aecd2e6d6452c063c216eaa352b1ecfa7e76b468,/1239_run-3.fsf,https://git.mpib-berlin.mpg.de/LNDG/stateswitchage/stsw-stsw_fmri_task-0_preproc-data-preproc-1239.git,git.mpib-berlin.mpg.de,0,1
swh:1:cnt:aed7e2d34c2deaeeba823e7508f7b7a30f2f17c8,aed7e2d34c2deaeeba823e7508f7b7a30f2f17c8,/ica_tfMRI_SST2_hp200_s4_level1.fsf,https://github.com/DCAN-Labs/abcd_task_prep,github.com,1,0
swh:1:cnt:aedd8e83862fd0a1da1a03b3701265bfdf0b6758,aedd8e83862fd0a1da1a03b3701265bfdf0b6758,/design.fsf,https://github.com/StevenM1/flashtask,github.com,1,0
swh:1:cnt:af0093d2159962aefc2c103a8d71c6b53824f5f4,af0093d2159962aefc2c103a8d71c6b53824f5f4,/ssica_task_14_run-04.fsf,https://github.com/DiedrichsenLab/Functional_Fusion,github.com,1,0
swh:1:cnt:af0cf33b073e42b39005de301cab5cffbe6d9c04,af0cf33b073e42b39005de301cab5cffbe6d9c04,/single_encoding_ISR07_run1_set2_T3.fsf,https://github.com/QQXiao/ISR_2015,github.com,1,0
swh:1:cnt:af10113619e2acc82a13dc4c3bbe54ac116031e4,af10113619e2acc82a13dc4c3bbe54ac116031e4,/sub-02-run-03-analysis.fsf,https://github.com/AlexBowring/Software_Comparison,github.com,1,0
swh:1:cnt:af253bf501d9f5e1d887c550237a1b13b4cac50d,af253bf501d9f5e1d887c550237a1b13b4cac50d,/sub-27_run-03_level1.fsf,https://github.com/AlexBowring/Software_Comparison,github.com,1,0
swh:1:cnt:af2680798941e5ac68d650ca85aa6f0ae8f76a67,af2680798941e5ac68d650ca85aa6f0ae8f76a67,/1169_run-4.fsf,https://git.mpib-berlin.mpg.de/LNDG/stateswitchage/stsw-stsw_fmri_task-0_preproc-data-preproc-1169.git,git.mpib-berlin.mpg.de,0,1
swh:1:cnt:afb3d984b37c81625e5c780fb5604bff76705e61,afb3d984b37c81625e5c780fb5604bff76705e61,/ICAsetting20.fsf,https://github.com/CIMeC-MRI-Lab/ReStNeuMap,github.com,0,1
swh:1:cnt:afd9886152068f4979dd38a7366bf045f2a13be3,afd9886152068f4979dd38a7366bf045f2a13be3,/design.fsf,https://github.com/StevenM1/flashtask,github.com,1,0
swh:1:cnt:afdeeacd433b89150b16c7dfb3f6346a5a445e88,afdeeacd433b89150b16c7dfb3f6346a5a445e88,/beta02.fsf,https://github.com/dreibh/fractgen,github.com,1,0
swh:1:cnt:b027fd55a40b613adb4ffed9f59df56e744b3383,b027fd55a40b613adb4ffed9f59df56e744b3383,/preproc_1_3.fsf,https://bitbucket.org/sffeng/combray.git,bitbucket.org,1,0
swh:1:cnt:b03400ad779c5ed4d8a882071cd477e5b9bd2b1a,b03400ad779c5ed4d8a882071cd477e5b9bd2b1a,/training_design1.fsf,https://github.com/niblunc/bromocriptine,github.com,0,1
swh:1:cnt:b03db8b4f15f76c4e5c0ba721f9bf71124d69ba1,b03db8b4f15f76c4e5c0ba721f9bf71124d69ba1,/Starter-Locked.fsf,https://www.npmjs.com/package/ff-fes,www.npmjs.com,0,1
swh:1:cnt:b045ff857f9143b1af90e2d2959c21c5fae30cf7,b045ff857f9143b1af90e2d2959c21c5fae30cf7,/1118_run-4.fsf,https://git.mpib-berlin.mpg.de/LNDG/stateswitchage/stsw-stsw_fmri_task-0_preproc-data-preproc-1118.git,git.mpib-berlin.mpg.de,0,1
swh:1:cnt:b0ae80bb14b93f4f58ee90e61be1da09cefa46e9,b0ae80bb14b93f4f58ee90e61be1da09cefa46e9,/design.fsf,https://git.mpib-berlin.mpg.de/LNDG/stateswitchage/stsw-stsw_fmri_task-0_preproc-data-preproc-2160.git,git.mpib-berlin.mpg.de,0,1
swh:1:cnt:b0b619e72f93ae367600e2e69a42f911235d6033,b0b619e72f93ae367600e2e69a42f911235d6033,/design.fsf,https://github.com/lukassnoek/skbold,github.com,0,1
swh:1:cnt:b0eee47346a149b855f97e8da1b0bcf99ec63616,b0eee47346a149b855f97e8da1b0bcf99ec63616,/fsl_cf2_template_R.fsf,https://github.com/Jiazhouchen/con_frame,github.com,0,1
swh:1:cnt:b11043595fec31f11cfbcb7eda999b6ced3f7c58,b11043595fec31f11cfbcb7eda999b6ced3f7c58,/sub-16-run-03-analysis.fsf,https://github.com/AlexBowring/Software_Comparison,github.com,0,1
swh:1:cnt:b144ef62cddfba0b7eb1f7ba078eb2429e8fcd20,b144ef62cddfba0b7eb1f7ba078eb2429e8fcd20,/FragmenShader.fsf,https://github.com/aurumian/PortalRenderingOpenGL,github.com,0,1
swh:1:cnt:b15b5d2527c4a54329354162b68a8d368c322ebb,b15b5d2527c4a54329354162b68a8d368c322ebb,/Design_3rd_level.fsf,https://github.com/LingbinBian/BCPD_v1.0,github.com,0,1
swh:1:cnt:b183da58811b69502720f7fb5bc209d1b7d2a578,b183da58811b69502720f7fb5bc209d1b7d2a578,/SpectrumLibrary.fsf,https://github.com/SciAps/code,github.com,0,1
swh:1:cnt:b1deb827f17f7eb7bbf4c77daf21efd238bceb69,b1deb827f17f7eb7bbf4c77daf21efd238bceb69,/PPI_level1.fsf,https://github.com/htwangtw/depersonalisation,github.com,1,0
swh:1:cnt:b1ea7976c217abfd301aff0d9d388e0e26b1b557,b1ea7976c217abfd301aff0d9d388e0e26b1b557,/design.fsf,https://github.com/shruti-singh/brain_imaging_methods,github.com,0,1
swh:1:cnt:b2098821f6e0ace89279af3cd5715556429713a5,b2098821f6e0ace89279af3cd5715556429713a5,/design.fsf,https://github.com/pederisager/Opioid_Reward_fMRI,github.com,0,1
swh:1:cnt:b20ba11c6d1abcd711f6bb226ac10aefd70714c8,b20ba11c6d1abcd711f6bb226ac10aefd70714c8,/design_template.fsf,https://github.com/NYU-DiffusionMRI/MPPCAfmri,github.com,0,1
swh:1:cnt:b2314e5cf2e7a14a4a2888b7d6e39a661885696c,b2314e5cf2e7a14a4a2888b7d6e39a661885696c,/sub-12_run-02_level1.fsf,https://github.com/AlexBowring/SC2,github.com,1,0
swh:1:cnt:b23657de36f42174c573cec1dc99952c7a741802,b23657de36f42174c573cec1dc99952c7a741802,/sub-09-run-02-analysis.fsf,https://github.com/AlexBowring/Software_Comparison,github.com,1,0
swh:1:cnt:b24f403130027f2579996f903fc73bbd766a14ad,b24f403130027f2579996f903fc73bbd766a14ad,/ssica_task_09_run-27.fsf,https://github.com/DiedrichsenLab/Functional_Fusion,github.com,1,0
swh:1:cnt:b283a8ef1a821e059ba75acde1a4d1704171b123,b283a8ef1a821e059ba75acde1a4d1704171b123,/mu04.fsf,https://github.com/dreibh/fractgen,github.com,1,0
swh:1:cnt:b290ae87df19f72111ab3f5851e303a40c233d14,b290ae87df19f72111ab3f5851e303a40c233d14,/prestats_design_fndm2_20140826.fsf,https://github.com/PennBBL/itcImaging,github.com,1,0
swh:1:cnt:b2adbea8a832938c9754e693576164aba031463f,b2adbea8a832938c9754e693576164aba031463f,/single_encoding_ISR12_run2_set2_T23.fsf,https://github.com/QQXiao/ISR_2015,github.com,1,0
swh:1:cnt:b3310c538efd75d6b47ac5bb85dc7caa4b3ac462,b3310c538efd75d6b47ac5bb85dc7caa4b3ac462,/design.fsf,https://git.mpib-berlin.mpg.de/LNDG/stateswitchage/stsw-stsw_fmri_task-0_preproc-data-preproc-2108.git,git.mpib-berlin.mpg.de,1,0
swh:1:cnt:b3408de9f0789f0cf5e78a1a22ce9ef9bf7d3a1b,b3408de9f0789f0cf5e78a1a22ce9ef9bf7d3a1b,/cda008pst.fmri.taskCMG.run2.melodicFixNone_design.fsf,https://github.com/CVNRni/proj.jn.cda2,github.com,1,0
swh:1:cnt:b360694fe9e64103e8e281325ad01569f079a9f9,b360694fe9e64103e8e281325ad01569f079a9f9,/TBSS_otus.fsf,https://github.com/CarolynMcNabb/GUTMIC_pilot_analysis,github.com,0,1
swh:1:cnt:b364bc36c66ac15746a012f2421b2593bf5adae4,b364bc36c66ac15746a012f2421b2593bf5adae4,/design.fsf,https://github.com/Gracewx/marmoset_gradient,github.com,0,1
swh:1:cnt:b392a29b28d8cc2b3a48c43db349eb6209539645,b392a29b28d8cc2b3a48c43db349eb6209539645,/60_R4132_N60_elapsed_time.fsf,https://github.com/adamgeorgeturnbull/elapsed_time,github.com,1,0
swh:1:cnt:b3a81fe8a4a1c9d17218acc41fe82741f79fc81c,b3a81fe8a4a1c9d17218acc41fe82741f79fc81c,/feat_template_GLM1C_subject.fsf,https://github.com/denOudenLab/Algermissen2023NatComms,github.com,1,0
swh:1:cnt:b3c25df6be1db3524354dd478982b90fbff2368e,b3c25df6be1db3524354dd478982b90fbff2368e,/design_sub-G07S05.fsf,https://github.com/OpenNeuroDatasets/ds005731.git,github.com,1,0
swh:1:cnt:b3cac6293eee577919b176c08e174a8a19443ad4,b3cac6293eee577919b176c08e174a8a19443ad4,/ssica_task_03_run-32.fsf,https://github.com/DiedrichsenLab/Functional_Fusion,github.com,1,0
swh:1:cnt:b41462a27c1b4abbbbf48150bd836229e9348449,b41462a27c1b4abbbbf48150bd836229e9348449,/Release.fsf,https://github.com/supermk2/VHDL,github.com,0,1
swh:1:cnt:b444524f066f26824839fef7da357810596d6a64,b444524f066f26824839fef7da357810596d6a64,/feat_level_1_prf_03_sed.fsf,https://gitlab.com/ingo-m/texture.git,gitlab.com,0,1
swh:1:cnt:b44d14ad2dfc9ec85515613406c87544207d2b02,b44d14ad2dfc9ec85515613406c87544207d2b02,/feat_level_1_func_09.fsf,https://gitlab.com/ingo-m/PacMan.git,gitlab.com,1,0
swh:1:cnt:b48a9a614b88fb29e09b868bfaf8c44cf024a8fb,b48a9a614b88fb29e09b868bfaf8c44cf024a8fb,/aamod_tensorica_template.fsf,https://github.com/automaticanalysis/automaticanalysis,github.com,0,1
swh:1:cnt:b49605198238f11725658d50a1daad5553034e6b,b49605198238f11725658d50a1daad5553034e6b,/ds008_3runs_old.fsf,https://github.com/cphaneuf/psych808,github.com,1,0
swh:1:cnt:b498dc6dcf4a4ee54dfc01d268ddcbbd7f1a8a75,b498dc6dcf4a4ee54dfc01d268ddcbbd7f1a8a75,/design.fsf,https://git.mpib-berlin.mpg.de/LNDG/stateswitchage/stsw-stsw_fmri_rest-0_preproc.git,git.mpib-berlin.mpg.de,1,0
swh:1:cnt:b4f39363b1dcea83330eeac0a3ceddcb579a32b9,b4f39363b1dcea83330eeac0a3ceddcb579a32b9,/design.fsf,https://github.com/StevenM1/flashtask,github.com,1,0
swh:1:cnt:b520b88e27c080dc8351a10743b32bbdc35f81b2,b520b88e27c080dc8351a10743b32bbdc35f81b2,/single_encoding_ISR07_run2_set2_T23.fsf,https://github.com/QQXiao/ISR_2015,github.com,1,0
swh:1:cnt:b555b4dcb44d90be4be22619acbbd398abd40e08,b555b4dcb44d90be4be22619acbbd398abd40e08,/ssica_task_15_run-09.fsf,https://github.com/DiedrichsenLab/Functional_Fusion,github.com,1,0
swh:1:cnt:b558a960ef1cf53d3185f54a1fd915066fb24803,b558a960ef1cf53d3185f54a1fd915066fb24803,/design_sub-G13S04.fsf,https://github.com/OpenNeuroDatasets/ds005731.git,github.com,1,0
swh:1:cnt:b55eacbb8024a8e604c2fa8f69456276636cb0ec,b55eacbb8024a8e604c2fa8f69456276636cb0ec,/design.fsf,https://git.mpib-berlin.mpg.de/LNDG/stateswitchage/stsw-stsw_fmri_rest-0_preproc.git,git.mpib-berlin.mpg.de,1,0
swh:1:cnt:b5c03b9377c1092e9003e67bcbd9fe5abeb076ad,b5c03b9377c1092e9003e67bcbd9fe5abeb076ad,/single_encoding_ISR10_run2_set2_T18.fsf,https://github.com/QQXiao/ISR_2015,github.com,1,0
swh:1:cnt:b5d2c3b8e430ccb49ba6f724254028d2f1374a75,b5d2c3b8e430ccb49ba6f724254028d2f1374a75,/preprocessing.fsf,https://github.com/jeffmacinnes/TDLS_classify,github.com,1,0
swh:1:cnt:b5d563f80f976d1f401c6998070ccedf2f043ab1,b5d563f80f976d1f401c6998070ccedf2f043ab1,/omt106s01.fmri.taskFT.run2.melodicFixNone_design.fsf,https://github.com/CVNRni/proj.mh.cda1,github.com,1,0
swh:1:cnt:b5e05993fbd99c92f12cca1cf129276f4de323ff,b5e05993fbd99c92f12cca1cf129276f4de323ff,/ssica_task_19_run-02.fsf,https://github.com/DiedrichsenLab/Functional_Fusion,github.com,1,0
swh:1:cnt:b62ff5e9eb83a98f704740e697189daab0bb5415,b62ff5e9eb83a98f704740e697189daab0bb5415,/single_encoding_ISR20_run2_set2_T2.fsf,https://github.com/QQXiao/ISR_2015,github.com,1,0
swh:1:cnt:b642c9791b9557cd88c76deacecf3d2b6a1ca41d,b642c9791b9557cd88c76deacecf3d2b6a1ca41d,/sub-08_level2.fsf,https://github.com/oesteban/Software_Comparison,github.com,1,0
swh:1:cnt:b67807273c84373c43cb2ac3e6744a612e22cfed,b67807273c84373c43cb2ac3e6744a612e22cfed,/default.fsf,https://github.com/GraceGYZ/klspm,github.com,0,1
swh:1:cnt:b6910e10317547fe64dd3a0b63b2e8d30d726c98,b6910e10317547fe64dd3a0b63b2e8d30d726c98,/single_encoding_ISR14_run1_set1_T20.fsf,https://github.com/QQXiao/ISR_2015,github.com,1,0
swh:1:cnt:b69a384b0c6a4052a876c63452cad5fa0d2727b0,b69a384b0c6a4052a876c63452cad5fa0d2727b0,/designEff.fsf,https://github.com/salonikrishnan/SpeechAndBrainLab,github.com,0,1
swh:1:cnt:b6ed45392703bf81275421aae7f783280f240d67,b6ed45392703bf81275421aae7f783280f240d67,/design.fsf,https://git.fmrib.ox.ac.uk/fsl/pyfeeds-tests.git,git.fmrib.ox.ac.uk,0,1
swh:1:cnt:b6efa45072a240a204b735a3d080e7da19816d9c,b6efa45072a240a204b735a3d080e7da19816d9c,/R4052_S1_Run_3_N60_elapsed_time.fsf,https://github.com/adamgeorgeturnbull/elapsed_time,github.com,0,1
swh:1:cnt:b6f029ce453d9a64d20e0f732b24e3ade16d09d5,b6f029ce453d9a64d20e0f732b24e3ade16d09d5,/feat_template_reward-setback.fsf,https://github.com/mvantieghem/effort_reward_analysis_scripts,github.com,1,0
swh:1:cnt:b70b2a38a7fe7787ef67ebaeb2f0cd61ee9fd7a8,b70b2a38a7fe7787ef67ebaeb2f0cd61ee9fd7a8,/single_encoding_ISR03_run2_set1_T15.fsf,https://github.com/QQXiao/ISR_2015,github.com,1,0
swh:1:cnt:b740daa1effb92f7f609c911c9d308f215ccbc4a,b740daa1effb92f7f609c911c9d308f215ccbc4a,/gamma03.fsf,https://git.launchpad.net/ubuntu/ source/fractgen,git.launchpad.net,0,1
swh:1:cnt:b785ef6b1e838edc5a3b42c303dd9918679d18c7,b785ef6b1e838edc5a3b42c303dd9918679d18c7,/sub-02_level2_spm_drift.fsf,https://github.com/AlexBowring/SC2,github.com,1,0
swh:1:cnt:b7a829840ba9ede09b54acbcc46b5bf6186599f5,b7a829840ba9ede09b54acbcc46b5bf6186599f5,/single_encoding_ISR04_run1_set1_T4.fsf,https://github.com/QQXiao/ISR_2015,github.com,1,0
swh:1:cnt:b7ac9402267e19099f0c163f3072e115eaac3508,b7ac9402267e19099f0c163f3072e115eaac3508,/fsl_gfeat_general_adaptive_template.fsf,https://github.com/Jiazhouchen/fMRI_R,github.com,0,1
swh:1:cnt:b7c85d2c6597b0d0f8d825b55cd4691c9629992b,b7c85d2c6597b0d0f8d825b55cd4691c9629992b,/design3_unappEDxRate.fsf,https://github.com/jennyrgilb/choc_EDxRating,github.com,0,1
swh:1:cnt:b7d0916cfc3596d10bae2c0302f9663806b01cde,b7d0916cfc3596d10bae2c0302f9663806b01cde,/FaceReactivity1.fsf,https://github.com/jflournoy/sea_faces_trr,github.com,0,1
swh:1:cnt:b7e77e14078fe59c3a08ce26b4f2d962defed18c,b7e77e14078fe59c3a08ce26b4f2d962defed18c,/GLMCambridge.fsf,https://github.com/wanderine/ParametricSinglesubjectfMRI,github.com,1,1
swh:1:cnt:b7f17f2660a520d38b84ed1500d74b99f82f73f8,b7f17f2660a520d38b84ed1500d74b99f82f73f8,/single_test_ISR04_run1_set2_T2.fsf,https://github.com/QQXiao/ISR_2015,github.com,1,0
swh:1:cnt:b7f6d871f9b4337586d8b05a366a058e5d2ea8c8,b7f6d871f9b4337586d8b05a366a058e5d2ea8c8,/run_feat_RUN_01_IsochromaticLocalizer_series_6.fsf,https://github.com/bock42/UPennProjects,github.com,1,0
swh:1:cnt:b7fa9a1260646fb33d43925b1fe523b431e20a01,b7fa9a1260646fb33d43925b1fe523b431e20a01,/template_base.fsf,https://gitlab.com/aliyousefian/gunter-mri.git,gitlab.com,1,1
swh:1:cnt:b882d2286a4180c11c60129962cf5d0f42ce1b3a,b882d2286a4180c11c60129962cf5d0f42ce1b3a,/group_cope28.fsf,https://github.com/dunsmoorlab/gPPI,github.com,1,0
swh:1:cnt:b8d3083107ab18f726dffa504f8a5bc60f206619,b8d3083107ab18f726dffa504f8a5bc60f206619,/level2_template_sepworry.fsf,https://github.com/ceciwestbrook/WorryMindfulness,github.com,1,0
swh:1:cnt:b8d3774304ac136dd8b1091690fbfa63b2df89ab,b8d3774304ac136dd8b1091690fbfa63b2df89ab,/detrendpoly1.fsf,https://github.com/paola-g/fc_reproducibility,github.com,0,1
swh:1:cnt:b8f871898ca3404884ade9a5c65420cbc4aa208d,b8f871898ca3404884ade9a5c65420cbc4aa208d,/randomise_diff_over_time_fu-bl_x_group_motioncorr_agecorr_BMI.fsf,https://github.com/xdjwolf/ADI_preproc,github.com,0,1
swh:1:cnt:b905286391363e5780ca69f11571e97d9cda8580,b905286391363e5780ca69f11571e97d9cda8580,/design.fsf,https://github.com/StevenM1/flashtask,github.com,1,0
swh:1:cnt:b96126b3839266c692f26614cc2330cc71167be0,b96126b3839266c692f26614cc2330cc71167be0,/subj1042_task_run4.fsf,https://github.com/rrodriguezbarron/YC-Polarization,github.com,1,0
swh:1:cnt:b973eeb2611de5f4ea7bf34cdbd374fd14df5d3e,b973eeb2611de5f4ea7bf34cdbd374fd14df5d3e,/dsmat.fsf,https://github.com/orduek/kpe_task,github.com,1,1
swh:1:cnt:b999f5046221e07954e0d76653d0776146bcf7f2,b999f5046221e07954e0d76653d0776146bcf7f2,/w5.fsf,https://github.com/dreibh/rsplib,github.com,1,0
swh:1:cnt:b9aa3214aa1ca4d4aba8318b119acf4c29ac033a,b9aa3214aa1ca4d4aba8318b119acf4c29ac033a,/single_test_ISR18_run1_set2_T17.fsf,https://github.com/QQXiao/ISR_2015,github.com,1,0
swh:1:cnt:b9bb75c0b3743917540eebb3cf54248edf804b82,b9bb75c0b3743917540eebb3cf54248edf804b82,/L1_Soc_Act.fsf,https://github.com/DVS-Lab/PPI_ES_Testing,github.com,1,0
swh:1:cnt:b9eaebebe865f91171e890b17648c3d37efff20c,b9eaebebe865f91171e890b17648c3d37efff20c,/nuisanceNoG.fsf,https://github.com/conge/Scripts_for_NKI_TRT_paper,github.com,0,1
swh:1:cnt:ba0ccfcabdcb112f33ba884e6c4de7881996bcd1,ba0ccfcabdcb112f33ba884e6c4de7881996bcd1,/design.fsf,https://git.mpib-berlin.mpg.de/LNDG/stateswitchage/stsw-stsw_fmri_rest-0_preproc.git,git.mpib-berlin.mpg.de,1,0
swh:1:cnt:ba121eb17ef4ce829735b76cd787b01b5641a2b3,ba121eb17ef4ce829735b76cd787b01b5641a2b3,/template_DCAN_version_nback_level1_UPDATED_FINAL.fsf,https://github.com/DCAN-Labs/abcd-bids-tfmri-pipeline,github.com,1,0
swh:1:cnt:ba1b68773259e03a40ccf2ee8197ecf4c0b994f4,ba1b68773259e03a40ccf2ee8197ecf4c0b994f4,/p06_s2.fsf,https://github.com/sohaamir/aamir_vs_chris,github.com,1,0
swh:1:cnt:ba566424853223270e6857da2437501947760b0e,ba566424853223270e6857da2437501947760b0e,/sub-02_run-02_level1_afni_design.fsf,https://github.com/AlexBowring/SC2,github.com,1,0
swh:1:cnt:ba6a3e4826e010905e2352e91cdd41d8c461840a,ba6a3e4826e010905e2352e91cdd41d8c461840a,/regfunc2T1_noPURE.fsf,https://github.com/erinmaz/MRGFUS,github.com,0,1
swh:1:cnt:ba7bf0bae5f9d530f95db4629bb540fc14faa0d5,ba7bf0bae5f9d530f95db4629bb540fc14faa0d5,/ssica_task_10_run-30.fsf,https://github.com/DiedrichsenLab/Functional_Fusion,github.com,1,0
swh:1:cnt:ba83e09cba000b1f7ec15b29e889b84db9ee867e,ba83e09cba000b1f7ec15b29e889b84db9ee867e,/single_encoding_ISR13_run2_set1_T13.fsf,https://github.com/QQXiao/ISR_2015,github.com,1,0
swh:1:cnt:babdeedd86aca8265ebf4828505597e740d48e09,babdeedd86aca8265ebf4828505597e740d48e09,/dummy_nuisance_compcor_nofmap_regFix_5.0.10.fsf,https://github.com/jdkent/RestingState,github.com,1,0
swh:1:cnt:bb065b1bf37db87a202842544f526214dfb161cb,bb065b1bf37db87a202842544f526214dfb161cb,/design_template_lev3.fsf,https://github.com/churchlabUT/twinbrains,github.com,0,1
swh:1:cnt:bb30bbf68ea8777b68009e6f172a155a0cb9d7b1,bb30bbf68ea8777b68009e6f172a155a0cb9d7b1,/FIR_run08_5mm.fsf,https://github.com/gkaguirrelab/fmriMelanopsinMRIAnalysis,github.com,1,0
swh:1:cnt:bbb6cea737094b7cd436f9773944a41664decfa6,bbb6cea737094b7cd436f9773944a41664decfa6,/design_sub-G04S06.fsf,https://github.com/OpenNeuroDatasets/ds005731.git,github.com,1,0
swh:1:cnt:bc0f2f7f80bee76007d4b7768f7dab091f2b02a5,bc0f2f7f80bee76007d4b7768f7dab091f2b02a5,/feat_level_1_func_08.fsf,https://github.com/ingo-m/lgn_prf,github.com,1,0
swh:1:cnt:bc3042d1be38979f220333afa5f687665625d645,bc3042d1be38979f220333afa5f687665625d645,/design.fsf,https://github.com/StevenM1/flashtask,github.com,1,0
swh:1:cnt:bc513576c67e2f51f439dce4f196ec67c8c92877,bc513576c67e2f51f439dce4f196ec67c8c92877,/design.fsf,https://github.com/Athanasiamo/VisMRI,github.com,0,1
swh:1:cnt:bc8cee5f3da98a9dd0d9537eb0503c305df45c70,bc8cee5f3da98a9dd0d9537eb0503c305df45c70,/L2_WM_Act.fsf,https://github.com/DVS-Lab/PPI_ES_Testing,github.com,0,1
swh:1:cnt:bcb4ee0d4535bbaa59f5f1d21764f093b5f3e8a1,bcb4ee0d4535bbaa59f5f1d21764f093b5f3e8a1,/ssica_task_29_run-29.fsf,https://github.com/DiedrichsenLab/Functional_Fusion,github.com,1,0
swh:1:cnt:bce2b6e695f5040a79b5c4557bec06f3fc89f179,bce2b6e695f5040a79b5c4557bec06f3fc89f179,/ViceVersa JP Macros Sync Profile.fsf,https://github.com/jessepav/jedit-macros,github.com,0,1
swh:1:cnt:bce686abf0d152acbab88adda94d410e4bef9eee,bce686abf0d152acbab88adda94d410e4bef9eee,/otus.fsf,https://github.com/crodsob/GutBrainGABA,github.com,0,1
swh:1:cnt:bd42f6070c0fe1b5b2c165c0c86eed08d0d81d6e,bd42f6070c0fe1b5b2c165c0c86eed08d0d81d6e,/design.fsf,https://github.com/StevenM1/flashtask,github.com,1,0
swh:1:cnt:bd569625c7823c8ebb3d2e13483337f47a33c943,bd569625c7823c8ebb3d2e13483337f47a33c943,/sub-02_run-03_level1.fsf,https://github.com/AlexBowring/SC2,github.com,1,0
swh:1:cnt:bd7c655b52266219ee72bc237f7eb1d2090b6695,bd7c655b52266219ee72bc237f7eb1d2090b6695,/sub-15_level2.fsf,https://github.com/AlexBowring/Software_Comparison,github.com,1,0
swh:1:cnt:bd84b8608c9ffcacd3c402f29b31688884820cad,bd84b8608c9ffcacd3c402f29b31688884820cad,/sub-27_level2_amended.fsf,https://github.com/AlexBowring/Software_Comparison,github.com,1,0
swh:1:cnt:bdde444eca7b37c064aac76b3733f4e9eed076d5,bdde444eca7b37c064aac76b3733f4e9eed076d5,/~temp.fsf,https://github.com/beomjin-ahn/COSE433,github.com,0,1
swh:1:cnt:bddea8c6ba1c82a7a41072472251bea3bcb86f75,bddea8c6ba1c82a7a41072472251bea3bcb86f75,/subj1009_task_run3.fsf,https://github.com/rrodriguezbarron/YC-Polarization,github.com,1,0
swh:1:cnt:bdf2e5a24376f76e5f5d1571186ade8329184158,bdf2e5a24376f76e5f5d1571186ade8329184158,/feat_level_2_target.fsf,https://github.com/ingo-m/surface,github.com,1,0
swh:1:cnt:bdf66eca0ccaaa579093f154782df82378c2de3b,bdf66eca0ccaaa579093f154782df82378c2de3b,/design.fsf,https://github.com/pederisager/Opioid_Reward_fMRI,github.com,1,0
swh:1:cnt:be1f4e8d2d560afff79fbf4dbdc0e8e674eafc6a,be1f4e8d2d560afff79fbf4dbdc0e8e674eafc6a,/single_test_ISR09_run2_set2_T9.fsf,https://github.com/QQXiao/ISR_2015,github.com,1,0
swh:1:cnt:be312dd2c4d68d373779701052274cea9804a0e6,be312dd2c4d68d373779701052274cea9804a0e6,/ica_tfMRI_SST1_hp200_s4_level1.fsf,https://github.com/DCAN-Labs/abcd_task_prep,github.com,1,0
swh:1:cnt:be566fa64bdf274dd018ea3537e467dcaf3d67da,be566fa64bdf274dd018ea3537e467dcaf3d67da,/design_sub-G09S05.fsf,https://github.com/OpenNeuroDatasets/ds005731.git,github.com,1,0
swh:1:cnt:be825519bc58f2eb0f6f6936b8a3d73024250598,be825519bc58f2eb0f6f6936b8a3d73024250598,/worldcamera.fsf,https://github.com/phs008/PrismSolution,github.com,0,1
swh:1:cnt:be883c6f9823d1c2323aa00be641c013046d5d14,be883c6f9823d1c2323aa00be641c013046d5d14,/input-082.fsf,https://github.com/dreibh/rsplib,github.com,1,0
swh:1:cnt:be8a0c035ea8815b1aa9ad3b2e85b0efa26440ff,be8a0c035ea8815b1aa9ad3b2e85b0efa26440ff,/generic_firstlevel_stop_noscrub.fsf,https://github.com/sarhen907/fmri-preprocessing-stopsignal,github.com,0,1
swh:1:cnt:beab730b8b69b22fb65a125e40e134e79c4c6cb6,beab730b8b69b22fb65a125e40e134e79c4c6cb6,/1173_run-1.fsf,https://git.mpib-berlin.mpg.de/LNDG/stateswitchage/stsw-stsw_fmri_task-0_preproc-data-preproc-1173.git,git.mpib-berlin.mpg.de,0,1
swh:1:cnt:bebf8788ec80c2e6e0d9b5b546a7486fc91b833a,bebf8788ec80c2e6e0d9b5b546a7486fc91b833a,/TwoCol2_BDI_AAI_1.fsf,http://att-program.googlecode.com/svn/,att-program.googlecode.com,0,1
swh:1:cnt:bec70a03bdb0f30691beb62b806a4912f0d9637c,bec70a03bdb0f30691beb62b806a4912f0d9637c,/single_test_ISR15_run1_set1_T24.fsf,https://github.com/QQXiao/ISR_2015,github.com,1,0
swh:1:cnt:becf31d27841c9605aa7b78b5d209cdcb6dbd292,becf31d27841c9605aa7b78b5d209cdcb6dbd292,/sub-01_run-02_level1_afni_drift.fsf,https://github.com/AlexBowring/SC2,github.com,1,0
swh:1:cnt:bee655c49d772c0a04b28df4f53894dfc4bce36b,bee655c49d772c0a04b28df4f53894dfc4bce36b,/debug.fsf,https://github.com/glennlopez/DIGI-2224,github.com,0,1
swh:1:cnt:bf0084f2c2e85a4f8bb9687c5e5fa5ba634c95d5,bf0084f2c2e85a4f8bb9687c5e5fa5ba634c95d5,/design_sub-G19S02_runC.fsf,https://github.com/OpenNeuroDatasets/ds005731.git,github.com,1,0
swh:1:cnt:bf055642d470882b4df92e4a23080997c2d3f669,bf055642d470882b4df92e4a23080997c2d3f669,/GLMOulu.fsf,https://github.com/PAmcconnell/ParametricMultisubjectfMRI,github.com,0,1
swh:1:cnt:bf091851c6258311fb2b437f0753bdf66e329e40,bf091851c6258311fb2b437f0753bdf66e329e40,/lssTemplate.fsf,https://github.com/pab2163/amygdala_mpfc_multiverse,github.com,0,1
swh:1:cnt:bf13b142a3182beac4c27dd5288f9360faabf6ab,bf13b142a3182beac4c27dd5288f9360faabf6ab,/FEAT_FOBSLoc.fsf,http://adaptid.googlecode.com/svn/,adaptid.googlecode.com,0,1
swh:1:cnt:bf796729f8dd0805a609772345cc2c3d280cda40,bf796729f8dd0805a609772345cc2c3d280cda40,/feat_design_template.fsf,https://github.com/esfinn/repository,github.com,0,1
swh:1:cnt:bf9724c3f88144d78243232ca0ecf652b457f68b,bf9724c3f88144d78243232ca0ecf652b457f68b,/typetest15.fsf,https://bitbucket.org/vmacbuche/f-safe.git,bitbucket.org,1,0
swh:1:cnt:bfd0eea9b439a01714b7812ae0d8e85112bd22ec,bfd0eea9b439a01714b7812ae0d8e85112bd22ec,/2008_wave_1.fsf,https://github.com/alexgoldsmith/Thesis,github.com,0,1
swh:1:cnt:c0013569d487d925593ea169c0ce9bcbbb4b3f4e,c0013569d487d925593ea169c0ce9bcbbb4b3f4e,/single_test_ISR21_run2_set1_T19.fsf,https://github.com/QQXiao/ISR_2015,github.com,1,0
swh:1:cnt:c0061705276ec37b650537b4b8bb7da13c436e96,c0061705276ec37b650537b4b8bb7da13c436e96,/ffa_design.fsf,https://github.com/bpoldrack/datalad-hirni,github.com,0,1
swh:1:cnt:c017343e6beea738c72b1a49af2adb396445aa8a,c017343e6beea738c72b1a49af2adb396445aa8a,/L1_WM_PPI_fixed.fsf,https://github.com/DVS-Lab/ppi-effect-sizes,github.com,1,0
swh:1:cnt:c01c25b8658907b5643a3a5c7499ba854b235f51,c01c25b8658907b5643a3a5c7499ba854b235f51,/wb1_melodic_learnable_7mm_run3_iter1.fsf,https://bitbucket.org/dpat/tools.git,bitbucket.org,1,0
swh:1:cnt:c04890be411bde7a028c9f5988b7af76b060b80a,c04890be411bde7a028c9f5988b7af76b060b80a,/secondlevel_MID_design.fsf,https://github.com/sarhen907/fmri-preprocessing-MID,github.com,0,1
swh:1:cnt:c060ddefca2d043d60ed9208f033a775df16baf0,c060ddefca2d043d60ed9208f033a775df16baf0,/._level1_template-GLM-MF-19-L-noaction.fsf,https://github.com/munoztd0/OBIWAN,github.com,0,1
swh:1:cnt:c09623eaba8dbb11900c7e4629a2c476333033d5,c09623eaba8dbb11900c7e4629a2c476333033d5,/design.fsf,https://github.com/thewangshu/BrainImaging,github.com,0,1
swh:1:cnt:c0ac4fb3ae2e1497f3b3fc5cb5708b18ae5debce,c0ac4fb3ae2e1497f3b3fc5cb5708b18ae5debce,/cda104pre.fmri.taskCMG.run6.melodicFixNone_design.fsf,https://github.com/CVNRni/proj.jn.cda2,github.com,1,0
swh:1:cnt:c10c7da6ad458f9457a59871521412626edea742,c10c7da6ad458f9457a59871521412626edea742,/1173_run-3.fsf,https://git.mpib-berlin.mpg.de/LNDG/stateswitchage/stsw-stsw_fmri_task-0_preproc-data-preproc-1173.git,git.mpib-berlin.mpg.de,1,0
swh:1:cnt:c15d434f243ee85db6b66a1518f18abb36c3b63a,c15d434f243ee85db6b66a1518f18abb36c3b63a,/design.fsf,https://github.com/pederisager/Opioid_Reward_fMRI,github.com,1,0
swh:1:cnt:c1e6d247ce7ad03991f0c05dee8ce0b9ba71e94e,c1e6d247ce7ad03991f0c05dee8ce0b9ba71e94e,/output_testfirstlevel.fsf,https://github.com/chris-langfield/fslfeatsetup,github.com,0,1
swh:1:cnt:c1ed98ecec7eb0bf0e1dcbcbdd58c69f477c17c1,c1ed98ecec7eb0bf0e1dcbcbdd58c69f477c17c1,/design_run1.fsf,https://github.com/MahmoudRabea13/fMRI_fsl,github.com,0,1
swh:1:cnt:c201766d9f92d8d2ef7aec65f39d71ed1c4a88b1,c201766d9f92d8d2ef7aec65f39d71ed1c4a88b1,/cda011pre.fmri.taskCMG.run3.melodicFixNone_design.fsf,https://github.com/CVNRni/proj.jn.cda2,github.com,1,0
swh:1:cnt:c2faccdeac852050e4477c1aa89b3b0aeb98c8b6,c2faccdeac852050e4477c1aa89b3b0aeb98c8b6,/design.fsf,https://github.com/StevenM1/flashtask,github.com,1,0
swh:1:cnt:c334ef1b13f1942a58976123a5805862920ede76,c334ef1b13f1942a58976123a5805862920ede76,/design_lang_default.fsf,https://github.com/smtran/thesis,github.com,0,1
swh:1:cnt:c362765683be0368b0f6191f3163f978fea55c9b,c362765683be0368b0f6191f3163f978fea55c9b,/design.fsf,https://github.com/StevenM1/flashtask,github.com,1,0
swh:1:cnt:c36f4d74ac172f89ece994bc00495878aeaeec32,c36f4d74ac172f89ece994bc00495878aeaeec32,/corrupt.fsf,https://github.com/mcordell/fsl_tools,github.com,0,1
swh:1:cnt:c3994bc3707a028c382559274fe7a5ca1ce5b87a,c3994bc3707a028c382559274fe7a5ca1ce5b87a,/run_feat_RUN_08_LMS_series_13.fsf,https://github.com/bock42/UPennProjects,github.com,0,1
swh:1:cnt:c3c5668cdda3b975e1d7fdad545c2aacf291886e,c3c5668cdda3b975e1d7fdad545c2aacf291886e,/melodic_template.fsf,https://github.com/SebastianSpeer/spynoza,github.com,0,1
swh:1:cnt:c3d01992c08d5ddc8ed6e2c31cbb77336c736dc2,c3d01992c08d5ddc8ed6e2c31cbb77336c736dc2,/Cam-CAN_design_TASK.fsf,https://github.com/leohuang4977/tvb-ukbb,github.com,0,1
swh:1:cnt:c3ee7352d46c69142d4490130c5115f52f292810,c3ee7352d46c69142d4490130c5115f52f292810,/setup_feat.fsf,https://github.com/AbebaYz/NI-edu,github.com,0,1
swh:1:cnt:c43dde35e473d746fec35d6fbe61218ad2dbd82b,c43dde35e473d746fec35d6fbe61218ad2dbd82b,/design.fsf,https://github.com/StevenM1/flashtask,github.com,1,0
swh:1:cnt:c51bd18956561c7434939117a4b1a27cba7645a3,c51bd18956561c7434939117a4b1a27cba7645a3,/design.fsf,https://github.com/OpenNeuroDatasets/ds005978.git,github.com,0,1
swh:1:cnt:c56bc94cb84b3e04aff326dabdcb807ebd30fe17,c56bc94cb84b3e04aff326dabdcb807ebd30fe17,/design2.fsf,https://git.fmrib.ox.ac.uk/acates/7dp_code.git,git.fmrib.ox.ac.uk,0,1
swh:1:cnt:c58f6b81bf4e7f3c5c0a2d37c1bef9ed1f2d43ea,c58f6b81bf4e7f3c5c0a2d37c1bef9ed1f2d43ea,/single_encoding_ISR01_run2_set2_T18.fsf,https://github.com/QQXiao/ISR_2015,github.com,1,0
swh:1:cnt:c5d347d9d8d154b6c473f6ba9c13bf349b7adf9b,c5d347d9d8d154b6c473f6ba9c13bf349b7adf9b,/test-learning.fsf,https://github.com/BlackBindy/neuroevolution-ai-on-danurivr,github.com,1,0
swh:1:cnt:c5dcf0613e35fb1cf448f0c59744d0ac86b4cf5b,c5dcf0613e35fb1cf448f0c59744d0ac86b4cf5b,/single_encoding_ISR19_run1_set2_T19.fsf,https://github.com/QQXiao/ISR_2015,github.com,1,0
swh:1:cnt:c5ec27e65ae11f9e1017d5a94c9cae68f10d6994,c5ec27e65ae11f9e1017d5a94c9cae68f10d6994,/lss_acquisition_template.fsf,https://github.com/dunsmoorlab/gPPI,github.com,1,0
swh:1:cnt:c63337af3e2dc809f145b14dacb9381efe07a382,c63337af3e2dc809f145b14dacb9381efe07a382,/design_sub-G20S03_runB.fsf,https://github.com/OpenNeuroDatasets/ds005731.git,github.com,1,0
swh:1:cnt:c6696e2c8917f9f73e56547dc515f994ce0326a2,c6696e2c8917f9f73e56547dc515f994ce0326a2,/design.fsf,https://git.mpib-berlin.mpg.de/LNDG/stateswitchage/stsw-stsw_fmri_task-0_preproc-data-preproc-2211.git,git.mpib-berlin.mpg.de,0,1
swh:1:cnt:c6753918b105c376353205c7a0de56adb20183ce,c6753918b105c376353205c7a0de56adb20183ce,/design3_137.fsf,https://github.com/niblunc/bbx,github.com,0,1
swh:1:cnt:c6b08fa7a4274a3d05202cd0e311f062c8ebea5a,c6b08fa7a4274a3d05202cd0e311f062c8ebea5a,/omt106s02.fmri.taskFT.run2.melodicFixNone_design.fsf,https://github.com/kmcgregor123456/proj.mh.cda2,github.com,1,0
swh:1:cnt:c6ea3971e6a076f62d683a142ec157039045b9bf,c6ea3971e6a076f62d683a142ec157039045b9bf,/single_encoding_ISR14_run2_set1_T17.fsf,https://github.com/QQXiao/ISR_2015,github.com,1,0
swh:1:cnt:c72d9795425a87ec18f47f4b498c51a05b9e42fa,c72d9795425a87ec18f47f4b498c51a05b9e42fa,/design.fsf,https://git.mpib-berlin.mpg.de/LNDG/stateswitchage/stsw-stsw_fmri_task-0_preproc-data-preproc-1223.git,git.mpib-berlin.mpg.de,1,0
swh:1:cnt:c74622e1f685a642e5dd72de198e53826c4ac92f,c74622e1f685a642e5dd72de198e53826c4ac92f,/KochCurve.fsf,https://github.com/dbr176/LSystems-2,github.com,1,0
swh:1:cnt:c7768fcc2ed9929e67e30f78b57c396ce926cc80,c7768fcc2ed9929e67e30f78b57c396ce926cc80,/FIR_run09_raw.fsf,https://github.com/gkaguirrelab/fmriMelanopsinMRIAnalysis,github.com,1,0
swh:1:cnt:c7974713ee83a03cc8fb9a771ef609e8eb481378,c7974713ee83a03cc8fb9a771ef609e8eb481378,/2ndlevel_design.fsf,https://github.com/adswa/localizer,github.com,1,0
swh:1:cnt:c7e0be3387a3db226a267ab53edcf8255bd41719,c7e0be3387a3db226a267ab53edcf8255bd41719,/single_test_ISR16_run2_set2_T2.fsf,https://github.com/QQXiao/ISR_2015,github.com,1,0
swh:1:cnt:c7e65adcaaa6da4372d41da1e72ff664627d5bc5,c7e65adcaaa6da4372d41da1e72ff664627d5bc5,/single_encoding_ISR07_run1_set2_T24.fsf,https://github.com/QQXiao/ISR_2015,github.com,1,0
swh:1:cnt:c82aa316c60611c87548889d59f57db6f8fc46fa,c82aa316c60611c87548889d59f57db6f8fc46fa,/omt315s01.fmri.taskFT.run4.melodicFixNone_design.fsf,https://github.com/CVNRni/proj.mh.cda1,github.com,1,0
swh:1:cnt:c8566196177cc9749c15945ae00bc969f22396bd,c8566196177cc9749c15945ae00bc969f22396bd,/sub-09_run-1_level1.fsf,https://github.com/pab2163/danl_mri_workshop,github.com,1,0
swh:1:cnt:c89abf6822457723b4d69e6eb4de3d5abd7484c7,c89abf6822457723b4d69e6eb4de3d5abd7484c7,/C_feat_template.fsf,https://github.com/AlistairPerry/EYEMEM_repo,github.com,0,1
swh:1:cnt:c95336b4c417ded2bdb7bdb89319fa594ef1428e,c95336b4c417ded2bdb7bdb89319fa594ef1428e,/design_r3.fsf,https://github.com/afamiliar/fmri_analysis,github.com,0,1
swh:1:cnt:c95aa0cfc9bcd0efc285e97e335036367d0476ab,c95aa0cfc9bcd0efc285e97e335036367d0476ab,/eingabe046.fsf,https://github.com/dreibh/rsplib,github.com,1,0
swh:1:cnt:c964c1916f87b68d98c144c0b2ec407586a4f788,c964c1916f87b68d98c144c0b2ec407586a4f788,/single_test_ISR05_run2_set2_T18.fsf,https://github.com/QQXiao/ISR_2015,github.com,1,0
swh:1:cnt:c97caa899485d12f7b7c4cbafde4d7c907e99c9b,c97caa899485d12f7b7c4cbafde4d7c907e99c9b,/sample_groupcomp_RightIFG_design.fsf,https://doi.org/10.5281/zenodo.14834337,doi.org,0,1
swh:1:cnt:c9f23c82ecb08e297e81b856ffb9e8ca11764e80,c9f23c82ecb08e297e81b856ffb9e8ca11764e80,/melodic_design_template.fsf,https://github.com/atruji/SeeleyToolbox,github.com,0,1
swh:1:cnt:ca35528eae015d16b49c29b3f79e96f03ba05ba0,ca35528eae015d16b49c29b3f79e96f03ba05ba0,/Template_preprocessing.fsf,https://github.com/emma-biggs/SPRINT-preproc,github.com,0,1
swh:1:cnt:ca4ceabb2c3af729d1d3a6a5d95fd92545db5a91,ca4ceabb2c3af729d1d3a6a5d95fd92545db5a91,/group_cope23.fsf,https://github.com/dunsmoorlab/gPPI,github.com,1,0
swh:1:cnt:cadb1163d1d0e2273d314f116c55fb6a83572eea,cadb1163d1d0e2273d314f116c55fb6a83572eea,/design.fsf,https://github.com/jokedurnez/RequiredEffectSize,github.com,0,1
swh:1:cnt:cb1134e8a8267f806942b9e5636fad246ed98476,cb1134e8a8267f806942b9e5636fad246ed98476,/1247_run-3.fsf,https://git.mpib-berlin.mpg.de/LNDG/stateswitchage/stsw-stsw_fmri_task-0_preproc-data-preproc-1247.git,git.mpib-berlin.mpg.de,0,1
swh:1:cnt:cb21e09fd69ee8d812fcb6f3384eb219dbcd73c5,cb21e09fd69ee8d812fcb6f3384eb219dbcd73c5,/hband.fsf,https://github.com/DrDrake/osghimmel,github.com,0,1
swh:1:cnt:cb23922a82c339a0e055ab6562187150b889cdaf,cb23922a82c339a0e055ab6562187150b889cdaf,/design_fla_template.fsf,https://github.com/xroll174/pipelines,github.com,0,1
swh:1:cnt:cb2946a25b79dad664c4b9c7efc26a692f14136d,cb2946a25b79dad664c4b9c7efc26a692f14136d,/default.fsf,https://github.com/tnez/pbs_feat,github.com,0,1
swh:1:cnt:cb3c9d2a867188397c8f8b10acbedff639d16c11,cb3c9d2a867188397c8f8b10acbedff639d16c11,/loc_categoryGLM_design.fsf,https://github.com/BiyuHeLab/NatCommun_Levinson2021,github.com,1,1
swh:1:cnt:cb6b0210f4a320c9bf194594805a2d10992f1820,cb6b0210f4a320c9bf194594805a2d10992f1820,/sub-01_SS_run02.fsf,https://github.com/dot-het/Fundamentals-in-Brain-Imaging_module,github.com,0,1
swh:1:cnt:cb97f6a226ec6b1ad83de6e2b8023e67210ef53b,cb97f6a226ec6b1ad83de6e2b8023e67210ef53b,/~temp.fsf,https://github.com/BlackBindy/neuroevolution-ai-on-danurivr,github.com,1,0
swh:1:cnt:cba78e1e2adb0908e0e9766639871bb21a2d2f48,cba78e1e2adb0908e0e9766639871bb21a2d2f48,/2DShader.fsf,https://github.com/samueldong-us/SimplePong,github.com,0,1
swh:1:cnt:cbcf1d364d520ecc4a24aafde5fdd140376a3b90,cbcf1d364d520ecc4a24aafde5fdd140376a3b90,/design.fsf,https://github.com/pederisager/Opioid_Reward_fMRI,github.com,1,0
swh:1:cnt:cbe9cae72fd71e1376708a92672818e7c7d4c35b,cbe9cae72fd71e1376708a92672818e7c7d4c35b,/1151_run-3.fsf,https://git.mpib-berlin.mpg.de/LNDG/stateswitchage/stsw-stsw_fmri_task-0_preproc-data-preproc-1151.git,git.mpib-berlin.mpg.de,0,1
swh:1:cnt:cc0766a81aa05a24ea5a2cf85425e8008fa76c04,cc0766a81aa05a24ea5a2cf85425e8008fa76c04,/design.fsf,https://github.com/datalad/hcp-100307-test,github.com,1,0
swh:1:cnt:cc09bea46a3be0a3ae849b9209d08a39fa907f84,cc09bea46a3be0a3ae849b9209d08a39fa907f84,/2215_run-4.fsf,https://git.mpib-berlin.mpg.de/LNDG/stateswitchage/stsw-stsw_fmri_task-0_preproc-data-preproc-2215.git,git.mpib-berlin.mpg.de,0,1
swh:1:cnt:cc48f0be34fda230ca5564af8f035b0da8a8155a,cc48f0be34fda230ca5564af8f035b0da8a8155a,/single_encoding_ISR05_run2_set2_T9.fsf,https://github.com/QQXiao/ISR_2015,github.com,1,0
swh:1:cnt:cc5f6f4b6413509a395f0655c09ad902990e102c,cc5f6f4b6413509a395f0655c09ad902990e102c,/design.fsf,https://github.com/StevenM1/flashtask,github.com,1,0
swh:1:cnt:cc79ab86040b11f9a03712640364448c2b77a491,cc79ab86040b11f9a03712640364448c2b77a491,/eingabe036.fsf,https://github.com/dreibh/rsplib,github.com,1,0
swh:1:cnt:cca197dd498bab1f9dd2e86c533210e0d24f2114,cca197dd498bab1f9dd2e86c533210e0d24f2114,/single_encoding_ISR07_run1_set1_T5.fsf,https://github.com/QQXiao/ISR_2015,github.com,1,0
swh:1:cnt:cca269f021c9ebde0eef71063d9872aeaa43fd57,cca269f021c9ebde0eef71063d9872aeaa43fd57,/feat_pipeline_preprocessing_003.fsf,https://github.com/jasperhajonides/preprocessing_pipeline_fmri,github.com,0,1
swh:1:cnt:ccc82b8043978b9cf8b47c446d8909d009bb7919,ccc82b8043978b9cf8b47c446d8909d009bb7919,/ss_ica_cluster_template.fsf,https://github.com/CharliesAngels/rs_tools,github.com,0,1
swh:1:cnt:ccdb32cb1ad77066eae9aa6aa2c575753e6a4682,ccdb32cb1ad77066eae9aa6aa2c575753e6a4682,/design.fsf,https://github.com/StevenM1/flashtask,github.com,1,0
swh:1:cnt:ccdcef7b5f4a45742f53dfbbbf0d971b48f9f916,ccdcef7b5f4a45742f53dfbbbf0d971b48f9f916,/design.fsf,https://github.com/Manukapp/fibmus,github.com,0,1
swh:1:cnt:cce440e4cd0518d0ca36bfc18c45ab726fcf6bfc,cce440e4cd0518d0ca36bfc18c45ab726fcf6bfc,/delay_L1_template_sepload.fsf,https://github.com/LabNeuroCogDevel/SzAttWMproc,github.com,0,1
swh:1:cnt:cd02a4baa17b4883f347e8b5051afca8323a0b2d,cd02a4baa17b4883f347e8b5051afca8323a0b2d,/L1_task-sonet_model-01.fsf,https://github.com/fareri-lab/Social_Habituation,github.com,1,1
swh:1:cnt:cd599ddfe50c5d7ede00d7d97b2d433b622cbfc0,cd599ddfe50c5d7ede00d7d97b2d433b622cbfc0,/single_test_ISR17_run2_set2_T16.fsf,https://github.com/QQXiao/ISR_2015,github.com,1,0
swh:1:cnt:cd610298a7d9ed46e6013492a395f0280ee9faee,cd610298a7d9ed46e6013492a395f0280ee9faee,/sub-22_run-01_level1.fsf,https://github.com/AlexBowring/SC2,github.com,1,0
swh:1:cnt:cdc4cc1e159f63f508561357bd866f5c464b58b2,cdc4cc1e159f63f508561357bd866f5c464b58b2,/TwoCol11_BDI_AAI_1.fsf,http://att-program.googlecode.com/svn/,att-program.googlecode.com,1,0
swh:1:cnt:cdc67730962f900f0ac78b861ebfcfb8ed4160f4,cdc67730962f900f0ac78b861ebfcfb8ed4160f4,/single_test_ISR05_run2_set2_T6.fsf,https://github.com/QQXiao/ISR_2015,github.com,1,0
swh:1:cnt:cdcd456f81ae37198537a1279583ce654565438c,cdcd456f81ae37198537a1279583ce654565438c,/1228_rest.fsf,https://git.mpib-berlin.mpg.de/LNDG/stateswitchage/stsw-stsw_fmri_rest-0_preproc.git,git.mpib-berlin.mpg.de,1,0
swh:1:cnt:cde1647cda24868dcbda04af216dc0875466045f,cde1647cda24868dcbda04af216dc0875466045f,/localizer-run1.fsf,https://github.com/CompSocNeuroGroup/Naturalistic-TMS,github.com,0,1
swh:1:cnt:ce4b8322743d99435d3a20a193c9761a4a7c03fb,ce4b8322743d99435d3a20a193c9761a4a7c03fb,/MID_template.fsf,https://github.com/nmra-kanderson/canbind,github.com,0,1
swh:1:cnt:ce72de9e091bd0c93d39c41f2d27c5162a6e85e7,ce72de9e091bd0c93d39c41f2d27c5162a6e85e7,/Beni_DF.mot.fsf,https://github.com/HaHoan/FCT_FUJI_FLORA,github.com,0,1
swh:1:cnt:ce7596da04529f0e2bcf1db757f4935dde31890c,ce7596da04529f0e2bcf1db757f4935dde31890c,/Higher_level_analysis.fsf,https://github.com/anmaikul/Foundations-Capstone-Project,github.com,0,1
swh:1:cnt:cecc3241348e077eda90841228b517bcb2b6a23b,cecc3241348e077eda90841228b517bcb2b6a23b,/preproc_28_0.fsf,https://bitbucket.org/sffeng/combray.git,bitbucket.org,1,0
swh:1:cnt:cecc5e3ab889eab6ccbe4ba0bd418887a9af6616,cecc5e3ab889eab6ccbe4ba0bd418887a9af6616,/release.fsf,https://bitbucket.org/gataninc/software_4x35_genesis521.git,bitbucket.org,1,0
swh:1:cnt:cf3c85d416b52caa4e6d864a48cab1907682a3ec,cf3c85d416b52caa4e6d864a48cab1907682a3ec,/design.fsf,https://github.com/pederisager/Opioid_Reward_fMRI,github.com,1,0
swh:1:cnt:cf42ed2eb4d2fae7c3c47db4e64614702ef782bc,cf42ed2eb4d2fae7c3c47db4e64614702ef782bc,/sub-08_ses-001_task-blockStim_run-001_VASO_conv.fsf,https://github.com/OpenNeuroDatasets/ds004539.git,github.com,0,1
swh:1:cnt:cf43e3596b8376df01645eb4dba6b06e10d0d214,cf43e3596b8376df01645eb4dba6b06e10d0d214,/Nairoby.fsf,https://github.com/matiasramajo/nairotech,github.com,0,1
swh:1:cnt:cf5091ca4b29542e98e8aca9d8c5913992a4abfc,cf5091ca4b29542e98e8aca9d8c5913992a4abfc,/template_l2.fsf,https://github.com/jflournoy/hcpd_tfMRI_CARIT,github.com,0,1
swh:1:cnt:cf58428d00ef4f5b0d861acaa8b3979e4659feb9,cf58428d00ef4f5b0d861acaa8b3979e4659feb9,/run_feat_RUN_01_IsochromaticLocalizer_series_7.fsf,https://github.com/bock42/UPennProjects,github.com,1,0
swh:1:cnt:cf9fc451a7793078ac3cbb172e8bda128013672a,cf9fc451a7793078ac3cbb172e8bda128013672a,/L3_unchangedAVWdata.fsf,https://github.com/DVS-Lab/PPI_ES_Testing,github.com,1,0
swh:1:cnt:cfa640a4bbc3ab85285e2dc9f16721b35b4f4d31,cfa640a4bbc3ab85285e2dc9f16721b35b4f4d31,/cda012pre.fmri.taskCMG.run5.melodicFixNone_design.fsf,https://github.com/CVNRni/proj.jn.cda2,github.com,1,0
swh:1:cnt:cfb42245a473cca5d845015b6b8e4eea05484cf1,cfb42245a473cca5d845015b6b8e4eea05484cf1,/TwoCol19_BDI_AAI_2.fsf,http://att-program.googlecode.com/svn/,att-program.googlecode.com,1,0
swh:1:cnt:cff5734e1fee8212c947c276a5c3910e3e93896d,cff5734e1fee8212c947c276a5c3910e3e93896d,/design.fsf,https://github.com/CVNRneuroimaging/proj.ag.diss.r21ad,github.com,0,1
swh:1:cnt:d019cac3fe23b48b622acd7e967804b6ec6f1509,d019cac3fe23b48b622acd7e967804b6ec6f1509,/wholebbrain_design_file.fsf,https://doi.org/10.5281/zenodo.14834325,doi.org,0,1
swh:1:cnt:d05cd37cdcc814c7644c3ce5c3ea59d3a85c715b,d05cd37cdcc814c7644c3ce5c3ea59d3a85c715b,/design_sub-G20S05_runB.fsf,https://github.com/OpenNeuroDatasets/ds005731.git,github.com,1,0
swh:1:cnt:d09ac5136961573a6ce3d2fcb321139a029edfd2,d09ac5136961573a6ce3d2fcb321139a029edfd2,/single_test_ISR12_run1_set1_T10.fsf,https://github.com/QQXiao/ISR_2015,github.com,1,0
swh:1:cnt:d0abed1db4c48df10c86d2a0e1d567d844480984,d0abed1db4c48df10c86d2a0e1d567d844480984,/single_encoding_ISR03_run2_set2_T6.fsf,https://github.com/QQXiao/ISR_2015,github.com,1,0
swh:1:cnt:d0b928413a04ca2289268e40064b3472d9793ffa,d0b928413a04ca2289268e40064b3472d9793ffa,/design_sub-G02S05.fsf,https://github.com/OpenNeuroDatasets/ds005731.git,github.com,1,0
swh:1:cnt:d0e82dbf57850096bbe66ae7459e9d3c9fca67e4,d0e82dbf57850096bbe66ae7459e9d3c9fca67e4,/template.fsf,https://github.com/PennBBL/xcpengine_fw,github.com,0,1
swh:1:cnt:d130c365f657cbe0a71e8250a19d2b9f3265500e,d130c365f657cbe0a71e8250a19d2b9f3265500e,/design.fsf,https://github.com/StevenM1/flashtask,github.com,1,0
swh:1:cnt:d13c486013da3a41a01f22877a5db91c4f3d8603,d13c486013da3a41a01f22877a5db91c4f3d8603,/L1_ppi_partial.fsf,https://github.com/mirrorneuronwang/HCP_mentalizing_connectome,github.com,1,1
swh:1:cnt:d1a8c16b8e9968651a4f85ef244a9bdc423f5510,d1a8c16b8e9968651a4f85ef244a9bdc423f5510,/design.fsf,https://github.com/pederisager/Opioid_Reward_fMRI,github.com,1,0
swh:1:cnt:d1ae61af4146aa2aa158c60c10791c46a2338e41,d1ae61af4146aa2aa158c60c10791c46a2338e41,/minPreprocess.fsf,https://github.com/DVS-Lab/ppi-effect-sizes,github.com,1,0
swh:1:cnt:d1ca39fa573810b7cfb34643c6c90a0887e935e1,d1ca39fa573810b7cfb34643c6c90a0887e935e1,/single_test_ISR16_run1_set1_T18.fsf,https://github.com/QQXiao/ISR_2015,github.com,1,0
swh:1:cnt:d1cef0eb46f64f49fcf2cafa279b7bb4ae78d12b,d1cef0eb46f64f49fcf2cafa279b7bb4ae78d12b,/feat_template.fsf,https://github.com/neurolabusc/CPUsForNeuroimaging,github.com,0,1
swh:1:cnt:d1d3692e2d69f28d25b8d6e1e979bc04b1484853,d1d3692e2d69f28d25b8d6e1e979bc04b1484853,/sub-27_run-01_level1.fsf,https://github.com/AlexBowring/SC2,github.com,1,0
swh:1:cnt:d1eb62092667d534f1c17a6ddf3db7dfc40c1df2,d1eb62092667d534f1c17a6ddf3db7dfc40c1df2,/omt311s01.fmri.taskFT.run1.melodicFixNone_design.fsf,https://github.com/kmcgregor123456/proj.mh.cda2,github.com,1,0
swh:1:cnt:d222d2e5160f49a29bb8e56dc2aa3b9abed6ff3c,d222d2e5160f49a29bb8e56dc2aa3b9abed6ff3c,/secondlevel_AT_design_EVRiskAmbig_shana_1run_wResponse_singleCope.fsf,https://github.com/shanaahall/Ambiguity-Tolerance,github.com,0,1
swh:1:cnt:d2470bc9d9995a682f8343f3b27c856f1f215b54,d2470bc9d9995a682f8343f3b27c856f1f215b54,/DPX_s061_fsl.fsf,https://github.com/henrymj/Self_Regulation_Ontology_fMRI,github.com,0,1
swh:1:cnt:d251aed5a80938edd7c0635f0747e732b24fef09,d251aed5a80938edd7c0635f0747e732b24fef09,/single_encoding_ISR03_run1_set2_T11.fsf,https://github.com/QQXiao/ISR_2015,github.com,1,0
swh:1:cnt:d2659c696099147c775bcf6fb46ba06b360a9038,d2659c696099147c775bcf6fb46ba06b360a9038,/renzo_rs_GLM.fsf,https://github.com/rlk41/laminar_fmri,github.com,0,1
swh:1:cnt:d269ff487cbd97466484451a0619570b31dc033f,d269ff487cbd97466484451a0619570b31dc033f,/sub-study026_ses-after_task-responsetosnacks_run-02_design.fsf,https://github.com/OpenNeuroDatasets/ds001417.git,github.com,1,0
swh:1:cnt:d29ec39ce233b4cdb2960f5f0ccbbdbe94d329f4,d29ec39ce233b4cdb2960f5f0ccbbdbe94d329f4,/GUESSING_Run_2-template.fsf,https://github.com/stressdev/STAR-pipeline,github.com,0,1
swh:1:cnt:d2b95cb2bfe9cafc6d4293662674a44c2aee10c3,d2b95cb2bfe9cafc6d4293662674a44c2aee10c3,/sub-08_run-02_level1.fsf,https://github.com/AlexBowring/SC2,github.com,1,0
swh:1:cnt:d2cbc0435f141735ed35f0ec2cb190d1e2501f32,d2cbc0435f141735ed35f0ec2cb190d1e2501f32,/feat_level_1_prf_01_sed.fsf,https://github.com/ingo-m/surface,github.com,1,0
swh:1:cnt:d2ce972ac56f9487edf61e410c0c91da607ca5a9,d2ce972ac56f9487edf61e410c0c91da607ca5a9,/Days.Day1.Part1.fsf,https://github.com/worms618/AoC2023,github.com,1,0
swh:1:cnt:d2e135c25052f9aef812698524915a75e3d13192,d2e135c25052f9aef812698524915a75e3d13192,/featpreprodesign.fsf,https://github.com/Manukapp/musicfibro,github.com,0,1
swh:1:cnt:d31b8501cf5f7d23de2d2bce85a5e2baa53bd223,d31b8501cf5f7d23de2d2bce85a5e2baa53bd223,/design.fsf,https://github.com/pederisager/Opioid_Reward_fMRI,github.com,1,0
swh:1:cnt:d321ef6ce502b93c2f5cf2255306bef2f9a0c14c,d321ef6ce502b93c2f5cf2255306bef2f9a0c14c,/rho05.fsf,https://github.com/dreibh/fractgen,github.com,1,0
swh:1:cnt:d3284074500cab9ffcd90b05beb680b77fdacedf,d3284074500cab9ffcd90b05beb680b77fdacedf,/Template.fsf,https://github.com/dpark6060/FSL_Preprocessing,github.com,0,1
swh:1:cnt:d3300fface44cff406ef46e78a0add3e26dced5a,d3300fface44cff406ef46e78a0add3e26dced5a,/ssica_task_25_run-12.fsf,https://github.com/DiedrichsenLab/Functional_Fusion,github.com,0,1
swh:1:cnt:d35a1fe9a78b00710aa75074f07882a1692dee12,d35a1fe9a78b00710aa75074f07882a1692dee12,/design.fsf,https://github.com/Social-Developmental-Neuroscience-Lab/social_doors_jw,github.com,0,1
swh:1:cnt:d36826bafaad6b8958a4a22219d76257e11c8313,d36826bafaad6b8958a4a22219d76257e11c8313,/TwoCol10_BDI_AAI_3.fsf,http://att-program.googlecode.com/svn/,att-program.googlecode.com,1,0
swh:1:cnt:d36f5a9f28a5e55f5ea30ff1b8850b27803cf396,d36f5a9f28a5e55f5ea30ff1b8850b27803cf396,/2134_run-1.fsf,https://git.mpib-berlin.mpg.de/LNDG/stateswitchage/stsw-stsw_fmri_task-0_preproc-data-preproc-2134.git,git.mpib-berlin.mpg.de,1,0
swh:1:cnt:d3c5b40a94091285c27361905f591af64c1f7b21,d3c5b40a94091285c27361905f591af64c1f7b21,/INSTALL.fsf,https://github.com/tmac2006/triaquae,github.com,0,1
swh:1:cnt:d3cbca4224d6308bf626110fd812f749cd43903b,d3cbca4224d6308bf626110fd812f749cd43903b,/rsfMRI.fsf,https://github.com/edd26/brain-scripting,github.com,0,1
swh:1:cnt:d425f2c95095a07fc01dd2080e8288b102e34a6e,d425f2c95095a07fc01dd2080e8288b102e34a6e,/._tfMRI_GAMBLING_LR_hp200_s4_level1.fsf,https://github.com/huppertt/HCP_pipeline,github.com,1,0
swh:1:cnt:d430c0733d68ab49f4631b731122c01f19fb891d,d430c0733d68ab49f4631b731122c01f19fb891d,/2108_run-3.fsf,https://git.mpib-berlin.mpg.de/LNDG/stateswitchage/stsw-stsw_fmri_task-0_preproc-data-preproc-2108.git,git.mpib-berlin.mpg.de,0,1
swh:1:cnt:d44c242b70d655113cf0e92342894f238e78fa85,d44c242b70d655113cf0e92342894f238e78fa85,/sub-14_ses-c.fsf,https://github.com/carobellum/oxford_rs_analysis,github.com,1,0
swh:1:cnt:d47be5b0322feadc32bf99d84fd2dd19f8b0c5be,d47be5b0322feadc32bf99d84fd2dd19f8b0c5be,/conf_reg_design.fsf,https://github.com/rgerraty/rl_flexibility,github.com,0,1
swh:1:cnt:d4b2d7bb5f0a4aaf557f8e229a34d4caf9b69fb6,d4b2d7bb5f0a4aaf557f8e229a34d4caf9b69fb6,/sub-31_run-02_level1_afni_drift.fsf,https://github.com/AlexBowring/SC2,github.com,1,0
swh:1:cnt:d4b58bfb9a0540ddc6ea046a34b57451345fd782,d4b58bfb9a0540ddc6ea046a34b57451345fd782,/design.fsf,https://github.com/DVS-Lab/srndna-test,github.com,1,0
swh:1:cnt:d4c62f91cc273ad66a858bf7a36c8047ebcabfac,d4c62f91cc273ad66a858bf7a36c8047ebcabfac,/design.fsf,https://github.com/StevenM1/flashtask,github.com,1,0
swh:1:cnt:d4e6b275167c260d4752ac9e6a56fd0a6599175c,d4e6b275167c260d4752ac9e6a56fd0a6599175c,/AndroidLDarkBlue.fsf,https://github.com/Loop80/App_MeusContatos,github.com,0,1
swh:1:cnt:d519b47fb173c1cb9d9f7372a5a561b49f51b4b7,d519b47fb173c1cb9d9f7372a5a561b49f51b4b7,/design.fsf,https://github.com/StevenM1/flashtask,github.com,1,0
swh:1:cnt:d53befc1d0d478854049dcf31650692ef30af6fc,d53befc1d0d478854049dcf31650692ef30af6fc,/run_feat_RUN_15_Melanopsin_series_20.fsf,https://github.com/bock42/UPennProjects,github.com,1,0
swh:1:cnt:d550b03650f79635a14001cd5d431032aafd1566,d550b03650f79635a14001cd5d431032aafd1566,/single_test_ISR01_run1_set2_T2.fsf,https://github.com/QQXiao/ISR_2015,github.com,1,0
swh:1:cnt:d5815dfe34dd3891c8f7c4d78b8aa62a7d428490,d5815dfe34dd3891c8f7c4d78b8aa62a7d428490,/idemo.fsf,https://github.com/PennBBL/pncReproc2015Scripts,github.com,1,1
swh:1:cnt:d5ad0ec85d7c43e1b54a2324f90d662643c9eb37,d5ad0ec85d7c43e1b54a2324f90d662643c9eb37,/1_BDI_AAI_3.fsf,http://att-program.googlecode.com/svn/,att-program.googlecode.com,1,0
swh:1:cnt:d5af70724c0626762bc50c5c28fbb0186ff959aa,d5af70724c0626762bc50c5c28fbb0186ff959aa,/test.fsf,https://github.com/sskmy1024y/FurnitureSimulator,github.com,0,1
swh:1:cnt:d5f1fdd3a7aceed37cc040099ff7245238287002,d5f1fdd3a7aceed37cc040099ff7245238287002,/FSL_level1_template.fsf,https://github.com/cmaumet/NARPS,github.com,0,1
swh:1:cnt:d629da0b4b953ac9418f18b76461df57332bcfdb,d629da0b4b953ac9418f18b76461df57332bcfdb,/design.fsf,https://github.com/StevenM1/flashtask,github.com,1,0
swh:1:cnt:d6381e744476eb040b0864cde393c14555973955,d6381e744476eb040b0864cde393c14555973955,/design.fsf,https://github.com/StevenM1/flashtask,github.com,1,0
swh:1:cnt:d65a08a48306de118ca7b492dff10ecd0f4556ba,d65a08a48306de118ca7b492dff10ecd0f4556ba,/design.fsf,https://github.com/TheLabbingProject/PyPrep,github.com,0,1
swh:1:cnt:d6b50824cbdb5955723ab2f5a8430944dcafd369,d6b50824cbdb5955723ab2f5a8430944dcafd369,/PPI_Analysis-PRE.fsf,https://github.com/ccraddock/CCD-scripts,github.com,0,1
swh:1:cnt:d6d5b62d6bcb3f36aaf7a1014cba19b0d009a761,d6d5b62d6bcb3f36aaf7a1014cba19b0d009a761,/2216607000300.fsf,https://github.com/weijhih1226/QPEplus,github.com,0,1
swh:1:cnt:d6df0d7d10d89139a9739b48ce07f6cf3750b472,d6df0d7d10d89139a9739b48ce07f6cf3750b472,/cda100pst.fmri.taskCMG.run4.melodicFixNone_design.fsf,https://github.com/CVNRni/proj.jn.cda2,github.com,1,0
swh:1:cnt:d6e597641b3a98d61e5346975bb2c7ab089b7581,d6e597641b3a98d61e5346975bb2c7ab089b7581,/test.fsf,https://github.com/yibeichan/pydra-fsl,github.com,0,1
swh:1:cnt:d6e81a46e3974824f17f9966f53b5c9e13c04c8b,d6e81a46e3974824f17f9966f53b5c9e13c04c8b,/design.fsf,https://git.mpib-berlin.mpg.de/LNDG/stateswitchage/stsw-stsw_fmri_task-0_preproc-data-preproc-1178.git,git.mpib-berlin.mpg.de,0,1
swh:1:cnt:d6f4aa416190d5115d12d1f79bb0c0c74ba7b4e8,d6f4aa416190d5115d12d1f79bb0c0c74ba7b4e8,/1237_run-2.fsf,https://git.mpib-berlin.mpg.de/LNDG/stateswitchage/stsw-stsw_fmri_task-0_preproc-data-preproc-1237.git,git.mpib-berlin.mpg.de,0,1
swh:1:cnt:d7153f6b56a3ba403d3fb221e7f71964f640fad8,d7153f6b56a3ba403d3fb221e7f71964f640fad8,/design.fsf,https://github.com/Philys/Abschlussarbeit,github.com,0,1
swh:1:cnt:d744889ef76523d4ecbb62b32de46555737b8804,d744889ef76523d4ecbb62b32de46555737b8804,/TwoCol4_BDI_AAI_1.fsf,http://att-program.googlecode.com/svn/,att-program.googlecode.com,1,0
swh:1:cnt:d7a832d67e4e72fdd2b4318077c19a372bd5e999,d7a832d67e4e72fdd2b4318077c19a372bd5e999,/Scene1.fsf,https://github.com/JakeyWasTaken/Fusion-Engine,github.com,0,1
swh:1:cnt:d7e1f61af4dbd114aece338970d448f07d438ab7,d7e1f61af4dbd114aece338970d448f07d438ab7,/temp_pre.fsf,https://github.com/Jinglei-Lv/PISA_MP2RAGE_MB6_fMRI_Pipeline,github.com,0,1
swh:1:cnt:d7e9a359efddf7c539667a1744fa6f0bd9010fce,d7e9a359efddf7c539667a1744fa6f0bd9010fce,/L1_task-ugdg_model-2_type-act.fsf,https://github.com/DVS-Lab/istart-ugdg,github.com,1,0
swh:1:cnt:d7ecffdedcef0009803a8a3a3f727b3035487eeb,d7ecffdedcef0009803a8a3a3f727b3035487eeb,/template_rest.fsf,https://github.com/willstrawson/ViBE_fmri_analysis,github.com,1,0
swh:1:cnt:d81e0d71f9eb85799f3bb77db0a4562cf528c051,d81e0d71f9eb85799f3bb77db0a4562cf528c051,/design.fsf,https://github.com/StevenM1/flashtask,github.com,1,0
swh:1:cnt:d82d7335899187a8449a30f6a09d6f5285107c92,d82d7335899187a8449a30f6a09d6f5285107c92,/single_test_ISR10_run2_set2_T24.fsf,https://github.com/QQXiao/ISR_2015,github.com,1,0
swh:1:cnt:d832c33a779b16e55703ec34d2c6480f0817cc0c,d832c33a779b16e55703ec34d2c6480f0817cc0c,/task-sinCVR_ev.fsf,https://github.com/fmriphysiology/rapid_CVR_mapping,github.com,0,1
swh:1:cnt:d875cddfe3385a28f35ffc0e7eac617d136e8abb,d875cddfe3385a28f35ffc0e7eac617d136e8abb,/single_encoding_ISR20_run2_set1_T20.fsf,https://github.com/QQXiao/ISR_2015,github.com,1,0
swh:1:cnt:d89826d268793cc9a9caced47fde5200804a2278,d89826d268793cc9a9caced47fde5200804a2278,/single_test_ISR10_run1_set1_T1.fsf,https://github.com/QQXiao/ISR_2015,github.com,1,0
swh:1:cnt:d89f5157d312eccdfbc007d6bd804aa539d5819d,d89f5157d312eccdfbc007d6bd804aa539d5819d,/single_encoding_ISR05_run2_set2_T17.fsf,https://github.com/QQXiao/ISR_2015,github.com,1,0
swh:1:cnt:d8b35fab0e50210a824d97117bc7ed3e9c91967e,d8b35fab0e50210a824d97117bc7ed3e9c91967e,/sub-43_level2_amended.fsf,https://github.com/AlexBowring/Software_Comparison,github.com,1,0
swh:1:cnt:d8cc975d78017f67bbfddf6554f025d30e9359a7,d8cc975d78017f67bbfddf6554f025d30e9359a7,/rs-sbfc_group_sdt_flipped.fsf,https://github.com/willstrawson/ViBE_fmri_analysis,github.com,1,0
swh:1:cnt:d9221d41681c928933048dd50901117b27ba9c24,d9221d41681c928933048dd50901117b27ba9c24,/IFRS-CalcTree.fsf,https://github.com/MichaelBakker1986/docker-compose,github.com,1,0
swh:1:cnt:d955a1b89b5e29fd6765b7d682ff629b049b83a9,d955a1b89b5e29fd6765b7d682ff629b049b83a9,/sample_design.fsf,https://github.com/ktera/fmri-ica-gui,github.com,1,1
swh:1:cnt:d958641ff8905eb54dd0cb2e16ffa067ef70cfb2,d958641ff8905eb54dd0cb2e16ffa067ef70cfb2,/B0_design.fsf,https://github.com/VU-Cog-Sci/analysis_tools,github.com,1,0
swh:1:cnt:da36691b9abbe141ba323b1574b1d3c2af5efbb5,da36691b9abbe141ba323b1574b1d3c2af5efbb5,/AndroidLight.fsf,https://github.com/google-code/appceitunas,github.com,0,1
swh:1:cnt:da4540d64a73e4c524d56ca55531281aec564211,da4540d64a73e4c524d56ca55531281aec564211,/input-114.fsf,https://github.com/dreibh/rsplib,github.com,1,0
swh:1:cnt:da803cf297cfdbe74f29ad5423e6222a70d72199,da803cf297cfdbe74f29ad5423e6222a70d72199,/auto_max.fsf,https://github.com/OpenNeuroDatasets/ds004386.git,github.com,0,1
swh:1:cnt:daa8c240a80722f41a492fef3e3ec76bcb9e09cd,daa8c240a80722f41a492fef3e3ec76bcb9e09cd,/design_GLM1.fsf,https://github.com/aggeffroy/narps_open_pipelines,github.com,0,1
swh:1:cnt:dac8436faa2ba54a3dd4decea9e92f6af9b6395e,dac8436faa2ba54a3dd4decea9e92f6af9b6395e,/single_encoding_ISR04_run2_set2_T22.fsf,https://github.com/QQXiao/ISR_2015,github.com,1,0
swh:1:cnt:db28ad75f58d9dd27771357664a29be2663a44d7,db28ad75f58d9dd27771357664a29be2663a44d7,/design.fsf,https://github.com/NBCLab/PhysicsLearning,github.com,0,1
swh:1:cnt:db4eddafadff95609389731865d881f0bfd500f6,db4eddafadff95609389731865d881f0bfd500f6,/feat_level_1_func_02_sed.fsf,https://gitlab.com/ingo-m/texture.git,gitlab.com,1,0
swh:1:cnt:db6ef058505e8c92762e16326ac5f64cf5bcef1b,db6ef058505e8c92762e16326ac5f64cf5bcef1b,/design_template.fsf,https://github.com/churchlabUT/ldrc,github.com,1,0
swh:1:cnt:dbc1fa6dfeb7cf771607d6bf1840777ab218f89e,dbc1fa6dfeb7cf771607d6bf1840777ab218f89e,/feat_2_postAROMA_2021_10_06_Block2.fsf,https://github.com/raytut/LSNs-and-Real-Life-Stress,github.com,0,1
swh:1:cnt:dc33eedb7cb2413e0bbb5b066f3e1d7ccf0263e9,dc33eedb7cb2413e0bbb5b066f3e1d7ccf0263e9,/WORDLISTS.fsf,https://github.com/ElPiloto/directed_forgetting,github.com,1,0
swh:1:cnt:dc34f9fa600c8c9a4e379299f54fa2fa11ea5a1b,dc34f9fa600c8c9a4e379299f54fa2fa11ea5a1b,/design.fsf,https://github.com/StevenM1/flashtask,github.com,1,0
swh:1:cnt:dc7d0857b1966f5cdf3cce680f6918e275c482d6,dc7d0857b1966f5cdf3cce680f6918e275c482d6,/design.fsf,https://github.com/layerfMRI/repository,github.com,1,0
swh:1:cnt:dc89454e5adbf87d057b73bce2e22f70ace5eecc,dc89454e5adbf87d057b73bce2e22f70ace5eecc,/infinite_bold_template.fsf,https://github.com/bkraft4257/tic2,github.com,0,1
swh:1:cnt:dc8d60a9ae08432c78a0b88f202d8eaa124234db,dc8d60a9ae08432c78a0b88f202d8eaa124234db,/aroma_noHP.fsf,https://github.com/intermountainneuroimaging/banich-fmri-preproc,github.com,0,1
swh:1:cnt:dc9a45e9e337ff9c67214ba40dfb3a9445530875,dc9a45e9e337ff9c67214ba40dfb3a9445530875,/design.fsf,https://git.mpib-berlin.mpg.de/LNDG/stateswitchage/stsw-stsw_fmri_task-0_preproc-data-preproc-1172.git,git.mpib-berlin.mpg.de,0,1
swh:1:cnt:dcab6450336c12064994284d399cfaa2cfc5bf48,dcab6450336c12064994284d399cfaa2cfc5bf48,/1281_run-4.fsf,https://git.mpib-berlin.mpg.de/LNDG/stateswitchage/stsw-stsw_fmri_task-0_preproc-data-preproc-1281.git,git.mpib-berlin.mpg.de,0,1
swh:1:cnt:dcc247e6ef7891b7cc0ef37c99a2554cfd8f942c,dcc247e6ef7891b7cc0ef37c99a2554cfd8f942c,/sub-09_run-02_level1_afni_design.fsf,https://github.com/AlexBowring/SC2,github.com,1,0
swh:1:cnt:dcce30dfa675e55db970a82107b91845845003be,dcce30dfa675e55db970a82107b91845845003be,/bitter_v_neu_design.fsf,https://github.com/jennyrsadler/bevel_DRES_analysis,github.com,0,1
swh:1:cnt:dcf1647d42029d926e08dd8674a564b0c9cc5160,dcf1647d42029d926e08dd8674a564b0c9cc5160,/single_encoding_ISR17_run2_set1_T22.fsf,https://github.com/QQXiao/ISR_2015,github.com,1,0
swh:1:cnt:dd27441bc0005f6cd8f1993edb02c42efdbfbc53,dd27441bc0005f6cd8f1993edb02c42efdbfbc53,/single_test_ISR14_run2_set1_T24.fsf,https://github.com/QQXiao/ISR_2015,github.com,1,0
swh:1:cnt:dd89a56a9209192bbd19c72240632a042a85cd73,dd89a56a9209192bbd19c72240632a042a85cd73,/L1_task-socdoors_model-01_seed-0_run-01.fsf,https://github.com/DVS-Lab/ds.istart,github.com,0,1
swh:1:cnt:dda16c1a864db1ada6d01245b0c17ef350e67a92,dda16c1a864db1ada6d01245b0c17ef350e67a92,/fsl_design_TR600.fsf,https://github.com/ApuAmp/fmriflows,github.com,0,1
swh:1:cnt:ddca2bed6dceff1d7881ababf14cd5955d8892d5,ddca2bed6dceff1d7881ababf14cd5955d8892d5,/chi05.fsf,https://github.com/dreibh/fractgen,github.com,1,0
swh:1:cnt:de146237b26cfb283e7f46be1799e9e36427472d,de146237b26cfb283e7f46be1799e9e36427472d,/design.fsf,https://github.com/jeffmacinnes/b2b,github.com,0,1
swh:1:cnt:de458b72f67a7201d6deef628935d996ffbce020,de458b72f67a7201d6deef628935d996ffbce020,/restROI_design.fsf,https://github.com/PrincetonUniversity/prsonpipe,github.com,0,1
swh:1:cnt:de4f3c2289a1b07bc42f63a08bb479eba48436ef,de4f3c2289a1b07bc42f63a08bb479eba48436ef,/design.fsf,https://github.com/yarikoptic/demo1,github.com,1,0
swh:1:cnt:de76dd9e27b73b5e3c45e847c82ca968e434b246,de76dd9e27b73b5e3c45e847c82ca968e434b246,/generic_pre_music_200hpf.fsf,https://github.com/sachsm53/DynamicsSadMusic,github.com,0,1
swh:1:cnt:de8c32800060539cd49719075ec664b815d5b500,de8c32800060539cd49719075ec664b815d5b500,/GLMCambridge.fsf,https://github.com/NeuroStat/IBMAvsGLM,github.com,0,1
swh:1:cnt:de9ef03c569854ac89b5d27aaea8d15300097676,de9ef03c569854ac89b5d27aaea8d15300097676,/1240_run-1.fsf,https://git.mpib-berlin.mpg.de/LNDG/stateswitchage/stsw-stsw_fmri_task-0_preproc-data-preproc-1240.git,git.mpib-berlin.mpg.de,0,1
swh:1:cnt:dea064862453093381edc2f0e07a0b0eb382e054,dea064862453093381edc2f0e07a0b0eb382e054,/sub-07_run-01_level1_spm_drift.fsf,https://github.com/AlexBowring/SC2,github.com,1,0
swh:1:cnt:deb499fca5129f3de632d9078cc93ad0216ff385,deb499fca5129f3de632d9078cc93ad0216ff385,/design.fsf,https://github.com/grace-shearrer/bbx,github.com,0,1
swh:1:cnt:defd0a35da85d59e8a976905968ab248f9d2350f,defd0a35da85d59e8a976905968ab248f9d2350f,/2104_run-2.fsf,https://git.mpib-berlin.mpg.de/LNDG/stateswitchage/stsw-stsw_fmri_task-0_preproc-data-preproc-2104.git,git.mpib-berlin.mpg.de,1,0
swh:1:cnt:df01e4f32b81b0bd86774aebce8785e0c7b298d8,df01e4f32b81b0bd86774aebce8785e0c7b298d8,/sub-15_ses-a.fsf,https://github.com/carobellum/oxford_rs_analysis,github.com,0,1
swh:1:cnt:df0adf6a326d9745c73cc802c9139034d347cc7e,df0adf6a326d9745c73cc802c9139034d347cc7e,/ssica_task_18_run-22.fsf,https://github.com/DiedrichsenLab/Functional_Fusion,github.com,1,0
swh:1:cnt:df0f279f7452ac6044d553e5682292197c166a73,df0f279f7452ac6044d553e5682292197c166a73,/design.fsf,https://github.com/StevenM1/flashtask,github.com,1,0
swh:1:cnt:df0fb9792e6c52750cdb474fb2e781f30bc3717b,df0fb9792e6c52750cdb474fb2e781f30bc3717b,/sub-study012_ses-after_task-responsetosnacks_run-01_design.fsf,https://github.com/OpenNeuroDatasets/ds001417.git,github.com,1,0
swh:1:cnt:df1713b4d4eae14a39beadeeba8b5f34ed576164,df1713b4d4eae14a39beadeeba8b5f34ed576164,/base.fsf,https://github.com/yu-pri/fmri,github.com,0,1
swh:1:cnt:df7bac8522f668afca11a0a946a9c003666f2f87,df7bac8522f668afca11a0a946a9c003666f2f87,/design.fsf,https://github.com/Manukapp/fibrmus,github.com,0,1
swh:1:cnt:dfad87ad6cc5db63487f905ec2a3c61f695e46ff,dfad87ad6cc5db63487f905ec2a3c61f695e46ff,/cda011pre.fmri.taskCMG.run6.melodicFixNone_design.fsf,https://github.com/CVNRni/proj.jn.cda2,github.com,1,0
swh:1:cnt:dfe46f7532fab52e07eba251588673e54a9b4961,dfe46f7532fab52e07eba251588673e54a9b4961,/design.fsf,https://git.mpib-berlin.mpg.de/LNDG/stateswitchage/stsw-stsw_fmri_task-0_preproc-data-preproc-1214.git,git.mpib-berlin.mpg.de,0,1
swh:1:cnt:e0a4410f96900aad1db2ad514043f06cfa86dbbd,e0a4410f96900aad1db2ad514043f06cfa86dbbd,/input-161.fsf,https://github.com/dreibh/rsplib,github.com,1,0
swh:1:cnt:e0cdfcb60f807f77a575e540b7a3ba9810190a6e,e0cdfcb60f807f77a575e540b7a3ba9810190a6e,/glVAI.fsf,https://github.com/hashilzhao/InsulaSubregionalConnectivities,github.com,0,1
swh:1:cnt:e0e283a3a6b87d6a18c05e769852f9852215582e,e0e283a3a6b87d6a18c05e769852f9852215582e,/1stlevel.fsf,https://github.com/bpoldrack/testkraut,github.com,0,1
swh:1:cnt:e163214063355db8d98ef0ce946a2daa189be7a1,e163214063355db8d98ef0ce946a2daa189be7a1,/design_sub-G19S03_runE.fsf,https://github.com/OpenNeuroDatasets/ds005731.git,github.com,1,0
swh:1:cnt:e17e1e2af64740a9d9f670ce0feb8db0453c829a,e17e1e2af64740a9d9f670ce0feb8db0453c829a,/test.fsf,https://github.com/Ra93POL/ManSPy,github.com,1,0
swh:1:cnt:e1a0be03d61c8beabaaa71351670b5c590fcb0d0,e1a0be03d61c8beabaaa71351670b5c590fcb0d0,/L2_task-MID-01_type-act.fsf,https://github.com/DVS-Lab/istart-analyses,github.com,1,0
swh:1:cnt:e1ad35741744a34f151035578bd656260fa6b620,e1ad35741744a34f151035578bd656260fa6b620,/feat_level_2_Control_Dynamic_minus_PacMan_Static.fsf,https://github.com/zw1989/PacManStim,github.com,1,0
swh:1:cnt:e1f8cd6f9c32e48f963cc2bf36a4c71f19274ac8,e1f8cd6f9c32e48f963cc2bf36a4c71f19274ac8,/L3_Gam_Act.fsf,https://github.com/DVS-Lab/hcp-mooddisorders-project,github.com,1,0
swh:1:cnt:e1fc01dc7514a98176fb137e743fd2a5a329999d,e1fc01dc7514a98176fb137e743fd2a5a329999d,/preproc2_template.fsf,https://git.mpib-berlin.mpg.de/LNDG/stateswitchage/stsw.git,git.mpib-berlin.mpg.de,0,1
swh:1:cnt:e22efb3d62cae0ff86d54538d23594f8188b7759,e22efb3d62cae0ff86d54538d23594f8188b7759,/design.fsf,https://github.com/OpenNeuroDatasets/ds004044.git,github.com,0,1
swh:1:cnt:e24eefed86e7b5cd12791433f8729dac375fe875,e24eefed86e7b5cd12791433f8729dac375fe875,/2255_run-3.fsf,https://git.mpib-berlin.mpg.de/LNDG/stateswitchage/stsw-stsw_fmri_task-0_preproc.git,git.mpib-berlin.mpg.de,0,1
swh:1:cnt:e269b18791bad7d02917646054a10ce33c83b2d1,e269b18791bad7d02917646054a10ce33c83b2d1,/design.fsf,https://github.com/vishal-ph/Hello-World,github.com,0,1
swh:1:cnt:e2d04d8dd151a13834bbde0cdf7d69402ec48ed9,e2d04d8dd151a13834bbde0cdf7d69402ec48ed9,/design.fsf,https://github.com/R-Gaurav/col786,github.com,0,1
swh:1:cnt:e2ec4ae392e9e676fdfd9f24be15632ea5eb1551,e2ec4ae392e9e676fdfd9f24be15632ea5eb1551,/design.fsf,https://github.com/pederisager/Opioid_Reward_fMRI,github.com,1,0
swh:1:cnt:e31f80761a81183d4b5004644129aa4b36f8f482,e31f80761a81183d4b5004644129aa4b36f8f482,/sub-study007_followup_before_task-responsetosnacks_level2_design.fsf,https://github.com/OpenNeuroDatasets/ds001417.git,github.com,1,0
swh:1:cnt:e367ddea84bc3e22835efd6781fe09ed82fa0825,e367ddea84bc3e22835efd6781fe09ed82fa0825,/design.fsf,http://att-program.googlecode.com/svn/,att-program.googlecode.com,1,0
swh:1:cnt:e3bbc029f4238342f43ca8a59fd9b0458db29ce9,e3bbc029f4238342f43ca8a59fd9b0458db29ce9,/FMXTee.Chart.ListBox.Style.fsf,http://workspace-maming.googlecode.com/svn/,workspace-maming.googlecode.com,0,1
swh:1:cnt:e3d2f6af3c9e96dd15ac3b6175132ffac4c2ee9a,e3d2f6af3c9e96dd15ac3b6175132ffac4c2ee9a,/FieldSetFile.fsf,https://github.com/chrissuda/Photonics_CST,github.com,0,1
swh:1:cnt:e40513ba8fe7d6ddbe72acdf2af8ae8ce0392f07,e40513ba8fe7d6ddbe72acdf2af8ae8ce0392f07,/preproc_8_5.fsf,https://bitbucket.org/sffeng/combray.git,bitbucket.org,1,0
swh:1:cnt:e457cb8a06b7c3f295626d2fb903efb09bb8cbf2,e457cb8a06b7c3f295626d2fb903efb09bb8cbf2,/design_sub-G18S05_runE.fsf,https://github.com/OpenNeuroDatasets/ds005731.git,github.com,1,0
swh:1:cnt:e45d97e0443dd492a284a7ac2b3062dac1baf08a,e45d97e0443dd492a284a7ac2b3062dac1baf08a,/template.fsf,https://github.com/olafborghi/AON_ACTION,github.com,0,1
swh:1:cnt:e462f5479731dbf635abb974ef9d447e6e35280b,e462f5479731dbf635abb974ef9d447e6e35280b,/design_face1-checkpoint.fsf,https://github.com/PennLINC/DAY2_Margaret,github.com,0,1
swh:1:cnt:e469deec058cf398c543ddaa43afcc57153dab65,e469deec058cf398c543ddaa43afcc57153dab65,/omt024s01.fmri.taskFT.run4.melodicFixNone_design.fsf,https://github.com/CVNRni/proj.mh.cda1,github.com,1,0
swh:1:cnt:e46ccfddeb212922e70f620d925d7705acaa789d,e46ccfddeb212922e70f620d925d7705acaa789d,/sub-study032_ses-followup_task-responsetosnacks_run-02_design.fsf,https://github.com/OpenNeuroDatasets/ds001417.git,github.com,1,0
swh:1:cnt:e485d9efac2982a2e7c4bc34da714dba81de3b6a,e485d9efac2982a2e7c4bc34da714dba81de3b6a,/blend_screen.fsf,http://osghimmel.googlecode.com/svn/,osghimmel.googlecode.com,0,1
swh:1:cnt:e4a9753015dae318a60ac7b08050a83b254cd3d3,e4a9753015dae318a60ac7b08050a83b254cd3d3,/design.fsf,https://github.com/matthew-brett/fslutils,github.com,1,1
swh:1:cnt:e4d64cff695fdb71d80c7e29d40c197e8ca7d8d9,e4d64cff695fdb71d80c7e29d40c197e8ca7d8d9,/ssica_task_07_run-26.fsf,https://github.com/DiedrichsenLab/Functional_Fusion,github.com,1,0
swh:1:cnt:e52f4a41235f548306623613f2a06766befa7ad5,e52f4a41235f548306623613f2a06766befa7ad5,/single_test_ISR03_run1_set1_T22.fsf,https://github.com/QQXiao/ISR_2015,github.com,1,0
swh:1:cnt:e5416eccb83cdf11687eec57ba26b8ac22243c5b,e5416eccb83cdf11687eec57ba26b8ac22243c5b,/~temp.fsf,https://github.com/BlackBindy/neuroevolution-ai-on-danurivr,github.com,1,0
swh:1:cnt:e54182b2e6487e61c9f01fb4ac7ad515f795d063,e54182b2e6487e61c9f01fb4ac7ad515f795d063,/design.fsf,https://github.com/StevenM1/flashtask,github.com,1,0
swh:1:cnt:e54854405bcd064cd793cc88b9a183c4fdc52e8b,e54854405bcd064cd793cc88b9a183c4fdc52e8b,/FSL_hrv_val_log.fsf,https://github.com/htwangtw/depersonalisation,github.com,1,0
swh:1:cnt:e54df9d5978271c6419503742cdcd224f35a3955,e54df9d5978271c6419503742cdcd224f35a3955,/fsl03_TEMPLATE.fsf,https://github.com/spacetop-admin/cue_expectancy,github.com,0,1
swh:1:cnt:e56a11d1f4c74e62dfb14d536d612322461adcc7,e56a11d1f4c74e62dfb14d536d612322461adcc7,/FIR_run02_5mm.fsf,https://github.com/gkaguirrelab/fmriMelanopsinMRIAnalysis,github.com,1,0
swh:1:cnt:e5e98e76a5e2030712aa007d1bba168baa279a25,e5e98e76a5e2030712aa007d1bba168baa279a25,/Race-CA-DC-GA-NC-NY-WA-Occupation-PUMA-2014.fsf,https://github.com/Archimedes2kxx/BestStatesForBlackTech,github.com,0,1
swh:1:cnt:e61e40914fb976eaaf0ca5adb3f2f263f90722e0,e61e40914fb976eaaf0ca5adb3f2f263f90722e0,/1252_run-3.fsf,https://git.mpib-berlin.mpg.de/LNDG/stateswitchage/stsw-stsw_fmri_task-0_preproc-data-preproc-1252.git,git.mpib-berlin.mpg.de,0,1
swh:1:cnt:e64703015ee5eb3ab404623664afc73fd483bc0c,e64703015ee5eb3ab404623664afc73fd483bc0c,/mult.fsf,https://bitbucket.org/vmacbuche/f-safe.git,bitbucket.org,1,0
swh:1:cnt:e6babe35359d258c662240d13e99c0e502e5acb0,e6babe35359d258c662240d13e99c0e502e5acb0,/Prelim_Grp_Feat_Analysis.fsf,https://github.com/RobertJirsaraie/ConteCenterScripts,github.com,0,1
swh:1:cnt:e6e373d8a44bfbf19ca5fd91945cf5ffe82c7a24,e6e373d8a44bfbf19ca5fd91945cf5ffe82c7a24,/preproc_reg.fsf,https://doi.org/10.5281/zenodo.16917088,doi.org,0,1
swh:1:cnt:e714fb53f1125e6f85f2eedb64f1a284be2e42a6,e714fb53f1125e6f85f2eedb64f1a284be2e42a6,/univariate_template.fsf,https://github.com/njchiang/task-fmri-utils,github.com,0,1
swh:1:cnt:e72a78aa87c1fd85e4abd6e9b494d56d7fe9c4da,e72a78aa87c1fd85e4abd6e9b494d56d7fe9c4da,/39.fsf,https://github.com/michelprojets/ensimag2,github.com,1,0
swh:1:cnt:e7510fce7abcea45efcea60709d75998f0f76970,e7510fce7abcea45efcea60709d75998f0f76970,/design_sub-G16S01_loc.fsf,https://github.com/OpenNeuroDatasets/ds005731.git,github.com,1,0
swh:1:cnt:e780c15b62eecac0232bbe0b14bb791cf6e9ee0b,e780c15b62eecac0232bbe0b14bb791cf6e9ee0b,/L1_task-trust_model-01_type-act.fsf,https://github.com/DVS-Lab/rf1-data-hpc,github.com,0,1
swh:1:cnt:e7acdf05212916cf96a556d0c50ad1ee08b85f61,e7acdf05212916cf96a556d0c50ad1ee08b85f61,/B_feat_template.fsf,https://git.mpib-berlin.mpg.de/LNDG/stateswitch/mri/preproc.git,git.mpib-berlin.mpg.de,0,1
swh:1:cnt:e7e3fc5f4da432005ddd1ee68072b088a68205bd,e7e3fc5f4da432005ddd1ee68072b088a68205bd,/design.fsf,https://git.mpib-berlin.mpg.de/LNDG/stateswitchage/stsw-stsw_fmri_task-0_preproc-data-preproc-2149.git,git.mpib-berlin.mpg.de,0,1
swh:1:cnt:e82eb9bc192be45f78a2cbed4fd8c2cdde3f3386,e82eb9bc192be45f78a2cbed4fd8c2cdde3f3386,/design.fsf,https://github.com/pederisager/Opioid_Reward_fMRI,github.com,1,0
swh:1:cnt:e856909714c16f43cabc124bd65725cd3dcc062d,e856909714c16f43cabc124bd65725cd3dcc062d,/L3_Model5.1_antgainV.fsf,https://github.com/sarabergman/Stanford,github.com,1,0
swh:1:cnt:e89b428504e6ef51a86eb48e6269ad37a7b26f0d,e89b428504e6ef51a86eb48e6269ad37a7b26f0d,/design.fsf,https://github.com/StevenM1/flashtask,github.com,1,0
swh:1:cnt:e8b7e257eeba9f05b03284e13b0cc534b92d072d,e8b7e257eeba9f05b03284e13b0cc534b92d072d,/design.fsf,https://github.com/randomtanuser/IITGn-BIM,github.com,0,1
swh:1:cnt:e92e01479db52ed43996028799d9eb8d54ed84cb,e92e01479db52ed43996028799d9eb8d54ed84cb,/R4315_S1_Run_3_N60_elapsed_time.fsf,https://github.com/adamgeorgeturnbull/elapsed_time,github.com,1,0
swh:1:cnt:e92e6047c08378849e89fffa6d52160048786b3a,e92e6047c08378849e89fffa6d52160048786b3a,/design.fsf,https://git.mpib-berlin.mpg.de/LNDG/stateswitchage/stsw-stsw_fmri_task-0_preproc-data-preproc-1216.git,git.mpib-berlin.mpg.de,1,0
swh:1:cnt:e95530e38150f3f00df089bc822e9981fe3c8d83,e95530e38150f3f00df089bc822e9981fe3c8d83,/ssica_task_31_run-05.fsf,https://github.com/DiedrichsenLab/Functional_Fusion,github.com,1,0
swh:1:cnt:e96a4491491fded0bafa913ad4501ae4618c2a8d,e96a4491491fded0bafa913ad4501ae4618c2a8d,/single_test_ISR03_run2_set2_T21.fsf,https://github.com/QQXiao/ISR_2015,github.com,1,0
swh:1:cnt:e96e8bfe53b7c16d63cace2e1ba1ceaa5fdbe9ed,e96e8bfe53b7c16d63cace2e1ba1ceaa5fdbe9ed,/1250_run-2.fsf,https://git.mpib-berlin.mpg.de/LNDG/stateswitchage/stsw-stsw_fmri_task-0_preproc-data-preproc-1250.git,git.mpib-berlin.mpg.de,0,1
swh:1:cnt:ea4bd17beda9251aed5d5681aba9b6be0def00e2,ea4bd17beda9251aed5d5681aba9b6be0def00e2,/design.fsf,https://github.com/StevenM1/flashtask,github.com,1,0
swh:1:cnt:ea6efe5fe587a48ad6a5594ee16d57c96bf70d3b,ea6efe5fe587a48ad6a5594ee16d57c96bf70d3b,/one_sess_group.fsf,https://github.com/pypi-data/pypi-mirror-29,github.com,0,1
swh:1:cnt:ea7bbc43adeb281a5abe6eda063c5ee9fcb31d4f,ea7bbc43adeb281a5abe6eda063c5ee9fcb31d4f,/design_task.fsf,https://github.com/Mic-map/DfMRI,github.com,1,1
swh:1:cnt:ea915af49888c3c2a57c55ba83b98f2d9a8b8886,ea915af49888c3c2a57c55ba83b98f2d9a8b8886,/04.angry-blank.fsf,https://github.com/isacdaavid/emotion-perception-mvpa-2,github.com,1,0
swh:1:cnt:eb141414b10b8f31364658382fa5a194b07bac24,eb141414b10b8f31364658382fa5a194b07bac24,/2147_run-3.fsf,https://git.mpib-berlin.mpg.de/LNDG/stateswitchage/stsw-stsw_fmri_task-0_preproc-data-preproc-2147.git,git.mpib-berlin.mpg.de,0,1
swh:1:cnt:eb264aa3195c5b9a68e2908571a609a5f5e3cb0c,eb264aa3195c5b9a68e2908571a609a5f5e3cb0c,/R4662_S1_Run_1_N60_elapsed_time.fsf,https://github.com/adamgeorgeturnbull/elapsed_time,github.com,1,0
swh:1:cnt:eb32412b4cd34c9da77b0244897a862306bac4cf,eb32412b4cd34c9da77b0244897a862306bac4cf,/retroicor_design_raw.fsf,https://github.com/tknapen/rewardUP,github.com,0,1
swh:1:cnt:eb335aed6c56b378850e4ad3ee541587c50a8959,eb335aed6c56b378850e4ad3ee541587c50a8959,/Acoes.Acoes.ObterListaAcoes.fsf,https://github.com/mauacruz/money-control,github.com,0,1
swh:1:cnt:eb42c4e287dd2083f3cfb7be550c763da576b302,eb42c4e287dd2083f3cfb7be550c763da576b302,/single_test_ISR12_run2_set2_T5.fsf,https://github.com/QQXiao/ISR_2015,github.com,1,0
swh:1:cnt:eb4a1bfac73b1071b1a4b29dcde71b74efe1de45,eb4a1bfac73b1071b1a4b29dcde71b74efe1de45,/feat_level_1_prf_03_sed.fsf,https://github.com/ingo-m/surface,github.com,1,0
swh:1:cnt:eb5b4cbbd0d73fa5b0d17569f6c94a10150f472f,eb5b4cbbd0d73fa5b0d17569f6c94a10150f472f,/L1_task-trust_model-01_seed-VS_run-03.fsf,https://github.com/DVS-Lab/srndna-test,github.com,1,0
swh:1:cnt:eb62cbf07b29be99a25ee556e31eb6ad4aa2ca5c,eb62cbf07b29be99a25ee556e31eb6ad4aa2ca5c,/ssica_task_27_run-10.fsf,https://github.com/DiedrichsenLab/Functional_Fusion,github.com,1,0
swh:1:cnt:eb90649e450ba7fe75c83cede9cb373dc07461ce,eb90649e450ba7fe75c83cede9cb373dc07461ce,/simple.fsf,https://github.com/yf2009017/FEPiCpp,github.com,0,1
swh:1:cnt:ebadb48b0235947f538894453b3f12b1ffe96419,ebadb48b0235947f538894453b3f12b1ffe96419,/single_test_ISR12_run2_set1_T10.fsf,https://github.com/QQXiao/ISR_2015,github.com,1,0
swh:1:cnt:ebc6502bfd99dcde0397759e2d34c966dc167f6d,ebc6502bfd99dcde0397759e2d34c966dc167f6d,/sub-17_level2_afni_design.fsf,https://github.com/AlexBowring/SC2,github.com,1,0
swh:1:cnt:ec336c0b75ab09d140542e1f118bdbefcdb8cb56,ec336c0b75ab09d140542e1f118bdbefcdb8cb56,/frmi.fsf,https://github.com/matteoferrante/ShowAttentTell,github.com,0,1
swh:1:cnt:ec6107237ebf73d5160213bf31686d52d6d2a3d1,ec6107237ebf73d5160213bf31686d52d6d2a3d1,/cda002pre.fmri.taskCMG.run2.melodicFixNone_design.fsf,https://github.com/CVNRni/proj.jn.cda2,github.com,1,0
swh:1:cnt:ec67d0eaecd2b6793c86652b90ab52252692d434,ec67d0eaecd2b6793c86652b90ab52252692d434,/design.fsf,https://github.com/StevenM1/flashtask,github.com,1,0
swh:1:cnt:ec7fa12a3349729523c3d2b07c4e688396d95bce,ec7fa12a3349729523c3d2b07c4e688396d95bce,/.fsf,https://github.com/htwangtw/depersonalisation,github.com,1,0
swh:1:cnt:ecae8673b5df6942f324cbff632ebb08fab6b58d,ecae8673b5df6942f324cbff632ebb08fab6b58d,/setup.fsf,https://github.com/fahaxiki1234/petmr_amph,github.com,0,1
swh:1:cnt:ecd53108bdfe86f67c291ca7e25994eea989ba53,ecd53108bdfe86f67c291ca7e25994eea989ba53,/single_encoding_ISR15_run2_set1_T19.fsf,https://github.com/QQXiao/ISR_2015,github.com,1,0
swh:1:cnt:ecddc81c8530776a9d1517e6691e9bae3fded1e4,ecddc81c8530776a9d1517e6691e9bae3fded1e4,/V04-ActionList.fsf,https://github.com/MichaelBakker1986/docker-compose,github.com,0,1
swh:1:cnt:ece2831e327e99993ee8d6b88eaa03008ae9a443,ece2831e327e99993ee8d6b88eaa03008ae9a443,/fMRI_preprocessing_StimIdentityGLM_template.fsf,https://github.com/BiyuHeLab/eLife_Wu2023,github.com,0,1
swh:1:cnt:eceadce40d130d313453ef9c03469d30a6b8210c,eceadce40d130d313453ef9c03469d30a6b8210c,/feat_level_1_func_03_sed.fsf,https://github.com/ingo-m/surface,github.com,0,1
swh:1:cnt:ed0a7045d23a57ff950aa4485c66d045703345bd,ed0a7045d23a57ff950aa4485c66d045703345bd,/hrkwjg43.fsf,https://github.com/ParmaGIS/ParmaGISDocumentation,github.com,0,1
swh:1:cnt:ed13c61c8d2a5198345e6837d38914ff7b3c8082,ed13c61c8d2a5198345e6837d38914ff7b3c8082,/L2_Gam_PPI.fsf,https://github.com/DVS-Lab/hcp-clinical,github.com,1,0
swh:1:cnt:ed49cc7c34c7f02b613f6e36b13f74af01297978,ed49cc7c34c7f02b613f6e36b13f74af01297978,/Users.fsf,https://gitlab.com/jmseguraf01/usuarios-windows.git,gitlab.com,0,1
swh:1:cnt:ed789405dad83cf635715694d2990e69a4ae2baf,ed789405dad83cf635715694d2990e69a4ae2baf,/sub-TD901_ses-1_task-music.fsf,https://github.com/bircibrain/f19-ex7,github.com,0,1
swh:1:cnt:ed9258818ff3da50d0b9f875bf47bb0c8a3b2c05,ed9258818ff3da50d0b9f875bf47bb0c8a3b2c05,/design.fsf,https://git.mpib-berlin.mpg.de/LNDG/stateswitchage/stsw-stsw_fmri_task-0_preproc-data-preproc-2135.git,git.mpib-berlin.mpg.de,1,1
swh:1:cnt:ed9f5b9b528b617c785d9f1ea263e1b36ee1e907,ed9f5b9b528b617c785d9f1ea263e1b36ee1e907,/tfMRI_LANGUAGE_hp200_s4_level2.fsf,https://github.com/OpenNeuroDatasets/ds004078.git,github.com,0,1
swh:1:cnt:edc8ad08d0fdbc975da0fd92335d8449e2620a09,edc8ad08d0fdbc975da0fd92335d8449e2620a09,/design.fsf,https://github.com/StevenM1/flashtask,github.com,1,0
swh:1:cnt:edd422939bf9c27f22b4b8a6734eb051a960d6ee,edd422939bf9c27f22b4b8a6734eb051a960d6ee,/design.fsf,http://att-program.googlecode.com/svn/,att-program.googlecode.com,1,0
swh:1:cnt:edee4f8d5eb394ca844aab95a19d5825b63881e3,edee4f8d5eb394ca844aab95a19d5825b63881e3,/design.fsf,https://github.com/StevenM1/flashtask,github.com,1,0
swh:1:cnt:edfdf33604481ddfa40a5334ea3e4c596960f561,edfdf33604481ddfa40a5334ea3e4c596960f561,/62_R4268_N60_elapsed_time.fsf,https://github.com/adamgeorgeturnbull/elapsed_time,github.com,1,0
swh:1:cnt:ee63d1ea4f8f2250a4ef0ced0b3a351eb561a5b2,ee63d1ea4f8f2250a4ef0ced0b3a351eb561a5b2,/2118_run-2.fsf,https://git.mpib-berlin.mpg.de/LNDG/stateswitchage/stsw-stsw_fmri_task-0_preproc-data-preproc-2118.git,git.mpib-berlin.mpg.de,0,1
swh:1:cnt:ee76785f748a5caa404d26dd10be49f2e9286476,ee76785f748a5caa404d26dd10be49f2e9286476,/single_test_ISR09_run1_set1_T21.fsf,https://github.com/QQXiao/ISR_2015,github.com,1,0
swh:1:cnt:ee914b07ccde086732380ba0043825f6241f9005,ee914b07ccde086732380ba0043825f6241f9005,/single_test_ISR21_run2_set2_T23.fsf,https://github.com/QQXiao/ISR_2015,github.com,1,0
swh:1:cnt:eeef698f79bac6840df5407619d5dc1d9ca0c2c0,eeef698f79bac6840df5407619d5dc1d9ca0c2c0,/preproc_24_3.fsf,https://bitbucket.org/sffeng/combray.git,bitbucket.org,1,0
swh:1:cnt:eef30954b319cb6cfb6f37cce368cc3744ba32dc,eef30954b319cb6cfb6f37cce368cc3744ba32dc,/design_ICA_Smoothed_nocorrect.fsf,https://github.com/CBICA/UK_biobank_pipeline_v_1,github.com,0,1
swh:1:cnt:ef0b42021d48dd8b456a333adc5d085a49bdc25c,ef0b42021d48dd8b456a333adc5d085a49bdc25c,/designfile_resting-state.fsf,https://github.com/LNDG/Garrett_etal_2023_COBRA,github.com,0,1
swh:1:cnt:ef2c1128afed3a3af5fe15a900616abb81b3ec0a,ef2c1128afed3a3af5fe15a900616abb81b3ec0a,/sub-PXX_DurXX_analysis-1stSeedDef_space-SXX.fsf,https://github.com/david-rtr/cogitate-msp1,github.com,1,0
swh:1:cnt:ef3d316250f53d92ff831e66ab1f96afd3942f9e,ef3d316250f53d92ff831e66ab1f96afd3942f9e,/sub-10_run-03_level1_spm_drift.fsf,https://github.com/AlexBowring/SC2,github.com,1,0
swh:1:cnt:ef4f2b6d6a59a23c04e8ece722e8231f4cd5e5d9,ef4f2b6d6a59a23c04e8ece722e8231f4cd5e5d9,/design.fsf,https://github.com/Manukapp/fbm,github.com,0,1
swh:1:cnt:ef7134bd17bcb460b3ee68708a9f60e50551328f,ef7134bd17bcb460b3ee68708a9f60e50551328f,/default.fsf,https://github.com/BioinformaticsArchive/TVB-empirical-data-pipeline,github.com,1,0
swh:1:cnt:ef8e1a52a3a062849ea39ff25f9e86b0bc52a9eb,ef8e1a52a3a062849ea39ff25f9e86b0bc52a9eb,/single_run.fsf,https://github.com/matanmazor/AliceAndBob,github.com,0,1
swh:1:cnt:ef9d1016fdf55f3e5323b7978a6d26ea10011ab8,ef9d1016fdf55f3e5323b7978a6d26ea10011ab8,/sub-26_run-02_level1_amended.fsf,https://github.com/AlexBowring/Software_Comparison,github.com,1,0
swh:1:cnt:efb89e0b535c6f71e09ba393830c9c8f0d88cb12,efb89e0b535c6f71e09ba393830c9c8f0d88cb12,/design.fsf,https://github.com/pederisager/Opioid_Reward_fMRI,github.com,1,0
swh:1:cnt:eff570ead15525a21ad04e372dff4dfd28f7ba81,eff570ead15525a21ad04e372dff4dfd28f7ba81,/ssica_task_10_run-07.fsf,https://github.com/DiedrichsenLab/Functional_Fusion,github.com,1,0
swh:1:cnt:f003ca83b7d8c7cfa53d939ba2c633aa89a3a121,f003ca83b7d8c7cfa53d939ba2c633aa89a3a121,/L3_template_n9.fsf,https://github.com/DVS-Lab/srndna-test,github.com,1,0
swh:1:cnt:f04451939a85ce337712bb11c124f66b49405c0a,f04451939a85ce337712bb11c124f66b49405c0a,/template_ppi_preprocess.fsf,https://github.com/NBCLab/PhysicsLearning,github.com,1,0
swh:1:cnt:f0522f09ad986e639b4a8981909b09fbfb8ec7f9,f0522f09ad986e639b4a8981909b09fbfb8ec7f9,/sub-22_run-02_level1.fsf,https://github.com/AlexBowring/SC2,github.com,1,0
swh:1:cnt:f06955946c145a7fb46ec4e699f43a47529a5f70,f06955946c145a7fb46ec4e699f43a47529a5f70,/design.fsf,https://github.com/yarikoptic/demo1,github.com,1,0
swh:1:cnt:f0c40dba2add79bb90efab3d0d9e71fb1bf3de87,f0c40dba2add79bb90efab3d0d9e71fb1bf3de87,/design_sub-G01S05_runA.fsf,https://github.com/OpenNeuroDatasets/ds005731.git,github.com,1,0
swh:1:cnt:f0ddf4ad3635cb8448e07d0c3a5da8a56fce1b42,f0ddf4ad3635cb8448e07d0c3a5da8a56fce1b42,/sub-30_run-01_level1.fsf,https://github.com/AlexBowring/SC2,github.com,1,0
swh:1:cnt:f0f08aaf1983f548c601f9eded9d731f1c68ab68,f0f08aaf1983f548c601f9eded9d731f1c68ab68,/R3891_S1_Run_2_N60_elapsed_time.fsf,https://github.com/adamgeorgeturnbull/elapsed_time,github.com,1,0
swh:1:cnt:f109b133ccbda2df507de0fe7d99445336ab8093,f109b133ccbda2df507de0fe7d99445336ab8093,/default.fsf,https://gitlab.com/dagggarorg/test2.git,gitlab.com,0,1
swh:1:cnt:f130bc5d1da6567b6fe56f027323840fcb68b1cb,f130bc5d1da6567b6fe56f027323840fcb68b1cb,/thirdlevel_AT_design_AmbigVRisk_GM_asOneGroup_wGroupsAlone_wResponse.fsf,https://github.com/shanaahall/Ambiguity-Tolerance,github.com,1,0
swh:1:cnt:f13686d1953f0e7f4070d090dc6077df5bfe0241,f13686d1953f0e7f4070d090dc6077df5bfe0241,/kc95c60d.fsf,https://github.com/Aiko-IT-Systems/DisCatSharp,github.com,0,1
swh:1:cnt:f15fced92ad027bab9da3fb24d598730c5dcc180,f15fced92ad027bab9da3fb24d598730c5dcc180,/sub-07_ses-001_task-eventStim_run-004_BOLD_conv.fsf,https://github.com/OpenNeuroDatasets/ds004539.git,github.com,1,0
swh:1:cnt:f17e201eb941c3554ced272241758e0f846f2c8a,f17e201eb941c3554ced272241758e0f846f2c8a,/R4258_S1_Run_3_N60_elapsed_time.fsf,https://github.com/adamgeorgeturnbull/elapsed_time,github.com,1,0
swh:1:cnt:f18a0406f4b41a61c4eebbcdef5d5f3c73c81191,f18a0406f4b41a61c4eebbcdef5d5f3c73c81191,/default.fsf,https://github.com/CoastSunny/TVB-empirical-data-pipeline,github.com,1,1
swh:1:cnt:f1a6a66fca6547cfb6a32aca318b6e767d811ff4,f1a6a66fca6547cfb6a32aca318b6e767d811ff4,/ChangeLog.fsf,https://ftp.gnu.org/gnu/non-gnu/,ftp.gnu.org,0,1
swh:1:cnt:f1e39094ee88425a167a47ea8d0b7cdeb066264c,f1e39094ee88425a167a47ea8d0b7cdeb066264c,/2134_run-3.fsf,https://git.mpib-berlin.mpg.de/LNDG/stateswitchage/stsw-stsw_fmri_task-0_preproc-data-preproc-2134.git,git.mpib-berlin.mpg.de,0,1
swh:1:cnt:f215963ef824273f29e240fc11f691469ac1b8f9,f215963ef824273f29e240fc11f691469ac1b8f9,/template_001_run1_univar1a_PPI_LearnApply.fsf,https://github.com/dpaniukov/RulesFPC,github.com,0,1
swh:1:cnt:f267e4a8532325223e19055d497f627725bf5bfb,f267e4a8532325223e19055d497f627725bf5bfb,/design.fsf,https://git.mpib-berlin.mpg.de/LNDG/stateswitchage/stsw-stsw_fmri_task-0_preproc-data-preproc-2140.git,git.mpib-berlin.mpg.de,1,1
swh:1:cnt:f27c9107e7100d1ee59ac62a83f0f14d4a9bd205,f27c9107e7100d1ee59ac62a83f0f14d4a9bd205,/11_2_spectest.fsf,https://github.com/gargaml/F-Safe,github.com,0,1
swh:1:cnt:f2ac0328da713eaa3d511833b92c3524e4182247,f2ac0328da713eaa3d511833b92c3524e4182247,/design.fsf,https://github.com/pauldmccarthy/fsleyes,github.com,0,1
swh:1:cnt:f2aec668d041a7f4c0d01284037b3cb5c420c809,f2aec668d041a7f4c0d01284037b3cb5c420c809,/analysis_raw.fsf,https://github.com/dvanmoorselaar/PRF_decoding_analysis,github.com,0,1
swh:1:cnt:f2b66633cf8046851b0bd15a2672ceb6534e0a3d,f2b66633cf8046851b0bd15a2672ceb6534e0a3d,/sub-study008_ses-after_task-responsetosnacks_run-01_design.fsf,https://github.com/OpenNeuroDatasets/ds001417.git,github.com,1,0
swh:1:cnt:f2c685cfe5e755d60d61fbdf94e4417807391a11,f2c685cfe5e755d60d61fbdf94e4417807391a11,/1stlvl_preprocess.fsf,https://github.com/eort/nideconv,github.com,1,0
swh:1:cnt:f2e6cef41b31447b1d70f7e391213daca381988f,f2e6cef41b31447b1d70f7e391213daca381988f,/single_test_ISR09_run2_set2_T10.fsf,https://github.com/QQXiao/ISR_2015,github.com,1,0
swh:1:cnt:f317b3b288f43466194627a25082bf3006ed3498,f317b3b288f43466194627a25082bf3006ed3498,/design.fsf,https://github.com/niblunc/bbx,github.com,1,0
swh:1:cnt:f3453a78a06fe53d07ccd33e64014265d6554d2c,f3453a78a06fe53d07ccd33e64014265d6554d2c,/hssp3ery.fsf,https://github.com/PierreYvesR/Cephei,github.com,0,1
swh:1:cnt:f3466b7ad70f1b201b9772233e440851ffd598ad,f3466b7ad70f1b201b9772233e440851ffd598ad,/grp.bart.drugs_in_urine.fsf,https://github.com/AdebayoBraimah/replace_text,github.com,0,1
swh:1:cnt:f35aee208048949c9185239efa46fd85ec897853,f35aee208048949c9185239efa46fd85ec897853,/single_test_ISR10_run1_set2_T16.fsf,https://github.com/QQXiao/ISR_2015,github.com,1,0
swh:1:cnt:f388592a3cb6371868db8ee4959ecb5e15a9687d,f388592a3cb6371868db8ee4959ecb5e15a9687d,/7_BDI_AAI_2.fsf,http://att-program.googlecode.com/svn/,att-program.googlecode.com,1,0
swh:1:cnt:f39b7107caa148f568027f886f31bcdfcf0e2fe4,f39b7107caa148f568027f886f31bcdfcf0e2fe4,/tfMRI_WM_RL_hp200_s4_level1.fsf,https://github.com/datalad-datasets/hcp_wm_preprocessed,github.com,0,1
swh:1:cnt:f41be6f54eb07888d22afd6bc9a8e13392645090,f41be6f54eb07888d22afd6bc9a8e13392645090,/cholastovi.fsf,https://github.com/vlasticz/tasker,github.com,0,1
swh:1:cnt:f4a5ece806e9c7392eb96b80dd3fe353828f8d1b,f4a5ece806e9c7392eb96b80dd3fe353828f8d1b,/template_first_level.fsf,https://github.com/mervynlimjr/UtrechtEpilepsy_Validation,github.com,0,1
swh:1:cnt:f517d481396258cc324e5aa476e925cd5ddd2ca0,f517d481396258cc324e5aa476e925cd5ddd2ca0,/preproc_21_1.fsf,https://bitbucket.org/sffeng/combray.git,bitbucket.org,1,0
swh:1:cnt:f53a14803a5d44d2d79adf77a46e4b4116905628,f53a14803a5d44d2d79adf77a46e4b4116905628,/design_task-nomeacaoinner_vswp_run2.fsf,https://github.com/brunodireito/MVPA-speech_project,github.com,0,1
swh:1:cnt:f558ad25fb39b6580b6acda01c4ba9d96ba31e86,f558ad25fb39b6580b6acda01c4ba9d96ba31e86,/B_0_design_template.fsf,https://github.com/LNDG/Garrett-Epp-Kleemeyer-Lindenberger-Polk-2020-NeuroImage,github.com,0,1
swh:1:cnt:f5a30651470586e6e4a26e2bf712a40fe12125dc,f5a30651470586e6e4a26e2bf712a40fe12125dc,/PNM_ACI.fsf,https://github.com/bschloss/MRI-Pipelines,github.com,0,1
swh:1:cnt:f5aaa69beda3b33db0dfd03cc87e4b8eace4ab55,f5aaa69beda3b33db0dfd03cc87e4b8eace4ab55,/design.fsf,https://git.mpib-berlin.mpg.de/LNDG/stateswitchage/stsw-stsw_fmri_task-0_preproc-data-preproc-1124.git,git.mpib-berlin.mpg.de,0,1
swh:1:cnt:f5c08f2bda428010bc7c5fc10cda1ebd2bdc5ae0,f5c08f2bda428010bc7c5fc10cda1ebd2bdc5ae0,/sub-06_run-01_level1.fsf,https://github.com/AlexBowring/Software_Comparison,github.com,1,0
swh:1:cnt:f655ab98fb23cd14dc9cc9ea5069cc39b21b55f7,f655ab98fb23cd14dc9cc9ea5069cc39b21b55f7,/single_encoding_ISR14_run1_set1_T23.fsf,https://github.com/QQXiao/ISR_2015,github.com,1,0
swh:1:cnt:f6900b187bfcdd1a2242e2ea84c83ca1d65ad395,f6900b187bfcdd1a2242e2ea84c83ca1d65ad395,/acrossRuns.fsf,https://github.com/629ysf/analysis_tools,github.com,0,1
swh:1:cnt:f69865205b5d0318cdbf581eba3855a6ce724c4d,f69865205b5d0318cdbf581eba3855a6ce724c4d,/design_sub-G12S01_runB.fsf,https://github.com/OpenNeuroDatasets/ds005731.git,github.com,1,0
swh:1:cnt:f69a6ca5067eaadeda36723efd4afdde793649c0,f69a6ca5067eaadeda36723efd4afdde793649c0,/ssica_task_31_run-22.fsf,https://github.com/DiedrichsenLab/Functional_Fusion,github.com,1,0
swh:1:cnt:f73b2751bfb533cb374f92e8f699e79dc5460156,f73b2751bfb533cb374f92e8f699e79dc5460156,/sub-14_run-01_level1.fsf,https://github.com/AlexBowring/SC2,github.com,1,0
swh:1:cnt:f76c0571e12fe8719ad8a2d5226534ef59352ab8,f76c0571e12fe8719ad8a2d5226534ef59352ab8,/sub-04_run-2_level1.fsf,https://github.com/pab2163/danl_mri_workshop,github.com,0,1
swh:1:cnt:f783ce72cd31e472e41ec67e5ee1a652ebce87ea,f783ce72cd31e472e41ec67e5ee1a652ebce87ea,/p3bcewoc.fsf,https://github.com/amuraski-zz/OSIsoft-Adapter-Modbus-Docs,github.com,0,1
swh:1:cnt:f7fea93f1206f06c1463e09080d596b8042e5077,f7fea93f1206f06c1463e09080d596b8042e5077,/sub-01_run-02_level1.fsf,https://github.com/AlexBowring/SC2,github.com,1,0
swh:1:cnt:f80c93510d2e69e6cb9ce8db11715f8b0595cfef,f80c93510d2e69e6cb9ce8db11715f8b0595cfef,/2246_run-4.fsf,https://git.mpib-berlin.mpg.de/LNDG/stateswitchage/stsw-stsw_fmri_task-0_preproc.git,git.mpib-berlin.mpg.de,1,0
swh:1:cnt:f83e10d672393017ff70a6ef3979e8a06cb90b80,f83e10d672393017ff70a6ef3979e8a06cb90b80,/~temp.fsf,https://github.com/BlackBindy/neuroevolution-ai-on-danurivr,github.com,1,0
swh:1:cnt:f85c277b8d7b16a5ae23bc7dc9f7304829e5350f,f85c277b8d7b16a5ae23bc7dc9f7304829e5350f,/sub-03_run-1_level1.fsf,https://github.com/pab2163/danl_mri_workshop,github.com,1,0
swh:1:cnt:f8a8ec3075a2b7ef6404660b4c9d41a9b2cf6e14,f8a8ec3075a2b7ef6404660b4c9d41a9b2cf6e14,/single_encoding_ISR19_run1_set2_T7.fsf,https://github.com/QQXiao/ISR_2015,github.com,1,0
swh:1:cnt:f8b16ab013bf29c7903d050a1f778b9d1913e489,f8b16ab013bf29c7903d050a1f778b9d1913e489,/feat_level_1_func_03_sed.fsf,https://github.com/ingo-m/surface,github.com,1,0
swh:1:cnt:f8c80c7f32cf921e32422c2612c033a8351d3b0c,f8c80c7f32cf921e32422c2612c033a8351d3b0c,/AutoFlashError.fsf,http://qijie.googlecode.com/svn/,qijie.googlecode.com,0,1
swh:1:cnt:f8cb77253cb978ab942114a2fbcd5c5f71dc4ea8,f8cb77253cb978ab942114a2fbcd5c5f71dc4ea8,/mfx_design_interleaved.fsf,https://github.com/njchiang/LanguageMVPA,github.com,0,1
swh:1:cnt:f8cfa66464d157406d5ecf6c415c8cc9e718bcbf,f8cfa66464d157406d5ecf6c415c8cc9e718bcbf,/single_encoding_ISR13_run2_set1_T22.fsf,https://github.com/QQXiao/ISR_2015,github.com,1,0
swh:1:cnt:f8f297f086b4d21004de2ca59e2547dd4dd47515,f8f297f086b4d21004de2ca59e2547dd4dd47515,/.fsf,https://github.com/grace-shearrer/fMRI_bootcamp2019,github.com,0,1
swh:1:cnt:f9354d2b20bdfa223620733eb2bc968b3d2e5a66,f9354d2b20bdfa223620733eb2bc968b3d2e5a66,/hsFEAT.fsf,https://github.com/EbnerLab/Server_Pipeline,github.com,0,1
swh:1:cnt:f93621d4b6d5775976e2a905b21923a470037342,f93621d4b6d5775976e2a905b21923a470037342,/sub-09_ses-002_task-eventStimVisOnly_run-002_BOLD_fir.fsf,https://github.com/OpenNeuroDatasets/ds004539.git,github.com,1,0
swh:1:cnt:f95a6001d5e903c005caad1b25c51638bb22d40b,f95a6001d5e903c005caad1b25c51638bb22d40b,/sub-14_level2_spm_design.fsf,https://github.com/AlexBowring/SC2,github.com,1,0
swh:1:cnt:f98720a487ed9c391803836629ddd4a81c087f5a,f98720a487ed9c391803836629ddd4a81c087f5a,/design.fsf,https://github.com/StevenM1/flashtask,github.com,1,0
swh:1:cnt:f9b5a47ffabcdf68e71c81f35e4ee4dc1e222d57,f9b5a47ffabcdf68e71c81f35e4ee4dc1e222d57,/design.fsf,https://github.com/AlexBowring/Software_Comparison,github.com,1,0
swh:1:cnt:f9c0dfae9946ff104c8b4dff82559af3f5b60e8d,f9c0dfae9946ff104c8b4dff82559af3f5b60e8d,/single_encoding_ISR07_run1_set1_T13.fsf,https://github.com/QQXiao/ISR_2015,github.com,1,0
swh:1:cnt:fa027260f5eab96bf2445a49b904e94dc4522f20,fa027260f5eab96bf2445a49b904e94dc4522f20,/single_encoding_ISR07_run2_set2_T24.fsf,https://github.com/QQXiao/ISR_2015,github.com,1,0
swh:1:cnt:fa10c8f9b632d7ede358067b841c05ded3bea0dd,fa10c8f9b632d7ede358067b841c05ded3bea0dd,/feat_template.fsf,https://github.com/mvantieghem/effort_reward_analysis_scripts,github.com,0,1
swh:1:cnt:fa355cfb8236ea77d6071fed77e9f2616e6f0351,fa355cfb8236ea77d6071fed77e9f2616e6f0351,/design.fsf,https://github.com/matkar27/Assignment4,github.com,0,1
swh:1:cnt:fa376c5813651c3713b30d1a332a7a58fd29a8de,fa376c5813651c3713b30d1a332a7a58fd29a8de,/omt315s02.fmri.rest.run1.melodicFixNone_design.fsf,https://github.com/kmcgregor123456/proj.mh.cda2,github.com,1,0
swh:1:cnt:fa62673dd7e4de8b09a2f0369ad30b9caf04f50a,fa62673dd7e4de8b09a2f0369ad30b9caf04f50a,/design.fsf,https://git.mpib-berlin.mpg.de/LNDG/stateswitchage/stsw-stsw_fmri_task-0_preproc-data-preproc-1243.git,git.mpib-berlin.mpg.de,0,1
swh:1:cnt:fa825977411ed32d18a38ca4f4e4e687fee84656,fa825977411ed32d18a38ca4f4e4e687fee84656,/sub-14_level2_spm_design.fsf,https://github.com/AlexBowring/SC2,github.com,1,0
swh:1:cnt:fb031e8f36eceefdd5a4ca6276efb08b8e35eda5,fb031e8f36eceefdd5a4ca6276efb08b8e35eda5,/design.fsf,https://git.mpib-berlin.mpg.de/LNDG/stateswitchage/stsw-stsw_fmri_task-0_preproc.git,git.mpib-berlin.mpg.de,1,0
swh:1:cnt:fb28d123e395bf81952e4f898a711fc9d7813e5b,fb28d123e395bf81952e4f898a711fc9d7813e5b,/design.fsf,https://github.com/ks-young/AFNI_code,github.com,0,1
swh:1:cnt:fb3664eb5d02fb4000ff84808a56f46e1c68788d,fb3664eb5d02fb4000ff84808a56f46e1c68788d,/nuisance_cc.fsf,https://github.com/RanjitK/fcon1000,github.com,0,1
swh:1:cnt:fb855b7730a7bc87262209798a76935fd64de93c,fb855b7730a7bc87262209798a76935fd64de93c,/single_encoding_ISR09_run2_set1_T6.fsf,https://github.com/QQXiao/ISR_2015,github.com,1,0
swh:1:cnt:fb9336a4bb81379a0e197c1df4047888030a6741,fb9336a4bb81379a0e197c1df4047888030a6741,/design_sub-G11S03_runE.fsf,https://github.com/OpenNeuroDatasets/ds005731.git,github.com,1,0
swh:1:cnt:fb938c4d7e143b802c943f4631b3707411efbad9,fb938c4d7e143b802c943f4631b3707411efbad9,/temp.fsf,https://github.com/tclose/nianalysis,github.com,0,1
swh:1:cnt:fbe669e4a294d0369e227c19da2f0c531697d763,fbe669e4a294d0369e227c19da2f0c531697d763,/template_lss_memory_run-03.fsf,https://github.com/dunsmoorlab/gPPI,github.com,1,0
swh:1:cnt:fbf00098658261617478e04643a374d8c142025f,fbf00098658261617478e04643a374d8c142025f,/crossrun.ffx.fsf,https://github.com/ayendiki/freesurfer,github.com,0,1
swh:1:cnt:fc3fe03d4ae4b4af14abb3aa16e1b9941a1e4167,fc3fe03d4ae4b4af14abb3aa16e1b9941a1e4167,/FEATpreproc-checkpoint.fsf,https://github.com/CarolynMcNabb/GBGABA_pilot_analysis,github.com,0,1
swh:1:cnt:fc4e745b6d8e7b37eb429b9bc50a4d98fe5518cf,fc4e745b6d8e7b37eb429b9bc50a4d98fe5518cf,/cope27.fsf,https://github.com/dunsmoorlab/gPPI,github.com,1,0
swh:1:cnt:fc67265b622700573beece4fbe3cd1c5a6da852c,fc67265b622700573beece4fbe3cd1c5a6da852c,/story.fsf,http://svn.osdn.net/svnroot/dette,svn.osdn.net,0,1
swh:1:cnt:fc75eef63c6fefd2a1986fb4080a057773e3592a,fc75eef63c6fefd2a1986fb4080a057773e3592a,/single_test_ISR17_run2_set2_T19.fsf,https://github.com/QQXiao/ISR_2015,github.com,1,0
swh:1:cnt:fc89f2b02b75fd43794f1aae4cde84f970f8747a,fc89f2b02b75fd43794f1aae4cde84f970f8747a,/1160_run-3.fsf,https://git.mpib-berlin.mpg.de/LNDG/stateswitchage/stsw-stsw_fmri_task-0_preproc-data-preproc-1160.git,git.mpib-berlin.mpg.de,0,1
swh:1:cnt:fc999aa66974f5c99a2f33a7a7fa3f2f99fdbe44,fc999aa66974f5c99a2f33a7a7fa3f2f99fdbe44,/20_R3773_N60_elapsed_time.fsf,https://github.com/adamgeorgeturnbull/elapsed_time,github.com,1,0
swh:1:cnt:fca72c15a00611eeaccaee8f131d475a964c8d7d,fca72c15a00611eeaccaee8f131d475a964c8d7d,/design_EKLUND2016.fsf,https://github.com/sroels/Cluster-Stability,github.com,0,1
swh:1:cnt:fcb3238e4a0ade26577c986ef447e49f90dc187f,fcb3238e4a0ade26577c986ef447e49f90dc187f,/single_encoding_ISR11_run1_set2_T14.fsf,https://github.com/QQXiao/ISR_2015,github.com,1,0
swh:1:cnt:fcc9feadb360a31106aa470bb6c8b16587fddcc0,fcc9feadb360a31106aa470bb6c8b16587fddcc0,/design_sub-G11S05_runB.fsf,https://github.com/OpenNeuroDatasets/ds005731.git,github.com,1,0
swh:1:cnt:fcd1dc200c1b14656b4674e3ca58a91b1907e7ff,fcd1dc200c1b14656b4674e3ca58a91b1907e7ff,/default.fsf,https://github.com/JohnWangDataAnalyst/TVB_pipeline_96_ROI,github.com,0,1
swh:1:cnt:fcec2b90311691246c2b28e95bfd199bc3ca8dd0,fcec2b90311691246c2b28e95bfd199bc3ca8dd0,/tfMRI_SOCIAL_RL_hp200_s4_level1.fsf,https://github.com/WilliamsPANLab/HCPPipelines,github.com,0,1
swh:1:cnt:fd3b76132a08abbfb06cc65958f4455760c1060c,fd3b76132a08abbfb06cc65958f4455760c1060c,/AndroidDark.fsf,https://github.com/fjsaez/Mi-GPS,github.com,0,1
swh:1:cnt:fdb0a028b5d73bcba6f12df2e22f590375a40d63,fdb0a028b5d73bcba6f12df2e22f590375a40d63,/~temp.fsf,https://github.com/bazinga94/VR_Danuri,github.com,0,1
swh:1:cnt:fe055f30e0f47cefcb2ead0fd71646fdd2b2a6db,fe055f30e0f47cefcb2ead0fd71646fdd2b2a6db,/~temp.fsf,https://github.com/BlackBindy/neuroevolution-ai-on-danurivr,github.com,1,0
swh:1:cnt:fe101fe75c482990f81789a116e9c3cc34a7d3f1,fe101fe75c482990f81789a116e9c3cc34a7d3f1,/single_encoding_ISR04_run1_set2_T20.fsf,https://github.com/QQXiao/ISR_2015,github.com,1,0
swh:1:cnt:fe4c490a1de5ab92ea5f911697f380df7e962ced,fe4c490a1de5ab92ea5f911697f380df7e962ced,/prep_aroma.fsf,https://github.com/DVS-Lab/hcp-mooddisorders-project,github.com,0,1
swh:1:cnt:fe7fc8e103df61a54fd6b07d032272aa5e0cd913,fe7fc8e103df61a54fd6b07d032272aa5e0cd913,/xi09.fsf,https://github.com/dreibh/fractgen,github.com,1,0
swh:1:cnt:fe8b7331f76e0f49229268de8bb8bc3bf69e6e5e,fe8b7331f76e0f49229268de8bb8bc3bf69e6e5e,/iofs.fsf,https://github.com/acklinr/qnx650,github.com,0,1
swh:1:cnt:fe9d834b30c391bb13db7e5434cd3bbf27eab54f,fe9d834b30c391bb13db7e5434cd3bbf27eab54f,/design3_new.fsf,https://github.com/grace-shearrer/bbx,github.com,1,0
swh:1:cnt:feb923494968a8ad0700c0b838a516d8e4f09c38,feb923494968a8ad0700c0b838a516d8e4f09c38,/design1-checkpoint.fsf,https://github.com/niblunc/Bevel,github.com,0,1
swh:1:cnt:fed27fb1745f81429bbbcfa706452bc2e0c439c8,fed27fb1745f81429bbbcfa706452bc2e0c439c8,/design.fsf,https://git.mpib-berlin.mpg.de/LNDG/stateswitchage/stsw-stsw_fmri_task-0_preproc-data-preproc-2202.git,git.mpib-berlin.mpg.de,0,1
swh:1:cnt:fed995057f2849e8581400bda5e1a83eb6bb3f80,fed995057f2849e8581400bda5e1a83eb6bb3f80,/prep_aroma.fsf,https://github.com/SubashiniLakshmanan/HCP_gambling,github.com,0,1
swh:1:cnt:fef94577b97c3babaf060b3a3f5d63db8a72147b,fef94577b97c3babaf060b3a3f5d63db8a72147b,/R4065_S1_Run_1_N60_elapsed_time.fsf,https://github.com/adamgeorgeturnbull/elapsed_time,github.com,1,0
swh:1:cnt:ff3d522fbf7cbb977dcfb2e7eed2334a509eee65,ff3d522fbf7cbb977dcfb2e7eed2334a509eee65,/sub-08_ses-001_task-eventStim_run-003_BOLD_fir.fsf,https://github.com/OpenNeuroDatasets/ds004539.git,github.com,1,0
swh:1:cnt:ff5eeee30f24c5e6ca1c1ff9b52c2a360ffbbfb5,ff5eeee30f24c5e6ca1c1ff9b52c2a360ffbbfb5,/input-77.fsf,https://github.com/dreibh/rsplib,github.com,1,0
swh:1:cnt:ff80ce8b3edb7ff4ddb2e799e8ba10fc49c6393f,ff80ce8b3edb7ff4ddb2e799e8ba10fc49c6393f,/single_encoding_ISR10_run1_set2_T2.fsf,https://github.com/QQXiao/ISR_2015,github.com,1,0
swh:1:cnt:ff9c4090531456cbedf3f9ac6bfb7d5012b8271b,ff9c4090531456cbedf3f9ac6bfb7d5012b8271b,/design.fsf,https://git.mpib-berlin.mpg.de/LNDG/stateswitchage/stsw-stsw_fmri_task-0_preproc-data-preproc-1265.git,git.mpib-berlin.mpg.de,0,1
swh:1:cnt:ffae70db078ab27d5c8edadb16cb958cb3df55a7,ffae70db078ab27d5c8edadb16cb958cb3df55a7,/nuisance_nogsr.fsf,https://github.com/cindeem/jagust_rsfmri,github.com,0,1
swh:1:cnt:ffc35bdb16c2e40577a86dcf7292b20ae14ae2c1,ffc35bdb16c2e40577a86dcf7292b20ae14ae2c1,/RightS2_PPI_1stLevel.fsf,https://github.com/alisazoltowski/PPI,github.com,0,1
swh:1:cnt:ffde90d5f5c264de9083b3f4db4a0a6ec01c1bdf,ffde90d5f5c264de9083b3f4db4a0a6ec01c1bdf,/template.fsf,https://github.com/Hershkovitz-hub/fmri_cortical_layers,github.com,0,1
swh:1:cnt:ffdf9a53501e0b2da7e8b1bcd5e89b0173effb49,ffdf9a53501e0b2da7e8b1bcd5e89b0173effb49,/DropBox__C48CC96_D.fsf,https://github.com/refap3/drsrepo,github.com,1,1
