sha1_git,filename,source_csv,length,is_text,total_lines,blank_lines,comment_lines,code_lines,comment_ratio,source_format_guess,n_divisions,has_exec_sql,has_exec_cics,copy_count,call_count,perform_count,goto_count,comp3_count,pic_count,program_ids,judge_cobol_confirmed,judge_dialect_family,judge_standard,judge_source_format,judge_domain,judge_program_type,judge_maturity,judge_confidence,judge_dialect_detail,judge_domain_detail
bab43fcee6d1fa4eac7f03463c9f9df45b07f054,/DFH0XSOD.cbl,cbl_files_lowercase.csv,7259,True,145,15,75,55,0.577,fixed,4,False,True,1,0,1,0,0,13,DFH0XSOD,true,ibm-mainframe,COBOL-85,fixed,demo-example,online-cics,production-like,high,"IBM CICS TS sample application, compiled with CBL CICS('COBOL3') APOST directive; product 5655-Y04, CICS TS 7.2.0",IBM CICS TS sample/example application - stubbed order dispatcher used when outbound web services are not required
e646dd9bd2bcffd82658c27464c0e3c6794a2f30,/COCRDUPS.cbl,cbl_files_lowercase.csv,60142,True,1462,152,153,1157,0.117,fixed,4,False,True,12,0,25,18,0,96,COCRDUPS,true,ibm-mainframe,COBOL-85,fixed,banking-finance,online-cics,production-like,high,"IBM CICS online program, part of Amazon AWS CardDemo sample application. Uses EXEC CICS commands, BMS maps, COPY books, and COMMAREA-based communication typical of IBM mainframe CICS development.","Credit card management system - screen/UI logic for updating credit card details (card name, expiry, status) in a CICS online transaction environment"
c034210adc29cd0157a5239f3dbd9bdfb2f1c719,/gameSummary.aspx.designer.cbl,cbl_files_lowercase.csv,16479,True,441,4,379,58,0.867,fixed,0,False,False,0,0,0,0,0,0,,,,,,,,,,,
ba85b0648955d9b46f837be5609fd355ce0f6f89,/CWSPID.cbl,cbl_files_lowercase.csv,5367,True,158,23,5,130,0.037,fixed,4,False,False,0,0,2,2,0,13,CWSPID,true,micro-focus,COBOL-85,fixed,utility-tooling,subprogram,production-like,high,"Micro Focus COBOL with $Set directives (IdxFormat, DataCompress, KeyCompress, Remove), COMP-5, LOCK MODE IS EXCLUSIVE, VALUE OF FILE-ID, and ON 1 declarative-style usage. Authored by COBOLware Services Ltda (Brazilian vendor). Portuguese variable names and DECIMAL-POINT IS COMMA confirm Brazilian Portuguese locale.","Object ID management utility — allocates and recycles unique numeric identifiers for typed objects, using indexed files as a free-list and object registry. Likely part of a larger application framework by COBOLware Services Ltda."
d12bac10112bff1dbe75f2f893ef0e68da4142ad,/D516KYS.cbl,cbl_files_lowercase.csv,384,True,10,0,0,10,0.0,free,0,False,False,0,0,0,0,0,0,,,,,,,,,,,
f1d81029d6ec074a3370e5b5320d578af394769b,/STU-BUILDER.cbl,cbl_files_lowercase.csv,4465,True,123,23,6,94,0.06,fixed,4,False,False,0,0,4,0,0,27,STU-BUILDER,true,gnucobol,COBOL-85,fixed,education-tutorial,batch,student-exercise,high,Likely GnuCOBOL or similar open-source COBOL; uses LINE SEQUENTIAL organization and relative file paths typical of GnuCOBOL student environments,"Student record management exercise; reads a flat student starter file, sorts by last/first name, assigns sequential IDs, and writes to an indexed master file"
4e6635112fe7b32ed8d9b4bdbc58dc77b0e115be,/Legion 006 - (New 52).cbl,cbl_files_lowercase.csv,7949,True,164,0,0,164,0.0,fixed,0,False,False,0,0,0,0,0,0,,,,,,,,,,,
4c46e3c4bada106f14a873cb03bb84423ee6afaa,/STUDENT-SCHEDULE.cbl,cbl_files_lowercase.csv,4497,True,125,1,15,109,0.121,fixed,3,False,False,4,0,9,0,0,4,STUDENT_SCHEDULE,true,micro-focus,COBOL-85,fixed,education-tutorial,batch,student-exercise,high,Uses VALUE OF FILE-ID clause and PROGRAM-ID AS alias syntax typical of Micro Focus or ACUCOBOL; ASSIGN TO DISK with VALUE OF FILE-ID is a Micro Focus/ACUCOBOL idiom. GOBACK used as main program terminator.,University student scheduling system - displays a student's class schedule from indexed/relative files
d2d5d3298a365ac356a283b23a1d8e7330ace536,/[DC Comics] DC Master Reading Order Part #02 (WEB-CBRO).cbl,cbl_files_lowercase.csv,121993,True,2837,0,0,2837,0.0,free,0,False,False,0,0,0,0,0,0,,,,,,,,,,,
c452b24bc729a8d729e4d578e54a7cacd4d216ae,/sample.cbl,cbl_files_lowercase.csv,10368,True,128,0,56,72,0.438,fixed,4,False,True,1,0,0,10,0,1,AFISLINK,true,ibm-mainframe,COBOL-85,fixed,government-public,online-cics,production-like,high,"IBM OS/390 & MVS CICS online program, converted by CCCA tool (5648-B05) in 2002; uses DFHCOMMAREA and EXEC CICS LINK/RETURN","AFIS (Automated Fingerprint Identification System) interface, likely law enforcement or government identity management system"
fd0fcfdd6aeb21af618d78c0d1983c5f89478d0e,/pw00702s.cbl,cbl_files_lowercase.csv,88920,True,1708,185,68,1455,0.045,fixed,4,False,False,28,10,159,0,0,130,PW00702S,true,micro-focus,COBOL-85,free,banking-finance,batch,production-like,high,"Micro Focus COBOL with $set directives (sourceformat free, preprocess htmlpp, constant), COMP-X and COMP-5 usage, external-form clause, class repository, CGI/web integration via htmlpp preprocessor. Likely Micro Focus Net Express or similar product targeting Brazilian financial system.","Brazilian financial system - CFR (Controle Financeiro/Receivables) export module handling financial movements (Movimentação do Financeiro) and financial balances (Saldo do Financeiro), with SAP 60 chart of accounts integration"
4cdbba90c57f1a9101480d6c7551e0b218245eaa,/DB2CBLEX.cbl,cbl_files_lowercase.csv,28616,True,349,0,133,216,0.381,fixed,4,True,False,1,2,6,0,1,29,DB2CBLEX,true,ibm-mainframe,COBOL-85,fixed,education-tutorial,batch,student-exercise,high,"IBM DB2 mainframe COBOL with EXEC SQL, DCLGEN copybook (DCLEMP), SQLCA include, and CHAMP link control statements. Uses DSN8110.EMP sample DB2 table. Fixed format with sequence numbers in columns 73-80.",IBM DB2 sample employee table (DSN8110.EMP) used in training/tutorial context; program fetches and reports employee records
26f9cadd038fa3e14c80f10e74d57044b4a3890e,/ADDAMT.cbl,cbl_files_lowercase.csv,2132,True,43,0,9,34,0.209,fixed,3,False,False,0,0,2,0,0,7,ADDAMT,true,unknown,COBOL-85,fixed,education-tutorial,demo,student-exercise,high,"Simple interactive COBOL program using PERFORM UNTIL with inline END-PERFORM and GOBACK, consistent with COBOL-85 or later; no vendor-specific extensions visible","Student exercise demonstrating ACCEPT/DISPLAY, arithmetic, and loop control"
b84ee0fabd85dae3810f450ce4530beb45bd93fb,/MyGrade.cbl,cbl_files_lowercase.csv,4667,True,129,16,26,87,0.23,fixed,4,False,False,0,0,4,0,0,22,MYGRADE,true,unknown,COBOL-85,fixed,education-tutorial,batch,student-exercise,high,Standard COBOL-85 features used; no vendor-specific extensions visible. Likely compiled with GnuCOBOL or similar open-source compiler given student context and LINE SEQUENTIAL usage.,"Student grade calculation program, likely a university COBOL programming exercise. Reads subject records with grades and attempts to compute GPA averages."
7d31f09e6067e39e1fdea315717a010144f66bd8,/OCCRS.cbl,cbl_files_lowercase.csv,8525,True,206,47,54,105,0.34,fixed,3,False,False,0,0,16,0,0,18,OCCRS,true,gnucobol,COBOL-85,fixed,education-tutorial,demo,student-exercise,high,GnuCOBOL (cobc) as indicated by 'Tectonics: cobc' comment; Portuguese-language identifiers and comments suggest Brazilian origin,"COBOL array (OCCURS clause) demonstration program in Portuguese, covering single-dimension and two-dimensional arrays"
3a9980b5530dc14da622982f81f162822d855fd4,/SEARCH_SORT.cbl,cbl_files_lowercase.csv,3179,True,101,8,0,93,0.0,fixed,4,False,False,0,0,11,0,0,10,SEARCH_SORT,true,gnucobol,COBOL-85,fixed,education-tutorial,demo,student-exercise,high,"Standard COBOL-85 with LINE SEQUENTIAL organization, likely compiled with GnuCOBOL or similar open-source compiler; no vendor-specific extensions","Student record processing exercise demonstrating array loading, sequential search, and file I/O"
257284e43ae8259178f1bc0f5bf661275d50b1b0,/hcipdb01.cbl,cbl_files_lowercase.csv,8236,True,184,2,69,113,0.379,fixed,4,True,True,2,1,3,0,0,19,HCIPDB01,true,ibm-mainframe,COBOL-85,fixed,healthcare-medical,online-cics,production-like,high,"IBM CICS/DB2 mainframe program, part of the HCAZ transaction suite (likely IBM Z Open Development or zCOBOL learning/demo environment based on HCAZ transaction naming and bug injection comments)",Patient inquiry subsystem for a healthcare application; retrieves patient demographic and insurance data from a DB2 PATIENT table by patient ID
ddc4ee08df22bde2ae4f17ac7179d03ac18095d8,/desafioModulo2CPF.cbl,cbl_files_lowercase.csv,748,True,25,3,6,16,0.273,fixed,3,False,False,0,0,0,0,0,3,YOUR-PROGRAM-NAME,true,gnucobol,COBOL-85,fixed,education-tutorial,subprogram,student-exercise,medium,GnuCOBOL template (cobc compiler indicated in Tectonics comment); Portuguese-language identifiers suggest Brazilian origin,"Brazilian COBOL module 2 challenge involving CPF (Brazilian tax ID) processing, though the actual CPF logic is not yet implemented"
11446809ef6c4bc6ac7f7507f34c4f8aaeb67f9e,/log4mas.cbl,cbl_files_lowercase.csv,14871,True,410,46,13,351,0.036,fixed,3,False,False,20,2,41,0,0,20,log4mas,true,gnucobol,COBOL-85,fixed,accounting-erp,batch,production-like,high,"GnuCOBOL/OpenCOBOL-style program; uses COMP-1 for nargs, 78-level constants, C$NARG intrinsic call, CANCEL verb, and Italian-language business logic typical of Italian open-source ERP/WMS systems","Warehouse/order management system - logs articles at stock level 4 (scorta 4) with pending quantities from master orders, used in an Italian ERP/WMS context"
f572e8ac958e2fdc514527597f9de5f615d16e5e,/relcli.cbl,cbl_files_lowercase.csv,16170,True,458,54,4,400,0.01,fixed,4,False,False,6,0,16,0,0,44,RELCLI,true,gnucobol,COBOL-85,fixed,retail-commerce,batch,production-like,medium,"GnuCOBOL (OpenCOBOL) targeting PC environment; Portuguese-language Brazilian business application with DECIMAL-POINT IS COMMA, SCREEN SECTION, COPY copybooks, and FUNCTION SQRT usage consistent with GnuCOBOL on Linux/Windows PC",Brazilian customer report generation with vendor (salesperson) assignment by geographic proximity (latitude/longitude distance calculation)
a32402ec2162ea50107c9033521e866d34bc5d92,/ph070129.cbl,cbl_files_lowercase.csv,7326,True,176,23,29,124,0.19,fixed,4,False,False,8,1,9,0,0,0,PH070129,true,gnucobol,COBOL-85,free,other,online-cics,production-like,high,"GnuCOBOL with htmlpp preprocessor extension; part of a Brazilian web-based SIV (Sistema de Informações de Vendas) / GDD panel application using EXEC HTML syntax and OOP-style class repository (EscreveJson, Utils). Likely compiled with GnuCOBOL + a custom HTML preprocessor.",Brazilian SIV (Sistema de Informações de Vendas) - GDD (Grupo de Distribuição/Dados) panel management screen; appears to be a retail/distribution management web UI panel
baec2f55f84868fc42549496d2a48215b61cb2c9,/breakdown.aspx.designer.cbl,cbl_files_lowercase.csv,44047,True,1145,4,995,146,0.872,fixed,0,False,False,0,0,0,0,0,0,,,,,,,,,,,
fdb64c219cb5a29b006c020f0ee4b45e575265c8,/cxp100-08-06-2009.cbl,cbl_files_lowercase.csv,101942,True,2521,250,144,2127,0.063,fixed,4,False,False,50,20,288,0,0,98,CXP100,true,micro-focus,COBOL-85,fixed,accounting-erp,batch,production-like,high,"Micro Focus COBOL for Windows/DOS environment; uses DS-CONTROL-BLOCK (Micro Focus dialog system), COPY with quoted filenames (e.g. 'CXP100.CPB', 'DS-CNTRL.MF'), 78-level constants, ACCEPT FROM COMMAND-LINE, ASSIGN TO PRINTER, DECIMAL-POINT IS COMMA, and path-based file references typical of Micro Focus on PC/Windows","Cash register / daily cash movement (Movimento de Caixa) module of a Brazilian ERP system, integrating accounts payable, bank accounts, and general ledger"
414e4e187bcecedee61b96e41292a5f6eaca10ad,/CIB007.cbl,cbl_files_lowercase.csv,62791,True,1253,155,151,947,0.138,fixed,4,False,False,3,3,49,10,7,151,CIB007,true,ibm-mainframe,COBOL-85,fixed,insurance,batch,production-like,high,"IBM mainframe COBOL with CBL compiler option (NOADV), COMP-3, RECORDING MODE IS F, BLOCK CONTAINS 0 RECORDS, indexed VSAM files with FILE STATUS, and COPY statements. Change log dates from 2000-2018. Likely compiled with IBM Enterprise COBOL on z/OS.","Compensation/billing statement processing for insurance carriers; handles billing statements, refund vouchers, barcodes, and remittance for accounts with various bill/remit codes (B, S, T, E, R). References compensation master, CID, mail room, and financial responsibility numbers."
0639f12478bf08bc019a360a008dfe31f44c0240,/desconto05.cbl,cbl_files_lowercase.csv,12673,True,390,71,0,319,0.0,fixed,4,False,False,2,10,20,0,0,28,DESCONTO05,true,acucobol,COBOL-85,fixed,retail-commerce,online-cics,production-like,high,"ACUCOBOL-GT / AcuCOBOL dialect evidenced by ACUGUI.DEF copybook, HANDLE data type, GRAPHICAL WINDOW, FLOATING WINDOW, PUSH-BUTTON/ENTRY-FIELD/LABEL screen controls, EVENT PROCEDURE, SIGNED-SHORT/SIGNED-LONG, COMP-X, C$RERR, C$RERRNAME runtime calls, and LOCK MODE AUTOMATIC on indexed file","Discount table maintenance – calculates discount value, net price, and commission based on a configurable discount/commission percentage table"
d99e62f3cb87ddf4bea507b468ba5b3eb2ee5770,/car105.cbl,cbl_files_lowercase.csv,2249,True,58,0,8,50,0.138,fixed,4,False,False,0,0,2,0,0,8,car105,true,micro-focus,COBOL-85,fixed,demo-example,batch,student-exercise,high,"Explicitly described as mainframe-to-Micro Focus COBOL conversion; uses 'assign external', 'organization line sequential', 'file status', and 'uvM' change markers typical of Micro Focus migration tooling",Customer master file processing - name and address list generation; explicitly labeled as test/demo for mainframe-to-Micro Focus migration
19f6353b8bbea6437c5d3567355760311f188107,/TypedefCyclic0.cbl,cbl_files_lowercase.csv,1246,True,49,11,0,38,0.0,fixed,1,False,False,0,0,0,0,0,4,TypedefCyclic0,true,gnucobol,COBOL-2014,fixed,test-suite,test,snippet,high,Uses TYPEDEF STRICT and TYPE keywords which are GnuCOBOL 3.x / COBOL-2014 OO-style type definitions; likely a GnuCOBOL compiler test for cyclic typedef detection,Compiler test case for cyclic/recursive TYPEDEF STRICT definitions in COBOL-2014 style
18715e1b85b509905fd8fb7e9fe127e70c32058c,/read_cmd_line_args.cbl,cbl_files_lowercase.csv,1122,True,36,8,6,22,0.214,fixed,3,False,False,0,0,0,0,0,2,read-cmd-line-args,true,gnucobol,COBOL-85,fixed,demo-example,demo,snippet,high,GnuCOBOL (cobc) as indicated by 'tectonics: cobc' comment; uses ACCEPT FROM COMMAND-LINE and FUNCTION LOWER-CASE,Simple demonstration of reading command-line arguments in GnuCOBOL
0e9f60235484b8d92182316ea0a8ec7ab6660e4f,/pl940.cbl,cbl_files_lowercase.csv,25376,True,650,0,245,405,0.377,free,4,False,False,11,2,19,11,0,175,pl940,true,gnucobol,COBOL-85,free,accounting-erp,batch,production-like,high,"Applewood Computers Accounting System (ACAS), compiled with GnuCOBOL/OpenCOBOL; uses >>source free directive, *> comments, and GNU GPL licensing. Version 3.02.06.",Accounts payable cheque/payment file writer for the Applewood Computers Accounting System (ACAS); produces a CSV-style text file for cheque printing via mail-merge or BACS bank payment submission
4e839bd595369bbd2f38c1c1749ec020fe07ac8b,/acas007.cbl,cbl_files_lowercase.csv,28245,True,663,3,359,301,0.544,free,4,True,False,8,6,9,36,0,9,acas007,true,gnucobol,COBOL-85,free,accounting-erp,subprogram,production-like,high,"GnuCOBOL free-format source, part of the ACAS (Applewood Computers Accounting System) v3.02+, authored by Vincent B Coen. References GnuCOBOL v3.2 compatibility fixes in changelog.","General Ledger (GL) Batch file/table handler within the ACAS accounting system. Handles ISAM flat file and RDBMS (DB2, MySQL, Postgres, Oracle, MS SQL) I/O for the GL Batch file."
63b39a2c43a3aa821b75e46769dda2a9aa25cf11,/IC2134.2.cbl,cbl_files_lowercase.csv,5580,True,112,3,0,109,0.0,free,0,False,False,0,1,0,0,0,0,,,,,,,,,,,
f7457795469279d73832f9f0ebd3e34a1856c6db,/NC2424.2.cbl,cbl_files_lowercase.csv,73470,True,908,11,5,892,0.006,fixed,2,False,False,0,1,75,22,0,141,NC2424,true,ibm-mainframe,COBOL-85,fixed,test-suite,test,production-like,high,"IBM Enterprise COBOL for z/OS 6.3.0 P220314, compiler listing format with IGYGR diagnostics. This is a NIST COBOL 85 test suite program (NC2424.2) for validating multi-dimensional table construction and access.","NIST COBOL 85 conformance test suite - on-site validation program testing 3-dimensional and 7-dimensional table construction and access using PERFORM, SET, subscripts, and indices"
0c6bdcb7b2900afbb0f0bf7f33e81ff2215ee4fd,/star-10-2.cbl,cbl_files_lowercase.csv,645,True,24,1,0,23,0.0,fixed,3,False,False,0,0,2,0,0,1,STAR-10-1,true,gnucobol,COBOL-85,fixed,education-tutorial,demo,student-exercise,high,"Simple educational program, likely compiled with GnuCOBOL; AUTHOR clause and GOBACK suggest standard COBOL-85 features","Simple star-printing exercise, likely a student assignment"
bf69b8ca11dba0c8de8fc972687ce2c850004f85,/Wonder Woman 1 - Golden Age.cbl,cbl_files_lowercase.csv,42031,True,799,0,0,799,0.0,fixed,0,False,False,0,0,0,0,0,0,,,,,,,,,,,
86c5ac403a2b5c2966d22dd5c6a3bac356bf0dc8,/Lista3E2.cbl,cbl_files_lowercase.csv,1534,True,61,16,6,39,0.133,fixed,4,False,False,0,0,0,0,0,3,Lista3E2,true,gnucobol,COBOL-85,fixed,education-tutorial,demo,student-exercise,high,Student exercise likely compiled with GnuCOBOL; Portuguese comments and Brazilian date format suggest Brazilian academic environment,"Brazilian university COBOL course exercise (Lista 3, Exercise 2)"
b5ce23029f048b31ba57f9f4d903eb174a260961,/TSQL021C.cbl,cbl_files_lowercase.csv,1677,True,72,25,1,46,0.021,fixed,3,True,False,0,0,0,1,0,5,TSQL021C,true,gnucobol,COBOL-85,fixed,test-suite,test,snippet,medium,GnuCOBOL/OpenCOBOL test program using EXEC SQL with ODBC/ESQL connectivity; IBM-AT as SOURCE/OBJECT-COMPUTER is common in GnuCOBOL test suites,SQL connectivity test — verifies EXEC SQL CONNECT with environment-variable-supplied credentials
f374403515ac38b076af90ab40b2288af2f00bb9,/CPBD061GLS.cbl,cbl_files_lowercase.csv,384,True,10,0,0,10,0.0,free,0,False,False,0,0,0,0,0,0,,,,,,,,,,,
50971a6778d633c78350b92232f65245560eeb2b,/ph070058.cbl,cbl_files_lowercase.csv,11005,True,240,29,33,178,0.156,fixed,4,False,False,11,1,17,0,0,2,PH070058,true,micro-focus,COBOL-85,free,retail-commerce,online-cics,production-like,high,"Micro Focus COBOL with OO extensions (INVOKE, class/repository), htmlpp preprocessor, $set directives, free source format. Likely part of a Brazilian retail/ERP web application framework using HTML embedded in COBOL via EXEC HTML blocks.",Brazilian retail ERP system - product assortment group (Grupo Desafio/Sortimento) management screen for a purchase suggestion algorithm (GVP - Algoritmo de Sugestão de Pedidos)
d5c6b9f7793bab7197aedd16f98c1f0fc6f4f1f6,/SAM1.cbl,cbl_files_lowercase.csv,20266,True,484,39,56,389,0.126,fixed,4,False,False,4,1,31,0,15,87,SAM1,true,ibm-mainframe,COBOL-85,fixed,education-tutorial,batch,production-like,high,"IBM mainframe COBOL; licensed IBM sample program (copyright IBM 2018-2019); uses RECORDING MODE IS V/F, BLOCK CONTAINS 0 RECORDS, RETURN-CODE special register, GOBACK, COMP-3, ACCEPT FROM DATE/TIME — all characteristic of IBM Enterprise COBOL for z/OS",IBM-supplied sample/lab program for COBOL debugging and fault analysis training; processes a sequential customer file with transaction-driven updates
6031fa223703995fee4ba6f2f693baf1a94dd7ef,/cgi-edit-betyg.cbl,cbl_files_lowercase.csv,11117,True,328,82,53,193,0.215,fixed,3,True,False,2,11,14,0,0,20,cgi-edit-betyg,true,gnucobol,COBOL-85,fixed,education-tutorial,online-cics,production-like,medium,"GnuCOBOL CGI web application using embedded SQL (likely MySQL/MariaDB via ESQL preprocessor), Swedish-language comments and identifiers, custom CGI library calls (wui-print-header, wui-start-html, get-post-value, stop-printscr, ok-printscr). Uses *> comment style typical of GnuCOBOL/COBOL-2002+.","Grade management system (Swedish: 'betyg' = grade), likely a school or university student records application"
793e317f96d95ba131898c964f994d2012e8039d,/CPRMAIN.cbl,cbl_files_lowercase.csv,2117,True,68,13,8,47,0.145,fixed,4,False,False,0,7,7,0,0,7,CPRMAIN,true,ibm-mainframe,COBOL-85,fixed,government-public,test,production-like,high,"IBM mainframe COBOL, authored by IBM's Flemming Petersen (2019). Uses BINARY (COMP) fields, GOBACK, EXIT PROGRAM, and SECTION-based procedure division typical of IBM Enterprise COBOL.",Danish CPR (Central Person Register) number validation — CPR numbers are Danish national identity numbers. The program tests a module called CPRCHECD (CPR Check) with various CPR number inputs.
cdedc94ff5507a6875e0ffe15a0eeef5230e4b31,/stbefw481.cbl,cbl_files_lowercase.csv,23680,True,558,61,41,456,0.082,fixed,4,False,False,12,1,46,0,0,36,STBEFW481,true,micro-focus,COBOL-85,free,accounting-erp,batch,production-like,high,"Micro Focus COBOL with $set directives (sourceformat free, preprocess htmlpp, ms(2)), likely running under a Brazilian ERP/EFW system called FonteSeguro. Free-format source with Micro Focus compiler directives.",Brazilian ERP system (FonteSeguro/EFW) - transfer of base data for 'Clientes com Restrição Denegado' (clients with denied restriction) between company/branch directories
01ed7f856e426d1fbde7ad065167164db8ef4995,/CPBD368HKK.cbl,cbl_files_lowercase.csv,1019,True,20,0,3,17,0.15,fixed,0,False,False,0,0,0,0,0,15,,,,,,,,,,,
22f6b72cb5228d34abc65a3f812d179f0cbd2621,/BATCH_1.cbl,cbl_files_lowercase.csv,5651,True,157,24,13,120,0.098,fixed,4,False,False,0,0,3,0,0,51,BATCH_1,true,gnucobol,COBOL-85,fixed,education-tutorial,batch,student-exercise,medium,"Likely GnuCOBOL (OpenCOBOL) based on Linux file paths (/oscobol/src/), RECORDING MODE IS V with variable-length records, and FUNCTION CURRENT-DATE usage. Author 'UCA' and French comments suggest academic/educational context.","Student exercise simulating batch processing of visit statistics and transaction records, likely for a university COBOL course (author 'UCA')."
bcab17945acbca30d625e3da67187042d8c844c6,/D686THN.cbl,cbl_files_lowercase.csv,907,False,0,0,0,0,0.0,unknown,0,False,False,0,0,0,0,0,0,,,,,,,,,,,
72afc8ec7bf82cdb1c438d2f1ea9ffbd56b99d0e,/tempCodeRunnerFile.cbl,cbl_files_lowercase.csv,44,True,1,0,0,1,0.0,fixed,0,False,False,0,0,0,0,0,0,,,,,,,,,,,
a784a8091ff15ba2440b174738daffd3cd5d098c,/exercicio_07_v2.cbl,cbl_files_lowercase.csv,7058,True,170,38,29,103,0.22,fixed,4,False,False,0,0,3,0,0,7,exercicio_07_v2,true,micro-focus,COBOL-85,free,education-tutorial,demo,student-exercise,high,"Micro Focus COBOL with $SET SQL(dbman=ODBC) and $set sourceformat""free"" compiler directives; SCREEN SECTION with FOREGROUND-COLOR and USING clauses typical of Micro Focus/GnuCOBOL interactive screen handling","Brazilian university COBOL exercise (Lista 03, Exercicio 07) computing INSS social security discount on salary"
e2ea3bf9897b65a26d028b71a9075a9567bbef2b,/MarksMF.cbl,cbl_files_lowercase.csv,2244,True,67,2,0,65,0.0,fixed,4,False,False,0,0,5,0,0,10,MarksMF,true,micro-focus,COBOL-85,fixed,education-tutorial,batch,student-exercise,high,"Likely Micro Focus or compatible (e.g. GnuCOBOL on Windows); uses ORGANISATION IS LINE SEQUENTIAL and Windows file path, typical of Micro Focus/GnuCOBOL student environments",Student exercise computing total marks scored by male and female students from a sequential file
222f259959619566fd325c66e1946e303590273a,/TN0004.cbl,cbl_files_lowercase.csv,21172,True,491,49,22,420,0.05,fixed,4,False,False,1,0,67,0,0,89,TR0004,true,gnucobol,COBOL-85,fixed,banking-finance,batch,student-exercise,medium,Likely compiled with GnuCOBOL on Windows (file paths use D:/Intern by NTT data/... Windows-style paths); student intern project at NTT Data Thailand context suggested by path naming,"Credit card transaction reporting: reads card transaction records and produces separate reports for Visa, Mastercard, JCB, and an all-cards combined file with totals"
689c855aa1ea79cf95ef8c8f0cef08ef4328a045,/Avengers 004.cbl,cbl_files_lowercase.csv,39755,True,886,0,0,886,0.0,fixed,0,False,False,0,0,0,0,0,0,,,,,,,,,,,
82438913688919d2c09e41cefe16077607229719,/pw04217c.cbl,cbl_files_lowercase.csv,17920,True,432,50,39,343,0.102,fixed,4,False,False,36,1,42,0,0,1,PW04217C,true,gnucobol,COBOL-85,free,accounting-erp,batch,production-like,high,Brazilian ERP/web system (HBsis) using GnuCOBOL with htmlpp preprocessor and $set directives for free-format source and HTML generation via EXEC HTML,Accounts payable (Contas a Pagar) index recovery utility for titles/invoices file in a Brazilian ERP system (HBsis)
5ea4d4659bd88759449c955a15eeba6bbd3b59be,/CPBD382SSS.cbl,cbl_files_lowercase.csv,384,True,10,0,0,10,0.0,free,0,False,False,0,0,0,0,0,0,,,,,,,,,,,
d33f8409f497b3e71d1238456500d8fd9510dcc2,/IfThenNextSentence0.cbl,cbl_files_lowercase.csv,366,True,15,2,0,13,0.0,fixed,2,False,False,0,0,0,0,0,2,IFTHEN,true,unknown,COBOL-85,fixed,education-tutorial,demo,toy-or-hello-world,high,Simple demo/tutorial program illustrating IF-THEN-NEXT SENTENCE construct; no vendor-specific extensions,Demonstrates the IF-THEN-NEXT SENTENCE construct in COBOL
772faf254b7cb41236673c64d847f576cb9d0c40,/ex02.cbl,cbl_files_lowercase.csv,5505,True,162,30,13,119,0.098,fixed,4,False,False,0,0,7,0,0,42,EX02,true,gnucobol,COBOL-85,fixed,education-tutorial,batch,student-exercise,high,"Brazilian student exercise, likely compiled with GnuCOBOL (OpenCOBOL); uses VALUE OF FILE-ID and LINE SEQUENTIAL typical of GnuCOBOL on PC",Brazilian Portuguese student exercise for a tourism company (TURISMAR TURISMOS) client report
0c49ebb21fc0e2b95dc4682e2bc3b74853d5c152,/MENU_INICIAL.cbl,cbl_files_lowercase.csv,2964,True,100,22,8,70,0.103,fixed,4,False,False,0,4,4,0,0,9,MENU_INICIAL,true,gnucobol,COBOL-85,fixed,education-tutorial,batch,student-exercise,high,"GnuCOBOL (OpenCOBOL) student project; uses SCREEN SECTION with BACKGROUND-COLOR/FOREGROUND-COLOR, DECIMAL-POINT IS COMMA (Brazilian Portuguese locale), and inline comments with *>",Brazilian Portuguese bookstore management system (BOOK'S CORP / MACKBOOKS) student project
1ce19024c7c1c80edf70f6d43609faae781bbe29,/Listing-5-2-e.cbl,cbl_files_lowercase.csv,1859,True,79,9,3,67,0.043,fixed,3,False,False,0,0,10,0,0,2,Listing5-2,true,gnucobol,COBOL-85,fixed,education-tutorial,demo,student-exercise,high,"Likely GnuCOBOL or similar open-source compiler; uses *> inline comments which are a COBOL-2002+ feature but commonly supported in GnuCOBOL; authored by Michael Coughlan (well-known COBOL educator), extended by Bob Dubner (GnuCOBOL contributor)","Textbook listing demonstrating 88-level condition names, city codes, and employee name checks in Irish context"
e796660e82aa3321f904bdae32b5186905deb1c9,/workingStorageStringSubLevel.cbl,cbl_files_lowercase.csv,949,True,38,3,8,27,0.229,fixed,4,False,False,0,0,0,0,0,4,WORKINGSTORAGESTRINGSUBLEVEL,true,unknown,COBOL-85,fixed,education-tutorial,demo,student-exercise,high,Simple demonstration of WORKING-STORAGE sub-level string manipulation; no vendor-specific extensions visible,Demonstrates how sub-level items within a group item share storage (string overlay behavior)
2cda9297673351a9b9c2dea841315c191550e334,/files.cbl,cbl_files_lowercase.csv,409,True,20,1,8,11,0.421,free,1,False,False,0,0,0,0,0,0,,,,,,,,,,,
a4f9c7646050229105421e9bbc1f8514ff295f8a,/sort2f.cbl,cbl_files_lowercase.csv,4540,True,141,18,29,94,0.236,fixed,4,False,False,6,0,9,0,0,3,SORT2F,true,ibm-mainframe,COBOL-85,fixed,education-tutorial,batch,student-exercise,high,"IBM mainframe style with RECORDING MODE IS F, LABEL RECORDS ARE STANDARD, BLOCK CONTAINS 0 RECORDS, GOBACK, and COMP (binary). Likely compiled with IBM Enterprise COBOL or similar.",Part of a series of COBOL internal sort examples created for learning purposes
2cc8ca0ea494b50a8e9d88feb7899f6b293313b8,/case116.cbl,cbl_files_lowercase.csv,424,True,18,2,0,16,0.0,fixed,3,False,False,0,0,5,0,0,1,PROG,true,gnucobol,COBOL-2002,fixed,test-suite,test,snippet,high,Uses PERFORM UNTIL EXIT and EXIT PERFORM which are COBOL-2002+ features; likely GnuCOBOL test case,Small test case exercising PERFORM UNTIL EXIT and EXIT PERFORM control flow
77f9854589632a148d4757235723a832c11f65d9,/VIEW-INGREDS.cbl,cbl_files_lowercase.csv,21548,True,461,14,25,422,0.056,fixed,4,False,False,3,0,19,0,0,79,VIEW-INGREDS,true,gnucobol,COBOL-85,fixed,retail-commerce,batch,student-exercise,high,"GnuCOBOL with extended screen section features (BACKGROUND-COLOR, FOREGROUND-COLOR, REVERSE-VIDEO, CRT STATUS, FUNCTION ALL INTRINSIC, REPOSITORY clause). Portuguese-language comments suggest Brazilian origin. Likely compiled with GnuCOBOL 2.x or 3.x.",Sandwich shop ingredient management system called BREADWICH/DELICIOUSSANDWICH
9f4f96e38724f991914405ef00302c99ee78f51a,/hcipdb01.cbl,cbl_files_lowercase.csv,7595,True,163,0,69,94,0.423,fixed,4,True,True,2,1,3,0,0,13,HCIPDB01,true,ibm-mainframe,COBOL-85,fixed,healthcare-medical,online-cics,production-like,high,"IBM CICS/DB2 mainframe program, part of the HCAZ transaction suite (healthcare patient inquiry). Uses EXEC CICS, EXEC SQL with SQLCA, DFHCOMMAREA, EIB fields (EIBTRNID, EIBTRMID, EIBTASKN, EIBCALEN).",Hospital/clinic patient inquiry system; retrieves patient demographic and insurance details from a DB2 PATIENT table via CICS transaction HCAZ option 2.
1b865ed19f32134483dff9cc27c4f2d289191d29,/COBOL016.cbl,cbl_files_lowercase.csv,5003,True,62,0,14,48,0.226,fixed,4,False,False,0,0,4,0,0,6,COB016,true,unknown,COBOL-85,fixed,education-tutorial,demo,student-exercise,high,Brazilian Portuguese COBOL educational program; DECIMAL-POINT IS COMMA suggests Brazilian/European locale; sequence numbers in columns 73-80 suggest mainframe-style fixed format but no specific vendor extensions visible,"Brazilian Portuguese student exercise demonstrating COBOL loop constructs (PERFORM TIMES, PERFORM UNTIL, PERFORM VARYING) with a compound interest calculation"
06f6a39b021e5ed875a04e19c250dad40b82367b,/server.cbl,cbl_files_lowercase.csv,43926,True,941,59,13,869,0.015,fixed,4,False,False,0,4,43,5,0,143,server,true,gnucobol,COBOL-85,fixed,demo-example,batch,production-like,high,"GnuCOBOL (OpenCOBOL) interactive terminal BBS application using SCREEN SECTION with FOREGROUND-COLOR, BACKGROUND-COLOR, REVERSE-VIDEO, BLINK, HIGHLIGHT clauses and UNSIGNED-INT in LINKAGE SECTION","Interactive terminal-based Bulletin Board System (BBS) with message board, arcade games (Tic-Tac-Toe, random number guessing), and user login"
003a420dac85fcaaf46966a9ff242c43b1e73868,/p9BubbleSort.cbl,cbl_files_lowercase.csv,1363,True,39,0,1,38,0.026,fixed,4,False,False,0,0,3,0,0,4,PRAC09,true,unknown,COBOL-85,fixed,education-tutorial,demo,student-exercise,high,"Standard COBOL-85 style; no vendor-specific extensions. Written by a student (Luis Ceciliano, December 2019). Spanish-language comments and prompts.",Student programming exercise implementing a bubble sort on three integers
580330e01689ec58afafe1be5aae738b95ddb2ed,/InfoBrg2.cbl,cbl_files_lowercase.csv,1704,True,54,4,9,41,0.18,fixed,4,False,False,0,0,0,0,0,9,barang,true,gnucobol,COBOL-85,fixed,education-tutorial,batch,student-exercise,high,GnuCOBOL (cobc) indicated by 'Tectonics: cobc' comment; Indonesian-language identifiers suggest educational context,Indonesian retail/inventory goods data entry exercise; 'barang' means 'goods/items' in Indonesian
5679739dc73609a1ef5ab81f81b00feb9bd25cc0,/CWXTDATE.cbl,cbl_files_lowercase.csv,5031,True,117,0,8,109,0.068,fixed,4,False,False,0,0,3,0,0,25,CWXTDATE,true,ibm-mainframe,COBOL-85,fixed,demo-example,subprogram,production-like,high,Compuware XPEDITER/TSO training demo program; GOBACK and LINKAGE SECTION usage consistent with IBM mainframe subprogram conventions,Compuware XPEDITER/TSO COBOL debugger training demo; part of a payroll/HR demo suite
157243cd7daccab851528c5014e5cee9330aecff,/tictactoe.cbl,cbl_files_lowercase.csv,12118,True,279,16,16,247,0.061,fixed,4,False,False,0,0,9,0,0,43,TIC-TAC-TOBOL,true,gnucobol,COBOL-85,fixed,demo-example,demo,student-exercise,high,"Likely GnuCOBOL (OpenCOBOL) given SCREEN SECTION with BACKGROUND-COLOR/FOREGROUND-COLOR, LINE SEQUENTIAL file, and FUNCTION RANDOM/UPPER-CASE usage; no IBM-specific extensions",Interactive terminal-based Tic-Tac-Toe game (human vs computer)
c1e3b3bbd9355443023df014066b95efd4807ade,/LGICDB01.cbl,cbl_files_lowercase.csv,11387,True,258,26,90,142,0.388,fixed,4,True,True,1,1,3,0,0,29,LGICDB01,true,ibm-mainframe,COBOL-85,fixed,insurance,online-cics,production-like,high,"IBM CICS/DB2 application, part of IBM CB12 sample/lab application (General Insurance application). Uses EXEC CICS and EXEC SQL with DB2 SQLCA. Typical IBM Enterprise COBOL for z/OS style.",IBM General Insurance sample application (LGIC = Life/General Insurance Customer Inquiry). Retrieves customer details from a DB2 table.
9b02fc3a732896b69083fb07e808117d00066a77,/evaluateExtended.cbl,cbl_files_lowercase.csv,1122,True,28,0,0,28,0.0,fixed,3,False,False,0,0,0,0,0,2,COLOUR,true,unknown,COBOL-85,fixed,education-tutorial,demo,student-exercise,high,Simple EVALUATE with ALSO clause; no vendor-specific extensions visible. COBOL-85 minimum due to EVALUATE/END-EVALUATE and GOBACK.,Demonstrates the EVALUATE statement with multiple ALSO conditions for colour mixing
a3b55c003c46a08e5c88879a1c84d7582530e347,/lista de tarefas.cbl,cbl_files_lowercase.csv,7836,True,254,75,33,146,0.184,fixed,4,False,False,0,0,12,0,0,22,Lista,true,gnucobol,COBOL-85,fixed,education-tutorial,batch,student-exercise,high,"GnuCOBOL student project; uses ORGANIZATION IS LINE SEQUENTIAL, SCREEN SECTION with FOREGROUND-COLOR, 88-level condition names, and Portuguese-language identifiers typical of Brazilian GnuCOBOL tutorials",Brazilian Portuguese student exercise implementing a simple task-list (lista de tarefas) manager with file I/O and a screen menu
ad0a01ea1adc2accdfedc846188f028b9082dd7a,/[Marvel] 002 The Clone Wars.cbl,cbl_files_lowercase.csv,4320,True,92,0,0,92,0.0,free,0,False,False,0,0,0,0,0,0,,,,,,,,,,,
1e06b76b08e297a18b6e8062268587ec84287da0,/ANK_KURINOBE.cbl,cbl_files_lowercase.csv,820,False,0,0,0,0,0.0,unknown,0,False,False,0,0,0,0,0,0,,,,,,,,,,,
e8eeb1b7202023a19b1a2f97fb856f0b32b92409,/DDS0001.LEARN.ACCT.SORT2.DATA.cbl,cbl_files_lowercase.csv,6931,False,0,0,0,0,0.0,unknown,0,False,False,0,0,0,0,0,0,,,,,,,,,,,
51d4566e35b9d510c50105cf906f43fc81f07aad,/IX1024.2.cbl,cbl_files_lowercase.csv,56659,True,698,0,81,617,0.116,fixed,4,False,False,0,0,71,27,0,165,IX1024,true,unknown,COBOL-85,fixed,test-suite,test,production-like,high,"NIST COBOL 85 test suite, version 4.2 (April 1993), program IX1024.2 / IX102A. Tests indexed file random access (SELECT...ASSIGN TO literal). Compiler-specific X-cards (XXXXX082, XXXXX083, XXXXX055, XXXXX062, XXXXP024, XXXXP044) are placeholders. An inline comment references IBM compiler message IGYDS1298-I suggesting possible IBM Enterprise COBOL execution context, but the suite itself is vendor-neutral.",NIST COBOL 85 conformance test suite — indexed file I/O validation
6f2ec7d3dc62a07b3ae79591bc226df4b1c446c7,/mygrade.cbl,cbl_files_lowercase.csv,3273,True,93,12,1,80,0.012,fixed,4,False,False,0,0,3,0,0,16,mygrade,true,gnucobol,COBOL-85,fixed,education-tutorial,batch,student-exercise,high,"Standard COBOL-85 style, likely compiled with GnuCOBOL; uses LINE SEQUENTIAL, GOBACK, EVALUATE, and 88-level condition with HIGH-VALUE",Student grade calculation program that reads subject grades from a file and computes GPA-style averages
8b24899fc0c229e8a352aa59dbbb17369713212c,/InputHandling.cbl,cbl_files_lowercase.csv,6493,True,171,1,41,129,0.241,fixed,4,False,False,3,0,12,0,0,8,InputHandling,true,gnucobol,COBOL-85,fixed,education-tutorial,subprogram,student-exercise,high,"GnuCOBOL (cobc) indicated by 'Tectonics: cobc' comment; uses FUNCTION NUMVAL, UNSTRING WITH POINTER, LINE SEQUENTIAL, LINKAGE SECTION with COPY copybooks","Numerical methods / linear algebra input parsing, likely for a student project implementing an iterative solver (e.g. power method or similar) with matrix and vector input"
23e313d385003595ef96c11c5555b80ff5f2e4de,/ACTUALIZARPROV.cbl,cbl_files_lowercase.csv,3237,True,124,25,0,99,0.0,fixed,4,False,False,0,0,7,0,0,13,ACTUALIZAR-PROV,true,unknown,COBOL-85,fixed,accounting-erp,subprogram,production-like,medium,"Likely a PC/DOS-era COBOL compiler (possibly Micro Focus or ACU) given Windows path 'C:\PROVS\prov.dat', VALUE OF FILE-ID clause, ASSIGN TO DISK, and LINKAGE SECTION subprogram pattern. Spanish-language identifiers suggest Latin American origin.",Supplier/provider master file maintenance — updates supplier records in an indexed file
8096c9ba45c748e624a4210d92c9bb36ae05168d,/pwpa6046.cbl,cbl_files_lowercase.csv,36427,True,701,33,37,631,0.055,fixed,4,False,False,14,0,56,0,0,166,PWPA6046,true,gnucobol,COBOL-85,free,retail-commerce,online-cics,production-like,high,"GnuCOBOL with Micro Focus-style compiler directives ($set preprocess, $set sourceformat, $set constant); free-format source with htmlpp preprocessor; Brazilian Portuguese business application using ICMS/IPI tax fields","Brazilian fiscal/tax document management - deletion of duplicate EFD168/EFD169 stock movement records (Nota Fiscal items) from a distribution/retail system (CDD Oeste, GEO SPC), involving ICMS, IPI tax fields"
895e412e19ec422b48281676dfed990cec0eb3e5,/pw04262r.cbl,cbl_files_lowercase.csv,260291,True,5221,363,105,4753,0.022,fixed,4,False,False,64,27,375,37,2,581,PW04262R,true,gnucobol,COBOL-85,free,accounting-erp,batch,production-like,medium,"GnuCOBOL (OpenCOBOL) with $set preprocess(htmlpp) and $set sourceformat""free"" directives; Portuguese-language Brazilian business application, likely compiled with GnuCOBOL given the $set directives and free-format source","Brazilian financial/accounting system - Diário Auxiliar Revenda (Resale Auxiliary Journal), handling accounts receivable, accounts payable, bank/cash movements, fiscal notes, and financial ledger entries"
064a38754ec7542f2e858d4f864068b88bf87b12,/Listing14-2.cbl,cbl_files_lowercase.csv,2926,True,98,15,0,83,0.0,fixed,4,False,False,0,0,6,0,0,16,Listing14-2,true,gnucobol,COBOL-85,fixed,telecom,batch,student-exercise,high,"Textbook example by Michael Coughlan, compatible with GnuCOBOL/OpenCOBOL; uses LINE SEQUENTIAL and SORT with INPUT PROCEDURE/GIVING",Universal Telecoms monthly billing report — filters voice calls and totals billable amounts per subscriber
a8d3b65907b67ff1f4c711324a72e271f190b9c9,/EDGD1CLQ.cbl,cbl_files_lowercase.csv,18039,True,440,20,28,392,0.067,fixed,4,False,True,4,0,49,0,0,26,EDGD1CLQ,true,ibm-mainframe,COBOL-85,fixed,banking-finance,online-cics,production-like,high,"IBM CICS/VSAM online program; uses DFHAID, DFHBMSCA, DFHCOMMAREA, EIBRESP, DFHRESP, EIBCALEN, EIBTRNID, EIBAID — classic IBM CICS BMS conventions",Credit master file browser (Maestro de Créditos) — likely a Guatemalan banking/microfinance application ('SEMILLERO' training project by instructor 'DON EDGAR')
30e80d91519d51c0521d34ad0c03c8ccc791028b,/COB2.cbl,cbl_files_lowercase.csv,1144,True,29,2,15,12,0.556,fixed,4,False,False,0,0,0,0,0,7,COB2,true,gnucobol,COBOL-85,fixed,education-tutorial,demo,toy-or-hello-world,high,GnuCOBOL (cobc) as indicated by 'Tectonics: cobc' comment; Portuguese-language educational program,"Brazilian Portuguese COBOL tutorial explaining PIC clause types (X, 9, A) and variable declarations"
37a2926b94d0bbc7ab5096f6d861d95d2e9564b0,/playpen.cbl,cbl_files_lowercase.csv,3053,True,95,19,4,72,0.053,fixed,0,False,False,0,0,0,0,0,7,playpen,true,gnucobol,COBOL-85,fixed,education-tutorial,demo,student-exercise,high,"Uses COMP-5 (GnuCOBOL/MF extension), pointer arithmetic with REDEFINES, and *> inline comments typical of GnuCOBOL test/demo code. Program name 'playpen' and style consistent with GnuCOBOL test suite.",Pointer manipulation demonstration/test program exploring COBOL pointer semantics
657f521567a08e6a7ab702f97c37a35b1e604c30,/S806.cbl,cbl_files_lowercase.csv,525,True,17,0,3,14,0.176,fixed,3,False,False,0,3,0,0,0,3,S806,true,ibm-mainframe,COBOL-85,fixed,demo-example,demo,snippet,medium,"Short demo/test program named after ABEND-S0C7 (IBM mainframe data exception abend), suggesting IBM mainframe environment","Demonstrates dynamic CALL using a data item containing a program name, likely illustrating S0C7 abend or dynamic call behavior"
29e00e6dd00547946e526d840dd79a350c0f453d,/TestMyClass.cbl,cbl_files_lowercase.csv,659,True,23,5,2,16,0.111,fixed,4,False,False,0,0,0,0,0,2,Program1,true,micro-focus,COBOL-2002,fixed,education-tutorial,demo,toy-or-hello-world,medium,"Uses OO COBOL syntax with 'type MyClass', 'property' clause, 'new MyClass()', and '::' method invocation syntax, consistent with Micro Focus Visual COBOL or COBOL for .NET",Object-oriented COBOL demonstration using a user-defined class
04a09207415625eecaaca2ff8ab5875fffc39546,/Lista4E4.cbl,cbl_files_lowercase.csv,1224,True,50,11,6,33,0.154,fixed,4,False,False,0,0,0,0,0,3,Lista4E4,true,unknown,COBOL-85,fixed,education-tutorial,demo,student-exercise,high,"Student exercise, likely GnuCOBOL or similar free compiler; uses DECIMAL-POINT IS COMMA suggesting Brazilian Portuguese locale","Brazilian university programming exercise (Lista 4, Exercise 4) - checks if a number is even or odd"
1892be9dc597c279957df04a1eb01071ccd8feff,/peso-conv-p.cbl,cbl_files_lowercase.csv,69640,True,1470,222,9,1239,0.007,fixed,3,False,False,96,6,125,0,0,77,peso-conv-p,true,gnucobol,COBOL-85,fixed,accounting-erp,batch,production-like,medium,GnuCOBOL (OpenCOBOL) with ACUCOBOL-style HANDLE OF WINDOW in LINKAGE SECTION; Italian-language business application 'GESLUX' warehouse/inventory management system; uses SPECIAL-NAMES decimal-point is comma (European locale),"Italian warehouse/inventory management system (GESLUX) - peso (weight) conversion utility that migrates article/product records from OLD format files to new format files, converting weight fields across multiple business data files"
bfe0688f7b24a1ae556a916ff47f1fe3691ea8c4,/IDBSL160.cbl,cbl_files_lowercase.csv,31183,True,1058,217,72,769,0.086,fixed,4,True,False,0,0,132,0,2,3,IDBSL160,true,ibm-mainframe,COBOL-85,fixed,banking-finance,subprogram,production-like,high,"IBM DB2 embedded SQL, Italian-language project 'NEWLIFE', standard DB2 precompiler pattern with SQLCA, cursor management, and historical table update patterns",Italian insurance/financial system (NEWLIFE project) - DB2 database access module for AMMB_FUNZ_BLOCCO table handling functional blocks with historical and competency-based record management
c8b4e3746bfc64c055c6c327e0fa8696126174d3,/CI0226P.cbl,cbl_files_lowercase.csv,186649,True,2675,4,466,2205,0.174,fixed,4,True,True,1,9,28,76,2,924,CI0226P,true,ibm-mainframe,COBOL-85,fixed,banking-finance,online-cics,production-like,high,IBM mainframe COBOL with EXEC CICS and EXEC SQL (DB2); SOURCE-COMPUTER IBM-370; uses COMPUTATIONAL-3 and BINARY; sequence numbers in columns 73-80 suggest standard IBM fixed-format mainframe source,ACH (Automated Clearing House) payment validation; program validates ACH incoming payment amounts against arrangement and client bank data structures
49889982db7c41dc967ac4db0a6430146fa9b85d,/BMQ034.cbl,cbl_files_lowercase.csv,69579,True,859,1,216,642,0.252,fixed,4,False,False,8,13,28,0,0,100,BMQ034,true,micro-focus,COBOL-85,fixed,other,batch,production-like,high,"MetaWare Technologies COBOL Translator 0.9.16 (21/10/2016), targeting Micro Focus COBOL on UNIX with EBCDIC collating sequence emulation. Translator comments use *{ *} markers for transformation annotations.",IBM MQ Series (WebSphere MQ) message queue management utility — batch copy of messages from one queue to another with optional backout count reset
e614db5b4e5e017ec05914afedb6aec4f9877685,/testantlr212.cbl,cbl_files_lowercase.csv,1944,True,24,0,0,24,0.0,fixed,3,False,True,0,0,0,0,0,1,testantlr212,true,ibm-mainframe,COBOL-85,fixed,other,test,snippet,high,IBM CICS/COBOL program using EXEC CICS XCTL to transfer control to another program; typical IBM mainframe CICS online style,CICS online transaction test/demo program; likely part of an ANTLR parser test suite for COBOL
4dae03afb6fe81ef73de47b26f7473d8ca94dc66,/ACT-SEC.cbl,cbl_files_lowercase.csv,3568,True,99,19,1,79,0.013,fixed,4,False,False,0,0,7,0,0,16,ACT-SEC,true,unknown,COBOL-85,fixed,education-tutorial,batch,student-exercise,medium,"Uses screen-oriented DISPLAY/ACCEPT with LINE/POSITION clauses, typical of RM-COBOL or ACU-COBOL style; ASSIGN TO DISK is a common PC/microcomputer COBOL convention. Spanish-language identifiers and comments suggest Latin American educational environment.",Student exercise simulating a sequential file update for a customer/card management system
b8a833b394120389d776f71360198be26655781d,/printhx3.cbl,cbl_files_lowercase.csv,687,True,34,11,0,23,0.0,fixed,4,False,False,0,2,0,0,0,3,PRINTHX3,true,gnucobol,COBOL-85,fixed,test-suite,test,snippet,medium,Simple test program calling a PRINTHEX subroutine; GOBACK and COMP without COMP-3 suggest GnuCOBOL or similar open-source environment,Unit test verifying that a hex-printing subroutine PRINTHEX correctly converts the integer 300 (0x12C) to its hex string representation
d1955f085ce118bf4aad7045103d828944abd43f,/[Marvel] 2015-2018 Part 2.3 Spider-Women (MG).cbl,cbl_files_lowercase.csv,7047,True,167,0,0,167,0.0,free,0,False,False,0,0,0,0,0,0,,,,,,,,,,,
4eabc65cb4bad7191909536d7f9523d32c49d702,/mikek.cbl,cbl_files_lowercase.csv,1080,False,0,0,0,0,0.0,unknown,0,False,False,0,0,0,0,0,0,,,,,,,,,,,
36322dcf1c9b97627f7d74ef22e7aba0cc26a70e,/EXE5.cbl,cbl_files_lowercase.csv,2014,True,71,16,10,45,0.182,fixed,3,False,False,0,0,4,0,0,9,Exer5,true,gnucobol,COBOL-85,fixed,education-tutorial,demo,student-exercise,high,GnuCOBOL student exercise; 'Tectonics: cobc' comment confirms GnuCOBOL compiler (cobc),"Mathematical series computation exercise, likely computing e^x approximation via Taylor series"
acd58de39a2326a621c92d83efdb690e970ee193,/bams.cbl,cbl_files_lowercase.csv,15154,True,374,36,0,338,0.0,fixed,4,False,False,4,3,20,0,0,34,BAMS,true,gnucobol,COBOL-85,fixed,other,batch,production-like,high,"GnuCOBOL (OpenCOBOL) — uses GnuCOBOL-specific extensions: SET ENVIRONMENT for COB_SCREEN_EXCEPTIONS/COB_SCREEN_ESC, ACCEPT FROM ARGUMENT-NUMBER/ARGUMENT-VALUE, C$COPY intrinsic call, CRT STATUS, SCREEN SECTION with background-color/foreground-color, and 88-level WHEN SET TO FALSE syntax",BarnCamp (outdoor camping/unconference event) attendee management system
9e396d1649b37fc211d19cdbc12adf4ac772e8f9,/paris.cbl,cbl_files_lowercase.csv,1850,False,0,0,0,0,0.0,unknown,0,False,False,0,0,0,0,0,0,,,,,,,,,,,
304a0609768b175eddd100369e98426965518718,/mov-peso.cbl,cbl_files_lowercase.csv,3529,True,113,16,12,85,0.124,fixed,3,False,False,2,0,7,0,0,5,mov-peso,true,acucobol,COBOL-85,fixed,manufacturing-logistics,batch,production-like,medium,"AcuCOBOL-GT or ACUCOBOL dialect: uses DISPLAY MESSAGE ... TITLE ... ICON syntax, 78-level constants, and SPECIAL-NAMES decimal-point is comma — typical of Acu/RM-COBOL Italian business applications","Warehouse/inventory movement file correction — fixes records where both rmo-peso-tot and rmo-peso-tot-utf (total weight and total UTF weight) are simultaneously populated, zeroing out the non-UTF weight field"
a2ab50e78cf1ba47fa9d7aafa25e49596b8e71f4,/PGMCE.cbl,cbl_files_lowercase.csv,3918,True,102,11,3,88,0.033,fixed,3,False,False,0,0,7,0,0,7,PGMCE,true,gnucobol,COBOL-85,fixed,retail-commerce,batch,student-exercise,high,"Likely compiled with GnuCOBOL or similar PC-based COBOL; uses SCREEN SECTION with ACCEPT/DISPLAY AT line/column, file path to Windows desktop, DECIMAL-POINT IS COMMA (Brazilian Portuguese locale)",Bookstore (livraria) publisher (editora) management system - query/lookup menu for publisher records
ad6bc66117fa1c313d537634a05a767328987893,/TRADER9.cbl,cbl_files_lowercase.csv,1886,True,73,20,2,51,0.038,fixed,4,False,False,0,0,3,0,0,18,TRADER9,true,gnucobol,COBOL-85,fixed,education-tutorial,batch,student-exercise,medium,"Likely GnuCOBOL or similar open-source COBOL; uses LINE SEQUENTIAL, GOBACK, and standard COBOL-85 constructs. No vendor-specific extensions visible.","Student exercise involving reading a data file and reporting on province/member income data, likely a trading or financial data aggregation exercise"
57c6b9f2b6618e3a3aeddf8e523aab1791e865af,/BDS0802.cbl,cbl_files_lowercase.csv,3917,True,118,20,18,80,0.184,fixed,4,False,False,1,0,9,0,0,20,BDS0802,true,gnucobol,COBOL-85,fixed,education-tutorial,batch,student-exercise,high,"Educational COBOL from 'Beginning COBOL for Programmers' by Michael Coughlan, re-written by David Stagowski; uses LINE SEQUENTIAL and COPY with REPLACING, consistent with GnuCOBOL or similar open-source compiler","Learning exercise from 'Beginning COBOL for Programmers' Chapter 8, Listing 8-2; processes a shop sales file with multiple record types"
002fd461f90e4259ddca2e2e2e4830421acc896c,/project3-welcome.cbl,cbl_files_lowercase.csv,6276,True,158,12,8,138,0.055,fixed,4,False,False,0,0,5,0,0,46,WELCOME-PROGRAM,true,gnucobol,COBOL-85,fixed,education-tutorial,demo,student-exercise,high,GnuCOBOL student project; 'Tectonics: cobc' comment confirms cobc compiler; uses SCREEN SECTION with LINE/COL clauses typical of GnuCOBOL terminal I/O,College/university student records system — project 3 assignment involving indexed file I/O and screen-based student report display
6f2f49a756f25098aaec0408768c4b4ca68cc68e,/utils.cbl,cbl_files_lowercase.csv,1246,True,40,8,0,32,0.0,fixed,4,False,False,0,0,2,0,0,9,get-func,true,gnucobol,COBOL-85,fixed,utility-tooling,subprogram,production-like,medium,Uses PROCEDURE-POINTER (COBOL-2002 feature) and modern structured syntax; likely GnuCOBOL given HTTP routing context and open-source style,HTTP request routing utility; matches incoming request path and method against a dispatch table of function pointers
f43a9f04e7f94bf0ce570f8a5eae13bee9326b24,/calculator2.cbl,cbl_files_lowercase.csv,702,True,33,4,0,29,0.0,free,3,False,False,0,0,0,0,0,4,CALCULADORA,true,gnucobol,COBOL-85,free,education-tutorial,demo,student-exercise,high,Simple free-format calculator likely compiled with GnuCOBOL; uses ACCEPT ... FROM ARGUMENT-VALUE which is a GnuCOBOL/OpenCOBOL extension for command-line arguments,Simple arithmetic calculator accepting two numbers and an operator from command-line arguments
7d85209732d5572db7f900e0dff527006bfbe23d,/test.cbl,cbl_files_lowercase.csv,128,True,5,0,0,5,0.0,fixed,2,False,False,0,0,0,0,0,0,FINAL,true,unknown,COBOL-85,fixed,demo-example,demo,toy-or-hello-world,high,Minimal skeleton with only IDENTIFICATION and PROCEDURE divisions; no vendor-specific extensions visible,Trivial hello-world style test program
08105aa9931c0d52214472772888e35a746ea85a,/pfix.cbl,cbl_files_lowercase.csv,5352,True,1,0,0,1,0.0,free,0,False,False,0,0,0,0,0,0,,,,,,,,,,,
56e8126fa9834616c3dedfa1429b98cec251b042,/py050060.cbl,cbl_files_lowercase.csv,19470,True,391,45,35,311,0.101,fixed,4,False,False,16,0,37,0,0,14,PY050060,true,gnucobol,COBOL-85,free,accounting-erp,online-cics,production-like,high,"GnuCOBOL with htmlpp preprocessor and OO extensions (INVOKE, class repository); Brazilian Portuguese business system, likely part of a larger ERP/web framework using CGI-style HTML generation",Brazilian ERP system - factory/supplier validity period (vigências) lookup module; queries supplier records and factory bonus validity dates
4d4619b919fed29b74a98afcee85e4b446b596be,/pw00675s.cbl,cbl_files_lowercase.csv,171660,True,3355,300,103,2952,0.034,fixed,4,False,False,105,5,395,0,0,130,PW00675S,true,gnucobol,COBOL-85,free,retail-commerce,subprogram,production-like,high,"GnuCOBOL with htmlpp preprocessor and free-format source; Brazilian Portuguese business application using OOP REPOSITORY clause with CLASS definitions (PY990004, PY990020); likely compiled with GnuCOBOL 2.x or 3.x",Brazilian beverage/consumer goods distribution – updates route information and calculates order suggestions for VDI (Vendas Diretas/Direct Sales) field sales representatives; called via PW00458S
a26a7b1a082f4363ecd53109cf10de17951d7165,/fdsjsc.cbl,cbl_files_lowercase.csv,7412,True,169,24,7,138,0.048,fixed,4,False,False,11,0,10,1,0,4,FDSJSC,true,micro-focus,COBOL-2002,fixed,utility-tooling,subprogram,production-like,high,Micro Focus Object COBOL / NetExpress or similar OO COBOL with Java interop via REPOSITORY CLASS declarations and :> method invocation syntax. Likely part of the PRAGMA [FM] framework interfacing with a Jasper Reports web service client (FdsJSClient).,"Jasper Reports web service client wrapper — sends report parameters (strings, numbers, dates, collections) to a Jasper Server via a Java-based web service client class (FdsJSClient/jswsc)."
f83699d542c33c19c4138ffab18a48cd4991f6f8,/helloworld.cbl,cbl_files_lowercase.csv,795,True,20,0,9,11,0.45,fixed,2,False,False,0,0,0,0,0,0,HELLO,true,ibm-mainframe,COBOL-85,fixed,demo-example,demo,toy-or-hello-world,high,"Likely IBM mainframe COBOL compiled via IBM DBB (Dependency Based Build) with Git and Jenkins CI/CD pipeline, as stated in comments. ASCII to EBCDIC conversion mentioned suggests mainframe target.","Hello world demonstration program used to test IBM DBB, Git, and Jenkins CI/CD pipeline integration for mainframe COBOL development"
ed8cd1b45e86cb7ae498cc22ac943ebe205d8401,/hcipdb01.cbl,cbl_files_lowercase.csv,7589,True,163,0,69,94,0.423,fixed,4,True,True,2,1,3,0,0,13,HCIPDB01,true,ibm-mainframe,COBOL-85,fixed,healthcare-medical,online-cics,production-like,high,"IBM CICS/DB2 mainframe program, part of the HCAZ transaction suite (healthcare patient inquiry). Uses EXEC CICS, EXEC SQL with SQLCA, DFHCOMMAREA, EIB fields (EIBTRNID, EIBTRMID, EIBTASKN, EIBCALEN).",Hospital/clinic patient inquiry system; retrieves patient demographic and insurance details from a DB2 PATIENT table via CICS transaction HCAZ option 2.
2990fd9990d3bf8af2a9e39d8e50e674793631ae,/Chaos! Universe 1993 - 2002.cbl,cbl_files_lowercase.csv,33202,True,752,0,0,752,0.0,free,0,False,False,0,0,0,0,0,0,,,,,,,,,,,
115b00debc8828bb024b600fd56da2cc5bf6510e,/Control7.cbl,cbl_files_lowercase.csv,2024,True,44,3,1,40,0.024,fixed,3,False,False,0,0,0,0,0,4,CONTROL7,true,gnucobol,COBOL-85,fixed,education-tutorial,demo,student-exercise,high,"Likely compiled with GnuCOBOL; uses *> comment style and GOBACK in a main program, consistent with GnuCOBOL conventions",Bookstore discount calculation exercise demonstrating multi-condition EVALUATE
3c6dfaa10ca60c95d08306e2509cb92847cc113b,/ph050027.cbl,cbl_files_lowercase.csv,18866,True,348,29,30,289,0.094,fixed,4,False,False,11,1,23,0,0,1,PH050027,true,other-vendor,COBOL-85,free,manufacturing-logistics,online-cics,production-like,medium,"Promax/Brazilian ERP system using htmlpp preprocessor with OO COBOL extensions (class-control, invoke), free-format source with $set directives. Likely GnuCOBOL or similar with htmlpp preprocessor for web/CGI output.","WMS (Warehouse Management System) parameters configuration screen for Promax ERP - configures integration settings between Promax and WMS systems (HBSIS, HighJump), printer settings, and interface options"
57e81262a022a1d828d14fd3eb610733918bdb2c,/noncompliant.cbl,cbl_files_lowercase.csv,185,True,9,1,4,4,0.5,fixed,1,False,False,0,0,0,0,0,0,,,,,,,,,,,
b626f9c09535c9140000723ed800a5e8649fa911,/samos1.cbl,cbl_files_lowercase.csv,20142,True,465,30,54,381,0.124,fixed,4,False,False,0,2,16,6,31,126,SAMOS1,true,ibm-mainframe,COBOL-85,fixed,education-tutorial,batch,production-like,high,"OS/VS COBOL / IBM PD Tools workshop sample (SAMOS1); uses LABEL RECORDS, RECORDING MODE IS F, BLOCK CONTAINS 0, COMP-3, COMP, GOBACK — classic IBM mainframe conventions","IBM PD Tools workshop teaching aid for Debug Tool, Fault Analyzer, and Application Performance Analyzer"
6a7025ab094cef71d62c65981c3ccefd6f3d7512,/[Marvel] 2021-2023 Part 9.3 Scattered Mutants (MG).cbl,cbl_files_lowercase.csv,16206,True,308,0,0,308,0.0,fixed,0,False,False,0,0,0,0,0,0,,,,,,,,,,,
03fb22c866cf19de574a09c9d10e8041746c6e67,/fixsection.cbl,cbl_files_lowercase.csv,2542,True,92,13,0,79,0.0,fixed,4,False,False,4,0,5,0,0,10,fix-section,true,gnucobol,COBOL-2002,fixed,utility-tooling,subprogram,production-like,medium,Uses BINARY-LONG UNSIGNED and LINKAGE SECTION with argc/argv/result pattern typical of GnuCOBOL CGI or web-service subprogram style,Web or API backend utility that applies patches/settings to a named section in a file-based database
fba276774708daebccee6f8a8b7f4e575d7d032c,/DebugLinesInvalidCE.rdz.cbl,cbl_files_lowercase.csv,326,True,11,0,0,11,0.0,fixed,2,False,False,0,0,0,0,0,0,MyPGM,true,ibm-mainframe,COBOL-85,fixed,test-suite,test,snippet,high,IBM RDz (Rational Developer for z) COBOL snippet testing debug lines / DEBUGGING MODE; SOURCE-COMPUTER IBM-370 WITH DEBUGGING MODE clause is classic IBM mainframe syntax,Test case for compiler/IDE handling of invalid debug lines in IBM RDz COBOL environment
87e945664a0c8bcd9107a9b6ccfcdb29c41b1ef2,/testantlr241.cbl,cbl_files_lowercase.csv,2106,True,26,0,1,25,0.038,fixed,3,False,False,0,1,0,0,0,3,testantlr241,true,gnucobol,COBOL-85,fixed,test-suite,test,snippet,high,"Uses GnuCOBOL/OpenCOBOL-style compile-time conditional directives (>>EVALUATE, >>WHEN, >>END-EVALUATE) in the DATA DIVISION to conditionally define working-storage items",ANTLR parser test case for COBOL grammar (filename testantlr241 strongly implies ANTLR grammar testing)
7a2fd147b66af9fa6e4eeb6f79e276110488fe8c,/PROJ-PRINT-FIN-AID.cbl,cbl_files_lowercase.csv,4699,True,110,0,0,110,0.0,fixed,4,False,False,1,0,5,0,0,41,PROJ-PRINT-FIN-AID,true,gnucobol,COBOL-85,fixed,education-tutorial,batch,student-exercise,high,"Likely GnuCOBOL or similar open-source COBOL; uses ORGANIZATION IS RELATIVE with DYNAMIC access, LINE SEQUENTIAL, FUNCTION CURRENT-DATE, and IS EXTERNAL on FD — consistent with GnuCOBOL student project",Financial aid records reporting — likely a student project for a university or college course
9f27236da66fcfaf31f7ba00fdf34da1236174c8,/SCHED-INQ-BY-CRSE.cbl,cbl_files_lowercase.csv,6907,True,146,10,12,124,0.088,fixed,4,False,False,0,0,2,0,0,45,SCHED-INQ-BY-CRSE,true,gnucobol,COBOL-85,fixed,education-tutorial,online-cics,student-exercise,high,"Likely compiled with GnuCOBOL (OpenCOBOL); uses SCREEN SECTION with LINE/COL clauses, INDEXED file with ALTERNATE KEY, IS INITIAL PROGRAM, and FUNCTION CURRENT-DATE — all consistent with GnuCOBOL on a PC/Linux environment. File path uses Unix-style relative path '../SCHEDULE-MASTER.DAT'.",University course schedule inquiry system (UAFS - University of Arkansas Fort Smith context implied by 'UAFS' header)
1e27cbadb7be3a0f376c2629692df3aa23fc0b10,/ofldBread.cbl,cbl_files_lowercase.csv,16749,True,413,34,41,338,0.108,fixed,4,False,False,1,0,8,0,0,76,ofldBread,true,gnucobol,COBOL-85,fixed,manufacturing-logistics,subprogram,production-like,high,"Compiled with 'cob -x' (GnuCOBOL/OpenCOBOL compiler), runs on AIX 6.1 per change log. Uses COMP-X for ls-status, LOCK MODE IS MANUAL, and ENTRY statements typical of GnuCOBOL/Micro Focus style. Path '/home/oasis/include/' suggests Unix/Linux environment.",FedEx SmartPost parcel sorting/offload scan file processing
1e909f04c7ce2086ac984ebeeff64073ea898797,/shop_receipts.cbl,cbl_files_lowercase.csv,2081,True,67,11,6,50,0.107,fixed,4,False,False,0,0,5,0,0,7,SHOP_RECEIPTS,true,gnucobol,COBOL-85,fixed,retail-commerce,batch,student-exercise,high,Standard COBOL-85 style with LINE SEQUENTIAL and GOBACK; likely compiled with GnuCOBOL given the filename convention and Thai-language comments,"Shop receipt processing - reads a flat file of shop headers and sale items, displaying shop ID and item IDs"
25361e2dde7b2ddb09a593474a1d3645a8d975e9,/application_26_insert.cbl,cbl_files_lowercase.csv,1218,True,43,7,9,27,0.25,fixed,4,True,False,0,0,0,0,0,3,APPLICATION_26_INSERT,true,gnucobol,COBOL-85,fixed,education-tutorial,demo,student-exercise,high,Japanese tutorial/educational COBOL using embedded SQL (EXEC SQL); comment style with *> suggests GnuCOBOL or similar open-source compiler; CONNECT syntax resembles Oracle Pro*COBOL or similar,Japanese-language tutorial demonstrating SQL INSERT operation via embedded SQL in COBOL
56087f7b399239a6137a0bdf33be0e5b2c9c109e,/gordcvar.cbl,cbl_files_lowercase.csv,668392,True,20495,1544,3601,15350,0.19,fixed,4,False,False,149,59,914,58,0,484,gordcvar,true,acucobol,COBOL-85,fixed,retail-commerce,online-cics,production-like,high,"ACUCOBOL-GT / Micro Focus ACUCOBOL dialect; generated by TOTEM RAD tool. Uses HANDLE OF WINDOW, HANDLE OF FONT, USAGE IS SIGNED-SHORT, USAGE IS COMP-X, USAGE IS COMP-4, CRT STATUS, DECIMAL-POINT IS COMMA, 88-level WHEN SET TO FALSE, 78-level constants — all characteristic of ACUCOBOL-GT.",Order management / sales order variation for Italian retail/distribution (Geslux ERP system — 'Variazione Ordini Clienti' = Customer Order Modification)
efd4b4c795b59fa024f18da4e34fec7f2e20fd3b,/pfcaut7e.cbl,cbl_files_lowercase.csv,205721,True,6449,731,1786,3932,0.312,fixed,4,True,False,17,17,274,0,0,249,PFCAUT7,true,other-vendor,COBOL-85,fixed,banking-finance,online-cics,production-like,high,"Tandem/HPE NonStop COBOL (Guardian/OSS environment): ?CONSULT, ?SEARCH, ?NOLMAP, ?SAVE ALL, ?SAVEABEND, ?LINES, ?CHECK, ?SQL compiler directives are characteristic of Tandem NonStop COBOL (PATHWAY/ServerClass environment). Program uses PATHSEND, SERVERCLASS concepts.","Fleet card (Flottenkarten) authorization processing system converting terminal protocol messages (type 200) to AS-IFSF protocol (type 1200) for multiple fleet card authorization systems including Avia, Shell, Total, DKV, Eurowag, Stiglechner, LogPay, BP, ENI, Orlen, UTA, TND"
643412fea4678c12cc3103c72be54c2f1588dd52,/Vchpay01.cbl,cbl_files_lowercase.csv,16738,True,506,0,97,409,0.192,fixed,4,False,False,9,0,77,0,0,12,VCHPAY01,true,gnucobol,COBOL-85,fixed,accounting-erp,batch,production-like,high,"Likely GnuCOBOL or similar open-source/PC COBOL environment; uses INSPECT CONVERTING with LOWER-ALPHA/UPPER-ALPHA from copybook WSCASE01.CBL, fixed-format with no lines over 72 chars, no COMP-3, no CICS/SQL. Copybook naming conventions (.CBL extension, SL/FD prefixes) suggest a small business or educational COBOL system.","Accounts payable voucher payment processing; marks vouchers as paid or re-opens them, handles partial payments and generates new vouchers for balances"
0669c4d6841a37a982a56927853f74259cc05e56,/PW02403P.cbl,cbl_files_lowercase.csv,42709,True,956,81,64,811,0.073,fixed,4,False,False,15,0,121,0,0,67,PW02403P,true,gnucobol,COBOL-85,free,manufacturing-logistics,online-cics,production-like,high,"GnuCOBOL with htmlpp preprocessor and free-format source; uses EXTERNAL-FORM, IDENTIFIED BY clauses typical of CGI/web COBOL frameworks (likely OpenCOBOL/GnuCOBOL with a Brazilian web framework)",Pull Order (Ordem de Puxada) management in a manufacturing/logistics context; search for possible OPs (pull orders) for joining/merging operations
f7ed38b47e5fd7b17bbae6de332d75e17a19b709,/CWXTCOB.cbl,cbl_files_lowercase.csv,23242,True,529,5,16,508,0.031,fixed,4,False,False,3,5,24,0,7,57,CWXTCOB,true,ibm-mainframe,COBOL-85,fixed,demo-example,batch,production-like,high,"Compuware Xpediter/TSO demo program (CWXTCOB), designed for IBM mainframe TSO/batch environment. Uses LINKAGE SECTION with PARMINFO, GOBACK, LABEL RECORDS, BLOCK CONTAINS, RECORDING MODE IS F, COMP-3, and 88-level condition names consistent with IBM Enterprise COBOL.",Compuware Xpediter/TSO training and debugging demo program processing employee wage/compensation data
982571be13ef7f92cd21bd3f804cc2d3d4a51ad3,/IEAS9800.cbl,cbl_files_lowercase.csv,13036,True,285,44,98,143,0.407,fixed,4,False,False,3,0,11,0,0,14,IEAS9800,true,ibm-mainframe,COBOL-85,fixed,other,subprogram,production-like,high,"IBM mainframe COBOL subprogram, likely compiled with IBM Enterprise COBOL; Italian-language comments, authored by Accenture, references CICS COMMAREA pattern (AREA-IDSV0001), DECIMAL-POINT IS COMMA, commented-out IBM-370 compiler directives","Italian enterprise application error-message formatting utility; substitutes placeholder parameters (delimited by '$') in extended error description strings, used exclusively by routine IEAS9900"
997a50e530e7d93b0d8c0640184b3d8a2b6e9f18,/TPROG05.cbl,cbl_files_lowercase.csv,4734,True,150,0,31,119,0.207,fixed,4,False,False,2,3,1,0,0,3,TPROG05,true,ibm-mainframe,COBOL-85,fixed,education-tutorial,batch,student-exercise,high,"Compuware ISPW training program targeting IBM-370 mainframe; uses RECORDING MODE IS F, LABEL RECORDS OMITTED, BLOCK CONTAINS 0 RECORDS, and GOBACK — all typical IBM mainframe COBOL conventions","Compuware ISPW training suite; demonstrates calling a subroutine (TSUBR05) and using copybooks (TCPYA05, TCPYB05) to read input and write formatted output"
bb01c5dc3c544c76e9640a841e784237cb0d9be6,/comutfs.cbl,cbl_files_lowercase.csv,14560,True,379,36,11,332,0.032,fixed,3,False,False,27,1,37,0,0,1,comutfs,true,gnucobol,COBOL-85,fixed,manufacturing-logistics,batch,production-like,medium,GnuCOBOL/OpenCOBOL targeting a Linux/Unix environment; uses C$JUSTIFY intrinsic call typical of GnuCOBOL/ACUCOBOL compatibility layer; Italian-language business application with LINE SEQUENTIAL files and .sl/.fd copybook conventions common in Italian ERP/WMS systems,Warehouse management / logistics: extraction and CSV summary of UTF (Unità di Trasporto Ferroviario or similar) outbound shipping notes (bolle di scarico) with LBX causale and negative stock movement
348ca0fa762af5c1dead3d057e0cff2c5742e776,/BANK2.cbl,cbl_files_lowercase.csv,5614,True,175,37,0,138,0.0,fixed,4,False,False,0,0,1,6,0,28,BANK2,true,gnucobol,COBOL-85,fixed,banking-finance,subprogram,student-exercise,high,"GnuCOBOL (OpenCOBOL) with screen section, CRT STATUS, SET ENVIRONMENT for COB_SCREEN_EXCEPTIONS, and VALUE OF FILE-ID syntax typical of GnuCOBOL on Linux/Unix","ATM (cajero automatico) balance inquiry module for a fictional UnizarBank, reading from an indexed movements file"
f1cfa42a0607e5cecdaf8ad949509b56eefb4029,/TransactionDataAccess.cbl,cbl_files_lowercase.csv,9384,True,214,21,6,187,0.031,fixed,0,False,False,8,6,8,0,0,14,,,,,,,,,,,
c7815a5dda244c1fbf21d5573b1c91f21cb7bf78,/pw02516c.cbl,cbl_files_lowercase.csv,16619,True,372,41,35,296,0.106,fixed,4,False,False,9,0,53,0,0,21,PW02516C,true,micro-focus,COBOL-85,free,retail-commerce,online-cics,production-like,high,Micro Focus COBOL with htmlpp preprocessor and free-format source directive; uses EXEC HTML...END-EXEC for CGI/web output generation; Brazilian Portuguese application (Consulta Foco Performance),"Brazilian retail/distribution system - performance item lookup (Foco Performance product), likely part of a Promax ERP/retail system with IC codes, PGV codes, and packaging fields"
ec79ef32db2fcf631e388b2ac2d2c6d571bc228c,/crp052.cbl,cbl_files_lowercase.csv,94267,True,2139,171,126,1842,0.064,fixed,4,False,False,41,32,164,0,0,240,CRP052,true,micro-focus,COBOL-85,fixed,accounting-erp,batch,production-like,high,"Micro Focus COBOL with OO extensions (class-control, object reference), COMP-X, COMP-5 usage, and Windows GUI (wclass window object). Likely targeting Micro Focus NetExpress or similar Windows-based COBOL environment. Brazilian Portuguese application (KELLO ERP system).",Accounts receivable (contas a receber) - individual customer statement report listing titles/invoices with payment status (to pay and paid) within a requested movement interval. Part of the KELLO ERP system.
38256cb3f92be618f41cc21e6d4d712700a5477d,/server.cbl,cbl_files_lowercase.csv,25515,True,633,44,10,579,0.017,fixed,4,False,False,0,0,67,0,0,82,server,true,gnucobol,COBOL-85,fixed,demo-example,batch,student-exercise,high,"GnuCOBOL (OpenCOBOL) interactive terminal application using SCREEN SECTION with BACKGROUND-COLOR, UNSIGNED-INT data type, and LINE SEQUENTIAL files",A bulletin board system (BBS) application with message board and word guessing game features
9f1d6eba79e79f2e3e61db79f1fad3ce7758d952,/IX1024.2.cbl,cbl_files_lowercase.csv,10540,True,177,3,0,174,0.0,free,0,False,False,0,1,0,0,0,0,,,,,,,,,,,
4b85a9886161cc66f98ea3e4d2753889d0d250b7,/pw02175r.cbl,cbl_files_lowercase.csv,110250,True,2130,93,105,1932,0.052,fixed,4,False,False,71,14,122,14,0,299,PW02175R,true,gnucobol,COBOL-85,free,retail-commerce,batch,production-like,high,"GnuCOBOL with Micro Focus-style compiler directives ($set sourceformat""free"", $set preprocess, $set constant); Portuguese-language Brazilian business application, likely compiled with GnuCOBOL or compatible compiler","Brazilian beverage/distribution company returns-by-responsibility report (Devoluções por Responsabilidade); tracks product returns categorized by responsible party (sales, finance/admin, transport, market, process)"
3fd3b4314a005f0b70e5d5aecddbb4fc5a617b18,/COURSE-INQ.cbl,cbl_files_lowercase.csv,6177,True,134,13,13,108,0.107,fixed,4,False,False,0,0,2,0,0,32,COURCE-INQ,true,gnucobol,COBOL-85,fixed,education-tutorial,online-cics,student-exercise,high,"Likely GnuCOBOL or similar open-source COBOL; uses SCREEN SECTION with AUTO clause, INDEXED file with relative path assignment, IS INITIAL PROGRAM, and FUNCTION CURRENT-DATE — all consistent with GnuCOBOL. No IBM-specific extensions observed.",University course inquiry system (UAFS - University of Arkansas Fort Smith context implied by 'UAFS' label)
806d85e607accac12fd11bf4c5fcc99639e32da8,/analRES.cbl,cbl_files_lowercase.csv,7780,True,215,0,114,101,0.53,free,4,False,False,9,1,10,3,0,16,analRES,true,gnucobol,COBOL-2014,free,accounting-erp,batch,production-like,high,"GnuCOBOL free-format source, part of the ACAS (Applewood Computers Accounting System) v3.02 by Vincent Bryan Coen. Uses >>source free directive, BINARY-CHAR, PERFORM FOREVER, and GOBACK.",ACAS (Applewood Computers Accounting System) - Analysis file backup/restore utility
5e0b82d46f96fae2221324ec7a3cb79c622c19cb,/ph050037.cbl,cbl_files_lowercase.csv,9567,True,199,23,30,146,0.17,fixed,4,False,False,7,1,9,0,0,1,PH050037,true,gnucobol,COBOL-85,free,manufacturing-logistics,online-cics,production-like,high,GnuCOBOL with OO class-control extensions and htmlpp preprocessor directives; part of the Promax WMS system (Brazilian logistics/retail). Uses $set preprocess(htmlpp) and EXEC HTML blocks typical of GnuCOBOL web CGI frameworks.,"WMS (Warehouse Management System) - Promax system, Brazilian logistics. Generates CSV log for PCF (Blitz de Carregamento - loading inspection) after reopening, with QlikView integration."
fbb0569362a099bc2d1110a5c50285da3020a796,/ASREA105.cbl,cbl_files_lowercase.csv,3890,True,113,0,3,110,0.027,fixed,4,False,False,2,0,3,0,2,7,ASREA105,true,ibm-mainframe,COBOL-85,fixed,government-public,batch,production-like,high,"IBM mainframe COBOL, likely VS COBOL II or OS/VS COBOL; IBM-370 target, SKIP1/SKIP3/EJECT directives, UT-S- file assignment convention, RETURN-CODE special register",Assessor's office property master file processing; program name ASREA105 suggests assessor real estate application
66cf530e2bb4d0ebeda32b037b68c121c05bf8be,/gctestrun3E.cbl,cbl_files_lowercase.csv,25176,True,539,5,100,434,0.187,fixed,4,False,False,0,4,7,0,0,177,gctestrun3,true,gnucobol,COBOL-85,fixed,utility-tooling,batch,production-like,high,"GnuCOBOL (cobc) test runner for GCSort utility; uses >>IF/>>ELSE/>>END-IF conditional compilation directives, BINARY-LONG, COMP-5, USAGE POINTER, CONSTANT AS — all GnuCOBOL extensions. Compile command in header: 'cobc -x -std=default -debug -Wall -o gctestrun3 gctestrun3.cbl'","Test harness for GCSort (a COBOL-based sort utility), running a suite of sort test cases via takefile scripts"
4e571992637dbdb303b012a1cd3bd88af21beb3c,/IF1274.2.cbl,cbl_files_lowercase.csv,62701,True,791,10,5,776,0.006,fixed,2,False,False,0,0,75,28,0,124,IF1274,true,ibm-mainframe,COBOL-85,fixed,test-suite,test,production-like,high,"IBM Enterprise COBOL for z/OS 6.3.0 P220314, compiled 06/04/2022. This is a compiler listing (not raw source) of the CCVS85 test suite program IF127A testing the intrinsic function ORD.","CCVS85 (COBOL Compiler Validation System 1985) conformance test suite, specifically testing the intrinsic function ORD"
41b6bf48062be3b237f79f02fce8750c84f90bdf,/IF1394.2.cbl,cbl_files_lowercase.csv,17985,True,253,3,0,250,0.0,free,0,False,False,0,0,0,0,0,0,,,,,,,,,,,
e400f6a8603d01ee3f401d6efad528583f412a27,/Listing16-8.cbl,cbl_files_lowercase.csv,1320,True,51,13,10,28,0.263,unknown,3,False,False,5,0,0,0,0,7,Listing16-8,true,unknown,COBOL-85,fixed,education-tutorial,demo,student-exercise,high,Textbook example by Michael Coughlan demonstrating COPY...REPLACING syntax; no vendor-specific extensions visible,Textbook listing (Listing16-8) by Michael Coughlan demonstrating COPY REPLACING variants
51259dd3a7849575adda4968563f17861a18e854,/EDI-impord-p.cbl,cbl_files_lowercase.csv,159037,True,3955,321,520,3114,0.143,fixed,3,False,False,74,20,220,0,0,134,EDI-impord-p,true,acucobol,COBOL-85,fixed,retail-commerce,batch,production-like,high,"ACUCOBOL-GT dialect evidenced by 'handle' data type, 'comp-1' usage, '78' level constants, 'signed-short' usage, and 'acucobol.def' copybook. Italian business application (ERP/order management).","EDI order import processing for an Italian wholesale/distribution company. Imports EDI orders from a predefined folder, validates them, writes EDI files with source data, and copies files to a backup folder."
a002a3d5443772fd33aba2f474b7124c1975ac07,/EXPPROG4.cbl,cbl_files_lowercase.csv,6197,True,191,32,20,139,0.126,fixed,3,False,False,0,0,10,0,0,25,EXPPROG4,true,ibm-mainframe,COBOL-85,fixed,government-public,batch,student-exercise,high,"IBM mainframe style with RECORDING MODE IS F, BLOCK CONTAINS 0 RECORDS, 88-level condition names, INDEXED BY clause, and PROCEDURE DIVISION USING linkage parm; likely compiled under IBM Enterprise COBOL",UK electoral vote counting — processes constituency voting records and tallies votes per political party
c70a544ed34336a88d1b398833da077e97cbc8b2,/[Marvel] CMRO Expanded Reading Order-Part 21.cbl,cbl_files_lowercase.csv,127984,True,2978,0,0,2978,0.0,free,0,False,False,0,0,0,0,0,0,,,,,,,,,,,
f8d6967c336936aeeea4fd52be1590f9dff0cfc3,/tscorte.cbl,cbl_files_lowercase.csv,176369,True,5889,421,670,4798,0.123,fixed,4,False,False,13,15,380,1,0,122,tscorte,true,acucobol,COBOL-85,fixed,retail-commerce,online-cics,production-like,high,"ACUCOBOL-GT / AcuCOBOL with TOTEM code generator (Italian ERP/retail system 'Geslux'). Uses ACUCOBOL-specific extensions: HANDLE OF WINDOW, HANDLE OF FONT, HANDLE OF STATUS-BAR, COMP-4, CRT STATUS, SCREEN SECTION with AFTER/BEFORE PROCEDURE, 78-level constants, USAGE IS HANDLE OF FONT SMALL-FONT/DEFAULT-FONT.","Italian retail/inventory management system 'Geslux' - table maintenance for stock thresholds (Tabella Scorte = stock table). Manages stock levels, automatic ordering schedules by day of week and month, and related flags for a retail/distribution context."
203c944d3bf338a91100c12c4cdfedb522566cef,/D377HIK.cbl,cbl_files_lowercase.csv,4406,True,84,0,3,81,0.036,fixed,0,False,False,0,0,0,0,0,54,,,,,,,,,,,
adb1fdf9f9c6126f39c0db9d87a01d6b99099166,/cllp7659.cbl,cbl_files_lowercase.csv,74083,True,1016,199,164,653,0.201,fixed,4,False,False,2,2,33,3,28,248,CLLP7659,true,ibm-mainframe,COBOL-85,fixed,banking-finance,batch,production-like,high,"Brazilian IBM mainframe COBOL, developed by INFOSERVER for a financial/banking institution. Uses RECORDING MODE IS F, BLOCK CONTAINS 0 RECORDS, COMP-3, DECIMAL-POINT IS COMMA, and UT-S- ASSIGN clauses typical of IBM z/OS batch programs.",Brazilian banking/financial system - processing and filtering migrated notice/warning records (avisos) from a contract migration file. Likely part of a data migration project for a financial institution.
1396c19dca9f9d8ae7e24350d14293f0d409621f,/TPROG06.cbl,cbl_files_lowercase.csv,4728,True,150,0,31,119,0.207,fixed,4,False,False,2,3,1,0,0,3,TPROG06,true,ibm-mainframe,COBOL-85,fixed,education-tutorial,batch,student-exercise,high,"Compuware ISPW training program targeting IBM-370 mainframe; uses RECORDING MODE IS F, LABEL RECORDS OMITTED, BLOCK CONTAINS 0 RECORDS, and GOBACK — all typical IBM mainframe COBOL conventions","Compuware ISPW training suite — demonstrates calling a subroutine (TSUBR06) and using copybooks (TCPYA06, TCPYB06) to read input and write formatted output"
2b02a97c4695cbbbf4036d0231232e3c551b87d1,/Damenbauernspiele.cbl,cbl_files_lowercase.csv,1649,False,0,0,0,0,0.0,unknown,0,False,False,0,0,0,0,0,0,,,,,,,,,,,
2d3d12df5534ad77cb6ca6ab1e02ed528fda0a91,/IFCodeElements.cbl,cbl_files_lowercase.csv,4249,True,179,4,26,149,0.149,fixed,0,False,False,0,0,0,0,0,0,,,,,,,,,,,
0ffbf6ae369a8f9ae3846ca141b61a24c0b71309,/ArrayCopybook.cbl,cbl_files_lowercase.csv,727,True,17,1,4,12,0.25,fixed,0,False,False,0,0,0,0,0,8,,,,,,,,,,,
d307ef153e0e3310cb138df9bc5e4aea5cb73c26,/genrep.cbl,cbl_files_lowercase.csv,6488,True,175,16,3,156,0.019,fixed,4,False,False,0,0,21,0,0,30,GENREP,true,gnucobol,COBOL-85,fixed,retail-commerce,batch,student-exercise,medium,"Likely GnuCOBOL based on LINE SEQUENTIAL organization, GOBACK, and file assignment to quoted filenames (product.csv, transac.csv). No mainframe-specific features present.","Product and transaction reporting; reads product and transaction CSV files, loads them into arrays, sorts transactions by product ID, and generates a simple report of transactions with quantity totals per product."
6922b6b11f4ac66db9a2383e056ae4599dd3bc4a,/PW03017R.cbl,cbl_files_lowercase.csv,42852,True,899,81,39,779,0.048,fixed,4,False,False,28,8,78,0,0,117,PW03017R,true,gnucobol,COBOL-85,free,retail-commerce,batch,production-like,high,Micro Focus/GnuCOBOL with htmlpp preprocessor and $set directives; free-format source with $if/$end conditional compilation; uses external-form and local-storage section typical of Micro Focus or GnuCOBOL web/CGI extensions. Portuguese-language Brazilian business system (PW prefix naming convention).,Warehouse/stock validity report for a Brazilian distribution or retail system; tracks product expiry dates by deposit/warehouse and packaging unit
6237e740774b2197d02ebb3a25c5f7fecc0202ae,/[Marvel] 2021-2024 Part 10.2 - Gang War.cbl,cbl_files_lowercase.csv,6246,True,114,0,0,114,0.0,fixed,0,False,False,0,0,0,0,0,0,,,,,,,,,,,
a1501b8e5c37055f5c0f9f962d20c3f955405691,/CALCULATE-AVG.cbl,cbl_files_lowercase.csv,1088,True,29,3,6,20,0.231,fixed,3,False,False,0,0,0,0,0,6,CALCULATE-AVG,true,gnucobol,COBOL-85,fixed,education-tutorial,subprogram,student-exercise,high,"GnuCOBOL subprogram compiled with cobc, as indicated by 'Tectonics: cobc' comment","Student grade/course average calculation, likely a university programming exercise"
69e173661c94d5e8f0b5290825ddfa7f6b5ed839,/first-proj.cbl,cbl_files_lowercase.csv,1221,True,21,3,9,9,0.5,fixed,3,False,False,0,0,0,0,0,3,COBOL1,true,unknown,COBOL-85,fixed,education-tutorial,demo,toy-or-hello-world,high,Simple introductory COBOL program with no vendor-specific extensions; compatible with any standard COBOL-85 compiler,"First COBOL program written as a learning exercise, with extensive inline comments explaining each division and clause"
ad6f1b1b0f0daf6d96c8f98d8809acbd46623bf7,/CPBD028GZJ.cbl,cbl_files_lowercase.csv,384,True,10,0,0,10,0.0,free,0,False,False,0,0,0,0,0,0,,,,,,,,,,,
f5d8a4da9877fc3b457ab564d3bbd686ba5267bf,/AromaSalesRPT.cbl,cbl_files_lowercase.csv,4795,True,123,18,6,99,0.057,fixed,4,False,False,0,0,0,0,0,50,AROMASALESRPT01,true,gnucobol,COBOL-85,fixed,retail-commerce,batch,student-exercise,high,"GnuCOBOL (cobc) indicated by 'Tectonics: cobc' comment; uses LINE SEQUENTIAL, SD/SORT, 88-level condition names, REDEFINES table technique",Aroma/essential oils sales reporting - generates a summary sales report for a company called AROMAMORA
ca586f3091d3ec090d2f3e1b5e9b109b038ce4cc,/IF4024.2.cbl,cbl_files_lowercase.csv,9882,True,122,0,24,98,0.197,fixed,4,False,False,0,0,0,0,0,3,IF4024,true,unknown,COBOL-85,fixed,test-suite,test,production-like,high,NIST COBOL test suite (IF4024.2) - tests flagging of high-subset intrinsic functions introduced in COBOL-85 addendum. The XXXXX082/XXXXX083 placeholders are characteristic of NIST test suite source/object computer entries.,NIST COBOL test suite - compiler conformance testing for intrinsic function flagging
78f676a4ee880ff9464213880c6c74466a962701,/py030001.cbl,cbl_files_lowercase.csv,14519,True,327,41,28,258,0.098,fixed,4,False,False,18,1,23,0,0,23,PY030001,true,gnucobol,COBOL-2002,free,retail-commerce,subprogram,production-like,medium,"GnuCOBOL with OO extensions (INVOKE, class repository), htmlpp preprocessor, free-format source; likely part of a Brazilian ERP/commercial system (PC prefix copybooks, Portuguese identifiers)","Order status inquiry for a Brazilian commercial/distribution system; queries order records (pedidos) by client, company and branch, returning JSON with order status (Faturado, Aprovado, Bloqueado, Rejeitado, etc.)"
d631293f12a09a29ab8cad6deacdf31017adfc33,/REPORT-COURSE-BY-INST.cbl,cbl_files_lowercase.csv,5842,True,137,6,4,127,0.031,fixed,4,False,False,2,0,5,0,0,39,REPORT-COURSE-BY-INST,true,gnucobol,COBOL-85,fixed,education-tutorial,online-cics,student-exercise,high,Likely GnuCOBOL or similar open-source/academic COBOL with SCREEN SECTION and file path using relative Unix-style path '../FILES/SCHEDULE-MASTER.DAT',"Academic course scheduling system — reports schedule records filtered by instructor ID, year, and semester"
489a82d88edde8b9e4764ae644d2261b6bdaf22c,/ssar.cbl,cbl_files_lowercase.csv,2180,True,89,9,0,80,0.0,unknown,0,False,False,0,0,0,0,0,0,,,,,,,,,,,
1c47cd8ade332fda5f6ffafe6e3ecb44856ba422,/StoprunGobackLastStatement.rdz.cbl,cbl_files_lowercase.csv,815,True,44,3,0,41,0.0,fixed,1,False,False,0,0,1,0,0,0,Pgm,true,ibm-mainframe,COBOL-85,fixed,test-suite,test,snippet,high,Likely IBM RDz (Rational Developer for z) test/demo file based on .rdz.cbl extension; tests STOP RUN and GOBACK as last-statement semantics,Tests compiler/linter behavior around STOP RUN and GOBACK as last statements in paragraphs and sections
343be592ed67336b0064bb674580947b1783920c,/day4.cbl,cbl_files_lowercase.csv,1588,True,50,8,0,42,0.0,fixed,4,False,False,0,0,2,0,0,9,DAY4,true,gnucobol,COBOL-2014,free,education-tutorial,batch,student-exercise,high,"GnuCOBOL free-format, compiled with cobc -std=cobol2014 --free as noted in the inline comment",Advent of Code Day 4 puzzle solution - range overlap detection
5e0d91b83297cd254a881b5d073ec2ae26af7e31,/Serie07Prog04.cbl,cbl_files_lowercase.csv,12684,True,312,22,53,237,0.183,fixed,4,False,False,0,0,25,0,0,25,ProgApareo,true,gnucobol,COBOL-85,fixed,education-tutorial,batch,student-exercise,high,"Standard COBOL-85 style, likely compiled with GnuCOBOL on a PC/Linux environment given LINE SEQUENTIAL files and .TXT extensions; Spanish-language comments and Argentine student context (Serie07Prog04, author Lautaro-Rojas, date 04/10/2022)","University programming exercise (Serie 07, Program 04) implementing a file-matching (apareo) algorithm between CUENTAS and SERVICIOS files by client number, producing updated accounts, rejections, and incidences files"
c5c04a4e200e25da43a24b2ad142225d1ce4f230,/lista3e9.cbl,cbl_files_lowercase.csv,2537,True,99,29,7,63,0.1,fixed,4,False,False,0,0,0,0,0,11,lista3e9,true,gnucobol,COBOL-85,fixed,education-tutorial,demo,student-exercise,high,Student exercise likely compiled with GnuCOBOL on PC; Portuguese comments and Brazilian author name; uses SCREEN SECTION and DECIMAL-POINT IS COMMA typical of Brazilian GnuCOBOL usage,"Brazilian university COBOL exercise (lista3 = list/assignment 3, exercise 9) computing geometric areas"
e61efac7b8b5dc8cbc2a03d57247424e09818e07,/analMT.cbl,cbl_files_lowercase.csv,44386,True,1117,4,465,648,0.418,free,4,True,False,4,21,26,31,0,35,analMT,true,gnucobol,COBOL-85,free,accounting-erp,subprogram,production-like,high,"GnuCOBOL free-format source for the ACAS (Applewood Computers Accounting System) v3.02, using JC preSQL MySQL preprocessor for EXEC SQL handling. Author: Vincent B Coen.","ACAS (Applewood Computers Accounting System) Analysis file/table RDB Data Access Layer (DAL) handler for MySQL, managing the ANALYSIS-REC table"
fdd46b6310e25ee588bf85a094e41f74b3ab2d9a,/HCMADB02.cbl,cbl_files_lowercase.csv,12466,True,280,29,86,165,0.343,fixed,4,True,True,2,0,15,0,0,34,HCMADB02,true,ibm-mainframe,COBOL-85,fixed,healthcare-medical,online-cics,production-like,high,"IBM CICS/DB2 online program; uses EXEC CICS and EXEC SQL with SQLCA, EIB fields (EIBTRNID, EIBTRMID, EIBTASKN, EIBCALEN), DFHCOMMAREA, and ABEND command — classic IBM mainframe CICS/DB2 pattern","Hospital/clinic prescription management system — inserts prescription schedule rows into a DB2 PRESCRIPTION table for a given patient, based on start/end dates and dosage frequency"
fd2fd3b8a6c45a91ba0c9be72449db56a861b80f,/pw04413c.cbl,cbl_files_lowercase.csv,96530,True,1673,125,69,1479,0.045,fixed,4,False,False,6,2,51,0,0,77,PW04413C,true,micro-focus,COBOL-85,free,retail-commerce,online-cics,production-like,high,"Micro Focus COBOL with $SET directives (preprocess htmlpp, sourceformat free), external-form linkage section, and CGI/web output pattern typical of Micro Focus Net Express or similar web-enabled COBOL","Brazilian NF-e (Nota Fiscal Eletrônica) monitoring dashboard for distribution/logistics operations; tracks authorized, contingency, rejected, and denied electronic invoices across geographic regions and business units"
1e7cb51985da457c71dfbf6cd1794bfbb393711d,/string_calculator_test.cbl,cbl_files_lowercase.csv,926,True,47,10,0,37,0.0,unknown,3,False,False,0,0,4,0,0,6,StringCalculatorTest,true,unknown,COBOL-85,free,test-suite,test,student-exercise,medium,"Uses PERFORM with string literal paragraph names (non-standard), GOBACK, UNSTRING — possibly GnuCOBOL or similar free-form tolerant compiler",Kata-style string calculator exercise with unit test assertions
73963d659a047afa14db93b49d7d31f25fcb1628,/LVVS0092.cbl,cbl_files_lowercase.csv,8677,True,220,27,64,129,0.332,fixed,4,False,False,6,1,5,0,0,22,LVVS0092,true,ibm-mainframe,COBOL-85,fixed,insurance,subprogram,production-like,high,"Italian insurance mainframe system 'Portafoglio Vita Italia' (life insurance portfolio). Uses IBM-style COMP, COPY with REPLACING, PERFORM THRU, GOBACK, and structured error handling typical of IBM mainframe COBOL shops.",Italian life insurance portfolio system ('Portafoglio Vita Italia'). This is a service subprogram that retrieves and converts a policy inception date (data decorrenza polizza) by calling LDBS2910.
57915822234d9fefd9406fe006d674e3c0375760,/ph070102.cbl,cbl_files_lowercase.csv,12771,True,229,19,26,184,0.124,fixed,4,False,False,7,1,6,0,0,1,PH070102,true,gnucobol,COBOL-85,free,banking-finance,online-cics,production-like,high,"GnuCOBOL with htmlpp preprocessor and OO extensions (INVOKE, REPOSITORY with CLASS), likely part of a Brazilian web/CGI framework using EXEC HTML blocks. Compiler directives $set preprocess(htmlpp) and $set sourceformat""free"" are characteristic of GnuCOBOL.",Brazilian financial/sales reporting system - AcompTTC (TTC tracking/accompaniment) Dispersão (Dispersion) report for sales structure analysis
5426b41dc1a2f9b18b19925d37e108d25f890010,/clock.cbl,cbl_files_lowercase.csv,1266,True,40,1,0,39,0.0,fixed,3,False,False,0,9,1,0,0,10,clock,true,gnucobol,COBOL-85,fixed,demo-example,demo,toy-or-hello-world,medium,"Uses ncurses library calls (initscr, timeout, getch, clear, refresh, endwin, printw) and C$SLEEP which is a GnuCOBOL/ACUCOBOL extension; likely GnuCOBOL given open-source context",Simple terminal clock display using ncurses
06d4bca171b6839787713e31c2cf3a5168a7156b,/acceptance.cbl,cbl_files_lowercase.csv,1343,True,53,26,1,26,0.037,unknown,0,False,False,0,2,2,0,0,2,program_id,true,acucobol,unknown,unknown,education-tutorial,test,snippet,low,Likely ACUCOBOL-GT or RM-COBOL based on c$element and c$value intrinsic-style CALLs which are characteristic of ACUCOBOL/Micro Focus extensions; non-standard division names and syntax suggest a teaching/demo context,"Appears to be a COBOL acceptance/syntax test or tutorial demonstrating various COBOL constructs including PERFORM, MOVE, COMPUTE, CALL, and data definitions"
1c729edce02b39389b20e87a9541309281d1bf98,/merge_files.cbl,cbl_files_lowercase.csv,1221,True,48,10,0,38,0.0,fixed,4,False,False,0,0,0,0,0,8,MERGE_FILES,true,gnucobol,COBOL-85,fixed,education-tutorial,demo,student-exercise,high,Simple GnuCOBOL/OpenCOBOL student exercise using LINE SEQUENTIAL files and MERGE verb; authored by Erik Fahlen in 2021,Student exercise merging two student data files into a single sorted output file
6ef43e3fc9be8b1dd605654813bfe00f2bfdd94f,/squelette.cbl,cbl_files_lowercase.csv,10482,True,216,1,169,46,0.786,fixed,4,False,False,0,0,2,0,0,1,,true,unknown,COBOL-85,fixed,education-tutorial,demo,snippet,high,"French-language skeleton/template program, likely used in French IT education or enterprise training. Uses DECIMAL-POINT IS COMMA and French comments throughout. No vendor-specific extensions visible.","French COBOL skeleton/template program used as a starting point or teaching aid, with placeholder names (XXXXXXXX) and structured commentary in French describing program architecture conventions."
a975fbd9764c1a2646d911e7f4c3858119cb06bd,/MyGrade.cbl,cbl_files_lowercase.csv,2583,True,74,8,0,66,0.0,fixed,4,False,False,0,0,4,0,0,9,MY-GRADE,true,gnucobol,COBOL-85,fixed,education-tutorial,batch,student-exercise,high,"Likely compiled with GnuCOBOL; uses LINE SEQUENTIAL organization and GOBACK, consistent with GnuCOBOL conventions. No IBM-specific extensions detected.",Student grade point average (GPA) calculator reading subject grades from a file
b7e3e775f07834b0159d6767755ce4786d8e2b85,/MergeSort.cbl,cbl_files_lowercase.csv,4876,True,114,13,18,83,0.178,fixed,1,False,False,0,0,12,0,0,0,MergeSort,true,micro-focus,COBOL-2014,free,education-tutorial,demo,student-exercise,high,"Micro Focus Visual COBOL / Enterprise Developer with modern extensions: $set sourceformat(variable), TYPEDEF, inline DECLARE, section parameters with RETURNING, member-access via :: operator, CONSTANT with VALUES list",Demonstration of merge sort algorithm using Micro Focus COBOL modern language features
669ff621ab52086d9d382383ab48556fafe016cb,/TSQL006A.cbl,cbl_files_lowercase.csv,3122,True,110,30,0,80,0.0,fixed,3,True,False,0,0,0,2,0,9,TSQL006A,true,gnucobol,COBOL-85,fixed,test-suite,test,student-exercise,medium,"GnuCOBOL (OpenCOBOL) with embedded SQL via ESQL preprocessor; uses DYNSTMT1-ARR/DYNSTMT1-LEN pattern typical of GnuCOBOL ESQL, CONNECT TO/CONNECT RESET syntax, SQLERRMC/SQLERRML fields","SQL dynamic statement execution test: PREPARE/EXECUTE, EXECUTE IMMEDIATE, and SELECT INTO against a test table TAB1"
18c08b83b4f097b1af45d9915a9c1856fb9963d7,/lib-readfile.cbl,cbl_files_lowercase.csv,1766,True,69,12,12,45,0.211,free,4,False,False,0,0,4,0,0,7,lib-readfile,true,gnucobol,COBOL-2002,free,utility-tooling,subprogram,production-like,high,GnuCOBOL free-format source using ODO (OCCURS DEPENDING ON) with unbounded clause and compiler directive >>SOURCE FORMAT FREE; likely used for Advent of Code puzzle input reading,"Reusable file-reading library subprogram, likely part of an Advent of Code solution framework"
1342a952bfbe66bf6b9d97ee9c98a2b918934bac,/Program1.cbl,cbl_files_lowercase.csv,2728,True,77,0,0,77,0.0,fixed,3,False,False,0,0,4,0,0,22,,true,gnucobol,COBOL-85,fixed,education-tutorial,batch,student-exercise,high,Likely compiled with GnuCOBOL or similar open-source COBOL; uses Windows file paths and line sequential organization typical of GnuCOBOL student exercises,"Sales commission calculation exercise, reads a sales data file and produces a commission report"
48f7d64852caac372bd371d348b3481698a43b8e,/Isogram.cbl,cbl_files_lowercase.csv,1462,True,52,9,1,42,0.023,fixed,4,False,False,0,0,8,0,0,5,ISOGRAM,true,unknown,COBOL-85,fixed,education-tutorial,demo,student-exercise,high,Standard COBOL-85 with intrinsic function UPPER-CASE; no vendor-specific extensions visible. Likely compiled with GnuCOBOL or similar open-source compiler given the Exercism-style exercise context.,Exercism coding exercise — checks whether a given phrase is an isogram (no repeating letters)
745229badc227f8731481f81d8f29b0891a036c9,/caesarCipher.cbl,cbl_files_lowercase.csv,3738,True,117,16,0,101,0.0,unknown,1,False,False,0,0,4,0,0,14,caesar,true,unknown,COBOL-85,mixed,education-tutorial,demo,student-exercise,high,"Generic COBOL-85 style; uses FUNCTION MOD, FUNCTION UPPER-CASE, FUNCTION TRIM, FUNCTION REVERSE — intrinsic functions introduced in COBOL-85/2002. No vendor-specific extensions visible.",Caesar cipher encryption and decryption exercise
98325bfdd96f7fa10a1bf9e97c19f0c0862cbd9d,/PGMOD4.cbl,cbl_files_lowercase.csv,18511,True,534,95,86,353,0.196,fixed,4,True,False,3,4,25,0,0,16,PGMOD4,true,gnucobol,COBOL-85,fixed,utility-tooling,subprogram,production-like,high,GnuCOBOL (OpenCOBOL) with ESQL/PostgreSQL via ecpg or ocesql; part of 'DBsample' project by Laszlo Erdos; uses *> comment style and COMP-5,PostgreSQL database access module for a book management sample application
daae57ea30a13826e4fbd3c4346929f42ecdd66b,/S09P000.cbl,cbl_files_lowercase.csv,4019,True,112,23,21,68,0.236,fixed,2,True,False,3,8,7,0,0,3,,true,micro-focus,COBOL-85,fixed,other,batch,production-like,high,"Micro Focus COBOL with Dialog System (DSGRUN) GUI framework and ODBC SQL directive; uses COMP-5, MF-style COPY with quoted filenames, and DS-CNTRL.MF copybook",SINTEGRA (Brazilian fiscal/tax system) front-end menu dispatcher using Micro Focus Dialog System GUI
eb6f4f1c46d5e2e26529429608b7c4faffeae21e,/gnucobol.cbl,cbl_files_lowercase.csv,6194,True,146,19,22,105,0.173,free,0,False,False,0,0,2,0,0,32,gnucobolcgi,true,gnucobol,COBOL-85,fixed,demo-example,demo,production-like,high,"GnuCOBOL CGI web application example by Brian Tiffin and Francois Hiniger; uses >>SOURCE FORMAT IS FIXED compiler directive and COMP-5 usage, characteristic of GnuCOBOL",CGI web application demonstrating GnuCOBOL environment variable access and POST data handling
366f5323544b938a4ad680994e11d2931975ed1f,/HCMADB02.cbl,cbl_files_lowercase.csv,12193,True,280,29,86,165,0.343,fixed,4,True,True,2,0,15,0,0,34,HCMADB02,true,ibm-mainframe,COBOL-85,fixed,healthcare-medical,online-cics,production-like,high,"IBM CICS/DB2 online program, likely running on IBM z/OS or CICS Transaction Server. Uses EXEC CICS and EXEC SQL (DB2) embedded commands, DFHCOMMAREA linkage, EIB fields (EIBTRNID, EIBTRMID, EIBTASKN, EIBCALEN), and SQLCA include — all characteristic of IBM mainframe CICS/DB2 development.","Healthcare prescription management system — inserts prescription schedule rows into a DB2 PRESCRIPTION table for a given patient, based on start/end dates and dosage frequency (1-4 times per day)."
261e554c4e32dba7d8e2a8e120f50a9cd5174568,/DoCalc.cbl,cbl_files_lowercase.csv,654,True,19,1,0,18,0.0,fixed,3,False,False,0,0,0,0,0,4,DOCALC,true,unknown,COBOL-85,fixed,education-tutorial,demo,toy-or-hello-world,high,"Simple standard COBOL, no vendor-specific extensions visible",Basic arithmetic exercise for learning COBOL
9562f62913b851011a5eb6b795cd1255bbcd0fb0,/playpen.cbl,cbl_files_lowercase.csv,1694,True,56,13,4,39,0.093,fixed,0,False,False,0,0,0,0,0,4,playpen,true,gnucobol,COBOL-85,fixed,demo-example,demo,student-exercise,high,Uses COMP-5 and pointer manipulation features consistent with GnuCOBOL; filename 'playpen.cbl' and *> inline comments suggest GnuCOBOL free-style comment syntax in fixed format,Pointer manipulation demonstration/experimentation
3940176744087ba7dfb91b97e8fc5db556d4b67d,/hello.cbl,cbl_files_lowercase.csv,118,True,6,1,0,5,0.0,free,2,False,False,0,0,0,0,0,0,HELLOCOBOL,true,unknown,COBOL-85,free,demo-example,demo,toy-or-hello-world,high,"Minimal hello-world program; free-format layout, no vendor-specific extensions visible. Likely compiled with GnuCOBOL or similar open-source compiler given free format and simplicity.",Simple hello-world demonstration program authored by Juliana Dias
b9dafffd1fc44a92aab2a7fe85accb6fc9e4b439,/F3.cbl,cbl_files_lowercase.csv,8920,True,246,36,11,199,0.052,fixed,0,False,False,0,6,8,0,0,63,F3|UTIL,true,gnucobol,COBOL-85,fixed,other,batch,student-exercise,medium,"GnuCOBOL with SCREEN SECTION, BACKGROUND-COLOR/FOREGROUND-COLOR clauses, LINE/COL on DISPLAY/ACCEPT; French-language aviation club management application",Aviation club (aeroclub) pilot management system — French language
88b0e1c1c9d3bf6c7fdc8432941221a707988e31,/DHELP01P.cbl,cbl_files_lowercase.csv,11583,True,143,0,43,100,0.301,fixed,3,False,True,5,0,0,3,0,8,PIC|dhelp01p,true,micro-focus,COBOL-85,fixed,banking-finance,online-cics,production-like,high,"Micro Focus CICS demonstration program, copyright 1998-2010 Micro Focus. Uses CICS STARTBR/READNEXT/ENDBR against VSAM file BNKHELP. Uses CENTRY/CRETURN copybooks typical of Micro Focus CICS demo suite.",Online banking help system - retrieves screen help text from a VSAM file (BNKHELP) for a banking application
d6f79b81079fc8bfd5d6925082f12002edf45fe4,/main.cbl,cbl_files_lowercase.csv,12831,True,542,73,26,443,0.055,fixed,4,False,False,0,0,51,0,0,40,ProjetGesTrib,true,gnucobol,COBOL-85,fixed,government-public,batch,student-exercise,high,"GnuCOBOL student project; uses *> inline comments (GnuCOBOL/COBOL-2002 style), FUNCTION CURRENT-DATE, INDEXED files with ALTERNATE RECORD KEY, and French-language identifiers/displays","Tribunal jury management system (ProjetGesTrib) managing jurors, convocations, hearings, cases, and courtrooms"
f09c9d32d4e1d22773a69f69369b32b5efc25be0,/stt-day-p.cbl,cbl_files_lowercase.csv,17657,True,521,63,20,438,0.044,fixed,3,False,False,14,2,31,0,0,39,stt-day-p,true,acucobol,COBOL-85,fixed,manufacturing-logistics,subprogram,production-like,high,"ACUCOBOL-GT dialect: uses ACUCOBOL-specific DISPLAY MESSAGE ... TITLE ... ICON syntax, 78-level constants, COPY .sl/.fd/.def file conventions, 'acucobol.def' copybook, and CANCEL verb for subprograms",Italian transport/logistics management system: daily control printout of invoiced delivery notes (bolle fatturate) for a given day
3a02d3c8d268e720404314ab9aeb51e92f425b5f,/SHI-expfornitori.cbl,cbl_files_lowercase.csv,11256,True,315,30,15,270,0.053,fixed,3,False,False,13,2,33,0,0,23,SHI-expfornitori,true,gnucobol,COBOL-85,fixed,accounting-erp,batch,production-like,medium,GnuCOBOL / OpenCOBOL Italian business application; uses C$justify intrinsic call typical of GnuCOBOL/ACU; SPECIAL-NAMES decimal-point is comma; Italian-language identifiers and messages; part of a larger SHI (Sistema Hospitaliero/Informatico?) suite,Supplier (fornitori) export module for an Italian ERP/management system called SHI; exports supplier master data with price list validation
f2efdb1e7b3daa32fda8f5ce3fbfae422d1a8918,/TSUBR02.cbl,cbl_files_lowercase.csv,2784,True,88,0,24,64,0.273,fixed,4,False,False,1,0,1,0,0,2,TSUBR02,true,ibm-mainframe,COBOL-85,fixed,education-tutorial,subprogram,student-exercise,high,"Compuware ISPW training program targeting IBM-370 mainframe; uses RECORDING MODE IS F, LABEL RECORDS OMITTED, BLOCK CONTAINS 0, and GOBACK — all typical IBM mainframe COBOL conventions",Compuware ISPW COBOL training suite — subroutine component of a training program set (TPROG02 calls TSUBR02)
0e6aa7955d5f6c751e96e2268f490e87fe137eaa,/EJERCICIO-3.cbl,cbl_files_lowercase.csv,4802,True,131,29,0,102,0.0,fixed,3,False,False,0,0,8,0,0,26,EJERCICIO2,true,gnucobol,COBOL-85,fixed,education-tutorial,demo,student-exercise,high,"Standard COBOL-85 style, likely compiled with GnuCOBOL; Spanish-language identifiers and NERDEARLA 2021 reference suggest Argentine educational context",Programming exercise evaluating job applicants by years of experience and computing salary and bonus; references 'NERDEARLA 2021' (Argentine tech conference/event)
0763532ddc5f18bd45322aaa3db35a624a669b62,/recording.cbl,cbl_files_lowercase.csv,19,True,1,0,0,1,0.0,free,0,False,False,0,0,0,0,0,0,,,,,,,,,,,
c3eadf16b94e21b92894800ed5abb85ff0eb718b,/SCHED-ADD.cbl,cbl_files_lowercase.csv,8289,True,186,17,12,157,0.071,fixed,4,False,False,0,0,6,0,0,57,SCHED-ADD,true,gnucobol,COBOL-85,fixed,education-tutorial,batch,student-exercise,high,"GnuCOBOL (OpenCOBOL) style; uses SCREEN SECTION with LINE/COL clauses, INDEXED file with named RECORD KEY syntax (CRN-KEY=ISAM-IO-KEY), relative file path strings, and IS INITIAL PROGRAM — all consistent with GnuCOBOL on a PC/Linux environment",University course scheduling system (UAFS — University of Arkansas Fort Smith); adds records to a schedule master ISAM file
937b2d9eb44c53acb8bcefa2c02d3c31cb7f6857,/CI0448P.cbl,cbl_files_lowercase.csv,94944,True,1548,8,371,1169,0.241,fixed,4,True,True,1,6,11,37,2,290,CI0448P,true,ibm-mainframe,COBOL-85,fixed,banking-finance,online-cics,production-like,high,"IBM mainframe COBOL with EXEC CICS and EXEC SQL (DB2); Ameriprise Financial FDC system, compiled on IBM-370; uses COMPUTATIONAL-3 and COMP fields typical of IBM Enterprise COBOL",Ameriprise Financial FDC system; builds an HTML page for DCAP/APCP (likely a financial advisor/client account portal or document/account processing component)
80d726d8e20b579b6da6e30c09ecfadaa1947f6b,/gctestsetup.cbl,cbl_files_lowercase.csv,13435,True,339,4,59,276,0.176,fixed,4,False,False,0,8,11,0,0,49,gctestsetup,true,gnucobol,COBOL-85,fixed,utility-tooling,batch,production-like,high,"GnuCOBOL (cobc) program; compile command in header uses 'cobc -x -std=default'; uses BINARY-LONG, TRIM intrinsic, SUBSTITUTE intrinsic, CBL_COPY_FILE, SYSTEM calls, ENVIRONMENT-NAME/ENVIRONMENT-VALUE — all GnuCOBOL extensions",Test environment setup utility for GCSort (a COBOL sort utility project by Sauro Menna)
0dcaca63ddabe57507d5a881cf3c3f96522171c5,/utl-sub-var-env-get.cbl,cbl_files_lowercase.csv,551,True,25,10,0,15,0.0,fixed,4,False,False,0,0,0,0,0,2,utl-sub-get-env-var,true,gnucobol,COBOL-85,fixed,utility-tooling,subprogram,snippet,high,Likely GnuCOBOL or similar open-source COBOL; uses ACCEPT ... FROM ENVIRONMENT which is a GnuCOBOL/COBOL-85 extension. DECIMAL-POINT IS COMMA suggests European locale usage.,General-purpose utility subprogram for retrieving environment variable values
08b4c0c7fd6f82f0dd8a35a32d3a4cbe9929ccf9,/Data1.cbl,cbl_files_lowercase.csv,566,True,17,1,0,16,0.0,fixed,3,False,False,0,0,0,0,0,4,DATA1,true,unknown,COBOL-85,fixed,education-tutorial,demo,toy-or-hello-world,high,Simple student exercise with no vendor-specific extensions; COBOL-85 syntax assumed from VALUE clause and PIC usage,"Basic COBOL data types and DISPLAY demonstration, likely a classroom exercise"
f6bbf4167c22f12dcaad5aacba8dfed21244f95f,/TABLES-TWO-DIMENSION-39.cbl,cbl_files_lowercase.csv,2268,True,52,5,19,28,0.404,fixed,3,False,False,0,0,0,0,0,3,ONE-DIMENSION-TABLE,true,gnucobol,COBOL-85,fixed,education-tutorial,demo,student-exercise,high,GnuCOBOL (cobc) based on 'Tectonics: cobc' comment; uses *> inline comments which are a COBOL-85+ feature,"Demonstration of two-dimensional table (OCCURS within OCCURS) in COBOL, using subject names and codes as example data"
1ec430e41643df0b00468661a95244964d4cf5f8,/callprog.cbl,cbl_files_lowercase.csv,458,True,23,7,0,16,0.0,fixed,4,False,False,0,2,0,0,0,1,CALLPROG,true,unknown,COBOL-85,fixed,utility-tooling,subprogram,snippet,high,Simple subprogram accepting a command-line string and passing it to the system() call; no vendor-specific extensions visible,Executes an OS command passed via the LINKAGE SECTION parameter
c6eb3dbce91a4e7dc3fd31ffe1b456f60beac501,/SeqReadNo88.cbl,cbl_files_lowercase.csv,1496,True,44,0,6,38,0.136,fixed,4,False,False,0,0,2,0,0,8,YOUR-PROGRAM-NAME,true,gnucobol,COBOL-85,fixed,education-tutorial,demo,student-exercise,high,GnuCOBOL (cobc) student exercise; placeholder PROGRAM-ID 'YOUR-PROGRAM-NAME' and 'Tectonics: cobc' comment confirm GnuCOBOL toolchain,Student file processing exercise reading sequential student records
1bb37b54a37c5248c602ea3acbfa6bef6e07a25e,/[DC] Batman Modern Age - Part 02 Year Two The Long Halloween [1990-2007].cbl,cbl_files_lowercase.csv,9547,True,200,0,0,200,0.0,free,0,False,False,0,0,0,0,0,0,,,,,,,,,,,
8088f7069553011eab8e5b0eeead47bfc65b5d1d,/TP.cbl,cbl_files_lowercase.csv,20974,True,645,121,35,489,0.067,fixed,4,False,False,0,0,59,0,0,88,TRABAJO,true,rm-cobol,COBOL-85,fixed,retail-commerce,batch,student-exercise,high,RM-COBOL-85 explicitly declared in SOURCE-COMPUTER and OBJECT-COMPUTER paragraphs; Windows-style relative paths with backslashes in ASSIGN clauses; DECIMAL-POINT IS COMMA,"Car rental management system processing rental requests, rejections, and statistics for a vehicle fleet"
8396f6b5551179b9fa767fa68ddf92a8d8714d48,/IF1104.2.cbl,cbl_files_lowercase.csv,8596,True,163,3,0,160,0.0,free,0,False,False,0,0,0,0,0,0,,,,,,,,,,,
3887d56948eaa38c99731fc7ec7149635c180d93,/crearIndexado.cbl,cbl_files_lowercase.csv,2877,True,98,24,4,70,0.054,fixed,4,False,False,0,0,5,0,0,17,crearIndexadoClientes,true,gnucobol,COBOL-85,fixed,retail-commerce,batch,student-exercise,high,"Likely GnuCOBOL (OpenCOBOL) based on LINE SEQUENTIAL organization, Spanish-language identifiers, and comment about Unix file handling; could also be Micro Focus",Customer file management - creating an indexed ISAM file from a sequential input file of customer records
1dd24bb28e90b6a1c0c7214bf0fe9f3d2355a2d1,/epsmlist.cbl,cbl_files_lowercase.csv,7915,True,224,28,18,178,0.092,fixed,4,False,True,7,0,7,0,0,29,EPSMLIST,true,ibm-mainframe,COBOL-85,fixed,banking-finance,online-cics,production-like,high,"IBM CICS online program, references IBM-FLEX-ES (Flex-ES mainframe emulator), part of IBM EPSDEMOS 2008 sample application",Mortgage loan listing application; reads a mortgage file and displays matching lenders based on loan amount and interest rate criteria
1eefb71758c4d0f238edd8a9c3a07cde31cc325c,/HBSI20AO.cbl,cbl_files_lowercase.csv,22315,True,441,9,171,261,0.396,fixed,4,False,False,0,0,20,0,0,46,HBSI20AO,true,gnucobol,COBOL-85,fixed,retail-commerce,batch,student-exercise,high,GnuCOBOL (OpenCOBOL) with SCREEN SECTION and LOCK MODE IS MANUAL on indexed file; Brazilian Portuguese comments; likely compiled with GnuCOBOL for a training/evaluation exercise at HBSIS/Ambev,"Customer registration system for HBSIS/Ambev evaluation exercise; manages client records with CNPJ (Brazilian tax ID), company name, latitude and longitude"
baf682ec5743e09d484b69370c5b47b753bcb42e,/control-break2.cbl,cbl_files_lowercase.csv,1881,True,60,2,0,58,0.0,fixed,4,False,False,0,0,4,0,0,13,CB2,true,gnucobol,COBOL-85,fixed,education-tutorial,batch,student-exercise,high,Standard COBOL-85 style; GOBACK and LINE SEQUENTIAL suggest GnuCOBOL or similar open-source compiler; authored by THANYARAK,Control-break processing exercise reading a flat file and summing counts by group key COL-A
e0daeb8445d08399b5e9909ef959393e1efce8b4,/arr.cbl,cbl_files_lowercase.csv,15481,True,488,84,3,401,0.007,fixed,3,False,False,0,3,72,0,0,38,NAME|tests,true,gnucobol,COBOL-85,fixed,education-tutorial,test,student-exercise,medium,"Likely GnuCOBOL with a kata/testing framework (testsuite/testcase/expect directives resembling COBOL Unit Test or similar framework, possibly cobol-unit-test or zUnit-style). Multiple program-id 'tests' blocks and template-like structure suggest a Codewars kata template.",Codewars kata template for array manipulation exercises (referenced URL: codewars.com/kumite). The main program 'NAME' is a stub to be implemented; 'tests' programs provide test harness.
97d4df3e0b2cc0c84bf7e887c909a71d0ab76f45,/lgicus01.cbl,cbl_files_lowercase.csv,7014,True,166,21,49,96,0.338,fixed,4,False,True,2,0,2,0,0,19,LGICUS01,true,ibm-mainframe,COBOL-85,fixed,insurance,online-cics,production-like,high,"IBM CICS/TS mainframe program, part of the IBM CICS Insurance Application (LGICUS01 - Inquire Customer). Copyright IBM Corp. 2011-2020.",IBM CICS Insurance Application sample - customer inquiry business logic layer
126882fa09bb32dd87e9c71f1b96d66bd14c3ada,/load_program.cbl,cbl_files_lowercase.csv,13184,True,372,98,21,253,0.077,fixed,4,False,False,4,14,16,0,0,26,load-program,true,gnucobol,COBOL-2014,fixed,other,subprogram,production-like,high,"GnuCOBOL; uses FUNCTION ALL INTRINSIC, ODO with UNBOUNDED, LOCAL-STORAGE SECTION, dynamic file assignment, and *> comments — all characteristic of GnuCOBOL/modern open-source COBOL",BASIC interpreter / runtime loader — part of a COBOL-implemented BASIC interpreter project by Erik Eriksen
358f634b914761afe944cfe32699fb2a46f40074,/edit5.cbl,cbl_files_lowercase.csv,1191,True,32,2,0,30,0.0,fixed,3,False,False,0,0,0,0,0,8,LISTING-EDIT5,true,unknown,COBOL-85,fixed,education-tutorial,demo,student-exercise,high,Uses scaled picture clauses (VP(5) and P(5)V) which are standard COBOL features; no vendor-specific extensions visible. Likely a student exercise targeting a standard COBOL-85 compiler.,Demonstrates COBOL scaled picture clauses (P scaling factor) and numeric display formatting
8cf77ec814983b2131d92f5d50e6680833a0d5ed,/FUNCTION.cbl,cbl_files_lowercase.csv,759,True,29,5,5,19,0.208,fixed,2,False,False,0,0,0,0,0,3,Functions,true,unknown,COBOL-2002,fixed,education-tutorial,test,snippet,medium,"Uses TYPE BOOL and intrinsic FUNCTION POW with SET; likely a test/exercise for a COBOL compiler or type-checker, possibly GnuCOBOL or a research/educational compiler supporting BOOL type",Demonstrates and tests COBOL intrinsic function usage and type-checking rules
91448c70d3fec2b69b55e66b3e8fcb6573eef283,/cosy.cbl,cbl_files_lowercase.csv,48466112,False,0,0,0,0,0.0,unknown,0,False,False,0,0,0,0,0,0,,,,,,,,,,,
22ec78e8628fcf6474724c5e519fcbee34a0209b,/ricalini-p.cbl,cbl_files_lowercase.csv,16436,True,445,42,14,389,0.035,fixed,3,False,False,9,5,26,0,0,11,ricalini-p,true,micro-focus,COBOL-85,fixed,manufacturing-logistics,batch,production-like,medium,"Likely Micro Focus or ACU COBOL for Windows/Linux; uses DISPLAY MESSAGE BOX with TITLE/ICON syntax, ALLOWING READERS clause on OPEN, pipe-character comments (|), 78-level constants, SET condition-name TO FALSE, and CANCEL verb — all characteristic of Micro Focus Visual COBOL or similar PC-based dialect","Warehouse/inventory management system — recalculates initial stock values (KG, UDM, monetary) from start of year to consolidation date by reversing movement causals"
c34ea9a9ce18c1b55399a4d25bd9f54b1819ce7c,/cbl2xml_Test112.cbl,cbl_files_lowercase.csv,1064,True,26,3,0,23,0.0,fixed,0,False,False,0,0,0,0,0,16,,,,,,,,,,,
1fe944926616f2e749dab036e7c5439890ae2d63,/sortingStudents_End.cbl,cbl_files_lowercase.csv,1875,True,68,16,1,51,0.019,fixed,4,False,False,0,0,3,0,0,10,SORTINGSTUDENTS,true,unknown,COBOL-85,fixed,education-tutorial,batch,student-exercise,high,Standard COBOL-85 with SORT verb and SD; no vendor-specific extensions visible. Tab indentation mixed with spaces suggests a PC/GnuCOBOL or Micro Focus environment but no definitive markers.,"Student records sorting exercise — reads a flat file of student data, sorts by major and name, writes to a new file and displays results."
abfa2dc761d38ecb12af47f0663049a05510bf29,/AKLAB7MultilBreakC.cbl,cbl_files_lowercase.csv,12040,True,351,58,62,231,0.212,fixed,4,False,False,0,0,23,0,0,60,LAB7MULTIBREAK,true,unknown,COBOL-85,fixed,education-tutorial,batch,student-exercise,high,Standard COBOL-85 with structured programming constructs; ASSIGN TO PRINTER clause suggests possible Micro Focus or similar PC/workstation COBOL environment,Academic lab exercise (Lab 7) for a COBOL programming course covering multi-level control breaks and arrays
0c793412806019c5336f289b06efa7c072567961,/subsample.cbl,cbl_files_lowercase.csv,630,True,18,1,0,17,0.0,fixed,4,False,False,0,1,0,0,0,5,subsample,true,unknown,COBOL-85,fixed,demo-example,subprogram,snippet,medium,Generic COBOL-85; no vendor-specific extensions visible. Uses END-CALL and BY CONTENT which are COBOL-85 features.,Minimal subprogram skeleton demonstrating group item passing and a nested CALL
cdf79099eb0c0a0b2ba96ce7684c1f56316e307e,/template.cbl,cbl_files_lowercase.csv,919,True,33,7,9,17,0.346,free,3,False,False,0,1,2,0,0,3,template,true,gnucobol,COBOL-2002,free,demo-example,demo,snippet,high,"Uses GnuCOBOL-style compiler directive >>SOURCE FORMAT FREE and FUNCTION MODULE-ID, consistent with GnuCOBOL 2.x/3.x",Template/skeleton program for reading lines from a file using a library subprogram 'lib-readfile'
ebb0fc235cc474db7a42b6c1db03a05d782ce603,/EL6523.cbl,cbl_files_lowercase.csv,263368,True,5455,61,706,4688,0.131,fixed,4,False,True,0,48,77,144,235,1809,EL6523,true,ibm-mainframe,COBOL-85,fixed,banking-finance,online-cics,production-like,high,"IBM mainframe CICS online program, converted by 'COBOL Conversion Aid PO 5785-ABJ' on 02/14/96, authored by Logic, Inc., Dallas TX. Uses EXEC CICS, COMP-3, COMP SYNCHRONIZED, and fixed-format source typical of IBM MVS/CICS environment.",Bank cross-reference record display; insurance/credit carrier grouping with security authorization codes for credit and claims
0603fb70843641edb9cbf5fca66e7f2baa7f7f87,/COACTVWD.cbl,cbl_files_lowercase.csv,42000,True,1025,112,125,788,0.137,fixed,4,True,True,15,0,18,9,5,94,COACTVWD,true,ibm-mainframe,COBOL-85,fixed,banking-finance,online-cics,production-like,high,"IBM CICS/DB2 mainframe program, part of Amazon's AWS mainframe modernization sample application (CardDemo). Uses EXEC CICS, EXEC SQL/DB2, DFHCOMMAREA, DFHBMSCA, DFHAID copybooks.",Credit card account management system - account view/display functionality
9da94c4b7a51229462fa96f1a35669ae6a925700,/HCV1BI01.cbl,cbl_files_lowercase.csv,5470,True,125,18,51,56,0.477,fixed,4,False,True,3,0,2,0,0,10,HCV1BI01,true,ibm-mainframe,COBOL-85,fixed,healthcare-medical,online-cics,production-like,high,"IBM CICS online program, part of IBM Health Care sample application (HCV1 series, copyright IBM Corp. 2014). Uses EXEC CICS commands and DFHCOMMAREA linkage typical of IBM mainframe CICS.",Patient visit inquiry business logic in an IBM healthcare sample application. Retrieves patient visit details from a database via a linked DB program (HCIVDB01).
9c756b03eccfc0f5c06835536a5f99cd9477f6bf,/fdvnd02.cbl,cbl_files_lowercase.csv,1024,True,24,1,11,12,0.478,fixed,0,False,False,0,0,0,0,0,9,,,,,,,,,,,
efd05ee8e3a76ddb7097f7af681e78a6e32f661c,/SUB-TUGAS-KELOMPOK.cbl,cbl_files_lowercase.csv,1019,True,29,0,17,12,0.586,fixed,3,False,False,0,0,0,0,0,2,SUB-TUGAS-KELOMPOK,true,gnucobol,COBOL-85,fixed,education-tutorial,subprogram,student-exercise,high,GnuCOBOL (cobc) subprogram template; Indonesian student exercise computing PPN (VAT) tax,Indonesian university group assignment (SUB-TUGAS-KELOMPOK = sub-group-assignment) computing PPN (Pajak Pertambahan Nilai / VAT) from a sales figure
052d35c06a83ae75ca85d9ddb973e5d67a2444a4,/Combo-Box.cbl,cbl_files_lowercase.csv,1888,True,75,10,34,31,0.523,fixed,4,False,False,9,0,3,0,0,0,Combo-Box,true,acucobol,COBOL-85,fixed,demo-example,demo,snippet,high,"ACUCOBOL-GT 7.2 (Acucorp), generated from AcuGT sample project Combo-Box.Psf using the Bench framework scaffolding",ACUCOBOL-GT GUI sample project demonstrating COMBO BOX control types
fb1d2d37c00d96cd001d9fa9e1dc1a3e83f4fe2c,/LISTA.cbl,cbl_files_lowercase.csv,2724,True,91,14,0,77,0.0,fixed,4,False,False,0,0,4,0,0,12,LISTA,true,gnucobol,COBOL-85,fixed,banking-finance,batch,student-exercise,medium,"Likely GnuCOBOL or similar open-source COBOL; uses GOBACK, DECIMAL-POINT IS COMMA (Brazilian Portuguese locale), DISPLAY ERASE, indexed file with FILE STATUS. No IBM-specific extensions visible.","Bank account listing program; reads indexed file of customer accounts with CPF (Brazilian tax ID), name, birth date, account opening date, and balance"
1dbe047bef05d620357d33dcae29530685f59edf,/MARBLE18.cbl,cbl_files_lowercase.csv,37422,True,462,0,176,286,0.381,fixed,4,True,True,0,0,21,0,1,35,MARBLE18,true,ibm-mainframe,COBOL-85,fixed,demo-example,online-cics,production-like,high,IBM CICS/DB2 online transaction program; uses EXEC CICS and EXEC SQL with DB2 table declarations and SQLCA; fixed-format 80-column layout typical of IBM mainframe COBOL,Marble inventory management demo application (likely IBM Marbles demo used in CICS/DB2 education/training contexts); manages marble color inventory via CRE/UPD/DEL CICS transactions
20ecf751ca993d5004f49b4da0345e34b3ad7b30,/py990001.cbl,cbl_files_lowercase.csv,11533,True,273,60,39,174,0.183,fixed,2,False,False,0,2,5,0,0,16,,true,micro-focus,COBOL-2002,free,utility-tooling,subprogram,production-like,high,"Micro Focus OO COBOL with class-id, object-storage section, method-id, typedef, pointer with typedef, CBL_ALLOC_MEM/CBL_FREE_MEM intrinsics, and $set sourceformat directive. Likely Micro Focus Visual COBOL or Enterprise Developer.",Dynamic/heap-allocated string class for OO COBOL applications
2571f4b82b0e7dfed7d9023605171a24b41046f6,/lista11exercicio1v2.cbl,cbl_files_lowercase.csv,8006,True,229,65,31,133,0.189,fixed,4,False,False,0,0,15,0,0,17,lista11exercicio1v2,true,gnucobol,COBOL-85,free,education-tutorial,batch,student-exercise,high,"GnuCOBOL with $set sourceformat""free"" directive; Portuguese-language comments and Brazilian locale (decimal-point is comma); student exercise from Brazil","Brazilian university COBOL exercise (lista11exercicio1v2 - list 11, exercise 1, version 2) dealing with temperature data processing"
2fe99f64db7adc4c1e38057b6ee400919a385523,/Ej2A.cbl,cbl_files_lowercase.csv,2532,True,77,7,0,70,0.0,fixed,4,False,False,0,0,8,0,0,5,Ej2A,true,unknown,COBOL-85,fixed,banking-finance,batch,student-exercise,high,"Spanish-language student exercise; uses PERFORM THRU with EXIT paragraphs, 88-level condition names, END-IF; no vendor-specific extensions visible. Filename and Spanish prompts suggest Latin American academic context.","Bank account data entry: writes sequential file of account records (account number, client code, balance)"
69f576588507fbc79f7dca72c105ec19a68cd4dc,/admin-server.cbl,cbl_files_lowercase.csv,9977,True,251,34,17,200,0.078,fixed,4,False,False,0,2,18,0,0,45,admin-server,true,gnucobol,COBOL-85,fixed,banking-finance,subprogram,production-like,high,"GnuCOBOL with SCREEN SECTION, inline comments using *>, FOREGROUND-COLOR, REVERSE-VIDEO, HIGHLIGHT, BLINK — typical GnuCOBOL screen handling. Likely compiled with GnuCOBOL 2.x or 3.x.",BBS (Bulletin Board System) administration panel for a service called 'MAKERS BBS' with user account and payment management
ab8b59c26789a45f2eacc2cf52b65fe515109a47,/RL110A.cbl,cbl_files_lowercase.csv,50381,True,622,0,47,575,0.076,fixed,4,False,False,0,0,61,24,0,145,RL1104,true,unknown,COBOL-85,fixed,test-suite,test,production-like,high,"NIST CCVS (Cobol Compiler Validation System) test suite, version 4.2 April 1993. Uses XXXXX placeholder tokens for implementor-specific names (SOURCE-COMPUTER, OBJECT-COMPUTER, file assignments). Tests relative I-O file processing.",NIST CCVS COBOL-85 conformance validation suite — relative I-O sequential access testing
8863e4a2a169c832029645c964604bf1351b0981,/ExecSqlWithAlterSequence.rdz.cbl,cbl_files_lowercase.csv,3575,True,93,0,34,59,0.366,fixed,4,True,False,0,0,0,0,0,0,DVZZMFT3,true,ibm-mainframe,COBOL-85,fixed,test-suite,test,snippet,high,"IBM DB2 for z/OS test program; DSNH error codes (DSNHSM5S, DSNHPARS) are DB2 precompiler/SQL messages; SOURCE-COMPUTER IBM-370; program-id DVZZMFT3 follows IBM naming convention; likely developed with IBM Rational Developer for z/OS (RDz, indicated by .rdz.cbl extension)","DB2 SQL ALTER SEQUENCE syntax validation test; exercises valid and invalid ALTER SEQUENCE options including RESTART, INCREMENT BY, MINVALUE, MAXVALUE, CYCLE, CACHE, ORDER"
a019c6552b96f196acebb7f7a02c31845c9634b3,/FunDeclare.rdz.cbl,cbl_files_lowercase.csv,4198,True,149,13,8,128,0.059,fixed,2,False,False,0,0,0,0,0,31,FunDeclare,true,micro-focus,COBOL-2014,fixed,education-tutorial,test,snippet,medium,"Appears to be Micro Focus or IBM Enterprise COBOL with function/procedure declaration extensions (DECLARE FUNCTION/PROCEDURE, SERVICE IS YFUNCOPY, INOUT/INPUT/OUTPUT parameter syntax, TYPE BOOL). The .rdz.cbl extension suggests IBM Rational Developer for z/OS (RDz) tooling, but the DECLARE FUNCTION syntax is more consistent with Micro Focus or a COBOL-2014+ extension.",Demonstrates and tests COBOL function/procedure declaration syntax including error cases
ef16a32a62f7113b1fff8d2670a094dcfb5eb319,/BANK2.cbl,cbl_files_lowercase.csv,5612,True,174,36,0,138,0.0,fixed,4,False,False,0,0,1,6,0,28,BANK2,true,gnucobol,COBOL-85,fixed,banking-finance,subprogram,student-exercise,high,"GnuCOBOL (OpenCOBOL) with screen section, CRT STATUS, SET ENVIRONMENT for COB_SCREEN_EXCEPTIONS, BACKGROUND-COLOR/FOREGROUND-COLOR clauses, and VALUE OF FILE-ID — typical GnuCOBOL terminal/screen program",ATM (Cajero Automatico) balance inquiry for UnizarBank — likely a university project simulating a bank ATM
bcd1c79da85c3869959f9e065c795c01a140b4e0,/MATHXMPL.cbl,cbl_files_lowercase.csv,6776,True,162,1,9,152,0.056,fixed,3,False,False,0,0,19,0,0,39,MATHXMPL,true,unknown,COBOL-85,fixed,education-tutorial,demo,student-exercise,high,Standard COBOL-85 with intrinsic function SQRT (introduced in COBOL-85 addendum); no vendor-specific extensions visible. GOBACK suggests IBM-style but is widely supported.,"Mathematical operations tutorial covering arithmetic, rounding, truncation, overflow, and financial calculations"
b5cdbcb00c532e8cf752c5b3eb5d86964e792387,/D642UTG.cbl,cbl_files_lowercase.csv,2913,False,0,0,0,0,0.0,unknown,0,False,False,0,0,0,0,0,0,,,,,,,,,,,
bee92b584936a2dec1f5fb5b3b0155534db2ed83,/acasirsub1.cbl,cbl_files_lowercase.csv,31603,True,774,3,343,428,0.445,free,4,False,False,7,5,11,50,0,14,acasirsub1,true,gnucobol,COBOL-2014,free,accounting-erp,subprogram,production-like,high,"GnuCOBOL free-format source, part of the ACAS (Applewood Computers Accounting System) v3.02+ IRS Nominal Ledger file handler. References to GC v3.2 in changelog comments confirm GnuCOBOL compiler.",IRS (Internal Revenue/Reporting System?) Nominal Ledger file/table handler within the ACAS (Applewood Computers Accounting System) package. Handles both flat COBOL files and RDBMS (DAL) access for the Nominal Ledger.
dec486347b4c7b15a7d73bfa586557f1a5fd24a6,/CallPublicProcFromPrivateProc.cbl,cbl_files_lowercase.csv,5687,True,198,34,58,106,0.354,fixed,3,False,False,0,9,3,0,0,27,PGM1|PersonService|a02a7aa5|a0508f35|cd991005|f6b6da00,true,other-vendor,COBOL-85,fixed,demo-example,demo,snippet,high,"TypeCobol generated code (Bull/Sopra TypeCobol transpiler output). The file header explicitly states 'Simplified Codegen for reference only' and references TypeCobol_Version. Uses TypeCobol-specific patterns: procedure declarations in comments, UUID-like program IDs (a0508f35, cd991005, etc.), IS COMMON nested programs, and zcallpgm dispatch pattern.",TypeCobol transpiler reference output demonstrating calling a public procedure from a private procedure across nested programs (PGM1 and PersonService)
227851e996f1a386c39e4cc101d6c28ecd283029,/tictac.cbl,cbl_files_lowercase.csv,12143,True,281,17,16,248,0.061,fixed,4,False,False,0,0,9,0,0,43,TIC-TAC-TOBOL,true,gnucobol,COBOL-85,fixed,demo-example,demo,toy-or-hello-world,high,"Likely GnuCOBOL (OpenCOBOL) given SCREEN SECTION with BACKGROUND-COLOR/FOREGROUND-COLOR, FUNCTION RANDOM, FUNCTION UPPER-CASE, and LINE SEQUENTIAL file organization; no IBM-specific extensions",Interactive tic-tac-toe game implemented in COBOL as a demonstration or fun project
d59e54cc845a0b605d27826e219b6ac05130b696,/prova02.cbl,cbl_files_lowercase.csv,2542,True,96,36,6,54,0.1,fixed,4,False,False,0,0,0,0,0,12,prova02,true,gnucobol,COBOL-85,fixed,education-tutorial,demo,student-exercise,high,"Likely GnuCOBOL student exercise; Brazilian Portuguese comments, decimal-point is comma, fixed format, no COMP-3 or vendor-specific extensions",Brazilian student exercise constructing a display message about Ada Lovelace
d3cfe5d1abc7b8d56ffcc22d2eabe8caac6827ab,/Search_sort.cbl,cbl_files_lowercase.csv,3210,True,128,37,1,90,0.011,fixed,4,False,False,0,0,11,0,0,9,Search_sort,true,gnucobol,COBOL-85,fixed,education-tutorial,demo,student-exercise,high,"Likely GnuCOBOL or similar open-source COBOL; uses ORGANIZATION IS LINE SEQUENTIAL and GOBACK, consistent with GnuCOBOL conventions","Student exercise demonstrating file I/O, array loading, and SEARCH verb usage with student records"
0c4ca62b4d3af320cc2fd945506817791378bab3,/pp01165c.cbl,cbl_files_lowercase.csv,85464,True,1693,90,76,1527,0.047,fixed,4,False,False,62,15,157,2,0,85,PP01165C,true,gnucobol,COBOL-85,free,retail-commerce,online-cics,production-like,high,GnuCOBOL with htmlpp preprocessor and free-format source; Brazilian Portuguese retail/pricing web CGI application using external-form and identified-by clauses typical of GnuCOBOL CGI extensions,"Brazilian retail pricing system - Cadastro de Preco Pontual (Spot Price Registration) for managing customer-specific product prices with validity periods, minimum prices, and ICMS tax calculations"
802e7482ade3a83455a65d044305e73e7c070c4f,/hello.cbl,cbl_files_lowercase.csv,395,True,16,5,1,10,0.091,fixed,4,False,False,0,0,0,0,0,0,hello,true,unknown,COBOL-85,fixed,demo-example,demo,toy-or-hello-world,high,Minimal hello-world program; no vendor-specific extensions. Column ruler lines suggest awareness of fixed-format column layout.,Classic hello-world demonstration program
242acb27d4a56f09c888438af1d12429052a5fba,/NC108M.cbl,cbl_files_lowercase.csv,62936,True,777,0,158,619,0.203,fixed,4,False,False,0,0,98,47,0,148,NC1084,true,unknown,COBOL-85,fixed,test-suite,test,production-like,high,"NIST COBOL 85 validation suite, version 4.2 (April 1993), program NC108M testing compact IDENTIFICATION DIVISION, combined data description clauses, abbreviations, COBOL character set, and ALPHABET clause",NIST COBOL 85 conformance validation test suite
c6706a2b56b63e489a4218aea5222c11b3d8f1a9,/CobolAssignment1-COMP210.cbl,cbl_files_lowercase.csv,6247,True,153,26,0,127,0.0,fixed,4,False,False,0,0,6,0,0,48,ASSIGNMENT-ONE,true,unknown,COBOL-85,fixed,education-tutorial,batch,student-exercise,high,Standard COBOL-85 features used; no vendor-specific extensions. Likely compiled with GnuCOBOL or similar for academic use.,University assignment (COMP210 course) for payroll/cash denomination calculation
091aab254a586d6aa258275654317361dce45a4b,/pwpe0401.cbl,cbl_files_lowercase.csv,98184,True,2009,174,69,1766,0.038,fixed,4,False,False,51,4,206,0,3,114,PWPE0401,true,gnucobol,COBOL-85,free,banking-finance,batch,production-like,high,"GnuCOBOL with Micro Focus-style compiler directives ($set preprocess, $set sourceformat, $set constant); free-format source with htmlpp preprocessor; Brazilian Portuguese business application using decimal-point is comma",Automatic batch cancellation of CA (Crédito Antecipado - Anticipated Credit) billing charges; Brazilian financial/retail credit management system
5ed4b92a203f125b786fc2b89c6d38dc6d12ba24,/[DC Comics] DC Master Reading Order Part #04 (WEB-CBRO).cbl,cbl_files_lowercase.csv,135426,True,3203,0,0,3203,0.0,free,0,False,False,0,0,0,0,0,0,,,,,,,,,,,
2edad5c812fa8cbb5b426098635829ef0784fd7a,/CWXTCOB.cbl,cbl_files_lowercase.csv,23271,True,530,5,17,508,0.032,fixed,4,False,False,3,5,24,0,7,57,CWXTCOB,true,ibm-mainframe,COBOL-85,fixed,demo-example,batch,production-like,high,"Compuware Xpediter/TSO demo program (CWXTCOB), IBM mainframe batch COBOL with COMP-3, LABEL RECORDS, BLOCK CONTAINS, RECORDING MODE IS F, LINKAGE SECTION with PARM, GOBACK",Compuware Xpediter/TSO training demo: employee wage and compensation reporting
cce29a2f188ad78a105e13c175e6fc1b8cfeca76,/Listing5-7.cbl,cbl_files_lowercase.csv,1669,True,47,5,0,42,0.0,fixed,3,False,False,0,0,1,0,0,2,Listing5-7,true,unknown,COBOL-85,fixed,education-tutorial,demo,student-exercise,high,"Textbook example by Michael Coughlan, likely targeting a standard COBOL-85 compiler; no vendor-specific extensions visible",Textbook listing demonstrating 88-level condition names and EVALUATE statement for date validation logic
fd4771e946c80035d2ce80dd4d8f115fd2f2f006,/UPDATE_EMP.cbl,cbl_files_lowercase.csv,1036,True,36,4,6,26,0.188,free,4,False,False,2,0,0,0,0,0,UPDATE_EMP,true,gnucobol,COBOL-85,free,payroll-hr,subprogram,student-exercise,high,GnuCOBOL (cobc) free-format source; uses *> comment style and COPY with pseudo-text replacement,Employee record management using an indexed sequential file (EMPLOYEE.IDX)
c88936a072b9dd20c71e47f903db08b35e065d10,/Aquaman 2 - Silver_Bronze.cbl,cbl_files_lowercase.csv,32018,True,610,0,0,610,0.0,fixed,0,False,False,0,0,0,0,0,0,,,,,,,,,,,
695dfaa51f88d00eafdcbc9e933d83b13d483a38,/ProjectPart2(1).cbl,cbl_files_lowercase.csv,15315,True,364,63,57,244,0.189,fixed,4,False,False,0,0,9,0,0,105,PROJECT2,true,gnucobol,COBOL-85,fixed,education-tutorial,batch,student-exercise,high,"Student project likely compiled with GnuCOBOL or similar PC-based COBOL; uses Windows file paths (C:\COBOL\), ORGANIZATION IS LINE SEQUENTIAL, and FUNCTION CURRENT-DATE consistent with COBOL-85/2002 features available in GnuCOBOL",Student project (university course) sorting a sales file by client number and producing a formatted report
04c3924ab47911418b9942eccf7906e9f418ae23,/GalhoCRD020.cbl,cbl_files_lowercase.csv,3984,True,121,20,8,93,0.079,fixed,3,False,False,7,1,6,0,0,12,GALHOCRD020,true,micro-focus,COBOL-85,fixed,accounting-erp,batch,production-like,medium,"Micro Focus COBOL indicated by COPY with quoted filenames (.MF, .CPY extensions), DECIMAL-POINT IS COMMA, and 78-level constant",Accounts receivable (Contas a Receber) file update - Brazilian business application
97e6462dbce8f0c47fde433f5b8d8d0c6e840954,/CPBD816BSK.cbl,cbl_files_lowercase.csv,2696,True,60,0,3,57,0.05,fixed,0,False,False,0,0,0,0,0,40,,,,,,,,,,,
7c31733e72c759f4266c0e9b47f803841ac45a7c,/CIRE010.cbl,cbl_files_lowercase.csv,40706,True,612,16,104,492,0.174,fixed,4,False,False,1,0,19,7,1,181,CIRE010,true,ibm-mainframe,COBOL-85,fixed,insurance,batch,production-like,high,"IBM mainframe batch COBOL; uses RECORDING MODE IS F, BLOCK CONTAINS 0 RECORDS, COMP-3, INDEXED file with FILE STATUS, COPY statements for copybooks (ELCDTEFD, ERCREIN), sequence numbers in columns 1-6 and 73-80, fixed format. Likely compiled under IBM VS COBOL II or COBOL for MVS/OS.",Reinsurance reporting — selects and prints lines from ECS-045 microfiche reports for specific reinsurance company codes; program CIRE010 is part of an insurance reinsurance reporting system with a year-end variant CIRE010Y
3b4400ad46d97d1ed63aebbe872cc2726e1695fb,/SecuenciarArchivoClientes.cbl,cbl_files_lowercase.csv,1615,True,56,12,0,44,0.0,fixed,4,False,False,1,0,2,0,0,2,SecuenciarArchivoClientes,true,gnucobol,COBOL-85,fixed,education-tutorial,batch,student-exercise,high,"Likely GnuCOBOL or similar open-source COBOL used in Argentine university coursework (2011, Grupo 5, 2do cuatrimestre). Uses LINE SEQUENTIAL and INDEXED file organization typical of GnuCOBOL/OpenCOBOL.",Argentine university student exercise (2011) dealing with a customer file sequencing/export utility
fc31f67252a8dbcc2e72ac56f7577b93f1abea20,/connecttoserver.cbl,cbl_files_lowercase.csv,4956,True,144,11,23,110,0.173,free,3,False,False,0,12,3,0,0,6,connecttoserver,true,gnucobol,COBOL-2002,free,utility-tooling,subprogram,production-like,high,GnuCOBOL (OpenCOBOL) free-format source using >>SOURCE FORMAT FREE and >>D debug directives; BINARY-INT and BASED clauses are GnuCOBOL extensions; GPL-licensed by Steve Williams,Network socket utility subprogram for establishing a TCP/IP connection to a server using POSIX getaddrinfo/connect APIs
539f2bde254641ff8427e106b479bb65c33672ea,/VPOPUPMSG.cbl,cbl_files_lowercase.csv,24065,True,583,32,34,517,0.062,free,4,False,False,3,17,17,0,0,143,VPOPUPMSG,true,micro-focus,COBOL-85,free,utility-tooling,subprogram,production-like,high,"Micro Focus COBOL using VPLUS/SP2 GUI library (HP VPLUS or compatible screen management system); uses COMP-5, free-format source directive, COPY 'vplus/SP250', COPY 'vplus/COMAREA', COPY 'vplus/VPLUSMEM'","GUI popup message dialog utility for VPLUS/SP2 windowing environment; callable subprogram that displays a configurable popup message box with buttons (OK, Yes/No, Retry/Cancel) and returns user response"
d57d709e87325ca38aaa3735d18fa1c245ed5b98,/Docalc.cbl,cbl_files_lowercase.csv,660,True,18,0,0,18,0.0,fixed,3,False,False,0,0,0,0,0,4,DoCalc,true,unknown,COBOL-85,fixed,education-tutorial,demo,student-exercise,high,"Simple standard COBOL, no vendor-specific extensions visible","Basic arithmetic demonstration, likely a student exercise"
464e1e9d73b109f0905a5d65f2a855834daa6956,/pwpe0201.cbl,cbl_files_lowercase.csv,13061,True,330,40,32,258,0.11,fixed,4,False,False,11,2,38,0,0,4,PWPE0201,true,micro-focus,COBOL-85,free,accounting-erp,online-cics,production-like,high,"Micro Focus COBOL with htmlpp preprocessor, free source format directive, EXEC HTML blocks, CBL_RENAME_FILE/CBL_DELETE_FILE runtime calls, and external-form linkage — consistent with Micro Focus NetExpress or similar web-enabled COBOL environment. Likely part of a Brazilian ERP/accounting system (OPC Rotinas Especiais).","Brazilian ERP system — restructuring/migration of a receivables/titles file (CRD001.CAD) used in accounts receivable. Program name prefix PWPE and copy file names (PCS50101, PCF50101) suggest OPC or similar Brazilian ERP package."
8d5739b635ff224120d6310f6801d7d288519c28,/CommunicationDescriptionInput.cbl,cbl_files_lowercase.csv,516,True,16,0,0,16,0.0,fixed,2,False,False,0,0,0,0,0,1,COMMDESCINPUT,true,unknown,COBOL-85,fixed,education-tutorial,demo,snippet,high,"Uses COMMUNICATION SECTION with CD FOR INITIAL INPUT, a feature present in COBOL-74/85 but removed in COBOL-2002; likely a tutorial or test snippet demonstrating Communication Description Entry syntax",Demonstration of COBOL Communication Description (CD) entry for input queue handling
b64a755bfa24fae7a22468a30281887a3fb4ba12,/soutfsqf02b2.cbl,cbl_files_lowercase.csv,7522,True,205,2,73,130,0.36,fixed,4,False,False,12,0,5,0,0,13,soutfsqf02b2,true,gnucobol,COBOL-85,fixed,utility-tooling,batch,production-like,high,"GnuCOBOL (cobc) project by Sauro Menna, 2016; compiler options visible in comments: cobc -x -fbinary-size=1--8 -fnotrunc -fbinary-byteorder=big-endian",Generic COBOL sort utility module; part of a sort/filter framework by Sauro Menna
cd5a2ff1512676d4669fc08526001b510ffd2ea6,/tempCodeRunnerFile.cbl,cbl_files_lowercase.csv,9,True,1,0,0,1,0.0,free,0,False,False,0,0,0,0,0,0,,,,,,,,,,,
6389b49efe8d34bd6fb6d05ea6e9b16c341b6c45,/ZECS001.cbl,cbl_files_lowercase.csv,90267,True,2164,373,356,1435,0.199,fixed,4,False,True,2,1,131,0,3,283,ZECS001,true,ibm-mainframe,COBOL-85,fixed,utility-tooling,online-cics,production-like,high,"IBM z/OS CICS online program using CBL CICS compiler directive, EXEC CICS commands, VSAM/RLS, CFDT, and SDT; authored by Randy Frerking and Rich Jackson as part of z/OS Enterprise Caching Services",z/OS Enterprise Caching Services REST API handler supporting POST/GET/PUT/DELETE operations against a VSAM/RLS key store and CICS CFDT/SDT data store
870f0c39b2ece26857aca312218a6da6f4823090,/py050087.cbl,cbl_files_lowercase.csv,203253,True,3776,269,178,3329,0.051,fixed,4,False,False,116,6,388,0,0,225,PY050087,true,gnucobol,COBOL-85,free,manufacturing-logistics,batch,production-like,medium,"GnuCOBOL with OO extensions (class-control, object reference), XML file organization (xd/identified by), and Micro Focus-style compiler directives ($set sourceformat, $set constant). Likely compiled with GnuCOBOL or a compatible Brazilian vendor environment (Promax/WMS system). Portuguese-language business system.","Brazilian beverage distribution/logistics system (Promax WMS integration) - handles map/route breaking (Quebra de Mapas), fiscal notes (Notas Fiscais), vehicle routing, WMS integration via XML/JSON/eWave"
a6c5e6c085c5d7af45faeee58dccd155b78c936a,/ANK_WORK010.cbl,cbl_files_lowercase.csv,969,False,0,0,0,0,0.0,unknown,0,False,False,0,0,0,0,0,0,,,,,,,,,,,
673885971e3c8df30b03b563279e91eb98bbaaa6,/pw02143c.cbl,cbl_files_lowercase.csv,196501,True,3816,252,127,3437,0.036,fixed,4,False,False,89,30,341,0,0,143,PW02143C,true,gnucobol,COBOL-85,free,manufacturing-logistics,online-cics,production-like,high,Micro Focus / GnuCOBOL with OOP class-control extensions and htmlpp preprocessor directives; Brazilian Portuguese Promax ERP system (PW/PY/PC naming conventions); $set sourceformat free and $set preprocess directives indicate Micro Focus-compatible compiler,"Brazilian beverage/distribution company Promax ERP system - Comodato (loan equipment) collection closure processing (Fechamento de Recolhas de Comodatos), including CDD (Centro de Distribuição Direta) operations, RF (radio frequency) integration, and WMS integration"
51d66f5b1331045448f4ab816896d5d96e4a6619,/pw02599c.cbl,cbl_files_lowercase.csv,29736,True,667,62,40,565,0.066,fixed,4,False,False,16,0,65,0,0,14,PW02599C,true,gnucobol,COBOL-85,free,accounting-erp,online-cics,production-like,high,GnuCOBOL with htmlpp preprocessor and free-format source; appears to be part of a Brazilian ERP/web CGI framework (Ewave/PCS system) using EXEC HTML extensions,"Brazilian ERP system managing valid IP addresses (IPs Válidos - Ewave) per company/branch, with profile/operation/authority (Perfis x Operações x Alçadas) configuration"
b1a63637548fd04e4d6e2b14300274d99d5d5804,/pw00178p.cbl,cbl_files_lowercase.csv,15718,True,339,37,32,270,0.106,fixed,4,False,False,12,0,30,0,0,18,PW00178P,true,gnucobol,COBOL-85,free,retail-commerce,online-cics,production-like,high,GnuCOBOL with htmlpp preprocessor and $set directives; likely part of a Brazilian retail/ERP web CGI system using EXEC HTML extensions,"Brazilian retail system - TTV (Tax Transfer Value) parameters for Varejo (retail), product pricing with FOB percentage"
52a3a55ffe934ac38f5cad9e8005ed9f6ab4b58c,/IVP01018.cbl,cbl_files_lowercase.csv,897,True,34,7,9,18,0.333,fixed,3,False,False,0,0,5,0,0,2,IVP01018,true,gnucobol,COBOL-85,fixed,education-tutorial,demo,student-exercise,medium,"Likely GnuCOBOL or similar open-source compiler; IVP (Installation Verification Program) style exercise by Javier Gonzalez, 2015",IVP (Installation Verification Program) series testing PERFORM VARYING UNTIL inline construct
584e79e3daf2433735ed607e652040c1597856be,/types.llvm.cbl,cbl_files_lowercase.csv,628,True,31,4,0,27,0.0,unknown,0,False,False,0,0,0,0,0,0,,,,,,,,,,,
9e7bf74805dc30f797c01f9d4f3c3ce6c5b9049e,/[X-Men Krakoa 2.5] Destiny of X Before the Fall.cbl,cbl_files_lowercase.csv,9744,True,221,0,0,221,0.0,free,0,False,False,0,0,0,0,0,0,,,,,,,,,,,
5a7716ef6546a581c52af0e226e5893df5ccefb8,/UPDATE_PART.cbl,cbl_files_lowercase.csv,2650,True,85,13,23,49,0.319,fixed,4,False,False,2,0,2,0,0,2,UPDATE_PART,true,gnucobol,COBOL-85,fixed,manufacturing-logistics,subprogram,student-exercise,high,"Likely GnuCOBOL or similar open-source COBOL; uses GOBACK, END-PARAGRAPH, COPY with REPLACING pseudo-text, indexed file I/O with relative path syntax typical of GnuCOBOL on Windows",Parts inventory management - updating a part record in an indexed file
f0061c9964ae5722faa579963ee37e7159413fe0,/fr-date.cbl,cbl_files_lowercase.csv,1010,True,32,7,5,20,0.2,fixed,4,False,False,3,1,0,0,0,0,FR-DATE,true,gnucobol,COBOL-85,fixed,demo-example,subprogram,snippet,medium,"Part of 'The Strange Date and Time Files (COBOL for fun)' project, likely GnuCOBOL based on free-style COPY usage and project context",Fun/hobby project for date and time formatting in French
82acdb244e0ca4a142f0b93a609b746697466326,/CIFPBCNV.cbl,cbl_files_lowercase.csv,5522,True,186,44,12,130,0.085,fixed,4,False,False,0,0,7,0,2,13,CIFPBCNV,true,ibm-mainframe,COBOL-85,fixed,banking-finance,batch,production-like,medium,"IBM mainframe-style COBOL; uses RECORDING MODE IS F, BLOCK CONTAINS 0 RECORDS, LABEL RECORDS ARE STANDARD, GOBACK, and LINE SEQUENTIAL organization typical of IBM/mainframe or compatible environments","FPB (First Premier Bank or similar financial institution) loan/certificate file conversion utility; processes input records by type (1,3,4,7,9) and writes type-7 records to output"
568f3ce519ab8c6cb29ac4a6547d148666fb3998,/Data2.cbl,cbl_files_lowercase.csv,548,True,18,0,0,18,0.0,fixed,3,False,False,0,0,0,0,0,4,DATA2,true,unknown,COBOL-85,fixed,education-tutorial,demo,toy-or-hello-world,high,Simple educational program with no vendor-specific extensions; AUTHOR paragraph suggests student work,"Demonstrates COBOL data types and MOVE statement behavior with alphanumeric, numeric integer, numeric non-integer, and alphabetic picture clauses"
385b511c79defd216ad5d10b927c4d06ab3fd060,/SortStatement.rdz.cbl,cbl_files_lowercase.csv,1812,True,55,0,10,45,0.182,fixed,3,False,False,0,0,0,0,0,4,TCOMFL06,true,ibm-mainframe,COBOL-85,fixed,test-suite,test,snippet,high,"Appears to be an IBM RDz (Rational Developer for z) test/diagnostic file for SORT statement validation, given the .rdz.cbl extension and GOBACK usage",COBOL SORT statement semantic validation test cases for a COBOL language tooling or IDE (likely IBM RDz/IDz)
37a01ed77e39bb10a9aa57a94f6437b88d76cd0f,/sortandusing.cbl,cbl_files_lowercase.csv,707,True,30,3,0,27,0.0,fixed,4,False,False,0,0,0,0,0,6,HELLO,true,unknown,COBOL-85,fixed,education-tutorial,demo,student-exercise,high,Simple SORT...USING...GIVING example; no vendor-specific extensions visible,Demonstrates COBOL SORT verb with USING and GIVING phrases on student records
cc95ff7b5ba354e319d581876134362a44a22e94,/CPBCO005.cbl,cbl_files_lowercase.csv,384,True,10,0,0,10,0.0,free,0,False,False,0,0,0,0,0,0,,,,,,,,,,,
90dc452f77e8e3168d676294031a1b00189c5787,/py070071.cbl,cbl_files_lowercase.csv,7602,True,174,28,28,118,0.192,fixed,4,False,False,6,0,13,0,0,7,PY070071,true,gnucobol,COBOL-2002,free,retail-commerce,online-cics,production-like,high,"GnuCOBOL with OOP extensions (INVOKE, CLASS declarations in REPOSITORY), likely part of the Brazilian Promax/SIV system. Uses $set preprocess(htmlpp) and $set sourceformat""free"" compiler directives typical of GnuCOBOL CGI web applications.",Brazilian Promax SIV (Sistema de Informações de Vendas) - Sales average report module handling working days calculation and sales planning data
10c6ab469c6d7b91d851a89b5cab355457a722d9,/PW01316C.cbl,cbl_files_lowercase.csv,21975,True,484,42,39,403,0.088,fixed,4,False,False,9,0,46,1,0,19,PW01316C,true,gnucobol,COBOL-85,free,banking-finance,online-cics,production-like,high,"GnuCOBOL with htmlpp preprocessor and external-form/identified-by CGI extensions; Brazilian Portuguese application (PW/PC naming convention, decimal-point is comma). Likely Prowork or similar Brazilian ERP/web COBOL framework.","Credit risk scoring configuration — maintenance of score range bands (faixas de score) per company/branch, used in credit risk classification"
1a5e5860ab58ee261dd709d826978425f85dab8d,/CPBD469KUS.cbl,cbl_files_lowercase.csv,1260,True,26,0,3,23,0.115,fixed,0,False,False,0,0,0,0,0,19,,,,,,,,,,,
722954c235c771f09e80729ff4a50d37299aeec3,/HellloCoboll.cbl,cbl_files_lowercase.csv,209,True,8,1,0,7,0.0,fixed,3,False,False,0,0,0,0,0,0,HELLO-COBOL,true,unknown,COBOL-85,fixed,demo-example,demo,toy-or-hello-world,high,Minimal hello-world program; END PROGRAM terminator is consistent with COBOL-85 or later. No vendor-specific extensions visible.,Trivial hello-world demonstration program
461dc024442389e14883c321766f6e7be6a14e48,/ph070121.cbl,cbl_files_lowercase.csv,20014,True,361,27,36,298,0.108,fixed,4,False,False,7,2,10,0,0,6,PH070121,true,micro-focus,COBOL-85,free,retail-commerce,online-cics,production-like,high,"Micro Focus COBOL with $set directives, htmlpp preprocessor, EXEC HTML blocks, OO REPOSITORY clause with class definitions, and external-form CGI input. Likely Micro Focus Net Express or similar web-enabled COBOL environment used in a Brazilian SIV (Sales Information System) application.","Brazilian SIV (Sistema de Informações de Vendas) - Sales Information System. Generates reports (Extrato) for sales representatives, supervisors, sales managers, and district managers."
2ed721cd27cd6374917853aeb78794c364ab1240,/TRADER9.cbl,cbl_files_lowercase.csv,2807,True,100,23,11,66,0.143,fixed,4,False,False,0,0,6,0,0,26,TRADER9,true,gnucobol,COBOL-85,fixed,education-tutorial,batch,student-exercise,high,"Likely compiled with GnuCOBOL; uses GOBACK, LINE SEQUENTIAL, and standard COBOL-85 constructs. No vendor-specific extensions detected.","Trading/commerce data aggregation exercise, reading province/member income data from a flat file and reporting maximums and sums"
ba01fa7c9eee8a5c917eee7d874861a8f1b1312a,/search.cbl,cbl_files_lowercase.csv,5976,True,158,28,18,112,0.138,fixed,3,False,False,0,0,3,0,0,14,search-example,true,gnucobol,COBOL-85,fixed,education-tutorial,demo,student-exercise,high,"GnuCOBOL (cobc) example by Erik Eriksen, uses *> inline comments and EXIT PARAGRAPH which are COBOL-2002+ features but commonly supported by GnuCOBOL",Demonstration of COBOL SEARCH and SEARCH ALL (binary search) syntax with indexed tables
c281d72aaf7288bf0efa42189648a26d36604915,/AOC04A.cbl,cbl_files_lowercase.csv,3668,True,122,11,19,92,0.171,fixed,4,False,False,0,0,8,0,0,14,AOC04A,true,ibm-mainframe,COBOL-85,fixed,education-tutorial,batch,student-exercise,high,"Fixed-format COBOL with RECORDING MODE F, FUNCTION NUMVAL, GOBACK; likely compiled with IBM Enterprise COBOL or compatible mainframe compiler",Advent of Code 2022 Day 4 puzzle - counting pairs of ranges where one fully contains the other
7169494d83dbbc7ce5f0f4d4f7184b50506090d7,/CPBD026GRZ.cbl,cbl_files_lowercase.csv,2020,True,44,0,3,41,0.068,fixed,0,False,False,0,0,0,0,0,28,,,,,,,,,,,
583f6ed962c07bf6624067c6feaa101c339943ae,/pw02499c.cbl,cbl_files_lowercase.csv,25289,True,445,27,35,383,0.084,fixed,4,False,False,10,0,28,0,0,12,PW02499C,true,gnucobol,COBOL-85,free,healthcare-medical,online-cics,production-like,high,GnuCOBOL (OpenCOBOL) with htmlpp preprocessor extension; uses $set preprocess(htmlpp) and EXEC HTML blocks for web CGI output; Brazilian Portuguese application (JMA ORCA-style or similar Brazilian health/insurance system),"Brazilian healthcare/insurance system - panel for displaying retention period information for '2V' (second dose vaccination or similar) receipts, showing daily status of maps/exports"
aa8d25af65c77c90419a083fd6e7ba20b769958d,/RelationCombinedGreaterOr.cbl,cbl_files_lowercase.csv,108,True,4,0,0,4,0.0,unknown,2,False,False,0,0,0,0,0,0,COND,true,unknown,COBOL-85,fixed,education-tutorial,demo,snippet,high,Minimal snippet demonstrating combined relation condition with GREATER OR syntax; COBOL-85 or later due to END-IF scope terminator,Demonstrates combined relation condition (greater-than with OR) in COBOL conditional expressions
9dba1a25b9945d096b332fca400e5d733b1fc8e3,/CGPRG004.cbl,cbl_files_lowercase.csv,5506,True,134,11,30,93,0.244,fixed,4,False,False,0,0,3,0,0,27,CGPRG004,true,unknown,COBOL-85,fixed,education-tutorial,batch,student-exercise,high,"Brazilian academic COBOL, likely compiled with GnuCOBOL or similar; uses DECIMAL-POINT IS COMMA and Brazilian Real currency sign (R$), consistent with FATEC São Caetano coursework",Brazilian university (FATEC São Caetano) programming exercise for real estate land price calculation
d627895a564bedb3a7431b7c239ea9e627f12c9f,/BCE618.cbl,cbl_files_lowercase.csv,36369,True,449,0,204,245,0.454,fixed,4,True,False,4,2,24,0,3,49,BCE618,true,gnucobol,COBOL-85,fixed,retail-commerce,batch,production-like,high,"MetaWare Technologies COBOL-Translater 0.9.16 (2016) — translates mainframe-style COBOL to GnuCOBOL/open-source target; uses ORGANIZATION LINE SEQUENTIAL, COMP-5, and translator comment markers like *{ Tr-Select-Sequential 1.3 and *{ convert-comp-comp4-binary-to-comp5 1.8",Retail assortment/label management system — merges stock/transit assortment file (FCE618S from KLEE3) with demo assortment file (FCE618D from SL11/CE13) into a combined output file (FCE618) sent to KLEE6
cb7251f2859a788f9b04509fa950837cf0fdedf9,/assign_var.cbl,cbl_files_lowercase.csv,5045,True,147,38,13,96,0.119,fixed,4,False,False,1,5,4,0,0,11,assign-var,true,gnucobol,COBOL-2014,fixed,education-tutorial,subprogram,production-like,high,"GnuCOBOL with modern extensions: OCCURS UNBOUNDED, inline intrinsic functions via REPOSITORY, EXIT PERFORM, EXIT PARAGRAPH, inline CONCATENATE as function argument",Part of a COBOL-based interpreter or scripting engine that manages variables; assigns values to named variables in a variable table
824b4440978ce9a2988832e56c654bba9becd171,/ACBACSLSTS.cbl,cbl_files_lowercase.csv,63261,True,781,0,304,477,0.389,fixed,4,False,False,12,6,21,0,13,63,ACBACSLSTS,true,ibm-mainframe,COBOL-85,fixed,banking-finance,batch,production-like,high,"IBM AS/400 (iSeries) COBOL generated by COOL:2E (Synon) Version 62070. Uses AS/400-specific features: DATABASE- and FORMATFILE- ASSIGN clauses, EXTERNALLY-DESCRIBED-KEY, DDS-ALL-FORMATS COPY, OPEN-FEEDBACK/I-O-FEEDBACK SPECIAL-NAMES, PIC 1(1) boolean fields, INDICATOR clause.",Renault (UK) Applications – BACS (Bankers Automated Clearing Service) payment processing. Prints a list report of BACS payment batch records.
babcdb7e851e50b900260981e8d7f27c0f873337,/CPBD098HKJ.cbl,cbl_files_lowercase.csv,988,True,21,0,3,18,0.143,fixed,0,False,False,0,0,0,0,0,12,,,,,,,,,,,
8435f1ede6623683011542708571f050a0598709,/ExecSqlWithAlterSequence.rdz.cbl,cbl_files_lowercase.csv,1351,True,33,1,0,32,0.0,fixed,3,True,False,0,0,0,0,0,0,DVZZMFT3,true,ibm-mainframe,COBOL-85,fixed,test-suite,test,snippet,high,"IBM Rational Developer for z/OS (RDz) test case, evidenced by .rdz.cbl extension and program-id DVZZMFT3 (DVZ prefix typical of IBM RDz test programs). Uses DB2 EXEC SQL ALTER SEQUENCE syntax.",IBM RDz SQL parser/compiler test case for ALTER SEQUENCE statement variations
1eb9dec4778770ef6910eb88f2dcb8270270e6b2,/crp058.cbl,cbl_files_lowercase.csv,30956,True,708,47,12,649,0.018,fixed,4,False,False,25,17,64,0,0,62,CRP058,true,micro-focus,COBOL-85,fixed,accounting-erp,batch,production-like,high,"Micro Focus COBOL with OO extensions (class-control, invoke, object reference), COMP-X, COMP-5, DS-CONTROL-BLOCK, dialog system (CALL-DIALOG-SYSTEM), screenset (LOAD-SCREENSET), and REFRESH-OBJECT macros. Brazilian Portuguese application (Kello ERP system).","Brazilian ERP system (Kello) - scheduled annotations/notes report for a CRM or purchasing module (CRP/CGP modules, buyer records)"
0cf41bcd05cb5a755c929f6ad78d01bc11a0e4ca,/lbp201.cbl,cbl_files_lowercase.csv,23189,True,542,32,12,498,0.024,fixed,4,False,False,22,6,64,0,0,77,LBP201,true,micro-focus,COBOL-85,fixed,healthcare-medical,online-cics,production-like,high,"Micro Focus COBOL with OO extensions (class-control, invoke, object reference), Dialog System (DS-CONTROL-BLOCK, CALL-DIALOG-SYSTEM), and Micro Focus copybook conventions (.MF extension). Brazilian Portuguese application.","Laboratory/photo film analysis system (LBP prefix suggests laboratorio de processamento de filmes - revealed/developed film analysis). Tracks film processing by employee, shift, film type, and interruption type within a date range."
72ac2da99ab270d440bb7de13458080b714d20d0,/euler-problem-001.cbl,cbl_files_lowercase.csv,928,True,30,3,10,17,0.37,fixed,3,False,False,0,0,2,0,0,2,euler-problem-001,true,gnucobol,COBOL-85,fixed,education-tutorial,demo,student-exercise,high,Standard COBOL-85 with intrinsic function MOD; compatible with GnuCOBOL. No vendor-specific extensions visible.,Project Euler Problem 1 - sum of multiples of 3 or 5 below 1000
fa89c610b43446d277f464cd11aa3196001a4f1a,/pl900.cbl,cbl_files_lowercase.csv,7482,True,220,0,107,113,0.486,free,4,False,False,5,2,1,11,0,23,pl900,true,gnucobol,COBOL-85,free,accounting-erp,subprogram,production-like,high,"GnuCOBOL (Open COBOL) v3.00.00+, part of Applewood Computers Accounting System (ACAS) by Vincent B Coen. Free-format source directive used.",Applewood Computers Accounting System (ACAS) - cheque/payment processing menu module
1126abf846f1b9aac657034831d426075e0f42fd,/[Spider-Man] 27 - The Early 2000s - Marvel Knights - Part 1.cbl,cbl_files_lowercase.csv,1967,True,44,0,0,44,0.0,free,0,False,False,0,0,0,0,0,0,,,,,,,,,,,
73f3e2fff3b54c8e0981baf61b1a8ce373d51228,/EIRemarksRemoveLevel01.rdz.cbl,cbl_files_lowercase.csv,400,True,13,0,2,11,0.154,fixed,3,False,False,0,0,0,0,0,0,MyPGM,true,ibm-mainframe,COBOL-85,fixed,demo-example,test,snippet,medium,"Likely IBM mainframe COBOL; REMARKS paragraph commented out (old COBOL-68/74 style), COPY members referenced inline at 01 level. File appears to be a Rational Developer for z/OS (.rdz.cbl) source.","Appears to be a minimal test or example program demonstrating removal of REMARKS/COPY directives at the 01 level, possibly an IDE refactoring test case."
ead5da269a8bb0b7d6ddbf04cbeafb0bfd4435bf,/[Marvel] Messiah War (WEB-CBRO).cbl,cbl_files_lowercase.csv,1140,True,29,0,0,29,0.0,free,0,False,False,0,0,0,0,0,0,,,,,,,,,,,
9245af70b9a488c20d00c115ac14cf7eaa9c8893,/IF119A.cbl,cbl_files_lowercase.csv,64557,True,797,0,41,756,0.051,fixed,4,False,False,0,0,129,53,0,138,IF1194,true,unknown,COBOL-85,fixed,test-suite,test,production-like,high,"CCVS85 (COBOL Compiler Validation System) version 4.2, April 1993, NIST/SSVG test suite. Program IF119A tests the COBOL-85 intrinsic function MAX.","NIST CCVS85 official COBOL compiler validation test suite, testing the intrinsic function MAX"
7f9f76819889b46f347201075db898abc8803f32,/DCRCVE.cbl,cbl_files_lowercase.csv,2669,True,80,18,28,34,0.452,fixed,4,False,False,5,1,0,0,0,5,DCRCVE,true,ibm-mainframe,COBOL-85,fixed,other,online-cics,production-like,medium,"CICS/IMS-DC hybrid routine; uses DFHEIBLK, DFHCOMMAREA, DFHAID copybooks typical of IBM mainframe CICS environment; IMS/DC PCB area suggests IMS bridge usage",Middleware/integration routine bridging IMS/DC and CICS environments; part of a system called IRIS
e7f9266c487c8b1533cb724dbff1834121785f9a,/CARTAO.cbl,cbl_files_lowercase.csv,25705,True,542,0,165,377,0.304,fixed,4,False,False,2,1,23,0,4,92,CARTAO,true,gnucobol,COBOL-85,fixed,payroll-hr,batch,production-like,medium,"Translated from Easytrieve macro (esy.kex v.0.10), running on GnuCOBOL under Microsoft Windows 10. Uses FUNCTION CURRENT-DATE, FUNCTION WHEN-COMPILED, GOBACK, RETURN-CODE, and indexed file with DUPLICATES — consistent with GnuCOBOL/open-source COBOL on Windows.","Reads a card/input file containing employee numbers and raise percentages, loads records into an indexed WORKSDS work file, and generates a report listing employee raise data."
07e0ba395aa4bbeef1a3cdb076d0e3d79bbf3300,/einfacherTaschenrechner.cbl,cbl_files_lowercase.csv,481,True,16,0,0,16,0.0,fixed,3,False,False,0,0,0,0,0,3,Taschenrechner,true,gnucobol,COBOL-85,fixed,education-tutorial,demo,toy-or-hello-world,high,"Simple German-language calculator example, likely written for GnuCOBOL or similar open-source COBOL compiler as a beginner exercise",Simple arithmetic calculator (Taschenrechner = calculator in German) accepting two numbers and displaying their sum
383c36793a2315ad570d0f388975bd74563e42ea,/CICSCON0.cbl,cbl_files_lowercase.csv,11954,True,271,31,84,156,0.35,fixed,4,False,True,0,0,4,0,1,54,VSRS0000,true,ibm-mainframe,COBOL-85,fixed,utility-tooling,online-cics,production-like,high,"IBM CICS TS COBOL3 dialect; CBL CICS('COBOL3') APOST compiler option; uses EXEC CICS commands including INQUIRE TASK, INQUIRE PROGRAM, INQUIRE TRANSACTION, WRITEQ TS/TD, GET CONTAINER/CHANNEL (z/OS Connect / CICS TS 6.4+); EIB fields used","CICS resource inquiry controller; acts as a front-end dispatcher for a catalog/VSRS application, routing requests based on STARTCODE (terminal 3270 or DPL/z/OS Connect) and performing CICS INQUIRE on programs and transactions"
a6ea16f415a1ec0f4d55a9a7cdbb9c3ad566d48f,/sqlenv.cbl,cbl_files_lowercase.csv,80478,True,1834,171,809,854,0.486,fixed,0,True,False,0,3,0,0,0,821,,,,,,,,,,,
bba7807c9eaa5861d567b79536563e292a80d712,/UVSON.cbl,cbl_files_lowercase.csv,15940,True,494,44,17,433,0.038,fixed,4,False,False,21,3,22,45,0,32,UVSON,true,acucobol,COBOL-85,fixed,other,online-cics,production-like,high,"AcuCOBOL/ACUCOBOL-GT style: ASSIGN TO RANDOM with quoted filename, LINE/POSITION screen I/O, FUNC-KEY/FUNC-01/FUNC-02 condition names, TAB OFF/PROMPT TAB ECHO ACCEPT clauses, and ORGANIZATION IS LINE SEQUENTIAL with semicolon separators. Likely part of a 'UV' (Universal) application suite.","Universal application suite sign-on/authentication module; likely a multi-company business application (retail/accounting ERP style) with user ID, password, company, and station management"
4e6690b942b94ce57d1ae8ae1c0efe1df8fdb414,/hello.cbl,cbl_files_lowercase.csv,155,True,7,2,0,5,0.0,fixed,2,False,False,0,0,0,0,0,0,HELLO,true,unknown,COBOL-85,fixed,demo-example,demo,toy-or-hello-world,high,Minimal hello-world program; no vendor-specific extensions visible. COBOL-85 assumed as baseline.,Classic hello-world demonstration program
0a284dba8dc9452f152526f6ca25e8d86a86db48,/Syracuse.cbl,cbl_files_lowercase.csv,1632,True,53,5,18,30,0.375,fixed,4,False,False,0,0,1,0,0,3,SYRACUSE,true,gnucobol,COBOL-85,fixed,education-tutorial,demo,student-exercise,high,GnuCOBOL (cobc) indicated by 'Tectonics: cobc' comment; French variable names suggest French-speaking student environment,Mathematical exercise implementing the Syracuse (Collatz) conjecture sequence
6dd1c35876dbcfc44d4bc54d8176d3c711268875,/ox.cbl,cbl_files_lowercase.csv,5590,True,168,8,0,160,0.0,fixed,3,False,False,0,0,38,0,0,14,OX,true,unknown,COBOL-85,fixed,demo-example,demo,student-exercise,high,"Simple COBOL-85 program, no vendor-specific extensions; likely compiled with GnuCOBOL or similar open-source compiler given the educational context",Tic-tac-toe (OX) game implementation as a programming exercise
61cdb6a47a948daf3fff060fb35ea2a36918f398,/SELECT.cbl,cbl_files_lowercase.csv,81,True,2,0,0,2,0.0,free,0,False,False,0,0,0,0,0,0,,,,,,,,,,,
3a498738357b144ccc21d9a5e1b507ac371a3cd0,/solution.cbl,cbl_files_lowercase.csv,480,True,17,2,1,14,0.067,fixed,2,False,False,1,0,0,0,0,2,hello,true,gnucobol,COBOL-85,fixed,demo-example,subprogram,toy-or-hello-world,medium,Small demo/exercise program; uses GOBACK and END PROGRAM which are COBOL-85+; COPY PRELOADED suggests GnuCOBOL preloaded copybook mechanism,Simple string concatenation demo using a 'hello' program-id
1364c89d5cf22169724fb1b602680a921fb0d5dd,/EqualOr.cbl,cbl_files_lowercase.csv,195,True,7,0,0,7,0.0,fixed,2,False,False,0,0,0,0,0,0,000300,true,unknown,COBOL-85,fixed,education-tutorial,demo,snippet,high,"Minimal snippet using IF with OR condition list and END-IF scope terminator, consistent with COBOL-85 or later. No vendor-specific extensions visible.",Demonstrates abbreviated combined condition (EQUAL OR) syntax in COBOL
2fcf2e8d8ccb6b0fc50f6f5f6d908dedf1fb520d,/lista5e2.cbl,cbl_files_lowercase.csv,731,True,38,14,0,24,0.0,fixed,4,False,False,0,0,2,0,0,1,lista5e2,true,gnucobol,COBOL-85,fixed,education-tutorial,demo,student-exercise,high,Student exercise likely compiled with GnuCOBOL on PC; uses quoted PROGRAM-ID and Brazilian Portuguese labels,"University or course assignment (lista5 = list/exercise 5, exercise 2) demonstrating a PERFORM UNTIL loop"
b843798db1ed4877da20074a5fff755069afa1e8,/PROG_TESTE_11.cbl,cbl_files_lowercase.csv,1480,True,48,11,10,27,0.27,fixed,3,False,False,0,0,0,0,0,3,PROG_TESTE_11,true,gnucobol,COBOL-85,fixed,education-tutorial,demo,student-exercise,high,GnuCOBOL (cobc) indicated by 'Tectonics: cobc' comment; uses SCREEN SECTION with LINE/COLUMN/HIGHLIGHT clauses typical of GnuCOBOL,Simple cost-center department selection screen exercise
2d3828b1dbe037ffcfb66a6e3bebf5dc556fae46,/HELLO.cbl,cbl_files_lowercase.csv,311,True,9,0,0,9,0.0,fixed,3,False,False,0,0,0,0,0,0,HELLO,true,unknown,COBOL-85,fixed,demo-example,demo,toy-or-hello-world,high,Minimal hello-world program; no vendor-specific extensions visible. Compatible with any standard COBOL compiler.,Classic hello-world demonstration program
dc7e37b45d7dba1cf3b0fd39a820fecd7ae42cbc,/write-score1.cbl,cbl_files_lowercase.csv,1604,True,55,8,0,47,0.0,fixed,4,False,False,0,0,0,0,0,4,WRITE-GRADE1,true,unknown,COBOL-85,fixed,education-tutorial,batch,student-exercise,high,Simple student exercise; no vendor-specific extensions. LINE SEQUENTIAL and GOBACK suggest GnuCOBOL or similar open-source compiler likely used.,Student grade/score recording exercise; writes hardcoded student scores to a sequential file
982665ce29a276bda91bd486b4af6ba20944ad87,/KEYS404.cbl,cbl_files_lowercase.csv,12004,False,0,0,0,0,0.0,unknown,0,False,False,0,0,0,0,0,0,,,,,,,,,,,
20034217a29faba09350d05254a5fb3b16259ebd,/CPBD111HTR.cbl,cbl_files_lowercase.csv,384,True,10,0,0,10,0.0,free,0,False,False,0,0,0,0,0,0,,,,,,,,,,,
51b38580849d9c808a6e352e7a9cd37945d4993e,/Listing 7-2  Reading the Employee file and displaying the records.cbl,cbl_files_lowercase.csv,1276,True,40,3,0,37,0.0,fixed,4,False,False,0,0,2,0,0,7,Listing7-2,true,unknown,COBOL-85,fixed,education-tutorial,demo,student-exercise,high,"Textbook example by Michael Coughlan, standard COBOL-85 constructs; no vendor-specific extensions",Textbook listing (Listing 7-2) demonstrating sequential file reading and record display
523897736ccd54c640f346c5f11718d3e45a8137,/IC227A.cbl,cbl_files_lowercase.csv,97199,True,1200,0,348,852,0.29,fixed,4,False,False,0,6,102,57,0,126,IC2274|IC227A|IC227A-1,true,unknown,COBOL-85,fixed,test-suite,test,production-like,high,"NIST CCVS85 version 4.2 (April 1993) conformance test suite, program IC227A testing the EXTERNAL clause in file description entries (inter-program communication module, level 2)","NIST COBOL Compiler Validation System (CCVS85) conformance test for the EXTERNAL clause in file description entries, inter-program communication module level 2"
c40b6dd7c350403b5fd5311bed6e7cbf431bd257,/flightlog.cbl,cbl_files_lowercase.csv,220764,True,5073,1,1274,3798,0.251,free,4,False,False,0,10,242,341,0,449,FLIGHTLOG,true,gnucobol,COBOL-85,free,other,batch,production-like,high,"GnuCOBOL v3 (open-cobol), free-format source with >>source free directive, targets Linux/Unix, authored by V.B.Coen, GPL v2","Aviation personal flight logbook management system for air crew (private, commercial, military)"
6974257b93d77b0094d15db5b82ee64302a2ae02,/pwpe0388.cbl,cbl_files_lowercase.csv,19501,True,403,41,35,327,0.097,fixed,4,False,False,15,0,39,0,0,20,PWPE0388,true,other-vendor,COBOL-85,free,retail-commerce,online-cics,production-like,medium,"Appears to be a Brazilian ERP/web system (likely Totvs/RM or similar) using OO-COBOL extensions with INVOKE, object references, HTML preprocessing via htmlpp, and CGI form handling. Portuguese-language identifiers and Brazilian date/decimal conventions.",Brazilian e-commerce/EFW401 order management system - altering transaction status for web orders (pedidos do site)
49f150fe8375a2c7a19652b0179a5abb49bbfbcc,/Program1.cbl,cbl_files_lowercase.csv,37610,True,1136,195,60,881,0.064,fixed,3,True,False,0,0,64,0,0,139,Program1,true,gnucobol,COBOL-85,fixed,retail-commerce,online-cics,student-exercise,medium,GnuCOBOL (likely Visual COBOL or GnuCOBOL with ODBC/ADO.NET SQL connectivity via EXEC SQL CONNECT USING with SqlClient factory string; screen section usage and LINE SEQUENTIAL files suggest GnuCOBOL or Micro Focus; SQL connection string with 'factory=System.Data.SqlClient' is characteristic of GnuCOBOL's esqlOC or similar .NET bridge),"Client and article (product) management system with stock verification and order file import, connecting to a SQL Server database named GestionClients"
049014181f277441ddf87ea5356dfd53b889137a,/EL341CI.cbl,cbl_files_lowercase.csv,37491,True,664,70,13,581,0.022,fixed,4,False,False,1,0,42,6,3,144,EL341CI,true,ibm-mainframe,COBOL-85,fixed,insurance,batch,production-like,high,"IBM mainframe batch COBOL; uses RECORDING MODE F, BLOCK CONTAINS 0 RECORDS, COMP/COMP-3, EJECT, level-12/16/20 group items, and SYS0xx device assignments typical of IBM OS/VS COBOL or VS COBOL II environment. Program belongs to CSO (likely an insurance/benefits company in Omaha, Nebraska).",Claims interest payment posting to CLAS-IC online indexed file; carrier-level claim interest records processed in batch with printed report
c2d95c20d16d6d8babe1398d6a32ce0284133299,/ga0100.cbl,cbl_files_lowercase.csv,148315,True,3445,268,254,2923,0.08,fixed,4,False,False,55,37,317,21,0,171,ga0100,true,micro-focus,COBOL-85,fixed,accounting-erp,online-cics,production-like,high,"Micro Focus COBOL with screen/event handling (CRT STATUS, EVENT STATUS, COMP-X), Italian-language ERP/accounting system by PRAGMA. Likely running on PC/Windows environment given PCI-5H object computer and .TMP file extensions.","Italian financial/accounting ERP system (PRAGMA brand) - table maintenance program for general ledger, ABI/CAB bank codes, cost centers, warehouse, CEE balance sheet codes, analytical accounting projects, etc."
dc3e2c77890b0524bbbb16c37ea05e37cb9a2bdf,/Ex31.cbl,cbl_files_lowercase.csv,1018,True,41,14,0,27,0.0,fixed,4,False,False,0,0,0,0,0,4,EX29,true,gnucobol,COBOL-85,fixed,education-tutorial,demo,student-exercise,high,"Brazilian Portuguese student exercise, likely compiled with GnuCOBOL; DECIMAL-POINT IS COMMA typical of Brazilian locale settings",Student exercise classifying triangle types based on three side inputs
0ed4db3d7fad4e4ceb91af16e5d2df838ab7d853,/control3.cbl,cbl_files_lowercase.csv,1184,True,36,3,0,33,0.0,fixed,3,False,False,0,0,0,0,0,1,CONTROL2,true,unknown,COBOL-85,fixed,education-tutorial,demo,student-exercise,high,Simple educational COBOL program using 88-level condition names and VALUE THRU ranges; no vendor-specific extensions visible,"Irish city code lookup exercise, likely from an Irish university COBOL course (references Dublin, Limerick, Cork, Galway, Sligo, Waterford)"
4a129da91f310a54030dd88ecf6bcadb6ce6cecb,/toolchaintest.cbl,cbl_files_lowercase.csv,3443,True,92,20,14,58,0.194,fixed,0,False,False,0,2,4,0,0,5,toolchaintest,true,gnucobol,COBOL-85,fixed,demo-example,demo,student-exercise,high,"Explicitly targets OpenCobol (GnuCOBOL); uses *> comments, GOBACK, FUNCTION LENGTH, FUNCTION REVERSE, ACCEPT FROM ENVIRONMENT, and COB_LIBRARY_PATH environment variable",Toolchain verification/test for OpenCobol (GnuCOBOL) development environment setup
5d45562de02ba1c89e463ca0ce9df4418c499961,/pw01452c.cbl,cbl_files_lowercase.csv,20605,True,433,32,32,369,0.08,fixed,4,False,False,9,1,37,0,0,6,PW01452C,true,gnucobol,COBOL-85,free,accounting-erp,online-cics,production-like,high,"GnuCOBOL with htmlpp preprocessor extension; uses $set preprocess(htmlpp), $set sourceformat""free"", EXEC HTML blocks, and external-form clause — consistent with Brazilian web-COBOL CGI framework (likely Prowork/PCS system)","Brazilian ERP/retail system — daily update parameters configuration screen (Parâmetros da Atualização Diária), managing parallel programs, screen refresh frequency, and credit policy adjustment flags"
70361799b1d11dd7c4d60a1b497d8a73004e764d,/Consult.cbl,cbl_files_lowercase.csv,11637,True,247,1,44,202,0.179,fixed,2,True,False,0,0,23,0,0,41,Consult,true,gnucobol,COBOL-85,fixed,retail-commerce,batch,production-like,medium,"Likely GnuCOBOL with ODBC/ESQL (ecob or similar preprocessor); uses EXEC SQL with ODBC DSN connection string, scroll cursor, ROW_NUMBER() window function. French-language identifiers and comments. Program-id uses AS clause for external name 'FaStock.Consult'.",Stock/inventory management system (FaStock) - consultation of articles by supplier with pagination and detail drill-down
