sha1_git,filename,source_csv,length,is_text,total_lines,blank_lines,comment_lines,code_lines,comment_ratio,source_format_guess,n_divisions,has_exec_sql,has_exec_cics,copy_count,call_count,perform_count,goto_count,comp3_count,pic_count,program_ids,judge_cobol_confirmed,judge_dialect_family,judge_standard,judge_source_format,judge_domain,judge_program_type,judge_maturity,judge_confidence,judge_dialect_detail,judge_domain_detail
824e23cbe7f0dc50f2932785f5c333962c7e9c5d,/EM0206.CBL,CBL_files.csv,9112,True,278,56,2,220,0.009,fixed,4,False,False,0,0,17,0,0,46,EM0206,true,gnucobol,COBOL-85,fixed,education-tutorial,batch,student-exercise,high,Student exercise targeting GnuCOBOL or similar PC-based compiler (IBM-PC declared in SOURCE/OBJECT-COMPUTER). Portuguese-language identifiers and Brazilian context. Uses VALUE OF FILE-ID clause typical of older PC COBOL dialects.,FATEC-SP (Faculdade de Tecnologia de São Paulo) student exercise for a tourism company (TURISMAR TURISMOS) customer registration validation system
3c73c2121645b43327bc6c8e9a842da528bad1e7,/cop999.CBL,CBL_files.csv,134658,True,2879,152,76,2651,0.028,fixed,4,False,False,79,33,238,0,0,252,COP100,true,micro-focus,COBOL-85,fixed,retail-commerce,batch,production-like,high,"Micro Focus COBOL for Windows/DOS environment; uses quoted COPY filenames with extensions (.CPB, .MF, .CPY), PRINTER IS LPRINTER, DECIMAL-POINT IS COMMA, 78-level constants, and BLANK WHEN ZEROS — all characteristic of Micro Focus dialect","Photography and video studio contract management system (Kello Foto & Video); handles contracts, brides/gifts, events, financial scheduling, contacts, and course/class data"
9ec4cf01bcfb5f86b6583e51d0634989a2ee2b73,/square-star.cbl,cbl_files_lowercase.csv,920,True,36,5,0,31,0.0,fixed,3,False,False,0,0,4,0,0,2,SQUARE-STAR,true,unknown,COBOL-85,fixed,education-tutorial,demo,student-exercise,high,"Simple educational program; uses GOBACK, PERFORM UNTIL, END-PERFORM, and inline string continuation — compatible with most COBOL-85 compilers","Simple star-printing exercise, likely a student assignment"
133ab28cd97a147b9847fa227f88d12a19518151,/ORCSNYUFTN.CBL,CBL_files.csv,267311,True,5399,0,1036,4363,0.192,fixed,4,False,False,34,57,312,1,0,149,ORCSNYUFTN,true,gnucobol,COBOL-85,fixed,healthcare-medical,subprogram,production-like,high,"JMA ORCA medical receipt software (日医標準レセプトソフト), running on Linux with GnuCOBOL. Program ORCSNYUFTN handles inpatient co-payment calculation (負担金額算定サブ).",Japanese medical insurance billing (receipt/レセプト) system — inpatient co-payment and room-charge calculation subroutine for the JMA ORCA standard receipt software
1cfe30b1a3b386957ccd1813d23bbac08f8d3ca7,/ORCSCKTKNKCHK.CBL,CBL_files.csv,62818,True,1438,0,357,1081,0.248,fixed,4,False,False,18,5,131,1,0,69,ORCSCKTKNKCHK,true,gnucobol,COBOL-85,fixed,healthcare-medical,subprogram,production-like,high,"JMA ORCA medical receipt software (JMA standard receipt software), likely compiled with GnuCOBOL/OpenCOBOL on Linux",Japanese medical receipt (shinryo-koui) processing system - contraindicated drug combination check (kinki yakuzai check) for outpatient/inpatient billing
d7504e31cf16e0072114466a0f8eaa39462edb7b,/ORAPI023R1V2.CBL,CBL_files.csv,122879,True,2898,0,820,2078,0.283,fixed,4,False,False,63,35,134,13,0,126,ORAPI023R1V2,true,gnucobol,COBOL-85,fixed,healthcare-medical,subprogram,production-like,high,"JMA ORCA (Japan Medical Association standard receipt software) – GnuCOBOL/OpenCOBOL based medical billing system, program ORAPI023R1V2 (API linkage module for medical fee simulation)",JMA ORCA standard medical receipt (claims billing) software – API module for medical fee/claim simulation (shinryou koui simulation)
25b9b82bd87d2070a79a32295d51e7eb1d013300,/ORCSC92.CBL,CBL_files.csv,120693,True,2863,0,840,2023,0.293,fixed,4,False,False,29,37,138,16,0,76,ORCSC92,true,gnucobol,COBOL-85,fixed,healthcare-medical,subprogram,production-like,high,"JMA ORCA medical receipt software (JMA standard receipt software), likely compiled with GnuCOBOL/OpenCOBOL on Linux. Uses COPY with REPLACING, LINKAGE SECTION with multiple parameters, and Japanese EUC/latin-1 encoded comments.",JMA ORCA medical receipt billing system - diagnosis/treatment act (Shinsatsu Koi) point calculation and editing processing
931c60e0d03b431d6d88d588e1477ac58ff6e934,/H3.cbl,cbl_files_lowercase.csv,12312,True,152,0,46,106,0.303,fixed,4,False,False,0,0,7,0,0,30,CBLDB21,true,ibm-mainframe,COBOL-85,fixed,education-tutorial,batch,student-exercise,high,"IBM Z13 mainframe environment, student exercise written Aug 2017 at CSU (likely Charles Sturt University or similar). Uses GOBACK, IBM-Z13 OBJECT-COMPUTER, WITH DEBUGGING MODE.","University COBOL programming assignment (CSU0127 Adam Davies, Aug 2017) demonstrating basic record creation, display, and heading output"
ea1539e1ca133d6aebbc121850a2d31e46dfbed3,/ORCR0030.CBL,CBL_files.csv,359455,True,7380,1,1540,5839,0.209,fixed,4,False,False,37,69,237,3,0,406,ORCR0030,true,gnucobol,COBOL-85,fixed,healthcare-medical,batch,production-like,high,"JMA ORCA medical receipt system (JMA standard receipt software), compiled with GnuCOBOL/OpenCOBOL on Linux. Program ORCR0030 handles receipt point aggregation by diagnosis category.",Japanese medical insurance receipt (レセプト) processing system — aggregates diagnosis-category-based point scores for insurance claims
1702857871a4418af0fa5790c031b3dc5479d349,/Program1.cbl,cbl_files_lowercase.csv,385,True,18,5,0,13,0.0,fixed,4,False,False,0,0,0,0,0,0,Program1,true,unknown,COBOL-85,fixed,demo-example,demo,toy-or-hello-world,medium,"Minimal skeleton program with GOBACK and END PROGRAM markers, consistent with COBOL-85 or later; no vendor-specific extensions visible",Bare skeleton/template with no actual logic
cbdaf8f521525f24452400f774a2de6848ee8b5f,/ORCGJ02.CBL,CBL_files.csv,673050,True,15786,0,4069,11717,0.258,fixed,4,False,False,90,97,1033,111,0,350,ORCGJ02,true,gnucobol,COBOL-85,fixed,healthcare-medical,batch,production-like,high,"JMA ORCA medical receipt software (JMA standard receipt software), compiled with GnuCOBOL/OpenCOBOL on Linux. Program ORCGJ02 is the accounting card input component (J02).",Japanese medical insurance receipt (rezept) processing system - accounting card data entry component for the JMA ORCA standard receipt software
565fce844b7702a6d5924e6bbbda0b8e8466e770,/ORCR0655.CBL,CBL_files.csv,39162,True,945,0,286,659,0.303,fixed,4,False,False,19,2,60,0,0,39,ORCR0655,true,gnucobol,COBOL-85,fixed,healthcare-medical,batch,production-like,high,"JMA ORCA medical receipt system (日医標準レセプトソフト); uses GnuCOBOL/OpenCOBOL conventions with COPY/REPLACING using // delimiters, LINKAGE SECTION with COMMAND-PARAM, EXIT PROGRAM, and MCP-style subprogram calls",Japanese medical receipt (レセプト) processing system - JMA ORCA standard receipt software; this program consolidates/aggregates same-item receipt entries (同一剤のまとめ) across RECE62/RECE64/RECE65 indexed files
0ef7f1e5a846c9dcba11e4ba1f95afb73c9f97c9,/LOADEMPL.CBL,CBL_files.csv,7652,True,213,10,6,197,0.03,fixed,4,False,False,3,0,16,0,2,16,LOADEMPL,true,gnucobol,COBOL-85,fixed,payroll-hr,batch,production-like,high,"Likely GnuCOBOL or similar open-source/PC COBOL; uses GOBACK, LINE SEQUENTIAL, FUNCTION CURRENT-DATE, and EVALUATE TRUE constructs consistent with COBOL-85 extensions. No mainframe-specific features detected.",Employee data loading and validation for an HR or payroll system
22732c113c84841a98795bda8b3385b808c0394c,/branch_sale.cbl,cbl_files_lowercase.csv,3484,True,90,9,0,81,0.0,fixed,4,False,False,0,0,5,0,0,18,BRANCH-SALE,true,gnucobol,COBOL-85,fixed,retail-commerce,batch,student-exercise,high,"Likely GnuCOBOL or similar open-source/academic COBOL; uses LINE SEQUENTIAL file organization, DISPLAY for output, no COMP-3 or mainframe-specific features",Candy shop branch sales reporting - aggregates sales data by US state for a fictional company 'YoreCandyShoppe'
ae6c8d94295d399fc9fdfda45a1f310565573b19,/ORCBM510.CBL,CBL_files.csv,35252,True,909,0,308,601,0.339,fixed,4,False,False,24,24,30,1,0,27,ORCBM510,true,gnucobol,COBOL-85,fixed,healthcare-medical,batch,production-like,high,"JMA ORCA medical receipt software (日医標準レセプトソフト); uses GnuCOBOL/OpenCOBOL conventions with COPY includes (.INC files), ORCMCPSUB DB access pattern, and ORCSJOB job management calls typical of the ORCA system",Japanese medical insurance receipt (レセプト) processing system - specifically symptom detail (症状詳記) printing for social insurance and national insurance claims
a8386cc8d384d60a0c227d4dcfc242306b928557,/ORCGP02.CBL,CBL_files.csv,151824,True,3641,0,952,2689,0.261,fixed,4,False,False,69,88,99,46,0,76,ORCGP02,true,gnucobol,COBOL-85,fixed,healthcare-medical,subprogram,production-like,high,JMA ORCA medical receipt software (日医標準レセプトソフト); compiled with GnuCOBOL/OpenCOBOL for Linux; uses COPY-heavy modular structure with MCP (Message Control Program) linkage area pattern typical of JMA ORCA,Japanese medical clinic patient registration subsystem (患者登録 P02) within the JMA ORCA standard receipt (レセプト) software
1be6a7b1cbb1f21bc070addb03cd6912dd3ea1fd,/ORCGLERR.CBL,CBL_files.csv,5387,True,149,0,83,66,0.557,fixed,4,False,False,14,1,3,0,0,1,ORCGLERR,true,gnucobol,COBOL-85,fixed,healthcare-medical,subprogram,production-like,high,JMA ORCA medical receipt software (Japan Medical Association open-source system); likely compiled with GnuCOBOL/OpenCOBOL on Linux,JMA ORCA standard medical receipt (claims) processing system — error message/screen handling subprogram
60babe3c93203f9b1878028dd945526d4473bdad,/bnotavar.cbl,cbl_files_lowercase.csv,360899,True,11220,805,1884,8531,0.181,fixed,4,False,False,79,18,587,27,0,172,bnotavar,true,acucobol,COBOL-85,fixed,retail-commerce,online-cics,production-like,high,"Generated by TOTEM RAD tool targeting ACUCOBOL-GT; uses acugui.def, acucobol.def, CRT STATUS, SPECIAL-NAMES CRT STATUS, and .def/.sl/.fd copybook conventions typical of ACUCOBOL-GT screen-based applications","Italian wholesale/distribution business application managing credit notes (note di credito) with clients, articles, orders, invoices, VAT codes, carriers, warehouses, and packaging data"
2456bdbde331fb2281e93dc58d546674d1ad74eb,/3-ENTREE.CBL,CBL_files.csv,14688,True,450,76,28,346,0.075,fixed,4,False,False,22,16,36,0,0,21,3-ENTREE,true,micro-focus,COBOL-85,fixed,payroll-hr,online-cics,production-like,medium,"Likely Micro Focus COBOL or compatible (e.g., AcuCOBOL/GnuCOBOL) given ACCEPT with LINE/POSITION/TAB/UPDATE/NO BEEP/CURSOR/CONTROL clauses, C$RERR call, USE AFTER ERROR DECLARATIVES, and screen-oriented DISPLAY with LINE/POSITION. French-language application (Belgian/Swiss HR system). DECIMAL-POINT IS COMMA suggests European locale.","HR/personnel management system - printing/processing employment contract entry forms for employees, handling career records, presence tracking, and contract notifications. French-language (Belgian or Swiss) enterprise HR application."
dd677133392997119e08aa8d726ecea2ee124cdc,/ZFAM002.cbl,cbl_files_lowercase.csv,184776,True,4343,768,736,2839,0.206,fixed,4,False,True,3,4,234,0,5,438,PIC|ZFAM002,true,ibm-mainframe,COBOL-85,fixed,utility-tooling,online-cics,production-like,high,"IBM CICS/VSAM mainframe program; uses CBL CICS(SP) compiler directive, EXEC CICS, POINTER usage, COMP/COMP-3, and CICS Named Counters — all characteristic of IBM Enterprise COBOL for z/OS","z/OS File Access Manager (zFAM) — a CICS-based HTTP REST key-value store using VSAM/RLS, CFDT, and shared data tables on IBM z/OS"
aac28b4dff591ffb6215b9581fcc1705ba2a82d0,/stockvalorise.cbl,cbl_files_lowercase.csv,6970,True,205,34,1,170,0.006,fixed,3,True,False,0,0,8,0,0,48,stockvalorise,true,gnucobol,COBOL-85,fixed,retail-commerce,batch,production-like,medium,"GnuCOBOL with ODBC/ADO-style SQL connection string targeting SQL Server Express (localhost\SQLEXPRESS, System.Data.SqlClient factory), likely compiled with GnuCOBOL's ESQL support. French-language identifiers and accented characters (é) suggest French-speaking developer. Program-id uses AS alias syntax.",Inventory/stock valuation report for a small business stock management application called FaStock
17708a9284761264af6c36ddef65b25bf0d053ee,/ORCGM96.CBL,CBL_files.csv,52676,True,1279,0,344,935,0.269,fixed,4,False,False,28,16,62,0,0,22,ORCGM96,true,gnucobol,COBOL-85,fixed,healthcare-medical,subprogram,production-like,high,JMA ORCA medical receipt system (日医標準レセプトソフト); uses GnuCOBOL/OpenCOBOL with MCP (Medical Care Platform) linkage area conventions,JMA ORCA standard medical receipt (レセプト) software – job management search screen (ジョブ管理検索 M96)
e334a9dd4dcc004e23f6833d9692997f7a1b455b,/ORCBD008.CBL,CBL_files.csv,56638,True,1408,0,428,980,0.304,fixed,4,False,False,25,13,53,0,0,70,ORCBD008,true,gnucobol,COBOL-85,fixed,healthcare-medical,batch,production-like,high,JMA ORCA medical receipt software (日医標準レセプトソフト); GnuCOBOL/OpenCOBOL-based system used in Japanese medical clinics,Japanese medical clinic daily accounting report (日計表 HCM41) — part of JMA ORCA standard receipt (レセプト) software
31a5c8c403e7425cd4e35bd430a2466e5b8f7c1e,/PGMENULS.CBL,CBL_files.csv,1566,True,40,5,9,26,0.257,fixed,4,False,False,0,1,0,0,0,3,PGMENULS,true,gnucobol,COBOL-85,fixed,education-tutorial,demo,student-exercise,high,GnuCOBOL educational/training program; CALL uses relative path './bin/PGCALC01' typical of GnuCOBOL on Linux/Unix; written 2022,COBOL training exercise demonstrating LINKAGE SECTION usage; calls a subprogram to perform calculation
59b93c95a7812cc96931f4813f704c9e878c12c3,/VSRS9999.cbl,cbl_files_lowercase.csv,26335,True,617,40,398,179,0.69,fixed,4,False,True,0,1,0,0,1,110,VSRSMAIN,true,ibm-mainframe,COBOL-85,fixed,utility-tooling,online-cics,production-like,high,IBM CICS TS online program using z/OS API Connect (BAQ) stubs generated by DFHJS2LS at mapping level 4.3; CBL CICS('COBOL3') compiler option; references DFH0XCMN sample app header but PROGRAM-ID is VSRSMAIN,CICS online program acting as a controller/gateway that calls a z/OS Connect EE (API Connect) REST API stub (cicsrs_1.0.0) to retrieve CICS resource/transaction information
fdabbb2c64de1f2e614d9fa0bb9174260ff7738b,/ORCR0030.CBL,CBL_files.csv,1561114,True,32099,0,4721,27378,0.147,fixed,4,False,False,59,60,1114,9,0,1413,ORCR0030,true,gnucobol,COBOL-85,fixed,healthcare-medical,batch,production-like,high,"JMA ORCA medical receipt software (JMA standard receipt software), compiled with GnuCOBOL/OpenCOBOL on Linux. Program ORCR0030 handles medical treatment category point aggregation for insurance receipts.",Japanese medical insurance receipt (レセプト) processing system - ORCA (JMA standard receipt software). This program aggregates treatment category point scores (診療区分別点数集計) for insurance claim forms.
fc6802575d0866398a8883ba61f5e0a29d06bd96,/ORCS02.CBL,CBL_files.csv,602737,True,12071,0,1704,10367,0.141,fixed,4,False,False,34,87,294,9,0,292,ORCS02,true,gnucobol,COBOL-85,fixed,healthcare-medical,subprogram,production-like,high,"JMA ORCA (Japan Medical Association standard receipt software) running on Linux, compiled with GnuCOBOL/OpenCOBOL. Program ORCS02 is a patient co-payment calculation subprogram for inpatient billing.","Japanese medical insurance billing system (ORCA) — inpatient co-payment (負担金) calculation subroutine for national health insurance, public assistance, and various prefectural subsidy schemes"
ea33850cd1b30e6a8f1164c9a9080ab8f571e1ff,/STBEFW101.CBL,CBL_files.csv,23841,True,560,61,41,458,0.082,fixed,4,False,False,12,1,46,0,0,36,STBEFW101,true,micro-focus,COBOL-85,free,accounting-erp,batch,production-like,high,"Micro Focus COBOL with $SET directives (sourceformat free, preprocess htmlpp, ms(2)), Portuguese-language Brazilian business application generated by 'FonteSeguro' tool v05.00.05.00 on 30/06/2016","Brazilian ERP/retail system - transfers base data for 'Pedidos Promax x Pedidos Sales' (order records) between company/branch directories, likely part of a Promax/Sales order management integration"
1898d418f974013f3ad691af5bb9e61d139643bb,/getonestore_test.cbl,cbl_files_lowercase.csv,1272,True,39,6,0,33,0.0,fixed,3,False,False,1,2,1,0,0,1,getonestore_test,true,gnucobol,COBOL-85,fixed,retail-commerce,test,snippet,medium,"Likely GnuCOBOL based on free-standing test program style, COPY with REPLACING using == delimiters, and END PROGRAM marker",Store information lookup - retrieves a single store record by name (e.g. 'Newcastle') and displays its details
e7c0dfc98c43d98e4d31fcc10043fe3418613316,/五七炮.CBL,CBL_files.csv,376384,False,0,0,0,0,0.0,unknown,0,False,False,0,0,0,0,0,0,,,,,,,,,,,
eb39b3bc78ab0a1ffbdfe93d91cbf6317121a9a3,/mar-handler.cbl,cbl_files_lowercase.csv,29543,True,945,111,154,680,0.185,fixed,4,False,False,29,8,68,0,0,8,mar-handler,true,acucobol,COBOL-85,fixed,other,test,production-like,high,"ACUCOBOL-GT / Micro Focus ACUCOBOL environment; uses ACUCOBOL-specific extensions such as SIGNED-SHORT usage, acugui.def, acucobol.def copybooks, ACCEPT FROM System-Info/Terminal-Info, EXIT PARAGRAPH, and DECIMAL-POINT IS COMMA. Generated from a .Psf (Pseudo-source file) by a tool called 'Bench/kobalt'.","File/record handler testing and validation for a retail/wholesale merchandise management system (MX product line - MARQUE, ART, MXLDIS, MXCATFOU files suggest brand/article/supplier catalog management)"
9f8ef25a449f11b2dc54b4a34695d23dcfd4c4e2,/Data1.cbl,cbl_files_lowercase.csv,557,True,17,1,0,16,0.0,fixed,3,False,False,0,0,0,0,0,4,DATA1,true,unknown,COBOL-85,fixed,education-tutorial,demo,toy-or-hello-world,high,Simple introductory program with no vendor-specific extensions; COBOL-85 syntax assumed based on VALUE literals and PIC clauses,Basic COBOL data types and DISPLAY demonstration exercise
13bf4a9a6b4d4ce20299736386ed742763d14271,/ORCR0910.CBL,CBL_files.csv,170864,True,3627,1,885,2741,0.244,fixed,4,False,False,18,2,176,7,0,288,ORCR0910,true,gnucobol,COBOL-85,fixed,healthcare-medical,batch,production-like,high,"JMA ORCA medical receipt software (JMA standard receipt software), compiled with GnuCOBOL/OpenCOBOL on Linux. Uses COPY with REPLACING using // delimiters, INDEXED files, and Japanese EUC-encoded comments.",Japanese medical insurance receipt (レセプト) processing system - monthly billing detail file creation for hospitalization and self-pay receipts
58dcb1b3e81f20863ae69323c0a82936b3be7428,/ORCGW13.CBL,CBL_files.csv,154738,True,3709,0,961,2748,0.259,fixed,4,False,False,69,16,240,42,0,252,ORCGW13,true,gnucobol,COBOL-85,fixed,healthcare-medical,batch,production-like,high,"JMA ORCA medical receipt software (JMA standard receipt software), compiled with GnuCOBOL/OpenCOBOL on Linux. Program ORCGW13 handles system management information settings for disaster/injury medical billing.","JMA ORCA Japanese medical receipt (shinryo-hoshu) billing system — system management information settings screen (W13), handling disaster/injury classification, tax classification, point unit prices, and related billing parameters for medical institutions."
12948db6a108668332d37627d35eb03897dd8fea,/ORCS02.CBL,CBL_files.csv,1419725,True,28257,0,3129,25128,0.111,fixed,4,False,False,38,92,685,13,0,617,ORCS02,true,gnucobol,COBOL-85,fixed,healthcare-medical,subprogram,production-like,high,"JMA ORCA medical receipt system (JMA standard receipt software), running on Linux with GnuCOBOL. Program ORCS02 is a patient co-payment calculation subprogram for inpatient use.","Japanese medical insurance co-payment calculation for inpatient billing (JMA ORCA receipt system). Handles patient burden amount computation covering various insurance types, regional public expense subsidies, elderly patient rules, income-based limits, and meal/living expense charges."
dfb05401ed43b021ad334ea230f2099aa12cc7b2,/member.cbl,cbl_files_lowercase.csv,3173,True,94,10,0,84,0.0,fixed,4,False,False,0,0,6,0,0,20,MEMBER-REPORT,true,gnucobol,COBOL-85,fixed,demo-example,batch,student-exercise,high,"Likely GnuCOBOL or similar open-source COBOL; uses LINE SEQUENTIAL, GOBACK, and 88-level condition with HIGH-VALUE typical of GnuCOBOL student exercises",Golf club membership report generation
3558f0086d094c624314013a6a0604ae53743d3a,/ORCGZ07.CBL,CBL_files.csv,70845,True,1756,0,522,1234,0.297,fixed,4,False,False,31,24,88,17,0,56,ORCGZ07,true,gnucobol,COBOL-85,fixed,healthcare-medical,online-cics,production-like,high,JMA ORCA medical receipt software (Japan Medical Association open-source receipt system); uses ORCMCPSUB/ORCSDAY call conventions typical of GnuCOBOL-based ORCA,JMA ORCA standard medical receipt (shinryo-hoshu) system — point-score master (tensu master) validity-date change management screen Z07
748237e9b3f77d429652192eb6dadfd4fbb05c85,/15b.cbl,cbl_files_lowercase.csv,9503,True,237,27,44,166,0.21,fixed,3,False,False,0,2,17,0,0,34,15b,true,gnucobol,COBOL-2014,free,demo-example,batch,student-exercise,high,GnuCOBOL free-format source using >>SOURCE FORMAT FREE directive and modern intrinsic functions; likely compiled with GnuCOBOL 3.x,Advent of Code 2022 Day 15 Part 2 puzzle solution - finding the distress beacon position using sensor Manhattan distance ranges
a89317fce3d7e88b6afe84b8da7c36378a6bc2df,/SEIKYU1805.CBL,CBL_files.csv,127822,True,2925,1,1338,1586,0.458,fixed,4,False,False,36,64,84,3,0,153,SEIKYU1805,true,gnucobol,COBOL-85,fixed,healthcare-medical,batch,production-like,high,JMA ORCA medical receipt software (open-cobol/GnuCOBOL); explicitly mentions open-cobol1.0 compatibility fixes in revision history,"JMA ORCA standard medical receipt billing system - Fukui prefecture public expense medical assistance target patient list (191,193,194,196,198 receipt types)"
39d7d4a310f2011716c1c6a8fae00d94e5f0e2d7,/ORCGJ022.CBL,CBL_files.csv,19498,True,556,0,233,323,0.419,fixed,4,False,False,27,5,26,4,0,21,ORCGJ022,true,gnucobol,COBOL-85,fixed,healthcare-medical,subprogram,production-like,high,"JMA ORCA medical receipt software (JMA standard receipt software), likely compiled with GnuCOBOL/OpenCOBOL on Linux. Uses MCP (Message Control Program) interface pattern typical of ORCA system.","JMA ORCA standard medical receipt (claims) software - accounting card frequency-of-visit input screen (J022 window, visit count entry)"
d9432e73de83444d9826122f5f6f044ba89468a2,/RMV_FRST_LST_CH.CBL,CBL_files.csv,785,True,23,3,0,20,0.0,fixed,3,False,False,0,0,2,0,0,4,removeChar,true,unknown,COBOL-85,fixed,utility-tooling,subprogram,student-exercise,high,Standard COBOL-85 subprogram using ODO (OCCURS DEPENDING ON) and INDEXED BY; no vendor-specific extensions visible,String manipulation utility: removes first and last characters from a string passed via linkage
2f4a6dac35f58c5421ccef75886a23edffa4df7f,/ORCGT06.CBL,CBL_files.csv,189288,True,4512,2,1088,3422,0.241,fixed,4,False,False,53,22,255,65,0,87,ORCGT06,true,gnucobol,COBOL-85,fixed,healthcare-medical,online-cics,production-like,high,"JMA ORCA medical receipt system (日本医師会標準レセプトソフト) - GnuCOBOL/OpenCOBOL based, component ORCGT06 handling individual receipt data display/instruction",JMA ORCA standard medical receipt (レセプト) software - individual receipt data display/instruction screen (レセ電データ個別指示) for monthly billing
e54a2f5b10658691dd291add8925815d80a5a5ec,/ORCSC40200203.CBL,CBL_files.csv,33249,True,824,0,318,506,0.386,fixed,4,False,False,11,4,35,3,0,41,ORCSC40200203,true,gnucobol,COBOL-85,fixed,healthcare-medical,subprogram,production-like,high,JMA ORCA medical receipt system (日医標準レセプトソフト) - GnuCOBOL/OpenCOBOL based open source Japanese medical billing software,"Japanese medical insurance billing (診療行為チェック・算定 - medical procedure check and calculation for treatment acts, specifically procedures/処置, up to H14.4 revision)"
7c192ade388512b1af6248010a35f6061a9611b4,/ORCSP02.CBL,CBL_files.csv,167783,True,3754,0,901,2853,0.24,fixed,4,False,False,49,60,229,6,0,87,ORCSP02,true,gnucobol,COBOL-85,fixed,healthcare-medical,subprogram,production-like,high,"JMA ORCA medical receipt software (日医標準レセプトソフト) - open source Japanese medical billing system, compiled with GnuCOBOL/OpenCOBOL on Linux",Japanese medical insurance billing (receipt/レセプト) system - patient registration screen editing and SPA initial setup subprogram
e1202738b16956b2b3a850c45b349b53ba612415,/A00000D126.CBL,CBL_files.csv,217283,True,4984,2,2167,2815,0.435,fixed,4,False,False,43,134,153,5,0,181,A00000D126,true,gnucobol,COBOL-85,fixed,healthcare-medical,batch,production-like,high,"JMA ORCA medical receipt software (日医標準レセプトソフト), compiled with open-cobol (GnuCOBOL); comment references 'open-cobol 0.23' migration in 2005",JMA ORCA standard medical receipt (レセプト) software – monthly statement / inpatient billing summary report
48a8e4b81b286b9d2ac2fcda61d1eb3aa2d2184a,/ICKE02701.CBL,CBL_files.csv,13151,True,277,1,94,182,0.341,fixed,4,False,False,3,1,13,2,0,2,ICKE0270,true,fujitsu-nec,COBOL-85,fixed,insurance,batch,production-like,medium,"Japanese insurance system (INS-CALI) developed by SINOCOM for a Japanese insurance company; uses ENVIRONMENT-NAME/ENVIRONMENT-VALUE for environment variables, CSV ORGANIZATION clause, and RECORDING MODE F — patterns consistent with Fujitsu NetCOBOL or similar Japanese mainframe/midrange COBOL",Japanese non-life insurance joint pool (共同プール) reporting system; generates CSV list output for pool risk data
29599d2d80a33f71198ffde8b82ee4533bd8d3d9,/ORCR0840.CBL,CBL_files.csv,484736,True,10027,0,1711,8316,0.171,fixed,4,False,False,45,6,473,2,0,406,ORCR0840,true,gnucobol,COBOL-85,fixed,healthcare-medical,batch,production-like,high,"JMA ORCA medical receipt system (JMA standard receipt software), compiled with GnuCOBOL/OpenCOBOL on Linux. Uses COPY with REPLACING using // delimiters, INDEXED files with DYNAMIC/SEQUENTIAL access, typical of GnuCOBOL-based ORCA system.",Japanese medical insurance receipt (レセプト) processing system - specifically diagnosis classification point aggregation for hospitalization (入院) claims including long-term care and self-pay patients
e997ba784215f956131071e48d99490bfee58773,/glistini.cbl,cbl_files_lowercase.csv,341149,True,10132,864,1547,7721,0.167,fixed,4,False,False,65,40,615,17,0,284,glistini,true,acucobol,COBOL-85,fixed,accounting-erp,batch,production-like,high,"Generated by TOTEM (a GUI RAD tool for ACUCOBOL/AcuCOBOL-GT), using ACUCOBOL-specific extensions: HANDLE OF WINDOW, HANDLE OF FONT, HANDLE OF STATUS-BAR, COMP-4, CRT STATUS, 78-level constants, USAGE IS HANDLE OF FONT SMALL-FONT, etc. Italian locale (DECIMAL-POINT IS COMMA, Italian date/text in comments).","Italian ERP/wholesale management system (Geslux) - supplier price list / offer management module. Handles articles, suppliers, clients, destinations, price lists, discounts, taxes, lead times."
e5676c8c74c40908040e40d488016329223c544a,/DUMMBOT_T.CBL,CBL_files.csv,5012,True,141,26,0,115,0.0,fixed,0,False,False,0,0,25,0,0,0,,,,,,,,,,,
4b6a76422229b7b60819c7bfd036f4c23c7e91ab,/FDEMENU.CBL,CBL_files.csv,2147,True,46,0,19,27,0.413,fixed,0,False,False,0,0,0,0,0,20,,,,,,,,,,,
95d7bcff27174a2c86639a1a4975c305a1c4020a,/ORCGW62.CBL,CBL_files.csv,39246,True,1018,0,297,721,0.292,fixed,4,False,False,63,18,57,5,0,26,ORCGW62,true,gnucobol,COBOL-85,fixed,healthcare-medical,subprogram,production-like,high,"JMA ORCA medical receipt software (Nihon Igikai standard receipt system), compiled with GnuCOBOL/OpenCOBOL on Linux. Uses ORCA-specific COPY libraries (MCPAREA, ORCA-SPA, ORCA-BLOB, CPSYSKANRI, etc.) and MONFUNC call pattern typical of JMA ORCA.","JMA ORCA standard medical receipt (shinryo-hoshu) software — system management / test print screen (W62 window, test receipt print preview)"
27136fb2d1c79763711bdda4317d7079f6a4705f,/Assign1.cbl,cbl_files_lowercase.csv,5097,True,147,27,2,118,0.017,fixed,4,False,False,0,0,9,0,0,23,Assignment,true,unknown,COBOL-85,fixed,education-tutorial,batch,student-exercise,high,"Likely compiled with a PC-based COBOL compiler (GnuCOBOL or Micro Focus) given Windows-style relative paths and ASSIGN TO PRINTER; student assignment context. PROGRAM-ID and AUTHOR use quoted strings without period, which is non-standard syntax.",Student assignment for a college COBOL course; processes student test scores against a subject file and produces a grade tally report
dc1b7a71c471be833407a6958f4e386eaf45d14c,/plinvoiceMT.cbl,cbl_files_lowercase.csv,134688,True,3338,4,922,2412,0.277,free,4,True,False,6,49,55,43,3,111,plinvoiceMT,true,gnucobol,COBOL-85,free,accounting-erp,subprogram,production-like,high,"GnuCOBOL free-format source for the ACAS (Applewood Computers Accounting System) v3.02, using JC preSQL MySQL preprocessor for embedded SQL. Author: Vincent B Coen. GPL v2.",ACAS (Applewood Computers Accounting System) Purchase Invoice RDB Data Access Layer handler; manages two MySQL tables (PUINVOICE-REC header and PUINV-LINES-REC line items) on behalf of the flat-file handler module acas026.
18fa2daf25a0a8b38529980b700cdddc92ce82b9,/pw02130r.cbl,cbl_files_lowercase.csv,153070,True,2686,132,90,2464,0.035,fixed,4,False,False,64,53,125,18,0,459,PW02130R,true,gnucobol,COBOL-85,free,manufacturing-logistics,batch,production-like,high,"GnuCOBOL (OpenCOBOL) with Micro Focus-style compiler directives ($set preprocess, $set sourceformat, $set constant); uses external-form CGI/HTML preprocessing (htmlpp); Portuguese-language Brazilian business application","Brazilian beverage/distribution logistics - Drop Size report (delivery route analysis by vehicle, driver, helper, sales manager, etc.)"
e2bcfeb80e3dbf3078a766995eaeef958361b9e7,/ORCSMISAVE.CBL,CBL_files.csv,12122,True,307,0,116,191,0.378,fixed,4,False,False,5,7,6,0,0,10,ORCSMISAVE,true,gnucobol,COBOL-85,fixed,healthcare-medical,subprogram,production-like,high,"JMA ORCA medical receipt system (JMA standard receipt software), likely compiled with GnuCOBOL/OpenCOBOL on Linux; uses CALL 'system' and CALL 'MONFUNC' patterns typical of ORCA",JMA ORCA medical receipt system - medical image data save subprogram for medication/treatment image registration (tbl_med_image)
17a6793706e2c08b656f62a2acb419b7429a35ea,/ORCR0460.CBL,CBL_files.csv,128645,True,2792,1,864,1927,0.31,fixed,4,False,False,17,12,151,8,0,247,ORCR0460,true,gnucobol,COBOL-85,fixed,healthcare-medical,batch,production-like,high,JMA ORCA medical receipt software (日医標準レセプトソフト) - GnuCOBOL/OpenCOBOL based system used in Japanese medical clinics,"Japanese medical insurance receipt (レセプト) processing - monthly billing detail file creation for re-examination and self-pay receipts, point-count column editing"
f90618f7cae5e409678811c3b9e0c2cc50247fef,/ORCR0420.CBL,CBL_files.csv,350771,True,6993,1,1277,5715,0.183,fixed,4,False,False,35,2,179,2,0,352,ORCR0420,true,gnucobol,COBOL-85,fixed,healthcare-medical,batch,production-like,high,"JMA ORCA medical receipt software (JMA standard receipt software), compiled with GnuCOBOL/OpenCOBOL on Linux. Uses .INC copybooks with REPLACING, INDEXED files with DYNAMIC/SEQUENTIAL access, fixed format.","Japanese medical insurance receipt (レセプト) processing system - monthly billing detail file creation for outpatient/self-pay receipts, point aggregation by medical category"
52d06b73fe286f56a6109654403667dc67905b0a,/ORCGK02NYU.CBL,CBL_files.csv,479259,True,11526,0,3417,8109,0.296,fixed,4,False,False,64,90,597,128,0,364,ORCGK02NYU,true,gnucobol,COBOL-85,fixed,healthcare-medical,batch,production-like,high,"JMA ORCA medical receipt software (JMA standard receipt software), developed by NACL for Japan Medical Association. Uses GnuCOBOL/OpenCOBOL conventions with Unix-style file paths (/var/tmp/), COPY statements with .INC files, and no COMP-3 usage.",JMA ORCA medical receipt system - hospital admission (nyuin) medical procedure entry/registration subsystem for Japanese national health insurance billing
c785bb2a01c112356860088a2c0d7fca792fff2b,/FunDeclareWithExec-PublicPrivate.rdz.cbl,cbl_files_lowercase.csv,5482,True,198,35,54,109,0.331,fixed,3,True,False,0,6,3,0,0,34,PGM1|a02a7aa5|a0508f35|efd9419f,true,ibm-mainframe,COBOL-85,fixed,other,demo,snippet,high,"Generated code from TypeCobol or similar IBM COBOL extension tool (RDz/RD&T). The filename .rdz.cbl and the 'declare procedure' comments with TYPE Date, public/private keywords, and hash-named nested programs are characteristic of TypeCobol codegen output.",TypeCobol / IBM RDz generated code demonstrating function declaration dispatch with public/private procedures and SQL access
d59df2b4842af29e0fe75d436b8636192e879d01,/Control7.cbl,cbl_files_lowercase.csv,2005,True,44,3,1,40,0.024,fixed,3,False,False,0,0,0,0,0,4,CONTROL7,true,gnucobol,COBOL-85,fixed,education-tutorial,demo,student-exercise,high,Likely GnuCOBOL or similar free compiler; uses *> comment style and GOBACK; no vendor-specific extensions,Bookstore discount calculation exercise demonstrating multi-condition EVALUATE
ac08374268477e1699b4e0faa5093b8560b33c2c,/ORAPI012R1.CBL,CBL_files.csv,29804,True,737,0,244,493,0.331,fixed,4,False,False,25,11,20,3,0,31,ORAPI012R1,true,gnucobol,COBOL-85,fixed,healthcare-medical,subprogram,production-like,high,"JMA ORCA medical receipt system (日医標準レセプトソフト) - GnuCOBOL/OpenCOBOL based, patient basic information retrieval API module",JMA ORCA standard medical receipt software - patient basic information retrieval API subprogram
7e6022087bc612153cab291d3801ddbc4458259b,/ORCGJ02.CBL,CBL_files.csv,512261,True,12180,0,3171,9009,0.26,fixed,4,False,False,81,81,848,106,0,277,ORCGJ02,true,gnucobol,COBOL-85,fixed,healthcare-medical,batch,production-like,high,"JMA ORCA medical receipt software (JMA standard receipt software), compiled with GnuCOBOL/OpenCOBOL on Linux; uses /var/tmp/ file paths, LINE SEQUENTIAL files, and COPY includes typical of GnuCOBOL-based ORCA system",JMA ORCA standard medical receipt (claims) processing system - accounting card input component (J02)
bb3d626256497cfed4225c97643d73c3dbc37d9b,/ORCGO01.CBL,CBL_files.csv,58199,True,1482,0,465,1017,0.314,fixed,4,False,False,27,18,55,17,0,69,ORCGO01,true,gnucobol,COBOL-85,fixed,healthcare-medical,online-cics,production-like,high,"JMA ORCA medical receipt software (JMA standard receipt software), likely compiled with GnuCOBOL/OpenCOBOL on Linux; uses CALL to external subprograms like ORCSGDAY, ORCSDAY, and COPY of .INC files typical of ORCA system",JMA ORCA standard medical receipt (claims) processing system - periodic/regular billing (Teiki Seikyuu) subsystem for hospital/clinic administration
eb3b52912b657c916c9880810ee6bb34f0062b12,/sql1252a.cbl,cbl_files_lowercase.csv,11579,True,276,0,19,257,0.069,fixed,0,False,False,0,0,0,0,0,256,,,,,,,,,,,
b641945a9be9ee03e68b1d5a3980f769828840b1,/PlusTwonumber.cbl,cbl_files_lowercase.csv,455,True,15,0,0,15,0.0,fixed,3,False,False,0,0,0,0,0,3,PLUS-TWO-NUMBER,true,unknown,COBOL-85,fixed,education-tutorial,demo,toy-or-hello-world,high,Simple standard COBOL with no vendor-specific extensions; compatible with GnuCOBOL or any standard compiler,Basic arithmetic demonstration for learning COBOL
91724086941ea93698f3d1eb126fbde7f70a54f8,/ORCSC95SUB.CBL,CBL_files.csv,75616,True,1735,0,507,1228,0.292,fixed,4,False,False,20,3,67,0,0,15,ORCSC95SUB,true,gnucobol,COBOL-85,fixed,healthcare-medical,subprogram,production-like,high,"JMA ORCA medical receipt software (JMA standard receipt software), compiled with GnuCOBOL; uses COPY includes with .INC extension typical of ORCA system",JMA ORCA Japanese medical receipt (shinryo-koui) processing system; this subprogram handles initial common SPA (scratchpad area) editing for medical treatment act input
7892e2f3766e98c4dd62344b388e96fe46749269,/DBBTEST.cbl,cbl_files_lowercase.csv,1143,True,28,0,8,20,0.286,fixed,4,False,False,0,0,1,0,0,1,DBBTEST,true,ibm-mainframe,COBOL-85,fixed,demo-example,demo,snippet,medium,"Mainframe-style COBOL, SOURCE-COMPUTER. MAINFRAME, commented-out COPY EPSMTCOM suggesting IBM CICS/batch environment; likely IBM Enterprise COBOL or similar","Simple test/demo program, possibly related to a GitLab/OCP/Wazi development environment test"
63d54884fa4ee634fa2858e890fe52fbb8f18e70,/sqlda.cbl,cbl_files_lowercase.csv,2936,True,66,4,36,26,0.581,fixed,0,False,False,0,0,0,0,0,15,,,,,,,,,,,
4850dbbe0d8c9350e4f15adaf592b2a94574e352,/ZINKOMITSUDO2.cbl,cbl_files_lowercase.csv,4817,True,123,10,15,98,0.133,fixed,4,False,False,0,0,7,0,0,16,ZINKOMITSUDO2,true,gnucobol,COBOL-85,fixed,demo-example,batch,student-exercise,high,"OpenCOBOL/GnuCOBOL sample from Tokyo System House Co., Ltd. (TSH), 2019. Uses PIC N() for double-byte (Japanese) character fields, consistent with GnuCOBOL on Japanese systems.","Sample program demonstrating sequential file I/O with population density (jinko=population, menseki=area) data, likely a tutorial for OpenCOBOL/GnuCOBOL learners in Japan."
62175e870fe48144b006f507b5aa48f0cd323339,/NOconvert_brad+rma.cbl,cbl_files_lowercase.csv,49171,True,1677,278,268,1131,0.192,unknown,4,False,False,21,0,34,19,0,266,cpirma5,true,unknown,COBOL-85,fixed,healthcare-medical,subprogram,production-like,high,"Likely compiled with a Unix/Linux COBOL compiler (possibly MicroFocus or similar); references to .slr copybooks, socket program interface (cpi5.c), and 78-level constants suggest COBOL-85 or later. Developed by 'dyad infoSys' for a medical practice management system.","Patient master file management for a regional medical associates practice management system; handles patient lookup, add, and update operations including MRN, OHIP numbers, chart numbers, and eligibility history."
20bf619d9f73da548a36681ab388d67666550093,/CRP019.CBL,CBL_files.csv,68611,True,1720,142,425,1153,0.269,fixed,4,False,False,51,3,72,60,24,295,CRP019,true,gnucobol,COBOL-85,fixed,accounting-erp,batch,production-like,high,"Micro Focus / GnuCOBOL dialect with $set compiler directive (LINKCOUNT, GNT), COMP-5 usage, CRT STATUS, CURSOR IS, CONSOLE IS CRT — typical of Micro Focus COBOL or GnuCOBOL targeting MF compatibility. Program by J.W. Lemmon (CSS), version 9.04.05 June 2018, GPL-licensed accounting/creditor system.",Creditor (accounts payable) cheques issued report/processing module in a small business accounting system
e6b29f3b7a863144fb75ff58e98d17d1a47e81ef,/ORCSNYUFTN.CBL,CBL_files.csv,371651,True,7606,0,1368,6238,0.18,fixed,4,False,False,37,63,412,2,0,215,ORCSNYUFTN,true,gnucobol,COBOL-85,fixed,healthcare-medical,subprogram,production-like,high,"JMA ORCA medical receipt system (JMA standard receipt software), running on Linux, developed by NACL. Uses GnuCOBOL/OpenCOBOL conventions typical of the ORCA project.",Japanese medical insurance billing (receipt/claim calculation) - specifically inpatient fee (Nyuinryo) calculation subprogram for the JMA ORCA standard receipt software system
78c481a912cc753993db6d6b5564d322135db587,/ORCR0430.CBL,CBL_files.csv,122200,True,2650,0,567,2083,0.214,fixed,4,False,False,29,23,167,0,0,182,ORCR0430,true,gnucobol,COBOL-85,fixed,healthcare-medical,batch,production-like,high,"JMA ORCA medical receipt software (JMA standard receipt software), likely compiled with GnuCOBOL/OpenCOBOL on Linux. Uses COPY with REPLACING using // delimiters, indexed file I/O with ASSIGN to symbolic names, and .INC copybook extensions typical of ORCA system.",JMA ORCA Japanese medical receipt (Rezept) processing system - monthly billing detail file creation for rehabilitation/self-pay receipts with comment editing
d2f86f18052d93539ce3ac7f8795cfce8b6f5cb6,/ORCR0010.CBL,CBL_files.csv,175425,True,3742,0,907,2835,0.242,fixed,4,False,False,38,13,241,8,0,198,ORCR0010,true,gnucobol,COBOL-85,fixed,healthcare-medical,batch,production-like,high,"JMA ORCA medical receipt system (日医標準レセプトソフト); compiled with GnuCOBOL/OpenCOBOL on Linux; uses COPY with REPLACING, INDEXED files, no EXEC SQL/CICS",Japanese medical insurance receipt (レセプト) file creation for monthly billing — generates receipt detail files (RECE01) and medical fee claim files (RECE01X) for national health insurance (社保/国保) processing
c7014065d1ad5eb40cebfa3eee53a8f04610a74e,/EXERCICIO_01.cbl,cbl_files_lowercase.csv,2482,True,67,7,6,54,0.1,fixed,4,False,False,0,0,0,2,0,4,ECERCICIO_01,true,gnucobol,COBOL-85,fixed,education-tutorial,demo,student-exercise,high,GnuCOBOL student exercise; 'Tectonics: cobc' comment confirms GnuCOBOL compiler (cobc),Brazilian Portuguese COBOL student exercise calculating BMI (Índice de Massa Corporal)
8a3199923ec0fe2b33b524185ab21fb2b678c859,/SOCK08.cbl,cbl_files_lowercase.csv,79650,True,1464,11,327,1126,0.225,fixed,4,True,True,0,13,16,13,102,460,SOCK08,true,micro-focus,COBOL-85,fixed,insurance,online-cics,production-like,high,"Micro Focus COBOL with EXEC SQL targeting ODBC/MSSQL Server and EXEC CICS; uses $SET compiler directive for SQL configuration (dbman=ODBC, TARGETDB=MSSQLSERVER, NOAUTOCOMMIT); pointer data type and binary usage consistent with Micro Focus","Automobile/vehicle service contract premium rating broker program for a company called CSO (Cowtown); handles webservices for premium rating, contract assignment, and dealer/account management"
b48acd68f181780e0f989918313792db08a0505c,/acpx010.CBL,CBL_files.csv,464,True,11,0,0,11,0.0,fixed,0,False,False,0,0,0,0,0,0,,,,,,,,,,,
73d7f5ac7d4e8ad92fd1d789f2c7e0771ea3e2c5,/BMI.cbl,cbl_files_lowercase.csv,867,True,34,5,0,29,0.0,fixed,3,False,False,0,0,0,0,0,3,BMI,true,gnucobol,COBOL-85,fixed,education-tutorial,demo,student-exercise,high,"Simple interactive BMI calculator, likely compiled with GnuCOBOL; no vendor-specific extensions",Health/fitness BMI calculation used as a programming exercise
f4c8706dc37a5866e7634a2c9e3880eeaaa5bd34,/TSQL022C.cbl,cbl_files_lowercase.csv,590,True,36,17,0,19,0.0,fixed,3,True,False,0,0,0,0,0,1,TSQL022C,true,ibm-mainframe,COBOL-85,fixed,test-suite,test,snippet,medium,IBM DB2 embedded SQL skeleton; SOURCE-COMPUTER/OBJECT-COMPUTER IBM-AT suggests PC-based IBM COBOL or compatible,"Appears to be a test or skeleton program for SQL connectivity testing, likely part of a DB2 SQL test suite (TSQL prefix with numeric suffix)"
1d4a24239bf420b4003c0b9b8b09a611d111a860,/CLADRILD.cbl,cbl_files_lowercase.csv,74148,True,1002,9,104,889,0.105,fixed,4,True,False,3,1,9,0,0,331,CLADRILD,true,ibm-mainframe,COBOL-85,fixed,manufacturing-logistics,batch,production-like,high,"IBM mainframe COBOL with DB2 embedded SQL (EXEC SQL), DSNTIAR error handling, IBM-370 source/object computer, RECORDING MODE IS F, COMP and COMP usage - consistent with IBM Enterprise COBOL for z/OS. Program appears to be part of a BNSF (Burlington Northern Santa Fe railroad) customer/location master data system.",BNSF (Burlington Northern Santa Fe) railroad freight/logistics - customer location master data management. The program processes address records merged into the BNSF master and calls subprogram CLCSLALM to find existing locations for potential merges.
2f6c6d236a6923c3e7dee22936bac126928d31d9,/ORCGG03.CBL,CBL_files.csv,56580,True,1478,0,486,992,0.329,fixed,4,False,False,33,16,84,17,0,39,ORCGG03,true,gnucobol,COBOL-85,fixed,healthcare-medical,online-cics,production-like,high,JMA ORCA medical receipt software (日医標準レセプトソフト); uses MCP (Message Control Program) interface typical of JMA ORCA/GnuCOBOL environment,JMA ORCA standard medical receipt (レセプト) software - monthly statistics parameter explanation screen (月次統計パラメータ説明画面)
cdb6c3da563bab93e81fea477d85f0b14100d2dc,/ORCR1200.CBL,CBL_files.csv,115678,True,2640,0,674,1966,0.255,fixed,4,False,False,36,10,210,5,0,102,ORCR1200,true,gnucobol,COBOL-85,fixed,healthcare-medical,batch,production-like,high,"JMA ORCA medical receipt system (JMA standard receipt software), likely compiled with GnuCOBOL/OpenCOBOL on Linux. Uses MCPAREA, MCPDATA.INC and COMMON-SPA copybooks typical of the ORCA system.",Japanese medical insurance receipt (レセプト) processing system — specifically the ORCA (JMA standard receipt software) subsystem for public-injury (公害) inpatient receipt basic information processing
a8345aa320aaed66bd9ea89cfbb9af9f4618c2c6,/ORCDTCHK003.CBL,CBL_files.csv,26541,True,666,0,239,427,0.359,fixed,4,False,False,14,12,23,1,0,41,ORCDTCHK003,true,gnucobol,COBOL-85,fixed,healthcare-medical,batch,production-like,high,"JMA ORCA medical receipt system (JMA standard receipt software), likely compiled with GnuCOBOL/OpenCOBOL on Linux",JMA ORCA medical receipt processing system - data check list creation subsystem
4245844f828d5a1d0845bceeda7fd84add5a9f77,/ORCR0840.CBL,CBL_files.csv,215702,True,4513,0,853,3660,0.189,fixed,4,False,False,37,33,215,0,0,212,ORCR0840,true,gnucobol,COBOL-85,fixed,healthcare-medical,batch,production-like,high,"JMA ORCA medical receipt software (JMA standard receipt software), likely compiled with GnuCOBOL/OpenCOBOL on Linux. Uses ISAM indexed files with ASSIGN to symbolic names, COPY with REPLACING using // delimiters, and .INC copybook extensions typical of ORCA system.",Japanese medical insurance receipt (レセプト) processing system - specifically point aggregation by diagnosis category for inpatient claims (入院 - 往診・自費請求)
89a0cfb29362356db72d5c79fe7cd3f755a517fa,/msnsearc.cbl,cbl_files_lowercase.csv,19758,True,411,54,98,259,0.275,fixed,4,False,True,0,2,10,0,0,98,MSNSEARC,true,ibm-mainframe,COBOL-85,fixed,other,online-cics,production-like,high,"IBM Enterprise COBOL for z/OS with CICS; uses PROCESS compiler directives (XOPTS, NOSEQ, LIB, OPTIMIZE), EXEC CICS, SYNCHRONIZED, COMP-2, COMP-5, POINTER, and dfheiblk linkage — all characteristic of IBM mainframe CICS COBOL",LegStar middleware integration — CICS COBOL program acting as a client to a SOAP web service (MSN Live Search) via the LegStar c2ws C API
3ce4fe78c26bad2a04698f5c1a4b410b401c4349,/BCASH01P.CBL,CBL_files.csv,7380,True,90,0,29,61,0.322,fixed,3,False,False,6,0,2,0,0,4,PIC|bcash01p,true,micro-focus,COBOL-85,fixed,banking-finance,subprogram,production-like,high,"Micro Focus demonstration program, part of an ATM/banking demo application (BankDemo or similar). Uses DFHCOMMAREA and CICS-style copybooks (CENTRY, CRETURN) but compiled under Micro Focus runtime rather than IBM CICS directly.",ATM banking demonstration application - retrieves list of enabled accounts for a user
c49317bebf0023dfcd390710bcd7c1b33845722c,/2006 - 52.cbl,cbl_files_lowercase.csv,7635,True,191,0,0,191,0.0,free,0,False,False,0,0,0,0,0,0,,,,,,,,,,,
a9a059d25d366516eb663629fe5b925c295648a7,/ORCGK02NYU.CBL,CBL_files.csv,553059,True,13007,0,3735,9272,0.287,fixed,4,False,False,81,129,653,173,0,385,ORCGK02NYU,true,gnucobol,COBOL-85,fixed,healthcare-medical,batch,production-like,high,"JMA ORCA medical receipt software (JMA standard receipt software), likely compiled with GnuCOBOL/OpenCOBOL on Linux; uses /var/tmp/ paths and LINE SEQUENTIAL files typical of GnuCOBOL on Unix",JMA ORCA standard medical receipt/claims processing system - specifically the hospitalization (nyuin) medical procedure input component
0fa13dc9e53e60692be0374aad28a1e7d97d30db,/epscmort.cbl,cbl_files_lowercase.csv,8814,True,250,19,28,203,0.121,fixed,4,True,True,5,6,10,0,0,14,EPSCMORT,true,ibm-mainframe,COBOL-85,fixed,banking-finance,online-cics,production-like,high,"IBM mainframe CICS/DB2 program targeting IBM Flex Enterprise Server (IBM-FLEX-ES); uses EXEC CICS and EXEC SQL with SQLCA, DFHAID, DFHCOMMAREA, and BMS maps typical of IBM CICS/TS",Mortgage calculation CICS online transaction; part of IBM EPSDEMOS sample application (2008/2017)
1f0a3d16aff8ae5fe3d2e93933fec236c06a7ce0,/ORCGI01.CBL,CBL_files.csv,930407,True,21396,10,5356,16030,0.25,fixed,4,False,False,106,108,1559,247,0,415,ORCGI01,true,gnucobol,COBOL-85,fixed,healthcare-medical,batch,production-like,high,"JMA ORCA medical receipt system (JMA standard receipt software), compiled with GnuCOBOL/OpenCOBOL on Linux. Program ORCGI01 handles hospital admission/discharge registration (入退院登録).",Japanese medical receipt (レセプト) system - hospital admission and discharge registration module for JMA ORCA standard receipt software
e045fd571972994647e3092d357318734f95c512,/ORCR0420.CBL,CBL_files.csv,461094,True,9098,1,1620,7477,0.178,fixed,4,False,False,36,2,187,2,0,472,ORCR0420,true,gnucobol,COBOL-85,fixed,healthcare-medical,batch,production-like,high,JMA ORCA medical receipt system (JMA standard receipt software); compiled with GnuCOBOL/OpenCOBOL on Linux,"Japanese medical insurance receipt (Rezept) processing system — monthly billing, self-pay/insurance claim detail file creation and point aggregation for outpatient/inpatient claims"
e62226512871c6b526bf50401f14b6c74d93d340,/ORCDBAPIV3.CBL,CBL_files.csv,6273,True,170,0,84,86,0.494,fixed,4,False,False,3,1,2,0,0,6,ORCDBAPIV3,true,gnucobol,COBOL-85,fixed,healthcare-medical,subprogram,production-like,high,"JMA ORCA medical receipt system (Japan Medical Association), ORCA API V3 parameter access module, likely compiled with GnuCOBOL/OpenCOBOL",JMA standard medical receipt (claims) processing system - ORCA API V3 database access module
7e3d93afde2f32dea44d809f4b841600af7e75cc,/D413KTK.cbl,cbl_files_lowercase.csv,384,True,10,0,0,10,0.0,free,0,False,False,0,0,0,0,0,0,,,,,,,,,,,
88d6b02e4cdabbe4ffeadb62fbb3e7e3d47c44f3,/A00000D123.CBL,CBL_files.csv,228190,True,5041,6,2314,2721,0.46,fixed,4,False,False,44,142,159,7,0,175,A00000D123,true,gnucobol,COBOL-85,fixed,healthcare-medical,batch,production-like,high,JMA ORCA medical receipt software (open-cobol/GnuCOBOL); comment references 'open-cobol 0.23' adaptation in 2005,JMA ORCA standard medical receipt (Nissho) software — monthly outpatient billing summary report
8cdbedae452f02b1978907b6c42f7455bcdaf266,/ORCHCM31.CBL,CBL_files.csv,49035,True,1307,0,458,849,0.35,fixed,4,False,False,19,6,70,1,0,70,ORCHCM31,true,gnucobol,COBOL-85,fixed,healthcare-medical,subprogram,production-like,high,"JMA ORCA medical receipt software (日医標準レセプトソフト), compiled with GnuCOBOL/OpenCOBOL on Linux; uses COPY includes with .INC extension and MCP (message control protocol) DB access pattern typical of JMA ORCA",JMA ORCA standard medical receipt (レセプト) software - payment certificate / receipt printing for daily patient insurance billing
eea444f328c35dabe2fb5c917afaffa6c625f703,/ProgramEnd.rdz.cbl,cbl_files_lowercase.csv,188,True,9,3,0,6,0.0,fixed,2,False,False,0,0,0,0,0,0,MainProgram|Nested,true,ibm-mainframe,COBOL-85,fixed,demo-example,demo,snippet,medium,Likely IBM Rational Developer for z (RDz) based on .rdz.cbl extension; nested program structure using ID DIVISION shorthand,Minimal skeleton demonstrating nested program structure in COBOL
c7a2d8c9249ef18a5d734cb68ff7965c3f0a00b2,/ORCGI01.CBL,CBL_files.csv,1071386,True,23580,12,5343,18225,0.227,fixed,4,False,False,102,307,1342,245,0,394,ORCGI01,true,gnucobol,COBOL-85,fixed,healthcare-medical,subprogram,production-like,high,"JMA ORCA medical receipt system (日医標準レセプトソフト) - GnuCOBOL/OpenCOBOL based, developed by NACL for Japan Medical Association",Japanese medical institution inpatient/outpatient admission and discharge registration system (入退院登録 I01) for JMA standard receipt software ORCA
e8e31c1d224fa05fa5380da518b3091881ede8fb,/MST_NOFU.cbl,cbl_files_lowercase.csv,383,True,10,0,0,10,0.0,free,0,False,False,0,0,0,0,0,0,,,,,,,,,,,
b77487b2f52701c5917e3c375d1e0b8535c64ced,/ORCR0420.CBL,CBL_files.csv,319236,True,6375,1,1204,5170,0.189,fixed,4,False,False,35,2,177,2,0,336,ORCR0420,true,gnucobol,COBOL-85,fixed,healthcare-medical,batch,production-like,high,"JMA ORCA medical receipt software (JMA standard receipt software), compiled with GnuCOBOL/OpenCOBOL on Linux. Uses .INC copybooks with REPLACING, INDEXED files with DYNAMIC/SEQUENTIAL access, typical of the ORCA project codebase.",Japanese medical insurance receipt (レセプト) processing system - monthly business receipt detail file creation and point aggregation for outpatient/self-pay billing
1b714c5a6f08089fa0369f8975fd09bde3b0d064,/CobolFinal.cbl,cbl_files_lowercase.csv,564,True,20,4,0,16,0.0,fixed,3,False,False,0,0,0,0,0,3,COBOLFINAL,true,unknown,COBOL-85,fixed,education-tutorial,unknown,student-exercise,medium,Standard COBOL-85 style; no vendor-specific extensions visible. Author name suggests possible Thai academic context.,Student exercise involving reading a province/trader data file with income and member count fields
257f2cc4038396f3ce41ebca507b8555f2b1b05a,/DY3230.CBL,CBL_files.csv,10507,True,267,37,0,230,0.0,fixed,4,False,False,2,4,6,0,0,48,DY3230,true,other-vendor,COBOL-85,fixed,retail-commerce,batch,production-like,medium,"Likely a Brazilian microcomputer COBOL environment (possibly Micro Focus or a local vendor like Unimake/Datasul era), using SCREEN SECTION with BCK-CLR/FOR-CLR attributes, GOBACK, LINKAGE SECTION with PRM-OPR, and calls to proprietary routines DYSPOL/DYMSGM/DYHELP/DYIMPR. Portuguese-language identifiers and Brazilian CEP (postal code) handling. DECIMAL-POINT IS COMMA is typical for Brazilian Portuguese locale.",Brazilian customer mailing-label (mala-direta) system — generates address labels for a customer master file range
6c8848c8639cc38572f9b0a87c1399817c28505d,/ORCGK02.CBL,CBL_files.csv,624791,True,14678,0,4435,10243,0.302,fixed,4,False,False,82,154,727,215,0,374,ORCGK02,true,gnucobol,COBOL-85,fixed,healthcare-medical,batch,production-like,high,"JMA ORCA medical receipt system (JMA standard receipt software), compiled with GnuCOBOL/OpenCOBOL on Linux; uses /var/tmp/ file paths and LINE SEQUENTIAL files typical of GnuCOBOL on Unix",JMA ORCA Japanese medical receipt (shinryo-koui) input processing subsystem - outpatient medical procedure entry
be98e164ebc9cb78e437a3fcd6e08256c12252b7,/JOM_FORM_0018.CBL,CBL_files.csv,384,True,10,0,0,10,0.0,free,0,False,False,0,0,0,0,0,0,,,,,,,,,,,
19e5dc617b7f7de82a6c1a3e95b6b4ce29713bf6,/COACTVWS.cbl,cbl_files_lowercase.csv,34561,True,850,97,117,636,0.155,fixed,4,False,True,11,0,16,6,0,91,COACTVWS,true,ibm-mainframe,COBOL-85,fixed,banking-finance,online-cics,production-like,high,"IBM CICS/BMS online program; part of the AWS CardDemo sample application. Uses DFHCOMMAREA, DFHBMSCA, DFHAID copybooks and EXEC CICS commands typical of IBM mainframe CICS environment.",Credit card account management system (AWS CardDemo). This is the presentation layer for viewing account details.
181254057de4d96dea5f9578ec1f1e1f3a323838,/gagenti.cbl,cbl_files_lowercase.csv,254170,True,8024,642,1082,6300,0.147,fixed,4,False,False,27,21,591,7,0,151,gagenti,true,acucobol,COBOL-85,fixed,accounting-erp,online-cics,production-like,high,"Generated by TOTEM (Italian ERP/business application generator), targeting ACUCOBOL-GT runtime. Evidence includes ACUCOBOL-specific HANDLE OF WINDOW, HANDLE OF FONT, HANDLE OF STATUS-BAR, COMP-4, CRT STATUS, and COPY of acugui.def/acucobol.def copybooks. Italian locale (DECIMAL-POINT IS COMMA, Italian field names, date in Italian).","Italian business ERP system - agent (agenti) master file maintenance program, part of 'Geslux' application suite. Manages agent registry including anagrafica, fiscal codes, VAT numbers, commissions, price lists, and brand assignments."
7c88a2a545081344a96d1c53972eefc5be6f1d28,/SOKATU0710.CBL,CBL_files.csv,107174,True,2505,2,1002,1501,0.4,fixed,4,False,False,31,61,96,1,0,87,SOKATU0710,true,gnucobol,COBOL-85,fixed,healthcare-medical,batch,production-like,high,"JMA ORCA medical receipt software (Japan Medical Association open-source clinic system), likely compiled with GnuCOBOL/OpenCOBOL on Linux",Japanese national health insurance claim (receipt/seikyu) processing — monthly aggregation and printing of insurance billing claims (kokuho/seikyu-sho) for a medical clinic
e8142e257d42728f27f0145d002eb569feacc88f,/gctestrun5.cbl,cbl_files_lowercase.csv,14411,True,327,14,55,258,0.176,fixed,4,False,False,0,5,8,0,0,59,gctestrun5,true,gnucobol,COBOL-85,fixed,utility-tooling,test,production-like,high,GnuCOBOL (cobc) test runner for GCSort utility; compile command explicitly uses 'cobc -x -std=default'; uses BINARY-LONG and SYSTEM call typical of GnuCOBOL,"Test runner for GCSort (a COBOL sort utility), specifically testing sum-fields functionality (Group 5)"
b33c131bdfd202b9de966ff5ffbe96ced43f2a4d,/DB2CBLEX.cbl,cbl_files_lowercase.csv,28780,True,351,0,135,216,0.385,fixed,4,True,False,1,2,6,0,1,29,DB2CBLEX,true,ibm-mainframe,COBOL-85,fixed,education-tutorial,batch,student-exercise,high,"IBM DB2 mainframe COBOL with EXEC SQL, DCLGEN copybook (DCLEMP), SQLCA include, and CHAMP link control statements. Uses DSN8110.EMP sample DB2 table. Fixed format with sequence numbers in columns 73-80.",IBM DB2 sample employee table (DSN8110.EMP) used in training/tutorial context; program fetches and reports employee records
7281cf8d6c6fae049aab5c025361626375c06df6,/ORCHC02V02.CBL,CBL_files.csv,234178,True,5473,0,1642,3831,0.3,fixed,4,False,False,44,16,345,1,0,286,ORCHC02V02,true,gnucobol,COBOL-85,fixed,healthcare-medical,batch,production-like,high,"JMA ORCA medical receipt software (Nihon Igikai standard receipt system), compiled with GnuCOBOL/OpenCOBOL on Linux. Program ORCHC02V02 is a prescription/receipt printing component (A5 format).",Japanese medical insurance receipt (shinryo-hoshu seikyu) printing system — prescription slip printing for outpatient/inpatient medical care under Japan's national health insurance scheme
9b3de71faa67b0a5b973815ec59ef807c4b104d7,/lgapdb01.cbl,cbl_files_lowercase.csv,25535,True,647,83,118,446,0.209,fixed,4,True,True,0,2,15,0,0,57,LGAPDB01,true,ibm-mainframe,COBOL-85,fixed,insurance,online-cics,production-like,high,"IBM CICS/DB2 mainframe program, part of the IBM CICS TS sample application (LOANAPP/General Insurance). Uses EXEC CICS and EXEC SQL with DB2 IDENTITY_VAL_LOCAL() and SQLCA. Copyright IBM Corp. 2011-2021.","General insurance policy management system (IBM CICS TS sample application). Handles adding new insurance policies: Endowment, House, Motor, Commercial, and Claims."
8b9a9582e153e6deaa6ca5d963e50e45212b0b59,/purchRES.cbl,cbl_files_lowercase.csv,7773,True,216,0,115,101,0.532,free,4,False,False,9,1,10,3,0,16,PurchaseRES,true,gnucobol,COBOL-85,free,accounting-erp,batch,production-like,high,"GnuCOBOL free-format source for the ACAS (Applewood Computers Accounting System) v3.02, authored by Vincent Bryan Coen. Uses >>source free directive and GnuCOBOL-style *> comments.",ACAS (Applewood Computers Accounting System) Purchase Ledger restore utility - reads purchase records from a sequential backup file and restores them to an ISAM file.
08fb28fdee8beb8a24b77c9ae4ab98381cc2d7b7,/ORCBG017S.CBL,CBL_files.csv,98040,True,2435,2,666,1767,0.274,fixed,4,False,False,35,21,137,5,0,208,ORCBG017S,true,gnucobol,COBOL-85,fixed,healthcare-medical,batch,production-like,high,"JMA ORCA medical receipt software (日医標準レセプトソフト), compiled with GnuCOBOL/OpenCOBOL on Linux; uses COPY with REPLACING, INDEXED files, no EXEC SQL/CICS",JMA ORCA standard medical receipt (レセプト) software - monthly medical act aggregation by treatment category (診療行為別集計表)
b9b27c277d6892e7f445cccd99697f4cb169cfe6,/COBOL007.cbl,cbl_files_lowercase.csv,3773,True,47,0,14,33,0.298,fixed,4,False,False,0,0,0,0,1,6,COBOL007,true,ibm-mainframe,COBOL-85,fixed,education-tutorial,demo,student-exercise,high,"Brazilian mainframe-style COBOL; uses DECIMAL-POINT IS COMMA (Portuguese locale), SYSIN/SYSOUT, sequence numbers in columns 73-80, and COMP-3. Likely compiled on IBM z/OS or compatible environment.",Brazilian Portuguese COBOL exercise involving numeric input and display formatting with masks (mascaras). Converts Euro quantities to Brazilian Reais.
8f0692ef9bc746a0c51cdeb77daf446012b6361e,/ORCGM00.CBL,CBL_files.csv,83731,True,1991,0,911,1080,0.458,fixed,4,False,False,48,25,93,12,0,50,ORCGM00,true,gnucobol,COBOL-85,fixed,healthcare-medical,online-cics,production-like,high,JMA ORCA medical receipt software (日医標準レセプトソフト); compiled with GnuCOBOL/OpenCOBOL on Linux; uses MCPAREA/SPAAREA linkage convention typical of ORCA,JMA ORCA standard medical receipt (claim) software – master menu / business-function selection screen (M00 master menu component)
43952712bf3fdbcf7f7686264a9cfdfa9f39ad7d,/ORCSC54201004.CBL,CBL_files.csv,72849,True,1709,0,539,1170,0.315,fixed,4,False,False,14,4,80,7,0,77,ORCSC54201004,true,gnucobol,COBOL-85,fixed,healthcare-medical,subprogram,production-like,high,"JMA ORCA medical receipt software (日医標準レセプトソフト); compiled with GnuCOBOL/OpenCOBOL on Linux; uses COPY with REPLACING, LINKAGE SECTION with multiple parameters, no EXEC SQL/CICS",JMA ORCA standard medical receipt (レセプト) software — diagnosis/treatment act (診療行為) check and calculation subprogram
f5a8e97543000b08aa0e80829b3616d5d4e93340,/tcaudisb.cbl,cbl_files_lowercase.csv,92187,True,2962,259,431,2272,0.159,fixed,4,False,False,19,17,237,2,0,58,tcaudisb,true,acucobol,COBOL-85,fixed,manufacturing-logistics,online-cics,production-like,high,"ACUCOBOL-GT / Micro Focus ACUCOBOL with TOTEM code generator; uses ACUCOBOL-specific GUI extensions (HANDLE OF WINDOW, HANDLE OF FONT, Grid, Entry-Field, Push-Button, Check-Box, Radio-Button, BITMAP-HANDLE, COMP-4, CRT STATUS, DECIMAL-POINT IS COMMA, SPECIAL-NAMES). Italian locale (date/labels in Italian). Generated by TOTEM RAD tool for GESLUX application.",GESLUX application - table maintenance for 'Causali x Distinta Base' (Bill of Materials reason codes / warehouse movement causes) in what appears to be a manufacturing/logistics ERP system
2f02fe4e2a34c25f20dfe73f08dd106093ad9de8,/part2-take2.cbl,cbl_files_lowercase.csv,1833,True,54,3,0,51,0.0,fixed,0,False,False,0,0,2,0,0,13,advent-of-code-day-1,true,gnucobol,COBOL-85,fixed,demo-example,batch,student-exercise,high,"GnuCOBOL likely; uses COMMAND-LINE special register and LINE SEQUENTIAL organization, common in GnuCOBOL/open-source COBOL environments","Advent of Code puzzle solution - Day 1, sliding window sum comparison"
c6746cb969a19c78f82fa4ecff8f2e3c495e527e,/ORCR0480.CBL,CBL_files.csv,140853,True,3290,2,854,2434,0.26,fixed,4,False,False,35,6,223,16,0,172,ORCR0480,true,gnucobol,COBOL-85,fixed,healthcare-medical,batch,production-like,high,JMA ORCA medical receipt software (日医標準レセプトソフト); compiled with GnuCOBOL/OpenCOBOL on Linux; uses COPY with REPLACING using // delimiters typical of GnuCOBOL/OpenCOBOL,Japanese medical insurance receipt (レセプト) processing system — monthly billing detail file creation for short-term benefits and self-pay receipts
176018d0a016ae73755f6d103b65df5e385a17c4,/sudoku.cbl,cbl_files_lowercase.csv,28134,True,639,71,20,548,0.035,fixed,4,False,False,0,3,32,0,0,189,SHOW-SUDOKU-BOARD|Sudoku|TABLE-ANALYSIS,true,gnucobol,COBOL-85,fixed,demo-example,demo,student-exercise,high,"GnuCOBOL (OpenCOBOL) - uses SCREEN SECTION with FOREGROUND-COLOR/BACKGROUND-COLOR, LOCAL-STORAGE SECTION, RECURSIVE program attribute, inline comments with *>, and GOBACK; consistent with GnuCOBOL dialect",Sudoku puzzle solver with interactive screen-based input and recursive backtracking algorithm
57c56a8372bd84e904b8036575ba3fff7d0c2d45,/ORCSCKNKCHK.CBL,CBL_files.csv,58716,True,1346,0,343,1003,0.255,fixed,4,False,False,16,4,122,1,0,65,ORCSCKNKCHK,true,gnucobol,COBOL-85,fixed,healthcare-medical,subprogram,production-like,high,"JMA ORCA medical receipt system (JMA standard receipt software), likely compiled with GnuCOBOL/OpenCOBOL on Linux",Japanese medical receipt (shinryo-koui) processing system - prohibited drug combination check (kinki-yakuzai check) and editing logic for medical act entries
73a0815968250aa20017674533e5ad1060007c56,/ORCR0640.CBL,CBL_files.csv,491913,True,10307,0,1932,8375,0.187,fixed,4,False,False,43,84,526,4,0,417,ORCR0640,true,gnucobol,COBOL-85,fixed,healthcare-medical,batch,production-like,high,"JMA ORCA medical receipt system (Nihon Ishi-kai standard receipt software), compiled with GnuCOBOL/OpenCOBOL on Linux. Uses COPY with REPLACING, INDEXED files, and Japanese EUC/latin-1 encoded comments.",Japanese medical insurance receipt (レセプト) processing system — inpatient (入院) diagnosis/treatment point aggregation and receipt record generation for national health insurance billing
33d2c3e6330e60aea0817c14aff9624ac8c43cbc,/ORCR0840.CBL,CBL_files.csv,301118,True,6293,0,1166,5127,0.185,fixed,4,False,False,41,43,319,2,0,274,ORCR0840,true,gnucobol,COBOL-85,fixed,healthcare-medical,batch,production-like,high,"JMA ORCA medical receipt software (JMA standard receipt software), compiled with GnuCOBOL/OpenCOBOL on Linux. Uses COPY with REPLACING using // delimiters, INDEXED files, no EXEC SQL/CICS.",Japanese medical insurance receipt (レセプト) processing system - specifically inpatient (入院) diagnosis classification point aggregation for hospitalization receipts (入院・自費)
637e47424f3d03a71c7728bbf0a5e531822fe2ea,/sl910.cbl,cbl_files_lowercase.csv,88561,True,2341,1,849,1491,0.363,free,4,False,False,19,19,107,107,0,138,sl910,true,gnucobol,COBOL-85,free,accounting-erp,batch,production-like,high,"GnuCOBOL (Open COBOL) free-format source, part of the Applewood Computers Accounting System (ACAS) by Vincent B Coen. Version comment references 'Open Cobol v3.00.00' and later GnuCOBOL 3.2. Uses >>source free directive and *> comments.","Sales ledger invoice data entry and maintenance for the Applewood Computers Accounting System (ACAS). Handles invoice creation, credit notes, pro-formas, stock updates, VAT, and open-item file posting."
a0063f53a5fd81ca8811a47a5bd440e9f44a4b6a,/GLP002.CBL,CBL_files.csv,34637,True,1071,119,100,852,0.105,fixed,4,False,False,67,6,50,37,39,178,GLP002,true,gnucobol,COBOL-85,fixed,accounting-erp,online-cics,production-like,high,"APAC GnuCOBOL/OpenCOBOL-based General Ledger system by J.W. Lemmon; uses $set LINKCOUNT compiler directive, COMP-5, CRT SCREEN SECTION with FOREGROUND-COLOR/BACKGROUND-COLOR, CURSOR IS / CRT STATUS IS clauses, and GNU GPL licensing text. Likely compiled with GnuCOBOL or a compatible open-source COBOL compiler.",General Ledger (G/L) account deletion module in an APAC accounting/ERP system
9d43f4dbb9a87b03d11db30b8784139d8e7d789d,/ORCRDPC10.CBL,CBL_files.csv,354628,True,7657,0,2004,5653,0.262,fixed,4,False,False,54,12,470,16,0,520,ORCRDPC10,true,gnucobol,COBOL-85,fixed,healthcare-medical,batch,production-like,high,"JMA ORCA medical receipt (レセプト) system – NACL development, GnuCOBOL/OpenCOBOL target with ISAM indexed files and COPY/REPLACING directives typical of ORCA",Japanese medical insurance receipt (レセプト) DPC file creation – inpatient admission/discharge processing for the JMA ORCA medical billing system
c78ec7446d17fcc358d339d7f8fe86c07862d1ba,/SEIKYU1805.CBL,CBL_files.csv,115385,True,2662,1,1194,1467,0.449,fixed,4,False,False,34,60,72,3,0,144,SEIKYU1805,true,gnucobol,COBOL-85,fixed,healthcare-medical,batch,production-like,high,JMA ORCA medical receipt software (open-cobol/GnuCOBOL target); explicit 'open-cobol1.0' compatibility notes in revision history,"JMA ORCA standard medical receipt billing system – Fukui prefecture public expense medical assistance target patient list (receipt types 191,193,194,196,198)"
203cb3f105ae9e9bd168822c1f2d53f00383e3e5,/ORCSC40200204.CBL,CBL_files.csv,67294,True,1615,0,505,1110,0.313,fixed,4,False,False,14,11,69,19,0,67,ORCSC40200204,true,gnucobol,COBOL-85,fixed,healthcare-medical,subprogram,production-like,high,JMA ORCA medical receipt system (日医標準レセプトソフト); compiled with GnuCOBOL/OpenCOBOL as part of the JMA ORCA project,Japanese medical insurance claim (receipt/レセプト) processing system — diagnosis act (診療行為) check and calculation subsystem
42e7cde49500c17063fc4c8e257d246cd61dcea0,/ORCGW28.CBL,CBL_files.csv,76068,True,2017,2,708,1307,0.351,fixed,4,False,False,46,10,106,37,0,90,ORCGW28,true,gnucobol,COBOL-85,fixed,healthcare-medical,online-cics,production-like,high,"JMA ORCA medical receipt system (JMA standard receipt software), likely compiled with GnuCOBOL/OpenCOBOL on Linux",JMA ORCA standard medical receipt (claims) software - hospital/clinic admission fee information settings screen (W28)
b4b844040b6a1b4cd25fa15e52d633ab0b7b5c59,/MOVE-01.cbl,cbl_files_lowercase.csv,1174,True,37,5,0,32,0.0,fixed,3,False,False,0,0,0,0,0,10,MOVE-01,true,unknown,COBOL-85,fixed,education-tutorial,demo,student-exercise,high,Simple tutorial/exercise program demonstrating MOVE statement variants; no vendor-specific extensions visible. Reference data substring notation WS-NUM1(3:6) is COBOL-85+.,"Demonstrates various forms of the MOVE statement including group moves, multiple targets, and reference modification"
a187d86aec9900cac1b6fdbf2695407765090e10,/gestor_archivo.cbl,cbl_files_lowercase.csv,7837,True,191,3,35,153,0.186,fixed,4,False,False,0,0,14,0,0,15,gestor_archivo,true,gnucobol,COBOL-85,fixed,other,subprogram,student-exercise,high,GnuCOBOL subprogram; compile comment references 'cobc -x principal.cbl estclientes.cbl -o estadisticas.exe',"File management subprogram for an indexed customer statistics file (ESTCLI.BIN), likely part of a larger client statistics application"
dccbf632eafe2db72373666c39e86b01e7ed9cba,/ORCSCNYUIN.CBL,CBL_files.csv,155969,True,3662,0,951,2711,0.26,fixed,4,False,False,39,41,253,13,0,132,ORCSCNYUIN,true,gnucobol,COBOL-85,fixed,healthcare-medical,subprogram,production-like,high,"JMA ORCA (Japan Medical Association standard receipt software) - GnuCOBOL/OpenCOBOL based medical billing system, program ORCSCNYUIN handles inpatient admission master update (K08 usage)",JMA ORCA Japanese medical receipt (shinryo-hoshuu) billing system - inpatient admission master update subprogram used by screen K08
6fb931c02481a24e611e21d5854cff1477e50061,/ORCT0010.CBL,CBL_files.csv,74898,True,1890,1,548,1341,0.29,fixed,4,False,False,34,19,101,5,0,90,ORCT0010,true,gnucobol,COBOL-85,fixed,healthcare-medical,batch,production-like,high,"JMA ORCA medical receipt software (JMA standard receipt software), likely compiled with GnuCOBOL/OpenCOBOL on Linux. Uses COPY with .INC copybooks, LINE SEQUENTIAL files, and CALL to ORCA subsystem programs.",JMA ORCA standard medical receipt billing system - periodic billing (Teiki Seikyuu) data creation component
36e7388a9e1b391f0fa5ae913bc3bee3a92663e0,/[Marvel] [2018-2020] Tony Stark_ Iron Man by Dan Slott.cbl,cbl_files_lowercase.csv,3659,True,83,0,0,83,0.0,free,0,False,False,0,0,0,0,0,0,,,,,,,,,,,
ad2dab170a4765f1b9fd1d6619d100c94e263158,/ARRPARTI.CBL,CBL_files.csv,43264,True,1111,3,25,1083,0.023,fixed,4,False,False,36,0,256,171,0,134,PARTI,true,micro-focus,COBOL-85,fixed,retail-commerce,online-cics,production-like,medium,"PC-based COBOL for XT/AT, likely Micro Focus Personal COBOL or compatible; uses COMP-4, ACCEPT/DISPLAY with LINE/POSITION clauses, REVERSE attribute, screen-oriented I/O typical of Micro Focus on DOS/PC","Inventory/stock management system for articles (products) with partidas (lots/batches), pricing, costs, internal taxes, and stock quantities; likely for a retail or wholesale business in Argentina (Spanish language, peso-style numeric formatting)"
dd16637384cfdf8749d4a4569eede07ebeb0222c,/ricaldin-bat.cbl,cbl_files_lowercase.csv,78939,True,2054,149,80,1825,0.042,fixed,3,False,False,72,11,271,0,0,65,ricaldin-bat,true,gnucobol,COBOL-85,fixed,manufacturing-logistics,batch,production-like,high,"Italian ERP/warehouse management system, likely compiled with GnuCOBOL (OpenCOBOL) on Linux/Unix. Uses .sl file extensions for SELECT copybooks and .fd for FD copybooks, COMP-1 for numeric, 78-level constants, and Italian-language identifiers/comments. Possibly Passepartout or similar Italian SME ERP.","Warehouse/inventory management: recalculates dynamic stock values (giacenza=stock, impegnato=committed, ordinato=ordered) from credit notes, unfulfilled orders, warehouse movements, supplier orders, and master orders. Runs nightly as a batch job after zeroing dynamic values on progmag (stock progress file)."
6ff7c63a01998b0751bfc556c52ffa9e521834b2,/Date04.cbl,cbl_files_lowercase.csv,1258,True,49,0,3,46,0.061,fixed,4,False,False,2,0,7,0,0,0,DATE04,true,unknown,COBOL-85,fixed,demo-example,demo,student-exercise,high,"Simple portable COBOL, no vendor-specific extensions visible; uses COPY for date routines (WSDATE.CBL, PLDATE.CBL)",Date entry and validation demonstration program
a7144bbfc68a8e5b93e13ab09486c23497b01bd8,/A00000C100.CBL,CBL_files.csv,15081,True,373,0,129,244,0.346,fixed,4,False,False,19,11,2,0,0,82,A00000C100,true,gnucobol,COBOL-85,fixed,healthcare-medical,batch,production-like,high,"JMA ORCA medical receipt software (JMA standard receipt software); uses GnuCOBOL/OpenCOBOL conventions with COPY includes (.INC files), LINKAGE SECTION with COMMAND-PARAM, and CALL to subprograms by name",JMA ORCA Japanese medical receipt (shinryo-hoshuu) processing system - patient count aggregation report dispatcher
9054209d924f752fcec2c4e44e314f22129b677d,/epsmlist.cbl,cbl_files_lowercase.csv,8447,True,232,28,26,178,0.127,fixed,4,False,True,7,0,7,0,0,29,EPSMLIST,true,ibm-mainframe,COBOL-85,fixed,banking-finance,online-cics,production-like,high,"IBM CICS/VSAM online program, part of the IBM EPSDEMOS 2008 sample application (mortgage list). Uses IBM-FLEX-ES as SOURCE/OBJECT-COMPUTER, DFHAID, DFHCOMMAREA, DFHRESP, EXEC CICS commands.",Mortgage loan comparison application; reads a VSAM file of mortgage companies and displays those matching user-supplied loan amount and interest rate criteria.
99142f771f593e75a95854038b60c9290654b2e5,/ORCSC93.CBL,CBL_files.csv,65749,True,1401,0,355,1046,0.253,fixed,4,False,False,7,0,30,11,0,36,ORCSC93,true,gnucobol,COBOL-85,fixed,healthcare-medical,subprogram,production-like,high,"JMA ORCA medical receipt software (JMA standard receipt software), likely compiled with GnuCOBOL/OpenCOBOL on Linux; uses COPY with REPLACING and LINKAGE SECTION with multiple parameters","JMA ORCA medical receipt billing system - diagnostic procedure (Shinryo Koi) input processing, specifically handling splitting/editing/calculation of medical procedures"
5cc776b413e2582b65fa04d7f3773e8757617346,/GRF00000.cbl,cbl_files_lowercase.csv,1032,False,0,0,0,0,0.0,unknown,0,False,False,0,0,0,0,0,0,,,,,,,,,,,
3c7c2c935337053595b832e338a06f79470eb9a9,/ORCR0103.CBL,CBL_files.csv,140036,True,3299,3,818,2478,0.248,fixed,4,False,False,33,42,145,7,0,200,ORCR0103,true,gnucobol,COBOL-85,fixed,healthcare-medical,batch,production-like,high,JMA ORCA medical receipt software (日医標準レセプトソフト); likely compiled with GnuCOBOL/OpenCOBOL on Linux given ORCA project conventions,Japanese medical insurance receipt (レセプト) processing system — specifically receipt print file creation for medical insurance claims (医保)
21325f320c45790d942c3e0095594acad9c47132,/ORCR1010.CBL,CBL_files.csv,283791,True,5697,0,1219,4478,0.214,fixed,4,False,False,28,7,199,2,0,480,ORCR1010,true,gnucobol,COBOL-85,fixed,healthcare-medical,batch,production-like,high,"JMA ORCA medical receipt software (日医標準レセプトソフト); compiled with GnuCOBOL/OpenCOBOL on Linux; uses COPY with REPLACING, INDEXED files, no EXEC SQL/CICS","Japanese medical insurance receipt (レセプト) processing system — specifically public injury/illness receipt (公害レセプト, outpatient) with diagnosis-category point aggregation"
46e3fc954e33cfb64e55599a94b4602c92e8e0e1,/cgi-list-betygelev.cbl,cbl_files_lowercase.csv,15418,True,423,97,64,262,0.196,fixed,4,True,False,2,6,18,0,0,45,cgi-list-betygelev,true,gnucobol,COBOL-85,fixed,education-tutorial,batch,production-like,medium,"GnuCOBOL CGI program using embedded SQL (likely MySQL/MariaDB via ESQL preprocessor), part of the 'openjensen' educational system. Uses *> comment style and GOBACK, typical of GnuCOBOL. Targets a web CGI context calling dynamic libraries like 'wui-print-header', 'wui-start-html'.","Student grade/course management system ('betyg' is Swedish for grade, 'elev' is student). Part of a school/educational administration web application called 'openjensen'."
3ca42c8e02862e84d672e5890658e0cbf17c1c7d,/Test.cbl,cbl_files_lowercase.csv,1458,True,50,12,13,25,0.342,fixed,4,False,False,0,0,0,0,0,3,MI-PRIMER-PROGRAMA,true,gnucobol,COBOL-85,fixed,education-tutorial,demo,toy-or-hello-world,high,GnuCOBOL (cobc) as indicated by 'Tectonics: cobc' comment; Spanish-language identifiers suggest Latin American student context,"Introductory COBOL exercise in Spanish; accepts user name and two numbers, displays them and their sum"
5d3ea739a11f366cbbcb8917926ff4ee827ce9e5,/server.cbl,cbl_files_lowercase.csv,97015,True,2410,301,34,2075,0.016,fixed,4,False,False,0,15,162,6,0,304,server,true,gnucobol,COBOL-85,fixed,demo-example,batch,production-like,high,"GnuCOBOL with SCREEN SECTION, UNSIGNED-INT, FOREGROUND-COLOR, REVERSE-VIDEO, BLINK — typical GnuCOBOL terminal/screen application. Uses FUNCTION in REPOSITORY clause and 88-level condition names extensively.","Multi-feature terminal application called 'Vault' with login/registration, library, arcade games (Hangman, Tic-Tac-Toe, random number guessing), message board, credits/banking system, and about pages — themed after Fallout's Pip-Boy"
5dcfe0a426176ec5ec7a7773bac473a7c087a26f,/ref1.cbl,cbl_files_lowercase.csv,4230,False,0,0,0,0,0.0,unknown,0,False,False,0,0,0,0,0,0,,,,,,,,,,,
04daba4c27b23692f3d876580f4ad12935d3761e,/Vnddsp02.cbl,cbl_files_lowercase.csv,5260,True,163,0,3,160,0.018,fixed,4,False,False,2,0,26,0,0,25,VNDDSP02,true,unknown,COBOL-85,fixed,retail-commerce,batch,student-exercise,high,"Standard COBOL-85 style; no vendor-specific extensions visible. Likely compiled with a PC-based COBOL compiler (e.g., Micro Focus Personal COBOL or similar educational/small-business tool) given the interactive DISPLAY/ACCEPT pattern and file naming conventions.","Vendor file management — displays vendor records including name, address, contact, phone, city/state/zip with pagination"
c2f00ee4ebe8776b5bfafa36460cd9719c4e8bde,/fullatbat.aspx.cbl,cbl_files_lowercase.csv,60425,True,1275,127,34,1114,0.03,fixed,2,False,False,50,2,2,23,0,1,,true,micro-focus,COBOL-2002,fixed,other,online-cics,production-like,high,"Micro Focus COBOL for .NET (Visual COBOL / Net Express OO COBOL) - ASP.NET Web Forms code-behind page using class-id, method-id, type references to System.Web.UI, RunUnit, and .NET framework types",Baseball statistics web application - at-bat query and video playback system for a baseball league database
eca497a69cc76a6d06b6ada1911bbf7b96202be3,/ORCGKID2.CBL,CBL_files.csv,7399,True,204,0,98,106,0.48,fixed,4,False,False,32,1,8,0,0,1,ORCGKID2,true,gnucobol,COBOL-85,fixed,healthcare-medical,subprogram,production-like,high,JMA ORCA medical receipt software (日本医師会標準レセプトソフト); uses GnuCOBOL/OpenCOBOL with ORCDBMAIN runtime and MCP framework typical of ORCA system,JMA ORCA standard medical receipt (shinryo-koui) input system - confirmation screen 2 (KID2) for medical treatment act entry
4949fefb09b076ed631d918f07710d5b897acfd3,/TSUBR47.cbl,cbl_files_lowercase.csv,2945,True,88,0,24,64,0.273,fixed,4,False,False,1,0,1,0,0,2,TSUBR47,true,ibm-mainframe,COBOL-85,fixed,education-tutorial,subprogram,production-like,high,"IBM mainframe COBOL; SOURCE-COMPUTER IBM-370, OBJECT-COMPUTER IBM-370; RECORDING MODE IS F; GOBACK; part of Benchmark Technologies ISPW training suite",Benchmark Technologies ISPW training system; subprogram called from TPROG47 with copybook TCPYB47 as linkage area
699c248d256ce5e15c67de7c017e98b30bbb75cc,/PAY_DATREC.CBL,CBL_files.csv,1256,True,30,0,3,27,0.1,fixed,0,False,False,0,0,0,0,2,27,,,,,,,,,,,
71681ce8e0719ff4a0211e8feacf53df210e94d3,/STBEFD343.CBL,CBL_files.csv,23697,True,558,61,41,456,0.082,fixed,4,False,False,12,1,46,0,0,36,STBEFD343,true,micro-focus,COBOL-85,free,accounting-erp,batch,production-like,high,"Micro Focus COBOL with $SET directives (sourceformat free, ms(2), preprocess htmlpp), likely running under a Brazilian ERP/accounting system (FonteSeguro). Portuguese-language identifiers and comments throughout.","Brazilian fiscal/accounting ERP data transfer utility - transfers EFD343.CAD (relac-estrutura-contabil, accounting structure relationship) records between company/branch directories"
01a308123e9384dc52e7a9b75c080c04e35e0072,/NC237A.CBL,CBL_files.csv,53541,True,661,0,42,619,0.064,fixed,4,False,False,0,0,83,48,0,118,NC2374,true,gnucobol,COBOL-85,fixed,test-suite,test,production-like,high,"NIST CCVS85 Version 4.2 (April 1993) validation suite, compiled/run on Linux (GnuCOBOL implied by SOURCE-COMPUTER/OBJECT-COMPUTER set to 'Linux')",NIST COBOL Compiler Validation System (CCVS85) - tests SEARCH ALL (Format 2) with a three-dimensional table containing ascending and descending keys
3a667f90ced7674623543f85356a4d31e6d3dc7c,/Lista5E1.cbl,cbl_files_lowercase.csv,1531,True,72,24,10,38,0.208,fixed,4,False,False,0,0,6,0,0,1,Lista5E1,true,gnucobol,COBOL-85,fixed,education-tutorial,demo,student-exercise,high,Student exercise likely compiled with GnuCOBOL on PC; uses SCREEN SECTION and decimal-point is comma (common in Brazilian Portuguese COBOL education),"Brazilian Portuguese COBOL student exercise demonstrating loop constructs (PERFORM UNTIL, PERFORM VARYING, PERFORM TIMES)"
a882047d3b030dd1459ec85ffa3fca06c008ae88,/ORCGI01.CBL,CBL_files.csv,367298,True,9228,5,2651,6572,0.287,fixed,4,False,False,56,27,574,197,0,171,ORCGI01,true,gnucobol,COBOL-85,fixed,healthcare-medical,subprogram,production-like,high,"JMA ORCA medical receipt software (JMA standard receipt software), likely compiled with GnuCOBOL/OpenCOBOL on Linux. Uses COPY with quoted filenames (.INC copybooks), BINARY usage, and no EXEC CICS/SQL.",JMA ORCA Japanese medical receipt (shinryo-hoshuu) system - inpatient/outpatient admission registration (nyuuin/taiin touroku) subsystem I01
d6d015ac56df6c62f3bf0306baf4d3d096009526,/EITestCpyList3A.rdz.cbl,cbl_files_lowercase.csv,308,True,11,0,2,9,0.182,fixed,3,False,False,1,0,0,0,0,0,Pgm,true,ibm-mainframe,COBOL-85,fixed,test-suite,test,snippet,medium,Likely IBM RDz (Rational Developer for z) based on .rdz.cbl extension; test/example program for copybook inclusion,"Test case for copybook list/copy behavior, specifically verifying that level 01 items are not deleted for CPX/CPM copybooks"
9496d8e8ba054aec2f93a1b426437fd917e15986,/ORCBINF1.CBL,CBL_files.csv,66547,True,1609,0,460,1149,0.286,fixed,4,False,False,16,6,155,3,0,85,ORCBINF1,true,gnucobol,COBOL-85,fixed,healthcare-medical,batch,production-like,high,"JMA ORCA medical receipt system (JMA standard receipt software), likely compiled with GnuCOBOL/OpenCOBOL as used in the ORCA project",Japanese Medical Association (JMA) ORCA standard medical receipt (shinryo-hoshu) system — infectious disease survey data creation module
f528a17fb732e1e41124e9007b7c7d51eeecfca7,/ORCGM00.CBL,CBL_files.csv,95917,True,2277,0,980,1297,0.43,fixed,4,False,False,50,30,103,15,0,54,ORCGM00,true,gnucobol,COBOL-85,fixed,healthcare-medical,online-cics,production-like,high,JMA ORCA medical receipt software (日医標準レセプトソフト) - GnuCOBOL/OpenCOBOL based system used in Japanese medical clinics,JMA ORCA standard medical receipt (rezept) software - master menu program (M00) for a Japanese medical clinic management system
e38a518b593084a3e16878c5308b1c054a46224c,/GNSBRCIC.cbl,cbl_files_lowercase.csv,6075,True,75,0,43,32,0.573,fixed,0,False,False,0,0,0,0,0,21,,,,,,,,,,,
80345eea9424212e54d601747838f30f92b32679,/sincsqf04b.cbl,cbl_files_lowercase.csv,7544,True,208,3,74,131,0.361,fixed,4,False,False,12,0,5,0,0,12,sincsqf04,true,gnucobol,COBOL-85,fixed,education-tutorial,batch,production-like,high,"GnuCOBOL (cobc) project by Sauro Menna, 2016; compiler options visible in comments: cobc -x -fbinary-size=1--8 -fnotrunc -fbinary-byteorder=big-endian","Sort demonstration/tutorial module showing COBOL SORT verb with input/output procedures, filtering, and totalizer copybooks"
324dc8576a62161f25cd868178ebc55ac333d2cb,/LGTESTP1.cbl,cbl_files_lowercase.csv,12536,True,331,43,29,259,0.101,fixed,4,False,True,2,0,0,17,0,1,LGTESTP1,true,ibm-mainframe,COBOL-85,fixed,insurance,online-cics,production-like,high,"IBM CICS/COBOL for z/OS; part of IBM's CICS sample application 'General Insurance' (CB12 product code). Uses EXEC CICS LINK, HANDLE AID, HANDLE CONDITION, SEND MAP, RECEIVE MAP, RETURN TRANSID patterns typical of IBM CICS BMS applications.",Motor (automobile) insurance policy management menu — part of IBM's General Insurance CICS sample application
cf13eef25ccb03f2ce7e10bd09c88baa753fa456,/KEI_TOKUYAKU.CBL,CBL_files.csv,383,True,10,0,0,10,0.0,free,0,False,False,0,0,0,0,0,0,,,,,,,,,,,
f86655d02f919b07a7325c41dcc0d47d34d670c0,/perform.cbl,cbl_files_lowercase.csv,485,True,24,3,0,21,0.0,unknown,4,False,False,0,0,2,0,0,1,USO,true,unknown,COBOL-85,free,education-tutorial,demo,toy-or-hello-world,medium,Spanish-language educational COBOL program; PROGRAM-ID contains spaces ('USO DE PERFORM') which is non-standard; likely GnuCOBOL or similar permissive compiler,Simple demonstration of the PERFORM...TIMES statement in Spanish
156358ae54c7ff447d714840ece88bfb92402181,/ORCSCWKSRY.CBL,CBL_files.csv,220738,True,4950,0,1449,3501,0.293,fixed,4,False,False,36,21,157,13,0,163,ORCSCWKSRY,true,gnucobol,COBOL-85,fixed,healthcare-medical,subprogram,production-like,high,"JMA ORCA medical receipt software (JMA standard receipt software), developed by NACL. Uses GnuCOBOL/OpenCOBOL conventions with COPY includes (.INC files), fixed format, no EXEC SQL/CICS.",Japanese medical insurance claim (receipt) processing system - outpatient medical treatment act expansion and registration processing subprogram
b79d8716cb3cee2ab62a6fcf259a4b1e7960f517,/ORCGS02.CBL,CBL_files.csv,411805,True,10242,1,2755,7486,0.269,fixed,4,False,False,86,75,645,30,0,358,ORCGS02,true,gnucobol,COBOL-85,fixed,healthcare-medical,online-cics,production-like,high,"JMA ORCA medical receipt software (JMA standard receipt software), likely compiled with GnuCOBOL/OpenCOBOL on Linux. Uses COPY with string replacement, no EXEC SQL/CICS, no COMP-3.",JMA ORCA standard medical receipt (shinryo-hoshuu) billing system - accounts receivable / payment collection list screen (S02)
e0b6ffe5a98fdbf9d878135d94c7e0f1c9224aba,/ORCGS03N.CBL,CBL_files.csv,88277,True,2108,4,601,1503,0.286,fixed,4,False,False,27,27,88,22,0,154,ORCGS03N,true,gnucobol,COBOL-85,fixed,healthcare-medical,online-cics,production-like,high,JMA ORCA medical receipt software (日医標準レセプトソフト); GnuCOBOL/OpenCOBOL-based system used in Japanese medical clinics,Japanese medical clinic receipt/billing system (レセプト); specifically the payment/collection confirmation screen (収納登録 S03N component)
9dd4146862a419527e8c84e75a06d039ecf05f6a,/ORCR0030.CBL,CBL_files.csv,947442,True,19484,0,3197,16287,0.164,fixed,4,False,False,50,52,686,11,0,879,ORCR0030,true,gnucobol,COBOL-85,fixed,healthcare-medical,subprogram,production-like,high,"JMA ORCA medical receipt software (JMA standard receipt software), likely compiled with GnuCOBOL/OpenCOBOL on Linux. Program ORCR0030 handles medical treatment category point aggregation for insurance receipts.",Japanese medical insurance receipt (レセプト) processing system - specifically point aggregation by treatment category (診療区分別点数集計) for the JMA ORCA standard receipt software used by medical clinics in Japan.
a019c6552b96f196acebb7f7a02c31845c9634b3,/FunDeclare.rdz.cbl,cbl_files_lowercase.csv,4198,True,149,13,8,128,0.059,fixed,2,False,False,0,0,0,0,0,31,FunDeclare,true,micro-focus,COBOL-2014,fixed,education-tutorial,test,snippet,medium,"Appears to be Micro Focus or IBM Enterprise COBOL with function/procedure declaration extensions (DECLARE FUNCTION/PROCEDURE, SERVICE IS YFUNCOPY, INOUT/INPUT/OUTPUT parameter syntax, TYPE BOOL). The .rdz.cbl extension suggests IBM Rational Developer for z/OS (RDz) tooling, but the DECLARE FUNCTION syntax is more consistent with Micro Focus or a COBOL-2014+ extension.",Demonstrates and tests COBOL function/procedure declaration syntax including error cases
a0723e9c214425a2d7f9afbde0d872a519d44594,/JOJO.cbl,cbl_files_lowercase.csv,382,True,11,0,0,11,0.0,fixed,3,False,False,0,0,0,0,0,2,SANDBOX,true,unknown,COBOL-85,fixed,demo-example,demo,toy-or-hello-world,high,Simple sandbox program with no vendor-specific extensions; GOBACK suggests IBM-style but is widely supported,Minimal demonstration of numeric editing with a currency picture clause
9e84140a6125fbf57dfb0bf856959c8b16aa0ddb,/pw03155r.cbl,cbl_files_lowercase.csv,58078,True,1112,96,43,973,0.042,fixed,4,False,False,34,13,63,0,5,190,PW03155R,true,gnucobol,COBOL-85,free,accounting-erp,batch,production-like,high,"GnuCOBOL with htmlpp preprocessor and free-format source directives; Brazilian Portuguese business application (PW03155R). Uses $set, $if compiler directives typical of GnuCOBOL/OpenCOBOL.",Brazilian ERP/commercial system - Financial Investment (Comodato/Investimento Financeiro) report for a distribution/retail company. Likely part of a larger PW/PC-series ERP suite.
298ff2c4749cb0b0e371d1252d4dc6ffb2a62f20,/hello.cbl,cbl_files_lowercase.csv,144,True,6,1,0,5,0.0,fixed,2,False,False,0,0,0,0,0,0,HELLOWORLD,true,unknown,COBOL-85,fixed,demo-example,demo,toy-or-hello-world,high,"Minimal hello-world program; no vendor-specific extensions visible. GOBACK is common across IBM, GnuCOBOL, and Micro Focus.",Classic hello-world demonstration program
c19447261aab45028bbaea6af3f4b09075d9e14a,/ORCSC96.CBL,CBL_files.csv,113569,True,2380,0,136,2244,0.057,fixed,4,False,False,2,0,6,0,0,2,ORCSC96,true,gnucobol,COBOL-85,fixed,healthcare-medical,subprogram,production-like,high,"JMA ORCA medical receipt software (JMA standard receipt software), likely compiled with GnuCOBOL/OpenCOBOL on Linux. Uses COPY copybooks COMMON-SPA and CPORCSC96.INC, LINKAGE SECTION with SPA-AREA pattern typical of ORCA subsystem components.",Japanese medical insurance claim (receipt/rezept) processing system - ORCA (JMA standard receipt software). This component handles error message setting for medical treatment act input (診療行為入力).
ff2976925e3eef9b3ce5a284569a05189c2c6117,/gameSummary.aspx.designer.cbl,cbl_files_lowercase.csv,29265,True,793,4,687,102,0.871,fixed,0,False,False,0,0,0,0,0,0,,,,,,,,,,,
a1107ecd7e802803936b9fdb75785192bbeb3944,/ORCBG016.CBL,CBL_files.csv,74623,True,1878,1,540,1337,0.288,fixed,4,False,False,32,19,124,6,0,96,ORCBG016,true,gnucobol,COBOL-85,fixed,healthcare-medical,batch,production-like,high,"JMA ORCA medical receipt software (JMA standard receipt software), likely compiled with GnuCOBOL/OpenCOBOL on Linux. Uses COPY with .INC files, COMMON-SPA, grpsys conditional compilation markers, and LINKAGE SECTION with COMMAND-PARAM pattern typical of ORCA system programs.",JMA ORCA Japanese medical receipt (shinryo) system - monthly billing processing; specifically a batch report for counting specified medical treatment (shinryo koi) occurrences by patient
18bc58933fe41a57196adb1b535648053e5971fd,/竹香斋.CBL,CBL_files.csv,1489984,False,0,0,0,0,0.0,unknown,0,False,False,0,0,0,0,0,0,,,,,,,,,,,
4c7d3aec0af662c383004888553c826ed3488c21,/SOKATU3100.CBL,CBL_files.csv,76303,True,1752,2,677,1073,0.387,fixed,4,False,False,24,49,61,4,0,64,SOKATU3100,true,gnucobol,COBOL-85,fixed,healthcare-medical,batch,production-like,high,"JMA ORCA medical receipt system (日医標準レセプトソフト), compiled with GnuCOBOL/OpenCOBOL on Linux; uses COPY includes with .INC extension, LINKAGE SECTION with COMMAND-PARAM, and CALL to ORCA subsystem routines (ORCSJOB, etc.)",Japanese medical insurance claim (receipt/レセプト) processing system — specifically the 'SOKATU3100' component which generates and sends detailed claim submission documents (診療報酬請求明細書送付書) for monthly billing
1ad84662c7c94b283b578016d51cd71098d78681,/[DC] 2016-2021 Part 1.3 Welcome to the Big Leagues.cbl,cbl_files_lowercase.csv,14634,True,335,0,0,335,0.0,free,0,False,False,0,0,0,0,0,0,,,,,,,,,,,
53f72d1790a0adc9ecdcccaea2057dc46576c017,/ORCR0600.CBL,CBL_files.csv,93428,True,2163,0,532,1631,0.246,fixed,4,False,False,26,63,144,7,0,58,ORCR0600,true,gnucobol,COBOL-85,fixed,healthcare-medical,batch,production-like,high,"JMA ORCA medical receipt software (JMA standard receipt software), likely compiled with GnuCOBOL/OpenCOBOL on Linux. Uses ORCMCPSUB DB access pattern and COPY-based file layouts typical of ORCA system.",JMA ORCA Japanese medical receipt (shinryo-hoshuu) billing system - provisional receipt data creation component
b13de34ad68feb8d4f90291ac0276876b4f52c88,/ORCSSKJKEEP.CBL,CBL_files.csv,78211,True,1719,0,423,1296,0.246,fixed,4,False,False,21,5,163,3,0,70,ORCSSKJKEEP,true,gnucobol,COBOL-85,fixed,healthcare-medical,subprogram,production-like,high,JMA ORCA medical receipt system (日医標準レセプトソフト); GnuCOBOL-based open-source Japanese medical billing platform,Japanese medical inpatient billing/receipt processing; specifically handles food-service charge assignment target acquisition for psychiatric long-term hospitalization (Heisei 28 revision)
41304ed96d5438933d4275bde856d3938cf39b8c,/ORCR0900.CBL,CBL_files.csv,22717,True,552,0,180,372,0.326,fixed,4,False,False,15,12,12,0,0,40,ORCR0900,true,gnucobol,COBOL-85,fixed,healthcare-medical,batch,production-like,high,"JMA ORCA medical receipt software (日医標準レセプトソフト); compiled with GnuCOBOL/OpenCOBOL on Linux; uses COPY with REPLACING using // delimiters, LINKAGE SECTION with COMMAND-PARAM, and ORCSJOB subprogram calls typical of the ORCA system",JMA ORCA standard medical receipt (レセプト) software - monthly disease name/diagnosis replacement processing for inpatient/outpatient receipts
2c1cdf7a5b3002213aa9427f7609205759de6572,/SEIKYU1005.CBL,CBL_files.csv,160272,True,3620,1,1609,2010,0.445,fixed,4,False,False,37,79,129,3,0,123,SEIKYU1005,true,gnucobol,COBOL-85,fixed,healthcare-medical,batch,production-like,high,JMA ORCA medical receipt software (Nihon Ishi-kai standard receipt system); references to open-cobol 1.0 compatibility in changelog (01.00.17),"Japanese medical insurance billing (chihou kouhi - local public expense medical assistance); generates group welfare medical fee claim summary forms (145,245,146,246,143,243 form types)"
88d166b9b3ff802f2df2765138d706a0c6ce38c9,/FRAUDMOD.cbl,cbl_files_lowercase.csv,2608,True,77,11,13,53,0.197,fixed,3,False,True,2,0,2,0,0,4,FRAUDMOD,true,ibm-mainframe,COBOL-85,fixed,banking-finance,online-cics,production-like,high,"IBM CICS online program using EXEC CICS PUT/GET CONTAINER (CICS channels/containers API, CICS TS 3.1+), likely running on z/OS. Uses DFHCOMMAREA linkage pattern.",Credit card fraud detection using a machine learning model scoring service (ALNSCORE) invoked via CICS channels/containers
f1428616bbfc7550f36c47dbb689c50372b0e763,/ORCGM01N.CBL,CBL_files.csv,67550,True,1701,0,692,1009,0.407,fixed,4,False,False,37,17,57,10,0,39,ORCGM01N,true,gnucobol,COBOL-85,fixed,healthcare-medical,online-cics,production-like,high,JMA ORCA medical receipt software (日医標準レセプトソフト); compiled with GnuCOBOL/OpenCOBOL on Linux; uses COPY-based screen/SPA architecture typical of ORCA,JMA ORCA standard medical receipt (レセプト) software — business-selection menu screen (業務選択 M01N component)
14e749526e7ef7c1e853014408d35fb1bab23830,/EL6331.cbl,cbl_files_lowercase.csv,188901,True,4195,20,788,3387,0.189,fixed,4,False,True,0,25,29,68,57,1711,00636|EL6331|PIC,true,ibm-mainframe,COBOL-85,fixed,insurance,online-cics,production-like,high,"IBM mainframe CICS online transaction program, converted by COBOL Conversion Aid (PO 5785-ABJ) in 1996, authored by Logic, Inc., Dallas TX. Uses EXEC CICS, COMP-3, fixed format, VSAM-style keyed file access (ERPYAJ, ERCOMP files).","Compensation payments and adjustments processing for an insurance carrier system (Logic, Inc.). Handles GL account validation for multiple carriers (DCC, CSI, CCC, CID, VPP, FNL), compensation master file updates, and CICS screen transaction EXB8."
2918d2efa9df9946633f8fd2eccf60658d05864d,/CPBD472KYS.cbl,cbl_files_lowercase.csv,6535,True,148,0,3,145,0.02,fixed,0,False,False,0,0,0,0,0,94,,,,,,,,,,,
0013240c033e8316ad9e81f3e4137fa29bd3401c,/ORCR0640.CBL,CBL_files.csv,445590,True,9291,1,1793,7497,0.193,fixed,4,False,False,43,86,486,4,0,364,ORCR0640,true,gnucobol,COBOL-85,fixed,healthcare-medical,batch,production-like,high,"JMA ORCA medical receipt software (Nihon Igikai standard receipt system), compiled with GnuCOBOL/OpenCOBOL on Linux. Uses COPY with REPLACING using // delimiters typical of GnuCOBOL/OpenCOBOL conventions.",Japanese medical insurance receipt (レセプト) processing system - specifically inpatient (入院) diagnosis classification point aggregation (診療区分別点数集計)
e3b7dfceb9e5a793186e9f017f4da151dc6b4389,/SOKATU0815.CBL,CBL_files.csv,94932,True,2283,0,734,1549,0.322,fixed,4,False,False,30,9,132,3,0,110,SOKATU0815,true,gnucobol,COBOL-85,fixed,healthcare-medical,batch,production-like,high,JMA ORCA medical receipt software (日本医師会標準レセプトソフト); GnuCOBOL/OpenCOBOL-based system used in Japanese medical clinics,Japanese medical insurance claim (receipt/レセプト) processing for Iwate prefecture wide-area federation (岩手県広域連合) diagnostic fee claim submission
3c9ffbb4bdadac3b29ba10e9d67d2fee58bf1fce,/pw06030c.cbl,cbl_files_lowercase.csv,31728,True,700,62,39,599,0.061,fixed,4,False,False,15,0,76,1,0,18,PW06030C,true,gnucobol,COBOL-85,free,accounting-erp,online-cics,production-like,high,"GnuCOBOL with htmlpp preprocessor directives ($set preprocess(htmlpp)), free-format source, used in a Brazilian ERP/accounting web application (likely Totvs/RM or similar Brazilian system). Portuguese-language comments and identifiers.",Brazilian ERP system - management account to department relationship maintenance (Conta Gerencial / Departamento). Likely part of a Brazilian OBZ (Orçamento Base Zero / Zero-Based Budgeting) module.
d797f169c0a1cb2a2b4f554a70e6d4b870bcd0e0,/P3SRSE21.cbl,cbl_files_lowercase.csv,20528,True,664,241,9,414,0.021,fixed,4,False,False,0,0,17,0,0,57,P3SRSE21,true,gnucobol,COBOL-85,free,utility-tooling,subprogram,production-like,high,"GnuCOBOL free-format source with $set sourceformat""free"" directive, screen section with SECURE clause, indexed file I/O; authored by Gabriel L. Borchardt, dated 2022, labeled TSBR COBOL 2022",User registration/management module (SRS - Sistema de Registro de Usuários) supporting multi-language screens (BR/DE/EN) for a COBOL learning/demo system called TSBR COBOL 2022
28b834f98f36d500bb41791417e77f4770a78ce2,/ORCGPID1.CBL,CBL_files.csv,6610,True,184,0,96,88,0.522,fixed,4,False,False,22,1,5,0,0,1,ORCGPID1,true,gnucobol,COBOL-85,fixed,healthcare-medical,subprogram,production-like,high,"JMA ORCA medical receipt software (日医標準レセプトソフト), compiled with GnuCOBOL/OpenCOBOL on Linux",JMA ORCA standard medical receipt (レセプト) software - patient registration confirmation screen (PID1)
92560a48b930b7b46023e056a86de494653e5687,/ZFAM004.cbl,cbl_files_lowercase.csv,30785,True,732,131,127,474,0.211,fixed,4,False,True,2,0,29,0,2,111,ZFAM004,true,ibm-mainframe,COBOL-85,fixed,utility-tooling,online-cics,production-like,high,"IBM CICS/COBOL program using EXEC CICS commands, DFHRESP, EIBRESP, EIBDS, EIBTRNID, DFHCOMMAREA — classic IBM mainframe CICS online program. CBL CICS(SP) compiler option confirms IBM Enterprise COBOL.",zFAM (z/OS File Access Manager) — a CICS-based HTTP file access middleware layer providing REST-like GET operations (GE/GT/EX) over VSAM-backed tables
f6dbcca54bddc14863ad456ebca1919acdf9750b,/stbefw626.cbl,cbl_files_lowercase.csv,23811,True,556,61,37,458,0.075,fixed,4,False,False,12,1,43,0,0,36,STBEFW626,true,gnucobol,COBOL-85,free,accounting-erp,batch,production-like,high,"GnuCOBOL/OpenCOBOL with Micro Focus-style compiler directives ($set sourceformat, $set ms(2), $set constant); Brazilian Portuguese application (FonteSeguro framework, EFW626 base transfer system); generated by FonteSeguro version 05.00.05.03 on 01/11/2016","Brazilian ERP/business system - base transfer utility for 'Siglas Tipo Base' (EFW626.CAD) table, transferring records between company/branch (empresa/filial) directories"
0a2d0705401669a78499f58acc47e18d31218f53,/STP033.CBL,CBL_files.csv,32583,True,1026,110,96,820,0.105,fixed,4,False,False,57,8,47,38,15,126,STP033,true,micro-focus,COBOL-85,fixed,accounting-erp,online-cics,production-like,high,"Micro Focus COBOL with $SET LINKCOUNT directive, COMP-5, CRT STATUS, CURSOR IS, CONSOLE IS CRT, SCREEN SECTION, COMMIT statement, and FOREGROUND-COLOR/BACKGROUND-COLOR extensions",Stock price update module for a retail/wholesale inventory management system (APAC business software by J.W. Lemmon)
1c130fbcf147023a40f6e0834cee3d3468ac9102,/Vchmnt01.cbl,cbl_files_lowercase.csv,18623,True,589,0,41,548,0.07,fixed,4,False,False,9,0,123,0,0,13,VCHMNT01,true,gnucobol,COBOL-85,fixed,accounting-erp,batch,production-like,high,"Likely GnuCOBOL or similar open-source/PC COBOL; uses INSPECT CONVERTING with LOWER-ALPHA/UPPER-ALPHA from copybooks (WSCASE01.CBL), date handling via WSDATE01.CBL, fixed-format with max line length 65, no COMP-3, no CICS/SQL","Accounts payable voucher file maintenance - add, change, inquire, delete vouchers linked to vendor records and a control file"
53ad8677427f034cde3ed9a74d919c0255477ba2,/VGETKEYLABELS.cbl,cbl_files_lowercase.csv,1715,True,46,3,7,36,0.163,free,4,False,False,2,1,2,0,0,8,VGETKEYLABELS,true,gnucobol,COBOL-85,free,utility-tooling,subprogram,production-like,medium,"GnuCOBOL free-format source using >>SOURCE FORMAT FREE directive; part of a 'vplus' screen/key-label library, likely GnuCOBOL-based vplus terminal interface",Terminal/screen handling utility — retrieves key labels from a vplus screen block and returns them to the caller
f6ff67ae4d25a76141f5fe6193532da2474d8e04,/twodim.cbl,cbl_files_lowercase.csv,750,True,23,2,0,21,0.0,fixed,3,False,False,0,0,4,0,0,4,TWO-DIM-TABLE,true,unknown,COBOL-85,fixed,education-tutorial,demo,student-exercise,high,Simple two-dimensional table example; no vendor-specific extensions. COBOL-85 inferred from END-PERFORM and OCCURS with REDEFINES pattern.,Demonstrates two-dimensional table access using OCCURS and REDEFINES in COBOL
9760ca61078358372616ccde4ac8a36dc86b6c9b,/ORCGS09.CBL,CBL_files.csv,50381,True,1357,1,465,891,0.343,fixed,4,False,False,29,10,74,4,0,18,ORCGS09,true,gnucobol,COBOL-85,fixed,healthcare-medical,online-cics,production-like,high,"JMA ORCA medical receipt software (日本医師会標準レセプトソフト), screen S09 - insurance information update screen",JMA ORCA standard medical receipt (insurance billing) system - insurance information update screen (保険情報変更画面)
3b98f7fbf4b5f970290656717deca9b693427006,/ORCR0030.CBL,CBL_files.csv,689488,True,14287,0,2394,11893,0.168,fixed,4,False,False,47,46,539,8,0,653,ORCR0030,true,gnucobol,COBOL-85,fixed,healthcare-medical,batch,production-like,high,"JMA ORCA medical receipt system (JMA standard receipt software), likely compiled with GnuCOBOL/OpenCOBOL on Linux. No EXEC SQL or EXEC CICS. Heavy use of COPY and CALL. Japanese EUC or Shift-JIS encoded comments (decoded as latin-1).",Japanese medical insurance claim (receipt/rezept) processing system — ORCA (JMA standard receipt software). This module appears to handle point aggregation/calculation by diagnosis category for medical receipts.
ff35a3a8284c4f0345045d9be0a8a315f34a459e,/ORCGC04.CBL,CBL_files.csv,90860,True,2122,0,495,1627,0.233,fixed,4,False,False,29,11,146,30,0,41,ORCGC04,true,gnucobol,COBOL-85,fixed,healthcare-medical,subprogram,production-like,high,JMA ORCA medical receipt system (日医標準レセプトソフト); compiled with GnuCOBOL/OpenCOBOL on Linux; uses MCP (Message Control Program) framework typical of JMA ORCA,JMA ORCA standard medical receipt (レセプト) software – disease name (病名) registration/search component C04
655599b436c63645a071a6cf85c0a904b3fa96d1,/RASDA010.cbl,cbl_files_lowercase.csv,4165,True,83,8,36,39,0.48,fixed,3,False,False,1,0,4,0,0,4,PIC|RASDA010,true,unknown,COBOL-85,fixed,utility-tooling,subprogram,production-like,medium,"Spanish-language COBOL subprogram, likely from a Latin American mainframe or mid-range environment. Part of an ASDA (static analysis / standards checker) toolset. No vendor-specific extensions visible beyond GOBACK and COPY with .CPY extension.",COBOL source code static analysis / standards checker. This subprogram scans lines of COBOL text looking for the reserved word ' TO ' and verifies it appears at the correct column position (column 48) per coding standards.
8bc354f09389ee40be9456c00c8f5cc5dda1c64e,/ORCGS03N.CBL,CBL_files.csv,113162,True,2952,2,929,2021,0.315,fixed,4,False,False,34,12,163,6,0,126,ORCGS03N,true,gnucobol,COBOL-85,fixed,healthcare-medical,online-cics,production-like,high,JMA ORCA medical receipt software (日医標準レセプトソフト) - GnuCOBOL/OpenCOBOL based system used in Japanese medical clinics,Japanese medical clinic receipt/billing system - payment confirmation screen (収納確認 S03N component)
f1fa77f2110caba689bfbda67b22341bf4b46243,/NestedIFExample.cbl,cbl_files_lowercase.csv,670,True,31,3,1,27,0.036,fixed,3,False,False,0,0,0,0,0,4,Nested-IFs,true,unknown,COBOL-85,fixed,education-tutorial,demo,student-exercise,high,Simple educational example demonstrating nested IF statements; no vendor-specific extensions. COBOL-85 inferred from END-IF scope terminators and THEN keyword usage.,Demonstrates nested IF/ELSE logic with ACCEPT/DISPLAY and basic arithmetic
928f2db09cf6b06ca541d380a971f5875248222d,/ORCGKID2.CBL,CBL_files.csv,7980,True,216,0,102,114,0.472,fixed,4,False,False,31,1,11,0,0,1,ORCGKID2,true,gnucobol,COBOL-85,fixed,healthcare-medical,subprogram,production-like,high,"JMA ORCA medical receipt software (Japan Medical Association open-source receipt system), compiled with GnuCOBOL/OpenCOBOL on Linux",JMA ORCA standard medical receipt (shinryou koui) software – confirmation screen 2 (KID2) for medical treatment act input
be9d9c2bed5cf08bcf61f9d7b207cd8ec31a8806,/ORCR0486.CBL,CBL_files.csv,165809,True,3811,1,932,2878,0.245,fixed,4,False,False,37,7,254,19,0,161,ORCR0486,true,gnucobol,COBOL-85,fixed,healthcare-medical,batch,production-like,high,"JMA ORCA medical receipt software (JMA standard receipt software), compiled with GnuCOBOL/OpenCOBOL on Linux. Program ORCR0486 handles self-pay insurance receipt file creation and editing.",Japanese medical insurance receipt (レセプト) processing system - specifically monthly self-pay insurance receipt detail file creation and editing for the JMA ORCA medical billing system
3145019934e0de38bda66066ae162af7c83549c6,/SQ205A.CBL,CBL_files.csv,46425,True,573,0,72,501,0.126,fixed,4,False,False,0,0,38,41,0,152,SQ2054,true,unknown,COBOL-85,fixed,test-suite,test,production-like,high,"NIST CCVS (COBOL Compiler Validation System) test suite, version 4.2. Uses placeholder computer names (XXXXX082, XXXXX083) and file assign names (XXXXX001, XXXXX014, XXXXX055) typical of NIST CCVS portability conventions. Program SQ205A tests USE statement with sequential files (XFILE-NA series).",NIST COBOL Compiler Validation System (CCVS) - sequential file USE statement testing
2e543a562c854225e6960c4be53ca4a78ee7a93a,/ORCGR02.CBL,CBL_files.csv,247546,True,5526,3,1061,4462,0.192,fixed,4,False,False,48,44,298,28,0,108,ORCGR02,true,gnucobol,COBOL-85,fixed,healthcare-medical,batch,production-like,high,"JMA ORCA medical receipt software (JMA standard receipt software), GnuCOBOL/OpenCOBOL dialect used in Japanese medical billing system",Japanese medical receipt (レセプト) creation and print instruction system for JMA ORCA medical billing software
c4321075fc7c4ec46b9bf5038c7b25bf86fc413e,/SQ220A.CBL,CBL_files.csv,58320,True,720,0,40,680,0.056,fixed,4,False,False,0,0,61,60,0,153,SQ2204,true,unknown,COBOL-85,fixed,test-suite,test,production-like,high,"NIST CCVS (Cobol Compiler Validation System) test suite, version 4.2 April 1993. Uses placeholder names like XXXXX082/083/055/014 for system-specific values. Program SQ220A tests variable-length sequential file I/O (RECORD IS VARYING IN SIZE FROM 120 TO 151).",NIST COBOL Compiler Validation System (CCVS) - tests variable-length sequential file handling
bb689cebb7b330a68be593735de9bd1a48c2d49e,/ORCGW07.CBL,CBL_files.csv,476847,True,10208,0,1989,8219,0.195,fixed,4,False,False,74,28,755,10,0,532,ORCGW07,true,gnucobol,COBOL-85,fixed,healthcare-medical,batch,production-like,high,"JMA ORCA medical receipt software (JMA standard receipt software), compiled with GnuCOBOL/OpenCOBOL on Linux. Program ORCGW07 is part of the ORCA system developed by Japan Medical Association and NACL.","JMA ORCA medical receipt billing system - system management information settings module (W07). Handles automatic calculation check settings, outpatient management fee checks, time-outside surcharge settings, hospitalization initial diagnosis fee, prescription information provision fee, and various other clinical billing configuration parameters."
c12dee230d3036465e302bb349e80a27b14a92db,/HCMADB02.cbl,cbl_files_lowercase.csv,21911,True,441,33,131,277,0.321,fixed,4,True,True,0,0,15,0,0,115,HCMADB02,true,ibm-mainframe,COBOL-85,fixed,healthcare-medical,online-cics,production-like,high,"IBM CICS/DB2 online program, part of the IBM Health Care Mobile Application (HCMA) sample/demo system. Uses EXEC CICS and EXEC SQL with SQLCA. Copybooks reference IBM copyright 2011-2014. Source expanded from z/OS copylib paths.",IBM Health Care Mobile Application (HCMA) demo/sample system - adds prescription details to a DB2 patient table
c27d8e80d0a50259036d409c0df2d48bd91fa7df,/ORCBZ001.CBL,CBL_files.csv,32980,True,817,0,243,574,0.297,fixed,4,False,False,19,15,24,3,0,32,ORCBZ001,true,gnucobol,COBOL-85,fixed,healthcare-medical,batch,production-like,high,"JMA ORCA medical receipt software (JMA standard receipt software), likely compiled with GnuCOBOL/OpenCOBOL on Linux; uses COPY with string replacement, CALL to ORCA subsystem routines (ORCSJOB, ORCSDAY), and MCP-style DB access",JMA ORCA Japanese medical receipt (shinryo-hoshuu) system - vacant patient number list processing
7d732bd6cd179788fda35a9438e29d0eb3a61a72,/ordforn-sol.cbl,cbl_files_lowercase.csv,164942,True,4596,366,1069,3161,0.253,fixed,4,False,False,30,17,322,9,0,102,ordforn-sol,true,acucobol,COBOL-85,fixed,accounting-erp,online-cics,production-like,high,"ACUCOBOL-GT / Micro Focus ACUCOBOL dialect, generated by TOTEM RAD tool (Italian ERP/management software generator). Uses ACUCOBOL-specific syntax: HANDLE OF WINDOW, HANDLE OF FONT, USAGE IS COMP-4, CRT STATUS, screen section with Grid/Entry-Field/Label controls, WHEN SET TO FALSE on 88-levels, DECIMAL-POINT IS COMMA.","Italian ERP/management system (Geslux) - supplier order solicitation panel. Manages quantities and delivery dates for supplier orders, with grid display of articles, clients, order numbers, quantities and solicitation data."
226b6e5f58b8d7c53a392ae7ff8e5a9500cb0302,/email2.cbl,cbl_files_lowercase.csv,28650,True,724,115,88,521,0.144,fixed,4,False,False,3,10,18,21,0,23,EMAIL2,true,acucobol,COBOL-85,fixed,utility-tooling,subprogram,production-like,high,"ACUCOBOL-GT (AcuCOBOL) targeting Windows 32-bit; uses ACUCOBOL-specific extensions: USAGE HANDLE, USAGE POINTER, USAGE SIGNED-INT, USAGE UNSIGNED-INT, 78-level constants, DISPLAY MESSAGE BOX, SET ENVIRONMENT, COPY .DEF/.LIB files, H-ACU-WND (ACUGUI), -Dw32 -Dl4 compile options",Email sending utility using Windows MAPI (Simple MAPI / MAPI32.DLL) to send email with optional attachments from a COBOL application
39c781b2783f056c889b73c44fe60092fa6ae729,/lgucdb01.cbl,cbl_files_lowercase.csv,9148,True,222,24,57,141,0.288,fixed,4,True,True,0,1,3,0,0,34,LGUCDB01,true,ibm-mainframe,COBOL-85,fixed,insurance,online-cics,production-like,high,"IBM CICS/DB2 mainframe program, part of the IBM CICS TS 'LGEN' insurance sample application. Uses EXEC CICS and EXEC SQL with DB2 host variables, SQLCA, and DFHCOMMAREA linkage pattern typical of IBM mainframe CICS online programs.",IBM CICS TS General Insurance sample application - updates customer details in a DB2 CUSTOMER table
2907c1701262cc538bcf22b50cd303efa1debc39,/MONTHINC.CBL,CBL_files.csv,3472,True,114,14,2,98,0.02,fixed,4,False,False,0,0,11,0,0,11,MONTHINC,true,gnucobol,COBOL-85,fixed,other,batch,student-exercise,medium,"Likely GnuCOBOL or similar open-source COBOL; uses ORGANIZATION IS LINE SEQUENTIAL and GOBACK, consistent with GnuCOBOL conventions. No mainframe-specific features.","Province and monthly income data processing; reads province codes/names and monthly records, accumulates income totals per province"
89d5c993a863e062424e74d3613093ebd8d363ba,/ORCGP02.CBL,CBL_files.csv,186829,True,4459,0,1143,3316,0.256,fixed,4,False,False,81,111,124,33,0,80,ORCGP02,true,gnucobol,COBOL-85,fixed,healthcare-medical,online-cics,production-like,high,JMA ORCA medical receipt software (日医標準レセプトソフト); compiled with GnuCOBOL/OpenCOBOL for Linux; uses MCPAREA/SPAAREA/LINKAREA linkage pattern typical of JMA ORCA,JMA ORCA standard medical receipt (レセプト) system — patient registration subsystem (患者登録 P02 main program)
6a682702bca45a7d259abbbaad1f5af5a5514861,/ORCS01.CBL,CBL_files.csv,1471636,True,29408,2,3541,25865,0.12,fixed,4,False,False,32,90,683,16,0,746,ORCS01,true,gnucobol,COBOL-85,fixed,healthcare-medical,subprogram,production-like,high,JMA ORCA (Japan Medical Association standard receipt software) running on Linux with GnuCOBOL; program ORCS01 handles patient co-payment calculation (負担金算定サブ) for various insurance types,"Japanese medical insurance receipt (レセプト) processing system - specifically co-payment amount calculation (負担金算定) for various insurance types including elderly care, national health insurance, workers compensation, etc."
c075d2729621d45db1ccc6cbd5f5a2bfc1b9f435,/write-emp1.cbl,cbl_files_lowercase.csv,1559,True,52,6,0,46,0.0,fixed,3,False,False,0,0,0,0,0,7,WRITE-EMP1,true,gnucobol,COBOL-85,fixed,education-tutorial,demo,student-exercise,high,"Simple file-writing program, likely compiled with GnuCOBOL; LINE SEQUENTIAL organization and GOBACK usage are consistent with GnuCOBOL/open-source COBOL environments",Student exercise writing employee records to a sequential file
40cb2714e4057a35dc4c80b13048589dece95c37,/ORCS02.CBL,CBL_files.csv,508117,True,10064,0,1711,8353,0.17,fixed,4,False,False,33,87,283,9,0,261,ORCS02,true,gnucobol,COBOL-85,fixed,healthcare-medical,subprogram,production-like,high,"JMA ORCA (Japan Medical Association standard receipt software) running on Linux, compiled with GnuCOBOL. Program ORCS02 handles inpatient co-payment calculation (負担金額算定サブ).",Japanese medical insurance billing (receipt/レセプト) system — inpatient patient co-payment amount calculation subprogram for the JMA ORCA standard receipt software
cf730d5c41b4fe5e6cfa4347658b3c6fb2e3fb01,/ORCSODRS01.CBL,CBL_files.csv,13720,True,365,0,162,203,0.444,fixed,4,False,False,7,7,14,0,0,6,ORCSODRS01,true,gnucobol,COBOL-85,fixed,healthcare-medical,subprogram,production-like,high,"JMA ORCA (Japan Medical Association standard receipt software) - uses GnuCOBOL/OpenCOBOL with 'grpsys' tagged lines for conditional compilation, CALL to ORCDBMAIN for database operations",JMA ORCA medical receipt (claims) processing system - order editing subprogram
092b2b006ea31e5ff9b66117d2538d3a3619eab9,/ORCGP02X.CBL,CBL_files.csv,25002,True,673,0,258,415,0.383,fixed,4,False,False,32,4,43,1,0,16,ORCGP02X,true,gnucobol,COBOL-85,fixed,healthcare-medical,online-cics,production-like,high,"JMA ORCA medical receipt system (JMA standard receipt software), likely compiled with GnuCOBOL/OpenCOBOL on Linux","JMA ORCA medical receipt system - CLAIM connection settings screen (CLAIM接続設定, P02X screen)"
52860265717e8d6c3efb78d1cf2c946ea5424271,/ORCBG014.CBL,CBL_files.csv,239336,True,5565,0,1492,4073,0.268,fixed,4,False,False,30,47,260,47,0,258,ORCBG014,true,gnucobol,COBOL-85,fixed,healthcare-medical,batch,production-like,high,"JMA ORCA medical receipt software (JMA standard receipt software), compiled with GnuCOBOL/OpenCOBOL on Linux; uses /var/tmp/ paths, COPY includes with .INC extension, LINE SEQUENTIAL files, INDEXED files with DYNAMIC access",Japanese medical insurance claim (receipt/seikyu) confirmation list generation for JMA ORCA medical practice management system
d4367a9df4df8e0966041a6425cd74283610e0dd,/ORCHCM34.CBL,CBL_files.csv,355451,True,8472,0,2037,6435,0.24,fixed,4,False,False,64,28,626,23,0,526,ORCHCM34,true,gnucobol,COBOL-85,fixed,healthcare-medical,batch,production-like,high,"JMA ORCA medical receipt software (JMA standard receipt software), likely compiled with GnuCOBOL/OpenCOBOL on Linux. Program ORCHCM34 is part of the ORCA online receipt accounting card subsystem.",Japanese medical insurance receipt (shinryo-kaikei) processing — accounting card (kaikei card) generation for inpatient/outpatient billing under the JMA ORCA system
91854d2cb32337e6b884011a363b84a75b931576,/pl900.cbl,cbl_files_lowercase.csv,8298,True,238,0,119,119,0.5,free,4,False,False,6,3,1,11,0,23,pl900,true,gnucobol,COBOL-85,free,accounting-erp,subprogram,production-like,high,"GnuCOBOL (Open COBOL) free-format source, part of the Applewood Computers Accounting System (ACAS) by Vincent B Coen. Uses >>source free directive and *> comments typical of GnuCOBOL.","Cheque Payments Menu module of the Applewood Computers Accounting System (ACAS); handles payment processing workflow including generating, amending, proofing cheques and printing remittance advices."
3ac308e6890776ab5099cd78ee06afb24dc7f31b,/ORCR0961.CBL,CBL_files.csv,150309,True,3493,1,860,2632,0.246,fixed,4,False,False,34,7,240,14,0,203,ORCR0961,true,gnucobol,COBOL-85,fixed,healthcare-medical,batch,production-like,high,"JMA ORCA medical receipt software (JMA standard receipt software), compiled with GnuCOBOL/OpenCOBOL on Linux. Program ORCR0961 handles monthly business processing for disability pension/self-pay detailed file creation.",JMA ORCA Japanese medical receipt (レセプト) processing system - monthly business processing for disability pension and self-pay detailed file creation and print data editing
da3b7873d265642aaf93f53443611e3d77f1347c,/PRIME.cbl,cbl_files_lowercase.csv,2460,True,30,0,0,30,0.0,fixed,4,False,False,0,0,2,0,0,7,PRIME,true,unknown,COBOL-85,fixed,education-tutorial,demo,student-exercise,high,"Standard COBOL-85 features used (END-IF, COMPUTE, PERFORM VARYING); no vendor-specific extensions visible. Sequence numbers suggest IBM-style editing but no mainframe-specific syntax.",Prime number detection exercise
0ac140ebd679ad1f95177a252c7a1f3962306801,/ORCGW122.CBL,CBL_files.csv,84327,True,2090,0,557,1533,0.267,fixed,4,False,False,70,13,110,28,0,75,ORCGW122,true,gnucobol,COBOL-85,fixed,healthcare-medical,subprogram,production-like,high,"JMA ORCA medical receipt software (日医標準レセプトソフト); compiled with GnuCOBOL/OpenCOBOL as part of the JMA ORCA project. Uses MCP-based screen handling (MCPAREA, MCPDATA) typical of ORCA's GUI framework.",JMA ORCA standard medical receipt (レセプト) software – system management information setting screen for receipt printing / public expense entry order configuration (W122 screen)
d42771de596656015df87855f022a4a61b893815,/write-grade1.cbl,cbl_files_lowercase.csv,1596,True,58,12,0,46,0.0,fixed,4,False,False,0,0,0,0,0,4,WRITE-SCORE1,true,unknown,COBOL-85,fixed,education-tutorial,batch,student-exercise,high,Simple student exercise; LINE SEQUENTIAL organization suggests GnuCOBOL or similar open-source/PC COBOL environment,Student grade/score recording exercise writing student exam scores to a sequential file
77ef0fc2ef531a4cbdbbb1582406425c986ac0de,/PIOWEB.CBL,CBL_files.csv,15241,True,499,16,19,464,0.039,fixed,0,False,False,0,9,46,13,0,0,,,,,,,,,,,
24767ba0a76a337b514effb4d315117b318a47a8,/SCASH20P.CBL,CBL_files.csv,24600,True,300,0,50,250,0.167,fixed,4,False,True,5,2,2,7,0,20,PIC|SCASH20P|TO,true,micro-focus,COBOL-85,fixed,banking-finance,online-cics,production-like,high,"Micro Focus COBOL CICS demonstration program, copyright 1998-2006 Micro Focus. Part of an ATM/banking demo application suite.","ATM banking demonstration: displays ATM-enabled accounts, validates user PIN via business logic programs BCASH10P and BCASH20P"
68f27ecd1a7ebb7439d934f84ba4df0d0442075e,/[Marvel] CMRO Essential Reading Order-Part 07.cbl,cbl_files_lowercase.csv,125832,True,2816,0,0,2816,0.0,free,0,False,False,0,0,0,0,0,0,,,,,,,,,,,
d044e2c294b519385e77ae5c75feef5571703f68,/ORCR0103.CBL,CBL_files.csv,181705,True,4163,3,959,3201,0.231,fixed,4,False,False,37,63,177,13,0,240,ORCR0103,true,gnucobol,COBOL-85,fixed,healthcare-medical,batch,production-like,high,"JMA ORCA medical receipt software (JMA standard receipt software), likely compiled with GnuCOBOL/OpenCOBOL on Linux. Uses COPY with REPLACING, indexed files, and shell parameter passing typical of ORCA system.","Japanese medical insurance receipt (レセプト) file creation for health insurance billing, part of the JMA ORCA standard receipt software system. Handles multiple insurance types including national health insurance (国保) and employee insurance (社保)."
937f6d1d36db51161bf5a9fcbb592a6c167c2a80,/Spider-Man 005 (Clone Years).cbl,cbl_files_lowercase.csv,47429,True,865,0,0,865,0.0,fixed,0,False,False,0,0,0,0,0,0,,,,,,,,,,,
43319828bb8ec280ff9f7e1200f8d702963c2939,/ORCGW11.CBL,CBL_files.csv,149741,True,3645,1,1087,2557,0.298,fixed,4,False,False,58,15,258,24,0,46,ORCGW11,true,gnucobol,COBOL-85,fixed,healthcare-medical,subprogram,production-like,high,"JMA ORCA medical receipt software (日医標準レセプトソフト); GnuCOBOL/OpenCOBOL-based system used in Japanese medical clinics. Program ORCGW11 handles system management information settings, specifically printer assignment configuration.","JMA ORCA standard medical receipt (レセプト) software — system management information settings subsystem, specifically printer name assignment and window/screen management for clinic administrative use"
8f1ac07330c7ad83d5e02b387fa9a2ce3c93bf27,/P1.cbl,cbl_files_lowercase.csv,34011,True,829,0,438,391,0.528,fixed,4,False,True,5,0,47,0,0,17,ARIC461,true,ibm-mainframe,COBOL-85,fixed,education-tutorial,online-cics,student-exercise,high,"IBM mainframe CICS online program, training context (ESTIAC FORMATION), uses DFHBMSCA, DFHAID, EIBCALEN, EIBAID standard CICS interface variables","Training program from ESTIAC FORMATION (French IT training company), implementing a CICS main menu application called GESTARTS"
598f4b41ee42eceabbbdaaca27a639ca435f09fe,/main.cbl,cbl_files_lowercase.csv,59069,True,1823,133,15,1675,0.009,fixed,4,False,False,0,0,154,0,0,65,ProjetGesTrib,true,gnucobol,COBOL-85,fixed,government-public,batch,student-exercise,high,"GnuCOBOL student project; uses inline comments with *>, EVALUATE/END-EVALUATE, PERFORM WITH TEST AFTER, ACCEPT FROM DATE YYYYMMDD, and free-form paragraph names typical of GnuCOBOL usage. French-language identifiers and menus suggest a French academic environment.","Tribunal/court management system (GésTrib = Gestion Tribunal): manages jurors, hearings (séances), convocations, courtrooms (salles), and legal cases (affaires) for a French court."
d5f9bb0fd17b275e5bf5decfbd1fa8f3f1eb6f6d,/branch_sales.cbl,cbl_files_lowercase.csv,3350,True,89,9,0,80,0.0,fixed,4,False,False,0,0,5,0,0,18,BRANCH-SALES,true,gnucobol,COBOL-85,fixed,retail-commerce,batch,student-exercise,high,Standard COBOL-85 with LINE SEQUENTIAL file organization; likely compiled with GnuCOBOL given the file assignment style and no vendor-specific extensions,Candy shop branch sales reporting; aggregates sales data by US state from a flat file
d999ca259cd117abfdb5c6067cf8e0b6f4c592b9,/DBCBEX16.cbl,cbl_files_lowercase.csv,10750,True,305,40,34,231,0.128,fixed,4,True,False,2,0,22,0,0,59,DBCBEX16,true,gnucobol,COBOL-85,fixed,demo-example,batch,student-exercise,high,"GnuCOBOL with DB2 embedded SQL (EXEC SQL). Author explicitly notes differences between GnuCOBOL and z/OS DB2 programs, including use of GETDBID module for credentials. COMP-5 usage is consistent with GnuCOBOL.",Educational DB2/GnuCOBOL example reading employee records via a database view and printing a formatted report
c9efea0a7c13fb13984a03a8bb7a4e5a932f4ae5,/agarcob.cbl,cbl_files_lowercase.csv,78827,True,2274,55,65,2154,0.029,fixed,3,False,False,2,117,152,3,0,12,DefaultDestroy|agarcob,true,gnucobol,COBOL-85,fixed,utility-tooling,subprogram,production-like,high,"GnuCOBOL connector/binding library for the Agar GUI toolkit (libagar). Uses GnuCOBOL-specific extensions: BINARY-LONG UNSIGNED, BASED clause, USAGE POINTER, hex literals with h'...', IS RECURSIVE program-id.","GnuCOBOL binding/connector for the Agar cross-platform GUI toolkit library, exposing Agar widget flags, object flags, window positions, and GUI component constants to COBOL programs."
84a7ec21024549614e768d1d4407c86e3c267155,/ORCBMRCSV09.CBL,CBL_files.csv,117914,True,2729,2,608,2119,0.223,fixed,4,False,False,32,14,199,3,0,130,ORCBMRCSV09,true,gnucobol,COBOL-85,fixed,healthcare-medical,batch,production-like,high,"JMA ORCA medical receipt software (日医標準レセプトソフト); GnuCOBOL/OpenCOBOL dialect used in the ORCA project, program ORCBMRCSV09 for generating medical information CSV data",Japanese medical receipt (レセプト) processing system - JMA ORCA project; this program creates medical information CSV data (診療情報データ作成) for outpatient/inpatient medical billing
59a66c4fea87c7915463ca39b2e1b0ca8635f22a,/SUB01.cbl,cbl_files_lowercase.csv,1129,True,25,0,8,17,0.32,fixed,3,False,False,0,7,0,0,0,8,SUB01,true,unknown,COBOL-85,fixed,education-tutorial,subprogram,student-exercise,high,Generic COBOL subprogram demonstrating static and dynamic CALL patterns; no vendor-specific extensions visible. GOBACK and inline comments (*>) are COBOL-85 features.,"Demonstrates subprogram calling conventions including static CALL, dynamic CALL via variable, and LINKAGE SECTION parameter passing"
f6a1288f326f8191f8ffd06571fcd95b48eac429,/ORCR0040.CBL,CBL_files.csv,299900,True,6723,0,1655,5068,0.246,fixed,4,False,False,41,20,577,0,0,297,ORCR0040,true,gnucobol,COBOL-85,fixed,healthcare-medical,batch,production-like,high,"JMA ORCA medical receipt software (JMA standard receipt software), compiled with GnuCOBOL/OpenCOBOL; uses // delimiters in COPY REPLACING, INDEXED files with DYNAMIC access, no EXEC SQL/CICS",Japanese medical insurance receipt (レセプト) comment editing subsystem within the JMA ORCA medical billing system
4e6bc6060f7f2f48110daa934dcc60b6c7c77bd9,/ORCGW13.CBL,CBL_files.csv,110711,True,2737,0,761,1976,0.278,fixed,4,False,False,54,28,170,32,0,134,ORCGW13,true,gnucobol,COBOL-85,fixed,healthcare-medical,subprogram,production-like,high,"JMA ORCA medical receipt system (JMA standard receipt software), compiled with GnuCOBOL/OpenCOBOL on Linux. Uses COPY-based screen/linkage layout typical of ORCA subsystems.",JMA ORCA Japanese medical insurance receipt billing system - system management information settings for medical institution/disaster injury classification and special device consumption tax handling
60394e2e7014566a20acb22caef20e7886f08948,/OPENDELE.CBL,CBL_files.csv,5870,True,185,0,20,165,0.108,fixed,4,False,False,5,0,24,0,0,0,OPENDELE,true,gnucobol,COBOL-85,fixed,utility-tooling,batch,production-like,high,GnuCOBOL-based web application framework by Federico Priolo / TP ONE SRL; uses COBW3 copybook pattern for CGI/web output,"Web-based record deletion utility for a small business application managing tables (TABELLE), causals (CAUSALI), and schedules (ORARI)"
a127a57fc75a8b555be9eb57bd5718d01b313ec7,/IFdeClaseOtipo.cbl,cbl_files_lowercase.csv,1604,True,58,14,7,37,0.159,fixed,4,False,False,0,0,0,0,0,3,IFdeClaseOtipo,true,gnucobol,COBOL-85,fixed,education-tutorial,demo,student-exercise,high,GnuCOBOL-style inline comments with *> and CLASS definition in SPECIAL-NAMES; Spanish-language comments suggest Latin American educational context,Student exercise demonstrating CLASS definitions and IF IS NUMERIC/ALPHABETIC/ALPHABETIC-LOWER/custom class conditions in COBOL
5b1ded1fda3b23f4ad18871010a473e792d9b994,/ORCR0640.CBL,CBL_files.csv,387791,True,8156,1,1540,6615,0.189,fixed,4,False,False,37,79,420,2,0,347,ORCR0640,true,gnucobol,COBOL-85,fixed,healthcare-medical,batch,production-like,high,"JMA ORCA medical receipt software (JMA standard receipt software), compiled with GnuCOBOL/OpenCOBOL on Linux. Uses COPY with REPLACING, INDEXED files, and Japanese EUC-encoded comments.",Japanese medical insurance receipt (レセプト) processing system - inpatient (入院) receipt creation/editing for the JMA ORCA medical billing system
504fe959545538edc9ffb5bb7ee01e9a7436ed2c,/CONBRE2.CBL,CBL_files.csv,7606,True,216,9,12,195,0.058,fixed,4,False,False,0,0,13,0,0,24,CONBRE2,true,gnucobol,COBOL-85,fixed,education-tutorial,batch,student-exercise,high,"Likely GnuCOBOL or similar open-source COBOL; uses LINE SEQUENTIAL, GOBACK, 88-level condition names with OF qualifier, and PERFORM THRU pattern typical of GnuCOBOL student exercises",Control-break report generation exercise; reads a two-level keyed input file and produces a grouped summary report with subtotals and grand total
cff0806641aa17d7ff088b3f63483011f7c1e929,/Trunc03.cbl,cbl_files_lowercase.csv,1299,True,49,0,0,49,0.0,fixed,4,False,False,0,0,0,0,0,11,TRUNC03,true,gnucobol,COBOL-85,fixed,education-tutorial,demo,student-exercise,high,Likely GnuCOBOL or similar open-source COBOL; demonstrates string and numeric truncation behavior when MOVEing to shorter fields,Demonstrates COBOL truncation rules for alphanumeric and numeric fields of varying sizes
c61feb12d11818c2c76e80f788e6f0ca45696937,/SEIKYU4707.CBL,CBL_files.csv,70008,True,1723,0,589,1134,0.342,fixed,4,False,False,29,34,62,0,0,88,SEIKYU4707,true,gnucobol,COBOL-85,fixed,healthcare-medical,batch,production-like,high,JMA ORCA medical receipt software (open-cobol/GnuCOBOL); revision history explicitly mentions open-cobol1.0 compatibility and ver4.8 support,Japanese medical insurance billing system (JMA ORCA) - Okinawa Prefecture mental disability special treatment medical payment claim form (receipt form 121)
8f118ae77036656aca0f2967819d9691346edb8e,/irs.cbl,cbl_files_lowercase.csv,45786,True,1017,0,423,594,0.416,free,4,False,False,13,40,40,15,0,112,irs,true,gnucobol,COBOL-85,free,accounting-erp,batch,production-like,high,"GnuCOBOL (OpenCOBOL) free-format source, part of the Applewood Computers Accounting System (ACAS) IRS module, version 3.02.35. Author V B Coen, converted from COBOL/2 to Open/GNU COBOL starting 2009.","IRS (Integrated Revenue System / Accounts) module of the Applewood Computers Accounting System (ACAS) — a UK small-business accounting package covering nominal ledger, postings, EOY processing, and system file maintenance."
0b849727272a5391c4b51797a199c7bcb7e48cc8,/Yesno05.cbl,cbl_files_lowercase.csv,1456,True,55,0,6,49,0.109,fixed,4,False,False,0,0,4,0,0,1,YESNO05,true,unknown,COBOL-85,fixed,education-tutorial,demo,student-exercise,high,Simple interactive program with no vendor-specific extensions; ACCEPT OMITTED suggests possible Micro Focus or GnuCOBOL compatibility but no definitive evidence,"Introductory COBOL programming exercise demonstrating user input, conditional logic, and case normalization"
0b1957cd9b1155684e549c1103e3108d0fa6f3fa,/ExecSqlWithFromClause.rdz.cbl,cbl_files_lowercase.csv,356,True,14,0,0,14,0.0,fixed,3,True,False,0,0,0,0,0,0,DVZZMFT3,true,ibm-mainframe,COBOL-85,fixed,test-suite,test,snippet,medium,IBM RDz (Rational Developer for z) based on filename suffix .rdz.cbl; EXEC SQL embedded DB2 syntax in WORKING-STORAGE,"Appears to be a test case for an SQL parser or COBOL preprocessor, specifically testing EXEC SQL with a FROM clause containing aliases and column lists"
705e6471388e98b2a2cd846ca52d2dd64e04eee2,/ORCGXG04.CBL,CBL_files.csv,52900,True,1260,0,310,950,0.246,fixed,4,False,False,16,6,77,14,0,33,ORCGXG04,true,gnucobol,COBOL-85,fixed,healthcare-medical,online-cics,production-like,high,"JMA ORCA medical receipt system (日医標準レセプトソフト); GnuCOBOL/OpenCOBOL-based, uses MCP linkage area pattern typical of JMA ORCA",JMA ORCA standard medical receipt (レセプト) software – output selection screen XG04 for medical information system data export
bdd6aee417bb474d82b725c85ead02bad31d5d57,/gl070.cbl,cbl_files_lowercase.csv,17916,True,592,0,236,356,0.399,free,4,False,False,11,2,25,26,0,78,gl070,true,gnucobol,COBOL-85,free,accounting-erp,batch,production-like,high,"GnuCOBOL (OpenCOBOL) free-format source; part of Applewood Computers Accounting System (ACAS) by Vincent B. Coen, migrated to Open Cobol in 2009, updated for v3.02 in 2018",General Ledger transaction pre-processing and batch status reporting for the Applewood Computers Accounting System (ACAS)
681f7e90c1a1f75f0737f4f848873c078189b8d1,/add_examples.cbl,cbl_files_lowercase.csv,3186,True,90,11,6,73,0.076,fixed,3,False,False,0,0,0,0,0,5,ADD-EXAMPLES,true,gnucobol,COBOL-85,fixed,education-tutorial,demo,student-exercise,high,GnuCOBOL (cobc) as indicated by 'Tectonics: cobc' comment; standard COBOL-85 syntax,Demonstrates various forms of the ADD statement in COBOL
4db6b9e892aeee4249d81906b83088b90bd888af,/ORCGJ02.CBL,CBL_files.csv,276799,True,6706,0,2289,4417,0.341,fixed,4,False,False,54,83,392,95,0,175,ORCGJ02,true,gnucobol,COBOL-85,fixed,healthcare-medical,batch,production-like,high,"JMA ORCA medical receipt software (日医標準レセプトソフト); compiled with GnuCOBOL/OpenCOBOL on Linux; uses /var/tmp/ file paths, LINE SEQUENTIAL files, and COPY with REPLACING",JMA ORCA standard medical receipt (レセプト) software - accounting card input component (会計カード入力 J02)
f31de6846dd2d2d932f609625ea17c893f96cd56,/ONE-DIM-TABLE.cbl,cbl_files_lowercase.csv,831,True,30,2,0,28,0.0,fixed,3,False,False,0,0,3,0,0,2,ONE-DIM-TABLE,true,unknown,COBOL-85,fixed,education-tutorial,demo,student-exercise,high,Generic COBOL-85; no vendor-specific extensions visible. Inline END-PERFORM and PERFORM VARYING with END-PERFORM suggest COBOL-85 minimum.,Demonstrates one-dimensional table (array) definition and iteration in COBOL
8a87c21e947757f1689ae9638d8e9fbd8cdb9545,/G3-VISA-MAIN.cbl,cbl_files_lowercase.csv,2102,True,52,3,9,40,0.184,fixed,4,False,False,2,0,2,0,0,6,G3_VISA_MAIN,true,gnucobol,COBOL-85,fixed,banking-finance,batch,student-exercise,high,GnuCOBOL/OpenCOBOL student project using SCREEN SECTION with LINE/COL clauses and COPY directives; authored 2014,"Visa payment network simulation - main menu for issuer signup, merchant signup, and credit card access"
b3ed464fa50ddd37ebff3b516fe9f829890910da,/assignment8.cbl,cbl_files_lowercase.csv,2807,True,89,18,2,69,0.028,fixed,4,False,False,0,0,5,0,0,16,Fruit-01,true,unknown,COBOL-85,fixed,education-tutorial,batch,student-exercise,high,"Student assignment using FUNCTION CONCATENATE and FUNCTION TRIM (COBOL-85 intrinsic functions), no vendor-specific extensions visible","Student assignment (Assignment 8) generating an HTML table of fruit data from a fixed-format text file, likely for a CGI/web output exercise"
8c9cf04cb7c6ccdfd3ebc0775cea7b7d938b588e,/finaltrader2.cbl,cbl_files_lowercase.csv,2501,True,81,12,0,69,0.0,fixed,4,False,False,0,0,4,0,0,25,FINALTRADER2,true,unknown,COBOL-85,fixed,education-tutorial,batch,student-exercise,high,Standard COBOL-85 features used; no vendor-specific extensions. Likely compiled with GnuCOBOL or similar open-source compiler given student context.,Student exercise processing trader/province income data from a flat file
92bc389c17db719ba463002db6da1cf3599abfcb,/A00000L103.CBL,CBL_files.csv,107913,True,2414,1,968,1445,0.401,fixed,4,False,False,42,80,85,0,0,146,A00000L103,true,gnucobol,COBOL-85,fixed,healthcare-medical,batch,production-like,high,JMA ORCA medical receipt software (open-cobol/GnuCOBOL); references to open-cobol 0.23 migration and ORCA-specific COPY libraries,JMA ORCA standard medical receipt (shinryo-hoshuu) software - inpatient/outpatient patient list component
2035a19ab0d7bfe9353be4f5f9fb76f3d220d729,/ORCGS10.CBL,CBL_files.csv,33483,True,900,1,322,577,0.358,fixed,4,False,False,28,8,54,3,0,35,ORCGS10,true,gnucobol,COBOL-85,fixed,healthcare-medical,online-cics,production-like,high,"JMA ORCA medical receipt software (JMA standard receipt software), likely compiled with GnuCOBOL/OpenCOBOL on Linux",JMA ORCA medical receipt billing system - patient list screen for monthly billing/collection (syunou = collection/receipt)
589fa4f2889bf731b75af2305a7c23b4dd5c04c3,/stclienti.cbl,cbl_files_lowercase.csv,19445,True,541,49,25,467,0.051,fixed,3,False,False,11,2,20,0,0,58,stclienti,true,acucobol,COBOL-85,fixed,accounting-erp,batch,production-like,high,"AcuCOBOL-GT / Micro Focus ACUCOBOL environment: uses ACUGUI copybooks (Acugui.def), DISPLAY MESSAGE with TITLE/ICON syntax, CANCEL verb, fixed-format source, Italian-language business application","Customer list printing utility for an Italian small-business ERP/CRM system; prints customer code, company name, address, phone, email, VAT number etc."
290394dfb31122dd74dcf52357f8df764d09a577,/ORCSCHKTCHK.CBL,CBL_files.csv,120223,True,2734,0,669,2065,0.245,fixed,4,False,False,19,9,200,2,0,103,ORCSCHKTCHK,true,gnucobol,COBOL-85,fixed,healthcare-medical,subprogram,production-like,high,"JMA ORCA medical receipt software (日医標準レセプトソフト), compiled with GnuCOBOL/OpenCOBOL; uses COPY includes with .INC extension and MCP (middleware) database calls typical of ORCA",Japanese medical insurance claim (receipt) processing system — comprehensive medical act (包括診療行為) check processing for inpatient/outpatient billing
5b26fee86a6475b073488b6d9b5b19d82fca2f80,/ORCSPTNUM.CBL,CBL_files.csv,24144,True,600,0,216,384,0.36,fixed,4,False,False,13,7,22,0,0,23,ORCSPTNUM,true,gnucobol,COBOL-85,fixed,healthcare-medical,subprogram,production-like,high,"JMA ORCA medical receipt system (Japan Medical Association open-source receipt software), likely compiled with GnuCOBOL/OpenCOBOL on Linux",JMA ORCA standard medical receipt (claims) software — patient number input processing subprogram
bd009b6869758f8c20d1b3dbfa39bbd399c6f76d,/ORCGW20.CBL,CBL_files.csv,579767,True,13686,3,3854,9829,0.282,fixed,4,False,False,35,19,1014,47,0,401,ORCGW20,true,gnucobol,COBOL-85,fixed,healthcare-medical,batch,production-like,high,JMA ORCA medical receipt system (日医標準レセプトソフト) - GnuCOBOL/OpenCOBOL based Japanese medical billing system,Japanese medical receipt (レセプト) billing system - hospital ward management (病棟管理) subsystem within system administration information settings (システム管理情報設定)
4f072b9b31f6c061edd2fcabd0e2d4ec6d9154fb,/ORCR0040.CBL,CBL_files.csv,598656,True,13129,0,2640,10489,0.201,fixed,4,False,False,43,53,1083,0,0,540,ORCR0040,true,gnucobol,COBOL-85,fixed,healthcare-medical,batch,production-like,high,"JMA ORCA medical receipt system (JMA standard receipt software); compiled with GnuCOBOL/OpenCOBOL on Linux; uses ISAM indexed files with ASSIGN to symbolic names, COPY with REPLACING using // delimiters typical of GnuCOBOL/MicroFocus style",Japanese medical insurance receipt (レセプト) comment editing subsystem for the JMA ORCA standard medical billing software
87e9485557ea31fcf49f290c55a981624140938c,/zoom-gt.cbl,cbl_files_lowercase.csv,521504,True,10703,1363,1069,8271,0.114,fixed,1,False,False,8,2,183,0,0,7,Zoom-GT,true,acucobol,COBOL-85,fixed,accounting-erp,subprogram,production-like,high,"ACUCOBOL-GT dialect; uses ACUCOBOL GUI extensions (acugui.def, acucobol.def), C$PARAMSIZE intrinsic, signed-long data type, 78-level constants, and XZOOM GUI framework. Italian-language ERP application.","Italian wholesale/distribution ERP system; lookup/zoom utility for customers, suppliers, articles, orders, invoices, warehouse movements, agents, price lists, promotions, and many other master data entities"
5225677d439ff4a86a4df206abd6916206820994,/day04p2.cbl,cbl_files_lowercase.csv,2794,True,92,17,0,75,0.0,fixed,0,False,False,0,0,13,0,0,13,DAY04P2,true,gnucobol,COBOL-85,fixed,education-tutorial,batch,student-exercise,high,"Likely compiled with GnuCOBOL; uses standard COBOL-85 features including PERFORM TIMES, SEARCH, UNSTRING, REDEFINES with OCCURS, and INDEXED BY. No vendor-specific extensions visible.",Advent of Code 2023 Day 4 Part 2 puzzle solution - scratchcard pile processing
c2054854984efeb550cb18d2a2cbe76b09dcb4c3,/usecase1.CBL,CBL_files.csv,2133,True,11,0,0,11,0.0,unknown,0,False,False,0,0,0,0,0,0,,,,,,,,,,,
fb14ab169f198bae10700fd65e76a6c412280947,/dummy-rdbmsMT.cbl,cbl_files_lowercase.csv,7746,True,168,0,117,51,0.696,free,4,False,False,3,0,0,0,0,4,dummmy,true,gnucobol,COBOL-85,free,accounting-erp,subprogram,production-like,high,GnuCOBOL free-format source; part of the ACAS (Applewood Computers Accounting System) by Vincent B. Coen. Uses >>source free directive and GnuCOBOL-style *> comments.,ACAS (Applewood Computers Accounting System) - dummy RDBMS stub module providing no-op entry points for all DAL (Data Access Layer) units so the system can run using COBOL files instead of an RDBMS backend.
f55c84523942cd91eac97e56beea8dbf1fb52b01,/ORCGQSUB03.CBL,CBL_files.csv,15796,True,418,0,171,247,0.409,fixed,4,False,False,8,4,23,0,0,15,ORCGQSUB03,true,gnucobol,COBOL-85,fixed,healthcare-medical,subprogram,production-like,high,JMA ORCA medical receipt software (日医標準レセプトソフト); uses ORCMCPSUB database middleware calls typical of the ORCA/GnuCOBOL stack,JMA ORCA standard medical receipt (レセプト) system – patient insurance combination lookup subprogram
00b9b1062d766519217febba15e056f7fea44ab1,/IC2254.2.cbl,cbl_files_lowercase.csv,15079,True,189,3,0,186,0.0,free,0,False,False,0,1,0,0,0,0,,,,,,,,,,,
c0cec74caf445d25682382655a911b0b1303603e,/ORCR0435.CBL,CBL_files.csv,32092,True,784,0,250,534,0.319,fixed,4,False,False,20,9,24,0,0,71,ORCR0435,true,gnucobol,COBOL-85,fixed,healthcare-medical,batch,production-like,high,"JMA ORCA medical receipt software (日医標準レセプトソフト); uses GnuCOBOL/OpenCOBOL conventions with COPY/REPLACING using // delimiters, LINKAGE SECTION with COMMAND-PARAM, and MCPAREA/MCPDATA copybooks typical of the ORCA system",JMA ORCA standard medical receipt (レセプト) software - monthly billing comment editing for transferred/self-pay receipts (転帰・自費請求)
8a691f3d9737d842993eaa849c42e8dcac4a36d3,/RoutBTDLIUP.cbl,cbl_files_lowercase.csv,6550,True,170,33,47,90,0.343,fixed,4,False,False,2,1,5,4,0,20,NOME-RTE,true,ibm-mainframe,COBOL-85,fixed,other,subprogram,production-like,high,"IBM mainframe IMS/DLI batch subprogram; uses PCB (Program Communication Block) structure typical of IMS DL/I, SET ADDRESS OF, GOBACK, and sequence numbers in linkage section","IMS/DLI database access middleware; batch routine template for DL/I ISRT, DLET and REPL operations"
21e9e89fa6229f03e7b01c3291a11d856cae474a,/8-CSMUL.CBL,CBL_files.csv,22578,True,668,90,29,549,0.05,fixed,4,False,False,21,15,61,0,0,49,8-CSMUL,true,acucobol,COBOL-85,fixed,payroll-hr,batch,production-like,high,"AcuCOBOL-GT / ACUCOBOL environment inferred from ASSIGN TO DISK, C$RERR call, ACCEPT with TAB/UPDATE/NO BEEP/CURSOR/CONTROL clauses, and LINE SEQUENTIAL organization; French-language payroll application","French payroll system - periodic recapitulation of salary codes (codes salaire) per employee, generating a CSV/delimited export file"
302127edda586411faf0546ea33dbb9c3f0e72bc,/CPBIS049.cbl,cbl_files_lowercase.csv,9631,False,0,0,0,0,0.0,unknown,0,False,False,0,0,0,0,0,0,,,,,,,,,,,
9c57370659ab462453b4b455e05aed6e063e35d3,/ORCGJ02.CBL,CBL_files.csv,345046,True,8296,0,2405,5891,0.29,fixed,4,False,False,65,98,480,130,0,220,ORCGJ02,true,gnucobol,COBOL-85,fixed,healthcare-medical,batch,production-like,high,JMA ORCA medical receipt software (日医標準レセプトソフト); compiled with GnuCOBOL/OpenCOBOL on Linux; uses /var/tmp/ file paths and LINE SEQUENTIAL files typical of GnuCOBOL on Unix,JMA ORCA standard medical receipt (レセプト) software - accounting/billing card input component (会計カード入力 J02)
50111024f27f8c0bb264d4a22abeb36a8adcfd5b,/susesqf02b.cbl,cbl_files_lowercase.csv,14458,True,351,8,92,251,0.268,fixed,4,False,False,1,0,16,0,3,46,susesqf02b,true,gnucobol,COBOL-85,fixed,utility-tooling,batch,production-like,high,"GnuCOBOL (OpenCOBOL) program; compiler options in comments reference 'cobc -x' with -fbinary-size, -fnotrunc, -fbinary-byteorder flags typical of GnuCOBOL. LGPL license by Sauro Menna, 2016.","COBOL sort utility that reads an input file, sorts records by a character key field, accumulates/sums numeric fields per key group, and writes summarized output records."
c039e04c98496a01e5ef3b95c1b00ee63ba12194,/ORCGH99.CBL,CBL_files.csv,51548,True,1296,0,392,904,0.302,fixed,4,False,False,27,4,67,13,0,31,ORCGH99,true,gnucobol,COBOL-85,fixed,healthcare-medical,online-cics,production-like,high,"JMA ORCA medical receipt system (JMA standard receipt software), likely compiled with GnuCOBOL/OpenCOBOL on Linux",Japanese medical insurance claim (receipt) management system - specifically the receipt search/correction screen (H99) for the JMA ORCA medical billing system
47cfe94c3ed5a608fcfe5e61590756324baa22dc,/ORCR0300.CBL,CBL_files.csv,287896,True,6194,1,1640,4553,0.265,fixed,4,False,False,45,54,389,17,0,411,ORCR0300,true,gnucobol,COBOL-85,fixed,healthcare-medical,batch,production-like,high,"JMA ORCA medical receipt system (日医標準レセプトソフト); compiled with GnuCOBOL/OpenCOBOL on Linux. Uses INDEXED files with DYNAMIC/SEQUENTIAL access, COPY copybooks with .INC extension, and no EXEC SQL/CICS.",Japanese medical insurance receipt (レセプト) electronic claim file creation in CSV format for the JMA ORCA standard receipt software system
ae8817c34d2d1ca12c682355876a2264f23520b2,/cllpg637.cbl,cbl_files_lowercase.csv,89191,True,1239,158,233,848,0.216,fixed,4,False,False,1,7,53,9,38,229,CLLPG637,true,ibm-mainframe,COBOL-85,fixed,banking-finance,batch,production-like,high,"IBM mainframe batch program, Brazilian banking/finance context (CPM Sistemas / BRQ IT Services), uses RECORDING MODE IS F, BLOCK CONTAINS 0 RECORDS, COMP-3, EJECT, DECIMAL-POINT IS COMMA, and SORT work file (SD). Change history spans 1998-2014.","Brazilian bank letter/notification generation system (CLLP series), reads multiple LADO/LADA input files representing client debt records and generates a report by client. Includes barcode and transparency law adaptations."
ffc566e2119e10bf4921c981d61166685a229ac1,/PRINTUTL.CBL,CBL_files.csv,44669,True,1370,108,162,1100,0.128,fixed,4,False,False,21,7,40,39,0,161,PRINTUTL,true,micro-focus,COBOL-85,fixed,utility-tooling,subprogram,production-like,high,"Micro Focus COBOL (likely Personal COBOL or Net Express) indicated by $SET directive, COMP-X, COMP-5, CRT STATUS, CURSOR IS, SCREEN SECTION with FOREGROUND-COLOR/BACKGROUND-COLOR, and CONSOLE IS CRT. Author J W Lemmon (APAC) with GPL license. Version 8.15.00 November 2010.","Print/spool/display utility subprogram for a business application suite (APAC system by J W Lemmon). Supports printer output, spooling to disk, and screen display of reports."
85d7492712f52db41ebc34bc64a41eebe3addfed,/SOKATU1515.CBL,CBL_files.csv,89912,True,2209,3,660,1546,0.299,fixed,4,False,False,28,11,128,0,0,111,SOKATU1515,true,gnucobol,COBOL-85,fixed,healthcare-medical,batch,production-like,high,JMA ORCA medical receipt software (日本医師会標準レセプトソフト); likely compiled with GnuCOBOL/OpenCOBOL on Linux given ORCA project conventions,Japanese medical insurance claim (receipt/レセプト) processing — specifically a monthly billing summary for Niigata wide-area combined diagnosis claim (新潟・広域連合・診療報酬請求書)
22c2f85430ad9b4e5c68bcd323fc3af6a5e50998,/EMC_WK_GIMEN.CBL,CBL_files.csv,888,True,19,0,3,16,0.158,fixed,0,False,False,0,0,0,0,0,16,,,,,,,,,,,
9f33c0a465686cd32f5964f186a7de875eeb10fe,/TPROG16.cbl,cbl_files_lowercase.csv,4579,True,150,0,31,119,0.207,fixed,4,False,False,2,3,1,0,0,3,TPROG16,true,ibm-mainframe,COBOL-85,fixed,education-tutorial,batch,student-exercise,high,"Compuware ISPW training program targeting IBM-370 mainframe; uses RECORDING MODE IS F, LABEL RECORDS OMITTED, BLOCK CONTAINS 0 RECORDS, and GOBACK — all typical IBM mainframe COBOL conventions",Compuware ISPW training material demonstrating subprogram calls and copybook usage
ba512b1185d0314d809590fc2c500e1797840c9d,/ORCR0485.CBL,CBL_files.csv,140641,True,3272,2,875,2395,0.268,fixed,4,False,False,34,6,215,14,0,165,ORCR0485,true,gnucobol,COBOL-85,fixed,healthcare-medical,batch,production-like,high,"JMA ORCA medical receipt system (JMA standard receipt software), compiled with GnuCOBOL/OpenCOBOL on Linux; uses COPY with REPLACING, indexed file I/O, no EXEC SQL/CICS",Japanese medical insurance receipt (レセプト) processing system - monthly billing file creation for self-pay insurance (自費診療) receipts
a16ded90f55962e0ef26c71223087bee0c9655ec,/ORCBNYUALL.CBL,CBL_files.csv,111149,True,2635,0,637,1998,0.242,fixed,4,False,False,58,40,131,0,0,161,ORCBNYUALL,true,gnucobol,COBOL-85,fixed,healthcare-medical,batch,production-like,high,"JMA ORCA medical receipt system (JMA standard receipt software), Japanese medical billing, GnuCOBOL/OpenCOBOL on Linux/Unix environment evidenced by /var/tmp/ file paths and COPY .INC copybooks",Japanese medical insurance billing system (ORCA) - inpatient medical treatment batch registration/processing (Nyuin Shinryo Koi Ikkatsu Toroku)
21fd28a16de7cb12bef7f9c78d4dcaf8f35f67d0,/EmptyLines.cbl,cbl_files_lowercase.csv,475,True,9,0,0,9,0.0,fixed,2,False,False,0,0,0,0,0,0,000201,true,unknown,COBOL-85,fixed,demo-example,demo,toy-or-hello-world,high,Simple hello-world program with sequence numbers; no vendor-specific extensions visible,Minimal hello-world demonstration program
3fc57422656baa5e1e42e42ebcbf55572304c4a2,/CEXM502B.cbl,cbl_files_lowercase.csv,2744,True,34,0,0,34,0.0,fixed,0,False,False,0,0,0,0,0,1,CEXM502B,true,unknown,COBOL-85,fixed,education-tutorial,demo,student-exercise,high,Simple student exercise using EVALUATE TRUE with 88-level condition names; no vendor-specific extensions visible,Student exercise to categorize a person's age into CHILD/TEEN/ADULT/SENIOR using EVALUATE statement
446040701fdc86ee61eff35fcd044b979b015b4d,/ORCGP02W2.CBL,CBL_files.csv,242082,True,5084,0,1200,3884,0.236,fixed,4,False,False,14,12,230,4,0,159,ORCGP02W2,true,gnucobol,COBOL-85,fixed,healthcare-medical,subprogram,production-like,high,"JMA ORCA medical receipt software (JMA standard receipt software), compiled with GnuCOBOL/OpenCOBOL on Linux; uses COPY with REPLACING, file paths under /var/tmp/, no COMP-3, no EXEC CICS/SQL",JMA ORCA Japanese medical insurance receipt (shinryo-hoshu) combination processing - patient insurance registration and combination creation for health insurance and public expense (kouhi) coverage
32ed70d29474968c14fcb92c8a99d29fcef21ca8,/Program04_Type_R_Processing.cbl,cbl_files_lowercase.csv,10096,True,265,34,12,219,0.052,fixed,4,False,False,0,0,4,0,0,70,Program04_Type_R_Processing,true,gnucobol,COBOL-85,fixed,education-tutorial,batch,student-exercise,high,"Standard COBOL-85 style, likely compiled with GnuCOBOL or similar open-source compiler; uses LINE SEQUENTIAL organization and relative file paths typical of student/academic environments","Group project for course MAFD-4202, processing retail return transactions and generating a formatted report"
0af679890cd1a83f2be48fe50c02398684f85d37,/LGICUS01.cbl,cbl_files_lowercase.csv,8564,True,190,21,60,109,0.355,fixed,4,False,True,2,0,2,0,0,30,LGICUS01,true,ibm-mainframe,COBOL-85,fixed,insurance,online-cics,production-like,high,"IBM CICS online program, part of the IBM CB12 insurance demo application (LGICUS01 - Inquire Customer). Uses EXEC CICS commands, DFHCOMMAREA, EIB fields, and COPY of LGPOLICY/LGCMAREA copybooks typical of IBM mainframe CICS.",IBM CB12 insurance demo application - customer inquiry business logic. Retrieves customer details from a database via a linked DB program (LGICDB01).
3c95bc41341c5ad692e1c2028d0d078ce84e2540,/ORCGI04.CBL,CBL_files.csv,116256,True,3046,0,1007,2039,0.331,fixed,4,False,False,58,15,149,48,0,82,ORCGI04,true,gnucobol,COBOL-85,fixed,healthcare-medical,online-cics,production-like,high,"JMA ORCA medical receipt software (日医標準レセプトソフト) - Japanese Medical Association open-source clinic management system, likely compiled with GnuCOBOL/OpenCOBOL on Linux",Japanese Medical Association standard receipt (reimbursement claim) software - inpatient/hospitalization billing confirmation screen (入院業務 請求確認画面)
ed565741eb8b3d7a9fe40855941a319b88c5885c,/PWPE0105.cbl,cbl_files_lowercase.csv,32113,True,687,59,36,592,0.057,fixed,4,False,False,10,0,42,0,0,70,PWPE0105,true,gnucobol,COBOL-85,free,utility-tooling,online-cics,production-like,high,"GnuCOBOL with htmlpp preprocessor and external-form CGI extensions; Brazilian Portuguese application (comments and field names in PT-BR). Uses $set sourceformat""free"" and $set preprocess(htmlpp) compiler directives typical of GnuCOBOL web/CGI frameworks.","Print queue management web application for a Brazilian business system (likely retail/ERP). Manages a print queue (fila de impressão) with indexed files, logging, and CSV export."
bb25cede88ea41e71a4d31ae6e3d46a1ed2266b1,/LGICVS01.cbl,cbl_files_lowercase.csv,9746,True,243,15,48,180,0.211,fixed,4,False,True,0,1,2,0,0,41,LGICVS01,true,ibm-mainframe,COBOL-85,fixed,demo-example,online-cics,production-like,high,"IBM CICS/VSAM online program, part of IBM GenApp (CB12) sample application, copyright IBM Corp. 2011-2013",IBM General Insurance Application (GenApp) sample - CICS VSAM customer inquiry
3a963b149e1523e21d112e05b2ed80efe06c6ef9,/顺炮横车对直车.CBL,CBL_files.csv,122432,False,0,0,0,0,0.0,unknown,0,False,False,0,0,0,0,0,0,,,,,,,,,,,
f5edac85e19df1305a76c45ffba170d0cf18c9af,/[2012] Night of the Owls (DC Comics)(LoCG).cbl,cbl_files_lowercase.csv,2062,True,50,0,0,50,0.0,free,0,False,False,0,0,0,0,0,0,,,,,,,,,,,
ef459d4620f8a10275bfb7531aeb79c377774172,/hellopgm.cbl,cbl_files_lowercase.csv,435,True,16,0,1,15,0.062,fixed,4,False,False,0,0,0,0,0,0,HELLOPGM,true,ibm-mainframe,COBOL-85,fixed,demo-example,demo,toy-or-hello-world,medium,IBM Flex Enterprise Server (IBM-FLEX-ES) target; source contains a Git merge conflict marker embedded in the code,"Hello World demonstration program, likely used for CI/CD or build pipeline testing"
beb1e44b2285fa225595d8653ed8d9e3606d05a4,/breakdown.aspx.cbl,cbl_files_lowercase.csv,54252,True,1177,101,44,1032,0.041,fixed,1,False,False,59,2,0,28,0,7,,,,,,,,,,,
8cf0525443734742bf5ee9a224f8fad016f719f0,/CreateDataFile.cbl,cbl_files_lowercase.csv,1408,True,48,13,0,35,0.0,fixed,3,False,False,3,0,0,0,0,1,CreateDataFile,true,gnucobol,COBOL-85,fixed,retail-commerce,batch,student-exercise,medium,"Likely GnuCOBOL or similar open-source/PC COBOL; uses IS EXTERNAL clause on FD, COPY with REPLACING using == delimiters, and 'AS' alias in PROGRAM-ID","Discount rate data file creation, likely for a retail or point-of-sale system managing discount codes and rates"
3e8336d4edb73f94841560b68b9a6e932a40e326,/X-Men - Part 005.cbl,cbl_files_lowercase.csv,43185,True,932,0,0,932,0.0,fixed,0,False,False,0,0,0,0,0,0,,,,,,,,,,,
dc76353f9159ded21f86c40ef38de9985795abd8,/ORCBPRVPRT.CBL,CBL_files.csv,29455,True,737,0,231,506,0.313,fixed,4,False,False,23,18,16,0,0,100,ORCBPRVPRT,true,gnucobol,COBOL-85,fixed,healthcare-medical,batch,production-like,high,"JMA ORCA medical receipt software (JMA standard receipt software), likely compiled with GnuCOBOL/OpenCOBOL on Linux. Uses ORCA-specific COPY members and MCP database access pattern typical of JMA ORCA system.",JMA ORCA standard medical receipt (claims) processing system - preview/check list print from preview DB
dc5216205c2ab36f4cda843b988889c079807a92,/ORCR1030.CBL,CBL_files.csv,401848,True,8994,0,2038,6956,0.227,fixed,4,False,False,40,45,799,0,0,409,ORCR1030,true,gnucobol,COBOL-85,fixed,healthcare-medical,batch,production-like,high,JMA ORCA medical receipt software (日医標準レセプトソフト); compiled with GnuCOBOL/OpenCOBOL as used in the JMA ORCA project. Uses COPY with REPLACING using // delimiters typical of GnuCOBOL/OpenCOBOL.,Japanese medical insurance receipt (レセプト) processing system - specifically public injury/illness receipt comment editing for outpatient claims (公害レセプト入院外・レセプトコメント編集)
3471d184543bc108c4ef792d12a623d53f2f1d70,/ACAS.cbl,cbl_files_lowercase.csv,26552,True,757,0,382,375,0.505,free,4,False,False,14,14,20,27,0,45,ACAS,true,gnucobol,COBOL-85,free,accounting-erp,batch,production-like,high,"GnuCOBOL (OpenCOBOL) free-format source; ACAS Applewood Computers Accounting System v3.02.16 by Vincent B. Coen; uses >>source free directive, COB_SCREEN_EXCEPTIONS env vars, binary-char, and GnuCOBOL-style copy/replace syntax","ACAS (Applewood Computers Accounting System) - a multi-module accounting system covering IRS (Integrated Revenue System/ledgers), Sales, Purchase, Stock, General, Payroll, EPOS, Order Entry"
08817533dd57cf191c6137107f44e716d0ab596b,/wumpus.cbl,cbl_files_lowercase.csv,8118,True,239,33,0,206,0.0,fixed,4,False,False,0,0,15,0,0,23,WUMPUS,true,gnucobol,COBOL-85,fixed,demo-example,demo,student-exercise,high,Standard COBOL-85 with FUNCTION RANDOM and ACCEPT FROM TIME; no vendor-specific extensions; likely compiled with GnuCOBOL given GOBACK usage and style,Classic Hunt the Wumpus text adventure game implemented in COBOL
05b8d15a6abf01b90372fd80ad95ecb39b7e886a,/LGICUS01.cbl,cbl_files_lowercase.csv,9603,True,219,22,62,135,0.315,fixed,4,False,True,2,0,4,0,0,30,LGICUS01,true,ibm-mainframe,COBOL-85,fixed,insurance,online-cics,production-like,high,"IBM CICS/TS online program, part of IBM's CICS sample application (CB12 product code, copyright IBM Corp. 2011-2013). Uses DFHCOMMAREA, EIBTRNID, EIBTRMID, EIBTASKN, DFHRESP, EXEC CICS constructs typical of IBM mainframe CICS.",IBM CICS insurance sample application - customer inquiry business logic component (LGICUS01 = LG Insurance Customer Inquire US 01)
2942ed92c15d98523ec2dfc0cf07604d5fbb5c07,/float-demo.cbl,cbl_files_lowercase.csv,6979,True,185,13,0,172,0.0,fixed,0,False,False,0,0,4,0,0,2,float-demo,true,gnucobol,COBOL-2002,fixed,demo-example,demo,student-exercise,high,"Likely GnuCOBOL demo testing floating-point data types including FLOAT-EXTENDED (128-bit), COMP-1, COMP-2, COMP-5, and PIC P scaling. FLOAT-EXTENDED is a COBOL-2002+ feature well-supported by GnuCOBOL.",Floating-point numeric type demonstration and testing
d382964883d91f5d9ba6fdbb6261ce7e801aaf30,/STBEFW310.CBL,CBL_files.csv,23830,True,560,61,41,458,0.082,fixed,4,False,False,12,1,46,0,0,36,STBEFW310,true,gnucobol,COBOL-85,free,accounting-erp,batch,production-like,high,"GnuCOBOL/OpenCOBOL with Micro Focus-style compiler directives ($set sourceformat, $set ms(2), $set preprocess). Portuguese-language Brazilian business application generated by 'FonteSeguro' tool version 05.00.05.00 on 30/06/2016. Free-format source despite fixed-format mechanical guess.",Brazilian ERP/business system - transfers base data for table WCF31000 (Itens Mapa Reaberto / Reopened Map Items) between company/branch directories
37da13c346270cf7237e04ded3bf449208f44921,/SOKATU0210.CBL,CBL_files.csv,130323,True,2937,2,1263,1672,0.43,fixed,4,False,False,33,61,98,3,0,94,SOKATU0210,true,gnucobol,COBOL-85,fixed,healthcare-medical,batch,production-like,high,"JMA ORCA medical receipt software (Japan Medical Association open-source receipt system), compiled with GnuCOBOL/OpenCOBOL on Linux. Program SOKATU0210 handles national health insurance monthly claim aggregation.",Japanese national health insurance (Kokuho) monthly claim (Seikyusho) aggregation processing for the JMA ORCA medical receipt system
ae7d89a389424d5ce563c5260042d641c664c5f8,/ORCBZ003.CBL,CBL_files.csv,46326,True,1156,0,356,800,0.308,fixed,4,False,False,27,18,63,0,0,40,ORCBZ003,true,gnucobol,COBOL-85,fixed,healthcare-medical,batch,production-like,high,JMA ORCA medical receipt system (日医標準レセプトソフト) - GnuCOBOL/OpenCOBOL based open-source Japanese medical billing system,Japanese medical clinic outpatient visit record (外来診察録/カルテ1号紙) batch print processing for JMA standard receipt software
4e40f13a37cc2cfc9932fcbe5481a0bcfedb2d98,/PARTSUPP.cbl,cbl_files_lowercase.csv,3653,True,57,0,0,57,0.0,fixed,0,False,False,0,0,0,0,0,31,,,,,,,,,,,
54e7c8e1486b038069575121a4e0279c993b16af,/BYHV36.cbl,cbl_files_lowercase.csv,32400,True,400,0,138,262,0.345,fixed,4,False,False,1,1,13,0,9,65,BYHV36,true,gnucobol,COBOL-85,fixed,retail-commerce,batch,production-like,high,"MetaWare Technologies Cobol-Translater 0.9.16 (2016) - a COBOL translator/preprocessor tool, likely targeting GnuCOBOL or similar open-source runtime. Uses LINE SEQUENTIAL organization and MW- prefixed generated fillers.",Stock valuation (VALO DES STOCKS) - exclusion of movements following merger of two subsidiary files (filiales). French retail/distribution context with société/lieu/article codes.
0b21992ac32e048a4d32856164b8ec500cac11b8,/irspostingMT.cbl,cbl_files_lowercase.csv,52895,True,1388,4,417,967,0.301,free,4,True,False,6,30,26,34,0,38,irspostingMT,true,gnucobol,COBOL-2014,free,accounting-erp,subprogram,production-like,high,"GnuCOBOL free-format source using JC preSQL MySQL interface; part of Applewood Computers Accounting System (ACAS) v3.02+, authored by Vincent B Coen",IRS (Internal Revenue/Accounting) Postings table RDB handler for the Applewood Computers Accounting System (ACAS); manages MySQL IRSPOSTING-REC table for accounting journal postings
6525db765fcfa65063619afbbc3a0b51af827275,/ORCGP02W1.CBL,CBL_files.csv,319996,True,7360,0,1936,5424,0.263,fixed,4,False,False,48,30,413,52,0,319,ORCGP02W1,true,gnucobol,COBOL-85,fixed,healthcare-medical,subprogram,production-like,high,"JMA ORCA medical receipt system (JMA standard receipt software), compiled with GnuCOBOL/OpenCOBOL on Linux; uses COPY copybooks like COMMON-SPA, P02COMMON-SPA, P02SCR-SPA, ENUM-VALUE",JMA ORCA patient registration subsystem (P02) - patient basic information registration screen handling insurance and public expense (Kōhi) data
559650b1439e47f60de9b2e35d6f30f6640a9f27,/ORCSPRTNM.CBL,CBL_files.csv,27320,True,684,0,208,476,0.304,fixed,4,False,False,12,13,16,0,0,14,ORCSPRTNM,true,gnucobol,COBOL-85,fixed,healthcare-medical,subprogram,production-like,high,"JMA ORCA medical receipt software (Japan Medical Association open-source clinic system), compiled with GnuCOBOL; uses 'coblog' call and '.so' shared-library file access pattern typical of ORCA/GnuCOBOL",JMA ORCA standard medical receipt (claims) software - retrieves online receipt form name and output destination printer name for inpatient/outpatient processing
75ddcf21b29e946dc4c3fc9173c826ae84428a76,/PW01069R.cbl,cbl_files_lowercase.csv,14252,True,328,35,31,262,0.106,fixed,4,False,False,12,3,27,0,0,38,PW01069R,true,gnucobol,COBOL-85,free,accounting-erp,online-cics,production-like,high,GnuCOBOL with htmlpp preprocessor and $set directives; appears to be part of a Brazilian ERP/web reporting system (JMA ORCA-style or similar Brazilian COBOL web framework using EXEC HTML blocks),Brazilian ERP system - Sales Units (Unidades de Venda) report generation with HTML output via CGI/web interface
c95eb175c8de72b64e57f4ee3fbe134e7d34aa26,/SQ130A.CBL,CBL_files.csv,42444,True,524,0,132,392,0.252,fixed,4,False,False,0,0,39,9,0,153,SQ1304,true,gnucobol,COBOL-85,fixed,test-suite,test,production-like,high,"CCVS85 (COBOL Compiler Validation System) test suite, version 4.2 April 1993, validated on Linux; typical of GnuCOBOL/open-source COBOL validation suites",NIST CCVS85 COBOL compiler validation suite - sequential file I/O error handling test
60af960cbc7d19462a46a73f70b312f9d6a0759d,/XZ0D0006.CBL,CBL_files.csv,513945,True,6345,1102,1724,3519,0.329,fixed,4,True,True,21,28,304,173,0,100,XZ0D0006,true,ibm-mainframe,COBOL-85,fixed,insurance,online-cics,production-like,high,"IBM MVS/CICS/DB2 mainframe COBOL; generated from skeleton BDOSKEL (Business Framework, Federated Mutual Insurance); uses EXEC SQL INCLUDE (DB2 DCLGENs) and EXEC CICS; fixed-format 80-column lines","Federated Mutual Insurance – CRS application; Business Data Object (BDO) for ACT_NOT_FRM (activity notice form) table; supports READ, DELETE, INSERT, UPDATE via DB2 and CICS"
eb8956b3158bfd4cb50f21544defc4118b558eaa,/hello.cbl,cbl_files_lowercase.csv,101,True,6,1,0,5,0.0,free,2,False,False,0,0,0,0,0,0,HELLO,true,unknown,COBOL-85,free,demo-example,demo,toy-or-hello-world,high,"Minimal hello-world program; free-format layout, no vendor-specific extensions visible",Classic Hello World demonstration program
831d2e77d76e79bbc32293dfffd2b560cda35584,/CUSUPD.cbl,cbl_files_lowercase.csv,12423,True,314,19,5,290,0.017,fixed,4,False,False,0,0,18,0,0,63,CUSUPD,true,gnucobol,COBOL-85,fixed,retail-commerce,batch,student-exercise,high,"Likely compiled with GnuCOBOL or similar open-source COBOL supporting SCREEN SECTION with FOREGROUND-COLOR/BACKGROUND-COLOR and FUNCTION CURRENT-DATE; no EXEC CICS/SQL, no IBM-specific extensions",Customer record management system - update functionality for a customer database
682fcfc92220ef199c3435831d45cd4308d4fb84,/stsottoc-p.cbl,cbl_files_lowercase.csv,32617,True,874,63,27,784,0.033,fixed,3,False,False,56,1,30,0,0,51,stsottoc-p,true,acucobol,COBOL-85,fixed,retail-commerce,batch,production-like,high,"ACUCOBOL-GT / Micro Focus ACUCOBOL dialect; uses DISPLAY MESSAGE with TITLE/ICON syntax, ACUGUI copybooks (Acugui.def), 78-level constants, SET condition-name TO FALSE, CANCEL verb, and Italian-language business application typical of Italian ACUCOBOL shops","Warehouse/inventory management system - prints margin analysis (marginalità) for individual product movements per customer, likely for a wholesale/distribution company in Italy"
dabf3e2d29d8fb86a8275e95da823317b0afced8,/SOKATU4020.CBL,CBL_files.csv,134576,True,3045,2,1474,1569,0.484,fixed,4,False,False,35,52,131,4,0,95,SOKATU4020,true,gnucobol,COBOL-85,fixed,healthcare-medical,batch,production-like,high,JMA ORCA (Japan Medical Association standard receipt software) – GnuCOBOL/OpenCOBOL dialect used in the ORCA medical billing system,Japanese medical insurance claim (receipt/Seikyu-sho) processing – specifically a combined-insurance claim aggregation/print program for monthly billing
a8861a162334b82b7e2aac12333463f9e6220a75,/LISPRE13.CBL,CBL_files.csv,25446,True,633,3,20,610,0.032,fixed,4,False,False,40,0,63,52,0,76,LISPRE8,true,micro-focus,COBOL-85,fixed,retail-commerce,batch,production-like,medium,"PC-based COBOL (likely Micro Focus or compatible) targeting PC-XT/AT, using COMP-4, ACCEPT/DISPLAY with LINE/POSITION clauses, indexed file I/O with DYNAMIC access, and DECIMAL-POINT IS COMMA (Spanish locale). Dated Nov 1991.","Price list generation for articles/products, organized by brand (MARCA) and product line, with pricing in local currency (pesos) and USD, including IVA (VAT) calculations. Likely an Argentine retail/wholesale inventory system."
34796930c7b6712aea7515fec767abee023f94df,/ORCR0500.CBL,CBL_files.csv,61229,True,1339,1,364,974,0.272,fixed,4,False,False,75,24,25,3,0,50,ORCR0500,true,gnucobol,COBOL-85,fixed,healthcare-medical,batch,production-like,high,JMA ORCA medical receipt printing system (日医標準レセプトソフト); compiled with GnuCOBOL/OpenCOBOL on Linux; uses COPY-heavy structure with .INC copybooks and file-based IPC typical of ORCA,Japanese medical insurance receipt (レセプト) printing subsystem for the JMA ORCA standard receipt software; handles monthly receipt form printing including hospitalization and outpatient receipts
18281cae4abd700a792cd1cf38b06ddf58a59806,/[DC Comics] DC Master Reading Order Part #04 (WEB-CBRO).cbl,cbl_files_lowercase.csv,91433,True,2195,0,0,2195,0.0,free,0,False,False,0,0,0,0,0,0,,,,,,,,,,,
8e534db0ed50b5132e2cd4586e17a9ab0f068391,/DueSubsRpt.CBL,CBL_files.csv,8637,True,298,65,1,232,0.004,fixed,4,False,False,0,0,8,0,0,76,DueSubsRpt,true,gnucobol,COBOL-85,free,education-tutorial,batch,student-exercise,high,"Uses '$ SET SOURCEFORMAT""FREE""' compiler directive typical of Micro Focus / GnuCOBOL; authored by Michael Coughlan (well-known COBOL educator), likely compiled with GnuCOBOL or Micro Focus for academic use",University COBOL exam exercise (CS4321-96-COBOL-EXAM) producing a due subscriptions report for a fictional NETNEWS service
b8474226c15159e5d97eb234a71e55ee71e9ce0a,/ORCGZ03.CBL,CBL_files.csv,227989,True,5054,0,1237,3817,0.245,fixed,4,False,False,41,30,286,17,0,329,ORCGZ03,true,gnucobol,COBOL-85,fixed,healthcare-medical,batch,production-like,high,"JMA ORCA medical receipt software (JMA standard receipt software), likely compiled with GnuCOBOL/OpenCOBOL on Linux. Program ORCGZ03 is the point-score master setting screen (Z03).",Japanese medical insurance billing (receipt/shinryo) point-score master maintenance screen for the JMA ORCA system
ea559971b53e15175b83ca837578b7e541326e9e,/ORCS02.CBL,CBL_files.csv,1004156,True,20081,0,2234,17847,0.111,fixed,4,False,False,35,68,472,10,0,455,ORCS02,true,gnucobol,COBOL-85,fixed,healthcare-medical,subprogram,production-like,high,"JMA ORCA medical receipt software (JMA standard receipt software), running on Linux, developed by NACL. Typical GnuCOBOL/OpenCOBOL target for the ORCA project.",Japanese medical insurance billing (receipt/claim calculation) — specifically inpatient co-payment and public expense burden calculation (負担金額算定サブ for 入院用)
cf9be8858f6d86ac7f2db014393e389a086a4a87,/ORCGW03.CBL,CBL_files.csv,76864,True,1923,1,545,1377,0.284,fixed,4,False,False,59,12,127,12,0,65,ORCGW03,true,gnucobol,COBOL-85,fixed,healthcare-medical,online-cics,production-like,high,"JMA ORCA medical receipt software (JMA standard receipt software), GnuCOBOL/OpenCOBOL dialect used in Japanese medical billing system",Japanese medical association standard receipt (claims) processing system - facility standard information settings (W03 screen)
a9244c1348941f02143e7976384935d9222b0455,/ORCGK02.CBL,CBL_files.csv,655923,True,15605,0,4600,11005,0.295,fixed,4,False,False,73,121,810,165,0,439,ORCGK02,true,gnucobol,COBOL-85,fixed,healthcare-medical,subprogram,production-like,high,"JMA ORCA medical receipt system (JMA standard receipt software), developed by MCC/NACL for Japan Medical Association. Targets GnuCOBOL/OpenCOBOL on Linux (file paths like /var/tmp/ visible in comments).",Japanese medical clinic/hospital receipt (shinryo-koui) input processing subsystem for the JMA ORCA standard medical billing software
c9892fb0aee80ac08b20d52d9655097c9ca7e2b0,/pw00200p.cbl,cbl_files_lowercase.csv,28990,True,608,67,40,501,0.074,fixed,4,False,False,19,1,74,0,0,40,PW00200P,true,gnucobol,COBOL-85,free,retail-commerce,online-cics,production-like,medium,GnuCOBOL with htmlpp preprocessor and free-format source; likely JMA ORCA or similar Brazilian ERP/retail web-CGI system using $set preprocess(htmlpp) and EXEC HTML directives,Minimum price search by retail network (Pesquisa de Preço Mínimo por Rede) - likely a Brazilian retail/distribution ERP system
345e80bb263b85eba634c7e7b19d5b57de47ff31,/ORCBD999.CBL,CBL_files.csv,73064,True,1831,0,524,1307,0.286,fixed,4,False,False,24,15,92,1,0,143,ORCBD999,true,gnucobol,COBOL-85,fixed,healthcare-medical,batch,production-like,high,JMA ORCA medical receipt software (日医標準レセプトソフト) - GnuCOBOL/OpenCOBOL based system used in Japanese medical clinics,Japanese medical insurance claim (receipt/レセプト) statistics CSV generation - daily patient visit statistics (日計表) for medical billing
d5a88dc0d6e1159ca3bd176b1ef7c66775f3373f,/ORCGW06.CBL,CBL_files.csv,190298,True,4496,0,1034,3462,0.23,fixed,4,False,False,73,24,267,3,0,152,ORCGW06,true,gnucobol,COBOL-85,fixed,healthcare-medical,online-cics,production-like,high,"JMA ORCA medical receipt system (日医標準レセプトソフト); GnuCOBOL/OpenCOBOL-based, uses COPY copybooks like COMMON-SPA, W01COMMON-SPA, ENUM-VALUE typical of ORCA",JMA ORCA standard medical receipt (レセプト) software - staff/employee information management screen (職員情報 W06)
3cd7a50ee06810ec78c91b3a58fbb6017aed8054,/ORCR0670.CBL,CBL_files.csv,31993,True,799,1,243,555,0.305,fixed,4,False,False,17,16,25,8,0,26,ORCR0670,true,gnucobol,COBOL-85,fixed,healthcare-medical,batch,production-like,high,"JMA ORCA medical receipt software (日医標準レセプトソフト); uses ORCDBMAIN DB call pattern, COPY copybooks with .INC extension, LINKAGE SECTION with COMMAND-PARAM, typical GnuCOBOL/OpenCOBOL deployment",Japanese medical receipt (レセプト) processing system - inpatient disease name (傷病名) editing/maintenance module
d252882f77e93c3b8522edbc5fff44c44662ed4b,/ORCR0620.CBL,CBL_files.csv,215396,True,4562,0,956,3606,0.21,fixed,4,False,False,50,12,255,12,0,121,ORCR0620,true,gnucobol,COBOL-85,fixed,healthcare-medical,batch,production-like,high,"JMA ORCA medical receipt system (日医標準レセプトソフト); compiled with GnuCOBOL/OpenCOBOL on Linux; uses ASSIGN to symbolic names (RECE61PARA etc.), COPY with REPLACING, indexed files with DYNAMIC/SEQUENTIAL access",Japanese medical insurance receipt (レセプト) processing — inpatient (入院) receipt basic information editing for the JMA ORCA standard receipt software
cd2721a8331594d9b83f086d9709f68b9bfe74d9,/ORCSP02.CBL,CBL_files.csv,201166,True,4490,0,1055,3435,0.235,fixed,4,False,False,54,11,329,4,0,96,ORCSP02,true,gnucobol,COBOL-85,fixed,healthcare-medical,subprogram,production-like,high,"JMA ORCA medical receipt software (日医標準レセプトソフト), compiled with GnuCOBOL/OpenCOBOL on Linux; uses MCPDATA/MCPAREA linkage pattern typical of ORCA",Japanese medical insurance receipt (レセプト) processing system — patient registration screen editing and SPA initial setup subprogram
077744637fbf584d9b7240f0751e6894209e7ec7,/ORCSC80201204.CBL,CBL_files.csv,173936,True,3978,0,1045,2933,0.263,fixed,4,False,False,23,19,211,15,0,222,ORCSC80201204,true,gnucobol,COBOL-85,fixed,healthcare-medical,subprogram,production-like,high,"JMA ORCA medical receipt software (JMA standard receipt software), GnuCOBOL/OpenCOBOL dialect used in Japanese medical billing system",Japanese medical insurance billing (shinryo-koui / medical procedure calculation and checking) - specifically rehabilitation and psychiatric care calculation checks for the JMA ORCA receipt system
b10310c3da2794241f90bb22063bceca00ea3bb0,/FRAUDMOD.cbl,cbl_files_lowercase.csv,1928,True,62,12,7,43,0.14,fixed,3,False,True,2,0,2,0,0,4,FRAUDMOD,true,ibm-mainframe,COBOL-85,fixed,banking-finance,online-cics,production-like,high,IBM CICS/TS online program; uses DFHCOMMAREA and EXEC CICS commands typical of IBM mainframe CICS environment; invokes ALNSCORE which appears to be an IBM Analytics (Watson/SnapML) scoring service,Credit card fraud detection using a machine learning model (SnapML) invoked via CICS containers
499b414ba7828986da2fb3b7b3a2f33b59b4ecf8,/adscbl301.cbl,cbl_files_lowercase.csv,9549,True,262,56,51,155,0.248,fixed,4,False,False,1,0,6,0,0,29,adscbl301,true,gnucobol,COBOL-85,fixed,retail-commerce,subprogram,production-like,high,"GnuCOBOL/OpenCOBOL targeting Linux/Unix environment (OASIS system, /home/oasis/include path, line sequential files, COMP-X, CRT STATUS, console is crt). RPS Inc. ADS system.","RPS Inc. ADS (Automated Distribution System) supplemental package diagnostics - barcode lookup for supplemental packages, likely shipping/logistics or retail distribution"
f49c413a6a2c72818de8a865f3849660ceae40fe,/0-FKEYS.CBL,CBL_files.csv,19958,True,400,18,28,354,0.073,fixed,4,False,False,0,0,1,0,0,308,0-FKEYS,true,unknown,COBOL-85,fixed,payroll-hr,subprogram,production-like,medium,"Likely GnuCOBOL or similar PC/workstation COBOL; French-language application with multilingual (French, German, English) function-key label tables. No IBM mainframe or Micro Focus specific syntax visible. Fixed format, no EXEC CICS/SQL.","Multilingual HR/payroll or ERP application; this module defines function-key label constants in French, German, and English for a screen-based interactive system. Labels include CONGE (vacation), PRIME (bonus), CONTRAT (contract), MISSION, HOSPIT(al), ACCID(ent), suggesting HR/social insurance domain."
01925e7292fda993798375df87d7e7eb9df5a741,/cash-register.cbl,cbl_files_lowercase.csv,1473,True,64,15,0,49,0.0,unknown,2,False,False,0,0,0,1,0,15,cash-register,true,unknown,COBOL-85,tab,demo-example,demo,student-exercise,medium,"Simple COBOL-85 program; tab-indented source, no vendor-specific extensions. Likely GnuCOBOL or similar free compiler given the style.",Pet store cash register simulation accepting pet orders and accumulating a running total
3c0bf85bf2ffe08807c1de9ae71578a062a35043,/ORCGX100.CBL,CBL_files.csv,5378,True,151,0,82,69,0.543,fixed,4,False,False,18,1,3,0,0,1,ORCGX100,true,gnucobol,COBOL-85,fixed,healthcare-medical,online-cics,production-like,high,"JMA ORCA medical receipt software (日医標準レセプトソフト), compiled with GnuCOBOL/OpenCOBOL on Linux. Uses ORCDBMAIN call pattern and MCP framework typical of JMA ORCA system.",JMA ORCA standard medical receipt (claims) software - disease name code list screen handler (ORCGX100)
45583e8af0296ee1f32d3c1e057733521ac36e98,/assignment2.cbl,cbl_files_lowercase.csv,28694,True,422,36,83,303,0.215,fixed,4,False,False,0,1,10,0,0,131,PROG1,true,unknown,COBOL-85,fixed,education-tutorial,batch,student-exercise,high,"Standard academic COBOL, likely compiled with IBM or GnuCOBOL; uses BLOCK CONTAINS 0 RECORDS and DA-S/UR-S device assignments suggesting possible IBM mainframe or mainframe-style environment",University programming assignment (Assignment 2) processing employee payroll/classification data
38d0a10219d4233ca59d1530e64017e23db104e1,/ORCR0104.CBL,CBL_files.csv,306112,True,6845,3,1427,5415,0.209,fixed,4,False,False,52,111,303,33,0,340,ORCR0104,true,gnucobol,COBOL-85,fixed,healthcare-medical,batch,production-like,high,"JMA ORCA medical receipt software (JMA standard receipt software), compiled with GnuCOBOL/OpenCOBOL on Linux; uses COPY with REPLACING, INDEXED files, no EXEC SQL/CICS","Japanese medical insurance receipt (レセプト) file creation for health insurance billing, specifically for the JMA ORCA medical receipt system handling insured patient billing data"
be5ad7de23ec426483fdc708f6ff5efe9d270a87,/ORCGQ01.CBL,CBL_files.csv,290804,True,7536,4,2354,5178,0.313,fixed,4,False,False,36,20,499,155,0,110,ORCGQ01,true,gnucobol,COBOL-85,fixed,healthcare-medical,subprogram,production-like,high,"JMA ORCA medical receipt system (JMA standard receipt software), compiled with GnuCOBOL/OpenCOBOL for Linux. Uses MCP (Message Control Program) linkage area pattern typical of ORCA subsystems.",Japanese medical receipt (shinryo-hoshuu) system - patient inquiry/search screen (Q01: patient basic information lookup). Part of the JMA ORCA open-source medical billing system used by Japanese clinics.
f90cbc71179eb0b40b40828b3137a1025be31fe9,/PW01062R.cbl,cbl_files_lowercase.csv,17666,True,383,42,35,306,0.103,fixed,4,False,False,16,5,30,0,0,59,PW01062R,true,gnucobol,COBOL-85,free,retail-commerce,batch,production-like,high,GnuCOBOL with htmlpp preprocessor and free-format source; part of a Brazilian web-based ERP/retail system (PROMAX/ECT). Uses $set preprocess(htmlpp) and EXEC HTML blocks for CGI-style HTML generation.,Brazilian retail/ERP system (PROMAX) - neighborhood/district (Bairros) report generation with municipality filtering by state (UF)
3050ab595e7066d85fbb8599eac7f2209d20f21f,/ORCGXGERR.CBL,CBL_files.csv,5092,True,139,0,77,62,0.554,fixed,4,False,False,10,1,3,0,0,1,ORCGXGERR,true,gnucobol,COBOL-85,fixed,healthcare-medical,subprogram,production-like,high,"JMA ORCA medical receipt system (Japan Medical Association open-source receipt software), likely compiled with GnuCOBOL/OpenCOBOL on Linux",JMA ORCA standard medical receipt (claims) software – error message screen handler for the XG (statistics CSV output) subsystem
df954e2aca82f378f9d7d62549d59ce97581915e,/LGBAT003.cbl,cbl_files_lowercase.csv,71428,True,1511,304,382,825,0.316,fixed,4,False,False,0,9,42,10,3,214,13630000|LGBAT003|MOVE|PIC,true,ibm-mainframe,COBOL-85,fixed,demo-example,batch,production-like,high,"IBM mainframe COBOL targeting IMS/DLI batch processing; part of Compuware GENAPP demonstration application. Uses COMP, COMP-3, BINARY, EJECT, and IMS DLI call conventions.","Compuware GENAPP demonstration application showcasing IMS batch processing scenarios including abnormal termination, S0C7 data exception, and poor performance scenarios"
188ce3241778651ed94c172afb682fda57ac193c,/ORCGW20.CBL,CBL_files.csv,234175,True,6062,5,1927,4130,0.318,fixed,4,False,False,79,13,432,56,0,146,ORCGW20,true,gnucobol,COBOL-85,fixed,healthcare-medical,online-cics,production-like,high,"JMA ORCA medical receipt software (JMA standard receipt software), compiled with GnuCOBOL/OpenCOBOL on Linux. Uses MCP (screen/widget) framework typical of ORCA system.","Japanese medical institution (hospital ward) management settings within the JMA ORCA medical receipt billing system. Handles ward/department management (byoto kanri), nursing configuration, inpatient fee calculation parameters."
831c4bf1863887529b2bc18bd2b10fc76866adca,/EM0204.CBL,CBL_files.csv,6823,True,219,60,2,157,0.013,fixed,4,False,False,0,0,10,0,0,63,EM0204,true,unknown,COBOL-85,fixed,education-tutorial,batch,student-exercise,high,"Student exercise from FATEC-SP (Faculdade de Tecnologia de São Paulo), Brazil. Uses DECIMAL-POINT IS COMMA and Portuguese identifiers/comments, consistent with Brazilian academic COBOL teaching. Likely compiled with GnuCOBOL or similar PC-based compiler.",Brazilian technical college (FATEC-SP) student exercise for inventory stock reporting
