sha1_git,filename,source_csv,length,is_text,total_lines,blank_lines,comment_lines,code_lines,comment_ratio,source_format_guess,n_divisions,has_exec_sql,has_exec_cics,copy_count,call_count,perform_count,goto_count,comp3_count,pic_count,program_ids,judge_cobol_confirmed,judge_dialect_family,judge_standard,judge_source_format,judge_domain,judge_program_type,judge_maturity,judge_confidence,judge_dialect_detail,judge_domain_detail
341b9f1233a9706e4faf3721bb42ae1cd3bff789,/array.cbl,.cbl,1419,True,51,10,0,41,0.0,fixed,4,False,False,6,1,0,0,0,2,array,true,gnucobol,COBOL-85,fixed,education-tutorial,subprogram,student-exercise,medium,"GnuCOBOL with compiler directives like $CATCHPARAMS and $RETURN, and use of ENTRY statement; likely a custom library/framework by Luca Piccinelli",Array data structure implementation as a learning or utility exercise
e404b4d3a4b3da1cd1b75d7cf8ffb2b50b60e04e,/control-break3.cbl,.cbl,3657,True,116,15,0,101,0.0,fixed,4,False,False,0,0,6,0,0,33,CB3,true,unknown,COBOL-85,fixed,education-tutorial,batch,student-exercise,high,"Standard COBOL-85 with no vendor-specific extensions; uses GOBACK, 88-level condition, END-READ, LINE SEQUENTIAL","Control-break report generation exercise with three-level grouping (COL-A, COL-B, COL-C)"
daf67fc654084536e88e1949b9c7e804701564f8,/gerirEmpregados.cbl,.cbl,18208,True,496,43,7,446,0.015,fixed,4,False,False,0,0,35,0,0,36,Empregados,true,gnucobol,COBOL-85,fixed,education-tutorial,batch,student-exercise,high,GnuCOBOL (cobc) as indicated by the 'Tectonics: cobc' comment; Portuguese-language student project,University/course final project for managing employee records in Portuguese
0b26274b061aba849b3f6c034b89091905d8dd63,/area.cbl,.cbl,1150,True,33,5,0,28,0.0,fixed,3,False,False,0,0,0,2,0,4,CALCULOAREAS,true,unknown,COBOL-85,fixed,education-tutorial,demo,student-exercise,high,"Uses screen-oriented DISPLAY/ACCEPT with LINE/POSITION/PROMPT/ERASE clauses, common in RM-COBOL or ACU-style dialects; could also be Micro Focus or similar PC COBOL. Spanish variable names (BASE, ALTURA, LADO, RESULTADO) suggest Latin American or Iberian origin.",Simple geometry area calculator (polygon and triangle) used as a teaching exercise
292dfbd7c7ab0fcb4177d52b71b04d48a62b5894,/subprog.cbl,.cbl,1651,True,34,5,4,25,0.138,fixed,3,False,True,0,0,0,0,0,3,SUBPROG,true,ibm-mainframe,COBOL-85,fixed,other,subprogram,student-exercise,high,"CICS subprogram using DFHCOMMAREA linkage, consistent with IBM mainframe CICS environment; FUNCTION TEST-NUMVAL and FUNCTION NUMVAL are COBOL-85 intrinsic functions","CICS online transaction subprogram, part of a larger application (mapkalkp) likely a calculator or numeric input validation screen"
ffc0c416f59ec4a480e9df4208b729887221ba42,/index.cbl,.cbl,1180,True,72,36,0,36,0.0,fixed,3,False,False,0,0,8,0,0,2,CAL-TAX,true,unknown,COBOL-85,fixed,education-tutorial,demo,student-exercise,high,Simple tax calculator in Spanish; no vendor-specific extensions. COBOL-85 inferred from END-IF and WITH TEST AFTER usage.,Simple annual income tax calculator with Spanish-language prompts and variable names
227c51d142d32618d3a7005097cfe0b882cfe2d0,/read.cbl,.cbl,687,True,28,2,1,25,0.038,fixed,4,False,False,0,0,2,0,0,1,APP,true,gnucobol,COBOL-85,fixed,demo-example,demo,toy-or-hello-world,high,Likely GnuCOBOL based on ASSIGN TO KEYBOARD and *> comment style; references a Stack Overflow question about reading from stdin,"Simple stdin line-reader, likely a Stack Overflow answer/example"
23920cf7575ec45b07abc01e0793db6752b4c43b,/DB2CBLEV.cbl,.cbl,28282,True,345,0,129,216,0.374,fixed,4,True,False,1,2,6,0,1,29,DB2CBLEV,true,ibm-mainframe,COBOL-85,fixed,education-tutorial,batch,student-exercise,high,"IBM mainframe DB2 COBOL program using EXEC SQL, DCLGEN copybook (DCLEMP), SQLCA include, and CHAMP link control statements. References DSN8110.EMP (IBM DB2 sample schema). Fixed format with sequence numbers in columns 73-80.",IBM DB2 COBOL tutorial/exercise program querying the classic DSN8110.EMP sample employee table and producing a report
67f5768ba92140d3a093bfb215380a538f4c484b,/helloworld.cbl,.cbl,524,True,17,1,6,10,0.375,fixed,3,False,False,0,0,0,0,0,0,YOUR-PROGRAM-NAME,true,gnucobol,COBOL-85,fixed,demo-example,demo,toy-or-hello-world,high,GnuCOBOL (cobc) template/skeleton; 'Tectonics: cobc' comment is a standard GnuCOBOL project template marker,Minimal hello-world template generated by GnuCOBOL project scaffolding
974ef28c0b4d95ac7ad507263a9e1bc58f1656dc,/hello.cbl,.cbl,113,True,5,0,0,5,0.0,free,2,False,False,0,0,0,0,0,0,HELLO-WORLD,true,unknown,COBOL-85,free,demo-example,demo,toy-or-hello-world,high,"Minimal hello-world program; free format, no vendor-specific extensions visible",Classic hello-world demonstration program
5a5875481f9abe7b85a2ec02f9ec3a337bf5c363,/Z95642.CBL(CBLWRK2).cbl,.cbl,3932,True,109,4,19,86,0.181,fixed,4,False,False,0,0,7,0,0,16,CBLWRK2,true,ibm-mainframe,COBOL-85,fixed,education-tutorial,batch,student-exercise,high,"IBM mainframe style with RECORDING MODE F, RETURN-CODE special register, and FILE STATUS usage; Turkish-language comments suggest student/educational context possibly on IBM z/OS or compatible environment","Student exercise reading account records (account number, name, surname, birth date, today's date) and writing a print file with computed age difference in days; Turkish comments throughout"
f79d4ca4a0abcca3a23306e2a66fe8c20ac942e2,/candy_sale.cbl,.cbl,1834,True,50,2,0,48,0.0,fixed,4,False,False,0,0,4,0,0,6,CANDY-SALE,true,unknown,COBOL-85,fixed,education-tutorial,batch,student-exercise,high,Standard COBOL-85 features used; no vendor-specific extensions visible. Likely compiled with GnuCOBOL or similar for educational use.,Candy shop sales aggregation by state — typical student exercise scenario
3414c509707d98daec86a1c33842b6d578a34c3e,/CALL370.CBL,.CBL,1091,True,25,0,3,22,0.12,fixed,3,False,False,0,4,0,0,1,4,CALL370,true,gnucobol,COBOL-85,fixed,test-suite,test,student-exercise,high,Likely GnuCOBOL/OpenCOBOL test program; filename suffix .CBL and reference to TEST370.BIN suggest GnuCOBOL compiled binary subprogram testing,"Test harness for a subprogram named TEST370, likely testing date-field passing conventions across different USAGE types"
bf150e60c7e4371efaa19ca128a01899a1ec402e,/DTAR020.cbl,.cbl,1217,True,16,1,0,15,0.0,fixed,0,False,False,0,0,0,0,5,6,,,,,,,,,,,
52c19f030852a1e71940aa8dc5112218c0b18f82,/DS.cbl,.cbl,983,True,30,5,0,25,0.0,fixed,3,False,False,0,0,0,0,0,6,difference-of-squares,true,gnucobol,COBOL-85,fixed,education-tutorial,demo,student-exercise,high,"Likely an Exercism exercise solution; no vendor-specific extensions, plain standard COBOL",Exercism COBOL track exercise: difference of squares kata
f1ed2362d7faf872f0cdfa04327efed41157d838,/U10-PE-ASI01.cbl,.cbl,2544,True,91,11,27,53,0.338,fixed,4,False,False,0,0,2,0,0,11,PE-ASI01,true,unknown,COBOL-85,fixed,education-tutorial,batch,student-exercise,high,"Spanish-language educational COBOL program; uses ASSIGN TO DISK, LINE SEQUENTIAL, LABEL RECORD STANDARD, DECIMAL-POINT IS COMMA, and ALTERNATE RECORD KEY with DUPLICATES — consistent with a PC-based COBOL compiler (possibly Micro Focus or RM-COBOL) used in Spanish academic settings",Spanish-language student exercise creating an indexed sequential file of articles (productos/artículos) from a sequential file
d0f4ff57a4fdde5f1f6915e38db92c69ec301c1c,/HELLO.cbl,.cbl,650,True,19,6,2,11,0.154,fixed,3,False,True,0,0,0,0,0,1,HELLO,true,ibm-mainframe,COBOL-85,fixed,demo-example,online-cics,toy-or-hello-world,high,CICS online program targeting IBM mainframe CICS environment; minimal structure typical of IBM COBOL/CICS tutorials,Hello World demonstration using CICS terminal output
d0b8ecf02d3bc1c1713ffd172de179eec1ea566b,/twosum.cbl,.cbl,1031,True,40,5,0,35,0.0,fixed,3,False,False,0,0,5,0,0,7,TwoSum,true,unknown,COBOL-85,fixed,education-tutorial,demo,student-exercise,medium,"Generic COBOL implementing a LeetCode-style TwoSum algorithm; no vendor-specific extensions visible. Uses COBOL-85 structured constructs (END-PERFORM, END-IF, EXIT PERFORM).",Algorithmic exercise (LeetCode TwoSum problem) implemented in COBOL
de5ace172fb90f1fe6af5622182c2dc239230294,/chingoon.cbl,.cbl,1537,True,48,2,10,36,0.217,fixed,3,False,False,0,0,5,0,0,7,chingoon,true,gnucobol,COBOL-85,fixed,demo-example,demo,toy-or-hello-world,high,"Uses *> inline comments (COBOL-2002 style) and ARGUMENT-VALUE special register, consistent with GnuCOBOL; PERFORM n TIMES construct",ASCII art goon face generator based on chin count argument
28e764e46c0a71c6f611a6f4aa6d76235d028316,/CBL2JAVA.cbl,.cbl,10104,True,280,58,52,170,0.234,fixed,4,False,False,1,12,9,1,0,35,CBL2JAVA,true,ibm-mainframe,COBOL-85,fixed,other,online-cics,production-like,high,"IBM Enterprise COBOL for z/OS, likely v6.4 (explicit mention of 'COBOL 6.4 CALL statement'), targeting IMS/TM (DL/I) with JNI integration for Java interop. Uses PGMNAME(LONGMIXED), DLL, THREAD compiler options typical of z/OS LE.",IMS/TM transaction processing with Java interoperability via JNI on z/OS
b8ec0ecf6f6988eceba2b42f3a0d75cd922a3a1c,/trader.cbl,.cbl,295,True,16,7,0,9,0.0,fixed,4,False,False,0,0,0,0,0,0,TRADER-FINAL,true,unknown,COBOL-85,fixed,education-tutorial,demo,toy-or-hello-world,medium,Minimal skeleton with all four divisions present but no actual logic or data definitions; no vendor-specific extensions visible,Appears to be a student or tutorial skeleton for a trader/trading program
3ab2e818fa945a5394fe6c5e1332938cabeceab4,/blackjack.cbl,.cbl,1962,True,54,5,1,48,0.02,fixed,0,False,False,0,0,2,0,0,4,BLACKJACK,true,unknown,COBOL-85,fixed,demo-example,demo,student-exercise,high,"Uses FUNCTION RANDOM, FUNCTION CURRENT-DATE, FUNCTION MOD, and inline END-IF/END-PERFORM — consistent with COBOL-85 or later; no vendor-specific extensions visible. Could compile under GnuCOBOL or similar.",Simple blackjack card game simulation for learning/demo purposes
037b1f1c8aee7f2587613ddb738b1e623a0aec2f,/Program1.cbl,.cbl,5800,True,160,21,23,116,0.165,fixed,3,True,False,0,0,12,0,0,11,,true,micro-focus,COBOL-85,fixed,banking-finance,batch,student-exercise,medium,"Appears to be GnuCOBOL or Micro Focus style with Screen Section, LINE SEQUENTIAL, and EXEC SQL (likely targeting a Windows environment with SQL Server via ODBC/ADO connection string). The file path and SQL Server connection string suggest a student project on Windows.","Banking account management application (Gestion Bancaire) with menus for importing client accounts from CSV, listing banks, listing accounts, RIB key control, and client management"
57b19b2f37468bd93eb3ad2b6585b55fac6cdf7e,/Loteria.cbl,.cbl,24240,True,482,79,65,338,0.161,fixed,4,False,False,0,0,29,0,0,40,Loteria,true,gnucobol,COBOL-85,free,demo-example,demo,student-exercise,high,"GnuCOBOL free-format source indicated by '$set sourceformat""free""' compiler directive; Portuguese-language identifiers and comments suggest Brazilian developer","Brazilian lottery (Loteria) simulation - user picks 6-10 numbers from 1-60, program randomly draws 6 numbers and counts attempts until they match"
f1f8a5ea9f774891f4af55a5f441e7968ca5def3,/Form1.cbl,.cbl,320,True,12,3,0,9,0.0,fixed,1,False,False,0,0,0,0,0,0,,,,,,,,,,,
4f8406c9d0d918f72dbb83a1e9e0c40480064cb0,/first_cobol_conditionals.cbl,.cbl,2321,True,65,4,19,42,0.311,fixed,3,False,False,0,0,0,0,0,7,CONDITIONALS,true,gnucobol,COBOL-85,fixed,education-tutorial,demo,student-exercise,high,GnuCOBOL (cobc) as indicated by 'Tectonics: cobc' comment; uses inline comments with *> and END-IF/END-EVALUATE scope terminators consistent with COBOL-85,Introductory COBOL tutorial demonstrating conditional statements
636d8fde7f6a37672d879d4669d39e1be5040a19,/Program1.cbl,.cbl,13570,True,328,11,60,257,0.189,fixed,4,False,False,0,0,1,0,0,86,A2-ItemList,true,gnucobol,COBOL-85,fixed,education-tutorial,batch,student-exercise,high,Student assignment compiled likely with GnuCOBOL; uses LINE SEQUENTIAL organization and relative file paths typical of GnuCOBOL on Windows/Linux desktop environments,"University assignment (MAFD 4202 course) involving item list report generation with pricing, discounts, and transportation charges"
df43ecc94fb4b7826de884d36b30dbde7dd8d182,/PRUEBA-SORT-ID.cbl,.cbl,10834,True,311,81,23,207,0.1,fixed,4,False,False,0,0,6,0,0,90,CCCACT2,true,unknown,COBOL-85,fixed,banking-finance,batch,student-exercise,high,"Standard COBOL-85 with SORT verb, SD, INPUT/OUTPUT PROCEDURE; Spanish-language identifiers and comments suggest Latin American or Spanish educational/training context. DECIMAL-POINT IS COMMA indicates European/Latin American locale. No vendor-specific extensions detected.","Bank account transaction listing for 'BANCO: GALICIA' - reads transaction records (client, branch, code, date/time, amount, type), sorts by client code, and writes a formatted report."
17b1600c76885f4edca5858850c9e219f39c6290,/edit5.cbl,.cbl,1289,True,36,6,0,30,0.0,fixed,3,False,False,0,0,0,0,0,8,LIISTING9-5,true,unknown,COBOL-85,fixed,education-tutorial,demo,student-exercise,high,Textbook/tutorial example demonstrating scaled picture clauses (VP and P). Program-ID typo 'LIISTING9-5' suggests student work. No vendor-specific extensions visible.,Demonstrates COBOL scaled numeric picture clauses (P scaling factor) for very small and very large numbers
38a6ec20ebbb795e264da370972025b25c50c302,/insert_job.cbl,.cbl,3537,True,70,0,22,48,0.314,fixed,2,False,False,0,0,13,0,0,11,INSERT-SORT,true,gnucobol,COBOL-85,fixed,education-tutorial,demo,student-exercise,high,"Likely GnuCOBOL; uses FUNCTION RANDOM, FUNCTION SECONDS-PAST-MIDNIGHT, 78-level constants, GOBACK — all consistent with GnuCOBOL/COBOL-85 features",Sorting algorithm demonstration — insertion sort on a randomly generated integer array
153c434fa746988c6d200d7e927479ef22000e8c,/hello.cbl,.cbl,111,True,5,0,0,5,0.0,free,2,False,False,0,0,0,0,0,0,hello,true,unknown,unknown,free,demo-example,demo,toy-or-hello-world,high,Minimal hello-world program; no dialect-specific features present to distinguish vendor or standard,Classic hello-world demonstration program
43bc668068d62d3c9614bd4002f17eb1c75d6a1a,/ArrayDep2.cbl,.cbl,521,True,11,0,0,11,0.0,fixed,0,False,False,0,0,0,0,0,7,,,,,,,,,,,
577257acb9054d55ec5e19a4b0afbeea5405c3e2,/hidoku.cbl,.cbl,17723,True,481,0,131,350,0.272,fixed,4,False,False,0,0,15,10,0,44,HIDOKU,true,gnucobol,COBOL-85,fixed,demo-example,batch,student-exercise,high,"Likely GnuCOBOL (open-source, home-built environment); uses FUNCTION RANDOM(), D-level debug lines, and SOURCE-COMPUTER/OBJECT-COMPUTER set to 'BUILT-AT-HOME'",Puzzle/game solver: Hidoku (King's Tour) puzzle solution generator
42cbeced4b835b728c6ea58e452975348f75877b,/read.cbl,.cbl,383,True,21,3,0,18,0.0,free,4,False,False,0,0,2,0,0,1,READDD,true,ibm-mainframe,COBOL-85,free,demo-example,demo,student-exercise,medium,"Likely IBM AS/400 (iSeries/IBM i) based on DATABASE- prefix in ASSIGN clause (DATABASE-EMPPF), which is characteristic of IBM i DB2/400 file access","Simple employee file read demonstration, likely for an IBM i (AS/400) environment reading an employee physical file (EMPPF)"
8ecf1515e2aca502cbc3377d07a29d6a0932dbd5,/lista16exercicio2.cbl,.cbl,21196,True,524,158,67,299,0.183,fixed,4,False,False,0,0,32,0,0,49,lista16exercicio2,true,gnucobol,COBOL-85,free,education-tutorial,demo,student-exercise,high,"GnuCOBOL with $set sourceformat""free"" directive and SCREEN SECTION with foreground-color clauses; Brazilian Portuguese comments and author name suggest GnuCOBOL on Linux/Windows PC",Brazilian university exercise (lista16exercicio2) implementing a quiz game about Brazilian state capitals for up to 4 players
85463dfb7d21db9d7a85b2d517e341c9d2486398,/beg_pgmz_Coughlan_Ch17.cbl,.cbl,4476,True,135,6,3,126,0.023,fixed,4,False,False,0,0,8,0,0,14,Listing17-7,true,unknown,COBOL-85,fixed,education-tutorial,demo,student-exercise,high,"Standard COBOL-85 features; from Michael Coughlan's beginner COBOL textbook (Chapter 17, Listing 17-7). No vendor-specific extensions detected.",Textbook example demonstrating indexed file I/O with referential integrity enforcement between a FilmFile and DirectorsFile
3a5a4ec5f3374b8e1a824a92c038ee29b5206923,/HelloWorld.cbl,.cbl,1069,True,23,0,11,12,0.478,fixed,3,False,False,0,0,0,0,0,0,HELLO-WORLD,true,ibm-mainframe,COBOL-85,fixed,education-tutorial,demo,toy-or-hello-world,high,"Classic mainframe-style Hello World with AUTHOR, INSTALLATION, DATE-WRITTEN, DATE-COMPILED, SECURITY paragraphs typical of IBM mainframe COBOL templates; no vendor-specific extensions visible","COBOL class exercise, explicitly noted in maintenance log as 'Created for COBOL class'"
7d1c4d47c43c5ada9157dc728bf7a7536ff7ca4e,/Solution.cbl,.cbl,620,True,25,4,1,20,0.048,free,4,False,False,0,0,0,0,0,1,SOLUTION,true,gnucobol,COBOL-85,free,education-tutorial,demo,student-exercise,medium,Likely GnuCOBOL based on ASSIGN TO KEYBOARD and LINE SEQUENTIAL usage; free-format source,"Simple stdin/stdout exercise, likely from a competitive programming or tutorial platform"
ee0578b6176c99a31800aa4d8b24bd2824f584e4,/testdb2.cbl,.cbl,5637,True,186,22,9,155,0.055,fixed,2,True,False,0,0,0,0,0,0,TESTDB2,true,ibm-mainframe,COBOL-85,fixed,retail-commerce,test,snippet,high,"IBM DB2 COBOL with QUERYNO clauses, FETCH FIRST ROW ONLY, CASE expressions in SQL, and ¬= operator (EBCDIC not-equal sign) — all characteristic of IBM mainframe DB2 embedded SQL","Retail grocery/supermarket system dealing with UPC items, food stamps, coupons, store ROG (Ring of Goods) codes, and corporate item codes"
18c5000e1a9a1ffa575b5a0365c57cc70d414e83,/NGUYEN-P04-MSTR-TRANS.cbl,.cbl,8592,True,177,12,28,137,0.17,fixed,4,False,False,2,0,12,0,0,45,NGUYEN-P04-MSTR-TRANS,true,gnucobol,COBOL-85,fixed,education-tutorial,batch,student-exercise,high,Student exercise likely compiled with GnuCOBOL; uses LINE SEQUENTIAL organization and COPY copybooks typical of academic GnuCOBOL environments,University programming assignment (Project 4) for master/transaction file processing producing a customer account report
4d32fed3f2dc8c67303c2f4c07b3c9e48b949ffa,/Triangle-2.cbl,.cbl,1239,True,36,3,0,33,0.0,fixed,3,False,False,0,0,5,0,0,4,TRIANGLE-2,true,unknown,COBOL-85,fixed,education-tutorial,demo,student-exercise,high,Standard COBOL-85 features used; no vendor-specific extensions visible. Likely compiled with GnuCOBOL or similar for educational use.,Student exercise demonstrating triangle pattern printing using nested PERFORM loops
d5e03fa8b62a3ecd86aca9e2025bfa29f77cc9d0,/Program1.cbl,.cbl,3764,True,109,18,9,82,0.099,fixed,4,False,False,0,0,13,0,0,7,SAVE-INVENTORY-RECORD,true,gnucobol,COBOL-85,fixed,manufacturing-logistics,batch,student-exercise,high,"Likely compiled with GnuCOBOL or similar open-source COBOL; uses LINE/COLUMN clauses on DISPLAY/ACCEPT (screen I/O), SELECT OPTIONAL, LINE SEQUENTIAL, and 88-level condition names consistent with COBOL-85. No IBM-specific extensions detected.","Inventory management — saving inventory records (part number, name, quantity, unit price, supplier code) to a flat file INVFILE.TXT"
ab8200658207b8be29af292150a49b7caf8cffb2,/AddNums.cbl,.cbl,1284,True,40,6,6,28,0.176,fixed,3,False,False,0,0,1,0,0,4,Hello-NAME,true,gnucobol,COBOL-85,fixed,demo-example,demo,toy-or-hello-world,high,Written for GnuCOBOL (cobc) as noted in the Tectonics comment. Simple interactive program with no vendor-specific extensions.,Simple arithmetic demo described by author as a 'Shit Post'
689a64a00f1417d21a29dc22f8c0de90c68b937d,/Program1.cbl,.cbl,643,True,26,5,6,15,0.286,fixed,4,False,False,0,0,0,0,0,2,HelloWorld,true,unknown,COBOL-85,fixed,education-tutorial,demo,toy-or-hello-world,high,Simple Hello World program with no vendor-specific extensions; GOBACK and END PROGRAM suggest COBOL-85 or later,"Basic introductory COBOL program, likely a student or tutorial exercise"
3f498a4f034ceb55ac13f3b25198d03626d821a4,/Program1.cbl,.cbl,1092,True,34,10,1,23,0.042,fixed,2,False,False,0,0,0,0,0,6,Program1,true,micro-focus,COBOL-85,fixed,education-tutorial,demo,student-exercise,high,"Micro Focus Visual COBOL / COBOL for Visual Studio, indicated by 'author. amber visualcobol' and the AS clause in PROGRAM-ID, plus inline comment syntax *>","Student exercise demonstrating REDEFINES to apply a percentage to a base amount, likely from a Visual COBOL textbook (listing 12_4)"
6839d2b172da6457b99f0753b52689c1ead3b93c,/TEST1.CBL,.CBL,3848,True,130,11,3,116,0.025,fixed,4,False,False,7,5,4,0,0,1,TEST1,true,fujitsu-nec,COBOL-85,fixed,other,subprogram,production-like,medium,"Likely JMA ORCA or similar Japanese medical/business web-COBOL framework using MONFUNC, MCPAREA, SPAAREA, LINKAREA, SCRAREA conventions; SCR-HTTP-METHOD and SCR-HTTP-STATUS suggest a web/HTTP-oriented COBOL runtime (possibly Fujitsu NetCOBOL or similar Japanese vendor framework)",Web-oriented COBOL application using HTTP method dispatch (GET/POST) with database fetch operations via a proprietary MONFUNC interface; likely part of a Japanese business web-COBOL framework
03a6b109ad0228d50d6da7b99548ccbc8c179f41,/location-analysis.cbl,.cbl,1657,True,55,8,3,44,0.064,fixed,4,True,False,0,0,7,0,0,5,LOCATION-SUMMARY,true,unknown,COBOL-85,fixed,banking-finance,batch,student-exercise,medium,"Uses EXEC SQL with non-standard syntax (no END-EXEC on CONNECT/DISCONNECT, cursor-style FETCH without DECLARE CURSOR). SQL dialect suggests a custom or lightweight embedded SQL environment, not standard DB2/Oracle. OCCURS 8 TIMES but references index 9 which is out of bounds — suggests student/demo quality.",Summarizes monetary amounts by location from a bank_users table and predicts next 8 weeks of location-based financial data
6f0f1efaf950a810879a1dbc444d9b7f9253b646,/TESTCMP1.CBL,.CBL,23925,True,638,0,5,633,0.008,fixed,4,False,False,0,0,386,0,4,16,TESTCMP1,true,gnucobol,COBOL-85,fixed,utility-tooling,test,production-like,high,"Likely GnuCOBOL or similar open-source COBOL compiler test suite; author Don Higgins, dated 2008. Uses COMP-1, COMP-2, COMP-3, COMP (binary) data types exhaustively. No IBM-specific extensions detected.","COBOL compiler/runtime arithmetic test suite testing ADD, SUBTRACT, MULTIPLY, DIVIDE, COMPUTE across all numeric data types"
dbc51a2ea5d194da2858abf7aecfcb0db6301360,/add.cbl,.cbl,673,True,24,1,0,23,0.0,fixed,3,False,False,0,0,0,0,0,6,ADD-PROG,true,unknown,COBOL-85,fixed,education-tutorial,demo,toy-or-hello-world,high,Simple demo/tutorial program showing ADD statement variants; no vendor-specific extensions,Demonstrates the various forms of the COBOL ADD statement
5c0e415ae1d751f9ba7eba4217f22a4e6769c412,/TESTPRG.CBL,.CBL,8781,True,254,22,3,229,0.013,fixed,4,False,False,2,0,36,0,0,18,BATCHPROCESS,true,gnucobol,COBOL-85,fixed,banking-finance,test,student-exercise,high,Uses ZUTZCWS and ZUTZCPD COPYBOOKs which are part of the ZUTZCOB unit testing framework for GnuCOBOL/OpenCOBOL,"Banking transaction processing: reading transactions from file, searching/creating bank and account records, updating account balances (saldo)"
4acdd8174fb3594df25e9bbda0c442b4954105ee,/edit4.cbl,.cbl,528,True,18,2,0,16,0.0,fixed,3,False,False,0,0,2,0,0,2,EDIT4,true,unknown,COBOL-85,fixed,education-tutorial,demo,student-exercise,high,Simple student exercise; no vendor-specific extensions. COBOL-85 inferred from END-PERFORM and INSPECT CONVERTING.,Demonstrates numeric editing pictures and INSPECT CONVERTING to manipulate star-pattern display
86a5a428797f2bde7e0243dcc6243234575995f7,/proof.ci.cbl,.cbl,286,True,11,2,1,8,0.111,fixed,0,False,False,0,0,0,0,0,1,hello,true,unknown,COBOL-85,fixed,demo-example,demo,toy-or-hello-world,high,Minimal hello-world style program; no vendor-specific extensions visible,"CI proof-of-concept or hello-world demonstration, likely used as a CI pipeline smoke test given the filename 'proof.ci.cbl'"
41b204f8b680381c36e54bfa4c7ddce0b75f9c64,/day1.cbl,.cbl,4329,True,155,19,23,113,0.169,free,4,False,False,0,0,15,0,0,21,AOC-COBOL-DAY-1,true,gnucobol,COBOL-85,free,education-tutorial,batch,student-exercise,high,"GnuCOBOL on Ubuntu 22.04, uses GnuCOBOL preprocessor directives ($IF/$ELSE/$END/$DISPLAY) and 78-level constants",Advent of Code 2024 Day 1 puzzle solution - list distance and similarity score calculation
7942f1c5a0ab1d7778ddced3b8fd12ea59057c8e,/SALEREPORT.CBL,.CBL,3046,True,103,10,0,93,0.0,fixed,3,False,False,0,0,5,0,0,3,SALEREPORT,true,ibm-mainframe,COBOL-85,fixed,retail-commerce,batch,student-exercise,high,"Standard COBOL-85 style with GOBACK, FILE STATUS, 88-level condition names, and PERFORM THRU EXIT pattern typical of IBM mainframe or compatible environments",Food sales data processing - reads a FOODSALE.DAT sequential file and reports records
61b01107a1599ae44776e7487966371d0a6d9274,/COBOL.cbl,.cbl,117,True,6,1,0,5,0.0,free,2,False,False,0,0,0,0,0,0,HELLO-WORLD,true,unknown,COBOL-85,free,demo-example,demo,toy-or-hello-world,high,"Minimal hello-world program; free-format layout, no vendor-specific extensions visible",Classic hello-world demonstration in Spanish ('Hola Mundo')
1abca2d1318fee9e2f9bd6ef0b5134e2703a5eae,/holaMundo.cbl,.cbl,283,True,10,1,0,9,0.0,fixed,2,False,False,0,0,0,0,0,0,HOLAMUNDO,true,unknown,unknown,fixed,demo-example,demo,toy-or-hello-world,medium,"Minimal hello-world program; PROGRAM-ID uses quoted string which is non-standard but accepted by some compilers (e.g. GnuCOBOL). No PROCEDURE DIVISION header present, using MAIN-PROCEDURE directly which is unusual.",Simple Hello World demonstration in Spanish
8475093fa94ac3049d95060963deab338b9566ca,/learning7.cbl,.cbl,908,True,28,2,3,23,0.115,fixed,4,False,False,0,0,0,0,0,3,learning7,true,gnucobol,COBOL-85,fixed,education-tutorial,demo,student-exercise,high,"Simple learning exercise, likely compiled with GnuCOBOL; Portuguese-language comments and variable names suggest Brazilian educational context",Brazilian Portuguese COBOL learning exercise about decision-making (tomadas de decisão)
7e6a851c1c992870a6aab549849f5072faa04c9e,/dressprt.cbl,.cbl,2910,True,94,17,14,63,0.182,fixed,4,False,False,0,0,4,0,0,5,DRESSPRT,true,ibm-mainframe,COBOL-74,fixed,utility-tooling,batch,production-like,high,"ANS COBOL 1972/1974 targeting IBM-360; comment in source explicitly states 'ANS COBOL (1972)'; uses RECORDING MODE, BLOCK CONTAINS, LABEL RECORDS ARE OMITTED, ASSIGN TO UT-S- style DDnames, CONSOLE IS CNSL SPECIAL-NAMES",Mainframe JCL/utility output post-processing; strips ANSI carriage-control characters and page-eject lines from IEBPTPCH print output of a PDS dump
38c57237c588f41d9aa53c8af5554cfecfd6e97b,/Third.cbl,.cbl,579,True,25,6,1,18,0.053,fixed,4,False,False,0,0,2,0,0,2,YOUR-PROGRAM-NAME,true,unknown,COBOL-85,fixed,education-tutorial,demo,toy-or-hello-world,high,Generic COBOL with SCREEN SECTION; placeholder PROGRAM-ID suggests a template or tutorial. SCREEN SECTION syntax is common in GnuCOBOL and Micro Focus but no vendor-specific extensions visible.,Simple demonstration of SCREEN SECTION and PERFORM VARYING loop
583d3176ee252b6ac0a317f53f0e558b6a3fe663,/SP2TEST.cbl,.cbl,5360,True,120,16,15,89,0.144,fixed,4,False,False,2,6,11,0,0,18,MAIN,true,micro-focus,COBOL-85,fixed,demo-example,test,snippet,medium,"Micro Focus COBOL with SP2 GUI library (screen painting toolkit); uses COMP-5, POINTER, SET ADDRESS OF, REDEFINES on POINTER, and REPOSITORY paragraph — typical of Micro Focus Object COBOL or Net Express era. Program alias 'GSSERP.SP2TEST' and CALL 'GSSERP.SP2' suggest a namespace convention used in Micro Focus or similar vendor environment.",SP2 GUI screen panel test program — exercises the SP2 windowing/screen library with panel ITS014
98864fdb658f31bf2c1eeefbaf1f210044a4cc03,/DATABASE.cbl,.cbl,2078,True,69,13,0,56,0.0,fixed,4,False,False,3,0,1,0,0,3,DATABASE-MANAGEMENT,true,unknown,COBOL-85,fixed,manufacturing-logistics,subprogram,snippet,medium,"Generic COBOL-85 style; no vendor-specific extensions visible. Uses indexed files with DYNAMIC access and END-IF, consistent with COBOL-85 minimum. Could compile under GnuCOBOL or Micro Focus.","Supply chain and blockchain transaction database management; opens and manages three indexed files for supply chain records, blockchain records, and transactions."
9e67eb206a82cee48f7b28da2589ee8b3931ad22,/COBOL.cbl,.cbl,683,True,39,9,0,30,0.0,free,3,False,False,0,0,2,0,0,2,FIZZBUZZ,true,unknown,COBOL-85,free,demo-example,demo,toy-or-hello-world,high,"Standard COBOL-85 features used; free-format layout, no vendor-specific extensions",Classic FizzBuzz programming exercise implemented in COBOL
a52b57824d1b18a9b07c4565790befbeda13b64c,/frmArchivoSecuencial.cbl,.cbl,3218,True,77,8,0,69,0.0,fixed,1,False,False,0,0,0,0,0,8,,,,,,,,,,,
0ac4e355cf561062d25e68fe42f571cb468aa3e3,/ENTER-ACCOUNT.cbl,.cbl,1799,True,63,12,6,45,0.118,fixed,4,False,False,0,0,6,0,0,3,ENTER-ACCOUNT,true,gnucobol,COBOL-85,fixed,banking-finance,batch,student-exercise,high,GnuCOBOL (cobc) as indicated by 'Tectonics: cobc' comment; standard COBOL-85 style with indexed file I/O,Simple account entry program for a banking/account management context
5da3983a020d6636ee53d815de586b6d27e77ecd,/run_game.cbl,.cbl,9012,True,261,74,13,174,0.07,fixed,4,False,False,3,18,8,0,0,17,run-game,true,gnucobol,COBOL-85,fixed,demo-example,subprogram,student-exercise,high,"GnuCOBOL (OpenCOBOL) - uses COB_SCREEN_EXCEPTIONS, COB_SCREEN_ESC, COB_EXIT_WAIT environment variables, COB-SCR-F12, COB-SCR-ESC screen status constants, and cob-color-* constants typical of GnuCOBOL screen handling",Wordle-style word guessing game implemented in COBOL
817893cc9a4196c3d2caec8facc8715b44920dbe,/WeAre.cbl,.cbl,332,True,10,0,0,10,0.0,free,4,False,False,0,0,0,0,0,0,WE-ARE,true,unknown,COBOL-85,free,demo-example,demo,toy-or-hello-world,high,Minimal program with no vendor-specific extensions; free-format layout with all four divisions present but empty DATA and ENVIRONMENT divisions,"Trivial display program, likely a greeting or team identifier ('We Are TG!!!')"
19588a488305cd39a5cc59766625f67dc7cf5d37,/PROJETO CIFRA DE CESAR.cbl,.cbl,22072,True,437,89,71,277,0.204,fixed,4,False,False,0,0,11,0,0,29,CIFRA,true,gnucobol,COBOL-85,free,education-tutorial,demo,student-exercise,high,"GnuCOBOL with $set sourceformat""free"" directive and SCREEN SECTION; written by a Brazilian student (Portuguese comments, date 2022-2023)",Caesar cipher (Cifra de César) implementation as a student programming exercise
89a14aee0778e7511254b7b99fbd2752b8efb007,/ExpenseReport.cbl,.cbl,2058,True,60,4,0,56,0.0,fixed,3,False,False,0,0,3,0,0,7,EXPENSE-REPORT,true,unknown,COBOL-85,fixed,demo-example,demo,student-exercise,high,"Generic COBOL-85; no vendor-specific extensions. Uses EVALUATE, END-IF, END-EVALUATE, OCCURS with INDEXED BY — all standard COBOL-85 features.",Simple expense report demonstration showing meal and travel expenses with over-limit markers
0cf05560fc197a17a92aa4964b240e7ef7c5702d,/read-emp.cbl,.cbl,1355,True,42,2,0,40,0.0,fixed,4,False,False,0,0,2,0,0,7,READ-EMP1,true,gnucobol,COBOL-85,fixed,education-tutorial,batch,student-exercise,high,Simple file-reading program consistent with GnuCOBOL or similar open-source COBOL; LINE SEQUENTIAL organization and GOBACK usage are common in GnuCOBOL tutorials,"Employee file reading exercise, likely a student assignment involving sequential file I/O"
92975448cc9aede405dbbcf918fa5adca5310f9b,/calc.cbl,.cbl,109,True,6,1,0,5,0.0,free,2,False,False,0,0,0,0,0,0,HELLO-WORLD,true,unknown,unknown,free,demo-example,demo,toy-or-hello-world,high,Minimal hello-world program; no dialect-specific features present to distinguish vendor or standard,Classic hello-world demonstration program
316959db6b5a8b5c6a2ee4d4defd4857f9779908,/ingresoEstudiante.cbl,.cbl,2881,True,77,13,6,58,0.094,fixed,3,False,False,0,0,3,0,0,20,EJERCICIO-CLASE,true,gnucobol,COBOL-85,fixed,education-tutorial,demo,student-exercise,high,GnuCOBOL (cobc) as indicated by 'Tectonics: cobc' comment; standard COBOL-85 constructs used,"Student classroom exercise evaluating university applicant eligibility based on age, secondary school completion, and career status"
94ceac1b1f90bc53fee9f6999a1352179fea8dbf,/FinalProject-ValidData.cbl,.cbl,12040,True,305,5,67,233,0.223,fixed,4,False,False,0,0,6,0,0,53,FinalProject-ValidData,true,gnucobol,COBOL-85,fixed,education-tutorial,batch,student-exercise,high,"Student project likely compiled with GnuCOBOL; uses relative file paths with '../../../data/', line-sequential files, and GOBACK. No IBM-specific extensions detected.","University final project for a COBOL course (2022), validating retail transaction records from a flat file"
41b66d35673782f354cb8cc4bdf91ac781be02de,/Pro1.cbl,.cbl,6062,True,204,2,11,191,0.054,fixed,3,False,False,0,0,45,0,0,5,PRO1,true,unknown,COBOL-85,fixed,education-tutorial,demo,student-exercise,high,"Generic COBOL-85; no vendor-specific extensions. Uses GOBACK, END-COMPUTE, ON SIZE ERROR, and continuation lines consistent with COBOL-85. Likely compiled with GnuCOBOL or similar open-source compiler given educational context.","COBOL arithmetic operations tutorial/exercise demonstrating ADD, SUBTRACT, MULTIPLY, DIVIDE, and COMPUTE verbs with various syntax forms"
22eac18266f5d0a55aea7484270115dc515bd6df,/pizza.cbl,.cbl,6578,True,217,56,15,146,0.093,fixed,4,False,False,0,0,16,0,0,20,pizza,true,gnucobol,COBOL-85,fixed,education-tutorial,demo,student-exercise,high,"Brazilian Portuguese student exercise, likely compiled with GnuCOBOL; uses decimal-point is comma (Brazilian locale), lowercase keywords, and OCCURS table with bubble sort",Student exercise computing pizza price per cm² and sorting pizzas by price efficiency
30404ce4c54634bf430d2d154c10c45b8b1eebc1,/cobol.b7b1e314614c.CBL,.CBL,4,True,1,0,0,1,0.0,free,0,False,False,0,0,0,0,0,0,,,,,,,,,,,
9712f6816625e6c1a9d0b69de5e9bbfaaede9e0a,/test.cbl,.cbl,302889,True,6731,335,1727,4669,0.27,fixed,4,True,False,52,73,246,27,2,289,FH02P0M3,true,ibm-mainframe,COBOL-85,fixed,insurance,batch,production-like,high,"IBM mainframe COBOL, likely compiled with VS COBOL II or IBM COBOL for z/OS (comment *VSCOBII85 suggests VS COBOL II targeting COBOL-85 standard). Part of a large FEP (Federal Employee Program) claims processing system with DB2 embedded SQL and extensive copybook usage.","Federal Employee Program (FEP) health insurance claims processing - routes claims through benefits administration, pricing, payment calculation, COB (Coordination of Benefits), and subscriber liability processing"
2c2d9ea22b5cd9f4ed18fbb7f2e6b2a897783ed6,/EX01.CBL,.CBL,1035,True,41,13,0,28,0.0,fixed,4,False,False,0,0,0,0,0,3,EM01-EX01,true,gnucobol,COBOL-85,fixed,education-tutorial,demo,student-exercise,high,Student exercise likely compiled with GnuCOBOL; FATEC-SP is a Brazilian technical college. DECIMAL-POINT IS COMMA and AT screen positioning suggest GnuCOBOL or similar open-source compiler used in Brazilian education.,Brazilian technical college (FATEC-SP) student exercise computing triangle area
102a8bf2898cd1123c4194efce283b1c6280e96a,/TP08-CALC-SAL-LIQUIDO.cbl,.cbl,2985,True,75,10,9,56,0.138,fixed,4,False,False,0,0,2,0,0,7,TP08-CALC-SAL-LIQUIDO,true,gnucobol,COBOL-85,fixed,payroll-hr,subprogram,student-exercise,high,"Brazilian Portuguese COBOL student exercise, likely compiled with GnuCOBOL; uses DECIMAL-POINT IS COMMA with comma as decimal separator in numeric literals (e.g. 2112,00), consistent with Brazilian GnuCOBOL usage",Brazilian payroll IRRF (Imposto de Renda Retido na Fonte) income tax withholding calculation on net salary
e71ef44ebcccb8cbc1ad27d9722aaeaa5efe92eb,/utilBreadDelRecs.cbl,.cbl,6623,True,187,36,23,128,0.152,fixed,4,False,False,1,0,5,0,0,20,utilBreadDelRecs,true,gnucobol,COBOL-85,fixed,manufacturing-logistics,batch,production-like,high,"Likely compiled with GnuCOBOL (formerly OpenCOBOL) on AIX/Linux; uses COMP-X, indexed file with LOCK MODE MANUAL, file paths under /var/fedex/ssp/ on AIX 6.1",FedEx SmartPost internal logistics - reading and displaying records from an OPF (Outbound Package File) delete-record database
51981f6e74539bae160cc69f8bbcc4b42928059a,/LOANAMORTSCREENS.cbl,.cbl,2897,True,79,19,9,51,0.15,fixed,4,False,False,3,1,4,0,0,7,LOANAMORTSCREENS,true,micro-focus,COBOL-85,fixed,banking-finance,online-cics,student-exercise,high,"Micro Focus COBOL; copyright header explicitly states '(c) Copyright [2019] Micro Focus or one of its affiliates'; uses SCREEN SECTION with LINE/COL clauses and COPY for screen section, consistent with Micro Focus dialect",Loan amortization schedule calculation and display
52ae82158ee5f93d7bb5234ed7321a33effd99f7,/solution-1a.cbl,.cbl,1476,True,54,11,1,42,0.023,fixed,4,False,False,0,0,3,0,0,7,solution-1a,true,gnucobol,COBOL-85,fixed,education-tutorial,batch,student-exercise,high,Standard COBOL-85 compatible; likely compiled with GnuCOBOL given LINE SEQUENTIAL and file naming conventions typical of open-source solutions,Advent of Code puzzle solution - counts trees ('#') encountered on a slope of 3-right-1-down through a map grid
00a2cd4ab923832402f26e952c239822b9f98d4f,/100Prisoners.cbl,.cbl,4159,True,114,22,24,68,0.261,fixed,3,False,False,0,0,12,0,0,15,100-PRISONERS,true,gnucobol,COBOL-85,fixed,demo-example,demo,student-exercise,high,Compiled with GnuCOBOL (cobc) as indicated by 'Tectonics: cobc' comment; uses FUNCTION RANDOM and EXIT PERFORM which are COBOL-85/2002 features,"Simulation of the 100 prisoners problem, a mathematical/probability puzzle"
28b5d64ce6c1ea798455ab491ccf809ed084d51f,/StoprunGobackLastStatement.rdz.cbl,.cbl,527,True,27,1,0,26,0.0,fixed,1,False,False,0,0,0,0,0,0,Pgm,,,,,,,,,,
a86fc233715ed971c6719f42c8420f6045b02885,/Desafio.Loteria.cbl,.cbl,14977,True,354,65,40,249,0.138,fixed,4,False,False,0,0,22,0,0,37,Desafio,true,gnucobol,COBOL-85,free,demo-example,demo,student-exercise,high,"GnuCOBOL free-format source with $set sourceformat""free"" directive; uses FUNCTION RANDOM and FUNCTION CURRENT-DATE which are COBOL-85/2002 intrinsic functions; Portuguese-language comments and identifiers suggest Brazilian GnuCOBOL usage",Lottery simulation (Loteria) challenge/exercise - simulates a lottery draw and checks user-picked numbers against randomly generated ones
704e6c20e8a6e08ad760a0a37d7c52fe6a194772,/HELLO.cbl,.cbl,1890,True,41,2,25,14,0.641,fixed,3,False,False,0,0,2,0,0,2,HELLO,true,gnucobol,COBOL-85,fixed,demo-example,demo,toy-or-hello-world,high,"opencobol sample by Tokyo System House Co., Ltd. (opencobol@tsh-world.co.jp), likely targeting GnuCOBOL/OpenCOBOL",Simple counting demonstration program from the opencobol project by Tokyo System House
bf07fddedb87e965c6cf4b09498e927aaefbb507,/helloworld.cbl,.cbl,914,True,22,0,9,13,0.409,fixed,2,False,False,0,0,0,0,0,0,HELLO,true,ibm-mainframe,COBOL-85,fixed,demo-example,demo,toy-or-hello-world,high,"Likely IBM mainframe COBOL compiled via IBM DBB (Dependency Based Build) with Git and Jenkins CI/CD pipeline, as mentioned in comments",Hello-world style test program used to validate IBM DBB/Git/Jenkins COBOL build pipeline
520a60acc2ab7952025202063936620cb44511ae,/go.cbl,.cbl,345,True,15,3,0,12,0.0,fixed,3,False,False,0,0,0,1,0,1,HELLO,true,unknown,COBOL-85,fixed,demo-example,demo,toy-or-hello-world,high,Simple hello-world style program with GO TO; no vendor-specific extensions visible,Minimal demonstration of paragraph control flow using GO TO
e85942111ec01d69897bbe25b972c31425b56035,/æ®å±ççæ­»æ£å.CBL,.CBL,41674,False,0,0,0,0,0.0,unknown,0,False,False,0,0,0,0,0,0,,,,,,,,,,,
93c432ef6c1fb8c761d758ea69d879afd6d04571,/DHWSAVE.cbl,.cbl,30731,True,793,45,226,522,0.302,fixed,3,False,False,0,0,31,33,0,76,DHWSAVE,true,ibm-mainframe,COBOL-85,fixed,utility-tooling,batch,production-like,high,"Enterprise COBOL v6.3 for z/OS, explicitly stated in program header and opening screen display","Domestic hot water energy savings calculator — computes water usage, energy consumption (BTUs), fuel consumption, and cost for initial vs. new shower conditions, then reports savings"
63bbf6ddddb4bc9bae97765ae28fe610e007214a,/helloworld.cbl,.cbl,1134,True,14,0,1,13,0.071,fixed,4,False,False,0,0,0,0,0,0,HELLO,true,gnucobol,COBOL-85,fixed,demo-example,demo,toy-or-hello-world,high,"Targets Hercules mainframe emulator; SOURCE-COMPUTER GNULINUX, OBJECT-COMPUTER HERCULES; PROGRAM-ID uses quoted literal which is common in older/IBM-style but here paired with GnuCOBOL toolchain",Hello World validation of a base COBOL installation on GnuCOBOL/Hercules
0666420c5f2990191d57a72972e15d70f39c70f4,/ox.cbl,.cbl,5360,True,166,8,0,158,0.0,fixed,3,False,False,0,0,37,0,0,13,OX,true,unknown,COBOL-85,fixed,demo-example,demo,student-exercise,high,Standard COBOL-85 features used; no vendor-specific extensions visible. Could run on GnuCOBOL or similar open-source compiler.,Tic-tac-toe (noughts and crosses) game implementation
3860a962ef10c3a1c388c6e68a091f6a3ce45533,/FizzBuzz.CBL,.CBL,1787,True,52,11,0,41,0.0,fixed,4,False,False,0,0,2,0,0,11,FIZZ-BUZZ,true,unknown,COBOL-85,fixed,demo-example,demo,toy-or-hello-world,high,"Standard COBOL-85 with intrinsic functions (MOD, TRIM); no vendor-specific extensions visible. Could compile under GnuCOBOL or similar.",Classic FizzBuzz programming exercise implemented in COBOL
3aa64bb1bfecd6bc69ead0fdb5c39c78571d26c1,/sample_34_screen.cbl,.cbl,1688,True,53,0,7,46,0.132,fixed,4,False,False,0,0,0,0,0,8,SAMPLE_34_SCREEN,true,gnucobol,COBOL-85,fixed,education-tutorial,demo,student-exercise,high,GnuCOBOL sample demonstrating SCREEN SECTION with CRT STATUS and CURSOR IS clauses; Japanese-language comments suggest Japanese educational context,"Japanese-language tutorial demonstrating SCREEN SECTION, ACCEPT/DISPLAY with screen fields, and CRT STATUS handling"
a48665592081c4ecd0a5509ab21e3aaa67f98bd4,/Project1.cbl,.cbl,2316,True,63,4,6,53,0.102,fixed,4,False,False,0,0,10,0,0,4,PROJECT-1,true,gnucobol,COBOL-85,fixed,education-tutorial,batch,student-exercise,high,GnuCOBOL (cobc) as stated in the Tectonics comment; LINE SEQUENTIAL organization typical of GnuCOBOL/open-source COBOL,"Student recording system for a course project (Project 1, dated October 2021)"
803e24454f76e8a845cc9cc69e37821b2d2d6e30,/cadcli.cbl,.cbl,11360,True,320,37,1,282,0.004,fixed,4,False,False,4,1,15,0,0,57,cadcli,true,gnucobol,COBOL-85,fixed,education-tutorial,batch,student-exercise,high,"GnuCOBOL (OpenCOBOL) training exercise using indexed file I/O, SCREEN SECTION, COMP-X, and ACCEPT/DISPLAY extensions typical of GnuCOBOL on Linux/Windows","COBOL training exercise (Treinamento Cobol, 2012) for a simple customer registration (cadastro de clientes) system"
d7c6bf6e0d82e766392ffd08fcea05df0f64a06b,/challenge.cbl,.cbl,1211,True,44,5,0,39,0.0,fixed,4,False,False,0,0,2,0,0,6,CHALLENGE,true,gnucobol,COBOL-85,fixed,demo-example,batch,student-exercise,high,"Likely GnuCOBOL; uses ORGANIZATION IS LINE SEQUENTIAL and FUNCTION NUMVAL-C, common in GnuCOBOL/open-source COBOL solutions",Advent of Code or similar programming challenge - reads calorie values from a file and finds the highest total
171a47eee8aa9141ec62a667b73048e0d6c6b5a8,/ABAP_NESTEDLOOP_EXAMPLE.cbl,.cbl,566,True,27,4,7,16,0.304,unknown,0,False,False,0,0,0,0,0,0,,,,,,,,,,,
276284e9c4f52f2349b7d53b2268c9d22faf428a,/MyGrade.cbl,.cbl,2442,True,83,12,5,66,0.07,fixed,4,False,False,0,0,4,0,0,19,MYGRADE,true,gnucobol,COBOL-85,fixed,education-tutorial,batch,student-exercise,high,"Likely compiled with GnuCOBOL or similar open-source COBOL; uses LINE SEQUENTIAL, HIGH-VALUE level-88, GOBACK, and EVALUATE TRUE — all standard COBOL-85 features. No vendor-specific extensions detected.","Student grade calculation program — reads course grades from a file, converts letter grades to numeric values, and computes averages (overall, science, CS)."
ecc10cb43b6c237e224cabb53c8bff70ddfc3409,/MARBLE11.cbl,.cbl,37422,True,462,0,176,286,0.381,fixed,4,True,True,0,0,21,0,1,35,MARBLE11,true,ibm-mainframe,COBOL-85,fixed,demo-example,online-cics,production-like,high,IBM CICS/DB2 online transaction program; uses EXEC CICS and EXEC SQL with DB2 table declarations and SQLCA; fixed-format 80-column layout typical of IBM mainframe COBOL,Marble inventory management demo application (likely IBM Z/CICS marbles sample app); manages marble color inventory via CRE/UPD/DEL CICS transactions against DB2 tables EVENT.MARBLE and EVENT.COLOR
2fdefde8a5e98fbcdbc4b22e9ce7c8211202538e,/part1.cbl,.cbl,2823,True,92,18,0,74,0.0,fixed,4,False,False,0,0,5,0,0,12,AOC-DAY1-PART1,true,gnucobol,COBOL-85,fixed,demo-example,batch,student-exercise,high,"Likely GnuCOBOL on PC; SOURCE-COMPUTER/OBJECT-COMPUTER set to IBM-PC, LINE SEQUENTIAL file organization, relative path to input.txt","Advent of Code puzzle solution - Day 1 Part 1, reads lines from input.txt and sums two-digit numbers formed by first and last digit on each line"
09e29f882560fe3ab107f2abf85b99d063c9d3d2,/progvar.cbl,.cbl,1559,True,57,14,6,37,0.14,fixed,0,False,False,0,0,0,0,0,7,Aluno,true,gnucobol,COBOL-85,fixed,education-tutorial,demo,student-exercise,high,GnuCOBOL (cobc) as indicated by 'Tectonics: cobc' comment; student exercise on variable usage,Student exercise demonstrating variable declaration and basic arithmetic in COBOL; computes average grade for a student
1223998bf4b88da3ce0910fdfb87c5c2b4df7071,/bankstatementsave.cbl,.cbl,3666,True,105,10,10,85,0.105,fixed,4,False,False,0,0,0,0,0,11,BANK-STATEMENT-SAVE,true,gnucobol,COBOL-85,fixed,banking-finance,subprogram,student-exercise,high,GnuCOBOL (cobc) indicated by 'Tectonics: cobc' comment and use of *> inline comments,"Bank account operations: balance inquiry, withdrawal, deposit, loan"
36e5d5e8217f9d304abd7fde2a455bad8812f287,/PersonDetection.cbl,.cbl,8378,False,0,0,0,0,0.0,unknown,0,False,False,0,0,0,0,0,0,,,,,,,,,,,
a8a935873dd8b8089afdd54d3613c701d4b8aca8,/CBL0004.cbl,.cbl,6215,True,160,0,45,115,0.281,fixed,4,False,False,0,0,7,0,2,54,CBL0004,true,ibm-mainframe,COBOL-85,fixed,banking-finance,batch,student-exercise,high,"IBM-style mainframe COBOL with RECORDING MODE F, COMP-3 packed decimal, and FUNCTION CURRENT-DATE; consistent with IBM Enterprise COBOL or similar mainframe environment","Account management financial report generation; reads account records and prints formatted financial report with account number, name, credit limit, and balance"
ff7ef55554e181bdaaf822bde5726df1f4d578b8,/TEST01.cbl,.cbl,7614,True,220,43,37,140,0.209,fixed,4,False,False,2,6,10,0,0,23,TEST01,true,gnucobol,COBOL-85,fixed,utility-tooling,batch,production-like,medium,"Likely GnuCOBOL or Fujitsu/NEC COBOL on Linux/Unix; uses BINARY-LONG SYNC, COMP-X, RECORD BINARY SEQUENTIAL, and Japanese comments/half-width katakana display strings. Could also be Fujitsu NetCOBOL.","File I/O test utility that reads a binary sequential input file and writes all 256 byte values (0x00-0xFF) to an output file, with file dump and datetime logging via external subprograms."
623dbbbe915a0bc1eae3dc5b94789a8956dfc957,/BirthDateProgram.cbl,.cbl,719,True,20,1,0,19,0.0,fixed,3,False,False,0,0,0,0,0,4,BIRTHDATE,true,unknown,COBOL-85,fixed,education-tutorial,demo,toy-or-hello-world,high,"Simple educational program, no vendor-specific extensions; compatible with any standard COBOL-85 compiler",Simple demonstration of COBOL group item / subfield access using a birth date structure
bf250ce994720d56983f03b01e92e66538ee785e,/HolaMundo.cbl,.cbl,199,True,18,9,1,8,0.111,free,3,False,False,0,0,0,0,0,0,HolaMundo,true,unknown,COBOL-85,free,education-tutorial,demo,toy-or-hello-world,high,"Simple hello-world program; 'enviroment division' is a typo (misspelled ENVIRONMENT). Free-format layout, no vendor-specific extensions.",Spanish-language beginner COBOL exercise ('Mi primer programa en Cobol' = 'My first program in Cobol')
a5f17d84c9756814c7cdb9785174ea5a6b6ee003,/section.cbl,.cbl,817,True,28,6,0,22,0.0,fixed,4,False,False,0,0,0,0,0,5,HELLO,true,ibm-mainframe,COBOL-85,fixed,education-tutorial,demo,toy-or-hello-world,medium,Simple demo/tutorial program with JCL reference in DISPLAY statement; likely IBM mainframe educational example,Basic COBOL tutorial demonstrating division and section structure
14211c9ed312c6015256d143372a90a503450812,/A3-SalesComm.cbl,.cbl,10499,True,294,9,61,224,0.214,fixed,4,False,False,0,0,16,0,0,81,A3-SalesComm,true,gnucobol,COBOL-85,fixed,education-tutorial,batch,student-exercise,high,Student assignment compiled with GnuCOBOL; uses relative file paths typical of GnuCOBOL/OpenCOBOL student environments; GOBACK and END-IF/END-PERFORM structured syntax consistent with COBOL-85,College/university programming assignment (Assignment 3) for a sales commission report
1f21d7376158a11171176e3c9c8439f1ac80745a,/lista11ex3indexado.cbl,.cbl,23566,True,549,91,102,356,0.223,fixed,4,False,False,0,0,32,0,0,29,lista11ex3indexado,true,gnucobol,COBOL-85,free,education-tutorial,batch,student-exercise,high,"GnuCOBOL with $set sourceformat""free"" directive; Brazilian Portuguese comments and identifiers; student exercise file dated 2020",Student exercise for a COBOL course in Brazil; manages an indexed student registration file (cadastro de alunos) with CRUD operations
bbb6460f126207db88d88f450c4166df8e2ad1f2,/HelloCobol.cbl,.cbl,202,True,7,0,0,7,0.0,fixed,3,False,False,0,0,0,0,0,0,HELLO-COBOL,true,unknown,COBOL-85,fixed,demo-example,demo,toy-or-hello-world,high,Minimal hello-world program; END PROGRAM terminator is consistent with COBOL-85+. No vendor-specific extensions visible.,Classic hello-world demonstration program
9e74953d4f34142c188885ae83b3a2cdeb4a863e,/ENEB006.cbl,.cbl,648,True,27,8,0,19,0.0,fixed,3,False,False,1,2,0,0,0,2,ENEB006,true,gnucobol,COBOL-85,fixed,education-tutorial,demo,snippet,medium,"Likely GnuCOBOL based on 'program-id ... as ""ENEB006""' syntax and free-style structure; part of a small suite (ENEB/ENEF naming convention)",Small educational or demo program suite with ENEB/ENEF naming convention
2b87263b61674ccfe29c02a04481f1ef12683bb8,/Z92415.CBL(SAMPANEL).cbl,.cbl,1219,True,34,4,1,29,0.033,fixed,4,False,False,0,2,1,0,0,9,SAMPANEL,true,ibm-mainframe,COBOL-85,fixed,demo-example,demo,student-exercise,high,IBM z/OS ISPF panel interface; calls ISPLINK for VDEFINE and DISPLAY; comment references IBM docs for z/OS,IBM ISPF panel interaction sample demonstrating VDEFINE and DISPLAY calls via ISPLINK
79f716c7c8cf32c30d290060d3948a6cb001c953,/star-10-2.cbl,.cbl,647,True,30,7,0,23,0.0,fixed,3,False,False,0,0,2,0,0,1,STAR-10-1,true,unknown,COBOL-85,fixed,education-tutorial,demo,student-exercise,high,"Simple educational program, no vendor-specific extensions; GOBACK and PERFORM THRU suggest at least COBOL-85","Simple star-printing exercise, likely a student assignment"
daa2fabcb5de7e9c87c98c377cd94b4eab944496,/Train.CBL,.CBL,16497,True,218,0,0,218,0.0,fixed,0,False,False,0,0,6,1,0,89,TRAIN,true,unknown,COBOL-85,fixed,education-tutorial,batch,student-exercise,high,Standard COBOL-85 with intrinsic function CURRENT-DATE; no vendor-specific extensions visible. Likely compiled with GnuCOBOL or similar open-source compiler for a student exercise.,Train schedule lookup and report generation exercise
2c4ab653bed366628866bbec4f36ba51b5538267,/calculate-average-grade.cbl,.cbl,804,True,35,4,0,31,0.0,unknown,4,False,False,0,0,2,0,0,4,AVERAGE_GRADE_CALC,true,unknown,COBOL-85,free,education-tutorial,demo,student-exercise,high,"Generic COBOL-85 style; no vendor-specific extensions. Uses END-READ, END-IF, END-PERFORM inline terminators consistent with COBOL-85+.",Simple grade averaging exercise reading from a flat text file
331264153541a2246f3d2895a0d585b03aeacc17,/any7dev.cbl,.cbl,6354,True,225,42,59,124,0.322,fixed,3,False,False,0,0,7,0,0,8,RETO-02,true,gnucobol,COBOL-85,fixed,education-tutorial,demo,student-exercise,high,"Educational exercise program, likely compiled with GnuCOBOL; Spanish-language comments and variable names suggest Latin American or Spanish student context","Programming exercise (Reto-02) demonstrating operators, control structures, and an extra challenge involving number filtering; part of a structured programming course or challenge series"
06f1ab1690c529ebbbfe16ae7e8ac56ce4a2c804,/world.cbl,.cbl,115,True,5,0,0,5,0.0,free,2,False,False,0,0,0,0,0,0,HELLO-WORLD,true,unknown,COBOL-85,free,demo-example,demo,toy-or-hello-world,high,"Minimal hello-world program; free-format layout, no vendor-specific extensions visible",Classic hello-world demonstration program
2c29f246f30a3d0fb98b65377cc516f1422f6a31,/MENSFEC.cbl,.cbl,1632,True,44,0,0,44,0.0,fixed,0,False,False,0,0,0,0,0,38,,,,,,,,,,,
0daa100cec41cc078bdcc69bed21708e4929e6e4,/picob_nojcl.cbl,.cbl,1033,True,27,0,0,27,0.0,fixed,4,False,False,0,0,1,0,0,3,PI,true,unknown,COBOL-85,fixed,demo-example,demo,student-exercise,high,Uses COMPUTATIONAL-2 (floating-point) which is common in IBM and compatible environments; PROGRAM-ID with quoted literal suggests older or IBM-style dialect,Mathematical computation of Pi using numerical integration (rectangle/midpoint rule)
734d764aee5152775c1e1c38de80a0e6c062164f,/CGZUNIT.cbl,.cbl,4544,True,142,3,3,136,0.022,fixed,4,False,True,2,0,16,0,1,21,CGZUNIT,true,ibm-mainframe,COBOL-85,fixed,banking-finance,online-cics,student-exercise,high,IBM CICS online program using DFHAID and BMS map CBZMAP; TRANSID ZC70 suggests mainframe CICS environment,Bank account registration screen; validates an account number and displays account details
55b890a05cef0f131781dbba49e9f946e711d804,/create_phone_number.cbl,.cbl,438,True,16,4,1,11,0.083,fixed,3,False,False,0,0,0,0,0,2,CreatePhoneNumber,true,unknown,COBOL-85,fixed,demo-example,subprogram,student-exercise,high,Simple subprogram using STRING verb and reference modification; no vendor-specific extensions visible. Comment in Spanish ('AQUI VAMOS') suggests Latin American or Iberian origin.,Kata-style exercise to format a 10-digit number into a phone number string like (XXX) XXX-XXXX
d2dca37f03853b76ed56c06ee415a6c4e7ab4674,/VSAMTODB.cbl,.cbl,9428,True,270,38,79,153,0.341,fixed,4,True,False,1,0,13,0,0,7,VSAMTODB,true,ibm-mainframe,COBOL-85,fixed,other,batch,production-like,high,IBM mainframe DB2 embedded SQL batch program; SOURCE-COMPUTER/OBJECT-COMPUTER IBM-370; DECIMAL-POINT IS COMMA (French locale); DB2 schema prefix API5,Music album data migration utility — synchronises a VSAM KSDS file to a DB2 table (ALBUM)
6785506388d5a1dab52a085275b2ad407d22a4e3,/hello.cbl,.cbl,1590,True,55,13,6,36,0.143,fixed,3,False,False,0,0,2,0,0,8,HELLO,true,gnucobol,COBOL-85,fixed,demo-example,demo,toy-or-hello-world,high,Template generated by GnuCOBOL (cobc); 'Tectonics: cobc' comment header is characteristic of GnuCOBOL project scaffolding,"Simple arithmetic demonstration: addition, division with remainder, multiplication, and factorial computation"
1a9e18ebdc2e8ae5dbb925c9773e2a6fa5559d31,/MPCITI06.cbl,.cbl,27330,True,599,99,163,337,0.326,fixed,4,False,False,2,0,18,0,2,50,MPCITI06,true,ibm-mainframe,COBOL-85,fixed,banking-finance,batch,production-like,high,"IBM mainframe batch COBOL, ISBAN/Santander banking environment, developed by Viewnext. Uses IBM-3270 as SOURCE/OBJECT-COMPUTER, RECORDING MODE IS F, BLOCK CONTAINS 0 RECORDS, COMP-3, and DECIMAL-POINT IS COMMA (Spanish locale).","ISBAN (Santander banking IT) daily operations batch processing; reads daily operations file (MPCITIE1, 400 chars) and writes CSV-format output file (MPCITIS1, 350 chars)."
00bc41ea774a34c9a10f9539645bed4bd9244fa1,/compare.cbl,.cbl,569,True,21,3,1,17,0.056,fixed,3,False,False,0,0,0,0,0,2,compare,true,unknown,COBOL-85,fixed,education-tutorial,demo,toy-or-hello-world,high,Simple standard COBOL-85 program; no vendor-specific extensions visible,Basic numeric comparison exercise
079ae0272eb1e04b0339ff9958613f0b197f1a6e,/HelloWorld.cbl,.cbl,117,True,6,1,0,5,0.0,free,2,False,False,0,0,0,0,0,0,HELLO-WORLD,true,unknown,COBOL-85,free,demo-example,demo,toy-or-hello-world,high,Minimal free-format Hello World; no vendor-specific extensions visible. COBOL-85 assumed as baseline for STOP RUN and DISPLAY syntax.,Classic Hello World demonstration program
056d6e77f0032316e7c9b70377bee76f246600d6,/star-10.cbl,.cbl,722,True,34,6,0,28,0.0,fixed,2,False,False,0,0,5,0,0,0,STAR-10-1,true,unknown,COBOL-85,fixed,education-tutorial,demo,toy-or-hello-world,high,Simple educational program; PERFORM n TIMES and END-PERFORM are COBOL-85 features; no vendor-specific extensions visible,"Simple star-printing exercise, likely a student assignment"
0ae115db6d5ccf4d323f7b9287f29e08923b5349,/CBUP0003.cbl,.cbl,5819,True,170,0,15,155,0.088,fixed,4,False,False,4,1,16,0,0,12,CBUP0003,true,gnucobol,COBOL-85,fixed,test-suite,subprogram,production-like,high,Part of the CBUNIT testing framework; MVS/WIN conditional comments suggest cross-platform portability; GnuCOBOL or similar open-source COBOL likely target given WIN path and CBUNIT naming,CBUNIT testing framework - reads and processes options/configuration from an INI file for a COBOL unit testing tool
8d715e60afd8a0de92a7d6dfbced025fed3558c9,/epscmort.cbl,.cbl,8834,True,251,19,52,180,0.224,fixed,4,True,True,5,5,10,0,0,14,EPSCMORT,true,ibm-mainframe,COBOL-85,fixed,demo-example,online-cics,production-like,high,IBM CICS/COBOL program targeting IBM Flex-ES (mainframe emulator); part of the EPSDEMOS 2008 / IBM demo suite by Jim Hildner. Uses EXEC CICS and commented-out EXEC SQL (DB2) blocks.,IBM CICS mortgage calculator demo (EPSDEMOS suite); demonstrates CICS debugging and mortgage payment calculation via linked subprograms
55eba1acbb30e2248297b8c5e26ecf77e317103b,/Program1.cbl,.cbl,6857,True,213,48,22,143,0.133,fixed,4,False,False,0,0,23,0,0,12,Program1,true,gnucobol,COBOL-85,free,demo-example,demo,student-exercise,high,"GnuCOBOL free-format source indicated by '$set sourceformat""free""' compiler directive; Portuguese-language comments and Brazilian locale (decimal-point is comma) suggest GnuCOBOL on PC","Lottery number betting simulation (Mega-Sena style): user picks 6-10 numbers, program randomly draws 6 numbers and checks for a win"
fb45342253cbf5cb40b475d190302be80eac3176,/dtehr.cbl,.cbl,2073,True,63,11,6,46,0.115,fixed,3,False,False,0,0,0,0,0,5,DTEHR,true,gnucobol,COBOL-85,fixed,education-tutorial,demo,student-exercise,high,"GnuCOBOL (cobc) student exercise; Portuguese-language prompts, author Gabriela Barbosa, dated 2023","Student exercise: user inputs date and time, program validates and displays them"
8dfb7e17c13f0c09c7e3d9162d6b4af9b38d43e5,/hello.cbl,.cbl,163,True,7,0,1,6,0.143,fixed,2,False,False,0,0,0,0,0,0,HELLOWORLD,true,unknown,COBOL-85,fixed,demo-example,demo,toy-or-hello-world,high,"Minimal hello-world program; sequence numbers in columns 1-6 suggest traditional fixed-format mainframe style, but no vendor-specific extensions present",Classic hello-world demonstration program
ad8127a87c89dc319c9475da0239a5c2e3c43c68,/epscsmrd.cbl,.cbl,132336,True,4052,0,166,3886,0.041,fixed,3,False,True,0,32,137,210,2,783,EPSCSMRA|EPSCSMRC|EPSCSMRD|EPSCSMRE|EPSCSMRF|EPSCSMRI|EPSCSMRJ|EPSCSMRK,true,ibm-mainframe,COBOL-85,fixed,utility-tooling,online-cics,production-like,high,"IBM Enterprise COBOL for z/OS; generated by RD/z (Rational Developer for z) 7.5 Web Services for CICS TS 3.x converter driver. PROCESS directives use NODYNAM, CODEPAGE(1140), NSYMBOL(NATIONAL), ARITH(EXTEND), OPT, CICS — all IBM-specific compiler options.",IBM CICS Web Services XML converter driver; part of the EPS (Enterprise COBOL sample) mortgage/loan calculation application shipped with IBM tooling. Converts between XML (SOAP) and language structures for CICS pipeline processing.
8534ffb04d47737e4ef21c960f11d8a493d59938,/cortes_01.cbl,.cbl,7117,True,202,30,0,172,0.0,fixed,3,False,False,0,0,6,0,0,11,cortes_01,true,unknown,COBOL-85,fixed,education-tutorial,batch,student-exercise,high,Standard COBOL-85 style with END-IF scope terminators; no vendor-specific extensions visible. Likely compiled with GnuCOBOL or similar open-source compiler given academic context.,Student records management system for a university/college course exercise
be8549b50a7f985f07a136e24da920c5ce64bf46,/PROG01.cbl,.cbl,1773,True,61,9,6,46,0.115,fixed,4,False,False,0,0,4,0,0,5,Program01,true,gnucobol,COBOL-85,fixed,education-tutorial,demo,student-exercise,high,GnuCOBOL (cobc) indicated by 'Tectonics: cobc' comment and LINE ADVANCING FILE clause,Simple file-reading and printing exercise
588dd82cd3b5f196a0da14f783e827bd3f8e3f1f,/github.cbl,.cbl,119,True,6,0,0,6,0.0,free,2,False,False,0,0,0,0,0,0,GITHUB,true,unknown,COBOL-85,free,demo-example,demo,toy-or-hello-world,high,Minimal free-format COBOL snippet; no vendor-specific extensions visible,Trivial demonstration program referencing GitHub
331662989bf1b329f5574f8d8ac49db36bc95d7a,/SUBPROGR.CBL,.CBL,10518,True,253,0,36,217,0.142,fixed,1,False,False,0,0,28,0,6,20,SUBPROGR,true,ibm-mainframe,COBOL-85,fixed,education-tutorial,subprogram,student-exercise,high,"Standard COBOL-85 subprogram with LINKAGE SECTION, GOBACK, COMP-3, indexed file I/O; Turkish-language comments suggest a student or academic project possibly targeting IBM or compatible mainframe/midrange environment","Student exercise implementing a generic CRUD subprogram for an indexed file; Turkish comments explain logic decisions, authored by Burak Ozdemir"
6ed5b643b773c46a1494a7488980a02b91a4628e,/Thea.cbl,.cbl,30912,False,0,0,0,0,0.0,unknown,0,False,False,0,0,0,0,0,0,,,,,,,,,,,
f88c9ea5035b289f333d5c3cecf432f546010d94,/Program8.cbl,.cbl,1265,True,52,12,6,34,0.15,fixed,4,False,False,0,0,0,0,0,3,Lista4E8,true,gnucobol,COBOL-85,fixed,education-tutorial,demo,student-exercise,high,"Student exercise likely compiled with GnuCOBOL on PC; Portuguese-language comments and Brazilian locale (decimal-point is comma, R$ currency display)",Brazilian student exercise computing a travel pass cost based on distance input
a8d3b65907b67ff1f4c711324a72e271f190b9c9,/EDGD1CLQ.cbl,cbl_files_lowercase.csv,18039,True,440,20,28,392,0.067,fixed,4,False,True,4,0,49,0,0,26,EDGD1CLQ,true,ibm-mainframe,COBOL-85,fixed,banking-finance,online-cics,production-like,high,"IBM CICS/VSAM online program; uses DFHAID, DFHBMSCA, DFHCOMMAREA, EIBRESP, DFHRESP, EIBCALEN, EIBTRNID, EIBAID — classic IBM CICS BMS conventions",Credit master file browser (Maestro de Créditos) — likely a Guatemalan banking/microfinance application ('SEMILLERO' training project by instructor 'DON EDGAR')
a631735e536a34a1fe3e6a2f625cf54668c29670,/ex01.cbl,.cbl,4222,True,106,11,3,92,0.032,fixed,4,False,False,0,0,17,0,0,9,AOC_Y2020_EX01,true,gnucobol,COBOL-85,fixed,demo-example,batch,student-exercise,high,"Likely GnuCOBOL; uses *> inline comments, EXIT PERFORM, OCCURS DEPENDING ON with multiple INDEXED BY entries, and LINE SEQUENTIAL file organization — all common in GnuCOBOL usage. No IBM-specific extensions detected.","Advent of Code 2020, Day 1 puzzle — find entries in a list that sum to 2020 and compute their product"
16712b75c0296a064ae2793b6c3e6a2a448dcc45,/ATUALIZA-FORNECEDORES.cbl,.cbl,4826,True,135,0,12,123,0.089,fixed,4,False,False,0,0,18,0,0,15,ATUALIZAFORN,true,gnucobol,COBOL-85,fixed,accounting-erp,batch,student-exercise,high,GnuCOBOL (cobc) as indicated by 'Tectonics: cobc' comment; standard COBOL-85 structured with END-IF terminators,Supplier master file maintenance - merging a sequential supplier file (FORNECE.DAT) with a movement/update file (ATUALIZ.DAT) to produce an updated supplier file (FORNNEW.DAT)
ef2f19e790b6d3ef6d0d934f2e46ea337a2f67fc,/eqmsqlda.cbl,.cbl,2888,True,74,0,0,74,0.0,fixed,0,False,False,0,0,0,0,0,8,,,,,,,,,,,
5204a0664d5f68ffa3af734859e989b9ace38789,/test.cbl,.cbl,143,True,8,3,0,5,0.0,fixed,3,False,False,0,0,0,0,0,0,,true,unknown,unknown,fixed,unknown,unknown,toy-or-hello-world,low,"Minimal skeleton with no PROGRAM-ID, no PIC clauses, no logic. Cannot determine dialect.",No business logic present
8726d39b5e0599b728dc23c2a06bbbf1742ebd41,/View_Vendors.cbl,.cbl,1567,True,45,0,1,44,0.022,fixed,4,False,False,0,0,5,0,0,4,VNDREC01,true,gnucobol,COBOL-85,fixed,accounting-erp,batch,student-exercise,medium,"Likely GnuCOBOL student exercise; uses indexed file with ORGANIZATION IS INDEXED and DYNAMIC access, consistent with GnuCOBOL/OpenCOBOL conventions. No vendor-specific extensions.",Vendor master file management; reads and displays all vendor records from an indexed file created by a companion program (Add_New_Vendors.cbl).
0e8c9171bbaa1f42133bff195c50d177dfdf85b0,/ABX02100.cbl,.cbl,5505,True,111,0,61,50,0.55,fixed,0,False,False,0,0,0,0,0,43,,,,,,,,,,,
d64e79df168989ccf8cadff76ae9afb468a2c9b6,/esPrimo.cbl,.cbl,1229,True,47,8,6,33,0.154,fixed,3,False,False,0,0,5,0,0,4,esPrimo,true,gnucobol,COBOL-85,fixed,education-tutorial,demo,student-exercise,high,GnuCOBOL (cobc) indicated by 'Tectonics: cobc' comment in header template,Prime number checker - educational exercise in Spanish
f57908a8f650edb194db538f924af139a51417b5,/main.cbl,.cbl,1126,True,40,6,0,34,0.0,free,3,False,False,0,0,0,0,0,6,MAIN,true,unknown,COBOL-85,free,education-tutorial,demo,student-exercise,high,"Free-format COBOL using EVALUATE, COMPUTE with exponentiation (**), and structured data hierarchy; no vendor-specific extensions visible",Simple interest and compound interest calculator demonstrating COBOL arithmetic and EVALUATE
725cf26494782ebcdd012361b131758bd00f8fc3,/COBOL.cbl,.cbl,102,True,5,0,0,5,0.0,free,2,False,False,0,0,0,0,0,0,Helloworld,true,unknown,COBOL-85,free,demo-example,demo,toy-or-hello-world,high,Minimal hello-world program; free-format style is compatible with GnuCOBOL or any modern compiler. No vendor-specific extensions visible.,Classic Hello World demonstration program
948e6da6c922eddfd5d3b80f72f461b1e7676b54,/Program1.cbl,.cbl,4663,True,177,33,3,141,0.021,fixed,4,False,False,0,0,9,0,0,50,COBCLK01,true,unknown,COBOL-85,fixed,education-tutorial,batch,student-exercise,high,"Standard COBOL-85 features used; file path references Windows/PC environment (C:\School\COBOL\...), likely compiled with a PC-based COBOL compiler such as Micro Focus or GnuCOBOL for academic use",Student COBOL course exercise producing a paint estimate / student roster report
ee1870362f5adbca91ee8962f7067576df651b5e,/UNEMP.cbl,.cbl,19545,True,454,0,62,392,0.137,fixed,4,False,False,0,0,25,2,0,124,UNEMP,true,gnucobol,COBOL-85,fixed,government-public,batch,student-exercise,high,"Likely GnuCOBOL or similar open-source COBOL compiler; uses VSAM-style INDEXED file with FILE STATUS, UNSTRING/STRING verbs, RECORDING MODE F, no COMP-3, no EXEC SQL/CICS. Style consistent with GnuCOBOL student/educational use.","Unemployment insurance claims data processing - reads CSV files of unemployment claims broken down by age, ethnicity, industry, race, and gender, and loads them into an indexed (VSAM-style) database file."
e6fbce33b36b3488d3fd53c8e331ede6d390f0c1,/Tmois.cbl,.cbl,4529,True,127,14,12,101,0.106,fixed,4,False,False,0,0,6,0,0,7,DISPLAY|PIC|TMOIS,true,gnucobol,COBOL-85,fixed,education-tutorial,demo,student-exercise,high,"French-language educational COBOL program, likely compiled with GnuCOBOL or similar open-source compiler; uses EVALUATE/END-EVALUATE and END-IF (COBOL-85 features)",French-language training exercise for building a table of trainees (stagiaires) per month
1dd49a8eb1ec13f95b4ca4003526e81b3d6d2a9b,/READFILE.CBL,.CBL,2032,True,71,9,0,62,0.0,fixed,4,False,False,0,0,5,0,0,3,COUNT-RECORDS,true,ibm-mainframe,COBOL-85,fixed,education-tutorial,batch,student-exercise,high,"Standard COBOL-85 style with GOBACK, UPON CONSOLE, and 88-level condition names; likely compiled with IBM Enterprise COBOL or similar mainframe compiler",Simple file-reading exercise counting records in a sequential file named TICKET.DAT
2f94381588b7bd1c432e3b06e7dd257fb9fa00dd,/simple.cbl,.cbl,906,True,30,5,0,25,0.0,fixed,4,False,False,0,0,0,0,0,4,Program-Name,true,unknown,COBOL-85,fixed,demo-example,demo,toy-or-hello-world,high,Generic COBOL example by Darren Hiebert (likely used as a ctags/tag-generation test case). No vendor-specific extensions visible.,"Appears to be a minimal COBOL sample used for syntax/tag parsing demonstration, attributed to Darren Hiebert (author of Exuberant Ctags)."
2a1d6668e90ed071b16bf6f87f3ecf082379844e,/New.cbl,.cbl,1281,True,42,6,4,32,0.111,fixed,4,False,False,0,0,2,0,0,7,ADDING-ITEMS,true,gnucobol,COBOL-85,fixed,education-tutorial,batch,student-exercise,high,Likely GnuCOBOL on Windows given file path style and LINE SEQUENTIAL usage; inline comment with *> also consistent with GnuCOBOL,Student exercise reading stock/inventory items from a sequential file and displaying them
4fb93aada3035d7f0b9c917152ab7e38ba2314e2,/Cobol_HelloWorld.cbl,.cbl,112,True,5,0,0,5,0.0,free,2,False,False,0,0,0,0,0,0,HELLO-WORLD,true,unknown,COBOL-85,free,demo-example,demo,toy-or-hello-world,high,"Minimal hello-world program; free format, no vendor-specific extensions visible. Compatible with any modern COBOL compiler.",Classic Hello World demonstration program
1df792502b9f0b0453f76644241df94d1693d29a,/string.cbl,.cbl,2695,True,110,32,13,65,0.167,free,3,False,False,0,0,0,0,0,14,string-example,true,gnucobol,COBOL-85,free,education-tutorial,demo,student-exercise,high,"Likely GnuCOBOL/OpenCOBOL; comment explicitly references 'OpenCobol 1.1.0'; uses *> inline comments, free format, FUNCTION CURRENT-DATE, END-STRING, SET condition-name TO TRUE","Demonstration of COBOL STRING verb behavior with dates, non-integer values, and signed integers"
55f24b2b77f176052716a5e98f7de3035da5c1a5,/checkers.cbl,.cbl,14605,True,390,10,11,369,0.029,fixed,4,False,False,0,0,26,24,0,55,CHECKERS,true,other-vendor,COBOL-85,fixed,demo-example,demo,student-exercise,high,"Microsoft COBOL 3 for MS-DOS (SOURCE-COMPUTER MS-COBOL-3, OBJECT-COMPUTER MS-DOS); uses SCREEN SECTION with BLANK SCREEN, REVERSE-VIDEO, AUTO, AUTO-SKIP, and ACCEPT/DISPLAY with AT LINE/COLUMN syntax typical of MS-COBOL",Classic BASIC-to-COBOL port of the Creative Computing checkers game
904b8f4b4f262e5a0e12b7786ef994f8634c31cc,/Rockey4Example.cbl,.cbl,12771,True,326,32,55,239,0.187,fixed,3,False,False,0,14,0,0,0,10,RockeyExample,true,micro-focus,COBOL-85,fixed,demo-example,demo,snippet,high,"Uses '$set case' compiler directive, COMP-5, procedure-pointer, hex literals with h""..."", and string concatenation with '&' — all characteristic of Micro Focus COBOL (or compatible, e.g. AcuCOBOL/GnuCOBOL). The '$set' directive is strongly Micro Focus.",Example program demonstrating use of the Rockey4 USB hardware dongle (software protection key) API from Feitian Technologies
e53ed1c135767d7726f7dcc9f0b334f22a2a9949,/write-emp1.cbl,.cbl,1569,True,53,7,0,46,0.0,fixed,4,False,False,0,0,0,0,0,7,WRITE-EMP,true,unknown,COBOL-85,fixed,education-tutorial,batch,student-exercise,high,"Simple sequential file write program; LINE SEQUENTIAL organization suggests GnuCOBOL or Micro Focus compatibility, but no vendor-specific extensions present",Student exercise writing employee records to a sequential flat file
dd97cf7f6cb44e61eb1f26187f461ba2918bb91f,/Media.cbl,.cbl,2205,True,72,13,2,57,0.034,fixed,4,False,False,0,0,0,0,0,16,Media-Notas,true,gnucobol,COBOL-85,fixed,education-tutorial,demo,student-exercise,high,Likely GnuCOBOL or similar open-source COBOL targeting Brazilian Portuguese locale; commented-out 'decimal-point is comma' suggests awareness of Brazilian decimal convention; SCREEN SECTION usage consistent with GnuCOBOL/ACU-style terminal handling,"Simple grade average calculator, likely a student exercise in Brazilian Portuguese"
1317bd71b7903b45fe0f6aecdd15e83f95473dda,/edit1.cbl,.cbl,1371,True,45,9,0,36,0.0,fixed,3,False,False,0,0,0,0,0,10,EDIT1,true,unknown,COBOL-85,fixed,education-tutorial,demo,student-exercise,high,Simple educational program demonstrating numeric edited PIC clauses; no vendor-specific extensions visible. Author name 'Kittipos' suggests Thai academic context.,Demonstrates various numeric edited picture clauses in COBOL
d1a100071ab9584608adea2ad425faa8fb08db02,/INSERTTBL.cbl,.cbl,8639,True,206,11,69,126,0.354,fixed,3,True,False,0,0,11,0,0,31,INSERTTBL,true,gnucobol,COBOL-85,fixed,demo-example,demo,production-like,high,"Open Cobol ESQL (Ocesql) sample program by Tokyo System House Co., Ltd. Uses GnuCOBOL/OpenCOBOL with the Ocesql preprocessor for PostgreSQL embedded SQL",Ocesql (Open COBOL ESQL) demonstration program showing PostgreSQL connectivity
757bb5ed5a8b273db3384bd14c9c8e1dffd431ac,/write-emp1.cbl,.cbl,1603,True,52,6,0,46,0.0,fixed,4,False,False,0,0,0,0,0,7,WRITE-EMP1,true,unknown,COBOL-85,fixed,education-tutorial,demo,student-exercise,high,"Simple standard COBOL, no vendor-specific extensions; LINE SEQUENTIAL organization suggests GnuCOBOL or similar open-source/PC COBOL environment","Employee file creation exercise, likely a student assignment writing employee records to a sequential file"
0add7297e733b9df332452e9ec3e279e90022c23,/read-emp1.cbl,.cbl,1355,True,43,4,0,39,0.0,fixed,4,False,False,0,0,2,0,0,7,read-emp1,true,gnucobol,COBOL-85,fixed,education-tutorial,batch,student-exercise,high,Simple file-reading program consistent with GnuCOBOL or similar open-source COBOL; LINE SEQUENTIAL organization and GOBACK usage are common in GnuCOBOL tutorials,"Employee file reading exercise, likely a student assignment dealing with sequential file I/O"
ad8d5b72068e7d4b0e789a6293f9afc6d65ed28f,/CICS2ZCX.cbl,.cbl,2876,True,92,14,0,78,0.0,fixed,3,False,True,0,0,3,0,0,16,CICS2ZCX,true,ibm-mainframe,COBOL-85,fixed,utility-tooling,online-cics,snippet,high,IBM CICS/TS COBOL program using EXEC CICS WEB API for HTTP client calls; typical IBM Enterprise COBOL for z/OS style,"CICS HTTP client utility that opens a web connection to a REST API endpoint (192.168.10.199/api/person), performs an HTTP GET, and displays the response on a CICS terminal"
9507382324d5e8f10177e4f1725e8899973925cf,/a.cbl,.cbl,165,True,6,0,0,6,0.0,fixed,2,False,False,0,0,0,0,0,0,a,true,unknown,unknown,fixed,demo-example,demo,toy-or-hello-world,medium,Minimal skeleton with only IDENTIFICATION and ENVIRONMENT divisions; no DATA or PROCEDURE divisions present. Cannot determine specific dialect.,Trivial skeleton program with a single file assigned to PRINTER
eec11d0883b8d562d4a5e18a0ccac9c9e5294ed4,/bitwise.cbl,.cbl,2756,True,74,2,31,41,0.431,fixed,3,False,False,0,0,0,0,0,11,byte-to-hex|hex-to-byte,true,gnucobol,COBOL-2002,fixed,utility-tooling,subprogram,production-like,high,"NetCOBOL library by Olegs Kunicins, LGPL-2.1; uses *> inline comments (COBOL-2002+ free-form comment style), FUNCTION ORD, FUNCTION UPPER-CASE, FUNCTION CHAR, reference modification, END PROGRAM markers — consistent with GnuCOBOL",Bitwise/hex conversion utility library providing byte-to-hex and hex-to-byte subprograms
c33b19d61028ac7619bd55dbb1ede0813a2b5a03,/PROGMENU.cbl,.cbl,35821,True,863,102,0,761,0.0,fixed,4,False,False,2,2,61,0,0,79,PROGMENU,true,gnucobol,COBOL-85,fixed,retail-commerce,batch,student-exercise,medium,GnuCOBOL or similar open-source COBOL with SCREEN SECTION for interactive terminal menus; Portuguese-language identifiers and AMBEV branding suggest Brazilian academic/commercial project,AMBEV (Brazilian beverage company) client and salesperson registration system with CRUD operations and reporting
a458b24b80195f7b416ea4201f22722c9374d189,/Final.cbl,.cbl,3044,True,84,3,0,81,0.0,fixed,4,False,False,0,0,7,0,0,26,Final,true,gnucobol,COBOL-85,fixed,education-tutorial,batch,student-exercise,high,"Likely compiled with GnuCOBOL; uses GOBACK, LINE SEQUENTIAL, and 88-level condition on file buffer — all common in GnuCOBOL student exercises","Student exercise processing trade/commerce data by province and trader, producing a formatted report"
0f34e4b2354d779661ec4eef5436f5c5755c79a5,/hello.cbl,.cbl,188,True,6,0,1,5,0.167,fixed,2,False,False,0,0,0,0,0,0,hello,true,gnucobol,COBOL-85,fixed,demo-example,demo,toy-or-hello-world,high,Explicitly identified as a GNU Cobol FAQ example in the comment; minimal hello-world program,"GNU COBOL introductory example, likely from Bitnami COBOL stack or container demo"
6b25bf1a38f653243a3f2e67c75cf348df8980b5,/prg.cbl,.cbl,111,True,8,1,0,7,0.0,free,0,False,False,0,0,0,0,0,0,,,,,,,,,,,
27f8e34f8653f4083ac80e90c6e932473819dce0,/test.cbl,.cbl,663,True,17,0,6,11,0.353,fixed,3,False,False,0,0,0,0,0,0,TEST_DRIVER,true,gnucobol,COBOL-85,fixed,demo-example,test,toy-or-hello-world,high,Compiled with cobc (GnuCOBOL); written for uDOS runtime environment testing,Test driver for verifying COBOL runtime environment in uDOS (a micro/hobby OS)
b8f8c575c918d9f45d9d7711ca1efcf6fabcc549,/hello.cbl,.cbl,648,True,8,0,0,8,0.0,fixed,4,False,False,0,0,0,0,0,0,HELLO,true,ibm-mainframe,COBOL-85,fixed,demo-example,demo,toy-or-hello-world,high,Classic fixed-format COBOL with sequence numbers in columns 73-80 suggesting IBM-style source; minimal structure,Trivial Hello World demonstration program
684bdedc9853f60caa7b9c35587234807f425f8d,/day6ac.cbl,.cbl,732,True,27,5,0,22,0.0,unknown,3,False,False,0,0,1,0,0,5,AdventOfCodeDay6,true,unknown,COBOL-85,free,demo-example,demo,student-exercise,high,"Simple standard COBOL, no vendor-specific extensions visible. Likely compiled with GnuCOBOL or similar open-source compiler given the Advent of Code context.",Advent of Code Day 6 puzzle solution - computing a quadratic discriminant and approximating its square root using Newton's method iteration
ca2ee3f37167e688b6bae538c1967340cee82a4b,/PAYROL0X.cbl,.cbl,1071,True,30,1,4,25,0.138,fixed,3,False,False,0,0,0,0,0,6,PAYROL0X,true,unknown,COBOL-85,fixed,education-tutorial,demo,toy-or-hello-world,high,Simple educational/demo program with no vendor-specific extensions; GOBACK suggests IBM-compatible but is widely supported,"Payroll-themed tutorial demonstrating COBOL MOVE, COMPUTE, and DISPLAY statements"
f0b055c0b1d7569f2064f570898470f52423f7e7,/shop_receipts.cbl,.cbl,2062,True,59,3,1,55,0.018,fixed,4,False,False,0,0,5,0,0,11,SHOP-RECEIPT,true,gnucobol,COBOL-85,fixed,retail-commerce,batch,student-exercise,high,Standard COBOL-85 with GOBACK and LINE SEQUENTIAL; likely compiled with GnuCOBOL or similar open-source compiler given the file-based flat-file approach and naming conventions,"Shop sales receipt processing: reads a flat file of shop header and sale records, accumulates item totals per shop, and displays formatted sales totals"
6b9f0d730b80d139a48f170ffe438a6d7f544efc,/COBOLCaesarCipher.cbl,.cbl,8265,True,279,38,57,184,0.237,free,4,False,False,0,3,5,0,0,58,DECRYPT|ENCRYPT|IDEONE|SOLVE,true,micro-focus,COBOL-85,free,education-tutorial,demo,student-exercise,high,"Uses '$ SET SOURCEFORMAT ""FREE""' compiler directive typical of Micro Focus/Visual COBOL; authored on Ideone which supports GnuCOBOL but directive syntax leans Micro Focus",Caesar cipher encryption/decryption demonstration written as a student exercise
2f79e45510a6493a4024d26532237bd4501fec52,/two_dim.cbl,.cbl,745,True,24,2,0,22,0.0,fixed,3,False,False,0,0,4,0,0,4,TWO-DIM,true,unknown,COBOL-85,fixed,education-tutorial,demo,student-exercise,high,Simple two-dimensional table example; no vendor-specific extensions. COBOL-85 inferred from END-PERFORM usage.,Demonstrates two-dimensional table (array) access using REDEFINES and nested PERFORM VARYING loops
a8cbfb5e6384aced779b583489d59bcca16c99e6,/test.cbl,.cbl,143,True,7,1,1,5,0.167,free,2,False,False,0,0,0,0,0,0,HELLO-WORLD,true,unknown,COBOL-85,free,demo-example,demo,toy-or-hello-world,high,"Minimal hello-world; free-format source with *> comment style (COBOL-2002+), but content is too simple to pin to a specific vendor",Classic hello-world demonstration program
346969e868f19b7030b763b583a3838d9381e7a1,/file-exists.cbl,.cbl,1117,True,55,18,5,32,0.135,free,4,False,False,0,0,1,0,0,5,cobmind-file-exists,true,gnucobol,COBOL-85,free,utility-tooling,subprogram,snippet,high,Uses >>SOURCE FORMAT IS FREE compiler directive typical of GnuCOBOL; program-id 'cobmind-file-exists' suggests the cobmind project/library,File existence check utility subprogram; part of what appears to be a COBOL utility library named 'cobmind'
96a94c328add406c1b030812c1b885c0ca72d600,/Registratie_deelnemers.CBL,.CBL,9380,True,289,51,22,216,0.092,fixed,4,True,False,3,6,19,0,0,22,Registratie_deelnemers,true,gnucobol,COBOL-85,fixed,education-tutorial,batch,student-exercise,medium,"Likely GnuCOBOL or similar open-source COBOL with embedded SQL using JDBC-style connection string (Microsoft SQL Server JDBC driver), Dutch-language identifiers, file names suggest Belgian/Dutch educational context","Registration system for course/workshop participants (deelnemers = participants, leertraject = learning path), likely a student project for a Belgian/Dutch educational institution"
cbabaaa4b3d84b94bb379ffa413ba05a0bf9aaa5,/main.cbl,.cbl,1336,True,51,11,5,35,0.125,fixed,0,False,False,1,0,3,0,0,7,HELLO-WORLD,true,gnucobol,COBOL-85,fixed,demo-example,demo,toy-or-hello-world,high,Likely GnuCOBOL based on free-style inline comments with *> syntax and Japanese comments; standard COBOL-85 constructs used,"Hello World demonstration with basic arithmetic, I/O, conditional, and loop constructs"
c83d6899a40dcfb598d6d7c3a12b2121d2792566,/hellow65_multi_dimensional_array.cbl,.cbl,2311,True,65,19,4,42,0.087,fixed,3,False,False,0,0,0,0,1,9,HELLOW65,true,ibm-mainframe,COBOL-85,fixed,education-tutorial,demo,student-exercise,high,"IBM mainframe style: COMP-3, INDEXED BY clause, SEARCH with SET, hex literals in PIC X VALUE clauses using EBCDIC encoding, GOBACK",Demonstrates multi-dimensional OCCURS tables and SEARCH for date calculation (day-of-year to MM/DD conversion)
9f9b126509ec7e0d79a63649155d0ecfa7b70f57,/NGUYEN-P04-MAILING-LABELS.cbl,.cbl,4902,True,111,0,14,97,0.126,fixed,4,False,False,0,0,5,0,0,17,NGUYEN-P04-MAILING-LABELS,true,unknown,COBOL-85,fixed,education-tutorial,batch,student-exercise,high,Standard COBOL-85 features used; no vendor-specific extensions. Likely compiled with GnuCOBOL or similar for a student course environment.,"Student programming assignment (Project 4) for a COBOL course, demonstrating UNSTRING and STRING verbs to process a CSV customer list and produce formatted mailing labels."
736604f75ee6e964134b5ac9795da6f1984a31eb,/member.cbl,.cbl,3336,True,91,7,0,84,0.0,fixed,4,False,False,0,0,6,0,0,20,MEMBER,true,gnucobol,COBOL-85,fixed,education-tutorial,batch,student-exercise,high,"Likely GnuCOBOL or similar open-source/educational COBOL; uses LINE SEQUENTIAL, GOBACK, 88-level condition names with HIGH-VALUES, and END-READ scope terminator consistent with COBOL-85",Golf club membership report generation exercise
32d21f79ae55578c58a735f80d1534e707534af2,/control-break1.cbl,.cbl,1894,True,65,8,0,57,0.0,fixed,4,False,False,0,0,4,0,0,13,CB1,true,gnucobol,COBOL-85,fixed,education-tutorial,demo,student-exercise,high,"Likely GnuCOBOL or similar open-source COBOL; uses GOBACK, LINE SEQUENTIAL, and 88-level condition with HIGH-VALUES. No IBM-specific extensions detected.",Control-break processing exercise reading a flat file and summing counts by group (COL-A)
8340aa6d171cc1664e403f42a82dc42920768f94,/LOANPYMT.cbl,.cbl,8876,True,227,37,39,151,0.205,fixed,3,False,False,0,0,0,12,0,31,loanpymt,true,ibm-mainframe,COBOL-85,fixed,banking-finance,batch,student-exercise,high,"Explicitly states 'Enterprise COBOL v6.3 for z/OS' in the display output. Uses FUNCTION TEST-NUMVAL and FUNCTION NUMVAL which are standard intrinsic functions. No EXEC CICS or EXEC SQL. Fixed format, no lines over 72 chars.",Loan payment calculator computing monthly payment using the annuity formula A = P*(i*(1+i)^n)/((1+i)^n-1)
f1924507a985f5d7576b15e96080535bce5825f9,/Loteria.cbl,.cbl,9659,True,216,32,34,150,0.185,fixed,4,False,False,0,0,23,0,0,14,Loteria,true,gnucobol,COBOL-85,free,demo-example,demo,student-exercise,high,"GnuCOBOL free-format source indicated by '$set sourceformat""free""' compiler directive; uses COBOL-85 constructs with some extensions",Lottery simulation - user picks 6-10 numbers and the program randomly draws 6 numbers until all chosen numbers match
01ae25b4542e38919adc2e5afc451f29bfeb3e78,/CobolAssignment2-COMP210.cbl,.cbl,6963,True,176,31,0,145,0.0,fixed,4,False,False,0,0,6,0,0,53,COBOL-ASSIGNMENT-TWO,true,unknown,COBOL-85,fixed,education-tutorial,batch,student-exercise,high,Standard COBOL-85 features used; no vendor-specific extensions. Likely compiled with GnuCOBOL or similar for academic use.,University assignment (COMP210 course) for inventory management report generation
24a392c4b3a8fe9b3fabca1dc878de4d65203572,/aws_cobol.cbl,.cbl,5946,True,121,8,11,102,0.097,fixed,4,False,False,0,0,2,0,0,21,aws_cobol,true,gnucobol,COBOL-85,fixed,demo-example,demo,student-exercise,high,"opensource COBOL (GnuCOBOL variant) targeting AWS Lambda, authored by kazuOji in 2020; comment header explicitly states 'opensource COBOL and AWS Lambda sample program'","AWS Lambda integration demo using GnuCOBOL; reads an invitee CSV list and matches input personal data (name, birth date) to return a JSON response suitable for AWS Lambda"
940918a77b0f221771f4e324a615ef042a87df31,/TEST.cbl,.cbl,1544,True,44,6,1,37,0.026,fixed,4,False,False,0,1,0,0,0,8,PARM,true,ibm-mainframe,COBOL-85,fixed,utility-tooling,batch,snippet,high,IBM mainframe batch program using PARM passing convention (PARM-LENGTH/PARM-DATA structure) and CALL to 'GETJOBI' which is a common IBM z/OS job information service routine,"IBM z/OS job information utility that retrieves and displays job metadata (job name, job number, step name, proc step name) and any passed parameters"
fff6cd8d0862585177a0276331694e8f7ef61f14,/AirportDetails.cbl,.cbl,1174,True,25,2,16,7,0.696,fixed,0,False,False,0,0,0,0,0,0,,,,,,,,,,,
3c1d1f7dd7e703b2a77e154d3c9f8c4511c90de1,/test0001.cbl,.cbl,4238,True,141,32,5,104,0.046,fixed,4,False,False,0,24,0,0,0,11,test0001,true,gnucobol,COBOL-2014,fixed,demo-example,test,student-exercise,high,"GnuCOBOL style with *> inline comments, FUNCTION ALL INTRINSIC, Pointer/NULL usage, and mixed-case keywords typical of modern GnuCOBOL coding style. MIT license header by Craig Schneiderwent.",Test driver for a stack data structure library (STACKI/STACKT/STACKP/STACKN subprograms)
607100bd1dac6cc33a9da641bb89029e2bbc9261,/Z95626.CBL(ODEV).cbl,.cbl,3582,True,93,0,32,61,0.344,fixed,4,False,False,0,0,6,0,3,20,ODEV,true,ibm-mainframe,COBOL-85,fixed,education-tutorial,batch,student-exercise,high,"IBM z/OS mainframe tutorial program; comments reference JCL DDNAME, z/OS user IDs, and CBL0001J JCL file. Comments are written in Turkish.","IBM z/OS COBOL tutorial demonstrating file I/O, record structures, and COMP-3 usage; comments are in Turkish explaining each construct"
1115d93ad85ba3c0df11f50db264df3709a70ec4,/FINALEX.cbl,.cbl,26369,True,650,87,89,474,0.158,fixed,4,False,False,9,6,37,6,0,85,FINALEX,true,ibm-mainframe,COBOL-85,fixed,manufacturing-logistics,batch,student-exercise,high,"IBM mainframe-style COBOL with RECORDING MODE IS F, BLOCK CONTAINS 0 RECORDS, LABEL RECORDS ARE STANDARD, and GOBACK; likely compiled with IBM Enterprise COBOL or similar. Source contains a git merge conflict marker (<<<<<<< HEAD / =======) indicating collaborative student work.","Automotive parts supplier data processing — validates and processes parts, supplier addresses, and purchase orders for vehicle manufacturers (Chrysler, Ford, GM, Volkswagen, Toyota, Jaguar, Peugeot, BMW)"
454150b3e0b9f2703117b80b919fac798873079c,/processCsv.cbl,.cbl,4868,True,154,23,0,131,0.0,fixed,4,False,False,0,0,4,1,0,33,PROCESSCSV,true,gnucobol,COBOL-85,fixed,utility-tooling,batch,student-exercise,high,"Likely GnuCOBOL or similar open-source COBOL compiler; uses LINE SEQUENTIAL, HIGH-VALUES, UNSTRING with END-UNSTRING, and END PROGRAM — all standard COBOL-85 features. No IBM-specific extensions detected.","Processes Ottawa city open data CSV file of tennis courts, converting it to a formatted fixed-width .dat output file"
2075bd10735205f8c4c5734c30fa2564c8033cdc,/test.cbl,.cbl,3510,True,79,3,29,47,0.382,fixed,3,False,False,1,7,3,0,0,11,AWIXMP,true,ibm-mainframe,COBOL-85,fixed,demo-example,demo,student-exercise,high,"IBM Language Environment (LE) callable services demo: CEEMOUT, CEELOCT, CEEDATE; COPY CEEIGZCT is an IBM LE feedback structure copybook",IBM Language Environment callable services demonstration
1663dd64a31b765b83616d0e040ba656f193a7d8,/calculator.cbl,.cbl,1638,True,44,9,6,29,0.171,fixed,3,False,False,0,0,0,0,0,4,calculator,true,unknown,COBOL-85,fixed,education-tutorial,demo,student-exercise,high,Simple calculator program with Spanish-language prompts; no vendor-specific extensions. COBOL-85 style IF...THEN without END-IF.,"Basic arithmetic calculator as a learning exercise, with Spanish-language user prompts"
7cca29a69ec9f9a9ed7c3f1d9dfede107a5c716f,/HelloWorld.cbl,.cbl,170,True,6,0,0,6,0.0,fixed,3,False,False,0,0,0,0,0,0,HELLO-WORLD,true,unknown,COBOL-85,fixed,demo-example,demo,toy-or-hello-world,high,Minimal Hello World program; no vendor-specific extensions visible. COBOL-85 assumed as baseline.,Classic Hello World demonstration program
71e49f797b918d99e7dea184e7cfa92687f5ff5a,/adventure.cbl,.cbl,4680,True,136,14,0,122,0.0,fixed,4,False,False,0,0,13,0,0,15,adventure,true,gnucobol,COBOL-2002,free,demo-example,demo,student-exercise,high,"Uses >>SOURCE FORMAT FREE compiler directive, characteristic of GnuCOBOL free-format source; FUNCTION RANDOM usage consistent with GnuCOBOL",Text-based adventure game demonstrating COBOL file I/O and control flow
e57112c964dc17a2d0831eeba725a25fa3ec56d2,/TP3.cbl,.cbl,17384,True,437,52,6,379,0.016,fixed,3,False,False,0,0,34,0,0,79,TP3,true,gnucobol,COBOL-85,fixed,education-tutorial,batch,student-exercise,high,Likely compiled with GnuCOBOL (OpenCOBOL) or a compatible PC-based COBOL compiler; SOURCE-COMPUTER/OBJECT-COMPUTER set to IBM-PC; uses SCREEN SECTION with FOREGROUND-COLOR/BACKGROUND-COLOR clauses typical of GnuCOBOL or Micro Focus on PC,"Student exercise for a French-language COBOL course (ETE 2015), managing an employee file with add/modify/delete operations"
4ce4a199acd6e55f4d38cbace3ee82a60d527acf,/SAM1.cbl,.cbl,20292,True,484,38,57,389,0.128,fixed,4,False,False,4,1,31,0,15,87,SAM1,true,ibm-mainframe,COBOL-85,fixed,demo-example,batch,production-like,high,"IBM mainframe COBOL; uses RECORDING MODE IS V/F, BLOCK CONTAINS 0 RECORDS, RETURN-CODE special register, GOBACK, COMP-3, ACCEPT FROM DATE/TIME — all characteristic of IBM Enterprise COBOL on z/OS. Licensed IBM material per copyright header.",IBM-provided sample/lab program for debugging and fault analysis training; processes a sequential customer file with transaction updates
ed4f7cc8982a1ec2e06472a6d240af7ab9b665c5,/PGMAPA99.cbl,.cbl,16534,True,390,0,0,390,0.0,fixed,0,False,False,0,1,11,0,3,47,PGMAPA99,true,ibm-mainframe,COBOL-85,fixed,banking-finance,batch,production-like,high,"IBM mainframe-style COBOL with VSAM KSDS files, RECORDING MODE IS F, BLOCK CONTAINS 0 RECORDS, RETURN-CODE special register, GOBACK, and DD-name file assignments (DDMAE, DDNOV, DDSAL). Spanish-language comments suggest Latin American mainframe environment.",Customer master file balance update — merges a novedad (transaction/update) file against a VSAM KSDS customer master file and writes updated balances to an output VSAM file.
e8972a7556d8fb44cd7824674beb615abb7baca4,/naoLib.cbl,.cbl,6891712,False,0,0,0,0,0.0,unknown,0,False,False,0,0,0,0,0,0,,,,,,,,,,,
36844ddd1803f6db5b23412695a18e6e9cb60b97,/MONTHINC.CBL,.CBL,9364,True,260,16,0,244,0.0,fixed,4,False,False,0,0,21,0,0,25,MONTHINC,true,gnucobol,COBOL-85,fixed,accounting-erp,batch,student-exercise,high,"Likely GnuCOBOL or similar open-source COBOL; uses ORGANIZATION IS LINE SEQUENTIAL (common in GnuCOBOL/MicroFocus), EXIT PERFORM, GOBACK, and THRU paragraph patterns. Author name 'GluayHom' suggests Thai educational context.","Monthly income reporting by province; reads province and monthly income data files, aggregates income totals per province, and writes a formatted report."
773a872f2cd11385be2b11b2c609b3f7738ae641,/HELPPGM.CBL,.CBL,307664,True,3752,375,162,3215,0.048,fixed,4,False,True,23,6,236,133,0,183,HELPPGM,true,ibm-mainframe,COBOL-85,fixed,utility-tooling,online-cics,production-like,high,IBM mainframe CICS online program; CBL XOPTS(SP) compiler directive indicates IBM Enterprise COBOL with CICS translator; SOURCE-COMPUTER IBM-2086-A04-140; installation WinWholesale Group Services,"WinWholesale Group Services internal CICS help system; provides online help screens for CICS transactions with display, edit, and print functions"
1aceedab787eafc089961889925a38ae8f5de13a,/2393.cbl,.cbl,547,True,18,0,0,18,0.0,fixed,3,False,False,0,0,0,0,0,0,IDSAMPLE,true,unknown,COBOL-85,fixed,demo-example,demo,toy-or-hello-world,high,Minimal COBOL program with no vendor-specific extensions; likely compiled with any standard compiler,"Simple ASCII art display program, likely a hello-world or demonstration"
f8d578ed918b64e358e831e639b4d8070b975b2a,/TestAIRCODE.cbl,.cbl,5939,True,161,20,16,125,0.113,fixed,1,False,False,2,7,2,0,0,21,TestAIRCODE,true,micro-focus,COBOL-85,fixed,demo-example,test,production-like,high,"Micro Focus COBOL unit test using MFUnit framework (mfunit_prototypes.cpy, mfunit.cpy, MFU-TC-PREFIX, MFU-ASSERT-FAIL-Z, MFU-PASS-RETURN-CODE). Uses $region/$end-region compiler directives and EXHIBIT NAMED statement.",Unit test for an AIRCODE program that looks up airport codes and calculates distances between airports (e.g. LHR to SEA)
d5a58d3e8b04f99445d5f49b9def5b2a9b28fd9b,/excercise.cbl,.cbl,880,True,28,2,6,20,0.231,fixed,3,False,False,0,0,1,0,0,2,YOUR-PROGRAM-NAME,true,gnucobol,COBOL-85,fixed,education-tutorial,demo,student-exercise,high,GnuCOBOL (cobc) template/exercise with placeholder PROGRAM-ID,"Basic COBOL exercise demonstrating ACCEPT, DISPLAY, PERFORM UNTIL, and SUBTRACT"
1b0611c98e3faf98f2e036272273d14157da92bb,/Listing12-3.cbl,.cbl,817,True,26,4,0,22,0.0,fixed,3,False,False,0,0,0,0,0,5,Listing12-3,true,unknown,COBOL-85,fixed,education-tutorial,demo,student-exercise,high,Textbook listing (Listing12-3) demonstrating UNSTRING and REDEFINES; no vendor-specific extensions visible,Textbook example demonstrating string parsing and numeric editing
5ef6bdc50196f1c0239e93d86b03451e88657c9b,/ensyu1.cbl,.cbl,3542,True,119,20,6,93,0.061,fixed,4,False,False,0,0,8,1,0,21,YOUR-PROGRAM-NAME,true,gnucobol,COBOL-85,fixed,education-tutorial,batch,student-exercise,high,GnuCOBOL template (cobc compiler indicated in header comment 'Tectonics: cobc'); uses RECORDING MODE IS F and LABEL RECORD OMITTED typical of mainframe-style syntax but compiled with GnuCOBOL,"Japanese-language field names (SHOHIN-CODE=product code, KONYU-TENPO=purchase store, TANKA=unit price, KONYU-KOSU=purchase quantity, DAIKIN=amount) suggest a Japanese educational exercise involving purchase/inventory data sorting or routing"
8ba0b23c35a07c27b83a07cd1754411a4ff45f48,/megasena.cbl,.cbl,17633,True,496,87,27,382,0.066,fixed,4,False,False,0,0,15,0,0,59,megasena,true,gnucobol,COBOL-85,free,demo-example,batch,student-exercise,high,"GnuCOBOL free-format source with $set sourceformat""free"" directive, screen section with foreground-color, written by Ana Claudia Volkmann, 2023",Mega Sena (Brazilian lottery) draw checker — reads a CSV file of historical draws and allows user to check their numbers against past results
142562280eb5ae7eef01525dc099ad1fff88e909,/animation libraries.cbl,.cbl,227858,False,0,0,0,0,0.0,unknown,0,False,False,0,0,0,0,0,0,,,,,,,,,,,
5a25c1f00ac85ac2c35156648180024e9abdb308,/mygrade.cbl,.cbl,901,True,34,4,0,30,0.0,fixed,4,False,False,0,0,2,0,0,4,MYGRADE,true,unknown,COBOL-85,fixed,education-tutorial,batch,student-exercise,high,"Simple student exercise; no vendor-specific extensions. COBOL-85 features used (inline PERFORM UNTIL, END-READ, 88-level condition with SET ... TO TRUE, GOBACK).",Student grade management; reads a flat file of student grade records
e0922439d7fbaf7c9e016d8d114fd2ce24e9cdb0,/hello-world.cbl,.cbl,94,True,4,0,0,4,0.0,free,2,False,False,0,0,0,0,0,0,Hello-world,true,unknown,unknown,free,demo-example,demo,toy-or-hello-world,high,"Minimal hello-world program; free-format with tab indentation. No vendor-specific extensions visible. The PROGRAM-ID line lacks a period after the program name (non-standard), and there is a double period at the end of the DISPLAY statement, suggesting a casual or beginner snippet.",Classic hello-world demonstration program
08390b773232ef10f920a1ed1bf555c7d3a976fa,/CONTOH3.cbl,.cbl,589,True,20,0,6,14,0.3,fixed,3,False,False,0,0,1,0,0,1,PERFORM1,true,gnucobol,COBOL-85,fixed,education-tutorial,demo,toy-or-hello-world,high,"GnuCOBOL (cobc) as indicated by 'Tectonics: cobc' comment; Indonesian variable names (MULAI, TAMPILKAN) suggest educational context",Indonesian-language COBOL tutorial demonstrating PERFORM VARYING loop construct
6a2c1766ccd96c9e3d00589b00a0bac4f7ae168d,/Edit1.cbl,.cbl,1401,True,48,11,0,37,0.0,fixed,3,False,False,0,0,0,0,0,10,LIISTING9-1,true,unknown,COBOL-85,fixed,education-tutorial,demo,student-exercise,high,Simple educational program demonstrating numeric editing PIC clauses; no vendor-specific extensions visible. GOBACK suggests IBM-compatible but is widely supported.,Demonstrates various numeric editing picture clauses in COBOL
975ee57b999d4f737de4e13d27d82aab861ed09e,/prog.cbl,.cbl,549,True,13,0,0,13,0.0,fixed,0,False,False,0,2,0,0,0,5,prog,true,gnucobol,COBOL-85,fixed,demo-example,demo,snippet,medium,Likely GnuCOBOL or similar open-source dialect; use of string concatenation with hex literal (& X'00') and 'usage binary' are consistent with GnuCOBOL. Japanese name 'Taro Yamada' suggests possible JMA ORCA or Japanese educational context.,"Small demonstration or test snippet, possibly for a Japanese system given the Japanese name values (Taro Yamada)."
89f848c4818b762f77846a718b8a319227b1d1e9,/tempCodeRunnerFile.cbl,.cbl,24,True,1,0,0,1,0.0,fixed,0,False,False,0,0,0,0,0,0,,,,,,,,,,,
4ef89ae8e6450901fee071fc96e1ca93a7810f50,/HelloWorld.cbl,.cbl,111,True,5,0,0,5,0.0,free,2,False,False,0,0,0,0,0,0,HELLO-WORLD,true,unknown,COBOL-85,free,demo-example,demo,toy-or-hello-world,high,"Minimal Hello World program; free format, no vendor-specific extensions visible",Classic Hello World demonstration program
d7128cd8d0655157a3c84fc2000eee8f0e43d7e1,/pi.cbl,.cbl,2321,True,84,0,8,76,0.095,fixed,4,False,False,0,0,0,2,0,24,PI-CALC,true,unknown,COBOL-85,fixed,education-tutorial,demo,student-exercise,high,Classic COBOL with SPECIAL-NAMES CONSOLE IS CRT and screen-buffer technique; no vendor-specific extensions visible. Likely compiled with a PC-era COBOL (possibly Micro Focus or similar) given the CRT console mapping and 1920-byte screen buffer (80x24).,Mathematical demonstration: computing pi using the Wallis/Leibniz-style series expansion
deee7df11d4359486a998bd7bf9359ce6ebbf4b2,/control-break2.cbl,.cbl,3026,True,82,3,2,77,0.025,fixed,4,False,False,0,0,5,0,0,24,CONTROL-BREAK2,true,unknown,COBOL-85,fixed,education-tutorial,batch,student-exercise,high,Standard COBOL-85 features used; no vendor-specific extensions. Likely compiled with GnuCOBOL or similar open-source compiler given the educational context.,COBOL control-break processing exercise demonstrating two-level (COL-A and COL-B) break logic with subtotals
0e776abc845f56cd0429e33d9f3ff4bc66cf4d97,/reportMember.cbl,.cbl,3370,True,91,6,0,85,0.0,fixed,4,False,False,0,0,6,0,0,20,REPOROT-MEMBER,true,unknown,COBOL-85,fixed,education-tutorial,batch,student-exercise,high,Standard COBOL-85 features used; no vendor-specific extensions. Likely compiled with GnuCOBOL or similar open-source compiler given LINE SEQUENTIAL and GOBACK usage in a student context.,"Golf club membership reporting exercise, likely a university or TAFE assignment"
49ff283ff09b5d607d6be297650e2f630d347bfc,/cat.cbl,.cbl,449,True,15,0,0,15,0.0,fixed,3,False,False,0,0,2,0,0,2,CAT,true,unknown,COBOL-85,fixed,utility-tooling,demo,snippet,high,"Uses COBOL-85 structured PERFORM VARYING with END-PERFORM and END-IF, BINARY usage clause; no vendor-specific extensions visible","String trimming utility — reads a string, trims trailing spaces, and displays the result"
a7adc2e42d91b21c00cf1a335fac0bd3e4723140,/Box library.cbl,.cbl,20672,False,0,0,0,0,0.0,unknown,0,False,False,0,0,0,0,0,0,,,,,,,,,,,
37593c371ad0c01cbe45388e90848634934adec5,/test.cbl,.cbl,310,True,12,1,0,11,0.0,fixed,3,False,False,0,0,0,0,0,2,helloworld,true,unknown,COBOL-85,fixed,demo-example,demo,toy-or-hello-world,high,Minimal hello-world program; no vendor-specific extensions. Standard COBOL-85 syntax used.,Trivial demonstration program displaying 'HELLO WORLD' and performing a simple addition
39e2d4a324c580ea9475e7a1ca52d2ce85c39bd5,/eco9ban.cbl,.cbl,77863,True,2124,234,210,1680,0.111,fixed,2,False,False,26,83,168,0,0,83,,true,micro-focus,COBOL-85,fixed,accounting-erp,subprogram,production-like,high,"Micro Focus COBOL (likely RM/COBOL or Micro Focus Visual COBOL) targeting Windows; uses CALL-CONVENTION 66 IS WINAPI, COMP-5, COMP-X, 78-level constants, screenset/DS-CONTROL-BLOCK pattern, and COPY with .MF/.LKG/.CPY/.SEL/.FD extensions typical of Micro Focus A3 ERP suite","A3ECO Spanish accounting/ERP system - bank parameterization module for clients/suppliers (cli/pro). Manages bank accounts (CCC - Código Cuenta Cliente), electronic banking configuration, and IBAN calculation."
ef9b1f664b59f2119784277a68ac3a5c27a7a2e6,/mygrade.cbl,.cbl,4952,True,130,13,0,117,0.0,fixed,4,False,False,0,0,3,0,0,16,MYGRADE,true,unknown,COBOL-85,fixed,education-tutorial,batch,student-exercise,high,Standard COBOL-85 features used; no vendor-specific extensions. Likely compiled with GnuCOBOL or similar open-source compiler given the academic context and LINE SEQUENTIAL usage.,"Student grade calculation program that reads course grades from a file and computes GPA averages overall, for science courses, and for CS courses."
88b8967569993277c06d6b727942e665dba9b10f,/readData.cbl,.cbl,2932,True,104,19,0,85,0.0,fixed,4,False,False,0,0,6,0,0,13,SEQREAD,true,gnucobol,COBOL-85,fixed,education-tutorial,demo,student-exercise,high,"Likely GnuCOBOL (OpenCOBOL) based on LINE SEQUENTIAL organization, ACCEPT/DISPLAY style, and no mainframe-specific features. Could also be Micro Focus.",Simple employee file reader with menu-driven interface; appears to be a student exercise reading employee records from a sequential file
b9ec8edc8ad7b5770bf20cff731397a7062e9800,/cobol.cbl,.cbl,179,True,6,0,0,6,0.0,fixed,2,False,False,0,0,0,0,0,0,HELLO-WORLD,true,unknown,COBOL-85,fixed,demo-example,demo,toy-or-hello-world,high,"Minimal hello-world program; no vendor-specific extensions. Line numbers in columns 1-6 suggest traditional fixed format, compatible with any standard compiler.",Classic hello-world demonstration program
7a4f6e145969297f050aefba1af54a6808ae71f2,/one_dim_init.cbl,.cbl,1130,True,39,4,0,35,0.0,fixed,3,False,False,0,0,3,0,0,7,ONE_DIM_INIT,true,unknown,COBOL-85,fixed,education-tutorial,demo,student-exercise,high,Simple educational COBOL program demonstrating one-dimensional array initialization using REDEFINES and OCCURS; no vendor-specific extensions visible,Demonstrates initializing and iterating over a one-dimensional table (array) in COBOL using REDEFINES and OCCURS
74f5377af535b458cb474d0d25f924025177f0f6,/Calculadora.cbl,.cbl,1643,True,56,9,8,39,0.17,fixed,3,False,False,0,0,5,2,0,4,CALCULADORA,true,gnucobol,COBOL-85,fixed,education-tutorial,demo,student-exercise,high,GnuCOBOL (cobc) as indicated by 'Tectonics: cobc' comment; standard COBOL-85 constructs used,Student exercise implementing a multiplication table calculator in Spanish
eaf973e1e27446180947ee4871d18d763304960e,/ENRIQUEZ.cbl,.cbl,3102,True,86,11,6,69,0.08,fixed,3,False,False,0,0,0,0,0,13,ENRIQUEZ,true,gnucobol,COBOL-85,fixed,retail-commerce,batch,student-exercise,high,GnuCOBOL (cobc) as indicated by 'Tectonics: cobc' comment; standard COBOL-85 constructs used,"Picture framing shop order pricing calculator — computes cost of frame type, color, crowns, cardboard backing, and glass"
5835c272e3366ae50a2a9306834e374af05ecae3,/Exercicio2.cbl,.cbl,3931,True,149,46,6,97,0.058,fixed,4,False,False,0,0,7,0,0,13,Exercicio2,true,gnucobol,COBOL-85,fixed,education-tutorial,batch,student-exercise,high,GnuCOBOL student exercise; 'Tectonics: cobc' comment confirms cobc compiler; Windows file paths (D:\) suggest local development environment,Brazilian Portuguese COBOL exercise (municipality tax/service note processing); filename 'Exercicio2' and Portuguese variable names confirm student context
726f81feb7b4f30b29197039999d4398540ef795,/control-break1.cbl,.cbl,1980,True,62,4,0,58,0.0,fixed,4,False,False,0,0,4,0,0,13,CB1,true,unknown,COBOL-85,fixed,education-tutorial,batch,student-exercise,high,Standard COBOL-85 features used; no vendor-specific extensions. GOBACK and LINE SEQUENTIAL suggest possible GnuCOBOL or similar open-source compiler usage.,Control-break processing exercise demonstrating grouping and subtotaling by a key column
f316cfbd39332a8a7ebcd30c8dd9a6bea13c7da1,/Perform3.CBL,.CBL,2180,True,57,8,11,38,0.224,fixed,3,False,False,0,0,6,0,0,4,PerformFormat3,true,unknown,COBOL-85,fixed,education-tutorial,demo,student-exercise,high,"Educational example by Michael Coughlan, likely targeting GnuCOBOL or similar free compiler; uses COBOL-85 structured PERFORM with END-PERFORM and ON SIZE ERROR","Demonstrates PERFORM..UNTIL loop, ON SIZE ERROR, and INITIALIZE verb in a teaching context"
b5168d54d742b3ed0dba1bfea2ce426f8081802d,/sendgrid_demo.cbl,.cbl,279,True,14,5,0,9,0.0,fixed,4,False,False,0,0,0,0,0,0,sendgrid-demo,true,unknown,COBOL-85,fixed,demo-example,demo,toy-or-hello-world,low,Minimal skeleton with all four divisions present but no substantive code; no vendor-specific extensions visible,"SendGrid API demo stub, likely intended to demonstrate COBOL integration with SendGrid email service"
84dc7ee9806a492bfa98b5d307fe018808c50fff,/01.cbl,.cbl,373,True,10,0,5,5,0.5,fixed,0,False,False,0,0,0,0,0,0,HELLO,,,,,,,,,,
06c931b6e9c4b9f5b4ddfdc8a982a924b8fdb2ff,/Data1.cbl,.cbl,538,True,15,0,0,15,0.0,fixed,3,False,False,0,0,0,0,0,4,DATA1,true,unknown,COBOL-85,fixed,education-tutorial,demo,toy-or-hello-world,high,Simple student exercise with no vendor-specific extensions; COBOL-85 style syntax,Basic COBOL data types and DISPLAY demonstration
da8e7d55ba6ffb409471c44f79c932102dbc7414,/control-break3.cbl,.cbl,3803,True,112,14,0,98,0.0,fixed,4,False,False,0,0,6,0,0,31,CB3,true,unknown,COBOL-85,fixed,education-tutorial,batch,student-exercise,high,Standard COBOL-85 with LINE SEQUENTIAL and GOBACK; no vendor-specific extensions visible. Could compile under GnuCOBOL or similar.,"Control-break report generation exercise with three-level break (COL-A, COL-B, COL-C)"
87829b68f6f622708e879af60be950abe478cfa0,/HelloWorld.cbl,.cbl,276,True,10,0,0,10,0.0,fixed,3,False,False,0,0,0,0,0,0,HELLO-WORLD,true,unknown,COBOL-85,fixed,demo-example,demo,toy-or-hello-world,high,Minimal Hello World program; END PROGRAM terminator is COBOL-85+. No vendor-specific extensions visible.,Classic Hello World demonstration program
411a21b6e61584973724484f377ad2ebba797efb,/cobol.cbl,.cbl,2145,True,62,4,7,51,0.121,fixed,4,False,True,1,0,4,0,0,7,PGMMP1,true,ibm-mainframe,COBOL-85,fixed,other,online-cics,student-exercise,high,IBM CICS/BMS online program targeting z/OS or similar mainframe environment; uses BMS map handling with EXEC CICS RECEIVE/SEND/RETURN,CICS online transaction - simple login/authentication screen handler using BMS maps
8f4a26db6e05107ace36b6616e6f491db347c1db,/cobol.cbl,.cbl,1404,True,38,0,0,38,0.0,fixed,3,False,False,0,0,2,0,0,5,FIZZ-BUZZ,true,unknown,COBOL-85,fixed,demo-example,demo,student-exercise,high,Standard COBOL-85 FizzBuzz implementation; no vendor-specific extensions visible,Classic FizzBuzz programming exercise implemented in COBOL
3de3f30a1d1b1ae25641772f05536b20b2aaffc2,/Data5.cbl,.cbl,2546,True,80,8,0,72,0.0,fixed,3,False,False,0,0,0,0,0,24,DATA5,true,unknown,COBOL-85,fixed,education-tutorial,demo,student-exercise,high,"Simple student exercise demonstrating REDEFINES, level-66 RENAMES, and data manipulation; no vendor-specific extensions visible","Academic exercise demonstrating COBOL data structures: REDEFINES, RENAMES, and level-66 items for student grade records"
34cc5db4aaaf3926d7cef5ba9d111b686caa5f06,/EX04-AULA04.cbl,.cbl,1481,True,46,8,0,38,0.0,fixed,4,False,False,0,0,1,0,0,5,EX04-AULA04,true,gnucobol,COBOL-85,fixed,education-tutorial,demo,student-exercise,high,"Brazilian Portuguese educational COBOL, likely GnuCOBOL; uses DECIMAL-POINT IS COMMA and comma as decimal separator in literals (e.g. MOVE 0,1)",Brazilian Portuguese classroom exercise (Aula 04) computing installment purchase price with interest rates
11845a7b76487f79ba89851b2a310eed9da4abb1,/06_UNSTRING1.cbl,.cbl,395,True,12,0,0,12,0.0,fixed,3,False,False,0,0,0,0,0,3,UNSTRING1,true,unknown,COBOL-85,fixed,education-tutorial,demo,toy-or-hello-world,high,Simple UNSTRING demo; no vendor-specific extensions visible. GOBACK suggests IBM-style but is widely supported.,Demonstrates the COBOL UNSTRING verb by splitting a full name into first and last name components
eb6f4f1c46d5e2e26529429608b7c4faffeae21e,/gnucobol.cbl,cbl_files_lowercase.csv,6194,True,146,19,22,105,0.173,free,0,False,False,0,0,2,0,0,32,gnucobolcgi,true,gnucobol,COBOL-85,fixed,demo-example,demo,production-like,high,"GnuCOBOL CGI web application example by Brian Tiffin and Francois Hiniger; uses >>SOURCE FORMAT IS FIXED compiler directive and COMP-5 usage, characteristic of GnuCOBOL",CGI web application demonstrating GnuCOBOL environment variable access and POST data handling
51de1b4bd855f51119ecbf84661bba75e0c079c8,/exercicio-16.cbl,.cbl,874,True,27,1,6,20,0.231,fixed,3,False,False,0,0,0,0,0,2,YOUR-PROGRAM-NAME,true,gnucobol,COBOL-85,fixed,education-tutorial,demo,student-exercise,high,GnuCOBOL student exercise; 'Tectonics: cobc' comment indicates cobc compiler,Portuguese-language student exercise checking vehicle speed against a maximum allowed speed
92e7df769408432059f80256564a561771539f47,/NSA01.cbl,.cbl,258209,True,5778,67,1369,4342,0.24,fixed,4,False,True,23,95,61,134,4,1742,NSA01,true,ibm-mainframe,COBOL-85,fixed,government-public,online-cics,production-like,high,"Generated by IBM VisualAge Generator (EZE/CSP) MVSCICS variant, targeting CICS on MVS. Uses EZE runtime structures (EZEAPP-PROFILE, EZEWORDS, ELARHAPP, ELARHRRB, ELARHFMR, ELARHMEM, ELARHMNE, ELAEHERR copybooks). Generation date 2007-03-11.",NSA-prefixed transaction (NSA01/NSA0) suggesting a government or public-sector application; generated main CICS transaction program
af612ade64b4ec73d6aa6a0af50368497bc43220,/ZBNKPRT2.cbl,.cbl,5230,True,125,1,5,119,0.04,fixed,4,False,False,0,0,10,0,0,39,ZBNKPRT2,true,ibm-mainframe,COBOL-85,fixed,banking-finance,batch,production-like,high,Classic IBM mainframe batch COBOL; SOURCE-COMPUTER/OBJECT-COMPUTER set to IBM; fixed format; no COMP-3 or advanced features,Bank account credits reporting; reads account and product records from a sequential file and produces a formatted report
113e3da0ac4f41dde55f5b25ad94b74cd5ea4ef3,/LOANAMORTSCREENS.cbl,.cbl,2594,True,78,18,8,52,0.133,fixed,4,False,False,3,1,4,0,0,7,LOANAMORTSCREENS,true,micro-focus,COBOL-85,fixed,banking-finance,online-cics,student-exercise,high,"Micro Focus COBOL with $SET directive for IL namespace (com.microfocus.loan.amort), SCREEN SECTION, and .CPY copybooks. Copyright notice explicitly states Micro Focus 1984-2018.","Loan amortization calculation - monthly payment schedule based on principal, term, and interest rate"
346b7211a5ceda1b2dedef617c8431dd86ca90df,/Wanda1.CBL,.CBL,49250,True,1018,63,127,828,0.133,fixed,4,False,False,35,16,77,0,2,69,CNF1000E,true,ibm-mainframe,COBOL-85,fixed,banking-finance,batch,production-like,high,"IBM mainframe-style COBOL with LINE SEQUENTIAL files, COPY statements with REPLACING, COMP-3, 88-level condition names, and proprietary copybooks (MUDEF, MSTRPL, AHDEF, MSTPMPM, etc.) typical of an IBM mainframe or compatible environment running an Employee Benefit/retirement plan system.",Employee Benefit Systems - retirement plan remittance confirmation extract. Produces a REMCONF extract file fed to another application to print participant contribution confirmations.
ebe6d49ef22631d655ec2309ca8d637d7a54bc57,/MonoChrome.cbl,.cbl,17195,True,504,17,60,427,0.123,fixed,4,False,False,8,3,49,0,0,20,MonoChrome,true,micro-focus,COBOL-85,fixed,demo-example,demo,student-exercise,high,"isCobol (isCOBOL Evolve by Veryant) – GUI screen designer generated code; uses iscobol-specific directives, handle OF WINDOW/FONT, MODIFY/INQUIRE screen verbs, w$font call, and isgui.def/iscobol.def copybooks",Monochrome pixel-art / run-length encoding game or demo using an isCobol GUI grid
190c8182948e403cf00b9c364a0f7fdec40d9f42,/prog01.cbl,.cbl,412,True,14,1,6,7,0.462,fixed,4,False,False,0,0,0,0,0,0,PROG01,true,gnucobol,COBOL-85,fixed,education-tutorial,demo,toy-or-hello-world,high,Uses *> comment style which is GnuCOBOL/COBOL-2002+ free-form comment syntax; simple hello-world structure consistent with GnuCOBOL student use,"Basic introductory COBOL exercise, likely a student or tutorial first program"
bf3b2a9f02aca30031470fa04e4914143f6f769f,/EX-OPCOES-CONSISTENCIA.cbl,.cbl,865,True,29,7,1,21,0.045,fixed,0,False,False,0,0,1,0,0,8,,,,,,,,,,,
1be9ccc2d50b76acc195ee2f163fc4fd66f80fcc,/autosetup.cbl,.cbl,7356,True,204,28,11,165,0.062,fixed,3,False,False,3,6,4,0,0,7,autosetup,true,micro-focus,COBOL-85,fixed,utility-tooling,subprogram,production-like,high,"Micro Focus Visual COBOL / COBOL for Eclipse; uses cblt-fileexist-buf, cblt-rtncode, cblt-x1-compx, CBL_CHECK_FILE_EXIST, CBL-GET-OS-INFO, cblte-osi-* data names, comp-x — all Micro Focus runtime extensions",Auto-setup/locale detection utility that determines the correct locale/country directory (MFOCALDIR) for a Micro Focus COBOL application by checking environment variables and OS country codes
3029a394a78437630969f6293b1b78a6987ff26c,/Programa-MostrarLista.cbl,.cbl,2507,True,81,17,6,58,0.094,fixed,4,False,False,0,0,9,0,0,12,MOSTRAR-LISTA,true,gnucobol,COBOL-85,fixed,education-tutorial,batch,student-exercise,high,GnuCOBOL (cobc) as indicated by 'Tectonics: cobc' comment; LINE SEQUENTIAL organization typical of GnuCOBOL on Windows,Student exercise reading employee records from a .dat file and displaying them
879e11c4a32c98f7c48df08a50a40aa9e98072b9,/cobchangestr.cbl,.cbl,550,True,16,1,1,14,0.067,fixed,3,False,False,0,0,0,0,0,1,cobchangestr,true,gnucobol,COBOL-85,fixed,demo-example,subprogram,snippet,medium,Likely GnuCOBOL subprogram example; 'cobsub*' indicator line and GOBACK usage are consistent with GnuCOBOL tutorial/demo style,Demonstrates passing a string parameter by reference to a COBOL subprogram and modifying it
dd46ff7cd43a995d3423006fff547dc6568b4c42,/sampe-cobol-code.cbl,.cbl,4283,True,110,4,28,78,0.264,fixed,3,False,False,1,7,5,0,0,15,AWIXMP|FACTORIAL,true,ibm-mainframe,COBOL-85,fixed,education-tutorial,demo,student-exercise,medium,"IBM Language Environment (LE) callable services: CEEMOUT, CEELOCT, CEEDATE; COPY CEEIGZCT copybook; COMP-2 usage; file appears to be a sample/demo with a second appended FACTORIAL snippet and a '//Optimize' JCL-like line","Demonstration of IBM Language Environment callable services for date/time retrieval and message output, plus a simple factorial calculation example"
e559789818d2b5f4c82bedab93151995757a4240,/test2.cbl,.cbl,530,True,22,3,2,17,0.105,free,3,False,False,0,0,0,0,0,4,HELLO,true,gnucobol,COBOL-85,free,education-tutorial,demo,toy-or-hello-world,high,Free-format style with *> comments; likely GnuCOBOL or similar open-source compiler. No vendor-specific extensions.,Simple student input/output exercise demonstrating ACCEPT and DISPLAY verbs
30136b7fc69ca0f6b6af407d21600dbccd7f52c6,/ArqSequencial-Sort.cbl,.cbl,13276,True,317,77,32,208,0.133,fixed,4,False,False,0,0,9,0,0,29,arquivo_sequencial_Sort,true,gnucobol,COBOL-85,free,education-tutorial,batch,student-exercise,high,"GnuCOBOL (OpenCOBOL) with $set sourceformat""free"" directive, screen section with foreground-color, Brazilian Portuguese comments","Student exercise demonstrating sequential file I/O and SORT verb in GnuCOBOL; Brazilian Portuguese context, dated 14/12/2022"
a5627ec6a0eba980e14d2e8bac9d2fbf04ff6523,/RHBCLI01.CBL,.CBL,56070,True,1250,42,53,1155,0.044,fixed,4,False,False,26,12,58,3,0,277,RHBCLI01,true,micro-focus,COBOL-85,fixed,retail-commerce,batch,production-like,high,"Micro Focus COBOL for PC/Windows environment; uses COMP-X, LINE SEQUENTIAL, VALUE OF FILE-ID, and PC-AT computer names; Brazilian Portuguese variable naming and path conventions (C:\HBSIS\FTT\)","Brazilian commercial system (HBSIS) - customer report generation with multi-currency support (Real, Dollar, Euro, Marco) and geographic coordinates (latitude/longitude); likely a freight/logistics or import-export trading company"
73367c5b785b634608f8a7c3f44e1926c8fb7d01,/athlete.cbl,.cbl,603,True,16,1,0,15,0.0,fixed,0,False,False,0,0,0,0,0,0,,,,,,,,,,,
9680a854c820a731c780a6518aececc84ed71e12,/HELLO2.cbl,.cbl,1777,True,37,1,25,11,0.694,fixed,3,False,False,0,0,0,0,0,0,HELLO2,true,gnucobol,COBOL-85,fixed,demo-example,demo,toy-or-hello-world,high,"OpenCOBOL/GnuCOBOL sample from Tokyo System House Co., Ltd. (opencobol@tsh-world.co.jp); note typo 'DISPLA' instead of 'DISPLAY'",OpenCOBOL/GnuCOBOL Hello World demonstration sample
6bca4edb2d1c86a296d120f7835fd9bc022ffe58,/UTIL0.cbl,.cbl,1110,True,27,5,1,21,0.045,fixed,3,False,False,0,2,1,0,0,3,UTIL0,true,gnucobol,COBOL-85,fixed,utility-tooling,subprogram,snippet,medium,"Likely GnuCOBOL; uses FUNCTION ORD, RETURNING clause on CALL, and LINKAGE SECTION with USING TEXT-PARAM — standard COBOL-85 features common in GnuCOBOL implementations",Implements the DJB2 hash algorithm as a callable subprogram
3325a2c939893d72ed1b65d767af6a79327c6680,/restaurante.cbl,.cbl,8977,True,246,4,0,242,0.0,fixed,4,False,False,0,0,14,0,0,79,Restaurante,true,gnucobol,COBOL-85,fixed,retail-commerce,demo,student-exercise,medium,Likely GnuCOBOL (open-source) targeting Linux/Windows with LINE SEQUENTIAL files and CSV data sources; Spanish-language identifiers and prompts suggest Latin American academic context,"Restaurant management system handling menu (carta), dishes (platillos), waiters (meseros), tables (mesas), and orders (pedidos)"
d35e2b297aa03f66ac47cea114443e09bc13482c,/cobol.cbl,.cbl,867,True,35,5,1,29,0.033,unknown,4,False,False,0,0,4,0,0,2,WriteDemo,true,unknown,COBOL-85,fixed,education-tutorial,demo,toy-or-hello-world,medium,"Generic COBOL, likely GnuCOBOL or similar free compiler; author comment says 'I don't even have a cobol compiler', suggesting written without compilation testing","Simple file-writing demonstration program, likely a student or tutorial exercise"
e44b8b9275e156efb1b4b3163f0dbd20b6241a3e,/epsmlist.cbl,.cbl,7888,True,224,28,18,178,0.092,fixed,4,False,True,7,0,7,0,0,29,EPSMLIST,true,ibm-mainframe,COBOL-85,fixed,banking-finance,online-cics,production-like,high,IBM CICS/COBOL for mainframe or IBM Flex-ES emulator; part of the IBM EPSDEMOS 2008 sample application suite,Mortgage comparison listing; part of IBM EPSDEMOS sample CICS application
729b8eba9f614b447ccefb3dfbf61b9ed988e499,/CBLKLM04.cbl,.cbl,22849,True,541,34,5,502,0.01,fixed,4,False,False,0,0,13,8,0,189,CBLKLM04,true,gnucobol,COBOL-85,fixed,education-tutorial,batch,student-exercise,high,"Student exercise likely compiled with GnuCOBOL or similar PC-based compiler; uses LINE SEQUENTIAL, LINAGE clause, FUNCTION CURRENT-DATE, and Windows-style file paths (C:\COBOL\)","Student COBOL course exercise (Kiara Moyer, dated 1/20/2018) for an Albia Soccer Club fundraiser soda sales report"
84bc4486b5aa0fb992afe0caf41880eee310277f,/TheRealDeal.cbl,.cbl,356,True,20,9,2,9,0.182,fixed,4,False,False,0,0,0,0,0,0,THEREALDEAL,true,unknown,COBOL-85,fixed,demo-example,demo,toy-or-hello-world,high,Minimal skeleton with all four divisions present; GOBACK and END PROGRAM suggest at least COBOL-85,Bare-bones skeleton program with no real logic
087720af228c0cb6e3096509d6d0aab3fb393ca3,/main_app.cbl,.cbl,2407,True,72,15,15,42,0.263,fixed,3,False,False,0,7,4,0,0,2,main-app,true,gnucobol,COBOL-85,fixed,education-tutorial,demo,student-exercise,high,GnuCOBOL (cobc) as indicated by the Tectonics comment 'cobc -x main_app.cbl sub.cbl -o a.out' and use of *> inline comments,Demonstration of COBOL CALL BY CONTENT vs CALL BY REFERENCE and CANCEL behavior
7851afc239d06aadfab634c262e7199238b469e5,/Program1.cbl,.cbl,896,True,34,8,0,26,0.0,fixed,4,False,False,0,0,1,0,0,4,Program1,true,unknown,COBOL-85,fixed,demo-example,demo,toy-or-hello-world,high,Simple standard COBOL-85 program; no vendor-specific extensions visible. Could be GnuCOBOL or similar free compiler given the simple structure and Spanish-language identifiers.,Coin-flip simulation using system time to generate pseudo-random heads/tails (cara/cruz in Spanish)
689a0c7aae69e8ea44b40b15412d1d0b73114d19,/epscmort.cbl,.cbl,8805,True,251,19,28,204,0.121,fixed,4,True,True,5,6,10,0,0,14,EPSCMORT,true,ibm-mainframe,COBOL-85,fixed,banking-finance,online-cics,production-like,high,"IBM mainframe CICS/DB2 program targeting IBM Flex-ES (mainframe emulator). Uses EXEC CICS, EXEC SQL with DB2 SQLCA, DFHAID/DFHEIBLK copybooks, and SYSIBM.SYSDUMMY1 table — all classic IBM mainframe patterns.",Mortgage calculation CICS online transaction — part of IBM EPSDEMOS 2008 sample application
459f40652c3f48633a3efd2010fd65926973cb65,/ZBNKE35.CBL,.CBL,14420,True,179,1,66,112,0.371,fixed,4,False,False,1,1,5,0,0,16,PIC|ZBNKE35,true,micro-focus,COBOL-85,fixed,utility-tooling,subprogram,production-like,high,"Micro Focus MFJSORT E35 exit program, copyright 1998-2002 Micro Focus. Demonstrates the E35 sort exit capability compatible with mainframe DFSORT/ICETOOL exit conventions.","Sort exit program for Micro Focus MFJSORT utility, implementing E35 post-sort output exit to filter/delete duplicate records based on a key field"
6869c0247d49dc89fb22578ecd65e509c172f6cd,/hie.yaml.cbl,.cbl,1658,True,50,13,0,37,0.0,fixed,0,False,False,0,0,0,0,0,0,,,,,,,,,,,
5658cd599950f32e74981a10ad3d956f335c861f,/two_dim.cbl,.cbl,745,True,24,2,0,22,0.0,fixed,3,False,False,0,0,4,0,0,4,TWO-DIM,true,unknown,COBOL-85,fixed,education-tutorial,demo,student-exercise,high,Simple two-dimensional table example; no vendor-specific extensions. COBOL-85 inferred from END-PERFORM usage.,Demonstrates two-dimensional table (array) access using REDEFINES and nested PERFORM VARYING loops
dca70422f989f4ecbee477a2cf7639c1b17fa8db,/testingdb2.cbl,.cbl,2644,True,89,20,9,60,0.13,fixed,2,True,False,0,0,0,0,0,0,TEST,true,ibm-mainframe,COBOL-85,fixed,retail-commerce,batch,snippet,medium,IBM DB2 embedded SQL with QUERYNO clause and ¬= (not-equal) operator typical of IBM mainframe EBCDIC environments,"Retail item/UPC management system; queries and updates tables related to retail sections, UPC codes, corporate item codes, and pricing/label data"
55250b08d53f3f2ce12451857a25921071ec5a2f,/epsmlist.cbl,.cbl,7913,True,224,28,18,178,0.092,fixed,4,False,True,7,0,7,0,0,29,EPSMLIST,true,ibm-mainframe,COBOL-85,fixed,banking-finance,online-cics,production-like,high,"IBM CICS online program, references IBM-FLEX-ES (Flex-ES mainframe emulator), part of IBM EPSDEMOS 2008 sample application",Mortgage loan listing application; reads a mortgage company file and displays matching lenders based on loan amount and interest rate criteria
dbdcba8a42d7d9edf53f3f2a657f6a3e1119cd5d,/TSQL005A.cbl,.cbl,3291,True,118,37,0,81,0.0,fixed,3,True,False,0,0,0,3,0,7,TSQL005A,true,gnucobol,COBOL-85,fixed,test-suite,test,student-exercise,medium,GnuCOBOL with DB2-style embedded SQL using SQL TYPE IS BINARY/VARBINARY/CHAR/VARCHAR extensions; IBM-AT as SOURCE/OBJECT-COMPUTER suggests PC-based GnuCOBOL or similar open-source COBOL with ESQL preprocessing,Database connectivity and binary/varchar field handling test against a table named BINTEST
f585f5d52ac3930e811477083bb30e43cca41617,/INTVENDR.cbl,.cbl,33386,True,790,34,130,626,0.172,fixed,4,False,False,0,0,37,0,0,112,INTVENDR,true,gnucobol,COBOL-85,fixed,accounting-erp,batch,student-exercise,high,"Likely compiled with GnuCOBOL (OpenCOBOL); uses Windows/Linux file paths, ASSIGN TO UT-SYS-MFILE pattern, no COMP-3, no CICS/SQL, structured with 88-levels and EVALUATE TRUE. Student project dated 2014.","Vendor master file maintenance — interactive CRUD operations on a vendor file including add, edit, delete, detail view, and list."
2fbf62a1235d31814a2d2f59dc7302013e2fca16,/asmzx.cbl,.cbl,19166,True,496,0,56,440,0.113,fixed,4,False,False,16,9,56,0,0,34,asmxbin|asmxcasu|asmxexpn|asmxglen|asmxopcd|asmzx,true,gnucobol,COBOL-85,fixed,utility-tooling,batch,production-like,medium,"GnuCOBOL-style multi-program source file using BINARY-CHAR, LINE SEQUENTIAL, SHARING WITH ALL, and COPY with REPLACING; no IBM-specific extensions detected","Assembler/linker toolchain: a two-pass assembler that reads assembly source, resolves defines and symbols, encodes instructions to binary output"
bcb7ee424af7490c8d7d0c854abde97af30a23e2,/solve.cbl,.cbl,1573,True,33,0,5,28,0.152,fixed,3,False,False,0,0,0,0,0,1,nn,true,ibm-mainframe,COBOL-85,fixed,demo-example,demo,snippet,high,IBM mainframe COBOL targeting IBM-370; uses COMP-1 (IBM single-precision float) and GOBACK; classic obfuscated/puzzle program that encodes a string as floating-point constants reinterpreted via REDEFINES,Obfuscated COBOL puzzle/trick program that stores a hidden message as a series of COMP-1 floating-point values and reveals it by REDEFINing the storage as PIC X(52) and DISPLAYing it
b4acf83aadf03abe5f6b2d7d65c3d8d4642a44c7,/SAM1.cbl,.cbl,20296,True,484,38,57,389,0.128,fixed,4,False,False,4,1,31,0,15,87,SAM1,true,ibm-mainframe,COBOL-85,fixed,demo-example,batch,production-like,high,"IBM mainframe COBOL; uses RECORDING MODE IS V/F, BLOCK CONTAINS 0 RECORDS, RETURN-CODE special register, GOBACK, COMP-3, ACCEPT FROM DATE/TIME — all characteristic of IBM Enterprise COBOL on z/OS",IBM-authored sample/lab program for debugging and fault analysis training; processes a sequential customer file with transaction updates
d1376f8ea9b00c6f8af77a2efac189b3c748624d,/new-gilded-rose.cbl,.cbl,2751,True,90,14,0,76,0.0,fixed,4,False,False,0,0,6,2,0,6,new-gilded-rose,true,gnucobol,COBOL-85,fixed,demo-example,demo,student-exercise,high,"Likely GnuCOBOL or similar open-source COBOL; uses ORGANISATION IS LINE SEQUENTIAL (British spelling common in GnuCOBOL/Micro Focus), PROGRAM-ID with quoted name, and fixed-format style. No IBM-specific extensions.","COBOL implementation of the classic 'Gilded Rose' kata, a well-known programming exercise for practicing refactoring and business rules"
6e0f967364a22d73111d8eaa194a5e2fd28c822b,/Test1.cbl,.cbl,528,True,10,1,3,6,0.333,fixed,0,False,False,0,0,0,0,0,5,,,,,,,,,,,
27605d7afacb28f44defd0b9cb4eb52bd4b4fdca,/PROG01.cbl,.cbl,645,True,18,0,0,18,0.0,fixed,4,False,False,0,0,0,0,0,2,PROG01,true,unknown,COBOL-85,fixed,education-tutorial,demo,toy-or-hello-world,high,Simple Portuguese-language hello-world program; no vendor-specific extensions visible. Likely compiled with GnuCOBOL or similar free compiler given educational context.,Portuguese-language introductory COBOL exercise; greets the world and prompts user for their name
689d41e8e2b13ea538d8ee61c3d8f3e6e89dabec,/tempo.cbl,.cbl,11721,True,293,29,27,237,0.102,fixed,4,False,False,0,0,13,0,0,66,tempo,true,gnucobol,COBOL-85,fixed,utility-tooling,batch,production-like,high,"GnuCOBOL (cobc) as stated in the Tectonics comment; uses USAGE IS COMPUTATIONAL, USAGE IS INDEX, USAGE IS DISPLAY, OCCURS, REDEFINES, EVALUATE TRUE ALSO TRUE — all standard COBOL-85 features",French residential electricity billing analysis — EDF Tempo tariff (Rouge/Blanc/Bleu day classification with HP/HC peak hours)
abc5b5a62591a43b6910c65e0db5900e1e2cdcab,/sampprog_expand.cbl,.cbl,2356,True,34,4,3,27,0.1,fixed,4,False,True,0,0,0,0,0,7,SAMPPROG,true,ibm-mainframe,COBOL-85,fixed,demo-example,online-cics,snippet,high,"IBM CICS online program; uses DFHCOMMAREA (standard CICS linkage), EXEC CICS RETURN, COMP (BINARY) fields, and 88-level condition names consistent with IBM mainframe COBOL",Sample/skeleton CICS online program demonstrating copybook variable usage patterns
b9eb3df0f4a8030d4d93aaee13554dba41e40ba8,/Control2.cbl,.cbl,1278,True,43,7,0,36,0.0,fixed,4,False,False,0,0,0,0,0,2,CONTROL2,true,gnucobol,COBOL-85,fixed,education-tutorial,demo,student-exercise,high,Simple educational program likely compiled with GnuCOBOL; uses SPECIAL-NAMES CLASS definitions and IF...THEN...END-IF syntax consistent with COBOL-85,Student exercise demonstrating SPECIAL-NAMES CLASS definitions and conditional input validation
0ae7109e78b6c30e5754adf65d4d80ca02cbbf80,/C06E02.cbl,.cbl,907,True,36,12,3,21,0.125,fixed,3,False,False,0,0,2,0,0,3,Chap6Ex2,true,unknown,COBOL-85,fixed,education-tutorial,demo,student-exercise,high,"Generic COBOL-85; likely a textbook exercise, no vendor-specific extensions","Chapter 6 exercise on loops and countdown, likely from a COBOL textbook"
bbb76b32087ad60917fb686bdf3ff2fdaa1e10bf,/fuente.cbl,.cbl,4106,True,131,22,6,103,0.055,fixed,4,False,False,0,0,0,2,0,22,INICIO,true,gnucobol,COBOL-85,fixed,retail-commerce,demo,student-exercise,high,GnuCOBOL (cobc) indicated by 'Tectonics: cobc' comment; uses DISPLAY LINE/COL screen extensions common in GnuCOBOL,Customer file management with sales tracking by month and day; appears to be a small business client/customer database
ae4081b07911a1eb1607179ea3b1ebfb3497a9f8,/Personal-info.cbl,.cbl,8967,True,239,48,16,175,0.084,fixed,4,False,False,0,0,11,0,0,78,PERSONAL-INFO,true,gnucobol,COBOL-85,fixed,education-tutorial,batch,student-exercise,high,Likely compiled with GnuCOBOL on Windows (path references C:\Users\ayele\OneDrive\Escritorio); uses FUNCTION CURRENT-DATE and END-IF which are COBOL-85 features,Student practice exercise for personal/employee data entry and report generation
e3365e576ada2119010ac91d6ceb862bdddd8adf,/VALIDABOOK.cbl,.cbl,1612,True,29,0,0,29,0.0,fixed,0,False,False,0,0,0,0,0,5,,,,,,,,,,,
28003903f4fc388f14700e81972960d52944b0cc,/PROJ2023.cbl,.cbl,6574,True,183,29,22,132,0.143,fixed,3,False,False,0,0,10,7,0,11,PROJ2023,true,unknown,COBOL-85,fixed,education-tutorial,batch,student-exercise,high,"Student assignment for SOFT806 course, 2023. No vendor-specific extensions; uses standard COBOL-85 features like 88-level condition names, END-IF, END-PERFORM, STRING...END-STRING, SET...TO TRUE.","University student assignment (SOFT806 module, Feb-Mar 2023) implementing a simple user registration and login system"
2db0dd4d687e20692e13fccc11f117184f768a12,/CobolGreeting.cbl,.cbl,403,True,15,3,1,11,0.083,fixed,3,False,False,0,0,1,0,0,1,CobolGreeting,true,unknown,COBOL-85,fixed,demo-example,demo,toy-or-hello-world,high,Simple greeting program with no vendor-specific extensions; COBOL-85 style PERFORM...TIMES construct,Simple greeting demonstration program
a9bdcb7a9ce71e46cbebf46b3255840393f3a63f,/ac2302p2.cbl,.cbl,4387,True,126,4,17,105,0.139,fixed,4,False,False,0,0,11,0,0,16,AC2302P2,true,gnucobol,COBOL-85,fixed,demo-example,batch,production-like,high,"Likely GnuCOBOL; uses GOBACK, 88-level condition names, EVALUATE, UNSTRING with END-UNSTRING, reference modification — all standard COBOL-85 features. No mainframe-specific extensions detected.",Advent of Code 2023 Day 2 Part 2 puzzle solution — parsing game color cube data from input file
672e76a871ee7f7f121b8719172e93fa7780aacf,/MAXIMINI.cbl,.cbl,1117,True,33,3,6,24,0.2,fixed,3,False,False,0,0,2,0,0,4,MAXIMINI,true,gnucobol,COBOL-85,fixed,education-tutorial,demo,student-exercise,high,GnuCOBOL (cobc) indicated by 'Tectonics: cobc' comment; Portuguese-language display strings suggest Brazilian/Portuguese developer,Simple exercise to find maximum and minimum values in a hardcoded array of 5 two-digit numbers
dde13792d68f58fec87f3111b01eb27e3a7aa5e3,/assis.cbl,.cbl,829632,False,0,0,0,0,0.0,unknown,0,False,False,0,0,0,0,0,0,,,,,,,,,,,
17dccb0bce51f0a11923b806ea5cadd48ff89f64,/LAB7MultiBreak.cbl,.cbl,12889,True,405,97,77,231,0.25,fixed,4,False,False,0,0,23,0,0,60,LAB7MULTIBREAK,true,gnucobol,COBOL-85,fixed,education-tutorial,batch,student-exercise,high,Student lab exercise likely compiled with GnuCOBOL or similar academic COBOL environment; uses LINE SEQUENTIAL and ASSIGN TO PRINTER syntax common in GnuCOBOL/ACU-style environments,University COBOL programming course lab assignment on multi-level control breaks and arrays
42d5afeed087b35399f25f4949cc4ed0fea4e275,/P0001.cbl,.cbl,258,True,11,0,0,11,0.0,free,4,False,False,0,0,0,0,0,1,P0001,true,gnucobol,COBOL-85,free,demo-example,demo,toy-or-hello-world,high,Free-format directive '>> SOURCE FORMAT FREE' is characteristic of GnuCOBOL; minimal hello-world program written by 'eddtests' in 2023,Simple hello-world demonstration program
4de8a8b9056c9a19137d459e4f1a3cda512da8dd,/parouimpar.cbl,.cbl,817,True,24,2,6,16,0.273,fixed,3,False,False,0,0,0,0,0,1,IMPAROUPAR,true,gnucobol,COBOL-85,fixed,education-tutorial,demo,student-exercise,high,GnuCOBOL (cobc) as indicated by 'Tectonics: cobc' comment; uses FUNCTION MOD which is COBOL-85+,"Simple odd/even number checker, likely a student exercise"
92b92399f463d0a78e3b2b9d62c05467b51b3372,/f-ckdate.cbl,.cbl,2288,True,86,21,9,56,0.138,fixed,4,False,False,0,0,2,0,0,12,F-CKDATE,true,unknown,COBOL-85,fixed,utility-tooling,subprogram,production-like,medium,"Likely IBM mainframe or similar; uses LINKAGE SECTION with PROCEDURE DIVISION USING, EVALUATE, 88-level condition names, REDEFINES, OCCURS. Tab-indented source mixed with fixed-format conventions. Author note 'VAN TZE SHAN' and date '5/8/19' suggest a Southeast Asian shop (possibly Singapore/Malaysia).",Date validation subprogram supporting both DDMMYYYY and YYYYMMDD formats
ef92f6f5102dc77bc32bb7518a8206dfe7c23222,/SAM1.cbl,.cbl,23489,True,550,42,61,447,0.12,fixed,4,False,False,4,1,31,0,17,101,SAM1,true,ibm-mainframe,COBOL-85,fixed,banking-finance,batch,production-like,high,"IBM mainframe COBOL, likely Enterprise COBOL for z/OS. Uses RECORDING MODE IS V/F, BLOCK CONTAINS 0 RECORDS, ACCEPT FROM DATE/TIME, GOBACK, COMP-3, and COPY with REPLACING pseudo-text. IBM copyright notice confirms origin.",Customer file maintenance system processing sequential transaction records against a sorted sequential customer master file
78f3ccdb666a25dd89e14a1a41fe0f242dae77f2,/Calculadora.cbl,.cbl,1352,True,51,10,4,37,0.098,fixed,3,False,False,0,0,2,0,0,5,2-Digit-Calculator,true,gnucobol,COBOL-85,fixed,education-tutorial,demo,student-exercise,high,"Simple student calculator, likely compiled with GnuCOBOL; uses *> inline comments (COBOL-2002 style) and END-IF/END-PERFORM scope terminators consistent with COBOL-85+",Simple arithmetic calculator demonstrating basic COBOL I/O and arithmetic verbs
5b8ab2d1ddc75c7f5541db5119a5dc596dd99ac4,/payroll.cbl,.cbl,14597,True,420,64,34,322,0.096,fixed,4,True,False,0,0,12,0,4,73,CBL00,true,ibm-mainframe,COBOL-85,fixed,payroll-hr,batch,student-exercise,high,"IBM DB2 mainframe COBOL; uses EXEC SQL with DB2-specific syntax including VALUE(), COALESCE(), CHAR(), CURRENT DATE arithmetic, INCLUDE SQLCA, and SCM schema references typical of IBM DB2 on z/OS","Employee payroll and project activity reporting using IBM DB2 tables (EMP, EMPPROJACT, ACT); reads an indexed VSAM file of employee data, inserts/updates DB2 tables, then produces a printed report of employee salary and project assignment information"
46f99d3c8edce9564fdbddd3043927751edf2351,/modemp.cbl,.cbl,9192,True,193,2,17,174,0.089,fixed,4,False,False,0,0,13,0,0,58,MODEMP,true,unknown,COBOL-85,fixed,payroll-hr,batch,student-exercise,medium,"Standard COBOL-85 with SORT, INDEXED file with ALTERNATE RECORD KEY, and inline END-READ/END-IF scope terminators. No vendor-specific extensions visible. Could be GnuCOBOL or similar open-source compiler given file-based assignments.",Employee reporting system generating group-wise employee lists by location for a company (Capgemini Global Solutions mentioned in heading)
7c117d64873e50d46d369bb4a52ba04a53526060,/PlusTwoNumber.cbl,.cbl,521,True,15,0,0,15,0.0,fixed,3,False,False,0,0,0,0,0,3,PLUS-TWO-NUMBER,true,unknown,COBOL-85,fixed,education-tutorial,demo,toy-or-hello-world,high,"Simple standard COBOL, no vendor-specific extensions; COBOL-85 or later based on WITH NO ADVANCING clause",Basic arithmetic demonstration for learning COBOL
245435fca55b9f09170aed13112a71b6c2c35b85,/DAMARP01.cbl,.cbl,8257,True,102,0,6,96,0.059,fixed,4,False,False,2,2,5,0,0,27,MASD,true,ibm-mainframe,COBOL-85,fixed,banking-finance,batch,production-like,medium,"Classic IBM mainframe batch COBOL; uses RECORDING MODE IS F, LABEL RECORDS ARE OMITTED/STANDARD, ASSIGN U-T-SYSOUT/INPUT (JES SYSOUT-style DDnames), GOBACK, and carriage-control output record pattern typical of IBM OS/VS COBOL or VS COBOL II","Financial reporting — program title 'FINANCIAL REPORT', calls FINARS01 and FINARS02 (likely financial archive/summary routines)"
29e3a76eb3d4d399561af9ba27d5f13550d2f8a0,/edit1.cbl,.cbl,1309,True,38,2,0,36,0.0,fixed,3,False,False,0,0,0,0,0,10,LISTING9-1,true,unknown,COBOL-85,fixed,education-tutorial,demo,student-exercise,high,Simple educational program demonstrating numeric edited picture clauses; no vendor-specific extensions visible. PROGRAM-ID LISTING9-1 suggests textbook listing numbering.,"Textbook exercise demonstrating various COBOL numeric edited picture clause formats (insertion, suppression, floating symbols)"
6d7503d529462f54725d6ece9119c1cdeb319c2c,/ryder-demo-file.cbl,.cbl,186,True,6,1,0,5,0.0,fixed,0,False,False,0,0,0,0,0,0,HELLO,,,,,,,,,,
b74a55b8053bde7b7feddad0274c58c25726d1f6,/MDSMSDUS.CBL,.CBL,21616,True,599,0,67,532,0.112,fixed,4,False,False,0,1,63,12,22,49,MDSMSDUS,true,unknown,COBOL-85,fixed,demo-example,subprogram,production-like,high,"Standard COBOL-85 with no vendor-specific extensions visible; uses COMP-3, 88-level conditions, PERFORM VARYING, EVALUATE implied via IF chains, and Swedish-language comments. Likely compiled with GnuCOBOL or similar open-source compiler given the author credit and style.","Sudoku solver implemented as a callable COBOL subprogram, written by Erik Weyler in 2013. Swedish comments throughout."
2ee70e7da132de9c1359e0d4744480114796802a,/BAC00110.cbl,.cbl,1515086,True,26272,3,2132,24137,0.081,fixed,4,False,False,55,192,1019,539,228,3165,BAC00110,true,ibm-mainframe,COBOL-85,fixed,banking-finance,batch,production-like,high,"IBM mainframe COBOL; uses RECORDING MODE IS F, BLOCK CONTAINS 0 RECORDS, LABEL RECORDS ARE STANDARD, COMP-3, COMP, ILBOABN0 abend routine, and fixed-format source with sequence numbers. Version tracking comments (e.g. 02.38, 03.66) suggest a long-lived production system. COPY statements reference IBM-style copybooks (KMCADDFO, FDFEICF, FDFEPKG, KMCCRATE, etc.).","Bankcard/merchant transaction processing — preliminary edit and validation of merchant transactions including interchange rate handling, EBT, passthrough, downgrade, reconciliation, and settlement"
1a667b4f0fc5f19b74f49a4164dba3fd89820af9,/Hello.cbl,.cbl,173,True,6,0,1,5,0.167,free,2,False,False,0,0,0,0,0,0,HELLO-WORLD,true,gnucobol,COBOL-85,free,demo-example,demo,toy-or-hello-world,high,Minimal free-format hello-world; *> comment style is COBOL-2002+ but widely supported by GnuCOBOL and modern compilers,Classic hello-world demonstration program
c8991c0c99da22959072e220490ce201ab583264,/hello.cbl,.cbl,142,True,6,0,1,5,0.167,free,2,False,False,0,0,0,0,0,0,HELLO-WORLD,true,unknown,COBOL-85,free,demo-example,demo,toy-or-hello-world,high,"Minimal hello-world; free-format source with *> comment style (COBOL-2002+), but otherwise no vendor-specific features detectable",Classic hello-world demonstration program
bf9a5dea633df977cd0e85146cc5e2d050c5e1ec,/DB2PGM3.CBL,.CBL,6323,True,201,2,59,140,0.296,fixed,4,True,False,0,0,11,0,1,9,CBCUSINV,true,ibm-mainframe,COBOL-85,fixed,retail-commerce,batch,student-exercise,high,"IBM DB2 embedded SQL program; uses EXEC SQL INCLUDE for SQLCA and host tables, DECLARE CURSOR WITH HOLD, typical mainframe DB2 conventions",Customer invoice inquiry system; retrieves customer and invoice records from DB2 tables CUST and INV
fa61b1a0632785e2afb6763e7c2103ea1560036a,/brainfuck.cbl,.cbl,5304,True,160,24,2,134,0.015,fixed,4,False,False,0,0,9,0,0,9,BrainfuckInterpreter,true,gnucobol,COBOL-2002,fixed,demo-example,demo,student-exercise,high,"Uses COBOL-2002/2014 features: FUNCTION ALL INTRINSIC, ODO with DEPENDING ON, 88-level conditions on table elements, CONSTANT clause, intrinsic functions CHAR and ORD. Likely GnuCOBOL given open-source/demo nature and feature set.",Esoteric programming language interpreter implemented in COBOL as a demonstration/novelty
8decbdee2c8cb8473f2d8e66c335b9ff6ec81b15,/calculator.cbl,.cbl,1810,True,53,8,0,45,0.0,fixed,3,False,False,0,0,0,1,0,6,CalculatorProgram|ELSE,true,unknown,COBOL-85,fixed,demo-example,demo,student-exercise,high,Generic COBOL-85; uses EVALUATE/END-EVALUATE and END-IF which are COBOL-85 features. No vendor-specific extensions visible.,Simple interactive calculator demonstrating basic arithmetic operations
74dc4fb8f5c3fc4f70086aaf0a8a1274bb68475b,/Control7.cbl,.cbl,2006,True,44,3,1,40,0.024,fixed,3,False,False,0,0,0,0,0,4,CONTROL7,true,gnucobol,COBOL-85,fixed,education-tutorial,demo,student-exercise,high,Likely GnuCOBOL or similar free compiler; uses *> comment style and GOBACK; authored by 'Nipitpon' suggesting academic/tutorial context,Bookstore discount calculation exercise demonstrating multi-condition EVALUATE
dd8097a55e6714bb3983ab9678e726d2fc5deb65,/data-input-example.cbl,.cbl,886,True,33,3,5,25,0.167,unknown,3,False,False,0,0,0,0,0,6,PAYROL00,true,unknown,COBOL-85,fixed,education-tutorial,demo,toy-or-hello-world,high,Simple educational payroll example; no vendor-specific extensions. GOBACK suggests IBM-style but is widely supported.,"Introductory COBOL tutorial demonstrating MOVE, COMPUTE, and DISPLAY statements in a payroll context"
6b46eaa886ba92f6dfe5d9791d5aef149b6f3303,/puzzle.cbl,.cbl,645,True,20,2,0,18,0.0,fixed,3,False,False,0,0,0,0,0,4,puzzle,true,unknown,COBOL-85,fixed,education-tutorial,demo,toy-or-hello-world,high,Simple educational example with no vendor-specific extensions; compatible with GnuCOBOL or any standard compiler,Demonstrates hierarchical data structures and MOVE of numeric literals into group items to extract sub-fields
c005f9ef14186e846e7d80507a533cf3c6e678c4,/CUNA_util01.cbl,.cbl,9442,True,242,40,35,167,0.173,fixed,4,False,False,1,0,6,0,0,16,,true,gnucobol,COBOL-85,fixed,utility-tooling,batch,production-like,medium,"Likely GnuCOBOL or similar open-source/PC COBOL targeting file-based batch processing; SOURCE-COMPUTER/OBJECT-COMPUTER set to IBM-370 but uses ACCEPT FROM COMMAND-LINE, LINE SEQUENTIAL files, and a debug comment referencing 'debug\cobolexec.ctl' (Windows path), suggesting GnuCOBOL on Windows or similar PC environment","CUNA (Credit Union National Association?) mail/document processing utility; reads input records and filters/counts by mail type categories (PRESORTS, RESIDUALS, NO MAILS, HANDSTUFFS, PDF)"
98b5f38950004cd50be4c828eec40073e0923996,/TEST1.cbl,.cbl,177,True,7,0,0,7,0.0,free,1,False,False,0,0,0,0,0,0,,,,,,,,,,,
8d4832710fd41f6b4fd83ccf106854f60bc5530f,/PAY9.CBL,.CBL,12043,True,320,29,16,275,0.055,fixed,4,False,False,0,0,17,0,0,74,PAY4,true,other-vendor,COBOL-85,fixed,payroll-hr,batch,student-exercise,medium,"IBM-PC targeted COBOL, likely Micro Focus Personal COBOL or similar PC COBOL compiler; SOURCE-COMPUTER/OBJECT-COMPUTER set to IBM-PC, LINE SEQUENTIAL files, PRINTER keyword in SELECT","Employee payroll processing: reads payroll data file, calculates gross pay, tax (25%), super (6%), union and mortgage deductions, prints per-employee lines and summary totals"
8daf396688f537c589b035407b698af8e3004780,/CL15EJ02.v.1.1.cbl,.cbl,11960,True,332,64,37,231,0.138,fixed,4,False,False,2,0,13,0,0,12,CL15EJ02,true,gnucobol,COBOL-85,fixed,education-tutorial,batch,student-exercise,high,Student exercise likely compiled with GnuCOBOL on Linux/Unix; uses relative file paths with '../' prefix typical of GnuCOBOL student environments; LINE SEQUENTIAL organization; DECIMAL-POINT IS COMMA (Spanish locale),Argentine university COBOL programming exercise (ABM = Alta/Baja/Modificacion - master file maintenance with transaction matching/apareo)
ad0b649514de7c24111555af1540865f8d1df7f1,/TestLOANAMORT.cbl,.cbl,2241,True,80,19,5,56,0.082,fixed,1,False,False,2,2,0,0,2,12,TestLOANAMORT,true,micro-focus,COBOL-85,fixed,banking-finance,test,production-like,high,Micro Focus Unit Testing framework (mfunit) with $region/$end-region compiler directives and MFU_ASSERT_FAIL; likely Micro Focus Visual COBOL or Enterprise Developer,Loan amortization calculation testing
149d19db0b5d93cd36f69359194ee9ab5d7564bc,/Lista7E4.cbl,.cbl,9714,True,288,64,37,187,0.165,fixed,4,False,False,0,0,9,0,0,15,Lista7E4,true,gnucobol,COBOL-85,fixed,education-tutorial,demo,student-exercise,high,"GnuCOBOL student exercise; uses SCREEN SECTION with foreground-color, decimal-point is comma (Brazilian Portuguese locale), fixed format with max line 72","Brazilian university programming exercise (Lista 7, Exercise 4) dealing with historical temperature data"
89e5009337676d4558e6c8259e99938d3ed88bbd,/CobolExample.cbl,.cbl,1734,True,22,0,0,22,0.0,fixed,0,False,False,0,0,0,0,1,16,,,,,,,,,,,
0f9863fcf9c5256a0943c12a7a38543a041a488c,/FACTURAS.CBL,.CBL,13784,True,332,59,3,270,0.011,fixed,4,False,False,7,0,56,10,0,24,facturas,true,rm-cobol,COBOL-85,fixed,accounting-erp,batch,production-like,high,RM/COBOL-85 indicated by 'rmc85' source/object computer names and use of rmpanels screen handling library (rmp-- prefixed procedures),"Invoice (factura) maintenance system with client (clientes) file integration, tracking invoice amounts, VAT, discounts, and payment status"
8d30579c68a24f1947812b842ce3930b65665cba,/shop_receipts.cbl,.cbl,2182,True,61,6,0,55,0.0,fixed,3,False,False,0,0,5,0,0,11,SHOPRECEIPT,true,unknown,COBOL-85,fixed,retail-commerce,batch,student-exercise,high,Standard COBOL-85 features used; no vendor-specific extensions detected. Author name suggests possible academic/Southeast Asian context.,"Shop receipt processing: reads a sequential file of shop header and sales detail records, accumulates total sales per shop, and displays formatted totals."
efa179533fb4f204fcbeee4f434398028f75120a,/primeiro arquivo.cbl,.cbl,31,True,2,0,0,2,0.0,free,0,False,False,0,0,0,0,0,0,,,,,,,,,,,
e2741c6e07604e06f1c1e2ab8d9ba5957973c583,/PARSESEG-PAR-EX.cbl,.cbl,4666,True,58,0,0,58,0.0,fixed,4,False,False,0,0,0,0,0,4,PARSESEG,true,gnucobol,COBOL-2002,fixed,demo-example,demo,snippet,medium,Demonstrates GnuCOBOL/IBM-style XML PARSE statement with paragraph-based processing procedure; COMP-5 usage and XML-code/XML-event/XML-text special registers suggest COBOL-2002 or later XML parsing feature,XML parsing demonstration using the COBOL XML PARSE statement with a paragraph-based event handler
ce87c6f20f2ca9f1332f94ee6494174db98068c9,/EX5-1-1F.cbl,.cbl,6535,True,154,2,35,117,0.23,fixed,4,False,False,0,0,0,0,4,34,EX5-1-1F,true,fujitsu-nec,COBOL-85,fixed,education-tutorial,test,student-exercise,high,"Likely Fujitsu NetCOBOL or similar Japanese vendor COBOL; uses EBCDIC collating sequence, PIC N (national/DBCS) data items, and Japanese comments encoded in latin-1. Program naming convention (EX5-1-1F) and test structure suggest a Japanese COBOL textbook or training exercise.","COBOL comparison/relation test exercise, likely from a Japanese COBOL training curriculum testing numeric and character comparison semantics"
3f5da790e0d7ced8abb3ebe3e2f2bf97e1894970,/read-emp1.cbl,.cbl,1389,True,46,7,0,39,0.0,fixed,4,False,False,0,0,2,0,0,7,READ-EMP1,true,unknown,COBOL-85,fixed,education-tutorial,batch,student-exercise,high,"Standard COBOL-85 features used (88-level condition, END-READ, END-IF, END-PERFORM, SET ... TO TRUE, GOBACK); LINE SEQUENTIAL suggests GnuCOBOL or Micro Focus but no definitive vendor marker","Employee file reading exercise, likely academic or tutorial context"
ba0d0eaf11fce8663966c69754d4c837dd9b590f,/vary_size.cbl,.cbl,1199,True,40,6,0,34,0.0,fixed,4,False,False,0,0,2,0,0,3,VARY-SIZE,true,gnucobol,COBOL-85,fixed,education-tutorial,demo,student-exercise,high,"Likely GnuCOBOL or similar open-source COBOL; uses LINE SEQUENTIAL, RECORD IS VARYING, and 88-level END-OF-FILE pattern common in GnuCOBOL tutorials",Demonstrates variable-length record file reading in COBOL
df0bc007ec29cb6df36f7fd9ef35fa0fc934f5fe,/F0.cbl,.cbl,4506,True,161,36,27,98,0.216,fixed,4,False,False,0,0,0,0,0,17,F0,true,unknown,COBOL-85,fixed,education-tutorial,batch,student-exercise,medium,"Student exercise mixing COBOL syntax with embedded SQL-like pseudocode comments and non-standard constructs (// comments, bare SQL SELECT statements in PROCEDURE DIVISION). Likely written for a French academic course around 2016.","French academic exercise involving a cycling race management system (grands tours: Tour de France, Giro, Vuelta) with indexed files for runners, weeks, and civility codes."
362665b4aa11034a38b20a32ea4e55caf2139026,/battle.cbl,.cbl,2472,True,61,2,5,54,0.085,fixed,3,False,False,0,0,22,0,0,6,BATTLE,true,unknown,COBOL-85,fixed,demo-example,demo,student-exercise,high,Generic COBOL-85 style; no vendor-specific extensions visible. Uses END-PERFORM inline scope terminators consistent with COBOL-85.,Battleship board game implementation
9eb4db322895038e3b5d8fa9024e3ae405a46abd,/shop_receipts_footer.cbl,.cbl,3148,True,91,7,1,83,0.012,fixed,4,False,False,0,0,10,0,0,20,SHOP-RECEIPT,true,gnucobol,COBOL-85,fixed,retail-commerce,batch,student-exercise,high,"Likely GnuCOBOL or similar open-source COBOL; uses LINE SEQUENTIAL, GOBACK, END-READ, SET ... TO TRUE with 88-level condition names — all COBOL-85 features. No vendor-specific extensions visible.","Shop receipt processing — reads a sequential file with header, sale, and footer records for retail shop transactions"
4cc7555233e1ab35eb0d16e5d5f5b953dccf703f,/LGICDB01.cbl,.cbl,11462,True,260,26,90,144,0.385,fixed,4,True,True,1,1,3,0,0,29,LGICDB01,true,ibm-mainframe,COBOL-85,fixed,insurance,online-cics,production-like,high,"IBM CICS/DB2 program, part of IBM CB12 sample application (Insurance Application). Uses EXEC CICS and EXEC SQL with DB2 SQLCA. Typical IBM Enterprise COBOL conventions.",IBM CB12 Insurance Application - customer inquiry. Retrieves customer details from a DB2 CUSTOMER table based on a customer number passed via CICS COMMAREA.
372b46c8aa0c2b466b8a56b4d58da45ec1aeac47,/Custmnt2.cbl,.cbl,21443,True,581,7,81,493,0.141,fixed,4,False,True,5,0,36,0,0,10,CUSTMNT2,true,ibm-mainframe,COBOL-85,fixed,retail-commerce,online-cics,production-like,high,"IBM CICS/VSAM online transaction program; uses EXEC CICS commands, DFHAID, DFHCOMMAREA, DFHRESP, BMS maps (MNTSET2/MNTMAP1/MNTMAP2), typical of IBM mainframe CICS application development","Customer master file maintenance (add, change, delete) via CICS online transaction; likely part of an inventory/order management system given XCTL to INVMENU"
60775efb378c2fe52b011fa295ddb24a5ce98c34,/demo01.cbl,.cbl,2014,True,68,16,0,52,0.0,fixed,0,False,False,0,7,0,0,0,6,demo01,true,gnucobol,COBOL-85,fixed,demo-example,demo,toy-or-hello-world,high,"Likely GnuCOBOL demo using BINARY-LONG and USAGE POINTER extensions; calls RabbitMQ C library wrappers (RMQ_CONNECT, RMQ_PUBLISH, RMQ_DISCONNECT)","RabbitMQ AMQP messaging demo — connects to a broker, publishes a test message, then disconnects"
6b89b22a02e946956d79815e414c98b3d44aef10,/Control2.cbl,.cbl,1384,True,50,13,1,36,0.027,fixed,4,False,False,0,0,0,0,0,2,Control2,true,gnucobol,COBOL-85,fixed,education-tutorial,demo,student-exercise,medium,Simple interactive program likely compiled with GnuCOBOL or similar open-source compiler; no vendor-specific extensions,Demonstrates use of CLASS condition names in SPECIAL-NAMES for input validation
488535874d9d879005950f0e14e74d969d5e4184,/Multiplier.cbl,.cbl,738,True,23,4,2,17,0.105,unknown,3,False,False,0,0,0,0,0,3,Multiplier,true,micro-focus,COBOL-85,free,education-tutorial,demo,toy-or-hello-world,high,"Micro Focus dialect indicated by '$ SET SOURCEFORMAT""FREE""' compiler directive; authored by Michael Coughlan (well-known COBOL educator)","Simple multiplication exercise demonstrating ACCEPT, DISPLAY, and MULTIPLY verbs"
f0f512908b67e1d16d03f13550899078b47974eb,/cal.cbl,.cbl,2374,True,67,7,11,49,0.183,fixed,4,False,False,0,0,3,0,0,6,EXAM,true,unknown,COBOL-85,fixed,education-tutorial,demo,student-exercise,high,Simple student calculator program with Spanish-language comments; no vendor-specific extensions visible,"Student exercise implementing a simple interactive calculator (suma, resta, multiplicación, división) with Spanish-language UI"
d12b2459ae5d57b4e6ab4f6a2f1e665eb45f38e1,/samplel.cbl,.cbl,6053,True,150,0,0,150,0.0,fixed,3,False,False,0,0,0,0,63,63,prog,true,gnucobol,COBOL-85,fixed,test-suite,test,snippet,high,"Likely a GnuCOBOL test suite sample exercising COMP-3 numeric picture clauses with P scaling, sign options, and V decimal point; filename 'samplel.cbl' and program-id 'prog' are typical of GnuCOBOL test infrastructure","Compiler/runtime test for numeric COMP-3 data items with various PIC scaling (P), sign, and decimal (V) combinations"
f254c26d3586bacb495dec2a4584cd80866104da,/MAIN.CBL,.CBL,9620,True,159,33,2,124,0.016,fixed,4,False,False,0,30,6,0,0,4,MAIN,true,gnucobol,COBOL-85,fixed,other,batch,production-like,medium,"Likely GnuCOBOL or similar open-source/PC COBOL; uses null-terminated string literal z'...' syntax (GnuCOBOL extension), EXTERNAL clause, GOBACK, BY CONTENT/BY REFERENCE",Report generation or batch data processing with record formatting and logging; program name prefix 'CAS' may indicate a case/claims processing system
d9fcc841140be27f88d69dfdcef750fa67b8e497,/whse_cbl.cbl,.cbl,155,True,10,2,0,8,0.0,unknown,2,False,False,0,0,1,0,0,0,HELLO,true,unknown,COBOL-85,free,demo-example,demo,toy-or-hello-world,high,Minimal hello-world style program; no vendor-specific extensions visible,Simple demonstration or tutorial program with no business logic
cc1d7959ec8423d7b2511e2f63840cc0bd4cdf1e,/Ex1_P1.cbl,.cbl,1675,True,45,4,0,41,0.0,fixed,2,False,False,0,0,3,0,0,6,FIBONACCI,true,micro-focus,COBOL-85,fixed,education-tutorial,demo,student-exercise,high,"Likely compiled with a dialect supporting SCREEN SECTION with BLANK SCREEN and AT row/column ACCEPT/DISPLAY (common in Micro Focus or GnuCOBOL with screen support). The AS clause in PROGRAM-ID and Portuguese variable names suggest a Brazilian academic environment, possibly using Micro Focus or GnuCOBOL.","Academic exercise computing Fibonacci sequence, likely a Brazilian university assignment (Portuguese identifiers, filename Ex1_P1.cbl)"
c07d81515daea53ad264f7e068524faba37f7162,/SALE_REPORT.cbl,.cbl,2428,True,87,11,0,76,0.0,fixed,4,False,False,0,0,9,0,0,9,SALE_REPORT,true,gnucobol,COBOL-85,fixed,retail-commerce,batch,student-exercise,high,"Likely compiled with GnuCOBOL; uses GOBACK, LINE SEQUENTIAL, and 88-level condition names consistent with COBOL-85. No IBM-specific extensions detected.",Shop sales reporting; reads a flat file of shop receipts with header and detail records
05a053daa1064ec71bb4bf9b9608fddffa864cf9,/DF27TEST.CBL,.CBL,5016,True,117,28,15,74,0.169,fixed,4,False,False,0,0,3,0,0,36,DF27TEST,true,ibm-mainframe,COBOL-85,fixed,demo-example,test,snippet,high,"IBM mainframe-style COBOL; uses GOBACK, INDEXED BY, SET index, END-PERFORM, UPON CONSOLE, REDEFINES with OCCURS — all consistent with IBM Enterprise COBOL or similar mainframe dialect",Defect demonstration/test snippet showing a bug fix for array index handling in WORKING-STORAGE table moves
cb1d0878a488aa03f4b286812a216a2af8ae2914,/printname.cbl,.cbl,288,True,11,2,0,9,0.0,fixed,3,False,False,0,0,0,0,0,1,PRINT-NAME,true,unknown,COBOL-85,fixed,education-tutorial,demo,toy-or-hello-world,high,Simple standard COBOL with no vendor-specific extensions; compatible with virtually any COBOL compiler,Basic introductory COBOL example demonstrating ACCEPT and DISPLAY
afa6299554ec962f0ea32b674c0aefdd050feb16,/EPICTURE.cbl,.cbl,254,True,10,3,0,7,0.0,fixed,2,False,False,0,0,0,0,0,3,EDITEDPICTURE,true,unknown,COBOL-85,fixed,education-tutorial,demo,snippet,medium,Generic COBOL snippet demonstrating edited picture clauses; no vendor-specific extensions visible,"Demonstration of COBOL PICTURE clauses, likely a student exercise"
7df59b1456b4849893be037c6cffa09c1536f341,/CWXTCOB.cbl,.cbl,23315,True,530,5,17,508,0.032,fixed,4,False,False,3,5,24,0,7,57,CWXTCOB,true,ibm-mainframe,COBOL-85,fixed,demo-example,batch,production-like,high,"Compuware Xpediter/TSO demo program (CWXTCOB), designed for IBM mainframe TSO/batch environment with JCL references and SAMPLIB. Uses LABEL RECORDS, RECORDING MODE IS F, BLOCK CONTAINS 0, LINKAGE SECTION with PARM, GOBACK, and COMP-3.",Compuware Xpediter/TSO training and debugging demo program processing employee wage data and producing compensation and regional sales reports
15d397bc33bbadf111995d940451a2e91b58736f,/vary_size.cbl,.cbl,1259,True,43,7,0,36,0.0,fixed,4,False,False,0,0,2,0,0,3,VARY-SIZE,true,unknown,COBOL-85,fixed,education-tutorial,demo,student-exercise,high,Simple educational program demonstrating VARYING RECORD SIZE with DEPENDING ON clause; no vendor-specific extensions visible,Demonstrates variable-length record file reading in COBOL
bc1c45e1be3ce01b243f84571dc8813e1b92a53f,/TrabLP.cbl,.cbl,8357,True,205,5,6,194,0.03,fixed,3,False,False,0,0,6,6,0,16,INTERNET-BANKING,true,gnucobol,COBOL-85,fixed,banking-finance,demo,student-exercise,high,GnuCOBOL (cobc) student exercise; comment header explicitly states 'Tectonics: cobc',"Simulated internet banking application with balance inquiry, transfer, payment, and investment projection features"
e99d1ca715fdd5db73c87ba632af077579a40c79,/member.cbl,.cbl,3212,True,94,10,0,84,0.0,fixed,4,False,False,0,0,6,0,0,20,MEMBER-REPORT,true,gnucobol,COBOL-85,fixed,other,batch,student-exercise,high,Standard COBOL-85 with LINE SEQUENTIAL and GOBACK; likely compiled with GnuCOBOL or similar open-source compiler given the file-based I/O and no vendor-specific extensions,Golf club membership management - generates a formatted membership report from a flat file
a0f6d0581d09f43c5d2480d0cac5788160059c3c,/TCC.cbl,.cbl,10389,True,291,30,8,253,0.031,fixed,4,False,False,0,0,22,0,0,37,TCC-Peresin,true,gnucobol,COBOL-85,fixed,retail-commerce,batch,student-exercise,high,"GnuCOBOL (cobc) student project, as indicated by 'Tectonics: cobc' comment header","Greengrocer/vegetable store (verdulería) sales management system with suppliers, product categories, and sales records"
a725cffa3bec0d579614d1581598b7b4da0ebb91,/app.cbl,.cbl,1414,True,43,8,0,35,0.0,fixed,3,False,False,0,0,2,0,0,12,sum-example,true,unknown,COBOL-85,fixed,demo-example,demo,student-exercise,high,Generic COBOL-85 compatible; no vendor-specific extensions. Uses FUNCTION CURRENT-DATE and END-PERFORM which are COBOL-85 features.,"Simple summation benchmark measuring elapsed time for a loop summing integers up to 100,000,000"
bfec33cfde6ec9d3bd291a7f0c2d35be23c32fb0,/MUNICI.CBL,.CBL,12903,True,298,47,50,201,0.199,fixed,4,False,False,0,0,18,0,0,38,MUNICI,true,gnucobol,COBOL-85,fixed,government-public,batch,student-exercise,high,"GnuCOBOL student exercise; Brazilian Portuguese comments, Windows file paths, DECIMAL-POINT IS COMMA, COMP-5 usage, LINE SEQUENTIAL files — consistent with GnuCOBOL on Windows","Brazilian municipal data processing — reads a national municipality list (IBGE-style) and filters by state (UF) or all of Brazil, writing results to an output file"
8e55b914254c347073e99299954b87b0ae2a766d,/ConditionNames.cbl,.cbl,1182,True,28,0,1,27,0.036,fixed,3,False,False,0,0,2,0,0,1,ConditionNames,true,unknown,COBOL-85,fixed,education-tutorial,demo,student-exercise,high,"Standard COBOL-85 features; authored by Michael Coughlan, consistent with his educational COBOL materials",Demonstrates level-88 condition names and EVALUATE statement in a teaching context
5db13a5542e517343b9201f90fcac7fd5843e04b,/ox.cbl,.cbl,4954,True,168,20,8,140,0.054,fixed,3,False,False,0,0,27,0,0,10,OX-GAME,true,gnucobol,COBOL-85,fixed,education-tutorial,demo,student-exercise,high,"Standard COBOL-85 style, likely compiled with GnuCOBOL; Thai-language comments suggest Southeast Asian educational context",Tic-tac-toe (OX game) implementation as a programming exercise
352abf1fa1aa17e750067e05b7ff752556129b16,/OBNC1M.CBL,.CBL,63342,True,782,0,47,735,0.06,fixed,4,False,False,0,0,88,46,0,192,OBNC14,true,unknown,COBOL-85,fixed,test-suite,test,production-like,high,CCVS-74/COBOL-85 Version 4.2 (Apr 1993) compliance validation suite from the Federal Compiler Testing Centre / GSA / NIST. Tests obsolete COBOL-74 level-1 language elements as defined in the 1985 standard.,NIST/GSA CCVS COBOL compiler validation suite testing obsolete COBOL-74 level-1 language elements under COBOL-85 standard
cd75813a31b5d853fea58470505430ea06447460,/one_dim.cbl,.cbl,861,True,30,1,0,29,0.0,fixed,3,False,False,0,0,3,0,0,2,ONE-DIM_TABLE,true,unknown,COBOL-85,fixed,education-tutorial,demo,student-exercise,high,Simple educational program demonstrating one-dimensional tables with OCCURS clause; no vendor-specific extensions visible. COBOL-85 inferred from END-PERFORM usage.,Demonstrates use of one-dimensional tables (arrays) with OCCURS clause and PERFORM VARYING in COBOL
2eb952614e215c59f7add728139d7097ab4a0213,/playpen.cbl,.cbl,808,True,26,3,0,23,0.0,fixed,3,False,False,0,1,0,0,0,4,prog|subroutine1,true,gnucobol,COBOL-85,fixed,demo-example,demo,toy-or-hello-world,high,"Likely GnuCOBOL or similar open-source compiler; uses nested/sequential program units in a single source file, CONTENT keyword in PROCEDURE DIVISION USING clause",Simple demonstration of CALL with BY REFERENCE and BY CONTENT parameter passing
55acd921e05f381490b39001d23225993ae10e03,/Program2.cbl,.cbl,1998,True,63,3,9,51,0.15,fixed,4,False,False,0,0,0,1,0,17,FIRST0,true,other-vendor,COBOL-85,fixed,education-tutorial,subprogram,student-exercise,medium,"Likely RM-COBOL or similar PC-based COBOL (IBM-PC SOURCE/OBJECT-COMPUTER, VALUE OF FILE-ID, INDEXED file with ASSIGN TO DISK). Greek-language comments and identifiers suggest a Greek academic environment, possibly using a DOS-era PC COBOL compiler.",Greek university student records system; program creates/initializes an indexed student file (MHTRMA = student registry)
2e9c42da815bf464acf3654848ca05689937e400,/payroll.cbl,.cbl,1662,True,45,5,0,40,0.0,fixed,3,False,False,0,0,0,0,0,9,PayrollSystem,true,unknown,COBOL-85,fixed,payroll-hr,demo,student-exercise,high,Generic COBOL-85 compatible; no vendor-specific extensions. Could compile under GnuCOBOL or similar open-source compiler.,"Simple employee payroll calculation: accepts employee details, computes overtime pay, gross pay, and net pay, then prints a payslip."
656d4bcbc307c435c1f22d1083ab0f7cf69d13bd,/CICS_PROGRAM_SAMPLE.cbl,.cbl,69084,True,551,9,92,450,0.17,fixed,3,False,True,2,0,3,0,2,168,UTSWR02,true,ibm-mainframe,COBOL-85,fixed,other,online-cics,production-like,high,"IBM CICS/z mainframe program using DFHWS2LS-generated web service structures, COMP-5 SYNC, VSAM file access, 2-phase commit; French-language comments suggest Canadian/French IBM shop (Groupe CSD)","Web service requester pilot/proof-of-concept for employee information management (VSAM-backed), demonstrating 1-phase and 2-phase commit patterns in CICS"
bfad94e07342c7e71797842a41639dd219a1b839,/JVMQUERY.cbl,.cbl,14281,True,332,62,88,182,0.326,fixed,4,False,True,1,0,14,0,0,19,JVMQUERY,true,ibm-mainframe,COBOL-85,fixed,utility-tooling,online-cics,production-like,high,IBM Enterprise COBOL for z/OS with CICS TS 2.3+; uses DFHWBCLI Web Client Interface and EXEC CICS commands; generated by LegStar JBoss ESB Service generator,"LegStar-generated CICS transaction that calls a remote JVM query web service via DFHWBCLI HTTP client; retrieves JVM environment variables (country, currency, language, date) from a Java service"
751bcc3cc5465f0bc80ffa36110518c72933a7c1,/Returns.cbl,.cbl,788,True,30,7,3,20,0.13,fixed,3,False,False,0,0,0,0,0,0,Returns,true,unknown,COBOL-85,fixed,education-tutorial,batch,snippet,medium,Standard COBOL with LINE SEQUENTIAL file organization; no vendor-specific extensions visible,"Student project processing returns data from files, likely a course assignment (path references project8.dat)"
10ce0f6fe8069804766c6d3c46d1ca4c7826608a,/COBOL501.cbl,.cbl,23054,True,535,1,174,360,0.326,fixed,4,False,False,0,0,27,0,0,75,COBOL500,true,gnucobol,COBOL-85,fixed,education-tutorial,batch,student-exercise,high,"GnuCOBOL/OpenCOBOL student exercise running on Linux (paths under /home/forma2/cobol/ficheros/), Spanish-language comments, PROGRAM-ID COBOL500","Student exercise performing a file merge/cross-reference (cruce) of two employee files, writing matched and unmatched records to three output files"
a9aac37b86b04346db5b9a179043f21ec9e074a1,/datbatch.cbl,.cbl,1145,True,37,1,17,19,0.472,fixed,4,False,False,0,2,3,0,0,3,DATBATCH,true,ibm-mainframe,COBOL-85,fixed,demo-example,demo,toy-or-hello-world,high,"Runs on local zDT (z/OS Development and Test) v6.8, IBM mainframe environment implied by zDT reference",Simple demonstration/test code by NLopez referencing a GitHub project DEVELOP branch and common copybooks DATSHARE/DATDEPND
80982ea59740dd6ffe6a98740bd55e30280be943,/App.xaml.cbl,.cbl,795,True,22,6,7,9,0.438,fixed,1,False,False,0,0,0,0,0,0,,,,,,,,,,,
353c2419c7a1e08614d888f0350ae1debd01357f,/ADDUSER.CBL,.CBL,4980,True,124,1,9,114,0.073,fixed,4,False,False,3,0,6,0,0,8,ADDUSER,true,gnucobol,COBOL-85,fixed,utility-tooling,batch,student-exercise,high,"Likely GnuCOBOL (OpenCOBOL) based on SCREEN SECTION with BACKGROUND-COLOR/FOREGROUND-COLOR, LINE/COL DISPLAY/ACCEPT syntax, and COPY with quoted filename 'ADDUSER.ss'. Student project from 2018.",User account management — adding new user credentials to an indexed file
ac28f5453a8088237a00b40b8278ec54d651da18,/report_member.cbl,.cbl,3362,True,92,7,0,85,0.0,fixed,4,False,False,0,0,6,0,0,20,SHOPRECEIPT,true,unknown,COBOL-85,fixed,retail-commerce,batch,student-exercise,high,Standard COBOL-85 features; no vendor-specific extensions. Likely compiled with GnuCOBOL or similar open-source compiler given LINE SEQUENTIAL and GOBACK usage in a simple educational context.,Golf club membership reporting system; reads member data file and produces a formatted membership report with pagination.
6ad67bf51488444a1a251b07498d9df2370e405d,/helloworld.cbl,.cbl,176,True,6,0,1,5,0.167,fixed,2,False,False,0,0,0,0,0,0,HELLOWORLD,true,unknown,COBOL-85,fixed,demo-example,demo,toy-or-hello-world,high,Minimal hello-world program; no vendor-specific extensions visible. COBOL-85 assumed as baseline.,Classic hello-world demonstration program
e3791eebd00258bd2e4ca93edb308d2453763ed3,/control-break3.cbl,.cbl,3662,True,111,11,0,100,0.0,fixed,4,False,False,0,0,6,0,0,33,CB3,true,unknown,COBOL-85,fixed,education-tutorial,batch,student-exercise,high,"Standard COBOL-85 with LINE SEQUENTIAL, 88-level condition, END-READ scope terminator, and GOBACK; no vendor-specific extensions visible","Control-break report generation exercise with three-level break (COL-A, COL-B, COL-C) and subtotals"
83055e14b63c66694c7e2699fda4d9208cea010e,/BMI.cbl,.cbl,1012,True,34,2,0,32,0.0,fixed,3,False,False,0,0,0,0,0,3,BMI,true,unknown,COBOL-85,fixed,education-tutorial,demo,student-exercise,high,"Simple student program, no vendor-specific extensions; COBOL-85 features used (END-IF, END-COMPUTE, inline COMPUTE with exponentiation)",BMI (Body Mass Index) calculator as a programming exercise
105c997af7e2dd5433f4cc291765e056fbbbbbba,/tests.cbl,.cbl,2661,True,82,11,3,68,0.042,fixed,3,False,False,1,6,6,0,0,8,tests,true,gnucobol,COBOL-85,fixed,test-suite,test,student-exercise,medium,"Likely GnuCOBOL test suite using COBOL Unit Test (COBOL-Check or similar) framework with 'testsuite', 'testcase', 'expect' DSL keywords; z-string literals and null-terminated string handling suggest GnuCOBOL","Unit tests for a 'hello' subprogram that formats a greeting string; tests cover null-terminated args, uninitialized results, pass-by-content vs by-reference, and random string inputs"
d16bed5662475608bf439ac94d97fdc1a376e9a6,/indici.cbl,.cbl,2319,True,92,19,13,60,0.178,unknown,4,False,False,0,0,3,0,0,6,INDICI,true,unknown,COBOL-85,fixed,education-tutorial,demo,student-exercise,high,IBM-PC target specified; Italian-language comments and author name suggest a student exercise likely compiled with GnuCOBOL or similar PC-based compiler,Italian student exercise demonstrating indexed file I/O with FILIALI (branches) indexed file
ac2c17794ae633d53d5ef0324b56453078f9a5e3,/ExpenseReport.cbl,.cbl,2055,True,60,4,0,56,0.0,fixed,3,False,False,0,0,3,0,0,7,HELLO-WORLD,true,unknown,COBOL-85,fixed,demo-example,demo,student-exercise,high,Generic COBOL-85; no vendor-specific extensions. PROGRAM-ID is HELLO-WORLD despite being an expense report demo.,Simple expense report demonstration showing meal and travel expenses with over-limit markers
5e9e5dbcf02cce601eae919539af0b4524bcc926,/control-break3.cbl,.cbl,3676,True,115,14,0,101,0.0,fixed,4,False,False,0,0,6,0,0,33,CONTORL-BREAK3,true,gnucobol,COBOL-85,fixed,education-tutorial,batch,student-exercise,high,"Likely GnuCOBOL or similar open-source COBOL; uses GOBACK, LINE SEQUENTIAL, 88-level condition on group item, structured PERFORM UNTIL with compound conditions","Control-break report generation exercise with three-level grouping (COL-A, COL-B, COL-C)"
5bb3a329f9af7f0bb8c28942379933b72eb01240,/triangle-1.cbl,.cbl,1097,True,41,7,0,34,0.0,fixed,3,False,False,0,0,4,0,0,3,TRIANGLE-1,true,unknown,COBOL-85,fixed,education-tutorial,demo,student-exercise,high,Standard COBOL-85 features used; no vendor-specific extensions visible. Likely compiled with GnuCOBOL or similar open-source compiler given educational context.,"Simple triangle-drawing exercise, likely a student assignment"
4be26af688e780f8efbc3d03208e48b321e83eee,/programa1.cbl,.cbl,57273,True,1145,228,49,868,0.053,fixed,4,False,False,0,5,30,0,0,120,Programa1,true,gnucobol,COBOL-85,free,demo-example,demo,student-exercise,high,"GnuCOBOL with $set sourceformat""free"" directive and Screen Section with foreground-color; Brazilian Portuguese comments and UI text; likely compiled with GnuCOBOL/OpenCOBOL",Brazilian lottery (Mega-Sena style) betting simulation with interactive screen UI
e1a2db1b65f67903eb1f88911917f623e0a6ae11,/Program1(1).cbl,.cbl,194,True,10,4,0,6,0.0,fixed,2,False,False,0,0,0,0,0,0,Program1,true,micro-focus,COBOL-85,fixed,demo-example,demo,toy-or-hello-world,medium,"The 'program-id ... as ""DBHost.Program1""' syntax with a string literal alias is characteristic of Micro Focus COBOL (or possibly Visual COBOL / COBOL for .NET), where the AS clause maps the program to a .NET or managed class name.","Minimal skeleton program, likely auto-generated by an IDE (e.g., Visual Studio with Micro Focus COBOL extension) as a new project template."
f08e3f2a7b6bffa060a9cf477c95243678b60ab9,/Exercicio2_1.cbl,.cbl,1227,True,34,1,15,18,0.455,fixed,4,False,False,0,0,0,0,0,2,EXERCICIO2-1,true,gnucobol,COBOL-85,fixed,education-tutorial,demo,student-exercise,high,GnuCOBOL student exercise; 'Tectonics: cobc' in header confirms GnuCOBOL compiler (cobc),Portuguese-language student exercise computing study hours from minutes input
5b993249a509b0283e689da957b64f9c13327a13,/main.cbl,.cbl,231,True,9,1,0,8,0.0,fixed,2,False,False,0,0,2,0,0,0,no-yes-end-loop-very-sussy,true,gnucobol,COBOL-2014,fixed,demo-example,demo,toy-or-hello-world,high,Uses CONTINUE AFTER ... SECONDS which is a COBOL-2014 feature; likely GnuCOBOL 3.x or similar modern compiler. Program-ID with hyphens and lowercase is permissive naming.,Trivial infinite loop displaying a Unicode character (Among Us 'sus' emoji) every 30 seconds
7b6377b166cd7f63cb5eee22b3d042b3b561f7af,/Control3.cbl,.cbl,1262,True,38,3,0,35,0.0,fixed,3,False,False,0,0,0,0,0,1,CONTROL2,true,unknown,COBOL-85,fixed,education-tutorial,demo,student-exercise,high,Simple student exercise using 88-level condition names with VALUE THRU range; no vendor-specific extensions visible,"Irish city code lookup exercise, likely for a COBOL programming course"
e6d14abb9122c7fb7d037ef97d42d13e9eeb6404,/HWORK3.cbl,.cbl,7254,True,207,17,6,184,0.032,fixed,4,False,False,0,0,21,0,6,38,ODEV003,true,ibm-mainframe,COBOL-85,fixed,banking-finance,batch,student-exercise,medium,"IBM mainframe-style COBOL with VSAM KSDS indexed files, COMP-3 packed decimal, RECORDING MODE F, RETURN-CODE special register, and GOBACK. Turkish field names (Tarih=date, Tutar=amount, Ad=name, Soyad=surname, DVZ=currency/division) suggest a Turkish banking or financial application possibly running on IBM z/OS.","Currency/account balance lookup and reporting; Turkish field names (DVZ=döviz/currency, Tutar=amount, Tarih=date) suggest foreign currency account processing"
1d8560e0ad65697a9da58a3f0e2df559dc7b193b,/HelloCobal.cbl,.cbl,202,True,7,0,0,7,0.0,fixed,3,False,False,0,0,0,0,0,0,HELLO-COBOL,true,unknown,COBOL-85,fixed,demo-example,demo,toy-or-hello-world,high,Minimal hello-world program; END PROGRAM terminator is consistent with COBOL-85 or later. No vendor-specific extensions visible.,Trivial introductory COBOL program displaying a greeting string
ab8b0a1fd18c3735125dca59f8a644ff034fa31d,/helloworld.cbl,.cbl,242,True,8,0,0,8,0.0,fixed,4,False,False,0,0,0,0,0,0,helloworld,true,unknown,COBOL-85,fixed,demo-example,demo,toy-or-hello-world,high,"Minimal hello-world program; sequence numbers in columns 1-6 suggest fixed-format mainframe-style layout, but no vendor-specific extensions present",Classic hello-world demonstration program
73ce7a9dd898bde90fef4cb6928c82f00cfd3756,/MissingDigits_Original.cbl,.cbl,1347,True,59,9,2,48,0.04,fixed,4,False,False,0,0,1,0,0,13,MISSING-DIGITS,true,unknown,COBOL-85,fixed,education-tutorial,batch,student-exercise,high,Standard COBOL-85 with inline END-READ scope terminator and COMPUTE; no vendor-specific extensions visible,"Puzzle/exercise: given a 9-digit number with one missing digit (digits 1-9 sum to 45), compute the missing digit"
e5a1559116a8b18dad2ddde660ff756f2be024f1,/TRTMNTR.cbl,.cbl,72305,True,906,2,104,800,0.115,fixed,4,True,False,3,8,20,42,10,79,TRTMNTR,true,ibm-mainframe,COBOL-85,fixed,healthcare-medical,batch,production-like,high,"IBM mainframe COBOL targeting IBM-390; uses RECORDING MODE IS F, BLOCK CONTAINS 0 RECORDS, VSAM INDEXED file with FILE STATUS, EXEC SQL, and UT-S- ASSIGN clauses typical of IBM OS/VS COBOL or VS COBOL II / Enterprise COBOL","Inpatient hospital treatment transaction editing; processes daily treatment records for all patients, validates against a VSAM patient master file, and produces edited output and error files"
80cb577e210ac6b4b5d07d9ad4e2047b356d9d43,/Edit2.cbl,.cbl,437,True,18,3,0,15,0.0,fixed,4,False,False,0,0,0,0,0,1,EDIT2,true,unknown,COBOL-85,fixed,education-tutorial,demo,toy-or-hello-world,high,Simple educational program using CURRENCY SIGN IS with pound sterling symbol; no vendor-specific extensions beyond standard COBOL-85,Demonstrates currency sign redefinition and numeric editing in COBOL
61083c30933d829889ae3321906ece40e8046d08,/Program1.cbl,.cbl,1900,True,57,12,0,45,0.0,fixed,4,False,False,0,0,2,0,0,9,program1,true,gnucobol,COBOL-85,fixed,education-tutorial,batch,student-exercise,high,Likely GnuCOBOL or Micro Focus student exercise; uses LINE SEQUENTIAL and Windows file paths (C:\a\exercise10\). PROGRAM-ID AS clause suggests Micro Focus or GnuCOBOL extension.,"Student exercise creating an indexed file from a sequential file, likely part of a file handling exercise series (exercise10)."
cd90905f3d3d9734d2998222393a60239baa3d9f,/solution.cbl,.cbl,2708,True,104,26,0,78,0.0,fixed,4,False,False,0,0,3,0,0,14,HARRY_LASERS,true,gnucobol,COBOL-85,fixed,demo-example,batch,student-exercise,medium,"Likely compiled with GnuCOBOL; uses ASSIGN TO KEYBOARD and LINE SEQUENTIAL, common in GnuCOBOL competitive programming solutions",Competitive programming problem: determines whether two line segments intersect (Harry Lasers problem)
9aaa5513d08cc2396357a74d039fe0ad5d2b0d42,/Default.cbl,.cbl,1112,True,30,7,9,14,0.391,fixed,4,False,False,0,0,0,0,0,0,Author,true,unknown,COBOL-85,fixed,demo-example,demo,toy-or-hello-world,medium,Skeleton/template COBOL program with Screen Section (COBOL-85+). No vendor-specific extensions visible. Filename 'Default.cbl' and comment style suggest a Visual COBOL or similar IDE-generated template.,"Empty skeleton/template COBOL program, likely generated by an IDE as a starting point"
744134432d60c6f83eb0f7091d6da9a0ca257018,/fourth.cbl,.cbl,933,True,43,11,5,27,0.156,free,3,False,False,0,0,0,0,0,5,HELLO,true,unknown,COBOL-85,free,education-tutorial,demo,student-exercise,high,Simple free-format COBOL exercise demonstrating arithmetic verbs; no vendor-specific extensions visible,"Basic arithmetic operations tutorial demonstrating MOVE, ADD, SUBTRACT, MULTIPLY, DIVIDE, and COMPUTE verbs"
8e358f51376f80c1229ae1ddbfb7f1587a62b310,/MOVERDISCO.cbl,.cbl,1093,True,29,0,6,23,0.207,fixed,3,False,False,0,2,0,0,0,5,MOVERDISCO,true,gnucobol,COBOL-85,fixed,education-tutorial,subprogram,student-exercise,high,GnuCOBOL (cobc) indicated by 'Tectonics: cobc' comment; uses GOBACK and END PROGRAM,Tower of Hanoi recursive disk-move subprogram
276589e65efecfe46b7e8ac409bfcaf4317b7d28,/final.cbl,.cbl,1811,True,63,14,0,49,0.0,fixed,4,False,False,0,0,2,0,0,10,FINAL_1,true,gnucobol,COBOL-85,fixed,education-tutorial,batch,student-exercise,high,"Likely compiled with GnuCOBOL or similar open-source compiler; uses LINE SEQUENTIAL, GOBACK, and 88-level condition with HIGH-VALUES",Student exercise involving reading a trader data file and writing a report file
866fb4e21d2fdffb74ea6a84086e3616525afce2,/TEST.cbl,.cbl,3284,True,91,5,6,80,0.07,fixed,4,False,False,0,0,0,3,0,22,YOUR-PROGRAM-NAME,true,gnucobol,COBOL-85,fixed,demo-example,demo,student-exercise,high,GnuCOBOL template (cobc compiler indicated in Tectonics comment); Windows file paths suggest student/hobbyist environment,"Simple inventory/retail data management skeleton with goods, purchases, and sales indexed files"
cdfb29c800a97b30dca16aa568a01022db54be55,/DataSplitAndCount.cbl,.cbl,14226,True,376,0,85,291,0.226,fixed,4,False,False,0,0,15,0,0,82,DataSplitAndCount,true,gnucobol,COBOL-85,fixed,education-tutorial,batch,student-exercise,high,Standard COBOL-85 style with LINE SEQUENTIAL organization; likely compiled with GnuCOBOL given relative file paths and no vendor-specific extensions,"Student project (Final Project by Raje Singh, 2021) for a retail/commerce data processing course"
f3b12ea2422173fb2fa2238f10c9bad307888b6f,/mycontacts.cbl,.cbl,2612,True,93,22,6,65,0.085,fixed,4,False,False,0,0,7,0,0,8,MY-CONTACTS,true,gnucobol,COBOL-85,fixed,demo-example,batch,student-exercise,high,Likely GnuCOBOL (OpenCOBOL) based on LINE SEQUENTIAL file organization and plain text file assignment; no vendor-specific extensions,Personal contacts management application storing names and phone numbers in a flat text file
a40a1cd93ee707a8df3b3a750ffef75c86c02861,/hello-world.cbl,.cbl,260,True,9,1,2,6,0.25,fixed,2,False,False,0,0,0,0,0,0,sampleCOBOL,true,gnucobol,COBOL-85,fixed,demo-example,demo,toy-or-hello-world,high,"Compiled with GnuCOBOL (cobc -x), as indicated by the comment directive",Minimal Hello World demonstration program
93319fea5d1ab547e68485afa7aa25051f3f5581,/colendar.cbl,.cbl,7934,True,249,34,10,205,0.047,fixed,4,False,False,0,0,24,0,0,38,colendar,true,gnucobol,COBOL-85,fixed,utility-tooling,batch,student-exercise,high,"Written for IBM COBOL per comment but uses FUNCTION UPPER-CASE, FUNCTION MOD, FUNCTION INTEGER-OF-DATE, FUNCTION CURRENT-DATE, ACCEPT FROM ARGUMENT-VALUE — all standard COBOL-85/2002 intrinsic functions; likely compiled with GnuCOBOL given open-source CLI nature and file-based sort",Personal calendar CLI tool that reads/writes events from a flat text file
0d3ccc4c9c956783bc73d828f5edf33f5ac76d73,/CombinationsPermutations.cbl,.cbl,2503,True,61,0,7,54,0.115,fixed,3,False,False,0,0,3,0,0,10,COMBINATIONS-PERMUTATIONS,true,gnucobol,COBOL-85,fixed,education-tutorial,demo,student-exercise,high,Compiled with GnuCOBOL (cobc) as noted in the Tectonics comment. Uses standard COBOL-85 constructs with SET for numeric assignment.,Mathematical combinatorics demonstration — calculates permutations and combinations from user-supplied inputs
1bda19c7e5c5286f0a8cbe113edd525f0e8075cc,/DUNGCRWL.cbl,.cbl,22208,True,481,16,37,428,0.08,fixed,4,False,False,0,0,30,1,0,103,DUNGCRWL,true,gnucobol,COBOL-85,fixed,demo-example,batch,student-exercise,high,"Likely GnuCOBOL or similar open-source COBOL compiler; uses LINE SEQUENTIAL, X""0A"" hex literals for newlines embedded in data, and no IBM-specific extensions",Text-based dungeon crawler game with heroes and monsters loaded from flat files
d5b47652ee513c002dc1d70b370944967792c5a9,/parsetst1.cbl,.cbl,6662,True,188,39,16,133,0.107,fixed,4,False,False,2,13,2,0,0,26,PARSETST,true,acucobol,COBOL-85,fixed,utility-tooling,test,snippet,high,"ACUCOBOL-GT / Micro Focus ACUCOBOL dialect: uses DISPLAY OMITTED BLANK SCREEN COLOR, SET CONFIGURATION 'DLL-CONVENTION', MB-OK/MB-ERROR-ICON message box syntax, C$MEMCPY, SIGNED-LONG, POINTER, and XFD (eXtended File Descriptor) file parsing — all characteristic of ACUCOBOL-GT runtime","XFD (eXtended File Descriptor) file parser test — reads an ACUCOBOL XFD metadata file, extracts field definitions, builds a CSV/text representation, computes an MD5 hash, and writes output to a JSON-named text file"
7cd7d0d598db9dfb3ef4a5ea10b7cc800ecad0ce,/day05p2.cbl,.cbl,5209,True,134,20,0,114,0.0,fixed,0,False,False,0,0,15,0,0,17,DAY05P2,true,gnucobol,COBOL-85,fixed,education-tutorial,batch,student-exercise,high,Likely GnuCOBOL based on LINE SEQUENTIAL file organization and general portable style; no IBM-specific extensions,Advent of Code 2022 Day 5 Part 2 puzzle solution - crate stacking simulation
0a1991a66343bb1bf5d3cb03ce30c992134b3aff,/LAB5ARRAYS.cbl,.cbl,8669,True,276,59,60,157,0.276,fixed,4,False,False,0,0,13,0,0,45,LAB5ARRAYS,true,unknown,COBOL-85,fixed,education-tutorial,batch,student-exercise,high,"Standard COBOL-85 with PERFORM VARYING, EVALUATE TRUE, and 88-level condition names; likely compiled with GnuCOBOL or a similar academic environment given the file naming and LINE SEQUENTIAL usage",Student programming lab exercise for a COBOL course covering arrays/tables
57e81262a022a1d828d14fd3eb610733918bdb2c,/noncompliant.cbl,cbl_files_lowercase.csv,185,True,9,1,4,4,0.5,fixed,1,False,False,0,0,0,0,0,0,,,,,,,,,,,
c83a20573afba7bd3027c4517abcc17327729f2b,/EX01.CBL,.CBL,1802,True,64,14,1,49,0.02,fixed,3,False,False,0,0,0,0,0,9,EX01,true,unknown,COBOL-85,fixed,education-tutorial,batch,student-exercise,high,"Brazilian student exercise; uses DECIMAL-POINT IS COMMA (Portuguese locale), VALUE OF FILE-ID clause, SD for sort work file, and LABEL RECORD ARE STANDARD — consistent with GnuCOBOL or similar PC-based compiler used in Brazilian academic settings","Brazilian university COBOL exercise — reads an entity/product file, sorts records by name in ascending order, and writes sorted output to a new file"
483dc3da5495f644fd7615673de76c1714750ea7,/program.cbl,.cbl,501,True,21,3,0,18,0.0,free,3,False,False,0,1,0,0,0,3,RANDOM-MESSAGE|RANDOMIZER,true,unknown,COBOL-85,free,demo-example,demo,toy-or-hello-world,medium,Free-format COBOL using FUNCTION RANDOM; no vendor-specific extensions visible. Likely GnuCOBOL or similar open-source compiler given free format and simple structure.,Trivial demonstration program generating a random number and displaying a message
15dfb937d5f08f2215c42d7c84acecdee5258608,/Movimientos_HomeBanking.cbl,.cbl,5337,True,153,29,22,102,0.177,fixed,3,False,False,0,0,8,0,0,32,SassoneEstefaniaEj1,true,gnucobol,COBOL-85,fixed,banking-finance,batch,student-exercise,high,"Likely compiled with GnuCOBOL (OpenCOBOL) on Windows, given the Windows file path and LINE SEQUENTIAL organization typical of GnuCOBOL usage","Home banking transaction listing - displays movements/transactions for a bank account including account number, date, operation code, and amount"
a6cbeb19a88fd7bb6fbe30b13790208977432dc0,/BmiCalculator.cbl,.cbl,1342,True,32,0,14,18,0.438,fixed,3,False,False,0,0,0,0,0,3,BMI,true,gnucobol,COBOL-85,fixed,education-tutorial,demo,student-exercise,high,Written for GnuCOBOL (cobc) as noted in the Tectonics comment. Standard COBOL-85 syntax with no vendor extensions.,Simple BMI calculator as a student/learning exercise
dc2795e89aeda245ab631d872b824f8732c879cf,/stan.cbl,.cbl,17529,True,625,143,62,420,0.129,fixed,4,False,False,15,0,36,0,0,12,stan,true,gnucobol,COBOL-85,fixed,other,batch,production-like,high,"GnuCOBOL (cobc) fixed format; compile hint 'cobc -fixed -x' in header comment; uses INTRINSIC FUNCTION declarations in REPOSITORY, SYMBOLIC CHARACTERS, debugging lines (D prefix), REPLACE ALSO, 78-level constants",IRC bot / chat client utility written in COBOL
c82a698ffe4eda8f18d28df79cc3529d8d3ce817,/CobaltWorld.cbl,.cbl,100,True,6,1,0,5,0.0,free,2,False,False,0,0,0,0,0,0,HELLOWRD,true,unknown,COBOL-85,free,demo-example,demo,toy-or-hello-world,high,"Minimal hello-world program; free-format layout, no vendor-specific extensions visible",Classic Hello World demonstration program
13ed4d1a4ed56c096dc5cfb6006268abc96a7a21,/DBBTEST.cbl,.cbl,1131,True,28,0,8,20,0.286,fixed,4,False,False,0,0,1,0,0,1,DBBTEST,true,ibm-mainframe,COBOL-85,fixed,demo-example,demo,toy-or-hello-world,medium,Likely IBM mainframe COBOL; SOURCE-COMPUTER. MAINFRAME; commented-out COPY EPSMTCOM suggests IBM Enterprise COBOL environment (EPSMTCOM is a known IBM sample copybook),"Simple test/demo program by author Axel CHABAN, possibly related to a DB2 or mainframe tutorial (DBB in name suggests IBM Dependency Based Build)"
dd268a76c2d33e43c234f1e7fa613c5494fef0a2,/ms000.cbl,.cbl,1001,True,39,3,6,30,0.167,free,3,False,False,0,0,3,0,0,1,ms000,true,gnucobol,COBOL-2014,free,utility-tooling,batch,snippet,high,"GnuCOBOL free-format source; uses >> SOURCE FORMAT IS FREE directive, OPTIONS paragraph with DEFAULT ROUNDED MODE NEAREST-EVEN and ENTRY-CONVENTION IS COBOL, and COB_SCREEN_EXCEPTIONS/COB_SCREEN_ESC environment variables typical of GnuCOBOL screen I/O",Encodes user name or password; appears to be part of a larger application (ms000 module)
2580b3745d5a729c626f747aca1453d79d1ac96f,/EAD62502.CBL,.CBL,3977,True,84,15,17,52,0.246,fixed,4,False,False,0,0,0,0,0,20,EAD62502,true,gnucobol,COBOL-85,fixed,education-tutorial,demo,student-exercise,high,"Simple batch program written by Marcelo Silva (tchellosan@gmail.com), likely compiled with GnuCOBOL or similar open-source compiler; no mainframe-specific extensions observed","EAD (Ensino a Distância - distance learning) course exercise, likely a Brazilian online COBOL course"
484d4127eba4e901abbaaf8008c65fb6943baef8,/PruebaCobolVS.cbl,.cbl,1217,True,41,9,6,26,0.188,fixed,3,False,False,0,0,1,2,0,1,COBOL5,true,gnucobol,COBOL-85,fixed,education-tutorial,demo,student-exercise,high,Tectonics comment indicates 'cobc' (GnuCOBOL compiler). Simple fixed-format program with Spanish-language display strings.,"Simple yes/no prompt exercise in Spanish, likely a student learning COBOL control flow"
bea1b9135d97b5c82af37b293f771c4bfc83ac6f,/ClaveAlterVector.cbl,.cbl,8275,True,236,23,6,207,0.028,fixed,4,False,False,0,0,42,1,0,51,YOUR-PROGRAM-NAME,true,gnucobol,COBOL-85,fixed,education-tutorial,batch,student-exercise,high,GnuCOBOL (cobc) student exercise; uses Windows-style relative path '..\socios.dat' suggesting a Windows/GnuCOBOL environment; template PROGRAM-ID left as YOUR-PROGRAM-NAME,Student exercise implementing an indexed-file member/socio lookup system with search by number and by name using a dynamic vector
cb94bc3630535bd50fc2bc7af005ce5061735292,/cobol.cbl,.cbl,1982,True,58,7,12,39,0.235,free,3,False,False,0,0,6,0,0,4,PerformFormat3,true,micro-focus,COBOL-85,free,education-tutorial,demo,student-exercise,high,"Micro Focus dialect indicated by '$ SET SOURCEFORMAT""FREE""' compiler directive; educational program by Michael Coughlan","Demonstrates PERFORM..UNTIL loop, ON SIZE ERROR, INITIALIZE verb, and processing a user-input number stream"
6d116d6449a1a7953999feb85cbabbaf8d21bf66,/sqrt.cbl,.cbl,640,True,21,2,0,19,0.0,fixed,3,False,False,0,0,1,0,0,4,SQRT,true,unknown,COBOL-85,fixed,education-tutorial,subprogram,student-exercise,high,Simple subprogram implementing Newton-Raphson square root; uses GOBACK and END PROGRAM which are COBOL-85 features. No vendor-specific extensions visible.,Mathematical utility demonstrating square root computation via Newton-Raphson iteration
8a902e970b5b4cba2bcf202e67ddd11b4b1acf66,/Z95737.CBL(WORK3).cbl,.cbl,6053,True,143,6,32,105,0.234,fixed,4,False,False,0,0,8,0,3,19,WORK3|ve,true,ibm-mainframe,COBOL-85,fixed,education-tutorial,batch,student-exercise,high,"IBM mainframe-style COBOL with RECORDING MODE F, COMP-3, COMP fields, RETURN-CODE special register, and indexed file handling. Comments are in Turkish, suggesting a Turkish educational or training context.","Turkish-language educational COBOL program demonstrating indexed file processing, likely a student exercise by author Suleyman Bozan"
ee4d87784c27aa8249ee11bab17e08d6bc51f1ea,/lista7e4vsIndexado.cbl,.cbl,21833,True,515,123,52,340,0.133,fixed,4,False,False,0,0,30,0,0,31,arquivo_indexado,true,gnucobol,COBOL-85,free,education-tutorial,batch,student-exercise,high,"GnuCOBOL with $set sourceformat""free"" directive and screen section with foreground-color; Portuguese-language identifiers and comments suggest Brazilian academic/student context",Student exercise demonstrating indexed file I/O with a temperature records management system
6c90c26db9e900db6a9267066a80582f558a962a,/file.cbl,.cbl,6352,True,145,0,6,139,0.041,fixed,4,True,False,0,0,0,0,0,16,COBSAMP,true,ibm-mainframe,COBOL-85,fixed,demo-example,subprogram,production-like,high,"IBM DB2 COBOL Stored Procedure using EXEC SQL with DECLARE CURSOR WITH RETURN WITH HOLD, SQLCA, and VARCHAR-style level-49 structures typical of IBM DB2 stored procedures on z/OS or iSeries","IBM DB2 sample stored procedure operating on SAMPLE.CITYTABLE, a well-known IBM DB2 sample database table"
62b9a44013f1ee6e51d4584554eb787f656ec753,/helloworld.cbl,.cbl,856,True,22,3,9,10,0.474,fixed,0,False,False,0,0,0,0,0,2,HELLO,true,gnucobol,COBOL-85,fixed,demo-example,demo,toy-or-hello-world,high,Uses *> inline comment style which is a COBOL-2002/GnuCOBOL convention; simple hello-world style program,Simple hello world / introductory COBOL demonstration
34918651288729318737e8adc36e2b44ed71a872,/Starac.cbl,.cbl,1247,True,6,0,0,6,0.0,free,0,False,False,0,0,0,0,0,0,,,,,,,,,,,
9dc6132c56b7b1dbbf57d9e4ac3ec59f1b1acfc5,/lista16exercicio2.cbl,.cbl,25016,True,518,110,106,302,0.26,fixed,4,False,False,0,0,32,0,0,49,lista16exercicio2,true,gnucobol,COBOL-85,free,education-tutorial,batch,student-exercise,high,"GnuCOBOL with $set sourceformat""free"" directive and SCREEN SECTION with foreground-color; Brazilian Portuguese comments and identifiers","Brazilian states and capitals quiz game for up to 4 players, reads state/capital pairs from a file and quizzes players"
9322beaa41ecd8c1bd1b7166da2fc5083a1b52fc,/hello.cbl,.cbl,99,True,4,0,0,4,0.0,free,2,False,False,0,0,0,0,0,0,Hello-world,true,unknown,COBOL-85,free,demo-example,demo,toy-or-hello-world,high,"Minimal hello-world program; free-format layout, no vendor-specific extensions visible",Classic hello-world demonstration program
1223704b37ed2a62805e75625a55e70c77608329,/CNTRLBRK.cbl,.cbl,21443,True,486,24,112,350,0.242,fixed,4,False,False,0,0,19,0,3,106,CNTRLBRK,true,ibm-mainframe,COBOL-85,fixed,education-tutorial,batch,student-exercise,high,"Fixed-format COBOL with RECORDING MODE F, COMP-3, COMP fields, and GOBACK; consistent with IBM mainframe or compatible environment. Workshop exercise (18.2) by developer SAYLES/hstone.",University or training workshop exercise (Workshop 18.2) demonstrating control-break reporting using US Presidents data sorted by state of birth
acab36eec2b22d946defdcbbdb4585256e234928,/MONTHINC.CBL,.CBL,1639,True,58,7,0,51,0.0,fixed,4,False,False,0,0,5,0,0,3,MONTH-INCOME,true,unknown,COBOL-85,fixed,education-tutorial,batch,student-exercise,high,"Standard COBOL-85 style with GOBACK, 88-level condition names, and PERFORM THRU EXIT pattern. No vendor-specific extensions visible.",Simple file-reading exercise reading a sequential file PROV.DAT and counting records
781ebf5a4d7ff55d4320930e1414ad47a85cdbd0,/assignment3.cbl,.cbl,4104,True,112,11,20,81,0.198,fixed,4,False,False,0,0,5,0,0,7,ASSIGN2,true,gnucobol,COBOL-85,fixed,education-tutorial,batch,student-exercise,high,Standard COBOL-85 features; LINE SEQUENTIAL organization suggests GnuCOBOL or similar open-source/PC compiler rather than IBM mainframe,"Student assignment for a COBOL course, updating and deleting master file records using a transaction file"
adefcc93583dd3371f181892e6c304a518b1be02,/WRITERES.cbl,.cbl,77116,True,1154,24,276,854,0.244,fixed,4,True,False,7,9,61,3,0,61,WRITERES,true,other-vendor,COBOL-85,fixed,retail-commerce,subprogram,production-like,high,"HP-3000 (MPE/iX) COBOL with embedded DB2-style SQL (EXEC SQL), Italian retail/fashion domain. SOURCE-COMPUTER and OBJECT-COMPUTER both declare HP-3000. Uses HP-specific file commands (FILE WRITE=XESTERO.ESTERO;ACC=APPEND;SHR). Later comments suggest migration toward Linux ('conv' sections, sleep command, LINE SEQUENTIAL).","Italian fashion/retail chain store management system - writes movement/residual records for stores including foreign (ESTERO), MAXIMA, and outlet stores. Handles currency (EURO/LIRE conversion), store codes, and merchandise data."
3d1992777249265995d8f7f5d03c30aa43f05ccf,/greetings-from-past.cbl,.cbl,659,True,18,0,7,11,0.389,fixed,3,False,False,0,0,0,0,0,0,GREETINGS-FROM-PAST,true,gnucobol,COBOL-85,fixed,education-tutorial,demo,toy-or-hello-world,high,"GnuCOBOL (formerly OpenCOBOL), tested on Linux, as stated in comments",Simple teaching/demonstration program for learning COBOL basics
80c04aef6ca4de482c931c9da46fe6bdbceee79e,/FINALSUB.cbl,.cbl,5996,True,161,8,0,153,0.0,fixed,4,False,False,0,0,12,0,4,19,FINALSUB,true,ibm-mainframe,COBOL-85,fixed,education-tutorial,subprogram,student-exercise,high,"Likely IBM mainframe or compatible; uses COMP-3 packed decimal, LINKAGE SECTION with PROCEDURE DIVISION USING, indexed file I/O with STATUS, and Turkish-language comments suggesting a Turkish academic/enterprise environment","Student exercise implementing a subprogram for CRUD operations on an indexed file, likely a university assignment (author name YUNUS EMRE AKTAS, Turkish comments like KAYIT BULUNDU/EKLENDI/SILINDI/GUNCELLENDI)"
7c5bc1f8b86713a85c803e250ad13106e2196a13,/Pi_Calculation.cbl,.cbl,456,True,21,2,0,19,0.0,free,3,False,False,0,0,2,0,0,2,PI-Calculation-Steve28,true,gnucobol,COBOL-2002,free,education-tutorial,demo,student-exercise,high,"Free-format COBOL using BINARY-LONG (GnuCOBOL extension), no fixed-column constraints, consistent with GnuCOBOL 2.x/3.x",Mathematical demonstration computing Pi via two series: Basel series (sqrt(6*sum(1/i^2))) and Leibniz formula (4*sum((-1)^i/(-1+2i)))
1561bcaaca930c62529a1b3dcda048dec19d5195,/Edit1.cbl,.cbl,1290,True,46,10,0,36,0.0,fixed,3,False,False,0,0,0,0,0,10,EDIT1,true,unknown,COBOL-85,fixed,education-tutorial,demo,student-exercise,high,Simple educational program demonstrating numeric edited picture clauses; no vendor-specific extensions visible,Demonstrates various numeric editing PIC clauses in COBOL
0aca69a384623dbbbc8963b18d25cb5fd61d137e,/ZFAMPLT.cbl,.cbl,6686,True,168,32,41,95,0.301,fixed,4,False,True,0,0,6,0,0,19,ZFAMPLT,true,ibm-mainframe,COBOL-85,fixed,utility-tooling,online-cics,production-like,high,IBM CICS/TS COBOL; CBL CICS(SP) compiler option indicates IBM Enterprise COBOL with CICS translator. Part of zFAM (z/OS File Access Manager) open-source project by Rich Jackson and Randy Frerking.,zFAM (z/OS File Access Manager) - a CICS-based file access manager utility. This program runs in the CICS PLT (Program List Table) at startup.
2eac4f416acc99edab61a6fe555cd8876692fa06,/bjyxgj5.CBL,.CBL,11011,False,0,0,0,0,0.0,unknown,0,False,False,0,0,0,0,0,0,,,,,,,,,,,
4656ce9d0303932663589f9e5d97489f17fcb628,/usage-comp.cbl,.cbl,752,True,24,1,0,23,0.0,fixed,3,False,False,0,0,0,0,0,5,USAGE-COMP,true,unknown,COBOL-85,fixed,education-tutorial,demo,student-exercise,high,Simple demonstration of USAGE COMP/COMPUTATIONAL and SYNC clauses; no vendor-specific extensions visible. Could be GnuCOBOL or similar teaching environment given author name and style.,Demonstrates USAGE DISPLAY vs COMPUTATIONAL storage and LENGTH OF intrinsic function
caf389d7f5fd575ef24c996271f408274c1d6416,/CBLRA03.cbl,.cbl,13029,True,269,0,0,269,0.0,fixed,4,False,False,0,0,11,0,0,112,CBLRA03,true,gnucobol,COBOL-85,fixed,retail-commerce,batch,student-exercise,high,"Likely compiled with GnuCOBOL or similar PC-based COBOL (Windows file paths, LINE SEQUENTIAL, LINAGE clause); student/educational exercise by Robert Aszman, 2018","Boat sales reporting — reads boat sales records and produces a formatted report with subtotals by state and boat type, plus grand totals"
205fbb3e6740466072bfbefcd840ed14d2ac2d98,/PRO201.CBL,.CBL,13464,True,313,0,0,313,0.0,fixed,0,False,False,0,1,21,0,5,19,PRO201,true,ibm-mainframe,COBOL-85,fixed,other,online-cics,production-like,high,"IBM AS/400 (iSeries) COBOL with DDS-based display files, WORKSTATION file, SUBFILE, EXTERNALLY-DESCRIBED-KEY, and ORGANIZATION TRANSACTION — classic AS/400 interactive program pattern",Provider/supplier maintenance application on IBM AS/400; likely part of a business management or ERP-style system (FORUM AS/400 product)
7da3d0446a0910559cfba147c490bdf53d3d1baf,/hello_col.cbl,.cbl,564,True,29,6,0,23,0.0,unknown,4,False,False,0,0,0,0,0,7,hello_col,true,gnucobol,COBOL-2014,free,demo-example,demo,toy-or-hello-world,high,Uses GnuCOBOL-style >>SOURCE FORMAT FREE compiler directive; CONSTANT AS clause is a COBOL-2014/GnuCOBOL feature,Simple introductory hello-world style program
aed596ec5d8e1a1fdf7b32ff258441dfe9645a57,/part1.cbl,.cbl,2006,True,74,13,1,60,0.016,fixed,4,False,False,0,0,4,2,0,7,AOC06PT1,true,gnucobol,COBOL-85,fixed,demo-example,batch,student-exercise,high,GnuCOBOL; compile comment 'cobc -x part1.cbl' confirms GnuCOBOL toolchain,Advent of Code puzzle solution (AOC06PT1 = Advent of Code 2022 Day 6 Part 1) - finds start-of-packet marker by detecting first position where last 4 characters are all unique
f0b3cf4377a8b16053d8a7ae96e6766b05b08c03,/ZECSPLT.cbl,.cbl,6564,True,169,32,41,96,0.299,fixed,4,False,True,0,0,6,0,0,20,ZECSPLT,true,ibm-mainframe,COBOL-85,fixed,utility-tooling,online-cics,production-like,high,IBM z/OS CICS online program; CBL CICS(SP) compiler option indicates IBM Enterprise COBOL for z/OS with CICS translator. Part of 'z/OS Enterprise Caching Services (zECS)' by Randy Frerking and Rich Jackson.,z/OS Enterprise Caching Services (zECS) - CICS PLT (Program List Table) initialization program that starts expiration tasks for each zECS URIMAP entry
e6364cac42d03d0582bfb2f95f47d41af4601e7e,/data5.cbl,.cbl,2726,True,85,5,1,79,0.013,fixed,3,False,False,0,0,0,0,0,24,DATA5,true,unknown,COBOL-85,fixed,education-tutorial,demo,student-exercise,high,"Generic COBOL-85; uses REDEFINES, level-66 RENAMES, and continuation lines. No vendor-specific extensions visible. Likely compiled with GnuCOBOL or similar free compiler for educational use.","Student grade data parsing exercise demonstrating REDEFINES, RENAMES, and data structure manipulation"
38430c33f5bd5b643af859187290ce3a5fb51546,/part1.cbl,.cbl,2984,True,85,14,0,71,0.0,fixed,4,False,False,0,0,7,0,0,11,PART-ONE,true,gnucobol,COBOL-85,fixed,demo-example,batch,student-exercise,high,Likely compiled with GnuCOBOL; uses LINE SEQUENTIAL organization and standard COBOL-85 constructs. No vendor-specific extensions visible.,Advent of Code 2021 Day 3 Part 1 - binary diagnostic puzzle solution
88077ce3198af969c62306ec5e8575fc9b08844c,/GETLOAN.cbl,.cbl,3100,True,97,21,30,46,0.395,fixed,4,False,True,0,0,0,0,0,6,GETLOAN,true,ibm-mainframe,COBOL-85,fixed,banking-finance,online-cics,production-like,high,"IBM CICS COBOL sample from IBM Redbooks CICS Asynchronous API internet banking example, circa 2017. Uses PROCESS compiler directive with CICS,NODYNAM,NSYMBOL(NATIONAL),TRUNC(STD).",CICS Asynchronous API internet banking example - personalised loan rate lookup service
1670d3de613e6cfb86e5d34356339b999c45dcb0,/main.cbl,.cbl,245,True,10,2,0,8,0.0,fixed,3,False,False,0,0,0,0,0,1,Sandbox,true,unknown,COBOL-85,fixed,demo-example,demo,toy-or-hello-world,high,Minimal sandbox/hello-world program; no vendor-specific extensions visible,Simple greeting/hello-world demonstration
7d498ec16a550d0eedf4f701bcc32e4e45c4e26f,/HelloWorld.cbl,.cbl,430,True,11,2,0,9,0.0,fixed,1,False,False,0,0,0,0,0,0,,,,,,,,,,,
83668e5b829130e71a4501db4982dbe782f099cc,/helloWorld.cbl,.cbl,131,True,6,0,0,6,0.0,free,3,False,False,0,0,0,0,0,0,jetest,true,unknown,COBOL-85,free,demo-example,demo,toy-or-hello-world,high,"Minimal hello-world style program; free-format layout, no vendor-specific extensions visible",Simple hello-world demonstration printing a French greeting
43f8743f55dbd38d5664e6d331c7f009f9ebf2c9,/Gestionpaie.cbl,.cbl,2031,True,69,9,9,51,0.15,fixed,4,False,False,0,0,3,0,0,12,Gestionpaie,true,gnucobol,COBOL-85,fixed,payroll-hr,batch,student-exercise,high,GnuCOBOL (cobc) indicated by 'Tectonics: cobc' comment in header; French-language identifiers and display strings,Social benefits/advantages management for employees (avantages sociaux) - French payroll/HR context
398637bd8b098a1e79360102785e0e8a45a1a306,/LAB4-IF.cbl,.cbl,8189,True,231,29,29,173,0.144,fixed,4,False,False,0,0,10,0,0,59,BKBRK,true,unknown,COBOL-85,fixed,education-tutorial,batch,student-exercise,high,Standard COBOL-85 with LINE SEQUENTIAL and ASSIGN TO PRINTER clauses; likely compiled with GnuCOBOL or similar PC-based compiler for educational use,University or college COBOL programming lab assignment (LAB 4) focused on IF statement logic debugging
8535bd97319d275716e68bf992ee6f18cd145c36,/Data5.cbl,.cbl,2969,True,93,16,0,77,0.0,fixed,3,False,False,0,0,0,0,0,24,DATA5,true,unknown,COBOL-85,fixed,education-tutorial,demo,student-exercise,high,"Simple student exercise using REDEFINES, RENAMES (level 66), and VALUE clause with continuation line. No vendor-specific extensions visible.","University student grade data exercise demonstrating REDEFINES, RENAMES, and data structure manipulation"
544762c82a122b3acbf93a4d7d346d762f9edad2,/aric492.cbl,.cbl,28840,True,792,1,316,475,0.399,fixed,4,False,True,6,0,57,0,1,24,ARIC492,true,ibm-mainframe,COBOL-85,fixed,education-tutorial,online-cics,student-exercise,high,"IBM CICS/VSAM online program, likely running on IBM mainframe (z/OS or MVS). Uses DFHAID, DFHBMSCA, DFHRESP, DFHCOMMAREA — all standard IBM CICS BMS constructs. French-language comments suggest a French educational or training environment (TRICOPHO company).","CICS/VSAM training program from TRICOPHO, a French IT training company. The program demonstrates direct access consultation of a KSDS VSAM cluster using a second BMS map (ARIM492/ARIN492)."
5fbd9819d561886b879aa7f7aee7c593202a195e,/cbl.cbl,.cbl,579966,True,20000,0,0,20000,0.0,unknown,2,False,False,0,0,0,0,0,0,HelloWorld,true,unknown,COBOL-85,free,demo-example,demo,toy-or-hello-world,high,Minimal HelloWorld program with no dialect-specific features; compatible with any standard COBOL compiler,Trivial Hello World demonstration program repeated 20000 times
5f16aaa23ea77b5ec9f9a57639228cd085f512b6,/income.cbl,.cbl,1184,True,41,6,0,35,0.0,fixed,4,False,False,0,0,1,0,0,8,income,true,unknown,COBOL-85,fixed,education-tutorial,batch,student-exercise,high,Generic COBOL-85 style; LINE SEQUENTIAL and HIGH-VALUE usage common in GnuCOBOL/Micro Focus environments; no vendor-specific extensions visible,"Student exercise processing trader income data from a flat file, likely a university assignment"
082c817c125dd74ed45070f5ed989165fc5658b7,/chall.cbl,.cbl,8797,True,235,29,5,201,0.024,fixed,4,False,False,0,15,8,0,0,14,CBLCHALL1,true,micro-focus,COBOL-85,fixed,other,demo,snippet,high,"Uses Micro Focus intrinsic routines CBL_CREATE_FILE, CBL_OPEN_FILE, CBL_CLOSE_FILE, CBL_COPY_FILE; also calls POSIX-style 'malloc', 'free', 'read', 'write' directly. Likely GnuCOBOL or Micro Focus compatible.","CTF (Capture The Flag) challenge program — filename is 'chall.cbl' and PROGRAM-ID is CBLCHALL1, implementing a menu-driven file manager with intentional security vulnerabilities (buffer management issues, fd manipulation)."
1d4a24239bf420b4003c0b9b8b09a611d111a860,/CLADRILD.cbl,cbl_files_lowercase.csv,74148,True,1002,9,104,889,0.105,fixed,4,True,False,3,1,9,0,0,331,CLADRILD,true,ibm-mainframe,COBOL-85,fixed,manufacturing-logistics,batch,production-like,high,"IBM mainframe COBOL with DB2 embedded SQL (EXEC SQL), DSNTIAR error handling, IBM-370 source/object computer, RECORDING MODE IS F, COMP and COMP usage - consistent with IBM Enterprise COBOL for z/OS. Program appears to be part of a BNSF (Burlington Northern Santa Fe railroad) customer/location master data system.",BNSF (Burlington Northern Santa Fe) railroad freight/logistics - customer location master data management. The program processes address records merged into the BNSF master and calls subprogram CLCSLALM to find existing locations for potential merges.
09af8791c3d29471be516497cd7d034939ab1450,/arr.cbl,.cbl,16366,True,513,83,3,427,0.007,fixed,3,False,False,0,3,75,0,0,39,NAME|tests,true,gnucobol,COBOL-85,fixed,education-tutorial,test,student-exercise,medium,"Appears to be a GnuCOBOL-based test harness using 'testsuite', 'testcase', 'assert-true', 'assert-false', 'end tests' keywords typical of the COBOL Unit Test (cobol-unit-test / GnuCOBOL testing framework)","Automated unit test scaffold for array manipulation exercises, likely from an online coding challenge platform (e.g. Exercism)"
0a2aaa5b03ce7655dfd69eb32fbcb8f9dffcc22e,/suma.cbl,.cbl,926,True,36,10,8,18,0.308,fixed,3,False,False,0,0,0,0,0,4,SUMA,true,gnucobol,COBOL-85,fixed,education-tutorial,demo,student-exercise,high,GnuCOBOL (cobc) indicated by 'Tectonics: cobc' comment; inline comments use *> style,"Simple arithmetic sum exercise, likely a student or beginner tutorial program"
099ff19bbbeab41550fd5b037795d891ec66f0aa,/GHTML.cbl,.cbl,10631,True,206,2,106,98,0.52,fixed,4,False,False,0,0,3,0,0,19,GHTML01,true,unknown,COBOL-85,fixed,demo-example,batch,student-exercise,high,"Brazilian COBOL program, likely compiled with GnuCOBOL or a similar open/PC COBOL compiler. Uses DECIMAL-POINT IS COMMA (common in Brazilian Portuguese locale), LINE SEQUENTIAL file organization, and GOBACK. No mainframe-specific features detected.",Simple HTML file generator written as a learning/demo exercise in Brazilian Portuguese
fa63e9cc7dbe47d0db9b999c502dc2a06505fed9,/emprestimos.cbl,.cbl,10020,True,269,15,6,248,0.024,fixed,4,False,False,0,0,2,21,0,28,EMPRESTIMOS,true,gnucobol,COBOL-85,fixed,retail-commerce,batch,student-exercise,high,"GnuCOBOL (cobc) as indicated by the Tectonics comment; uses LINE SEQUENTIAL, SCREEN SECTION with BLANK SCREEN, and INDEXED files with ALTERNATE KEY — all typical GnuCOBOL features",Video rental store (locadora de videos) loan/return management system
0f9fccb4623e28c995648dc66e3dc98305043541,/Principal.cbl,.cbl,11076,True,261,63,21,177,0.106,fixed,4,False,False,0,3,4,0,0,79,Principal,true,gnucobol,COBOL-85,free,retail-commerce,batch,student-exercise,high,"GnuCOBOL free-format source with $set sourceformat""free"" directive; screen section with foreground-color clauses typical of GnuCOBOL/OpenCOBOL","Small food-order management system for a snack/beverage shop (salgados, bebidas, doces) — likely a student project"
8368f0fb1aed2676b9bbabfe05e15b1e7fcca62d,/COBOL-1.cbl,.cbl,3660,True,98,0,37,61,0.378,fixed,4,False,False,0,1,6,0,3,20,CBL0001,true,ibm-mainframe,COBOL-85,fixed,education-tutorial,batch,student-exercise,high,"IBM z/OS mainframe COBOL; references JCL DDNAMEs, RECORDING MODE F, COMP-3 packed decimal, and z/OS user ID conventions. Part of the IBM COBOL Programming Course on GitHub.","IBM COBOL Programming Course tutorial demonstrating file I/O, record layout, and basic batch processing"
f638609ba1a67eb1712ed954458bb4cda0a43ca5,/M2AULA35.cbl,.cbl,2022,True,64,9,6,49,0.109,fixed,3,False,False,0,0,8,0,0,2,M2AULA35,true,gnucobol,COBOL-85,fixed,education-tutorial,demo,student-exercise,high,GnuCOBOL (cobc) student exercise; Portuguese-language prompts suggest Brazilian educational context,"Brazilian COBOL course (M2AULA35 = Module 2, Lesson 35); arithmetic operations demonstration"
56e8d41a4a304be1f6b535bc300dd383300eefbf,/subtraction.cbl,.cbl,437,True,18,3,1,14,0.067,fixed,3,False,False,1,0,1,0,0,0,subtraction,true,unknown,COBOL-85,fixed,education-tutorial,subprogram,student-exercise,medium,Simple subprogram with LINKAGE SECTION and GOBACK; no vendor-specific extensions visible,Arithmetic subtraction exercise or test harness subprogram
fd0c558cbd95b83c8ec2a578efde53f737c958f8,/dN5.cbl,.cbl,780,False,0,0,0,0,0.0,unknown,0,False,False,0,0,0,0,0,0,,,,,,,,,,,
b5d1df5ace0a3bdda69e7442acfc9fd1bc5c7f1d,/helloWorld.cbl,.cbl,110,True,6,1,0,5,0.0,free,2,False,False,0,0,0,0,0,0,HELLO,true,unknown,COBOL-85,free,demo-example,demo,toy-or-hello-world,high,"Minimal hello-world program; free format, no vendor-specific extensions visible. Compatible with any modern COBOL compiler.",Classic hello-world demonstration program
b9d8a75a41bb4f7c21650cd95a7e798d5df03ed5,/COBCMS02.cbl,.cbl,4200,True,100,12,4,84,0.045,fixed,3,False,False,0,0,0,0,0,50,COBCMS02,true,unknown,COBOL-85,fixed,retail-commerce,batch,student-exercise,medium,"Student exercise likely compiled with GnuCOBOL or similar PC-based compiler; uses LINAGE clause, LINE SEQUENTIAL, and Windows file paths (C:\IHCC\COBOL\)",Boat dealership sales reporting - Snow's Boats Inc
544dcb33880070a009577be54837bf29f1a80cff,/FINPARTS.cbl,.cbl,3350,True,87,1,15,71,0.174,fixed,3,False,False,1,0,1,0,0,3,FINPARTS,true,unknown,COBOL-85,fixed,manufacturing-logistics,subprogram,student-exercise,medium,Standard COBOL-85 features used; EXIT PARAGRAPH and GOBACK suggest modern COBOL-85 or later. No vendor-specific extensions visible.,"Automotive parts supply validation; validates part records including vehicle make (CHRYSLER, FORD, GM, VOLKSWAGON, TOYOTA, JAGUAR, PEUGEOT, BMW), vehicle year, and lead time."
205f878fbbf32fa88793b385c3c2f3e48bb0c372,/Cifras.cbl,.cbl,17512,True,422,98,70,254,0.216,fixed,4,False,False,0,0,14,0,0,42,Cifra,true,gnucobol,COBOL-85,free,education-tutorial,batch,student-exercise,high,"GnuCOBOL (OpenCOBOL) with $set sourceformat""free"" directive, screen section, FUNCTION ORD/CHAR usage, foreground-color clauses — typical of GnuCOBOL on PC/Windows","Caesar cipher (Cifra de César) encoding and decoding exercise, written by a student (Heloisa Rauber) in December 2022"
0ad28da905233a03d7fe70f7f141edba221b8d1a,/PROJECT2PAYROLL.cbl,.cbl,10501,True,259,38,0,221,0.0,fixed,4,False,False,0,0,24,0,0,79,PROJECT2PAYROLL,true,gnucobol,COBOL-85,fixed,payroll-hr,batch,student-exercise,high,Standard COBOL-85 compatible; likely compiled with GnuCOBOL or similar open-source compiler given LINE SEQUENTIAL organization and flat-file I/O to .TXT files. No mainframe-specific extensions.,"Employee payroll processing: reads employee records, computes gross pay (with overtime), tax, health, and union deductions, then writes a payroll register report and summary file."
368ec6fe5c3ac9c7fb741c5f6f6bb5cae6e1c03e,/CL18EJ01.v.ESTADO.cbl,.cbl,12576,True,341,73,42,226,0.157,fixed,4,False,False,0,0,24,0,0,21,CL18EJ02,true,gnucobol,COBOL-85,fixed,education-tutorial,batch,student-exercise,high,"GnuCOBOL student exercise; uses LINE SEQUENTIAL files with relative paths, DECIMAL-POINT IS COMMA (Spanish locale), and OCCURS with fixed size 1217 typical of GnuCOBOL/open-source environments","University/course exercise (Clase 18, Ejercicio 2) sorting an employee file by status field using bubble sort algorithm"
37f79c9ef9640191c66e5abbf9d9ca237ce3813b,/podany270895.cbl,.cbl,469,True,27,8,0,19,0.0,fixed,3,False,False,0,0,0,0,0,3,ENVIRONMENT,true,unknown,COBOL-85,fixed,education-tutorial,demo,student-exercise,medium,Simple student program; PROGRAM-ID has no name and uses 'ENVIRONMENT INITIAL' which may be a misplaced or malformed clause. No vendor-specific extensions visible.,Basic arithmetic exercise: accepts two integers and displays their sum
98dc927190c3c4ea73546f0b2c43ee97abe2f12d,/custmgmt.cbl,.cbl,16087,True,491,85,41,365,0.101,fixed,4,False,False,0,1,104,0,0,27,CUSTMGMT,true,gnucobol,COBOL-85,fixed,demo-example,batch,student-exercise,high,"GnuCOBOL (OpenCOBOL) — uses CBL_CHECK_FILE_EXIST built-in library call, INDEXED file with DYNAMIC access, INSPECT CONVERTING; no COMP-3, no CICS/SQL; style consistent with GnuCOBOL tutorials","Customer database management — add, delete, change, inquire customer records stored in an indexed sequential file"
f335a15dcfd190ac74c5736d12ff1bd93be870d2,/Edit5.cbl,.cbl,1248,True,35,5,0,30,0.0,fixed,3,False,False,0,0,0,0,0,8,EDIT5,true,unknown,COBOL-85,fixed,education-tutorial,demo,student-exercise,high,Uses scaled picture clauses (P) which are standard COBOL; no vendor-specific extensions visible. Likely a teaching/tutorial program by author KANTINUN.,Demonstrates COBOL scaled picture clauses (P) and numeric editing with large and small numbers
75213e8a32f7f3402ba993bfba541505a0ca4278,/Program1.cbl,.cbl,345,True,16,5,2,9,0.182,fixed,4,False,False,0,0,0,0,0,0,Program1,true,unknown,COBOL-85,fixed,demo-example,demo,toy-or-hello-world,medium,Minimal skeleton program with all four divisions present but no data or logic; likely generated by an IDE (e.g. Micro Focus Visual COBOL or IBM Developer for z/OS) as a new-program template. GOBACK and END PROGRAM suggest COBOL-85 or later.,Empty skeleton/template program with no business logic
0c856aaded478a0c5dbd457b8a45656f77bfe44c,/DAY2PZL2.cbl,.cbl,2149,True,74,10,0,64,0.0,fixed,4,False,False,0,0,6,0,0,10,DAY2PZL2,true,gnucobol,COBOL-85,fixed,demo-example,batch,student-exercise,high,"Likely GnuCOBOL; uses GOBACK, LINE SEQUENTIAL, FUNCTION NUMVAL, 88-level condition name with SET — all standard COBOL-85 features common in GnuCOBOL puzzle solutions",Advent of Code Day 2 Puzzle 2 — submarine navigation simulation
ff92cc47809d2218b327e5a5d1dc7ac4e413b898,/ParsingTestData.cbl,.cbl,288,True,12,0,0,12,0.0,unknown,3,False,False,0,0,1,0,0,1,HELLO,true,unknown,COBOL-85,unknown,education-tutorial,demo,toy-or-hello-world,medium,Minimal COBOL snippet with PERFORM VARYING; no vendor-specific extensions visible,Parser test data or tutorial example demonstrating PERFORM VARYING
fa465ee1b79a885d791e4371bfee85c4d3bcd19e,/edit1.cbl,.cbl,1279,True,38,2,0,36,0.0,fixed,3,False,False,0,0,0,0,0,10,EDIT1,true,unknown,COBOL-85,fixed,education-tutorial,demo,student-exercise,high,Simple educational program demonstrating numeric edited PIC clauses; no vendor-specific extensions visible. Compatible with GnuCOBOL or any standard COBOL-85 compiler.,Demonstrates various numeric edited picture clauses in COBOL
c175a37f841dc6a686a64b8516c87f6578ea3f04,/usage-comp.cbl,.cbl,743,True,23,1,0,22,0.0,fixed,3,False,False,0,0,0,0,0,5,USAGE-COMP,true,unknown,COBOL-85,fixed,education-tutorial,demo,toy-or-hello-world,high,Demonstrates USAGE DISPLAY vs USAGE COMPUTATIONAL (COMP) and COMP SYNC clauses; no vendor-specific extensions visible,"Demonstrates USAGE clause variants (DISPLAY, COMPUTATIONAL, COMP, COMP SYNC) and their effect on storage length"
d6020e2da72894ba37292427989146cff736a2c2,/Listing12-2.cbl,.cbl,1582,True,48,9,1,38,0.026,fixed,3,False,False,0,0,0,0,0,10,LISTING12-2,true,unknown,COBOL-85,fixed,education-tutorial,demo,student-exercise,high,Generic COBOL-85 example demonstrating RENAMES clause; no vendor-specific extensions visible,Textbook listing (Listing12-2) demonstrating the COBOL RENAMES clause with a student record structure
53ab35c645bc40e6b0d07470a0a929d878c0d895,/CBLJCB02.cbl,.cbl,16938,True,508,55,2,451,0.004,fixed,3,False,False,3,0,37,0,0,72,CBLJCB02,true,gnucobol,COBOL-85,fixed,education-tutorial,batch,student-exercise,high,"PC-based COBOL (likely GnuCOBOL or Micro Focus on Windows), evidenced by Windows file paths and LINE SEQUENTIAL organization; student assignment context","Campground reservation system validation and reporting; appears to be a college COBOL course assignment (COBOLFA23 in path, author Jeff Birkner)"
f4706db8b27055a9296949ddd110297a83284f3e,/AVG-GRADE.cbl,.cbl,2337,True,66,3,0,63,0.0,fixed,4,False,False,0,0,3,0,0,9,AVG-GRADE,true,unknown,COBOL-85,fixed,education-tutorial,batch,student-exercise,high,Standard COBOL-85 features used; no vendor-specific extensions visible. Could run on GnuCOBOL or similar. AUTHOR paragraph and GOBACK suggest modern portable COBOL.,Academic grade point average calculation from a subject grade file
175a4b688c70d01c0ab4b07994698be61891e79f,/variables.cbl,.cbl,1026,True,30,0,9,21,0.3,fixed,3,False,False,0,0,0,0,0,7,DECLARANDO-VARIABLES,true,gnucobol,COBOL-85,fixed,education-tutorial,demo,student-exercise,high,Student exercise using GnuCOBOL (Tectonics: cbl comment suggests GnuCOBOL toolchain); Spanish-language course material,"Spanish-language COBOL course, class 2, covering variable declaration and data I/O"
30873b47c59ea7807df07d2cad933a779874edd3,/primeiro.cbl,.cbl,1695,True,48,10,0,38,0.0,fixed,4,False,False,0,9,0,0,0,8,RESTCLIENT-EXAMPLE,true,gnucobol,COBOL-85,fixed,demo-example,demo,student-exercise,high,Likely GnuCOBOL or similar open-source COBOL targeting a custom REST client library; uses structured IF/END-IF and modern string literals,"Demonstration of making HTTP REST API calls from COBOL using a custom REST client library, targeting the GitHub API"
2ee6c5ab2af0c3df517b89c22f44e4a5f8283b5d,/teste.cbl,.cbl,25277,True,578,78,14,486,0.028,fixed,4,False,False,4,0,13,0,0,76,modelo,true,gnucobol,COBOL-85,fixed,retail-commerce,batch,student-exercise,medium,"Likely GnuCOBOL (OpenCOBOL) targeting Windows environment; uses SCREEN SECTION, VALUE OF FILE-ID, indexed files with LOCK MODE, decimal-point is comma (Brazilian Portuguese locale), and Windows-style file paths (c:\teste\arq\)",Customer portfolio management for sales representatives; manages client and vendor (vendedor) records with geolocation (latitude/longitude) data
6270d16a609a6dc42a8e5e0cd526c58079a1fa38,/RentalPropertyPractice.cbl,.cbl,2016,True,37,7,3,27,0.1,fixed,1,False,False,0,0,0,0,0,0,Leases,,,,,,,,,,
5db2ef02613b20f0283101f302bcc5f378f287a0,/AWSome.cbl,.cbl,210,True,7,1,0,6,0.0,fixed,2,False,False,0,0,0,0,0,0,ABIII,true,unknown,COBOL-85,fixed,demo-example,demo,toy-or-hello-world,high,"Minimal hello-world style program; no vendor-specific extensions visible. Filename references AWS, display message references AIX, suggesting possible cross-platform demo.",Simple greeting/demo program referencing AIX environment and git fetch test
337769b3d1c473ea64b9ae9a5659076e104fe585,/TM.cbl,.cbl,1191,False,0,0,0,0,0.0,unknown,0,False,False,0,0,0,0,0,0,,,,,,,,,,,
a36d08bd09c6528e302bebaf384c41b8740cf6a5,/data4.cbl,.cbl,2686,True,80,9,0,71,0.0,fixed,3,False,False,0,0,0,0,0,24,DATA5,true,unknown,COBOL-85,fixed,education-tutorial,demo,student-exercise,high,"Simple educational program using REDEFINES, 66-level RENAMES clause, and fixed format. No vendor-specific extensions visible. Likely compiled with GnuCOBOL or similar free compiler for student use.","Student exercise demonstrating REDEFINES, RENAMES (66-level), and data structure manipulation with hardcoded grade data for a Thai student (name KITTIPICH, subject codes)"
5b2c6117c88063549873631b91b91999f0e4d410,/DSB-P03-LOAN.cbl,.cbl,18967,True,460,66,16,378,0.041,fixed,4,False,False,0,0,7,0,0,142,DSB-P03-LOAN,true,gnucobol,COBOL-85,fixed,banking-finance,batch,student-exercise,high,"GnuCOBOL (OpenCOBOL) student program using SCREEN SECTION with LINE/COL clauses, ORGANIZATION IS LINE SEQUENTIAL, and ACCEPT/DISPLAY screen I/O typical of GnuCOBOL on PC",Mortgage/loan amortization schedule calculation and report generation for 'ACME MORTGAGE CO.'
8c5904541fe98b26f00fed3559bc36b8a9f6d280,/day1.cbl,.cbl,3439,True,107,12,0,95,0.0,fixed,4,False,False,0,0,18,0,0,11,ReconcileLists,true,gnucobol,COBOL-85,fixed,education-tutorial,batch,student-exercise,high,"Likely GnuCOBOL; uses LINE SEQUENTIAL, FUNCTION ABS, EXIT PERFORM, GOBACK — all standard COBOL-85/2002 features common in GnuCOBOL exercises",Advent of Code Day 1 puzzle solution — reconciling two lists by sorting and computing sum of absolute differences
f7fc49e7d2d64256137da1a085d9507b48f5659a,/two_dim.cbl,.cbl,748,True,23,1,0,22,0.0,fixed,3,False,False,0,0,4,0,0,4,TWO-DIM-TABLE,true,unknown,COBOL-85,fixed,education-tutorial,demo,student-exercise,high,Simple educational example demonstrating two-dimensional table using REDEFINES and OCCURS; no vendor-specific extensions visible,Demonstrates two-dimensional table access in COBOL using REDEFINES and nested OCCURS
9d45de34b4daf434f7a090f22c27aec97738db52,/MOGO1.CBL,.CBL,21000,False,0,0,0,0,0.0,unknown,0,False,False,0,0,0,0,0,0,,,,,,,,,,,
c7862e8cec4096d9bbec121f23e0fe6c737a2935,/lista16exe2_sequencial.cbl,.cbl,20512,True,470,120,69,281,0.197,fixed,4,False,False,0,0,34,0,0,48,lista16exe2_sequencial,true,gnucobol,COBOL-85,free,education-tutorial,batch,student-exercise,high,"GnuCOBOL with $set sourceformat""free"" directive and screen section with foreground-color clauses; Brazilian Portuguese comments and date format","Brazilian university student exercise: a quiz game about Brazilian state capitals, reading states from a sequential file"
e7c0e95776da76a975e3ba00df66a9f62b064c9a,/control-break1.cbl,.cbl,1932,True,69,10,0,59,0.0,fixed,4,False,False,0,0,4,0,0,13,CB1,true,gnucobol,COBOL-85,fixed,education-tutorial,batch,student-exercise,high,"Likely GnuCOBOL based on GOBACK, LINE SEQUENTIAL, and simple structure; could also be Micro Focus. Standard COBOL-85 constructs throughout.",Control-break processing tutorial demonstrating grouping and subtotaling by a key column
8f9c8b8a0dd0fc6f7ae17be83a883c235e3e56a9,/Z95636.CBL(DAYCALC).cbl,.cbl,2460,True,66,0,0,66,0.0,fixed,4,False,False,0,0,3,0,0,16,DAYCALC,true,ibm-mainframe,COBOL-85,fixed,utility-tooling,batch,student-exercise,medium,"IBM mainframe style; uses RECORDING MODE F, FUNCTION INTEGER-OF-DATE (COBOL-85 intrinsic function), and paragraph naming conventions typical of IBM mainframe COBOL. Filename prefix Z95636 and ASSIGN to ddnames (PRTLINE, DATEREC) are consistent with MVS/z/OS JCL conventions.","Day-count calculation utility: reads records containing a birthdate and a reference date, computes the number of days between them using INTEGER-OF-DATE, and writes results to a print file."
0897b966f6257e2d7891115f8a4b734eb1a3b057,/MIMKK21V.cbl,.cbl,9040,True,254,39,43,172,0.2,fixed,4,False,True,0,0,14,0,1,33,RESTFI09,true,ibm-mainframe,COBOL-85,fixed,other,online-cics,production-like,high,"IBM CICS/TS online program using channels and containers (CICS TS 3.1+ style), VSAM file access with READ/REWRITE, DFHRESP conditions","Quiz/survey answer tallying system - reads a question number and answer choice from an input container, reads a VSAM file record for that question, increments the appropriate answer counter, and rewrites the record"
329fe8eb08c6ab8e0c05bdb98ff73e9fa3fd6b0a,/Final.cbl,.cbl,2223,True,81,17,0,64,0.0,fixed,4,False,False,0,0,4,0,0,21,FINAL,true,unknown,COBOL-85,fixed,education-tutorial,batch,student-exercise,medium,Standard COBOL-85 with LINE SEQUENTIAL and GOBACK; no vendor-specific extensions visible,Student exercise reading a trader data file and displaying province/trader/sum report
48526674a60f74a77bb5a395fa82f1fe4319d4a9,/imsclaim.cbl,.cbl,16411,True,343,9,115,219,0.344,fixed,4,False,False,5,9,9,0,3,44,IMSCLAIM,true,ibm-mainframe,COBOL-85,fixed,healthcare-medical,online-cics,production-like,high,IBM IMS COBOL program using z/OS Connect EE V3 API Requester (BAQCSTUB/BAQCTERM) to call external REST APIs; uses CBLTDLI for IMS DL/I calls; copyright IBM Corp. 2020,"Insurance claims processing — evaluates DRUG, DENTAL, and MEDICAL claims by calling an external REST API via z/OS Connect EE; runs as an IMS MPP/BMP transaction"
158c0aec2fea6e2ada97cdf151cdc8a03eb11a14,/shop_receipts_footer.cbl,.cbl,1993,True,61,7,0,54,0.0,fixed,4,False,False,0,0,5,0,0,11,SHOP-RECEIPTS,true,gnucobol,COBOL-85,fixed,retail-commerce,batch,student-exercise,high,Standard COBOL-85 with GOBACK and LINE SEQUENTIAL; likely compiled with GnuCOBOL or similar open-source compiler. No vendor-specific extensions detected.,"Shop receipt processing — reads a sequential file of shop header and sale records, accumulates item sales totals per shop, and displays formatted totals."
3b1babf7d30d30bb9de194b1434b1e0d5c2c453e,/CALCULO DE VALOR TOTAL.cbl,.cbl,1702,True,45,6,0,39,0.0,fixed,4,False,False,0,0,0,1,0,7,EDICAO,true,unknown,COBOL-85,fixed,education-tutorial,demo,student-exercise,high,"Likely compiled with a Brazilian COBOL environment (possibly Micro Focus or similar) given DECIMAL-POINT IS COMMA, Portuguese identifiers, and screen-oriented DISPLAY/ACCEPT with AT line/column positioning","Simple total value calculation exercise in Portuguese, likely a student programming exercise"
e2bd790d54033fde726f73f37101e41aaa137fe5,/SESSDATA.CBL,.CBL,643,True,14,0,6,8,0.429,fixed,0,False,False,0,0,0,0,0,5,,,,,,,,,,,
8a30bc13b590b25a14280ee643d81e5637da11e4,/hie.yaml.cbl,.cbl,75,True,5,1,0,4,0.0,unknown,0,False,False,0,0,0,0,0,0,,,,,,,,,,,
122bc7c5c48ffad1ba89c493e8a7e714fd5d5559,/MENU.cbl,.cbl,3623,True,87,1,4,82,0.047,fixed,3,False,True,3,0,6,0,0,3,MENU,true,ibm-mainframe,COBOL-85,fixed,banking-finance,online-cics,production-like,high,"IBM CICS online transaction program; uses DFHCOMMAREA, DFHAID, DFHBMSCA copybooks and EXEC CICS commands typical of IBM mainframe CICS environment","Banking menu program for an ATM/teller system offering options: Withdraw, Deposit, Mini Statement, Enquiry"
89fbae5903ca81b6a1348a4ec75562446816bedb,/scrcall.cbl,.cbl,4624,True,133,14,22,97,0.185,fixed,4,False,False,15,3,5,1,0,22,scrcall|to|value,true,acucobol,COBOL-85,fixed,accounting-erp,subprogram,production-like,high,"ACUCOBOL-GT dialect; uses SOURCE-COMPUTER/OBJECT-COMPUTER set to 'acu-cobol', COMP-4, CHAINING clause, C$CHDIR runtime library call, and window/screen management idioms typical of ACUCOBOL",Italian ERP/business application (Eurosystem); screen/mask launcher for a CRM or business management system (ECOGE product line)
1c7ba26b901c47972d6f7f7422636166456ed987,/example.cbl,.cbl,440,True,19,9,0,10,0.0,fixed,0,False,False,0,0,0,0,0,6,,,,,,,,,,,
fcaf456135e23376aee73f1aa567107bbb71fb9e,/mygrade.cbl,.cbl,2610,True,73,6,1,66,0.015,fixed,4,False,False,0,0,3,0,0,11,mygrade,true,unknown,COBOL-85,fixed,education-tutorial,batch,student-exercise,high,Standard COBOL-85 features used; no vendor-specific extensions. Likely compiled with GnuCOBOL or similar open-source compiler given LINE SEQUENTIAL and GOBACK usage in a simple academic context.,Student grade calculation program reading subject grades from a file and computing a weighted average GPA
354c98c9218f63157befbf3aa2d5702b108f734d,/SalesDataValidation.cbl,.cbl,9004,True,236,32,6,198,0.029,fixed,3,False,False,0,0,7,1,0,59,SALESDATAVALIDATION,true,gnucobol,COBOL-85,fixed,retail-commerce,batch,student-exercise,high,Standard COBOL-85 style; no vendor-specific extensions. Likely compiled with GnuCOBOL or similar open-source compiler given LINE SEQUENTIAL organization and simple file assignments. Author 'PEGGY FISHER' is a known COBOL educator/author.,Sales data validation for a sales personnel yearly sales file
6474f1e77ca181376f284b82167fb9b1969f93fe,/ACT3.cbl,.cbl,5497,True,189,38,0,151,0.0,fixed,4,False,False,0,0,18,0,0,10,FILE-HANDLING,true,gnucobol,COBOL-85,fixed,education-tutorial,batch,student-exercise,high,Likely GnuCOBOL or similar open-source COBOL compiler; uses DISPLAY ... LINE ... COL syntax and DISPLAY ERASE which are common in GnuCOBOL/ACU screen I/O extensions. LINE SEQUENTIAL file organization also typical of GnuCOBOL.,Student record file management exercise demonstrating COBOL file I/O operations
2f98495a4003d21e73f4e7fe6ed98068d356303c,/triangle-2.cbl,.cbl,1151,True,35,4,0,31,0.0,fixed,3,False,False,0,0,5,0,0,4,TRIANGLE-2,true,unknown,COBOL-85,fixed,education-tutorial,demo,student-exercise,high,Standard COBOL-85 features used; no vendor-specific extensions visible. Likely compiled with GnuCOBOL or similar for educational use.,"Simple triangle drawing exercise using asterisks, typical of introductory COBOL coursework"
d61d4daba0af9bdddfdb576b193a3332fe77f5a6,/bil02900.cbl,.cbl,120605,True,2523,0,476,2047,0.189,fixed,4,True,False,9,2,127,18,69,364,BIL02900|bil02900,true,ibm-mainframe,COBOL-85,fixed,banking-finance,batch,production-like,high,IBM mainframe COBOL migrated to UNIX/GnuCOBOL via DLXMIG (Deluxe Financial Services migration). CBL SQL directive with QUALIFIER CICS BINDFILE indicates DB2 precompiler. DLXMIG comments replace IBM-PC/IBM-370 with UNIX and change PROGRAM-ID quoting style. RSD- file assignments suggest GnuCOBOL/OpenCOBOL RSD convention post-migration.,"Deluxe Financial Services weekly billing report processing - NACHA ACH tape billing, invoice counts, credit reason codes, due-Deluxe totals by ACH tape number"
337ae393f2d82d243d3cc3f6a66e226ba7e6f61f,/DoCalc.cbl,.cbl,671,True,19,0,1,18,0.053,fixed,3,False,False,0,0,0,0,0,4,DoCalc,true,unknown,COBOL-85,fixed,education-tutorial,demo,toy-or-hello-world,high,"Simple educational example by Michael Coughlan, a well-known COBOL educator; no vendor-specific extensions",Basic arithmetic demonstration for teaching COBOL fundamentals
561f21cea2ffd5ab19c60d57e5ae8b02d1e37919,/CobolFinal.cbl,.cbl,769,True,26,6,0,20,0.0,fixed,3,False,False,0,0,0,0,0,4,COBOLFINAL,true,unknown,COBOL-85,fixed,education-tutorial,batch,student-exercise,medium,Likely GnuCOBOL or similar open-source/academic environment; LINE SEQUENTIAL organization and currency-sign PIC clauses are common in GnuCOBOL student exercises,Student exercise involving province trade/income data processing; reads a data file and produces a report
b87d6cfb943a72e8bef4721148b574a2d706e3b9,/READ-VSAM.cbl,.cbl,851,True,38,5,0,33,0.0,unknown,4,False,False,0,0,2,0,0,5,READ-VSAM,true,unknown,COBOL-85,tab,education-tutorial,demo,student-exercise,medium,Generic COBOL with VSAM-style indexed file access; no vendor-specific extensions visible. RECORDING MODE IS F and LABEL RECORDS ARE OMITTED suggest IBM-mainframe heritage but could be educational/demo code.,Demonstrates reading a VSAM-style indexed sequential file in COBOL
2a37c8b9c37d89df6d92c793b5551f710d72c82d,/java collections.cbl,.cbl,1406,True,41,6,0,35,0.0,fixed,0,False,False,0,0,0,0,0,0,,,,,,,,,,,
a4b1dbc856e6c267ed7b840be8eff21dc667acba,/sys.d.cbl,.cbl,1042,True,32,3,10,19,0.345,fixed,0,False,False,0,0,0,0,0,4,Console-Display|To-String,true,unknown,unknown,fixed,utility-tooling,copybook,snippet,low,Uses non-standard 'export-module' directive and 'pic X(n)' / 'S9(n)V9(n)' placeholder syntax suggesting a custom or experimental COBOL dialect or type-declaration stub file. Multiple PROCEDURE DIVISION entries within a single program-id block is non-standard.,"System module type declarations for a 'Sys' module, providing string formatting and console display subprograms"
ecee6c7fc98c9937660884e1651f226b22828124,/PROG004.cbl,.cbl,731,True,24,2,1,21,0.045,fixed,4,False,False,0,0,0,0,0,2,PROG004,true,acucobol,COBOL-85,fixed,demo-example,demo,toy-or-hello-world,medium,"Uses SCREEN SECTION with 'erase eos', 'standard window', and AT line/col syntax typical of ACUCOBOL-GT or similar screen-handling COBOL (possibly Micro Focus or Fujitsu); GOBACK used as program terminator",Simple screen I/O demonstration program
bdd710c1fa6dc15c378b9b9924139fdbccd25899,/lista6e7.cbl,.cbl,2660,True,102,35,24,43,0.358,fixed,4,False,False,0,0,3,0,0,4,lista6e7,true,gnucobol,COBOL-85,fixed,education-tutorial,demo,student-exercise,high,"Student exercise likely compiled with GnuCOBOL; uses FUNCTION RANDOM, 88-level condition names, SCREEN SECTION placeholder, and Portuguese comments. Authored 2022.",Brazilian university COBOL exercise (lista 6 e 7 = assignment list 6 and 7); implements a number-guessing game
a336598284df80e346b8f0c641ba974ef1ef5c0e,/CWXTDATE.cbl,cbl_files_lowercase.csv,4989,True,111,0,12,99,0.108,fixed,4,False,False,0,0,3,0,0,25,CWXTDATE,true,ibm-mainframe,COBOL-85,fixed,education-tutorial,subprogram,production-like,high,IBM Enterprise COBOL (Compuware/Xpediter TSO training context),education/tutorial
cdcd5557e7fd0a0968ab82b4d72f414839b89576,/Solution.cbl,.cbl,621,True,26,5,1,20,0.048,free,4,False,False,0,0,0,0,0,1,SOLUTION,true,gnucobol,COBOL-85,free,education-tutorial,demo,toy-or-hello-world,high,Likely GnuCOBOL based on ASSIGN TO KEYBOARD and LINE SEQUENTIAL usage; free-format source,"Simple stdin/stdout exercise, likely a competitive programming or tutorial scaffold"
e9147e946e3049ecf89fcd5522d1d4c20e736ca7,/TSTMFC5.cbl,.cbl,73775,True,2461,358,31,2072,0.015,fixed,4,False,False,0,0,0,0,0,170,TSTMFC5,true,gnucobol,COBOL-85,fixed,utility-tooling,test,production-like,high,"Likely GnuCOBOL (OpenCOBOL) test suite targeting UNIX; SOURCE-COMPUTER/OBJECT-COMPUTER set to UNIX, DECIMAL-POINT IS COMMA, no COMP-3, no CICS/SQL, filename prefix TST suggests test harness","COBOL compiler/runtime behavior test: tests numeric PIC 9 and PIC S9 field comparison semantics under various initialization methods (no init, MOVE SPACES, MOVE X, INITIALIZE) across multiple variable configurations (plain, REDEFINES, group, group REDEFINES)"
c4fe9501f97ffa61a666ad312c55bbd5463e365e,/CONBRE1.CBL,.CBL,5988,True,184,18,0,166,0.0,fixed,4,False,False,0,0,11,0,0,15,CONBRE1,true,gnucobol,COBOL-85,fixed,education-tutorial,batch,student-exercise,high,Standard COBOL-85 style with LINE SEQUENTIAL files and GOBACK; likely compiled with GnuCOBOL or similar open-source compiler. No mainframe-specific extensions.,Student exercise producing a branch-total summary report from a sequential input file
89a76790ec6a28b7e1a3e7a35ef60305d7f6ab9b,/bS_rioboo.cbl,.cbl,1649,False,0,0,0,0,0.0,unknown,0,False,False,0,0,0,0,0,0,,,,,,,,,,,
95dfa390205243921222a214f7e496573b68adbf,/Grade.cbl,.cbl,3677,True,110,12,0,98,0.0,fixed,4,False,False,0,0,4,0,0,16,GRADE,true,unknown,COBOL-85,fixed,education-tutorial,batch,student-exercise,high,Standard COBOL-85 features used; no vendor-specific extensions. Likely compiled with GnuCOBOL or similar open-source compiler given LINE SEQUENTIAL and GOBACK usage in a simple academic context.,"Academic grade point average (GPA) calculator reading subject grades from a file and computing overall, science, and computer science GPAs"
8809eec938719328cedc8b41c7ca6de4f4d6ddea,/COBOL.cbl,.cbl,100,True,6,1,0,5,0.0,free,2,False,False,0,0,0,0,0,0,HELLO,true,unknown,COBOL-85,free,demo-example,demo,toy-or-hello-world,high,"Minimal hello-world program; free format, no vendor-specific extensions visible",Classic Hello World demonstration program
f82d8be6ebe19c00beb7f0ed60cda7c7bda5481f,/NOTEMODULE.cbl,.cbl,2583,True,86,11,18,57,0.24,fixed,4,False,False,2,2,2,0,0,3,NOTEMODULE,true,gnucobol,COBOL-85,fixed,education-tutorial,subprogram,student-exercise,high,"GnuCOBOL (cobc) indicated by 'Tectonics: cobc' comment and use of GOBACK, *> inline comments, CALL 'SYSTEM'",Student grade/note management system with SQL persistence via a Java JAR adapter
17dee61ca7a4ab4fffb7ff1cb653bb3f433ffea0,/Control3.cbl,.cbl,1259,True,36,1,0,35,0.0,fixed,3,False,False,0,0,0,0,0,1,CONTROL3,true,unknown,COBOL-85,fixed,education-tutorial,demo,student-exercise,high,"Simple student exercise using level-88 condition names with THRU clause and END-IF scope terminators, consistent with COBOL-85. No vendor-specific extensions visible.",Irish city code lookup exercise demonstrating level-88 condition names
cc998c97854daf47ac9848ed8cf965b66057de5e,/CustomBox.cbl,.cbl,3394,False,0,0,0,0,0.0,unknown,0,False,False,0,0,0,0,0,0,,,,,,,,,,,
f0da6ccfa0a7fb9fa85253692e65fdc37c380e99,/sybhesql.cbl,.cbl,17713,True,331,9,8,314,0.025,fixed,0,False,False,0,0,0,0,0,280,,,,,,,,,,,
35a71373523892188edc7cefd900774e2028bba3,/include.cbl,.cbl,749,True,24,5,6,13,0.316,fixed,2,True,False,0,0,0,0,0,0,TESTDB2,true,ibm-mainframe,COBOL-85,fixed,demo-example,test,snippet,medium,DB2 embedded SQL with SQLDA include and cursor declaration; IBM mainframe DB2 style,DB2 SQL cursor declaration test/demo program accessing department table
4734d8c435186e30d8f415ab07114a58e543bc55,/birtdate.cbl,.cbl,723,True,20,1,0,19,0.0,fixed,3,False,False,0,0,0,0,0,4,BirthDate,true,unknown,COBOL-85,fixed,education-tutorial,demo,toy-or-hello-world,high,"Simple standard COBOL, no vendor-specific extensions visible",Demonstrates hierarchical data structures and MOVE with group items using a birth date example
3b4dfc38322620ceaa4a59159972d3740afa32e6,/PROG.cbl,.cbl,1046,True,37,7,0,30,0.0,fixed,3,False,False,0,0,0,0,0,8,PROG,true,gnucobol,COBOL-85,fixed,education-tutorial,demo,student-exercise,high,"Simple interactive screen section program, likely compiled with GnuCOBOL; French-language identifiers and date-written suggest educational/tutorial context","French-language student exercise demonstrating COBOL screen section for interactive data entry of a person record (name, address)"
f006c47607f4e12fb76597fb4b930c41a89f6989,/SVERSONP.cbl,.cbl,2685,True,55,8,30,17,0.638,fixed,4,False,False,0,0,0,0,0,2,SVERSONP,true,micro-focus,COBOL-85,fixed,demo-example,subprogram,production-like,high,"Micro Focus COBOL; part of a screen handling layer in a Micro Focus demonstration/sample application, copyright 2010-2021 Micro Focus",Micro Focus internal demonstration application; screen handling layer
b809a4a116607bbca1d51ab8005645ca4e510ddc,/Lista11Exercicio1V2.cbl,.cbl,12905,True,402,127,48,227,0.175,fixed,4,False,False,0,0,28,0,0,12,Lista11Exercicio1V2,true,gnucobol,COBOL-85,free,education-tutorial,batch,student-exercise,high,"GnuCOBOL free-format source indicated by '$set sourceformat""free""' compiler directive; Portuguese-language comments and Brazilian date format suggest Brazilian academic environment","Brazilian university programming exercise (Lista 11, Exercicio 1, Version 2) dealing with indexed file I/O for temperature records"
e334c49be5e13e3e7549a9a81914e04f9c66c86a,/[DC Comics] Bloodlines (WEB-CBRO).cbl,.cbl,3708,True,83,0,0,83,0.0,free,0,False,False,0,0,0,0,0,0,,,,,,,,,,,
e34daafed15bc2b5209a6e8f912dc36b566e332f,/helloCobol.cbl,.cbl,172,True,6,0,1,5,0.167,fixed,2,False,False,0,0,0,0,0,0,hello,true,gnucobol,COBOL-85,fixed,demo-example,demo,toy-or-hello-world,high,GnuCOBOL FAQ example as noted in the comment; minimal hello-world program,Classic hello-world demonstration program from GnuCOBOL FAQ
cc3f784d3d7deb7dd56fc3364588eba22b1d47c0,/member.cbl,.cbl,3170,True,94,10,0,84,0.0,fixed,4,False,False,0,0,6,0,0,20,MEMBER-REPORT,true,gnucobol,COBOL-85,fixed,other,batch,student-exercise,high,"Likely GnuCOBOL or similar open-source COBOL; uses LINE SEQUENTIAL organization and GOBACK, no mainframe-specific extensions",Golf club membership management - generates a formatted membership report
cff9c70b1b4ef297023c88f573dbbf99aeb818b9,/DeR#.cbl,.cbl,568,False,0,0,0,0,0.0,unknown,0,False,False,0,0,0,0,0,0,,,,,,,,,,,
c8ed05b6fee06a66f8ce901452f172fb88ebde3d,/usage-comp.cbl,.cbl,97,True,5,2,0,3,0.0,fixed,0,False,False,0,0,0,0,0,0,USAGE-COMP,,,,,,,,,,
6d050c93d9775e3564f7ea9920df0ba4dd88e637,/program.cbl,.cbl,869,True,19,2,6,11,0.353,fixed,3,False,False,0,0,0,0,0,0,HELLO,true,unknown,COBOL-85,fixed,demo-example,demo,toy-or-hello-world,high,Simple hello-world program; no vendor-specific extensions visible. COBOL-85 assumed as baseline.,Classic hello-world demonstration program
38d89768247cbdafcfcb8ebf1653ac230dda9d42,/TESTVSC2.CBL,.CBL,30383,True,710,32,301,377,0.444,fixed,0,False,True,0,0,19,15,0,71,TESTVSC2,true,ibm-mainframe,COBOL-85,fixed,demo-example,online-cics,production-like,high,"z390 COBOL emulator/assembler package by Don Higgins (Automated Software Tools Corporation); CICS online program using EXEC CICS commands, DFHEIBLK, DFHCOMMAREA","z390 CICS/VSAM test program exercising RRDS (Relative Record Data Set) file operations including READ, STARTBR, READNEXT, READPREV, RESETBR with both fixed and variable length records"
ba32943efdd266d7bc70dfb08a7ce32169d40a17,/And.cbl,.cbl,1129,True,38,8,0,30,0.0,fixed,3,False,False,0,0,0,0,0,6,LOGIC-EXAMPLE,true,unknown,COBOL-85,fixed,education-tutorial,demo,toy-or-hello-world,high,Simple educational example demonstrating AND/OR boolean logic; no vendor-specific extensions,Demonstrates boolean AND and OR logic operations using PIC X flags
c4388dc98da0304901db593fb12bfb3f14a17600,/Assertions2.cbl,.cbl,1732,True,56,11,6,39,0.133,fixed,3,False,False,0,0,1,0,0,4,ASSERTIONS2,true,gnucobol,COBOL-85,fixed,test-suite,subprogram,student-exercise,medium,GnuCOBOL (cobc) indicated by 'Tectonics: cobc' comment; uses FUNCTION REVERSE and 88-level condition names consistent with COBOL-85,"Assertion helper program for string equality testing, likely part of a unit testing framework"
734e54412e6d026d312afbdd272b879f6e66fdac,/Control5.cbl,.cbl,1933,True,50,4,0,46,0.0,fixed,3,False,False,0,0,1,0,0,2,CONTROL5,true,unknown,COBOL-85,fixed,education-tutorial,demo,student-exercise,high,"Standard COBOL-85 features used (EVALUATE, END-EVALUATE, END-IF, 88-level SET, GOBACK); no vendor-specific extensions visible",Date validation exercise demonstrating 88-level condition names and EVALUATE statement
46d10a15e62e5911613e67b2ab227dbc0f27d263,/SinTest.cbl,.cbl,1647,True,54,16,5,33,0.132,fixed,3,False,False,0,0,4,0,0,9,SinTest,true,gnucobol,COBOL-2002,fixed,demo-example,demo,toy-or-hello-world,high,"Uses FUNCTION SIN (intrinsic function), GOBACK, END-PROGRAM, and *> inline comments — consistent with GnuCOBOL or modern COBOL-2002+ dialect",Demonstrates use of the SIN intrinsic function to produce a sine-wave ASCII art pattern in the terminal
fdb2c388e6d7c8c3767f3f59da203e29d491a015,/PRO1.cbl,.cbl,3509,True,125,10,6,109,0.052,fixed,3,False,False,0,0,24,0,0,5,PRO1,true,unknown,COBOL-85,fixed,education-tutorial,demo,student-exercise,high,Simple educational COBOL program; no vendor-specific extensions. GOBACK and structured PERFORM suggest COBOL-85 or later.,Student exercise demonstrating COBOL arithmetic verbs (ADD and SUBTRACT in various forms)
50d7c3a00d3282ad45226634d48f5585c90a5c68,/DCI8DPGU.cbl,.cbl,10988,True,399,93,13,293,0.042,fixed,4,False,True,4,0,2,11,0,12,DCI8DPGU,true,ibm-mainframe,COBOL-85,fixed,banking-finance,online-cics,production-like,high,"IBM CICS online program using BMS maps and DFHBMSCA copybook, typical of IBM mainframe CICS application development","Account management system - inquiry and update of customer account records (name, address, credit limit, status) in ACCTFILE"
290826c91274d4bbcafdbec19471d2fa3aa44fc8,/PGFJF005P.cbl,.cbl,22660,True,518,76,73,369,0.165,fixed,4,False,False,2,0,30,0,0,59,PGFJF005P,true,gnucobol,COBOL-85,fixed,retail-commerce,subprogram,production-like,high,Likely GnuCOBOL or similar open-source/PC COBOL targeting indexed files with LOCK MODE IS MANUAL and LINE SEQUENTIAL organization; Portuguese-language comments suggest Brazilian development environment (possibly OpenCOBOL/GnuCOBOL used in Brazil),"Customer report generation system - produces both formatted text report and CSV file of client data including CNPJ (Brazilian tax ID), company name, geolocation (latitude/longitude), and salesperson code"
5df73e927a6423a277cea079ed65ef67c46d3661,/main.cbl,.cbl,2409,True,125,18,11,96,0.103,free,4,False,False,0,0,8,0,0,15,DAY-5b,true,gnucobol,COBOL-2002,free,education-tutorial,batch,student-exercise,high,Uses GnuCOBOL-style compiler directive >>SOURCE FORMAT FREE; free-format source with modern COBOL features,Advent of Code puzzle solution (Day 5b) - hydrothermal vent line drawing and overlap counting
b1bc5a6344e0c51ea1266d0a79d3e0ab45e2ee11,/triangle-3.cbl,.cbl,1224,True,38,1,0,37,0.0,fixed,3,False,False,0,0,4,0,0,4,TRIANGLE-3,true,unknown,COBOL-85,fixed,education-tutorial,demo,student-exercise,high,Standard COBOL-85 features used; no vendor-specific extensions visible. Likely compiled with GnuCOBOL or similar for educational use.,"Simple triangle-drawing exercise, likely a student programming assignment"
b09029a4cef9e9a4dec2a4a36ae70e1d74f3fa7c,/BMI.cbl,.cbl,1404,True,42,4,1,37,0.026,fixed,3,False,False,0,0,0,0,0,3,CONTROL3,true,gnucobol,COBOL-85,fixed,education-tutorial,demo,student-exercise,high,"Simple interactive COBOL program, likely compiled with GnuCOBOL; uses GOBACK and 88-level condition names consistent with COBOL-85",BMI (Body Mass Index) calculator as a student exercise
dc1e0e75bfa5f34fcb37984f4aa8b6ba7bb64c9f,/usage-comp.cbl,.cbl,758,True,25,2,0,23,0.0,fixed,3,False,False,0,0,0,0,0,5,USAGE-COMP,true,unknown,COBOL-85,fixed,education-tutorial,demo,student-exercise,high,Simple demonstration of USAGE COMP/COMPUTATIONAL and SYNC clauses; no vendor-specific extensions visible. Could be GnuCOBOL or any standard compiler.,Demonstrates USAGE DISPLAY vs COMPUTATIONAL storage and LENGTH OF intrinsic function
1e5cbe3bc1dfeeb1faf35cb86b54e021514dd7fd,/HelloCobol.cbl,.cbl,276,True,11,1,0,10,0.0,fixed,3,False,False,0,0,0,0,0,0,HelloCobol,true,unknown,COBOL-85,fixed,demo-example,demo,toy-or-hello-world,high,Minimal hello-world program; no vendor-specific extensions. COBOL-85 inferred from END PROGRAM marker.,Classic hello-world demonstration program
9a371249d604d3de2f0122e2fe76dc8d4d1d3ab4,/trade.cbl,.cbl,1754,True,56,8,0,48,0.0,fixed,4,False,False,0,0,1,0,0,15,TRADE-REPORT,true,unknown,COBOL-85,fixed,retail-commerce,batch,student-exercise,medium,Standard COBOL-85 features used; no vendor-specific extensions visible. Likely GnuCOBOL or similar open/educational compiler given author name and file naming conventions.,Trade/commerce reporting - reads trader data by province and generates a formatted report of province income and member statistics
b27366816c6f1785045da8878045fb45de113cd1,/desafiopizzacobol.cbl,.cbl,7078,True,212,51,27,134,0.168,fixed,4,False,False,0,0,17,0,0,14,desafiopizzacobol,true,gnucobol,COBOL-85,fixed,education-tutorial,batch,student-exercise,high,GnuCOBOL student exercise; Brazilian Portuguese comments and variable names; decimal-point is comma (common in Brazilian COBOL); fixed format with max 72 columns,Pizza price comparison challenge (desafio = challenge in Portuguese); calculates price per cm² and sorts pizzas by cost-benefit ratio
d8e854ef2cb7ce3676a59e66d3250ec847460159,/grade.cbl,.cbl,3367,True,105,22,1,82,0.012,fixed,4,False,False,0,0,3,0,0,14,GRADE,true,gnucobol,COBOL-85,fixed,education-tutorial,batch,student-exercise,high,"Likely compiled with GnuCOBOL or similar open-source COBOL; uses LINE SEQUENTIAL organization and GOBACK, no vendor-specific extensions",Student grade calculation program computing weighted average GPA from a subject grade file
be18fbf72bdc1c637e6ff433d6fea3d7c3763188,/Th3 Tr@p.cbl,.cbl,638,True,4,0,0,4,0.0,free,0,False,False,0,0,0,0,0,0,,,,,,,,,,,
2cdc81bc88408f76f182c5bfe897dcbcf4b3d8d2,/shop_receipts.cbl,.cbl,2270,True,63,7,0,56,0.0,fixed,4,False,False,0,0,5,0,0,11,SHOP_RECEIPTS,true,unknown,COBOL-85,fixed,retail-commerce,batch,student-exercise,high,Standard COBOL-85 features used; no vendor-specific extensions. Could compile under GnuCOBOL or similar. LINE SEQUENTIAL and GOBACK are common across dialects.,"Shop sales receipt processing; reads a flat file of shop header and sale records, accumulates totals per shop, and displays formatted totals."
16341b472c9aacdf5807c3ad035c6a2ca8c03c4b,/mlExpAss.cbl,.cbl,1286,False,0,0,0,0,0.0,unknown,0,False,False,0,0,0,0,0,0,,,,,,,,,,,
9dc06491c4df305716858b2dc25648b0293fc5fa,/shop_receipt.cbl,.cbl,1652,True,58,11,0,47,0.0,fixed,4,False,False,0,0,5,0,0,7,SHOP-RECEIPT,true,gnucobol,COBOL-85,fixed,retail-commerce,demo,student-exercise,high,"Likely GnuCOBOL or similar open-source COBOL; uses GOBACK, LINE SEQUENTIAL, and level-88 condition names with SET ... TO TRUE, consistent with COBOL-85 and GnuCOBOL conventions. No IBM-specific extensions detected.",Shop receipt processing: reads a sequential file of shop header and sale records
8a49c44ace637050b1f5147c196df04d0637a1d3,/tempLecturaInteligente.cbl,.cbl,7169,True,199,21,1,177,0.006,fixed,4,False,False,0,0,7,0,0,58,MAEST002,true,other-vendor,COBOL-85,fixed,other,batch,student-exercise,high,"VAX/VMS COBOL (DEC VAX-8530), likely VAX COBOL compiler. Uses WHEN FALSE clause in 88-level conditions (COBOL-85 extension), DECIMAL-POINT IS COMMA, SORT with INPUT/OUTPUT PROCEDURE, RELEASE/RETURN verbs, indexed file with ALTERNATE RECORD KEY.","Vehicle rental (alquileres) management system - likely a university project (UPR installation comment). Processes rental records sorted by date, driver, and client."
9f92460c2cfd94aa635a11d99b57ece3a1e0e649,/Nescget.cbl,.cbl,748,True,4,0,0,4,0.0,free,0,False,False,0,0,0,0,0,0,,,,,,,,,,,
888b91be7cb1f2d44af2f2f6285361b2302355e3,/conditions.cbl,.cbl,1068,True,32,3,4,25,0.138,fixed,3,False,False,0,0,3,0,0,1,Conditions,true,micro-focus,COBOL-85,free,education-tutorial,demo,student-exercise,high,"Uses '$ SET SOURCEFORMAT""FREE""' compiler directive typical of Micro Focus COBOL; free-format source. Educational example by Michael Coughlan.","Demonstrates level-88 condition names, EVALUATE, and PERFORM in COBOL"
31f146f35d4c2e2a6d7bc1f723622cfad7c704c2,/control2.cbl,.cbl,1279,True,42,6,0,36,0.0,fixed,4,False,False,0,0,0,0,0,2,CONTROL2,true,unknown,COBOL-85,fixed,education-tutorial,demo,student-exercise,high,Simple educational program using SPECIAL-NAMES CLASS definitions and END-IF scope terminators; no vendor-specific extensions visible,Demonstrates use of SPECIAL-NAMES CLASS definitions for input validation
df85d79ac02c8c9a57763279de3d3187527c3279,/main2.cbl,.cbl,152,True,6,0,0,6,0.0,free,0,False,False,0,0,0,0,0,0,,,,,,,,,,,
e36ddbcd79d4c52e16ff1e661c83d3ff6c1d9b9b,/HOMWRK04.cbl,.cbl,120,True,4,0,0,4,0.0,fixed,2,False,False,0,0,0,0,0,0,HOMWRK04,true,unknown,unknown,fixed,education-tutorial,demo,snippet,low,Only IDENTIFICATION and ENVIRONMENT DIVISION headers present; no dialect-specific syntax visible,"Student homework assignment (filename HOMWRK04, author KAAN KANIG)"
9e26dfeeb6e641a33dae4961196235bdb965b21b,/core.cbl,.cbl,2,True,1,0,0,1,0.0,free,0,False,False,0,0,0,0,0,0,,,,,,,,,,,
c83fb97f25604d6be9c4b35ccc278ba75a8428e9,/Edit5.cbl,.cbl,1221,True,36,6,0,30,0.0,fixed,3,False,False,0,0,0,0,0,8,LISTING9-5,true,unknown,COBOL-85,fixed,education-tutorial,demo,student-exercise,high,"Textbook/tutorial example named LISTING9-5 by author NATCHA; uses scaled decimal PIC clauses (VP(5), P(9)) which are COBOL-85 features. No vendor-specific extensions visible.",Demonstrates COBOL scaled decimal (P-scaling) and numeric display formatting
7cdc0f78d76d6e34dcd7aaf1d7ab952ae0e8228a,/PROJ-PRINT-MASTER.cbl,.cbl,1561,True,39,0,0,39,0.0,fixed,3,False,False,0,5,2,0,0,3,PROJ-PRINT-MASTER,true,unknown,COBOL-85,fixed,education-tutorial,subprogram,student-exercise,high,"Uses SCREEN SECTION with LINE/COL clauses and inline PERFORM UNTIL with END-PERFORM, consistent with COBOL-85 interactive screen handling; possibly RM-COBOL or ACUCOBOL style but no definitive vendor marker","Student project for a school/college administration system managing students, classes, financial aid, receipts, and class rosters"
b43d76c07dcdf54ce46328f41cc3a736b9ec48ff,/ALTCONTT.cbl,.cbl,3483,True,114,27,7,80,0.08,fixed,4,False,False,1,0,2,0,0,8,ALTCONTT,true,gnucobol,COBOL-85,fixed,education-tutorial,subprogram,student-exercise,high,"GnuCOBOL student project; uses ORGANISATION IS INDEXED (British spelling common in GnuCOBOL), free-form comment marker *>, GOBACK, and a local Windows file path for the indexed file",Brazilian Portuguese student exercise for managing a contacts file (CONTATOS) using an indexed sequential file
9dd388b495c74a8157b9382de17d556c9c8f74f6,/DeclarationPret.cbl,.cbl,4555,True,105,2,61,42,0.592,fixed,0,False,False,0,0,0,0,1,46,,,,,,,,,,,
46ea004befc14d9fbff62baba3093873ae8a7e45,/BirthDate.cbl,.cbl,742,True,20,0,0,20,0.0,fixed,3,False,False,0,0,0,0,0,4,BirthDateProgram,true,unknown,COBOL-85,fixed,education-tutorial,demo,toy-or-hello-world,high,Simple standard COBOL with no vendor-specific extensions; compatible with most compilers,Demonstrates hierarchical date data structure and MOVE/DISPLAY operations
42185f096ddc1a66292a07b9b892922448b2daed,/Program1.cbl,.cbl,138,True,5,0,0,5,0.0,fixed,2,False,False,0,0,0,0,0,0,HELLO-WORLD,true,unknown,COBOL-85,fixed,demo-example,demo,toy-or-hello-world,high,Minimal hello-world program; no vendor-specific extensions visible. Compatible with virtually any COBOL compiler.,Classic hello-world demonstration program
8f472632fe1b1d9af23af605be95bf84b73b02b4,/helloworld.cbl,.cbl,109,True,6,1,0,5,0.0,free,2,False,False,0,0,0,0,0,0,HELLOWORLD,true,unknown,COBOL-85,tab,demo-example,demo,toy-or-hello-world,high,"Minimal hello-world program; tab-indented free or tab format, no vendor-specific extensions visible",Classic hello-world demonstration program
02145dc6efd4962c296836c0e95a2c546fb67ff2,/hello.cbl,.cbl,102,True,4,0,0,4,0.0,free,2,False,False,0,0,0,0,0,0,Hello-world,true,unknown,unknown,free,demo-example,demo,toy-or-hello-world,high,"Minimal hello-world program; free format, no vendor-specific extensions visible",Classic hello-world demonstration program
11085a16efb09a9bca78144ab36461d68ecb8920,/Form1.Designer.cbl,.cbl,1250,True,35,5,3,27,0.1,fixed,2,False,False,0,0,0,0,0,0,,true,micro-focus,COBOL-2002,fixed,utility-tooling,subprogram,production-like,high,"Micro Focus Visual COBOL / COBOL for .NET — OO COBOL targeting Windows Forms via .NET CLR. The 'class-id ... is partial', 'inherits type', 'System.Windows.Forms.Form', and .NET namespace references are characteristic of Micro Focus COBOL for .NET.",Windows Forms designer-generated COBOL file for a .NET GUI application
98a0f97580cd6998521cccc693f844ca12fe9415,/BubbleSort-Alt.cbl,.cbl,1186,True,55,8,0,47,0.0,free,4,False,False,0,0,8,0,0,8,BubbleSort,true,gnucobol,COBOL-85,free,education-tutorial,demo,student-exercise,high,Free-format COBOL consistent with GnuCOBOL; uses DISPLAY AT LINE/COLUMN screen positioning typical of GnuCOBOL terminal output,Classic bubble sort algorithm demonstration
a49cb461eb6d1892b75ad5acace81582ddd3beb0,/EXO09.cbl,.cbl,1162,True,51,7,3,41,0.068,fixed,4,False,False,0,0,3,0,0,6,EXO09,true,unknown,COBOL-85,fixed,education-tutorial,batch,student-exercise,high,"Simple exercise program, likely compiled with GnuCOBOL or similar PC-based compiler given Windows path in ASSIGN clause",Student exercise reading a client file and counting male/female records
bcec4fd2de0fad2413e58faa9269df5a8a3d8e35,/Program1.cbl,.cbl,16017,True,383,71,5,307,0.016,fixed,3,False,False,2,0,13,0,0,26,home,true,gnucobol,COBOL-85,fixed,retail-commerce,batch,student-exercise,medium,"Likely GnuCOBOL (OpenCOBOL) targeting a PC/Linux environment with indexed files on DISK, SCREEN SECTION, LOCK MODE IS MANUAL, and Portuguese-language identifiers. Could also be Micro Focus or ACU on PC, but GnuCOBOL is most consistent with the feature set and open-source context.","Customer and salesperson registration system for a company called 'EMPRESA INSTALACOES S.A.', managing client (CNPJ, razao social, latitude/longitude) and vendor records with CSV export capability."
c53d536664e7ff2fe836e363616edab03722dd6b,/MonfyTechLibrary.cbl,.cbl,20672,False,0,0,0,0,0.0,unknown,0,False,False,0,0,0,0,0,0,,,,,,,,,,,
a797f5016909501ef1f5343e6cacb7695cffdf21,/Inventory_Pegging.cbl,.cbl,4124,True,119,15,2,102,0.019,fixed,4,False,False,0,0,4,0,0,32,Inventory_Pegging,true,gnucobol,COBOL-85,fixed,manufacturing-logistics,batch,student-exercise,medium,"Likely compiled with GnuCOBOL (OpenCOBOL); uses LINE SEQUENTIAL, SET with inline *> comments, COMP with LOW-VALUES, and STOP literal — consistent with GnuCOBOL on Windows. INSTALLATION shows CITI but file paths are Windows local drives.","MRP (Material Requirements Planning) inventory pegging — reads an Item Master file and a Bill of Materials file, displays item and BOM records"
aca11148963118f498bd69756f99ecf8b9f718be,/Minesweeper.cbl,.cbl,13833,True,389,9,16,364,0.042,fixed,3,False,False,0,0,37,0,0,53,mineswpr,true,unknown,COBOL-85,fixed,demo-example,demo,student-exercise,high,"Standard COBOL-85 style; no vendor-specific extensions detected. Uses FUNCTION RANDOM, EVALUATE, PERFORM VARYING with TEST AFTER — all COBOL-85 features. Likely compiled with GnuCOBOL or similar open-source compiler given the game context.",Text-based Minesweeper game implemented in COBOL
4d7170866b00e8b0940328cdd031bbcdf1cb10cd,/Control4.cbl,.cbl,1065,True,33,2,0,31,0.0,fixed,4,False,False,0,0,2,0,0,4,CONTROL4,true,unknown,COBOL-85,fixed,education-tutorial,batch,student-exercise,high,Generic COBOL-85; no vendor-specific extensions visible. Likely compiled with GnuCOBOL or similar free compiler given student context.,Student grade file reading exercise; reads GRADE.DAT and displays student records
7b217f37bd524faf37a8dd8e908f8ba2850a5454,/accept.cbl,.cbl,303,True,15,3,0,12,0.0,unknown,3,False,False,0,0,0,0,0,2,HELLO,true,unknown,COBOL-85,free,education-tutorial,demo,toy-or-hello-world,high,Simple ACCEPT/DISPLAY demo; no vendor-specific extensions. ACCEPT FROM DATE is standard COBOL-85.,Basic COBOL tutorial demonstrating ACCEPT and DISPLAY statements
73de24dcbe0cd5302392426a4e7c8f38369dd36a,/calculator.cbl,.cbl,1776,True,54,6,6,42,0.125,fixed,3,False,False,0,0,1,0,0,5,CALCULATOR,true,gnucobol,COBOL-85,fixed,education-tutorial,demo,student-exercise,high,GnuCOBOL (cobc) as indicated by 'Tectonics: cobc' comment; standard COBOL-85 constructs used,Simple arithmetic calculator as a learning exercise
86b767132082cb87d7fb85d7677159dbbac87afb,/e.cbl,.cbl,177,True,7,0,1,6,0.143,fixed,2,False,False,0,0,0,0,0,0,HelloWorld,true,unknown,COBOL-85,fixed,demo-example,demo,toy-or-hello-world,high,Minimal Hello World program; line numbers suggest traditional fixed-format mainframe style but no vendor-specific extensions present,Classic Hello World demonstration program
e381b680a4a0a1fb212d46dc22e15c2585b9df66,/final1.cbl,.cbl,353,True,15,4,0,11,0.0,fixed,3,False,False,0,0,0,0,0,0,FINAL1,true,unknown,COBOL-85,fixed,education-tutorial,unknown,student-exercise,medium,Minimal skeleton with file control; no vendor-specific extensions visible. LINE SEQUENTIAL suggests GnuCOBOL or Micro Focus compatibility.,Student exercise involving a trader data file
5e9597b6f015be54da0a2576dc6371a557803bea,/EXTENSO-FINALIZADO.cbl,.cbl,29632,True,374,0,0,374,0.0,fixed,3,False,False,0,0,0,0,0,48,EXTENSO-FINALIZADO,true,gnucobol,COBOL-85,fixed,education-tutorial,demo,student-exercise,high,"Brazilian Portuguese student exercise, likely compiled with GnuCOBOL; uses FUNCTION TRIM and reference modification (NUM(5:1)) consistent with COBOL-85/2002 features",Brazilian currency amount to words converter (número por extenso em reais)
b89e22a90d42fe01195e6036af982cd1929ad778,/code06.cbl,.cbl,101,True,5,0,0,5,0.0,free,2,False,False,0,0,0,0,0,0,hello-world,true,unknown,unknown,free,demo-example,demo,toy-or-hello-world,high,Minimal hello-world program; no dialect-specific features present to distinguish vendor or standard,Classic hello-world demonstration program
cd4005fee9652551991c35a52e901e07ea81f17d,/CALL370.CBL,.CBL,1116,True,25,0,3,22,0.12,fixed,3,False,False,0,4,0,0,1,4,CALL370,true,gnucobol,COBOL-85,fixed,test-suite,test,student-exercise,high,Likely GnuCOBOL/OpenCOBOL test program; filename CALL370.CBL and reference to TEST370.BIN suggest GnuCOBOL compiled binary subprogram testing,"Unit/integration test harness for a subprogram named TEST370, likely testing date-field passing conventions across different PIC/USAGE types"
aea118b5371483cbc80092e75346b6c823a0c199,/MAIN0001.cbl,.cbl,1831,True,54,5,0,49,0.0,fixed,3,False,False,0,0,4,0,0,10,MAINPROG,true,unknown,COBOL-85,fixed,banking-finance,batch,student-exercise,medium,"Generic COBOL-85 style; references VSAM file I/O with INVALID KEY / NOT INVALID KEY clauses, consistent with IBM mainframe or compatible environment, but no explicit IBM-specific extensions detected","Appears to handle indexed VSAM records with name, surname, and balance fields, suggesting a simple banking or account management context"
ea4938a5d0dd0e1b87717591c0eaeedf0b6132a1,/Data3.cbl,.cbl,1798,True,51,1,7,43,0.14,fixed,3,False,False,0,0,0,0,0,12,DATA3,true,unknown,COBOL-85,fixed,education-tutorial,demo,student-exercise,high,"Simple educational COBOL program, no vendor-specific extensions. Likely compiled with GnuCOBOL or similar free compiler given educational context.",COBOL data types and PIC clause tutorial exercise demonstrating numeric and alphanumeric field behavior
2d05bce556c841647a9a9efb28da64000f301abe,/SEARCH_SORT.CBL,.CBL,3889,True,130,23,0,107,0.0,fixed,4,False,False,0,0,13,0,0,10,SEARCH_SORT,true,unknown,COBOL-85,fixed,education-tutorial,batch,student-exercise,high,"Standard COBOL-85 features used: SEARCH, SEARCH ALL, SORT on table, INDEXED BY, OCCURS with ASCENDING KEY. No vendor-specific extensions visible. Could compile under GnuCOBOL or similar.","Student exercise demonstrating COBOL table handling: loading records into an array, sequential SEARCH, binary SEARCH ALL, and in-place SORT"
ecbd66906a53d68513844569595ed29506c79da1,/CL11EJ02.cbl,.cbl,13556,True,417,130,29,258,0.101,fixed,4,False,False,0,0,20,0,0,46,CL11EJ02,true,gnucobol,COBOL-85,fixed,education-tutorial,batch,student-exercise,high,GnuCOBOL (cobc) as indicated by the Tectonics comment; uses DECIMAL-POINT IS COMMA and Spanish-language identifiers typical of Latin American academic use,Student exercise on nested control-break (corte de control anidado) processing sales data by date and category
675689e70936a2567429e85c2c380bf139aef063,/cgi-list-users.cbl,.cbl,17935,True,472,53,57,362,0.136,fixed,3,True,False,2,5,23,0,0,58,PIC|WHEN|cgi-list-users,true,gnucobol,COBOL-85,fixed,education-tutorial,online-cics,production-like,medium,"GnuCOBOL CGI web application using EXEC SQL (likely with ocesql or similar precompiler), Swedish-language comments and data values, targeting a school/education management system called 'openjensen'","School/education management system ('openjensen') listing users (pupils, teachers, administrators) from a database via a CGI web interface"
dc3614f093b699d9a07d6138fd5f40af654fbb4f,/hellocobol.cbl,.cbl,145,True,5,0,0,5,0.0,fixed,0,False,False,0,0,0,0,0,0,Hello,,,,,,,,,,
fcc9423826c9eb1c0dd27dbb3c2955de04c1849c,/GNSBGGBK.cbl,.cbl,146,True,2,1,0,1,0.0,fixed,0,False,False,0,0,0,0,0,0,,,,,,,,,,,
59bed98a372cc0ceb807ad1765b12b54e6c28326,/coboltest6.cbl,.cbl,724,True,33,11,1,21,0.045,fixed,4,False,False,0,0,2,1,0,1,coboltest6,true,unknown,COBOL-85,fixed,education-tutorial,demo,toy-or-hello-world,high,Generic COBOL-85 style; no vendor-specific extensions. Written by Paul Rivallin as a learning exercise dated September 2022.,Student exercise demonstrating PERFORM loops (UNTIL and VARYING) in COBOL
ae74ea1d0c63c1bc17f1d1590c6fd27a504f9da8,/user-div.cbl,.cbl,910,True,33,3,0,30,0.0,fixed,3,False,False,0,0,1,1,0,3,USER-DIV,true,unknown,COBOL-85,fixed,education-tutorial,demo,student-exercise,high,Simple standard COBOL-85 program; no vendor-specific extensions visible. Could compile under GnuCOBOL or similar.,"Simple arithmetic division exercise demonstrating user input, condition names, and error handling for division by zero"
bab5668dc862c32c286c180919f3ee2969d5e9ff,/LGICDB01.cbl,.cbl,11388,True,259,27,90,142,0.388,fixed,4,True,True,1,1,3,0,0,29,LGICDB01,true,ibm-mainframe,COBOL-85,fixed,insurance,online-cics,production-like,high,"IBM CICS/DB2 mainframe program, part of IBM CB12 sample/lab application (CICS TS insurance demo). Uses EXEC CICS and EXEC SQL with DB2 SQLCA.",IBM CB12 CICS insurance demo application - customer inquiry subprogram that retrieves customer details from a DB2 table
d4625fc7c78234a0fc6173ab30fa172da1e4f8bf,/epsmlist.cbl,.cbl,7941,True,224,27,18,179,0.091,fixed,4,False,True,7,0,7,0,0,29,EPSMLIST,true,ibm-mainframe,COBOL-85,fixed,banking-finance,online-cics,production-like,high,"IBM CICS online program, references IBM-FLEX-ES (IBM Flex Enterprise Server), part of the EPSDEMOS 2008 sample application suite",Mortgage listing application - displays mortgage company offers filtered by loan amount and interest rate criteria
e6860ec6bb45fcdfef693cade66b828a53580074,/tp2.cbl,.cbl,17375,True,438,38,47,353,0.117,fixed,3,False,False,0,1,26,0,0,114,TP2,true,other-vendor,COBOL-85,fixed,education-tutorial,batch,student-exercise,high,"Likely compiled with a PC/DOS-era COBOL compiler (e.g., Micro Focus Personal COBOL or similar) given ASSIGN TO DISK, ASSIGN TO PRINTER with filename, VALUE OF FILE-ID, and SD sort file usage. Spanish-language identifiers and DECIMAL-POINT IS COMMA suggest Latin American academic environment.","University student exercise involving sorted report generation from indexed files (teachers/professors, branches/sucursales, rates/tarifas, time records). Spanish-language identifiers confirm Latin American academic context."
470b83c89a04294aa925b41c46e50cf21fb41fb8,/GestionSpectacle2.cbl,.cbl,9318,True,279,54,30,195,0.133,fixed,4,False,False,0,0,19,0,0,35,GestionSpectacle2,true,gnucobol,COBOL-85,fixed,education-tutorial,batch,student-exercise,high,"GnuCOBOL (cobc) indicated by 'Tectonics: cobc' comment; uses LINE SEQUENTIAL, OPTIONAL files, indexed/relative organization typical of GnuCOBOL student projects","Show/spectacle management system - managing spectacle (show) records, reservations, cancellations, and hall (salle) capacity in a French-language academic exercise"
a4e8347dc4fd8ec8ea95959cb8533af3cd0befb8,/Control1.cbl,.cbl,750,True,30,5,0,25,0.0,fixed,3,False,False,0,0,0,0,0,3,CONTROL1,true,unknown,COBOL-85,fixed,education-tutorial,demo,student-exercise,high,Simple educational COBOL program demonstrating IF/THEN/END-IF constructs; no vendor-specific extensions visible,Demonstrates conditional (IF) statements and relational operators in COBOL
ff531f1d242cdf73f2f7cf49c74c731652a6eb23,/FILETEST.CBL,.CBL,13936,True,329,0,96,233,0.292,fixed,4,False,False,10,0,17,0,0,10,FILETEST,true,fujitsu-nec,COBOL-85,fixed,utility-tooling,batch,production-like,high,"Hitachi COBOL (HITAC mainframe/midrange); SOURCE-COMPUTER HITAC, Japanese comments encoded in latin-1/Shift-JIS, PREFIXING clause on COPY, SKIP3 formatting directive","File merge/join test utility reading three hierarchical input files (ROOT, SUB, SUB2) and writing merged output plus execution statistics"
0dabbe2957b45548106ae1d447ff014cc5132e8d,/write-score.cbl,.cbl,1658,True,53,6,0,47,0.0,fixed,4,False,False,0,0,0,0,0,4,WRITE-GRADE1,true,gnucobol,COBOL-85,fixed,education-tutorial,batch,student-exercise,high,Simple student exercise likely compiled with GnuCOBOL; LINE SEQUENTIAL file organization typical of GnuCOBOL/open-source environments,"Student grade/score recording exercise; writes midterm, final, and project scores for multiple students to a sequential file"
71a8ad47b842a8afcbda09c52fb00e47187b20af,/myfile4.cbl,.cbl,20,True,1,0,0,1,0.0,free,0,False,False,0,0,0,0,0,0,,,,,,,,,,,
67990af029dfcb3f0aa1034a9fc85a6b7ad9dc1a,/notas.cbl,.cbl,1202,True,41,7,6,28,0.176,fixed,2,False,False,0,0,0,0,0,4,NOTAS,true,gnucobol,COBOL-85,fixed,education-tutorial,demo,student-exercise,high,GnuCOBOL (cobc) indicated by 'Tectonics: cobc' comment; Portuguese-language prompts suggest Brazilian educational context,"Simple grade average calculator with pass/fail determination, likely a student exercise in Portuguese"
12984db56a253624f65ff79c251ea1bc6bfd5a7c,/plymouthemotionanimationset.cbl,.cbl,190366,False,0,0,0,0,0.0,unknown,0,False,False,0,0,0,0,0,0,,,,,,,,,,,
47055fcdc868a8a876b95ee3991f7fe5250531f1,/Hello.cbl,.cbl,35,True,1,0,0,1,0.0,fixed,0,False,False,0,0,0,0,0,0,,,,,,,,,,,
b179993ad702c65e7665a5ef1673fbeaeb62c450,/tempCodeRunnerFile.cbl,.cbl,4,True,1,0,0,1,0.0,free,0,False,False,0,0,0,0,0,0,,,,,,,,,,,
2725671d96c7031dfb60093173a8ff1d4b3a0aad,/hello.cbl,.cbl,1192,True,35,2,1,32,0.03,fixed,4,False,False,0,0,1,0,0,6,HELLO,true,gnucobol,COBOL-85,fixed,demo-example,demo,toy-or-hello-world,high,GnuCOBOL; comment explicitly mentions GnuCOBOL TRIM function with -fintrinsics=ALL compile flag,Simple interactive hello-world demonstration program
e3a33b653dd07b29bfeed170032f61e7ac6e17ac,/Custmnt2.cbl,.cbl,21110,True,575,7,80,488,0.141,fixed,4,False,True,5,0,36,0,0,10,CUSTMNT2,true,ibm-mainframe,COBOL-85,fixed,retail-commerce,online-cics,production-like,high,"IBM mainframe CICS online program; uses DFHAID, DFHCOMMAREA, DFHRESP, EXEC CICS commands typical of IBM CICS/TS environment","Customer master file maintenance (add, change, delete) in a CICS online transaction environment, likely part of an inventory/order management system (INVMENU reference)"
5379d46bb4038919b877e2ca8e03b67d02eb0717,/cxb40092.cbl,.cbl,5751,True,128,13,98,17,0.852,fixed,4,False,False,0,0,0,0,0,5,CXB40092,true,unknown,COBOL-85,fixed,test-suite,subprogram,snippet,high,ACVC 2.1 conformance test subprogram; references ANSI X3.23-1985 (COBOL-85). No vendor-specific extensions visible.,ACVC 2.1 (Ada Compiler Validation Capability) COBOL interoperability test — tests parameter passing between Ada and COBOL subprograms
b088f739af25c112e36ca9c3bf46bf6685eef6dc,/ST006.COBOL.LAB(WCSRC).cbl,.cbl,16281,True,201,17,26,158,0.141,fixed,4,False,False,0,0,11,0,0,28,STRLAB,true,ibm-mainframe,COBOL-85,fixed,education-tutorial,batch,student-exercise,high,"IBM mainframe COBOL, likely compiled under z/OS or MVS given the dataset naming convention (ST006.COBOL.LAB), RECORDING MODE F, and ACCEPT FROM TIME usage","University COBOL lab exercise; student ID 1951510, author JIANGWENYUAN, HLQ ST006"
51bedbb207110b138802a6565de0ab6591ef14ab,/Hello-World.cbl,.cbl,376,True,16,4,0,12,0.0,fixed,3,False,False,0,0,0,0,0,0,Hello-World,true,unknown,COBOL-85,fixed,demo-example,demo,toy-or-hello-world,high,Simple hello-world program; no vendor-specific extensions. COBOL-85 inferred from END-DISPLAY and END PROGRAM terminators.,Minimal hello-world demonstration program
4dff7b05dcff688e329522733ffdb18c682d8c74,/LCM(COBOL).cbl,.cbl,2204,True,78,12,0,66,0.0,fixed,4,False,False,0,0,6,0,0,20,LCM,true,unknown,COBOL-85,fixed,education-tutorial,demo,student-exercise,high,Standard COBOL-85 with inline PERFORM VARYING and END-IF/END-PERFORM scope terminators; no vendor-specific extensions visible,Academic exercise implementing LCM (Least Common Multiple) calculation and a chicken-and-dog legs puzzle (classic combinatorics problem)
18a875cba1f625844cb5da6acaa5449eca1ca4b9,/CS4080ExampleProgram.cbl,.cbl,1963,True,61,10,9,42,0.176,unknown,3,False,False,0,0,0,0,0,13,CS4080ExampleProgram,true,unknown,COBOL-85,fixed,education-tutorial,demo,student-exercise,high,Standard COBOL-85 constructs; no vendor-specific extensions. Likely compiled with GnuCOBOL or similar for academic use.,CS4080 university course example program demonstrating COBOL numeric data types and arithmetic operations
cb97daaaaeb466da8321856c134504b9df996ca0,/Program1.cbl,.cbl,416,True,20,6,0,14,0.0,fixed,4,False,False,0,0,1,0,0,0,Program1,true,unknown,COBOL-85,fixed,demo-example,demo,toy-or-hello-world,high,Minimal skeleton program; GOBACK and END PROGRAM suggest COBOL-85 or later. No vendor-specific extensions visible.,Trivial example program displaying strings
5791d08c1673f74e092e8afdb2e883553b651366,/epsmpmt.cbl,.cbl,5905,True,155,6,33,116,0.221,fixed,4,False,False,1,0,4,0,0,30,EPSMPMT,true,ibm-mainframe,COBOL-85,fixed,demo-example,subprogram,production-like,high,"IBM Enterprise COBOL; CBL compiler options NUMPROC(MIG),FLAG(I,W),RENT; FLEX-ES (Fundamental Software emulator of IBM mainframe); part of IBM COBOL demo/tutorial suite by Jim Hildner 2008",IBM COBOL tutorial/demo suite (EPS - Enterprise COBOL for z/OS sample programs); calculates monthly loan payment amounts
bb99440ad5462356df5bcfd20257fe21bf5e5d53,/test9014.cbl,.cbl,6148,True,177,1,0,176,0.0,fixed,4,False,False,0,24,0,0,1,18,test9014|test9014a|test9014a1|test9014a2|test9014b|test9014b1|test9014b2,true,gnucobol,COBOL-85,fixed,test-suite,test,student-exercise,high,"Likely GnuCOBOL or similar COBOL-85+ compiler supporting nested programs, GLOBAL data items, and qualified data-name references. The nested program structure with END PROGRAM markers and GLOBAL clause are COBOL-85 features.","Compiler/runtime test for nested program scoping, GLOBAL data visibility, qualified data-name references in CALL statements, and condition-name (88-level) usage in CALL targets"
f917acb270df5a02434c609c3474d71a03ddcd96,/MODULO-CONSULTAR.cbl,.cbl,2886,True,84,9,8,67,0.107,fixed,4,False,False,1,0,2,0,0,7,MODULO-CONSULTAR,true,gnucobol,COBOL-85,fixed,other,subprogram,student-exercise,high,"GnuCOBOL (cobc) as indicated by Tectonics comment; uses GOBACK, COPY, LINKAGE SECTION with USING, indexed file with ORGANISATION IS INDEXED",Contact management application - a module to query/look up contacts from an indexed file
dede62e67fe45fda4cc2d5d957a61e1143df670a,/coffeeshop_n_2_lookahead_1.cbl,.cbl,130,True,3,0,0,3,0.0,free,0,False,False,0,0,0,0,0,0,,,,,,,,,,,
df203ebb9a77eb0094fda241b743e8bed783e278,/HelloWorld.cbl,.cbl,622,True,26,4,1,21,0.045,free,4,False,False,0,0,0,0,0,1,SOLUTION,true,gnucobol,COBOL-85,free,education-tutorial,demo,toy-or-hello-world,high,"Likely GnuCOBOL based on free-format style, ASSIGN TO KEYBOARD, and ORGANIZATION LINE SEQUENTIAL usage common in GnuCOBOL tutorials","Hello World / stdin reading exercise, likely from a coding challenge platform"
c0ef18e11696533bca36d22ac056d01a4c4109f3,/hello.cbl,.cbl,3562,True,95,0,18,77,0.189,fixed,3,False,False,0,0,0,0,0,23,UNSTRNG,true,unknown,COBOL-85,fixed,education-tutorial,demo,student-exercise,high,Generic COBOL tutorial/educational program demonstrating PIC clause data types and editing characters; no vendor-specific extensions visible,"Demonstration of COBOL data types and picture editing characters including zero suppression, currency, sign, CR/DB, slash, comma, and blank insertion"
b9a88dd3cad9f1460e2c686c3364355c541f9b68,/F7.cbl,.cbl,2,True,1,0,0,1,0.0,free,0,False,False,0,0,0,0,0,0,,,,,,,,,,,
78c4c0b4a333e54fb3b8f21d1c7a1c20fb4a4e63,/prog1.cbl,.cbl,3041,True,75,0,5,70,0.067,fixed,3,False,False,0,0,3,0,0,23,ABCUNI,true,unknown,COBOL-85,fixed,education-tutorial,batch,student-exercise,high,Standard COBOL-85 features used; no vendor-specific extensions. Likely compiled with GnuCOBOL or similar for educational use.,Introduction to COBOL programming course assignment involving reading an artist file and producing a formatted report
e0db28f82e9ee82eecd7a3e3b244da8e6609ebd3,/covid.cbl,.cbl,3670,True,110,16,15,79,0.16,fixed,4,False,False,0,0,4,0,0,19,CBLCOVID,true,ibm-mainframe,COBOL-85,fixed,demo-example,batch,student-exercise,high,"IBM mainframe style; references Openmainframe challenge, uses RECORDING MODE V for variable-length PDS dataset, ASSIGN TO ddname style file assignment",Openmainframe Project challenge 3.2 - reads a COVID-19 CSV dataset from a mainframe PDS and displays statistics
45cde20880a4f1e738bfafa8097ab32c96648859,/COBOLFile.CBL,.CBL,2837,True,81,1,4,76,0.05,fixed,4,False,False,0,0,2,0,0,12,SAMPLE,true,unknown,COBOL-85,fixed,education-tutorial,demo,student-exercise,high,"Generic COBOL-85 style; no vendor-specific extensions. LINE SEQUENTIAL organization and END-READ scope terminator are consistent with COBOL-85. Could compile under GnuCOBOL, Micro Focus, or similar.",Student exercise demonstrating basic file I/O and record counting
8d344816e2e874d93023c6633eef2a87e923d894,/Frete.cbl,.cbl,1533,True,44,2,8,34,0.19,fixed,4,False,False,0,0,0,0,0,5,FRETE,true,gnucobol,COBOL-85,fixed,education-tutorial,demo,student-exercise,high,"Brazilian Portuguese student exercise, likely compiled with GnuCOBOL; uses DECIMAL-POINT IS COMMA with comma as decimal separator in literals (1,05 etc.)",Brazilian Portuguese COBOL exercise calculating freight (frete) cost based on Brazilian state (UF) using EVALUATE
00c4570277af27c306cf6ee77a6321fb342ea796,/my-grade.cbl,.cbl,4827,True,122,8,0,114,0.0,fixed,4,False,False,0,0,3,0,0,16,MY-GRADE,true,unknown,COBOL-85,fixed,education-tutorial,batch,student-exercise,high,"Standard COBOL-85 features used (EVALUATE, END-PERFORM, END-READ, END-IF, 88-level condition, GOBACK, reference modification). No vendor-specific extensions visible. Could be GnuCOBOL or similar open-source compiler given student context.",Student grade calculation program computing GPA averages from a text file of course grades
f9b347abef8b8067f7b6406b95c9cb063127a4bb,/day2.cbl,.cbl,2099,True,77,10,0,67,0.0,fixed,4,False,False,0,0,5,0,0,11,DAY2,true,gnucobol,COBOL-2014,free,education-tutorial,batch,student-exercise,high,Explicitly compiled with GnuCOBOL using cobc -std=cobol2014 --free as noted in the inline comment,"Advent of Code puzzle solution - Day 2, parsing a game input file to validate cube color counts"
bb071d02fa78464ca12736833c588d21d2d34e6d,/lista17exercicio1.cbl,.cbl,23920,True,645,127,105,413,0.203,fixed,4,False,False,0,0,40,0,0,40,lista17exercicio1,true,gnucobol,COBOL-85,free,education-tutorial,batch,student-exercise,high,"GnuCOBOL free-format source indicated by '$set sourceformat""free""' compiler directive; Brazilian Portuguese comments and identifiers; likely compiled with GnuCOBOL (OpenCOBOL)","Student exercise for a Brazilian programming course (lista17 = list 17, exercicio1 = exercise 1); manages student registration and grades for a school"
9ea9801893c4191335e2a784bc890bee13288cc8,/TECHO10.cbl,.cbl,21988,True,450,0,134,316,0.298,fixed,3,False,False,0,10,5,0,0,69,ADDTESTS|SETUP|TEARDOWN|TECHO10|TEST1,true,ibm-mainframe,COBOL-85,fixed,test-suite,test,production-like,high,"IBM Enterprise COBOL for z/OS, generated by IBM Rational Developer for z Systems zUnit (IBM z/OS Automated Unit Testing Framework). Uses COMP-5, FUNCTION-POINTER, ENTRY, BY VALUE/REFERENCE, LOCAL-STORAGE SECTION, and IBM LE runtime calls (CEEGTST, CEEFRST, AZUTCINI, AZUTCADD).","IBM zUnit automated unit test case for an Enterprise COBOL program (ECHO10 or similar), testing string/numeric parameter passing"
cea1ecc741d32b94f5f3a49731265688302d9fee,/menu.cbl,.cbl,4439,True,148,43,22,83,0.21,fixed,4,False,False,0,3,5,0,0,10,menu,true,gnucobol,COBOL-85,fixed,education-tutorial,batch,student-exercise,high,"GnuCOBOL student project using SCREEN SECTION with foreground-color clauses, typical of GnuCOBOL on PC","Pizza management system menu program, likely a student exercise for a Brazilian computing course"
534d15e5a4dc8f39fb5fd2daf0852fe7f290ac62,/PBOOKDB2.cbl,.cbl,27278,True,678,81,169,428,0.283,fixed,4,True,True,8,15,27,0,0,19,PBOOKDB2,true,ibm-mainframe,COBOL-85,fixed,other,online-cics,production-like,high,IBM CICS TS with DB2 (z/OS Connect / BAQ Host API); CBL CICS('COBOL3') compiler directive; uses BAQHAREC/BAQHCONC copybooks for z/OS Connect API Requester,CICS TS sample/example application — Phone Book with DB2 backend and z/OS Connect API integration
adfb429b03468d6ee875cdf93c4b223b769338cd,/Final.cbl,.cbl,816,True,30,3,0,27,0.0,fixed,4,False,False,0,0,2,0,0,0,FANAL,true,unknown,COBOL-85,fixed,education-tutorial,batch,student-exercise,high,"Simple student exercise; LINE SEQUENTIAL and GOBACK suggest GnuCOBOL or Micro Focus compatible, but no definitive vendor markers",Student exercise reading a trader data file with province and credit fields
2a34cd4c15eb919e0821f44b23a226d0cfcf13f6,/helloworld in cobol.cbl,.cbl,492,True,16,0,6,10,0.375,fixed,3,False,False,0,0,0,0,0,0,helloworld,true,gnucobol,COBOL-85,fixed,demo-example,demo,toy-or-hello-world,high,GnuCOBOL (cobc) hello world template; 'Tectonics: cobc' comment is a standard GnuCOBOL IDE/template marker,Minimal hello world demonstration program
e31c4c11038e79735a225d016bc3bd0c6f861e87,/VIEWTRENTONFILER-NEW.CBL,.CBL,9608,True,261,9,29,223,0.115,fixed,4,False,False,6,0,3,5,0,73,VIEWTRENTONFILER,true,other-vendor,COBOL-85,fixed,retail-commerce,batch,production-like,high,"TI-990 minicomputer COBOL; SOURCE-COMPUTER and OBJECT-COMPUTER both specify TI-990. Uses ISAM-style START/READ NEXT with alternate keys, COPY-based file definitions, and WRITE AFTER ADVANCING — consistent with a TI-990 or similar minicomputer COBOL environment.","Newspaper/periodical distribution — generates a Trenton (NJ) newspaper returns report listing dealer return quantities by day of week, output as a CSV file."
11ebd6b123802005d9ecdd3126c3bbefb21a0c67,/tuition2.cbl,.cbl,1273,True,41,10,6,25,0.194,fixed,2,False,False,0,0,1,0,0,7,tuition_Gordon,true,gnucobol,COBOL-85,fixed,education-tutorial,demo,student-exercise,high,"Simple student exercise likely compiled with GnuCOBOL; uses PERFORM ... TIMES, COMPUTE, DISPLAY/ACCEPT pattern common in introductory COBOL courses","Tuition cost projection calculator for a student exercise, likely a university COBOL course assignment"
c1dcd8bdb9898a8442be0aaaf1bfd7de687a9e16,/tableau-2.cbl,.cbl,1884,True,60,13,0,47,0.0,fixed,4,False,False,0,0,0,0,0,23,PGM-Table,true,unknown,COBOL-85,fixed,education-tutorial,demo,student-exercise,high,"Simple educational program using French month names (JANVIER, FEVRIER, etc.) suggesting a French-speaking educational context. No vendor-specific extensions visible.",Demonstrates COBOL table/array definitions using French month names and English day names
0f5ad5cae6a282ed1a68936a7e8fd08dac8ab1d7,/CaesarEncryption.cbl,.cbl,1636,True,44,8,0,36,0.0,fixed,4,False,False,0,0,3,0,0,5,CAESAR-ENCRYPTION,true,unknown,COBOL-85,fixed,education-tutorial,demo,student-exercise,high,"Standard COBOL-85 with intrinsic functions (UPPER-CASE, MOD, ORD, CHAR, LENGTH); no vendor-specific extensions visible. Spanish-language inline comments suggest non-English-speaking author but no dialect indicator.",Caesar cipher encryption algorithm implemented as a COBOL learning exercise
59b6a1511c3a741a964f3d8e2e42392e117d69af,/studentrecord.cbl,.cbl,1853,True,48,8,2,38,0.05,fixed,1,False,False,0,0,0,0,0,13,StudentRecord,true,unknown,COBOL-85,fixed,education-tutorial,demo,student-exercise,high,Standard COBOL-85 with YYYYMMDD/YYYYDDD date extensions; no vendor-specific features visible,"Student record entry and display exercise, likely a university or college COBOL programming assignment"
5426b41dc1a2f9b18b19925d37e108d25f890010,/clock.cbl,cbl_files_lowercase.csv,1266,True,40,1,0,39,0.0,fixed,3,False,False,0,9,1,0,0,10,clock,true,gnucobol,COBOL-85,fixed,demo-example,demo,toy-or-hello-world,medium,"Uses ncurses library calls (initscr, timeout, getch, clear, refresh, endwin, printw) and C$SLEEP which is a GnuCOBOL/ACUCOBOL extension; likely GnuCOBOL given open-source context",Simple terminal clock display using ncurses
2b2bab71ee967ca6b8eb54dc58d58510364dea6a,/p1.cbl,.cbl,11240,False,0,0,0,0,0.0,unknown,0,False,False,0,0,0,0,0,0,,,,,,,,,,,
28d10bd92a9be91f21fa08645ad71d340d60dd4c,/base.cbl,.cbl,157,True,12,6,0,6,0.0,free,3,False,False,0,0,0,0,0,0,base_jb,true,unknown,COBOL-85,free,unknown,unknown,snippet,medium,Minimal skeleton program with date-written paragraph (common in COBOL-85 and earlier); no vendor-specific extensions visible,No business logic present; skeleton only
f9067028897acabf34d4fba42ded6091fcc0aacc,/regs.cbl,.cbl,437,True,19,0,0,19,0.0,unknown,0,False,False,0,0,0,0,0,0,,,,,,,,,,,
4874fd2bbe200de98d97d7b8808183a58eeadc3f,/tempCodeRunnerFile.cbl,.cbl,29,True,2,1,0,1,0.0,fixed,0,False,False,0,0,0,0,0,0,,,,,,,,,,,
bfca66b33de694ea44164cd7432d8d3150b88298,/EMP-PAYROLL.cbl,.cbl,2754,True,90,15,1,74,0.013,fixed,4,False,False,0,0,2,1,0,18,EMP-PAYROLL,true,unknown,COBOL-85,fixed,payroll-hr,batch,student-exercise,high,"Generic COBOL-85 style; Windows file paths suggest a PC/workstation environment, possibly GnuCOBOL or Micro Focus, but no vendor-specific extensions present",Employee payroll processing: reads employee records from a flat file and writes payroll output records
69b4acaf7d9d65f30ecbfeffe493f498c5503f88,/HELLOWORLD.cbl,.cbl,162,True,6,0,0,6,0.0,fixed,0,False,False,0,0,0,0,0,0,HELLOWORLD,,,,,,,,,,
47b08d8abaad84ad51726755d66b8a11956b28f3,/rename.cbl,.cbl,1493,True,40,2,0,38,0.0,fixed,3,False,False,0,0,0,0,0,10,RENAME,true,unknown,COBOL-85,fixed,education-tutorial,demo,student-exercise,high,Simple educational example demonstrating the RENAME/RENAMES clause; no vendor-specific extensions visible,Demonstrates the use of COBOL level-66 RENAMES clause with student record data
0e1cf1ac1af993505f881a6425c934bd5567daef,/MARBLE03.cbl,.cbl,37422,True,462,0,175,287,0.379,fixed,4,True,True,0,0,21,0,1,35,MARBLE03,true,ibm-mainframe,COBOL-85,fixed,demo-example,online-cics,production-like,high,"IBM CICS/DB2 online transaction program; uses EXEC CICS and EXEC SQL (DB2) embedded in fixed-format COBOL. Transaction ID MB03, likely z/OS or CICS TS environment. Build tooling references 'gulp build' suggesting a modern DevOps pipeline (e.g., IBM Z Open Editor / Zowe).","Marble inventory management demo application (EVENT.MARBLE and EVENT.COLOR tables), likely used as a teaching/demo system for IBM Z CICS/DB2 development"
3d7e1dd95c04f1e1f0d1ad5f088b69bdb2c44f9a,/ONLINE1.cbl,.cbl,9381,True,295,51,45,199,0.184,fixed,4,True,True,3,0,15,0,0,39,ONLINE1,true,ibm-mainframe,COBOL-85,fixed,demo-example,online-cics,production-like,high,"IBM mainframe CICS/DB2 online program; uses COMP-4 SYNC, EXEC CICS, EXEC SQL, DFHCOMMAREA, DFHAID copybook, EIB fields — classic IBM CICS/DB2 style",Demo online CICS transaction program (comment says 'Programme demo ONLINE'); interacts with a DB2 table VTBMSGA and a message-retrieval subprogram CALLMSG
14732fb8102410d5aceefde3d1b687645281c1dd,/beep.cbl,.cbl,24,True,1,0,0,1,0.0,free,0,False,False,0,0,0,0,0,0,,,,,,,,,,,
b575684d913a40e08131657501266ee6ca616362,/Data5.cbl,.cbl,1242,True,34,0,0,34,0.0,fixed,3,False,False,0,0,0,0,0,21,DATA5,true,unknown,COBOL-85,fixed,education-tutorial,demo,student-exercise,high,"Simple student exercise, no vendor-specific extensions; AUTHOR clause suggests Thai academic context (Phadol Wongsiri)","Student grade data exercise, likely from a Thai university COBOL course"
c1fe8776f6fc51da457e3448b9dbf77a477d0378,/010 - Arquivo_sequencial.cbl,.cbl,5755,True,224,83,27,114,0.191,fixed,4,False,False,0,0,10,0,0,10,arquivo_sequencial,true,gnucobol,COBOL-85,free,education-tutorial,demo,student-exercise,high,"GnuCOBOL with $set sourceformat""free"" directive; Brazilian Portuguese comments; written 2022","Student exercise demonstrating sequential file I/O in COBOL, with student records (name, grade, CPF)"
90fd7b18a5f84349351f91502bce17db591ad439,/SOCIOS.cbl,.cbl,6242,True,177,21,0,156,0.0,fixed,4,False,False,0,0,20,0,0,40,Socios,true,gnucobol,COBOL-85,fixed,retail-commerce,batch,student-exercise,medium,"Likely compiled with GnuCOBOL or similar open-source COBOL targeting disk-based ISAM files; Portuguese-language identifiers and month names; decimal-point is comma (Brazilian locale); Screen Section with BLANK SCREEN, LINE/COL, USING clauses typical of GnuCOBOL/OpenCOBOL",Video rental store (Video Locadora) member/associate registration system
9c828246140dbd08ae290f0110486cbe74c1bb09,/basicverbs.cbl,.cbl,1907,True,57,10,18,29,0.383,fixed,3,False,False,0,0,0,0,0,8,BASICVERBS,true,unknown,COBOL-85,fixed,education-tutorial,demo,student-exercise,high,Generic COBOL tutorial/demo; uses *> inline comments (COBOL-2002+ style) but otherwise standard COBOL-85 constructs. No vendor-specific extensions visible.,"Introductory COBOL tutorial demonstrating basic verbs: DISPLAY, ACCEPT, INITIALIZE, MOVE, ADD, SUBTRACT, MULTIPLY, DIVIDE, COMPUTE"
a8f034d9d0d5b538019a1035308c04f88c0bbaa6,/sasha.cbl,.cbl,21000,False,0,0,0,0,0.0,unknown,0,False,False,0,0,0,0,0,0,,,,,,,,,,,
906e2a2a20e1c7c092eb96fe32b0e6a9b2c69d70,/multiply.cbl,.cbl,464,True,24,3,0,21,0.0,unknown,3,False,False,0,0,0,0,0,3,funtimes,true,unknown,COBOL-85,free,education-tutorial,demo,toy-or-hello-world,high,Simple interactive multiply program; no vendor-specific extensions. COBOL-85 inferred from END-IF and COMPUTE usage.,Basic arithmetic demonstration for learning COBOL
edf23ed772d17f434d4a3e750178fff417dec76d,/CounditionName.cbl,.cbl,1107,True,27,0,1,26,0.037,fixed,3,False,False,0,0,2,0,0,1,ConditionNames,true,unknown,COBOL-85,fixed,education-tutorial,demo,student-exercise,high,Standard COBOL-85 using level-88 condition names and EVALUATE TRUE; no vendor-specific extensions visible,Demonstrates use of level-88 condition names and EVALUATE statement for character classification
4b21f4acd43025b305d7a46d98c45d5be3f96f97,/star-10-1.cbl,.cbl,700,True,29,2,0,27,0.0,fixed,2,False,False,0,0,5,0,0,0,STAR-10-1,true,unknown,COBOL-85,fixed,education-tutorial,demo,student-exercise,high,Simple educational program; GOBACK and PERFORM TIMES with END-PERFORM are COBOL-85 features; no vendor-specific extensions visible,Simple star-printing exercise demonstrating PERFORM TIMES and inline vs outline perform
79add800f7f83eb105bba08e7d3de66d534380c4,/projeto_pizza.cbl,.cbl,5790,True,197,58,16,123,0.115,fixed,4,False,False,0,0,16,0,0,17,Projeto,true,gnucobol,COBOL-85,fixed,education-tutorial,demo,student-exercise,high,"Student project likely compiled with GnuCOBOL; uses Portuguese-language comments and identifiers, decimal-point is comma (Brazilian locale), OCCURS table, structured PERFORM loops",University/school student exercise simulating a pizza price comparison system
cbb05117b51f8f403feddce2586c7a4e9045acc2,/Program1.cbl,.cbl,5947,True,139,19,8,112,0.067,fixed,2,False,False,0,0,12,0,0,17,Program1,true,micro-focus,COBOL-85,fixed,education-tutorial,demo,student-exercise,medium,"Likely Visual COBOL or COBOL for Visual Studio (program-id uses AS clause with dotnet-style namespace 'ArraysAlgorithms.Program1', ALLOCATE with LOC 31, USAGE IS POINTER)",Textbook exercise implementing array algorithms from 'Essential Algorithms' by Rod Stephens
9f981b9185f5892dc4bda358de66b6ba00d678c3,/READ5L.CBL,.CBL,1043,True,32,2,0,30,0.0,fixed,4,False,False,0,0,2,0,0,2,READ5L,true,gnucobol,COBOL-85,fixed,education-tutorial,demo,student-exercise,high,Simple file-reading program likely compiled with GnuCOBOL or similar open-source COBOL; LINE SEQUENTIAL organization and GOBACK suggest standard COBOL-85 compatible compiler,Basic file I/O exercise reading a sequential data file and displaying records
7746089a26808346cb00ec8c59c54881ec4440db,/data5.cbl,.cbl,2801,True,80,9,0,71,0.0,fixed,3,False,False,0,0,0,0,0,24,DATA4,true,unknown,COBOL-85,fixed,education-tutorial,demo,student-exercise,high,Standard COBOL-85 features used; likely compiled with GnuCOBOL or similar for educational purposes. Thai student name (WORAWIT) suggests Thai university context.,"University student grade data exercise demonstrating REDEFINES, RENAMES, and data structure manipulation"
9a320d95a920793349a30499a91b6f3e984e0805,/hcipdb01.cbl,.cbl,7581,True,163,0,69,94,0.423,fixed,4,True,True,2,1,3,0,0,13,HCIPDB01,true,ibm-mainframe,COBOL-85,fixed,healthcare-medical,online-cics,production-like,high,"IBM CICS/DB2 mainframe program, part of the HCAZ transaction suite (healthcare patient inquiry). Uses EXEC CICS, EXEC SQL with SQLCA, DFHCOMMAREA, EIB fields.",Patient inquiry subsystem for a healthcare application; retrieves patient demographic and insurance data from a DB2 PATIENT table by patient ID.
465c7a0fb93dfc0c6789a9f71b931f99a5066492,/TAXCAL.cbl,.cbl,3705,True,111,8,10,93,0.097,fixed,4,False,False,0,0,5,0,0,20,STDRPT,true,ibm-mainframe,COBOL-85,fixed,government-public,batch,student-exercise,high,"IBM mainframe style indicated by RECORDING MODE IS F, LABEL RECORDS STANDARD, BLOCK CONTAINS 0 RECORDS clauses; COBOL-85 features used (EVALUATE, END-IF, END-READ, END-PERFORM, 88-level condition, SET ... TO TRUE)","Indian income tax calculation based on tax slabs (PAN number, salary, HRA, LTA, savings deductions — Indian tax system terminology)"
bea25be3b268e4f149a45cd4bd5dd1adbb6da80d,/Jokenpo.cbl,.cbl,1661,True,49,3,6,40,0.13,fixed,3,False,False,0,0,1,0,0,5,JOKENPO,true,gnucobol,COBOL-85,fixed,demo-example,demo,student-exercise,high,GnuCOBOL (cobc) as indicated by 'Tectonics: cobc' comment; standard COBOL-85 constructs used,Rock-Paper-Scissors (Jokenpo) game for study/learning purposes
49f0872828b6dc8f8a61b96efc0d2b4b6d629f56,/Z95629.CBL(PBE006HW).cbl,.cbl,5418,True,148,5,7,136,0.049,fixed,4,False,False,0,1,10,0,0,27,PBE006HW,true,ibm-mainframe,COBOL-85,fixed,other,batch,production-like,high,"IBM mainframe style; RECORDING MODE F, RETURN-CODE special register, fixed format, Turkish comments suggest Turkish IBM mainframe shop","General-purpose index/record lookup harness; calls subprogram PBEGIDX to perform CRUD operations (Read, Update, Write, Delete) on records identified by ID and DVZ fields"
87faba33807899021c372bd673cceeaa5a72995a,/hello_world.cbl,.cbl,272,True,16,4,0,12,0.0,unknown,4,False,False,0,0,0,0,0,0,HELLOWORLD,true,rm-cobol,COBOL-85,fixed,demo-example,demo,toy-or-hello-world,high,RM-COBOL explicitly named in SOURCE-COMPUTER and OBJECT-COMPUTER paragraphs,Classic hello world demonstration program
4d29faf1a898db6d3f90019324901f2f2a5c44b5,/read-emp1.cbl,.cbl,1369,True,42,2,0,40,0.0,fixed,4,False,False,0,0,2,0,0,7,READ-EMP1,true,unknown,COBOL-85,fixed,education-tutorial,batch,student-exercise,high,"Standard COBOL-85 features used; LINE SEQUENTIAL organization and GOBACK suggest GnuCOBOL or similar open/PC COBOL environment, but no vendor-specific extensions visible","Employee file reading exercise, likely a student assignment involving sequential file I/O"
539ef97267a129feee81a4d705bf5900f047388a,/fkontrol.cbl,.cbl,1392,True,41,3,0,38,0.0,fixed,4,False,False,1,0,0,0,0,4,CEKSENET,true,rm-cobol,COBOL-85,fixed,banking-finance,batch,snippet,high,RM/COBOL dialect; SOURCE-COMPUTER and OBJECT-COMPUTER both set to RMCOBOL; uses RM/COBOL-style DISPLAY ... LINE ... POSITION and ACCEPT ... NO BEEP syntax; ASSIGN TO DISK with quoted path typical of RM/COBOL,Turkish financial/accounting application; program name CEKSENET likely means 'checks and promissory notes' (çek-senet); reads an indexed file of transaction records
5f8109779c04178fef77147ed21cbe79f894a8d2,/cow.cbl,.cbl,14247,True,544,236,13,295,0.042,fixed,4,False,False,1,5,17,0,0,79,checkfilestatus|checkquery|cow|cowtemplate|getquery|showvars,true,gnucobol,COBOL-85,fixed,utility-tooling,batch,production-like,high,"Cobol-on-Wheelchair (COW) web framework - a CGI/web framework written in GnuCOBOL. Uses FUNCTION SUBSTITUTE, FUNCTION CONCATENATE, ACCEPT FROM ENVIRONMENT, COMP-5, and line-sequential files typical of GnuCOBOL. Multiple nested programs in a single source file.","CGI web framework for COBOL - routes HTTP requests based on URL path patterns, substitutes template variables in HTML view files"
dbcaf5a5655fc45b64aa5ef99394a1989faf35ea,/LIB2.cbl,.cbl,931,True,26,5,9,12,0.429,fixed,3,False,False,1,0,0,0,0,0,lib2,true,gnucobol,COBOL-85,fixed,demo-example,subprogram,snippet,high,"AWS COBOL demo/example, likely GnuCOBOL or similar open-source compiler; uses GOBACK and COPY for linkage interface",AWS COBOL sample demonstrating a called subprogram with a linkage section interface
524bd6b8a95daa11cdf7d6021a553d1ccaf933fc,/test.cbl,.cbl,201,True,10,3,0,7,0.0,fixed,3,False,False,0,0,0,0,0,0,X,true,unknown,COBOL-85,fixed,demo-example,demo,toy-or-hello-world,high,Minimal skeleton program; 'IS INITIAL PROGRAM' clause is COBOL-85 or later. No vendor-specific extensions visible.,Trivial skeleton/hello-world program with no business logic
88944ac93a19ac2966607646f90fa0fb40865a85,/cblgrph.cbl,.cbl,13853,True,271,0,57,214,0.21,fixed,4,False,False,0,0,11,0,0,101,CBLGRPH,true,ibm-mainframe,COBOL-85,fixed,healthcare-medical,batch,student-exercise,high,"Classic IBM mainframe-style COBOL with RECORDING MODE, ACCEPT FROM DATE (2-digit year), GOBACK, and carriage-control conventions. No EXEC SQL/CICS. Likely compiled under IBM Enterprise COBOL or compatible.","COVID-19 USA historical data reporting — reads a CSV file of US COVID-19 statistics (cases, hospitalizations, ICU, ventilator, deaths) and produces a printed bar-graph report showing death-rate percentage over time."
6f023f5d63e7bf9da4a776eca93bda797d572ec0,/HelloWorld.cbl,.cbl,105,True,5,0,0,5,0.0,free,2,False,False,0,0,0,0,0,0,HELLO-WORLD,true,unknown,COBOL-85,free,demo-example,demo,toy-or-hello-world,high,"Minimal hello-world program; free format, no vendor-specific extensions visible",Classic hello-world demonstration program
be997efbf6e29c6e13955a5e7e59811c132ee620,/Kindermishandeling.CBL,.CBL,3725,True,126,20,24,82,0.226,fixed,3,True,False,0,0,4,0,0,10,Kindermishandeling,true,micro-focus,COBOL-85,fixed,education-tutorial,batch,student-exercise,high,PERCobol dialect (Java/JDBC-based COBOL runtime); comments explicitly mention PERCobol and JDBC connectivity; uses EXEC SQL CONNECT with DRIVER clause typical of PERCobol,Student exercise reading a flat file and inserting records into a MySQL database; program name 'Kindermishandeling' (Dutch for 'child abuse') suggests a school/university assignment context
228fae7587d559d9a3aa8ce785afec8d59a399a7,/Sedalia.cbl,.cbl,24540,True,715,192,100,423,0.191,fixed,4,False,False,0,0,29,0,5,133,FTB86994,true,ibm-mainframe,COBOL-85,fixed,banking-finance,batch,production-like,high,"IBM mainframe COBOL, likely VS COBOL II or COBOL/370; uses RECORDING MODE V, COMP-3, indexed file organization with FILE STATUS, SORT with INPUT/OUTPUT PROCEDURE, and SEARCH ALL with ODO tables. SOURCE-COMPUTER IBM-370.",Mercantile Bank of St. Louis N.A. - deconversion/decommission of Chase card accounts sold to another bank; identifies card relationships for accounts being sold and produces output files/reports for cards that are 'only' sold or 'plus' (mixed) sold.
fb637421b2821b9852b93de8d6723db1831c0239,/main.cbl,.cbl,2046,True,79,8,0,71,0.0,free,4,False,False,0,0,4,0,0,15,AOC-2020-DAY-02,true,gnucobol,COBOL-85,free,demo-example,batch,student-exercise,high,"Free-format COBOL, likely compiled with GnuCOBOL; Advent of Code 2020 Day 2 solution",Advent of Code 2020 Day 2 puzzle solution - password policy validation
4c4b0a140c5876c593cd9a7ef2e6238bf9a18a64,/Program1.cbl,.cbl,9332,True,231,28,3,200,0.015,fixed,4,False,False,0,0,9,0,0,91,COBTPG01,true,unknown,COBOL-85,fixed,demo-example,batch,student-exercise,high,"Likely compiled with a PC-based COBOL compiler (e.g., Micro Focus or GnuCOBOL) given Windows-style file paths (C:\COBOL\). No strong vendor-specific extensions visible.",Paint job cost estimation report for a student/educational exercise
36bd8c0856014e5e9e5735210f22b3d1b3e7f043,/base.cbl,.cbl,191,True,7,0,0,7,0.0,unknown,3,False,False,0,0,0,0,0,0,base_jb,true,unknown,COBOL-85,free,unknown,unknown,snippet,low,"Minimal skeleton program; date-written clause suggests older style, possibly COBOL-85 era. No vendor-specific extensions visible.",Cannot determine domain from this skeleton fragment
649112936c419bcf2e363fc303b5dea7ce215e4a,/Aula1.cbl,.cbl,885,True,26,0,6,20,0.231,fixed,3,False,False,0,0,0,0,0,2,PROGG01,true,gnucobol,COBOL-85,fixed,education-tutorial,demo,toy-or-hello-world,high,GnuCOBOL (cobc) indicated by 'Tectonics: cobc' comment; Portuguese-language strings suggest Brazilian educational context,"First lesson (Aula1) COBOL exercise in Portuguese, likely Brazilian university or course"
ea086c94440297153d1fe1452bfa1af89c7f652e,/CheckVariable.cbl,.cbl,576,True,19,1,0,18,0.0,fixed,3,False,False,0,2,0,0,0,2,CHECK-VARIABLE,true,gnucobol,COBOL-85,fixed,education-tutorial,demo,snippet,medium,Simple demonstration program; no vendor-specific extensions visible. GOBACK and dynamic CALL via data item are standard COBOL-85 features. Likely GnuCOBOL or similar open-source compiler given the style.,"Demonstrates COBOL class condition checks (ALPHABETIC, NUMERIC) and dynamic CALL"
9f7a3348f301e23d4320e78903924af42b8a5d6f,/amsPoDownloadGroup.cbl,.cbl,2074,True,48,4,3,41,0.068,fixed,0,False,False,0,0,0,0,0,31,,,,,,,,,,,
f29abf5e3f647737ee048e89b504dbbc92cfebb9,/control-break1.cbl,.cbl,2054,True,61,2,0,59,0.0,fixed,4,False,False,0,0,4,0,0,13,CB1,true,gnucobol,COBOL-85,fixed,education-tutorial,batch,student-exercise,high,Standard COBOL-85 with GOBACK and LINE SEQUENTIAL; likely compiled with GnuCOBOL given the file-based assignment style and no vendor-specific extensions,Control-break processing tutorial demonstrating grouping and subtotaling by a key column
e15322ef03cb28284ca50b59c8cd6d408ee7c9e5,/PerformFormat2.cbl,.cbl,871,True,27,2,6,19,0.24,fixed,3,False,False,0,0,6,0,0,1,PerformFormat2,true,gnucobol,COBOL-85,fixed,education-tutorial,demo,student-exercise,high,Compiled with GnuCOBOL (cobc) as indicated by 'Tectonics: cobc' comment,Student exercise demonstrating inline and out-of-line PERFORM statements
f1cacc6e7f7503eb1c2a233b782c94a4a233eab7,/Program1.cbl,.cbl,12389,True,288,39,10,239,0.04,fixed,4,False,False,0,0,11,0,0,92,BASEBALL-4,true,gnucobol,COBOL-85,fixed,education-tutorial,batch,student-exercise,high,Standard COBOL-85 compatible; likely compiled with GnuCOBOL or similar academic environment. Uses LINE SEQUENTIAL files and ACCEPT FROM DATE typical of GnuCOBOL/open-source COBOL.,Student programming exercise involving baseball player statistics reporting
fa24dae4c273c8c0d1986061ec5bafc6725d1789,/setvoice.cbl,.cbl,20672,False,0,0,0,0,0.0,unknown,0,False,False,0,0,0,0,0,0,,,,,,,,,,,
943bfecd4a220819cf33143420bb1f355e421d83,/two_dim.cbl,.cbl,85,True,3,0,0,3,0.0,fixed,1,False,False,0,0,0,0,0,0,TWO-DIM,,,,,,,,,,
b8f32f1dd65d672f0c078ecef3b2c0946bbe88ff,/hello.cbl,.cbl,1078,True,21,0,12,9,0.571,fixed,1,False,False,0,0,0,0,0,0,MYPROG,,,,,,,,,,
b38a6b4c85cf0151a9af588b40aef519fa84ce50,/editor.cbl,.cbl,351,True,7,0,0,7,0.0,unknown,0,False,False,0,2,0,0,0,0,,,,,,,,,,,
13b986b2d25f0cada9b95673dc8a90d76cc5274b,/SAMPLE.CBL,.CBL,155,True,6,0,3,3,0.5,fixed,0,False,False,0,0,0,0,0,3,,,,,,,,,,,
21a42fd617fd1c9504cac768ecfccccc26288b0c,/TRANSACTIONS-IVA.cbl,.cbl,1431,True,41,7,6,28,0.176,fixed,3,False,False,0,0,2,0,0,5,TRANSACTIONS-IVA,true,gnucobol,COBOL-85,fixed,education-tutorial,demo,student-exercise,high,GnuCOBOL (cobc) as indicated by 'Tectonics: cobc' comment; uses EVALUATE TRUE and 88-level condition names consistent with COBOL-85,Learning exercise applying IVA (VAT/sales tax) to a transaction amount
831e8baf02689357fbd898e403048fdacff42d2a,/PROGCOB04.cbl,.cbl,954,True,33,8,7,18,0.28,fixed,4,False,False,0,0,0,0,0,3,PROGCOB04,true,gnucobol,COBOL-85,fixed,education-tutorial,demo,student-exercise,high,"GnuCOBOL (cobc) student exercise; uses DECIMAL-POINT IS COMMA and Brazilian Portuguese variable names (NOME, SALARIO)",Brazilian Portuguese COBOL tutorial/exercise demonstrating numeric editing with DECIMAL-POINT IS COMMA
341ce9be81d6c6f5bf05c249dc444befc67123db,/branch-sale.cbl,.cbl,3380,True,84,3,0,81,0.0,fixed,4,False,False,0,0,5,0,0,18,BRANCH-SALES,true,unknown,COBOL-85,fixed,retail-commerce,batch,student-exercise,high,Standard COBOL-85 features used; no vendor-specific extensions. Likely compiled with GnuCOBOL or similar open-source compiler given the educational context and LINE SEQUENTIAL organization.,Candy shop (YoreCandyShoppe) branch sales reporting by US state
67d36993cd745c04623e949e0089b336fbab0571,/return.cbl,.cbl,270,True,10,0,0,10,0.0,unknown,3,False,False,0,0,0,0,0,1,HELLO,true,unknown,unknown,free,demo-example,demo,toy-or-hello-world,low,Minimal snippet using RETURN statement with INDEX-KEY syntax; no vendor-specific directives visible,Appears to be a minimal demo or exercise illustrating RETURN with indexed table syntax
2bb6da5e90f13aad1cdc774c976778200fb51879,/PBSUB.cbl,.cbl,7836,True,208,10,6,192,0.03,fixed,4,False,False,0,0,18,0,4,20,PBSUB,true,gnucobol,COBOL-85,fixed,education-tutorial,subprogram,student-exercise,high,"Standard COBOL-85 subprogram with INDEXED file I/O; Turkish-language messages suggest a student or academic project, possibly compiled with GnuCOBOL","Student exercise implementing a generic CRUD subprogram for an indexed file, likely a banking or personal records context (name, surname, balance, date fields)"
b25e267586bcd31950d0380552447cdb32205a33,/one_dim_init.cbl,.cbl,1114,True,40,5,0,35,0.0,fixed,3,False,False,0,0,3,0,0,7,ONE-DIM-INIT,true,unknown,COBOL-85,fixed,education-tutorial,demo,student-exercise,high,"Simple educational program, no vendor-specific extensions; COBOL-85 features used (END-PERFORM, OCCURS with subscript)",Demonstrates one-dimensional table initialization using REDEFINES and OCCURS in COBOL
cf601f2aa307306da1b3a43a41db6d86c8a6b98b,/control-break3.cbl,.cbl,3652,True,115,14,0,101,0.0,fixed,4,False,False,0,0,6,0,0,33,CB3,true,unknown,COBOL-85,fixed,education-tutorial,batch,student-exercise,high,"Standard COBOL-85 with LINE SEQUENTIAL, GOBACK, and 88-level condition name; no vendor-specific extensions visible","Control-break report generation exercise with three-level grouping (COL-A, COL-B, COL-C)"
d1dbf18fcd2215457702833b97faf2ff0521f795,/22Day1.cbl,.cbl,1447,True,47,6,0,41,0.0,fixed,4,False,False,0,0,4,0,0,6,2021DAYONE,true,unknown,COBOL-85,fixed,education-tutorial,batch,student-exercise,high,Standard COBOL-85 features used; no vendor-specific extensions visible. Likely compiled with GnuCOBOL or similar open-source compiler given the hobbyist/puzzle context.,Advent of Code 2021 Day 1 puzzle solution - counting sonar depth increases
47c374beded91f170e2f8311c991cdbfa57d9522,/DRAKEA.cbl,.cbl,14269,True,390,85,40,265,0.131,fixed,0,False,False,0,0,15,0,0,100,PROGRAM-2,true,unknown,COBOL-85,fixed,retail-commerce,batch,student-exercise,high,"Likely compiled with a PC-based COBOL compiler (e.g., Micro Focus or similar) given IBM-PC SOURCE/OBJECT-COMPUTER entries and ASSIGN TO PRINTER syntax. ACCEPT FROM DATE YYYYMMDD is COBOL-85 extension.","Employee salary reporting for Drakea, LTD, a company with warehouses in Alabama, Georgia, and Mississippi"
79ffa0a7a86d064590c5ddcd82965cc50391a831,/Program1.cbl,.cbl,3071,True,77,14,9,54,0.143,fixed,2,False,False,0,3,4,0,0,9,Program1,true,micro-focus,COBOL-85,fixed,education-tutorial,demo,student-exercise,medium,"Likely Micro Focus Visual COBOL or similar Windows-oriented COBOL IDE (program-id uses AS clause with dotnet-style namespace, ALLOCATE verb with LOC clause, pointer usage); could also be GnuCOBOL with extensions","Implements a singly linked list data structure as a learning exercise, referencing 'Essential Algorithms' by Rod Stephens"
ed245b6171fa6651a852dc70eb522969d9868811,/BonusReport.cbl,.cbl,8083,True,184,5,13,166,0.073,fixed,4,False,False,0,0,11,0,0,53,BONUS-REPORT,true,gnucobol,COBOL-85,fixed,payroll-hr,batch,student-exercise,high,Standard COBOL-85 style; LINE SEQUENTIAL organization and ACCEPT/DISPLAY usage consistent with GnuCOBOL or similar open-source/PC COBOL compiler. No IBM-specific extensions detected.,"Payroll bonus report generation: reads a payroll master file, calculates 10% bonus for employees hired before 1994, and writes a formatted report grouped by territory and office."
081ff0414f25bb3f09e8173a569c8323a11505f6,/cobxref.cbl,.cbl,129976,True,3087,1,669,2417,0.217,fixed,4,False,False,0,4,144,187,0,793,115200|cobxref|name,true,gnucobol,COBOL-85,fixed,utility-tooling,batch,production-like,high,"GnuCOBOL (OpenCOBOL) cross-referencer utility, cobxref v0.95.41, authored by Vincent Bryan Coen. Uses Binary-Long, 78-level constants, *> comments, and string concatenation with & operator — all GnuCOBOL/OpenCOBOL extensions. Source-computer/object-computer set to 'linux'.","COBOL source cross-referencer tool — reads COBOL source files and produces a cross-reference listing of data names, procedure names, and their definition/reference locations"
ce61bee5fbacc0b5bf0fc58b86b3f18b51bfd274,/epsmlist.cbl,.cbl,7915,True,225,28,19,178,0.096,fixed,4,False,True,7,0,7,0,0,29,EPSMLIST,true,ibm-mainframe,COBOL-85,fixed,banking-finance,online-cics,production-like,high,"IBM CICS/COBOL demo program (EPSDEMOS 2008), targeting IBM Flex-ES; uses EXEC CICS commands, DFHCOMMAREA, DFHAID, DFHRESP, BMS maps",Mortgage listing application; reads a mortgage company file (EPSMORTF) and displays companies whose loan limits and interest rates match user-supplied criteria
854a09eaebe98ed4e7ec31876799858ab213e5b5,/products.cbl,.cbl,539,True,13,0,0,13,0.0,fixed,2,False,False,0,0,0,0,0,0,DEMO,true,unknown,COBOL-85,fixed,demo-example,demo,toy-or-hello-world,high,Minimal COBOL program displaying a JSON array of products; no vendor-specific extensions visible,Demonstration program that outputs a JSON array of product objects to stdout
f8c7889b866a03eb8fcc63a15d678609d5fe568f,/control-break3.cbl,.cbl,3985,True,103,2,0,101,0.0,fixed,3,False,False,0,0,6,0,0,33,CB3,true,unknown,COBOL-85,fixed,education-tutorial,batch,student-exercise,high,"Standard COBOL-85 with no vendor-specific extensions; uses GOBACK, 88-level condition, END-READ, LINE SEQUENTIAL","Control-break report generation exercise with three-level grouping (COL-A, COL-B, COL-C)"
4961b321b2856925f9256c8f235cb614acdaf19f,/LOADACCT.cbl,.cbl,5788,True,179,36,27,116,0.189,fixed,4,False,False,0,2,1,0,1,36,LOADACCT,true,ibm-mainframe,COBOL-85,fixed,banking-finance,batch,production-like,high,"IBM IMS/DL-I batch program using CBLTDLI interface and DLITCBL entry point; CBL compiler options directive at top (LIST,MAP,XREF,FLAG(I)) typical of IBM Enterprise COBOL","Loads account records from a flat CSV file into an IMS database; account segment contains ACCID, ACCTYPE, BALANCE, LASTTXID fields suggesting a banking account ledger"
d013b0a75877255781a6941bde4be098f3cecd65,/faa3.cbl,.cbl,69380,True,847,0,0,847,0.0,fixed,0,False,False,0,0,30,36,0,236,BB01A,true,other-vendor,COBOL-74,fixed,government-public,batch,production-like,high,"DECsystem-10 / PDP-10 COBOL (COBOL-10), compiled 4-JUN-73. Uses RECORDING MODE IS ASCII, VALUE OF IDENTIFICATION, REMARKS paragraph, and 77-level COMPUTATIONAL items without COMP-3 — all characteristic of DEC COBOL-10. Program listing format with line numbers and page headers embedded in the source.",FAA (Federal Aviation Administration) Western Region — SIP-6 card input validation and batch listing program for facility/equipment inventory transactions
7daf50655504990979b813b675f071baa074cfda,/RANDOM01.cbl,.cbl,1918,True,54,0,21,33,0.389,fixed,4,False,False,0,0,0,0,0,9,RANDOM01,true,gnucobol,COBOL-85,fixed,utility-tooling,subprogram,student-exercise,high,"GnuCOBOL (cobc) subprogram for random number generation, authored 2016",Random number generation utility subprogram
5987d4857835ca519decdb8bc34b2889a2d58397,/cobol_test.cbl,.cbl,142,True,6,1,0,5,0.0,fixed,2,False,False,0,0,0,0,0,0,HELLOWRD,true,unknown,COBOL-85,fixed,demo-example,demo,toy-or-hello-world,high,"Minimal hello-world program; no vendor-specific extensions visible. STOP RUN in lowercase suggests possible GnuCOBOL or similar permissive compiler, but insufficient evidence to confirm.",Classic hello-world demonstration program
2b6108b2e201d88f07d8544af0060b27651156f0,/one_dim_init.cbl,.cbl,1132,True,38,3,0,35,0.0,fixed,3,False,False,0,0,3,0,0,7,ONE-DIM-TABLE-INIT,true,unknown,COBOL-85,fixed,education-tutorial,demo,student-exercise,high,Generic COBOL-85; no vendor-specific extensions visible. Likely a student or tutorial example.,Demonstrates one-dimensional table initialization using REDEFINES and OCCURS in COBOL
f66560f7bcf20ad13a59267b68c2d26d9b2116f5,/LGACDB01.cbl,.cbl,14798,True,350,38,94,218,0.301,fixed,4,True,True,1,1,5,0,0,46,LGACDB01,true,ibm-mainframe,COBOL-85,fixed,insurance,online-cics,production-like,high,"IBM CICS/DB2 application, part of IBM's LGXX sample insurance application (CB12 product code, copyright IBM Corp. 2011-2013). Uses EXEC CICS and EXEC SQL with DB2 host variables, SQLCA, DFHCOMMAREA, EIB fields.","IBM LGTESTAPP insurance sample application - adds a new customer record to a DB2 CUSTOMER table, obtaining a customer number via CICS named counter (GENA pool) or DB2 IDENTITY_VAL_LOCAL()"
0fa18f787117b94ea73deec3a06b748be7d9fc1a,/comprogex2.cbl,.cbl,3164,True,94,2,0,92,0.0,fixed,4,False,False,0,0,2,0,0,37,COMPROGEX2,true,gnucobol,COBOL-85,free,payroll-hr,batch,student-exercise,high,"Uses GnuCOBOL/OpenCOBOL-style >>SOURCE FORMAT FREE compiler directive; Philippine payroll context (SSS, HDMF, PhilHealth)","Philippine payroll report generation with SSS, HDMF, and PhilHealth deductions typical of Philippine employment law"
b6a22acc4bc9322bf4d8be5912e7ad48faea95a1,/SEARCH_SORT.CBL,.CBL,3340,True,109,11,0,98,0.0,fixed,4,False,False,0,0,11,0,0,10,SEARCH_SORT,true,gnucobol,COBOL-85,fixed,education-tutorial,demo,student-exercise,high,Standard COBOL-85 with GOBACK and LINE SEQUENTIAL; likely compiled with GnuCOBOL or similar open-source compiler,Student exercise demonstrating array loading from a file and sequential SEARCH on an indexed table
bc259225879cb560bd8381314afc62e5ea5d6a79,/EX02.CBL,.CBL,2387,True,80,11,3,66,0.043,fixed,4,False,False,0,0,7,0,0,9,EX02,true,other-vendor,COBOL-85,fixed,education-tutorial,batch,student-exercise,high,"Likely compiled with a PC-based COBOL compiler (e.g., Micro Focus or similar) targeting IBM-PC; Portuguese-language comments and FATEC-SP (São Paulo technical college) context; uses VALUE OF FILE-ID clause typical of older PC COBOL dialects","Student exercise from FATEC-SP (Faculdade de Tecnologia de São Paulo), written in 2004 by Hiromasa Nagata"
e53505239fae94874644e2d73f7b884d3abac3f2,/Desafio.cbl,.cbl,19161,True,535,86,53,396,0.118,fixed,4,True,False,0,0,24,0,0,54,relatorio,true,micro-focus,COBOL-85,fixed,healthcare-medical,batch,student-exercise,high,"Micro-Focus compatible COBOL with $SET SQL(dbman=ODBC) compiler directive, SCREEN SECTION, and ODBC-based embedded SQL (SQLite via ODBC). Likely compiled with Micro Focus Visual COBOL or COBOL Server.","Maternity/obstetrics system tracking babies (bebe), mothers (mae), and births (parto) — likely a student exercise for a hospital or clinic records system"
4d2204e40c7b81d6e3733e03c687a911a7091df3,/CADDDB2.cbl,.cbl,22696,True,503,20,90,393,0.186,fixed,4,True,True,0,0,2,9,0,156,CADDDB2,true,ibm-mainframe,COBOL-85,fixed,other,online-cics,production-like,high,OS/VS COBOL compiler noted in comments; uses EXEC CICS and EXEC SQL (DB2) embedded commands; DFHBMSCA and DFHAID inline (not copied); CICS transaction AXDB; map BADDB2; typical IBM mainframe CICS/DB2 online program structure,"Personnel/person record management system; CICS online add-record screen for a PERSONFL DB2 table containing person number, name, address, salary"
44d242c40a1841cf5c93a00a1695fd0ac3cc3bf9,/Usage-comp2.cbl,.cbl,677,True,20,0,0,20,0.0,fixed,3,False,False,0,0,0,0,0,1,USAGE-COMP2,true,unknown,COBOL-85,fixed,education-tutorial,demo,toy-or-hello-world,high,Simple demonstration of USAGE COMP-2 (floating-point) data items; no vendor-specific extensions visible. COMP-2 and LENGTH OF are COBOL-85 features.,Demonstrates COMP-2 (double-precision floating-point) USAGE clause and LENGTH OF operator
c89ad944e7f6d71c11971f082950a4c2469dde4e,/data_02.cbl,.cbl,286,True,13,0,0,13,0.0,fixed,0,False,False,0,0,0,0,0,0,,,,,,,,,,,
c0631126c62b81bab28798205f17fed7478ba675,/waro.cbl,.cbl,5508,True,155,15,13,127,0.093,fixed,3,False,False,0,12,6,0,0,29,WARO,true,gnucobol,COBOL-85,fixed,demo-example,demo,toy-or-hello-world,high,"Likely GnuCOBOL based on use of 78-level constants, *> inline comments, and free-standing CALLs to external routines like 'knuth-shuffle'. No IBM-specific extensions present.","Card game simulation (WARO) with three players (Bach, Chopin, Mozart) bidding on prize cards"
dac4010795c6c2053e9c4c09b3a8eaa1f5ae9054,/Program2.cbl,.cbl,6361,True,159,26,57,76,0.429,fixed,4,False,False,0,0,5,0,0,18,PROGRAM2,true,unknown,COBOL-85,fixed,education-tutorial,batch,student-exercise,high,"Standard COBOL-85 with FUNCTION CURRENT-DATE (intrinsic function introduced in COBOL-85 addendum); file path syntax suggests PC/Windows environment, possibly GnuCOBOL or Micro Focus on Windows",Student exercise processing a stock market input file to compute price-to-earnings (P/E) ratios
5932d1f97f0d2d13bd3195d6d10ba0d91adfd1a7,/PRGNV88.cbl,.cbl,2712,True,86,14,6,66,0.083,fixed,3,False,False,0,0,0,0,0,6,PRGNV88,true,gnucobol,COBOL-85,fixed,education-tutorial,demo,student-exercise,high,Student exercise likely compiled with GnuCOBOL; Portuguese-language comments and variable names suggest Brazilian educational context,Brazilian Portuguese COBOL tutorial demonstrating level-88 condition names for data validation
f1fcbc509b280ed0b5c766e77e7de12e794c0fc1,/shop_receipts.cbl,.cbl,2103,True,62,6,2,54,0.036,fixed,4,False,False,0,0,5,0,0,11,SHOP-RECEIPT,true,gnucobol,COBOL-85,fixed,retail-commerce,batch,student-exercise,high,Standard COBOL-85 with GOBACK and END-READ; likely compiled with GnuCOBOL or similar open-source compiler given the file naming and LINE SEQUENTIAL usage,"Shop sales receipt processing - reads a sequential file of shop header and sale records, accumulates totals per shop"
b716607e90e03fe3a616fe6af3a56c697337d8f9,/test12.cbl,.cbl,12,True,1,0,0,1,0.0,free,0,False,False,0,0,0,0,0,0,,,,,,,,,,,
7ae1cbb9217772d79c4b0ff48cee0a7d364d75f5,/CollatzTests.cbl,.cbl,1665,True,48,1,0,47,0.0,fixed,4,False,False,0,1,1,0,0,18,CollatzTests,true,gnucobol,COBOL-85,fixed,test-suite,test,student-exercise,medium,"Likely GnuCOBOL or similar open-source COBOL; uses LENGTH OF, REDEFINES with OCCURS, and dynamic CALL by data-name which are COBOL-85 features. No IBM-specific extensions detected.",Unit test harness for a Collatz sequence COBOL program
7697462726320dd5c4f481c8b48087aa55ab337e,/CB012PCW.cbl,.cbl,4725,True,137,27,4,106,0.036,fixed,4,False,False,3,3,5,0,2,16,CB012PCW,true,other-vendor,COBOL-85,fixed,accounting-erp,batch,production-like,high,"COBOLware (Brazilian vendor, COBOLware Services Ltda.) with proprietary EXEC COBOLware BoxSelect extension for interactive screen menus; targets a PC/workstation environment",Cost center listing (Centros de Custos) - part of a Brazilian accounting/ERP system
0df134c5f22157647d04b91ccd2e71f056b0b332,/COBOL.cbl,.cbl,759,True,16,4,7,5,0.583,fixed,2,False,False,0,0,0,0,0,0,Hello-World|as,true,unknown,COBOL-85,fixed,demo-example,demo,toy-or-hello-world,high,Minimal Hello World program; no vendor-specific extensions. Standard COBOL-85 syntax used.,Classic Hello World demonstration program
f7ed702c4b430a73a1f526d4dcb7e066cf2a2060,/lldemo1.cbl,.cbl,7603,True,228,39,49,140,0.259,fixed,4,False,False,0,0,20,0,0,3,lldemo1,true,gnucobol,COBOL-85,fixed,demo-example,demo,student-exercise,high,Explicitly mentions GnuCOBOL (formerly OpenCOBOL 1.1) in comments; uses BASED keyword for dynamic allocation which is a GnuCOBOL feature. Also notes IBM Enterprise COBOL compatibility difference (no BASED keyword).,Demonstration of doubly-linked list data structure implementation in COBOL
003b01ea4129b26c60c95f72d6e9e0f15772ce09,/edit1.cbl,.cbl,1374,True,45,9,0,36,0.0,fixed,3,False,False,0,0,0,0,0,10,EDIT1,true,unknown,COBOL-85,fixed,education-tutorial,demo,student-exercise,high,Simple educational program demonstrating numeric editing pictures; no vendor-specific extensions visible,"Demonstrates various COBOL numeric editing PIC clauses (zero suppression, floating currency, asterisk fill, sign, slash, B insertion)"
8daad5fdc93fb65678d71d4750eb3ae280290046,/usage1.cbl,.cbl,440,True,17,3,0,14,0.0,fixed,3,False,False,0,0,0,0,0,3,USAGE1,true,unknown,COBOL-85,fixed,education-tutorial,demo,toy-or-hello-world,high,Simple educational program demonstrating USAGE IS DISPLAY clause; no vendor-specific extensions visible,Demonstrates the USAGE IS DISPLAY clause with simple arithmetic
ee3910ae3f0d38aefafbd16cfb71593c3d894455,/hello.cbl,.cbl,147,True,5,0,0,5,0.0,fixed,2,False,False,0,0,0,0,0,0,MAIN,true,unknown,COBOL-85,fixed,demo-example,demo,toy-or-hello-world,high,Minimal hello-world program; no vendor-specific extensions visible. COBOL-85 assumed as baseline.,Classic hello-world demonstration program
5c60ec6b239bb2a140418146e3f627094af3bc0f,/MONTHINC.CBL,.CBL,4472,True,133,17,4,112,0.034,fixed,4,False,False,0,0,14,0,0,19,MONTHINC,true,gnucobol,COBOL-85,fixed,accounting-erp,batch,student-exercise,high,"Likely GnuCOBOL or similar open-source COBOL; uses ORGANIZATION IS LINE SEQUENTIAL (common in GnuCOBOL/open-source), GOBACK, EXIT PERFORM, and INDEXED BY table syntax consistent with COBOL-85","Monthly income aggregation by province/region; reads province master data and monthly income records, accumulates totals per province"
8cb40aac6968ff39a028b736b33727b1b15d89db,/usage-pack-decimal.cbl,.cbl,519,True,20,3,0,17,0.0,fixed,3,False,False,0,0,0,0,0,2,USAGE-PACK-DECIMAL,true,gnucobol,COBOL-85,fixed,education-tutorial,demo,toy-or-hello-world,high,Simple demo using USAGE PACKED-DECIMAL clause; likely GnuCOBOL given free use of PACKED-DECIMAL keyword and AUTHOR paragraph,Demonstrates the difference in storage length between USAGE DISPLAY and USAGE PACKED-DECIMAL numeric fields
fbd202d141c91fc7615927e8745990d25ba40591,/esdumpsplitter.cbl,.cbl,9096,True,262,46,4,212,0.019,fixed,4,False,False,0,2,25,0,0,29,ESDumpSplitter,true,micro-focus,COBOL-85,fixed,utility-tooling,batch,production-like,high,"Micro Focus GnuCOBOL-compatible; uses $set sourceformat""variable"", COMP-X, COMP-5, BINARY-LONG, CBL_RENAME_FILE runtime library call, and 78-level constants — all characteristic of Micro Focus COBOL",Enterprise Server (ES) dump file processing utility — splits a multi-dump text file into individual dump files and generates a control block memory map
c816ac47f3816aa86a1de25f304d60b0d2aa2d95,/main.cbl,.cbl,25450,True,986,115,13,858,0.015,fixed,4,False,False,0,0,88,0,0,49,ProjetGesTrib,true,gnucobol,COBOL-85,fixed,government-public,batch,student-exercise,high,"GnuCOBOL student project; uses FUNCTION INTEGER-OF-DATE, ACCEPT FROM DATE YYYYMMDD, EVALUATE, PERFORM WITH TEST AFTER — all standard COBOL-85/2002 features typical of GnuCOBOL academic use","Tribunal jury management system (ProjetGesTrib) — manages jurors, convocations, court sessions, cases, and courtrooms for a French tribunal"
fb705e7424341c87596f2c00620da6404cba4413,/cadastro-maes.cbl,.cbl,27773,True,633,134,42,457,0.084,fixed,4,True,False,0,0,22,0,0,56,cadastro-maes,true,gnucobol,COBOL-85,free,healthcare-medical,batch,student-exercise,high,"GnuCOBOL with Micro Focus-style compiler directives ($SET SQL, $set sourceformat""free"") targeting ODBC via embedded SQL; free-format source; Portuguese-language identifiers suggest Brazilian student/academic project","Mother-baby registration system (cadastro de mães/bebês) — likely a Brazilian academic or small-clinic project managing mother records with CPF, birth date, address code"
1ed4c1a69781b320df7d31e15a75c938cb6e47a4,/pw03232c.cbl,.cbl,65080,True,1283,83,51,1149,0.043,fixed,4,False,False,46,9,104,0,0,35,PW03232C,true,micro-focus,COBOL-85,free,manufacturing-logistics,online-cics,production-like,high,"Micro Focus COBOL with htmlpp preprocessor, free-format source, external-form CGI extensions, and $set compiler directives. Likely part of a Brazilian ERP/WMS system (Portuguese language identifiers, decimal-point is comma).","Brazilian warehouse/logistics system handling rental contract collection closure (Fechamento da Recolha), comodato (loan/consignment) items, controlled materials, and rental contracts with traceability."
33dcf383e38799a3e456b2d34bee01ff1d8e5879,/desafio01.cbl,.cbl,1951,True,83,38,3,42,0.067,fixed,4,False,False,0,0,2,0,0,6,Desafio01,true,gnucobol,COBOL-85,fixed,education-tutorial,demo,student-exercise,high,"Likely GnuCOBOL student exercise; uses SCREEN SECTION stub, DECIMAL-POINT IS COMMA, and Portuguese-language identifiers typical of Brazilian COBOL education",Brazilian COBOL student challenge (desafio = challenge in Portuguese); calculates pizza area and price per cm²
2ca9a7376a4f87339001fb99ddfed75800fb9de1,/SAM1.cbl,.cbl,20211,True,482,40,52,390,0.118,fixed,4,False,False,4,1,31,0,15,87,SAM1,true,ibm-mainframe,COBOL-85,fixed,retail-commerce,batch,production-like,high,"IBM mainframe COBOL; uses RECORDING MODE IS V/F, BLOCK CONTAINS 0 RECORDS, COMP-3, RETURN-CODE special register, GOBACK, ACCEPT FROM DATE/TIME, and COPY with REPLACING - all characteristic of IBM Enterprise COBOL on z/OS","Customer file maintenance - reads sequential transaction file and applies updates (ADD, UPDATE, DELETE) to a sorted sequential customer file with account balance and monthly order data"
261b16c906a23b5632bfef01144fb69b3dfc8b60,/hello.cbl,.cbl,534,True,15,2,0,13,0.0,fixed,0,False,False,0,1,2,0,0,0,HELLO,true,unknown,COBOL-85,fixed,demo-example,demo,toy-or-hello-world,high,Simple hello-world style program with no vendor-specific extensions; COBOL-85 assumed from structure,Minimal demonstration or tutorial program displaying credits and calling an external HELP subprogram
cc708dfdfcec267854c6b3f22cfd082b753526a7,/writeUsersFile.cbl,.cbl,1383,True,57,10,0,47,0.0,fixed,4,False,False,0,0,0,0,0,11,SeqWrite,true,unknown,COBOL-85,fixed,education-tutorial,demo,student-exercise,high,Standard COBOL-85 with indexed file I/O; no vendor-specific extensions visible. Likely compiled with GnuCOBOL or similar for educational use.,Student record management exercise demonstrating indexed sequential file I/O
859ccceb576e1d537b1482c8caa787e705916cec,/part1.cbl,.cbl,1211,True,39,3,0,36,0.0,fixed,0,False,False,0,0,2,0,0,7,advent-of-code-day-1,true,gnucobol,COBOL-85,fixed,demo-example,batch,student-exercise,high,"Likely compiled with GnuCOBOL; uses ORGANIZATION IS LINE SEQUENTIAL and ACCEPT FROM COMMAND-LINE, common in GnuCOBOL Advent of Code solutions","Advent of Code puzzle solution - Day 1, counting increases in a sequence of numbers read from a file"
7b4842284437ee6924ede4f78f6586952081bcb9,/hello_world.cbl,.cbl,402,True,20,7,0,13,0.0,fixed,3,False,False,0,0,0,0,0,1,SAMPLE,true,unknown,COBOL-85,fixed,demo-example,demo,toy-or-hello-world,high,Simple hello-world program; PROGRAM-ID with AS clause and END PROGRAM suggest COBOL-85 or later. No vendor-specific extensions visible.,Basic introductory hello-world demonstration
45711e1350cf14d5d75e41e2b1b4daa799cc4645,/HELLOWORLD.cbl,.cbl,620,True,24,9,6,9,0.4,fixed,3,False,False,0,0,0,0,0,0,HELLOWORLD,true,gnucobol,COBOL-85,fixed,education-tutorial,demo,toy-or-hello-world,high,"Simple Hello World example; uses *> inline comment style (COBOL-2002+) and END PROGRAM, consistent with GnuCOBOL or any modern compiler. Comment mentions 'linguagem C' as a comparison language, suggesting educational context.",Portuguese-language tutorial comparing COBOL syntax/semantics to C language
fae03b595f119cec44828afef0284cd0ed959419,/epsmlist.cbl,.cbl,7932,True,224,28,18,178,0.092,fixed,4,False,True,7,0,7,0,0,29,EPSMLIST,true,ibm-mainframe,COBOL-85,fixed,banking-finance,online-cics,production-like,high,"IBM CICS online program, likely targeting IBM FLEX-ES (mainframe emulator). Part of the EPSDEMOS 2008 IBM sample/demo suite by Jim Hildner.",Mortgage company listing application; reads a mortgage file (EPSMORTF) and displays matching mortgage companies based on loan amount and interest rate criteria.
cea5d4fdb45603db27340c7f411580528b87a5fc,/PALINDROME.cbl,.cbl,1684,True,67,17,6,44,0.12,fixed,3,False,False,0,0,3,1,0,4,PALINDROME,true,gnucobol,COBOL-85,fixed,education-tutorial,demo,student-exercise,high,Compiled with GnuCOBOL (cobc) as indicated by 'Tectonics: cobc' comment. Uses FUNCTION REVERSE and END-IF/END PROGRAM which are COBOL-85 features.,Simple palindrome checker as a programming exercise
7762b049dd8ef8c3cd54d7db57640f818b7e4b92,/KWI_NSM2.CBL,.CBL,4151,True,110,18,39,53,0.424,fixed,0,False,False,0,5,0,0,0,7,,,,,,,,,,,
4307d036510259f0f41f04ef50c6c925787454fc,/solution.cbl,.cbl,1361,True,56,12,0,44,0.0,unknown,4,False,False,0,0,0,0,0,9,SOLUTION,true,gnucobol,COBOL-85,free,education-tutorial,demo,student-exercise,high,Likely GnuCOBOL or similar open-source compiler; uses ASSIGN TO KEYBOARD and LINE SEQUENTIAL which are common in GnuCOBOL environments,Simple meal cost calculator computing tip and tax from user input
ead166dc8a8bcaeafcc282c8f863c68b4ea4287e,/mod.cbl,.cbl,391,True,18,2,0,16,0.0,unknown,3,False,False,0,0,0,0,0,4,MOD,true,unknown,COBOL-85,free,education-tutorial,demo,toy-or-hello-world,high,Simple modulo demonstration program; no vendor-specific extensions visible,Basic arithmetic demonstration computing modulo of two user-supplied numbers
44b7abe592d5ffb70bbe1593c05769a88a27806a,/exmedecinpatient.cbl,.cbl,14733,True,425,38,0,387,0.0,fixed,4,False,False,0,0,14,0,0,23,Program1,true,micro-focus,COBOL-85,fixed,healthcare-medical,batch,student-exercise,medium,"Likely Micro Focus Visual COBOL or similar Windows-oriented dialect; program-id uses AS clause with dotted namespace string 'exam2012.Program1', suggesting .NET or Visual COBOL targeting. No EXEC CICS/SQL, uses indexed file I/O with ISAM-style organization.","Inpatient medical records management system (exmedecinpatient = 'exam medecin inpatient' in French). Manages doctors (medecins), patients, consultations, and interventions with cost tracking."
6444551797d495a4a4da0f32b6f278eaee659024,/COBOLCypher.cbl,.cbl,576,True,23,2,0,21,0.0,fixed,3,False,False,0,0,0,0,0,3,HELLO-WORLD,true,unknown,COBOL-85,fixed,demo-example,demo,toy-or-hello-world,high,"Uses FUNCTION ORD (intrinsic function from COBOL-85), END PROGRAM marker, and BINARY usage clause; no vendor-specific extensions visible",Simple demonstration or student exercise exploring string manipulation and Caesar cipher concepts using COBOL intrinsic functions
e6bb151cebd368aab7b02c926a024c9666c65df0,/file.cbl,.cbl,40,True,2,0,0,2,0.0,free,0,False,False,0,0,0,0,0,0,,,,,,,,,,,
c428d969c6387c7b1d3a7b63329b9de926954f90,/Z95644.CBL(COBHW03).cbl,.cbl,4738,True,132,0,14,118,0.106,fixed,4,False,False,0,0,9,0,1,15,COBHW03,true,ibm-mainframe,COBOL-85,fixed,banking-finance,batch,student-exercise,medium,"IBM mainframe style with VSAM KSDS indexed file, RECORDING MODE F, COMP-3, RETURN-CODE special register, and FUNCTION NUMVAL usage consistent with IBM Enterprise COBOL","Account record lookup: reads an index file of account IDs and currency codes, performs random reads against a VSAM KSDS account master file, and writes matched records to a print output file"
e747aa3475862b049fc634f4efffbcfec978ceda,/RMNTODEC.cbl,.cbl,4337,True,153,42,5,106,0.045,fixed,3,False,False,0,0,6,0,0,6,RMNTODEC,true,gnucobol,COBOL-85,fixed,education-tutorial,demo,student-exercise,high,"Standard COBOL-85 style, likely compiled with GnuCOBOL; uses INITIALISE (British spelling common in GnuCOBOL/Micro Focus), EVALUATE, PERFORM TIMES, and string reference modification",Student exercise converting Roman numeral strings to decimal integers
547c374f863c734bdcdc98977857c111dbd419dc,/helloworld.cbl,.cbl,324,True,16,4,0,12,0.0,fixed,3,False,False,0,0,0,0,0,1,helloworld,true,unknown,COBOL-85,fixed,demo-example,demo,toy-or-hello-world,high,Minimal hello-world program; END-DISPLAY verb terminator is COBOL-85+. No vendor-specific extensions visible.,Classic hello-world demonstration program
e731f296b86f160bc80f0d36e82cbbe42568d61c,/Prog6.cbl,.cbl,3439,True,109,13,6,90,0.062,fixed,4,False,False,0,0,7,0,0,15,PROG6,true,unknown,COBOL-85,fixed,education-tutorial,demo,student-exercise,high,Standard COBOL-85 with no vendor-specific extensions; Spanish-language comments and variable names suggest a Spanish educational environment,Spanish DNI (national identity document) check-digit letter calculation exercise
bd9ff7855738fb587bbe9ff21248d43f13fd9735,/super_security_storage.CBL,.CBL,3507,True,178,24,0,154,0.0,unknown,3,False,False,0,1,6,1,0,12,Security-storage,true,gnucobol,COBOL-85,mixed,demo-example,demo,student-exercise,high,"Likely GnuCOBOL; uses GOBACK, 88-level condition names, REDEFINES, and CALL 'system' with shell command typical of GnuCOBOL on Linux",A toy security/login simulation program with a hidden VIP escalation backdoor
a0207337b28ee8008b940906fd932d6fd288680b,/Control3.break.cbl,.cbl,3928,True,111,8,0,103,0.0,fixed,4,False,False,0,0,6,0,0,33,CONTROL-BREAK3,true,gnucobol,COBOL-85,fixed,education-tutorial,batch,student-exercise,high,Standard COBOL-85 with LINE SEQUENTIAL and GOBACK; likely compiled with GnuCOBOL or similar open-source compiler given the file naming convention and author attribution,"Control-break report generation exercise demonstrating three-level control breaks on columns A, B, and C"
0a585ff2b179f3d2c12dc3f241c0453f5aefd500,/hello_world.cbl,.cbl,96,True,4,0,0,4,0.0,free,2,False,False,0,0,0,0,0,0,Hello-world,true,unknown,COBOL-85,free,demo-example,demo,toy-or-hello-world,high,"Minimal hello-world program; free-format layout, no vendor-specific extensions visible. Compatible with any modern COBOL compiler.",Classic hello-world demonstration program
53728508a59fed2138356b565d33274dadfc3eb5,/Gender.cbl,.cbl,1177,True,36,0,13,23,0.361,fixed,4,False,False,0,0,0,0,0,2,GENDER1,true,gnucobol,COBOL-85,fixed,education-tutorial,demo,toy-or-hello-world,high,"Simple training program, likely compiled with GnuCOBOL based on 'Tectonics: COBOL' comment common in GnuCOBOL tutorials",COBOL training exercise demonstrating ACCEPT/DISPLAY and IF/ELSE logic
ca9120ec96621811629ba871193d82278c2e0e90,/basics.cbl,.cbl,191,True,8,2,1,5,0.167,fixed,2,False,False,0,0,0,0,0,0,HELLOWRD,true,unknown,COBOL-85,fixed,demo-example,demo,toy-or-hello-world,high,Minimal hello-world program; no vendor-specific extensions visible. French comment suggests possible European/francophone environment.,"Basic hello-world demonstration program, likely a tutorial or first exercise"
a7c044c07cd8b642cc54d3c4ea997146d6d7adb4,/TP2.cbl,.cbl,10352,True,275,18,24,233,0.093,fixed,4,False,False,0,2,7,0,0,77,SUBPGR|TP2,true,gnucobol,COBOL-85,fixed,education-tutorial,subprogram,student-exercise,high,"GnuCOBOL/OpenCOBOL style with ORGANIZATION IS LINE SEQUENTIAL, VALUE OF FILE-ID, and DECIMAL-POINT IS COMMA; typical of Argentine university assignments compiled with GnuCOBOL","University algorithms course (Algoritmos 4) practical assignment TP2, likely Argentine university"
9c349203e6ab7a5f4f3610a83507ce60f2b7fc6b,/string.cbl,.cbl,13330,True,434,15,94,325,0.224,free,4,False,False,0,2,13,0,0,30,,true,gnucobol,COBOL-2014,free,utility-tooling,subprogram,production-like,high,"GnuCOBOL free-format user-defined functions library; uses >>SOURCE FORMAT FREE directive, FUNCTION-ID, binary-double/binary-long/binary-char unsigned types, PIC X ANY LENGTH, and BYTE-LENGTH intrinsic — all GnuCOBOL extensions","String utility library providing substring search, hex encoding/decoding, SHA3 hashing, URL encoding, and ECB CSV exchange rate parsing"
f5be9a710a374c6631c1fc29cff9fefdebc58a02,/Principal.cbl,.cbl,11953,True,359,67,0,292,0.0,fixed,4,False,False,2,4,29,0,0,42,TP2,true,gnucobol,COBOL-85,fixed,accounting-erp,batch,student-exercise,high,"GnuCOBOL or similar open-source COBOL compiler; student project from Argentina (2do cuatrimestre 2011, Grupo 5); uses LINE SEQUENTIAL, SORT with INPUT/OUTPUT PROCEDURE, INDEXED files, FUNCTION CURRENT-DATE","Client assignment/billing report generation with discount calculation; Argentine business context (CUIT tax ID, cuatrimestre academic term)"
51d200fbefc3030e57a357c9eb524b3649b7a9eb,/Control7.cbl,.cbl,2038,True,44,5,0,39,0.0,fixed,3,False,False,0,0,0,0,0,4,CONTROL3,true,unknown,COBOL-85,fixed,education-tutorial,demo,student-exercise,high,Simple interactive COBOL program using EVALUATE with multiple ALSO subjects; no vendor-specific extensions visible. Likely compiled with GnuCOBOL or similar for educational use.,"Discount calculation exercise based on quantity of books purchased, quarterly purchases, and club membership status"
5a8dd25928d804eb0561f9155590547fa96eab13,/geo3x3_encode.cbl,.cbl,2144,True,54,0,1,53,0.019,fixed,3,False,False,0,0,2,1,0,11,geo3x3_encode,true,gnucobol,COBOL-85,fixed,utility-tooling,subprogram,production-like,high,Likely GnuCOBOL subprogram implementing geo3x3 geohash-like encoding; uses FUNCTION INTEGER and BY REFERENCE linkage consistent with GnuCOBOL/standard COBOL-85,Geospatial encoding utility implementing geo3x3 tile/grid encoding algorithm
02917a79ab0d28dfda0dfd1b5433fdd923440196,/Pg4_FHood.cbl,.cbl,1886,True,60,15,10,35,0.222,fixed,3,False,False,0,0,0,0,0,0,Pg4_FHood,true,gnucobol,COBOL-85,fixed,education-tutorial,batch,student-exercise,medium,Likely GnuCOBOL or similar PC/academic COBOL; uses LINE SEQUENTIAL organization and ASSIGN TO printer clauses typical of GnuCOBOL/ACU-style environments,Student programming exercise involving multi-file sort/merge of warehouse inventory data
ed72148d6eaa3c49d70745f80a41f7f917a239f1,/PyramidOfAhraxis.cbl,.cbl,198,True,10,2,0,8,0.0,fixed,3,False,False,0,0,0,0,0,0,PYRAMIDOFAHRAXIS,true,gnucobol,COBOL-2002,free,demo-example,demo,toy-or-hello-world,high,Uses GnuCOBOL-style >>SOURCE FORMAT FREE compiler directive,Trivial hello-world style program with a fantasy-themed name
3cf20d57b0b8258463711cedd592007b0b5cdfe8,/tempCodeRunnerFile.cbl,.cbl,1,True,1,0,0,1,0.0,free,0,False,False,0,0,0,0,0,0,,,,,,,,,,,
86a8923ba29bf45e15c668bfb4cb72c6af753921,/day6.cbl,.cbl,5566,True,139,11,28,100,0.219,fixed,4,False,False,0,0,10,2,0,14,day6,true,gnucobol,COBOL-85,fixed,education-tutorial,batch,student-exercise,high,"Likely compiled with GnuCOBOL; uses ORGANIZATION IS LINE SEQUENTIAL, SEARCH verb, OCCURS table, and structured END-READ/END-PERFORM/END-SEARCH terminators consistent with COBOL-85. No vendor-specific extensions detected.",Advent of Code 2019 Day 6 puzzle solution - orbital map checksum and minimum orbit transfers
6e511223083a7d5d8df77bb304d8c930b5ea8541,/arr.cbl,.cbl,3029,True,111,28,0,83,0.0,fixed,3,False,False,0,1,15,0,0,13,NAME|tests,true,gnucobol,COBOL-85,fixed,education-tutorial,test,student-exercise,medium,"Uses COBOL unit-testing framework syntax (TESTSUITE, TESTCASE, EXPECT) consistent with GnuCOBOL/open-source COBOL test frameworks; LOCAL-STORAGE SECTION and ODO (OCCURS DEPENDING ON) are COBOL-85+ features",Array processing exercise with a test harness; likely a kata or coding challenge
261a56923137b72801c5e95324d0a5e040067f2e,/write-emp1.cbl,.cbl,1732,True,57,8,3,46,0.061,fixed,4,False,False,0,0,0,0,0,7,WRITE-EMP1,true,unknown,COBOL-85,fixed,education-tutorial,batch,student-exercise,high,Standard COBOL-85 features; LINE SEQUENTIAL organization suggests GnuCOBOL or similar open-source/PC COBOL environment. Thai author names suggest academic context.,Student exercise writing employee records to a sequential file
462acc992890c9e2b18f4f5f47624dbef5822d28,/epsmpmt.cbl,.cbl,5908,True,156,6,34,116,0.227,fixed,4,False,False,1,0,4,0,0,30,EPSMPMT,true,ibm-mainframe,COBOL-85,fixed,demo-example,subprogram,production-like,high,"IBM Enterprise COBOL; CBL compiler options (NUMPROC(MIG),FLAG(I,W),RENT), FLEX-ES (Fundamental Software mainframe emulator), part of IBM COBOL demo/tutorial suite (EPSP* programs, copyright 2019 IBM)",IBM COBOL tutorial/demo suite - loan monthly payment calculation subprogram
3f65eb9dc5c336396d8885410e59f2d1d6dadb0e,/Pizzaria.cbl,.cbl,11609,True,324,75,8,241,0.032,fixed,2,False,False,0,0,13,0,0,22,Pizaria_Ramalho,true,gnucobol,COBOL-85,fixed,retail-commerce,demo,student-exercise,high,"GnuCOBOL (cobc) student project; comment header says 'Tectonics: cobc'; uses SCREEN SECTION with FOREGROUND-COLOR, HIGHLIGHT, ERASE EOL, ACCEPT OMITTED, FUNCTION CONCATENATE, FUNCTION UPPER-CASE, FUNCTION NUMVAL — all typical GnuCOBOL extensions",Pizza restaurant order management system (Pizzaria Ramalho) — a student/demo point-of-sale order entry program
ccfec89942b6c53089bfc2ecc75cc8d057fdacb1,/Lista7E4.cbl,.cbl,9890,True,289,64,36,189,0.16,fixed,4,False,False,0,0,9,0,0,15,Lista7E4,true,gnucobol,COBOL-85,fixed,education-tutorial,demo,student-exercise,high,"Student exercise likely compiled with GnuCOBOL on PC; uses SCREEN SECTION with foreground-color, decimal-point is comma (Brazilian Portuguese locale), and COBOL-85 structured constructs","Brazilian Portuguese student exercise (Lista 7, Exercise 4) dealing with historical temperature data"
065286fe7cbc5df2f1976b0013c2617ba2787803,/HelloWorld.cbl,.cbl,165,True,6,0,0,6,0.0,fixed,2,False,False,0,0,0,0,0,0,cobol,true,unknown,COBOL-85,fixed,demo-example,demo,toy-or-hello-world,high,Minimal hello-world program; END-DISPLAY terminator is COBOL-85+. No vendor-specific extensions visible.,Classic Hello World demonstration program
7e69c991eecedb57f8a621dc24fa43f2bb772fed,/LGTESTP3.cbl,.cbl,11641,True,311,43,27,241,0.101,fixed,4,False,True,2,0,0,17,0,1,LGTESTP3,true,ibm-mainframe,COBOL-85,fixed,insurance,online-cics,production-like,high,"IBM CICS online program, part of the IBM 'General Insurance Application' (LGSE/CB12) sample application shipped with CICS TS. Uses EXEC CICS commands, BMS maps, and COMMAREA-based pseudo-conversational design.",House (property) insurance policy management menu — part of IBM's General Insurance sample application for CICS
34c0c057ccc9d69297c747fb47ad25581e4dcd05,/HELLO.cbl,.cbl,203,True,8,1,0,7,0.0,fixed,4,False,False,0,0,0,0,0,0,HELLO,true,unknown,COBOL-85,fixed,demo-example,demo,toy-or-hello-world,high,Minimal hello-world program; no vendor-specific extensions visible,Simple test/demo program displaying a string
34111638254ec4e035ce9ce5393ac55d12f22eb8,/Redefines3.cbl,.cbl,880,True,26,1,0,25,0.0,fixed,3,False,False,0,0,0,0,0,5,REDEFINES3,true,unknown,COBOL-85,fixed,education-tutorial,demo,student-exercise,high,"Simple educational example, no vendor-specific extensions; AUTHOR paragraph suggests student work","Demonstrates REDEFINES clause with time unit conversions (nanoseconds, microseconds, milliseconds, seconds)"
474e807d44f61d01a356560e49e3a2034de95bdd,/code_sample_3.cbl,.cbl,5143,True,205,31,3,171,0.017,unknown,4,False,False,0,0,4,0,0,32,BookshopLectReqRpt,true,micro-focus,COBOL-85,free,retail-commerce,batch,student-exercise,high,"Micro Focus COBOL with free-format directive; originally VAX COBOL 1991, converted to Micro Focus COBOL 2002 per author comment. Uses Report Writer (RD/REPORT SECTION) and INDEXED file I/O.",Campus bookshop purchase requirements reporting system; matches books to publishers and lecturers for a given semester
80def913e444120fad841a8e41d068ff9d6adc3a,/cpyUtf8.cbl,.cbl,538,True,9,0,2,7,0.222,fixed,0,False,False,0,0,0,0,0,6,,,,,,,,,,,
16ef546c10c39b0166b8671d9eee96efe7dafd87,/CS370Program2.cbl,.cbl,9913,True,257,42,40,175,0.186,fixed,4,False,False,0,0,9,0,0,70,CS370PROGRAM1,true,unknown,COBOL-85,fixed,education-tutorial,batch,student-exercise,high,"Likely compiled with a PC-based COBOL compiler (e.g., Micro Focus or GnuCOBOL); SOURCE-COMPUTER/OBJECT-COMPUTER set to IBM-PC; ASSIGN TO PRINTER syntax and LINE SEQUENTIAL suggest Micro Focus or compatible PC COBOL","CS370 university course assignment on COBOL basics; generates a salary report for employees who have not received a raise in the last year at a fictional company 'Bennett Shoes' in Knoxville, TN"
ab3577467630196a858612641690194d740e9234,/LCM.cbl,.cbl,2126,True,78,12,0,66,0.0,fixed,4,False,False,0,0,6,0,0,20,LCM,true,unknown,COBOL-85,fixed,education-tutorial,demo,student-exercise,high,Standard COBOL-85 with inline PERFORM and END-IF/END-PERFORM scope terminators; no vendor-specific extensions visible,Academic exercise computing LCM of N numbers and solving a chicken-and-dog legs puzzle
2a7db1cc1f427e051f7490073a39b2cbb10c3433,/GameOfLifeTest.cbl,.cbl,1999,True,80,20,32,28,0.533,free,4,False,False,0,2,4,0,0,4,GameOfLifeTest,true,gnucobol,COBOL-85,free,test-suite,test,student-exercise,medium,"Free-format COBOL, likely GnuCOBOL; uses *> comments and free-format layout consistent with GnuCOBOL conventions",Unit test for Conway's Game of Life implementation
41d0fce03977e489f4d4986de3aeb41d5fbd24cf,/debugLines.cbl,.cbl,296,True,8,0,0,8,0.0,fixed,3,False,False,0,0,0,0,0,2,DPLARCHT,true,ibm-mainframe,COBOL-85,fixed,demo-example,demo,snippet,medium,Likely IBM mainframe COBOL; uses COMP (binary) and GOBACK; debug line indicator 'D' in column 7 is a COBOL-85 feature,Minimal snippet demonstrating COBOL debug lines (column 7 'D' indicator)
3ef3f02d74b35f67a5380dea89da0e00f72a82e7,/CONBRE2.CBL,.CBL,7701,True,216,6,14,196,0.067,fixed,4,False,False,0,0,14,0,0,25,CONBRE2,true,gnucobol,COBOL-85,fixed,education-tutorial,batch,student-exercise,high,"Likely compiled with GnuCOBOL or similar open-source COBOL; uses LINE SEQUENTIAL organization, GOBACK, and structured IF/END-IF consistent with COBOL-85. No mainframe-specific extensions detected.","Control break reporting exercise processing a two-level hierarchy (A-ID and B-ID) with counters, producing a formatted report"
93b3170100d429585069e178bd67464ee94cc8f5,/desafio1.cbl,.cbl,6909,True,223,57,17,149,0.102,fixed,4,False,False,0,0,17,0,0,24,desafio1,true,gnucobol,COBOL-85,fixed,education-tutorial,batch,student-exercise,high,"GnuCOBOL or compatible; Brazilian Portuguese comments, decimal-point is comma, fixed format, no vendor-specific extensions",Student exercise comparing pizza prices per cm2 - a classic Brazilian COBOL teaching challenge ('desafio' means challenge)
205a1d652e8d1f04d1c536957600ddb601ade656,/CWBPAIF1.cbl,.cbl,8626,True,239,36,15,188,0.074,fixed,4,False,False,0,0,16,0,0,39,CWBPAIF1,true,ibm-mainframe,COBOL-85,fixed,retail-commerce,batch,student-exercise,medium,"IBM mainframe QSAM file processing style with RECORDING MODE IS F, BLOCK CONTAINS 0 RECORDS, LABEL RECORDS ARE STANDARD; French comments suggest possible European mainframe environment",Streaming/media subscription service - merging customer profile data with watch/viewing history records
fa6eaf91f159d8d5fb489dc45001ad6629bb67a7,/triangle-2.cbl,.cbl,1157,True,35,2,0,33,0.0,fixed,3,False,False,0,0,5,0,0,4,TRIANGLE-2,true,unknown,COBOL-85,fixed,education-tutorial,demo,student-exercise,high,Standard COBOL-85 features used; no vendor-specific extensions visible. GOBACK suggests possible IBM or GnuCOBOL environment.,Simple triangle-drawing exercise using asterisks
7d2c4ce48d98f87c30f7b8b005e318064bc3a2ae,/IF-ELSE.cbl,.cbl,846,True,25,0,6,19,0.24,fixed,3,False,False,0,0,0,0,0,2,IF-ELSE,true,gnucobol,COBOL-85,fixed,education-tutorial,demo,toy-or-hello-world,high,GnuCOBOL (cobc) as indicated by 'Tectonics: cobc' comment; standard IF/ELSE with END-IF scope terminator consistent with COBOL-85,Simple tutorial demonstrating IF-ELSE conditional logic in COBOL
2d97e75772e41971b8f820cd6ae90e414ac65b12,/write-emp1.cbl,.cbl,1563,True,51,5,0,46,0.0,fixed,4,False,False,0,0,0,0,0,7,WRITE-EMP1,true,unknown,COBOL-85,fixed,education-tutorial,batch,student-exercise,high,Simple sequential file write program; LINE SEQUENTIAL organization and GOBACK suggest GnuCOBOL or similar open/PC COBOL environment,"Employee file creation exercise, likely a student assignment writing employee records to a sequential file"
797ff111232be5d7130b6f95c58c0213144028cb,/MENU-LIS.CBL,.CBL,3596,True,161,16,0,145,0.0,free,3,False,False,0,2,10,0,0,5,MENU-LISTADOS,true,gnucobol,COBOL-85,free,retail-commerce,subprogram,production-like,medium,Likely GnuCOBOL or similar open-source COBOL targeting a video-club (rental store) management system; uses SCREEN SECTION with FOREGROUND/BACKGROUND color attributes and tab-indented free format,Video club (video rental store) management system - listings submenu
a63bf1d84a33c3e3e0fb1090aa95fadb59b22b3c,/Control4.cbl,.cbl,985,True,30,1,0,29,0.0,fixed,4,False,False,0,0,2,0,0,4,CONTROL4,true,unknown,COBOL-85,fixed,education-tutorial,batch,student-exercise,high,"Simple student-grade file reader; no vendor-specific extensions. COBOL-85 features used: END-PERFORM, END-READ, 88-level condition with SET TO TRUE, HIGH-VALUE.",Student grade file processing exercise
90ec5645f6f253294aca9e5a13e60b3d62566f2e,/Program1.cbl,.cbl,8270,True,258,45,0,213,0.0,fixed,4,False,False,0,0,14,0,0,56,Program1,true,gnucobol,COBOL-85,fixed,education-tutorial,batch,student-exercise,high,"Likely compiled with GnuCOBOL or a PC-based COBOL (e.g., OpenCOBOL/GnuCOBOL) given Windows-style file paths (C:\), 'assign to disk', 'organization is line sequential', and tab-indented source. Spanish-language identifiers suggest Latin American (likely Argentine) academic context.",Argentine student exercise dealing with consortium (consorcios) management - processing multiple sorted input files to produce a listing of deregistered consortiums with their accounts
2cee1f110532c56cffc1b6e1a4fb2d360da59698,/input.cbl,.cbl,14982,True,372,0,1,371,0.003,fixed,4,False,True,0,0,8,25,0,95,SPGRYNRB,true,ibm-mainframe,COBOL-85,fixed,banking-finance,online-cics,production-like,high,"IBM mainframe CICS online program; SOURCE-COMPUTER IBM-370, OBJECT-COMPUTER IBM-370; uses EXEC CICS PUSH/POP HANDLE, ASKTIME, FORMATTIME, RETURN; COMPUTATIONAL and COMPUTATIONAL-3 usage consistent with IBM mainframe conventions","Appears to be a French-language banking or financial application (variable names like NCPTEI suggest account/counter numbers, CLRIB0 suggests a Luhn/modulo-97 check digit calculation typical of IBAN or Belgian/French bank account validation); program name SPGRYNRB and constants reference 'DPR' application code"
6c0ee55a5ccc81b687c2afbe8e88bc1788fdb5da,/gestor_archivo.cbl,.cbl,7082,True,167,3,42,122,0.256,fixed,4,False,False,0,0,11,0,0,15,gestor_archivo,true,gnucobol,COBOL-85,fixed,utility-tooling,subprogram,student-exercise,high,GnuCOBOL subprogram compiled with 'cobc -x principal.cbl gestor_archivo.cbl -o subprogramas.exe' as shown in the first comment line,"File management subprogram for an indexed customer (CLIENTES.BIN) file, likely part of a larger client management system"
2bcfef43373cda597c0ed3f0704c71b5e02fbf39,/04productNumbers.cbl,.cbl,499,True,17,0,1,16,0.059,free,3,False,False,0,0,0,0,0,3,PRODUCT-TWO-NUMBERS,true,unknown,COBOL-85,free,education-tutorial,demo,toy-or-hello-world,high,"Simple free-format COBOL, likely GnuCOBOL or similar open-source compiler given *> comment style and free format",Basic arithmetic exercise: multiply two numbers
47aae7a8feebb65fd1c683ab5cf7622f80ccb2e9,/first_cobol_conditionals.cbl,.cbl,3124,True,88,9,15,64,0.19,fixed,0,False,False,0,0,0,0,0,9,CONDITIONALS,true,unknown,COBOL-85,fixed,education-tutorial,demo,student-exercise,high,Generic COBOL-85 style; no vendor-specific extensions. Likely compiled with GnuCOBOL or similar open-source compiler given educational context.,Introductory COBOL tutorial demonstrating conditional statements and control flow
83ea4b61c7028ab5c89595528add61d07094ea7d,/NoCodeToCOBOL.CBL,.CBL,158,True,8,1,0,7,0.0,unknown,2,False,False,0,0,0,0,0,0,NoCodeToCOBOL,true,micro-focus,COBOL-85,free,demo-example,demo,toy-or-hello-world,high,"Micro Focus COBOL indicated by '$ SET SOURCEFORMAT""FREE""' compiler directive syntax","Minimal hello-world style program, likely a beginner exercise related to learning COBOL"
2977e524d65a212bea2855b3acc92a379988919e,/PSPPYRUN.cbl,.cbl,72578,True,1757,378,223,1156,0.162,fixed,4,False,False,7,45,79,0,0,202,PSPPYRUN,true,other-vendor,COBOL-85,fixed,payroll-hr,batch,production-like,high,PeopleSoft/Oracle HCM (HR91) payroll batch program - uses PeopleSoft SQL buffer/statement pattern with BIND-SETUP/BIND-DATA/SELECT-SETUP/SELECT-DATA structures and named SQL statements like 'PSPPYRUN_S_RUNCTL'. Copyright Oracle/PeopleSoft 1988-2009.,"PeopleSoft HCM payroll calculation batch run control - executes pay calculation for a pay calendar, handling on-cycle and off-cycle payroll runs"
2f7fd14baac207ac8796f26bc542165a331fdab8,/data.cbl,.cbl,274,True,8,1,0,7,0.0,fixed,0,False,False,0,0,0,0,0,0,,,,,,,,,,,
b2509613c2ebe22ce34cc6fb4ecd46654002fc8b,/READ5.CBL,.CBL,2836,True,92,5,0,87,0.0,fixed,4,False,False,0,0,9,0,0,11,READ5,true,unknown,COBOL-85,fixed,education-tutorial,batch,student-exercise,high,"Standard COBOL-85 style with GOBACK, 88-level condition names, FILE STATUS, and structured PERFORM. No vendor-specific extensions visible. Could be GnuCOBOL or similar PC/educational environment.",Student exercise reading a sequential member file and counting gender and selection choices
33edbcd136ae0704718a37530eaba2fc7d9c2bc5,/DataType_3_pre.cbl,.cbl,3387,True,82,16,7,59,0.106,fixed,3,False,False,0,0,5,0,2,29,HELLO,true,unknown,COBOL-85,fixed,retail-commerce,batch,snippet,medium,Appears to be a preprocessor-generated or pre-processed COBOL file (filename suffix '_pre.cbl') with inline EXECSQL pseudo-statements (not standard EXEC SQL) and preprocessor comment markers. Italian variable names suggest Italian vendor or custom shop environment. COMP-3 and COMP usage consistent with mainframe or Micro Focus style.,"Retail inventory/pricing system with Italian terminology (NEGOZIO=shop, PREZZO=price, SETTORE=sector, TAGLIA=size, BARUNI=barcode unit). Appears to query product/cost tables (ANAMAT_CST)."
df0a1543fb0ac47e97f36b56eab9140a63397906,/jtvrpt.cbl,.cbl,11325,True,466,147,46,273,0.144,unknown,4,False,False,3,5,11,1,0,31,JTVRPT,true,other-vendor,COBOL-85,fixed,utility-tooling,batch,production-like,high,"Digital Equipment Corporation (DEC) COBOL for DECSYSTEM-20; uses DEC-specific extensions including DISPLAY-7 usage clause, RMS INDEXED file organization, COMP-1 floating point, and DIL (Data Interchange Library) interface routines for VAX/DEC-20 interoperability",DEC DIL (Data Interchange Library) Load Test sample application; reads a local RMS indexed file on DEC-20 and writes a remote sequential ASCII file on a VAX system via DAP (Data Access Protocol) network routines
5730845045c4510605bdf23329466439a555f794,/mcp120.cbl,.cbl,16384,False,0,0,0,0,0.0,unknown,0,False,False,0,0,0,0,0,0,,,,,,,,,,,
6c326d2fedf76522b2f26c09c7180a823fbbaf7d,/PIZZA-INVENTORY-PROG.cbl,.cbl,16438,True,516,166,107,243,0.306,fixed,4,False,False,0,0,19,0,0,70,PIZZA-INVENTORY-PROG,true,unknown,COBOL-85,fixed,education-tutorial,batch,student-exercise,high,"Standard COBOL-85 with ACCEPT FROM DATE YYYYMMDD extension; SOURCE-COMPUTER/OBJECT-COMPUTER listed as IBMPC suggesting a PC-based compiler (possibly Micro Focus or similar), but no vendor-specific extensions are visible",Student programming exercise involving a pizza truck inventory report with control-break logic
4c86fa99f429863bc085648e455999a7012f34bb,/welcome.cbl,.cbl,823,True,35,7,0,28,0.0,fixed,4,False,False,0,0,0,0,0,2,WELCOME,true,gnucobol,COBOL-85,fixed,demo-example,demo,toy-or-hello-world,high,"Likely GnuCOBOL or similar open-source COBOL; uses LINE SEQUENTIAL file organization and PIC A clause, consistent with GnuCOBOL conventions",Orquestra workflow platform demo or tutorial program
a1d6f22e0fd53544340d9590cbc096028100b769,/EDITING.CBL,.CBL,1193,True,38,2,1,35,0.028,fixed,4,False,False,0,0,4,0,0,4,EDITING,true,unknown,COBOL-85,fixed,education-tutorial,demo,student-exercise,medium,"Likely a Latin American (Spanish-language) educational environment; uses screen-oriented DISPLAY with LINE/POSITION/ERASE extensions suggesting RM-COBOL or ACU-style runtime, but no definitive vendor marker",Student exercise demonstrating numeric editing (PIC with $ and Z masks) in COBOL
afd5c9836aca1340b6ab250695922e9a2b0e44d2,/PAYLIB.CBL,.CBL,1675,True,38,3,17,18,0.486,fixed,2,False,False,3,0,1,0,0,0,TESTREPL,true,ibm-mainframe,COBOL-85,fixed,test-suite,test,snippet,medium,"Broadcom (formerly CA Technologies) COBOL tooling test/demo file, likely for Eclipse COBOL Language Support plugin testing. Uses COPY with REPLACING syntax typical of IBM mainframe COBOL.","Test fixture for COBOL COPY/REPLACING directive processing, likely part of Broadcom's Eclipse COBOL Language Support (Che4z/broadcom-cobol-ls) test suite"
c04cd46cb1e8bd803af5cc9de4fe56d43cbbfa75,/PERFORM1.CBL,.CBL,836,True,32,8,4,20,0.167,unknown,2,False,False,0,0,5,0,0,0,Perform1,true,micro-focus,COBOL-85,free,education-tutorial,demo,toy-or-hello-world,high,"Micro Focus / ACUCOBOL-style compiler directive '$ SET SOURCEFORMAT""FREE""' indicating free-format source; likely Micro Focus or compatible (e.g. AcuCOBOL). Author Michael Coughlan is a well-known COBOL educator.",Introductory COBOL tutorial demonstrating nested PERFORM (paragraph call) flow of control
6dabefdf17682210f4e9fb3f4a6671847ea0d278,/hw.cbl,.cbl,95,True,6,1,0,5,0.0,free,2,False,False,0,0,0,0,0,0,HW,true,unknown,COBOL-85,free,demo-example,demo,toy-or-hello-world,high,"Minimal hello-world program; free-format layout, no vendor-specific extensions visible",Classic hello-world demonstration program
564ec8b55f20cd628b775a35503dbf90ec33f00e,/CCP0001.CBL,.CBL,93312,True,1152,0,223,929,0.194,fixed,4,False,False,1,4,73,1,43,190,CMCD2NER,true,ibm-mainframe,COBOL-85,fixed,banking-finance,batch,production-like,high,"IBM mainframe batch program, likely running on IBM z/OS or compatible. Uses RECORDING MODE IS F, BLOCK CONTAINS 0 RECORDS, COMP-3, DECIMAL-POINT IS COMMA, and sequence numbers in columns 73-80. Associated with Banco Bradesco S/A (Brazilian bank) CMCD collection system.",Banco Bradesco S/A - Brazilian bank billing/collections system (CMCD - COBRANCA - CONVIVENCIA E MIGRACAO). Generates a report from table CBCAB009 containing payment media parameters.
50075926e311e74fce09121db75198a6753ca8ff,/Lab4Part2a.cbl,.cbl,114,True,5,1,0,4,0.0,free,1,False,False,0,0,0,0,0,0,Lab4Part2a,,,,,,,,,,
d8c297b3333042f3eaa2db49609d56a97417d7b6,/test1.cbl,.cbl,260,True,10,0,0,10,0.0,fixed,2,False,False,0,0,0,0,0,0,EVALUATEBUG,true,unknown,COBOL-85,fixed,test-suite,test,snippet,high,Minimal snippet using EVALUATE/END-EVALUATE (COBOL-85+); program name 'EVALUATEBUG' suggests a compiler bug test case. No vendor-specific extensions visible.,Likely a compiler regression or bug test for EVALUATE statement handling with multiple WHEN clauses sharing a CONTINUE
7ba05d2fb0afad1201f9f6f8e46cadad3bb3a4bd,/COBOL.cbl,.cbl,2717,True,69,3,7,59,0.106,free,4,False,False,0,0,12,0,0,10,programming-past,true,gnucobol,COBOL-2002,free,education-tutorial,demo,student-exercise,high,"Free-format COBOL, likely GnuCOBOL; uses intrinsic functions (ORD, CHAR, MOD, LOWER-CASE, LENGTH), EXIT PERFORM CYCLE, and reference modification — all consistent with COBOL-2002 or later","Caesar cipher encryption, decryption, and brute-force solver as a programming exercise"
f191e02d1119b71bc816829b4d870abdac3b7e71,/ConditionalStatements.cbl,.cbl,600,True,19,0,6,13,0.316,fixed,3,False,False,0,0,0,0,0,4,YOUR-PROGRAM-NAME,true,gnucobol,COBOL-85,fixed,education-tutorial,demo,toy-or-hello-world,high,GnuCOBOL template indicated by 'Tectonics: cobc' comment; cobc is the GnuCOBOL compiler,Boilerplate/template file for learning conditional statements in COBOL
2e5fa8c5d9fb63704b4f773e64c57f86ba34da86,/PROG04 (1).cbl,.cbl,5409,True,160,32,7,121,0.055,fixed,4,False,False,0,0,17,0,0,11,PROG04-00-SA,true,gnucobol,COBOL-85,fixed,education-tutorial,batch,student-exercise,high,GnuCOBOL (cobc) as indicated by Tectonics comment; Spanish-language educational exercise from Argentina (SISTEMAS ACTIVOS S.R.L.); uses ASSIGN TO DISK and LINE SEQUENTIAL typical of GnuCOBOL/ACU-style file handling,Argentine software training exercise (FABRICA DE SOFTWARE - SISTEMAS ACTIVOS S.R.L.) - file handling exercise copying an input client file to an output file
2f0abc74ab2e2e89e1d6ad2c13507e830cf7f16c,/datbatch.cbl,.cbl,805,True,27,1,7,19,0.269,fixed,4,False,False,0,0,3,0,0,3,BATCH,true,ibm-mainframe,COBOL-85,fixed,demo-example,demo,toy-or-hello-world,high,"Simple batch demo referencing a static module DEMOSUB in zdev.main.load, suggesting IBM z/OS or similar mainframe environment; uses COBOL-85 structured constructs (PERFORM VARYING with END-PERFORM, END-IF)","IBM mainframe IAC demo project hosted on GitHub, demonstrating basic batch COBOL with a loop and subprogram reference"
96d4d56139d848146cc51aa589cff27e97d1474a,/Provacobol01.cbl,.cbl,5051,True,141,38,9,94,0.087,fixed,4,False,False,0,0,2,0,0,15,Prova01,true,gnucobol,COBOL-85,fixed,education-tutorial,demo,student-exercise,high,"Likely compiled with GnuCOBOL; uses Brazilian Portuguese variable names and comma as decimal point (decimal-point is comma), consistent with Brazilian academic COBOL teaching environment","Car rental cost calculation exercise, likely a university assignment in Brazil"
0c5c1fae5aab836191b427eac767ed502a34581d,/Program1.cbl,.cbl,9690,True,254,42,1,211,0.005,fixed,4,False,False,0,0,15,0,0,74,TP_Parte1_B,true,gnucobol,COBOL-85,fixed,education-tutorial,batch,student-exercise,high,"Student assignment likely compiled with GnuCOBOL (OpenCOBOL); uses ASSIGN TO DISK with relative path syntax common in GnuCOBOL on Windows, FUNCTION CURRENT-DATE, SEARCH with INDEXED BY, and Spanish-language identifiers typical of Argentine university coursework","Argentine university practical assignment (TP = Trabajo Practico, 1st semester 2014) involving car rental statistics"
337e7dce861073109cdfd4ebe66f2d430e7e9101,/SaludoCobol.cbl,.cbl,190,True,7,0,1,6,0.143,free,2,False,False,0,0,0,0,0,0,HELLO-WORLD,true,unknown,COBOL-85,free,education-tutorial,demo,toy-or-hello-world,high,"Minimal hello-world style program; free-format layout, no vendor-specific extensions visible. Likely compiled with GnuCOBOL or similar open-source compiler given the free format and educational context.","Simple greeting/hello-world exercise, possibly from a Visual Studio COBOL course"
f57843b73afc31fcd047ba10281b92f67efd3526,/vary_size.cbl,.cbl,1262,True,42,6,0,36,0.0,fixed,4,False,False,0,0,2,0,0,3,VARY-SIZE-OF-LINE,true,unknown,COBOL-85,fixed,education-tutorial,demo,student-exercise,high,"Standard COBOL-85 features used; no vendor-specific extensions visible. AUTHOR field contains a student ID number (62160246), suggesting academic context.",Student exercise demonstrating variable-length record file reading
911f3af78ec949755b45372af62404b3e16e6a98,/ACESSO.cbl,.cbl,14655,True,465,90,33,342,0.088,fixed,4,False,False,0,7,23,0,0,17,ACESSO,true,gnucobol,COBOL-85,free,other,batch,production-like,high,"GnuCOBOL with htmlpp preprocessor directive ($set preprocess(htmlpp)) and $set sourceformat""free""; uses CBL_CREATE_DIR and CBL_CHECK_FILE_EXIST runtime calls typical of GnuCOBOL; Windows path separators suggest development on Windows with GnuCOBOL",Web CGI login/access control system using HTML preprocessor for COBOL-based web application
222dc0e76040d54be0e65c394c30e1c07ca600ec,/star-10-2.cbl,.cbl,851,True,37,7,7,23,0.233,fixed,3,False,False,0,0,3,0,0,1,Star-10-2,true,unknown,COBOL-85,fixed,education-tutorial,demo,student-exercise,high,"Simple educational COBOL program; no vendor-specific extensions. COBOL-85 features used (PERFORM WITH TEST BEFORE, GOBACK).",Student exercise printing a row of 10 asterisks using inline PERFORM loop
bdf81c421f293bed62935aac7f722a9e46270da1,/calc.cbl,.cbl,1015,True,29,2,0,27,0.0,fixed,3,False,False,0,0,2,0,0,4,Iteration-If,true,gnucobol,COBOL-85,fixed,education-tutorial,demo,student-exercise,high,"Simple educational COBOL program, likely compiled with GnuCOBOL; uses COBOL-85 structured constructs (PERFORM TIMES, END-IF, END-PERFORM)",Basic arithmetic calculator demonstrating iteration and conditional logic
b7b57d73a97b35ffc177c8238a288231a2144aa8,/JOBI12.CBL,.CBL,114700,True,3187,188,340,2659,0.113,fixed,4,False,False,110,7,164,95,13,333,JOBI12,true,gnucobol,COBOL-85,fixed,accounting-erp,batch,production-like,high,"GnuCOBOL (OpenCOBOL) with Micro Focus compatibility extensions; uses $SET LINKCOUNT directive, COMP-5, CRT STATUS, CURSOR IS, CONSOLE IS CRT — typical of GnuCOBOL/Micro Focus style. Author J.W. Lemmon (APAC), GPL-licensed, version 8.15.01 August 2011.","Point-of-sale / job costing invoice printing system; prints invoices for jobs including job details, stock items, pricing, tax, discounts, and cash drawer control."
261e554c4e32dba7d8e2a8e120f50a9cd5174568,/DoCalc.cbl,cbl_files_lowercase.csv,654,True,19,1,0,18,0.0,fixed,3,False,False,0,0,0,0,0,4,DOCALC,true,unknown,COBOL-85,fixed,education-tutorial,demo,toy-or-hello-world,high,"Simple standard COBOL, no vendor-specific extensions visible",Basic arithmetic exercise for learning COBOL
5beaf3345fbacc556d6b2505850f9fccdb0030dd,/MARBLE10.cbl,.cbl,37461,True,463,0,177,286,0.382,fixed,4,True,True,0,0,21,0,1,35,MARBLE10,true,ibm-mainframe,COBOL-85,fixed,demo-example,online-cics,production-like,high,"IBM CICS/DB2 mainframe program; uses EXEC CICS for terminal I/O and EXEC SQL with DB2 table declarations (EVENT.MARBLE, EVENT.COLOR) and SQLCA include","Marble inventory management demo application (IBM 'marbles' sample app), supporting CREate, UPDate, and DELete operations on marble color inventory via a CICS transaction MB10"
dfeb7f66f0a06bb07463aeb0b2b12c8086ab1a84,/hello_world.cbl,.cbl,193,True,11,3,0,8,0.0,free,3,False,False,0,0,0,0,0,1,Hello_World,true,unknown,COBOL-85,free,demo-example,demo,toy-or-hello-world,high,Simple free-format hello world; no vendor-specific extensions. COBOL-85 assumed based on VALUE IS clause and general syntax.,Classic hello world demonstration program
3e146f93ae78bbcf7173a2162ddb3ee2908a2693,/Control5.cbl,.cbl,1912,True,51,6,0,45,0.0,fixed,3,False,False,0,0,1,0,0,2,CONTROL5,true,unknown,COBOL-85,fixed,education-tutorial,demo,student-exercise,high,"Standard COBOL-85 features used (EVALUATE, 88-level conditions with SET, END-EVALUATE, END-IF, GOBACK); no vendor-specific extensions visible",Date validation exercise demonstrating 88-level condition names and EVALUATE statement
19180d243963e0cb2d7ad65c89b630301d06a4b4,/BINARY-SWAP.cbl,.cbl,1835,True,44,3,6,35,0.146,fixed,3,False,False,0,0,1,0,0,7,BINARY-SWAP,true,unknown,COBOL-85,fixed,education-tutorial,demo,student-exercise,high,"Standard COBOL-85 features used; no vendor-specific extensions visible. Author QSHURICK, dated 2023.",Simple string comparison exercise counting differing characters between two input strings
337695054a50f11b61995b13a9727a77f54093d7,/trader.cbl,.cbl,626,True,19,1,0,18,0.0,fixed,3,False,False,0,0,0,0,0,2,TRADER-REPORT,true,gnucobol,COBOL-85,fixed,retail-commerce,batch,snippet,medium,Likely GnuCOBOL or similar open-source COBOL; LINE SEQUENTIAL organization and file naming conventions suggest a PC/open-source environment,"Trader/member reporting system, possibly a small retail or trading business report"
de7f505a5fb4347848233a259cc88667a7f086fe,/second.cbl,.cbl,6357,True,156,8,5,143,0.034,fixed,0,False,False,0,0,7,0,0,13,first,true,gnucobol,COBOL-85,fixed,education-tutorial,batch,student-exercise,high,Likely compiled with GnuCOBOL; comments reference jdoodle.com online COBOL executor which uses GnuCOBOL; uses LINE SEQUENTIAL organization and modern END-scope terminators,Advent of Code 2023 Day 1 puzzle solution - parsing lines to find first and last digits (including spelled-out words) and summing them
bdeeec9a693251788d5e119966d6e67b7edcfc6a,/Z95644.CBL(FNLPRGMN).cbl,.cbl,3181,True,92,0,11,81,0.12,fixed,4,False,False,0,1,7,0,0,10,FNLPRGMN,true,ibm-mainframe,COBOL-85,fixed,other,batch,student-exercise,high,"IBM mainframe style; uses RECORDING MODE F, RETURN-CODE special register, file STATUS clauses, and paragraph naming conventions typical of IBM batch COBOL",Student or training exercise; main program calling a subprogram (FNLPRGSB) to process input records and write output
9b7306b642fae73c112e01fa76421042cce4ac60,/A1-ContactList.cbl,.cbl,3317,True,80,0,27,53,0.338,fixed,4,False,False,0,0,0,0,0,8,A1-ContactList,true,gnucobol,COBOL-85,fixed,education-tutorial,demo,student-exercise,high,"Student exercise likely compiled with GnuCOBOL; uses LINE SEQUENTIAL organization and GOBACK, consistent with GnuCOBOL on a PC/desktop environment",College/university COBOL programming assignment (MAFD 4202 course) to write a contact list to a file
89d369f6526486bdba8de7661bf89929a803588d,/test2.cbl,.cbl,3347,True,110,23,2,85,0.023,fixed,4,False,False,1,0,6,0,0,3,TEST,true,gnucobol,COBOL-85,fixed,test-suite,test,student-exercise,medium,"Likely GnuCOBOL or similar open-source COBOL targeting disk files with ASSIGN DISK syntax; Spanish locale evident (AUTHOR Ferran Pegueroles, special characters ñ/ç, decimal-point is comma)",Test program that creates sequential ASCII files with various field types to exercise a file descriptor copybook (test1.fd)
a8b74db445d037594e168ee8604d3f78970ecd77,/TPROG08.cbl,.cbl,4581,True,150,0,31,119,0.207,fixed,4,False,False,2,3,1,0,0,3,TPROG08,true,ibm-mainframe,COBOL-85,fixed,education-tutorial,batch,student-exercise,high,"Compuware ISPW training program targeting IBM-370 mainframe; uses RECORDING MODE IS F, LABEL RECORDS OMITTED, BLOCK CONTAINS 0 RECORDS, and GOBACK — all typical IBM mainframe COBOL conventions",Compuware ISPW training program demonstrating subprogram calls and copybook usage
2cc4e7fa2b1e0646612afa9bab90d4a4462243fb,/2cc4e7fa2b1e0646612afa9bab90d4a4462243fb.cobol.cbl,.cbl,117,True,5,0,0,5,0.0,free,2,False,False,0,0,0,0,0,0,HELLO-WORLD,true,unknown,COBOL-85,free,demo-example,demo,toy-or-hello-world,high,"Minimal hello-world program; free-format layout, no vendor-specific extensions visible",Classic hello-world demonstration program
6ce4df39f6500e3636688da8b8c7d7d3c8933c08,/radioExercise.cbl,.cbl,9974,False,0,0,0,0,0.0,unknown,0,False,False,0,0,0,0,0,0,,,,,,,,,,,
7bf8c6db83d990bef5500235ffa07d646d68ce58,/OddOrEven.cbl,.cbl,664,True,34,9,5,20,0.2,free,3,False,False,0,0,2,0,0,3,ODD_EVEN,true,gnucobol,COBOL-85,free,education-tutorial,demo,student-exercise,high,Free-format GnuCOBOL; *> comment style and free format are characteristic of GnuCOBOL usage,"Simple odd/even number checker, likely a coding exercise or tutorial"
72f6038e57c2be2b9d434267a636b2df932b0796,/READ5L.CBL,.CBL,1040,True,34,4,0,30,0.0,fixed,4,False,False,0,0,2,0,0,2,READ5L,true,gnucobol,COBOL-85,fixed,education-tutorial,demo,student-exercise,high,"Simple file-reading program likely compiled with GnuCOBOL; uses LINE SEQUENTIAL and GOBACK, consistent with GnuCOBOL conventions",Simple file I/O demonstration reading a sequential data file
ada82a806f99f05c9702df12dcc090e5e9f4ad38,/BATJSON.CBL,.CBL,8500,True,247,41,23,183,0.112,fixed,4,False,False,1,0,7,2,0,49,COBJSON,true,ibm-mainframe,COBOL-2014,fixed,utility-tooling,batch,production-like,high,"Uses JSON GENERATE verb with NATIONAL (PIC N) data and FUNCTION DISPLAY-OF with CCSID 1140, strongly suggesting IBM Enterprise COBOL for z/OS","Reads a flat file containing records of multiple types (AA, HI) and converts them to JSON output using the JSON GENERATE verb"
6f3a5f9a6a407a2d4219dec0b0f4bf9bd265c458,/eqSegGrau.cbl,.cbl,1557,True,49,6,6,37,0.14,fixed,3,False,False,0,0,0,0,0,8,EQ_SEG_GRAU,true,gnucobol,COBOL-85,fixed,education-tutorial,demo,student-exercise,high,GnuCOBOL (cobc) as stated in Tectonics comment; standard COBOL-85 constructs,Student exercise solving a quadratic equation (equação do segundo grau in Portuguese)
dff6eec65e3964542b22467466aa379883a0a4c3,/HolaMundo.cbl,.cbl,296,True,15,5,1,9,0.1,fixed,4,False,False,0,0,0,0,0,0,HolaMundo,true,micro-focus,COBOL-85,fixed,demo-example,demo,toy-or-hello-world,high,Explicitly stated as Visual COBOL (Micro Focus product) in the comment; minimal skeleton with GOBACK and END PROGRAM,"Hello World / first program skeleton in Spanish, likely a tutorial or introductory exercise"
5904af71e40385b0414a27bdacc68be5fc79a912,/Phnprt01.cbl,.cbl,3214,True,101,0,7,94,0.069,fixed,4,False,False,0,0,7,0,0,15,PHNPRT01,true,gnucobol,COBOL-85,fixed,utility-tooling,batch,student-exercise,high,Likely GnuCOBOL or similar open-source/PC COBOL; ASSIGN TO PRINTER and ASSIGN TO literal filename are common in GnuCOBOL/OpenCOBOL. SELECT OPTIONAL and LINE SEQUENTIAL also typical of GnuCOBOL.,Phone directory listing utility
011945de5b97cccd7eada0f484af614c908b1d70,/test.cbl,.cbl,180,True,8,0,0,8,0.0,fixed,2,False,False,0,0,0,0,0,0,TEST1,true,unknown,COBOL-85,fixed,demo-example,demo,toy-or-hello-world,high,Minimal hello-world program; no vendor-specific extensions visible. GOBACK suggests at least COBOL-85 or later.,Trivial hello-world demonstration program
82a216c54706a9a1d9c135807879fed6bce8e8b9,/1ln2hded.cbl,.cbl,81,True,1,0,0,1,0.0,free,0,False,False,0,0,0,0,0,0,,,,,,,,,,,
00ad5635872b6dc76533fbfbb82b2fc1e2331a8e,/Control6.cbl,.cbl,1352,True,34,3,0,31,0.0,fixed,3,False,False,0,0,0,0,0,3,CONTROL6,true,unknown,COBOL-85,fixed,education-tutorial,demo,student-exercise,high,Standard COBOL-85 features used; no vendor-specific extensions visible. Likely compiled with GnuCOBOL or similar for educational use.,Amusement park or attraction admission pricing exercise based on age and height
ff7c12f6ff5dc2a68b06da5087ccee797ec62861,/main.cbl,.cbl,249,True,14,5,0,9,0.0,fixed,3,False,False,0,0,0,0,0,0,main,true,unknown,COBOL-85,fixed,demo-example,demo,toy-or-hello-world,medium,"Minimal skeleton program with GOBACK and END PROGRAM, consistent with COBOL-85 or later; no vendor-specific extensions visible",Bare skeleton/stub program with no logic
fe448bca15001cc7f1b1634b95bd0030ae5e521e,/snake.cbl,.cbl,14502,True,374,48,52,274,0.16,fixed,4,False,False,1,6,14,1,0,32,GC99SNAKE,true,gnucobol,COBOL-85,free,demo-example,demo,student-exercise,high,"GnuCOBOL 3.1+ free-format source; uses pdcurses via CALL static 'curs_set', COB_SCREEN_EXCEPTIONS/COB_SCREEN_ESC environment variables, COB_MOUSE_FLAGS, and calls GC01BOX.DLL for box drawing. Compile: cobc -x GC99SNAKE.COB -lpdcurses",Terminal-based Snake game using GnuCOBOL screen I/O and pdcurses
50b5961e06203536d23a04a22653158fae1861a1,/helloworld.cbl,.cbl,261,True,8,0,0,8,0.0,fixed,3,False,False,0,0,0,0,0,1,HolaMundoCobol,true,unknown,COBOL-85,fixed,demo-example,demo,toy-or-hello-world,high,Simple hello-world program with Spanish text; no vendor-specific extensions visible. Standard COBOL-85 syntax.,Hello-world demonstration in Spanish
ffbbce6a14cd9e10f0cdffb29482553565bc9def,/Program1.cbl,.cbl,841,True,32,11,0,21,0.0,fixed,2,False,False,0,0,0,0,0,0,Program1,true,micro-focus,COBOL-2002,fixed,demo-example,demo,student-exercise,high,"Micro Focus Visual COBOL / COBOL for .NET using $SET ILUSING directives, OO .NET interop with 'type', 'string', and interface types",Demonstration of Micro Focus COBOL .NET interop using a logger interface
0a99f99182193b16aeaa5ca2d40c5245a38b4194,/SetToStatement.cbl,.cbl,212,True,9,0,0,9,0.0,unknown,3,False,False,0,0,0,0,0,2,SETTOSTMT,true,unknown,COBOL-85,free,education-tutorial,demo,snippet,medium,Minimal snippet demonstrating SET TO statement with alphanumeric group item; no vendor-specific extensions visible,Demonstrates the SET TO statement applied to a group data item
b7ed55fd0c7fe2579ba2d42cb9d1d437e16d6590,/triangle-2.cbl,.cbl,1144,True,39,6,0,33,0.0,fixed,3,False,False,0,0,5,0,0,4,triangle-2,true,unknown,COBOL-85,fixed,education-tutorial,demo,student-exercise,high,"Standard COBOL-85 features used (88-level condition, END-PERFORM, COMPUTE, GOBACK); no vendor-specific extensions visible","Simple triangle-drawing exercise, likely a student programming assignment"
39cd82bd7c3560c4b36dd1d15d887c53d7ca81b9,/Assignment-1.cbl,.cbl,1918,True,56,2,4,50,0.074,fixed,4,False,False,0,0,2,0,0,14,payroll,true,gnucobol,COBOL-85,fixed,payroll-hr,batch,student-exercise,high,Likely GnuCOBOL or similar open-source COBOL; uses LINE SEQUENTIAL organization typical of GnuCOBOL file handling on PC/Linux,"Simple weekly payroll calculation reading employee name, hours worked, and hourly rate from a flat file"
a7e444eb0f2aa5a2d7d9cbc8602b4ad7a4e3c9a6,/cobol.cbl,.cbl,408,True,14,1,0,13,0.0,fixed,3,False,False,0,0,0,0,0,2,HELLO,true,unknown,COBOL-85,fixed,education-tutorial,demo,toy-or-hello-world,high,"Generic COBOL hello-world example, likely from TutorialsPoint tutorial site; no vendor-specific extensions",Basic COBOL tutorial example from TutorialsPoint or similar educational resource
493de0f7129c76165de9d4e934f146d0dadbd706,/tempCodeRunnerFile.cbl,.cbl,11,True,1,0,0,1,0.0,free,0,False,False,0,0,1,0,0,0,,,,,,,,,,,
bb521402ad7d87d4457912e9fd1b753944e3723f,/Ecoli_MA.cbl,.cbl,417,True,15,0,0,15,0.0,free,0,False,False,0,0,0,0,0,0,,,,,,,,,,,
683b5cbf5fe9b8c2bce2e190d7651b59338542e8,/FizzBuzz.cbl,.cbl,1704,True,50,5,8,37,0.178,fixed,3,False,False,0,0,2,0,0,5,Fizzbuzz,true,unknown,COBOL-85,fixed,demo-example,demo,toy-or-hello-world,high,"Standard COBOL-85 features used (END-IF, END-PERFORM, REMAINDER clause); no vendor-specific extensions visible. Comments in French suggest possible academic/European context.",Classic FizzBuzz programming exercise implemented in COBOL
b22d1ee044f354719bffc1ee367e35b11e47b3ff,/sbanjara_Program4.cbl,.cbl,26355,True,743,146,83,514,0.139,fixed,4,False,False,0,0,39,0,0,133,PROGRAM4,true,gnucobol,COBOL-85,fixed,manufacturing-logistics,batch,student-exercise,high,"GnuCOBOL student program; uses LINE SEQUENTIAL, ASSIGN TO PRINTER, SORT/MERGE verbs, ACCEPT FROM DATE YYYYMMDD — consistent with GnuCOBOL on a PC (LENEVO-PC in SOURCE/OBJECT-COMPUTER)","Product inventory management across three warehouses (NV10, CA20, WA30) and seven vendors"
18b7417d221fe306a5b4f58f7c708ccf70813e92,/Exercicio 3 lista 5.cbl,.cbl,627,True,32,13,1,18,0.053,fixed,3,False,False,0,0,2,0,0,1,,true,unknown,COBOL-85,fixed,education-tutorial,demo,student-exercise,high,"Simple student exercise, likely compiled with GnuCOBOL or similar free compiler; uses DECIMAL-POINT IS COMMA (common in Brazilian Portuguese locale)","Brazilian Portuguese COBOL student exercise (list 5, exercise 3)"
0af28b925c2a52f536f81e592491d8d8b3e1844d,/CobolGreeting.cbl,.cbl,202,True,6,0,1,5,0.167,fixed,2,False,False,0,0,0,0,0,1,CobolGreeting,true,unknown,COBOL-85,fixed,demo-example,demo,toy-or-hello-world,medium,"Minimal snippet; uses *> inline comment style (COBOL-85+), camelCase PROGRAM-ID. No vendor-specific extensions visible.",Simple greeting/iteration demo program
8347f1cd65594d2b8100f1b3f6e5c7d0b2b7f93a,/main.cbl,.cbl,7717,True,216,49,7,160,0.042,fixed,4,False,False,0,0,13,0,0,39,ADVENT-OF-CODE-2024-DAY-02-01,true,gnucobol,COBOL-85,fixed,demo-example,batch,student-exercise,high,"GnuCOBOL (cobc) as indicated by the Tectonics comment and use of LINE SEQUENTIAL, END-IF, PERFORM VARYING with END-PERFORM",Advent of Code 2024 Day 2 Part 1 puzzle solution - counting safe records in a report
909b3a32d4fec23653f013e3c0169777959a0423,/custmgt.cbl,.cbl,21252,True,590,7,83,500,0.142,fixed,4,False,True,4,0,36,0,0,11,CUSTMNT2,true,ibm-mainframe,COBOL-85,fixed,retail-commerce,online-cics,production-like,high,"IBM CICS/VSAM online program; uses DFHCOMMAREA, EIBCALEN, EIBAID, DFHPF3/PF12/CLEAR/ENTER/PA1-3, DFHRESP, EXEC CICS SEND/RECEIVE MAP/READ/XCTL/RETURN — classic IBM CICS BMS mapset pattern","Customer master file maintenance — add, change, delete customer records via CICS BMS screens"
d6c88fad66de2891438132c98b5980458fcd6559,/PlusTwoNumber.cbl,.cbl,515,True,15,0,0,15,0.0,fixed,3,False,False,0,0,0,0,0,3,PLUS-TWO-NUMBER,true,unknown,COBOL-85,fixed,education-tutorial,demo,toy-or-hello-world,high,"Simple standard COBOL, no vendor-specific extensions; COBOL-85 or later based on WITH NO ADVANCING clause",Basic arithmetic demonstration for learning COBOL
a46912fb235eecb3ff771772680973e38a01b945,/COUSR02S.cbl,.cbl,13316,True,341,50,32,259,0.11,fixed,4,False,True,8,0,25,0,0,21,COUSR02S,true,ibm-mainframe,COBOL-85,fixed,other,online-cics,production-like,high,"IBM CICS online program using EXEC CICS LINK/SEND/RECEIVE/XCTL/RETURN; part of the CardDemo sample application (CARDDEMO-COMMAREA, CDEMO- prefixed fields, COUSR02 mapset). Likely compiled with IBM Enterprise COBOL.",CardDemo application – user administration / security management screen for updating user records
1c3930fc92e95760ee4fd3169f79c000c74bc913,/PRIME.cbl,.cbl,2493,True,30,0,0,30,0.0,fixed,4,False,False,0,0,2,0,0,7,PRIME,true,ibm-mainframe,COBOL-85,fixed,education-tutorial,demo,student-exercise,high,Sequence numbers in columns 73-80 suggest IBM mainframe or similar environment; END-IF used indicating at least COBOL-85,Prime number detection exercise
5c97ff5813271577c9cad04fcee99eb6aa44ae54,/arrays.cbl,.cbl,436,True,13,0,0,13,0.0,fixed,3,False,False,0,0,0,0,0,1,ARRAYS,true,unknown,COBOL-85,fixed,education-tutorial,demo,toy-or-hello-world,high,Simple array/table demonstration; OCCURS with INDEXED BY and END PROGRAM terminator are COBOL-85 features,Basic demonstration of COBOL table/array usage with OCCURS and INDEXED BY
7afa2761430cc6a596bacdcb46f1bc64e9485fa5,/PRODALT.cbl,.cbl,5860,True,164,17,1,146,0.007,fixed,4,False,False,0,0,13,0,0,24,PRODUTO,true,other-vendor,COBOL-85,fixed,retail-commerce,batch,student-exercise,medium,"Likely a Brazilian microcomputer COBOL environment (e.g., COBOL/400, RM-COBOL, or similar PC-based COBOL used in Brazil). Uses SCREEN SECTION with ACCEPT/DISPLAY AT line/col, DECIMAL-POINT IS COMMA, VALUE OF FILE-ID, and Portuguese identifiers. Possibly Micro Focus or ACU variant targeting DOS/Windows.","Product/merchandise inventory management - updating product records including code, name, quantity, unit cost and total cost"
dd182cbf803f37a10a80af3cf68fe4478498b967,/rutinas1.cbl,.cbl,852,True,27,0,6,21,0.222,fixed,3,False,False,0,0,3,0,0,0,RUTINAS1,true,gnucobol,COBOL-85,fixed,education-tutorial,demo,student-exercise,high,Compiled with GnuCOBOL (cobc) as indicated by 'Tectonics: cobc' comment,Learning exercise demonstrating PERFORM and paragraph (routine) structure in COBOL
c85c80eb2bc2c8f04d20138d569117de751383ba,/CL15EJ01.v.1.1.cbl,.cbl,16747,True,462,90,37,335,0.099,fixed,4,False,False,2,0,28,0,0,20,CL15EJ01,true,gnucobol,COBOL-85,fixed,education-tutorial,batch,student-exercise,high,GnuCOBOL (cobc) student exercise; Spanish-language comments and identifiers; DECIMAL-POINT IS COMMA; LINE SEQUENTIAL files with relative paths,University or vocational COBOL course exercise matching employees with their sales records (apareo = merge/match)
9a6a7ef70054451a303f700a46165e4c8b0449d8,/tempCodeRunnerFile.cbl,.cbl,55,True,1,0,0,1,0.0,unknown,0,False,False,0,0,0,0,0,0,,,,,,,,,,,
01c115e2dc84468e972bc458e383da050d80dfb4,/SALE_REPORT.CBL,.CBL,5134,True,155,18,0,137,0.0,fixed,4,False,False,0,0,13,0,0,26,SALE_REPORT,true,gnucobol,COBOL-85,fixed,retail-commerce,batch,student-exercise,high,"Likely GnuCOBOL or similar open-source COBOL; uses LINE SEQUENTIAL, GOBACK, and 88-level condition names typical of COBOL-85. Author name 'GluayHom' suggests Thai origin, possibly academic.","Shop sales reporting: reads shop receipts data file with header and detail records, produces a formatted sales report per shop"
3fffefe52d5b3913974c9167f5626d1485b86461,/petstore.cbl,.cbl,2638,True,69,10,5,54,0.085,fixed,3,False,False,0,0,4,0,0,11,PETSTORE,true,unknown,COBOL-85,fixed,demo-example,demo,student-exercise,high,Standard COBOL-85 features used; no vendor-specific extensions detected. Likely compiled with GnuCOBOL or similar open-source compiler given the educational/demo nature.,Petstore point-of-sale cash register simulation
c4b50d5a1fbe46c30ca84085d3096d14b2b083d3,/NETCALC.cbl,.cbl,546,True,17,3,0,14,0.0,fixed,2,False,False,0,0,0,0,0,5,NETCALC,true,unknown,COBOL-85,fixed,payroll-hr,subprogram,snippet,medium,"Simple subprogram with LINKAGE SECTION and END PROGRAM; AS clause in PROGRAM-ID suggests Micro Focus or similar vendor extension, but insufficient evidence to confirm",Payroll net pay calculation subprogram
04db07df088b136f11f64d356c2ef3abfa1042b9,/calc-expenses.cbl,.cbl,2439,True,80,16,0,64,0.0,fixed,4,False,False,0,0,1,0,0,33,CALC-EXPENSES,true,gnucobol,COBOL-85,fixed,accounting-erp,batch,student-exercise,medium,Likely GnuCOBOL or similar open-source COBOL; uses LINE SEQUENTIAL organization and CSV file handling typical of GnuCOBOL; SD for sort file defined but SORT verb not used,Expense report processing - reads CSV expense reports for a location called CASABLANCA and writes sorted output
06de221733c92bb281cf5ba5355b115a4096938c,/datetime.cbl,.cbl,2821,True,85,13,20,52,0.278,fixed,4,False,False,3,0,4,0,0,0,DATETIME,true,gnucobol,COBOL-85,fixed,demo-example,demo,student-exercise,high,Written to run under both GnuCOBOL (cobc -std=ibm) and RainCode COBOL; comments explicitly reference both compilers. IBM-compatible fixed format.,Date and time display utility showing current date/time in English and French formats
53f17f710d41d7ad4048ae5b536c1e8a7caa768c,/BossioCodingAsst.cbl,.cbl,5068,True,144,20,0,124,0.0,fixed,4,False,False,0,0,6,0,0,33,BOSSIO-CODING-ASST,true,gnucobol,COBOL-85,fixed,education-tutorial,batch,student-exercise,high,"Standard COBOL-85 style, likely compiled with GnuCOBOL or similar open-source compiler given LINE SEQUENTIAL organization and flat file usage; no mainframe-specific extensions",Student inventory management assignment by Lucius Bossio
0eb54924286bef5f70f100b0f66987c4ba1ef750,/05-Calculadora.cbl,.cbl,2768,True,79,9,0,70,0.0,fixed,4,False,False,0,1,0,0,0,18,CALCULADORA,true,gnucobol,COBOL-85,fixed,education-tutorial,demo,student-exercise,high,GnuCOBOL (OpenCOBOL) indicated by CALL 'C$SLEEP' which is a GnuCOBOL/ACUCOBOL runtime library routine; SCREEN SECTION with LINE/COLUMN clauses and DECIMAL-POINT IS COMMA suggest Brazilian Portuguese locale,"Simple calculator exercise, likely a Brazilian COBOL student assignment"
5b9476ea6e81633702f1580253b3af4c58bb4b43,/Program4.cbl,.cbl,27370,True,697,96,93,508,0.155,fixed,4,False,False,0,3,28,0,0,170,MEDICINESHOWINVEN,true,gnucobol,COBOL-85,fixed,healthcare-medical,batch,student-exercise,high,"Likely compiled with GnuCOBOL (OpenCOBOL); uses LINE SEQUENTIAL organization, no COMP-3, no EXEC SQL/CICS, standard COBOL-85 constructs including 88-level condition names, OCCURS, REDEFINES, INDEXED BY, and SORT/MERGE verbs","Medicine/pharmaceutical warehouse inventory management - sorting and merging warehouse product records from three warehouse files (NV10, CA20, WA30) and producing a sales/inventory report"
b05e5a2e285212dc500bf63029d803d4ef71ced8,/ox.cbl,.cbl,2250,True,75,4,0,71,0.0,fixed,3,False,False,0,0,16,0,0,7,OX,true,gnucobol,COBOL-85,fixed,demo-example,demo,student-exercise,high,Standard COBOL-85 compatible; likely compiled with GnuCOBOL given GOBACK and modern inline PERFORM usage,Tic-tac-toe (noughts and crosses) game implementation
9d33dec4e8281e517aaa35df96d9d27a34ecf58a,/a3.cbl,.cbl,4828,True,176,17,15,144,0.094,free,4,False,False,0,0,6,0,0,9,a3,true,gnucobol,COBOL-85,free,education-tutorial,batch,student-exercise,high,Free-format style with *> inline comments and END-READ/END-PERFORM terminators; likely compiled with GnuCOBOL or similar open-source compiler,Student exercise converting Roman numeral strings to integers by reading from a sequential file
1677bdced9df18c35746fd074d4cbc067c545e43,/plus5numbers.cbl,.cbl,1578,True,76,22,0,54,0.0,fixed,4,False,False,0,0,3,0,0,7,PLUS5NUMBERS,true,gnucobol,COBOL-85,fixed,education-tutorial,batch,student-exercise,high,Likely GnuCOBOL or similar open-source COBOL; uses LINE SEQUENTIAL organization which is common in GnuCOBOL/open-source environments,Simple file processing exercise reading numbers from a text file and adding 5 to each
78c18948ba78dcb608f88040227f767038a508a2,/VALEMAIL.cbl,.cbl,2841,True,75,8,7,60,0.104,fixed,3,False,False,0,0,3,0,0,5,VALEMAIL,true,gnucobol,COBOL-85,fixed,education-tutorial,demo,student-exercise,high,"GnuCOBOL (cobc) as indicated by 'Tectonics: cobc' comment; uses COBOL-85 features like 88-level condition names with FALSE clause, SET TO TRUE/FALSE, EXIT PERFORM",Student exercise for email address validation in Portuguese
668198fa461bed818ca3552e30103e586ffac21c,/SimpleCalculator.cbl,.cbl,1118,True,28,0,1,27,0.036,fixed,4,False,False,0,0,0,0,0,3,SIMPLE,true,unknown,COBOL-85,fixed,education-tutorial,demo,toy-or-hello-world,high,Simple educational calculator; no vendor-specific extensions. PROGRAM-ID has a space ('SIMPLE CALCULATOR') which is non-standard but tolerated by some compilers.,Basic arithmetic demonstration for learning COBOL
3126c3cc1f465ac2c7925cd48d140a44c625eb7e,/JIM.CBL,.CBL,21000,False,0,0,0,0,0.0,unknown,0,False,False,0,0,0,0,0,0,,,,,,,,,,,
8230cc5d30893b0324321e966b69736594ae7a9b,/HELLOWORLD.cbl,.cbl,971,True,31,0,18,13,0.581,fixed,4,False,False,0,0,0,0,0,0,HELLOWORLD,true,gnucobol,COBOL-85,fixed,demo-example,demo,toy-or-hello-world,high,GnuCOBOL template; 'Tectonics: cobc' comment indicates cobc compiler (GnuCOBOL),Hello World demonstration program
041e08a3df6700ec49fb9082dac28c7bee0eaf5e,/002-tablasMultiplicar.cbl,.cbl,1829,True,64,10,6,48,0.111,fixed,3,False,False,0,0,6,2,0,4,TABLAS-MULTIPLICAR,true,gnucobol,COBOL-85,fixed,education-tutorial,demo,student-exercise,high,Compiled with GnuCOBOL (cobc) as indicated by 'Tectonics: cobc' comment; uses standard COBOL-85 constructs,"Simple multiplication table exercise in Spanish, likely a student assignment"
fd98f24bea242457f620b82fc9b578313b1a3a3b,/CREATE-BANK-ACCOUNT.cbl,.cbl,1541,True,42,0,6,36,0.143,fixed,4,False,False,0,0,0,0,0,5,CREATE-BANK-ACCOUNT,true,gnucobol,COBOL-85,fixed,banking-finance,batch,student-exercise,high,GnuCOBOL (cobc) indicated by 'Tectonics: cobc' comment and ORGANISATION IS LINE SEQUENTIAL spelling,Simple bank account creation utility writing account records to a flat file
44ac89ca9ef04bd438c7d268e4874fda98d1c564,/TRADER9.cbl,.cbl,362,True,16,5,0,11,0.0,fixed,3,False,False,0,0,0,0,0,0,TRADER9,true,gnucobol,COBOL-85,fixed,retail-commerce,unknown,snippet,low,Likely GnuCOBOL or similar open-source COBOL; LINE SEQUENTIAL organization and quoted filename suggest PC/open-source environment,Appears to be a trading/financial data processing program reading from a trader data file
745229badc227f8731481f81d8f29b0891a036c9,/caesarCipher.cbl,cbl_files_lowercase.csv,3738,True,117,16,0,101,0.0,unknown,1,False,False,0,0,4,0,0,14,caesar,true,unknown,COBOL-85,mixed,education-tutorial,demo,student-exercise,high,"Generic COBOL-85 style; uses FUNCTION MOD, FUNCTION UPPER-CASE, FUNCTION TRIM, FUNCTION REVERSE — intrinsic functions introduced in COBOL-85/2002. No vendor-specific extensions visible.",Caesar cipher encryption and decryption exercise
55a9b7fb477f29b5d6876700d6ebe62ced34e615,/hopper.cbl,.cbl,5515,True,92,2,0,90,0.0,fixed,4,False,False,0,40,0,0,0,0,IMAGES,true,gnucobol,COBOL-85,fixed,demo-example,demo,toy-or-hello-world,high,Uses CBL_OC_NANOSLEEP which is a GnuCOBOL (OpenCOBOL) built-in system routine,ASCII art animation tribute to Rear Admiral Grace Hopper with historical text about COBOL
54e35974636ad1e9137590a7380c7635fe88b3a1,/Program1.cbl,.cbl,17282,True,409,57,0,352,0.0,fixed,4,False,False,0,0,2,0,0,147,A4-SalaryReport,true,gnucobol,COBOL-85,fixed,education-tutorial,batch,student-exercise,high,Student assignment compiled with GnuCOBOL; uses LINE SEQUENTIAL organization and relative file paths typical of GnuCOBOL on Windows/Linux desktop,University/college programming assignment (Assignment 4) producing an employee salary report with pay increase calculations by job classification
f1d1169e724c515499c96158f8329d732eceb8ed,/Grade.cbl,.cbl,2509,True,88,15,0,73,0.0,fixed,4,False,False,0,0,3,0,0,16,GRADE,true,unknown,COBOL-85,fixed,education-tutorial,batch,student-exercise,high,Standard COBOL-85 features used; no vendor-specific extensions visible. Likely compiled with GnuCOBOL or similar open-source compiler given student context.,Student grade point average calculation from a subject grade file
5a016ae25680b86ae9637b4698614ac4ea18c9b9,/operacoes.cbl,.cbl,1990,True,48,2,12,34,0.261,fixed,0,False,False,0,0,1,0,0,10,VERBS,true,unknown,COBOL-85,fixed,education-tutorial,demo,student-exercise,high,Simple educational program demonstrating arithmetic verbs; no vendor-specific extensions. INITIALIZE REPLACING syntax is COBOL-85+.,Demonstrates basic COBOL arithmetic and data movement verbs for learning purposes
13c9e08b91ecc29f8f025842123a04feaed2bb99,/calculadora3.cbl,.cbl,6185,True,212,39,0,173,0.0,fixed,3,False,False,0,0,33,0,0,18,REPASO-3,true,gnucobol,COBOL-85,fixed,education-tutorial,demo,student-exercise,high,"Standard COBOL-85 style, likely compiled with GnuCOBOL; no vendor-specific extensions. Spanish-language prompts suggest Latin American educational context.",Student exercise implementing a simple calculator and iteration demo with Spanish-language menus
81ed52f08929c88815a8cf5bb2ef2c3e3056bfc3,/HELLO.CBL,.CBL,261,True,10,1,4,5,0.444,fixed,2,False,False,0,0,0,0,0,0,HELLOCBL,true,unknown,COBOL-85,fixed,demo-example,demo,toy-or-hello-world,high,Minimal hello-world program; no vendor-specific extensions visible. Standard fixed-format COBOL.,Classic hello-world demonstration program
a97484875d22cf98751d878cb4b788d2a1a9816b,/HelloWorld.cbl,.cbl,126,True,7,1,0,6,0.0,free,2,False,False,0,0,0,0,0,0,hello,true,unknown,COBOL-85,free,demo-example,demo,toy-or-hello-world,high,Minimal hello-world; free-format style with END-DISPLAY and GOBACK suggests COBOL-85 or later. No vendor-specific extensions visible.,Classic Hello World demonstration program
bfcbb80bf601af70d74ffa24fdb1b8bb58c5fa8e,/gpar.cbl,.cbl,4108,True,92,0,0,92,0.0,unknown,0,False,False,0,0,0,0,0,0,,,,,,,,,,,
d2b455c796b4bca7763bd482c4e0ef56b319ebb9,/CM201M.CBL,.CBL,6995,True,88,1,4,83,0.046,fixed,4,False,False,0,0,0,2,0,18,CM2014,true,unknown,COBOL-74,fixed,test-suite,test,production-like,high,"CCVS-74 (COBOL Compiler Validation System, Version 4.0, 1980) test suite program from the US General Services Administration Federal Compiler Testing Center. Uses COMMUNICATION SECTION with CD entries, RECEIVE/SEND/ENABLE verbs typical of COBOL-74 inter-program communication features.","COBOL compiler validation suite (CCVS-74) testing COMMUNICATION SECTION features including RECEIVE, SEND, ENABLE verbs and message queuing"
bae6d26c0fbe41ba6e9de5fce8119852340f0372,/DateTst.cbl,.cbl,438,True,12,3,0,9,0.0,fixed,0,False,False,0,0,0,0,4,8,,,,,,,,,,,
31d74b6bd3e6b6e11574a063f44385c2cc49b8ad,/TestGetMatches.cbl,.cbl,4954,True,134,18,8,108,0.069,fixed,1,False,False,2,5,2,0,0,20,TestGetMatches,true,micro-focus,COBOL-85,fixed,test-suite,test,production-like,high,"Micro Focus COBOL using MFUnit test framework (mfunit_prototypes.cpy, mfunit.cpy), with Micro Focus-specific features like $region/$end-region directives, ENTRY with string concatenation (MFU-TC-PREFIX & TEST-TESTGETMATCHES), and z-string literals (z""..."")","Unit test fixture for an airport code lookup library (AirportLinkLibrary/AIRCODE), testing the get-matches function that finds airport codes by prefix"
87a1ccd6958f11f3903936527294474aaf126093,/demo_report.cbl,.cbl,16553,True,524,126,42,356,0.106,fixed,4,True,False,0,0,42,0,0,48,DEMO-REPORT,true,gnucobol,COBOL-85,fixed,demo-example,batch,production-like,high,"GnuCOBOL with OcesSQL (Open COBOL ESQL) for PostgreSQL connectivity; uses *> comment style, EXEC SQL with PostgreSQL-specific connection string format 'postgres@db:5432'",Demonstration report generator reading from a PostgreSQL database table and writing a formatted text report file
eef59988fc0d818d2d4fa662cf3c04289dae61b5,/CBSRGDBB.cbl,.cbl,6296,True,178,7,19,152,0.111,fixed,4,True,True,2,0,4,0,0,12,CBSRGDBB,true,ibm-mainframe,COBOL-85,fixed,banking-finance,online-cics,production-like,high,"IBM mainframe CICS/DB2 program; uses SYSIBM.SYSDUMMY1 (DB2-specific), EXEC CICS RETURN, DFHCOMMAREA, and SQLCA include — classic IBM CICS/DB2 pattern",Core Banking System (CBS) — account registration/activation module. Checks if an account exists in CBS_ACCT_MSTR_DTL and activates it from INACTIVE to ACTIVE status.
a6798cab1bbd1e6a3286d0e252fbec04cc2d7acc,/dfuwfuhfuhfui.cbl,.cbl,773,True,26,6,2,18,0.1,fixed,3,False,False,0,0,0,0,0,1,DELA-CRUZ-ACTIVITY3,true,rm-cobol,COBOL-85,fixed,education-tutorial,demo,student-exercise,high,Likely RM-COBOL or ACU-style dialect given DISPLAY ... LINE nn COL nn and DISPLAY ERASE syntax; could also be Micro Focus. Student exercise named DELA-CRUZ-ACTIVITY3.,Student programming exercise (COBOL file handling menu)
4c12132fc6a899812db980d4b987d31b96506c3e,/COBLSC05.cbl,.cbl,19424,True,498,57,23,418,0.052,fixed,4,False,False,0,0,19,12,0,136,COBLSC05,true,gnucobol,COBOL-85,fixed,education-tutorial,batch,student-exercise,high,"Likely compiled with GnuCOBOL or similar PC-based COBOL (file paths use Windows backslash C:\IHCC\COBOL\, LINAGE clause, FUNCTION CURRENT-DATE, EVALUATE, 88-level condition names with VALUE THRU). Student assignment context suggests a PC COBOL environment such as GnuCOBOL or Micro Focus Personal COBOL.",Student programming assignment for Iowa Hills Community College (IHCC) COBOL course; generates a pop (soda) sales report for the Albia Soccer Club fundraiser
9662cef419db400ed4f5e6721d4902420433034d,/display_timing.cbl,.cbl,6629,True,235,87,7,141,0.047,fixed,4,False,False,0,0,22,0,0,29,display-timing,true,gnucobol,COBOL-85,fixed,demo-example,demo,student-exercise,high,"GnuCOBOL (cobc) as indicated by 'tectonics: cobc' comment; uses CONSTANT AS clause and ODO table, consistent with GnuCOBOL 2.x/3.x",Performance benchmarking of two different COBOL screen-writing syntaxes
bd8716ee9c68804b3101714f9f6635c050079ba0,/TEMPERATURA HISTÓRICA INDEXADA.cbl,.cbl,22413,True,537,100,85,352,0.195,fixed,4,False,False,0,0,31,0,0,30,TEMPERATURA,true,gnucobol,COBOL-85,free,education-tutorial,batch,student-exercise,high,"GnuCOBOL with $set sourceformat""free"" directive and screen section with foreground-color; Brazilian Portuguese comments and identifiers",Student project for recording and querying historical daily temperatures for the year 2023 using an indexed file
d8b4dfc5cc092473bc3f3bcf6b3c121172780abb,/lol-qwop.cbl,.cbl,110,True,6,0,0,6,0.0,free,2,False,False,0,0,0,0,0,0,LOLQWOP,true,unknown,COBOL-85,free,demo-example,demo,toy-or-hello-world,high,Minimal hello-world style program; no vendor-specific extensions visible,Trivial demonstration or joke program named after the QWOP browser game
5395f90774452617edbb955b6bcfe87f89325b48,/GEN-SEC.cbl,.cbl,2569,True,73,7,0,66,0.0,fixed,4,False,False,0,0,6,0,0,8,GEN-SEC,true,gnucobol,COBOL-85,fixed,education-tutorial,batch,student-exercise,high,Likely compiled with GnuCOBOL on Windows; file path references C:\Users\pc\Desktop\B\COBOL-FREE\BSEC.TXT suggesting a student/personal environment,Student exercise for generating/writing employee records to a sequential file
127e4878ef1920a8a29291378679ac4abf66450e,/write-score1.cbl,.cbl,1713,True,63,16,0,47,0.0,fixed,4,False,False,0,0,0,0,0,4,WRIE-SCORE1,true,unknown,COBOL-85,fixed,education-tutorial,batch,student-exercise,high,Simple student exercise; no vendor-specific extensions. LINE SEQUENTIAL organization suggests GnuCOBOL or similar open-source/PC COBOL environment.,"Student score recording exercise; writes student ID, midterm, final, and project scores to a sequential file."
a931f666596b352590a140ce32e425df9c6202c1,/CONBOLER.cbl,.cbl,13833,True,389,9,16,364,0.042,fixed,3,False,False,0,0,37,0,0,53,CONBOLER,true,unknown,COBOL-85,fixed,demo-example,demo,student-exercise,high,Standard COBOL-85 features used; no vendor-specific extensions detected. Likely compiled with GnuCOBOL or similar open-source compiler given the style and lack of mainframe-specific constructs.,Minesweeper game implementation in COBOL
c0a5ded8b4a7cc6e28e15c2b1d3b6677ce45667d,/averagecalculator.cbl,.cbl,1873,True,69,13,7,49,0.125,fixed,3,False,False,0,0,4,3,0,7,CalculadoraMediaSimples,true,gnucobol,COBOL-85,fixed,education-tutorial,demo,student-exercise,high,GnuCOBOL (cobc) as indicated by 'Tectonics: cobc' comment; Portuguese-language student exercise,"Simple arithmetic average calculator for student grades (notas), written in Brazilian Portuguese"
e4e76646ba08ef023208b3137d3f2103bb7b76fa,/lista16exercicio2v2.cbl,.cbl,19862,True,514,157,54,303,0.151,fixed,4,False,False,0,0,30,0,0,50,lista16exercicio2v2,true,gnucobol,COBOL-85,free,education-tutorial,batch,student-exercise,high,"GnuCOBOL with $set sourceformat""free"" directive and screen section with foreground-color; Brazilian Portuguese comments and content","Brazilian states and capitals quiz game for up to 4 players, likely a university exercise"
bb2c3a879fe991be045cea7e7f250adfab73af52,/CADTIPO.cbl,.cbl,13507,True,351,59,28,264,0.096,fixed,3,False,False,0,0,38,0,0,33,CADtipo,true,gnucobol,COBOL-85,fixed,accounting-erp,batch,student-exercise,medium,"Likely compiled with GnuCOBOL or similar open-source COBOL targeting disk-based indexed files; uses SCREEN SECTION with LINE/COL, ACCEPT/DISPLAY with AT coordinates, VALUE OF FILE-ID, and Decimal-point is comma (Brazilian Portuguese locale). Could also be Micro Focus or ACU, but the VALUE OF FILE-ID and ASSIGN TO DISK pattern is common in GnuCOBOL/older PC COBOL.","Asset/patrimony type registration system for a small company (SEMI-PARCAS CORP.), managing categories of assets such as furniture, electronics, IT equipment, and telephony."
c14f5fb97010831156401747d3488f601a4a7096,/Stack.cbl,.cbl,1104,True,46,8,2,36,0.053,free,3,False,False,0,0,3,0,0,4,Stack,true,gnucobol,COBOL-2002,free,education-tutorial,subprogram,student-exercise,high,"Uses GnuCOBOL/COBOL-2002+ features: IS GLOBAL, ODO (OCCURS DEPENDING ON), PIC X ANY LENGTH in linkage section, free-format source",Data structure demonstration — stack implementation
ee3f626c0eb0a5604aa0ac7877954e03b11ee250,/EMPLOYEE DATABASE.cbl,.cbl,3265,True,74,8,21,45,0.318,fixed,3,False,False,0,0,9,0,0,7,EMPLOYEE-DATABASE,true,gnucobol,COBOL-85,fixed,education-tutorial,demo,student-exercise,high,Explicitly states 'Created using GNU COBOL 3.1.2' in comments; uses *> inline comment style which is a GnuCOBOL/COBOL-2002 feature but program is otherwise COBOL-85 compatible,"Student exercise creating a simple employee database with name, hourly wage, and annual salary using COBOL tables and user input"
bbdd24db25900dae869ff11e03907da4e35c769b,/Default.aspx.designer.cbl,.cbl,612,True,17,5,7,5,0.583,fixed,0,False,False,0,0,0,0,0,0,,,,,,,,,,,
cedd70be3c44a9d07d38627b5816bdb549b17d26,/JM.CBL,.CBL,9370,True,236,28,13,195,0.062,fixed,4,False,False,0,0,18,0,0,36,JORNALMANCHETE,true,gnucobol,COBOL-85,fixed,education-tutorial,batch,student-exercise,high,"Likely compiled with GnuCOBOL or a similar open-source COBOL compiler targeting DOS/Windows; uses SCREEN SECTION with BACKGROUND-COLOR, REVERSE-VIDEO, HIGHLIGHT, BLANK SCREEN, and box-drawing characters typical of Brazilian academic COBOL projects. DECIMAL-POINT IS COMMA and Portuguese-language identifiers/messages confirm Brazilian locale.",Brazilian academic project (FATEC RL - LTP II course) managing newspaper headlines (manchetes de jornais)
2ad5cf5d162fcf93fb7cd81361e82c27d34982bc,/ingramDanielAsst2.cbl,.cbl,6098,True,190,38,6,146,0.039,fixed,4,False,False,0,0,6,0,0,51,InventoryProgram,true,gnucobol,COBOL-85,fixed,education-tutorial,batch,student-exercise,high,Likely compiled with GnuCOBOL or similar open-source COBOL; uses LINE SEQUENTIAL organization and standard COBOL-85 constructs. No vendor-specific extensions detected.,Student assignment for an inventory management report program
586c4882c38c320f45b46cdace353ae11a8ac7e7,/app3.cbl,.cbl,392,True,11,0,0,11,0.0,fixed,4,False,False,0,0,0,0,0,1,APP3,true,unknown,COBOL-85,fixed,education-tutorial,demo,toy-or-hello-world,high,Simple student exercise; no vendor-specific extensions. COBOL-85 inferred from WITH NO ADVANCING clause.,Basic student exercise demonstrating ACCEPT/DISPLAY interaction
4a664ae08d4f1c47648b0c8d323a63616b2d84cb,/principal.cbl,.cbl,5006,True,144,43,21,80,0.208,fixed,4,False,False,0,4,5,0,0,2,DBPrincipal,true,gnucobol,COBOL-85,free,healthcare-medical,batch,student-exercise,high,"GnuCOBOL with $set sourceformat""free"" directive; uses SCREEN SECTION with foreground-color, EVALUATE, and structured section naming typical of GnuCOBOL student projects","Maternity/obstetrics system managing records for mothers (Mae), babies (Bebe), births (Parto), and reports (Relatorio)"
34a58d6a9227d589e9149fa1ce0558b472f75ae3,/customer_record.cbl,.cbl,1787,True,21,0,1,20,0.048,fixed,0,False,False,0,0,0,0,0,16,,,,,,,,,,,
37a01ed77e39bb10a9aa57a94f6437b88d76cd0f,/sortandusing.cbl,cbl_files_lowercase.csv,707,True,30,3,0,27,0.0,fixed,4,False,False,0,0,0,0,0,6,HELLO,true,unknown,COBOL-85,fixed,education-tutorial,demo,student-exercise,high,Simple SORT...USING...GIVING example; no vendor-specific extensions visible,Demonstrates COBOL SORT verb with USING and GIVING phrases on student records
d02ef3bb9df1b57a06de74fc11a22222687facb4,/db_udcs.cbl,.cbl,6014,True,151,18,69,64,0.519,fixed,3,False,False,4,4,0,0,0,10,db_udcs,true,ibm-mainframe,COBOL-85,fixed,utility-tooling,demo,production-like,high,"IBM DB2 UDB COBOL sample program demonstrating DB2 API calls (sqlgcrea, sqlgdrpd) for database creation with user-defined collating sequence; uses COMP-5 and IBM-style COPY members (sqlca.cbl, sqlenv.cbl, sqlutil.cbl, sqle819a.cbl)",IBM DB2 UDB database administration sample — creates a database with a user-defined collating sequence (ISO 8859-1 mapped to EBCDIC CCSID 500) then drops it
86ca1f3b878839f47f44c6736fca35a184f5ae9b,/PERFORM-RUTINAS.cbl,.cbl,888,True,27,0,6,21,0.222,fixed,3,False,False,0,0,5,0,0,0,PERFORM-RUTINAS,true,gnucobol,COBOL-85,fixed,education-tutorial,demo,student-exercise,high,GnuCOBOL student exercise; 'Tectonics: cobc' in header confirms cobc compiler,Simple COBOL exercise demonstrating PERFORM with named paragraphs (routines)
8f681c483d5b5149a3759c383bd32ad6be3f707d,/ACPPRTPRMS.cbl,.cbl,53360,False,0,0,0,0,0.0,unknown,0,False,False,0,0,0,0,0,0,,,,,,,,,,,
592d3e46df0142d7c191419b7b9a35b71e50678b,/avg-cs-grade.cbl,.cbl,2887,True,77,6,0,71,0.0,fixed,4,False,False,0,0,4,0,0,11,AVG-CS-GRADE,true,gnucobol,COBOL-85,fixed,education-tutorial,batch,student-exercise,high,"Likely GnuCOBOL or similar open-source COBOL; uses LINE SEQUENTIAL, GOBACK, 88-level condition for EOF, EVALUATE TRUE — all standard COBOL-85 features. Thai academic context (author PISIT, grade scale with B+/C+ etc.) suggests GnuCOBOL on Linux.",Student exercise computing GPA/average grade for Computer Science subjects (CS prefix code '31') from a grade file
a1040b92302ec4d699b20074169c28a9583c0cf9,/calculate.cbl,.cbl,3552,True,91,9,5,77,0.061,fixed,4,False,False,0,11,13,0,0,4,calculate,true,gnucobol,COBOL-2002,fixed,utility-tooling,subprogram,production-like,high,"GnuCOBOL with MPFR (GNU Multiple Precision Floating-Point) library calls; uses *> comments, BINARY-LONG, USAGE POINTER, EXIT PERFORM CYCLE, and z-string literals — all GnuCOBOL extensions",Expression evaluator / calculator engine; arithmetic evaluation of a token list (post-parenthesis-removal) using MPFR arbitrary-precision arithmetic
06a35006bf83e74293961b189d3843bf0750e61d,/IMSCBLJB.cbl,.cbl,14700,True,361,25,97,239,0.289,fixed,4,False,False,2,11,26,0,2,44,IMSCBLJB,true,ibm-mainframe,COBOL-85,fixed,other,batch,production-like,high,"IBM Enterprise COBOL for z/OS with OO extensions (INVOKE, object references, REPOSITORY clause with Java class mappings); IMS MPP (Message Processing Program) using CBLTDLI; JNI interop via JNI copybook; CBL DLL,THREAD compiler options indicate z/OS DLL threading model",IMS MPP (Message Processing Program) sample demonstrating COBOL-to-Java interoperability via JNI on z/OS
b87a56172ffc5a48382e1d75a9c9690cf160c2ff,/cobpg.cbl,.cbl,3285,True,106,0,2,104,0.019,fixed,4,False,False,0,9,4,0,0,10,COBPG,true,gnucobol,COBOL-85,fixed,utility-tooling,demo,student-exercise,high,GnuCOBOL (cobc) with libpq PostgreSQL bindings; compile command in comments references 'cobc -Xref -P -Tcobpg.txt --tlines=0 --tsymbols -lpq -x cobpg.cbl',PostgreSQL database query utility demonstrating libpq C API calls from COBOL
e0996495b5cb9ec0dc8e4ebdf38ffbc2ce1859e7,/READ5.CBL,.CBL,2838,True,92,5,0,87,0.0,fixed,4,False,False,0,0,9,0,0,11,READ5,true,unknown,COBOL-85,fixed,education-tutorial,batch,student-exercise,high,"Standard COBOL-85 style; no vendor-specific extensions visible. Author name 'GluayHom' suggests Thai origin, possibly academic/training context.","Reading and summarizing a sequential member data file, counting gender and selection choices"
3f504a3a1e96a8cff21705297741b65a71776b57,/CALC_EVAL.cbl,.cbl,1807,True,45,0,6,39,0.133,fixed,3,False,False,0,0,0,0,0,7,CALC_EVAL,true,gnucobol,COBOL-85,fixed,education-tutorial,demo,student-exercise,high,"GnuCOBOL (cobc) as indicated by 'Tectonics: cobc' comment; uses EVALUATE, GOBACK, END PROGRAM",Student programming exercise implementing a simple four-function calculator
4d1d575b997b58c19738b80910f8889d17c7eeae,/Program2.cbl,.cbl,13850,True,374,57,42,275,0.132,fixed,4,False,False,0,0,11,0,0,78,FinalProject-DataSplitAndCount,true,gnucobol,COBOL-85,fixed,education-tutorial,batch,student-exercise,high,GnuCOBOL student project; uses LINE SEQUENTIAL organization and relative file paths typical of GnuCOBOL on Windows/Linux desktop environment,College final project (2021) for a COBOL programming course; data validation and splitting of transaction records
a828e330356efa08b2261a34f0fc4003314052c7,/HelloWorld.cbl,.cbl,184,True,7,1,0,6,0.0,fixed,3,False,False,0,0,0,0,0,0,HELLO-WORLD,true,unknown,COBOL-85,fixed,demo-example,demo,toy-or-hello-world,high,Minimal Hello World program; no vendor-specific extensions visible. COBOL-85 assumed as baseline.,Classic Hello World demonstration program
b278bd2bfc1591ad1323a42a386744643da37759,/DECODE04.cbl,.cbl,8084,True,224,53,52,119,0.304,fixed,4,False,False,0,2,3,0,0,6,DECODE04,true,gnucobol,COBOL-85,fixed,utility-tooling,subprogram,production-like,medium,"GnuCOBOL subprogram using BINARY-LONG SYNC, FUNCTION ALL INTRINSIC, ANY LENGTH, and COBDUMP utility call; Japanese comments encoded in Shift-JIS/latin-1 suggest Japanese development environment, possibly JMA ORCA or similar","Binary file record decoder/splitter that processes a binary buffer and extracts fixed-length records delimited by X'0D0A' (CRLF), returning them one at a time to a calling program"
ecb9d31291215c97deb2c2233c1ed5a96e3cc50c,/MyGrade.cbl,.cbl,4111,True,118,12,10,96,0.094,fixed,4,False,False,0,0,3,0,0,19,MYGRADE,true,gnucobol,COBOL-85,fixed,education-tutorial,batch,student-exercise,high,"Likely GnuCOBOL based on *> comment style, GOBACK, LINE SEQUENTIAL, and no vendor-specific extensions",Student grade calculation program reading subject grades from a file and computing weighted GPA average
a8a0a8d0a162f954745d0b1f84fe382037e2e652,/amfbprint-rev-prod.cbl,.cbl,623708,True,9243,478,551,8214,0.063,fixed,4,False,False,3,99,403,7,0,1688,AMOFLPRG,true,other-vendor,COBOL-85,fixed,accounting-erp,batch,production-like,high,"NEASI-WEBER ADMARC system (Advertising Management and Accounts Receivable Control), customized for New York Times. Uses vendor-specific COPY members (AMZFSTD, AMZRSEL, AMZMCOMP, etc.). Likely runs on a mid-range or PC-based COBOL environment given LINE SEQUENTIAL organization and no COMP-3 usage.","Advertising billing and accounts receivable for New York Times newspaper. Prints invoices from a select file of work orders, groups open items by account, and produces lockbox, settlement, credit card, FTP, and mag-tape output files."
5fa2d7b923229aa6cb0bdf77d7a7b0814bb713ab,/MARBLE07.cbl,.cbl,37420,True,463,1,175,287,0.379,fixed,4,True,True,0,0,21,0,1,35,MARBLE07,true,ibm-mainframe,COBOL-85,fixed,demo-example,online-cics,production-like,high,"IBM CICS/DB2 mainframe program; uses EXEC CICS for terminal I/O and EXEC SQL with DB2 table declarations (EVENT.MARBLE, EVENT.COLOR) and SQLCA include",Marble inventory management demo application (likely IBM Z/CICS tutorial or hackathon sample); manages marble color inventory via CRE/UPD/DEL CICS transactions against DB2 tables
6950b16cfe223c5052d4b240821270fb4367212b,/MAC200.CBL,.CBL,4968,True,102,16,0,86,0.0,unknown,0,False,False,0,0,0,1,0,0,,,,,,,,,,,
60194f119510d65d97123b80c3bbad1769d72c01,/G3-CAP1-MONTH-END.cbl,.cbl,3241,True,88,1,12,75,0.138,fixed,4,False,False,5,0,9,0,0,3,G3-CAP1-MONTH-END,true,unknown,COBOL-85,fixed,banking-finance,batch,student-exercise,high,"Student project (Group 3, dated 4/24/2014) using COBOL-85 structured constructs; no vendor-specific extensions visible",Credit card transaction processing - month-end balance recalculation for cardholder accounts
2a3563fb3ae39572e9fb1c9f56c55df5e53e4677,/ALUNO-PEGA.cbl,.cbl,725,True,25,4,0,21,0.0,fixed,3,False,False,0,1,1,0,0,4,ALUNO-PEGA,true,unknown,COBOL-85,fixed,education-tutorial,subprogram,student-exercise,high,"Simple subprogram, likely compiled with GnuCOBOL or similar free compiler given Portuguese-language identifiers and Brazilian academic context",Brazilian student exercise dealing with a list of students (alunos); retrieves a student name from a list by position
6bd041eddf0b833f22802c7a62336d4a6baa0c6a,/OccursDependingOn22.cbl,.cbl,998,True,21,0,0,21,0.0,fixed,0,False,False,0,0,0,0,0,14,,,,,,,,,,,
aa52c1190e7c7eb00042bdaa2eb0e08666163355,/day1.cbl,.cbl,2561,True,75,9,3,63,0.045,fixed,4,False,False,0,0,7,0,0,9,DAY1,true,gnucobol,COBOL-85,fixed,education-tutorial,batch,student-exercise,high,Likely compiled with GnuCOBOL; uses EXIT PERFORM and inline END-READ/END-PERFORM which are COBOL-85+ features. No vendor-specific extensions visible.,"Advent of Code Day 1 puzzle solution - reads lines from a file, extracts first and last digits from each line, forms a two-digit number, and sums them all"
dd4ea6ef116eb84a131ba66bf4616fc3f44422ce,/hello-world.cbl,.cbl,194,True,10,3,0,7,0.0,fixed,4,False,False,0,0,0,0,0,0,HELLO-WORLD,true,unknown,COBOL-85,fixed,demo-example,demo,toy-or-hello-world,high,Minimal hello-world program; no vendor-specific extensions visible. COBOL-85 assumed as baseline.,Classic hello-world demonstration program
b5b25c00c5b29ca0102434945a60a4bf98d068b1,/MyGrade.cbl,.cbl,3833,True,113,18,0,95,0.0,fixed,4,False,False,0,0,4,0,0,17,MY-GRADE,true,unknown,COBOL-85,fixed,education-tutorial,batch,student-exercise,high,"Standard COBOL-85 features used (EVALUATE, END-READ, END-PERFORM, END-IF, GOBACK, 88-level condition, LINE SEQUENTIAL). No vendor-specific extensions visible. Possibly compiled with GnuCOBOL or similar open-source compiler given student context.",Student grade calculation program computing GPA from a file of subject grades
eb43b77d3ec5b1824ac59788ec1ed58417216965,/helloworld.cbl,.cbl,355,True,11,1,1,9,0.1,fixed,2,False,False,0,0,0,0,0,0,HELLO-WORLD,true,unknown,COBOL-85,fixed,demo-example,demo,toy-or-hello-world,high,Minimal hello-world with no vendor-specific extensions; compatible with any standard COBOL compiler,Classic hello-world demonstration program
9f75a6cdf9f0a8b71f60af5f75cad4223ba6310b,/Alumnos_1.cbl,.cbl,2408,True,71,12,0,59,0.0,fixed,1,False,False,0,0,3,0,0,20,DATA,true,unknown,COBOL-85,fixed,education-tutorial,demo,student-exercise,medium,"Simple student exercise, no vendor-specific extensions. PROGRAM-ID has no name (just 'DATA' parsed as program-id token), suggesting a beginner error. END-IF and INITIALIZE suggest COBOL-85 minimum.","Student exercise evaluating whether applicants (alumnos/postulantes) meet enrollment requirements: minimum age, secondary school completion, and career status."
e263b39283a51951c707c6ed494209c760ada362,/lista11exercicio3adaptado.cbl,.cbl,18081,True,497,90,45,362,0.111,fixed,4,False,False,0,0,29,0,0,23,lista11exercicio3adaptado,true,gnucobol,COBOL-85,free,education-tutorial,batch,student-exercise,high,"GnuCOBOL free-format source indicated by '$set sourceformat""free""' compiler directive; Brazilian Portuguese comments and identifiers; student exercise from 2020","Student exercise (lista11exercicio3adaptado) implementing a student registration system with indexed file I/O, written in Brazilian Portuguese"
fe7d3bba55244134f0c1f1a93688b65b0a2bb0ce,/quiz.cbl,.cbl,521,True,14,1,0,13,0.0,fixed,3,False,False,0,0,0,0,0,1,quiz,true,unknown,COBOL-85,fixed,education-tutorial,demo,toy-or-hello-world,high,Simple interactive quiz program; no vendor-specific extensions visible. COBOL-85 inferred from END-IF and THEN clause usage.,Simple interactive yes/no quiz about ice cream preferences
b1da3e68453e8e5dcba31eb3fff8da412ae0c6ab,/TODYNAM6.cbl,.cbl,526,True,17,2,1,14,0.067,fixed,3,False,False,0,4,0,0,0,1,TODYNAM6,true,ibm-mainframe,COBOL-85,fixed,demo-example,demo,snippet,high,"IBM Enterprise COBOL; CBL compiler options including OPT(2), NODYNAM, ARCH(12), TUNE(12), DISPSIGN(SEP) are IBM z/OS Enterprise COBOL directives. The program name TODYNAM6 suggests it is a test/demo of dynamic vs non-dynamic CALL behavior (NODYNAM option).",Demonstrates IBM Enterprise COBOL NODYNAM compiler option behavior with both identifier-based and literal-based CALL statements
e68bf3e27cf5a0a5bba47812a621a4a927b9828c,/read5.cbl,.cbl,1928,True,63,1,0,62,0.0,fixed,4,False,False,0,0,5,0,0,7,READ5,true,gnucobol,COBOL-85,fixed,education-tutorial,batch,student-exercise,high,"Simple sequential file reader, likely compiled with GnuCOBOL or similar open-source COBOL; GOBACK usage and structure are consistent with GnuCOBOL/IBM-compatible COBOL-85",Student exercise reading a sequential member file (MEMBER51.DAT) and displaying records
ca9086fb31e436bca22f55fdad02340f8fb6b854,/Seqread.cbl,.cbl,1217,True,40,3,0,37,0.0,fixed,4,False,False,0,0,2,0,0,8,SeqRead,true,unknown,COBOL-85,fixed,education-tutorial,batch,student-exercise,high,Standard COBOL-85 with LINE SEQUENTIAL and 88-level condition name for EOF; no vendor-specific extensions visible,Student records file processing exercise
d9c3ac7b5defcdfb8be0b7101f1ccc6b8d1224dd,/BVZZ1.cbl,.cbl,10574,True,347,29,137,181,0.431,fixed,4,False,False,19,3,5,6,2,28,BVZZ1,true,ibm-mainframe,COBOL-85,fixed,insurance,subprogram,production-like,high,"IBM AS/400 (iSeries) COBOL, part of a CSC (Computer Sciences Corporation) insurance/life system framework using MAINB batch driver pattern with BUPA/BSSC/BPRD/BSPR linkage records",Life insurance policy administration - generates data to file ZZZ1PF based on CHDRLNB (contract header line) records filtered by account type and validity flags
d63a269d655d09158cf8568bddb5ceff2e2365e9,/envelopes.cbl,.cbl,2124,True,66,6,13,47,0.217,free,3,False,False,0,0,4,0,0,5,ENVELOPES,true,gnucobol,COBOL-85,free,demo-example,demo,student-exercise,high,"GnuCOBOL (open-cobol) compiled with 'cobc -free' on macOS via Homebrew, as indicated by the shebang-style comments at the top","Probabilistic simulation of the two-envelope problem, computing expected value for each cutoff strategy"
0fd592d83a2cd52b941b1bc9deeb2580ea3e66c0,/hello.cbl,.cbl,194,True,6,0,1,5,0.167,fixed,2,False,False,0,0,0,0,0,0,HELLO,true,unknown,COBOL-74,fixed,demo-example,demo,toy-or-hello-world,high,Minimal hello-world; no vendor-specific extensions. The lack of ENVIRONMENT and DATA divisions and the simple DISPLAY/STOP RUN pattern is consistent with COBOL-74 or earlier style.,Classic hello-world demonstration program
f1fa77f2110caba689bfbda67b22341bf4b46243,/NestedIFExample.cbl,cbl_files_lowercase.csv,670,True,31,3,1,27,0.036,fixed,3,False,False,0,0,0,0,0,4,Nested-IFs,true,unknown,COBOL-85,fixed,education-tutorial,demo,student-exercise,high,Simple educational example demonstrating nested IF statements; no vendor-specific extensions. COBOL-85 inferred from END-IF scope terminators and THEN keyword usage.,Demonstrates nested IF/ELSE logic with ACCEPT/DISPLAY and basic arithmetic
d299ff58ac9b26825ad1a8f83f9c06ed1cb72a4b,/Z95619.CBL(PBEGIDX).cbl,.cbl,7901,True,209,0,17,192,0.081,fixed,4,False,False,0,0,16,0,3,20,PBEGIDX,true,ibm-mainframe,COBOL-85,fixed,banking-finance,subprogram,student-exercise,medium,"IBM mainframe style VSAM KSDS indexed file I/O subprogram; uses RETURN-CODE special register, GOBACK, COMP-3, fixed format, typical of IBM Enterprise COBOL","Customer record management with ID, currency, name, birthday, and balance fields suggesting a banking or financial account system"
0751f2d6a442b3177638ed4df00b8823f7ab9266,/Data3.cbl,.cbl,1542,True,46,0,0,46,0.0,fixed,3,False,False,0,0,0,0,0,5,DATA3,true,unknown,COBOL-85,fixed,education-tutorial,demo,student-exercise,high,"Simple educational COBOL program, no vendor-specific extensions. Likely compiled with GnuCOBOL or similar free compiler for teaching purposes.","Demonstrates COBOL data types, MOVE statement behavior, truncation, and padding with alphanumeric and numeric fields"
d467dfebba09bed016d321a6b968747feb2c22c0,/fibbonaci.cbl,.cbl,643,True,26,2,0,24,0.0,unknown,3,False,False,0,0,1,0,0,6,HELLO-WORLD,true,unknown,COBOL-85,free,education-tutorial,demo,student-exercise,high,"Simple standard COBOL, no vendor-specific extensions; PROGRAM-ID HELLO-WORLD is a misnomer for a Fibonacci program",Fibonacci sequence computation as a learning exercise
90ba5251933e4de911cf9904c33dcaf794a487f2,/PROG0010.cbl,.cbl,8090,True,194,24,14,156,0.082,fixed,4,False,False,0,0,5,0,0,72,PROG0010,true,ibm-mainframe,COBOL-85,fixed,education-tutorial,batch,student-exercise,high,"IBM mainframe-style COBOL, likely compiled with IBM COBOL for z/OS or compatible; uses GOBACK, BLOCK CONTAINS 0 RECORDS, and IBM-3083 as SOURCE/OBJECT-COMPUTER. File paths suggest PC/Windows environment (G:\cobol\archivos\), possibly a student exercise targeting IBM dialect.","Banking/HR context (Banco de los Lagos employee file processing), but structured as a student exercise at a training center (CENTRO DE CAPACITACION)"
aee68410b64ff855455a066bd45de1260bbc4764,/File_Handling.cbl,.cbl,1795,True,67,10,0,57,0.0,fixed,3,False,False,0,0,6,0,0,5,StudentInfoProgram,true,unknown,COBOL-85,fixed,education-tutorial,demo,student-exercise,medium,Generic COBOL-85 style; uses EVALUATE/END-EVALUATE and inline PERFORM with END-PERFORM. The 'FILE NAME IS FileName' clause on OPEN OUTPUT is non-standard and may not compile on most compilers without extensions.,Student information management demo illustrating file handling concepts
3092a3a8cd8cd6e238dc78978c3508700bde77b1,/TFinal_808_JoaoLeigo.cbl,.cbl,116721,True,2784,207,8,2569,0.003,fixed,4,False,False,0,0,179,0,0,121,TAREFA_FINAL,true,gnucobol,COBOL-85,fixed,retail-commerce,batch,student-exercise,high,"GnuCOBOL (cobc) student project; uses SCREEN SECTION, ACCEPT/DISPLAY with AT coordinates, FOREGROUND-COLOR, BLANK SCREEN, ORGANISATION IS INDEXED, LINE SEQUENTIAL — all typical GnuCOBOL features. Tectonics comment says 'cobc'.","Library book rental management system (Portuguese: 'VILABIBLIO' — gestão de aluguer de livros). Manages clients, books, themes, authors, and rentals."
c1847d8664b20d42bd939603d54320e3dd9d8f06,/mult.cbl,.cbl,1072,True,46,6,2,38,0.05,free,0,False,False,0,0,0,0,0,0,,,,,,,,,,,
bab02b8a5c5f275599d34c0e1652943d7aa62979,/DEL-INDR.cbl,.cbl,2463,True,72,16,1,55,0.018,fixed,4,False,False,0,0,4,0,0,9,BUS-RAN,true,other-vendor,COBOL-85,fixed,education-tutorial,batch,student-exercise,high,"Likely RM-COBOL or ACU-style dialect given DISPLAY ... LINE ... POSITION ... ERASE screen handling syntax, common in PC/microcomputer COBOL environments (e.g. RM-COBOL, Micro Focus, or similar Latin American educational tools)","Student exercise for indexed file deletion; manages a customer (CLIENTES) indexed file with fields for client ID, name, card ID, card type, annual fee, and registration date"
1ffa68eace4421b7a2e19a880a09eb752404c720,/test.cbl,.cbl,36,True,3,0,3,0,1.0,free,0,False,False,0,0,0,0,0,0,,,,,,,,,,,
c44761f7e8031992eef2ef3653b034d0c60a5ee8,/CONDICIONES.cbl,.cbl,768,True,30,5,3,22,0.12,fixed,3,False,False,0,0,0,0,0,4,CONDICIONES,true,unknown,COBOL-85,fixed,education-tutorial,demo,toy-or-hello-world,high,Simple educational example with nested IF/END-IF blocks; no vendor-specific extensions,Demonstrates nested conditional (IF/ELSE/END-IF) logic in COBOL
8ccdf36303878b8bb2c5b09c4e6ea346bda251d7,/honda_62.cbl,.cbl,475136,False,0,0,0,0,0.0,unknown,0,False,False,0,0,0,0,0,0,,,,,,,,,,,
c9764fdf0d43b085b3c4c5a8a2407d1e2a52604d,/conversortemp.cbl,.cbl,1525,True,38,3,6,29,0.171,fixed,3,False,False,0,0,0,0,0,5,CONVERSOR-TEMPERATURA,true,gnucobol,COBOL-85,fixed,education-tutorial,demo,student-exercise,high,GnuCOBOL (cobc) as indicated by 'Tectonics: cobc' comment; standard COBOL-85 constructs used,Simple temperature conversion exercise (Celsius to Fahrenheit and vice versa)
3ce54b44bfcad79e43f99e4a993c1ab09d0641ee,/KFTSCP3.cbl,.cbl,1345,True,30,0,5,25,0.167,fixed,0,False,False,0,0,0,0,0,16,,,,,,,,,,,
336ca5086d7142e0a4ee026b673fc73a87c098da,/CONTROL_B3.cbl,.cbl,7850,True,265,77,5,183,0.027,fixed,4,False,False,0,0,13,0,0,42,Control_B3,true,gnucobol,COBOL-85,fixed,education-tutorial,batch,student-exercise,high,"Likely compiled with GnuCOBOL or similar open-source COBOL; uses LINE SEQUENTIAL, GOBACK, and structured PERFORM THRU patterns typical of GnuCOBOL student exercises",Sales or branch income reporting exercise reading a flat data file and producing a grouped summary report
12af2eb17620c7523c769c93e666bf2485c6c18a,/menu.cbl,.cbl,2769,True,78,10,8,60,0.118,fixed,2,False,False,0,0,3,0,0,9,LeMenu,true,gnucobol,COBOL-85,fixed,banking-finance,online-cics,student-exercise,medium,"GnuCOBOL/OpenCOBOL style with SCREEN SECTION, Background-color/Foreground-color clauses, and French-language identifiers; authored by Olivier DOSSMANN","Bank account management menu system (Gestion de la banque) with options for account import, bank list, account list, RIB key control, and client management"
6bef337b5db6acbd0eeb8209b05a738c1dcc478c,/test.cbl,.cbl,4083,True,124,26,4,94,0.041,fixed,4,True,True,1,0,1,0,8,22,JKEMLISS,true,ibm-mainframe,COBOL-85,fixed,banking-finance,online-cics,production-like,high,"IBM mainframe CICS/DB2 program; uses DFHCOMMAREA, EIBCALEN, EXEC CICS, EXEC SQL with DB2 cursor, SQLCA, COMP-3 packed decimal","Mortgage loan search application; queries a DB2 table JKEMORT.MORTGAGE for matching loan products based on loan amount, interest rate, and term"
cc549556aa642bfbd16815fa85e59e9baad67f18,/p4.cbl,.cbl,1037,True,33,0,0,33,0.0,fixed,0,False,False,0,0,2,0,0,8,HELLO-WORLD,true,unknown,COBOL-85,fixed,demo-example,demo,student-exercise,medium,Standard COBOL-85 features used; no vendor-specific extensions visible. Uses FUNCTION REVERSE and inline END-IF which are COBOL-85+.,Project Euler problem 4 - finding the largest palindrome made from the product of two 3-digit numbers (though using 600851475143 suggests possible mix with problem 3)
1c889f15274a85705e729289d770f89f7fb3815e,/github-cicsplex-name-detector-source.cbl,.cbl,39528,True,1013,187,211,615,0.255,fixed,4,False,True,0,0,31,0,0,277,SM540API,true,ibm-mainframe,COBOL-85,fixed,utility-tooling,online-cics,production-like,high,"IBM CICS/CICSPlex SM (CPSM) program targeting CPSM version 0540 (5.4), compiled with PROCESS CICS and CBL CICS('SP,EDF,CPSM') directives. Uses EXEC CICS and CICSPlex SM API calls.","IBM CICSPlex SM (CPSM) infrastructure utility for dynamically detecting the CICSplex name at runtime, avoiding hardcoded CICSplex names in application source code"
f74a9c075da502d4f8802757ad3f7fda250e769e,/desafiopizza.cbl,.cbl,7128,True,227,53,32,142,0.184,fixed,4,False,False,0,0,20,0,0,18,desafiopizza,true,gnucobol,COBOL-85,fixed,education-tutorial,batch,student-exercise,high,"GnuCOBOL student exercise; uses FUNCTION UPPER-CASE, OCCURS table, SCREEN SECTION placeholder, decimal-point is comma (Brazilian Portuguese locale)",Pizza price comparison challenge (desafio pizza) - Brazilian Portuguese student exercise
2382006a0e0d7753182671e28fe0c93d47a5a19c,/tests.cbl,.cbl,2081,True,54,10,4,40,0.091,fixed,3,False,False,2,0,4,0,0,2,LEXER-TESTS-PROGRAM,true,gnucobol,COBOL-85,fixed,test-suite,test,snippet,medium,Likely GnuCOBOL based on STOP RUN RETURNING and free-style lowercase filenames for COPY; no IBM-specific extensions visible,"Unit test for a COBOL lexer implementation, verifying token types produced by a lexer procedure"
5d0a7a63dd8466e281d00de02a7656cc122ee9dc,/edit1.cbl,.cbl,1403,True,48,11,0,37,0.0,fixed,3,False,False,0,0,0,0,0,10,LIISTING9-1,true,unknown,COBOL-85,fixed,education-tutorial,demo,student-exercise,high,"Simple educational program demonstrating numeric editing PIC clauses; no vendor-specific extensions visible. AUTHOR name 'ITTIPON' suggests Thai origin, possibly GnuCOBOL or similar open-source compiler used for teaching.",Demonstrates various numeric editing picture clauses in COBOL
73f66860fc0737059774e6914d5f315dc1d03e30,/026_continue.cbl,.cbl,1454,True,42,2,6,34,0.15,fixed,3,False,False,0,0,2,0,0,5,YOUR-PROGRAM-NAME,true,gnucobol,COBOL-85,fixed,education-tutorial,demo,student-exercise,high,"GnuCOBOL (cobc) based on Tectonics comment; uses CONTINUE, END-IF, END-PERFORM, INDEXED BY, COMPUTE",Student marks processing exercise demonstrating CONTINUE statement usage
1f908aceb9bd5151eb983763ef11b5f9d00a558d,/TSUBR19.cbl,.cbl,2784,True,88,0,24,64,0.273,fixed,4,False,False,1,0,1,0,0,2,TSUBR19,true,ibm-mainframe,COBOL-85,fixed,education-tutorial,subprogram,student-exercise,high,"Compuware ISPW training program targeting IBM-370 mainframe; uses GOBACK, RECORDING MODE IS F, BLOCK CONTAINS 0 RECORDS, and ASSIGN UT-S-INPUT conventions typical of IBM mainframe COBOL",Compuware ISPW COBOL training course; subroutine called from TPROG19 with linkage copybook TCPYB19
f40955fad9ab300bac081fbd7e25d62681ab7481,/ZFAM005.cbl,.cbl,23056,True,555,104,93,358,0.206,fixed,4,False,True,2,0,27,0,1,81,ZFAM005,true,ibm-mainframe,COBOL-85,fixed,utility-tooling,online-cics,production-like,high,"IBM CICS/z/OS COBOL; uses EXEC CICS commands, DFHCOMMAREA, EIBTRNID, EIBRESP, DFHRESP, CBL CICS(SP) compiler option, GETMAIN, STARTBR/READPREV file browse — classic IBM mainframe CICS online program",zFAM (z/OS File Access Manager) — a CICS-based HTTP file access middleware layer running on z/OS
0c384ff7d4c1886f527bc9157f4c992e6cb0810c,/GildedRose.cbl,.cbl,2173,True,72,4,0,68,0.0,fixed,2,False,False,0,0,0,2,0,4,GildedRose,true,gnucobol,COBOL-85,fixed,demo-example,batch,student-exercise,high,"GildedRose kata implementation; uses 'AS' clause in PROGRAM-ID and GOBACK, consistent with GnuCOBOL or similar open-source COBOL compiler",Implementation of the classic GildedRose refactoring kata in COBOL
f815813ef9cb03273be7dee74dec8a8938e611f3,/HELLOWORLD_INCOBOL.cbl,.cbl,261,True,12,0,3,9,0.25,free,0,False,False,0,0,0,0,0,0,,,,,,,,,,,
a2d89ecc9eb0405d3acb57206d589fe07d548ba4,/Serpiente.cbl,.cbl,220,True,12,4,0,8,0.0,fixed,1,False,False,0,0,0,0,0,0,,,,,,,,,,,
1f9acaf29976773dcc1fe85b4a76361e7f33b5de,/arquivo_sequencial_exc3.cbl,.cbl,7035,True,207,56,27,124,0.179,fixed,4,False,False,0,0,13,0,0,13,arquivo_sequencial_exc3,true,gnucobol,COBOL-85,free,education-tutorial,batch,student-exercise,high,"GnuCOBOL free-format source indicated by '$set sourceformat""free""' directive; Portuguese-language comments suggest Brazilian educational context","Sequential file processing exercise in Portuguese, reading temperature data from a file and computing averages"
e14a9ace75ae40860a041e376aa89910bcd88b7c,/TABLES01.cbl,.cbl,25094,True,469,7,277,185,0.6,fixed,4,False,False,0,6,17,0,0,46,TABLES01,true,ibm-mainframe,COBOL-85,fixed,education-tutorial,batch,student-exercise,high,"IBM mainframe batch COBOL; uses RECORDING MODE IS F, BLOCK CONTAINS 0 RECORDS, LABEL RECORDS ARE STANDARD, GOBACK, COMP index, JCL DD names (EMPROJ, SYSOUT), and dataset naming conventions (RTPOT44.LEARN.EMP1.PROJ) typical of IBM z/OS environment",COBOL table/array processing exercise using an employee project file; authored by Doretha Riley in 2020
14d74d1b083b584b071320bfec35ca2c9fa58436,/Program1.cbl,.cbl,283,True,14,5,0,9,0.0,fixed,3,False,False,0,0,0,0,0,0,Program1,true,micro-focus,COBOL-85,fixed,demo-example,demo,toy-or-hello-world,high,"Likely Micro Focus or Visual COBOL based on 'program-id ... as ""Program1""' syntax and 'goback' statement; the AS clause in PROGRAM-ID is a Micro Focus extension",Minimal hello-world style program
668289c6a7367566ea9655284ee0327dcf86a456,/tableauListe.cbl,.cbl,1167,True,42,12,6,24,0.2,fixed,3,False,False,0,0,2,0,0,7,TableauListe,true,unknown,COBOL-85,fixed,education-tutorial,demo,student-exercise,high,"Generic COBOL, likely GnuCOBOL or similar free compiler used in educational context; French naming conventions (PRENOM, AMELIE, ZOE) suggest French-speaking author","Student exercise demonstrating array (table) usage and sorting in COBOL, with French first names as data"
c2d32683da819af08e015d04b1973ac125ba6630,/SQ103A-copy.cbl,.cbl,35526,True,488,0,87,401,0.178,fixed,4,False,False,0,0,34,7,0,153,SQ103A,true,gnucobol,COBOL-85,fixed,test-suite,test,production-like,high,"NIST CCVS (Cobol Conformance Validation Suite) test program SQ103A, adapted for GnuCOBOL/GNU-Linux. Tests sequential file I/O with file status, declaratives, and AT END handling.",NIST CCVS COBOL conformance validation suite - sequential file I/O tests
40808c0ed84493be3a745ec37b95d4883ecdda0d,/CBSRGDBB.cbl,.cbl,6379,True,180,7,21,152,0.121,fixed,4,True,True,2,0,4,0,0,12,CBSRGDBB,true,ibm-mainframe,COBOL-85,fixed,banking-finance,online-cics,production-like,high,"IBM mainframe CICS/DB2 program; uses SYSIBM.SYSDUMMY1 (DB2-specific), EXEC CICS RETURN, DFHCOMMAREA, and SQLCA include — classic IBM CICS/DB2 pattern","Core Banking System (CBS) — account registration/activation module. Checks if a bank account exists and its status, then activates it if inactive."
8f27823d646d3caae94e0974e4d4e470bb47b9ca,/Perform4.cbl,.cbl,2047,True,51,5,6,40,0.13,fixed,3,False,False,0,0,9,0,0,2,YOUR-PROGRAM-NAME,true,gnucobol,COBOL-85,fixed,education-tutorial,demo,student-exercise,high,GnuCOBOL (cobc) template with default program-id placeholder; uses COBOL-85 PERFORM VARYING/AFTER/WITH TEST BEFORE/AFTER constructs,Demonstration of PERFORM VARYING loop constructs in COBOL
05ede0b52a95f6bda76561dd30c54ce8fe02def4,/candy_sale.cbl,.cbl,1853,True,50,2,0,48,0.0,fixed,4,False,False,0,0,4,0,0,6,CANDY-SALE,true,unknown,COBOL-85,fixed,retail-commerce,batch,student-exercise,high,Standard COBOL-85 features used; no vendor-specific extensions visible. LINE SEQUENTIAL and 88-level condition with HIGH-VALUE are common across GnuCOBOL and IBM.,Candy shop sales reporting by state
