swhid,sha1_git,name,source_csv,n_filenames,origin,forge
swh:1:cnt:341b9f1233a9706e4faf3721bb42ae1cd3bff789,341b9f1233a9706e4faf3721bb42ae1cd3bff789,/array.cbl,.cbl,1,https://github.com/lucapiccinelli/array,github.com
swh:1:cnt:e404b4d3a4b3da1cd1b75d7cf8ffb2b50b60e04e,e404b4d3a4b3da1cd1b75d7cf8ffb2b50b60e04e,/control-break3.cbl,.cbl,1,https://gitlab.com/cobol8/week14.git,gitlab.com
swh:1:cnt:daf67fc654084536e88e1949b9c7e804701564f8,daf67fc654084536e88e1949b9c7e804701564f8,/gerirEmpregados.cbl,.cbl,1,https://github.com/EASleptsova/employee_records,github.com
swh:1:cnt:0b26274b061aba849b3f6c034b89091905d8dd63,0b26274b061aba849b3f6c034b89091905d8dd63,/area.cbl,.cbl,1,https://github.com/mouredev/Weekly-Challenge-2022-Swift,github.com
swh:1:cnt:292dfbd7c7ab0fcb4177d52b71b04d48a62b5894,292dfbd7c7ab0fcb4177d52b71b04d48a62b5894,/subprog.cbl,.cbl,1,https://github.com/tcygan/calculator-cics-cobol,github.com
swh:1:cnt:ffc0c416f59ec4a480e9df4208b729887221ba42,ffc0c416f59ec4a480e9df4208b729887221ba42,/index.cbl,.cbl,1,https://github.com/Jesus-Martin-07/analizador_lexico_cobol,github.com
swh:1:cnt:227c51d142d32618d3a7005097cfe0b882cfe2d0,227c51d142d32618d3a7005097cfe0b882cfe2d0,/read.cbl,.cbl,1,https://github.com/Cloudxtreme/node-cobol-promises,github.com
swh:1:cnt:23920cf7575ec45b07abc01e0793db6752b4c43b,23920cf7575ec45b07abc01e0793db6752b4c43b,/DB2CBLEV.cbl,.cbl,1,https://github.com/Victoria2Lam/RepoEGit,github.com
swh:1:cnt:67f5768ba92140d3a093bfb215380a538f4c484b,67f5768ba92140d3a093bfb215380a538f4c484b,/helloworld.cbl,.cbl,1,https://github.com/junxian428/COBOL_Learning,github.com
swh:1:cnt:974ef28c0b4d95ac7ad507263a9e1bc58f1656dc,974ef28c0b4d95ac7ad507263a9e1bc58f1656dc,/hello.cbl,.cbl,1,https://github.com/thecoachingonline/hello-COBOL,github.com
swh:1:cnt:5a5875481f9abe7b85a2ec02f9ec3a337bf5c363,5a5875481f9abe7b85a2ec02f9ec3a337bf5c363,/Z95642.CBL(CBLWRK2).cbl,.cbl,1,https://github.com/burakkozluca/AKBANK_COBOL_BOOTCAMP,github.com
swh:1:cnt:f79d4ca4a0abcca3a23306e2a66fe8c20ac942e2,f79d4ca4a0abcca3a23306e2a66fe8c20ac942e2,/candy_sale.cbl,.cbl,1,https://github.com/idontknowtoobrother/Cobal.TabularData,github.com
swh:1:cnt:3414c509707d98daec86a1c33842b6d578a34c3e,3414c509707d98daec86a1c33842b6d578a34c3e,/CALL370.CBL,.CBL,1,https://github.com/Phunter1/MainframeUtils,github.com
swh:1:cnt:bf150e60c7e4371efaa19ca128a01899a1ec402e,bf150e60c7e4371efaa19ca128a01899a1ec402e,/DTAR020.cbl,.cbl,1,https://github.com/gss2002/copybook2tsv,github.com
swh:1:cnt:52c19f030852a1e71940aa8dc5112218c0b18f82,52c19f030852a1e71940aa8dc5112218c0b18f82,/DS.cbl,.cbl,1,https://github.com/MvrPgi/CobolActivityCompilation,github.com
swh:1:cnt:f1ed2362d7faf872f0cdfa04327efed41157d838,f1ed2362d7faf872f0cdfa04327efed41157d838,/U10-PE-ASI01.cbl,.cbl,1,https://github.com/NomadArchitect/mainframe,github.com
swh:1:cnt:d0f4ff57a4fdde5f1f6915e38db92c69ec301c1c,d0f4ff57a4fdde5f1f6915e38db92c69ec301c1c,/HELLO.cbl,.cbl,1,https://github.com/budzow/simple_cobol_modules,github.com
swh:1:cnt:d0b8ecf02d3bc1c1713ffd172de179eec1ea566b,d0b8ecf02d3bc1c1713ffd172de179eec1ea566b,/twosum.cbl,.cbl,1,https://github.com/ohmyilya/Leetcode,github.com
swh:1:cnt:de5ace172fb90f1fe6af5622182c2dc239230294,de5ace172fb90f1fe6af5622182c2dc239230294,/chingoon.cbl,.cbl,1,https://github.com/agocs/chingoon,github.com
swh:1:cnt:28e764e46c0a71c6f611a6f4aa6d76235d028316,28e764e46c0a71c6f611a6f4aa6d76235d028316,/CBL2JAVA.cbl,.cbl,1,https://github.com/hfungibm/ims-java-cobol,github.com
swh:1:cnt:b8ec0ecf6f6988eceba2b42f3a0d75cd922a3a1c,b8ec0ecf6f6988eceba2b42f3a0d75cd922a3a1c,/trader.cbl,.cbl,1,https://gitlab.com/cobol19/final.git,gitlab.com
swh:1:cnt:3ab2e818fa945a5394fe6c5e1332938cabeceab4,3ab2e818fa945a5394fe6c5e1332938cabeceab4,/blackjack.cbl,.cbl,1,https://github.com/elElmo/cobol-blackjack,github.com
swh:1:cnt:037b1f1c8aee7f2587613ddb738b1e623a0aec2f,037b1f1c8aee7f2587613ddb738b1e623a0aec2f,/Program1.cbl,.cbl,1,https://github.com/tomprod67/Source_exos_cobol,github.com
swh:1:cnt:57b19b2f37468bd93eb3ad2b6585b55fac6cdf7e,57b19b2f37468bd93eb3ad2b6585b55fac6cdf7e,/Loteria.cbl,.cbl,1,https://github.com/DoraneAntunes/Loteria,github.com
swh:1:cnt:f1f8a5ea9f774891f4af55a5f441e7968ca5def3,f1f8a5ea9f774891f4af55a5f441e7968ca5def3,/Form1.cbl,.cbl,1,https://github.com/d460/VisualProjects,github.com
swh:1:cnt:4f8406c9d0d918f72dbb83a1e9e0c40480064cb0,4f8406c9d0d918f72dbb83a1e9e0c40480064cb0,/first_cobol_conditionals.cbl,.cbl,1,https://github.com/pingleware/cobol-samples,github.com
swh:1:cnt:636d8fde7f6a37672d879d4669d39e1be5040a19,636d8fde7f6a37672d879d4669d39e1be5040a19,/Program1.cbl,.cbl,1,https://github.com/AshokSasi/A2-ItemList-ASasitharan-COBOL,github.com
swh:1:cnt:df43ecc94fb4b7826de884d36b30dbde7dd8d182,df43ecc94fb4b7826de884d36b30dbde7dd8d182,/PRUEBA-SORT-ID.cbl,.cbl,1,https://github.com/Ram-Repo1984/SORT-LISTA-MOVIMIENTOS,github.com
swh:1:cnt:17b1600c76885f4edca5858850c9e219f39c6290,17b1600c76885f4edca5858850c9e219f39c6290,/edit5.cbl,.cbl,1,https://gitlab.com/cobolproject/week9.git,gitlab.com
swh:1:cnt:38a6ec20ebbb795e264da370972025b25c50c302,38a6ec20ebbb795e264da370972025b25c50c302,/insert_job.cbl,.cbl,1,https://github.com/wahidaleena/cobol1,github.com
swh:1:cnt:153c434fa746988c6d200d7e927479ef22000e8c,153c434fa746988c6d200d7e927479ef22000e8c,/hello.cbl,.cbl,1,https://github.com/msea1/PerlDump,github.com
swh:1:cnt:43bc668068d62d3c9614bd4002f17eb1c75d6a1a,43bc668068d62d3c9614bd4002f17eb1c75d6a1a,/ArrayDep2.cbl,.cbl,1,https://github.com/saiejp/jrecord,github.com
swh:1:cnt:577257acb9054d55ec5e19a4b0afbeea5405c3e2,577257acb9054d55ec5e19a4b0afbeea5405c3e2,/hidoku.cbl,.cbl,1,https://github.com/International-DBA/Hidoku,github.com
swh:1:cnt:42cbeced4b835b728c6ea58e452975348f75877b,42cbeced4b835b728c6ea58e452975348f75877b,/read.cbl,.cbl,1,https://github.com/sinameraji/cobol-workshop,github.com
swh:1:cnt:8ecf1515e2aca502cbc3377d07a29d6a0932dbd5,8ecf1515e2aca502cbc3377d07a29d6a0932dbd5,/lista16exercicio2.cbl,.cbl,1,https://github.com/LeticiaMFausto/JogoEstados-Capitais,github.com
swh:1:cnt:85463dfb7d21db9d7a85b2d517e341c9d2486398,85463dfb7d21db9d7a85b2d517e341c9d2486398,/beg_pgmz_Coughlan_Ch17.cbl,.cbl,1,https://github.com/deepagp/Coughlan_Ch17,github.com
swh:1:cnt:3a5a4ec5f3374b8e1a824a92c038ee29b5206923,3a5a4ec5f3374b8e1a824a92c038ee29b5206923,/HelloWorld.cbl,.cbl,1,https://gitlab.com/sarawut_workgroup/sarawut_cobol_learn/cobol-week-1.git,gitlab.com
swh:1:cnt:7d1c4d47c43c5ada9157dc728bf7a7536ff7ca4e,7d1c4d47c43c5ada9157dc728bf7a7536ff7ca4e,/Solution.cbl,.cbl,1,https://github.com/priyaastha/30-Days-of-Code,github.com
swh:1:cnt:ee0578b6176c99a31800aa4d8b24bd2824f584e4,ee0578b6176c99a31800aa4d8b24bd2824f584e4,/testdb2.cbl,.cbl,1,https://github.com/tapple/TestingDB2,github.com
swh:1:cnt:18c5000e1a9a1ffa575b5a0365c57cc70d414e83,18c5000e1a9a1ffa575b5a0365c57cc70d414e83,/NGUYEN-P04-MSTR-TRANS.cbl,.cbl,1,https://github.com/dnguye05/BusApp2Project5,github.com
swh:1:cnt:4d32fed3f2dc8c67303c2f4c07b3c9e48b949ffa,4d32fed3f2dc8c67303c2f4c07b3c9e48b949ffa,/Triangle-2.cbl,.cbl,1,https://gitlab.com/62160133/cobol-week5.git,gitlab.com
swh:1:cnt:d5e03fa8b62a3ecd86aca9e2025bfa29f77cc9d0,d5e03fa8b62a3ecd86aca9e2025bfa29f77cc9d0,/Program1.cbl,.cbl,1,https://github.com/CanShi0901/Cobol-Save-Inventory-Record,github.com
swh:1:cnt:ab8200658207b8be29af292150a49b7caf8cffb2,ab8200658207b8be29af292150a49b7caf8cffb2,/AddNums.cbl,.cbl,1,https://github.com/xamthor/AddNumWCobol,github.com
swh:1:cnt:689a64a00f1417d21a29dc22f8c0de90c68b937d,689a64a00f1417d21a29dc22f8c0de90c68b937d,/Program1.cbl,.cbl,1,https://github.com/GarlicButterBoy/Assignment0-HelloWorld,github.com
swh:1:cnt:3f498a4f034ceb55ac13f3b25198d03626d821a4,3f498a4f034ceb55ac13f3b25198d03626d821a4,/Program1.cbl,.cbl,1,https://github.com/ambermejias/COBOlappRedefineCalcPercent,github.com
swh:1:cnt:6839d2b172da6457b99f0753b52689c1ead3b93c,6839d2b172da6457b99f0753b52689c1ead3b93c,/TEST1.CBL,.CBL,1,https://github.com/air-h-128k-il/panda-samples,github.com
swh:1:cnt:03a6b109ad0228d50d6da7b99548ccbc8c179f41,03a6b109ad0228d50d6da7b99548ccbc8c179f41,/location-analysis.cbl,.cbl,1,https://github.com/LtDoc/WSKs-stats,github.com
swh:1:cnt:6f0f1efaf950a810879a1dbc444d9b7f9253b646,6f0f1efaf950a810879a1dbc444d9b7f9253b646,/TESTCMP1.CBL,.CBL,1,https://git.code.sf.net/p/z390/code-0,git.code.sf.net
swh:1:cnt:dbc51a2ea5d194da2858abf7aecfcb0db6301360,dbc51a2ea5d194da2858abf7aecfcb0db6301360,/add.cbl,.cbl,1,https://github.com/idontknowtoobrother/cobal-tobtuan,github.com
swh:1:cnt:5c0e415ae1d751f9ba7eba4217f22a4e6769c412,5c0e415ae1d751f9ba7eba4217f22a4e6769c412,/TESTPRG.CBL,.CBL,1,https://github.com/tobiasreischmann/cobol-workspace,github.com
swh:1:cnt:4acdd8174fb3594df25e9bbda0c442b4954105ee,4acdd8174fb3594df25e9bbda0c442b4954105ee,/edit4.cbl,.cbl,1,https://gitlab.com/cobol0070/week9.git,gitlab.com
swh:1:cnt:86a5a428797f2bde7e0243dcc6243234575995f7,86a5a428797f2bde7e0243dcc6243234575995f7,/proof.ci.cbl,.cbl,1,https://github.com/MatthijsBlom/cobol,github.com
swh:1:cnt:41b204f8b680381c36e54bfa4c7ddce0b75f9c64,41b204f8b680381c36e54bfa4c7ddce0b75f9c64,/day1.cbl,.cbl,1,https://pkg.go.dev/github.com/zaptross/advent-of-gode-2024,pkg.go.dev
swh:1:cnt:7942f1c5a0ab1d7778ddced3b8fd12ea59057c8e,7942f1c5a0ab1d7778ddced3b8fd12ea59057c8e,/SALEREPORT.CBL,.CBL,1,https://gitlab.com/cobol6272128/easy-food-sale-report.git,gitlab.com
swh:1:cnt:61b01107a1599ae44776e7487966371d0a6d9274,61b01107a1599ae44776e7487966371d0a6d9274,/COBOL.cbl,.cbl,1,https://github.com/kevinanselmo/50-Hola-Mundo,github.com
swh:1:cnt:1abca2d1318fee9e2f9bd6ef0b5134e2703a5eae,1abca2d1318fee9e2f9bd6ef0b5134e2703a5eae,/holaMundo.cbl,.cbl,1,https://github.com/Rickylop/HolaMundo,github.com
swh:1:cnt:8475093fa94ac3049d95060963deab338b9566ca,8475093fa94ac3049d95060963deab338b9566ca,/learning7.cbl,.cbl,1,https://github.com/luantorrex/LearningCobol,github.com
swh:1:cnt:7e6a851c1c992870a6aab549849f5072faa04c9e,7e6a851c1c992870a6aab549849f5072faa04c9e,/dressprt.cbl,.cbl,1,https://github.com/mckenzm/pdsfrag,github.com
swh:1:cnt:38c57237c588f41d9aa53c8af5554cfecfd6e97b,38c57237c588f41d9aa53c8af5554cfecfd6e97b,/Third.cbl,.cbl,1,https://github.com/NordipaNancy/Calculatrice,github.com
swh:1:cnt:583d3176ee252b6ac0a317f53f0e558b6a3fe663,583d3176ee252b6ac0a317f53f0e558b6a3fe663,/SP2TEST.cbl,.cbl,1,https://github.com/zsandfordgss/SP2Test-Repo,github.com
swh:1:cnt:98864fdb658f31bf2c1eeefbaf1f210044a4cc03,98864fdb658f31bf2c1eeefbaf1f210044a4cc03,/DATABASE.cbl,.cbl,1,https://github.com/KDreynolds/CobolChainSupplyChain,github.com
swh:1:cnt:9e67eb206a82cee48f7b28da2589ee8b3931ad22,9e67eb206a82cee48f7b28da2589ee8b3931ad22,/COBOL.cbl,.cbl,1,https://github.com/TeamEXAngus/FizzBuzz,github.com
swh:1:cnt:a52b57824d1b18a9b07c4565790befbeda13b64c,a52b57824d1b18a9b07c4565790befbeda13b64c,/frmArchivoSecuencial.cbl,.cbl,1,https://github.com/r-j-benitez/prjArchivoSecuencial,github.com
swh:1:cnt:0ac4e355cf561062d25e68fe42f571cb468aa3e3,0ac4e355cf561062d25e68fe42f571cb468aa3e3,/ENTER-ACCOUNT.cbl,.cbl,1,https://github.com/KimMoritz/BANK-ACCOUNT-MANAGEMENT,github.com
swh:1:cnt:5da3983a020d6636ee53d815de586b6d27e77ecd,5da3983a020d6636ee53d815de586b6d27e77ecd,/run_game.cbl,.cbl,1,https://github.com/shamrice/cobordle,github.com
swh:1:cnt:817893cc9a4196c3d2caec8facc8715b44920dbe,817893cc9a4196c3d2caec8facc8715b44920dbe,/WeAre.cbl,.cbl,1,https://github.com/D-A-I/cobol-template,github.com
swh:1:cnt:19588a488305cd39a5cc59766625f67dc7cf5d37,19588a488305cd39a5cc59766625f67dc7cf5d37,/PROJETO CIFRA DE CESAR.cbl,.cbl,1,https://bitbucket.org/lucas26102005___/desafio-cifra-de-cesar-lucas.git,bitbucket.org
swh:1:cnt:89a14aee0778e7511254b7b99fbd2752b8efb007,89a14aee0778e7511254b7b99fbd2752b8efb007,/ExpenseReport.cbl,.cbl,1,https://github.com/ludwig-pro/expensereport,github.com
swh:1:cnt:0cf05560fc197a17a92aa4964b240e7ef7c5702d,0cf05560fc197a17a92aa4964b240e7ef7c5702d,/read-emp.cbl,.cbl,1,https://gitlab.com/cobol10/week6_cobol.git,gitlab.com
swh:1:cnt:92975448cc9aede405dbbcf918fa5adca5310f9b,92975448cc9aede405dbbcf918fa5adca5310f9b,/calc.cbl,.cbl,1,https://github.com/cai-michael/raccounting,github.com
swh:1:cnt:316959db6b5a8b5c6a2ee4d4defd4857f9779908,316959db6b5a8b5c6a2ee4d4defd4857f9779908,/ingresoEstudiante.cbl,.cbl,1,https://github.com/Miles-Arts/cobol-aprendo,github.com
swh:1:cnt:94ceac1b1f90bc53fee9f6999a1352179fea8dbf,94ceac1b1f90bc53fee9f6999a1352179fea8dbf,/FinalProject-ValidData.cbl,.cbl,1,https://github.com/david-osagiede/FinalProject-ValidData,github.com
swh:1:cnt:41b66d35673782f354cb8cc4bdf91ac781be02de,41b66d35673782f354cb8cc4bdf91ac781be02de,/Pro1.cbl,.cbl,1,https://gitlab.com/cobol.tn/data-and-procedure.git,gitlab.com
swh:1:cnt:22eac18266f5d0a55aea7484270115dc515bd6df,22eac18266f5d0a55aea7484270115dc515bd6df,/pizza.cbl,.cbl,1,https://github.com/deborareinert/desafiopizza,github.com
swh:1:cnt:30404ce4c54634bf430d2d154c10c45b8b1eebc1,30404ce4c54634bf430d2d154c10c45b8b1eebc1,/cobol.b7b1e314614c.CBL,.CBL,1,https://github.com/srt19/manga-ocr,github.com
swh:1:cnt:9712f6816625e6c1a9d0b69de5e9bbfaaede9e0a,9712f6816625e6c1a9d0b69de5e9bbfaaede9e0a,/test.cbl,.cbl,1,https://github.com/arunbhamajumdar/redisUseCases,github.com
swh:1:cnt:2c2d9ea22b5cd9f4ed18fbb7f2e6b2a897783ed6,2c2d9ea22b5cd9f4ed18fbb7f2e6b2a897783ed6,/EX01.CBL,.CBL,1,https://github.com/brunorodriguesdecarvalho/cobol_fatec_2023,github.com
swh:1:cnt:102a8bf2898cd1123c4194efce283b1c6280e96a,102a8bf2898cd1123c4194efce283b1c6280e96a,/TP08-CALC-SAL-LIQUIDO.cbl,.cbl,1,https://github.com/CB3012701/COBOL.TP08,github.com
swh:1:cnt:e71ef44ebcccb8cbc1ad27d9722aaeaa5efe92eb,e71ef44ebcccb8cbc1ad27d9722aaeaa5efe92eb,/utilBreadDelRecs.cbl,.cbl,1,https://github.com/Vistian/Sort-Source,github.com
swh:1:cnt:51981f6e74539bae160cc69f8bbcc4b42928059a,51981f6e74539bae160cc69f8bbcc4b42928059a,/LOANAMORTSCREENS.cbl,.cbl,1,https://github.com/MicroFocus/LoanAmortAzure,github.com
swh:1:cnt:52ae82158ee5f93d7bb5234ed7321a33effd99f7,52ae82158ee5f93d7bb5234ed7321a33effd99f7,/solution-1a.cbl,.cbl,1,https://github.com/duijf/polyglot-advent,github.com
swh:1:cnt:00a2cd4ab923832402f26e952c239822b9f98d4f,00a2cd4ab923832402f26e952c239822b9f98d4f,/100Prisoners.cbl,.cbl,1,https://github.com/Maxoplata/100-Prisoners,github.com
swh:1:cnt:28b5d64ce6c1ea798455ab491ccf809ed084d51f,28b5d64ce6c1ea798455ab491ccf809ed084d51f,/StoprunGobackLastStatement.rdz.cbl,.cbl,1,https://github.com/aramrami/TypeCobol,github.com
swh:1:cnt:a86fc233715ed971c6719f42c8420f6045b02885,a86fc233715ed971c6719f42c8420f6045b02885,/Desafio.Loteria.cbl,.cbl,1,https://github.com/evYasmin/Desafio-Loteria,github.com
swh:1:cnt:704e6c20e8a6e08ad760a0a37d7c52fe6a194772,704e6c20e8a6e08ad760a0a37d7c52fe6a194772,/HELLO.cbl,.cbl,1,https://github.com/didalla/gnuCobol,github.com
swh:1:cnt:bf07fddedb87e965c6cf4b09498e927aaefbb507,bf07fddedb87e965c6cf4b09498e927aaefbb507,/helloworld.cbl,.cbl,1,https://github.com/lalit3315/mainframe-devops-helloworld,github.com
swh:1:cnt:520a60acc2ab7952025202063936620cb44511ae,520a60acc2ab7952025202063936620cb44511ae,/go.cbl,.cbl,1,https://github.com/trevor78/goto-2,github.com
swh:1:cnt:e85942111ec01d69897bbe25b972c31425b56035,e85942111ec01d69897bbe25b972c31425b56035,/æ®å±ççæ­»æ£å.CBL,.CBL,1,https://github.com/huaxiuyiwei/cchesslib,github.com
swh:1:cnt:93c432ef6c1fb8c761d758ea69d879afd6d04571,93c432ef6c1fb8c761d758ea69d879afd6d04571,/DHWSAVE.cbl,.cbl,1,https://github.com/cchipman21804/dhwsavings,github.com
swh:1:cnt:63bbf6ddddb4bc9bae97765ae28fe610e007214a,63bbf6ddddb4bc9bae97765ae28fe610e007214a,/helloworld.cbl,.cbl,1,https://github.com/geany/geany,github.com
swh:1:cnt:0666420c5f2990191d57a72972e15d70f39c70f4,0666420c5f2990191d57a72972e15d70f39c70f4,/ox.cbl,.cbl,1,https://gitlab.com/cobol1/cobol-tabular-data.git,gitlab.com
swh:1:cnt:3860a962ef10c3a1c388c6e68a091f6a3ce45533,3860a962ef10c3a1c388c6e68a091f6a3ce45533,/FizzBuzz.CBL,.CBL,1,https://github.com/fatimaezzahrachaqri/FizzBuzz,github.com
swh:1:cnt:3aa64bb1bfecd6bc69ead0fdb5c39c78571d26c1,3aa64bb1bfecd6bc69ead0fdb5c39c78571d26c1,/sample_34_screen.cbl,.cbl,1,https://github.com/kuroaya/cobol_training,github.com
swh:1:cnt:a48665592081c4ecd0a5509ab21e3aaa67f98bd4,a48665592081c4ecd0a5509ab21e3aaa67f98bd4,/Project1.cbl,.cbl,1,https://github.com/wthiintae520/MY-COBOL,github.com
swh:1:cnt:803e24454f76e8a845cc9cc69e37821b2d2d6e30,803e24454f76e8a845cc9cc69e37821b2d2d6e30,/cadcli.cbl,.cbl,1,https://github.com/jacksonwippel/TreinamentoCobol,github.com
swh:1:cnt:d7c6bf6e0d82e766392ffd08fcea05df0f64a06b,d7c6bf6e0d82e766392ffd08fcea05df0f64a06b,/challenge.cbl,.cbl,1,https://github.com/koffiebaard/advent-of-code,github.com
swh:1:cnt:171a47eee8aa9141ec62a667b73048e0d6c6b5a8,171a47eee8aa9141ec62a667b73048e0d6c6b5a8,/ABAP_NESTEDLOOP_EXAMPLE.cbl,.cbl,1,https://github.com/willhogan11/ABAP_Examples,github.com
swh:1:cnt:276284e9c4f52f2349b7d53b2268c9d22faf428a,276284e9c4f52f2349b7d53b2268c9d22faf428a,/MyGrade.cbl,.cbl,1,https://gitlab.com/62160133/cobol-week7.git,gitlab.com
swh:1:cnt:ecc10cb43b6c237e224cabb53c8bff70ddfc3409,ecc10cb43b6c237e224cabb53c8bff70ddfc3409,/MARBLE11.cbl,.cbl,1,https://github.com/jagbr01/ZoweTest,github.com
swh:1:cnt:2fdefde8a5e98fbcdbc4b22e9ce7c8211202538e,2fdefde8a5e98fbcdbc4b22e9ce7c8211202538e,/part1.cbl,.cbl,1,https://github.com/zorchenhimer/advent-of-code_2023,github.com
swh:1:cnt:09e29f882560fe3ab107f2abf85b99d063c9d3d2,09e29f882560fe3ab107f2abf85b99d063c9d3d2,/progvar.cbl,.cbl,1,https://github.com/RiqueMendes/Cobol,github.com
swh:1:cnt:1223998bf4b88da3ce0910fdfb87c5c2b4df7071,1223998bf4b88da3ce0910fdfb87c5c2b4df7071,/bankstatementsave.cbl,.cbl,1,https://github.com/jorgekg/Cobol-bank-system,github.com
swh:1:cnt:36e5d5e8217f9d304abd7fde2a455bad8812f287,36e5d5e8217f9d304abd7fde2a455bad8812f287,/PersonDetection.cbl,.cbl,1,https://github.com/NSKmiyajima/NSK_Pepper_Helpful-Choregraphe-Boxes,github.com
swh:1:cnt:a8a935873dd8b8089afdd54d3613c701d4b8aca8,a8a935873dd8b8089afdd54d3613c701d4b8aca8,/CBL0004.cbl,.cbl,1,https://github.com/MJGrey/cobol-programming-course,github.com
swh:1:cnt:ff7ef55554e181bdaaf822bde5726df1f4d578b8,ff7ef55554e181bdaaf822bde5726df1f4d578b8,/TEST01.cbl,.cbl,1,https://github.com/R2-2021/TEST01,github.com
swh:1:cnt:623dbbbe915a0bc1eae3dc5b94789a8956dfc957,623dbbbe915a0bc1eae3dc5b94789a8956dfc957,/BirthDateProgram.cbl,.cbl,1,https://gitlab.com/62160247/cobol-structure.git,gitlab.com
swh:1:cnt:bf250ce994720d56983f03b01e92e66538ee785e,bf250ce994720d56983f03b01e92e66538ee785e,/HolaMundo.cbl,.cbl,1,https://github.com/Freddy875/Cobol,github.com
swh:1:cnt:a5f17d84c9756814c7cdb9785174ea5a6b6ee003,a5f17d84c9756814c7cdb9785174ea5a6b6ee003,/section.cbl,.cbl,1,https://github.com/wahidaleena/section,github.com
swh:1:cnt:14211c9ed312c6015256d143372a90a503450812,14211c9ed312c6015256d143372a90a503450812,/A3-SalesComm.cbl,.cbl,1,https://github.com/PurpleRiggz/Mainframe-Individual_Projects,github.com
swh:1:cnt:1f21d7376158a11171176e3c9c8439f1ac80745a,1f21d7376158a11171176e3c9c8439f1ac80745a,/lista11ex3indexado.cbl,.cbl,1,https://github.com/elainemartina/Lista11-exercicio3-indexado,github.com
swh:1:cnt:bbb6460f126207db88d88f450c4166df8e2ad1f2,bbb6460f126207db88d88f450c4166df8e2ad1f2,/HelloCobol.cbl,.cbl,1,https://gitlab.com/cobol-programming/setup-and-write-cobol-code.git,gitlab.com
swh:1:cnt:9e74953d4f34142c188885ae83b3a2cdeb4a863e,9e74953d4f34142c188885ae83b3a2cdeb4a863e,/ENEB006.cbl,.cbl,1,https://github.com/Ducatidark/01_Test,github.com
swh:1:cnt:2b87263b61674ccfe29c02a04481f1ef12683bb8,2b87263b61674ccfe29c02a04481f1ef12683bb8,/Z92415.CBL(SAMPANEL).cbl,.cbl,1,https://github.com/RappelBerryPi/Rexx-Panel-Display-Resources,github.com
swh:1:cnt:79f716c7c8cf32c30d290060d3948a6cb001c953,79f716c7c8cf32c30d290060d3948a6cb001c953,/star-10-2.cbl,.cbl,1,https://gitlab.com/gobol/week5.git,gitlab.com
swh:1:cnt:daa2fabcb5de7e9c87c98c377cd94b4eab944496,daa2fabcb5de7e9c87c98c377cd94b4eab944496,/Train.CBL,.CBL,1,https://github.com/Hannah-Ashna/Train-Information-COBOL-Case-Study,github.com
swh:1:cnt:2c4ab653bed366628866bbec4f36ba51b5538267,2c4ab653bed366628866bbec4f36ba51b5538267,/calculate-average-grade.cbl,.cbl,1,https://github.com/davidseanarms/COBOL,github.com
swh:1:cnt:331264153541a2246f3d2895a0d585b03aeacc17,331264153541a2246f3d2895a0d585b03aeacc17,/any7dev.cbl,.cbl,1,https://github.com/Hibrido369/roadmap-retos-programacion,github.com
swh:1:cnt:06f1ab1690c529ebbbfe16ae7e8ac56ce4a2c804,06f1ab1690c529ebbbfe16ae7e8ac56ce4a2c804,/world.cbl,.cbl,1,https://github.com/ImAhmadAbdullah/HelloWorld,github.com
swh:1:cnt:2c29f246f30a3d0fb98b65377cc516f1422f6a31,2c29f246f30a3d0fb98b65377cc516f1422f6a31,/MENSFEC.cbl,.cbl,1,https://github.com/david-osagiede/mastermenu-mainframe-final,github.com
swh:1:cnt:0daa100cec41cc078bdcc69bed21708e4929e6e4,0daa100cec41cc078bdcc69bed21708e4929e6e4,/picob_nojcl.cbl,.cbl,1,https://github.com/owainkenwayucl/framecontrol,github.com
swh:1:cnt:734d764aee5152775c1e1c38de80a0e6c062164f,734d764aee5152775c1e1c38de80a0e6c062164f,/CGZUNIT.cbl,.cbl,1,https://github.com/DhineshPalanisamy/USSclone,github.com
swh:1:cnt:55b890a05cef0f131781dbba49e9f946e711d804,55b890a05cef0f131781dbba49e9f946e711d804,/create_phone_number.cbl,.cbl,1,https://github.com/salinasdev/codewars,github.com
swh:1:cnt:d2dca37f03853b76ed56c06ee415a6c4e7ab4674,d2dca37f03853b76ed56c06ee415a6c4e7ab4674,/VSAMTODB.cbl,.cbl,1,https://github.com/Christophe-Vasseur/Projet-Formation-Cobol,github.com
swh:1:cnt:6785506388d5a1dab52a085275b2ad407d22a4e3,6785506388d5a1dab52a085275b2ad407d22a4e3,/hello.cbl,.cbl,1,https://gitlab.com/fabiocosta0305/0x015_COBOL.git,gitlab.com
swh:1:cnt:1a9e18ebdc2e8ae5dbb925c9773e2a6fa5559d31,1a9e18ebdc2e8ae5dbb925c9773e2a6fa5559d31,/MPCITI06.cbl,.cbl,1,https://github.com/cgomezx7/VN_CODE,github.com
swh:1:cnt:00bc41ea774a34c9a10f9539645bed4bd9244fa1,00bc41ea774a34c9a10f9539645bed4bd9244fa1,/compare.cbl,.cbl,1,https://github.com/egg-lou/Cobol,github.com
swh:1:cnt:079ae0272eb1e04b0339ff9958613f0b197f1a6e,079ae0272eb1e04b0339ff9958613f0b197f1a6e,/HelloWorld.cbl,.cbl,1,https://github.com/20sinkypriya/HelloWorlds,github.com
swh:1:cnt:056d6e77f0032316e7c9b70377bee76f246600d6,056d6e77f0032316e7c9b70377bee76f246600d6,/star-10.cbl,.cbl,1,https://gitlab.com/cobol4/control-flow-iteration.git,gitlab.com
swh:1:cnt:0ae115db6d5ccf4d323f7b9287f29e08923b5349,0ae115db6d5ccf4d323f7b9287f29e08923b5349,/CBUP0003.cbl,.cbl,1,http://cobolunit.googlecode.com/svn/,cobolunit.googlecode.com
swh:1:cnt:8d715e60afd8a0de92a7d6dfbced025fed3558c9,8d715e60afd8a0de92a7d6dfbced025fed3558c9,/epscmort.cbl,.cbl,1,https://github.com/Amir2703/dbb-zappbuild,github.com
swh:1:cnt:55eba1acbb30e2248297b8c5e26ecf77e317103b,55eba1acbb30e2248297b8c5e26ecf77e317103b,/Program1.cbl,.cbl,1,https://github.com/weberjunior001/Desafio-da-loteria,github.com
swh:1:cnt:fb45342253cbf5cb40b475d190302be80eac3176,fb45342253cbf5cb40b475d190302be80eac3176,/dtehr.cbl,.cbl,1,https://github.com/gabsbarbosam/dataEHora,github.com
swh:1:cnt:8dfb7e17c13f0c09c7e3d9162d6b4af9b38d43e5,8dfb7e17c13f0c09c7e3d9162d6b4af9b38d43e5,/hello.cbl,.cbl,1,https://github.com/kancheng/learn-in-works,github.com
swh:1:cnt:ad8127a87c89dc319c9475da0239a5c2e3c43c68,ad8127a87c89dc319c9475da0239a5c2e3c43c68,/epscsmrd.cbl,.cbl,1,https://github.com/vijaypolanki/dbb-zappbuild,github.com
swh:1:cnt:8534ffb04d47737e4ef21c960f11d8a493d59938,8534ffb04d47737e4ef21c960f11d8a493d59938,/cortes_01.cbl,.cbl,1,https://github.com/roxellecortes/cmsc124exer1,github.com
swh:1:cnt:be8549b50a7f985f07a136e24da920c5ce64bf46,be8549b50a7f985f07a136e24da920c5ce64bf46,/PROG01.cbl,.cbl,1,https://github.com/lyeMWSU/COBOL_Practice,github.com
swh:1:cnt:588dd82cd3b5f196a0da14f783e827bd3f8e3f1f,588dd82cd3b5f196a0da14f783e827bd3f8e3f1f,/github.cbl,.cbl,1,https://codeberg.org/davidwed/github-do-not-ban-us.git,codeberg.org
swh:1:cnt:331662989bf1b329f5574f8d8ac49db36bc95d7a,331662989bf1b329f5574f8d8ac49db36bc95d7a,/SUBPROGR.CBL,.CBL,1,https://github.com/buozdemi/Final-Case-COBOL-Bootcamp,github.com
swh:1:cnt:6ed5b643b773c46a1494a7488980a02b91a4628e,6ed5b643b773c46a1494a7488980a02b91a4628e,/Thea.cbl,.cbl,1,https://github.com/dutchcheesehead/rosegiving,github.com
swh:1:cnt:f88c9ea5035b289f333d5c3cecf432f546010d94,f88c9ea5035b289f333d5c3cecf432f546010d94,/Program8.cbl,.cbl,1,https://bitbucket.org/camille_jandre3/exercicios_cobol.git,bitbucket.org
swh:1:cnt:a8d3b65907b67ff1f4c711324a72e271f190b9c9,a8d3b65907b67ff1f4c711324a72e271f190b9c9,/EDGD1CLQ.cbl,.cbl,1,https://github.com/DenisGom2022/6-Programa-de-COBOL,github.com
swh:1:cnt:a631735e536a34a1fe3e6a2f625cf54668c29670,a631735e536a34a1fe3e6a2f625cf54668c29670,/ex01.cbl,.cbl,1,https://github.com/gambuzzi/cobol,github.com
swh:1:cnt:16712b75c0296a064ae2793b6c3e6a2a448dcc45,16712b75c0296a064ae2793b6c3e6a2a448dcc45,/ATUALIZA-FORNECEDORES.cbl,.cbl,1,https://github.com/VicMarn/COBOL-2021,github.com
swh:1:cnt:ef2f19e790b6d3ef6d0d934f2e46ea337a2f67fc,ef2f19e790b6d3ef6d0d934f2e46ea337a2f67fc,/eqmsqlda.cbl,.cbl,1,https://github.com/GunterMueller/Ingres,github.com
swh:1:cnt:5204a0664d5f68ffa3af734859e989b9ace38789,5204a0664d5f68ffa3af734859e989b9ace38789,/test.cbl,.cbl,1,https://github.com/dandan682/cobol,github.com
swh:1:cnt:8726d39b5e0599b728dc23c2a06bbbf1742ebd41,8726d39b5e0599b728dc23c2a06bbbf1742ebd41,/View_Vendors.cbl,.cbl,1,https://github.com/HColeman1/SampleCode,github.com
swh:1:cnt:0e8c9171bbaa1f42133bff195c50d177dfdf85b0,0e8c9171bbaa1f42133bff195c50d177dfdf85b0,/ABX02100.cbl,.cbl,1,https://gitorious.org/proto-jee-assurances/proto-jee-assurances.git,gitorious.org
swh:1:cnt:d64e79df168989ccf8cadff76ae9afb468a2c9b6,d64e79df168989ccf8cadff76ae9afb468a2c9b6,/esPrimo.cbl,.cbl,1,https://github.com/Zzebastian/EjerciciosCOBOL,github.com
swh:1:cnt:f57908a8f650edb194db538f924af139a51417b5,f57908a8f650edb194db538f924af139a51417b5,/main.cbl,.cbl,1,https://github.com/crabl/budget,github.com
swh:1:cnt:725cf26494782ebcdd012361b131758bd00f8fc3,725cf26494782ebcdd012361b131758bd00f8fc3,/COBOL.cbl,.cbl,1,https://github.com/JuniorCriste/Hello-World-in-Various-Programming-Languages,github.com
swh:1:cnt:948e6da6c922eddfd5d3b80f72f461b1e7676b54,948e6da6c922eddfd5d3b80f72f461b1e7676b54,/Program1.cbl,.cbl,1,https://github.com/CKirkland17/COBOL,github.com
swh:1:cnt:ee1870362f5adbca91ee8962f7067576df651b5e,ee1870362f5adbca91ee8962f7067576df651b5e,/UNEMP.cbl,.cbl,1,https://github.com/MLo8/Cobol-Challenge-2---UNEMP,github.com
swh:1:cnt:e6fbce33b36b3488d3fd53c8e331ede6d390f0c1,e6fbce33b36b3488d3fd53c8e331ede6d390f0c1,/Tmois.cbl,.cbl,1,https://github.com/Pim-tech/documents,github.com
swh:1:cnt:1dd49a8eb1ec13f95b4ca4003526e81b3d6d2a9b,1dd49a8eb1ec13f95b4ca4003526e81b3d6d2a9b,/READFILE.CBL,.CBL,1,https://gitlab.com/cobol2913727/midterm.git,gitlab.com
swh:1:cnt:2f94381588b7bd1c432e3b06e7dd257fb9fa00dd,2f94381588b7bd1c432e3b06e7dd257fb9fa00dd,/simple.cbl,.cbl,1,https://github.com/fishman/ctags,github.com
swh:1:cnt:2a1d6668e90ed071b16bf6f87f3ecf082379844e,2a1d6668e90ed071b16bf6f87f3ecf082379844e,/New.cbl,.cbl,1,https://github.com/Murat-Kus/Read-a-file,github.com
swh:1:cnt:4fb93aada3035d7f0b9c917152ab7e38ba2314e2,4fb93aada3035d7f0b9c917152ab7e38ba2314e2,/Cobol_HelloWorld.cbl,.cbl,1,https://github.com/Ravanger101/Helloz-MyContribution,github.com
swh:1:cnt:1df792502b9f0b0453f76644241df94d1693d29a,1df792502b9f0b0453f76644241df94d1693d29a,/string.cbl,.cbl,1,https://github.com/Old-Mainframes/cobol-5,github.com
swh:1:cnt:55f24b2b77f176052716a5e98f7de3035da5c1a5,55f24b2b77f176052716a5e98f7de3035da5c1a5,/checkers.cbl,.cbl,1,https://github.com/sorenroug/COBOL-preservation,github.com
swh:1:cnt:904b8f4b4f262e5a0e12b7786ef994f8634c31cc,904b8f4b4f262e5a0e12b7786ef994f8634c31cc,/Rockey4Example.cbl,.cbl,1,https://github.com/waqasBinZaid/WEIGHPOT2in1,github.com
swh:1:cnt:e53ed1c135767d7726f7dcc9f0b334f22a2a9949,e53ed1c135767d7726f7dcc9f0b334f22a2a9949,/write-emp1.cbl,.cbl,1,https://gitlab.com/62160141/colbollab6.git,gitlab.com
swh:1:cnt:dd97cf7f6cb44e61eb1f26187f461ba2918bb91f,dd97cf7f6cb44e61eb1f26187f461ba2918bb91f,/Media.cbl,.cbl,1,https://github.com/mosconibruno/Cobol_Fatec,github.com
swh:1:cnt:1317bd71b7903b45fe0f6aecdd15e83f95473dda,1317bd71b7903b45fe0f6aecdd15e83f95473dda,/edit1.cbl,.cbl,1,https://gitlab.com/projuct-cobol/cobol-week9.git,gitlab.com
swh:1:cnt:d1a100071ab9584608adea2ad425faa8fb08db02,d1a100071ab9584608adea2ad425faa8fb08db02,/INSERTTBL.cbl,.cbl,1,https://github.com/jporras66/hpms,github.com
swh:1:cnt:757bb5ed5a8b273db3384bd14c9c8e1dffd431ac,757bb5ed5a8b273db3384bd14c9c8e1dffd431ac,/write-emp1.cbl,.cbl,1,https://gitlab.com/62160139/week6_file_operation.git,gitlab.com
swh:1:cnt:0add7297e733b9df332452e9ec3e279e90022c23,0add7297e733b9df332452e9ec3e279e90022c23,/read-emp1.cbl,.cbl,1,https://gitlab.com/62160304/cobol_w6.git,gitlab.com
swh:1:cnt:ad8d5b72068e7d4b0e789a6293f9afc6d65ed28f,ad8d5b72068e7d4b0e789a6293f9afc6d65ed28f,/CICS2ZCX.cbl,.cbl,1,https://github.com/MichaelErichsen/zcxRestService,github.com
swh:1:cnt:9507382324d5e8f10177e4f1725e8899973925cf,9507382324d5e8f10177e4f1725e8899973925cf,/a.cbl,.cbl,1,https://pkg.go.dev/github.com/alfert/tree-sitter-cobol,pkg.go.dev
swh:1:cnt:eec11d0883b8d562d4a5e18a0ccac9c9e5294ed4,eec11d0883b8d562d4a5e18a0ccac9c9e5294ed4,/bitwise.cbl,.cbl,1,https://github.com/OlegKunitsyn/fuji-bitwise,github.com
swh:1:cnt:c33b19d61028ac7619bd55dbb1ede0813a2b5a03,c33b19d61028ac7619bd55dbb1ede0813a2b5a03,/PROGMENU.cbl,.cbl,1,https://github.com/ramonconrado94/hbsis_ambev,github.com
swh:1:cnt:a458b24b80195f7b416ea4201f22722c9374d189,a458b24b80195f7b416ea4201f22722c9374d189,/Final.cbl,.cbl,1,https://gitlab.com/62160143/finalcobol62160143.git,gitlab.com
swh:1:cnt:0f34e4b2354d779661ec4eef5436f5c5755c79a5,0f34e4b2354d779661ec4eef5436f5c5755c79a5,/hello.cbl,.cbl,1,https://github.com/rickspencer3/cobol-stacksmith,github.com
swh:1:cnt:6b25bf1a38f653243a3f2e67c75cf348df8980b5,6b25bf1a38f653243a3f2e67c75cf348df8980b5,/prg.cbl,.cbl,1,https://github.com/dineshbb87/ext2980,github.com
swh:1:cnt:27f8e34f8653f4083ac80e90c6e932473819dce0,27f8e34f8653f4083ac80e90c6e932473819dce0,/test.cbl,.cbl,1,https://gitlab.com/Superleaf1995/uDOS.git,gitlab.com
swh:1:cnt:b8f8c575c918d9f45d9d7711ca1efcf6fabcc549,b8f8c575c918d9f45d9d7711ca1efcf6fabcc549,/hello.cbl,.cbl,1,https://github.com/balbupra/zowe-cli-sample-scripts,github.com
swh:1:cnt:684bdedc9853f60caa7b9c35587234807f425f8d,684bdedc9853f60caa7b9c35587234807f425f8d,/day6ac.cbl,.cbl,1,https://github.com/nielskou/AoC23,github.com
swh:1:cnt:ca2ee3f37167e688b6bae538c1967340cee82a4b,ca2ee3f37167e688b6bae538c1967340cee82a4b,/PAYROL0X.cbl,.cbl,1,https://github.com/magicscott/OpenSourceSysprogs,github.com
swh:1:cnt:f0b055c0b1d7569f2064f570898470f52423f7e7,f0b055c0b1d7569f2064f570898470f52423f7e7,/shop_receipts.cbl,.cbl,1,https://gitlab.com/test-group-sirarat/advance-file.git,gitlab.com
swh:1:cnt:6b9f0d730b80d139a48f170ffe438a6d7f544efc,6b9f0d730b80d139a48f170ffe438a6d7f544efc,/COBOLCaesarCipher.cbl,.cbl,1,https://github.com/Robbie320/TheoryOfProgrammingLanguages-2021,github.com
swh:1:cnt:2f79e45510a6493a4024d26532237bd4501fec52,2f79e45510a6493a4024d26532237bd4501fec52,/two_dim.cbl,.cbl,1,https://gitlab.com/62160312/cobal10.git,gitlab.com
swh:1:cnt:a8cbfb5e6384aced779b583489d59bcca16c99e6,a8cbfb5e6384aced779b583489d59bcca16c99e6,/test.cbl,.cbl,1,https://github.com/Jrsnow8921/Cobol_test,github.com
swh:1:cnt:346969e868f19b7030b763b583a3838d9381e7a1,346969e868f19b7030b763b583a3838d9381e7a1,/file-exists.cbl,.cbl,1,https://github.com/mneudert/cobmind,github.com
swh:1:cnt:96a94c328add406c1b030812c1b885c0ca72d600,96a94c328add406c1b030812c1b885c0ca72d600,/Registratie_deelnemers.CBL,.CBL,1,https://github.com/Dragonpurse/p2g07,github.com
swh:1:cnt:cbabaaa4b3d84b94bb379ffa413ba05a0bf9aaa5,cbabaaa4b3d84b94bb379ffa413ba05a0bf9aaa5,/main.cbl,.cbl,1,https://gitlab.com/osawa-koki/startup-cobol.git,gitlab.com
swh:1:cnt:c83d6899a40dcfb598d6d7c3a12b2121d2792566,c83d6899a40dcfb598d6d7c3a12b2121d2792566,/hellow65_multi_dimensional_array.cbl,.cbl,1,https://github.com/pr3d4t0r/viper-mf,github.com
swh:1:cnt:9f9b126509ec7e0d79a63649155d0ecfa7b70f57,9f9b126509ec7e0d79a63649155d0ecfa7b70f57,/NGUYEN-P04-MAILING-LABELS.cbl,.cbl,1,https://github.com/dnguye05/BusApp2Project4,github.com
swh:1:cnt:736604f75ee6e964134b5ac9795da6f1984a31eb,736604f75ee6e964134b5ac9795da6f1984a31eb,/member.cbl,.cbl,1,https://gitlab.com/cobol4/week-8-advanced-file.git,gitlab.com
swh:1:cnt:32d21f79ae55578c58a735f80d1534e707534af2,32d21f79ae55578c58a735f80d1534e707534af2,/control-break1.cbl,.cbl,1,https://gitlab.com/62160059/cobol_week12.git,gitlab.com
swh:1:cnt:8340aa6d171cc1664e403f42a82dc42920768f94,8340aa6d171cc1664e403f42a82dc42920768f94,/LOANPYMT.cbl,.cbl,1,https://github.com/SaravananKrishnan/BusinessRuleExtraction,github.com
swh:1:cnt:f1924507a985f5d7576b15e96080535bce5825f9,f1924507a985f5d7576b15e96080535bce5825f9,/Loteria.cbl,.cbl,1,https://github.com/deborareinert/loteria,github.com
swh:1:cnt:01ae25b4542e38919adc2e5afc451f29bfeb3e78,01ae25b4542e38919adc2e5afc451f29bfeb3e78,/CobolAssignment2-COMP210.cbl,.cbl,1,https://github.com/vIIPrezIIv/COBOL,github.com
swh:1:cnt:24a392c4b3a8fe9b3fabca1dc878de4d65203572,24a392c4b3a8fe9b3fabca1dc878de4d65203572,/aws_cobol.cbl,.cbl,1,https://github.com/kazu-ojisan/cobol-hackthon-2020,github.com
swh:1:cnt:940918a77b0f221771f4e324a615ef042a87df31,940918a77b0f221771f4e324a615ef042a87df31,/TEST.cbl,.cbl,1,https://github.com/coffeemuse/MVP-SOFTWARE,github.com
swh:1:cnt:fff6cd8d0862585177a0276331694e8f7ef61f14,fff6cd8d0862585177a0276331694e8f7ef61f14,/AirportDetails.cbl,.cbl,1,https://github.com/stefanolontano/AirportDemo,github.com
swh:1:cnt:3c1d1f7dd7e703b2a77e154d3c9f8c4511c90de1,3c1d1f7dd7e703b2a77e154d3c9f8c4511c90de1,/test0001.cbl,.cbl,1,https://github.com/cschneid-the-elder/stack,github.com
swh:1:cnt:607100bd1dac6cc33a9da641bb89029e2bbc9261,607100bd1dac6cc33a9da641bb89029e2bbc9261,/Z95626.CBL(ODEV).cbl,.cbl,1,https://github.com/Uchimann/cobol_bootcamp,github.com
swh:1:cnt:1115d93ad85ba3c0df11f50db264df3709a70ec4,1115d93ad85ba3c0df11f50db264df3709a70ec4,/FINALEX.cbl,.cbl,1,https://github.com/iveicolan/Destiny-Auto-Parts,github.com
swh:1:cnt:454150b3e0b9f2703117b80b919fac798873079c,454150b3e0b9f2703117b80b919fac798873079c,/processCsv.cbl,.cbl,1,https://github.com/evertonvolpi/cobol-ottawas-tennis-courts,github.com
swh:1:cnt:2075bd10735205f8c4c5734c30fa2564c8033cdc,2075bd10735205f8c4c5734c30fa2564c8033cdc,/test.cbl,.cbl,1,https://gitlab.com/this-group-is-awesome/cobol-final.git,gitlab.com
swh:1:cnt:1663dd64a31b765b83616d0e040ba656f193a7d8,1663dd64a31b765b83616d0e040ba656f193a7d8,/calculator.cbl,.cbl,1,https://github.com/kaniehuest/calculators,github.com
swh:1:cnt:7cca29a69ec9f9a9ed7c3f1d9dfede107a5c716f,7cca29a69ec9f9a9ed7c3f1d9dfede107a5c716f,/HelloWorld.cbl,.cbl,1,https://gitlab.com/62160247/hello-cobol.git,gitlab.com
swh:1:cnt:71e49f797b918d99e7dea184e7cfa92687f5ff5a,71e49f797b918d99e7dea184e7cfa92687f5ff5a,/adventure.cbl,.cbl,1,https://github.com/aphanel/adventure,github.com
swh:1:cnt:e57112c964dc17a2d0831eeba725a25fa3ec56d2,e57112c964dc17a2d0831eeba725a25fa3ec56d2,/TP3.cbl,.cbl,1,https://github.com/GabDaBoss/TP3-COBOL,github.com
swh:1:cnt:4ce4a199acd6e55f4d38cbace3ee82a60d527acf,4ce4a199acd6e55f4d38cbace3ee82a60d527acf,/SAM1.cbl,.cbl,1,https://github.com/raghug-source/testaction,github.com
swh:1:cnt:ed4f7cc8982a1ec2e06472a6d240af7ab9b665c5,ed4f7cc8982a1ec2e06472a6d240af7ab9b665c5,/PGMAPA99.cbl,.cbl,1,https://github.com/NahuelGattari/Cobol,github.com
swh:1:cnt:e8972a7556d8fb44cd7824674beb615abb7baca4,e8972a7556d8fb44cd7824674beb615abb7baca4,/naoLib.cbl,.cbl,1,https://github.com/Mister-Jingles/NAO-EPITECH,github.com
swh:1:cnt:36844ddd1803f6db5b23412695a18e6e9cb60b97,36844ddd1803f6db5b23412695a18e6e9cb60b97,/MONTHINC.CBL,.CBL,1,https://gitlab.com/cobol1162927/array.git,gitlab.com
swh:1:cnt:773a872f2cd11385be2b11b2c609b3f7738ae641,773a872f2cd11385be2b11b2c609b3f7738ae641,/HELPPGM.CBL,.CBL,1,https://github.com/DaveLClarkI/zCicsHelpFacility,github.com
swh:1:cnt:1aceedab787eafc089961889925a38ae8f5de13a,1aceedab787eafc089961889925a38ae8f5de13a,/2393.cbl,.cbl,1,https://github.com/mamad-1373/Algorithm,github.com
swh:1:cnt:f8d578ed918b64e358e831e639b4d8070b975b2a,f8d578ed918b64e358e831e639b4d8070b975b2a,/TestAIRCODE.cbl,.cbl,1,https://github.com/DVAG-Manfred-Heider/Airport-Sample,github.com
swh:1:cnt:d5a58d3e8b04f99445d5f49b9def5b2a9b28fd9b,d5a58d3e8b04f99445d5f49b9def5b2a9b28fd9b,/excercise.cbl,.cbl,1,https://github.com/Old-Mainframes/CobolPractice-1,github.com
swh:1:cnt:1b0611c98e3faf98f2e036272273d14157da92bb,1b0611c98e3faf98f2e036272273d14157da92bb,/Listing12-3.cbl,.cbl,1,https://gitlab.com/cobol22/cobol-lab-11.git,gitlab.com
swh:1:cnt:5ef6bdc50196f1c0239e93d86b03451e88657c9b,5ef6bdc50196f1c0239e93d86b03451e88657c9b,/ensyu1.cbl,.cbl,1,https://github.com/Takumi-psychom/HELLOpsychom,github.com
swh:1:cnt:8ba0b23c35a07c27b83a07cd1754411a4ff45f48,8ba0b23c35a07c27b83a07cd1754411a4ff45f48,/megasena.cbl,.cbl,1,https://bitbucket.org/anaclaudiavolkmann/desafiomegasena-ana.git,bitbucket.org
swh:1:cnt:142562280eb5ae7eef01525dc099ad1fff88e909,142562280eb5ae7eef01525dc099ad1fff88e909,/animation libraries.cbl,.cbl,1,https://github.com/Humanoid-Robots-as-Edu-Assistants/nao_libraries,github.com
swh:1:cnt:5a25c1f00ac85ac2c35156648180024e9abdb308,5a25c1f00ac85ac2c35156648180024e9abdb308,/mygrade.cbl,.cbl,1,https://gitlab.com/gobol/mygrade.git,gitlab.com
swh:1:cnt:e0922439d7fbaf7c9e016d8d114fd2ce24e9cdb0,e0922439d7fbaf7c9e016d8d114fd2ce24e9cdb0,/hello-world.cbl,.cbl,1,https://github.com/RayPereiraP/hello-world,github.com
swh:1:cnt:08390b773232ef10f920a1ed1bf555c7d3a976fa,08390b773232ef10f920a1ed1bf555c7d3a976fa,/CONTOH3.cbl,.cbl,1,https://github.com/Vputri/Cobol,github.com
swh:1:cnt:6a2c1766ccd96c9e3d00589b00a0bac4f7ae168d,6a2c1766ccd96c9e3d00589b00a0bac4f7ae168d,/Edit1.cbl,.cbl,1,https://gitlab.com/cobol15/lab9.git,gitlab.com
swh:1:cnt:975ee57b999d4f737de4e13d27d82aab861ed09e,975ee57b999d4f737de4e13d27d82aab861ed09e,/prog.cbl,.cbl,1,https://github.com/yutaro-sakamoto/opensourcecobol4j-c-glue,github.com
swh:1:cnt:89f848c4818b762f77846a718b8a319227b1d1e9,89f848c4818b762f77846a718b8a319227b1d1e9,/tempCodeRunnerFile.cbl,.cbl,1,https://gitlab.com/62160068_god/week2.git,gitlab.com
swh:1:cnt:4ef89ae8e6450901fee071fc96e1ca93a7810f50,4ef89ae8e6450901fee071fc96e1ca93a7810f50,/HelloWorld.cbl,.cbl,1,https://gitlab.com/SiddhantAttavar/Hello-World.git,gitlab.com
swh:1:cnt:d7128cd8d0655157a3c84fc2000eee8f0e43d7e1,d7128cd8d0655157a3c84fc2000eee8f0e43d7e1,/pi.cbl,.cbl,1,https://github.com/gferluga/AppsRunCPM,github.com
swh:1:cnt:deee7df11d4359486a998bd7bf9359ce6ebbf4b2,deee7df11d4359486a998bd7bf9359ce6ebbf4b2,/control-break2.cbl,.cbl,1,https://gitlab.com/CobolProgram/control-break.git,gitlab.com
swh:1:cnt:0e776abc845f56cd0429e33d9f3ff4bc66cf4d97,0e776abc845f56cd0429e33d9f3ff4bc66cf4d97,/reportMember.cbl,.cbl,1,https://gitlab.com/cobol3/cobol-week8.git,gitlab.com
swh:1:cnt:49ff283ff09b5d607d6be297650e2f630d347bfc,49ff283ff09b5d607d6be297650e2f630d347bfc,/cat.cbl,.cbl,1,https://github.com/hakatashi/esolang-box,github.com
swh:1:cnt:a7adc2e42d91b21c00cf1a335fac0bd3e4723140,a7adc2e42d91b21c00cf1a335fac0bd3e4723140,/Box library.cbl,.cbl,1,https://bitbucket.org/mchoraine/tic-tac-toe.git,bitbucket.org
swh:1:cnt:37593c371ad0c01cbe45388e90848634934adec5,37593c371ad0c01cbe45388e90848634934adec5,/test.cbl,.cbl,1,https://gitlab.com/62160139/final_cobol.git,gitlab.com
swh:1:cnt:39e2d4a324c580ea9475e7a1ca52d2ce85c39bd5,39e2d4a324c580ea9475e7a1ca52d2ce85c39bd5,/eco9ban.cbl,.cbl,1,https://github.com/jessCuevas/utils_cobol,github.com
swh:1:cnt:ef9b1f664b59f2119784277a68ac3a5c27a7a2e6,ef9b1f664b59f2119784277a68ac3a5c27a7a2e6,/mygrade.cbl,.cbl,1,https://gitlab.com/cobol10/week7_mygrade.git,gitlab.com
swh:1:cnt:88b8967569993277c06d6b727942e665dba9b10f,88b8967569993277c06d6b727942e665dba9b10f,/readData.cbl,.cbl,1,https://github.com/KaosElegent/COBOL-Showcase,github.com
swh:1:cnt:b9ec8edc8ad7b5770bf20cff731397a7062e9800,b9ec8edc8ad7b5770bf20cff731397a7062e9800,/cobol.cbl,.cbl,1,https://github.com/mikhi32/hello-world,github.com
swh:1:cnt:7a4f6e145969297f050aefba1af54a6808ae71f2,7a4f6e145969297f050aefba1af54a6808ae71f2,/one_dim_init.cbl,.cbl,1,https://gitlab.com/62160007/cobol_week_12.git,gitlab.com
swh:1:cnt:74f5377af535b458cb474d0d25f924025177f0f6,74f5377af535b458cb474d0d25f924025177f0f6,/Calculadora.cbl,.cbl,1,https://github.com/jossie-tech/CURSO_COBOL,github.com
swh:1:cnt:eaf973e1e27446180947ee4871d18d763304960e,eaf973e1e27446180947ee4871d18d763304960e,/ENRIQUEZ.cbl,.cbl,1,https://github.com/BeaEnriquez/CS399,github.com
swh:1:cnt:5835c272e3366ae50a2a9306834e374af05ecae3,5835c272e3366ae50a2a9306834e374af05ecae3,/Exercicio2.cbl,.cbl,1,https://github.com/Torquato52/Exercicios_Cobol,github.com
swh:1:cnt:726f81feb7b4f30b29197039999d4398540ef795,726f81feb7b4f30b29197039999d4398540ef795,/control-break1.cbl,.cbl,1,https://gitlab.com/cobol3/cobol-week12.git,gitlab.com
swh:1:cnt:f316cfbd39332a8a7ebcd30c8dd9a6bea13c7da1,f316cfbd39332a8a7ebcd30c8dd9a6bea13c7da1,/Perform3.CBL,.CBL,1,https://github.com/aphernandez/apc-webprog-ecsit1-aphernandez,github.com
swh:1:cnt:b5168d54d742b3ed0dba1bfea2ce426f8081802d,b5168d54d742b3ed0dba1bfea2ce426f8081802d,/sendgrid_demo.cbl,.cbl,1,https://github.com/sendgrid/sendgrid-cobol,github.com
swh:1:cnt:84dc7ee9806a492bfa98b5d307fe018808c50fff,84dc7ee9806a492bfa98b5d307fe018808c50fff,/01.cbl,.cbl,1,https://github.com/michalasobczak/q,github.com
swh:1:cnt:06c931b6e9c4b9f5b4ddfdc8a982a924b8fdb2ff,06c931b6e9c4b9f5b4ddfdc8a982a924b8fdb2ff,/Data1.cbl,.cbl,1,https://gitlab.com/cobol4/week3-data-and-procedure.git,gitlab.com
swh:1:cnt:da8e7d55ba6ffb409471c44f79c932102dbc7414,da8e7d55ba6ffb409471c44f79c932102dbc7414,/control-break3.cbl,.cbl,1,https://gitlab.com/62160266/control-break.git,gitlab.com
swh:1:cnt:87829b68f6f622708e879af60be950abe478cfa0,87829b68f6f622708e879af60be950abe478cfa0,/HelloWorld.cbl,.cbl,1,https://gitlab.com/saponchetdev/setup-and-write-cobol-code.git,gitlab.com
swh:1:cnt:411a21b6e61584973724484f377ad2ebba797efb,411a21b6e61584973724484f377ad2ebba797efb,/cobol.cbl,.cbl,1,https://github.com/Emericdefay/forma-cics,github.com
swh:1:cnt:8f4a26db6e05107ace36b6616e6f491db347c1db,8f4a26db6e05107ace36b6616e6f491db347c1db,/cobol.cbl,.cbl,1,https://github.com/IainWhite/fizzbuzz,github.com
swh:1:cnt:3de3f30a1d1b1ae25641772f05536b20b2aaffc2,3de3f30a1d1b1ae25641772f05536b20b2aaffc2,/Data5.cbl,.cbl,1,https://gitlab.com/co_62160294/cobol_week3.git,gitlab.com
swh:1:cnt:34cc5db4aaaf3926d7cef5ba9d111b686caa5f06,34cc5db4aaaf3926d7cef5ba9d111b686caa5f06,/EX04-AULA04.cbl,.cbl,1,https://github.com/adamczuk/AULAS-COBOL,github.com
swh:1:cnt:11845a7b76487f79ba89851b2a310eed9da4abb1,11845a7b76487f79ba89851b2a310eed9da4abb1,/06_UNSTRING1.cbl,.cbl,1,https://github.com/arshavskiy/Modern-mainframe-development,github.com
swh:1:cnt:eb6f4f1c46d5e2e26529429608b7c4faffeae21e,eb6f4f1c46d5e2e26529429608b7c4faffeae21e,/gnucobol.cbl,.cbl,1,https://github.com/berrak/bukkit,github.com
swh:1:cnt:51de1b4bd855f51119ecbf84661bba75e0c079c8,51de1b4bd855f51119ecbf84661bba75e0c079c8,/exercicio-16.cbl,.cbl,1,https://github.com/victoroliveira59/Curso-cobol,github.com
swh:1:cnt:92e7df769408432059f80256564a561771539f47,92e7df769408432059f80256564a561771539f47,/NSA01.cbl,.cbl,1,https://github.com/kdeif/civil-information,github.com
swh:1:cnt:af612ade64b4ec73d6aa6a0af50368497bc43220,af612ade64b4ec73d6aa6a0af50368497bc43220,/ZBNKPRT2.cbl,.cbl,1,https://github.com/rickianni/BankDemo,github.com
swh:1:cnt:113e3da0ac4f41dde55f5b25ad94b74cd5ea4ef3,113e3da0ac4f41dde55f5b25ad94b74cd5ea4ef3,/LOANAMORTSCREENS.cbl,.cbl,1,https://github.com/cobol-cloud/eclipse-demo,github.com
swh:1:cnt:346b7211a5ceda1b2dedef617c8431dd86ca90df,346b7211a5ceda1b2dedef617c8431dd86ca90df,/Wanda1.CBL,.CBL,1,https://bitbucket.org/p6wab/wanda-training-6.git,bitbucket.org
swh:1:cnt:ebe6d49ef22631d655ec2309ca8d637d7a54bc57,ebe6d49ef22631d655ec2309ca8d637d7a54bc57,/MonoChrome.cbl,.cbl,1,https://github.com/j1-ebisawa/isGames,github.com
swh:1:cnt:190c8182948e403cf00b9c364a0f7fdec40d9f42,190c8182948e403cf00b9c364a0f7fdec40d9f42,/prog01.cbl,.cbl,1,https://github.com/taylorjeftedasilva/conhecendoCobol,github.com
swh:1:cnt:bf3b2a9f02aca30031470fa04e4914143f6f769f,bf3b2a9f02aca30031470fa04e4914143f6f769f,/EX-OPCOES-CONSISTENCIA.cbl,.cbl,1,https://github.com/adaao/exercicio-cobol,github.com
swh:1:cnt:1be9ccc2d50b76acc195ee2f163fc4fd66f80fcc,1be9ccc2d50b76acc195ee2f163fc4fd66f80fcc,/autosetup.cbl,.cbl,1,https://github.com/ajroyall/CloudyWithAChanceOfCOBOL_MicroFocals,github.com
swh:1:cnt:3029a394a78437630969f6293b1b78a6987ff26c,3029a394a78437630969f6293b1b78a6987ff26c,/Programa-MostrarLista.cbl,.cbl,1,https://github.com/IgnacioEnriquez/Backups-Lenguajes,github.com
swh:1:cnt:879e11c4a32c98f7c48df08a50a40aa9e98072b9,879e11c4a32c98f7c48df08a50a40aa9e98072b9,/cobchangestr.cbl,.cbl,1,https://github.com/teamnorge/java-gnucobol,github.com
swh:1:cnt:dd46ff7cd43a995d3423006fff547dc6568b4c42,dd46ff7cd43a995d3423006fff547dc6568b4c42,/sampe-cobol-code.cbl,.cbl,1,https://github.com/cobolsense/COBOLSense,github.com
swh:1:cnt:e559789818d2b5f4c82bedab93151995757a4240,e559789818d2b5f4c82bedab93151995757a4240,/test2.cbl,.cbl,1,https://github.com/ojInc/thescript,github.com
swh:1:cnt:30136b7fc69ca0f6b6af407d21600dbccd7f52c6,30136b7fc69ca0f6b6af407d21600dbccd7f52c6,/ArqSequencial-Sort.cbl,.cbl,1,https://bitbucket.org/camille_jandre3/desafioinsertsort.git,bitbucket.org
swh:1:cnt:a5627ec6a0eba980e14d2e8bac9d2fbf04ff6523,a5627ec6a0eba980e14d2e8bac9d2fbf04ff6523,/RHBCLI01.CBL,.CBL,1,https://github.com/wukardem/Exercicios,github.com
swh:1:cnt:73367c5b785b634608f8a7c3f44e1926c8fb7d01,73367c5b785b634608f8a7c3f44e1926c8fb7d01,/athlete.cbl,.cbl,1,https://github.com/antomuz/JOnat,github.com
swh:1:cnt:9680a854c820a731c780a6518aececc84ed71e12,9680a854c820a731c780a6518aececc84ed71e12,/HELLO2.cbl,.cbl,1,https://github.com/n-isaka/ci-sample,github.com
swh:1:cnt:6bca4edb2d1c86a296d120f7835fd9bc022ffe58,6bca4edb2d1c86a296d120f7835fd9bc022ffe58,/UTIL0.cbl,.cbl,1,https://github.com/RodrigoDornelles/cobol-bank,github.com
swh:1:cnt:3325a2c939893d72ed1b65d767af6a79327c6680,3325a2c939893d72ed1b65d767af6a79327c6680,/restaurante.cbl,.cbl,1,https://github.com/yordisc/Restaurante-330-UNA,github.com
swh:1:cnt:d35e2b297aa03f66ac47cea114443e09bc13482c,d35e2b297aa03f66ac47cea114443e09bc13482c,/cobol.cbl,.cbl,1,https://github.com/BuffRobotiX/fileio,github.com
swh:1:cnt:e44b8b9275e156efb1b4b3163f0dbd20b6241a3e,e44b8b9275e156efb1b4b3163f0dbd20b6241a3e,/epsmlist.cbl,.cbl,1,https://gitlab.com/RegiBrazil/dbb-zappbuild-1.git,gitlab.com
swh:1:cnt:729b8eba9f614b447ccefb3dfbf61b9ed988e499,729b8eba9f614b447ccefb3dfbf61b9ed988e499,/CBLKLM04.cbl,.cbl,1,https://github.com/KiaraMoyer/Cobol-4,github.com
swh:1:cnt:84bc4486b5aa0fb992afe0caf41880eee310277f,84bc4486b5aa0fb992afe0caf41880eee310277f,/TheRealDeal.cbl,.cbl,1,https://github.com/david-moore974/QA-COBOL1,github.com
swh:1:cnt:087720af228c0cb6e3096509d6d0aab3fb393ca3,087720af228c0cb6e3096509d6d0aab3fb393ca3,/main_app.cbl,.cbl,1,https://github.com/antonio-guillen/COBOL-Examples,github.com
swh:1:cnt:7851afc239d06aadfab634c262e7199238b469e5,7851afc239d06aadfab634c262e7199238b469e5,/Program1.cbl,.cbl,1,https://github.com/mmendi/tirada-de-una-moneda,github.com
swh:1:cnt:689a0c7aae69e8ea44b40b15412d1d0b73114d19,689a0c7aae69e8ea44b40b15412d1d0b73114d19,/epscmort.cbl,.cbl,1,https://github.com/jayaleksh/dbb-zappbuild,github.com
swh:1:cnt:459f40652c3f48633a3efd2010fd65926973cb65,459f40652c3f48633a3efd2010fd65926973cb65,/ZBNKE35.CBL,.CBL,1,https://github.com/mikeden01/maxine1960,github.com
swh:1:cnt:6869c0247d49dc89fb22578ecd65e509c172f6cd,6869c0247d49dc89fb22578ecd65e509c172f6cd,/hie.yaml.cbl,.cbl,1,https://github.com/jneira/ide,github.com
swh:1:cnt:5658cd599950f32e74981a10ad3d956f335c861f,5658cd599950f32e74981a10ad3d956f335c861f,/two_dim.cbl,.cbl,1,https://gitlab.com/62160133/cobol-week10.git,gitlab.com
swh:1:cnt:dca70422f989f4ecbee477a2cf7639c1b17fa8db,dca70422f989f4ecbee477a2cf7639c1b17fa8db,/testingdb2.cbl,.cbl,1,https://github.com/wahidaleena/TestDB2,github.com
swh:1:cnt:55250b08d53f3f2ce12451857a25921071ec5a2f,55250b08d53f3f2ce12451857a25921071ec5a2f,/epsmlist.cbl,.cbl,1,https://github.com/AnjaliAbraham/dbbtest1,github.com
swh:1:cnt:dbdcba8a42d7d9edf53f3f2a657f6a3e1119cd5d,dbdcba8a42d7d9edf53f3f2a657f6a3e1119cd5d,/TSQL005A.cbl,.cbl,1,https://github.com/GitMensch/gix,github.com
swh:1:cnt:f585f5d52ac3930e811477083bb30e43cca41617,f585f5d52ac3930e811477083bb30e43cca41617,/INTVENDR.cbl,.cbl,1,https://github.com/cmo1992/Vendor-Maintenance-Program,github.com
swh:1:cnt:2fbf62a1235d31814a2d2f59dc7302013e2fca16,2fbf62a1235d31814a2d2f59dc7302013e2fca16,/asmzx.cbl,.cbl,1,https://github.com/vmlinuz719/asmzx,github.com
swh:1:cnt:bcb7ee424af7490c8d7d0c854abde97af30a23e2,bcb7ee424af7490c8d7d0c854abde97af30a23e2,/solve.cbl,.cbl,1,https://github.com/imaohw/hacker.org,github.com
swh:1:cnt:b4acf83aadf03abe5f6b2d7d65c3d8d4642a44c7,b4acf83aadf03abe5f6b2d7d65c3d8d4642a44c7,/SAM1.cbl,.cbl,1,https://github.com/raghug-source/cobolapp,github.com
swh:1:cnt:d1376f8ea9b00c6f8af77a2efac189b3c748624d,d1376f8ea9b00c6f8af77a2efac189b3c748624d,/new-gilded-rose.cbl,.cbl,1,https://github.com/lkilk/cobol-maintenance-module,github.com
swh:1:cnt:6e0f967364a22d73111d8eaa194a5e2fd28c822b,6e0f967364a22d73111d8eaa194a5e2fd28c822b,/Test1.cbl,.cbl,1,https://github.com/avtansh123/JREcord,github.com
swh:1:cnt:27605d7afacb28f44defd0b9cb4eb52bd4b4fdca,27605d7afacb28f44defd0b9cb4eb52bd4b4fdca,/PROG01.cbl,.cbl,1,https://github.com/HugorogoDEV/COBOL,github.com
swh:1:cnt:689d41e8e2b13ea538d8ee61c3d8f3e6e89dabec,689d41e8e2b13ea538d8ee61c3d8f3e6e89dabec,/tempo.cbl,.cbl,1,https://github.com/f00b4r0/cobol,github.com
swh:1:cnt:abc5b5a62591a43b6910c65e0db5900e1e2cdcab,abc5b5a62591a43b6910c65e0db5900e1e2cdcab,/sampprog_expand.cbl,.cbl,1,https://github.com/rodchito/openlegacy,github.com
swh:1:cnt:b9eb3df0f4a8030d4d93aaee13554dba41e40ba8,b9eb3df0f4a8030d4d93aaee13554dba41e40ba8,/Control2.cbl,.cbl,1,https://gitlab.com/62160273_cobol/week3.git,gitlab.com
swh:1:cnt:0ae7109e78b6c30e5754adf65d4d80ca02cbbf80,0ae7109e78b6c30e5754adf65d4d80ca02cbbf80,/C06E02.cbl,.cbl,1,https://github.com/donhuvy/COBOL-exercises,github.com
swh:1:cnt:bbb76b32087ad60917fb686bdf3ff2fdaa1e10bf,bbb76b32087ad60917fb686bdf3ff2fdaa1e10bf,/fuente.cbl,.cbl,1,https://github.com/lokoleo/Prueba,github.com
swh:1:cnt:ae4081b07911a1eb1607179ea3b1ebfb3497a9f8,ae4081b07911a1eb1607179ea3b1ebfb3497a9f8,/Personal-info.cbl,.cbl,1,https://github.com/ayu3389/Personal-info,github.com
swh:1:cnt:e3365e576ada2119010ac91d6ceb862bdddd8adf,e3365e576ada2119010ac91d6ceb862bdddd8adf,/VALIDABOOK.cbl,.cbl,1,https://github.com/rcabraldemelo/Work,github.com
swh:1:cnt:28003903f4fc388f14700e81972960d52944b0cc,28003903f4fc388f14700e81972960d52944b0cc,/PROJ2023.cbl,.cbl,1,https://github.com/iannuqui/SOFT806,github.com
swh:1:cnt:2db0dd4d687e20692e13fccc11f117184f768a12,2db0dd4d687e20692e13fccc11f117184f768a12,/CobolGreeting.cbl,.cbl,1,https://gitlab.com/cobolproject/week2.git,gitlab.com
swh:1:cnt:a9bdcb7a9ce71e46cbebf46b3255840393f3a63f,a9bdcb7a9ce71e46cbebf46b3255840393f3a63f,/ac2302p2.cbl,.cbl,1,https://github.com/PhantomSpoon/Advent-of-code-2023,github.com
swh:1:cnt:672e76a871ee7f7f121b8719172e93fa7780aacf,672e76a871ee7f7f121b8719172e93fa7780aacf,/MAXIMINI.cbl,.cbl,1,https://github.com/AndreiBS/Aula-Cobol,github.com
swh:1:cnt:dde13792d68f58fec87f3111b01eb27e3a7aa5e3,dde13792d68f58fec87f3111b01eb27e3a7aa5e3,/assis.cbl,.cbl,1,https://github.com/swhatelse/ProjectT1000,github.com
swh:1:cnt:17dccb0bce51f0a11923b806ea5cadd48ff89f64,17dccb0bce51f0a11923b806ea5cadd48ff89f64,/LAB7MultiBreak.cbl,.cbl,1,https://github.com/Aogletree1/COBOL-Lab-7,github.com
swh:1:cnt:42d5afeed087b35399f25f4949cc4ed0fea4e275,42d5afeed087b35399f25f4949cc4ed0fea4e275,/P0001.cbl,.cbl,1,https://github.com/eddtests/cobol-etudes,github.com
swh:1:cnt:4de8a8b9056c9a19137d459e4f1a3cda512da8dd,4de8a8b9056c9a19137d459e4f1a3cda512da8dd,/parouimpar.cbl,.cbl,1,https://github.com/gabsbarbosam/parOuImpar,github.com
swh:1:cnt:92b92399f463d0a78e3b2b9d62c05467b51b3372,92b92399f463d0a78e3b2b9d62c05467b51b3372,/f-ckdate.cbl,.cbl,1,https://github.com/SusanVanTS/PAA,github.com
swh:1:cnt:ef92f6f5102dc77bc32bb7518a8206dfe7c23222,ef92f6f5102dc77bc32bb7518a8206dfe7c23222,/SAM1.cbl,.cbl,1,https://github.com/gaganhegde/zopeneditor-sample,github.com
swh:1:cnt:78f3ccdb666a25dd89e14a1a41fe0f242dae77f2,78f3ccdb666a25dd89e14a1a41fe0f242dae77f2,/Calculadora.cbl,.cbl,1,https://github.com/Italomax/CalculadoraCobol,github.com
swh:1:cnt:5b8ab2d1ddc75c7f5541db5119a5dc596dd99ac4,5b8ab2d1ddc75c7f5541db5119a5dc596dd99ac4,/payroll.cbl,.cbl,1,https://github.com/14paxton/Payroll_Cobol,github.com
swh:1:cnt:46f99d3c8edce9564fdbddd3043927751edf2351,46f99d3c8edce9564fdbddd3043927751edf2351,/modemp.cbl,.cbl,1,https://github.com/vinci1808/xyz,github.com
swh:1:cnt:7c117d64873e50d46d369bb4a52ba04a53526060,7c117d64873e50d46d369bb4a52ba04a53526060,/PlusTwoNumber.cbl,.cbl,1,https://gitlab.com/lagunazver4/cobolweek1.git,gitlab.com
swh:1:cnt:245435fca55b9f09170aed13112a71b6c2c35b85,245435fca55b9f09170aed13112a71b6c2c35b85,/DAMARP01.cbl,.cbl,1,https://github.com/gbegicw/CobolCode-ForkedFromMcQ,github.com
swh:1:cnt:29e3a76eb3d4d399561af9ba27d5f13550d2f8a0,29e3a76eb3d4d399561af9ba27d5f13550d2f8a0,/edit1.cbl,.cbl,1,https://gitlab.com/cobol19/week9.git,gitlab.com
swh:1:cnt:6d7503d529462f54725d6ece9119c1cdeb319c2c,6d7503d529462f54725d6ece9119c1cdeb319c2c,/ryder-demo-file.cbl,.cbl,1,https://github.com/erharishchhabra/ryder-demo,github.com
swh:1:cnt:b74a55b8053bde7b7feddad0274c58c25726d1f6,b74a55b8053bde7b7feddad0274c58c25726d1f6,/MDSMSDUS.CBL,.CBL,1,https://github.com/COBOL-Erik/Sudoku-Solver-COBOL,github.com
swh:1:cnt:2ee70e7da132de9c1359e0d4744480114796802a,2ee70e7da132de9c1359e0d4744480114796802a,/BAC00110.cbl,.cbl,1,https://github.com/kgeiken/TEST,github.com
swh:1:cnt:1a667b4f0fc5f19b74f49a4164dba3fd89820af9,1a667b4f0fc5f19b74f49a4164dba3fd89820af9,/Hello.cbl,.cbl,1,https://github.com/TheeDeafFrog/University-Projects,github.com
swh:1:cnt:c8991c0c99da22959072e220490ce201ab583264,c8991c0c99da22959072e220490ce201ab583264,/hello.cbl,.cbl,1,https://github.com/phill-holland/hello-vscode-world,github.com
swh:1:cnt:bf9a5dea633df977cd0e85146cc5e2d050c5e1ec,bf9a5dea633df977cd0e85146cc5e2d050c5e1ec,/DB2PGM3.CBL,.CBL,1,https://github.com/sandeep-sparrow/COBOL-Program,github.com
swh:1:cnt:fa61b1a0632785e2afb6763e7c2103ea1560036a,fa61b1a0632785e2afb6763e7c2103ea1560036a,/brainfuck.cbl,.cbl,1,https://github.com/mikebharris/COBOL-brainfuck,github.com
swh:1:cnt:8decbdee2c8cb8473f2d8e66c335b9ff6ec81b15,8decbdee2c8cb8473f2d8e66c335b9ff6ec81b15,/calculator.cbl,.cbl,1,https://github.com/ZamamboGcwabe/Coding-tutorials,github.com
swh:1:cnt:74dc4fb8f5c3fc4f70086aaf0a8a1274bb68475b,74dc4fb8f5c3fc4f70086aaf0a8a1274bb68475b,/Control7.cbl,.cbl,1,https://gitlab.com/62160289/lab-4-cobol.git,gitlab.com
swh:1:cnt:dd8097a55e6714bb3983ab9678e726d2fc5deb65,dd8097a55e6714bb3983ab9678e726d2fc5deb65,/data-input-example.cbl,.cbl,1,https://github.com/joeljiezhu/node-open-cobol,github.com
swh:1:cnt:6b46eaa886ba92f6dfe5d9791d5aef149b6f3303,6b46eaa886ba92f6dfe5d9791d5aef149b6f3303,/puzzle.cbl,.cbl,1,https://github.com/pedrozan/BeginningCOBOLExercises,github.com
swh:1:cnt:c005f9ef14186e846e7d80507a533cf3c6e678c4,c005f9ef14186e846e7d80507a533cf3c6e678c4,/CUNA_util01.cbl,.cbl,1,https://github.com/OSGSW/cobol,github.com
swh:1:cnt:98b5f38950004cd50be4c828eec40073e0923996,98b5f38950004cd50be4c828eec40073e0923996,/TEST1.cbl,.cbl,1,https://github.com/HiroShinke/SampleCobol,github.com
swh:1:cnt:8d4832710fd41f6b4fd83ccf106854f60bc5530f,8d4832710fd41f6b4fd83ccf106854f60bc5530f,/PAY9.CBL,.CBL,1,https://github.com/jamesgabiana/PR301-Re-engineering-Legacy-System-Python,github.com
swh:1:cnt:8daf396688f537c589b035407b698af8e3004780,8daf396688f537c589b035407b698af8e3004780,/CL15EJ02.v.1.1.cbl,.cbl,1,https://github.com/gabrod2021/COBOL-ABM-usando-apareo,github.com
swh:1:cnt:ad0b649514de7c24111555af1540865f8d1df7f1,ad0b649514de7c24111555af1540865f8d1df7f1,/TestLOANAMORT.cbl,.cbl,1,https://github.com/mbleistein/LoanAgileVS,github.com
swh:1:cnt:149d19db0b5d93cd36f69359194ee9ab5d7564bc,149d19db0b5d93cd36f69359194ee9ab5d7564bc,/Lista7E4.cbl,.cbl,1,https://bitbucket.org/lucas26102005___/provacobol03-lucas-natan-krieck.git,bitbucket.org
swh:1:cnt:89e5009337676d4558e6c8259e99938d3ed88bbd,89e5009337676d4558e6c8259e99938d3ed88bbd,/CobolExample.cbl,.cbl,1,https://github.com/KinreeveNaku/CobolIO,github.com
swh:1:cnt:0f9863fcf9c5256a0943c12a7a38543a041a488c,0f9863fcf9c5256a0943c12a7a38543a041a488c,/FACTURAS.CBL,.CBL,1,https://github.com/heribertogh/java,github.com
swh:1:cnt:8d30579c68a24f1947812b842ce3930b65665cba,8d30579c68a24f1947812b842ce3930b65665cba,/shop_receipts.cbl,.cbl,1,https://gitlab.com/selected-4-cobol-prog/week-7-recordbuffer.git,gitlab.com
swh:1:cnt:efa179533fb4f204fcbeee4f434398028f75120a,efa179533fb4f204fcbeee4f434398028f75120a,/primeiro arquivo.cbl,.cbl,1,https://github.com/GustavoWSa/Programas,github.com
swh:1:cnt:e2741c6e07604e06f1c1e2ab8d9ba5957973c583,e2741c6e07604e06f1c1e2ab8d9ba5957973c583,/PARSESEG-PAR-EX.cbl,.cbl,1,https://github.com/Chethanhm/ibm_ent_cobol_cli,github.com
swh:1:cnt:ce87c6f20f2ca9f1332f94ee6494174db98068c9,ce87c6f20f2ca9f1332f94ee6494174db98068c9,/EX5-1-1F.cbl,.cbl,1,https://github.com/j1-ebisawa/jpn_test,github.com
swh:1:cnt:3f5da790e0d7ced8abb3ebe3e2f2bf97e1894970,3f5da790e0d7ced8abb3ebe3e2f2bf97e1894970,/read-emp1.cbl,.cbl,1,https://gitlab.com/cobol.tn/file-operation.git,gitlab.com
swh:1:cnt:ba0d0eaf11fce8663966c69754d4c837dd9b590f,ba0d0eaf11fce8663966c69754d4c837dd9b590f,/vary_size.cbl,.cbl,1,https://gitlab.com/saponchetdev/recordbuffer.git,gitlab.com
swh:1:cnt:df0bc007ec29cb6df36f7fd9ef35fa0fc934f5fe,df0bc007ec29cb6df36f7fd9ef35fa0fc934f5fe,/F0.cbl,.cbl,1,https://github.com/MattieuZ/Cyclistes,github.com
swh:1:cnt:362665b4aa11034a38b20a32ea4e55caf2139026,362665b4aa11034a38b20a32ea4e55caf2139026,/battle.cbl,.cbl,1,https://github.com/Dotz0cat/cobol,github.com
swh:1:cnt:9eb4db322895038e3b5d8fa9024e3ae405a46abd,9eb4db322895038e3b5d8fa9024e3ae405a46abd,/shop_receipts_footer.cbl,.cbl,1,https://gitlab.com/62160247/advancefile.git,gitlab.com
swh:1:cnt:4cc7555233e1ab35eb0d16e5d5f5b953dccf703f,4cc7555233e1ab35eb0d16e5d5f5b953dccf703f,/LGICDB01.cbl,.cbl,1,https://github.com/raylamgit/GitHubPipeline,github.com
swh:1:cnt:372b46c8aa0c2b466b8a56b4d58da45ec1aeac47,372b46c8aa0c2b466b8a56b4d58da45ec1aeac47,/Custmnt2.cbl,.cbl,1,https://github.com/SealV/sonar-examples,github.com
swh:1:cnt:60775efb378c2fe52b011fa295ddb24a5ce98c34,60775efb378c2fe52b011fa295ddb24a5ce98c34,/demo01.cbl,.cbl,1,https://github.com/brc859844/rabbitmq-cobol,github.com
swh:1:cnt:6b89b22a02e946956d79815e414c98b3d44aef10,6b89b22a02e946956d79815e414c98b3d44aef10,/Control2.cbl,.cbl,1,https://gitlab.com/cobal-ibm/lab4.git,gitlab.com
swh:1:cnt:488535874d9d879005950f0e14e74d969d5e4184,488535874d9d879005950f0e14e74d969d5e4184,/Multiplier.cbl,.cbl,1,https://github.com/costassolla/hacktoberfest-is-ending,github.com
swh:1:cnt:f0f512908b67e1d16d03f13550899078b47974eb,f0f512908b67e1d16d03f13550899078b47974eb,/cal.cbl,.cbl,1,https://github.com/alekelbar/Examen_paradigmas,github.com
swh:1:cnt:d12b2459ae5d57b4e6ab4f6a2f1e665eb45f38e1,d12b2459ae5d57b4e6ab4f6a2f1e665eb45f38e1,/samplel.cbl,.cbl,1,https://github.com/kio-watanabe/opensource-cobol,github.com
swh:1:cnt:f254c26d3586bacb495dec2a4584cd80866104da,f254c26d3586bacb495dec2a4584cd80866104da,/MAIN.CBL,.CBL,1,https://github.com/acai422/IBM-Inventory-Repository,github.com
swh:1:cnt:d9fcc841140be27f88d69dfdcef750fa67b8e497,d9fcc841140be27f88d69dfdcef750fa67b8e497,/whse_cbl.cbl,.cbl,1,https://github.com/deepagp/whse_shell,github.com
swh:1:cnt:cc1d7959ec8423d7b2511e2f63840cc0bd4cdf1e,cc1d7959ec8423d7b2511e2f63840cc0bd4cdf1e,/Ex1_P1.cbl,.cbl,1,https://github.com/AchcarLucas/Faculdade,github.com
swh:1:cnt:c07d81515daea53ad264f7e068524faba37f7162,c07d81515daea53ad264f7e068524faba37f7162,/SALE_REPORT.cbl,.cbl,1,https://gitlab.com/cobol1252128/report-file-with-edited-picture.git,gitlab.com
swh:1:cnt:05a053daa1064ec71bb4bf9b9608fddffa864cf9,05a053daa1064ec71bb4bf9b9608fddffa864cf9,/DF27TEST.CBL,.CBL,1,https://github.com/PhaseChangeSoftware/cobol-defects-suite,github.com
swh:1:cnt:cb1d0878a488aa03f4b286812a216a2af8ae2914,cb1d0878a488aa03f4b286812a216a2af8ae2914,/printname.cbl,.cbl,1,https://github.com/ChalkPE/HelloCobol,github.com
swh:1:cnt:afa6299554ec962f0ea32b674c0aefdd050feb16,afa6299554ec962f0ea32b674c0aefdd050feb16,/EPICTURE.cbl,.cbl,1,https://gitlab.com/cobol5395528/edited-picture.git,gitlab.com
swh:1:cnt:7df59b1456b4849893be037c6cffa09c1536f341,7df59b1456b4849893be037c6cffa09c1536f341,/CWXTCOB.cbl,.cbl,1,https://github.com/CPWRGIT/HDDRXM0_CWC2,github.com
swh:1:cnt:15d397bc33bbadf111995d940451a2e91b58736f,15d397bc33bbadf111995d940451a2e91b58736f,/vary_size.cbl,.cbl,1,https://gitlab.com/621600661/week8.git,gitlab.com
swh:1:cnt:bc1c45e1be3ce01b243f84571dc8813e1b92a53f,bc1c45e1be3ce01b243f84571dc8813e1b92a53f,/TrabLP.cbl,.cbl,1,https://github.com/OscarCapella/I-BankLP,github.com
swh:1:cnt:e99d1ca715fdd5db73c87ba632af077579a40c79,e99d1ca715fdd5db73c87ba632af077579a40c79,/member.cbl,.cbl,1,https://gitlab.com/cobol0070/week8.git,gitlab.com
swh:1:cnt:a0f6d0581d09f43c5d2480d0cac5788160059c3c,a0f6d0581d09f43c5d2480d0cac5788160059c3c,/TCC.cbl,.cbl,1,https://github.com/TomasPeresin/TCC-cobol-utn,github.com
swh:1:cnt:a725cffa3bec0d579614d1581598b7b4da0ebb91,a725cffa3bec0d579614d1581598b7b4da0ebb91,/app.cbl,.cbl,1,https://github.com/bluetsys/language-benchmarking,github.com
swh:1:cnt:bfec33cfde6ec9d3bd291a7f0c2d35be23c32fb0,bfec33cfde6ec9d3bd291a7f0c2d35be23c32fb0,/MUNICI.CBL,.CBL,1,https://github.com/jcbeuker/curso-cobol,github.com
swh:1:cnt:8e55b914254c347073e99299954b87b0ae2a766d,8e55b914254c347073e99299954b87b0ae2a766d,/ConditionNames.cbl,.cbl,1,https://gitlab.com/cobol18/lab2.git,gitlab.com
swh:1:cnt:5db13a5542e517343b9201f90fcac7fd5843e04b,5db13a5542e517343b9201f90fcac7fd5843e04b,/ox.cbl,.cbl,1,https://gitlab.com/cobol-learn/table.git,gitlab.com
swh:1:cnt:352abf1fa1aa17e750067e05b7ff752556129b16,352abf1fa1aa17e750067e05b7ff752556129b16,/OBNC1M.CBL,.CBL,1,https://github.com/cschneid-the-elder/mapa,github.com
swh:1:cnt:cd75813a31b5d853fea58470505430ea06447460,cd75813a31b5d853fea58470505430ea06447460,/one_dim.cbl,.cbl,1,https://gitlab.com/softdevv/cocol-week10.git,gitlab.com
swh:1:cnt:2eb952614e215c59f7add728139d7097ab4a0213,2eb952614e215c59f7add728139d7097ab4a0213,/playpen.cbl,.cbl,1,https://gitlab.cobolworx.com/COBOLworx/gcc-cobol.git,gitlab.cobolworx.com
swh:1:cnt:55acd921e05f381490b39001d23225993ae10e03,55acd921e05f381490b39001d23225993ae10e03,/Program2.cbl,.cbl,1,https://github.com/elpidakee/COBOL,github.com
swh:1:cnt:2e9c42da815bf464acf3654848ca05689937e400,2e9c42da815bf464acf3654848ca05689937e400,/payroll.cbl,.cbl,1,https://bitbucket.org/aclittle096/payroll-system-demo.git,bitbucket.org
swh:1:cnt:656d4bcbc307c435c1f22d1083ab0f7cf69d13bd,656d4bcbc307c435c1f22d1083ab0f7cf69d13bd,/CICS_PROGRAM_SAMPLE.cbl,.cbl,1,https://github.com/MTESSDev/Cics2dotNet-2PC-WCF,github.com
swh:1:cnt:bfad94e07342c7e71797842a41639dd219a1b839,bfad94e07342c7e71797842a41639dd219a1b839,/JVMQUERY.cbl,.cbl,1,https://github.com/foreverdeepak/legstar-jbossesb,github.com
swh:1:cnt:751bcc3cc5465f0bc80ffa36110518c72933a7c1,751bcc3cc5465f0bc80ffa36110518c72933a7c1,/Returns.cbl,.cbl,1,https://github.com/PurpleRiggz/Mainframe-Group_Final_Project,github.com
swh:1:cnt:10ce0f6fe8069804766c6d3c46d1ca4c7826608a,10ce0f6fe8069804766c6d3c46d1ca4c7826608a,/COBOL501.cbl,.cbl,1,https://github.com/Xamorro95/Cobol,github.com
swh:1:cnt:a9aac37b86b04346db5b9a179043f21ec9e074a1,a9aac37b86b04346db5b9a179043f21ec9e074a1,/datbatch.cbl,.cbl,1,https://github.com/Nelsons-Demos/sales,github.com
swh:1:cnt:80982ea59740dd6ffe6a98740bd55e30280be943,80982ea59740dd6ffe6a98740bd55e30280be943,/App.xaml.cbl,.cbl,1,https://github.com/ajroyall/DevDayUK2019,github.com
swh:1:cnt:353c2419c7a1e08614d888f0350ae1debd01357f,353c2419c7a1e08614d888f0350ae1debd01357f,/ADDUSER.CBL,.CBL,1,https://github.com/synechron-code/banking-system-cobol,github.com
swh:1:cnt:ac28f5453a8088237a00b40b8278ec54d651da18,ac28f5453a8088237a00b40b8278ec54d651da18,/report_member.cbl,.cbl,1,https://gitlab.com/62160141/cobol_week8.git,gitlab.com
swh:1:cnt:6ad67bf51488444a1a251b07498d9df2370e405d,6ad67bf51488444a1a251b07498d9df2370e405d,/helloworld.cbl,.cbl,1,https://github.com/muthusamfrauas/helloworld,github.com
swh:1:cnt:e3791eebd00258bd2e4ca93edb308d2453763ed3,e3791eebd00258bd2e4ca93edb308d2453763ed3,/control-break3.cbl,.cbl,1,https://gitlab.com/gobol/cobol-lab-12.git,gitlab.com
swh:1:cnt:83055e14b63c66694c7e2699fda4d9208cea010e,83055e14b63c66694c7e2699fda4d9208cea010e,/BMI.cbl,.cbl,1,https://gitlab.com/gobol/bmi.git,gitlab.com
swh:1:cnt:105c997af7e2dd5433f4cc291765e056fbbbbbba,105c997af7e2dd5433f4cc291765e056fbbbbbba,/tests.cbl,.cbl,1,https://github.com/codewars/cobol-test,github.com
swh:1:cnt:d16bed5662475608bf439ac94d97fdc1a376e9a6,d16bed5662475608bf439ac94d97fdc1a376e9a6,/indici.cbl,.cbl,1,https://github.com/LucioGhedo/cobol-templates,github.com
swh:1:cnt:ac2c17794ae633d53d5ef0324b56453078f9a5e3,ac2c17794ae633d53d5ef0324b56453078f9a5e3,/ExpenseReport.cbl,.cbl,1,https://github.com/kasdihacene/expensereport,github.com
swh:1:cnt:5e9e5dbcf02cce601eae919539af0b4524bcc926,5e9e5dbcf02cce601eae919539af0b4524bcc926,/control-break3.cbl,.cbl,1,https://gitlab.com/cobol12/control-break.git,gitlab.com
swh:1:cnt:5bb3a329f9af7f0bb8c28942379933b72eb01240,5bb3a329f9af7f0bb8c28942379933b72eb01240,/triangle-1.cbl,.cbl,1,https://gitlab.com/62160143/iteration.git,gitlab.com
swh:1:cnt:4be26af688e780f8efbc3d03208e48b321e83eee,4be26af688e780f8efbc3d03208e48b321e83eee,/programa1.cbl,.cbl,1,https://github.com/Jess-Cristina/Projeto_loteria,github.com
swh:1:cnt:e1a2db1b65f67903eb1f88911917f623e0a6ae11,e1a2db1b65f67903eb1f88911917f623e0a6ae11,/Program1(1).cbl,.cbl,1,https://github.com/quanghtran/Working-with-.NET-remoting-technology,github.com
swh:1:cnt:f08e3f2a7b6bffa060a9cf477c95243678b60ab9,f08e3f2a7b6bffa060a9cf477c95243678b60ab9,/Exercicio2_1.cbl,.cbl,1,https://github.com/NoemiMCAC22/Formacao-COBOL,github.com
swh:1:cnt:5b993249a509b0283e689da957b64f9c13327a13,5b993249a509b0283e689da957b64f9c13327a13,/main.cbl,.cbl,1,https://github.com/xuyunet/my-starter,github.com
swh:1:cnt:7b6377b166cd7f63cb5eee22b3d042b3b561f7af,7b6377b166cd7f63cb5eee22b3d042b3b561f7af,/Control3.cbl,.cbl,1,https://gitlab.com/cobol2913727/lab4.git,gitlab.com
swh:1:cnt:e6d14abb9122c7fb7d037ef97d42d13e9eeb6404,e6d14abb9122c7fb7d037ef97d42d13e9eeb6404,/HWORK3.cbl,.cbl,1,https://github.com/serrasengul/Akbank-Patika-COBOL,github.com
swh:1:cnt:1d8560e0ad65697a9da58a3f0e2df559dc7b193b,1d8560e0ad65697a9da58a3f0e2df559dc7b193b,/HelloCobal.cbl,.cbl,1,https://gitlab.com/stang2/cobol.git,gitlab.com
swh:1:cnt:ab8b0a1fd18c3735125dca59f8a644ff034fa31d,ab8b0a1fd18c3735125dca59f8a644ff034fa31d,/helloworld.cbl,.cbl,1,https://github.com/qzpm/Hello-language,github.com
swh:1:cnt:73ce7a9dd898bde90fef4cb6928c82f00cfd3756,73ce7a9dd898bde90fef4cb6928c82f00cfd3756,/MissingDigits_Original.cbl,.cbl,1,https://github.com/ApsisInternational/golf,github.com
swh:1:cnt:e5a1559116a8b18dad2ddde660ff756f2be024f1,e5a1559116a8b18dad2ddde660ff756f2be024f1,/TRTMNTR.cbl,.cbl,1,https://github.com/Ashish1981/zDevOPS,github.com
swh:1:cnt:80cb577e210ac6b4b5d07d9ad4e2047b356d9d43,80cb577e210ac6b4b5d07d9ad4e2047b356d9d43,/Edit2.cbl,.cbl,1,https://gitlab.com/sarawut_cobol_learn/cobol-week-10.git,gitlab.com
swh:1:cnt:61083c30933d829889ae3321906ece40e8046d08,61083c30933d829889ae3321906ece40e8046d08,/Program1.cbl,.cbl,1,https://github.com/dylanpita/COBOL_IndexFileCreation,github.com
swh:1:cnt:cd90905f3d3d9734d2998222393a60239baa3d9f,cd90905f3d3d9734d2998222393a60239baa3d9f,/solution.cbl,.cbl,1,https://github.com/qxzsilver1/HackerRank,github.com
swh:1:cnt:9aaa5513d08cc2396357a74d039fe0ad5d2b0d42,9aaa5513d08cc2396357a74d039fe0ad5d2b0d42,/Default.cbl,.cbl,1,https://github.com/CoreText/PSPad-Settings,github.com
swh:1:cnt:744134432d60c6f83eb0f7091d6da9a0ca257018,744134432d60c6f83eb0f7091d6da9a0ca257018,/fourth.cbl,.cbl,1,https://github.com/Panoskontos/Ancient-Prehistoric-Programming,github.com
swh:1:cnt:8e358f51376f80c1229ae1ddbfb7f1587a62b310,8e358f51376f80c1229ae1ddbfb7f1587a62b310,/MOVERDISCO.cbl,.cbl,1,https://github.com/Docente2018/G800,github.com
swh:1:cnt:276589e65efecfe46b7e8ac409bfcaf4317b7d28,276589e65efecfe46b7e8ac409bfcaf4317b7d28,/final.cbl,.cbl,1,https://gitlab.com/cobol8/finalproject.git,gitlab.com
swh:1:cnt:866fb4e21d2fdffb74ea6a84086e3616525afce2,866fb4e21d2fdffb74ea6a84086e3616525afce2,/TEST.cbl,.cbl,1,https://github.com/jiashanzh/salesMGT,github.com
swh:1:cnt:cdfb29c800a97b30dca16aa568a01022db54be55,cdfb29c800a97b30dca16aa568a01022db54be55,/DataSplitAndCount.cbl,.cbl,1,https://github.com/Curraje/MAFD4202-FinalProject,github.com
swh:1:cnt:f3b12ea2422173fb2fa2238f10c9bad307888b6f,f3b12ea2422173fb2fa2238f10c9bad307888b6f,/mycontacts.cbl,.cbl,1,https://github.com/jmolina2300/mycontacts,github.com
swh:1:cnt:a40a1cd93ee707a8df3b3a750ffef75c86c02861,a40a1cd93ee707a8df3b3a750ffef75c86c02861,/hello-world.cbl,.cbl,1,https://github.com/lostintangent/cobol-hello-world,github.com
swh:1:cnt:93319fea5d1ab547e68485afa7aa25051f3f5581,93319fea5d1ab547e68485afa7aa25051f3f5581,/colendar.cbl,.cbl,1,https://github.com/hannah-scott/colendar,github.com
swh:1:cnt:0d3ccc4c9c956783bc73d828f5edf33f5ac76d73,0d3ccc4c9c956783bc73d828f5edf33f5ac76d73,/CombinationsPermutations.cbl,.cbl,1,https://github.com/Frank2229/Permutation-Combination-Calculator,github.com
swh:1:cnt:1bda19c7e5c5286f0a8cbe113edd525f0e8075cc,1bda19c7e5c5286f0a8cbe113edd525f0e8075cc,/DUNGCRWL.cbl,.cbl,1,https://github.com/JohnAD/Dungeon-Crawler,github.com
swh:1:cnt:d5b47652ee513c002dc1d70b370944967792c5a9,d5b47652ee513c002dc1d70b370944967792c5a9,/parsetst1.cbl,.cbl,1,https://github.com/JoaoBueno/estudos-go,github.com
swh:1:cnt:7cd7d0d598db9dfb3ef4a5ea10b7cc800ecad0ce,7cd7d0d598db9dfb3ef4a5ea10b7cc800ecad0ce,/day05p2.cbl,.cbl,1,https://github.com/kkusz/aoc2022,github.com
swh:1:cnt:0a1991a66343bb1bf5d3cb03ce30c992134b3aff,0a1991a66343bb1bf5d3cb03ce30c992134b3aff,/LAB5ARRAYS.cbl,.cbl,1,https://github.com/Aogletree1/COBOL-Lab-5,github.com
swh:1:cnt:57e81262a022a1d828d14fd3eb610733918bdb2c,57e81262a022a1d828d14fd3eb610733918bdb2c,/noncompliant.cbl,.cbl,1,https://github.com/Hossein7070/rspec,github.com
swh:1:cnt:c83a20573afba7bd3027c4517abcc17327729f2b,c83a20573afba7bd3027c4517abcc17327729f2b,/EX01.CBL,.CBL,1,https://github.com/WillianKohatsu/COBOL,github.com
swh:1:cnt:483dc3da5495f644fd7615673de76c1714750ea7,483dc3da5495f644fd7615673de76c1714750ea7,/program.cbl,.cbl,1,https://github.com/Team-Tritan/Best-Contribution,github.com
swh:1:cnt:15dfb937d5f08f2215c42d7c84acecdee5258608,15dfb937d5f08f2215c42d7c84acecdee5258608,/Movimientos_HomeBanking.cbl,.cbl,1,https://github.com/Estefani-a/Registro-de-movimientos-bancarios,github.com
swh:1:cnt:a6cbeb19a88fd7bb6fbe30b13790208977432dc0,a6cbeb19a88fd7bb6fbe30b13790208977432dc0,/BmiCalculator.cbl,.cbl,1,https://github.com/08Afnan/Portfolio,github.com
swh:1:cnt:dc2795e89aeda245ab631d872b824f8732c879cf,dc2795e89aeda245ab631d872b824f8732c879cf,/stan.cbl,.cbl,1,https://github.com/sroracle/stan,github.com
swh:1:cnt:c82a698ffe4eda8f18d28df79cc3529d8d3ce817,c82a698ffe4eda8f18d28df79cc3529d8d3ce817,/CobaltWorld.cbl,.cbl,1,https://github.com/Jontruiz1/HelloWorld,github.com
swh:1:cnt:13ed4d1a4ed56c096dc5cfb6006268abc96a7a21,13ed4d1a4ed56c096dc5cfb6006268abc96a7a21,/DBBTEST.cbl,.cbl,1,https://github.com/AxelChaban/MortgageApplication2,github.com
swh:1:cnt:dd268a76c2d33e43c234f1e7fa613c5494fef0a2,dd268a76c2d33e43c234f1e7fa613c5494fef0a2,/ms000.cbl,.cbl,1,https://github.com/gibsond33/ms1,github.com
swh:1:cnt:2580b3745d5a729c626f747aca1453d79d1ac96f,2580b3745d5a729c626f747aca1453d79d1ac96f,/EAD62502.CBL,.CBL,1,https://github.com/tchellosan/Mainframe,github.com
swh:1:cnt:484d4127eba4e901abbaaf8008c65fb6943baef8,484d4127eba4e901abbaaf8008c65fb6943baef8,/PruebaCobolVS.cbl,.cbl,1,https://github.com/WaltJT/WaltJT,github.com
swh:1:cnt:bea1b9135d97b5c82af37b293f771c4bfc83ac6f,bea1b9135d97b5c82af37b293f771c4bfc83ac6f,/ClaveAlterVector.cbl,.cbl,1,https://github.com/CeciliaOlmos/IndexadoClaveAlternativa,github.com
swh:1:cnt:cb94bc3630535bd50fc2bc7af005ce5061735292,cb94bc3630535bd50fc2bc7af005ce5061735292,/cobol.cbl,.cbl,1,https://github.com/glennkojohnst/better-comments,github.com
swh:1:cnt:6d116d6449a1a7953999feb85cbabbaf8d21bf66,6d116d6449a1a7953999feb85cbabbaf8d21bf66,/sqrt.cbl,.cbl,1,https://github.com/jasongorman/maths_property_based,github.com
swh:1:cnt:8a902e970b5b4cba2bcf202e67ddd11b4b1acf66,8a902e970b5b4cba2bcf202e67ddd11b4b1acf66,/Z95737.CBL(WORK3).cbl,.cbl,1,https://github.com/sbozan/Akbank-COBOL,github.com
swh:1:cnt:ee4d87784c27aa8249ee11bab17e08d6bc51f1ea,ee4d87784c27aa8249ee11bab17e08d6bc51f1ea,/lista7e4vsIndexado.cbl,.cbl,1,https://bitbucket.org/camille_jandre3/temperaturahistorica_indexado_camillejandre.git,bitbucket.org
swh:1:cnt:6c90c26db9e900db6a9267066a80582f558a962a,6c90c26db9e900db6a9267066a80582f558a962a,/file.cbl,.cbl,1,https://github.com/Magpiny/TypeScript,github.com
swh:1:cnt:62b9a44013f1ee6e51d4584554eb787f656ec753,62b9a44013f1ee6e51d4584554eb787f656ec753,/helloworld.cbl,.cbl,1,https://github.com/cherkesky/hello-cobol,github.com
swh:1:cnt:34918651288729318737e8adc36e2b44ed71a872,34918651288729318737e8adc36e2b44ed71a872,/Starac.cbl,.cbl,1,https://github.com/Sparrrow2020/Infrasound-and-Glow-Worm-Attack-Defense,github.com
swh:1:cnt:9dc6132c56b7b1dbbf57d9e4ac3ec59f1b1acfc5,9dc6132c56b7b1dbbf57d9e4ac3ec59f1b1acfc5,/lista16exercicio2.cbl,.cbl,1,https://github.com/elainemartina/Lista16-exercicio2-sequencial,github.com
swh:1:cnt:9322beaa41ecd8c1bd1b7166da2fc5083a1b52fc,9322beaa41ecd8c1bd1b7166da2fc5083a1b52fc,/hello.cbl,.cbl,1,https://github.com/EvrestRGB/HelloWorld,github.com
swh:1:cnt:1223704b37ed2a62805e75625a55e70c77608329,1223704b37ed2a62805e75625a55e70c77608329,/CNTRLBRK.cbl,.cbl,1,https://github.com/stonehugh/COBOL,github.com
swh:1:cnt:acab36eec2b22d946defdcbbdb4585256e234928,acab36eec2b22d946defdcbbdb4585256e234928,/MONTHINC.CBL,.CBL,1,https://gitlab.com/cobol2913727/lab11.git,gitlab.com
swh:1:cnt:781ebf5a4d7ff55d4320930e1414ad47a85cdbd0,781ebf5a4d7ff55d4320930e1414ad47a85cdbd0,/assignment3.cbl,.cbl,1,https://github.com/Felanrod/cobol_assignments,github.com
swh:1:cnt:adefcc93583dd3371f181892e6c304a518b1be02,adefcc93583dd3371f181892e6c304a518b1be02,/WRITERES.cbl,.cbl,1,https://github.com/falistra/CBL2PY_READVE3,github.com
swh:1:cnt:3d1992777249265995d8f7f5d03c30aa43f05ccf,3d1992777249265995d8f7f5d03c30aa43f05ccf,/greetings-from-past.cbl,.cbl,1,https://github.com/Marfullsen/hybrid-collage,github.com
swh:1:cnt:80c04aef6ca4de482c931c9da46fe6bdbceee79e,80c04aef6ca4de482c931c9da46fe6bdbceee79e,/FINALSUB.cbl,.cbl,1,https://github.com/yeaktas/COBOL-bootcamp-final-case,github.com
swh:1:cnt:7c5bc1f8b86713a85c803e250ad13106e2196a13,7c5bc1f8b86713a85c803e250ad13106e2196a13,/Pi_Calculation.cbl,.cbl,1,https://github.com/pl-Steve28-lq/ProgrammingLanguages,github.com
swh:1:cnt:1561bcaaca930c62529a1b3dcda048dec19d5195,1561bcaaca930c62529a1b3dcda048dec19d5195,/Edit1.cbl,.cbl,1,https://gitlab.com/62160007/cobol_week_11.git,gitlab.com
swh:1:cnt:0aca69a384623dbbbc8963b18d25cb5fd61d137e,0aca69a384623dbbbc8963b18d25cb5fd61d137e,/ZFAMPLT.cbl,.cbl,1,https://github.com/bodies3819/zFAM,github.com
swh:1:cnt:2eac4f416acc99edab61a6fe555cd8876692fa06,2eac4f416acc99edab61a6fe555cd8876692fa06,/bjyxgj5.CBL,.CBL,1,https://github.com/CODER-UCAS/AlphaElephant,github.com
swh:1:cnt:4656ce9d0303932663589f9e5d97489f17fcb628,4656ce9d0303932663589f9e5d97489f17fcb628,/usage-comp.cbl,.cbl,1,https://gitlab.com/62160133/cobol-week11.git,gitlab.com
swh:1:cnt:caf389d7f5fd575ef24c996271f408274c1d6416,caf389d7f5fd575ef24c996271f408274c1d6416,/CBLRA03.cbl,.cbl,1,https://github.com/robertaszman/CBLRA03,github.com
swh:1:cnt:205fbb3e6740466072bfbefcd840ed14d2ac2d98,205fbb3e6740466072bfbefcd840ed14d2ac2d98,/PRO201.CBL,.CBL,1,https://github.com/John-Doe-Arcad/Arcad_Git,github.com
swh:1:cnt:7da3d0446a0910559cfba147c490bdf53d3d1baf,7da3d0446a0910559cfba147c490bdf53d3d1baf,/hello_col.cbl,.cbl,1,https://github.com/YoungHaKim7/rust_polyglot,github.com
swh:1:cnt:aed596ec5d8e1a1fdf7b32ff258441dfe9645a57,aed596ec5d8e1a1fdf7b32ff258441dfe9645a57,/part1.cbl,.cbl,1,https://github.com/henningjanssen/adventofcode-2022,github.com
swh:1:cnt:f0b3cf4377a8b16053d8a7ae96e6766b05b08c03,f0b3cf4377a8b16053d8a7ae96e6766b05b08c03,/ZECSPLT.cbl,.cbl,1,https://github.com/rich335z/zECS,github.com
swh:1:cnt:e6364cac42d03d0582bfb2f95f47d41af4601e7e,e6364cac42d03d0582bfb2f95f47d41af4601e7e,/data5.cbl,.cbl,1,https://bitbucket.org/eac-ualr/51676454.git,bitbucket.org
swh:1:cnt:38430c33f5bd5b643af859187290ce3a5fb51546,38430c33f5bd5b643af859187290ce3a5fb51546,/part1.cbl,.cbl,1,https://github.com/rahlfinger/advent-of-code-2021,github.com
swh:1:cnt:88077ce3198af969c62306ec5e8575fc9b08844c,88077ce3198af969c62306ec5e8575fc9b08844c,/GETLOAN.cbl,.cbl,1,https://github.com/AzureCloudMonk/cics-async-api-redbooks,github.com
swh:1:cnt:1670d3de613e6cfb86e5d34356339b999c45dcb0,1670d3de613e6cfb86e5d34356339b999c45dcb0,/main.cbl,.cbl,1,https://github.com/partheseas/nanaree,github.com
swh:1:cnt:7d498ec16a550d0eedf4f701bcc32e4e45c4e26f,7d498ec16a550d0eedf4f701bcc32e4e45c4e26f,/HelloWorld.cbl,.cbl,1,https://github.com/vsdcobol/TestCobol,github.com
swh:1:cnt:83668e5b829130e71a4501db4982dbe782f099cc,83668e5b829130e71a4501db4982dbe782f099cc,/helloWorld.cbl,.cbl,1,https://github.com/A-CRONYME/Cobol-Les-Debuts,github.com
swh:1:cnt:43f8743f55dbd38d5664e6d331c7f009f9ebf2c9,43f8743f55dbd38d5664e6d331c7f009f9ebf2c9,/Gestionpaie.cbl,.cbl,1,https://gitlab.univ-nantes.fr/E19J736E/projet-cobol.git,gitlab.univ-nantes.fr
swh:1:cnt:398637bd8b098a1e79360102785e0e8a45a1a306,398637bd8b098a1e79360102785e0e8a45a1a306,/LAB4-IF.cbl,.cbl,1,https://github.com/garehburns/Lab4-BookBreak,github.com
swh:1:cnt:8535bd97319d275716e68bf992ee6f18cd145c36,8535bd97319d275716e68bf992ee6f18cd145c36,/Data5.cbl,.cbl,1,https://gitlab.com/cobol3/cobol-week3.git,gitlab.com
swh:1:cnt:544762c82a122b3acbf93a4d7d346d762f9edad2,544762c82a122b3acbf93a4d7d346d762f9edad2,/aric492.cbl,.cbl,1,https://github.com/Phan-htc/cobol,github.com
swh:1:cnt:5fbd9819d561886b879aa7f7aee7c593202a195e,5fbd9819d561886b879aa7f7aee7c593202a195e,/cbl.cbl,.cbl,1,https://github.com/incracy/wakatime-farmer.git,github.com
swh:1:cnt:5f16aaa23ea77b5ec9f9a57639228cd085f512b6,5f16aaa23ea77b5ec9f9a57639228cd085f512b6,/income.cbl,.cbl,1,https://gitlab.com/62160066/final_cobol.git,gitlab.com
swh:1:cnt:082c817c125dd74ed45070f5ed989165fc5658b7,082c817c125dd74ed45070f5ed989165fc5658b7,/chall.cbl,.cbl,1,https://github.com/siberavci/ctf-archives,github.com
swh:1:cnt:1d4a24239bf420b4003c0b9b8b09a611d111a860,1d4a24239bf420b4003c0b9b8b09a611d111a860,/CLADRILD.cbl,.cbl,1,https://github.com/skoppaka-67/Tech_M-,github.com
swh:1:cnt:09af8791c3d29471be516497cd7d034939ab1450,09af8791c3d29471be516497cd7d034939ab1450,/arr.cbl,.cbl,1,https://github.com/akar-0/CW_translations,github.com
swh:1:cnt:0a2aaa5b03ce7655dfd69eb32fbcb8f9dffcc22e,0a2aaa5b03ce7655dfd69eb32fbcb8f9dffcc22e,/suma.cbl,.cbl,1,https://github.com/JosepRodriguez90/COBOL_Programas,github.com
swh:1:cnt:099ff19bbbeab41550fd5b037795d891ec66f0aa,099ff19bbbeab41550fd5b037795d891ec66f0aa,/GHTML.cbl,.cbl,1,https://github.com/nangelejunior/gerador-html,github.com
swh:1:cnt:fa63e9cc7dbe47d0db9b999c502dc2a06505fed9,fa63e9cc7dbe47d0db9b999c502dc2a06505fed9,/emprestimos.cbl,.cbl,1,https://github.com/lobomatheus/Locadora,github.com
swh:1:cnt:0f9fccb4623e28c995648dc66e3dc98305043541,0f9fccb4623e28c995648dc66e3dc98305043541,/Principal.cbl,.cbl,1,https://bitbucket.org/heloisa_rauber/heloisa-rauber-projeto.git,bitbucket.org
swh:1:cnt:8368f0fb1aed2676b9bbabfe05e15b1e7fcca62d,8368f0fb1aed2676b9bbabfe05e15b1e7fcca62d,/COBOL-1.cbl,.cbl,1,https://github.com/sisenn/AKBANK-COBOL-BOOTCAMP,github.com
swh:1:cnt:f638609ba1a67eb1712ed954458bb4cda0a43ca5,f638609ba1a67eb1712ed954458bb4cda0a43ca5,/M2AULA35.cbl,.cbl,1,https://github.com/claudiosgc/COBOL,github.com
swh:1:cnt:56e8d41a4a304be1f6b535bc300dd383300eefbf,56e8d41a4a304be1f6b535bc300dd383300eefbf,/subtraction.cbl,.cbl,1,https://github.com/Old-Mainframes/cobol-anagram-kata,github.com
swh:1:cnt:fd0c558cbd95b83c8ec2a578efde53f737c958f8,fd0c558cbd95b83c8ec2a578efde53f737c958f8,/dN5.cbl,.cbl,1,https://github.com/Sparrrow2020/I-like-the-wayCardi-says-it,github.com
swh:1:cnt:b5d1df5ace0a3bdda69e7442acfc9fd1bc5c7f1d,b5d1df5ace0a3bdda69e7442acfc9fd1bc5c7f1d,/helloWorld.cbl,.cbl,1,https://github.com/godslayer201/Hello-World,github.com
swh:1:cnt:b9d8a75a41bb4f7c21650cd95a7e798d5df03ed5,b9d8a75a41bb4f7c21650cd95a7e798d5df03ed5,/COBCMS02.cbl,.cbl,1,https://github.com/Colby-Snow/Cobol,github.com
swh:1:cnt:544dcb33880070a009577be54837bf29f1a80cff,544dcb33880070a009577be54837bf29f1a80cff,/FINPARTS.cbl,.cbl,1,https://github.com/gbarret/COBOL-Business-Application-Programming-Course-Exam,github.com
swh:1:cnt:205f878fbbf32fa88793b385c3c2f3e48bb0c372,205f878fbbf32fa88793b385c3c2f3e48bb0c372,/Cifras.cbl,.cbl,1,https://bitbucket.org/heloisa_rauber/desafio_cifra_de_cesar-heloisa.git,bitbucket.org
swh:1:cnt:0ad28da905233a03d7fe70f7f141edba221b8d1a,0ad28da905233a03d7fe70f7f141edba221b8d1a,/PROJECT2PAYROLL.cbl,.cbl,1,https://github.com/chan3111/COBOL-Project-2,github.com
swh:1:cnt:368ec6fe5c3ac9c7fb741c5f6f6bb5cae6e1c03e,368ec6fe5c3ac9c7fb741c5f6f6bb5cae6e1c03e,/CL18EJ01.v.ESTADO.cbl,.cbl,1,https://github.com/gabrod2021/COBOL-Ordenamiento-por-estado,github.com
swh:1:cnt:37f79c9ef9640191c66e5abbf9d9ca237ce3813b,37f79c9ef9640191c66e5abbf9d9ca237ce3813b,/podany270895.cbl,.cbl,1,https://gitlab.com/dfuribez/training.git,gitlab.com
swh:1:cnt:98dc927190c3c4ea73546f0b2c43ee97abe2f12d,98dc927190c3c4ea73546f0b2c43ee97abe2f12d,/custmgmt.cbl,.cbl,1,https://github.com/waihon/customer-management,github.com
swh:1:cnt:f335a15dcfd190ac74c5736d12ff1bd93be870d2,f335a15dcfd190ac74c5736d12ff1bd93be870d2,/Edit5.cbl,.cbl,1,https://gitlab.com/63160064_cobol/lab9.git,gitlab.com
swh:1:cnt:75213e8a32f7f3402ba993bfba541505a0ca4278,75213e8a32f7f3402ba993bfba541505a0ca4278,/Program1.cbl,.cbl,1,https://github.com/david-moore974/GitHub-123,github.com
swh:1:cnt:0c856aaded478a0c5dbd457b8a45656f77bfe44c,0c856aaded478a0c5dbd457b8a45656f77bfe44c,/DAY2PZL2.cbl,.cbl,1,https://github.com/johansorlin/advent-of-code,github.com
swh:1:cnt:ff92cc47809d2218b327e5a5d1dc7ac4e413b898,ff92cc47809d2218b327e5a5d1dc7ac4e413b898,/ParsingTestData.cbl,.cbl,1,https://github.com/LenSunko01/Cobol-test-task,github.com
swh:1:cnt:fa465ee1b79a885d791e4371bfee85c4d3bcd19e,fa465ee1b79a885d791e4371bfee85c4d3bcd19e,/edit1.cbl,.cbl,1,https://gitlab.com/62160141/cobol-week9.git,gitlab.com
swh:1:cnt:c175a37f841dc6a686a64b8516c87f6578ea3f04,c175a37f841dc6a686a64b8516c87f6578ea3f04,/usage-comp.cbl,.cbl,1,https://gitlab.com/cobol19/week11.git,gitlab.com
swh:1:cnt:d6020e2da72894ba37292427989146cff736a2c2,d6020e2da72894ba37292427989146cff736a2c2,/Listing12-2.cbl,.cbl,1,https://gitlab.com/cobol21/advance-data.git,gitlab.com
swh:1:cnt:53ab35c645bc40e6b0d07470a0a929d878c0d895,53ab35c645bc40e6b0d07470a0a929d878c0d895,/CBLJCB02.cbl,.cbl,1,https://github.com/birknejc/Sample-Code,github.com
swh:1:cnt:f4706db8b27055a9296949ddd110297a83284f3e,f4706db8b27055a9296949ddd110297a83284f3e,/AVG-GRADE.cbl,.cbl,1,https://gitlab.com/cobolAkai/teachergrade.git,gitlab.com
swh:1:cnt:175a4b688c70d01c0ab4b07994698be61891e79f,175a4b688c70d01c0ab4b07994698be61891e79f,/variables.cbl,.cbl,1,https://github.com/AzumiKat15/practice_COBOL,github.com
swh:1:cnt:30873b47c59ea7807df07d2cad933a779874edd3,30873b47c59ea7807df07d2cad933a779874edd3,/primeiro.cbl,.cbl,1,https://github.com/GustavoGarciaPereira/test_cobol,github.com
swh:1:cnt:2ee6c5ab2af0c3df517b89c22f44e4a5f8283b5d,2ee6c5ab2af0c3df517b89c22f44e4a5f8283b5d,/teste.cbl,.cbl,1,https://github.com/ronaldassumpcao/Amcom,github.com
swh:1:cnt:6270d16a609a6dc42a8e5e0cd526c58079a1fa38,6270d16a609a6dc42a8e5e0cd526c58079a1fa38,/RentalPropertyPractice.cbl,.cbl,1,https://github.com/Old-Mainframes/CobolPractice,github.com
swh:1:cnt:5db2ef02613b20f0283101f302bcc5f378f287a0,5db2ef02613b20f0283101f302bcc5f378f287a0,/AWSome.cbl,.cbl,1,https://github.com/awsengineer/awsome-builder,github.com
swh:1:cnt:337769b3d1c473ea64b9ae9a5659076e104fe585,337769b3d1c473ea64b9ae9a5659076e104fe585,/TM.cbl,.cbl,1,https://github.com/InsungChoi/dddd,github.com
swh:1:cnt:a36d08bd09c6528e302bebaf384c41b8740cf6a5,a36d08bd09c6528e302bebaf384c41b8740cf6a5,/data4.cbl,.cbl,1,https://gitlab.com/cobol21/cobol-week3.git,gitlab.com
swh:1:cnt:5b2c6117c88063549873631b91b91999f0e4d410,5b2c6117c88063549873631b91b91999f0e4d410,/DSB-P03-LOAN.cbl,.cbl,1,https://github.com/Amont168/IntroToCobol-Fall13,github.com
swh:1:cnt:8c5904541fe98b26f00fed3559bc36b8a9f6d280,8c5904541fe98b26f00fed3559bc36b8a9f6d280,/day1.cbl,.cbl,1,https://github.com/shadowstejo/AoC,github.com
swh:1:cnt:f7fc49e7d2d64256137da1a085d9507b48f5659a,f7fc49e7d2d64256137da1a085d9507b48f5659a,/two_dim.cbl,.cbl,1,https://gitlab.com/year_41/cb_week12.git,gitlab.com
swh:1:cnt:9d45de34b4daf434f7a090f22c27aec97738db52,9d45de34b4daf434f7a090f22c27aec97738db52,/MOGO1.CBL,.CBL,1,https://github.com/RogerLevy/gmconvert,github.com
swh:1:cnt:c7862e8cec4096d9bbec121f23e0fe6c737a2935,c7862e8cec4096d9bbec121f23e0fe6c737a2935,/lista16exe2_sequencial.cbl,.cbl,1,https://github.com/daiana-weiss/JogoEstados,github.com
swh:1:cnt:e7c0e95776da76a975e3ba00df66a9f62b064c9a,e7c0e95776da76a975e3ba00df66a9f62b064c9a,/control-break1.cbl,.cbl,1,https://gitlab.com/co_62160294/cobol_week12.git,gitlab.com
swh:1:cnt:8f9c8b8a0dd0fc6f7ae17be83a883c235e3e56a9,8f9c8b8a0dd0fc6f7ae17be83a883c235e3e56a9,/Z95636.CBL(DAYCALC).cbl,.cbl,1,https://github.com/yasaroktn/COBOL-BOOTCAMP-TASKS,github.com
swh:1:cnt:0897b966f6257e2d7891115f8a4b734eb1a3b057,0897b966f6257e2d7891115f8a4b734eb1a3b057,/MIMKK21V.cbl,.cbl,1,https://github.com/Lorak-mmk/jnp3-final,github.com
swh:1:cnt:329fe8eb08c6ab8e0c05bdb98ff73e9fa3fd6b0a,329fe8eb08c6ab8e0c05bdb98ff73e9fa3fd6b0a,/Final.cbl,.cbl,1,https://gitlab.com/gobol/final.git,gitlab.com
swh:1:cnt:48526674a60f74a77bb5a395fa82f1fe4319d4a9,48526674a60f74a77bb5a395fa82f1fe4319d4a9,/imsclaim.cbl,.cbl,1,https://github.com/zosconnect/zosconnect-sample-cobol-apirequester,github.com
swh:1:cnt:158c0aec2fea6e2ada97cdf151cdc8a03eb11a14,158c0aec2fea6e2ada97cdf151cdc8a03eb11a14,/shop_receipts_footer.cbl,.cbl,1,https://gitlab.com/62160059/cobal_week8.git,gitlab.com
swh:1:cnt:3b1babf7d30d30bb9de194b1434b1e0d5c2c453e,3b1babf7d30d30bb9de194b1434b1e0d5c2c453e,/CALCULO DE VALOR TOTAL.cbl,.cbl,1,https://github.com/nicomedes/Cobol,github.com
swh:1:cnt:e2bd790d54033fde726f73f37101e41aaa137fe5,e2bd790d54033fde726f73f37101e41aaa137fe5,/SESSDATA.CBL,.CBL,1,https://github.com/dauvanthang1993/CoboruDemo,github.com
swh:1:cnt:8a30bc13b590b25a14280ee643d81e5637da11e4,8a30bc13b590b25a14280ee643d81e5637da11e4,/hie.yaml.cbl,.cbl,1,https://github.com/zhujinxuan/.xmonad,github.com
swh:1:cnt:122bc7c5c48ffad1ba89c493e8a7e714fd5d5559,122bc7c5c48ffad1ba89c493e8a7e714fd5d5559,/MENU.cbl,.cbl,1,https://github.com/rurana/project,github.com
swh:1:cnt:89fbae5903ca81b6a1348a4ec75562446816bedb,89fbae5903ca81b6a1348a4ec75562446816bedb,/scrcall.cbl,.cbl,1,https://github.com/andreaparm/area-test,github.com
swh:1:cnt:1c7ba26b901c47972d6f7f7422636166456ed987,1c7ba26b901c47972d6f7f7422636166456ed987,/example.cbl,.cbl,1,https://github.com/ameet123/CopybookInputFormat,github.com
swh:1:cnt:fcaf456135e23376aee73f1aa567107bbb71fb9e,fcaf456135e23376aee73f1aa567107bbb71fb9e,/mygrade.cbl,.cbl,1,https://gitlab.com/cobol17/mygrade.git,gitlab.com
swh:1:cnt:354c98c9218f63157befbf3aa2d5702b108f734d,354c98c9218f63157befbf3aa2d5702b108f734d,/SalesDataValidation.cbl,.cbl,1,https://github.com/juvetus/Cobol-learning,github.com
swh:1:cnt:6474f1e77ca181376f284b82167fb9b1969f93fe,6474f1e77ca181376f284b82167fb9b1969f93fe,/ACT3.cbl,.cbl,1,https://github.com/indignvs/codefrags,github.com
swh:1:cnt:2f98495a4003d21e73f4e7fe6ed98068d356303c,2f98495a4003d21e73f4e7fe6ed98068d356303c,/triangle-2.cbl,.cbl,1,https://gitlab.com/chanarkarn_buu/cobol-lab-5.git,gitlab.com
swh:1:cnt:d61d4daba0af9bdddfdb576b193a3332fe77f5a6,d61d4daba0af9bdddfdb576b193a3332fe77f5a6,/bil02900.cbl,.cbl,1,https://github.com/Mark-Chisholm/Master-GIT-Repo,github.com
swh:1:cnt:337ae393f2d82d243d3cc3f6a66e226ba7e6f61f,337ae393f2d82d243d3cc3f6a66e226ba7e6f61f,/DoCalc.cbl,.cbl,1,https://gitlab.com/sarawut_workgroup/sarawut_cobol_learn/cobol-week-2.git,gitlab.com
swh:1:cnt:561f21cea2ffd5ab19c60d57e5ae8b02d1e37919,561f21cea2ffd5ab19c60d57e5ae8b02d1e37919,/CobolFinal.cbl,.cbl,1,https://gitlab.com/62160133/cobol-final-62160133.git,gitlab.com
swh:1:cnt:b87d6cfb943a72e8bef4721148b574a2d706e3b9,b87d6cfb943a72e8bef4721148b574a2d706e3b9,/READ-VSAM.cbl,.cbl,1,https://github.com/RamGopalJaiswal/ChatGPTCOBOL,github.com
swh:1:cnt:2a37c8b9c37d89df6d92c793b5551f710d72c82d,2a37c8b9c37d89df6d92c793b5551f710d72c82d,/java collections.cbl,.cbl,1,https://github.com/prateeshraju/javacollections,github.com
swh:1:cnt:a4b1dbc856e6c267ed7b840be8eff21dc667acba,a4b1dbc856e6c267ed7b840be8eff21dc667acba,/sys.d.cbl,.cbl,1,https://github.com/yakiro-nvg/cobol.js,github.com
swh:1:cnt:ecee6c7fc98c9937660884e1651f226b22828124,ecee6c7fc98c9937660884e1651f226b22828124,/PROG004.cbl,.cbl,1,https://github.com/j1-ebisawa/BJTEST,github.com
swh:1:cnt:bdd710c1fa6dc15c378b9b9924139fdbccd25899,bdd710c1fa6dc15c378b9b9924139fdbccd25899,/lista6e7.cbl,.cbl,1,https://bitbucket.org/maytekaylane/exercicos_cobol.git,bitbucket.org
swh:1:cnt:a336598284df80e346b8f0c641ba974ef1ef5c0e,a336598284df80e346b8f0c641ba974ef1ef5c0e,/CWXTDATE.cbl,.cbl,1,https://github.com/eddevops0007/PopUp,github.com
swh:1:cnt:cdcd5557e7fd0a0968ab82b4d72f414839b89576,cdcd5557e7fd0a0968ab82b4d72f414839b89576,/Solution.cbl,.cbl,1,https://github.com/E-N-I-T-H/30-Days-of-Coding,github.com
swh:1:cnt:e9147e946e3049ecf89fcd5522d1d4c20e736ca7,e9147e946e3049ecf89fcd5522d1d4c20e736ca7,/TSTMFC5.cbl,.cbl,1,https://github.com/iladin/cobol-it-4.1.11_2021-06-15,github.com
swh:1:cnt:c4fe9501f97ffa61a666ad312c55bbd5463e365e,c4fe9501f97ffa61a666ad312c55bbd5463e365e,/CONBRE1.CBL,.CBL,1,https://gitlab.com/cobol2404628/week-12.git,gitlab.com
swh:1:cnt:89a76790ec6a28b7e1a3e7a35ef60305d7f6ab9b,89a76790ec6a28b7e1a3e7a35ef60305d7f6ab9b,/bS_rioboo.cbl,.cbl,1,https://gitlab.com/kelly8080/simplified-repertory.git,gitlab.com
swh:1:cnt:95dfa390205243921222a214f7e496573b68adbf,95dfa390205243921222a214f7e496573b68adbf,/Grade.cbl,.cbl,1,https://gitlab.com/62160141/cobol-mygrade.git,gitlab.com
swh:1:cnt:8809eec938719328cedc8b41c7ca6de4f4d6ddea,8809eec938719328cedc8b41c7ca6de4f4d6ddea,/COBOL.cbl,.cbl,1,https://github.com/gamecodechampion/Hello-World-,github.com
swh:1:cnt:f82d8be6ebe19c00beb7f0ed60cda7c7bda5481f,f82d8be6ebe19c00beb7f0ed60cda7c7bda5481f,/NOTEMODULE.cbl,.cbl,1,https://github.com/efloare/COBOL,github.com
swh:1:cnt:17dee61ca7a4ab4fffb7ff1cb653bb3f433ffea0,17dee61ca7a4ab4fffb7ff1cb653bb3f433ffea0,/Control3.cbl,.cbl,1,https://gitlab.com/cobol3/cobol-week4.git,gitlab.com
swh:1:cnt:cc998c97854daf47ac9848ed8cf965b66057de5e,cc998c97854daf47ac9848ed8cf965b66057de5e,/CustomBox.cbl,.cbl,1,https://github.com/hws-hitorobo/custom_box,github.com
swh:1:cnt:f0da6ccfa0a7fb9fa85253692e65fdc37c380e99,f0da6ccfa0a7fb9fa85253692e65fdc37c380e99,/sybhesql.cbl,.cbl,1,https://github.com/lxw322/asebox,github.com
swh:1:cnt:35a71373523892188edc7cefd900774e2028bba3,35a71373523892188edc7cefd900774e2028bba3,/include.cbl,.cbl,1,https://github.com/deepagp/include,github.com
swh:1:cnt:4734d8c435186e30d8f415ab07114a58e543bc55,4734d8c435186e30d8f415ab07114a58e543bc55,/birtdate.cbl,.cbl,1,https://gitlab.com/cobol5395528/lab2-basic-program.git,gitlab.com
swh:1:cnt:3b4dfc38322620ceaa4a59159972d3740afa32e6,3b4dfc38322620ceaa4a59159972d3740afa32e6,/PROG.cbl,.cbl,1,https://github.com/JyPy87/cobol,github.com
swh:1:cnt:f006c47607f4e12fb76597fb4b930c41a89f6989,f006c47607f4e12fb76597fb4b930c41a89f6989,/SVERSONP.cbl,.cbl,1,https://github.com/russell-bonner/BankDemoSrc,github.com
swh:1:cnt:b809a4a116607bbca1d51ab8005645ca4e510ddc,b809a4a116607bbca1d51ab8005645ca4e510ddc,/Lista11Exercicio1V2.cbl,.cbl,1,https://github.com/FlaviaTayse/Lista11Exercicio2V2,github.com
swh:1:cnt:e334c49be5e13e3e7549a9a81914e04f9c66c86a,e334c49be5e13e3e7549a9a81914e04f9c66c86a,/[DC Comics] Bloodlines (WEB-CBRO).cbl,.cbl,1,https://github.com/icemouton/CBL-ReadingLists,github.com
swh:1:cnt:e34daafed15bc2b5209a6e8f912dc36b566e332f,e34daafed15bc2b5209a6e8f912dc36b566e332f,/helloCobol.cbl,.cbl,1,https://gitlab.com/paulobmsousa/AllCodes.git,gitlab.com
swh:1:cnt:cc3f784d3d7deb7dd56fc3364588eba22b1d47c0,cc3f784d3d7deb7dd56fc3364588eba22b1d47c0,/member.cbl,.cbl,1,https://gitlab.com/62160139/shop_receipt.git,gitlab.com
swh:1:cnt:cff9c70b1b4ef297023c88f573dbbf99aeb818b9,cff9c70b1b4ef297023c88f573dbbf99aeb818b9,/DeR#.cbl,.cbl,1,https://github.com/Sparrrow2020/Get-Away-From-my-Car-BETA-BETA-BETA,github.com
swh:1:cnt:c8ed05b6fee06a66f8ce901452f172fb88ebde3d,c8ed05b6fee06a66f8ce901452f172fb88ebde3d,/usage-comp.cbl,.cbl,1,https://gitlab.com/cobol-project/lab11-advancedatadecalation.git,gitlab.com
swh:1:cnt:6d050c93d9775e3564f7ea9920df0ba4dd88e637,6d050c93d9775e3564f7ea9920df0ba4dd88e637,/program.cbl,.cbl,1,https://github.com/TheLovelyTamara/CobbleGen,github.com
swh:1:cnt:38d89768247cbdafcfcb8ebf1653ac230dda9d42,38d89768247cbdafcfcb8ebf1653ac230dda9d42,/TESTVSC2.CBL,.CBL,1,https://github.com/WaymanSole/z390,github.com
swh:1:cnt:ba32943efdd266d7bc70dfb08a7ce32169d40a17,ba32943efdd266d7bc70dfb08a7ce32169d40a17,/And.cbl,.cbl,1,https://github.com/ZHAOYUXUAN319/20230608,github.com
swh:1:cnt:c4388dc98da0304901db593fb12bfb3f14a17600,c4388dc98da0304901db593fb12bfb3f14a17600,/Assertions2.cbl,.cbl,1,https://github.com/wiedehoeft/de.wiedehoeft.coderetreat,github.com
swh:1:cnt:734e54412e6d026d312afbdd272b879f6e66fdac,734e54412e6d026d312afbdd272b879f6e66fdac,/Control5.cbl,.cbl,1,https://gitlab.com/saponchetdev/lab4-with-bmi-project.git,gitlab.com
swh:1:cnt:46d10a15e62e5911613e67b2ab227dbc0f27d263,46d10a15e62e5911613e67b2ab227dbc0f27d263,/SinTest.cbl,.cbl,1,https://github.com/pog7776/COBOL-Learning,github.com
swh:1:cnt:fdb2c388e6d7c8c3767f3f59da203e29d491a015,fdb2c388e6d7c8c3767f3f59da203e29d491a015,/PRO1.cbl,.cbl,1,https://gitlab.com/cobal1/dataandprocedure-lab3.git,gitlab.com
swh:1:cnt:50d7c3a00d3282ad45226634d48f5585c90a5c68,50d7c3a00d3282ad45226634d48f5585c90a5c68,/DCI8DPGU.cbl,.cbl,1,https://github.com/amaraladil/Cobol-And-CICS,github.com
swh:1:cnt:290826c91274d4bbcafdbec19471d2fa3aa44fc8,290826c91274d4bbcafdbec19471d2fa3aa44fc8,/PGFJF005P.cbl,.cbl,1,https://github.com/FabioJFigueiredo/ProvaEnvolti,github.com
swh:1:cnt:5df73e927a6423a277cea079ed65ef67c46d3661,5df73e927a6423a277cea079ed65ef67c46d3661,/main.cbl,.cbl,1,https://pkg.go.dev/github.com/marcelhas/advent-of-code-2021,pkg.go.dev
swh:1:cnt:b1bc5a6344e0c51ea1266d0a79d3e0ab45e2ee11,b1bc5a6344e0c51ea1266d0a79d3e0ab45e2ee11,/triangle-3.cbl,.cbl,1,https://gitlab.com/cobol3/cobol-week5.git,gitlab.com
swh:1:cnt:b09029a4cef9e9a4dec2a4a36ae70e1d74f3fa7c,b09029a4cef9e9a4dec2a4a36ae70e1d74f3fa7c,/BMI.cbl,.cbl,1,https://gitlab.com/areeyeooo/lab-4-control.git,gitlab.com
swh:1:cnt:dc1e0e75bfa5f34fcb37984f4aa8b6ba7bb64c9f,dc1e0e75bfa5f34fcb37984f4aa8b6ba7bb64c9f,/usage-comp.cbl,.cbl,1,https://gitlab.com/cobol2022/am04-advance-data-decalation.git,gitlab.com
swh:1:cnt:1e5cbe3bc1dfeeb1faf35cb86b54e021514dd7fd,1e5cbe3bc1dfeeb1faf35cb86b54e021514dd7fd,/HelloCobol.cbl,.cbl,1,https://gitlab.com/software-development131/cobol-week1.git,gitlab.com
swh:1:cnt:9a371249d604d3de2f0122e2fe76dc8d4d1d3ab4,9a371249d604d3de2f0122e2fe76dc8d4d1d3ab4,/trade.cbl,.cbl,1,https://gitlab.com/softdevv/cobol_final.git,gitlab.com
swh:1:cnt:b27366816c6f1785045da8878045fb45de113cd1,b27366816c6f1785045da8878045fb45de113cd1,/desafiopizzacobol.cbl,.cbl,1,https://github.com/JuliaKruger/desafiopizzacobol,github.com
swh:1:cnt:d8e854ef2cb7ce3676a59e66d3250ec847460159,d8e854ef2cb7ce3676a59e66d3250ec847460159,/grade.cbl,.cbl,1,https://gitlab.com/cobol0070/week7.git,gitlab.com
swh:1:cnt:be18fbf72bdc1c637e6ff433d6fea3d7c3763188,be18fbf72bdc1c637e6ff433d6fea3d7c3763188,/Th3 Tr@p.cbl,.cbl,1,https://github.com/Sparrrow2020/The-Trap,github.com
swh:1:cnt:2cdc81bc88408f76f182c5bfe897dcbcf4b3d8d2,2cdc81bc88408f76f182c5bfe897dcbcf4b3d8d2,/shop_receipts.cbl,.cbl,1,https://gitlab.com/cobol22/cobol-lab8.git,gitlab.com
swh:1:cnt:16341b472c9aacdf5807c3ad035c6a2ca8c03c4b,16341b472c9aacdf5807c3ad035c6a2ca8c03c4b,/mlExpAss.cbl,.cbl,1,https://github.com/tercen/pg_image_analysis,github.com
swh:1:cnt:9dc06491c4df305716858b2dc25648b0293fc5fa,9dc06491c4df305716858b2dc25648b0293fc5fa,/shop_receipt.cbl,.cbl,1,https://gitlab.com/cobolproject/week8.git,gitlab.com
swh:1:cnt:8a49c44ace637050b1f5147c196df04d0637a1d3,8a49c44ace637050b1f5147c196df04d0637a1d3,/tempLecturaInteligente.cbl,.cbl,1,http://ahoralgo4.googlecode.com/svn/,ahoralgo4.googlecode.com
swh:1:cnt:9f92460c2cfd94aa635a11d99b57ece3a1e0e649,9f92460c2cfd94aa635a11d99b57ece3a1e0e649,/Nescget.cbl,.cbl,1,https://github.com/Sparrrow2020/Bar-Rescue-Phone-and-device-password-and-pin-protection,github.com
swh:1:cnt:888b91be7cb1f2d44af2f2f6285361b2302355e3,888b91be7cb1f2d44af2f2f6285361b2302355e3,/conditions.cbl,.cbl,1,https://gitlab.com/LinuxJedi/loccount.git,gitlab.com
swh:1:cnt:31f146f35d4c2e2a6d7bc1f723622cfad7c704c2,31f146f35d4c2e2a6d7bc1f723622cfad7c704c2,/control2.cbl,.cbl,1,https://gitlab.com/cobol1252128/lab4.git,gitlab.com
swh:1:cnt:df85d79ac02c8c9a57763279de3d3187527c3279,df85d79ac02c8c9a57763279de3d3187527c3279,/main2.cbl,.cbl,1,https://github.com/leachim6/hello-world,github.com
swh:1:cnt:e36ddbcd79d4c52e16ff1e661c83d3ff6c1d9b9b,e36ddbcd79d4c52e16ff1e661c83d3ff6c1d9b9b,/HOMWRK04.cbl,.cbl,1,https://github.com/kaankang/Akbank-Cobol-Final-Case,github.com
swh:1:cnt:9e26dfeeb6e641a33dae4961196235bdb965b21b,9e26dfeeb6e641a33dae4961196235bdb965b21b,/core.cbl,.cbl,1,https://github.com/wangjue666/----------,github.com
swh:1:cnt:c83fb97f25604d6be9c4b35ccc278ba75a8428e9,c83fb97f25604d6be9c4b35ccc278ba75a8428e9,/Edit5.cbl,.cbl,1,https://gitlab.com/cobol4/edited-pictures.git,gitlab.com
swh:1:cnt:7cdc0f78d76d6e34dcd7aaf1d7ab952ae0e8228a,7cdc0f78d76d6e34dcd7aaf1d7ab952ae0e8228a,/PROJ-PRINT-MASTER.cbl,.cbl,1,https://github.com/joshua-barker/Cobol-Group-Project,github.com
swh:1:cnt:b43d76c07dcdf54ce46328f41cc3a736b9ec48ff,b43d76c07dcdf54ce46328f41cc3a736b9ec48ff,/ALTCONTT.cbl,.cbl,1,https://github.com/uelberbell/COBOL,github.com
swh:1:cnt:9dd388b495c74a8157b9382de17d556c9c8f74f6,9dd388b495c74a8157b9382de17d556c9c8f74f6,/DeclarationPret.cbl,.cbl,1,https://gitorious.org/proto-pae-assurances/proto-pae-assurances.git,gitorious.org
swh:1:cnt:46ea004befc14d9fbff62baba3093873ae8a7e45,46ea004befc14d9fbff62baba3093873ae8a7e45,/BirthDate.cbl,.cbl,1,https://gitlab.com/wuttiwat_cobol/week2.git,gitlab.com
swh:1:cnt:42185f096ddc1a66292a07b9b892922448b2daed,42185f096ddc1a66292a07b9b892922448b2daed,/Program1.cbl,.cbl,1,https://github.com/fabio-test/testRepo,github.com
swh:1:cnt:8f472632fe1b1d9af23af605be95bf84b73b02b4,8f472632fe1b1d9af23af605be95bf84b73b02b4,/helloworld.cbl,.cbl,1,https://github.com/peterelst/helloworld,github.com
swh:1:cnt:02145dc6efd4962c296836c0e95a2c546fb67ff2,02145dc6efd4962c296836c0e95a2c546fb67ff2,/hello.cbl,.cbl,1,https://github.com/AniketTewari/HacktoberFest2023-Beginners,github.com
swh:1:cnt:11085a16efb09a9bca78144ab36461d68ecb8920,11085a16efb09a9bca78144ab36461d68ecb8920,/Form1.Designer.cbl,.cbl,1,https://github.com/schleyer/GitStrtUp,github.com
swh:1:cnt:98a0f97580cd6998521cccc693f844ca12fe9415,98a0f97580cd6998521cccc693f844ca12fe9415,/BubbleSort-Alt.cbl,.cbl,1,https://github.com/marinameshini/cs-hu,github.com
swh:1:cnt:a49cb461eb6d1892b75ad5acace81582ddd3beb0,a49cb461eb6d1892b75ad5acace81582ddd3beb0,/EXO09.cbl,.cbl,1,https://github.com/paolopig/cobol_exos,github.com
swh:1:cnt:bcec4fd2de0fad2413e58faa9269df5a8a3d8e35,bcec4fd2de0fad2413e58faa9269df5a8a3d8e35,/Program1.cbl,.cbl,1,https://github.com/rodrigomicheld/gittest,github.com
swh:1:cnt:c53d536664e7ff2fe836e363616edab03722dd6b,c53d536664e7ff2fe836e363616edab03722dd6b,/MonfyTechLibrary.cbl,.cbl,1,https://github.com/MonfyTech/NaoChallenge2021-214,github.com
swh:1:cnt:a797f5016909501ef1f5343e6cacb7695cffdf21,a797f5016909501ef1f5343e6cacb7695cffdf21,/Inventory_Pegging.cbl,.cbl,1,https://github.com/DaveGerson/Cobol_Pegging,github.com
swh:1:cnt:aca11148963118f498bd69756f99ecf8b9f718be,aca11148963118f498bd69756f99ecf8b9f718be,/Minesweeper.cbl,.cbl,1,https://github.com/DillonDepeel/Cobol-Programming-Collection,github.com
swh:1:cnt:4d7170866b00e8b0940328cdd031bbcdf1cb10cd,4d7170866b00e8b0940328cdd031bbcdf1cb10cd,/Control4.cbl,.cbl,1,https://gitlab.com/62160296/cobolw_4.git,gitlab.com
swh:1:cnt:7b217f37bd524faf37a8dd8e908f8ba2850a5454,7b217f37bd524faf37a8dd8e908f8ba2850a5454,/accept.cbl,.cbl,1,https://github.com/wahidaleena/accept,github.com
swh:1:cnt:73de24dcbe0cd5302392426a4e7c8f38369dd36a,73de24dcbe0cd5302392426a4e7c8f38369dd36a,/calculator.cbl,.cbl,1,https://gitlab.com/Brillande/calculator.git,gitlab.com
swh:1:cnt:86b767132082cb87d7fb85d7677159dbbac87afb,86b767132082cb87d7fb85d7677159dbbac87afb,/e.cbl,.cbl,1,https://github.com/ashokkumarmalepati/devopspoc,github.com
swh:1:cnt:e381b680a4a0a1fb212d46dc22e15c2585b9df66,e381b680a4a0a1fb212d46dc22e15c2585b9df66,/final1.cbl,.cbl,1,https://gitlab.com/cobol0070/final.git,gitlab.com
swh:1:cnt:5e9597b6f015be54da0a2576dc6371a557803bea,5e9597b6f015be54da0a2576dc6371a557803bea,/EXTENSO-FINALIZADO.cbl,.cbl,1,https://github.com/lucasmvasc/Paradigma-Imperativo,github.com
swh:1:cnt:b89e22a90d42fe01195e6036af982cd1929ad778,b89e22a90d42fe01195e6036af982cd1929ad778,/code06.cbl,.cbl,1,https://github.com/bringout/0,github.com
swh:1:cnt:cd4005fee9652551991c35a52e901e07ea81f17d,cd4005fee9652551991c35a52e901e07ea81f17d,/CALL370.CBL,.CBL,1,https://github.com/whobin/mvs,github.com
swh:1:cnt:aea118b5371483cbc80092e75346b6c823a0c199,aea118b5371483cbc80092e75346b6c823a0c199,/MAIN0001.cbl,.cbl,1,https://github.com/eightimerkan/Akbank-COBOL-BOOTCAMP-FINAL-PROJECT,github.com
swh:1:cnt:ea4938a5d0dd0e1b87717591c0eaeedf0b6132a1,ea4938a5d0dd0e1b87717591c0eaeedf0b6132a1,/Data3.cbl,.cbl,1,https://gitlab.com/63160064_cobol/lab3.git,gitlab.com
swh:1:cnt:2d05bce556c841647a9a9efb28da64000f301abe,2d05bce556c841647a9a9efb28da64000f301abe,/SEARCH_SORT.CBL,.CBL,1,https://gitlab.com/63160199/cobol_lab13.git,gitlab.com
swh:1:cnt:ecbd66906a53d68513844569595ed29506c79da1,ecbd66906a53d68513844569595ed29506c79da1,/CL11EJ02.cbl,.cbl,1,https://github.com/gabrod2021/COBOL-Corte-de-control-2,github.com
swh:1:cnt:675689e70936a2567429e85c2c380bf139aef063,675689e70936a2567429e85c2c380bf139aef063,/cgi-list-users.cbl,.cbl,1,https://github.com/LearnCobol/openjensen,github.com
swh:1:cnt:dc3614f093b699d9a07d6138fd5f40af654fbb4f,dc3614f093b699d9a07d6138fd5f40af654fbb4f,/hellocobol.cbl,.cbl,1,https://github.com/teodorlu/ballmer,github.com
swh:1:cnt:fcc9423826c9eb1c0dd27dbb3c2955de04c1849c,fcc9423826c9eb1c0dd27dbb3c2955de04c1849c,/GNSBGGBK.cbl,.cbl,1,https://github.com/Osvaldo-Gutierrez/BeeFRM-workspace,github.com
swh:1:cnt:59bed98a372cc0ceb807ad1765b12b54e6c28326,59bed98a372cc0ceb807ad1765b12b54e6c28326,/coboltest6.cbl,.cbl,1,https://github.com/Roronoatii/Cobol_projects,github.com
swh:1:cnt:ae74ea1d0c63c1bc17f1d1590c6fd27a504f9da8,ae74ea1d0c63c1bc17f1d1590c6fd27a504f9da8,/user-div.cbl,.cbl,1,https://gitlab.com/cobol2/control-flow.git,gitlab.com
swh:1:cnt:bab5668dc862c32c286c180919f3ee2969d5e9ff,bab5668dc862c32c286c180919f3ee2969d5e9ff,/LGICDB01.cbl,.cbl,1,https://github.com/JaganNatarajan/Samplezunit,github.com
swh:1:cnt:d4625fc7c78234a0fc6173ab30fa172da1e4f8bf,d4625fc7c78234a0fc6173ab30fa172da1e4f8bf,/epsmlist.cbl,.cbl,1,https://github.com/judumala/dbb-zappbuildOLD,github.com
swh:1:cnt:e6860ec6bb45fcdfef693cade66b828a53580074,e6860ec6bb45fcdfef693cade66b828a53580074,/tp2.cbl,.cbl,1,https://github.com/LeoGalda/algoritmos4,github.com
swh:1:cnt:470b83c89a04294aa925b41c46e50cf21fb41fb8,470b83c89a04294aa925b41c46e50cf21fb41fb8,/GestionSpectacle2.cbl,.cbl,1,https://github.com/MatthAddax/ProjetCobol2015,github.com
swh:1:cnt:a4e8347dc4fd8ec8ea95959cb8533af3cd0befb8,a4e8347dc4fd8ec8ea95959cb8533af3cd0befb8,/Control1.cbl,.cbl,1,https://gitlab.com/cobol14/cobol_week4.git,gitlab.com
swh:1:cnt:ff531f1d242cdf73f2f7cf49c74c731652a6eb23,ff531f1d242cdf73f2f7cf49c74c731652a6eb23,/FILETEST.CBL,.CBL,1,https://github.com/Shuhein/circlecitest,github.com
swh:1:cnt:0dabbe2957b45548106ae1d447ff014cc5132e8d,0dabbe2957b45548106ae1d447ff014cc5132e8d,/write-score.cbl,.cbl,1,https://gitlab.com/CobolProgram/file-operation.git,gitlab.com
swh:1:cnt:71a8ad47b842a8afcbda09c52fb00e47187b20af,71a8ad47b842a8afcbda09c52fb00e47187b20af,/myfile4.cbl,.cbl,1,https://github.com/arinditapal/HTTP_server_python,github.com
swh:1:cnt:67990af029dfcb3f0aa1034a9fc85a6b7ad9dc1a,67990af029dfcb3f0aa1034a9fc85a6b7ad9dc1a,/notas.cbl,.cbl,1,https://github.com/gabsbarbosam/notas,github.com
swh:1:cnt:12984db56a253624f65ff79c251ea1bc6bfd5a7c,12984db56a253624f65ff79c251ea1bc6bfd5a7c,/plymouthemotionanimationset.cbl,.cbl,1,https://github.com/minamar/rebl-pepper-data,github.com
swh:1:cnt:47055fcdc868a8a876b95ee3991f7fe5250531f1,47055fcdc868a8a876b95ee3991f7fe5250531f1,/Hello.cbl,.cbl,1,https://github.com/DarrenSelf/TestGit,github.com
swh:1:cnt:b179993ad702c65e7665a5ef1673fbeaeb62c450,b179993ad702c65e7665a5ef1673fbeaeb62c450,/tempCodeRunnerFile.cbl,.cbl,1,https://github.com/ry-al/diabetesML,github.com
swh:1:cnt:2725671d96c7031dfb60093173a8ff1d4b3a0aad,2725671d96c7031dfb60093173a8ff1d4b3a0aad,/hello.cbl,.cbl,1,https://gitlab.com/dx-koders/hello.git,gitlab.com
swh:1:cnt:e3a33b653dd07b29bfeed170032f61e7ac6e17ac,e3a33b653dd07b29bfeed170032f61e7ac6e17ac,/Custmnt2.cbl,.cbl,1,https://github.com/SonarSource/sonar-examples,github.com
swh:1:cnt:5379d46bb4038919b877e2ca8e03b67d02eb0717,5379d46bb4038919b877e2ca8e03b67d02eb0717,/cxb40092.cbl,.cbl,1,https://github.com/rsiffert/ada4j,github.com
swh:1:cnt:b088f739af25c112e36ca9c3bf46bf6685eef6dc,b088f739af25c112e36ca9c3bf46bf6685eef6dc,/ST006.COBOL.LAB(WCSRC).cbl,.cbl,1,https://github.com/jwyjohn/42040601_MainframOperation,github.com
swh:1:cnt:51bedbb207110b138802a6565de0ab6591ef14ab,51bedbb207110b138802a6565de0ab6591ef14ab,/Hello-World.cbl,.cbl,1,https://github.com/wagnersq/cobol_repo,github.com
swh:1:cnt:4dff7b05dcff688e329522733ffdb18c682d8c74,4dff7b05dcff688e329522733ffdb18c682d8c74,/LCM(COBOL).cbl,.cbl,1,https://bitbucket.org/austinzuniga/lcm-in-3-languanges.git,bitbucket.org
swh:1:cnt:18a875cba1f625844cb5da6acaa5449eca1ca4b9,18a875cba1f625844cb5da6acaa5449eca1ca4b9,/CS4080ExampleProgram.cbl,.cbl,1,https://github.com/DamianPilot382/CS_4080_Representing_Decimal_Numbers,github.com
swh:1:cnt:cb97daaaaeb466da8321856c134504b9df996ca0,cb97daaaaeb466da8321856c134504b9df996ca0,/Program1.cbl,.cbl,1,https://github.com/kthrockm62/CobolGitExample,github.com
swh:1:cnt:5791d08c1673f74e092e8afdb2e883553b651366,5791d08c1673f74e092e8afdb2e883553b651366,/epsmpmt.cbl,.cbl,1,https://github.com/robinmac7/RRMacJen-Team-Repository,github.com
swh:1:cnt:bb99440ad5462356df5bcfd20257fe21bf5e5d53,bb99440ad5462356df5bcfd20257fe21bf5e5d53,/test9014.cbl,.cbl,1,https://github.com/mfsysprog/mapa,github.com
swh:1:cnt:f917acb270df5a02434c609c3474d71a03ddcd96,f917acb270df5a02434c609c3474d71a03ddcd96,/MODULO-CONSULTAR.cbl,.cbl,1,https://github.com/santoslima101/COBOL,github.com
swh:1:cnt:dede62e67fe45fda4cc2d5d957a61e1143df670a,dede62e67fe45fda4cc2d5d957a61e1143df670a,/coffeeshop_n_2_lookahead_1.cbl,.cbl,1,https://github.com/twosixlabs/coffeebreak,github.com
swh:1:cnt:df203ebb9a77eb0094fda241b743e8bed783e278,df203ebb9a77eb0094fda241b743e8bed783e278,/HelloWorld.cbl,.cbl,1,https://github.com/JohnnyJAT/HackerRank30DaysOfCode,github.com
swh:1:cnt:c0ef18e11696533bca36d22ac056d01a4c4109f3,c0ef18e11696533bca36d22ac056d01a4c4109f3,/hello.cbl,.cbl,1,https://github.com/chatru-vs/Cobol-Language,github.com
swh:1:cnt:b9a88dd3cad9f1460e2c686c3364355c541f9b68,b9a88dd3cad9f1460e2c686c3364355c541f9b68,/F7.cbl,.cbl,1,https://github.com/pica104/Binder,github.com
swh:1:cnt:78c4c0b4a333e54fb3b8f21d1c7a1c20fb4a4e63,78c4c0b4a333e54fb3b8f21d1c7a1c20fb4a4e63,/prog1.cbl,.cbl,1,https://github.com/ateh03/cobol,github.com
swh:1:cnt:e0db28f82e9ee82eecd7a3e3b244da8e6609ebd3,e0db28f82e9ee82eecd7a3e3b244da8e6609ebd3,/covid.cbl,.cbl,1,https://github.com/johnmacinnis/openmainframeChallenge3.2_simplified_answer,github.com
swh:1:cnt:45cde20880a4f1e738bfafa8097ab32c96648859,45cde20880a4f1e738bfafa8097ab32c96648859,/COBOLFile.CBL,.CBL,1,https://bitbucket.org/akhudavets/qa-resources.git,bitbucket.org
swh:1:cnt:8d344816e2e874d93023c6633eef2a87e923d894,8d344816e2e874d93023c6633eef2a87e923d894,/Frete.cbl,.cbl,1,https://github.com/Luis-Fernando-C-L/COBOL,github.com
swh:1:cnt:00c4570277af27c306cf6ee77a6321fb342ea796,00c4570277af27c306cf6ee77a6321fb342ea796,/my-grade.cbl,.cbl,1,https://gitlab.com/62160266/my-grade.git,gitlab.com
swh:1:cnt:f9b347abef8b8067f7b6406b95c9cb063127a4bb,f9b347abef8b8067f7b6406b95c9cb063127a4bb,/day2.cbl,.cbl,1,https://github.com/vcsjones/advent-of-code-2023,github.com
swh:1:cnt:bb071d02fa78464ca12736833c588d21d2d34e6d,bb071d02fa78464ca12736833c588d21d2d34e6d,/lista17exercicio1.cbl,.cbl,1,https://github.com/camila-hostin/lista-de-exercicios,github.com
swh:1:cnt:9ea9801893c4191335e2a784bc890bee13288cc8,9ea9801893c4191335e2a784bc890bee13288cc8,/TECHO10.cbl,.cbl,1,https://github.com/GokilaBS/zUnit,github.com
swh:1:cnt:cea1ecc741d32b94f5f3a49731265688302d9fee,cea1ecc741d32b94f5f3a49731265688302d9fee,/menu.cbl,.cbl,1,https://bitbucket.org/maytekaylane/desafio1pizza_mayte.git,bitbucket.org
swh:1:cnt:534d15e5a4dc8f39fb5fd2daf0852fe7f290ac62,534d15e5a4dc8f39fb5fd2daf0852fe7f290ac62,/PBOOKDB2.cbl,.cbl,1,https://github.com/AxelChaban/ansible-playbooks-aymeric,github.com
swh:1:cnt:adfb429b03468d6ee875cdf93c4b223b769338cd,adfb429b03468d6ee875cdf93c4b223b769338cd,/Final.cbl,.cbl,1,https://gitlab.com/test_group158/final.git,gitlab.com
swh:1:cnt:2a34cd4c15eb919e0821f44b23a226d0cfcf13f6,2a34cd4c15eb919e0821f44b23a226d0cfcf13f6,/helloworld in cobol.cbl,.cbl,1,https://github.com/ryuunosuke-akasaka/self-developement,github.com
swh:1:cnt:e31c4c11038e79735a225d016bc3bd0c6f861e87,e31c4c11038e79735a225d016bc3bd0c6f861e87,/VIEWTRENTONFILER-NEW.CBL,.CBL,1,https://github.com/jeclendening/Cobol,github.com
swh:1:cnt:11ebd6b123802005d9ecdd3126c3bbefb21a0c67,11ebd6b123802005d9ecdd3126c3bbefb21a0c67,/tuition2.cbl,.cbl,1,https://github.com/ainsgordon/simplecobol,github.com
swh:1:cnt:c1dcd8bdb9898a8442be0aaaf1bfd7de687a9e16,c1dcd8bdb9898a8442be0aaaf1bfd7de687a9e16,/tableau-2.cbl,.cbl,1,https://github.com/mouhamed92/COBOL-TRAINING,github.com
swh:1:cnt:0f5ad5cae6a282ed1a68936a7e8fd08dac8ab1d7,0f5ad5cae6a282ed1a68936a7e8fd08dac8ab1d7,/CaesarEncryption.cbl,.cbl,1,https://github.com/CalifanoFrancisco/Cobolling-,github.com
swh:1:cnt:59b6a1511c3a741a964f3d8e2e42392e117d69af,59b6a1511c3a741a964f3d8e2e42392e117d69af,/studentrecord.cbl,.cbl,1,https://github.com/JoeyCluett/supreme-chainsaw,github.com
swh:1:cnt:5426b41dc1a2f9b18b19925d37e108d25f890010,5426b41dc1a2f9b18b19925d37e108d25f890010,/clock.cbl,.cbl,1,https://github.com/mcneb10/CursesClock,github.com
swh:1:cnt:2b2bab71ee967ca6b8eb54dc58d58510364dea6a,2b2bab71ee967ca6b8eb54dc58d58510364dea6a,/p1.cbl,.cbl,1,https://github.com/TYMCOM-X/169269_1.tape,github.com
swh:1:cnt:28d10bd92a9be91f21fa08645ad71d340d60dd4c,28d10bd92a9be91f21fa08645ad71d340d60dd4c,/base.cbl,.cbl,1,https://github.com/Raman-Suliman/software_evolution,github.com
swh:1:cnt:f9067028897acabf34d4fba42ded6091fcc0aacc,f9067028897acabf34d4fba42ded6091fcc0aacc,/regs.cbl,.cbl,1,https://github.com/GaloisInc/reopt-vcg,github.com
swh:1:cnt:4874fd2bbe200de98d97d7b8808183a58eeadc3f,4874fd2bbe200de98d97d7b8808183a58eeadc3f,/tempCodeRunnerFile.cbl,.cbl,1,https://gitlab.com/cobol-project/lab05-controlflow.git,gitlab.com
swh:1:cnt:bfca66b33de694ea44164cd7432d8d3150b88298,bfca66b33de694ea44164cd7432d8d3150b88298,/EMP-PAYROLL.cbl,.cbl,1,https://github.com/mouhamed92/cobol,github.com
swh:1:cnt:69b4acaf7d9d65f30ecbfeffe493f498c5503f88,69b4acaf7d9d65f30ecbfeffe493f498c5503f88,/HELLOWORLD.cbl,.cbl,1,https://github.com/karlredgate/automation,github.com
swh:1:cnt:47b08d8abaad84ad51726755d66b8a11956b28f3,47b08d8abaad84ad51726755d66b8a11956b28f3,/rename.cbl,.cbl,1,https://gitlab.com/62160139/advance_data_decalation.git,gitlab.com
swh:1:cnt:0e1cf1ac1af993505f881a6425c934bd5567daef,0e1cf1ac1af993505f881a6425c934bd5567daef,/MARBLE03.cbl,.cbl,1,https://github.com/SasirekhaKR/Brightside-Workshop-03,github.com
swh:1:cnt:3d7e1dd95c04f1e1f0d1ad5f088b69bdb2c44f9a,3d7e1dd95c04f1e1f0d1ad5f088b69bdb2c44f9a,/ONLINE1.cbl,.cbl,1,http://naca.googlecode.com/svn/,naca.googlecode.com
swh:1:cnt:14732fb8102410d5aceefde3d1b687645281c1dd,14732fb8102410d5aceefde3d1b687645281c1dd,/beep.cbl,.cbl,1,https://github.com/ShowMaster32/rosetta-project,github.com
swh:1:cnt:b575684d913a40e08131657501266ee6ca616362,b575684d913a40e08131657501266ee6ca616362,/Data5.cbl,.cbl,1,https://gitlab.com/cobol5395528/lab3-data-and-procedure.git,gitlab.com
swh:1:cnt:c1fe8776f6fc51da457e3448b9dbf77a477d0378,c1fe8776f6fc51da457e3448b9dbf77a477d0378,/010 - Arquivo_sequencial.cbl,.cbl,1,https://github.com/Ivan-J-Borchardt/Curso_T-Systems_2022_Cobol_Mainframe_SQL,github.com
swh:1:cnt:90fd7b18a5f84349351f91502bce17db591ad439,90fd7b18a5f84349351f91502bce17db591ad439,/SOCIOS.cbl,.cbl,1,https://github.com/vernieri/Banking-System,github.com
swh:1:cnt:9c828246140dbd08ae290f0110486cbe74c1bb09,9c828246140dbd08ae290f0110486cbe74c1bb09,/basicverbs.cbl,.cbl,1,https://github.com/dsanchezseco/cobol,github.com
swh:1:cnt:a8f034d9d0d5b538019a1035308c04f88c0bbaa6,a8f034d9d0d5b538019a1035308c04f88c0bbaa6,/sasha.cbl,.cbl,1,https://github.com/Techokami/GameMaker,github.com
swh:1:cnt:906e2a2a20e1c7c092eb96fe32b0e6a9b2c69d70,906e2a2a20e1c7c092eb96fe32b0e6a9b2c69d70,/multiply.cbl,.cbl,1,https://gitlab.com/kwojkovich/cobol-examples.git,gitlab.com
swh:1:cnt:edf23ed772d17f434d4a3e750178fff417dec76d,edf23ed772d17f434d4a3e750178fff417dec76d,/CounditionName.cbl,.cbl,1,https://gitlab.com/62160059/cobol-structure.git,gitlab.com
swh:1:cnt:4b21f4acd43025b305d7a46d98c45d5be3f96f97,4b21f4acd43025b305d7a46d98c45d5be3f96f97,/star-10-1.cbl,.cbl,1,https://gitlab.com/63160199/control-flowiteration.git,gitlab.com
swh:1:cnt:79add800f7f83eb105bba08e7d3de66d534380c4,79add800f7f83eb105bba08e7d3de66d534380c4,/projeto_pizza.cbl,.cbl,1,https://github.com/evYasmin/DesafioPizza,github.com
swh:1:cnt:cbb05117b51f8f403feddce2586c7a4e9045acc2,cbb05117b51f8f403feddce2586c7a4e9045acc2,/Program1.cbl,.cbl,1,https://github.com/jhajiansr/ArraysAlgorithms,github.com
swh:1:cnt:9f981b9185f5892dc4bda358de66b6ba00d678c3,9f981b9185f5892dc4bda358de66b6ba00d678c3,/READ5L.CBL,.CBL,1,https://gitlab.com/63160199/cobol_lab5.git,gitlab.com
swh:1:cnt:7746089a26808346cb00ec8c59c54881ec4440db,7746089a26808346cb00ec8c59c54881ec4440db,/data5.cbl,.cbl,1,https://gitlab.com/this-group-is-awesome/week3-data-procedure.git,gitlab.com
swh:1:cnt:9a320d95a920793349a30499a91b6f3e984e0805,9a320d95a920793349a30499a91b6f3e984e0805,/hcipdb01.cbl,.cbl,1,https://github.com/RegiBrazil/DemoHealthCare,github.com
swh:1:cnt:465c7a0fb93dfc0c6789a9f71b931f99a5066492,465c7a0fb93dfc0c6789a9f71b931f99a5066492,/TAXCAL.cbl,.cbl,1,https://github.com/Shalini174/Devops_Mainframes,github.com
swh:1:cnt:bea25be3b268e4f149a45cd4bd5dd1adbb6da80d,bea25be3b268e4f149a45cd4bd5dd1adbb6da80d,/Jokenpo.cbl,.cbl,1,https://github.com/Fabergames1/Jokenpo,github.com
swh:1:cnt:49f0872828b6dc8f8a61b96efc0d2b4b6d629f56,49f0872828b6dc8f8a61b96efc0d2b4b6d629f56,/Z95629.CBL(PBE006HW).cbl,.cbl,1,https://github.com/hgermiyan/Akbank-Cobol-FinalCase,github.com
swh:1:cnt:87faba33807899021c372bd673cceeaa5a72995a,87faba33807899021c372bd673cceeaa5a72995a,/hello_world.cbl,.cbl,1,https://github.com/janglennon/cssspec1,github.com
swh:1:cnt:4d29faf1a898db6d3f90019324901f2f2a5c44b5,4d29faf1a898db6d3f90019324901f2f2a5c44b5,/read-emp1.cbl,.cbl,1,https://gitlab.com/62160068_god/file-operation.git,gitlab.com
swh:1:cnt:539ef97267a129feee81a4d705bf5900f047388a,539ef97267a129feee81a4d705bf5900f047388a,/fkontrol.cbl,.cbl,1,https://github.com/cobol5/fikopar,github.com
swh:1:cnt:5f8109779c04178fef77147ed21cbe79f894a8d2,5f8109779c04178fef77147ed21cbe79f894a8d2,/cow.cbl,.cbl,1,https://github.com/azac/cobol-on-wheelchair,github.com
swh:1:cnt:dbcaf5a5655fc45b64aa5ef99394a1989faf35ea,dbcaf5a5655fc45b64aa5ef99394a1989faf35ea,/LIB2.cbl,.cbl,1,https://github.com/sudopablosilva/dep2,github.com
swh:1:cnt:524bd6b8a95daa11cdf7d6021a553d1ccaf933fc,524bd6b8a95daa11cdf7d6021a553d1ccaf933fc,/test.cbl,.cbl,1,https://github.com/diasbruno/lisbol,github.com
swh:1:cnt:88944ac93a19ac2966607646f90fa0fb40865a85,88944ac93a19ac2966607646f90fa0fb40865a85,/cblgrph.cbl,.cbl,1,https://github.com/edack/MyCovid,github.com
swh:1:cnt:6f023f5d63e7bf9da4a776eca93bda797d572ec0,6f023f5d63e7bf9da4a776eca93bda797d572ec0,/HelloWorld.cbl,.cbl,1,https://gitlab.com/Meltens/HelloWorldQuestion.git,gitlab.com
swh:1:cnt:be997efbf6e29c6e13955a5e7e59811c132ee620,be997efbf6e29c6e13955a5e7e59811c132ee620,/Kindermishandeling.CBL,.CBL,1,http://code.google.com/eclipselabs/k/kindermishandeling/svn/,code.google.com
swh:1:cnt:228fae7587d559d9a3aa8ce785afec8d59a399a7,228fae7587d559d9a3aa8ce785afec8d59a399a7,/Sedalia.cbl,.cbl,1,https://github.com/cozy968/Cobol,github.com
swh:1:cnt:fb637421b2821b9852b93de8d6723db1831c0239,fb637421b2821b9852b93de8d6723db1831c0239,/main.cbl,.cbl,1,https://github.com/SorenFox/advent-of-code-2020,github.com
swh:1:cnt:4c4b0a140c5876c593cd9a7ef2e6238bf9a18a64,4c4b0a140c5876c593cd9a7ef2e6238bf9a18a64,/Program1.cbl,.cbl,1,https://github.com/T-UI-Cell/TrueCobol,github.com
swh:1:cnt:36bd8c0856014e5e9e5735210f22b3d1b3e7f043,36bd8c0856014e5e9e5735210f22b3d1b3e7f043,/base.cbl,.cbl,1,https://github.com/khaledAlazem/Cobol2XML,github.com
swh:1:cnt:649112936c419bcf2e363fc303b5dea7ce215e4a,649112936c419bcf2e363fc303b5dea7ce215e4a,/Aula1.cbl,.cbl,1,https://github.com/MichelNascimento/Cobol-Fatec,github.com
swh:1:cnt:ea086c94440297153d1fe1452bfa1af89c7f652e,ea086c94440297153d1fe1452bfa1af89c7f652e,/CheckVariable.cbl,.cbl,1,https://github.com/PauloPereira1234/myappsample,github.com
swh:1:cnt:9f7a3348f301e23d4320e78903924af42b8a5d6f,9f7a3348f301e23d4320e78903924af42b8a5d6f,/amsPoDownloadGroup.cbl,.cbl,1,https://github.com/Sujeevan101/CobolToJson,github.com
swh:1:cnt:f29abf5e3f647737ee048e89b504dbbc92cfebb9,f29abf5e3f647737ee048e89b504dbbc92cfebb9,/control-break1.cbl,.cbl,1,https://gitlab.com/62160296/cobol-control-break.git,gitlab.com
swh:1:cnt:e15322ef03cb28284ca50b59c8cd6d408ee7c9e5,e15322ef03cb28284ca50b59c8cd6d408ee7c9e5,/PerformFormat2.cbl,.cbl,1,https://github.com/ravenu/apc-webprog-ecsit1-rslopez,github.com
swh:1:cnt:f1cacc6e7f7503eb1c2a233b782c94a4a233eab7,f1cacc6e7f7503eb1c2a233b782c94a4a233eab7,/Program1.cbl,.cbl,1,https://github.com/Shazamzafar/Cobol-Project,github.com
swh:1:cnt:fa24dae4c273c8c0d1986061ec5bafc6725d1789,fa24dae4c273c8c0d1986061ec5bafc6725d1789,/setvoice.cbl,.cbl,1,https://github.com/PaloAltoLibrary/NAO-Tutorials,github.com
swh:1:cnt:943bfecd4a220819cf33143420bb1f355e421d83,943bfecd4a220819cf33143420bb1f355e421d83,/two_dim.cbl,.cbl,1,https://gitlab.com/cobol-project/lab10-tabulardata.git,gitlab.com
swh:1:cnt:b8f32f1dd65d672f0c078ecef3b2c0946bbe88ff,b8f32f1dd65d672f0c078ecef3b2c0946bbe88ff,/hello.cbl,.cbl,1,https://github.com/Cundell66/Cobol,github.com
swh:1:cnt:b38a6b4c85cf0151a9af588b40aef519fa84ce50,b38a6b4c85cf0151a9af588b40aef519fa84ce50,/editor.cbl,.cbl,1,https://github.com/Sc0ttyDE/hello-world,github.com
swh:1:cnt:13b986b2d25f0cada9b95673dc8a90d76cc5274b,13b986b2d25f0cada9b95673dc8a90d76cc5274b,/SAMPLE.CBL,.CBL,1,https://github.com/ggogate/copybook-api,github.com
swh:1:cnt:21a42fd617fd1c9504cac768ecfccccc26288b0c,21a42fd617fd1c9504cac768ecfccccc26288b0c,/TRANSACTIONS-IVA.cbl,.cbl,1,https://github.com/alexgb0/LearningCobol,github.com
swh:1:cnt:831e8baf02689357fbd898e403048fdacff42d2a,831e8baf02689357fbd898e403048fdacff42d2a,/PROGCOB04.cbl,.cbl,1,https://github.com/ErickMS27/TestsCobol,github.com
swh:1:cnt:341ce9be81d6c6f5bf05c249dc444befc67123db,341ce9be81d6c6f5bf05c249dc444befc67123db,/branch-sale.cbl,.cbl,1,https://gitlab.com/test-group-sirarat/tabular-data.git,gitlab.com
swh:1:cnt:67d36993cd745c04623e949e0089b336fbab0571,67d36993cd745c04623e949e0089b336fbab0571,/return.cbl,.cbl,1,https://github.com/wahidaleena/return,github.com
swh:1:cnt:2bb6da5e90f13aad1cdc774c976778200fb51879,2bb6da5e90f13aad1cdc774c976778200fb51879,/PBSUB.cbl,.cbl,1,https://github.com/emreakdik/akbank_cobol_final_case,github.com
swh:1:cnt:b25e267586bcd31950d0380552447cdb32205a33,b25e267586bcd31950d0380552447cdb32205a33,/one_dim_init.cbl,.cbl,1,https://gitlab.com/62160059/cobol_week10.git,gitlab.com
swh:1:cnt:cf601f2aa307306da1b3a43a41db6d86c8a6b98b,cf601f2aa307306da1b3a43a41db6d86c8a6b98b,/control-break3.cbl,.cbl,1,https://gitlab.com/cobol1/cobol-control-break.git,gitlab.com
swh:1:cnt:d1dbf18fcd2215457702833b97faf2ff0521f795,d1dbf18fcd2215457702833b97faf2ff0521f795,/22Day1.cbl,.cbl,1,https://github.com/matsynthesis/AoC_2023,github.com
swh:1:cnt:47c374beded91f170e2f8311c991cdbfa57d9522,47c374beded91f170e2f8311c991cdbfa57d9522,/DRAKEA.cbl,.cbl,1,https://github.com/zethmalcom/Drakea-Salary-Report,github.com
swh:1:cnt:79ffa0a7a86d064590c5ddcd82965cc50391a831,79ffa0a7a86d064590c5ddcd82965cc50391a831,/Program1.cbl,.cbl,1,https://github.com/jhajiansr/LinkedListAlgorithms,github.com
swh:1:cnt:ed245b6171fa6651a852dc70eb522969d9868811,ed245b6171fa6651a852dc70eb522969d9868811,/BonusReport.cbl,.cbl,1,https://github.com/aldrinalmacin-school/COBOL-BonusReport,github.com
swh:1:cnt:081ff0414f25bb3f09e8173a569c8323a11505f6,081ff0414f25bb3f09e8173a569c8323a11505f6,/cobxref.cbl,.cbl,1,https://github.com/paulyc/open-cobol,github.com
swh:1:cnt:ce61bee5fbacc0b5bf0fc58b86b3f18b51bfd274,ce61bee5fbacc0b5bf0fc58b86b3f18b51bfd274,/epsmlist.cbl,.cbl,1,https://github.com/rbsmall/dbb-zappbuild,github.com
swh:1:cnt:854a09eaebe98ed4e7ec31876799858ab213e5b5,854a09eaebe98ed4e7ec31876799858ab213e5b5,/products.cbl,.cbl,1,https://github.com/IBM-Cloud/cfee-eirini-storefront,github.com
swh:1:cnt:f8c7889b866a03eb8fcc63a15d678609d5fe568f,f8c7889b866a03eb8fcc63a15d678609d5fe568f,/control-break3.cbl,.cbl,1,https://gitlab.com/projuct-cobol/cobol-week12-control-break.git,gitlab.com
swh:1:cnt:4961b321b2856925f9256c8f235cb614acdaf19f,4961b321b2856925f9256c8f235cb614acdaf19f,/LOADACCT.cbl,.cbl,1,https://github.com/ghas-results/z_ansible_collections_samples,github.com
swh:1:cnt:d013b0a75877255781a6941bde4be098f3cecd65,d013b0a75877255781a6941bde4be098f3cecd65,/faa3.cbl,.cbl,1,https://github.com/TYMCOM-X/169283.tape,github.com
swh:1:cnt:7daf50655504990979b813b675f071baa074cfda,7daf50655504990979b813b675f071baa074cfda,/RANDOM01.cbl,.cbl,1,https://github.com/askadian/cobol-work,github.com
swh:1:cnt:5987d4857835ca519decdb8bc34b2889a2d58397,5987d4857835ca519decdb8bc34b2889a2d58397,/cobol_test.cbl,.cbl,1,https://github.com/Roarhauke/cobol-stuff,github.com
swh:1:cnt:2b6108b2e201d88f07d8544af0060b27651156f0,2b6108b2e201d88f07d8544af0060b27651156f0,/one_dim_init.cbl,.cbl,1,https://gitlab.com/cobol8/week12.git,gitlab.com
swh:1:cnt:f66560f7bcf20ad13a59267b68c2d26d9b2116f5,f66560f7bcf20ad13a59267b68c2d26d9b2116f5,/LGACDB01.cbl,.cbl,1,https://github.com/PriyanjanaGit/dbb-pipeline-Mar23,github.com
swh:1:cnt:0fa18f787117b94ea73deec3a06b748be7d9fc1a,0fa18f787117b94ea73deec3a06b748be7d9fc1a,/comprogex2.cbl,.cbl,1,https://github.com/Bukangliwayway/cobolprogex2,github.com
swh:1:cnt:b6a22acc4bc9322bf4d8be5912e7ad48faea95a1,b6a22acc4bc9322bf4d8be5912e7ad48faea95a1,/SEARCH_SORT.CBL,.CBL,1,https://gitlab.com/work_group_y4/lab13-search-sort-array.git,gitlab.com
swh:1:cnt:bc259225879cb560bd8381314afc62e5ea5d6a79,bc259225879cb560bd8381314afc62e5ea5d6a79,/EX02.CBL,.CBL,1,https://github.com/VagRamos/Aula-Cobol,github.com
swh:1:cnt:e53505239fae94874644e2d73f7b884d3abac3f2,e53505239fae94874644e2d73f7b884d3abac3f2,/Desafio.cbl,.cbl,1,https://bitbucket.org/gabrielleopoldoborchardt/desafio-cadastro-banco-de-dados.git,bitbucket.org
swh:1:cnt:4d2204e40c7b81d6e3733e03c687a911a7091df3,4d2204e40c7b81d6e3733e03c687a911a7091df3,/CADDDB2.cbl,.cbl,1,https://github.com/strongbacktraining/classware,github.com
swh:1:cnt:44d242c40a1841cf5c93a00a1695fd0ac3cc3bf9,44d242c40a1841cf5c93a00a1695fd0ac3cc3bf9,/Usage-comp2.cbl,.cbl,1,https://gitlab.com/cobol13/advance-data-decalation.git,gitlab.com
swh:1:cnt:c89ad944e7f6d71c11971f082950a4c2469dde4e,c89ad944e7f6d71c11971f082950a4c2469dde4e,/data_02.cbl,.cbl,1,https://github.com/caerbannogwhite/cables-routing-optimization,github.com
swh:1:cnt:c0631126c62b81bab28798205f17fed7478ba675,c0631126c62b81bab28798205f17fed7478ba675,/waro.cbl,.cbl,1,https://github.com/codetojoy/WarO_COBOL,github.com
swh:1:cnt:dac4010795c6c2053e9c4c09b3a8eaa1f5ae9054,dac4010795c6c2053e9c4c09b3a8eaa1f5ae9054,/Program2.cbl,.cbl,1,https://github.com/Old-Mainframes/COBOL-programs-and-assignments,github.com
swh:1:cnt:5932d1f97f0d2d13bd3195d6d10ba0d91adfd1a7,5932d1f97f0d2d13bd3195d6d10ba0d91adfd1a7,/PRGNV88.cbl,.cbl,1,https://github.com/AprendaCOBOL/codigos_das_lives,github.com
swh:1:cnt:f1fcbc509b280ed0b5c766e77e7de12e794c0fc1,f1fcbc509b280ed0b5c766e77e7de12e794c0fc1,/shop_receipts.cbl,.cbl,1,https://gitlab.com/chanarkarn_buu/cobol-lab-8.git,gitlab.com
swh:1:cnt:b716607e90e03fe3a616fe6af3a56c697337d8f9,b716607e90e03fe3a616fe6af3a56c697337d8f9,/test12.cbl,.cbl,1,https://github.com/sachinkanchan/COBOLCODE,github.com
swh:1:cnt:7ae1cbb9217772d79c4b0ff48cee0a7d364d75f5,7ae1cbb9217772d79c4b0ff48cee0a7d364d75f5,/CollatzTests.cbl,.cbl,1,https://github.com/axtens/cobol_for_exercism,github.com
swh:1:cnt:7697462726320dd5c4f481c8b48087aa55ab337e,7697462726320dd5c4f481c8b48087aa55ab337e,/CB012PCW.cbl,.cbl,1,https://github.com/CarlosRobertoNunes/Contador,github.com
swh:1:cnt:0df134c5f22157647d04b91ccd2e71f056b0b332,0df134c5f22157647d04b91ccd2e71f056b0b332,/COBOL.cbl,.cbl,1,https://github.com/augierakow/hello_worlds,github.com
swh:1:cnt:f7ed702c4b430a73a1f526d4dcb7e066cf2a2060,f7ed702c4b430a73a1f526d4dcb7e066cf2a2060,/lldemo1.cbl,.cbl,1,https://github.com/cschneid-the-elder/cbl-linked-list,github.com
swh:1:cnt:003b01ea4129b26c60c95f72d6e9e0f15772ce09,003b01ea4129b26c60c95f72d6e9e0f15772ce09,/edit1.cbl,.cbl,1,https://gitlab.com/62160289/edited-pictures.git,gitlab.com
swh:1:cnt:8daad5fdc93fb65678d71d4750eb3ae280290046,8daad5fdc93fb65678d71d4750eb3ae280290046,/usage1.cbl,.cbl,1,https://gitlab.com/cobol_62160055/advance-data-declaration.git,gitlab.com
swh:1:cnt:ee3910ae3f0d38aefafbd16cfb71593c3d894455,ee3910ae3f0d38aefafbd16cfb71593c3d894455,/hello.cbl,.cbl,1,https://github.com/esthermations/playing-with-cobol,github.com
swh:1:cnt:5c60ec6b239bb2a140418146e3f627094af3bc0f,5c60ec6b239bb2a140418146e3f627094af3bc0f,/MONTHINC.CBL,.CBL,1,https://gitlab.com/cobol7561827/lab11.git,gitlab.com
swh:1:cnt:8cb40aac6968ff39a028b736b33727b1b15d89db,8cb40aac6968ff39a028b736b33727b1b15d89db,/usage-pack-decimal.cbl,.cbl,1,https://gitlab.com/cobol1/cobol-advance-data-decalation.git,gitlab.com
swh:1:cnt:fbd202d141c91fc7615927e8745990d25ba40591,fbd202d141c91fc7615927e8745990d25ba40591,/esdumpsplitter.cbl,.cbl,1,https://github.com/anok4u2/ESDumpFormatter,github.com
swh:1:cnt:c816ac47f3816aa86a1de25f304d60b0d2aa2d95,c816ac47f3816aa86a1de25f304d60b0d2aa2d95,/main.cbl,.cbl,1,https://github.com/Vanane/GesTrib,github.com
swh:1:cnt:fb705e7424341c87596f2c00620da6404cba4413,fb705e7424341c87596f2c00620da6404cba4413,/cadastro-maes.cbl,.cbl,1,https://bitbucket.org/camille_jandre3/desafio-cadastro_mae_bebe-camille.git,bitbucket.org
swh:1:cnt:1ed4c1a69781b320df7d31e15a75c938cb6e47a4,1ed4c1a69781b320df7d31e15a75c938cb6e47a4,/pw03232c.cbl,.cbl,1,https://github.com/jacksonwippel/2A,github.com
swh:1:cnt:33dcf383e38799a3e456b2d34bee01ff1d8e5879,33dcf383e38799a3e456b2d34bee01ff1d8e5879,/desafio01.cbl,.cbl,1,https://bitbucket.org/gustavoreiter/desafio_insert_gustavo.git,bitbucket.org
swh:1:cnt:2ca9a7376a4f87339001fb99ddfed75800fb9de1,2ca9a7376a4f87339001fb99ddfed75800fb9de1,/SAM1.cbl,.cbl,1,https://github.com/wfezzani/zopeneditor-sample,github.com
swh:1:cnt:261b16c906a23b5632bfef01144fb69b3dfc8b60,261b16c906a23b5632bfef01144fb69b3dfc8b60,/hello.cbl,.cbl,1,https://github.com/gonzalovinas/cobol-rabbitmq,github.com
swh:1:cnt:cc708dfdfcec267854c6b3f22cfd082b753526a7,cc708dfdfcec267854c6b3f22cfd082b753526a7,/writeUsersFile.cbl,.cbl,1,https://github.com/alberto-atk/SistemasLegados,github.com
swh:1:cnt:859ccceb576e1d537b1482c8caa787e705916cec,859ccceb576e1d537b1482c8caa787e705916cec,/part1.cbl,.cbl,1,https://github.com/Mekadrom/advent-of-code,github.com
swh:1:cnt:7b4842284437ee6924ede4f78f6586952081bcb9,7b4842284437ee6924ede4f78f6586952081bcb9,/hello_world.cbl,.cbl,1,https://github.com/CanIGetAPickle/COBOL,github.com
swh:1:cnt:45711e1350cf14d5d75e41e2b1b4daa799cc4645,45711e1350cf14d5d75e41e2b1b4daa799cc4645,/HELLOWORLD.cbl,.cbl,1,https://github.com/hugodepaula/linguagens-de-programacao,github.com
swh:1:cnt:fae03b595f119cec44828afef0284cd0ed959419,fae03b595f119cec44828afef0284cd0ed959419,/epsmlist.cbl,.cbl,1,https://github.com/ssdash/dbb,github.com
swh:1:cnt:cea5d4fdb45603db27340c7f411580528b87a5fc,cea5d4fdb45603db27340c7f411580528b87a5fc,/PALINDROME.cbl,.cbl,1,https://github.com/virtualheart/cobol-palindrome-multi-dynamic-input,github.com
swh:1:cnt:7762b049dd8ef8c3cd54d7db57640f818b7e4b92,7762b049dd8ef8c3cd54d7db57640f818b7e4b92,/KWI_NSM2.CBL,.CBL,1,https://github.com/OS2World/DEV-SAMPLES-COBOL-KWI,github.com
swh:1:cnt:4307d036510259f0f41f04ef50c6c925787454fc,4307d036510259f0f41f04ef50c6c925787454fc,/solution.cbl,.cbl,1,https://github.com/dennisnderitu254/HackerRank-6,github.com
swh:1:cnt:ead166dc8a8bcaeafcc282c8f863c68b4ea4287e,ead166dc8a8bcaeafcc282c8f863c68b4ea4287e,/mod.cbl,.cbl,1,https://github.com/rhender007/grimmcon-cobol-ctf,github.com
swh:1:cnt:44b7abe592d5ffb70bbe1593c05769a88a27806a,44b7abe592d5ffb70bbe1593c05769a88a27806a,/exmedecinpatient.cbl,.cbl,1,https://github.com/hbenji/Cobol,github.com
swh:1:cnt:6444551797d495a4a4da0f32b6f278eaee659024,6444551797d495a4a4da0f32b6f278eaee659024,/COBOLCypher.cbl,.cbl,1,https://github.com/NicMays334/TPLMays,github.com
swh:1:cnt:e6bb151cebd368aab7b02c926a024c9666c65df0,e6bb151cebd368aab7b02c926a024c9666c65df0,/file.cbl,.cbl,1,https://www.npmjs.com/package/cobalt-lang,www.npmjs.com
swh:1:cnt:c428d969c6387c7b1d3a7b63329b9de926954f90,c428d969c6387c7b1d3a7b63329b9de926954f90,/Z95644.CBL(COBHW03).cbl,.cbl,1,https://github.com/mmtemel/cobol_homeworks,github.com
swh:1:cnt:e747aa3475862b049fc634f4efffbcfec978ceda,e747aa3475862b049fc634f4efffbcfec978ceda,/RMNTODEC.cbl,.cbl,1,https://github.com/chilenoneto/Cobol,github.com
swh:1:cnt:547c374f863c734bdcdc98977857c111dbd419dc,547c374f863c734bdcdc98977857c111dbd419dc,/helloworld.cbl,.cbl,1,https://github.com/lindsaybangs/99bottles-cobol,github.com
swh:1:cnt:e731f296b86f160bc80f0d36e82cbbe42568d61c,e731f296b86f160bc80f0d36e82cbbe42568d61c,/Prog6.cbl,.cbl,1,https://github.com/Renato549/Reno,github.com
swh:1:cnt:bd9ff7855738fb587bbe9ff21248d43f13fd9735,bd9ff7855738fb587bbe9ff21248d43f13fd9735,/super_security_storage.CBL,.CBL,1,https://github.com/lada420/hackbattle-phdays2019,github.com
swh:1:cnt:a0207337b28ee8008b940906fd932d6fd288680b,a0207337b28ee8008b940906fd932d6fd288680b,/Control3.break.cbl,.cbl,1,https://gitlab.com/62160141/cobol-lab12.git,gitlab.com
swh:1:cnt:0a585ff2b179f3d2c12dc3f241c0453f5aefd500,0a585ff2b179f3d2c12dc3f241c0453f5aefd500,/hello_world.cbl,.cbl,1,https://pkg.go.dev/github.com/restartfu/learn,pkg.go.dev
swh:1:cnt:53728508a59fed2138356b565d33274dadfc3eb5,53728508a59fed2138356b565d33274dadfc3eb5,/Gender.cbl,.cbl,1,https://github.com/hellonevermind/Cobol,github.com
swh:1:cnt:ca9120ec96621811629ba871193d82278c2e0e90,ca9120ec96621811629ba871193d82278c2e0e90,/basics.cbl,.cbl,1,https://github.com/MikeWalder/Cobol-VSCode-test,github.com
swh:1:cnt:a7c044c07cd8b642cc54d3c4ea997146d6d7adb4,a7c044c07cd8b642cc54d3c4ea997146d6d7adb4,/TP2.cbl,.cbl,1,https://github.com/LeandroDenis/TPCobol,github.com
swh:1:cnt:9c349203e6ab7a5f4f3610a83507ce60f2b7fc6b,9c349203e6ab7a5f4f3610a83507ce60f2b7fc6b,/string.cbl,.cbl,1,https://github.com/OlegKunitsyn/core-string,github.com
swh:1:cnt:f5be9a710a374c6631c1fc29cff9fefdebc58a02,f5be9a710a374c6631c1fc29cff9fefdebc58a02,/Principal.cbl,.cbl,1,http://algo4fiuba.googlecode.com/svn/,algo4fiuba.googlecode.com
swh:1:cnt:51d200fbefc3030e57a357c9eb524b3649b7a9eb,51d200fbefc3030e57a357c9eb524b3649b7a9eb,/Control7.cbl,.cbl,1,https://gitlab.com/62160141/cobollab4.git,gitlab.com
swh:1:cnt:5a8dd25928d804eb0561f9155590547fa96eab13,5a8dd25928d804eb0561f9155590547fa96eab13,/geo3x3_encode.cbl,.cbl,1,https://github.com/mitsuji/Geo3x3,github.com
swh:1:cnt:02917a79ab0d28dfda0dfd1b5433fdd923440196,02917a79ab0d28dfda0dfd1b5433fdd923440196,/Pg4_FHood.cbl,.cbl,1,https://github.com/forresthood/CS-370-Program-4,github.com
swh:1:cnt:ed72148d6eaa3c49d70745f80a41f7f917a239f1,ed72148d6eaa3c49d70745f80a41f7f917a239f1,/PyramidOfAhraxis.cbl,.cbl,1,https://github.com/playdeezgames/PyramidOfAhraxis,github.com
swh:1:cnt:3cf20d57b0b8258463711cedd592007b0b5cdfe8,3cf20d57b0b8258463711cedd592007b0b5cdfe8,/tempCodeRunnerFile.cbl,.cbl,1,https://bitbucket.org/yllee1286/yllee1286.bitbucket.io.git,bitbucket.org
swh:1:cnt:86a8923ba29bf45e15c668bfb4cb72c6af753921,86a8923ba29bf45e15c668bfb4cb72c6af753921,/day6.cbl,.cbl,1,https://github.com/bergwerf/aoc2019,github.com
swh:1:cnt:6e511223083a7d5d8df77bb304d8c930b5ea8541,6e511223083a7d5d8df77bb304d8c930b5ea8541,/arr.cbl,.cbl,1,https://github.com/alisherweb3/code,github.com
swh:1:cnt:261a56923137b72801c5e95324d0a5e040067f2e,261a56923137b72801c5e95324d0a5e040067f2e,/write-emp1.cbl,.cbl,1,https://gitlab.com/62160007/cobol_week_7.git,gitlab.com
swh:1:cnt:462acc992890c9e2b18f4f5f47624dbef5822d28,462acc992890c9e2b18f4f5f47624dbef5822d28,/epsmpmt.cbl,.cbl,1,https://github.com/raylamgit/mvp-demo,github.com
swh:1:cnt:3f65eb9dc5c336396d8885410e59f2d1d6dadb0e,3f65eb9dc5c336396d8885410e59f2d1d6dadb0e,/Pizzaria.cbl,.cbl,1,https://github.com/erzsebete/COBOL-PIZZARIA,github.com
swh:1:cnt:ccfec89942b6c53089bfc2ecc75cc8d057fdacb1,ccfec89942b6c53089bfc2ecc75cc8d057fdacb1,/Lista7E4.cbl,.cbl,1,https://bitbucket.org/camille_jandre3/provacobol03-camille-jandre.git,bitbucket.org
swh:1:cnt:065286fe7cbc5df2f1976b0013c2617ba2787803,065286fe7cbc5df2f1976b0013c2617ba2787803,/HelloWorld.cbl,.cbl,1,https://github.com/LesterAGarciaA97/HelloWorld,github.com
swh:1:cnt:7e69c991eecedb57f8a621dc24fa43f2bb772fed,7e69c991eecedb57f8a621dc24fa43f2bb772fed,/LGTESTP3.cbl,.cbl,1,https://github.com/russell-bonner/dbb-pipeline,github.com
swh:1:cnt:34c0c057ccc9d69297c747fb47ad25581e4dcd05,34c0c057ccc9d69297c747fb47ad25581e4dcd05,/HELLO.cbl,.cbl,1,https://github.com/suneelkulk/Open-Cobol-test-with-Jenkins,github.com
swh:1:cnt:34111638254ec4e035ce9ce5393ac55d12f22eb8,34111638254ec4e035ce9ce5393ac55d12f22eb8,/Redefines3.cbl,.cbl,1,https://gitlab.com/cobol17/advance-data-decalation.git,gitlab.com
swh:1:cnt:474e807d44f61d01a356560e49e3a2034de95bdd,474e807d44f61d01a356560e49e3a2034de95bdd,/code_sample_3.cbl,.cbl,1,https://github.com/nexon-97/BSUIR-Study,github.com
swh:1:cnt:80def913e444120fad841a8e41d068ff9d6adc3a,80def913e444120fad841a8e41d068ff9d6adc3a,/cpyUtf8.cbl,.cbl,1,https://github.com/bmTas/cb2xml,github.com
swh:1:cnt:16ef546c10c39b0166b8671d9eee96efe7dafd87,16ef546c10c39b0166b8671d9eee96efe7dafd87,/CS370Program2.cbl,.cbl,1,https://github.com/AcharneAegis/COBOLProject1,github.com
swh:1:cnt:ab3577467630196a858612641690194d740e9234,ab3577467630196a858612641690194d740e9234,/LCM.cbl,.cbl,1,https://github.com/RahulG606/Competitive-Programming-questions,github.com
swh:1:cnt:2a7db1cc1f427e051f7490073a39b2cbb10c3433,2a7db1cc1f427e051f7490073a39b2cbb10c3433,/GameOfLifeTest.cbl,.cbl,1,https://github.com/Spencerx/COBOL-katas,github.com
swh:1:cnt:41d0fce03977e489f4d4986de3aeb41d5fbd24cf,41d0fce03977e489f4d4986de3aeb41d5fbd24cf,/debugLines.cbl,.cbl,1,https://github.com/Reinhard-Prehofer/legstar,github.com
swh:1:cnt:3ef3f02d74b35f67a5380dea89da0e00f72a82e7,3ef3f02d74b35f67a5380dea89da0e00f72a82e7,/CONBRE2.CBL,.CBL,1,https://gitlab.com/cobol_m/cob_week12.git,gitlab.com
swh:1:cnt:93b3170100d429585069e178bd67464ee94cc8f5,93b3170100d429585069e178bd67464ee94cc8f5,/desafio1.cbl,.cbl,1,https://github.com/stephanizatta/sistemaPizzaria,github.com
swh:1:cnt:205a1d652e8d1f04d1c536957600ddb601ade656,205a1d652e8d1f04d1c536957600ddb601ade656,/CWBPAIF1.cbl,.cbl,1,https://github.com/xerasox/AIFlix,github.com
swh:1:cnt:fa6eaf91f159d8d5fb489dc45001ad6629bb67a7,fa6eaf91f159d8d5fb489dc45001ad6629bb67a7,/triangle-2.cbl,.cbl,1,https://gitlab.com/cobol2022/week05-control-flow.git,gitlab.com
swh:1:cnt:7d2c4ce48d98f87c30f7b8b005e318064bc3a2ae,7d2c4ce48d98f87c30f7b8b005e318064bc3a2ae,/IF-ELSE.cbl,.cbl,1,https://github.com/rafaelmaltez/basic-cobol,github.com
swh:1:cnt:2d97e75772e41971b8f820cd6ae90e414ac65b12,2d97e75772e41971b8f820cd6ae90e414ac65b12,/write-emp1.cbl,.cbl,1,https://gitlab.com/cobol0070/week6.git,gitlab.com
swh:1:cnt:797ff111232be5d7130b6f95c58c0213144028cb,797ff111232be5d7130b6f95c58c0213144028cb,/MENU-LIS.CBL,.CBL,1,https://github.com/manursanchez/programasCobol85,github.com
swh:1:cnt:a63bf1d84a33c3e3e0fb1090aa95fadb59b22b3c,a63bf1d84a33c3e3e0fb1090aa95fadb59b22b3c,/Control4.cbl,.cbl,1,https://gitlab.com/cobol5663328/lab4.git,gitlab.com
swh:1:cnt:90ec5645f6f253294aca9e5a13e60b3d62566f2e,90ec5645f6f253294aca9e5a13e60b3d62566f2e,/Program1.cbl,.cbl,1,https://github.com/aaolivera/Algoritmos4,github.com
swh:1:cnt:2cee1f110532c56cffc1b6e1a4fb2d360da59698,2cee1f110532c56cffc1b6e1a4fb2d360da59698,/input.cbl,.cbl,1,https://github.com/ZSDAF/Cobol-v4-to-v6,github.com
swh:1:cnt:6c0ee55a5ccc81b687c2afbe8e88bc1788fdb5da,6c0ee55a5ccc81b687c2afbe8e88bc1788fdb5da,/gestor_archivo.cbl,.cbl,1,http://algo4cobol.googlecode.com/svn/,algo4cobol.googlecode.com
swh:1:cnt:2bcfef43373cda597c0ed3f0704c71b5e02fbf39,2bcfef43373cda597c0ed3f0704c71b5e02fbf39,/04productNumbers.cbl,.cbl,1,https://github.com/dansierrasam79/COBOLBasic,github.com
swh:1:cnt:47aae7a8feebb65fd1c683ab5cf7622f80ccb2e9,47aae7a8feebb65fd1c683ab5cf7622f80ccb2e9,/first_cobol_conditionals.cbl,.cbl,1,https://gist.github.com/yvan/81067209bfc284e67f963b44f87fd3c6,gist.github.com
swh:1:cnt:83ea4b61c7028ab5c89595528add61d07094ea7d,83ea4b61c7028ab5c89595528add61d07094ea7d,/NoCodeToCOBOL.CBL,.CBL,1,https://github.com/GeoffFoley/nocode,github.com
swh:1:cnt:2977e524d65a212bea2855b3acc92a379988919e,2977e524d65a212bea2855b3acc92a379988919e,/PSPPYRUN.cbl,.cbl,1,https://github.com/cparrish01/peoplesoft,github.com
swh:1:cnt:2f7fd14baac207ac8796f26bc542165a331fdab8,2f7fd14baac207ac8796f26bc542165a331fdab8,/data.cbl,.cbl,1,https://github.com/2ToneM/ISP-test-files,github.com
swh:1:cnt:b2509613c2ebe22ce34cc6fb4ecd46654002fc8b,b2509613c2ebe22ce34cc6fb4ecd46654002fc8b,/READ5.CBL,.CBL,1,https://gitlab.com/63160071/cobalwowowow_3.git,gitlab.com
swh:1:cnt:33edbcd136ae0704718a37530eaba2fc7d9c2bc5,33edbcd136ae0704718a37530eaba2fc7d9c2bc5,/DataType_3_pre.cbl,.cbl,1,https://github.com/falistra/cbl2py,github.com
swh:1:cnt:df0a1543fb0ac47e97f36b56eab9140a63397906,df0a1543fb0ac47e97f36b56eab9140a63397906,/jtvrpt.cbl,.cbl,1,https://gitlab.com/PDP-10/sri-nic.git,gitlab.com
swh:1:cnt:5730845045c4510605bdf23329466439a555f794,5730845045c4510605bdf23329466439a555f794,/mcp120.cbl,.cbl,1,https://github.com/eelcohn/beebem,github.com
swh:1:cnt:6c326d2fedf76522b2f26c09c7180a823fbbaf7d,6c326d2fedf76522b2f26c09c7180a823fbbaf7d,/PIZZA-INVENTORY-PROG.cbl,.cbl,1,https://github.com/Aogletree1/COBOL-PROJECT-3,github.com
swh:1:cnt:4c86fa99f429863bc085648e455999a7012f34bb,4c86fa99f429863bc085648e455999a7012f34bb,/welcome.cbl,.cbl,1,https://github.com/zapatacomputing/tutorial-0-welcome-cobol,github.com
swh:1:cnt:a1d6f22e0fd53544340d9590cbc096028100b769,a1d6f22e0fd53544340d9590cbc096028100b769,/EDITING.CBL,.CBL,1,https://github.com/oscardro/COBOL,github.com
swh:1:cnt:afd5c9836aca1340b6ab250695922e9a2b0e44d2,afd5c9836aca1340b6ab250695922e9a2b0e44d2,/PAYLIB.CBL,.CBL,1,https://github.com/niharikasw91/che-che4z-lsp-for-cobol,github.com
swh:1:cnt:c04cd46cb1e8bd803af5cc9de4fe56d43cbbfa75,c04cd46cb1e8bd803af5cc9de4fe56d43cbbfa75,/PERFORM1.CBL,.CBL,1,https://github.com/sandeeprgudelli/testcobol2,github.com
swh:1:cnt:6dabefdf17682210f4e9fb3f4a6671847ea0d278,6dabefdf17682210f4e9fb3f4a6671847ea0d278,/hw.cbl,.cbl,1,https://github.com/j-elliot/worldofhellos,github.com
swh:1:cnt:564ec8b55f20cd628b775a35503dbf90ec33f00e,564ec8b55f20cd628b775a35503dbf90ec33f00e,/CCP0001.CBL,.CBL,1,https://github.com/alansferreira/cds-parsers.git,github.com
swh:1:cnt:50075926e311e74fce09121db75198a6753ca8ff,50075926e311e74fce09121db75198a6753ca8ff,/Lab4Part2a.cbl,.cbl,1,https://github.com/allegheny-computer-science-201-f2020/lab04,github.com
swh:1:cnt:d8c297b3333042f3eaa2db49609d56a97417d7b6,d8c297b3333042f3eaa2db49609d56a97417d7b6,/test1.cbl,.cbl,1,https://github.com/wahidaleena/techgrp1,github.com
swh:1:cnt:7ba05d2fb0afad1201f9f6f8e46cadad3bb3a4bd,7ba05d2fb0afad1201f9f6f8e46cadad3bb3a4bd,/COBOL.cbl,.cbl,1,https://github.com/Theoreticism/Theory-of-Programming-Languages,github.com
swh:1:cnt:f191e02d1119b71bc816829b4d870abdac3b7e71,f191e02d1119b71bc816829b4d870abdac3b7e71,/ConditionalStatements.cbl,.cbl,1,https://github.com/Stephasaurus01/Cobol_Programs,github.com
swh:1:cnt:2e5fa8c5d9fb63704b4f773e64c57f86ba34da86,2e5fa8c5d9fb63704b4f773e64c57f86ba34da86,/PROG04 (1).cbl,.cbl,1,https://github.com/sabrinacabrera/Practica_COBOL,github.com
swh:1:cnt:2f0abc74ab2e2e89e1d6ad2c13507e830cf7f16c,2f0abc74ab2e2e89e1d6ad2c13507e830cf7f16c,/datbatch.cbl,.cbl,1,https://github.com/nlopez1-ibm/myapp,github.com
swh:1:cnt:96d4d56139d848146cc51aa589cff27e97d1474a,96d4d56139d848146cc51aa589cff27e97d1474a,/Provacobol01.cbl,.cbl,1,https://bitbucket.org/anaclaudiavolkmann/provacobol01-ana-claudia-volkmann.git,bitbucket.org
swh:1:cnt:0c5c1fae5aab836191b427eac767ed502a34581d,0c5c1fae5aab836191b427eac767ed502a34581d,/Program1.cbl,.cbl,1,https://github.com/amouly/tpcobol,github.com
swh:1:cnt:337e7dce861073109cdfd4ebe66f2d430e7e9101,337e7dce861073109cdfd4ebe66f2d430e7e9101,/SaludoCobol.cbl,.cbl,1,https://github.com/NahuelPruebas/pruebasGit,github.com
swh:1:cnt:f57843b73afc31fcd047ba10281b92f67efd3526,f57843b73afc31fcd047ba10281b92f67efd3526,/vary_size.cbl,.cbl,1,https://github.com/idontknowtoobrother/Cobal.Week8,github.com
swh:1:cnt:911f3af78ec949755b45372af62404b3e16e6a98,911f3af78ec949755b45372af62404b3e16e6a98,/ACESSO.cbl,.cbl,1,https://gitlab.com/vitor.vicente.hbsis/cobol.git,gitlab.com
swh:1:cnt:222dc0e76040d54be0e65c394c30e1c07ca600ec,222dc0e76040d54be0e65c394c30e1c07ca600ec,/star-10-2.cbl,.cbl,1,https://gitlab.com/cobol1/cobol-control-flow.git,gitlab.com
swh:1:cnt:bdf81c421f293bed62935aac7f722a9e46270da1,bdf81c421f293bed62935aac7f722a9e46270da1,/calc.cbl,.cbl,1,https://github.com/Old-Mainframes/COBOLLearning,github.com
swh:1:cnt:b7b57d73a97b35ffc177c8238a288231a2144aa8,b7b57d73a97b35ffc177c8238a288231a2144aa8,/JOBI12.CBL,.CBL,1,https://github.com/pingleware/apac-accounting-code,github.com
swh:1:cnt:261e554c4e32dba7d8e2a8e120f50a9cd5174568,261e554c4e32dba7d8e2a8e120f50a9cd5174568,/DoCalc.cbl,.cbl,1,https://gitlab.com/cobol-learn/cobol-structer-week02.git,gitlab.com
swh:1:cnt:5beaf3345fbacc556d6b2505850f9fccdb0030dd,5beaf3345fbacc556d6b2505850f9fccdb0030dd,/MARBLE10.cbl,.cbl,1,https://github.com/venkatzhub/Marbles,github.com
swh:1:cnt:dfeb7f66f0a06bb07463aeb0b2b12c8086ab1a84,dfeb7f66f0a06bb07463aeb0b2b12c8086ab1a84,/hello_world.cbl,.cbl,1,https://github.com/JIMS-Innovations/COBOL-Programs,github.com
swh:1:cnt:3e146f93ae78bbcf7173a2162ddb3ee2908a2693,3e146f93ae78bbcf7173a2162ddb3ee2908a2693,/Control5.cbl,.cbl,1,https://gitlab.com/testsoft1/lab04_andrio.git,gitlab.com
swh:1:cnt:19180d243963e0cb2d7ad65c89b630301d06a4b4,19180d243963e0cb2d7ad65c89b630301d06a4b4,/BINARY-SWAP.cbl,.cbl,1,https://github.com/qshurick/daily-challenges,github.com
swh:1:cnt:337695054a50f11b61995b13a9727a77f54093d7,337695054a50f11b61995b13a9727a77f54093d7,/trader.cbl,.cbl,1,https://gitlab.com/62160296/cobol-final.git,gitlab.com
swh:1:cnt:de7f505a5fb4347848233a259cc88667a7f086fe,de7f505a5fb4347848233a259cc88667a7f086fe,/second.cbl,.cbl,1,https://github.com/EcklerOChokola/AOC-23,github.com
swh:1:cnt:bdeeec9a693251788d5e119966d6e67b7edcfc6a,bdeeec9a693251788d5e119966d6e67b7edcfc6a,/Z95644.CBL(FNLPRGMN).cbl,.cbl,1,https://github.com/mmtemel/akbank_cobol_bootcamp_final_case,github.com
swh:1:cnt:9b7306b642fae73c112e01fa76421042cce4ac60,9b7306b642fae73c112e01fa76421042cce4ac60,/A1-ContactList.cbl,.cbl,1,https://github.com/Gaelen-Bottega/CobolContactList,github.com
swh:1:cnt:89d369f6526486bdba8de7661bf89929a803588d,89d369f6526486bdba8de7661bf89929a803588d,/test2.cbl,.cbl,1,https://bitbucket.org/ferranp/cobutils,bitbucket.org
swh:1:cnt:a8b74db445d037594e168ee8604d3f78970ecd77,a8b74db445d037594e168ee8604d3f78970ecd77,/TPROG08.cbl,.cbl,1,https://github.com/robertdavis789/GitTest,github.com
swh:1:cnt:2cc4e7fa2b1e0646612afa9bab90d4a4462243fb,2cc4e7fa2b1e0646612afa9bab90d4a4462243fb,/2cc4e7fa2b1e0646612afa9bab90d4a4462243fb.cobol.cbl,.cbl,1,https://github.com/smola/language-dataset,github.com
swh:1:cnt:6ce4df39f6500e3636688da8b8c7d7d3c8933c08,6ce4df39f6500e3636688da8b8c7d7d3c8933c08,/radioExercise.cbl,.cbl,1,https://github.com/NSKmiyajima/NSK_Pepper_RadioExecise,github.com
swh:1:cnt:7bf8c6db83d990bef5500235ffa07d646d68ce58,7bf8c6db83d990bef5500235ffa07d646d68ce58,/OddOrEven.cbl,.cbl,1,https://github.com/NirmalKrishnan1997/Cerner-2020-2-5,github.com
swh:1:cnt:72f6038e57c2be2b9d434267a636b2df932b0796,72f6038e57c2be2b9d434267a636b2df932b0796,/READ5L.CBL,.CBL,1,https://gitlab.com/cobol2023/readfile.git,gitlab.com
swh:1:cnt:ada82a806f99f05c9702df12dcc090e5e9f4ad38,ada82a806f99f05c9702df12dcc090e5e9f4ad38,/BATJSON.CBL,.CBL,1,https://github.com/raminaAva/AZ-Legacy-Engineering,github.com
swh:1:cnt:6f3a5f9a6a407a2d4219dec0b0f4bf9bd265c458,6f3a5f9a6a407a2d4219dec0b0f4bf9bd265c458,/eqSegGrau.cbl,.cbl,1,https://github.com/Old-Mainframes/cobol_study,github.com
swh:1:cnt:dff6eec65e3964542b22467466aa379883a0a4c3,dff6eec65e3964542b22467466aa379883a0a4c3,/HolaMundo.cbl,.cbl,1,https://github.com/jdFerreiro/CobolPractice,github.com
swh:1:cnt:5904af71e40385b0414a27bdacc68be5fc79a912,5904af71e40385b0414a27bdacc68be5fc79a912,/Phnprt01.cbl,.cbl,1,https://github.com/Clayton-Toste/CobolExamples,github.com
swh:1:cnt:011945de5b97cccd7eada0f484af614c908b1d70,011945de5b97cccd7eada0f484af614c908b1d70,/test.cbl,.cbl,1,https://gitlab.com/62160266/final-cobol.git,gitlab.com
swh:1:cnt:82a216c54706a9a1d9c135807879fed6bce8e8b9,82a216c54706a9a1d9c135807879fed6bce8e8b9,/1ln2hded.cbl,.cbl,1,https://github.com/kira0x1/Character-Action-Framework,github.com
swh:1:cnt:00ad5635872b6dc76533fbfbb82b2fc1e2331a8e,00ad5635872b6dc76533fbfbb82b2fc1e2331a8e,/Control6.cbl,.cbl,1,https://gitlab.com/62160139/cobol_bmi.git,gitlab.com
swh:1:cnt:ff7c12f6ff5dc2a68b06da5087ccee797ec62861,ff7c12f6ff5dc2a68b06da5087ccee797ec62861,/main.cbl,.cbl,1,https://github.com/szymanel100/cobol-training,github.com
swh:1:cnt:fe448bca15001cc7f1b1634b95bd0030ae5e521e,fe448bca15001cc7f1b1634b95bd0030ae5e521e,/snake.cbl,.cbl,1,https://github.com/eugeniodilo/snek,github.com
swh:1:cnt:50b5961e06203536d23a04a22653158fae1861a1,50b5961e06203536d23a04a22653158fae1861a1,/helloworld.cbl,.cbl,1,https://github.com/Duas0/COBOL,github.com
swh:1:cnt:ffbbce6a14cd9e10f0cdffb29482553565bc9def,ffbbce6a14cd9e10f0cdffb29482553565bc9def,/Program1.cbl,.cbl,1,https://github.com/cvelezpena/VisualCobolCodeExamples,github.com
swh:1:cnt:0a99f99182193b16aeaa5ca2d40c5245a38b4194,0a99f99182193b16aeaa5ca2d40c5245a38b4194,/SetToStatement.cbl,.cbl,1,https://github.com/proleap/proleap-cobol,github.com
swh:1:cnt:b7ed55fd0c7fe2579ba2d42cb9d1d437e16d6590,b7ed55fd0c7fe2579ba2d42cb9d1d437e16d6590,/triangle-2.cbl,.cbl,1,https://gitlab.com/cobol9/cobol-lab5.git,gitlab.com
swh:1:cnt:39cd82bd7c3560c4b36dd1d15d887c53d7ca81b9,39cd82bd7c3560c4b36dd1d15d887c53d7ca81b9,/Assignment-1.cbl,.cbl,1,https://github.com/whitphoto/CIS-112-Assignment-1,github.com
swh:1:cnt:a7e444eb0f2aa5a2d7d9cbc8602b4ad7a4e3c9a6,a7e444eb0f2aa5a2d7d9cbc8602b4ad7a4e3c9a6,/cobol.cbl,.cbl,1,https://github.com/Issactoto/mf-cheatsheet,github.com
swh:1:cnt:493de0f7129c76165de9d4e934f146d0dadbd706,493de0f7129c76165de9d4e934f146d0dadbd706,/tempCodeRunnerFile.cbl,.cbl,1,https://gitlab.com/62160059/mygrade.git,gitlab.com
swh:1:cnt:bb521402ad7d87d4457912e9fd1b753944e3723f,bb521402ad7d87d4457912e9fd1b753944e3723f,/Ecoli_MA.cbl,.cbl,1,https://github.com/Bioinformatics-tools-collection/OMTools,github.com
swh:1:cnt:683b5cbf5fe9b8c2bce2e190d7651b59338542e8,683b5cbf5fe9b8c2bce2e190d7651b59338542e8,/FizzBuzz.cbl,.cbl,1,https://github.com/Sahitsy/CSharp-001,github.com
swh:1:cnt:b22d1ee044f354719bffc1ee367e35b11e47b3ff,b22d1ee044f354719bffc1ee367e35b11e47b3ff,/sbanjara_Program4.cbl,.cbl,1,https://github.com/sbanjara/cobol-FinalProject,github.com
swh:1:cnt:18b7417d221fe306a5b4f58f7c708ccf70813e92,18b7417d221fe306a5b4f58f7c708ccf70813e92,/Exercicio 3 lista 5.cbl,.cbl,1,https://bitbucket.org/gabrielleopoldoborchardt/exercicios_cobol.git,bitbucket.org
swh:1:cnt:0af28b925c2a52f536f81e592491d8d8b3e1844d,0af28b925c2a52f536f81e592491d8d8b3e1844d,/CobolGreeting.cbl,.cbl,1,https://gitlab.com/cobol13/cobol-structure.git,gitlab.com
swh:1:cnt:8347f1cd65594d2b8100f1b3f6e5c7d0b2b7f93a,8347f1cd65594d2b8100f1b3f6e5c7d0b2b7f93a,/main.cbl,.cbl,1,https://pkg.go.dev/github.com/cyan-wolf/advent_of_code_2024_solutions,pkg.go.dev
swh:1:cnt:909b3a32d4fec23653f013e3c0169777959a0423,909b3a32d4fec23653f013e3c0169777959a0423,/custmgt.cbl,.cbl,1,https://github.com/okorach/sonarqube-training-examples,github.com
swh:1:cnt:d6c88fad66de2891438132c98b5980458fcd6559,d6c88fad66de2891438132c98b5980458fcd6559,/PlusTwoNumber.cbl,.cbl,1,https://gitlab.com/test_group158/finishplustwo.git,gitlab.com
swh:1:cnt:a46912fb235eecb3ff771772680973e38a01b945,a46912fb235eecb3ff771772680973e38a01b945,/COUSR02S.cbl,.cbl,1,https://github.com/openlegacy/mainframe-modernization-carddemo,github.com
swh:1:cnt:1c3930fc92e95760ee4fd3169f79c000c74bc913,1c3930fc92e95760ee4fd3169f79c000c74bc913,/PRIME.cbl,.cbl,1,https://github.com/VINAY1445/cobol-programs,github.com
swh:1:cnt:5c97ff5813271577c9cad04fcee99eb6aa44ae54,5c97ff5813271577c9cad04fcee99eb6aa44ae54,/arrays.cbl,.cbl,1,https://github.com/toni1991/masterthesis,github.com
swh:1:cnt:7afa2761430cc6a596bacdcb46f1bc64e9485fa5,7afa2761430cc6a596bacdcb46f1bc64e9485fa5,/PRODALT.cbl,.cbl,1,https://github.com/egbulsoni/Cobol,github.com
swh:1:cnt:dd182cbf803f37a10a80af3cf68fe4478498b967,dd182cbf803f37a10a80af3cf68fe4478498b967,/rutinas1.cbl,.cbl,1,https://github.com/jdochoa1/CursoCobol,github.com
swh:1:cnt:c85c80eb2bc2c8f04d20138d569117de751383ba,c85c80eb2bc2c8f04d20138d569117de751383ba,/CL15EJ01.v.1.1.cbl,.cbl,1,https://github.com/gabrod2021/COBOL-Apareo-de-archivos-2,github.com
swh:1:cnt:9a6a7ef70054451a303f700a46165e4c8b0449d8,9a6a7ef70054451a303f700a46165e4c8b0449d8,/tempCodeRunnerFile.cbl,.cbl,1,https://gitlab.com/62160007/cobol_week_8.git,gitlab.com
swh:1:cnt:01c115e2dc84468e972bc458e383da050d80dfb4,01c115e2dc84468e972bc458e383da050d80dfb4,/SALE_REPORT.CBL,.CBL,1,https://gitlab.com/cobol1162927/report-file-with-edited-picture.git,gitlab.com
swh:1:cnt:3fffefe52d5b3913974c9167f5626d1485b86461,3fffefe52d5b3913974c9167f5626d1485b86461,/petstore.cbl,.cbl,1,https://github.com/brunopacheco1/cobol-hello-world,github.com
swh:1:cnt:c4b50d5a1fbe46c30ca84085d3096d14b2b083d3,c4b50d5a1fbe46c30ca84085d3096d14b2b083d3,/NETCALC.cbl,.cbl,1,https://github.com/chan3111/COBOL-Project-4,github.com
swh:1:cnt:04db07df088b136f11f64d356c2ef3abfa1042b9,04db07df088b136f11f64d356c2ef3abfa1042b9,/calc-expenses.cbl,.cbl,1,https://github.com/isobelscott/business_expenses,github.com
swh:1:cnt:06de221733c92bb281cf5ba5355b115a4096938c,06de221733c92bb281cf5ba5355b115a4096938c,/datetime.cbl,.cbl,1,https://github.com/BernardTatin/the-strange-date-time-files,github.com
swh:1:cnt:53f17f710d41d7ad4048ae5b536c1e8a7caa768c,53f17f710d41d7ad4048ae5b536c1e8a7caa768c,/BossioCodingAsst.cbl,.cbl,1,https://github.com/LuciusBossio/COBOL,github.com
swh:1:cnt:0eb54924286bef5f70f100b0f66987c4ba1ef750,0eb54924286bef5f70f100b0f66987c4ba1ef750,/05-Calculadora.cbl,.cbl,1,https://github.com/MyllaKorres/exercicios_COBOL,github.com
swh:1:cnt:5b9476ea6e81633702f1580253b3af4c58bb4b43,5b9476ea6e81633702f1580253b3af4c58bb4b43,/Program4.cbl,.cbl,1,https://github.com/CoreSoft2/COBOL-SALESPROGRAM,github.com
swh:1:cnt:b05e5a2e285212dc500bf63029d803d4ef71ced8,b05e5a2e285212dc500bf63029d803d4ef71ced8,/ox.cbl,.cbl,1,https://gitlab.com/62160132/tabular-data.git,gitlab.com
swh:1:cnt:9d33dec4e8281e517aaa35df96d9d27a34ecf58a,9d33dec4e8281e517aaa35df96d9d27a34ecf58a,/a3.cbl,.cbl,1,https://github.com/ErikZornWallentin/University,github.com
swh:1:cnt:1677bdced9df18c35746fd074d4cbc067c545e43,1677bdced9df18c35746fd074d4cbc067c545e43,/plus5numbers.cbl,.cbl,1,https://github.com/Nanyte25/COBOL-on-openshift,github.com
swh:1:cnt:78c18948ba78dcb608f88040227f767038a508a2,78c18948ba78dcb608f88040227f767038a508a2,/VALEMAIL.cbl,.cbl,1,https://github.com/geronMota/Validacao-de-email-em-COBOL,github.com
swh:1:cnt:668198fa461bed818ca3552e30103e586ffac21c,668198fa461bed818ca3552e30103e586ffac21c,/SimpleCalculator.cbl,.cbl,1,https://github.com/mmorster/cobol-code-example,github.com
swh:1:cnt:3126c3cc1f465ac2c7925cd48d140a44c625eb7e,3126c3cc1f465ac2c7925cd48d140a44c625eb7e,/JIM.CBL,.CBL,1,https://github.com/nickmchardy/game-maker-games,github.com
swh:1:cnt:8230cc5d30893b0324321e966b69736594ae7a9b,8230cc5d30893b0324321e966b69736594ae7a9b,/HELLOWORLD.cbl,.cbl,1,https://github.com/jeflarremore/COBOLHelloWorld,github.com
swh:1:cnt:041e08a3df6700ec49fb9082dac28c7bee0eaf5e,041e08a3df6700ec49fb9082dac28c7bee0eaf5e,/002-tablasMultiplicar.cbl,.cbl,1,https://github.com/femaffi13/Cobol,github.com
swh:1:cnt:fd98f24bea242457f620b82fc9b578313b1a3a3b,fd98f24bea242457f620b82fc9b578313b1a3a3b,/CREATE-BANK-ACCOUNT.cbl,.cbl,1,https://github.com/wingemo/cobol-projects,github.com
swh:1:cnt:44ac89ca9ef04bd438c7d268e4874fda98d1c564,44ac89ca9ef04bd438c7d268e4874fda98d1c564,/TRADER9.cbl,.cbl,1,https://gitlab.com/cobol-programming/cobol-fianl.git,gitlab.com
swh:1:cnt:745229badc227f8731481f81d8f29b0891a036c9,745229badc227f8731481f81d8f29b0891a036c9,/caesarCipher.cbl,.cbl,1,https://github.com/dabc312GitHub/Theory-of-Programming-Languages,github.com
swh:1:cnt:55a9b7fb477f29b5d6876700d6ebe62ced34e615,55a9b7fb477f29b5d6876700d6ebe62ced34e615,/hopper.cbl,.cbl,1,https://github.com/krzkaczor/node-cobol,github.com
swh:1:cnt:54e35974636ad1e9137590a7380c7635fe88b3a1,54e35974636ad1e9137590a7380c7635fe88b3a1,/Program1.cbl,.cbl,1,https://github.com/Kaifv/SalaryReport,github.com
swh:1:cnt:f1d1169e724c515499c96158f8329d732eceb8ed,f1d1169e724c515499c96158f8329d732eceb8ed,/Grade.cbl,.cbl,1,https://gitlab.com/cobol_62160055/grade-calculater.git,gitlab.com
swh:1:cnt:5a016ae25680b86ae9637b4698614ac4ea18c9b9,5a016ae25680b86ae9637b4698614ac4ea18c9b9,/operacoes.cbl,.cbl,1,https://github.com/ralphrabelo/estrategia,github.com
swh:1:cnt:13c9e08b91ecc29f8f025842123a04feaed2bb99,13c9e08b91ecc29f8f025842123a04feaed2bb99,/calculadora3.cbl,.cbl,1,https://github.com/mikeed1998/PracticasCOBOL,github.com
swh:1:cnt:81ed52f08929c88815a8cf5bb2ef2c3e3056bfc3,81ed52f08929c88815a8cf5bb2ef2c3e3056bfc3,/HELLO.CBL,.CBL,1,https://github.com/jt-nti/humbug2023,github.com
swh:1:cnt:a97484875d22cf98751d878cb4b788d2a1a9816b,a97484875d22cf98751d878cb4b788d2a1a9816b,/HelloWorld.cbl,.cbl,1,https://forge.univ-lyon1.fr/cheat-sheet-shit/css-hello-world.git,forge.univ-lyon1.fr
swh:1:cnt:bfcbb80bf601af70d74ffa24fdb1b8bb58c5fa8e,bfcbb80bf601af70d74ffa24fdb1b8bb58c5fa8e,/gpar.cbl,.cbl,1,https://github.com/ian-ross/standalone-ecbilt,github.com
swh:1:cnt:d2b455c796b4bca7763bd482c4e0ef56b319ebb9,d2b455c796b4bca7763bd482c4e0ef56b319ebb9,/CM201M.CBL,.CBL,1,https://www.npmjs.com/package/@dxworks/insider,www.npmjs.com
swh:1:cnt:bae6d26c0fbe41ba6e9de5fce8119852340f0372,bae6d26c0fbe41ba6e9de5fce8119852340f0372,/DateTst.cbl,.cbl,1,https://pkg.go.dev/github.com/bmTas/JRecord,pkg.go.dev
swh:1:cnt:31d74b6bd3e6b6e11574a063f44385c2cc49b8ad,31d74b6bd3e6b6e11574a063f44385c2cc49b8ad,/TestGetMatches.cbl,.cbl,1,https://github.com/scotnielsen/AirportDemo,github.com
swh:1:cnt:87a1ccd6958f11f3903936527294474aaf126093,87a1ccd6958f11f3903936527294474aaf126093,/demo_report.cbl,.cbl,1,https://github.com/rlabercrombie/mainframe-test-demo,github.com
swh:1:cnt:eef59988fc0d818d2d4fa662cf3c04289dae61b5,eef59988fc0d818d2d4fa662cf3c04289dae61b5,/CBSRGDBB.cbl,.cbl,1,https://github.com/DhineshPalanisamy/FintechAPP,github.com
swh:1:cnt:a6798cab1bbd1e6a3286d0e252fbec04cc2d7acc,a6798cab1bbd1e6a3286d0e252fbec04cc2d7acc,/dfuwfuhfuhfui.cbl,.cbl,1,https://github.com/aaronofiam/codefrags,github.com
swh:1:cnt:4c12132fc6a899812db980d4b987d31b96506c3e,4c12132fc6a899812db980d4b987d31b96506c3e,/COBLSC05.cbl,.cbl,1,https://github.com/lChap701/COBOL,github.com
swh:1:cnt:9662cef419db400ed4f5e6721d4902420433034d,9662cef419db400ed4f5e6721d4902420433034d,/display_timing.cbl,.cbl,1,https://github.com/OctoGui/COBOL-Examples,github.com
swh:1:cnt:bd8716ee9c68804b3101714f9f6635c050079ba0,bd8716ee9c68804b3101714f9f6635c050079ba0,/TEMPERATURA HISTÓRICA INDEXADA.cbl,.cbl,1,https://bitbucket.org/lucas26102005___/projeto-temperaturas-indexado.git,bitbucket.org
swh:1:cnt:d8b4dfc5cc092473bc3f3bcf6b3c121172780abb,d8b4dfc5cc092473bc3f3bcf6b3c121172780abb,/lol-qwop.cbl,.cbl,1,https://github.com/rgbkrk/lol-qwop,github.com
swh:1:cnt:5395f90774452617edbb955b6bcfe87f89325b48,5395f90774452617edbb955b6bcfe87f89325b48,/GEN-SEC.cbl,.cbl,1,https://github.com/vnz5k/COBOL-YOUTUBE,github.com
swh:1:cnt:127e4878ef1920a8a29291378679ac4abf66450e,127e4878ef1920a8a29291378679ac4abf66450e,/write-score1.cbl,.cbl,1,https://gitlab.com/62160132/file_operation.git,gitlab.com
swh:1:cnt:a931f666596b352590a140ce32e425df9c6202c1,a931f666596b352590a140ce32e425df9c6202c1,/CONBOLER.cbl,.cbl,1,https://github.com/rajeshchoudhary11/CoinBoller,github.com
swh:1:cnt:c0a5ded8b4a7cc6e28e15c2b1d3b6677ce45667d,c0a5ded8b4a7cc6e28e15c2b1d3b6677ce45667d,/averagecalculator.cbl,.cbl,1,https://github.com/diegoRrocha221/SimpleAvrCalculatorSchool,github.com
swh:1:cnt:e4e76646ba08ef023208b3137d3f2103bb7b76fa,e4e76646ba08ef023208b3137d3f2103bb7b76fa,/lista16exercicio2v2.cbl,.cbl,1,https://github.com/deborareinert/jogoEstados,github.com
swh:1:cnt:bb2c3a879fe991be045cea7e7f250adfab73af52,bb2c3a879fe991be045cea7e7f250adfab73af52,/CADTIPO.cbl,.cbl,1,https://github.com/BlueReptile/COBOL,github.com
swh:1:cnt:c14f5fb97010831156401747d3488f601a4a7096,c14f5fb97010831156401747d3488f601a4a7096,/Stack.cbl,.cbl,1,https://github.com/mikebharris/COBOL-Stack,github.com
swh:1:cnt:ee3f626c0eb0a5604aa0ac7877954e03b11ee250,ee3f626c0eb0a5604aa0ac7877954e03b11ee250,/EMPLOYEE DATABASE.cbl,.cbl,1,https://github.com/LiamNelson9696/EmployeeDatabase,github.com
swh:1:cnt:bbdd24db25900dae869ff11e03907da4e35c769b,bbdd24db25900dae869ff11e03907da4e35c769b,/Default.aspx.designer.cbl,.cbl,1,https://github.com/wandersoul/Midterm,github.com
swh:1:cnt:cedd70be3c44a9d07d38627b5816bdb549b17d26,cedd70be3c44a9d07d38627b5816bdb549b17d26,/JM.CBL,.CBL,1,http://ltp2cobol.googlecode.com/svn/,ltp2cobol.googlecode.com
swh:1:cnt:2ad5cf5d162fcf93fb7cd81361e82c27d34982bc,2ad5cf5d162fcf93fb7cd81361e82c27d34982bc,/ingramDanielAsst2.cbl,.cbl,1,https://github.com/DPreacher/schoolAssignments,github.com
swh:1:cnt:586c4882c38c320f45b46cdace353ae11a8ac7e7,586c4882c38c320f45b46cdace353ae11a8ac7e7,/app3.cbl,.cbl,1,https://github.com/EmmasBox/EmmasCobolPractice,github.com
swh:1:cnt:4a664ae08d4f1c47648b0c8d323a63616b2d84cb,4a664ae08d4f1c47648b0c8d323a63616b2d84cb,/principal.cbl,.cbl,1,https://bitbucket.org/gustavoreiter/desafio-cadastro-mae-bebe-gustavo.git,bitbucket.org
swh:1:cnt:34a58d6a9227d589e9149fa1ce0558b472f75ae3,34a58d6a9227d589e9149fa1ce0558b472f75ae3,/customer_record.cbl,.cbl,1,https://github.com/royopa/python-cobol,github.com
swh:1:cnt:37a01ed77e39bb10a9aa57a94f6437b88d76cd0f,37a01ed77e39bb10a9aa57a94f6437b88d76cd0f,/sortandusing.cbl,.cbl,1,https://github.com/tapple/sortandusing,github.com
swh:1:cnt:d02ef3bb9df1b57a06de74fc11a22222687facb4,d02ef3bb9df1b57a06de74fc11a22222687facb4,/db_udcs.cbl,.cbl,1,https://github.com/alandohf/poonzref,github.com
swh:1:cnt:86ca1f3b878839f47f44c6736fca35a184f5ae9b,86ca1f3b878839f47f44c6736fca35a184f5ae9b,/PERFORM-RUTINAS.cbl,.cbl,1,https://github.com/LauBena/PRACTICAS-COBOL,github.com
swh:1:cnt:8f681c483d5b5149a3759c383bd32ad6be3f707d,8f681c483d5b5149a3759c383bd32ad6be3f707d,/ACPPRTPRMS.cbl,.cbl,1,https://github.com/hubpk/QATEST02_Program_List,github.com
swh:1:cnt:592d3e46df0142d7c191419b7b9a35b71e50678b,592d3e46df0142d7c191419b7b9a35b71e50678b,/avg-cs-grade.cbl,.cbl,1,https://gitlab.com/62160139/mygrade.git,gitlab.com
swh:1:cnt:a1040b92302ec4d699b20074169c28a9583c0cf9,a1040b92302ec4d699b20074169c28a9583c0cf9,/calculate.cbl,.cbl,1,https://github.com/nicklausw/comparse,github.com
swh:1:cnt:06a35006bf83e74293961b189d3843bf0750e61d,06a35006bf83e74293961b189d3843bf0750e61d,/IMSCBLJB.cbl,.cbl,1,https://github.com/yvestolod/imsjavasamp,github.com
swh:1:cnt:b87a56172ffc5a48382e1d75a9c9690cf160c2ff,b87a56172ffc5a48382e1d75a9c9690cf160c2ff,/cobpg.cbl,.cbl,1,https://github.com/schillingbtk/COBOL-Postgres-Template,github.com
swh:1:cnt:e0996495b5cb9ec0dc8e4ebdf38ffbc2ce1859e7,e0996495b5cb9ec0dc8e4ebdf38ffbc2ce1859e7,/READ5.CBL,.CBL,1,https://gitlab.com/cobol1162927/lab05-read-file.git,gitlab.com
swh:1:cnt:3f504a3a1e96a8cff21705297741b65a71776b57,3f504a3a1e96a8cff21705297741b65a71776b57,/CALC_EVAL.cbl,.cbl,1,https://github.com/cristoph143/Calculator-Complilation,github.com
swh:1:cnt:4d1d575b997b58c19738b80910f8889d17c7eeae,4d1d575b997b58c19738b80910f8889d17c7eeae,/Program2.cbl,.cbl,1,https://github.com/alto4/CobolFinalProject,github.com
swh:1:cnt:a828e330356efa08b2261a34f0fc4003314052c7,a828e330356efa08b2261a34f0fc4003314052c7,/HelloWorld.cbl,.cbl,1,https://gitlab.com/621600661/cobolweek1.git,gitlab.com
swh:1:cnt:b278bd2bfc1591ad1323a42a386744643da37759,b278bd2bfc1591ad1323a42a386744643da37759,/DECODE04.cbl,.cbl,1,https://github.com/R2-2021/SUB,github.com
swh:1:cnt:ecb9d31291215c97deb2c2233c1ed5a96e3cc50c,ecb9d31291215c97deb2c2233c1ed5a96e3cc50c,/MyGrade.cbl,.cbl,1,https://gitlab.com/Bunny0/mygrade.git,gitlab.com
swh:1:cnt:a8a0a8d0a162f954745d0b1f84fe382037e2e652,a8a0a8d0a162f954745d0b1f84fe382037e2e652,/amfbprint-rev-prod.cbl,.cbl,1,https://github.com/Alopomo/Admarc-Test,github.com
swh:1:cnt:5fa2d7b923229aa6cb0bdf77d7a7b0814bb713ab,5fa2d7b923229aa6cb0bdf77d7a7b0814bb713ab,/MARBLE07.cbl,.cbl,1,https://github.com/kwonys93/che4z-demo1,github.com
swh:1:cnt:6950b16cfe223c5052d4b240821270fb4367212b,6950b16cfe223c5052d4b240821270fb4367212b,/MAC200.CBL,.CBL,1,https://github.com/mccabet/Living_M100SIG,github.com
swh:1:cnt:60194f119510d65d97123b80c3bbad1769d72c01,60194f119510d65d97123b80c3bbad1769d72c01,/G3-CAP1-MONTH-END.cbl,.cbl,1,https://github.com/jnicholson/ITP-Advanced-COBOL-FINAL,github.com
swh:1:cnt:2a3563fb3ae39572e9fb1c9f56c55df5e53e4677,2a3563fb3ae39572e9fb1c9f56c55df5e53e4677,/ALUNO-PEGA.cbl,.cbl,1,https://github.com/flaviodev/lista-alunos,github.com
swh:1:cnt:6bd041eddf0b833f22802c7a62336d4a6baa0c6a,6bd041eddf0b833f22802c7a62336d4a6baa0c6a,/OccursDependingOn22.cbl,.cbl,1,https://github.com/svn2github/jrecord,github.com
swh:1:cnt:aa52c1190e7c7eb00042bdaa2eb0e08666163355,aa52c1190e7c7eb00042bdaa2eb0e08666163355,/day1.cbl,.cbl,1,https://github.com/popalex/AoC2023,github.com
swh:1:cnt:dd4ea6ef116eb84a131ba66bf4616fc3f44422ce,dd4ea6ef116eb84a131ba66bf4616fc3f44422ce,/hello-world.cbl,.cbl,1,https://github.com/AngelsProjects/hello-world,github.com
swh:1:cnt:b5b25c00c5b29ca0102434945a60a4bf98d068b1,b5b25c00c5b29ca0102434945a60a4bf98d068b1,/MyGrade.cbl,.cbl,1,https://gitlab.com/62160273_cobol/mygrade.git,gitlab.com
swh:1:cnt:eb43b77d3ec5b1824ac59788ec1ed58417216965,eb43b77d3ec5b1824ac59788ec1ed58417216965,/helloworld.cbl,.cbl,1,https://github.com/willisman31/Cobol-Play,github.com
swh:1:cnt:9f75a6cdf9f0a8b71f60af5f75cad4223ba6310b,9f75a6cdf9f0a8b71f60af5f75cad4223ba6310b,/Alumnos_1.cbl,.cbl,1,https://github.com/waltercabezas/P_ALUMNADO,github.com
swh:1:cnt:e263b39283a51951c707c6ed494209c760ada362,e263b39283a51951c707c6ed494209c760ada362,/lista11exercicio3adaptado.cbl,.cbl,1,https://github.com/jennyferaraujo/lista11exercicio3adaptado,github.com
swh:1:cnt:fe7d3bba55244134f0c1f1a93688b65b0a2bb0ce,fe7d3bba55244134f0c1f1a93688b65b0a2bb0ce,/quiz.cbl,.cbl,1,https://github.com/adamroy12/COBOL-ice-cream-quiz,github.com
swh:1:cnt:b1da3e68453e8e5dcba31eb3fff8da412ae0c6ab,b1da3e68453e8e5dcba31eb3fff8da412ae0c6ab,/TODYNAM6.cbl,.cbl,1,https://github.com/Dinosaur-Parkour/To-DYNAM-or-Not-to-DYNAM,github.com
swh:1:cnt:e68bf3e27cf5a0a5bba47812a621a4a927b9828c,e68bf3e27cf5a0a5bba47812a621a4a927b9828c,/read5.cbl,.cbl,1,https://gitlab.com/cobol_217/lab06.git,gitlab.com
swh:1:cnt:ca9086fb31e436bca22f55fdad02340f8fb6b854,ca9086fb31e436bca22f55fdad02340f8fb6b854,/Seqread.cbl,.cbl,1,https://github.com/JmAngeles/Cobol,github.com
swh:1:cnt:d9c3ac7b5defcdfb8be0b7101f1ccc6b8d1224dd,d9c3ac7b5defcdfb8be0b7101f1ccc6b8d1224dd,/BVZZ1.cbl,.cbl,1,https://github.com/huutriGh/CoreProgram,github.com
swh:1:cnt:d63a269d655d09158cf8568bddb5ceff2e2365e9,d63a269d655d09158cf8568bddb5ceff2e2365e9,/envelopes.cbl,.cbl,1,https://github.com/dfings/two-envelopes-problem,github.com
swh:1:cnt:0fd592d83a2cd52b941b1bc9deeb2580ea3e66c0,0fd592d83a2cd52b941b1bc9deeb2580ea3e66c0,/hello.cbl,.cbl,1,https://github.com/wahidaleena/cbl,github.com
swh:1:cnt:f1fa77f2110caba689bfbda67b22341bf4b46243,f1fa77f2110caba689bfbda67b22341bf4b46243,/NestedIFExample.cbl,.cbl,1,https://github.com/Naspirated/Basic-Cobol,github.com
swh:1:cnt:d299ff58ac9b26825ad1a8f83f9c06ed1cb72a4b,d299ff58ac9b26825ad1a8f83f9c06ed1cb72a4b,/Z95619.CBL(PBEGIDX).cbl,.cbl,1,https://github.com/happyknighttk/akbank_cobol_bootcamp_finalcase_taslak,github.com
swh:1:cnt:0751f2d6a442b3177638ed4df00b8823f7ab9266,0751f2d6a442b3177638ed4df00b8823f7ab9266,/Data3.cbl,.cbl,1,https://gitlab.com/Romrawin/week3-data-procedure.git,gitlab.com
swh:1:cnt:d467dfebba09bed016d321a6b968747feb2c22c0,d467dfebba09bed016d321a6b968747feb2c22c0,/fibbonaci.cbl,.cbl,1,https://github.com/meant-ion/COBOLFibonacci,github.com
swh:1:cnt:90ba5251933e4de911cf9904c33dcaf794a487f2,90ba5251933e4de911cf9904c33dcaf794a487f2,/PROG0010.cbl,.cbl,1,https://github.com/ChrisAbarza/inicio-cobol,github.com
swh:1:cnt:aee68410b64ff855455a066bd45de1260bbc4764,aee68410b64ff855455a066bd45de1260bbc4764,/File_Handling.cbl,.cbl,1,https://github.com/AgustinUno/COBOL-Practice-,github.com
swh:1:cnt:3092a3a8cd8cd6e238dc78978c3508700bde77b1,3092a3a8cd8cd6e238dc78978c3508700bde77b1,/TFinal_808_JoaoLeigo.cbl,.cbl,1,https://github.com/joaoricard0/COBOLFinalProject,github.com
swh:1:cnt:c1847d8664b20d42bd939603d54320e3dd9d8f06,c1847d8664b20d42bd939603d54320e3dd9d8f06,/mult.cbl,.cbl,1,https://github.com/plicease/C-Blocks,github.com
swh:1:cnt:bab02b8a5c5f275599d34c0e1652943d7aa62979,bab02b8a5c5f275599d34c0e1652943d7aa62979,/DEL-INDR.cbl,.cbl,1,https://github.com/carlosalbRA/practicasCobol85,github.com
swh:1:cnt:1ffa68eace4421b7a2e19a880a09eb752404c720,1ffa68eace4421b7a2e19a880a09eb752404c720,/test.cbl,.cbl,1,https://github.com/OmarFarrah/Cobol2XML,github.com
swh:1:cnt:c44761f7e8031992eef2ef3653b034d0c60a5ee8,c44761f7e8031992eef2ef3653b034d0c60a5ee8,/CONDICIONES.cbl,.cbl,1,https://github.com/neomatrixcode/curso-COBOL,github.com
swh:1:cnt:8ccdf36303878b8bb2c5b09c4e6ea346bda251d7,8ccdf36303878b8bb2c5b09c4e6ea346bda251d7,/honda_62.cbl,.cbl,1,https://github.com/OsamaAhAziz/PinCheckNB,github.com
swh:1:cnt:c9764fdf0d43b085b3c4c5a8a2407d1e2a52604d,c9764fdf0d43b085b3c4c5a8a2407d1e2a52604d,/conversortemp.cbl,.cbl,1,https://github.com/gabsbarbosam/conversorTemperatura,github.com
swh:1:cnt:3ce54b44bfcad79e43f99e4a993c1ab09d0641ee,3ce54b44bfcad79e43f99e4a993c1ab09d0641ee,/KFTSCP3.cbl,.cbl,1,https://bitbucket.org/ajk/cash,bitbucket.org
swh:1:cnt:336ca5086d7142e0a4ee026b673fc73a87c098da,336ca5086d7142e0a4ee026b673fc73a87c098da,/CONTROL_B3.cbl,.cbl,1,https://gitlab.com/cobal-ibm/control-break.git,gitlab.com
swh:1:cnt:12af2eb17620c7523c769c93e666bf2485c6c18a,12af2eb17620c7523c769c93e666bf2485c6c18a,/menu.cbl,.cbl,1,https://github.com/blankoworld/cobol_project_template,github.com
swh:1:cnt:6bef337b5db6acbd0eeb8209b05a738c1dcc478c,6bef337b5db6acbd0eeb8209b05a738c1dcc478c,/test.cbl,.cbl,1,https://github.com/amishra26/testzPDT,github.com
swh:1:cnt:cc549556aa642bfbd16815fa85e59e9baad67f18,cc549556aa642bfbd16815fa85e59e9baad67f18,/p4.cbl,.cbl,1,https://github.com/ARSLAN7861/Project-Euler-Cobol,github.com
swh:1:cnt:1c889f15274a85705e729289d770f89f7fb3815e,1c889f15274a85705e729289d770f89f7fb3815e,/github-cicsplex-name-detector-source.cbl,.cbl,1,https://github.com/cicsdev/cpsm-cicsplex-name-detector,github.com
swh:1:cnt:f74a9c075da502d4f8802757ad3f7fda250e769e,f74a9c075da502d4f8802757ad3f7fda250e769e,/desafiopizza.cbl,.cbl,1,https://github.com/weberjunior001/Desafio-da-pizza,github.com
swh:1:cnt:2382006a0e0d7753182671e28fe0c93d47a5a19c,2382006a0e0d7753182671e28fe0c93d47a5a19c,/tests.cbl,.cbl,1,https://github.com/ThePrimeagen/ts-rust-zig-deez,github.com
swh:1:cnt:5d0a7a63dd8466e281d00de02a7656cc122ee9dc,5d0a7a63dd8466e281d00de02a7656cc122ee9dc,/edit1.cbl,.cbl,1,https://gitlab.com/cobol14/lab9.git,gitlab.com
swh:1:cnt:73f66860fc0737059774e6914d5f315dc1d03e30,73f66860fc0737059774e6914d5f315dc1d03e30,/026_continue.cbl,.cbl,1,https://github.com/zinmyoswe/Learning-COBOL,github.com
swh:1:cnt:1f908aceb9bd5151eb983763ef11b5f9d00a558d,1f908aceb9bd5151eb983763ef11b5f9d00a558d,/TSUBR19.cbl,.cbl,1,https://github.com/ralphnuessecpwr/PlayProject,github.com
swh:1:cnt:f40955fad9ab300bac081fbd7e25d62681ab7481,f40955fad9ab300bac081fbd7e25d62681ab7481,/ZFAM005.cbl,.cbl,1,https://github.com/walmart/zFAM,github.com
swh:1:cnt:0c384ff7d4c1886f527bc9157f4c992e6cb0810c,0c384ff7d4c1886f527bc9157f4c992e6cb0810c,/GildedRose.cbl,.cbl,1,https://github.com/DevOpsCraftsman/gilded-rose,github.com
swh:1:cnt:f815813ef9cb03273be7dee74dec8a8938e611f3,f815813ef9cb03273be7dee74dec8a8938e611f3,/HELLOWORLD_INCOBOL.cbl,.cbl,1,https://github.com/gobbletown/SNU_2D_ProgrammingTools,github.com
swh:1:cnt:a2d89ecc9eb0405d3acb57206d589fe07d548ba4,a2d89ecc9eb0405d3acb57206d589fe07d548ba4,/Serpiente.cbl,.cbl,1,https://github.com/luis13711/proyectos_net,github.com
swh:1:cnt:1f9acaf29976773dcc1fe85b4a76361e7f33b5de,1f9acaf29976773dcc1fe85b4a76361e7f33b5de,/arquivo_sequencial_exc3.cbl,.cbl,1,https://github.com/Falande-L-Etienne/arquivo-sequencial,github.com
swh:1:cnt:e14a9ace75ae40860a041e376aa89910bcd88b7c,e14a9ace75ae40860a041e376aa89910bcd88b7c,/TABLES01.cbl,.cbl,1,https://github.com/Doretha/IBM-COBOL-Class,github.com
swh:1:cnt:14d74d1b083b584b071320bfec35ca2c9fa58436,14d74d1b083b584b071320bfec35ca2c9fa58436,/Program1.cbl,.cbl,1,https://github.com/RolfBecking123/helloworld,github.com
swh:1:cnt:668289c6a7367566ea9655284ee0327dcf86a456,668289c6a7367566ea9655284ee0327dcf86a456,/tableauListe.cbl,.cbl,1,https://github.com/alixpel/coboltut,github.com
swh:1:cnt:c2d32683da819af08e015d04b1973ac125ba6630,c2d32683da819af08e015d04b1973ac125ba6630,/SQ103A-copy.cbl,.cbl,1,https://gitlab.cobolworx.com/COBOLworx/gcobol-tests.git,gitlab.cobolworx.com
swh:1:cnt:40808c0ed84493be3a745ec37b95d4883ecdda0d,40808c0ed84493be3a745ec37b95d4883ecdda0d,/CBSRGDBB.cbl,.cbl,1,https://github.com/ravireddykalluru/madevops2,github.com
swh:1:cnt:8f27823d646d3caae94e0974e4d4e470bb47b9ca,8f27823d646d3caae94e0974e4d4e470bb47b9ca,/Perform4.cbl,.cbl,1,https://github.com/deletezz/apc-webprog-ecsit-nmdiaz,github.com
swh:1:cnt:05ede0b52a95f6bda76561dd30c54ce8fe02def4,05ede0b52a95f6bda76561dd30c54ce8fe02def4,/candy_sale.cbl,.cbl,1,https://gitlab.com/62160297/lab-10-cobol.git,gitlab.com
