swhid,sha1_git,name,source_csv,n_filenames
swh:1:cnt:e3bbcc6e87332fed4ce71c4b79aaa4b02b0c8a6c,e3bbcc6e87332fed4ce71c4b79aaa4b02b0c8a6c,/ga020.cbl,cbl_files_lowercase.csv,1
swh:1:cnt:58200bf483dee2da2158a4d55b4a07ed3161ef89,58200bf483dee2da2158a4d55b4a07ed3161ef89,/WBC_77549_FOO.CBL,CBL_files.csv,1
swh:1:cnt:9355faa34a56cd134878be7d0e951cb529c5dc0c,9355faa34a56cd134878be7d0e951cb529c5dc0c,/EJER19.CBL,CBL_files.csv,1
swh:1:cnt:610a2c5290623a4e3a79cd51ecfbb6f31fdf73f2,610a2c5290623a4e3a79cd51ecfbb6f31fdf73f2,/WBC_46442_FOO.CBL,CBL_files.csv,1
swh:1:cnt:c6bed41c57827d0b172d364f65d653c8e6cfccd3,c6bed41c57827d0b172d364f65d653c8e6cfccd3,/ORCS02.CBL,CBL_files.csv,1
swh:1:cnt:80a15fdf82db27e3403311a1557331b41d348a94,80a15fdf82db27e3403311a1557331b41d348a94,/WBC_84322_FOO.CBL,CBL_files.csv,1
swh:1:cnt:76e67f224e797839356f47eb25dd920ee6de3177,76e67f224e797839356f47eb25dd920ee6de3177,/[Marvel] 004-4 The Screaming Citadel.cbl,cbl_files_lowercase.csv,1
swh:1:cnt:f1542e264dd3c8d2b7000a50806db5cb7cadca8a,f1542e264dd3c8d2b7000a50806db5cb7cadca8a,/ECS029E.cbl,cbl_files_lowercase.csv,1
swh:1:cnt:abaffc9b92f5ecbfe2899137c62c83b641b0149a,abaffc9b92f5ecbfe2899137c62c83b641b0149a,/WBC_34062_FOO.CBL,CBL_files.csv,1
swh:1:cnt:c97f4df6b0bc87d52b3e92173fe48cdfd09aff35,c97f4df6b0bc87d52b3e92173fe48cdfd09aff35,/Lista7E4.cbl,cbl_files_lowercase.csv,1
swh:1:cnt:ffadea52bb9d8485695f4d027db84e645efff3c2,ffadea52bb9d8485695f4d027db84e645efff3c2,/WBC_17941_FOO.CBL,CBL_files.csv,1
swh:1:cnt:69baaba3b544683b9759a9efc0d280f57df0d80f,69baaba3b544683b9759a9efc0d280f57df0d80f,/WBC_91228_FOO.CBL,CBL_files.csv,1
swh:1:cnt:961bfefecfcaf3940e9d5e73d7613053de531c9e,961bfefecfcaf3940e9d5e73d7613053de531c9e,/WBC_31295_FOO.CBL,CBL_files.csv,1
swh:1:cnt:a0187b5f391b7e065782bb5eed800e51d7bd8704,a0187b5f391b7e065782bb5eed800e51d7bd8704,/WBC_92167_FOO.CBL,CBL_files.csv,1
swh:1:cnt:fbcfa24f68191ab657f8bd5cf1fd277631f275f4,fbcfa24f68191ab657f8bd5cf1fd277631f275f4,/ORCRRECEMAIN.CBL,CBL_files.csv,1
swh:1:cnt:241d35a3a4577d893e489a17cc0af0f7fba3de50,241d35a3a4577d893e489a17cc0af0f7fba3de50,/WBC_29066_FOO.CBL,CBL_files.csv,1
swh:1:cnt:63f8daf05b0130619006513f61e405b023a30438,63f8daf05b0130619006513f61e405b023a30438,/EX05.CBL,CBL_files.csv,1
swh:1:cnt:e2f70b20c7b2e6ec3836e5fac4606022b6b8c6fb,e2f70b20c7b2e6ec3836e5fac4606022b6b8c6fb,/WBC_18657_FOO.CBL,CBL_files.csv,1
swh:1:cnt:480776cb5348c45a6223818e0f82e73ae608af86,480776cb5348c45a6223818e0f82e73ae608af86,/WBC_48437_FOO.CBL,CBL_files.csv,1
swh:1:cnt:66fb48906bdc9ee9597928231fe930606f3e1c43,66fb48906bdc9ee9597928231fe930606f3e1c43,/ECS086.cbl,cbl_files_lowercase.csv,1
swh:1:cnt:c7a22ad9f44bbe90b292ce432cf73d62db34f20d,c7a22ad9f44bbe90b292ce432cf73d62db34f20d,/WBC_68378_FOO.CBL,CBL_files.csv,1
swh:1:cnt:1c3e5c20674ac197542dbe17eab206e5f1dabaae,1c3e5c20674ac197542dbe17eab206e5f1dabaae,/WBC_43537_FOO.CBL,CBL_files.csv,1
swh:1:cnt:a96274ecce629490bc008eacfc49d550258bf7cb,a96274ecce629490bc008eacfc49d550258bf7cb,/ORCSAPIFMTERM.CBL,CBL_files.csv,1
swh:1:cnt:c9d478b5af8b4827f475171460650a478709dd65,c9d478b5af8b4827f475171460650a478709dd65,/Parte1A.cbl,cbl_files_lowercase.csv,1
swh:1:cnt:e1af761035df5d6c8a4c758a7ba546dfc736c27f,e1af761035df5d6c8a4c758a7ba546dfc736c27f,/admin-server.cbl,cbl_files_lowercase.csv,1
swh:1:cnt:3c3057b9ad52064daa9def708d28742f929768f8,3c3057b9ad52064daa9def708d28742f929768f8,/D88KUF.cbl,cbl_files_lowercase.csv,1
swh:1:cnt:4378bf52fc601580f8a041b8b7f80d5717ce42b9,4378bf52fc601580f8a041b8b7f80d5717ce42b9,/SaludoCobol.cbl,cbl_files_lowercase.csv,1
swh:1:cnt:9e95cbe0f53dde8bc9329ac10e40c6a38a822366,9e95cbe0f53dde8bc9329ac10e40c6a38a822366,/FunDeclare.cbl,cbl_files_lowercase.csv,1
swh:1:cnt:bd261c8d1fd831e78320708965fff454215bf82a,bd261c8d1fd831e78320708965fff454215bf82a,/WBC_45333_FOO.CBL,CBL_files.csv,1
swh:1:cnt:a0614d6437a05dee4a16797afa7ab76e316e7386,a0614d6437a05dee4a16797afa7ab76e316e7386,/WBC_20963_FOO.CBL,CBL_files.csv,1
swh:1:cnt:a7695d4324c904f61c12e0ee690c1b27d23be6f9,a7695d4324c904f61c12e0ee690c1b27d23be6f9,/gorbitsa.cbl,cbl_files_lowercase.csv,1
swh:1:cnt:617bc50a9161362599d84ee1c200697e2f43123d,617bc50a9161362599d84ee1c200697e2f43123d,/sales.cbl,cbl_files_lowercase.csv,1
swh:1:cnt:9dd4da118aff1a0aa4c45eb624c7a1b25994a596,9dd4da118aff1a0aa4c45eb624c7a1b25994a596,/OPENMOCA.CBL,CBL_files.csv,1
swh:1:cnt:cec93565b95731f6edee3302e70bb9d1a94d835d,cec93565b95731f6edee3302e70bb9d1a94d835d,/bams.cbl,cbl_files_lowercase.csv,1
swh:1:cnt:c8cb037b240ea9a64f17d9007a4eac7e5ed88da0,c8cb037b240ea9a64f17d9007a4eac7e5ed88da0,/WBC_9562_FOO.CBL,CBL_files.csv,1
swh:1:cnt:9980478d37e4e9c2306346ff263b6dd012942654,9980478d37e4e9c2306346ff263b6dd012942654,/WBC_95806_FOO.CBL,CBL_files.csv,1
swh:1:cnt:67af1c85816d0b81d41ee9839ee45b0845cf207b,67af1c85816d0b81d41ee9839ee45b0845cf207b,/WBC_29894_FOO.CBL,CBL_files.csv,1
swh:1:cnt:c5444218c3dcde52b3655d10a45e0cc02d6d6d67,c5444218c3dcde52b3655d10a45e0cc02d6d6d67,/procesar.cbl,cbl_files_lowercase.csv,1
swh:1:cnt:6f0bcf5976498640d8f41f62f2cfbf740b1fe384,6f0bcf5976498640d8f41f62f2cfbf740b1fe384,/WBC_90990_FOO.CBL,CBL_files.csv,1
swh:1:cnt:63135b0c8d36ff6ee5f5aeee65a04288da8ddaa5,63135b0c8d36ff6ee5f5aeee65a04288da8ddaa5,/triangle-1.cbl,cbl_files_lowercase.csv,1
swh:1:cnt:13747c5a0a5b833ddee3f00fbc3de5d33c595854,13747c5a0a5b833ddee3f00fbc3de5d33c595854,/WBC_7821_FOO.CBL,CBL_files.csv,1
swh:1:cnt:6d2c13737cc12b8118a4378780a10a0608445200,6d2c13737cc12b8118a4378780a10a0608445200,/ORCBC010.CBL,CBL_files.csv,1
swh:1:cnt:09518e49fa48609544d4c3f28fe87f2d26e745a6,09518e49fa48609544d4c3f28fe87f2d26e745a6,/ORCR0640.CBL,CBL_files.csv,1
swh:1:cnt:7d86f4987a68e39d9d2fcf7ad2e05c1a943cdf80,7d86f4987a68e39d9d2fcf7ad2e05c1a943cdf80,/WBC_34360_FOO.CBL,CBL_files.csv,1
swh:1:cnt:f5046ef32dbbd6f2f1775790fef51937c07e36e4,f5046ef32dbbd6f2f1775790fef51937c07e36e4,/ORCSCNYUIN.CBL,CBL_files.csv,1
swh:1:cnt:9adb5b2026c53ada528c0dc9be9bb079be201afb,9adb5b2026c53ada528c0dc9be9bb079be201afb,/WBC_71346_FOO.CBL,CBL_files.csv,1
swh:1:cnt:cc109bd6f74fcac05332f5fa9525424696ed8638,cc109bd6f74fcac05332f5fa9525424696ed8638,/report.cbl,cbl_files_lowercase.csv,1
swh:1:cnt:363ee6df862e335a34df4886b23f342952456a20,363ee6df862e335a34df4886b23f342952456a20,/WBC_80300_FOO.CBL,CBL_files.csv,1
swh:1:cnt:a08a11af2e94376d9301eb10d150d16bb17dee93,a08a11af2e94376d9301eb10d150d16bb17dee93,/cgp001t.cbl,cbl_files_lowercase.csv,1
swh:1:cnt:6fc98b74f5c626481788e9f0c856f582b3b25b69,6fc98b74f5c626481788e9f0c856f582b3b25b69,/BANK2.cbl,cbl_files_lowercase.csv,1
swh:1:cnt:727b87fd3db0df3826782d935e59d38f621431a3,727b87fd3db0df3826782d935e59d38f621431a3,/WBC_64054_FOO.CBL,CBL_files.csv,1
swh:1:cnt:e0f1e5466c88182d0927522a482b8cbcc795a542,e0f1e5466c88182d0927522a482b8cbcc795a542,/WBC_8051_FOO.CBL,CBL_files.csv,1
swh:1:cnt:b14a84dbe6b174b2fd3d4cd3ae2bb3b05b9c9744,b14a84dbe6b174b2fd3d4cd3ae2bb3b05b9c9744,/EL309AHL.cbl,cbl_files_lowercase.csv,1
swh:1:cnt:4200c43e36b482c30cfa331a82c36be428fca949,4200c43e36b482c30cfa331a82c36be428fca949,/edit3.cbl,cbl_files_lowercase.csv,1
swh:1:cnt:62676aacbaa1ea12450f29cad6f241cb943c2e70,62676aacbaa1ea12450f29cad6f241cb943c2e70,/cadcli.cbl,cbl_files_lowercase.csv,1
swh:1:cnt:b2bd24b36b506e10fd3f3e24907e634818a16ee8,b2bd24b36b506e10fd3f3e24907e634818a16ee8,/WBC_87243_FOO.CBL,CBL_files.csv,1
swh:1:cnt:eee28c1c066323edcc88657c8eedb4f9ffa78b26,eee28c1c066323edcc88657c8eedb4f9ffa78b26,/WBC_26279_FOO.CBL,CBL_files.csv,1
swh:1:cnt:449dcce278e5bffe0a08f8608c48aba1d25a1191,449dcce278e5bffe0a08f8608c48aba1d25a1191,/Control2.cbl,cbl_files_lowercase.csv,1
swh:1:cnt:7f000f015f39326438f5604f8c59c359930324cd,7f000f015f39326438f5604f8c59c359930324cd,/ORCR0600.CBL,CBL_files.csv,1
swh:1:cnt:bbb308332f106c38fc1b758c0a884eacc844d56c,bbb308332f106c38fc1b758c0a884eacc844d56c,/AVG-SCI-GRADE.cbl,cbl_files_lowercase.csv,1
swh:1:cnt:a38dface8e7587bcb17b8130d1d0ffff42c7daaf,a38dface8e7587bcb17b8130d1d0ffff42c7daaf,/L5E5.cbl,cbl_files_lowercase.csv,1
swh:1:cnt:a2acc1d1126c897307b2481fdd5f294ac2845628,a2acc1d1126c897307b2481fdd5f294ac2845628,/WBC_43264_FOO.CBL,CBL_files.csv,1
swh:1:cnt:e146ebf84f3334007eea1bef589523787df0fcec,e146ebf84f3334007eea1bef589523787df0fcec,/WBC_72822_FOO.CBL,CBL_files.csv,1
swh:1:cnt:526e682ae3ae2fb28596a2b8f792ea4a204e621a,526e682ae3ae2fb28596a2b8f792ea4a204e621a,/SEARCH.cbl,cbl_files_lowercase.csv,1
swh:1:cnt:4013be22d6f65edfd073012555eeddb962bcc148,4013be22d6f65edfd073012555eeddb962bcc148,/WBC_98833_FOO.CBL,CBL_files.csv,1
swh:1:cnt:a0e3547da46067ad856f449014a4823c4996fc61,a0e3547da46067ad856f449014a4823c4996fc61,/WBC_51797_FOO.CBL,CBL_files.csv,1
swh:1:cnt:643d158096002c92cec42416836688061147be5c,643d158096002c92cec42416836688061147be5c,/ORCGZ99.CBL,CBL_files.csv,1
swh:1:cnt:1fa940740356e22617b4464fe6e9557ff827c76d,1fa940740356e22617b4464fe6e9557ff827c76d,/PP01221C.cbl,cbl_files_lowercase.csv,1
swh:1:cnt:2f7e980345a2c88064ebe61abb536c97d3bb541a,2f7e980345a2c88064ebe61abb536c97d3bb541a,/ORCR0956.CBL,CBL_files.csv,1
swh:1:cnt:5450aee55407be80cdf2faa96a72a2525cd4ca5e,5450aee55407be80cdf2faa96a72a2525cd4ca5e,/WBC_29685_FOO.CBL,CBL_files.csv,1
swh:1:cnt:02019e9fef5f6beb72f19fa547ed7dff2dc7cfa6,02019e9fef5f6beb72f19fa547ed7dff2dc7cfa6,/ORCR0710.CBL,CBL_files.csv,1
swh:1:cnt:491b57004cbc6f79128c88cad56d6d385f038bf3,491b57004cbc6f79128c88cad56d6d385f038bf3,/WBC_67110_FOO.CBL,CBL_files.csv,1
swh:1:cnt:d44f9877601d14553f80fda1d88f12edee439126,d44f9877601d14553f80fda1d88f12edee439126,/EDI-selordini.cbl,cbl_files_lowercase.csv,1
swh:1:cnt:724da8ca9b3278a65dc3e321bbdf3d9ef717db23,724da8ca9b3278a65dc3e321bbdf3d9ef717db23,/SOKATU4210.CBL,CBL_files.csv,1
swh:1:cnt:a9c994f7dddebda86a6b6a99374810d648aeb1a5,a9c994f7dddebda86a6b6a99374810d648aeb1a5,/galhoCGD011-2.cbl,cbl_files_lowercase.csv,1
swh:1:cnt:6ecd6c7c86ae6269d5fd77d59b3093fc708951c6,6ecd6c7c86ae6269d5fd77d59b3093fc708951c6,/KEI_KYOCHO_CD.CBL,CBL_files.csv,1
swh:1:cnt:2774c1ca0562ec49d313bc55e926777665bd269c,2774c1ca0562ec49d313bc55e926777665bd269c,/WBC_3558_FOO.CBL,CBL_files.csv,1
swh:1:cnt:5ed27b8d87d6adcc806b2e02bff6881a6342cb14,5ed27b8d87d6adcc806b2e02bff6881a6342cb14,/menu03.cbl,cbl_files_lowercase.csv,1
swh:1:cnt:89e3bd68ed8e7aef0cbb31284d069e499c77e2d7,89e3bd68ed8e7aef0cbb31284d069e499c77e2d7,/WBC_317_FOO.CBL,CBL_files.csv,1
swh:1:cnt:7401b85ca923052a8a5f5690815062a03bc4533b,7401b85ca923052a8a5f5690815062a03bc4533b,/SEIKYU4017.CBL,CBL_files.csv,1
swh:1:cnt:df74a43594ee835034f17d27faf400a4423f0112,df74a43594ee835034f17d27faf400a4423f0112,/CL15EJ01.v.1.1.cbl,cbl_files_lowercase.csv,1
swh:1:cnt:7fdad2e2fc69bfb047a16620660a62a4f96a6c45,7fdad2e2fc69bfb047a16620660a62a4f96a6c45,/WBC_54253_FOO.CBL,CBL_files.csv,1
swh:1:cnt:e97d0857e2624791997af5e0aa730969233934cb,e97d0857e2624791997af5e0aa730969233934cb,/WBC_95359_FOO.CBL,CBL_files.csv,1
swh:1:cnt:fde9090ee87af7b0b2e5165708cfbcb8d254926d,fde9090ee87af7b0b2e5165708cfbcb8d254926d,/CUSTCTRL.cbl,cbl_files_lowercase.csv,1
swh:1:cnt:d3454b97510bbf26904bb84c078ac11434d17d54,d3454b97510bbf26904bb84c078ac11434d17d54,/COBARQ03.cbl,cbl_files_lowercase.csv,1
swh:1:cnt:c908fd449d56d8fee7f13b1e6fb5302ad69a7b76,c908fd449d56d8fee7f13b1e6fb5302ad69a7b76,/ORCR0300.CBL,CBL_files.csv,1
swh:1:cnt:6162b15925ed8177c1a91dc10b018aa4a12559b9,6162b15925ed8177c1a91dc10b018aa4a12559b9,/WBC_49264_FOO.CBL,CBL_files.csv,1
swh:1:cnt:22455bb53076524dae1e3f001ed21f4599049280,22455bb53076524dae1e3f001ed21f4599049280,/WBC_97806_FOO.CBL,CBL_files.csv,1
swh:1:cnt:9236cd1258bcb3bb9c27c27878980973f0dd1617,9236cd1258bcb3bb9c27c27878980973f0dd1617,/ORCGK02.CBL,CBL_files.csv,1
swh:1:cnt:92c4a629ff5ddda377f97c1917d22877ca577f95,92c4a629ff5ddda377f97c1917d22877ca577f95,/WBC_59379_FOO.CBL,CBL_files.csv,1
swh:1:cnt:871b25a9a80e301073a273af812817513bcd87d4,871b25a9a80e301073a273af812817513bcd87d4,/WBC_79203_FOO.CBL,CBL_files.csv,1
swh:1:cnt:41d7fadb0b019610b4d3a31205bc4a30be1f2e2c,41d7fadb0b019610b4d3a31205bc4a30be1f2e2c,/WBC_25957_FOO.CBL,CBL_files.csv,1
swh:1:cnt:7936514f69883ef3cc7fc7385f145d0ac92b6997,7936514f69883ef3cc7fc7385f145d0ac92b6997,/ORCR0500.CBL,CBL_files.csv,1
swh:1:cnt:ffac046e9830732f74ead7c1f6469157181125b4,ffac046e9830732f74ead7c1f6469157181125b4,/ORCR0640.CBL,CBL_files.csv,1
swh:1:cnt:30bee8d07fdea2a9649edd2507aaedc6e853d289,30bee8d07fdea2a9649edd2507aaedc6e853d289,/Lista5E9.cbl,cbl_files_lowercase.csv,1
swh:1:cnt:efcd66ec0394415eeb587f579ab9a4573240133b,efcd66ec0394415eeb587f579ab9a4573240133b,/WBC_45493_FOO.CBL,CBL_files.csv,1
swh:1:cnt:6a01789e9fa26f6f33139e1a52eef8cdd26146d6,6a01789e9fa26f6f33139e1a52eef8cdd26146d6,/ORCSYAKINTOKU.CBL,CBL_files.csv,1
swh:1:cnt:5ebc4fa05d7e326d8b88480bac6c0d6107a96860,5ebc4fa05d7e326d8b88480bac6c0d6107a96860,/ORCSNYUACCT.CBL,CBL_files.csv,1
swh:1:cnt:bc589963544c5d1ef17dce04b1bba1703e605b72,bc589963544c5d1ef17dce04b1bba1703e605b72,/MENUS.cbl,cbl_files_lowercase.csv,1
swh:1:cnt:557481bac2c89ed405711437c53643d6f73bb9bb,557481bac2c89ed405711437c53643d6f73bb9bb,/WBC_8584_FOO.CBL,CBL_files.csv,1
swh:1:cnt:f9dd9e44c917d552b0ee170e5d4aea6e461bf50d,f9dd9e44c917d552b0ee170e5d4aea6e461bf50d,/rdab0258.cbl,cbl_files_lowercase.csv,1
swh:1:cnt:6c2e8efc5ff16ed8576506e4c0b407450f7f5c9d,6c2e8efc5ff16ed8576506e4c0b407450f7f5c9d,/WBC_12257_FOO.CBL,CBL_files.csv,1
swh:1:cnt:9b30ead113b076cb6144d2904d6a34ae44b6b4b4,9b30ead113b076cb6144d2904d6a34ae44b6b4b4,/ORCGW01.CBL,CBL_files.csv,1
swh:1:cnt:abe97629e8772fd659eb3b31e725cfd2c3a76e19,abe97629e8772fd659eb3b31e725cfd2c3a76e19,/hello.cbl,cbl_files_lowercase.csv,1
swh:1:cnt:15df1c45ac441b4ee8182dc57ad60b7798b06874,15df1c45ac441b4ee8182dc57ad60b7798b06874,/WBC_88471_FOO.CBL,CBL_files.csv,1
swh:1:cnt:b6ab857e14a4354633369556f2af29d10e7b8098,b6ab857e14a4354633369556f2af29d10e7b8098,/extenso.cbl,cbl_files_lowercase.csv,1
swh:1:cnt:2381b399322dd2d817ef6f23184cbb160e7eac40,2381b399322dd2d817ef6f23184cbb160e7eac40,/ORCR0730.CBL,CBL_files.csv,1
swh:1:cnt:396b9642de086e1c34c57f1110a51261fdb3b93a,396b9642de086e1c34c57f1110a51261fdb3b93a,/WBC_17492_FOO.CBL,CBL_files.csv,1
swh:1:cnt:6f42d168b6fc3113ecd542ef76af127bb9059f5e,6f42d168b6fc3113ecd542ef76af127bb9059f5e,/WBC_37399_FOO.CBL,CBL_files.csv,1
swh:1:cnt:1ae7deea04df27a6a4f435c61c342d99e3b5e55a,1ae7deea04df27a6a4f435c61c342d99e3b5e55a,/ORCGT01.CBL,CBL_files.csv,1
swh:1:cnt:fb0cd97127309169c2b43e1edc34b5c4982a3530,fb0cd97127309169c2b43e1edc34b5c4982a3530,/WBC_90230_FOO.CBL,CBL_files.csv,1
swh:1:cnt:3cd15a14f33fd0d5fcda4f3eae1a182c8a577265,3cd15a14f33fd0d5fcda4f3eae1a182c8a577265,/WBC_9535_FOO.CBL,CBL_files.csv,1
swh:1:cnt:65cef33d2d951fee3f705fa5420f5417d6fec339,65cef33d2d951fee3f705fa5420f5417d6fec339,/ORCR0650.CBL,CBL_files.csv,1
swh:1:cnt:2a93060a7cc2546b1bf616b044b4c9b1f38a554c,2a93060a7cc2546b1bf616b044b4c9b1f38a554c,/ZBNKPRT1.CBL,CBL_files.csv,1
swh:1:cnt:f44a3a14b906ca16bdd3386385e67406c388dc8d,f44a3a14b906ca16bdd3386385e67406c388dc8d,/MENU01.cbl,cbl_files_lowercase.csv,1
swh:1:cnt:5452727c8202e5cdb6db72dffe26b029a8d7397e,5452727c8202e5cdb6db72dffe26b029a8d7397e,/lgicdb01.cbl,cbl_files_lowercase.csv,1
swh:1:cnt:72916f4d0d442b7828e28e0ddfc7548f5d183ef3,72916f4d0d442b7828e28e0ddfc7548f5d183ef3,/WBC_1023_FOO.CBL,CBL_files.csv,1
swh:1:cnt:ec6cda5c4b60f2ff94e9e33d0713a74d5469eaf9,ec6cda5c4b60f2ff94e9e33d0713a74d5469eaf9,/CSADDBL.cbl,cbl_files_lowercase.csv,1
swh:1:cnt:50152e385972569700d1e2ef88632170d2a5a3a8,50152e385972569700d1e2ef88632170d2a5a3a8,/ORCR0025.CBL,CBL_files.csv,1
swh:1:cnt:4ea175a8e223f1cb0a36a51d02766655789e0464,4ea175a8e223f1cb0a36a51d02766655789e0464,/WBC_52087_FOO.CBL,CBL_files.csv,1
swh:1:cnt:2a0d2df665a0035350b6f9ca5990ca06c31cc5be,2a0d2df665a0035350b6f9ca5990ca06c31cc5be,/pw00757s.cbl,cbl_files_lowercase.csv,1
swh:1:cnt:3cbd5b95457d65c05becee2e7f85030259037fc0,3cbd5b95457d65c05becee2e7f85030259037fc0,/S04P028.CBL,CBL_files.csv,1
swh:1:cnt:327cf57d34d770a9b668305012af8e7deba79a29,327cf57d34d770a9b668305012af8e7deba79a29,/WBC_75177_FOO.CBL,CBL_files.csv,1
swh:1:cnt:0e83bded3ff5613ae75aec9719a5d8df6b614a51,0e83bded3ff5613ae75aec9719a5d8df6b614a51,/WBC_44277_FOO.CBL,CBL_files.csv,1
swh:1:cnt:3443fdbb23c7e5e385e42d7ed01bd52a578a0c07,3443fdbb23c7e5e385e42d7ed01bd52a578a0c07,/ORCR0810.CBL,CBL_files.csv,1
swh:1:cnt:5738c776d5f96c4616c7e1c8105a7d643b2633db,5738c776d5f96c4616c7e1c8105a7d643b2633db,/WBC_19961_FOO.CBL,CBL_files.csv,1
swh:1:cnt:98abe4475e0918b1123142904a86649b501db236,98abe4475e0918b1123142904a86649b501db236,/ORCGX01.CBL,CBL_files.csv,1
swh:1:cnt:003a4c9f539c7b2ee77c41ff47171efc3ac3c61a,003a4c9f539c7b2ee77c41ff47171efc3ac3c61a,/SOKATU2705.CBL,CBL_files.csv,1
swh:1:cnt:3b92ff7e5b73b95f06eb5b23b43d427f9cd1667e,3b92ff7e5b73b95f06eb5b23b43d427f9cd1667e,/triangle-1.cbl,cbl_files_lowercase.csv,1
swh:1:cnt:88532d0f80a43cf36619c4eee53d3b3259549faf,88532d0f80a43cf36619c4eee53d3b3259549faf,/FunDeclareWithExec.rdz.cbl,cbl_files_lowercase.csv,1
swh:1:cnt:0de49f2e56781d308d3bfd65aac2064cd847d9ae,0de49f2e56781d308d3bfd65aac2064cd847d9ae,/JU8EXE12.CBL,CBL_files.csv,1
swh:1:cnt:58631158a87f24b0c45b1812ee84170d67074005,58631158a87f24b0c45b1812ee84170d67074005,/ORCGDID2.CBL,CBL_files.csv,1
swh:1:cnt:1db5fc5db59b509f0bc8fd35e0265ca32af80a1a,1db5fc5db59b509f0bc8fd35e0265ca32af80a1a,/finana.cbl,cbl_files_lowercase.csv,1
swh:1:cnt:324c509d9596203a18319954d085630319ee9fa0,324c509d9596203a18319954d085630319ee9fa0,/WBC_19373_FOO.CBL,CBL_files.csv,1
swh:1:cnt:65c6bdcb4422af95cf6da6de6bc95a1d4a675678,65c6bdcb4422af95cf6da6de6bc95a1d4a675678,/ORCS02.CBL,CBL_files.csv,1
swh:1:cnt:64abffec295e5c4c97a80585cdc57fc3bc8cd094,64abffec295e5c4c97a80585cdc57fc3bc8cd094,/read-score-to-grade_20220809144627.cbl,cbl_files_lowercase.csv,1
swh:1:cnt:5c22d9e5384ac8fd735f1ba652e5ccb3c8090ef5,5c22d9e5384ac8fd735f1ba652e5ccb3c8090ef5,/WBC_88038_FOO.CBL,CBL_files.csv,1
swh:1:cnt:df5d9393bd956c402399e48e9b5c23ca7badcb3f,df5d9393bd956c402399e48e9b5c23ca7badcb3f,/WHENCodeElements.rdz.cbl,cbl_files_lowercase.csv,1
swh:1:cnt:5a3e3bd52c50da27f553064004bca2cf1209d3bc,5a3e3bd52c50da27f553064004bca2cf1209d3bc,/WBC_52819_FOO.CBL,CBL_files.csv,1
swh:1:cnt:e514ac0e932a11662a00ef45dbe2bb6e7a0c496f,e514ac0e932a11662a00ef45dbe2bb6e7a0c496f,/procedures_gotos.cbl,cbl_files_lowercase.csv,1
swh:1:cnt:982332e0143d00c7da11d2c691526dbf7b834039,982332e0143d00c7da11d2c691526dbf7b834039,/BANK9.cbl,cbl_files_lowercase.csv,1
swh:1:cnt:8444c0aaf233a45945787e6d9ecfb5c528ea8b80,8444c0aaf233a45945787e6d9ecfb5c528ea8b80,/WBC_16027_FOO.CBL,CBL_files.csv,1
swh:1:cnt:dbf69e1946cab9f716257eca0045a7097c0da466,dbf69e1946cab9f716257eca0045a7097c0da466,/ORCSSYU40.CBL,CBL_files.csv,1
swh:1:cnt:d4ce34a067c126103b70072de86a215a819da4a8,d4ce34a067c126103b70072de86a215a819da4a8,/lista8E2Programa01.cbl,cbl_files_lowercase.csv,1
swh:1:cnt:6951a651818dac81c22cfa3a74a32f4782ddd83f,6951a651818dac81c22cfa3a74a32f4782ddd83f,/write-emp1.cbl,cbl_files_lowercase.csv,1
swh:1:cnt:c1f05ef3f91b64f1ccd0905212bb8db0f627497d,c1f05ef3f91b64f1ccd0905212bb8db0f627497d,/hellow42_level_88_variables.cbl,cbl_files_lowercase.csv,1
swh:1:cnt:d9740fad15820e593c83d46de66102c16146238d,d9740fad15820e593c83d46de66102c16146238d,/gctestsetup.cbl,cbl_files_lowercase.csv,1
swh:1:cnt:cac3f7e958e3a0cc7a4b9ece17de01befc4d2757,cac3f7e958e3a0cc7a4b9ece17de01befc4d2757,/WBC_7608_FOO.CBL,CBL_files.csv,1
swh:1:cnt:40e96421582e4a609a4697657cd3256fb57c73ed,40e96421582e4a609a4697657cd3256fb57c73ed,/gctestrun2.cbl,cbl_files_lowercase.csv,1
swh:1:cnt:657392a250b1430a2e2915c4cd081530822d1bef,657392a250b1430a2e2915c4cd081530822d1bef,/ORCBS02.CBL,CBL_files.csv,1
swh:1:cnt:4dc31f72a46525fe9fd094844dcb0a39e33920b0,4dc31f72a46525fe9fd094844dcb0a39e33920b0,/WBC_1880_FOO.CBL,CBL_files.csv,1
swh:1:cnt:9726afdce771f489fe3b64323bc6ea2a208468a8,9726afdce771f489fe3b64323bc6ea2a208468a8,/test9011.cbl,cbl_files_lowercase.csv,1
swh:1:cnt:c0dc07b1992b53d53cc4079827f79cc35bc5ed68,c0dc07b1992b53d53cc4079827f79cc35bc5ed68,/CPBIS091.CBL,CBL_files.csv,1
swh:1:cnt:5f795a0535a071dbdc53883357b01d1ae65b0f18,5f795a0535a071dbdc53883357b01d1ae65b0f18,/WBC_71901_FOO.CBL,CBL_files.csv,1
swh:1:cnt:5707f35c20f2c4b17ab1da23156f0397c7fa6c25,5707f35c20f2c4b17ab1da23156f0397c7fa6c25,/PW01112C.cbl,cbl_files_lowercase.csv,1
swh:1:cnt:ace9ff441902189155ecd06d739b36c0b5d19e9e,ace9ff441902189155ecd06d739b36c0b5d19e9e,/ORCGXAERR.CBL,CBL_files.csv,1
swh:1:cnt:dca734f9c7831965e22c2694e9887fa4e2e49027,dca734f9c7831965e22c2694e9887fa4e2e49027,/ORCGI0SUB02.CBL,CBL_files.csv,1
swh:1:cnt:07271b244dd9b8a2288d9ec5986c4624e2b95060,07271b244dd9b8a2288d9ec5986c4624e2b95060,/WBC_58840_FOO.CBL,CBL_files.csv,1
swh:1:cnt:39bd6bf5eae83daca14e7e8340ab1a2d01ea295c,39bd6bf5eae83daca14e7e8340ab1a2d01ea295c,/genrep.CBL,CBL_files.csv,1
swh:1:cnt:a29c498e53ff0024a6ce88f1f1f654abb63b970c,a29c498e53ff0024a6ce88f1f1f654abb63b970c,/IVP20001.cbl,cbl_files_lowercase.csv,1
swh:1:cnt:0160017975433ecabb97b20886cef81413d0509d,0160017975433ecabb97b20886cef81413d0509d,/ORCBM032.CBL,CBL_files.csv,1
swh:1:cnt:6c0bccf58e75a8120225d9a70fe2f4fb7320c7d4,6c0bccf58e75a8120225d9a70fe2f4fb7320c7d4,/tp2ej1.cbl,cbl_files_lowercase.csv,1
swh:1:cnt:f5a79cd4f4354bf9b3a4aaff005e45205f23a1d5,f5a79cd4f4354bf9b3a4aaff005e45205f23a1d5,/sqlaprep.cbl,cbl_files_lowercase.csv,1
swh:1:cnt:cb25ea8837aaedfd983bad03bca8194d9dbbc689,cb25ea8837aaedfd983bad03bca8194d9dbbc689,/WBC_54537_FOO.CBL,CBL_files.csv,1
swh:1:cnt:120bc6118d25aeca295142579e8d3034e1457a79,120bc6118d25aeca295142579e8d3034e1457a79,/rrmbs196.cbl,cbl_files_lowercase.csv,1
swh:1:cnt:67bd984111bd12b0f50d5a5b1073700de2fefe83,67bd984111bd12b0f50d5a5b1073700de2fefe83,/ORCGL99.CBL,CBL_files.csv,1
swh:1:cnt:e12125b9705f5c22f4047d3cff8dac195710081e,e12125b9705f5c22f4047d3cff8dac195710081e,/WBC_6446_FOO.CBL,CBL_files.csv,1
swh:1:cnt:f06645145c52406d0944a6933fc70f2a380cdd30,f06645145c52406d0944a6933fc70f2a380cdd30,/principal.cbl,cbl_files_lowercase.csv,1
swh:1:cnt:180415e085674a0894c0cc32f0e6cdcc9e047577,180415e085674a0894c0cc32f0e6cdcc9e047577,/IBS_DATE.cbl,cbl_files_lowercase.csv,1
swh:1:cnt:d11a9f543d3bd91c4b307b93c20db8703c6627aa,d11a9f543d3bd91c4b307b93c20db8703c6627aa,/ESEGUI.CBL,CBL_files.csv,1
swh:1:cnt:a10011263ae1a29f877736e8f6abefd53a093ea0,a10011263ae1a29f877736e8f6abefd53a093ea0,/ORCGX01.CBL,CBL_files.csv,1
swh:1:cnt:05259176378684dbe33ede1cd3eaa1e1eefe1f79,05259176378684dbe33ede1cd3eaa1e1eefe1f79,/WBC_65449_FOO.CBL,CBL_files.csv,1
swh:1:cnt:f7263b61f0fb96dcdbfb0e6f6e2878303d3b6774,f7263b61f0fb96dcdbfb0e6f6e2878303d3b6774,/playpen.cbl,cbl_files_lowercase.csv,1
swh:1:cnt:a4e7dacfef4f54e96f55579f69ad2c735e913a9b,a4e7dacfef4f54e96f55579f69ad2c735e913a9b,/WBC_89189_FOO.CBL,CBL_files.csv,1
swh:1:cnt:7bfad06d2ff9379127ebed2f210bab46a36dba5d,7bfad06d2ff9379127ebed2f210bab46a36dba5d,/testm.cbl,cbl_files_lowercase.csv,1
swh:1:cnt:4c699ec09243ebefff9bf577805c11e422f24977,4c699ec09243ebefff9bf577805c11e422f24977,/WBC_97464_FOO.CBL,CBL_files.csv,1
swh:1:cnt:6d1d3d539e3919c8c86a259384cba95a80562046,6d1d3d539e3919c8c86a259384cba95a80562046,/ORCHCM35.CBL,CBL_files.csv,1
swh:1:cnt:3410570b1abb872f7c4470ff070d5cac917063c5,3410570b1abb872f7c4470ff070d5cac917063c5,/ORCGK05.CBL,CBL_files.csv,1
swh:1:cnt:d0d9f01acb8d937fc4d4a654f93d212c89975d35,d0d9f01acb8d937fc4d4a654f93d212c89975d35,/main.cbl,cbl_files_lowercase.csv,1
swh:1:cnt:209dfa5a1cc1d4a924d2f1efb379cfe7815bbea8,209dfa5a1cc1d4a924d2f1efb379cfe7815bbea8,/Parte1B.cbl,cbl_files_lowercase.csv,1
swh:1:cnt:40a3824bd4357a4f6bdf92901f05a97f7f4e203d,40a3824bd4357a4f6bdf92901f05a97f7f4e203d,/CPBIS112.CBL,CBL_files.csv,1
swh:1:cnt:54e93d6273158bcfcdeeb8523bd04bde6f74bcc0,54e93d6273158bcfcdeeb8523bd04bde6f74bcc0,/SEIKYU1903.CBL,CBL_files.csv,1
swh:1:cnt:0c1f4fde5c8d2faf07c50ddfc852399d1f32d19e,0c1f4fde5c8d2faf07c50ddfc852399d1f32d19e,/ORCGI41.CBL,CBL_files.csv,1
swh:1:cnt:a3f05236233c5bc5d4500d2e5d58821986b9abec,a3f05236233c5bc5d4500d2e5d58821986b9abec,/2-CANDID.CBL,CBL_files.csv,1
swh:1:cnt:95232ef7663de6538fd1ab2ca6e31c826577354a,95232ef7663de6538fd1ab2ca6e31c826577354a,/tempCodeRunnerFile.cbl,cbl_files_lowercase.csv,2
swh:1:cnt:7a6276238f08323496157b26341e2323f580851f,7a6276238f08323496157b26341e2323f580851f,/ORCSNYURECEDEN.CBL,CBL_files.csv,1
swh:1:cnt:efb6681be0e1bb62fb39e1209ad2673d86eb0e12,efb6681be0e1bb62fb39e1209ad2673d86eb0e12,/WBC_67459_FOO.CBL,CBL_files.csv,1
swh:1:cnt:4e4db9f3bb53c2430b3d1aab3a40aeadb2f3fd3b,4e4db9f3bb53c2430b3d1aab3a40aeadb2f3fd3b,/WBC_65362_FOO.CBL,CBL_files.csv,1
swh:1:cnt:afe01ef9744ccbae4f0233383792e8e828c5890b,afe01ef9744ccbae4f0233383792e8e828c5890b,/ORCGS02.CBL,CBL_files.csv,1
swh:1:cnt:e1e0a18a31b23a46dc7028d361a531b8c2d9c477,e1e0a18a31b23a46dc7028d361a531b8c2d9c477,/DayOfWeek.cbl,cbl_files_lowercase.csv,1
swh:1:cnt:d238cdf6659c1cc2522ebbfd7af3fefa8269fd6b,d238cdf6659c1cc2522ebbfd7af3fefa8269fd6b,/ORCR1240.CBL,CBL_files.csv,1
swh:1:cnt:ee3f3809e8cacc5ba51b5d8ae57f9138ca4f17df,ee3f3809e8cacc5ba51b5d8ae57f9138ca4f17df,/WBC_6537_FOO.CBL,CBL_files.csv,1
swh:1:cnt:9e3867c5ae1ae55b3e6d3148120066b5c8037a46,9e3867c5ae1ae55b3e6d3148120066b5c8037a46,/WBC_86843_FOO.CBL,CBL_files.csv,1
swh:1:cnt:4d951aa0e141b1ae41fe23abea6cddbea91cfbc2,4d951aa0e141b1ae41fe23abea6cddbea91cfbc2,/pwc0917a.cbl,cbl_files_lowercase.csv,1
swh:1:cnt:11e88d5764056af959c9edb2e3f79009411859de,11e88d5764056af959c9edb2e3f79009411859de,/SALEPARAM.CBL,CBL_files.csv,1
swh:1:cnt:3ae721d3f1b002450cfe708919281d44fd406266,3ae721d3f1b002450cfe708919281d44fd406266,/HEAD.CBL,CBL_files.csv,1
swh:1:cnt:39bcc335aeab37d4301bfa753ed5be7b5c92036d,39bcc335aeab37d4301bfa753ed5be7b5c92036d,/ORCGTID1.CBL,CBL_files.csv,1
swh:1:cnt:b01ef53db02f0d771e939ec40e567f1705ed47c8,b01ef53db02f0d771e939ec40e567f1705ed47c8,/WBC_49176_FOO.CBL,CBL_files.csv,1
swh:1:cnt:ce42cd9ae1137cb249ef44047dfd0bf0e51bbbe2,ce42cd9ae1137cb249ef44047dfd0bf0e51bbbe2,/ORCGK02NYU.CBL,CBL_files.csv,1
swh:1:cnt:579f40ba2d5130b577b586be5154114e443311e7,579f40ba2d5130b577b586be5154114e443311e7,/WBC_93986_FOO.CBL,CBL_files.csv,1
swh:1:cnt:f4d413cad5f681ad0977b45c0c6ec44b531c079a,f4d413cad5f681ad0977b45c0c6ec44b531c079a,/codtname.cbl,cbl_files_lowercase.csv,1
swh:1:cnt:2e303732f9170577db8eb71b36f9bc8f01f788aa,2e303732f9170577db8eb71b36f9bc8f01f788aa,/WBC_82586_FOO.CBL,CBL_files.csv,1
swh:1:cnt:1a400d69343868d312a5fcfa60edddc09fd99c9f,1a400d69343868d312a5fcfa60edddc09fd99c9f,/llvm-override-function-not-found.llvm.cbl,cbl_files_lowercase.csv,2
swh:1:cnt:d31326f6349e9fffcd663d7e9548a01900ad2cfb,d31326f6349e9fffcd663d7e9548a01900ad2cfb,/WBC_77462_FOO.CBL,CBL_files.csv,1
swh:1:cnt:0c9ae3ef7748477a5ae342981fe7e8f08a7bc762,0c9ae3ef7748477a5ae342981fe7e8f08a7bc762,/Project1.cbl,cbl_files_lowercase.csv,1
swh:1:cnt:84a2d8311236751fc10fc1e0cb0490c968065f32,84a2d8311236751fc10fc1e0cb0490c968065f32,/WBC_1087_FOO.CBL,CBL_files.csv,1
swh:1:cnt:6ff1b96771337311325a61a76e1d3f00dbe5d0f2,6ff1b96771337311325a61a76e1d3f00dbe5d0f2,/test9038.cbl,cbl_files_lowercase.csv,1
swh:1:cnt:38f60a909971725680dbea8de10e67a786719fe9,38f60a909971725680dbea8de10e67a786719fe9,/WBC_48784_FOO.CBL,CBL_files.csv,1
swh:1:cnt:9a0f92ac437236f34eacf1c9bb6550386c60792b,9a0f92ac437236f34eacf1c9bb6550386c60792b,/cheet_cheat.cbl,cbl_files_lowercase.csv,1
swh:1:cnt:42b8c68d1c2ee80c3b3e6d029fe2ca0cb2dd3086,42b8c68d1c2ee80c3b3e6d029fe2ca0cb2dd3086,/WBC_8521_FOO.CBL,CBL_files.csv,1
swh:1:cnt:66db0fcb17fe927ea152f302f6cdfbbfaf1e95c2,66db0fcb17fe927ea152f302f6cdfbbfaf1e95c2,/WBC_28968_FOO.CBL,CBL_files.csv,1
swh:1:cnt:344de83aee145e9f289444268735aceb5fdae552,344de83aee145e9f289444268735aceb5fdae552,/HBSIS06P.cbl,cbl_files_lowercase.csv,1
swh:1:cnt:d107349872b0ef27d8d78968e99981feedf3ab02,d107349872b0ef27d8d78968e99981feedf3ab02,/WBC_23069_FOO.CBL,CBL_files.csv,1
swh:1:cnt:31c0f179568274381df4fe36f488064866a0b111,31c0f179568274381df4fe36f488064866a0b111,/MoveOnlyToLargeEnoughVariablesInteger.cbl,cbl_files_lowercase.csv,1
swh:1:cnt:80fa15e5f053fa63ac417c30df77921cde525c29,80fa15e5f053fa63ac417c30df77921cde525c29,/STBEFD776.CBL,CBL_files.csv,1
swh:1:cnt:d24ef951694638c02d105ef26589bd42c548577f,d24ef951694638c02d105ef26589bd42c548577f,/tempcbl.cbl,cbl_files_lowercase.csv,1
swh:1:cnt:4d42b7a1b24734ff99a4963284a782435da8d5fd,4d42b7a1b24734ff99a4963284a782435da8d5fd,/pwpa6115.cbl,cbl_files_lowercase.csv,1
swh:1:cnt:6ff3c78eff076de1d45e37e2752f4549479a39bb,6ff3c78eff076de1d45e37e2752f4549479a39bb,/EXEC84.2.cbl,cbl_files_lowercase.csv,1
swh:1:cnt:0004c5cef2c3c2297d6d3e1e99102269cce29c62,0004c5cef2c3c2297d6d3e1e99102269cce29c62,/SuffixLineOverflow.rdz.cbl,cbl_files_lowercase.csv,1
swh:1:cnt:f968c5d9f1d3be3c2ebced52c2644bc88f411b0a,f968c5d9f1d3be3c2ebced52c2644bc88f411b0a,/videostp.cbl,cbl_files_lowercase.csv,1
swh:1:cnt:3c4c92e93b552f8fdb5e084808c708113c6e48aa,3c4c92e93b552f8fdb5e084808c708113c6e48aa,/selordini.cbl,cbl_files_lowercase.csv,1
swh:1:cnt:605c2e94546c7049ba45b43c531dbd9ba92674c5,605c2e94546c7049ba45b43c531dbd9ba92674c5,/AROMA96.CBL,CBL_files.csv,1
swh:1:cnt:b71d4ce7a9e2054f75f61a9befaad3d49d807259,b71d4ce7a9e2054f75f61a9befaad3d49d807259,/D181KKN.cbl,cbl_files_lowercase.csv,1
swh:1:cnt:c5425aa816b09432a9c5e53e8e6966f13978e2e0,c5425aa816b09432a9c5e53e8e6966f13978e2e0,/ORCSC60200804.CBL,CBL_files.csv,1
swh:1:cnt:d7f198c14d3e21ffb9fba5a011e10c79fe6610c4,d7f198c14d3e21ffb9fba5a011e10c79fe6610c4,/Option.cbl,cbl_files_lowercase.csv,1
swh:1:cnt:53e21220a6999977f08ae79b900f4de6aaec4555,53e21220a6999977f08ae79b900f4de6aaec4555,/WBC_76531_FOO.CBL,CBL_files.csv,1
swh:1:cnt:77ee6923aca637527f34a7919f55bf2b7d136dd8,77ee6923aca637527f34a7919f55bf2b7d136dd8,/main.cbl,cbl_files_lowercase.csv,1
swh:1:cnt:8d8a106ac3b7322b1d77b5bd42f6457c634b8421,8d8a106ac3b7322b1d77b5bd42f6457c634b8421,/WBC_4918_FOO.CBL,CBL_files.csv,1
swh:1:cnt:861ba323319f4852bb2fcb8d273eeb72be746cb5,861ba323319f4852bb2fcb8d273eeb72be746cb5,/WBC_18297_FOO.CBL,CBL_files.csv,1
swh:1:cnt:ad0247648ed6926f02497e75930431b9fab41360,ad0247648ed6926f02497e75930431b9fab41360,/FIXINV.CBL,CBL_files.csv,1
swh:1:cnt:d9ff102f72b985ee7540a3a2b05b328406a26c7c,d9ff102f72b985ee7540a3a2b05b328406a26c7c,/FAVRPT.cbl,cbl_files_lowercase.csv,1
swh:1:cnt:35e9b9d1fd450e14f896c17d9890cb2663570094,35e9b9d1fd450e14f896c17d9890cb2663570094,/cop050.cbl,cbl_files_lowercase.csv,1
swh:1:cnt:c4060319b175337dd3c3a90358f9b71ab378be2a,c4060319b175337dd3c3a90358f9b71ab378be2a,/WBC_51616_FOO.CBL,CBL_files.csv,1
swh:1:cnt:c0f75d60d07426a98c9f6c6b81bf3e9a3afdc9ee,c0f75d60d07426a98c9f6c6b81bf3e9a3afdc9ee,/ORCSSKYGET.CBL,CBL_files.csv,1
swh:1:cnt:88a5bc340857cf66df9f9abc0ca63948bfbc1d7b,88a5bc340857cf66df9f9abc0ca63948bfbc1d7b,/WBC_61456_FOO.CBL,CBL_files.csv,1
swh:1:cnt:9a5f27aa4f8e6a1f2f2d18e48f721f08e1eabd3a,9a5f27aa4f8e6a1f2f2d18e48f721f08e1eabd3a,/WBC_92994_FOO.CBL,CBL_files.csv,1
swh:1:cnt:f2e0f1587f0357bbefeee3f08f55e05038b59ae4,f2e0f1587f0357bbefeee3f08f55e05038b59ae4,/ctxml000.cbl,cbl_files_lowercase.csv,1
swh:1:cnt:fd1d042e69d707e77f321a0cea20f74163b2d47e,fd1d042e69d707e77f321a0cea20f74163b2d47e,/Phnadd01.cbl,cbl_files_lowercase.csv,1
swh:1:cnt:6ea350ce2dc33093d823fab9ef293fc986cf3bc0,6ea350ce2dc33093d823fab9ef293fc986cf3bc0,/STMF03.CBL,CBL_files.csv,1
swh:1:cnt:7365e7a2d3033cd4d57f520b5d7f1df1b6f9790d,7365e7a2d3033cd4d57f520b5d7f1df1b6f9790d,/6-FIRMES.CBL,CBL_files.csv,1
swh:1:cnt:ad8778d61438689235d387fc1996da8711420225,ad8778d61438689235d387fc1996da8711420225,/WBC_607_FOO.CBL,CBL_files.csv,1
swh:1:cnt:6df8d6a20b43fb79caa1267b525566c3390a3166,6df8d6a20b43fb79caa1267b525566c3390a3166,/triangle-2.cbl,cbl_files_lowercase.csv,1
swh:1:cnt:cc2046f5a537ef71fdc8438031bb9cb0fc359a72,cc2046f5a537ef71fdc8438031bb9cb0fc359a72,/ORCGX04.CBL,CBL_files.csv,1
swh:1:cnt:e26dcaca45a9d41e0612b1af782606599f191e1b,e26dcaca45a9d41e0612b1af782606599f191e1b,/STBEFW372.CBL,CBL_files.csv,1
swh:1:cnt:95b03a2cae9bcda48ed4c21803368d3ff32bd380,95b03a2cae9bcda48ed4c21803368d3ff32bd380,/[DC Comics] Zero Hour (WEB-CBRO).cbl,cbl_files_lowercase.csv,1
swh:1:cnt:8ae84d3bfbd5d9239a7c2e0cf08021ef1d0d04c3,8ae84d3bfbd5d9239a7c2e0cf08021ef1d0d04c3,/pw02124c.cbl,cbl_files_lowercase.csv,1
swh:1:cnt:5df6067b6145e8f036308c7b0becec22f82245d5,5df6067b6145e8f036308c7b0becec22f82245d5,/WBC_18609_FOO.CBL,CBL_files.csv,1
swh:1:cnt:e2e49d284093cc861c748b57de6d0278a63c5095,e2e49d284093cc861c748b57de6d0278a63c5095,/WBC_77580_FOO.CBL,CBL_files.csv,1
swh:1:cnt:19f414f4434042afdd0bf9364b03bad09ce577c8,19f414f4434042afdd0bf9364b03bad09ce577c8,/WBC_17538_FOO.CBL,CBL_files.csv,1
swh:1:cnt:7a4a32143902b38e954c22ba35399c2632ae1986,7a4a32143902b38e954c22ba35399c2632ae1986,/CISUF450.CBL,CBL_files.csv,1
swh:1:cnt:b87ae9c31869ef751451e797d09d58597a794ee7,b87ae9c31869ef751451e797d09d58597a794ee7,/WBC_38733_FOO.CBL,CBL_files.csv,1
swh:1:cnt:6575f8c4646f2e961887f9928cb7e81c08d1338d,6575f8c4646f2e961887f9928cb7e81c08d1338d,/SEQWRITE.CBL,CBL_files.csv,1
swh:1:cnt:7f7c29d5e38f7ef194a3786ba7b2ba05947289e6,7f7c29d5e38f7ef194a3786ba7b2ba05947289e6,/ORCGSAPI01S99.CBL,CBL_files.csv,1
swh:1:cnt:c86df1ee6b40b05a6fdf6812f30c9f1d6b7b3c17,c86df1ee6b40b05a6fdf6812f30c9f1d6b7b3c17,/WBC_56940_FOO.CBL,CBL_files.csv,1
swh:1:cnt:fb34b38e240d311346a8ebffcc20ebfb80adad76,fb34b38e240d311346a8ebffcc20ebfb80adad76,/ORCR0090.CBL,CBL_files.csv,1
swh:1:cnt:4155d23301ced4905b1717e36fe62828c3ad5be9,4155d23301ced4905b1717e36fe62828c3ad5be9,/WBC_92678_FOO.CBL,CBL_files.csv,1
swh:1:cnt:99710f63a356d8ca72b53ac4c46f51bbfae788d7,99710f63a356d8ca72b53ac4c46f51bbfae788d7,/WBC_52757_FOO.CBL,CBL_files.csv,1
swh:1:cnt:8a34e2c3005d33a70eadc99f92ddee0c8e0cae74,8a34e2c3005d33a70eadc99f92ddee0c8e0cae74,/WBC_25550_FOO.CBL,CBL_files.csv,1
swh:1:cnt:412671c32bd752b6b48407b9560a7fbd0d77c41e,412671c32bd752b6b48407b9560a7fbd0d77c41e,/ORCSFTNJGNCHK.CBL,CBL_files.csv,1
swh:1:cnt:2d1bf789bb14cc3b2e6c599d207f717ae920bf1f,2d1bf789bb14cc3b2e6c599d207f717ae920bf1f,/WBC_53498_FOO.CBL,CBL_files.csv,1
swh:1:cnt:f4cd11bcdb60ebd7ec0624cf41334cffbcf80592,f4cd11bcdb60ebd7ec0624cf41334cffbcf80592,/WBC_2053_FOO.CBL,CBL_files.csv,1
swh:1:cnt:6ab92455a79ee596bd547efe0a020d5244891086,6ab92455a79ee596bd547efe0a020d5244891086,/write-post-string.cbl,cbl_files_lowercase.csv,1
swh:1:cnt:e0985af785bc7dba1a4a001fc6d16645ea3f8894,e0985af785bc7dba1a4a001fc6d16645ea3f8894,/ORCGZ03.CBL,CBL_files.csv,1
swh:1:cnt:8874a901474ec628308c369ccdccc79bfa960dee,8874a901474ec628308c369ccdccc79bfa960dee,/WBC_85564_FOO.CBL,CBL_files.csv,1
swh:1:cnt:8feb5b044aa227bf4dbafad76e0723f777397a8d,8feb5b044aa227bf4dbafad76e0723f777397a8d,/WBC_28693_FOO.CBL,CBL_files.csv,1
swh:1:cnt:77f8c98816cfa67280fdb1c2d60d80071e0329bb,77f8c98816cfa67280fdb1c2d60d80071e0329bb,/ORCGWID1.CBL,CBL_files.csv,1
swh:1:cnt:fb6a5d4e86af4cbb6813b63f62fb509f3df72bef,fb6a5d4e86af4cbb6813b63f62fb509f3df72bef,/WBC_44851_FOO.CBL,CBL_files.csv,1
swh:1:cnt:bcb5edcfa1650e959789954f24a5c6a84d95b70e,bcb5edcfa1650e959789954f24a5c6a84d95b70e,/ZUTZCPC.CBL,CBL_files.csv,1
swh:1:cnt:88bfa462a5ddb7fc7e78e94396e82f4195806d6b,88bfa462a5ddb7fc7e78e94396e82f4195806d6b,/mainfile2.cbl,cbl_files_lowercase.csv,1
swh:1:cnt:591f97091538056a2fce8648d9a73c9095cc042b,591f97091538056a2fce8648d9a73c9095cc042b,/sl950.cbl,cbl_files_lowercase.csv,1
swh:1:cnt:e854e52389d8a4d9f93e1374400be723124dabc9,e854e52389d8a4d9f93e1374400be723124dabc9,/cobranza.cbl,cbl_files_lowercase.csv,1
swh:1:cnt:b0d2b7b5410f0ebe6901af881fa0ba28fa8a48eb,b0d2b7b5410f0ebe6901af881fa0ba28fa8a48eb,/G3-VISA-MER-EDIT.cbl,cbl_files_lowercase.csv,1
swh:1:cnt:0ef06d746e15626de34e053558e8b572a57b0332,0ef06d746e15626de34e053558e8b572a57b0332,/lgipol01.cbl,cbl_files_lowercase.csv,1
swh:1:cnt:b5d0b89bcfc4eb387a4ff67f06235a7558a100f2,b5d0b89bcfc4eb387a4ff67f06235a7558a100f2,/WBC_27980_FOO.CBL,CBL_files.csv,1
swh:1:cnt:1ef986fabbb9cfb20df365f61b233e79598470b9,1ef986fabbb9cfb20df365f61b233e79598470b9,/WBC_11624_FOO.CBL,CBL_files.csv,1
swh:1:cnt:40e51a5378d78bd568edb1c15845b20d16949a00,40e51a5378d78bd568edb1c15845b20d16949a00,/WBC_48775_FOO.CBL,CBL_files.csv,1
swh:1:cnt:31194fde5e6559c68f21307f88581594cc5468d5,31194fde5e6559c68f21307f88581594cc5468d5,/EL568.cbl,cbl_files_lowercase.csv,1
swh:1:cnt:cd39f90fb5e1acb1f3bbf00bdd8c1081df217cf5,cd39f90fb5e1acb1f3bbf00bdd8c1081df217cf5,/ricalfor-bat.cbl,cbl_files_lowercase.csv,1
swh:1:cnt:9d053244eed53e43800a8c07a218a8b562cc5fe6,9d053244eed53e43800a8c07a218a8b562cc5fe6,/WBC_76459_FOO.CBL,CBL_files.csv,1
swh:1:cnt:5c7ae2414e99fa4a11cf6bc05cfd79398d4595e6,5c7ae2414e99fa4a11cf6bc05cfd79398d4595e6,/WBC_75748_FOO.CBL,CBL_files.csv,1
swh:1:cnt:24dba86f788e4bd2917f99b6055be2c5919663aa,24dba86f788e4bd2917f99b6055be2c5919663aa,/3-MAL.CBL,CBL_files.csv,1
swh:1:cnt:7b49d8293125f45d4abd889ab3933a8404922a80,7b49d8293125f45d4abd889ab3933a8404922a80,/WBC_62854_FOO.CBL,CBL_files.csv,1
swh:1:cnt:0fbafcd7e583355148970ca87e5a9124975ff716,0fbafcd7e583355148970ca87e5a9124975ff716,/WBC_53027_FOO.CBL,CBL_files.csv,1
swh:1:cnt:7ec45238c9d332cde6b09680a39561a77ea16502,7ec45238c9d332cde6b09680a39561a77ea16502,/ORCGO01.CBL,CBL_files.csv,1
swh:1:cnt:fc67d9d1cedc9812395b8d5c71b6b2daded8c2f0,fc67d9d1cedc9812395b8d5c71b6b2daded8c2f0,/WBC_27245_FOO.CBL,CBL_files.csv,1
swh:1:cnt:5bcd85896b825965eaaad10204a15d2de9370b2a,5bcd85896b825965eaaad10204a15d2de9370b2a,/Data1.cbl,cbl_files_lowercase.csv,1
swh:1:cnt:d25cbf2e4e60c93b1ab8035a6b48a268466a25d6,d25cbf2e4e60c93b1ab8035a6b48a268466a25d6,/ORCGW30.CBL,CBL_files.csv,1
swh:1:cnt:5176c9fa54ba1ced11b3e4b958287f1bde8f68c7,5176c9fa54ba1ced11b3e4b958287f1bde8f68c7,/PP01219C.cbl,cbl_files_lowercase.csv,1
swh:1:cnt:5d4df3bad20863fa0552a7e0ff5706df0a3ab581,5d4df3bad20863fa0552a7e0ff5706df0a3ab581,/ORCGW06.CBL,CBL_files.csv,1
swh:1:cnt:e4c753ecec379092405b36b4ed74aca5ed4aeb92,e4c753ecec379092405b36b4ed74aca5ed4aeb92,/triangle-4.cbl,cbl_files_lowercase.csv,1
swh:1:cnt:81162fa9963abbc6ca86a7315c4e61d267f6e412,81162fa9963abbc6ca86a7315c4e61d267f6e412,/EL6401.cbl,cbl_files_lowercase.csv,1
swh:1:cnt:217c653440c4c9978e515dd87970562f06064a75,217c653440c4c9978e515dd87970562f06064a75,/ADETAKT.CBL,CBL_files.csv,1
swh:1:cnt:dfdbe425df5d87838aaa530788f282bfb68098c0,dfdbe425df5d87838aaa530788f282bfb68098c0,/Z95768.CBL(DAYCALC).cbl,cbl_files_lowercase.csv,1
swh:1:cnt:3c3260bbeab8b91c9c66aaaf25206710b2d57f67,3c3260bbeab8b91c9c66aaaf25206710b2d57f67,/WBC_24852_FOO.CBL,CBL_files.csv,1
swh:1:cnt:30935ddca5d54c524a16f2d6d503c23790e4f227,30935ddca5d54c524a16f2d6d503c23790e4f227,/ORCS01.CBL,CBL_files.csv,1
swh:1:cnt:81f9f9933aa7ecce5b5f2a2ac86c0d5a7f3b1a92,81f9f9933aa7ecce5b5f2a2ac86c0d5a7f3b1a92,/cbl0005.cbl,cbl_files_lowercase.csv,1
swh:1:cnt:3f3d381722a56c53787bdcfda79a239ac1f25a7c,3f3d381722a56c53787bdcfda79a239ac1f25a7c,/WBC_22225_FOO.CBL,CBL_files.csv,1
swh:1:cnt:bac7ee455181d119393c877c087f8b35058c30cf,bac7ee455181d119393c877c087f8b35058c30cf,/WBC_3572_FOO.CBL,CBL_files.csv,1
swh:1:cnt:2f753d5c991910e2b580c877122ec2be02be210d,2f753d5c991910e2b580c877122ec2be02be210d,/WBC_87559_FOO.CBL,CBL_files.csv,1
swh:1:cnt:6be84e0397076ccd1dee67f4399f6b4fb3f19275,6be84e0397076ccd1dee67f4399f6b4fb3f19275,/pwpe0352.cbl,cbl_files_lowercase.csv,1
swh:1:cnt:71aaf03855f6a7c8f5f9bca5d7cf4da2cd87e600,71aaf03855f6a7c8f5f9bca5d7cf4da2cd87e600,/PAYLIB.CBL,CBL_files.csv,1
swh:1:cnt:4fba0498ce76b2e6d136c3dccf58ab2464438e0d,4fba0498ce76b2e6d136c3dccf58ab2464438e0d,/Check-box.cbl,cbl_files_lowercase.csv,1
swh:1:cnt:8f4e283c38c806150f19bb15d889db169a91134b,8f4e283c38c806150f19bb15d889db169a91134b,/STBEFW082.CBL,CBL_files.csv,1
swh:1:cnt:42db3b11a154ae398c9c9d5a646712253058106e,42db3b11a154ae398c9c9d5a646712253058106e,/WBC_3257_FOO.CBL,CBL_files.csv,1
swh:1:cnt:bac818cefacf72e106b23da38fea7425f4e53fd2,bac818cefacf72e106b23da38fea7425f4e53fd2,/WBC_95286_FOO.CBL,CBL_files.csv,1
swh:1:cnt:342f45e9a270b19a4db24a46af31b050c3e95802,342f45e9a270b19a4db24a46af31b050c3e95802,/ORCR0090.CBL,CBL_files.csv,1
swh:1:cnt:3f7995e35a439faa99969e4663cc116680869978,3f7995e35a439faa99969e4663cc116680869978,/CISPF003.CBL,CBL_files.csv,1
swh:1:cnt:a4229df2c17460dde7f65a56c0ffa4ab0d09284b,a4229df2c17460dde7f65a56c0ffa4ab0d09284b,/WBC_88967_FOO.CBL,CBL_files.csv,1
swh:1:cnt:c7de7fb2a19fffabc2fe37a5db93796d04e72ca2,c7de7fb2a19fffabc2fe37a5db93796d04e72ca2,/base.cbl,cbl_files_lowercase.csv,1
swh:1:cnt:9f4ee00fb5ee2f383a4523632bc6a1c2f01ea9bf,9f4ee00fb5ee2f383a4523632bc6a1c2f01ea9bf,/WBC_61450_FOO.CBL,CBL_files.csv,1
swh:1:cnt:a1bd230a2c1100a74805fd661c6fb6d600182119,a1bd230a2c1100a74805fd661c6fb6d600182119,/SalesDataValidation.cbl,cbl_files_lowercase.csv,1
swh:1:cnt:725bcfdc907956c8c6b7b998ad07edd9c8d79932,725bcfdc907956c8c6b7b998ad07edd9c8d79932,/py050128.cbl,cbl_files_lowercase.csv,1
swh:1:cnt:09a4a843b250fd0d2fc9f593af35bf2cdac54a60,09a4a843b250fd0d2fc9f593af35bf2cdac54a60,/ORCSC80201404.CBL,CBL_files.csv,1
swh:1:cnt:8741c6f87c2263cc366889470c928abcbde8aafa,8741c6f87c2263cc366889470c928abcbde8aafa,/case24.cbl,cbl_files_lowercase.csv,1
swh:1:cnt:b92670e810e3938ee4a6bb8c8e5c68b596d0db2e,b92670e810e3938ee4a6bb8c8e5c68b596d0db2e,/WBC_80177_FOO.CBL,CBL_files.csv,1
swh:1:cnt:43a91e02a4231a7bc09627cf47dd2ee53f768c9b,43a91e02a4231a7bc09627cf47dd2ee53f768c9b,/WBC_31347_FOO.CBL,CBL_files.csv,1
swh:1:cnt:81a5996fa56f0c8a7227285cfc27fc493826fbbb,81a5996fa56f0c8a7227285cfc27fc493826fbbb,/WBC_48562_FOO.CBL,CBL_files.csv,1
swh:1:cnt:5304f5fd139bc9a8ed40728024719611a4dd9510,5304f5fd139bc9a8ed40728024719611a4dd9510,/ORCR0640.CBL,CBL_files.csv,1
swh:1:cnt:f52b12d5df8f2de5e81a554507feb2f39a0a9260,f52b12d5df8f2de5e81a554507feb2f39a0a9260,/D571HNS.cbl,cbl_files_lowercase.csv,1
swh:1:cnt:7cd093cd564e61f36f21877fb5deee8676baa62b,7cd093cd564e61f36f21877fb5deee8676baa62b,/WBC_39580_FOO.CBL,CBL_files.csv,1
swh:1:cnt:69ad3283592afdf9e244e2cb7bfcf715e047cc5e,69ad3283592afdf9e244e2cb7bfcf715e047cc5e,/ORCGK02.CBL,CBL_files.csv,1
swh:1:cnt:40106887febb9578306f0d6c90368621bcd98094,40106887febb9578306f0d6c90368621bcd98094,/WBC_95166_FOO.CBL,CBL_files.csv,1
swh:1:cnt:cfa0a0b616cc294361ea660151d2b752072df824,cfa0a0b616cc294361ea660151d2b752072df824,/[DC Comics] Batman- War Games (WEB-CBRO).cbl,cbl_files_lowercase.csv,1
swh:1:cnt:5ca3e463ba568a412df5d0e37763d1ac374a9ac7,5ca3e463ba568a412df5d0e37763d1ac374a9ac7,/WBC_31032_FOO.CBL,CBL_files.csv,1
swh:1:cnt:3cde1384a9a90f8adb7ac1fd7bad67321b5509f3,3cde1384a9a90f8adb7ac1fd7bad67321b5509f3,/WBC_11042_FOO.CBL,CBL_files.csv,1
swh:1:cnt:3f582b103cc2ec760255e99cc7ca382797cd018b,3f582b103cc2ec760255e99cc7ca382797cd018b,/WBC_5897_FOO.CBL,CBL_files.csv,1
swh:1:cnt:70a2b123c0db96ebf3e0d797e21ce5c6182dea4f,70a2b123c0db96ebf3e0d797e21ce5c6182dea4f,/data-rec-example.cbl,cbl_files_lowercase.csv,1
swh:1:cnt:7a912db8af3a6832ea66f91b4d6839960a287f9f,7a912db8af3a6832ea66f91b4d6839960a287f9f,/ORCGPERR.CBL,CBL_files.csv,1
swh:1:cnt:0bf7cd1defb5fd850466bfed6441e6b33bcdd85b,0bf7cd1defb5fd850466bfed6441e6b33bcdd85b,/ORCR0105.CBL,CBL_files.csv,1
swh:1:cnt:3507fa4c839be3a163c2ef09bea6628839fe336d,3507fa4c839be3a163c2ef09bea6628839fe336d,/test.cbl,cbl_files_lowercase.csv,1
swh:1:cnt:cd546517e8444e7255cc15a05d93592fee94d224,cd546517e8444e7255cc15a05d93592fee94d224,/[Marvel] 2015-2018 Part 11.2 Brave New World  (MG).cbl,cbl_files_lowercase.csv,1
swh:1:cnt:cbb70e38469906804f9b700a78595ad72ea6ac8f,cbb70e38469906804f9b700a78595ad72ea6ac8f,/insmov.cbl,cbl_files_lowercase.csv,1
swh:1:cnt:102828accba0f920ecd2c69c8a9b9c08246ae904,102828accba0f920ecd2c69c8a9b9c08246ae904,/WBC_66781_FOO.CBL,CBL_files.csv,1
swh:1:cnt:e63336aebc556372d1e521b500990ddb03543b84,e63336aebc556372d1e521b500990ddb03543b84,/WBC_2216_FOO.CBL,CBL_files.csv,1
swh:1:cnt:4b8df87f65b8df1b347fc3da7d22c7905c0e7b27,4b8df87f65b8df1b347fc3da7d22c7905c0e7b27,/WBC_46156_FOO.CBL,CBL_files.csv,1
swh:1:cnt:865e7eb20ccc5b0a515971741fa4126a088aee1e,865e7eb20ccc5b0a515971741fa4126a088aee1e,/WBC_96297_FOO.CBL,CBL_files.csv,1
swh:1:cnt:ae3c376284835ab1b347a1ca446930776802646f,ae3c376284835ab1b347a1ca446930776802646f,/ORCMUP0131.CBL,CBL_files.csv,1
swh:1:cnt:a878dc76c5fef6418c16b825dbb8893afb30b331,a878dc76c5fef6418c16b825dbb8893afb30b331,/TP_ALGOIIII.cbl,cbl_files_lowercase.csv,1
swh:1:cnt:8d33b7b38f927422a205a082ef492ddc43d4d0c0,8d33b7b38f927422a205a082ef492ddc43d4d0c0,/WBC_30900_FOO.CBL,CBL_files.csv,1
swh:1:cnt:e99ab43a6549201881f9edf9ddd7d5f3f9e79e71,e99ab43a6549201881f9edf9ddd7d5f3f9e79e71,/ORCGW12.CBL,CBL_files.csv,1
swh:1:cnt:d9049029a98902854a29fa85327ea352208796a7,d9049029a98902854a29fa85327ea352208796a7,/WBC_11623_FOO.CBL,CBL_files.csv,1
swh:1:cnt:0f17d9e5c3a2e3c7eba568f9f88acc22a66c9503,0f17d9e5c3a2e3c7eba568f9f88acc22a66c9503,/WBC_60646_FOO.CBL,CBL_files.csv,1
swh:1:cnt:899dd0155d65085e568e83a9404e0ab035b5a7ea,899dd0155d65085e568e83a9404e0ab035b5a7ea,/WBC_64572_FOO.CBL,CBL_files.csv,1
swh:1:cnt:5ac15dd688466782672418d0242db9f86c5c6ec1,5ac15dd688466782672418d0242db9f86c5c6ec1,/WBC_32524_FOO.CBL,CBL_files.csv,1
swh:1:cnt:b995321c6ff809c3d39c92eb5ae40d32767407c5,b995321c6ff809c3d39c92eb5ae40d32767407c5,/OTAMESHI.cbl,cbl_files_lowercase.csv,1
swh:1:cnt:effdfd57c9b20e666aa432b574fedc2a9bc372c4,effdfd57c9b20e666aa432b574fedc2a9bc372c4,/WBC_60347_FOO.CBL,CBL_files.csv,1
swh:1:cnt:af0fcbe41738c0620f3aefdced30db374b8bf58e,af0fcbe41738c0620f3aefdced30db374b8bf58e,/ORCSKOHPLUS.CBL,CBL_files.csv,1
swh:1:cnt:f3cdc6228e6ec1c03ac386c3459f56b80075a472,f3cdc6228e6ec1c03ac386c3459f56b80075a472,/ORCGG100.CBL,CBL_files.csv,1
swh:1:cnt:eb8a570a757b6a53e48fbab70bd87ccd15d17679,eb8a570a757b6a53e48fbab70bd87ccd15d17679,/cobolGreeting.cbl,cbl_files_lowercase.csv,1
swh:1:cnt:b0486fcebea050be021705e120f84f0ecf86d250,b0486fcebea050be021705e120f84f0ecf86d250,/WBC_14868_FOO.CBL,CBL_files.csv,1
swh:1:cnt:4ca0094d192104db573488a24c219db68e6248fe,4ca0094d192104db573488a24c219db68e6248fe,/WBC_76928_FOO.CBL,CBL_files.csv,1
swh:1:cnt:1f39546df192ca60fb53b97040938515775baf8d,1f39546df192ca60fb53b97040938515775baf8d,/WBC_43285_FOO.CBL,CBL_files.csv,1
swh:1:cnt:f60328df697b17a0778a26c100b5f13a86255922,f60328df697b17a0778a26c100b5f13a86255922,/WBC_7908_FOO.CBL,CBL_files.csv,1
swh:1:cnt:820e184dba5c6f8b003018e102c57920f2c5cc92,820e184dba5c6f8b003018e102c57920f2c5cc92,/sl910.cbl,cbl_files_lowercase.csv,1
swh:1:cnt:5f7b36d6e651307a3bdfedef0b8252c1fce9e4ff,5f7b36d6e651307a3bdfedef0b8252c1fce9e4ff,/Codegen.rdz.cbl,cbl_files_lowercase.csv,1
swh:1:cnt:5859fab7dd63010067f39aea360c1f0bc51731d6,5859fab7dd63010067f39aea360c1f0bc51731d6,/3-NATMET.CBL,CBL_files.csv,1
swh:1:cnt:d50edd975632fab0db379ec5babb0cf579fc60c1,d50edd975632fab0db379ec5babb0cf579fc60c1,/ORCGI4API02.CBL,CBL_files.csv,1
swh:1:cnt:e20a974fbf8ccbd14351442a6f2b595b1b340a3c,e20a974fbf8ccbd14351442a6f2b595b1b340a3c,/CT900.CBL,CBL_files.csv,1
swh:1:cnt:9e3b228c07937a0be33a3b12f0f39735693d419b,9e3b228c07937a0be33a3b12f0f39735693d419b,/ORCGJ04.CBL,CBL_files.csv,1
swh:1:cnt:033186e79e601bdf8e082ae2165893224eb02e8c,033186e79e601bdf8e082ae2165893224eb02e8c,/SSGROLE.CBL,CBL_files.csv,1
swh:1:cnt:447927e3c8a28153823ccd339277e0fd461e718e,447927e3c8a28153823ccd339277e0fd461e718e,/ORCR0035.CBL,CBL_files.csv,1
swh:1:cnt:37c118216ccc752fcc03ef5675f4ad67a53f253d,37c118216ccc752fcc03ef5675f4ad67a53f253d,/29TenderChangev2.cbl,cbl_files_lowercase.csv,1
swh:1:cnt:cd07c435d1ccfd364c8663169f1b75612ed373aa,cd07c435d1ccfd364c8663169f1b75612ed373aa,/Lab2c.cbl,cbl_files_lowercase.csv,1
swh:1:cnt:17b73273a24ff9506518e93206876d2bd60fae00,17b73273a24ff9506518e93206876d2bd60fae00,/hellow81_address_received.cbl,cbl_files_lowercase.csv,1
swh:1:cnt:88ad71fbfbe1caed453b40de181cf700839c1d36,88ad71fbfbe1caed453b40de181cf700839c1d36,/ORCBD999.CBL,CBL_files.csv,1
swh:1:cnt:27837bd54d1f1b89fc9a8f92dc53831f1cc36781,27837bd54d1f1b89fc9a8f92dc53831f1cc36781,/WBC_72489_FOO.CBL,CBL_files.csv,1
swh:1:cnt:27c4f438e7f54fe34decf6ff4fc88e1c1e57a8d4,27c4f438e7f54fe34decf6ff4fc88e1c1e57a8d4,/ORCR0630.CBL,CBL_files.csv,1
swh:1:cnt:e8510c829017ea15e31e3d4efd67532123fdf351,e8510c829017ea15e31e3d4efd67532123fdf351,/G3-VFX-3-PUR.cbl,cbl_files_lowercase.csv,1
swh:1:cnt:e021dda6803055b46c96a26495ab26f7634221e9,e021dda6803055b46c96a26495ab26f7634221e9,/WBC_45185_FOO.CBL,CBL_files.csv,1
swh:1:cnt:65d7133393aad013e88fb6c094293d1e91dee628,65d7133393aad013e88fb6c094293d1e91dee628,/CLO.TIP39.ACCT_POSITION.CBL,CBL_files.csv,1
swh:1:cnt:ff5ebada91e291ce97d2b4b814c246656fef785f,ff5ebada91e291ce97d2b4b814c246656fef785f,/UNSTRING_01.cbl,cbl_files_lowercase.csv,1
swh:1:cnt:f35e6b12f5ff41dad71eaf39d233c1ee3649bc59,f35e6b12f5ff41dad71eaf39d233c1ee3649bc59,/LTRKRN.cbl,cbl_files_lowercase.csv,1
swh:1:cnt:70bebabd5416205b82c24d7089c0605139b6dbf7,70bebabd5416205b82c24d7089c0605139b6dbf7,/ORCGK03.CBL,CBL_files.csv,1
swh:1:cnt:97ff2839a31fb096bd0406ba83dbf97137867540,97ff2839a31fb096bd0406ba83dbf97137867540,/WBC_28928_FOO.CBL,CBL_files.csv,1
swh:1:cnt:f8b00a02a6fe51590c26af5a2157c55da4b9eb14,f8b00a02a6fe51590c26af5a2157c55da4b9eb14,/WBC_55802_FOO.CBL,CBL_files.csv,1
swh:1:cnt:92d614f19e151e5720e7c7fe9fac290cbaf6e54a,92d614f19e151e5720e7c7fe9fac290cbaf6e54a,/ORCR0104.CBL,CBL_files.csv,1
swh:1:cnt:ec85f60b63484868be163d1379a3c7f1645c8a21,ec85f60b63484868be163d1379a3c7f1645c8a21,/GNSWICIC.cbl,cbl_files_lowercase.csv,1
swh:1:cnt:8e46dd6b31ba50dda978214b694247441ecdb647,8e46dd6b31ba50dda978214b694247441ecdb647,/ORCSODRNACCT.CBL,CBL_files.csv,1
swh:1:cnt:1af4fd81ae0ce07733a47e9eda9c0b7dd00e8901,1af4fd81ae0ce07733a47e9eda9c0b7dd00e8901,/ORCSCHKTCHK.CBL,CBL_files.csv,1
swh:1:cnt:6630eca01a555f64bb15091841f52e909c863638,6630eca01a555f64bb15091841f52e909c863638,/PAYRPTRB.cbl,cbl_files_lowercase.csv,1
swh:1:cnt:e594b193d31b8eafe4931e95cb7b011d0340694e,e594b193d31b8eafe4931e95cb7b011d0340694e,/triangle1.cbl,cbl_files_lowercase.csv,1
swh:1:cnt:7752e32f42776b2020069e6cfae48eb3e8d42032,7752e32f42776b2020069e6cfae48eb3e8d42032,/WBC_73534_FOO.CBL,CBL_files.csv,1
swh:1:cnt:95d0dc2dd72400b360c177ceb0bba808abbdcc14,95d0dc2dd72400b360c177ceb0bba808abbdcc14,/ORCR0470.CBL,CBL_files.csv,1
swh:1:cnt:9832ee75a2ce30970a9be0191ba47514a5a4976e,9832ee75a2ce30970a9be0191ba47514a5a4976e,/ORCR0840.CBL,CBL_files.csv,1
swh:1:cnt:79817bb779e3d8062e644c6fa0a7e9bc16257466,79817bb779e3d8062e644c6fa0a7e9bc16257466,/WBC_72393_FOO.CBL,CBL_files.csv,1
swh:1:cnt:9f8ee2be45ebced5abe390cab0d7a6760c53007c,9f8ee2be45ebced5abe390cab0d7a6760c53007c,/2-APPR.CBL,CBL_files.csv,1
swh:1:cnt:12cf47bb5a32421e3d1e33cc1e0dde16f7fb5024,12cf47bb5a32421e3d1e33cc1e0dde16f7fb5024,/SOKATU3415.CBL,CBL_files.csv,1
swh:1:cnt:43fc5065bd3f52317ee8ab9ebacc6415efebda7f,43fc5065bd3f52317ee8ab9ebacc6415efebda7f,/CSIMPCL.cbl,cbl_files_lowercase.csv,1
swh:1:cnt:7e9434824c22b003391f9b2c5879d6389fa276bd,7e9434824c22b003391f9b2c5879d6389fa276bd,/ORCBPTNUMCHG.CBL,CBL_files.csv,1
swh:1:cnt:a7b6f31b2d5653ce60f054e9446bec1f49845960,a7b6f31b2d5653ce60f054e9446bec1f49845960,/ORCSROUNYUIN.CBL,CBL_files.csv,1
swh:1:cnt:a764c549761a82fb84012430119ea481bf25e30e,a764c549761a82fb84012430119ea481bf25e30e,/cgi-edit-user.cbl,cbl_files_lowercase.csv,1
swh:1:cnt:493add7fa4c94e28409fac3a85383ffbff4d3ce1,493add7fa4c94e28409fac3a85383ffbff4d3ce1,/Cobol005.cbl,cbl_files_lowercase.csv,1
swh:1:cnt:19a42c3d498a297c38fd937e3ec53abaf4b8f0dd,19a42c3d498a297c38fd937e3ec53abaf4b8f0dd,/WBC_8111_FOO.CBL,CBL_files.csv,1
swh:1:cnt:a975fbd9764c1a2646d911e7f4c3858119cb06bd,a975fbd9764c1a2646d911e7f4c3858119cb06bd,/MyGrade.cbl,cbl_files_lowercase.csv,1
swh:1:cnt:075180f5c7b5773839af4b73cd2707ea0fb2c6a3,075180f5c7b5773839af4b73cd2707ea0fb2c6a3,/ORCS02.CBL,CBL_files.csv,1
swh:1:cnt:994faa302d352577954a5e82071362ee4c7f014f,994faa302d352577954a5e82071362ee4c7f014f,/WBC_40344_FOO.CBL,CBL_files.csv,1
swh:1:cnt:98ddb706d4aa05683cfce319b189954136896ca9,98ddb706d4aa05683cfce319b189954136896ca9,/CONBRE3.CBL,CBL_files.csv,1
swh:1:cnt:5ee48b216257237ecb463352d158ff85b9c2ae6b,5ee48b216257237ecb463352d158ff85b9c2ae6b,/ORCGZ100.CBL,CBL_files.csv,1
swh:1:cnt:5acc9523a73ac3d314cdb8d4c74d78aae1cb593c,5acc9523a73ac3d314cdb8d4c74d78aae1cb593c,/WBC_28184_FOO.CBL,CBL_files.csv,1
swh:1:cnt:8984ad3726fabc23c5f7902176fe33b350ae5b1a,8984ad3726fabc23c5f7902176fe33b350ae5b1a,/WBC_90129_FOO.CBL,CBL_files.csv,1
swh:1:cnt:dc0bb1fc08fa15b116eaebf5d027805b436e6d8c,dc0bb1fc08fa15b116eaebf5d027805b436e6d8c,/ORCSNYURECEDEN.CBL,CBL_files.csv,1
swh:1:cnt:181483da4bb22391970e0bdf8b12abcaa454cb10,181483da4bb22391970e0bdf8b12abcaa454cb10,/ORCGI20.CBL,CBL_files.csv,1
swh:1:cnt:4d5fb5885f3c99d5c83a9910eecd26f9b4d70880,4d5fb5885f3c99d5c83a9910eecd26f9b4d70880,/RW301M.CBL,CBL_files.csv,2
swh:1:cnt:305186169d8ca98676ba713c9d66afcb7ddcb145,305186169d8ca98676ba713c9d66afcb7ddcb145,/WBC_4742_FOO.CBL,CBL_files.csv,1
swh:1:cnt:ea2ac2d71c5e2f073975825352d0dba6cb74e326,ea2ac2d71c5e2f073975825352d0dba6cb74e326,/WBC_5191_FOO.CBL,CBL_files.csv,1
swh:1:cnt:7fbef8992582d6baf051be0eb1af7fdd9a5a65a8,7fbef8992582d6baf051be0eb1af7fdd9a5a65a8,/WBC_14798_FOO.CBL,CBL_files.csv,1
swh:1:cnt:be93e550079bcc70f1a6b21a392689bb003fafbf,be93e550079bcc70f1a6b21a392689bb003fafbf,/pw01431r.cbl,cbl_files_lowercase.csv,1
swh:1:cnt:19edb364ebc9a383209ac42ac5ef647e9ecfa1cc,19edb364ebc9a383209ac42ac5ef647e9ecfa1cc,/WBC_85541_FOO.CBL,CBL_files.csv,1
swh:1:cnt:c7e41eb2a07d935628a732e7b023891d88f824f1,c7e41eb2a07d935628a732e7b023891d88f824f1,/WBC_99103_FOO.CBL,CBL_files.csv,1
swh:1:cnt:60f2f508de840d6c5f1d2058764fe98e9ae7dbf6,60f2f508de840d6c5f1d2058764fe98e9ae7dbf6,/MAKEFORM.CBL,CBL_files.csv,1
swh:1:cnt:40989fd8649a0818f2958c69f7365887ccb71fb3,40989fd8649a0818f2958c69f7365887ccb71fb3,/WBC_41513_FOO.CBL,CBL_files.csv,1
swh:1:cnt:413364b30351ca0acd7e152ebe5bc7ed107f71b9,413364b30351ca0acd7e152ebe5bc7ed107f71b9,/WBC_40597_FOO.CBL,CBL_files.csv,1
swh:1:cnt:b0126e131131e07721191ec1587da13dcf64bd88,b0126e131131e07721191ec1587da13dcf64bd88,/trmtsrch.cbl,cbl_files_lowercase.csv,1
swh:1:cnt:066029f0d6d0520a6b3ec4c7e3b0899c9c9dbb2f,066029f0d6d0520a6b3ec4c7e3b0899c9c9dbb2f,/WBC_72908_FOO.CBL,CBL_files.csv,1
swh:1:cnt:db3362e014adffe76fd9434eebcaee9f669dabeb,db3362e014adffe76fd9434eebcaee9f669dabeb,/ORAPI021S2V3.CBL,CBL_files.csv,1
swh:1:cnt:aea3e19ab35183fdfabeb30c795be342d8513e61,aea3e19ab35183fdfabeb30c795be342d8513e61,/SBA011010S.cbl,cbl_files_lowercase.csv,1
swh:1:cnt:c90a96cd2e479fac9f19695c4f5c35f811d162d5,c90a96cd2e479fac9f19695c4f5c35f811d162d5,/ORCBG006.CBL,CBL_files.csv,1
swh:1:cnt:7826c079aad5aebe4adb8144b68c6f8f143a8400,7826c079aad5aebe4adb8144b68c6f8f143a8400,/ORCGU02.CBL,CBL_files.csv,1
swh:1:cnt:3c83f408a5995a206123500c20bcd3910e576895,3c83f408a5995a206123500c20bcd3910e576895,/ORCMUP0061.CBL,CBL_files.csv,1
swh:1:cnt:a623e93b3002f1b858e2989ea6186f80c7911424,a623e93b3002f1b858e2989ea6186f80c7911424,/WBC_44778_FOO.CBL,CBL_files.csv,1
swh:1:cnt:da22337f637bd3fc9feb095b2ffa2d177dafc09f,da22337f637bd3fc9feb095b2ffa2d177dafc09f,/WBC_69080_FOO.CBL,CBL_files.csv,1
swh:1:cnt:9ecaabb50b073ff909943ef801b6850f167839cd,9ecaabb50b073ff909943ef801b6850f167839cd,/WBC_40202_FOO.CBL,CBL_files.csv,1
swh:1:cnt:0352dcb8819bdc4884ee3abd7d5ce780f523a4e6,0352dcb8819bdc4884ee3abd7d5ce780f523a4e6,/index.cbl,cbl_files_lowercase.csv,1
swh:1:cnt:fca7be9e0ec03463c195aeeb4ca36539918253a4,fca7be9e0ec03463c195aeeb4ca36539918253a4,/WBC_68206_FOO.CBL,CBL_files.csv,1
swh:1:cnt:c88743eeaa10be5552e497564616544f54cfe722,c88743eeaa10be5552e497564616544f54cfe722,/A00000C115.CBL,CBL_files.csv,1
swh:1:cnt:d62ee85551d4a6ee44fdd3416a05b43453178a8d,d62ee85551d4a6ee44fdd3416a05b43453178a8d,/cntlines.cbl,cbl_files_lowercase.csv,1
swh:1:cnt:62180c55cb960986514e52d67c1d4ada282395be,62180c55cb960986514e52d67c1d4ada282395be,/ORCGP02W1.CBL,CBL_files.csv,1
swh:1:cnt:3dc0db3f449b231fd4a15ad92b9a64e2fc435029,3dc0db3f449b231fd4a15ad92b9a64e2fc435029,/CSLS_N.CBL,CBL_files.csv,1
swh:1:cnt:382f3b16932982c8a28d2646465f73eaa29019fd,382f3b16932982c8a28d2646465f73eaa29019fd,/SEIKYU2205.CBL,CBL_files.csv,1
swh:1:cnt:f684f5193473b2ea37a79de5bbb319170c8b1243,f684f5193473b2ea37a79de5bbb319170c8b1243,/WBC_65851_FOO.CBL,CBL_files.csv,1
swh:1:cnt:c631ce9c25db12f856e58ebebb64b62fc5d47ef4,c631ce9c25db12f856e58ebebb64b62fc5d47ef4,/ixread01.cbl,cbl_files_lowercase.csv,1
swh:1:cnt:c0183eee0f49383d4cf91423159695000238f047,c0183eee0f49383d4cf91423159695000238f047,/WBC_70866_FOO.CBL,CBL_files.csv,1
swh:1:cnt:f078196b29574560aeffe949ca9cae4288107684,f078196b29574560aeffe949ca9cae4288107684,/WBC_25406_FOO.CBL,CBL_files.csv,1
swh:1:cnt:db798a47f748885f81b34f0f8dd31113d7026575,db798a47f748885f81b34f0f8dd31113d7026575,/WBC_11829_FOO.CBL,CBL_files.csv,1
swh:1:cnt:6b1df67caf1ad6dcb4c904b036b0ceb6225cf4b5,6b1df67caf1ad6dcb4c904b036b0ceb6225cf4b5,/WBC_94875_FOO.CBL,CBL_files.csv,1
swh:1:cnt:15335329962ec090c256e5f5ba83c876442fc883,15335329962ec090c256e5f5ba83c876442fc883,/two_dim_table.cbl,cbl_files_lowercase.csv,1
swh:1:cnt:d982edad4dd6c0f534b8a24aa34574c13392bb41,d982edad4dd6c0f534b8a24aa34574c13392bb41,/WBC_42642_FOO.CBL,CBL_files.csv,1
swh:1:cnt:fed0436828aef92d8a8d7c696dd9c4c00029e261,fed0436828aef92d8a8d7c696dd9c4c00029e261,/ORCDTCHK008.CBL,CBL_files.csv,1
swh:1:cnt:24aa7c3bad74408d340524276eb29879a999429b,24aa7c3bad74408d340524276eb29879a999429b,/SQ211A.CBL,CBL_files.csv,1
swh:1:cnt:8202ea06e4d89dbaad48f55661ac6101a00c63c1,8202ea06e4d89dbaad48f55661ac6101a00c63c1,/DCCVTCLPT.cbl,cbl_files_lowercase.csv,1
swh:1:cnt:38a44386b3d793b699062fadc043615f1089628d,38a44386b3d793b699062fadc043615f1089628d,/WBC_40780_FOO.CBL,CBL_files.csv,1
swh:1:cnt:b331cb4663cec1a68fdfe64c45002182dc372ab0,b331cb4663cec1a68fdfe64c45002182dc372ab0,/SOKATU4400.CBL,CBL_files.csv,1
swh:1:cnt:af126f4e770fb8bb40ea7386c8ddd030cac9c659,af126f4e770fb8bb40ea7386c8ddd030cac9c659,/datsub.cbl,cbl_files_lowercase.csv,1
swh:1:cnt:21f70827e72bb9418fd55f8f30e2c0ac6ca96b98,21f70827e72bb9418fd55f8f30e2c0ac6ca96b98,/STBEFD358.CBL,CBL_files.csv,1
swh:1:cnt:9ea4c6103698281345bb988b750a9daae037faf5,9ea4c6103698281345bb988b750a9daae037faf5,/TODOHANDLER.CBL,CBL_files.csv,1
swh:1:cnt:ea869751cf570ac757cdd92cc9507b9916e098b2,ea869751cf570ac757cdd92cc9507b9916e098b2,/WBC_72040_FOO.CBL,CBL_files.csv,1
swh:1:cnt:e63c40040e6a536c9add6a61d7121c9ce79e0d3a,e63c40040e6a536c9add6a61d7121c9ce79e0d3a,/EXERCICIO-3-LISTA-6.cbl,cbl_files_lowercase.csv,1
swh:1:cnt:8507bb4451f597051b932a3c763f032633304cfb,8507bb4451f597051b932a3c763f032633304cfb,/WBC_60572_FOO.CBL,CBL_files.csv,1
swh:1:cnt:c55cd53ba190793ceef620a05f6d39e6b4b64c3e,c55cd53ba190793ceef620a05f6d39e6b4b64c3e,/WBC_48370_FOO.CBL,CBL_files.csv,1
swh:1:cnt:b5dc2ff661691da255c6289949e93795c7d868e6,b5dc2ff661691da255c6289949e93795c7d868e6,/BANK1.cbl,cbl_files_lowercase.csv,1
swh:1:cnt:f287a52892a30e42d3b9d992bd5b89f1fdc4517a,f287a52892a30e42d3b9d992bd5b89f1fdc4517a,/ORCSROUNYUIN.CBL,CBL_files.csv,1
swh:1:cnt:7cc6cacd82903204aa5993ebeb9a04abf8602de7,7cc6cacd82903204aa5993ebeb9a04abf8602de7,/WBC_98093_FOO.CBL,CBL_files.csv,1
swh:1:cnt:3627eb61614cb4fc96533ef2985900cdc77e286c,3627eb61614cb4fc96533ef2985900cdc77e286c,/sqlca.cbl,cbl_files_lowercase.csv,1
swh:1:cnt:08db46b62cb0afad069f04334f1016b3e36f922e,08db46b62cb0afad069f04334f1016b3e36f922e,/readEspecFile.cbl,cbl_files_lowercase.csv,1
swh:1:cnt:791c8d5eaf26c1b4f92b562eb3c3ff7e725027c1,791c8d5eaf26c1b4f92b562eb3c3ff7e725027c1,/MainInPackage.cbl,cbl_files_lowercase.csv,1
swh:1:cnt:fe52c80a1a287509d436c5910cba6013c869f781,fe52c80a1a287509d436c5910cba6013c869f781,/WBC_56080_FOO.CBL,CBL_files.csv,1
swh:1:cnt:cfcd27b442b57e0716873611786e3f6e1197ce87,cfcd27b442b57e0716873611786e3f6e1197ce87,/WBC_43153_FOO.CBL,CBL_files.csv,1
swh:1:cnt:4f7006881bbf4a4025bbd6292e543346dca12eaa,4f7006881bbf4a4025bbd6292e543346dca12eaa,/WBC_76499_FOO.CBL,CBL_files.csv,1
swh:1:cnt:499136f4e8d937ba74243eca6f607a843a0e904f,499136f4e8d937ba74243eca6f607a843a0e904f,/WBC_43591_FOO.CBL,CBL_files.csv,1
swh:1:cnt:5b874fc84609156e3065a9fa5544ce90aeea28f1,5b874fc84609156e3065a9fa5544ce90aeea28f1,/l7-4-gadgets-stock.cbl,cbl_files_lowercase.csv,3
swh:1:cnt:070c6e37b75ec9241881120987caf1b8566a0871,070c6e37b75ec9241881120987caf1b8566a0871,/ORCR0660.CBL,CBL_files.csv,1
swh:1:cnt:077ceaa6948b67d41ee449f12881100df3b04670,077ceaa6948b67d41ee449f12881100df3b04670,/SNT99.CBL,CBL_files.csv,1
swh:1:cnt:82e00b42fcf04a2af029b9df9c2dd014e12d363c,82e00b42fcf04a2af029b9df9c2dd014e12d363c,/WKREFPGM.CBL,CBL_files.csv,1
swh:1:cnt:1d36c5cf5e0d8b7f731c155979868f5722df23b7,1d36c5cf5e0d8b7f731c155979868f5722df23b7,/WBC_29725_FOO.CBL,CBL_files.csv,1
swh:1:cnt:33d82bd6339e8fc97679b94969097dc3a3e827b0,33d82bd6339e8fc97679b94969097dc3a3e827b0,/ORCR0481.CBL,CBL_files.csv,1
swh:1:cnt:a21529fc0162102c3983ae75f3d497e562b5c9e8,a21529fc0162102c3983ae75f3d497e562b5c9e8,/WBC_417_FOO.CBL,CBL_files.csv,1
swh:1:cnt:4eec3c9e178ddaf9d6d70199aa34c34559b7df42,4eec3c9e178ddaf9d6d70199aa34c34559b7df42,/WBC_92926_FOO.CBL,CBL_files.csv,1
swh:1:cnt:6f2bcabbcc991b2e6b4e6f45a97120a162cef725,6f2bcabbcc991b2e6b4e6f45a97120a162cef725,/LDBS2650.cbl,cbl_files_lowercase.csv,1
swh:1:cnt:73786614749f167910c3c66fec63a965d6b84efa,73786614749f167910c3c66fec63a965d6b84efa,/WBC_5609_FOO.CBL,CBL_files.csv,1
swh:1:cnt:fa38ab8b10411688878f55dd60516bd84fd0866f,fa38ab8b10411688878f55dd60516bd84fd0866f,/ORCGK02NYU.CBL,CBL_files.csv,1
swh:1:cnt:84b82dd6d70b3b41c7502dca63e3fc7bd091ce6f,84b82dd6d70b3b41c7502dca63e3fc7bd091ce6f,/ORCSNYUFTN.CBL,CBL_files.csv,1
swh:1:cnt:24b5c2d6a376e69399c8d637894ab0062e4195f4,24b5c2d6a376e69399c8d637894ab0062e4195f4,/WBC_42104_FOO.CBL,CBL_files.csv,1
swh:1:cnt:4b3f9c0998bc57afb1da1bb0eb844c6f105779d2,4b3f9c0998bc57afb1da1bb0eb844c6f105779d2,/ORCHCN31.CBL,CBL_files.csv,1
swh:1:cnt:13ed3036ba2d8bf5b74e2a53116e237fb3de0a2a,13ed3036ba2d8bf5b74e2a53116e237fb3de0a2a,/weather.cbl,cbl_files_lowercase.csv,1
swh:1:cnt:795f385a18e3171a441438f5040e28c975968a37,795f385a18e3171a441438f5040e28c975968a37,/WBC_24059_FOO.CBL,CBL_files.csv,1
swh:1:cnt:ae04571a152bf757e6f01173f2f1560be30dc757,ae04571a152bf757e6f01173f2f1560be30dc757,/ORCGP02H.CBL,CBL_files.csv,1
swh:1:cnt:2833b74a918f2375e9dc70faedcd6dd394ca23f4,2833b74a918f2375e9dc70faedcd6dd394ca23f4,/CPBD381SSM.cbl,cbl_files_lowercase.csv,1
swh:1:cnt:fdcaf2e8a00fc21ff3a86aa27394b23ad65cdfb7,fdcaf2e8a00fc21ff3a86aa27394b23ad65cdfb7,/Bad03fix.cbl,cbl_files_lowercase.csv,1
swh:1:cnt:b36cb4f7aa897e50b0013443da56f23bca04d9d4,b36cb4f7aa897e50b0013443da56f23bca04d9d4,/findingana.cbl,cbl_files_lowercase.csv,1
swh:1:cnt:528ba849ce1ab084070baab7a59012a08ee8c59f,528ba849ce1ab084070baab7a59012a08ee8c59f,/WBC_37018_FOO.CBL,CBL_files.csv,1
swh:1:cnt:3454830507137da2395759fc4690bf5a4b8026c9,3454830507137da2395759fc4690bf5a4b8026c9,/factorialCalc.cbl,cbl_files_lowercase.csv,1
swh:1:cnt:ae92b54262c503e687481a1a00c7391bb4762e8a,ae92b54262c503e687481a1a00c7391bb4762e8a,/WBC_82617_FOO.CBL,CBL_files.csv,1
swh:1:cnt:7a8cb7e0d657c3e964c94228b39f0984d71722ed,7a8cb7e0d657c3e964c94228b39f0984d71722ed,/WBC_82680_FOO.CBL,CBL_files.csv,1
swh:1:cnt:062bc89061e1264ef1df7f520a5a2bdffc02d8d3,062bc89061e1264ef1df7f520a5a2bdffc02d8d3,/PROGCOLE.cbl,cbl_files_lowercase.csv,1
swh:1:cnt:f6308461932778e996d3a99d8308466bd56e67e6,f6308461932778e996d3a99d8308466bd56e67e6,/code_sample_2.cbl,cbl_files_lowercase.csv,1
swh:1:cnt:d1dd050ef3b9733ae0d9b1a28fefc5e4e54e4ddf,d1dd050ef3b9733ae0d9b1a28fefc5e4e54e4ddf,/Deathstroke 002 (New 52_Rebirth).cbl,cbl_files_lowercase.csv,1
swh:1:cnt:d7c75622eff404d97ca9e4e7862cc087854d66e5,d7c75622eff404d97ca9e4e7862cc087854d66e5,/ORCS01.CBL,CBL_files.csv,1
swh:1:cnt:75bda9a294ea82e1f709ccf60066fdb6bf307be4,75bda9a294ea82e1f709ccf60066fdb6bf307be4,/ORCBM550.CBL,CBL_files.csv,1
swh:1:cnt:11496b1de3af5993c6bbfaaed991e81f7b4d06ed,11496b1de3af5993c6bbfaaed991e81f7b4d06ed,/WBC_65030_FOO.CBL,CBL_files.csv,1
swh:1:cnt:44e35566ba8ced5800d0e45504978182dd4421b3,44e35566ba8ced5800d0e45504978182dd4421b3,/WBC_18768_FOO.CBL,CBL_files.csv,1
swh:1:cnt:aacccbf9839ba01ea40ee01870b146ed9d7acb8e,aacccbf9839ba01ea40ee01870b146ed9d7acb8e,/WBC_4656_FOO.CBL,CBL_files.csv,1
swh:1:cnt:812dbc6739baa7f91bb340f4517e0a8eb96ef637,812dbc6739baa7f91bb340f4517e0a8eb96ef637,/GABDEBIT.CBL,CBL_files.csv,1
swh:1:cnt:016f09dce46f748f32d5bd9fe04233665f4ae824,016f09dce46f748f32d5bd9fe04233665f4ae824,/WBC_77565_FOO.CBL,CBL_files.csv,1
swh:1:cnt:df1a727d1393e7398528a426555683936fa02b17,df1a727d1393e7398528a426555683936fa02b17,/WBC_37135_FOO.CBL,CBL_files.csv,1
swh:1:cnt:75809d31f50322979c7a8ab53b080fa9a468adfb,75809d31f50322979c7a8ab53b080fa9a468adfb,/glpostingRES.cbl,cbl_files_lowercase.csv,1
swh:1:cnt:b1caf8c384e275ebea8bcc77e5c681f5ab8fd901,b1caf8c384e275ebea8bcc77e5c681f5ab8fd901,/Z95644.CBL(COBHW02).cbl,cbl_files_lowercase.csv,1
swh:1:cnt:d4984d04c61277fa65bc93eaebfc24c4bcfc98b2,d4984d04c61277fa65bc93eaebfc24c4bcfc98b2,/WBC_63513_FOO.CBL,CBL_files.csv,1
swh:1:cnt:1c00f5a393cf1ef3455399d6e6df83b1ac2e7ad6,1c00f5a393cf1ef3455399d6e6df83b1ac2e7ad6,/ASYNCPNT.cbl,cbl_files_lowercase.csv,1
swh:1:cnt:468b917c5e5c77ff0bbde0c4a6fbe847782a50f8,468b917c5e5c77ff0bbde0c4a6fbe847782a50f8,/WBC_79877_FOO.CBL,CBL_files.csv,1
swh:1:cnt:653af189514eb65b0a3d3420532d323fc075da43,653af189514eb65b0a3d3420532d323fc075da43,/YOSHINNYUKIN.cbl,cbl_files_lowercase.csv,1
swh:1:cnt:a306143221a4532a213c618410912677371ec1ce,a306143221a4532a213c618410912677371ec1ce,/WBC_69225_FOO.CBL,CBL_files.csv,1
swh:1:cnt:20c6f62f4c21aba44c48c1174f3c3f9b62f418e1,20c6f62f4c21aba44c48c1174f3c3f9b62f418e1,/WBC_99519_FOO.CBL,CBL_files.csv,1
swh:1:cnt:3b443de680bf16222b49b323a5efa04fd9df2e26,3b443de680bf16222b49b323a5efa04fd9df2e26,/triangle-2.cbl,cbl_files_lowercase.csv,1
swh:1:cnt:dec6b06efdf79feb37d2ae5933fe926b927c8218,dec6b06efdf79feb37d2ae5933fe926b927c8218,/ORCGI41.CBL,CBL_files.csv,1
swh:1:cnt:26e0351ff9b35c4df6bcf52f9dded741221b350b,26e0351ff9b35c4df6bcf52f9dded741221b350b,/U2.CBL,CBL_files.csv,1
swh:1:cnt:29a0ae7a4b46edf628752e029ad65d547e262817,29a0ae7a4b46edf628752e029ad65d547e262817,/SWP_CCYMST.CBL,CBL_files.csv,1
swh:1:cnt:6f1eb63a492ceb55a40a24343088c30d4c9d3006,6f1eb63a492ceb55a40a24343088c30d4c9d3006,/WBC_19819_FOO.CBL,CBL_files.csv,1
swh:1:cnt:01577d684dc860e4a862d53496e936b786da65a0,01577d684dc860e4a862d53496e936b786da65a0,/1991 - War of the Gods.cbl,cbl_files_lowercase.csv,1
swh:1:cnt:26d99a93acd967a6e12d10b7ad2f9443cabe26e9,26d99a93acd967a6e12d10b7ad2f9443cabe26e9,/WBC_66088_FOO.CBL,CBL_files.csv,1
swh:1:cnt:4e70921bc41e0a945a837d43e668cc37ef7dc9bf,4e70921bc41e0a945a837d43e668cc37ef7dc9bf,/WBC_85942_FOO.CBL,CBL_files.csv,1
swh:1:cnt:e2229c19e4e47410a3ede63086e5768967c58046,e2229c19e4e47410a3ede63086e5768967c58046,/MAIN-MENU.cbl,cbl_files_lowercase.csv,1
swh:1:cnt:65ae39cfbb3b891827937be930795ec3473b9469,65ae39cfbb3b891827937be930795ec3473b9469,/WBC_56613_FOO.CBL,CBL_files.csv,1
swh:1:cnt:5ffa18640acc543780c58fd127f2fea96112cd78,5ffa18640acc543780c58fd127f2fea96112cd78,/ORCSJGNGET.CBL,CBL_files.csv,1
swh:1:cnt:7010393ed10503be80626ce92900f8f0805721dc,7010393ed10503be80626ce92900f8f0805721dc,/ORCGK021.CBL,CBL_files.csv,1
swh:1:cnt:e42aa6e47439778064d9d97dfae3a2eefd7c0ac4,e42aa6e47439778064d9d97dfae3a2eefd7c0ac4,/WBC_29301_FOO.CBL,CBL_files.csv,1
swh:1:cnt:c60cb91396a55fc2f3299bf62cf36ed154ba78d9,c60cb91396a55fc2f3299bf62cf36ed154ba78d9,/WBC_12119_FOO.CBL,CBL_files.csv,1
swh:1:cnt:25f4223e569c1993441e38e05d20364fb39d0cba,25f4223e569c1993441e38e05d20364fb39d0cba,/WBC_67399_FOO.CBL,CBL_files.csv,1
swh:1:cnt:ca5a045b3ec4c6a1ff1b45508d6ab262082d5b57,ca5a045b3ec4c6a1ff1b45508d6ab262082d5b57,/WBC_9599_FOO.CBL,CBL_files.csv,1
swh:1:cnt:ba1ecbca57547e0384b8beb522cc2280395630cb,ba1ecbca57547e0384b8beb522cc2280395630cb,/ORCGR02.CBL,CBL_files.csv,1
swh:1:cnt:fd2afde18c9534b4d0696f17f892a04019e91055,fd2afde18c9534b4d0696f17f892a04019e91055,/DBBTEST.cbl,cbl_files_lowercase.csv,1
swh:1:cnt:811e700739369e82438aa11df07352485c46e615,811e700739369e82438aa11df07352485c46e615,/day8.cbl,cbl_files_lowercase.csv,1
swh:1:cnt:45b004b549e4b02a2cb7cc3fc0e2c35c9c4215e0,45b004b549e4b02a2cb7cc3fc0e2c35c9c4215e0,/ORCR0555.CBL,CBL_files.csv,1
swh:1:cnt:75981973ae00646f2d1c2abbae61254e0cd3e623,75981973ae00646f2d1c2abbae61254e0cd3e623,/SOKATU3700.CBL,CBL_files.csv,1
swh:1:cnt:aefbc132536ffe9a7a8fcc5df665af056ffa6aa5,aefbc132536ffe9a7a8fcc5df665af056ffa6aa5,/PRP057.CBL,CBL_files.csv,1
swh:1:cnt:5ef32a31745c25867cf2caeab0c255af7c335718,5ef32a31745c25867cf2caeab0c255af7c335718,/WBC_91673_FOO.CBL,CBL_files.csv,1
swh:1:cnt:4b3b30f7ea7ac0fdf1a28fdc9fc3a89e881783fd,4b3b30f7ea7ac0fdf1a28fdc9fc3a89e881783fd,/ORCR0300.CBL,CBL_files.csv,1
swh:1:cnt:e8627cf3d549db54d1b41cce970cfc3dadecf058,e8627cf3d549db54d1b41cce970cfc3dadecf058,/IX120A.CBL,CBL_files.csv,1
swh:1:cnt:098c8e1bd1afca5ec49cabc0b760117c18efaa63,098c8e1bd1afca5ec49cabc0b760117c18efaa63,/sendhtml.cbl,cbl_files_lowercase.csv,1
swh:1:cnt:3e6efab93f0fa2afda729a11213625410b85e1b2,3e6efab93f0fa2afda729a11213625410b85e1b2,/WBC_3042_FOO.CBL,CBL_files.csv,1
swh:1:cnt:85b8e7e3efde7d3b7767a29885d7d3cb6a33f981,85b8e7e3efde7d3b7767a29885d7d3cb6a33f981,/ORCR0660.CBL,CBL_files.csv,1
swh:1:cnt:c7f24c27f4085b874d592a256358bf2fb43cbeef,c7f24c27f4085b874d592a256358bf2fb43cbeef,/WBC_30853_FOO.CBL,CBL_files.csv,1
swh:1:cnt:741ceae559366a5c07e5a427c7b2bf063e942aec,741ceae559366a5c07e5a427c7b2bf063e942aec,/ORCGK05.CBL,CBL_files.csv,1
swh:1:cnt:d3378d08ca5b930790ac7bbba3e91242c1e2e1af,d3378d08ca5b930790ac7bbba3e91242c1e2e1af,/ORCR1260.CBL,CBL_files.csv,1
swh:1:cnt:c14ec346466cec0cbde43da84bbb913444489702,c14ec346466cec0cbde43da84bbb913444489702,/WBC_44251_FOO.CBL,CBL_files.csv,1
swh:1:cnt:4c717dc6efac5c3c54fa550b9ad29d7a6ace5be2,4c717dc6efac5c3c54fa550b9ad29d7a6ace5be2,/[2012-2013] Death of the Family (DC Comics)(LoCG).cbl,cbl_files_lowercase.csv,1
swh:1:cnt:bae14308c2309731d5d9d06ed23098a874d95425,bae14308c2309731d5d9d06ed23098a874d95425,/KSL_KEI_LPWK_CHOHYO.cbl,cbl_files_lowercase.csv,1
swh:1:cnt:b677a88e644d872fd654f6fe17454f8348a8a2af,b677a88e644d872fd654f6fe17454f8348a8a2af,/ORCGE02.CBL,CBL_files.csv,1
swh:1:cnt:d78600d254f1499cb9d9422bf56cda4f2048b41e,d78600d254f1499cb9d9422bf56cda4f2048b41e,/ORCS01.CBL,CBL_files.csv,1
swh:1:cnt:392f3140b9dcdf11aabe5d23635ce5985a0d0417,392f3140b9dcdf11aabe5d23635ce5985a0d0417,/ORCXRMST3.CBL,CBL_files.csv,1
swh:1:cnt:82f71ff2bac66aa79818cf983189e95d150b099e,82f71ff2bac66aa79818cf983189e95d150b099e,/WBC_20077_FOO.CBL,CBL_files.csv,1
swh:1:cnt:7ee6018ebaf86cd50e692aea5911e07530de1d8b,7ee6018ebaf86cd50e692aea5911e07530de1d8b,/WBC_69783_FOO.CBL,CBL_files.csv,1
swh:1:cnt:4766286f16424ced3726f45b42382aaa44710ead,4766286f16424ced3726f45b42382aaa44710ead,/WBC_58831_FOO.CBL,CBL_files.csv,1
swh:1:cnt:9e0814d4007d566d150a1c52ac20f2b07c5b4de1,9e0814d4007d566d150a1c52ac20f2b07c5b4de1,/Usage_comp2.cbl,cbl_files_lowercase.csv,1
swh:1:cnt:38f3563f5420a118d1402b30edf0305c30b37058,38f3563f5420a118d1402b30edf0305c30b37058,/WBC_78641_FOO.CBL,CBL_files.csv,1
swh:1:cnt:aefa98c4d0c27c541deae954ca1c18a3b6a66abe,aefa98c4d0c27c541deae954ca1c18a3b6a66abe,/WBC_28217_FOO.CBL,CBL_files.csv,1
swh:1:cnt:276a696aedbf6a66dba183d6e2219f8c9ef1301a,276a696aedbf6a66dba183d6e2219f8c9ef1301a,/HelloWorld.cbl,cbl_files_lowercase.csv,1
swh:1:cnt:a81ef086dd314b8fe7d98643057d96f1bc4cfa70,a81ef086dd314b8fe7d98643057d96f1bc4cfa70,/DataManipulation.cbl,cbl_files_lowercase.csv,1
swh:1:cnt:ef00e5f5998e029c00ed920641fe4585527b73be,ef00e5f5998e029c00ed920641fe4585527b73be,/WBC_15128_FOO.CBL,CBL_files.csv,1
swh:1:cnt:3b7719c5b269b33ef98e4388a8559dc410e09c2c,3b7719c5b269b33ef98e4388a8559dc410e09c2c,/ORCHC30.CBL,CBL_files.csv,1
swh:1:cnt:5ce21a6d73b8d579e6e61460c1da78baafe25bc2,5ce21a6d73b8d579e6e61460c1da78baafe25bc2,/WBC_93_FOO.CBL,CBL_files.csv,1
swh:1:cnt:3cdc789702073255d88ba5e3ae2b60604b37cd0a,3cdc789702073255d88ba5e3ae2b60604b37cd0a,/059 House of M (2005).cbl,cbl_files_lowercase.csv,2
swh:1:cnt:fd1f2ef006200ba99543d5a8b36659d40a7a4070,fd1f2ef006200ba99543d5a8b36659d40a7a4070,/MOCKTEST.CBL,CBL_files.csv,1
swh:1:cnt:442bc961b492834d3943a2cdce218213154c0124,442bc961b492834d3943a2cdce218213154c0124,/WBC_98764_FOO.CBL,CBL_files.csv,1
swh:1:cnt:df157ed26af375ba081635bf13c3579455c36a33,df157ed26af375ba081635bf13c3579455c36a33,/hct1bi01.cbl,cbl_files_lowercase.csv,1
swh:1:cnt:33004f57f728987373a48dfc02062e39c3fe313f,33004f57f728987373a48dfc02062e39c3fe313f,/ORCRCP400.CBL,CBL_files.csv,1
swh:1:cnt:c166b2ee770bdd27bf20e5f74c54e5e32d65b65b,c166b2ee770bdd27bf20e5f74c54e5e32d65b65b,/WBC_33662_FOO.CBL,CBL_files.csv,1
swh:1:cnt:e155cf64e60140f2004d92720817f477fb107f3a,e155cf64e60140f2004d92720817f477fb107f3a,/TIPSEC.CBL,CBL_files.csv,1
swh:1:cnt:c68b32dc6067fbdd17a90a0867eb5b6b63c888ca,c68b32dc6067fbdd17a90a0867eb5b6b63c888ca,/sl020.cbl,cbl_files_lowercase.csv,1
swh:1:cnt:d42c1b48628c7180ceff8062cb43b29cac2fea7a,d42c1b48628c7180ceff8062cb43b29cac2fea7a,/ORCR0030.CBL,CBL_files.csv,1
swh:1:cnt:ebec8292147253b658089d0332fc21210fef9e2c,ebec8292147253b658089d0332fc21210fef9e2c,/ORCGI02.CBL,CBL_files.csv,1
swh:1:cnt:9c67dcaa886b5d14785b10a60e5fbde45959b245,9c67dcaa886b5d14785b10a60e5fbde45959b245,/ORCR0501.CBL,CBL_files.csv,1
swh:1:cnt:9b2845035d7e27e93f930cfd486117ada79971fd,9b2845035d7e27e93f930cfd486117ada79971fd,/WBC_97320_FOO.CBL,CBL_files.csv,1
swh:1:cnt:fe1b62ef548045a875c0edf62a62f3177e71ce83,fe1b62ef548045a875c0edf62a62f3177e71ce83,/WBC_28558_FOO.CBL,CBL_files.csv,1
swh:1:cnt:7338bf00c42e109e726974d45a18f4d10aabd5f8,7338bf00c42e109e726974d45a18f4d10aabd5f8,/WBC_50738_FOO.CBL,CBL_files.csv,1
swh:1:cnt:53fbd358a55f9d004a6c3a06d1be86e3f6817b4d,53fbd358a55f9d004a6c3a06d1be86e3f6817b4d,/HCV1BI01.cbl,cbl_files_lowercase.csv,1
swh:1:cnt:6bb9f31c9aa37389fe0ab8cbdb2110c5551d2b87,6bb9f31c9aa37389fe0ab8cbdb2110c5551d2b87,/Condition_name_Condition.cbl,cbl_files_lowercase.csv,1
swh:1:cnt:c890b82e9b9d65a0bebe2648d6dc2b68a341ab4f,c890b82e9b9d65a0bebe2648d6dc2b68a341ab4f,/ORCGK08.CBL,CBL_files.csv,1
swh:1:cnt:0d077bdeb1a1881035f6ecb418b543629cc68458,0d077bdeb1a1881035f6ecb418b543629cc68458,/WBC_72131_FOO.CBL,CBL_files.csv,1
swh:1:cnt:f7032a71a3c789b531ac4765eb1e7d85915ee113,f7032a71a3c789b531ac4765eb1e7d85915ee113,/fatmanvar.cbl,cbl_files_lowercase.csv,1
swh:1:cnt:deebe2f43b2199b9d0204158a510df19945ff194,deebe2f43b2199b9d0204158a510df19945ff194,/WBC_35349_FOO.CBL,CBL_files.csv,1
swh:1:cnt:f93d1b4922dfe0ac92fd8c6db51a355400c27f74,f93d1b4922dfe0ac92fd8c6db51a355400c27f74,/ORCR0460.CBL,CBL_files.csv,1
swh:1:cnt:b19e70c5bc2385d186322c31771b57fffeda8b04,b19e70c5bc2385d186322c31771b57fffeda8b04,/WBC_94948_FOO.CBL,CBL_files.csv,1
swh:1:cnt:1540902697fc9e092d63869c2d0c2680c91b949c,1540902697fc9e092d63869c2d0c2680c91b949c,/WBC_98891_FOO.CBL,CBL_files.csv,1
swh:1:cnt:94402563e539cf7220adad858cb4c878489ee978,94402563e539cf7220adad858cb4c878489ee978,/WBC_24431_FOO.CBL,CBL_files.csv,1
swh:1:cnt:4f0365ca70e4c2f525c887ca14dfb841ccbf409b,4f0365ca70e4c2f525c887ca14dfb841ccbf409b,/WBC_21188_FOO.CBL,CBL_files.csv,1
swh:1:cnt:84dc1c399770fff4bbc5f6b2d9f2592c649def8a,84dc1c399770fff4bbc5f6b2d9f2592c649def8a,/WBC_75777_FOO.CBL,CBL_files.csv,1
swh:1:cnt:6fbccd0b1ed6de742e4c32e722f3f755fc66a8a0,6fbccd0b1ed6de742e4c32e722f3f755fc66a8a0,/py050090.cbl,cbl_files_lowercase.csv,1
swh:1:cnt:6a6719ec851e57463c48f9d13e48a0045b3ce3a0,6a6719ec851e57463c48f9d13e48a0045b3ce3a0,/WBC_77918_FOO.CBL,CBL_files.csv,1
swh:1:cnt:d3aac53b6b410423167ffb80e4c0efd1b8b6004f,d3aac53b6b410423167ffb80e4c0efd1b8b6004f,/Program1.cbl,cbl_files_lowercase.csv,1
swh:1:cnt:df7d02538cfda958336f70ca5d4df2065b202c7f,df7d02538cfda958336f70ca5d4df2065b202c7f,/WBC_31906_FOO.CBL,CBL_files.csv,1
swh:1:cnt:a75f5407dc9b26976bbcfd6aaac3e2d96d38c00a,a75f5407dc9b26976bbcfd6aaac3e2d96d38c00a,/test1.cbl,cbl_files_lowercase.csv,1
swh:1:cnt:fbd57fd63f88b91632f17040357c8767b09b784a,fbd57fd63f88b91632f17040357c8767b09b784a,/QualifiedNames.rdz.cbl,cbl_files_lowercase.csv,1
swh:1:cnt:29cd3f31a5a6160409733d7dea1df5fb5573f316,29cd3f31a5a6160409733d7dea1df5fb5573f316,/WBC_22281_FOO.CBL,CBL_files.csv,1
swh:1:cnt:dea7d8df47b610d1fc0dfb2cbc137277627d6825,dea7d8df47b610d1fc0dfb2cbc137277627d6825,/WBC_3175_FOO.CBL,CBL_files.csv,1
swh:1:cnt:fd4537a4612b2ecb35d51cb00c8d06f664272091,fd4537a4612b2ecb35d51cb00c8d06f664272091,/WBC_7852_FOO.CBL,CBL_files.csv,1
swh:1:cnt:91bb8f2e399846cf15634f6333ee519160d18f79,91bb8f2e399846cf15634f6333ee519160d18f79,/WBC_94528_FOO.CBL,CBL_files.csv,1
swh:1:cnt:a3676d1e86087681d4e71348dc38a6ff42b906ca,a3676d1e86087681d4e71348dc38a6ff42b906ca,/WBC_50061_FOO.CBL,CBL_files.csv,1
swh:1:cnt:07e0dfaa05f04e5b7241be2b4d119b0e3e76e02c,07e0dfaa05f04e5b7241be2b4d119b0e3e76e02c,/WBC_71164_FOO.CBL,CBL_files.csv,1
swh:1:cnt:6163d4a5e9089864f78db35f306a605c29b8bb85,6163d4a5e9089864f78db35f306a605c29b8bb85,/Redefines.rdz.cbl,cbl_files_lowercase.csv,1
swh:1:cnt:e6c96b8e36981103f38c3824c5fc326d572d301f,e6c96b8e36981103f38c3824c5fc326d572d301f,/WBC_8858_FOO.CBL,CBL_files.csv,1
swh:1:cnt:626a53bbeba194ef554a60c6aa543c0301c47bf9,626a53bbeba194ef554a60c6aa543c0301c47bf9,/WBC_77274_FOO.CBL,CBL_files.csv,1
swh:1:cnt:88f29ab363e1d4e104a3a1e1cb246414e359d24b,88f29ab363e1d4e104a3a1e1cb246414e359d24b,/IDBSMOV0.cbl,cbl_files_lowercase.csv,1
swh:1:cnt:cef23d4d30409c6d08d6d79fbf5adf86194eeba7,cef23d4d30409c6d08d6d79fbf5adf86194eeba7,/CADASTRO-USUARIO.cbl,cbl_files_lowercase.csv,1
swh:1:cnt:28680cbff2d224d414159e13251fc8b2afc035ce,28680cbff2d224d414159e13251fc8b2afc035ce,/STMF05.CBL,CBL_files.csv,1
swh:1:cnt:46bfc05df5e5899bcf4dd2ab3e8e9dc5a9b01aca,46bfc05df5e5899bcf4dd2ab3e8e9dc5a9b01aca,/ORCSSAIKEISAN.CBL,CBL_files.csv,1
swh:1:cnt:ea108d303e7ca95651981118de68d9bee37d1899,ea108d303e7ca95651981118de68d9bee37d1899,/Program1.cbl,cbl_files_lowercase.csv,1
swh:1:cnt:cadfa463416d8066a237c13dc381a7c3063f163b,cadfa463416d8066a237c13dc381a7c3063f163b,/WBC_3967_FOO.CBL,CBL_files.csv,1
swh:1:cnt:915c5e9de3b9074c0e03e4e424523218f2c61f70,915c5e9de3b9074c0e03e4e424523218f2c61f70,/Firestorm 002 - New52_Rebirth.cbl,cbl_files_lowercase.csv,1
swh:1:cnt:82ed8850e622be3c322bdd4c3f005f2458fe8b46,82ed8850e622be3c322bdd4c3f005f2458fe8b46,/postData-environmentdivision.cbl,cbl_files_lowercase.csv,1
swh:1:cnt:f36441c24bdc59154636b2c8f09ce53510e2cb28,f36441c24bdc59154636b2c8f09ce53510e2cb28,/WBC_9581_FOO.CBL,CBL_files.csv,1
swh:1:cnt:a5d32761a03b2c74a179e6708448af72cfcde4df,a5d32761a03b2c74a179e6708448af72cfcde4df,/G3-BLD-VISA-ISS.cbl,cbl_files_lowercase.csv,1
swh:1:cnt:2c0bdf029252b03ec63bd00d7d4bdb1130d09233,2c0bdf029252b03ec63bd00d7d4bdb1130d09233,/WBC_37134_FOO.CBL,CBL_files.csv,1
swh:1:cnt:4a5f55faa4635e22551ea4675eadc179d150ff65,4a5f55faa4635e22551ea4675eadc179d150ff65,/WBC_10307_FOO.CBL,CBL_files.csv,1
swh:1:cnt:5b6acff8f05947bdcaf23e4a325316b22e05da24,5b6acff8f05947bdcaf23e4a325316b22e05da24,/WBC_50207_FOO.CBL,CBL_files.csv,1
swh:1:cnt:2837f65353a7ce69a1e511260c346ff3476f5dad,2837f65353a7ce69a1e511260c346ff3476f5dad,/ALM_EXCEL_0001.cbl,cbl_files_lowercase.csv,1
swh:1:cnt:0f67c45c87178a00c2ad47e919c16520baa7d63b,0f67c45c87178a00c2ad47e919c16520baa7d63b,/irsnominalUNL.cbl,cbl_files_lowercase.csv,1
swh:1:cnt:f0763f05bb9f5d661a32c4da2b3ff1d5697b9e81,f0763f05bb9f5d661a32c4da2b3ff1d5697b9e81,/WBC_10958_FOO.CBL,CBL_files.csv,1
swh:1:cnt:69e284df261163a9e819ddbfce6fdb4f9d3b03ad,69e284df261163a9e819ddbfce6fdb4f9d3b03ad,/WBC_28401_FOO.CBL,CBL_files.csv,1
swh:1:cnt:4f70eb1efe5adc5fa0d5cf7d76901682669bbef7,4f70eb1efe5adc5fa0d5cf7d76901682669bbef7,/WBC_26046_FOO.CBL,CBL_files.csv,1
swh:1:cnt:4bfaa768ae15ffded071270163506e37b103bcc8,4bfaa768ae15ffded071270163506e37b103bcc8,/ORCGK03.CBL,CBL_files.csv,1
swh:1:cnt:289d72f11edc6b89bce717c8c5fbf2ca53d9468b,289d72f11edc6b89bce717c8c5fbf2ca53d9468b,/WBC_20298_FOO.CBL,CBL_files.csv,1
swh:1:cnt:7cf6b0c31802de2e58ea449d8d24b8d1257c3e54,7cf6b0c31802de2e58ea449d8d24b8d1257c3e54,/WBC_96671_FOO.CBL,CBL_files.csv,1
swh:1:cnt:c138b7751becc2e641a8467cc1db51716bedd081,c138b7751becc2e641a8467cc1db51716bedd081,/EL565.cbl,cbl_files_lowercase.csv,1
swh:1:cnt:4958ef60a8bb06e2967c31021c300f9cd21040a1,4958ef60a8bb06e2967c31021c300f9cd21040a1,/control-break3.cbl,cbl_files_lowercase.csv,1
swh:1:cnt:9b61c40930429928a3138eddb801af9607aa081f,9b61c40930429928a3138eddb801af9607aa081f,/WBC_58105_FOO.CBL,CBL_files.csv,1
swh:1:cnt:96f84932d5a93fe21d170622059cb805e638f74f,96f84932d5a93fe21d170622059cb805e638f74f,/FIZZBUZZ.CBL,CBL_files.csv,1
swh:1:cnt:9e94a9429e02b3eb142826f6e21d9ac23dd48f17,9e94a9429e02b3eb142826f6e21d9ac23dd48f17,/FCBOOK.cbl,cbl_files_lowercase.csv,1
swh:1:cnt:a5a300670e47b6f0a5d58d8ab906e9d61dfd2493,a5a300670e47b6f0a5d58d8ab906e9d61dfd2493,/WBC_29898_FOO.CBL,CBL_files.csv,1
swh:1:cnt:ee434bf32906ac1094c71503e462119a4d54e241,ee434bf32906ac1094c71503e462119a4d54e241,/CWXTSUBC.cbl,cbl_files_lowercase.csv,1
swh:1:cnt:5a2eb927e9ef6089134515745388fb707f6a05d8,5a2eb927e9ef6089134515745388fb707f6a05d8,/WBC_19696_FOO.CBL,CBL_files.csv,1
swh:1:cnt:d58debd2e8bda4f69bf67bc103146652f7207961,d58debd2e8bda4f69bf67bc103146652f7207961,/WBC_24113_FOO.CBL,CBL_files.csv,1
swh:1:cnt:74d12e868837c4e844da82d50c631f0445068c4a,74d12e868837c4e844da82d50c631f0445068c4a,/WBC_31317_FOO.CBL,CBL_files.csv,1
swh:1:cnt:bc658e4e140a181a32a6db57fb6d1bbb3a9e5f13,bc658e4e140a181a32a6db57fb6d1bbb3a9e5f13,/WBC_18927_FOO.CBL,CBL_files.csv,1
swh:1:cnt:da3c2982c32a48500c58db39053dad629bc37410,da3c2982c32a48500c58db39053dad629bc37410,/LEITURA.cbl,cbl_files_lowercase.csv,1
swh:1:cnt:263f5dba0180482c6afbfd129ba826553a3e9097,263f5dba0180482c6afbfd129ba826553a3e9097,/PEMGRC1.cbl,cbl_files_lowercase.csv,1
swh:1:cnt:f9871964bc7d9e5f61df88b938757aae0e5415d1,f9871964bc7d9e5f61df88b938757aae0e5415d1,/WBC_49973_FOO.CBL,CBL_files.csv,1
swh:1:cnt:14d21fea5060407c3c5bf6b21bbdcf2cccb0f05c,14d21fea5060407c3c5bf6b21bbdcf2cccb0f05c,/WBC_96453_FOO.CBL,CBL_files.csv,1
swh:1:cnt:1275cbe64906dc1bf95e0f948cf522272fdb7570,1275cbe64906dc1bf95e0f948cf522272fdb7570,/WBC_12377_FOO.CBL,CBL_files.csv,1
swh:1:cnt:c8a5708d17736cd96d7438636d282e8f258f7fa9,c8a5708d17736cd96d7438636d282e8f258f7fa9,/LENGTH_01.cbl,cbl_files_lowercase.csv,1
swh:1:cnt:8a497845369ece7a615347b4592b62a6f005fc02,8a497845369ece7a615347b4592b62a6f005fc02,/ORCGT07.CBL,CBL_files.csv,1
swh:1:cnt:51924033ec36ca67a317fccf343a635a1e01bdc9,51924033ec36ca67a317fccf343a635a1e01bdc9,/WBC_63935_FOO.CBL,CBL_files.csv,1
swh:1:cnt:62bd6b6e719a7e51a903c14cec96f593f39a2fc5,62bd6b6e719a7e51a903c14cec96f593f39a2fc5,/DCBIUHLD.cbl,cbl_files_lowercase.csv,1
swh:1:cnt:15c7c8f81e4b33a7cc97a7f3a69e4b7da1b1238f,15c7c8f81e4b33a7cc97a7f3a69e4b7da1b1238f,/ORCSC10S201307.CBL,CBL_files.csv,1
swh:1:cnt:3465e06476f52a40765bebb3787eff5dcaff127c,3465e06476f52a40765bebb3787eff5dcaff127c,/ORCXRMST1.CBL,CBL_files.csv,1
swh:1:cnt:44067e630d902fedb9d963dfcdec7dc290d1a1a7,44067e630d902fedb9d963dfcdec7dc290d1a1a7,/ORCGI04.CBL,CBL_files.csv,1
swh:1:cnt:645d138a98a2b0cbe47d48c67447954e1449a14c,645d138a98a2b0cbe47d48c67447954e1449a14c,/star-100.cbl,cbl_files_lowercase.csv,1
swh:1:cnt:2725f97d68eb3b3a4d1751642f4ac0eaf5aeb249,2725f97d68eb3b3a4d1751642f4ac0eaf5aeb249,/WBC_79060_FOO.CBL,CBL_files.csv,1
swh:1:cnt:5a8d92f549f7e85ad5bddfde1115747dce64b77c,5a8d92f549f7e85ad5bddfde1115747dce64b77c,/ORCGI01.CBL,CBL_files.csv,1
swh:1:cnt:3957edd713514d9ad105483ffbad253ceda05d96,3957edd713514d9ad105483ffbad253ceda05d96,/WBC_87156_FOO.CBL,CBL_files.csv,1
swh:1:cnt:3199963a99d5cb49993ce688f3400ed96d92579d,3199963a99d5cb49993ce688f3400ed96d92579d,/WBC_3116_FOO.CBL,CBL_files.csv,1
swh:1:cnt:a40a1cd93ee707a8df3b3a750ffef75c86c02861,a40a1cd93ee707a8df3b3a750ffef75c86c02861,/hello-world.cbl,cbl_files_lowercase.csv,1
swh:1:cnt:079d81de1daa9df71c8b623276a83f7445d0ba04,079d81de1daa9df71c8b623276a83f7445d0ba04,/WBC_74851_FOO.CBL,CBL_files.csv,1
swh:1:cnt:31b59e65733e93ea1136882e71afa615f42c8408,31b59e65733e93ea1136882e71afa615f42c8408,/deliveryRES.cbl,cbl_files_lowercase.csv,1
swh:1:cnt:70af5340a6c14c2f438bfa952ac1bc7e34b0d1a2,70af5340a6c14c2f438bfa952ac1bc7e34b0d1a2,/ORCS02.CBL,CBL_files.csv,1
swh:1:cnt:f97e11161adea7136cad782f8c9c787150ce769d,f97e11161adea7136cad782f8c9c787150ce769d,/6.1 黑进三卒.CBL,CBL_files.csv,1
swh:1:cnt:df0edf4f247228ac4e5a473b5b6e7ffb149c1fe1,df0edf4f247228ac4e5a473b5b6e7ffb149c1fe1,/ORCGN21.CBL,CBL_files.csv,1
swh:1:cnt:5d2f5296eb5ce675bbdceb76eff1262a634db81a,5d2f5296eb5ce675bbdceb76eff1262a634db81a,/LOCKLIST.CBL,CBL_files.csv,1
swh:1:cnt:e709a2a7c687bba233b941bdd42549ac384397ee,e709a2a7c687bba233b941bdd42549ac384397ee,/variables.cbl,cbl_files_lowercase.csv,1
swh:1:cnt:61492f4fb8bb89e193a6f260c20dd458eaf2da23,61492f4fb8bb89e193a6f260c20dd458eaf2da23,/ORCR0810.CBL,CBL_files.csv,1
swh:1:cnt:059c9f0164093c9ed46a61d89ca827d56872d492,059c9f0164093c9ed46a61d89ca827d56872d492,/WBC_85893_FOO.CBL,CBL_files.csv,1
swh:1:cnt:93f279d79d6b3a65f9000261c6e50c7dd573fb4c,93f279d79d6b3a65f9000261c6e50c7dd573fb4c,/WBC_52992_FOO.CBL,CBL_files.csv,1
swh:1:cnt:ab051b1aa1e60ac2c1d316383edfba9297f7ba81,ab051b1aa1e60ac2c1d316383edfba9297f7ba81,/WBC_44353_FOO.CBL,CBL_files.csv,1
swh:1:cnt:bbc2b82c040b19facb165d1bb2d54cca6cb77bf3,bbc2b82c040b19facb165d1bb2d54cca6cb77bf3,/WBC_20_FOO.CBL,CBL_files.csv,1
swh:1:cnt:87f9aefbabb00637947fe34fe07988804112e265,87f9aefbabb00637947fe34fe07988804112e265,/WBC_16535_FOO.CBL,CBL_files.csv,1
swh:1:cnt:0dc7e16022be176a8095a05e754dd5e6c0a9062e,0dc7e16022be176a8095a05e754dd5e6c0a9062e,/PW01033C.cbl,cbl_files_lowercase.csv,1
swh:1:cnt:25757febbbef5e9f26bd978c5a0f1a37609512db,25757febbbef5e9f26bd978c5a0f1a37609512db,/Program1.cbl,cbl_files_lowercase.csv,1
swh:1:cnt:fa458dc96542cda0ec96f0a297a7ef1cd2a0d21b,fa458dc96542cda0ec96f0a297a7ef1cd2a0d21b,/DebuggingMode.cbl,cbl_files_lowercase.csv,1
swh:1:cnt:d872ef611ff63cff272d09beff7a8c78437fa9dc,d872ef611ff63cff272d09beff7a8c78437fa9dc,/3-DHSOC.CBL,CBL_files.csv,1
swh:1:cnt:b3bc3d573a4d183729489311c54ed5b7c77c2022,b3bc3d573a4d183729489311c54ed5b7c77c2022,/SOKATU1700.CBL,CBL_files.csv,1
swh:1:cnt:9a09795f328eeab8dd9a5f9ab26aa28bad54469b,9a09795f328eeab8dd9a5f9ab26aa28bad54469b,/numbers1.cbl,cbl_files_lowercase.csv,1
swh:1:cnt:c53d5e63208e1eed8e9fef547588b7e3d33eac56,c53d5e63208e1eed8e9fef547588b7e3d33eac56,/WBC_1570_FOO.CBL,CBL_files.csv,1
swh:1:cnt:61038d4dcc884e05d972d27c270bb2f5db0792c2,61038d4dcc884e05d972d27c270bb2f5db0792c2,/PGMDBZ.cbl,cbl_files_lowercase.csv,1
swh:1:cnt:dc2cbf85cf1d0db38d3b8719ba1e3607194c22a0,dc2cbf85cf1d0db38d3b8719ba1e3607194c22a0,/ORCGQAPI01S02.CBL,CBL_files.csv,1
swh:1:cnt:4850ed3cc297dcb00517797c10dfc1abcfad3f5f,4850ed3cc297dcb00517797c10dfc1abcfad3f5f,/EDIT1.CBL,CBL_files.csv,1
swh:1:cnt:2d0117ae26a20f7c7f1903023dbd62612e6eefb9,2d0117ae26a20f7c7f1903023dbd62612e6eefb9,/AVG-GRADE.cbl,cbl_files_lowercase.csv,1
swh:1:cnt:8b66e86e7406e1c79ea2bc30414330ce88259f1e,8b66e86e7406e1c79ea2bc30414330ce88259f1e,/A01014M01.CBL,CBL_files.csv,1
swh:1:cnt:3c8eaee63a687d9d8d397a89cf5bfcda71a621cd,3c8eaee63a687d9d8d397a89cf5bfcda71a621cd,/SQ223A.CBL,CBL_files.csv,2
swh:1:cnt:4f59d0c7dddc078d58a6a1539c2c9b06d1f7eae0,4f59d0c7dddc078d58a6a1539c2c9b06d1f7eae0,/pwpa6100.cbl,cbl_files_lowercase.csv,1
swh:1:cnt:6c94c01ac838cc3717f27bbf629cd25fe89e22eb,6c94c01ac838cc3717f27bbf629cd25fe89e22eb,/WBC_64176_FOO.CBL,CBL_files.csv,1
swh:1:cnt:b04c4e0cce46f06b78f79016d2d2bfda53ceaa4a,b04c4e0cce46f06b78f79016d2d2bfda53ceaa4a,/DC81 - New 52 Futures End.cbl,cbl_files_lowercase.csv,1
swh:1:cnt:779d0b0ff2967e2ce190661f53554ff4298d7265,779d0b0ff2967e2ce190661f53554ff4298d7265,/BBANK30P.CBL,CBL_files.csv,1
swh:1:cnt:c0a5b50a46b454887c544beccfe76ee67ff2e6b5,c0a5b50a46b454887c544beccfe76ee67ff2e6b5,/ORCR0640.CBL,CBL_files.csv,1
swh:1:cnt:51546fc4a23f58e49f1cdb871a21931cc08faf7d,51546fc4a23f58e49f1cdb871a21931cc08faf7d,/cics02.cbl,cbl_files_lowercase.csv,1
swh:1:cnt:ab8eb69c3b92d07a206f42e3c1b54d9a87bfc5b0,ab8eb69c3b92d07a206f42e3c1b54d9a87bfc5b0,/WBC_61387_FOO.CBL,CBL_files.csv,1
swh:1:cnt:6859e319c075e78012c89d3637a0b30bf0e3f86a,6859e319c075e78012c89d3637a0b30bf0e3f86a,/Final.cbl,cbl_files_lowercase.csv,1
swh:1:cnt:3fdc413f7c9826eb650695299a688532aa590d22,3fdc413f7c9826eb650695299a688532aa590d22,/WBC_29348_FOO.CBL,CBL_files.csv,1
swh:1:cnt:bac209b60e50897d0b0568a53e969ca8c9a8cbcc,bac209b60e50897d0b0568a53e969ca8c9a8cbcc,/WBC_26032_FOO.CBL,CBL_files.csv,1
swh:1:cnt:23920cf7575ec45b07abc01e0793db6752b4c43b,23920cf7575ec45b07abc01e0793db6752b4c43b,/DB2CBLEV.cbl,cbl_files_lowercase.csv,1
swh:1:cnt:5950bfb5e53f98090fc4de6a9a1086bb675e74f7,5950bfb5e53f98090fc4de6a9a1086bb675e74f7,/ORCR0410.CBL,CBL_files.csv,1
swh:1:cnt:7801d9c5792cc78819e6df105c2f3c9aa2e6b74a,7801d9c5792cc78819e6df105c2f3c9aa2e6b74a,/ORCSNYURECEDEN.CBL,CBL_files.csv,1
swh:1:cnt:0c5204e36f4f44547085175b0edddb8ae7bf7509,0c5204e36f4f44547085175b0edddb8ae7bf7509,/ORCR0035.CBL,CBL_files.csv,1
swh:1:cnt:9174ee9486ff303d59946400e6230f5e0f47654b,9174ee9486ff303d59946400e6230f5e0f47654b,/CIDCRC1.cbl,cbl_files_lowercase.csv,1
swh:1:cnt:3569e0efb829ddf10d81960d202084512f56bb4c,3569e0efb829ddf10d81960d202084512f56bb4c,/ORCR0460.CBL,CBL_files.csv,1
swh:1:cnt:79175ad0b68ee07721b9632888444c9a5da346eb,79175ad0b68ee07721b9632888444c9a5da346eb,/ORCGU01.CBL,CBL_files.csv,1
swh:1:cnt:f0b41d80ca96bfbb3668247e745701d2cbc62bad,f0b41d80ca96bfbb3668247e745701d2cbc62bad,/WBC_74400_FOO.CBL,CBL_files.csv,1
swh:1:cnt:a50eeb8da9e45b9a035f8a2c44111fabe138614b,a50eeb8da9e45b9a035f8a2c44111fabe138614b,/apply.cbl,cbl_files_lowercase.csv,1
swh:1:cnt:cc3a17e7dd300aeb3c488f03e2634f80be60e7a7,cc3a17e7dd300aeb3c488f03e2634f80be60e7a7,/ORCSC10S200204.CBL,CBL_files.csv,1
swh:1:cnt:68717db88ee777a9409692f16ea096905ea7d3f7,68717db88ee777a9409692f16ea096905ea7d3f7,/ORCGLID2.CBL,CBL_files.csv,1
swh:1:cnt:17d9ce90ca94fed9fd104315293403545e778e45,17d9ce90ca94fed9fd104315293403545e778e45,/assert.cbl,cbl_files_lowercase.csv,1
swh:1:cnt:1cd7b9d3f2dfca96b965bff954518fc912c53c1c,1cd7b9d3f2dfca96b965bff954518fc912c53c1c,/WBC_55198_FOO.CBL,CBL_files.csv,1
swh:1:cnt:84df2dd3e9446c37add6899e582f52dbf8a005f8,84df2dd3e9446c37add6899e582f52dbf8a005f8,/WBC_26503_FOO.CBL,CBL_files.csv,1
swh:1:cnt:6943d7e39e3476d10c246825d707f9318d15ebae,6943d7e39e3476d10c246825d707f9318d15ebae,/colorDetection.cbl,cbl_files_lowercase.csv,1
swh:1:cnt:98864fdb658f31bf2c1eeefbaf1f210044a4cc03,98864fdb658f31bf2c1eeefbaf1f210044a4cc03,/DATABASE.cbl,cbl_files_lowercase.csv,1
swh:1:cnt:d85ea9eb589ac8d160b0135d198268bba706b15d,d85ea9eb589ac8d160b0135d198268bba706b15d,/ORCGD02.CBL,CBL_files.csv,1
swh:1:cnt:698ae6dc9c009b1932b1b4c35062837f35846abd,698ae6dc9c009b1932b1b4c35062837f35846abd,/7-HPJ.CBL,CBL_files.csv,1
swh:1:cnt:04039f85c64f5b4c6ea98f36af287d31c50f628b,04039f85c64f5b4c6ea98f36af287d31c50f628b,/WBC_89242_FOO.CBL,CBL_files.csv,1
swh:1:cnt:705d84401a8e99105b2553826248270d24eeb87a,705d84401a8e99105b2553826248270d24eeb87a,/WBC_781_FOO.CBL,CBL_files.csv,1
swh:1:cnt:28c7ab10af5e21613e5e426202ea9007319564b6,28c7ab10af5e21613e5e426202ea9007319564b6,/WBC_18837_FOO.CBL,CBL_files.csv,1
swh:1:cnt:74e10e3f11da2968ead3a5a0d7147f69f170a144,74e10e3f11da2968ead3a5a0d7147f69f170a144,/programaTeste.cbl,cbl_files_lowercase.csv,1
swh:1:cnt:eebf6cdabae32990ceb9384bde2636b64ddb0288,eebf6cdabae32990ceb9384bde2636b64ddb0288,/WBC_78518_FOO.CBL,CBL_files.csv,1
swh:1:cnt:7affba5aabd51ff1f7e47aecfa020a692e90861b,7affba5aabd51ff1f7e47aecfa020a692e90861b,/ORCSIRYOKNS.CBL,CBL_files.csv,1
swh:1:cnt:e9bb0af5e5f83475175e61aa9b5946941cd2feff,e9bb0af5e5f83475175e61aa9b5946941cd2feff,/ORCMUP0091.CBL,CBL_files.csv,1
swh:1:cnt:fa5f11c2c332507d242aa99072963582c242d7e0,fa5f11c2c332507d242aa99072963582c242d7e0,/MainProgram.cbl,cbl_files_lowercase.csv,1
swh:1:cnt:54374c98738653c4059794ca64de96b274f0c84c,54374c98738653c4059794ca64de96b274f0c84c,/VOCPROC.CBL,CBL_files.csv,1
swh:1:cnt:fd74c237589e9d60062d90ca79071cf026dc8f36,fd74c237589e9d60062d90ca79071cf026dc8f36,/ORCR0720.CBL,CBL_files.csv,1
swh:1:cnt:b214e76fd93a6b8049cfc13269d86a75e210afea,b214e76fd93a6b8049cfc13269d86a75e210afea,/WBC_50005_FOO.CBL,CBL_files.csv,1
swh:1:cnt:1a55f8f9ed869a23459fb917159409d73c060091,1a55f8f9ed869a23459fb917159409d73c060091,/ORCR0690.CBL,CBL_files.csv,1
swh:1:cnt:12043ff8bf0b7146a76e54907c81d76efce8fa86,12043ff8bf0b7146a76e54907c81d76efce8fa86,/WBC_75245_FOO.CBL,CBL_files.csv,1
swh:1:cnt:da87db7e35bb22d2b1604d1f462cc47007848f27,da87db7e35bb22d2b1604d1f462cc47007848f27,/WBC_67415_FOO.CBL,CBL_files.csv,1
swh:1:cnt:c700e3d3d223620fbbda6978c109eb9bf60330c6,c700e3d3d223620fbbda6978c109eb9bf60330c6,/pw03241r.cbl,cbl_files_lowercase.csv,1
swh:1:cnt:9add1bd977971f23e51cb4325d7d328c3a74c20a,9add1bd977971f23e51cb4325d7d328c3a74c20a,/WBC_44233_FOO.CBL,CBL_files.csv,1
swh:1:cnt:d36ff82abed9e87ae30529d9644a71b98a21b164,d36ff82abed9e87ae30529d9644a71b98a21b164,/ORCGW24.CBL,CBL_files.csv,1
swh:1:cnt:bebc7e513623781b1aa9fab01c5835d029187134,bebc7e513623781b1aa9fab01c5835d029187134,/EDI-selordini.cbl,cbl_files_lowercase.csv,1
swh:1:cnt:1e30e0d391366b322af5c8613d93e4f85735f525,1e30e0d391366b322af5c8613d93e4f85735f525,/CL17EJ1A_Completar.cbl,cbl_files_lowercase.csv,1
swh:1:cnt:270e18dbc0dc1bea7ade68a2df0e831d10865194,270e18dbc0dc1bea7ade68a2df0e831d10865194,/Help.Designer.cbl,cbl_files_lowercase.csv,1
swh:1:cnt:53c009690037758f62abf65f97a21862de857230,53c009690037758f62abf65f97a21862de857230,/ORCGI03.CBL,CBL_files.csv,1
swh:1:cnt:987965ebe9f2bf5ffa152cfd087bfb8d9dab53e0,987965ebe9f2bf5ffa152cfd087bfb8d9dab53e0,/SOKATU1215.CBL,CBL_files.csv,1
swh:1:cnt:8008bbf7d4be180caf1ddb9ee958d67563066827,8008bbf7d4be180caf1ddb9ee958d67563066827,/ORCSCKNKCHK.CBL,CBL_files.csv,1
swh:1:cnt:3f7e1b04496c357a487f550387a2225af65529f3,3f7e1b04496c357a487f550387a2225af65529f3,/WBC_93084_FOO.CBL,CBL_files.csv,1
swh:1:cnt:2fdfa9642dd6f1efbfd77af1f1abb08f42a55da0,2fdfa9642dd6f1efbfd77af1f1abb08f42a55da0,/WBC_16764_FOO.CBL,CBL_files.csv,1
swh:1:cnt:b2c2099452a2e128cdff94eb2cb8d3ddad176fb7,b2c2099452a2e128cdff94eb2cb8d3ddad176fb7,/WBC_6686_FOO.CBL,CBL_files.csv,1
swh:1:cnt:f0d537068b16de1b7a25c6e1adcdb22e6d345da4,f0d537068b16de1b7a25c6e1adcdb22e6d345da4,/datbatch.cbl,cbl_files_lowercase.csv,1
swh:1:cnt:6ef43eb1ac55628e8165166e1f9c5f9889cb4f49,6ef43eb1ac55628e8165166e1f9c5f9889cb4f49,/WBC_3626_FOO.CBL,CBL_files.csv,1
swh:1:cnt:084ad3e8251c7140b76736817eb00dce652dceab,084ad3e8251c7140b76736817eb00dce652dceab,/table.cbl,cbl_files_lowercase.csv,1
swh:1:cnt:b86d538bb263b86e7e5d05c61453f5edec078620,b86d538bb263b86e7e5d05c61453f5edec078620,/ph070064.cbl,cbl_files_lowercase.csv,1
swh:1:cnt:5835aa30657018eed21b237c9fba60a5cc4fd57d,5835aa30657018eed21b237c9fba60a5cc4fd57d,/testantlr361.cbl,cbl_files_lowercase.csv,1
swh:1:cnt:b676eb8d9ba736ac2ec9a0752e30f167433a5385,b676eb8d9ba736ac2ec9a0752e30f167433a5385,/FICHA3_EX1_0807.cbl,cbl_files_lowercase.csv,1
swh:1:cnt:b5911d599291692eed8ebc6d4aaeaf75fb742743,b5911d599291692eed8ebc6d4aaeaf75fb742743,/Z95636.CBL(UNIFY01).cbl,cbl_files_lowercase.csv,1
swh:1:cnt:433e5b913e031414ef1bafb0d91f7580430aa0af,433e5b913e031414ef1bafb0d91f7580430aa0af,/CobDB2_Curs.cbl,cbl_files_lowercase.csv,1
swh:1:cnt:1d6cac6bf03d88f43f05eccc868db7077a90a0a9,1d6cac6bf03d88f43f05eccc868db7077a90a0a9,/WBC_86185_FOO.CBL,CBL_files.csv,1
swh:1:cnt:ba61796dc348fa0f9c6e21fab44ee5e3c8da18c5,ba61796dc348fa0f9c6e21fab44ee5e3c8da18c5,/[Marvel] Shattered Heroes (WEB-RIPCBRO).cbl,cbl_files_lowercase.csv,1
swh:1:cnt:588656923a956f458a634e9c3094ca6505d8653d,588656923a956f458a634e9c3094ca6505d8653d,/RE.CBL,CBL_files.csv,1
swh:1:cnt:aee8ad5369d2ba2313277a9a54b716e327627b39,aee8ad5369d2ba2313277a9a54b716e327627b39,/ORCR0483.CBL,CBL_files.csv,1
swh:1:cnt:26c0fb7c78647be0b75379bf47da8354e68fe061,26c0fb7c78647be0b75379bf47da8354e68fe061,/WBC_77236_FOO.CBL,CBL_files.csv,1
swh:1:cnt:6cb81672f6ad29888b0d47787a76f1045bc4923a,6cb81672f6ad29888b0d47787a76f1045bc4923a,/MarcaPaginaMenu.cbl,cbl_files_lowercase.csv,1
swh:1:cnt:72c87093d5e0c1fbbca804c876f79984a4d6617c,72c87093d5e0c1fbbca804c876f79984a4d6617c,/TESTPM3.CBL,CBL_files.csv,1
swh:1:cnt:865b05524ff27d0fef7d2cf8a509850f391b4a5b,865b05524ff27d0fef7d2cf8a509850f391b4a5b,/my-grade.cbl,cbl_files_lowercase.csv,1
swh:1:cnt:41a4b569b8771475da0d293b7dbf3bc69d111693,41a4b569b8771475da0d293b7dbf3bc69d111693,/3.2 黑左炮封车-红挺七兵.CBL,CBL_files.csv,1
swh:1:cnt:94241c026303714052b57884d8857956b0edda04,94241c026303714052b57884d8857956b0edda04,/WBC_61126_FOO.CBL,CBL_files.csv,1
swh:1:cnt:03572e8bb31a6eb76292f9942ded147fb4a00543,03572e8bb31a6eb76292f9942ded147fb4a00543,/CDISP.CBL,CBL_files.csv,1
swh:1:cnt:e8cfc0a4b7e4de5264239a6a6d791f8664be9d3e,e8cfc0a4b7e4de5264239a6a6d791f8664be9d3e,/WBC_72786_FOO.CBL,CBL_files.csv,1
swh:1:cnt:b41f4bb57ba3625277ad57322237a62a63b99a1c,b41f4bb57ba3625277ad57322237a62a63b99a1c,/Supergirl 003 (Post Crisis Matrix).cbl,cbl_files_lowercase.csv,2
swh:1:cnt:d29da08c21c0e0f727e4657327c721f63582371e,d29da08c21c0e0f727e4657327c721f63582371e,/WBC_34606_FOO.CBL,CBL_files.csv,1
swh:1:cnt:cc287b36aab4d77a77cfdbf57c71490e8e00070c,cc287b36aab4d77a77cfdbf57c71490e8e00070c,/ORCR0640.CBL,CBL_files.csv,1
swh:1:cnt:ad49187be6c117fc5da7fba3fff31338f617e5db,ad49187be6c117fc5da7fba3fff31338f617e5db,/WBC_1442_FOO.CBL,CBL_files.csv,1
swh:1:cnt:1894f7db82e63816ff224721fd0f4da3bb9bb0cc,1894f7db82e63816ff224721fd0f4da3bb9bb0cc,/WBC_6356_FOO.CBL,CBL_files.csv,1
swh:1:cnt:06cf98b81fab9e6c2d74eff09c6c5b6f18d3faec,06cf98b81fab9e6c2d74eff09c6c5b6f18d3faec,/WBC_36570_FOO.CBL,CBL_files.csv,1
swh:1:cnt:87504df4089020f2fc38d9104060b171488edb20,87504df4089020f2fc38d9104060b171488edb20,/Data1.cbl,cbl_files_lowercase.csv,1
swh:1:cnt:13b7943727836a44f238335288b2ef245d209338,13b7943727836a44f238335288b2ef245d209338,/replace-letter.cbl,cbl_files_lowercase.csv,1
swh:1:cnt:eda75761afa6a5b42935c7676a2d9c784e16d600,eda75761afa6a5b42935c7676a2d9c784e16d600,/WBC_13638_FOO.CBL,CBL_files.csv,1
swh:1:cnt:1a3e9ee7c24ca01fe9b8f0e6d6eff91cf7ba72ca,1a3e9ee7c24ca01fe9b8f0e6d6eff91cf7ba72ca,/sale-report.cbl,cbl_files_lowercase.csv,1
swh:1:cnt:5b9cc3e296cfaa066d438ff62506d7acf6d0c465,5b9cc3e296cfaa066d438ff62506d7acf6d0c465,/WBC_20860_FOO.CBL,CBL_files.csv,1
swh:1:cnt:fbb476223a13d5657b76ca475f875486673c7798,fbb476223a13d5657b76ca475f875486673c7798,/ricalimp-art.cbl,cbl_files_lowercase.csv,1
swh:1:cnt:5b81deddbe51e78b6c15e017ffae1360d2b2315a,5b81deddbe51e78b6c15e017ffae1360d2b2315a,/WBC_37846_FOO.CBL,CBL_files.csv,1
swh:1:cnt:74b9a2ec1e950167b2ca064a18bd702af5cf217b,74b9a2ec1e950167b2ca064a18bd702af5cf217b,/ORCGK08.CBL,CBL_files.csv,1
swh:1:cnt:f4e0169205f3756aced79ac1285226c4ccb4185b,f4e0169205f3756aced79ac1285226c4ccb4185b,/A00000M500.CBL,CBL_files.csv,1
swh:1:cnt:e532dffdd41a2ed206f81a997d5b2715986078a6,e532dffdd41a2ed206f81a997d5b2715986078a6,/WBC_40341_FOO.CBL,CBL_files.csv,1
swh:1:cnt:580decebe90d13c54806c96b47439d36fc39345f,580decebe90d13c54806c96b47439d36fc39345f,/WBC_5572_FOO.CBL,CBL_files.csv,1
swh:1:cnt:f4477920e88fed37e5e661344fb3077f49a63e77,f4477920e88fed37e5e661344fb3077f49a63e77,/Z95640.CBL(DAYCALC).cbl,cbl_files_lowercase.csv,1
swh:1:cnt:069be72f01355c1d1510ed77e8461360e951057f,069be72f01355c1d1510ed77e8461360e951057f,/WBC_19387_FOO.CBL,CBL_files.csv,1
swh:1:cnt:244e8d935b215f9e9369e15221d13345b55def4d,244e8d935b215f9e9369e15221d13345b55def4d,/pw00212p.cbl,cbl_files_lowercase.csv,1
swh:1:cnt:2f5b10872868fe72e995c129c9f8088d5ee4b1f9,2f5b10872868fe72e995c129c9f8088d5ee4b1f9,/ORCGR01.CBL,CBL_files.csv,1
swh:1:cnt:0bcd255a5837065dddb6149458f0d5bd1db371e7,0bcd255a5837065dddb6149458f0d5bd1db371e7,/fr-date.cbl,cbl_files_lowercase.csv,1
swh:1:cnt:3742e11083f598fbb65264b1d910c3fa31ae641a,3742e11083f598fbb65264b1d910c3fa31ae641a,/CBLDB23.CBL,CBL_files.csv,2
swh:1:cnt:ece42f248b49f7a816576da3ced4dfb3c9d30e9c,ece42f248b49f7a816576da3ced4dfb3c9d30e9c,/ORCSNYUACCT.CBL,CBL_files.csv,1
swh:1:cnt:18c56b03c6c59639bd88d09e6ce0f1dc67482be3,18c56b03c6c59639bd88d09e6ce0f1dc67482be3,/PROGRAMB.CBL,CBL_files.csv,1
swh:1:cnt:976e5eacc438daebb58b2b1ba028e37f0692f897,976e5eacc438daebb58b2b1ba028e37f0692f897,/WBC_61155_FOO.CBL,CBL_files.csv,1
swh:1:cnt:8bc9dfbfb5761667a9af9066d2fe19da0a7cee2f,8bc9dfbfb5761667a9af9066d2fe19da0a7cee2f,/WBC_29380_FOO.CBL,CBL_files.csv,1
swh:1:cnt:b7ecf8ae4650e290362007a7035852ed06dbbed7,b7ecf8ae4650e290362007a7035852ed06dbbed7,/WBC_1851_FOO.CBL,CBL_files.csv,1
swh:1:cnt:1cb15b87ca17da4806628b6b19b8954b0582d53f,1cb15b87ca17da4806628b6b19b8954b0582d53f,/SEIKYU2407.CBL,CBL_files.csv,1
swh:1:cnt:f381719154c028644c955065a686e55f146d997b,f381719154c028644c955065a686e55f146d997b,/ATV00.cbl,cbl_files_lowercase.csv,1
swh:1:cnt:12303cfb85a40b7830538010af82eceb0686697a,12303cfb85a40b7830538010af82eceb0686697a,/npc.cbl,cbl_files_lowercase.csv,1
swh:1:cnt:390fdfb3a692fc4221b68379309440ec277d9e52,390fdfb3a692fc4221b68379309440ec277d9e52,/WBC_3008_FOO.CBL,CBL_files.csv,1
swh:1:cnt:7761930d6930566f999b80b931ecc106bff747ed,7761930d6930566f999b80b931ecc106bff747ed,/WBC_769_FOO.CBL,CBL_files.csv,1
swh:1:cnt:c59e558fc51d51ffb69b90f9f310935c23ea4f78,c59e558fc51d51ffb69b90f9f310935c23ea4f78,/WBC_56721_FOO.CBL,CBL_files.csv,1
swh:1:cnt:22abf864e343dd5d70feb064ded2bad166ea76b4,22abf864e343dd5d70feb064ded2bad166ea76b4,/ph070022.cbl,cbl_files_lowercase.csv,1
swh:1:cnt:1ae6db26cf9160525af4f891aec06d7f0d2e35df,1ae6db26cf9160525af4f891aec06d7f0d2e35df,/Vndrpt04.cbl,cbl_files_lowercase.csv,1
swh:1:cnt:1e8bd5034d0308b1804d41c3cad63c75d143ba13,1e8bd5034d0308b1804d41c3cad63c75d143ba13,/WBC_41550_FOO.CBL,CBL_files.csv,1
swh:1:cnt:a695f66f61c08dc391a58325ddcf881dacb3dfe7,a695f66f61c08dc391a58325ddcf881dacb3dfe7,/cbp105.cbl,cbl_files_lowercase.csv,1
swh:1:cnt:287600b3dc34e2adcf22534c7da5023076c64950,287600b3dc34e2adcf22534c7da5023076c64950,/sorx.cbl,cbl_files_lowercase.csv,1
swh:1:cnt:2f3ec727e2339c972339636a6be2ad5565c7b202,2f3ec727e2339c972339636a6be2ad5565c7b202,/ORCR0030.CBL,CBL_files.csv,1
swh:1:cnt:0fde0041e5c8ea2c02171fe1b6fb13496cc1cee8,0fde0041e5c8ea2c02171fe1b6fb13496cc1cee8,/listen15.cbl,cbl_files_lowercase.csv,1
swh:1:cnt:cebd364ec531622f8f87d0749a4d4adc9292a47a,cebd364ec531622f8f87d0749a4d4adc9292a47a,/WBC_74704_FOO.CBL,CBL_files.csv,1
swh:1:cnt:7bbbaa5635afa89280d9c1f252414b4f40d1f09f,7bbbaa5635afa89280d9c1f252414b4f40d1f09f,/EDI-impord.cbl,cbl_files_lowercase.csv,1
swh:1:cnt:268d517ade94080e3757f257de560f8671b403e8,268d517ade94080e3757f257de560f8671b403e8,/WBC_29597_FOO.CBL,CBL_files.csv,1
swh:1:cnt:346bb59b8ac18d16325e2f985f3bf08147bd8a91,346bb59b8ac18d16325e2f985f3bf08147bd8a91,/WBC_32987_FOO.CBL,CBL_files.csv,1
swh:1:cnt:cf730d5c41b4fe5e6cfa4347658b3c6fb2e3fb01,cf730d5c41b4fe5e6cfa4347658b3c6fb2e3fb01,/ORCSODRS01.CBL,CBL_files.csv,1
swh:1:cnt:f4365698e218bbdc5471d405022908d69dc30307,f4365698e218bbdc5471d405022908d69dc30307,/WBC_54500_FOO.CBL,CBL_files.csv,1
swh:1:cnt:14fb9f09a7ebfbeecd76ef2264f83cb4b2452390,14fb9f09a7ebfbeecd76ef2264f83cb4b2452390,/WBC_98127_FOO.CBL,CBL_files.csv,1
swh:1:cnt:e85d850f393be8e0614fd4a68545e31ef8386276,e85d850f393be8e0614fd4a68545e31ef8386276,/WBC_2721_FOO.CBL,CBL_files.csv,1
swh:1:cnt:e69fc04c12612991680e05dafe7642286d5faa54,e69fc04c12612991680e05dafe7642286d5faa54,/WBC_32091_FOO.CBL,CBL_files.csv,1
swh:1:cnt:e0cd30d076055a495e1c00bad413909da5d23123,e0cd30d076055a495e1c00bad413909da5d23123,/sl930.cbl,cbl_files_lowercase.csv,1
swh:1:cnt:3517ea11380ccb0a1ea0171d0f81dcebd1a96c50,3517ea11380ccb0a1ea0171d0f81dcebd1a96c50,/WBC_84027_FOO.CBL,CBL_files.csv,1
swh:1:cnt:b8f8ac90bdf927c526ea4025b01d5c55dac36843,b8f8ac90bdf927c526ea4025b01d5c55dac36843,/RADTP009.cbl,cbl_files_lowercase.csv,1
swh:1:cnt:ba0a462beb1e047cf40114a46f4e92ec30210fa3,ba0a462beb1e047cf40114a46f4e92ec30210fa3,/ORCR0420.CBL,CBL_files.csv,1
swh:1:cnt:fab0e0af13369834d2bb6c7a833af195e40ba7b7,fab0e0af13369834d2bb6c7a833af195e40ba7b7,/SEIKYU47BYOMEI1.CBL,CBL_files.csv,1
swh:1:cnt:44a44605a888c3e7b41a95fe4bfaf021e4043f6f,44a44605a888c3e7b41a95fe4bfaf021e4043f6f,/WBC_81513_FOO.CBL,CBL_files.csv,1
swh:1:cnt:5bb5d596a06f9872d42e7b04f9e7f5218bd2e5fb,5bb5d596a06f9872d42e7b04f9e7f5218bd2e5fb,/indexer.cbl,cbl_files_lowercase.csv,1
swh:1:cnt:b8508e6362ab2fa19e40050c1380ce91ebf8e658,b8508e6362ab2fa19e40050c1380ce91ebf8e658,/ORCR0425.CBL,CBL_files.csv,1
swh:1:cnt:555057470314ac0113c9b7cf5a5dfe3e0f8659b7,555057470314ac0113c9b7cf5a5dfe3e0f8659b7,/WBC_50946_FOO.CBL,CBL_files.csv,1
swh:1:cnt:f1f8a5ea9f774891f4af55a5f441e7968ca5def3,f1f8a5ea9f774891f4af55a5f441e7968ca5def3,/Form1.cbl,cbl_files_lowercase.csv,1
swh:1:cnt:48a4ab9a813a81fa4870cb01c8b004277ff4f1be,48a4ab9a813a81fa4870cb01c8b004277ff4f1be,/FDVND02.CBL,CBL_files.csv,1
swh:1:cnt:61b2e78fa41c61c18e6b53b6629d508b0f21af2e,61b2e78fa41c61c18e6b53b6629d508b0f21af2e,/WBC_28022_FOO.CBL,CBL_files.csv,1
swh:1:cnt:662848efe6b91850b9d31d3b935f186a7ce0ba3f,662848efe6b91850b9d31d3b935f186a7ce0ba3f,/ORCBM501.CBL,CBL_files.csv,1
swh:1:cnt:16fd46cd67e07a674708ea1f13a08b09fd8010de,16fd46cd67e07a674708ea1f13a08b09fd8010de,/WBC_6306_FOO.CBL,CBL_files.csv,1
swh:1:cnt:8f1dc50614d3b48605f73b5b5612fa8d2429b880,8f1dc50614d3b48605f73b5b5612fa8d2429b880,/ORCHC02QV02.CBL,CBL_files.csv,1
swh:1:cnt:f25386791a5bd8cec547a75b488d2a2e54cc77a2,f25386791a5bd8cec547a75b488d2a2e54cc77a2,/MODULO-ALT-CAD.cbl,cbl_files_lowercase.csv,1
swh:1:cnt:90de52ce84b0acb3349b1926e9d8533963c151e1,90de52ce84b0acb3349b1926e9d8533963c151e1,/WBC_6330_FOO.CBL,CBL_files.csv,1
swh:1:cnt:becbf27276b05e1d154b83e1966ea667ae5df0e3,becbf27276b05e1d154b83e1966ea667ae5df0e3,/WBC_24201_FOO.CBL,CBL_files.csv,1
swh:1:cnt:0a7a13afb7b63c22dc27871ba5d91081fde5f2b5,0a7a13afb7b63c22dc27871ba5d91081fde5f2b5,/WBC_92615_FOO.CBL,CBL_files.csv,1
swh:1:cnt:d774410efa44f9a4c6b83d5cd665d6a35403f5ef,d774410efa44f9a4c6b83d5cd665d6a35403f5ef,/WBC_25092_FOO.CBL,CBL_files.csv,1
swh:1:cnt:ae3010309009a7c68b4a60e8fd55b54d03d31141,ae3010309009a7c68b4a60e8fd55b54d03d31141,/WBC_912_FOO.CBL,CBL_files.csv,1
swh:1:cnt:0d5a100f713b5970fd426e0e1644a4b60205d264,0d5a100f713b5970fd426e0e1644a4b60205d264,/ORCR0640.CBL,CBL_files.csv,1
swh:1:cnt:ef3d922c716019d7351f98ad189d2c4f2e7ab957,ef3d922c716019d7351f98ad189d2c4f2e7ab957,/WBC_23399_FOO.CBL,CBL_files.csv,1
swh:1:cnt:1a646a31bc8605b03f30e4c530f6546da84075ff,1a646a31bc8605b03f30e4c530f6546da84075ff,/WBC_63423_FOO.CBL,CBL_files.csv,1
swh:1:cnt:06760f584229a78e3183d4b1d1eeffeebe654c5a,06760f584229a78e3183d4b1d1eeffeebe654c5a,/ORCHCN03V02.CBL,CBL_files.csv,1
swh:1:cnt:8ae6c9479ce7fecf5e41429d2ad533d745f1da90,8ae6c9479ce7fecf5e41429d2ad533d745f1da90,/ORCR0840.CBL,CBL_files.csv,1
swh:1:cnt:9d37ba7ab58eb93ee5fb95b1fb6947fe3d4cd3f7,9d37ba7ab58eb93ee5fb95b1fb6947fe3d4cd3f7,/ORCDTCHK010.CBL,CBL_files.csv,1
swh:1:cnt:3eb47fc5a3f42867e09667d6761b5a9ffbc22ecc,3eb47fc5a3f42867e09667d6761b5a9ffbc22ecc,/WBC_99028_FOO.CBL,CBL_files.csv,1
swh:1:cnt:b16a721c9a27d1ea6c3c26b1861b1d9af4fe67c3,b16a721c9a27d1ea6c3c26b1861b1d9af4fe67c3,/WBC_29366_FOO.CBL,CBL_files.csv,1
swh:1:cnt:695e30b528b3c4663c5ddbdd005b00f83e823f30,695e30b528b3c4663c5ddbdd005b00f83e823f30,/WBC_23250_FOO.CBL,CBL_files.csv,1
swh:1:cnt:d45f6bfd1f561e500ce6407d66b6f35e87102495,d45f6bfd1f561e500ce6407d66b6f35e87102495,/ORCSC60200404.CBL,CBL_files.csv,1
swh:1:cnt:0e98e3e1921d7eaaac6cc0171980851144a2c6ff,0e98e3e1921d7eaaac6cc0171980851144a2c6ff,/glistini.cbl,cbl_files_lowercase.csv,1
swh:1:cnt:3d0d52ffb85e1a409dc35ed96409f7a3e616500f,3d0d52ffb85e1a409dc35ed96409f7a3e616500f,/ORCGSID1.CBL,CBL_files.csv,1
swh:1:cnt:91143a2773e8bee9e349847169d373d8a8c06e1f,91143a2773e8bee9e349847169d373d8a8c06e1f,/ORCGE03.CBL,CBL_files.csv,1
swh:1:cnt:fe5f583b4c38995b99574214f77445c9835e95dc,fe5f583b4c38995b99574214f77445c9835e95dc,/WBC_28415_FOO.CBL,CBL_files.csv,1
swh:1:cnt:603ad1b1b70b801b060fc0a1062b1bb34d7ac645,603ad1b1b70b801b060fc0a1062b1bb34d7ac645,/WBC_45415_FOO.CBL,CBL_files.csv,1
swh:1:cnt:c091679452784b1f6b42aa4d219a936d9185fa89,c091679452784b1f6b42aa4d219a936d9185fa89,/WBC_43080_FOO.CBL,CBL_files.csv,1
swh:1:cnt:82555d0900a7a361909a49a48200a2f43d6b503d,82555d0900a7a361909a49a48200a2f43d6b503d,/WBC_38931_FOO.CBL,CBL_files.csv,1
swh:1:cnt:690e55d4120573c1baf7502920fbb58c99e46bda,690e55d4120573c1baf7502920fbb58c99e46bda,/ORCGW16.CBL,CBL_files.csv,1
swh:1:cnt:d83239b89f5b9072030e7dc855c4734ec5e562ce,d83239b89f5b9072030e7dc855c4734ec5e562ce,/helloworld.cbl,cbl_files_lowercase.csv,1
swh:1:cnt:65193d4403f607478d8b689fa6a9823b3fdf7d0b,65193d4403f607478d8b689fa6a9823b3fdf7d0b,/WBC_64223_FOO.CBL,CBL_files.csv,1
swh:1:cnt:6b27206320fd1b0e871d3682b3a1894f48987c0e,6b27206320fd1b0e871d3682b3a1894f48987c0e,/ORCMUP0092.CBL,CBL_files.csv,1
swh:1:cnt:eaf2125fe3d506b03a9237c1b38507272bb352aa,eaf2125fe3d506b03a9237c1b38507272bb352aa,/WBC_73414_FOO.CBL,CBL_files.csv,1
swh:1:cnt:103f935295d0b4747ab842555c4b375436e7d37a,103f935295d0b4747ab842555c4b375436e7d37a,/WBC_14159_FOO.CBL,CBL_files.csv,1
swh:1:cnt:01e862c2f4f0fde2f41f415001b96d388c985186,01e862c2f4f0fde2f41f415001b96d388c985186,/EX01.CBL,CBL_files.csv,1
swh:1:cnt:324bd7ab3016a329dbcd040ee5319b0dfe7d6020,324bd7ab3016a329dbcd040ee5319b0dfe7d6020,/WBC_6427_FOO.CBL,CBL_files.csv,1
swh:1:cnt:bfec214106e42e73f037dd354f0aca650e33feb7,bfec214106e42e73f037dd354f0aca650e33feb7,/ORCSPRVDBDEL.CBL,CBL_files.csv,1
swh:1:cnt:1bf35cfbf450d3ac9faf83095dfbb601c9fe7119,1bf35cfbf450d3ac9faf83095dfbb601c9fe7119,/WBC_30685_FOO.CBL,CBL_files.csv,1
swh:1:cnt:0394fb118e5008f5594024749f860c7e95258afe,0394fb118e5008f5594024749f860c7e95258afe,/WBC_53470_FOO.CBL,CBL_files.csv,1
swh:1:cnt:d223a9bb4a2f9882ec3afa58e3baf518da29f0ba,d223a9bb4a2f9882ec3afa58e3baf518da29f0ba,/ORCGW35.CBL,CBL_files.csv,1
swh:1:cnt:7505d7767a7c2eae6debad40c86bd3fcf574bbe8,7505d7767a7c2eae6debad40c86bd3fcf574bbe8,/WBC_98822_FOO.CBL,CBL_files.csv,1
swh:1:cnt:57d4149458f36c6def3715048cc3bffb2718195f,57d4149458f36c6def3715048cc3bffb2718195f,/WBC_98771_FOO.CBL,CBL_files.csv,1
swh:1:cnt:7bc371c175633562e33de0b698d8bd83736e5f10,7bc371c175633562e33de0b698d8bd83736e5f10,/NUMBERST.CBL,CBL_files.csv,1
swh:1:cnt:d021202f8fff44b45e6ba281c0a6dfce6df1c5e9,d021202f8fff44b45e6ba281c0a6dfce6df1c5e9,/PROG05.cbl,cbl_files_lowercase.csv,1
swh:1:cnt:eb5ae030a082136b432d0e4ad74986250ca5c960,eb5ae030a082136b432d0e4ad74986250ca5c960,/Program3.cbl,cbl_files_lowercase.csv,1
swh:1:cnt:d339da46582628df445bef8990e6f7fe08a01f6b,d339da46582628df445bef8990e6f7fe08a01f6b,/WBC_84479_FOO.CBL,CBL_files.csv,1
swh:1:cnt:7cb5d26003cea2b8240cff08d3cd71839fd1e6f4,7cb5d26003cea2b8240cff08d3cd71839fd1e6f4,/ORCGH01.CBL,CBL_files.csv,1
swh:1:cnt:1918b10268a60e93dd67309420680f7e209544f6,1918b10268a60e93dd67309420680f7e209544f6,/WBC_6671_FOO.CBL,CBL_files.csv,1
swh:1:cnt:d9c17735c0a8808d0b1c4ecd4c134315494b0d96,d9c17735c0a8808d0b1c4ecd4c134315494b0d96,/WBC_80506_FOO.CBL,CBL_files.csv,1
swh:1:cnt:14693508e94f822a933f183aa3ae21d09abaa606,14693508e94f822a933f183aa3ae21d09abaa606,/U2.CBL,CBL_files.csv,2
swh:1:cnt:52c30a3fd7e2820a7a297dad51366ca589658e9c,52c30a3fd7e2820a7a297dad51366ca589658e9c,/ORCGI47.CBL,CBL_files.csv,1
swh:1:cnt:e22f63a7a0d485d471bc6f9758585c3a89bc0009,e22f63a7a0d485d471bc6f9758585c3a89bc0009,/WBC_1892_FOO.CBL,CBL_files.csv,1
swh:1:cnt:ab53ea9f69ce296ab9b4eb9255dec960082a10cb,ab53ea9f69ce296ab9b4eb9255dec960082a10cb,/load_program.cbl,cbl_files_lowercase.csv,1
swh:1:cnt:33b08071a94ec094876fa6a0c68d23ebab766ac4,33b08071a94ec094876fa6a0c68d23ebab766ac4,/WBC_62841_FOO.CBL,CBL_files.csv,1
swh:1:cnt:f20b06ff26040001e7ca0a93a21293f001d546ec,f20b06ff26040001e7ca0a93a21293f001d546ec,/D048PHJ.cbl,cbl_files_lowercase.csv,1
swh:1:cnt:d3d041e2890d609bd27863c7f85d837138a7ce2d,d3d041e2890d609bd27863c7f85d837138a7ce2d,/CGPRG02M.cbl,cbl_files_lowercase.csv,1
swh:1:cnt:613b05979b3e0a4caa93521d855838e0156024cf,613b05979b3e0a4caa93521d855838e0156024cf,/TP01.cbl,cbl_files_lowercase.csv,1
swh:1:cnt:5a8d7f34948c3f32c05e9e05060524bd23511a5c,5a8d7f34948c3f32c05e9e05060524bd23511a5c,/ORCGP97.CBL,CBL_files.csv,1
swh:1:cnt:116a0759d8fff02e8f64733d668506517cae5476,116a0759d8fff02e8f64733d668506517cae5476,/WBC_65364_FOO.CBL,CBL_files.csv,1
swh:1:cnt:bec1e69715019da64c73329e52e0a849180217ac,bec1e69715019da64c73329e52e0a849180217ac,/WBC_12789_FOO.CBL,CBL_files.csv,1
swh:1:cnt:9ad7040c7c210ad33e7d6afdd048f88f579011e3,9ad7040c7c210ad33e7d6afdd048f88f579011e3,/slinvoiceRES.cbl,cbl_files_lowercase.csv,1
swh:1:cnt:23d384b77c6ce1ec196282cb957b648c00387a10,23d384b77c6ce1ec196282cb957b648c00387a10,/trabalho.cbl,cbl_files_lowercase.csv,1
swh:1:cnt:9ee3152d0fd96a01d8e22b397b3ee35120d55dc3,9ee3152d0fd96a01d8e22b397b3ee35120d55dc3,/WBC_57593_FOO.CBL,CBL_files.csv,1
swh:1:cnt:a0ca4ee65addaf1d780a0c37a367a5aafdd862a9,a0ca4ee65addaf1d780a0c37a367a5aafdd862a9,/WBC_67521_FOO.CBL,CBL_files.csv,1
swh:1:cnt:ce5fc876ae97e4e0fbdcf53742d7f8c108085a62,ce5fc876ae97e4e0fbdcf53742d7f8c108085a62,/archNovedades.cbl,cbl_files_lowercase.csv,1
swh:1:cnt:8e95c09dba776bb4cebbe3d8cf03a171d087def3,8e95c09dba776bb4cebbe3d8cf03a171d087def3,/ORCGP02A.CBL,CBL_files.csv,1
swh:1:cnt:c26d4268fa5e0a7ed70e1c148848d98067035fa6,c26d4268fa5e0a7ed70e1c148848d98067035fa6,/WBC_57636_FOO.CBL,CBL_files.csv,1
swh:1:cnt:348b7ca5962249d1df1ec43f2d2038f0bcd5821c,348b7ca5962249d1df1ec43f2d2038f0bcd5821c,/log4mas.cbl,cbl_files_lowercase.csv,1
swh:1:cnt:9715533fdc187844b3b0525fd4adf646b45f3b19,9715533fdc187844b3b0525fd4adf646b45f3b19,/V12C20J.CBL,CBL_files.csv,1
swh:1:cnt:e366d91999f0311642af5f9650cfa3e5225e25bf,e366d91999f0311642af5f9650cfa3e5225e25bf,/ORCR0030.CBL,CBL_files.csv,1
swh:1:cnt:1f9d30cc6c8109bcd87eae645924530cea704cdf,1f9d30cc6c8109bcd87eae645924530cea704cdf,/WBC_27745_FOO.CBL,CBL_files.csv,1
swh:1:cnt:a9fa17c77b356be829f3b83a55b2877d33484f32,a9fa17c77b356be829f3b83a55b2877d33484f32,/ORCL0012P.CBL,CBL_files.csv,1
swh:1:cnt:cdaf0e14d9f55ea892830fac5d6042418d143ae0,cdaf0e14d9f55ea892830fac5d6042418d143ae0,/[Marvel] 2004-2012 Part 15.3 Flight of the Phoenix (MG).cbl,cbl_files_lowercase.csv,1
swh:1:cnt:ebce588b467edb6b5f34c16a164794b376648b13,ebce588b467edb6b5f34c16a164794b376648b13,/WBC_68795_FOO.CBL,CBL_files.csv,1
swh:1:cnt:2cb0a7facd7fdb64d881f96384b76e4e8b521c89,2cb0a7facd7fdb64d881f96384b76e4e8b521c89,/WBC_60576_FOO.CBL,CBL_files.csv,1
swh:1:cnt:df85e1997b2838af5a9534c83209c9ef1f06757f,df85e1997b2838af5a9534c83209c9ef1f06757f,/WBC_84948_FOO.CBL,CBL_files.csv,1
swh:1:cnt:a791a695c602fea0f3059c938609988b277af372,a791a695c602fea0f3059c938609988b277af372,/WBC_6107_FOO.CBL,CBL_files.csv,1
swh:1:cnt:c4ac474a649665bf6d5398f8b55d3113308ac8cd,c4ac474a649665bf6d5398f8b55d3113308ac8cd,/WBC_84641_FOO.CBL,CBL_files.csv,1
swh:1:cnt:1b39117859383c525d0e3a6a31e9df6066fb1df8,1b39117859383c525d0e3a6a31e9df6066fb1df8,/WBC_16117_FOO.CBL,CBL_files.csv,1
swh:1:cnt:29c7e2f9edc6675cb7802686e423ae6fb47d6ce8,29c7e2f9edc6675cb7802686e423ae6fb47d6ce8,/Justice League 002 (Post Crisis).cbl,cbl_files_lowercase.csv,1
swh:1:cnt:11e01754a7915b9de0edb8dbb5ebe7658e121113,11e01754a7915b9de0edb8dbb5ebe7658e121113,/1-DIM-TABLE(2).CBL,CBL_files.csv,1
swh:1:cnt:dae981e561172a9812c659eb260738e02e01a2c4,dae981e561172a9812c659eb260738e02e01a2c4,/ORCGS02.CBL,CBL_files.csv,1
swh:1:cnt:b5108248f87eb29616fff510634289311f9c9a03,b5108248f87eb29616fff510634289311f9c9a03,/WBC_91693_FOO.CBL,CBL_files.csv,1
swh:1:cnt:e887f7fbe20a74a136ed08008a38d52512f81623,e887f7fbe20a74a136ed08008a38d52512f81623,/declare-in-override.ppc32.cbl,cbl_files_lowercase.csv,1
swh:1:cnt:668063c1e580b2166ff47d448a1cf3ed8d71462a,668063c1e580b2166ff47d448a1cf3ed8d71462a,/WBC_88787_FOO.CBL,CBL_files.csv,1
swh:1:cnt:05453a1850297675555a397b1684948c54b65cab,05453a1850297675555a397b1684948c54b65cab,/CBL0012.cbl,cbl_files_lowercase.csv,1
swh:1:cnt:1f75570a09a4efd1ed03afa834e3297ecd858325,1f75570a09a4efd1ed03afa834e3297ecd858325,/ORCL0031.CBL,CBL_files.csv,1
swh:1:cnt:27cb5e8d6d0e431f4f7f04f2d621966903bfa1f1,27cb5e8d6d0e431f4f7f04f2d621966903bfa1f1,/WBC_3240_FOO.CBL,CBL_files.csv,1
swh:1:cnt:2c7fbb61f2aa89cc01ad162a2bc0b27efc8cfb4d,2c7fbb61f2aa89cc01ad162a2bc0b27efc8cfb4d,/WBC_19476_FOO.CBL,CBL_files.csv,1
swh:1:cnt:107a9b6ee1249a5113f2120e777248e975f5302d,107a9b6ee1249a5113f2120e777248e975f5302d,/sl070.cbl,cbl_files_lowercase.csv,1
swh:1:cnt:a8eb1441ff855b41a37d21123c39d7f1a478764e,a8eb1441ff855b41a37d21123c39d7f1a478764e,/programaTeste.cbl,cbl_files_lowercase.csv,1
swh:1:cnt:a2b36ad7feaeeeedc69444400a1e5acab91e0842,a2b36ad7feaeeeedc69444400a1e5acab91e0842,/WBC_3294_FOO.CBL,CBL_files.csv,1
swh:1:cnt:fb7780eddfd6dacc33684c5d6b7b0470949c06e9,fb7780eddfd6dacc33684c5d6b7b0470949c06e9,/ORCGK08.CBL,CBL_files.csv,1
swh:1:cnt:74a1e33e859bd770fe6451c060c2ba2e3e25c809,74a1e33e859bd770fe6451c060c2ba2e3e25c809,/ORCGWID1.CBL,CBL_files.csv,1
swh:1:cnt:320138ff6e5642570ddcdd18a6b6a612afb01d72,320138ff6e5642570ddcdd18a6b6a612afb01d72,/CONBRE3.cbl,cbl_files_lowercase.csv,1
swh:1:cnt:105085aa93c911bfa0c8c8f970be1b99b786bd92,105085aa93c911bfa0c8c8f970be1b99b786bd92,/ORCR0720.CBL,CBL_files.csv,1
swh:1:cnt:014274ddc4e5306ad0a9491cf1c323678f5954e9,014274ddc4e5306ad0a9491cf1c323678f5954e9,/WBC_38687_FOO.CBL,CBL_files.csv,1
swh:1:cnt:25458d80f1e78f1f4d5f258590b2c708a5dc18a7,25458d80f1e78f1f4d5f258590b2c708a5dc18a7,/ORCGT01.CBL,CBL_files.csv,1
swh:1:cnt:22bf92652e3a4aa4461c53b002bcd5b07d8a3730,22bf92652e3a4aa4461c53b002bcd5b07d8a3730,/WBC_27785_FOO.CBL,CBL_files.csv,1
swh:1:cnt:33d9b53fa197fc98a0223f963ac2e7b580ba3fed,33d9b53fa197fc98a0223f963ac2e7b580ba3fed,/ORCGI04.CBL,CBL_files.csv,1
swh:1:cnt:b4eba254759b7537421e5987be77f01d3fb0db73,b4eba254759b7537421e5987be77f01d3fb0db73,/ORCR0030.CBL,CBL_files.csv,1
swh:1:cnt:0e41092f2d022507747f1078895785bb72dd9dd8,0e41092f2d022507747f1078895785bb72dd9dd8,/Listing5-1.cbl,cbl_files_lowercase.csv,1
swh:1:cnt:1933db4e428c81963280f481fb5aa9b240326645,1933db4e428c81963280f481fb5aa9b240326645,/cobvs3.cbl,cbl_files_lowercase.csv,1
swh:1:cnt:5c523f82e95bf4dcd5e93cc8c561992965580d32,5c523f82e95bf4dcd5e93cc8c561992965580d32,/WBC_1531_FOO.CBL,CBL_files.csv,1
swh:1:cnt:86c9360bbf8c2480db9de2f87395d7821755fc46,86c9360bbf8c2480db9de2f87395d7821755fc46,/ORCXRMST2.CBL,CBL_files.csv,1
swh:1:cnt:85aacd0a7b74f5e1bf5f70c6cc113fbc5fc2c9c7,85aacd0a7b74f5e1bf5f70c6cc113fbc5fc2c9c7,/WBC_65757_FOO.CBL,CBL_files.csv,1
swh:1:cnt:0765059e443b710ce96017f8e4195ba32ca657bf,0765059e443b710ce96017f8e4195ba32ca657bf,/CWXTCOB.cbl,cbl_files_lowercase.csv,1
swh:1:cnt:cec3f00dd8ed774f29e3cab2908407ec3db63939,cec3f00dd8ed774f29e3cab2908407ec3db63939,/IF1324.2.cbl,cbl_files_lowercase.csv,1
swh:1:cnt:e6fec5d8188b13a8513a36d543cac083b6b9492c,e6fec5d8188b13a8513a36d543cac083b6b9492c,/star-10perform-until-3.cbl,cbl_files_lowercase.csv,1
swh:1:cnt:2f4f25d962edfd829f8065b2fbad193640276ce1,2f4f25d962edfd829f8065b2fbad193640276ce1,/ORCVTPTHKNINF.CBL,CBL_files.csv,1
swh:1:cnt:d2a51c48a5296b2e8f5ef726c7c0fe97bf881353,d2a51c48a5296b2e8f5ef726c7c0fe97bf881353,/db2pgm.cbl,cbl_files_lowercase.csv,1
swh:1:cnt:e3da475cec3680e4b4105568fce207a4377fd710,e3da475cec3680e4b4105568fce207a4377fd710,/WBC_12649_FOO.CBL,CBL_files.csv,1
swh:1:cnt:9a101945abda25f7230c610015b2f3afdbbff34b,9a101945abda25f7230c610015b2f3afdbbff34b,/WBC_74779_FOO.CBL,CBL_files.csv,1
swh:1:cnt:b1571db8d5cb6280f6547cdac9bdd3bffc644439,b1571db8d5cb6280f6547cdac9bdd3bffc644439,/WBC_36429_FOO.CBL,CBL_files.csv,1
swh:1:cnt:73fb0e0a35e1fecb4b6d75741cec4d5e211948a3,73fb0e0a35e1fecb4b6d75741cec4d5e211948a3,/TABLE.cbl,cbl_files_lowercase.csv,1
swh:1:cnt:df9532c3692d6f2af3b60b91f3978ef2938251be,df9532c3692d6f2af3b60b91f3978ef2938251be,/WBC_99819_FOO.CBL,CBL_files.csv,1
swh:1:cnt:c8127078868152aee8123a08cbad0331ed9cb575,c8127078868152aee8123a08cbad0331ed9cb575,/server.cbl,cbl_files_lowercase.csv,1
swh:1:cnt:2ecb7c845c145d447611a755b841a314436bc309,2ecb7c845c145d447611a755b841a314436bc309,/RDB457.CBL,CBL_files.csv,1
swh:1:cnt:d7bbb69a0953e1deb2b29f6dbd586d160f815bbf,d7bbb69a0953e1deb2b29f6dbd586d160f815bbf,/WBC_19067_FOO.CBL,CBL_files.csv,1
swh:1:cnt:2b0d9e1c6b8e63d014153839ed42aad48cd0f3eb,2b0d9e1c6b8e63d014153839ed42aad48cd0f3eb,/ORCSC10S200604.CBL,CBL_files.csv,1
swh:1:cnt:18124ae6f68df79efce805176571470a5062cbd4,18124ae6f68df79efce805176571470a5062cbd4,/variants.cbl,cbl_files_lowercase.csv,1
swh:1:cnt:e46833d6011bf69a466ae188f280d9f7f62b76d0,e46833d6011bf69a466ae188f280d9f7f62b76d0,/prog.cbl,cbl_files_lowercase.csv,1
swh:1:cnt:356f96dca2d4b573f6624c1022216db7bad157e3,356f96dca2d4b573f6624c1022216db7bad157e3,/ORCR0840.CBL,CBL_files.csv,1
swh:1:cnt:d418ccc03e31c906770ba3b94f3fd506cfc093b4,d418ccc03e31c906770ba3b94f3fd506cfc093b4,/WBC_76052_FOO.CBL,CBL_files.csv,1
swh:1:cnt:0b338138b349f47b0f7b54e55d89683967b4440e,0b338138b349f47b0f7b54e55d89683967b4440e,/intrinsics.cbl,cbl_files_lowercase.csv,1
swh:1:cnt:529c264b2b72a7f49675dd2aae48deef3c152390,529c264b2b72a7f49675dd2aae48deef3c152390,/5E1.cbl,cbl_files_lowercase.csv,1
swh:1:cnt:58eeae7dd1d060c35db357ceb47119e8bddea2e0,58eeae7dd1d060c35db357ceb47119e8bddea2e0,/WBC_15790_FOO.CBL,CBL_files.csv,1
swh:1:cnt:5781f13c1ce339ae1ec609b4a58d5f784e8e9a6e,5781f13c1ce339ae1ec609b4a58d5f784e8e9a6e,/WBC_76066_FOO.CBL,CBL_files.csv,1
swh:1:cnt:547ff928a04b4676f83269cd97235baaecb9f8cd,547ff928a04b4676f83269cd97235baaecb9f8cd,/PW04267R.cbl,cbl_files_lowercase.csv,1
swh:1:cnt:5c9ff941820e25ed6d257838bfe50f9ce1fd6600,5c9ff941820e25ed6d257838bfe50f9ce1fd6600,/WBC_67305_FOO.CBL,CBL_files.csv,1
swh:1:cnt:26eebe6a4f16434477978bbd1fa47ec65da32699,26eebe6a4f16434477978bbd1fa47ec65da32699,/EM07.CBL,CBL_files.csv,1
swh:1:cnt:adebc9613301ce729e7bc792ca50853ca3ed557e,adebc9613301ce729e7bc792ca50853ca3ed557e,/WBC_44924_FOO.CBL,CBL_files.csv,1
swh:1:cnt:141d9c78afdce3270ba35dd2b0d88d6e2eeebc68,141d9c78afdce3270ba35dd2b0d88d6e2eeebc68,/ORCGM01.CBL,CBL_files.csv,1
swh:1:cnt:70c8f2ecfa68fa1d4ff7a0fd8c6604bc9e8c2624,70c8f2ecfa68fa1d4ff7a0fd8c6604bc9e8c2624,/WBC_54677_FOO.CBL,CBL_files.csv,1
swh:1:cnt:b8d9002295239c2dfd8a5282b5982b1af91ef226,b8d9002295239c2dfd8a5282b5982b1af91ef226,/WBC_7218_FOO.CBL,CBL_files.csv,1
swh:1:cnt:00e475ea44e53bd6e780cd0cb52b5904fc000b51,00e475ea44e53bd6e780cd0cb52b5904fc000b51,/BANK2.cbl,cbl_files_lowercase.csv,1
swh:1:cnt:331a9516c88c4aa0c53173d6e7ab1023897a219b,331a9516c88c4aa0c53173d6e7ab1023897a219b,/WBC_15939_FOO.CBL,CBL_files.csv,1
swh:1:cnt:d66944150c9ad91fe0459ef304cc536b651b9a42,d66944150c9ad91fe0459ef304cc536b651b9a42,/COACTUPC.cbl,cbl_files_lowercase.csv,1
swh:1:cnt:0d331fa5396d1de071df26f917ccdb36ea40e7f5,0d331fa5396d1de071df26f917ccdb36ea40e7f5,/ORCR0030.CBL,CBL_files.csv,1
swh:1:cnt:be2cd1efcc5685ff6875fd9f964e4d4b0660d212,be2cd1efcc5685ff6875fd9f964e4d4b0660d212,/WBC_50295_FOO.CBL,CBL_files.csv,1
swh:1:cnt:1bd96c098029c369f7cfab2f2be076664ecac69d,1bd96c098029c369f7cfab2f2be076664ecac69d,/WBC_8675_FOO.CBL,CBL_files.csv,1
swh:1:cnt:aa3d01ca2fbfb54cd093d44d60893d33f560bf5f,aa3d01ca2fbfb54cd093d44d60893d33f560bf5f,/WBC_10885_FOO.CBL,CBL_files.csv,1
swh:1:cnt:b1437f17af045ed940e788c266d5a2247254708c,b1437f17af045ed940e788c266d5a2247254708c,/KEI_LPWK_EDA_KIHON.CBL,CBL_files.csv,1
swh:1:cnt:cafe217e29f589b1277d51d082a47384cc5cd0da,cafe217e29f589b1277d51d082a47384cc5cd0da,/[Marvel] Avengers Disassembled (WEB-RIPCBRO).cbl,cbl_files_lowercase.csv,1
swh:1:cnt:7ed5156e4ac0fe065ec0e494f8baabda86c77f3b,7ed5156e4ac0fe065ec0e494f8baabda86c77f3b,/ORCHC30.CBL,CBL_files.csv,1
swh:1:cnt:b42d0c45cc1f2640ff18acf4c93f80856b731978,b42d0c45cc1f2640ff18acf4c93f80856b731978,/WBC_6257_FOO.CBL,CBL_files.csv,1
swh:1:cnt:69cb114feb1d30d8104f7be60b72a1c089c8717d,69cb114feb1d30d8104f7be60b72a1c089c8717d,/ORCR0487.CBL,CBL_files.csv,1
swh:1:cnt:eafe7d17552e82e1bb448e4e4b8e3f49126bf41b,eafe7d17552e82e1bb448e4e4b8e3f49126bf41b,/STBCRD068.CBL,CBL_files.csv,1
swh:1:cnt:c7dcefc1d9e6e97fe3b2b6f1d3e20a0d1bce4b95,c7dcefc1d9e6e97fe3b2b6f1d3e20a0d1bce4b95,/ORCGDSUB02.CBL,CBL_files.csv,1
swh:1:cnt:489485c66a359d615f3d7050e21566115f7bee07,489485c66a359d615f3d7050e21566115f7bee07,/WBC_87597_FOO.CBL,CBL_files.csv,1
swh:1:cnt:05fe4e71428f1b715325c8d4adec3f7f4ad2adf1,05fe4e71428f1b715325c8d4adec3f7f4ad2adf1,/WBC_14803_FOO.CBL,CBL_files.csv,1
swh:1:cnt:4306f510745c7a66e8be6c48a633bca92f317657,4306f510745c7a66e8be6c48a633bca92f317657,/WBC_35676_FOO.CBL,CBL_files.csv,1
swh:1:cnt:91c8c5591c6c16d10ec09f1c983fc53b156daaa8,91c8c5591c6c16d10ec09f1c983fc53b156daaa8,/WBC_22301_FOO.CBL,CBL_files.csv,1
swh:1:cnt:fab0e168519e4faadac22376d8f395d4cf1e99f7,fab0e168519e4faadac22376d8f395d4cf1e99f7,/WBC_20146_FOO.CBL,CBL_files.csv,1
swh:1:cnt:81fea1fdfb04e6520b6edfde6f34337371f61712,81fea1fdfb04e6520b6edfde6f34337371f61712,/A00000D123.CBL,CBL_files.csv,1
swh:1:cnt:b41c34f3df9bcd43dc52ed865c6bac0b106be8b9,b41c34f3df9bcd43dc52ed865c6bac0b106be8b9,/ORCR0600.CBL,CBL_files.csv,1
swh:1:cnt:e05ab9dd3c8bfdd857fd625708f2bd153278a4aa,e05ab9dd3c8bfdd857fd625708f2bd153278a4aa,/WBC_39545_FOO.CBL,CBL_files.csv,1
swh:1:cnt:fb0ae960d7c912fdd9563ca92167043bf114c123,fb0ae960d7c912fdd9563ca92167043bf114c123,/IC114A.CBL,CBL_files.csv,1
swh:1:cnt:c7dd5c8ba9da801a407d320f616fd988f69c6b6c,c7dd5c8ba9da801a407d320f616fd988f69c6b6c,/WBC_42880_FOO.CBL,CBL_files.csv,1
swh:1:cnt:fa5fdc1366be9d691bcb54cae149992f58855b7f,fa5fdc1366be9d691bcb54cae149992f58855b7f,/WBC_63680_FOO.CBL,CBL_files.csv,1
swh:1:cnt:7a10ea4f0b100257ce2216edfa083b4d1281e01e,7a10ea4f0b100257ce2216edfa083b4d1281e01e,/WBC_38385_FOO.CBL,CBL_files.csv,1
swh:1:cnt:76bb1533570aa9a64cb06dc14603e54a6ae9d212,76bb1533570aa9a64cb06dc14603e54a6ae9d212,/WBC_57882_FOO.CBL,CBL_files.csv,1
swh:1:cnt:4ca7c2ad3cafb29d2eadbbc759ae4e0c2844ea5c,4ca7c2ad3cafb29d2eadbbc759ae4e0c2844ea5c,/WBC_10938_FOO.CBL,CBL_files.csv,1
swh:1:cnt:261accbd54a43ce2bb16c64f2da632ca5ff10cab,261accbd54a43ce2bb16c64f2da632ca5ff10cab,/WBC_59625_FOO.CBL,CBL_files.csv,1
swh:1:cnt:bc178697230e4cce8f5c6855c3e4815918ecfa44,bc178697230e4cce8f5c6855c3e4815918ecfa44,/WBC_94385_FOO.CBL,CBL_files.csv,1
swh:1:cnt:0d20466d70514f8af5307279ebb818756c612cb0,0d20466d70514f8af5307279ebb818756c612cb0,/ConditionNames.cbl,cbl_files_lowercase.csv,1
swh:1:cnt:8e7a44ca9ac4fb55a2115f356cf863f06996001e,8e7a44ca9ac4fb55a2115f356cf863f06996001e,/WBC_77841_FOO.CBL,CBL_files.csv,1
swh:1:cnt:c025b087d655ff212e73f50562be585063a927c6,c025b087d655ff212e73f50562be585063a927c6,/WBC_11663_FOO.CBL,CBL_files.csv,1
swh:1:cnt:24dab03fe7ddee54897887a203b7fa27c025c476,24dab03fe7ddee54897887a203b7fa27c025c476,/ORAPI044R3V3.CBL,CBL_files.csv,1
swh:1:cnt:35993f6b502c25c87bb3780e2098eddbc210de32,35993f6b502c25c87bb3780e2098eddbc210de32,/sqle819b.cbl,cbl_files_lowercase.csv,1
swh:1:cnt:967eb01ea7b610adf411002b72b0c11447ec5c8a,967eb01ea7b610adf411002b72b0c11447ec5c8a,/SAM2.cbl,cbl_files_lowercase.csv,1
swh:1:cnt:de0cf7ad4d21c9b907e2fc636a62ccb06beb6a61,de0cf7ad4d21c9b907e2fc636a62ccb06beb6a61,/WBC_69976_FOO.CBL,CBL_files.csv,1
swh:1:cnt:14c0d9ff6f7d1380dd019299c3a6739eb3f5585f,14c0d9ff6f7d1380dd019299c3a6739eb3f5585f,/WBC_96424_FOO.CBL,CBL_files.csv,1
swh:1:cnt:c30635af672cdf36c1ee1a7a228304aced112c89,c30635af672cdf36c1ee1a7a228304aced112c89,/ALTERNAS.CBL,CBL_files.csv,1
swh:1:cnt:b947bc88be23d744d9a4f1f90ac5f2f4f85fd25a,b947bc88be23d744d9a4f1f90ac5f2f4f85fd25a,/SOKATU1010.CBL,CBL_files.csv,1
swh:1:cnt:9c03197cec181296e549ecae13435e260714e5e9,9c03197cec181296e549ecae13435e260714e5e9,/oualidprecision.cbl,cbl_files_lowercase.csv,1
swh:1:cnt:44ec45b3ee2c6e03aa28f6b4b60833d427146ba1,44ec45b3ee2c6e03aa28f6b4b60833d427146ba1,/irsdfltLD.cbl,cbl_files_lowercase.csv,1
swh:1:cnt:374abff3902edec53ab080fe06a2325d1a057b7c,374abff3902edec53ab080fe06a2325d1a057b7c,/trader.cbl,cbl_files_lowercase.csv,1
swh:1:cnt:92d634a61402ceaaffc9c5ab5098314d26fa7291,92d634a61402ceaaffc9c5ab5098314d26fa7291,/ACCTPTNR.cbl,cbl_files_lowercase.csv,1
swh:1:cnt:2da598687b01270e3279cb77057e9a252c8d54ce,2da598687b01270e3279cb77057e9a252c8d54ce,/WBC_31438_FOO.CBL,CBL_files.csv,1
swh:1:cnt:74cba23781294ac8ea153bfaf15f939b8d927a67,74cba23781294ac8ea153bfaf15f939b8d927a67,/WBC_55277_FOO.CBL,CBL_files.csv,1
swh:1:cnt:da1a1e3af412c22632bb0d767e2713bcb4724750,da1a1e3af412c22632bb0d767e2713bcb4724750,/WBC_64205_FOO.CBL,CBL_files.csv,1
swh:1:cnt:134f315e36d5f9d663732ff0d545cc8a3c94efa4,134f315e36d5f9d663732ff0d545cc8a3c94efa4,/ORCGW96.CBL,CBL_files.csv,1
swh:1:cnt:a141eaa14bbd3cd08ae177cc01f82b7fa25d230d,a141eaa14bbd3cd08ae177cc01f82b7fa25d230d,/WBC_80274_FOO.CBL,CBL_files.csv,1
swh:1:cnt:a4948ee34ab63cfe198b1cd7d442e6bfee2598b7,a4948ee34ab63cfe198b1cd7d442e6bfee2598b7,/KOK_HOUMON.CBL,CBL_files.csv,1
swh:1:cnt:d937b217a9e49832bd424b5e1cbd11b9bc016a59,d937b217a9e49832bd424b5e1cbd11b9bc016a59,/WBC_15627_FOO.CBL,CBL_files.csv,1
swh:1:cnt:d32f36283b949f4a3583784c0af026b590989d1f,d32f36283b949f4a3583784c0af026b590989d1f,/G3-VFX-MAIN.cbl,cbl_files_lowercase.csv,1
swh:1:cnt:461f8772572e6c96fd4ee610e536b22be69ac74b,461f8772572e6c96fd4ee610e536b22be69ac74b,/ORCGN11ID1.CBL,CBL_files.csv,1
swh:1:cnt:aea1d35b9fdbf1c701e9fb00b09fd8b46391de2f,aea1d35b9fdbf1c701e9fb00b09fd8b46391de2f,/member_report.cbl,cbl_files_lowercase.csv,1
swh:1:cnt:d30945188d4bf9b7e1d97ba2cd189b80609c0c2b,d30945188d4bf9b7e1d97ba2cd189b80609c0c2b,/WBC_47750_FOO.CBL,CBL_files.csv,1
swh:1:cnt:bbb9c116347c11a3b750a4de9567013f907f14bd,bbb9c116347c11a3b750a4de9567013f907f14bd,/irs020.cbl,cbl_files_lowercase.csv,1
swh:1:cnt:b8dda69ffa59fe8312a1d6320b642b6f192362a7,b8dda69ffa59fe8312a1d6320b642b6f192362a7,/SEIKYU0609.CBL,CBL_files.csv,1
swh:1:cnt:da7fecbdf4d30c9cf2d8cee2974815c0fcb0b2f8,da7fecbdf4d30c9cf2d8cee2974815c0fcb0b2f8,/CBLEXIT.cbl,cbl_files_lowercase.csv,1
swh:1:cnt:aa9dc8cf57f343324dd4c9cce927fd7bad858357,aa9dc8cf57f343324dd4c9cce927fd7bad858357,/WBC_14609_FOO.CBL,CBL_files.csv,1
swh:1:cnt:390316e3826c5d520b72f1335086bd02a653680e,390316e3826c5d520b72f1335086bd02a653680e,/WBC_3935_FOO.CBL,CBL_files.csv,1
swh:1:cnt:cf628d37db2a34ee2c943a7ca315620727b3aca9,cf628d37db2a34ee2c943a7ca315620727b3aca9,/sl970.cbl,cbl_files_lowercase.csv,1
swh:1:cnt:67aa16ead0946b4636b1b86c571fabe5e0f388fd,67aa16ead0946b4636b1b86c571fabe5e0f388fd,/WBC_75167_FOO.CBL,CBL_files.csv,1
swh:1:cnt:aaf69fc3690982bf42a8cb44536764f17bdc4f4d,aaf69fc3690982bf42a8cb44536764f17bdc4f4d,/String.cbl,cbl_files_lowercase.csv,1
swh:1:cnt:5b95f4a50c1c69cf3e615e29eed5a748d520e79b,5b95f4a50c1c69cf3e615e29eed5a748d520e79b,/SALE_REPORT.cbl,cbl_files_lowercase.csv,1
